dtlAddr,faxNum,orgCd,orgName,orgTypeNm,telNum,zipAddr,zipCode,source_dataset,source_endpoint
317-25,******,0000002,성가정노인종합복지관,수행기관,******,서울특별시 강동구고덕동 ,134878,PUB-003_자립형일자리_수행기관,https://apis.data.go.kr/B552474/JobBsnInfoService/getJobOperInsttList
122,******,0000003,강북노인종합복지관,수행기관,******,서울특별시 강북구수유동 ,142870,PUB-003_자립형일자리_수행기관,https://apis.data.go.kr/B552474/JobBsnInfoService/getJobOperInsttList
661-4 1층 복지2과,******,0000004,강서노인종합복지관,수행기관,******,서울특별시 강서구등촌3동,157930,PUB-003_자립형일자리_수행기관,https://apis.data.go.kr/B552474/JobBsnInfoService/getJobOperInsttList
1층 사무실,******,0000005,광진노인종합복지관,수행기관,******,서울 광진구 군자동364-15,143840,PUB-003_자립형일자리_수행기관,https://apis.data.go.kr/B552474/JobBsnInfoService/getJobOperInsttList
,******,0000006,구로노인종합복지관,수행기관,******,서울특별시 구로구 구로동 25-1 시립구로노인종합복지관,08289,PUB-003_자립형일자리_수행기관,https://apis.data.go.kr/B552474/JobBsnInfoService/getJobOperInsttList
시립노원노인종합복지관,******,0000007,노원노인종합복지관,수행기관,******,서울특별시 노원구 하계동 256 중계주공9단지아파트,01748,PUB-003_자립형일자리_수행기관,https://apis.data.go.kr/B552474/JobBsnInfoService/getJobOperInsttList
,******,0000008,도봉노인종합복지관,수행기관,******,서울특별시 도봉구 쌍문동 19-12 시립도봉노인종합복지관,01394,PUB-003_자립형일자리_수행기관,https://apis.data.go.kr/B552474/JobBsnInfoService/getJobOperInsttList
,******,0000009,서울시립동대문노인종합복지관,수행기관,******,"서울특별시 동대문구 청량리동 11-1 동대문노인종합복지관, 청소년수련관",02462,PUB-003_자립형일자리_수행기관,https://apis.data.go.kr/B552474/JobBsnInfoService/getJobOperInsttList
,******,0000010,시립동작노인종합복지관,수행기관,******,서울특별시 동작구 대방동 335-10 동작노인복지관,06953,PUB-003_자립형일자리_수행기관,https://apis.data.go.kr/B552474/JobBsnInfoService/getJobOperInsttList
,******,0000011,시립마포노인종합복지관,수행기관,******,서울 마포구창전동,121881,PUB-003_자립형일자리_수행기관,https://apis.data.go.kr/B552474/JobBsnInfoService/getJobOperInsttList
,******,0000013,서초구립양재노인종합복지관,수행기관,******,서울특별시 서초구 양재동 7-44 서초노인주간보호센터,06741,PUB-003_자립형일자리_수행기관,https://apis.data.go.kr/B552474/JobBsnInfoService/getJobOperInsttList
,******,0000014,성동노인종합복지관,수행기관,******,서울특별시 성동구 마장동 798-1 성동노인종합복지관,04759,PUB-003_자립형일자리_수행기관,https://apis.data.go.kr/B552474/JobBsnInfoService/getJobOperInsttList
,******,0000016,송파노인종합복지관,수행기관,******,서울특별시 송파구 삼전동 172-2 송파노인종합복지관,05598,PUB-003_자립형일자리_수행기관,https://apis.data.go.kr/B552474/JobBsnInfoService/getJobOperInsttList
,******,0000017,양천어르신종합복지관,수행기관,******,서울특별시 양천구 신정동  325-3 양천노인종합복지관,08098,PUB-003_자립형일자리_수행기관,https://apis.data.go.kr/B552474/JobBsnInfoService/getJobOperInsttList
,******,0000018,영등포노인종합복지관,수행기관,******,서울특별시 영등포구 문래동3가 76-2 영등포노인종합복지관/영등포노인케어센터,07296,PUB-003_자립형일자리_수행기관,https://apis.data.go.kr/B552474/JobBsnInfoService/getJobOperInsttList
,******,0000019,시립용산노인종합복지관,수행기관,******,서울특별시 용산구 한남동 108 시립용산노인종합복지관,04410,PUB-003_자립형일자리_수행기관,https://apis.data.go.kr/B552474/JobBsnInfoService/getJobOperInsttList
,******,0000020,시립은평노인종합복지관,수행기관,******,서울특별시 은평구 진관동 156-6 은평노인종합복지관,03310,PUB-003_자립형일자리_수행기관,https://apis.data.go.kr/B552474/JobBsnInfoService/getJobOperInsttList
,******,0000021,서울노인복지센터,수행기관,******,서울특별시 종로구 경운동 90-3,03147,PUB-003_자립형일자리_수행기관,https://apis.data.go.kr/B552474/JobBsnInfoService/getJobOperInsttList
,******,0000022,강동노인종합복지관,수행기관,******,서울특별시 강동구 명일동  48-10 강동노인종합복지관,05269,PUB-003_자립형일자리_수행기관,https://apis.data.go.kr/B552474/JobBsnInfoService/getJobOperInsttList
,******,0000023,연꽃마을 아현노인복지센터,수행기관,******,서울특별시 마포구 아현동 733-14,04201,PUB-003_자립형일자리_수행기관,https://apis.data.go.kr/B552474/JobBsnInfoService/getJobOperInsttList
,******,0000024,중랑노인종합복지관,수행기관,******,서울특별시 중랑구 면목동 178-8 중랑구노인종합복지회관,02134,PUB-003_자립형일자리_수행기관,https://apis.data.go.kr/B552474/JobBsnInfoService/getJobOperInsttList
1층 사회활동지원팀 사무실,******,0000025,연수구노인복지관,수행기관,******,인천광역시 연수구 연수동 580 노인복지회관,21935,PUB-003_자립형일자리_수행기관,https://apis.data.go.kr/B552474/JobBsnInfoService/getJobOperInsttList
,******,0000027,미추홀노인복지관,수행기관,******,인천광역시 미추홀구 주안동 866-67 미추홀구노인복지관,22218,PUB-003_자립형일자리_수행기관,https://apis.data.go.kr/B552474/JobBsnInfoService/getJobOperInsttList
,******,0000028,동구노인복지관,수행기관,******,인천광역시 동구 송림동 124-48 노인복지회관,22540,PUB-003_자립형일자리_수행기관,https://apis.data.go.kr/B552474/JobBsnInfoService/getJobOperInsttList
,******,0000030,부평구노인복지관,수행기관,******,인천광역시 부평구 삼산동 441-2 노인복지회관,21339,PUB-003_자립형일자리_수행기관,https://apis.data.go.kr/B552474/JobBsnInfoService/getJobOperInsttList
,******,0000031,인천서구노인복지관,수행기관,******,인천 서구 석남1동,404824,PUB-003_자립형일자리_수행기관,https://apis.data.go.kr/B552474/JobBsnInfoService/getJobOperInsttList
,******,0000032,계양구노인복지관,수행기관,******,인천광역시 계양구 작전동 926-6 계양구노인복지관,21124,PUB-003_자립형일자리_수행기관,https://apis.data.go.kr/B552474/JobBsnInfoService/getJobOperInsttList
,******,0000034,인천중구노인복지관,수행기관,******,인천광역시 중구 신흥동2가 23 중구노인복지회관,22320,PUB-003_자립형일자리_수행기관,https://apis.data.go.kr/B552474/JobBsnInfoService/getJobOperInsttList
,******,0000035,정관노인복지관,수행기관,******,부산광역시 기장군 정관읍 용수리 1314-2,46014,PUB-003_자립형일자리_수행기관,https://apis.data.go.kr/B552474/JobBsnInfoService/getJobOperInsttList
,******,0000036,부산동구노인종합복지관,수행기관,******,부산광역시 동구 수정동 1011-886 동구노인복지회관,48786,PUB-003_자립형일자리_수행기관,https://apis.data.go.kr/B552474/JobBsnInfoService/getJobOperInsttList
,******,0000037,동래종합사회복지관,수행기관,******,부산광역시 동래구 명장동 508-72 동래종합사회복지관,47757,PUB-003_자립형일자리_수행기관,https://apis.data.go.kr/B552474/JobBsnInfoService/getJobOperInsttList
,******,0000038,실버벨노인복지관,수행기관,******,부산 북구 구포3동 1255-2,616809,PUB-003_자립형일자리_수행기관,https://apis.data.go.kr/B552474/JobBsnInfoService/getJobOperInsttList
 부산광역시노인종합복지관 2층 사무실,******,0000039,부산광역시노인종합복지관,수행기관,******,부산 연제구 연산4동 578-3,611084,PUB-003_자립형일자리_수행기관,https://apis.data.go.kr/B552474/JobBsnInfoService/getJobOperInsttList
,******,0000040,영도구노인복지관,수행기관,******,부산광역시 영도구 대교동2가 159-10 노인복지관,49052,PUB-003_자립형일자리_수행기관,https://apis.data.go.kr/B552474/JobBsnInfoService/getJobOperInsttList
재반로 12번길 16,******,0000042,어진샘노인종합복지관,수행기관,******,부산 해운대구 재송1동 100번지,612828,PUB-003_자립형일자리_수행기관,https://apis.data.go.kr/B552474/JobBsnInfoService/getJobOperInsttList
,******,0000044,동구노인종합복지관,수행기관,******,대구광역시 동구 불로동 948,41039,PUB-003_자립형일자리_수행기관,https://apis.data.go.kr/B552474/JobBsnInfoService/getJobOperInsttList
,******,0000046,대구달서구노인종합복지관,수행기관,******,대구광역시 달서구 본동  804-2 달서구노인종합복지관,42745,PUB-003_자립형일자리_수행기관,https://apis.data.go.kr/B552474/JobBsnInfoService/getJobOperInsttList
,******,0000047,남구노인복지관,수행기관,******,광주광역시 남구 월산동 614-4 노인복지회관,61651,PUB-003_자립형일자리_수행기관,https://apis.data.go.kr/B552474/JobBsnInfoService/getJobOperInsttList
,******,0000048,광주동구노인종합복지관,수행기관,******,광주 동구 동명동 154-44,501813,PUB-003_자립형일자리_수행기관,https://apis.data.go.kr/B552474/JobBsnInfoService/getJobOperInsttList
456-9,******,0000049,북구노인종합복지관,수행기관,******,광주 북구두암동,500806,PUB-003_자립형일자리_수행기관,https://apis.data.go.kr/B552474/JobBsnInfoService/getJobOperInsttList
,******,0000050,광주공원노인복지관,수행기관,******,광주광역시 남구 구동  16-48 광주공원노인복지회관,61636,PUB-003_자립형일자리_수행기관,https://apis.data.go.kr/B552474/JobBsnInfoService/getJobOperInsttList
광산구더불어樂노인복지관,******,0000052,더불어락노인복지관,수행기관,******,광주광역시 광산구 운남동  799-1 더불어락 노인복지관,62327,PUB-003_자립형일자리_수행기관,https://apis.data.go.kr/B552474/JobBsnInfoService/getJobOperInsttList
,******,0000053,대덕구노인종합복지관,수행기관,******,대전광역시 대덕구 읍내동  517-14 대덕구노인종합복지회관,34353,PUB-003_자립형일자리_수행기관,https://apis.data.go.kr/B552474/JobBsnInfoService/getJobOperInsttList
,******,0000054,동구정다운어르신복지관,수행기관,******,대전광역시 동구 가양동 13-1,34505,PUB-003_자립형일자리_수행기관,https://apis.data.go.kr/B552474/JobBsnInfoService/getJobOperInsttList
,******,0000055,대전서구노인복지관,수행기관,******,대전 서구 탄방동 1084번지 ,302861,PUB-003_자립형일자리_수행기관,https://apis.data.go.kr/B552474/JobBsnInfoService/getJobOperInsttList
유성구노인복지관,******,0000056,유성구노인복지관,수행기관,******,대전광역시 유성구 신성동 372 유성구노인복지회관,34106,PUB-003_자립형일자리_수행기관,https://apis.data.go.kr/B552474/JobBsnInfoService/getJobOperInsttList
,******,0000057,도산노인복지관,수행기관,******,울산 남구 야음2동 577-6번지,680837,PUB-003_자립형일자리_수행기관,https://apis.data.go.kr/B552474/JobBsnInfoService/getJobOperInsttList
,******,0000058,울산북구노인복지관,수행기관,******,울산광역시 북구 호계동 262-2 북구사회복지관,44227,PUB-003_자립형일자리_수행기관,https://apis.data.go.kr/B552474/JobBsnInfoService/getJobOperInsttList
,******,0000059,울산광역시노인복지관,수행기관,******,울산광역시 남구 삼산동 1538-6 울산광역시노인복지관,44698,PUB-003_자립형일자리_수행기관,https://apis.data.go.kr/B552474/JobBsnInfoService/getJobOperInsttList
,******,0000060,덕양노인종합복지관,수행기관,******,경기도 고양시 덕양구 화정동 846 덕양노인종합복지회관,10470,PUB-003_자립형일자리_수행기관,https://apis.data.go.kr/B552474/JobBsnInfoService/getJobOperInsttList
일산노인종합복지관,******,0000061,일산노인종합복지관,수행기관,******,경기 고양시 일산동구 호수로 731,410904,PUB-003_자립형일자리_수행기관,https://apis.data.go.kr/B552474/JobBsnInfoService/getJobOperInsttList
,******,0000063,광명종합사회복지관,수행기관,******,경기도 광명시 광명동  158-970 광명종합사회복지관,14203,PUB-003_자립형일자리_수행기관,https://apis.data.go.kr/B552474/JobBsnInfoService/getJobOperInsttList
1층 ,******,0000064,대한노인회 광명시지회,수행기관,******,경기도 광명시 소하동 1344-1 광명노인건강센터,14322,PUB-003_자립형일자리_수행기관,https://apis.data.go.kr/B552474/JobBsnInfoService/getJobOperInsttList
,******,0000065,구리시종합사회복지관,수행기관,******,경기도 구리시 토평동 984 구리시종합사회복지관,11946,PUB-003_자립형일자리_수행기관,https://apis.data.go.kr/B552474/JobBsnInfoService/getJobOperInsttList
,******,0000066,군포시노인복지관,수행기관,******,경기도 군포시 당동 887 군포시노인복지회관,15876,PUB-003_자립형일자리_수행기관,https://apis.data.go.kr/B552474/JobBsnInfoService/getJobOperInsttList
남양주시동부노인복지관,******,0000068,남양주시동부노인복지관,수행기관,******,경기도 남양주시 수동면 운수리 361 남양주시동부노인복지관,12031,PUB-003_자립형일자리_수행기관,https://apis.data.go.kr/B552474/JobBsnInfoService/getJobOperInsttList
,******,0000069,부천시원미노인복지관,수행기관,******,경기 부천시 원미구 원미동 71,14566,PUB-003_자립형일자리_수행기관,https://apis.data.go.kr/B552474/JobBsnInfoService/getJobOperInsttList
,******,0000070,부천시소사노인복지관,수행기관,******,경기도 부천시 소사구 소사본동 64 소사구청,14692,PUB-003_자립형일자리_수행기관,https://apis.data.go.kr/B552474/JobBsnInfoService/getJobOperInsttList
,******,0000071,부천시오정노인복지관,수행기관,******,경기 부천시 오정구 오정동 129,14434,PUB-003_자립형일자리_수행기관,https://apis.data.go.kr/B552474/JobBsnInfoService/getJobOperInsttList
,******,0000072,수정노인종합복지관,수행기관,******,경기도 성남시 수정구 산성동 2178 수정노인종합복지관,13130,PUB-003_자립형일자리_수행기관,https://apis.data.go.kr/B552474/JobBsnInfoService/getJobOperInsttList
,******,0000073,SK청솔노인복지관,수행기관,******,경기 수원시 장안구 정자2동,440832,PUB-003_자립형일자리_수행기관,https://apis.data.go.kr/B552474/JobBsnInfoService/getJobOperInsttList
,******,0000074,서호노인복지관,수행기관,******,경기도 수원시 권선구 구운동 501 서호노인복지관,16409,PUB-003_자립형일자리_수행기관,https://apis.data.go.kr/B552474/JobBsnInfoService/getJobOperInsttList
상록구노인복지관 동산센터,******,0000075,상록구노인복지관,수행기관,******,경기 안산시 상록구 사동 1584-1,15585,PUB-003_자립형일자리_수행기관,https://apis.data.go.kr/B552474/JobBsnInfoService/getJobOperInsttList
,******,0000076,안양시노인종합복지관,수행기관,******,경기도 안양시 동안구 호계동 314-3 안양시노인종합복지관,14081,PUB-003_자립형일자리_수행기관,https://apis.data.go.kr/B552474/JobBsnInfoService/getJobOperInsttList
의정부2동 580-3,******,0000080,의정부노인종합복지관,수행기관,******,경기 의정부시의정부2동,480850,PUB-003_자립형일자리_수행기관,https://apis.data.go.kr/B552474/JobBsnInfoService/getJobOperInsttList
송산노인종합복지관,******,0000081,송산노인종합복지관,수행기관,******,경기 의정부시민락동,480862,PUB-003_자립형일자리_수행기관,https://apis.data.go.kr/B552474/JobBsnInfoService/getJobOperInsttList
,******,0000082,이천시노인종합복지관,수행기관,******,경기도 이천시 중리동 187,17375,PUB-003_자립형일자리_수행기관,https://apis.data.go.kr/B552474/JobBsnInfoService/getJobOperInsttList
여주시노인복지관,******,0000083,여주시노인복지관(실버인력뱅크),수행기관,******,경기 여주군 상동 352,469101,PUB-003_자립형일자리_수행기관,https://apis.data.go.kr/B552474/JobBsnInfoService/getJobOperInsttList
북부복지타운 3층 노인인복지관,******,0000085,평택북부노인복지관,수행기관,******,경기도 평택시 서정동  산12 송탄 보건소,17730,PUB-003_자립형일자리_수행기관,https://apis.data.go.kr/B552474/JobBsnInfoService/getJobOperInsttList
,******,0000088,대한노인회 가평군지회,수행기관,******,경기도 가평군 가평읍 대곡리 13-4,12421,PUB-003_자립형일자리_수행기관,https://apis.data.go.kr/B552474/JobBsnInfoService/getJobOperInsttList
,******,0000089,대한노인회 경기 김포시지회,수행기관,******,경기도 김포시 북변동 719,10101,PUB-003_자립형일자리_수행기관,https://apis.data.go.kr/B552474/JobBsnInfoService/getJobOperInsttList
,******,0000093,동해시노인종합복지관,수행기관,******,강원도 동해시 천곡동 84-14 동해시노인종합복지회관,25781,PUB-003_자립형일자리_수행기관,https://apis.data.go.kr/B552474/JobBsnInfoService/getJobOperInsttList
,******,0000095,춘천동부노인복지관,수행기관,******,강원특별자치도 춘천시 동면 만천리 893-3 춘천시동부노인복지관,24216,PUB-003_자립형일자리_수행기관,https://apis.data.go.kr/B552474/JobBsnInfoService/getJobOperInsttList
,******,0000100,명락노인종합복지관,수행기관,******,,27185,PUB-003_자립형일자리_수행기관,https://apis.data.go.kr/B552474/JobBsnInfoService/getJobOperInsttList
,******,0000101,제천시노인종합복지관,수행기관,******,충청북도 제천시 중앙로2가 70-1 노인 종합복지관,27168,PUB-003_자립형일자리_수행기관,https://apis.data.go.kr/B552474/JobBsnInfoService/getJobOperInsttList
삼보사회복지관,******,0000103,증평삼보사회복지관,수행기관,******,충청북도 증평군 증평읍 신동리 545 증평주공3단지아파트,27944,PUB-003_자립형일자리_수행기관,https://apis.data.go.kr/B552474/JobBsnInfoService/getJobOperInsttList
,******,0000104,진천군노인복지관,수행기관,******,충청북도 진천군 진천읍 읍내리 625 노인복지회관,27831,PUB-003_자립형일자리_수행기관,https://apis.data.go.kr/B552474/JobBsnInfoService/getJobOperInsttList
,******,0000105,청주시노인종합복지관,수행기관,******,충북 청주시 상당구 수동 138-8번지,360112,PUB-003_자립형일자리_수행기관,https://apis.data.go.kr/B552474/JobBsnInfoService/getJobOperInsttList
296-2번지,******,0000106,청주가경노인복지관,수행기관,******,충북 청주시 흥덕구 가경동,361260,PUB-003_자립형일자리_수행기관,https://apis.data.go.kr/B552474/JobBsnInfoService/getJobOperInsttList
,******,0000107,충청북도노인종합복지관,수행기관,******,충청북도 청주시 서원구 사직동 554-58 노인종합복지회관,28547,PUB-003_자립형일자리_수행기관,https://apis.data.go.kr/B552474/JobBsnInfoService/getJobOperInsttList
,******,0000109,아산시노인종합복지관,수행기관,******,충청남도 아산시 온천동 266-35,31566,PUB-003_자립형일자리_수행기관,https://apis.data.go.kr/B552474/JobBsnInfoService/getJobOperInsttList
본관 1층 노인사회활동지원과,******,0000110,천안시노인종합복지관,수행기관,******,천안시 서북구 미라11길 16번지,31155,PUB-003_자립형일자리_수행기관,https://apis.data.go.kr/B552474/JobBsnInfoService/getJobOperInsttList
,******,0000112,아우내은빛복지관,수행기관,******,충청남도 천안시 동남구 병천면 병천리 120-3 아우내은빛복지관,31254,PUB-003_자립형일자리_수행기관,https://apis.data.go.kr/B552474/JobBsnInfoService/getJobOperInsttList
,******,0000113,홍성군노인종합복지관,수행기관,******,충청남도 홍성군 홍성읍 옥암리 956 노인종합복지회관,32248,PUB-003_자립형일자리_수행기관,https://apis.data.go.kr/B552474/JobBsnInfoService/getJobOperInsttList
,******,0000114,정읍시노인복지관,수행기관,******,전라북도 정읍시 금붕동 949-10 정읍시노인복지관,56196,PUB-003_자립형일자리_수행기관,https://apis.data.go.kr/B552474/JobBsnInfoService/getJobOperInsttList
,******,0000115,군산노인종합복지관,수행기관,******,전라북도 군산시 중앙로2가 140-8 군산노인종합복지관,54028,PUB-003_자립형일자리_수행기관,https://apis.data.go.kr/B552474/JobBsnInfoService/getJobOperInsttList
,******,0000117,안골노인복지관,수행기관,******,전북 전주시 덕진구 인후동1가 764-5,561831,PUB-003_자립형일자리_수행기관,https://apis.data.go.kr/B552474/JobBsnInfoService/getJobOperInsttList
1546-1,******,0000118,금암노인복지관,수행기관,******,전북 전주시 덕진구 금암동,561180,PUB-003_자립형일자리_수행기관,https://apis.data.go.kr/B552474/JobBsnInfoService/getJobOperInsttList
,******,0000119,서원노인복지관,수행기관,******,전라북도 전주시 완산구 중화산동2가 555-1 서원노인복지회관,55049,PUB-003_자립형일자리_수행기관,https://apis.data.go.kr/B552474/JobBsnInfoService/getJobOperInsttList
,******,0000121,부송종합사회복지관,수행기관,******,전라북도 익산시 부송동 1069 익산부송 1 주공아파트,54563,PUB-003_자립형일자리_수행기관,https://apis.data.go.kr/B552474/JobBsnInfoService/getJobOperInsttList
,******,0000122,익산시노인종합복지관,수행기관,******,전북 익산시모현동2가,570970,PUB-003_자립형일자리_수행기관,https://apis.data.go.kr/B552474/JobBsnInfoService/getJobOperInsttList
,******,0000124,목포시노인복지관,수행기관,******,전라남도 목포시 호남동 9-3,58722,PUB-003_자립형일자리_수행기관,https://apis.data.go.kr/B552474/JobBsnInfoService/getJobOperInsttList
,******,0000125,하당노인복지관,수행기관,******,전라남도 목포시 상동 942,58697,PUB-003_자립형일자리_수행기관,https://apis.data.go.kr/B552474/JobBsnInfoService/getJobOperInsttList
,******,0000127,여수시노인복지관,수행기관,******,전라남도 여수시 학동 65 여수시 노인복지회관,59672,PUB-003_자립형일자리_수행기관,https://apis.data.go.kr/B552474/JobBsnInfoService/getJobOperInsttList
,******,0000128,동여수노인복지관,수행기관,******,전라남도 여수시 국동 688-1,59757,PUB-003_자립형일자리_수행기관,https://apis.data.go.kr/B552474/JobBsnInfoService/getJobOperInsttList
,******,0000129,해남노인종합복지관,수행기관,******,전라남도 해남군 해남읍 구교리 344 해남노인종합복지관,59029,PUB-003_자립형일자리_수행기관,https://apis.data.go.kr/B552474/JobBsnInfoService/getJobOperInsttList
,******,0000134,대한노인회 전남 함평군지회,수행기관,******,전라남도 함평군 함평읍 내교리 179-25,57153,PUB-003_자립형일자리_수행기관,https://apis.data.go.kr/B552474/JobBsnInfoService/getJobOperInsttList
,******,0000139,대한노인회 경남 고성군지회 ,수행기관,******,경남 고성군 고성읍 대독리4,638801,PUB-003_자립형일자리_수행기관,https://apis.data.go.kr/B552474/JobBsnInfoService/getJobOperInsttList
,******,0000140,진해노인종합복지관,수행기관,******,경남 창원시 진해구 천자로 434,645320,PUB-003_자립형일자리_수행기관,https://apis.data.go.kr/B552474/JobBsnInfoService/getJobOperInsttList
,******,0000141,예천군노인복지관,수행기관,******,경상북도 예천군 예천읍 서본리 240 예천군노인복지회관,36827,PUB-003_자립형일자리_수행기관,https://apis.data.go.kr/B552474/JobBsnInfoService/getJobOperInsttList
28-1번지,******,0000143,김천시노인복지관,수행기관,******,경북 김천시 남산동,740973,PUB-003_자립형일자리_수행기관,https://apis.data.go.kr/B552474/JobBsnInfoService/getJobOperInsttList
114-24번지 논현2문화센터 2층,******,0000149,강남시니어클럽,수행기관,******,서울 강남구 논현2동,135820,PUB-003_자립형일자리_수행기관,https://apis.data.go.kr/B552474/JobBsnInfoService/getJobOperInsttList
,******,0000150,관악시니어클럽,수행기관,******,서울특별시 관악구 봉천동 148-145 원당경로당,08801,PUB-003_자립형일자리_수행기관,https://apis.data.go.kr/B552474/JobBsnInfoService/getJobOperInsttList
,******,0000152,도봉시니어클럽,수행기관,******,서울특별시 도봉구 창동 9-3,01414,PUB-003_자립형일자리_수행기관,https://apis.data.go.kr/B552474/JobBsnInfoService/getJobOperInsttList
2층 부산서구시니어클럽,******,0000153,부산서구시니어클럽,수행기관,******,부산광역시 서구 서대신동3가 360-1,49226,PUB-003_자립형일자리_수행기관,https://apis.data.go.kr/B552474/JobBsnInfoService/getJobOperInsttList
금정시니어클럽,******,0000154,부산금정시니어클럽,수행기관,******,부산광역시 금정구 구서동 184-6 구서2동 행정복지센터,46230,PUB-003_자립형일자리_수행기관,https://apis.data.go.kr/B552474/JobBsnInfoService/getJobOperInsttList
,******,0000155,대구중구시니어클럽,수행기관,******,대구광역시 중구 삼덕동2가  149-63 어르신도서관,41940,PUB-003_자립형일자리_수행기관,https://apis.data.go.kr/B552474/JobBsnInfoService/getJobOperInsttList
,******,0000156,대구남구시니어클럽,수행기관,******,대구광역시 남구 대명동 1600-7 남구 시니어행복센터,42477,PUB-003_자립형일자리_수행기관,https://apis.data.go.kr/B552474/JobBsnInfoService/getJobOperInsttList
,******,0000157,대구달서시니어클럽,수행기관,******,대구광역시 달서구 두류동 829-20,42664,PUB-003_자립형일자리_수행기관,https://apis.data.go.kr/B552474/JobBsnInfoService/getJobOperInsttList
,******,0000158,인천계양시니어클럽,수행기관,******,인천광역시 계양구 계산동 906 사회복지회관,21040,PUB-003_자립형일자리_수행기관,https://apis.data.go.kr/B552474/JobBsnInfoService/getJobOperInsttList
,******,0000159,광주남구시니어클럽,수행기관,******,광주광역시 남구 서동  147-1,61636,PUB-003_자립형일자리_수행기관,https://apis.data.go.kr/B552474/JobBsnInfoService/getJobOperInsttList
,******,0000160,광주북구시니어클럽,수행기관,******,광주광역시 북구 임동 97-21,61242,PUB-003_자립형일자리_수행기관,https://apis.data.go.kr/B552474/JobBsnInfoService/getJobOperInsttList
4층,******,0000161,대전서구시니어클럽,수행기관,******,대전 서구 탄방동 693,35262,PUB-003_자립형일자리_수행기관,https://apis.data.go.kr/B552474/JobBsnInfoService/getJobOperInsttList
3층,******,0000162,울산중구시니어클럽,수행기관,******,울산광역시 중구 복산동 100-26 복산2동주민센터,44478,PUB-003_자립형일자리_수행기관,https://apis.data.go.kr/B552474/JobBsnInfoService/getJobOperInsttList
,******,0000163,부천시니어클럽,수행기관,******,경기 부천시 소사구 소사본동 429,14693,PUB-003_자립형일자리_수행기관,https://apis.data.go.kr/B552474/JobBsnInfoService/getJobOperInsttList
,******,0000164,시흥시니어클럽,수행기관,******,경기도 시흥시 월곶동  994-1 주영프라자,14967,PUB-003_자립형일자리_수행기관,https://apis.data.go.kr/B552474/JobBsnInfoService/getJobOperInsttList
,******,0000166,춘천시니어클럽,수행기관,******,강원특별자치도 춘천시 석사동 818-14,24390,PUB-003_자립형일자리_수행기관,https://apis.data.go.kr/B552474/JobBsnInfoService/getJobOperInsttList
,******,0000167,충주시니어클럽,수행기관,******,충북 충주시 교현1동 예성로 208,380950,PUB-003_자립형일자리_수행기관,https://apis.data.go.kr/B552474/JobBsnInfoService/getJobOperInsttList
37-1,******,0000168,청주흥덕시니어클럽,수행기관,******,충북 청주시 흥덕구복대1동,361810,PUB-003_자립형일자리_수행기관,https://apis.data.go.kr/B552474/JobBsnInfoService/getJobOperInsttList
,******,0000169,부여시니어클럽,수행기관,******,충청남도 부여군 부여읍 중정리 421-1,33164,PUB-003_자립형일자리_수행기관,https://apis.data.go.kr/B552474/JobBsnInfoService/getJobOperInsttList
368-12,******,0000170,전북익산시니어클럽,수행기관,******,전북 익산시팔봉동,54582,PUB-003_자립형일자리_수행기관,https://apis.data.go.kr/B552474/JobBsnInfoService/getJobOperInsttList
,******,0000171,전주시니어클럽,수행기관,******,전라북도 전주시 완산구 효자동1가 692-3 전주시 경로회관,55105,PUB-003_자립형일자리_수행기관,https://apis.data.go.kr/B552474/JobBsnInfoService/getJobOperInsttList
,******,0000172,곡성시니어클럽,수행기관,******,,57514,PUB-003_자립형일자리_수행기관,https://apis.data.go.kr/B552474/JobBsnInfoService/getJobOperInsttList
,******,0000173,여수시니어클럽,수행기관,******,전라남도 여수시 국동 686-2,59757,PUB-003_자립형일자리_수행기관,https://apis.data.go.kr/B552474/JobBsnInfoService/getJobOperInsttList
,******,0000174,경산시니어클럽,수행기관,******,경북 경산시 중방동 658번지,38617,PUB-003_자립형일자리_수행기관,https://apis.data.go.kr/B552474/JobBsnInfoService/getJobOperInsttList
,******,0000175,구미시니어클럽,수행기관,******,경상북도 구미시 도량동 741-4,39198,PUB-003_자립형일자리_수행기관,https://apis.data.go.kr/B552474/JobBsnInfoService/getJobOperInsttList
1층,******,0000176,경북경주시니어클럽,수행기관,******,경상북도 경주시 성건동 374-12,38156,PUB-003_자립형일자리_수행기관,https://apis.data.go.kr/B552474/JobBsnInfoService/getJobOperInsttList
,******,0000177,진해시니어클럽,수행기관,******,경상남도 창원시 진해구 대흥동 15-3,51679,PUB-003_자립형일자리_수행기관,https://apis.data.go.kr/B552474/JobBsnInfoService/getJobOperInsttList
5층 제주시니어클럽,******,0000178,제주시니어클럽,수행기관,******,제주특별자치도 제주시 이도일동 1292-3 제주특별자치도 고용복지플러스센터,63197,PUB-003_자립형일자리_수행기관,https://apis.data.go.kr/B552474/JobBsnInfoService/getJobOperInsttList
,******,0000180,대한노인회 서울시 연합회,수행기관,******,서울 용산구 효창동 임정길 58,140898,PUB-003_자립형일자리_수행기관,https://apis.data.go.kr/B552474/JobBsnInfoService/getJobOperInsttList
,******,0000182,(사)대한노인회 대구광역시연합회,수행기관,******,대구 달서구 성당1동 72-10,42669,PUB-003_자립형일자리_수행기관,https://apis.data.go.kr/B552474/JobBsnInfoService/getJobOperInsttList
,******,0000185,대한노인회 대전연합회,수행기관,******,대전 중구 대흥동 311-1,301804,PUB-003_자립형일자리_수행기관,https://apis.data.go.kr/B552474/JobBsnInfoService/getJobOperInsttList
,******,0000188,(사)대한노인회 강원특별자치도연합회,수행기관,******,강원도 춘천시 근화동 700,24238,PUB-003_자립형일자리_수행기관,https://apis.data.go.kr/B552474/JobBsnInfoService/getJobOperInsttList
 887-1,******,0000194,(사)대한노인회 경남연합회,수행기관,******,경남 창원시 의창구 도계동,641811,PUB-003_자립형일자리_수행기관,https://apis.data.go.kr/B552474/JobBsnInfoService/getJobOperInsttList
,******,0000196,대한노인회 제주연합회,수행기관,******,제주특별자치도 제주시 삼도이동 44-1,63166,PUB-003_자립형일자리_수행기관,https://apis.data.go.kr/B552474/JobBsnInfoService/getJobOperInsttList
B동 12층,******,0000198,종로구청 어르신복지과,수행기관,******,서울특별시 종로구 중학동 19 더케이트윈타워,03142,PUB-003_자립형일자리_수행기관,https://apis.data.go.kr/B552474/JobBsnInfoService/getJobOperInsttList
,******,0000199,중구청 복지환경국 어르신장애인복지과,수행기관,******,서울 중구예관동 120-1,100290,PUB-003_자립형일자리_수행기관,https://apis.data.go.kr/B552474/JobBsnInfoService/getJobOperInsttList
어르신복지과 5층,******,0000200,용산구청 생활지원국 어르신복지과,수행기관,******,서울특별시 용산구 녹사평대로 150 용산종합행정타운,140704,PUB-003_자립형일자리_수행기관,https://apis.data.go.kr/B552474/JobBsnInfoService/getJobOperInsttList
성동구청 9층,******,0000201,성 동 구 청 ,수행기관,******,서울특별시 성동구행당동 ,133701,PUB-003_자립형일자리_수행기관,https://apis.data.go.kr/B552474/JobBsnInfoService/getJobOperInsttList
,******,0000202,광진구청복지국 어르신복지과,수행기관,******,서울 광진구 자양1동 광진구청,143702,PUB-003_자립형일자리_수행기관,https://apis.data.go.kr/B552474/JobBsnInfoService/getJobOperInsttList
,******,0000203,동대문구청,수행기관,******,서울특별시 동대문구 용두동 39-9 동대문구청,02565,PUB-003_자립형일자리_수행기관,https://apis.data.go.kr/B552474/JobBsnInfoService/getJobOperInsttList
3층 어르신복지과,******,0000204,중랑구청 생활복지국 어르신복지과,수행기관,******,서울특별시 중랑구 신내동 662 중랑구청,02043,PUB-003_자립형일자리_수행기관,https://apis.data.go.kr/B552474/JobBsnInfoService/getJobOperInsttList
,******,0000205,성북구청 ,수행기관,******,서울특별시 성북구 삼선동5가  411 성북구청,02848,PUB-003_자립형일자리_수행기관,https://apis.data.go.kr/B552474/JobBsnInfoService/getJobOperInsttList
,******,0000206,강북구청 복지국 어르신장애인과,수행기관,******,서울특별시 강북구 수유동 192-59 강북구청,01071,PUB-003_자립형일자리_수행기관,https://apis.data.go.kr/B552474/JobBsnInfoService/getJobOperInsttList
,******,0000208,노원구청 주민복지국 고령사회정책과,수행기관,******,서울특별시 노원구 상계동 701-1 노원구청,01689,PUB-003_자립형일자리_수행기관,https://apis.data.go.kr/B552474/JobBsnInfoService/getJobOperInsttList
구의회 건물 2층 어르신복지과,******,0000209,은평구청,수행기관,******,서울특별시 은평구 녹번동 84 은평구청,03384,PUB-003_자립형일자리_수행기관,https://apis.data.go.kr/B552474/JobBsnInfoService/getJobOperInsttList
2층 어르신복지과,******,0000210,서대문구청 행복복지국 어르신복지과,수행기관,******,서울특별시 서대문구 연희동 168-6 서대문구청,03718,PUB-003_자립형일자리_수행기관,https://apis.data.go.kr/B552474/JobBsnInfoService/getJobOperInsttList
,******,0000211,마포구청 복지동행국 어르신동행과,수행기관,******,서울특별시 마포구 성산동 370 마포구청,03937,PUB-003_자립형일자리_수행기관,https://apis.data.go.kr/B552474/JobBsnInfoService/getJobOperInsttList
,******,0000212,양천구청 주민복지국 어르신복지과,수행기관,******,서울특별시 양천구 신정동 322-11 해누리타운,08094,PUB-003_자립형일자리_수행기관,https://apis.data.go.kr/B552474/JobBsnInfoService/getJobOperInsttList
,******,0000214,구로구청 복지지원국 어르신복지과,수행기관,******,서울특별시 구로구 구로동 435 구로구청,08284,PUB-003_자립형일자리_수행기관,https://apis.data.go.kr/B552474/JobBsnInfoService/getJobOperInsttList
,******,0000216,영등포구청,수행기관,******,서울특별시 영등포구 당산동3가 385-1 영등포구청,07260,PUB-003_자립형일자리_수행기관,https://apis.data.go.kr/B552474/JobBsnInfoService/getJobOperInsttList
,******,0000217,동작구청 지역경제과,수행기관,******,서울특별시 동작구 상도동 176-3 동작구청,06963,PUB-003_자립형일자리_수행기관,https://apis.data.go.kr/B552474/JobBsnInfoService/getJobOperInsttList
,******,0000218,관악구청 복지가족국 어르신복지과,수행기관,******,서울특별시 관악구 봉천동 1570-1 관악구청,08832,PUB-003_자립형일자리_수행기관,https://apis.data.go.kr/B552474/JobBsnInfoService/getJobOperInsttList
,******,0000222,강동구청 어르신복지과,수행기관,******,서울특별시 강동구 성내동 540 강동구청,05397,PUB-003_자립형일자리_수행기관,https://apis.data.go.kr/B552474/JobBsnInfoService/getJobOperInsttList
,******,0000225,부산광역시 서구청,수행기관,******,부산광역시 서구 토성동4가 2-3 서구청,49247,PUB-003_자립형일자리_수행기관,https://apis.data.go.kr/B552474/JobBsnInfoService/getJobOperInsttList
,******,0000226,동구자성대노인복지관,수행기관,******,부산광역시 동구 범일동  825-88 동구자성대노인복지회관,48748,PUB-003_자립형일자리_수행기관,https://apis.data.go.kr/B552474/JobBsnInfoService/getJobOperInsttList
,******,0000241,중구청 주민복지국 복지정책과,수행기관,******,대구광역시 중구 동인동2가  177-4 중구청,41908,PUB-003_자립형일자리_수행기관,https://apis.data.go.kr/B552474/JobBsnInfoService/getJobOperInsttList
,******,0000242,대구 동구청 가족돌봄과,수행기관,******,대구광역시 동구 신암동 36-1 동구청,41185,PUB-003_자립형일자리_수행기관,https://apis.data.go.kr/B552474/JobBsnInfoService/getJobOperInsttList
,******,0000243,대구서구청,수행기관,******,대구광역시 서구 평리동 1230-9 서구청,41777,PUB-003_자립형일자리_수행기관,https://apis.data.go.kr/B552474/JobBsnInfoService/getJobOperInsttList
,******,0000244,대구남구청 복지환경국 복지지원과,수행기관,******,대구광역시 남구 봉덕1동 565-5,705826,PUB-003_자립형일자리_수행기관,https://apis.data.go.kr/B552474/JobBsnInfoService/getJobOperInsttList
,******,0000245,대구북구청 복지정책과,수행기관,******,대구광역시 북구 침산동 447-16,41590,PUB-003_자립형일자리_수행기관,https://apis.data.go.kr/B552474/JobBsnInfoService/getJobOperInsttList
1층 복지정책과-노인지원팀,******,0000246,대구광역시 수성구청,수행기관,******,대구광역시 수성구 범어동 238-3 수성구청,42086,PUB-003_자립형일자리_수행기관,https://apis.data.go.kr/B552474/JobBsnInfoService/getJobOperInsttList
,******,0000247,대구달서구청 복지증진국,수행기관,******,대구광역시 달서구 월성동 281 달서구청,42731,PUB-003_자립형일자리_수행기관,https://apis.data.go.kr/B552474/JobBsnInfoService/getJobOperInsttList
,******,0000248,달성군청 주민복지국 복지정책과,수행기관,******,대구광역시 달성군 논공읍 금포리 1313 달성군청,42974,PUB-003_자립형일자리_수행기관,https://apis.data.go.kr/B552474/JobBsnInfoService/getJobOperInsttList
6층,******,0000253,연수구청 주민복지국 노인장애인과 ,수행기관,******,인천광역시 연수구 동춘동 923-5 연수구청,21967,PUB-003_자립형일자리_수행기관,https://apis.data.go.kr/B552474/JobBsnInfoService/getJobOperInsttList
"1008 (남동구청, 노인정책과)",******,0000254,남동구청 복지국 노인정책과,수행기관,******,인천 남동구만수6동,405702,PUB-003_자립형일자리_수행기관,https://apis.data.go.kr/B552474/JobBsnInfoService/getJobOperInsttList
,******,0000255,부평구청 문화복지국 노인장애인과 ,수행기관,******,인천광역시 부평구 부평동 879 부평구청,21354,PUB-003_자립형일자리_수행기관,https://apis.data.go.kr/B552474/JobBsnInfoService/getJobOperInsttList
,******,0000257,인천서구청 복지국 노인장애인과,수행기관,******,인천광역시 서구 심곡동 247-3 서구청 제2청사,22726,PUB-003_자립형일자리_수행기관,https://apis.data.go.kr/B552474/JobBsnInfoService/getJobOperInsttList
,******,0000259,옹진군청 사회복지과,수행기관,******,인천광역시 남구 용현동 627-608 옹진군청,22193,PUB-003_자립형일자리_수행기관,https://apis.data.go.kr/B552474/JobBsnInfoService/getJobOperInsttList
,******,0000267,대전동구청 복지돌봄국 노인장애인과,수행기관,******,대전광역시 동구 가오동 425 동구청,34691,PUB-003_자립형일자리_수행기관,https://apis.data.go.kr/B552474/JobBsnInfoService/getJobOperInsttList
,******,0000268,대전 중구청  돌봄복지국  노인장애인과,수행기관,******,대전광역시 중구 대흥동 499-1 중구청,34939,PUB-003_자립형일자리_수행기관,https://apis.data.go.kr/B552474/JobBsnInfoService/getJobOperInsttList
,******,0000269,대전광역시 서구청,수행기관,******,대전광역시 서구 둔산동 1300 서구청,35238,PUB-003_자립형일자리_수행기관,https://apis.data.go.kr/B552474/JobBsnInfoService/getJobOperInsttList
,******,0000270,대전광역시  유성구청 ,수행기관,******,대전광역시 유성구 어은동 109 유성구청,34139,PUB-003_자립형일자리_수행기관,https://apis.data.go.kr/B552474/JobBsnInfoService/getJobOperInsttList
,******,0000271,대덕구청 ,수행기관,******,대전광역시 대덕구 오정동  500 대덕구청,34443,PUB-003_자립형일자리_수행기관,https://apis.data.go.kr/B552474/JobBsnInfoService/getJobOperInsttList
,******,0000273,울산 중구청 노인장애인과,수행기관,******,울산광역시 중구 복산동 180-1 중구청,44475,PUB-003_자립형일자리_수행기관,https://apis.data.go.kr/B552474/JobBsnInfoService/getJobOperInsttList
,******,0000274,울산광역시 남구청 노인장애인과,수행기관,******,울산광역시 남구 달동 1320-1 울산광역시 남구청,44701,PUB-003_자립형일자리_수행기관,https://apis.data.go.kr/B552474/JobBsnInfoService/getJobOperInsttList
,******,0000275,울산동구청 노인장애인과,수행기관,******,울산광역시 동구 화정동 222,682701,PUB-003_자립형일자리_수행기관,https://apis.data.go.kr/B552474/JobBsnInfoService/getJobOperInsttList
,******,0000276,울산 북구청 노인장애인과,수행기관,******,울산광역시 북구 연암동 1004-1 북구청,44248,PUB-003_자립형일자리_수행기관,https://apis.data.go.kr/B552474/JobBsnInfoService/getJobOperInsttList
울주군청 4층 노인장애인과,******,0000277,울주군청,수행기관,******,울산광역시 울주군 청량면 율리 산162-1 울주군청,44959,PUB-003_자립형일자리_수행기관,https://apis.data.go.kr/B552474/JobBsnInfoService/getJobOperInsttList
,******,0000280,성남시청,수행기관,******,경기도 성남시 중원구 여수동 200 성남시청,13437,PUB-003_자립형일자리_수행기관,https://apis.data.go.kr/B552474/JobBsnInfoService/getJobOperInsttList
,******,0000288,평택시청 복지국 노인장애인과,수행기관,******,경기도 평택시 비전동 846 평택시청,17901,PUB-003_자립형일자리_수행기관,https://apis.data.go.kr/B552474/JobBsnInfoService/getJobOperInsttList
제1별관 2층 자원순환과,******,0000289,광명시 친환경사업본부 ,수행기관,******,경기도 광명시 철산동 222-1 광명시청,14234,PUB-003_자립형일자리_수행기관,https://apis.data.go.kr/B552474/JobBsnInfoService/getJobOperInsttList
,******,0000293,파주시청 복지정책국 노인장애인과,수행기관,******,경기 파주시 아동동 215,413803,PUB-003_자립형일자리_수행기관,https://apis.data.go.kr/B552474/JobBsnInfoService/getJobOperInsttList
,******,0000295,구리시청 복지문화국 노인장애인복지과,수행기관,******,경기도 구리시 교문동 390-1 구리시청,11954,PUB-003_자립형일자리_수행기관,https://apis.data.go.kr/B552474/JobBsnInfoService/getJobOperInsttList
,******,0000296,김포시,수행기관,******,경기도 김포시 사우동 263-1 김포시청,10109,PUB-003_자립형일자리_수행기관,https://apis.data.go.kr/B552474/JobBsnInfoService/getJobOperInsttList
,******,0000309,연천군청,수행기관,******,경기도 연천군 연천읍 차탄리 290-1 연천군청,11017,PUB-003_자립형일자리_수행기관,https://apis.data.go.kr/B552474/JobBsnInfoService/getJobOperInsttList
,******,0000313,강릉시청 복지민원국 경로장애인과,수행기관,******,강원도 강릉시 홍제동 1001 강릉시청,25522,PUB-003_자립형일자리_수행기관,https://apis.data.go.kr/B552474/JobBsnInfoService/getJobOperInsttList
대한노인회동해시지회,******,0000314,대한노인회 강원 동해시지회,수행기관,******,강원 동해시 천곡동 천곡로 6,25764,PUB-003_자립형일자리_수행기관,https://apis.data.go.kr/B552474/JobBsnInfoService/getJobOperInsttList
,******,0000316,속초시청 경로장애인과,수행기관,******,강원도 속초시 중앙동 469-6 속초시청,24826,PUB-003_자립형일자리_수행기관,https://apis.data.go.kr/B552474/JobBsnInfoService/getJobOperInsttList
,******,0000323,철원군청 주민생활지원실,수행기관,******,강원특별자치도 철원군 갈말읍 신철원리 649 철원군청,24040,PUB-003_자립형일자리_수행기관,https://apis.data.go.kr/B552474/JobBsnInfoService/getJobOperInsttList
,******,0000324,화천군청 주민복지과,수행기관,******,강원도 화천군 화천읍 아리 239 화천군청,24125,PUB-003_자립형일자리_수행기관,https://apis.data.go.kr/B552474/JobBsnInfoService/getJobOperInsttList
,******,0000347,서산시청 복지문화국 경로장애인과,수행기관,******,충청남도 서산시 읍내동 492 서산시청,31974,PUB-003_자립형일자리_수행기관,https://apis.data.go.kr/B552474/JobBsnInfoService/getJobOperInsttList
,******,0000350,금산군청 주민복지지원과,수행기관,******,충청남도 금산군 금산읍 상리 25-1 금산군청,32733,PUB-003_자립형일자리_수행기관,https://apis.data.go.kr/B552474/JobBsnInfoService/getJobOperInsttList
,******,0000357,태안군청 가족정책과,수행기관,******,충청남도 태안군 태안읍 남문리 90 태안군청,32144,PUB-003_자립형일자리_수행기관,https://apis.data.go.kr/B552474/JobBsnInfoService/getJobOperInsttList
경로장애인과,******,0000358,당진시청,수행기관,******,충청남도 당진시 수청동  1002 당진시청,31773,PUB-003_자립형일자리_수행기관,https://apis.data.go.kr/B552474/JobBsnInfoService/getJobOperInsttList
대우빌딩 7층(기린대로 213),******,0000360,전주시청 노인복지과,수행기관,******,전라북도 전주시 완산구 서노송동 568-1 전주시청,54994,PUB-003_자립형일자리_수행기관,https://apis.data.go.kr/B552474/JobBsnInfoService/getJobOperInsttList
,******,0000361,군산시청 복지교육국 경로장애인과,수행기관,******,전라북도 군산시 조촌동 888 군산시청,54078,PUB-003_자립형일자리_수행기관,https://apis.data.go.kr/B552474/JobBsnInfoService/getJobOperInsttList
,******,0000363,정읍시청 노인장애인과,수행기관,******,전라북도 정읍시 수성동 440-1 정읍시청,56180,PUB-003_자립형일자리_수행기관,https://apis.data.go.kr/B552474/JobBsnInfoService/getJobOperInsttList
,******,0000364,남원시청 행정복지국 통합돌봄과,수행기관,******,전라북도 남원시 도통동 518 남원시청,55738,PUB-003_자립형일자리_수행기관,https://apis.data.go.kr/B552474/JobBsnInfoService/getJobOperInsttList
,******,0000365,김제시청 경로장애인과,수행기관,******,전북특별자치도 김제시 서암동 353 김제시청,54386,PUB-003_자립형일자리_수행기관,https://apis.data.go.kr/B552474/JobBsnInfoService/getJobOperInsttList
,******,0000373,부안군청,수행기관,******,전북 부안군 부안읍 부안군청,579700,PUB-003_자립형일자리_수행기관,https://apis.data.go.kr/B552474/JobBsnInfoService/getJobOperInsttList
,******,0000375,목포시청,수행기관,******,전라남도 목포시 용당동 1188-2 목포시청,58613,PUB-003_자립형일자리_수행기관,https://apis.data.go.kr/B552474/JobBsnInfoService/getJobOperInsttList
노인장애인과,******,0000376,여수시청,수행기관,******,전라남도 여수시 학동 100 여수시청 본청사,59675,PUB-003_자립형일자리_수행기관,https://apis.data.go.kr/B552474/JobBsnInfoService/getJobOperInsttList
,******,0000377,순천시청,수행기관,******,전라남도 순천시 장천동 26-6 한화생명,57956,PUB-003_자립형일자리_수행기관,https://apis.data.go.kr/B552474/JobBsnInfoService/getJobOperInsttList
사회복지과(노인복지팀),******,0000378,나주시청,수행기관,******,전라남도 나주시 송월동 1100 나주시청,58263,PUB-003_자립형일자리_수행기관,https://apis.data.go.kr/B552474/JobBsnInfoService/getJobOperInsttList
,******,0000379,광양시청,수행기관,******,전라남도 광양시 중동 1313 광양시청,57785,PUB-003_자립형일자리_수행기관,https://apis.data.go.kr/B552474/JobBsnInfoService/getJobOperInsttList
,******,0000380,담양군청,수행기관,******,전라남도 담양군 담양읍 객사리 99-1 담양군청,57339,PUB-003_자립형일자리_수행기관,https://apis.data.go.kr/B552474/JobBsnInfoService/getJobOperInsttList
,******,0000381,곡성군청,수행기관,******,전남광주통합특별시 곡성군 곡성읍 읍내리 713-2,57536,PUB-003_자립형일자리_수행기관,https://apis.data.go.kr/B552474/JobBsnInfoService/getJobOperInsttList
주민복지과(장수복지계),******,0000382,구례군청,수행기관,******,전라남도 구례군 구례읍 봉남리 51 구례군청,57656,PUB-003_자립형일자리_수행기관,https://apis.data.go.kr/B552474/JobBsnInfoService/getJobOperInsttList
,******,0000385,화순군청,수행기관,******,전라남도 화순군 화순읍 훈리 35 화순군청,58112,PUB-003_자립형일자리_수행기관,https://apis.data.go.kr/B552474/JobBsnInfoService/getJobOperInsttList
,******,0000386,장흥군청,수행기관,******,"전라남도 장흥군 장흥읍 건산리 715-11 장흥군청,장흥군의회",59328,PUB-003_자립형일자리_수행기관,https://apis.data.go.kr/B552474/JobBsnInfoService/getJobOperInsttList
,******,0000387,강진군청,수행기관,******,전라남도 강진군 강진읍 남성리 108-1 강진군청,59228,PUB-003_자립형일자리_수행기관,https://apis.data.go.kr/B552474/JobBsnInfoService/getJobOperInsttList
,******,0000388,해남군청,수행기관,******,전라남도 해남군 해남읍 성내리 4 해남군청,59028,PUB-003_자립형일자리_수행기관,https://apis.data.go.kr/B552474/JobBsnInfoService/getJobOperInsttList
.,******,0000389,영암군청,수행기관,******,전라남도 영암군 영암읍 동무리 158 영암군청,58415,PUB-003_자립형일자리_수행기관,https://apis.data.go.kr/B552474/JobBsnInfoService/getJobOperInsttList
,******,0000391,함평군청,수행기관,******,전라남도 함평군 함평읍 함평리 123-1 함평군청,57149,PUB-003_자립형일자리_수행기관,https://apis.data.go.kr/B552474/JobBsnInfoService/getJobOperInsttList
,******,0000392,영광군청,수행기관,******,전라남도 영광군 영광읍 무령리 198-4,57036,PUB-003_자립형일자리_수행기관,https://apis.data.go.kr/B552474/JobBsnInfoService/getJobOperInsttList
,******,0000393,장성군청,수행기관,******,전라남도 장성군 장성읍 영천리 1061-2 장성군청,57219,PUB-003_자립형일자리_수행기관,https://apis.data.go.kr/B552474/JobBsnInfoService/getJobOperInsttList
,******,0000394,완도군청,수행기관,******,전라남도 완도군 완도읍 군내리 650-1 완도군청,59124,PUB-003_자립형일자리_수행기관,https://apis.data.go.kr/B552474/JobBsnInfoService/getJobOperInsttList
,******,0000395,진도군청,수행기관,******,전라남도 진도군 진도읍 성내리 64-1 진도군청,58915,PUB-003_자립형일자리_수행기관,https://apis.data.go.kr/B552474/JobBsnInfoService/getJobOperInsttList
신안군청 노인건강과,******,0000396,신안군청,수행기관,******,전남광주통합특별시 신안군 압해읍 신장리 462-10,58827,PUB-003_자립형일자리_수행기관,https://apis.data.go.kr/B552474/JobBsnInfoService/getJobOperInsttList
시청로 1 (대잠동) 포항시청 노인장애인복지과,******,0000398,포항시청,수행기관,******,경상북도 포항시 남구 ,790722,PUB-003_자립형일자리_수행기관,https://apis.data.go.kr/B552474/JobBsnInfoService/getJobOperInsttList
,******,0000403,영주시청 문화복지국 노인장애인과,수행기관,******,경북 영주시 시청로 1,36132,PUB-003_자립형일자리_수행기관,https://apis.data.go.kr/B552474/JobBsnInfoService/getJobOperInsttList
,******,0000404,영천시청 문화관광복지국 사회복지과,수행기관,******,경상북도 영천시 문외동 27 영천시청,38856,PUB-003_자립형일자리_수행기관,https://apis.data.go.kr/B552474/JobBsnInfoService/getJobOperInsttList
,******,0000406,문경시청 행정복지국 시니어장애인과,수행기관,******,경상북도 문경시 모전동  220,36982,PUB-003_자립형일자리_수행기관,https://apis.data.go.kr/B552474/JobBsnInfoService/getJobOperInsttList
,******,0000411,영양군청 주민복지과,수행기관,******,경상북도 영양군 영양읍 서부리 379-1 영양군청,36537,PUB-003_자립형일자리_수행기관,https://apis.data.go.kr/B552474/JobBsnInfoService/getJobOperInsttList
,******,0000412,영덕군청,수행기관,******,경상북도 영덕군 영덕읍 남석리 310-3 영덕군청,36429,PUB-003_자립형일자리_수행기관,https://apis.data.go.kr/B552474/JobBsnInfoService/getJobOperInsttList
,******,0000414,고령군청 주민복지과,수행기관,******,경북 고령군 대가야읍 지산리 190,717801,PUB-003_자립형일자리_수행기관,https://apis.data.go.kr/B552474/JobBsnInfoService/getJobOperInsttList
,******,0000415,성주군청 가족지원과,수행기관,******,경상북도 성주군 성주읍 경산리 283-1 성주군청,40022,PUB-003_자립형일자리_수행기관,https://apis.data.go.kr/B552474/JobBsnInfoService/getJobOperInsttList
", 2층 사회복지과",******,0000419,울진군청 사회복지과,수행기관,******,경상북도 울진군 울진읍 읍내리 77-2 울진군청별관,36323,PUB-003_자립형일자리_수행기관,https://apis.data.go.kr/B552474/JobBsnInfoService/getJobOperInsttList
주민복지과,******,0000420,울릉군청 주민복지과,수행기관,******,경상북도 울릉군 울릉읍 도동리 176-2 울릉군의회,40225,PUB-003_자립형일자리_수행기관,https://apis.data.go.kr/B552474/JobBsnInfoService/getJobOperInsttList
,******,0000422,창원시청 노인장애인과,수행기관,******,경남 창원시 의창구 중앙대로 151(용호동 1번지),51435,PUB-003_자립형일자리_수행기관,https://apis.data.go.kr/B552474/JobBsnInfoService/getJobOperInsttList
노인장애인과,******,0000424,진주시청,수행기관,******,경상남도 진주시 상대동 284 진주시청,52789,PUB-003_자립형일자리_수행기관,https://apis.data.go.kr/B552474/JobBsnInfoService/getJobOperInsttList
,******,0000426,통영시청 노인장애인과,수행기관,******,경상남도 통영시 무전동 376-1 통영시청2청사,53040,PUB-003_자립형일자리_수행기관,https://apis.data.go.kr/B552474/JobBsnInfoService/getJobOperInsttList
노인장애인과,******,0000427,사천시청 복지환경국 노인장애인과,수행기관,******,경상남도 사천시 용현면 덕곡리 501 사천시청,52539,PUB-003_자립형일자리_수행기관,https://apis.data.go.kr/B552474/JobBsnInfoService/getJobOperInsttList
,******,0000428,김해시 복지국 통합돌봄과,수행기관,******,경상남도 김해시 부원동 623 김해시청,50924,PUB-003_자립형일자리_수행기관,https://apis.data.go.kr/B552474/JobBsnInfoService/getJobOperInsttList
,******,0000429,밀양시청 노인장애인과,수행기관,******,경상남도 밀양시 교동 1000-1 밀양시청,50420,PUB-003_자립형일자리_수행기관,https://apis.data.go.kr/B552474/JobBsnInfoService/getJobOperInsttList
,******,0000431,양산시청,수행기관,******,경남 양산시 남부동 505,626010,PUB-003_자립형일자리_수행기관,https://apis.data.go.kr/B552474/JobBsnInfoService/getJobOperInsttList
주민복지과,******,0000433,함안군청 주민복지과,수행기관,******,경상남도 함안군 가야읍 말산리 213 함안군청,52043,PUB-003_자립형일자리_수행기관,https://apis.data.go.kr/B552474/JobBsnInfoService/getJobOperInsttList
,******,0000435,고성군청 복지지원과,수행기관,******,경상남도 고성군 고성읍 성내리 198 고성군청,52943,PUB-003_자립형일자리_수행기관,https://apis.data.go.kr/B552474/JobBsnInfoService/getJobOperInsttList
,******,0000436,남해군청 주민행복과,수행기관,******,경상남도 남해군 남해읍 아산리 355 종합사회복지관,52419,PUB-003_자립형일자리_수행기관,https://apis.data.go.kr/B552474/JobBsnInfoService/getJobOperInsttList
,******,0000438,산청군청 ,수행기관,******,경상남도 산청군 산청읍 옥산리 465-3 산청군청,52221,PUB-003_자립형일자리_수행기관,https://apis.data.go.kr/B552474/JobBsnInfoService/getJobOperInsttList
,******,0000439,함양군청 노인복지과,수행기관,******,경상남도 함양군 함양읍 운림리 31-2 함양군청,50036,PUB-003_자립형일자리_수행기관,https://apis.data.go.kr/B552474/JobBsnInfoService/getJobOperInsttList
64-1,******,0000440,거창군청 행복나눔과,수행기관,******,경남 거창군거창읍 상림리,670807,PUB-003_자립형일자리_수행기관,https://apis.data.go.kr/B552474/JobBsnInfoService/getJobOperInsttList
,******,0000441,합천군청 노인아동여성과,수행기관,******,경상남도 합천군 합천읍 합천리 337 합천군청,50231,PUB-003_자립형일자리_수행기관,https://apis.data.go.kr/B552474/JobBsnInfoService/getJobOperInsttList
노인복지과,******,0000443,제주시청,수행기관,******,제주특별자치도 제주시 이도이동  1176-1 제주시청,63208,PUB-003_자립형일자리_수행기관,https://apis.data.go.kr/B552474/JobBsnInfoService/getJobOperInsttList
,******,0000444,서귀포시청,수행기관,******,제주특별자치도 서귀포시 서홍동 440-1,63584,PUB-003_자립형일자리_수행기관,https://apis.data.go.kr/B552474/JobBsnInfoService/getJobOperInsttList
,******,0000447,다대종합사회복지관,수행기관,******,부산광역시 사하구 다대동 113-12 다대사회복지관,49490,PUB-003_자립형일자리_수행기관,https://apis.data.go.kr/B552474/JobBsnInfoService/getJobOperInsttList
2층 남부시장노인문화센터,******,0000470,원주시노인종합복지관,수행기관,******,강원특별자치도 원주시 명륜동 26 남부시장,26441,PUB-003_자립형일자리_수행기관,https://apis.data.go.kr/B552474/JobBsnInfoService/getJobOperInsttList
,******,0000479,대한노인회 경북 성주군지회,수행기관,******,경상북도 성주군 성주읍 예산리 334-21 성주노인회관,40026,PUB-003_자립형일자리_수행기관,https://apis.data.go.kr/B552474/JobBsnInfoService/getJobOperInsttList
,******,0000481,대한노인회 광주 광산구지회,수행기관,******,광주광역시 광산구 소촌동 산4-1,62380,PUB-003_자립형일자리_수행기관,https://apis.data.go.kr/B552474/JobBsnInfoService/getJobOperInsttList
,******,0000482,사회복지법인 영산,수행기관,******,서울특별시 강남구 삼성동 123-29 봉전경로당,06155,PUB-003_자립형일자리_수행기관,https://apis.data.go.kr/B552474/JobBsnInfoService/getJobOperInsttList
,******,0000484,서구노인복지관,수행기관,******,부산 서구암남동,602030,PUB-003_자립형일자리_수행기관,https://apis.data.go.kr/B552474/JobBsnInfoService/getJobOperInsttList
,******,0000486,강릉시니어클럽,수행기관,******,강원도 강릉시 병산동  337-3,25617,PUB-003_자립형일자리_수행기관,https://apis.data.go.kr/B552474/JobBsnInfoService/getJobOperInsttList
,******,0000488,대한노인회 충북 단양군지회,수행기관,******,충청북도 단양군 단양읍 별곡리 311 단양군 노인복지회관,27010,PUB-003_자립형일자리_수행기관,https://apis.data.go.kr/B552474/JobBsnInfoService/getJobOperInsttList
,******,0000491,대구광역시노인종합복지관,수행기관,******,대구광역시 수성구 황금동  478-4,42111,PUB-003_자립형일자리_수행기관,https://apis.data.go.kr/B552474/JobBsnInfoService/getJobOperInsttList
,******,0000492,대한노인회 경남 진주시지회,수행기관,******,경상남도 진주시 상평동 268-3 종합사회복지관 상평분관,52806,PUB-003_자립형일자리_수행기관,https://apis.data.go.kr/B552474/JobBsnInfoService/getJobOperInsttList
,******,0000495,대한노인회 경북 상주시지회,수행기관,******,경상북도 상주시 남성동 14-5,37197,PUB-003_자립형일자리_수행기관,https://apis.data.go.kr/B552474/JobBsnInfoService/getJobOperInsttList
,******,0000496,대한노인회 서울 구로구지회,수행기관,******,서울특별시 구로구 구로동 50-9 구로누리 배드민턴장,08289,PUB-003_자립형일자리_수행기관,https://apis.data.go.kr/B552474/JobBsnInfoService/getJobOperInsttList
1층 사무실,******,0000498,(사)대한노인회 세종특별자치시지회,수행기관,******,세종특별자치시 조치원읍 명리 16-2 세종시노인복지관,30026,PUB-003_자립형일자리_수행기관,https://apis.data.go.kr/B552474/JobBsnInfoService/getJobOperInsttList
,******,0000500,대한노인회 충남 공주시지회,수행기관,******,충청남도 공주시 교동 78-3,32541,PUB-003_자립형일자리_수행기관,https://apis.data.go.kr/B552474/JobBsnInfoService/getJobOperInsttList
,******,0000501,유경노인복지센터,수행기관,******,강원도 강릉시 주문진읍 교항리 1012,25416,PUB-003_자립형일자리_수행기관,https://apis.data.go.kr/B552474/JobBsnInfoService/getJobOperInsttList
,******,0000502,대한노인회 전북 전주시지회,수행기관,******,전라북도 전주시 덕진구 진북동 365-18,54935,PUB-003_자립형일자리_수행기관,https://apis.data.go.kr/B552474/JobBsnInfoService/getJobOperInsttList
,******,0000503,신길종합사회복지관,수행기관,******,서울 영등포구 신길1동 465-2,150853,PUB-003_자립형일자리_수행기관,https://apis.data.go.kr/B552474/JobBsnInfoService/getJobOperInsttList
,******,0000505,대한노인회 부산 수영구지회,수행기관,******,부산광역시 수영구 광안동  168-1,48300,PUB-003_자립형일자리_수행기관,https://apis.data.go.kr/B552474/JobBsnInfoService/getJobOperInsttList
,******,0000507,대한노인회 경남 창원시 마산지회,수행기관,******,경상남도 창원시 마산합포구 서성동 68-7,51734,PUB-003_자립형일자리_수행기관,https://apis.data.go.kr/B552474/JobBsnInfoService/getJobOperInsttList
102-1 제일빌딩 2층,******,0000508,원광효도마을시니어클럽,수행기관,******,전북 익산시 남중동,570954,PUB-003_자립형일자리_수행기관,https://apis.data.go.kr/B552474/JobBsnInfoService/getJobOperInsttList
,******,0000512,대한노인회 경기 수원시 장안구지회,수행기관,******,경기 수원시 장안구 영화동 352,440819,PUB-003_자립형일자리_수행기관,https://apis.data.go.kr/B552474/JobBsnInfoService/getJobOperInsttList
노인복지회관 1층,******,0000513,대한노인회  함안군지회 ,수행기관,******,경남 함안군가야읍 말산리,52046,PUB-003_자립형일자리_수행기관,https://apis.data.go.kr/B552474/JobBsnInfoService/getJobOperInsttList
,******,0000516,대한노인회 부산 금정구지회,수행기관,******,부산광역시 금정구 장전동 229-31 노인회관,46284,PUB-003_자립형일자리_수행기관,https://apis.data.go.kr/B552474/JobBsnInfoService/getJobOperInsttList
,******,0000517,용인시처인노인복지관,수행기관,******,경기도 용인시 처인구 삼가동 556 용인시청,17019,PUB-003_자립형일자리_수행기관,https://apis.data.go.kr/B552474/JobBsnInfoService/getJobOperInsttList
2161 충주시노인복지관 남부분관,******,0000518,충주시노인복지관,수행기관,******,충북 충주시지현동,380070,PUB-003_자립형일자리_수행기관,https://apis.data.go.kr/B552474/JobBsnInfoService/getJobOperInsttList
,******,0000519,대한노인회 전남 곡성군지회,수행기관,******,전남광주통합특별시 곡성군 곡성읍 읍내리 261-9,57542,PUB-003_자립형일자리_수행기관,https://apis.data.go.kr/B552474/JobBsnInfoService/getJobOperInsttList
,******,0000520,김제사회복지관,수행기관,******,전북특별자치도 김제시 검산동 1030-1 주공1차아파트,54377,PUB-003_자립형일자리_수행기관,https://apis.data.go.kr/B552474/JobBsnInfoService/getJobOperInsttList
,******,0000521,김제제일사회복지관,수행기관,******,전북특별자치도 김제시 교동 118-2,54388,PUB-003_자립형일자리_수행기관,https://apis.data.go.kr/B552474/JobBsnInfoService/getJobOperInsttList
,******,0000523,성암노인복지센터,수행기관,******,전북특별자치도 김제시 입석동 420-1,54418,PUB-003_자립형일자리_수행기관,https://apis.data.go.kr/B552474/JobBsnInfoService/getJobOperInsttList
,******,0000524,김제노인복지센터,수행기관,******,전북특별자치도 김제시 백산면 상리 204,54322,PUB-003_자립형일자리_수행기관,https://apis.data.go.kr/B552474/JobBsnInfoService/getJobOperInsttList
,******,0000525,대한노인회 전북 김제시지회 ,수행기관,******,전북특별자치도 김제시 하동 404-20 부영아파트(노인복지주택),54366,PUB-003_자립형일자리_수행기관,https://apis.data.go.kr/B552474/JobBsnInfoService/getJobOperInsttList
,******,0000527,대한노인회 부산 강서구지회,수행기관,******,부산광역시 강서구 대저1동 2812,46703,PUB-003_자립형일자리_수행기관,https://apis.data.go.kr/B552474/JobBsnInfoService/getJobOperInsttList
,******,0000528,용인종합사회복지관,수행기관,******,경기도 용인시 처인구 이동읍 천리 97-1 용인복지센타,17131,PUB-003_자립형일자리_수행기관,https://apis.data.go.kr/B552474/JobBsnInfoService/getJobOperInsttList
,******,0000530,길보른종합사회복지관,수행기관,******,전북특별자치도 김제시 신풍동 613-3,54397,PUB-003_자립형일자리_수행기관,https://apis.data.go.kr/B552474/JobBsnInfoService/getJobOperInsttList
신지식산업센터2층,******,0000535,대한노인회 서울 서대문구지회,수행기관,******,서울특별시 서대문구 홍제동 294-46 유진상가,03628,PUB-003_자립형일자리_수행기관,https://apis.data.go.kr/B552474/JobBsnInfoService/getJobOperInsttList
11,******,0000536,(사)대한노인회 포항시지회,수행기관,******,경상북도 포항시 남구 대도동 632-11 영암도서관,37830,PUB-003_자립형일자리_수행기관,https://apis.data.go.kr/B552474/JobBsnInfoService/getJobOperInsttList
,******,0000540,포항시니어클럽,수행기관,******,경상북도 포항시 북구 남빈동 413-7,37738,PUB-003_자립형일자리_수행기관,https://apis.data.go.kr/B552474/JobBsnInfoService/getJobOperInsttList
,******,0000543,안성시노인복지관,수행기관,******,경기도 안성시 낙원동 68-24,17591,PUB-003_자립형일자리_수행기관,https://apis.data.go.kr/B552474/JobBsnInfoService/getJobOperInsttList
,******,0000544,용호종합사회복지관,수행기관,******,부산광역시 남구 용호동 36-7 용호종합복지관,48576,PUB-003_자립형일자리_수행기관,https://apis.data.go.kr/B552474/JobBsnInfoService/getJobOperInsttList
,******,0000547,대한노인회 서울 양천구지회,수행기관,******,서울특별시 양천구 신정동 296-91 양천구보훈회관,08015,PUB-003_자립형일자리_수행기관,https://apis.data.go.kr/B552474/JobBsnInfoService/getJobOperInsttList
,******,0000548,(사)대한노인회 의정부시지회,수행기관,******,경기 의정부시 의정부1동 30-6,480840,PUB-003_자립형일자리_수행기관,https://apis.data.go.kr/B552474/JobBsnInfoService/getJobOperInsttList
,******,0000549,대한노인회 서울 광진구지회,수행기관,******,서울특별시 광진구 광장동 259-3 광장동 노인복지회관,04968,PUB-003_자립형일자리_수행기관,https://apis.data.go.kr/B552474/JobBsnInfoService/getJobOperInsttList
,******,0000551,대한노인회 부산 동구지회,수행기관,******,부산광역시 동구 초량동  820-20 동구노인복지관 분관 (노유자시설),48806,PUB-003_자립형일자리_수행기관,https://apis.data.go.kr/B552474/JobBsnInfoService/getJobOperInsttList
서초중앙노인종합복지관 2층,******,0000554,대한노인회 서울 서초구지회,수행기관,******,서울 서초구 서초1동 1666-17,137881,PUB-003_자립형일자리_수행기관,https://apis.data.go.kr/B552474/JobBsnInfoService/getJobOperInsttList
대한노인회 남양주지회 ,******,0000555,대한노인회 경기 남양주시지회,수행기관,******,경기도 남양주시 금곡동 754-5 마을공동회관,12235,PUB-003_자립형일자리_수행기관,https://apis.data.go.kr/B552474/JobBsnInfoService/getJobOperInsttList
,******,0000556,대한노인회 충남 계룡시지회,수행기관,******,충청남도 계룡시 금암동 16-1,32832,PUB-003_자립형일자리_수행기관,https://apis.data.go.kr/B552474/JobBsnInfoService/getJobOperInsttList
,******,0000559,부산남구종합사회복지관,수행기관,******,부산 남구 우암1동 129-339,608844,PUB-003_자립형일자리_수행기관,https://apis.data.go.kr/B552474/JobBsnInfoService/getJobOperInsttList
안성노인복지관 2층,******,0000560,대한노인회 경기 안성시지회,수행기관,******,경기 안성시 낙원동68-24번지,456110,PUB-003_자립형일자리_수행기관,https://apis.data.go.kr/B552474/JobBsnInfoService/getJobOperInsttList
,******,0000563,대한노인회 경기 수원시 팔달구지회,수행기관,******,경기도 수원시 팔달구 북수동 275,16253,PUB-003_자립형일자리_수행기관,https://apis.data.go.kr/B552474/JobBsnInfoService/getJobOperInsttList
대한노인회 홍천군지회,******,0000564,대한노인회 강원 홍천군지회,수행기관,******,강원도 홍천군 홍천읍 희망리 67-8,25132,PUB-003_자립형일자리_수행기관,https://apis.data.go.kr/B552474/JobBsnInfoService/getJobOperInsttList
,******,0000565,대한노인회 전북 남원시지회,수행기관,******,전북 남원시 동충동 394-4,55748,PUB-003_자립형일자리_수행기관,https://apis.data.go.kr/B552474/JobBsnInfoService/getJobOperInsttList
,******,0000566,대구대덕노인종합복지관,수행기관,******,대구광역시 남구 대명동 439 대덕노인복지회관,42452,PUB-003_자립형일자리_수행기관,https://apis.data.go.kr/B552474/JobBsnInfoService/getJobOperInsttList
,******,0000567,대한노인회 경기 의왕시지회,수행기관,******,경기도 의왕시 고천동 100 아름채노인복지관,16077,PUB-003_자립형일자리_수행기관,https://apis.data.go.kr/B552474/JobBsnInfoService/getJobOperInsttList
,******,0000570,안양시 동안구청,수행기관,******,경기도 안양시 동안구 비산동 1111 동안구청,14047,PUB-003_자립형일자리_수행기관,https://apis.data.go.kr/B552474/JobBsnInfoService/getJobOperInsttList
1층,******,0000571,(사)대한노년자원봉사회,수행기관,******,경상북도 포항시 남구 해도동  16-13 새마을운동포항시지회,37786,PUB-003_자립형일자리_수행기관,https://apis.data.go.kr/B552474/JobBsnInfoService/getJobOperInsttList
,******,0000572,대한노인회 군산시지회,수행기관,******,전라북도 군산시 오룡동 840-17,54116,PUB-003_자립형일자리_수행기관,https://apis.data.go.kr/B552474/JobBsnInfoService/getJobOperInsttList
,******,0000573,대한노인회 전남 완도군지회,수행기관,******,전라남도 완도군 완도읍 군내리 776 완도군종합복지회관,59121,PUB-003_자립형일자리_수행기관,https://apis.data.go.kr/B552474/JobBsnInfoService/getJobOperInsttList
,******,0000578,부산진구종합사회복지관,수행기관,******,부산광역시 부산진구 개금동 산57-9 부산진구종합사회복지관,47397,PUB-003_자립형일자리_수행기관,https://apis.data.go.kr/B552474/JobBsnInfoService/getJobOperInsttList
201호,******,0000583,동해시니어클럽,수행기관,******,강원도 동해시 천곡동 980 태영,25777,PUB-003_자립형일자리_수행기관,https://apis.data.go.kr/B552474/JobBsnInfoService/getJobOperInsttList
,******,0000584,대한노인회 대전 서구지회,수행기관,******,대전 서구갈마1동  295-17,302805,PUB-003_자립형일자리_수행기관,https://apis.data.go.kr/B552474/JobBsnInfoService/getJobOperInsttList
,******,0000586,대한노인회 서울 송파구지회,수행기관,******,서울특별시 송파구 송파동 97-41 송파구노인회관,05676,PUB-003_자립형일자리_수행기관,https://apis.data.go.kr/B552474/JobBsnInfoService/getJobOperInsttList
중구지회,******,0000587,대한노인회 대전 중구지회,수행기관,******,대전광역시 중구 태평동 510-164 중구노인회관,34890,PUB-003_자립형일자리_수행기관,https://apis.data.go.kr/B552474/JobBsnInfoService/getJobOperInsttList
,******,0000588,대한노인회 대전 동구지회,수행기관,******,대전광역시 동구 정동 39-3,34625,PUB-003_자립형일자리_수행기관,https://apis.data.go.kr/B552474/JobBsnInfoService/getJobOperInsttList
,******,0000589,대한노인회 대전광역시 대덕구지회,수행기관,******,대전광역시 대덕구 신대동 169-1,34348,PUB-003_자립형일자리_수행기관,https://apis.data.go.kr/B552474/JobBsnInfoService/getJobOperInsttList
,******,0000592,원광종합사회복지관,수행기관,******,전라북도 익산시 신동 423-1 원광사회복지관,54651,PUB-003_자립형일자리_수행기관,https://apis.data.go.kr/B552474/JobBsnInfoService/getJobOperInsttList
2층 대구 남부 노인 보호 전문 기관,******,0000593,대구남부노인보호전문기관,수행기관,******,대구광역시 남구 봉덕동 705-35,42429,PUB-003_자립형일자리_수행기관,https://apis.data.go.kr/B552474/JobBsnInfoService/getJobOperInsttList
,******,0000594,서울 대한노인회 중랑구지회,수행기관,******,서울특별시 중랑구 상봉동 303-48 중랑노인복지회관,02048,PUB-003_자립형일자리_수행기관,https://apis.data.go.kr/B552474/JobBsnInfoService/getJobOperInsttList
,******,0000597,대한노인회 울산 울주군지회,수행기관,******,울산광역시 울주군 언양읍 남부리 166-1,44946,PUB-003_자립형일자리_수행기관,https://apis.data.go.kr/B552474/JobBsnInfoService/getJobOperInsttList
,******,0000598,부산강서구종합사회복지관,수행기관,******,부산 강서구대저1동,618805,PUB-003_자립형일자리_수행기관,https://apis.data.go.kr/B552474/JobBsnInfoService/getJobOperInsttList
대한노인회 광주남구지회,******,0000600,대한노인회 광주 남구지회,수행기관,******,광주광역시 남구 월산동 614-4 노인복지회관,61651,PUB-003_자립형일자리_수행기관,https://apis.data.go.kr/B552474/JobBsnInfoService/getJobOperInsttList
,******,0000601,대한노인회 광주 북구지회,수행기관,******,광주 북구 신안동 148,500829,PUB-003_자립형일자리_수행기관,https://apis.data.go.kr/B552474/JobBsnInfoService/getJobOperInsttList
,******,0000602,대한노인회 경남 거제시지회,수행기관,******,경남 거제시 신현읍 고현리 769-2,656933,PUB-003_자립형일자리_수행기관,https://apis.data.go.kr/B552474/JobBsnInfoService/getJobOperInsttList
,******,0000603,청주상당노인복지관,수행기관,******,충북 청주시 상당구지북동,360185,PUB-003_자립형일자리_수행기관,https://apis.data.go.kr/B552474/JobBsnInfoService/getJobOperInsttList
,******,0000613,대한노인회 경기 양주시지회,수행기관,******,경기도 양주시 회정동 421-27 양주시노인회,11439,PUB-003_자립형일자리_수행기관,https://apis.data.go.kr/B552474/JobBsnInfoService/getJobOperInsttList
,******,0000615,대한노인회 서울 강동구지회,수행기관,******,서울 강동구 둔촌동 170-1,05409,PUB-003_자립형일자리_수행기관,https://apis.data.go.kr/B552474/JobBsnInfoService/getJobOperInsttList
,******,0000617,백양종합사회복지관,수행기관,******,부산 사상구모라3동,617817,PUB-003_자립형일자리_수행기관,https://apis.data.go.kr/B552474/JobBsnInfoService/getJobOperInsttList
2층 ,******,0000618,부산영진종합사회복지관,수행기관,******,부산광역시 해운대구 반여동 1247 영진종합사회복지관,48034,PUB-003_자립형일자리_수행기관,https://apis.data.go.kr/B552474/JobBsnInfoService/getJobOperInsttList
1층,******,0000619,대한노인회 전남 여수시지회,수행기관,******,전라남도 여수시 국동  686-2,59757,PUB-003_자립형일자리_수행기관,https://apis.data.go.kr/B552474/JobBsnInfoService/getJobOperInsttList
,******,0000621,달서구월배노인복지센터,수행기관,******,대구 달서구 월성동 1537,42755,PUB-003_자립형일자리_수행기관,https://apis.data.go.kr/B552474/JobBsnInfoService/getJobOperInsttList
,******,0000624,문수종합사회복지관,수행기관,******,전라남도 여수시 문수동  797 주공아파트,59704,PUB-003_자립형일자리_수행기관,https://apis.data.go.kr/B552474/JobBsnInfoService/getJobOperInsttList
,******,0000628,횡성노인복지센터,수행기관,******,강원도 횡성군 둔내면 자포곡리 423-3 횡성노인복지센터,25264,PUB-003_자립형일자리_수행기관,https://apis.data.go.kr/B552474/JobBsnInfoService/getJobOperInsttList
,******,0000629,영월군청 주민복지과,수행기관,******,강원특별자치도 영월군 영월읍 하송리 242 영월군청사,26235,PUB-003_자립형일자리_수행기관,https://apis.data.go.kr/B552474/JobBsnInfoService/getJobOperInsttList
,******,0000634,대한노인회 부산 북구지회,수행기관,******,부산광역시 북구 금곡동 1450-2 북이실버센터,46508,PUB-003_자립형일자리_수행기관,https://apis.data.go.kr/B552474/JobBsnInfoService/getJobOperInsttList
,******,0000640,대한노인회 전남 순천시지회,수행기관,******,전라남도 순천시 장천동 79-5,57956,PUB-003_자립형일자리_수행기관,https://apis.data.go.kr/B552474/JobBsnInfoService/getJobOperInsttList
,******,0000644,대한노인회 금천구지회,수행기관,******,서울특별시 금천구 독산동 234-86,08553,PUB-003_자립형일자리_수행기관,https://apis.data.go.kr/B552474/JobBsnInfoService/getJobOperInsttList
,******,0000645,대한노인회 부천시오정구지회,수행기관,******,경기도 부천시 원종동  199-49,14433,PUB-003_자립형일자리_수행기관,https://apis.data.go.kr/B552474/JobBsnInfoService/getJobOperInsttList
,******,0000648,순천조례노인복지센터,수행기관,******,전라남도 순천시 조례동 922-2 순천마트,57945,PUB-003_자립형일자리_수행기관,https://apis.data.go.kr/B552474/JobBsnInfoService/getJobOperInsttList
1층,******,0000649,서울 강서구지회 ,수행기관,******,서울특별시 강서구 내발산동 671-30 대한노인회강서구지회,07682,PUB-003_자립형일자리_수행기관,https://apis.data.go.kr/B552474/JobBsnInfoService/getJobOperInsttList
,******,0000651,대한노인회 경기 고양시 덕양구지회,수행기관,******,경기 고양시 덕양구화정1동,412826,PUB-003_자립형일자리_수행기관,https://apis.data.go.kr/B552474/JobBsnInfoService/getJobOperInsttList
,******,0000652,경기고양일산동구지회,수행기관,******,경기도 고양시 일산동구 장항동 906 일산노인종합복지관,10400,PUB-003_자립형일자리_수행기관,https://apis.data.go.kr/B552474/JobBsnInfoService/getJobOperInsttList
,******,0000656,대전중구시니어클럽,수행기관,******,대전광역시 중구 은행동 114-43 중앙타워,34832,PUB-003_자립형일자리_수행기관,https://apis.data.go.kr/B552474/JobBsnInfoService/getJobOperInsttList
,******,0000660,대한노인회 부천시소사구지회,수행기관,******,경기도 부천시 소사본동 64 소사어울마당,14692,PUB-003_자립형일자리_수행기관,https://apis.data.go.kr/B552474/JobBsnInfoService/getJobOperInsttList
,******,0000663,상계종합사회복지관,수행기관,******,서울 노원구 상계3동 101-135,139810,PUB-003_자립형일자리_수행기관,https://apis.data.go.kr/B552474/JobBsnInfoService/getJobOperInsttList
,******,0000665,강서구청 어르신복지과,수행기관,******,서울특별시 강서구 화곡동 980-16 강서구청,07658,PUB-003_자립형일자리_수행기관,https://apis.data.go.kr/B552474/JobBsnInfoService/getJobOperInsttList
,******,0000666,대한노인회 경남 창녕군지회,수행기관,******,경남 창녕군 창녕읍 교하리 234-3,635805,PUB-003_자립형일자리_수행기관,https://apis.data.go.kr/B552474/JobBsnInfoService/getJobOperInsttList
,******,0000668,관악노인종합복지관,수행기관,******,서울 관악구 봉천1동 726-3,151830,PUB-003_자립형일자리_수행기관,https://apis.data.go.kr/B552474/JobBsnInfoService/getJobOperInsttList
,******,0000671,순천린제노인복지센터,수행기관,******,전라남도 순천시 인제동 101-6 순천성신원,57958,PUB-003_자립형일자리_수행기관,https://apis.data.go.kr/B552474/JobBsnInfoService/getJobOperInsttList
,******,0000673,화정종합사회복지관,수행기관,******,부산광역시 북구 금곡동 1108 금곡4단지주공아파트,46514,PUB-003_자립형일자리_수행기관,https://apis.data.go.kr/B552474/JobBsnInfoService/getJobOperInsttList
,******,0000677,대한노인회 경북 구미시지회,수행기관,******,경상북도 구미시 원평동 460-1 구미노인종합복지회관,39305,PUB-003_자립형일자리_수행기관,https://apis.data.go.kr/B552474/JobBsnInfoService/getJobOperInsttList
,******,0000680,대한노인회 충북 보은군지회,수행기관,******,충청북도 보은군 보은읍 이평리 107 보은군 노인회관,28936,PUB-003_자립형일자리_수행기관,https://apis.data.go.kr/B552474/JobBsnInfoService/getJobOperInsttList
,******,0000682,상리종합사회복지관,수행기관,******,부산광역시 영도구 동삼동 1123 상리종합사회복지관,49089,PUB-003_자립형일자리_수행기관,https://apis.data.go.kr/B552474/JobBsnInfoService/getJobOperInsttList
,******,0000683,제주원광재가노인복지센터,수행기관,******,제주 제주시 애월읍 하귀2리 1754-1,695918,PUB-003_자립형일자리_수행기관,https://apis.data.go.kr/B552474/JobBsnInfoService/getJobOperInsttList
,******,0000687,대한노인회 여주시지회(노인취업지원센터),수행기관,******,경기 여주군 여주읍 홍문리 74-91,469807,PUB-003_자립형일자리_수행기관,https://apis.data.go.kr/B552474/JobBsnInfoService/getJobOperInsttList
,******,0000688,정선시니어클럽,수행기관,******,강원특별자치도 정선군 정선읍 봉양리 263 KT정선지사,26131,PUB-003_자립형일자리_수행기관,https://apis.data.go.kr/B552474/JobBsnInfoService/getJobOperInsttList
,******,0000694,대한노인회 충북 영동군지회,수행기관,******,충청북도 영동군 영동읍 매천리 454,29151,PUB-003_자립형일자리_수행기관,https://apis.data.go.kr/B552474/JobBsnInfoService/getJobOperInsttList
,******,0000695,신광노인복지센터,수행기관,******,전라북도 익산시 마동 128 신광복지센터,54597,PUB-003_자립형일자리_수행기관,https://apis.data.go.kr/B552474/JobBsnInfoService/getJobOperInsttList
,******,0000697,대한노인회 경남 밀양시지회,수행기관,******,경상남도 밀양시 삼문동 34-13 밀양종합사회복지관,50441,PUB-003_자립형일자리_수행기관,https://apis.data.go.kr/B552474/JobBsnInfoService/getJobOperInsttList
,******,0000698,대한노인회 충북 제천시지회,수행기관,******,충북 제천시 청전동 의림대로 33길 40(청전동 653번지),27153,PUB-003_자립형일자리_수행기관,https://apis.data.go.kr/B552474/JobBsnInfoService/getJobOperInsttList
,******,0000699,대한노인회 서울 동대문구지회,수행기관,******,서울특별시 동대문구 전농동 295-495 대한노인회 동대문구지회,02539,PUB-003_자립형일자리_수행기관,https://apis.data.go.kr/B552474/JobBsnInfoService/getJobOperInsttList
,******,0000700,부산연제시니어클럽,수행기관,******,부산광역시 연제구 거제동  450-16,47526,PUB-003_자립형일자리_수행기관,https://apis.data.go.kr/B552474/JobBsnInfoService/getJobOperInsttList
,******,0000701,대한노인회 경남 하동군지회,수행기관,******,경상남도 하동군 하동읍 읍내리 1563-6 종합사회복지관,52328,PUB-003_자립형일자리_수행기관,https://apis.data.go.kr/B552474/JobBsnInfoService/getJobOperInsttList
,******,0000702,대한노인회 광주 서구지회,수행기관,******,광주광역시 서구 풍암동 산13,62048,PUB-003_자립형일자리_수행기관,https://apis.data.go.kr/B552474/JobBsnInfoService/getJobOperInsttList
,******,0000703,세종재가노인지원센터,수행기관,******,세종특별자치시 조치원읍 남리 358,30035,PUB-003_자립형일자리_수행기관,https://apis.data.go.kr/B552474/JobBsnInfoService/getJobOperInsttList
"2층, 206호",******,0000704,사)대원사회복지회,수행기관,******,광주 남구 월산동 983-8,61624,PUB-003_자립형일자리_수행기관,https://apis.data.go.kr/B552474/JobBsnInfoService/getJobOperInsttList
,******,0000705,동산사회복지관,수행기관,******,전라북도 익산시 동산동 145 주공아파트,54612,PUB-003_자립형일자리_수행기관,https://apis.data.go.kr/B552474/JobBsnInfoService/getJobOperInsttList
면목아파트 단지 내,******,0000706,면목종합사회복지관,수행기관,******,서울 중랑구 면목4동 1382번지,131753,PUB-003_자립형일자리_수행기관,https://apis.data.go.kr/B552474/JobBsnInfoService/getJobOperInsttList
,******,0000708,대한노인회 전남 해남군지회,수행기관,******,전라남도 해남군 해남읍 구교리 333-4,59030,PUB-003_자립형일자리_수행기관,https://apis.data.go.kr/B552474/JobBsnInfoService/getJobOperInsttList
,******,0000709,안양시 만안구청,수행기관,******,경기도 안양시 만안구 안양동 530 만안구청,14034,PUB-003_자립형일자리_수행기관,https://apis.data.go.kr/B552474/JobBsnInfoService/getJobOperInsttList
,******,0000710,대한노인회 충남 서산시지회,수행기관,******,충남 서산시 예천동 496-17,356070,PUB-003_자립형일자리_수행기관,https://apis.data.go.kr/B552474/JobBsnInfoService/getJobOperInsttList
,******,0000711,대한노인회 충북 충주시지회,수행기관,******,충청북도 충주시 안림동 1071,27486,PUB-003_자립형일자리_수행기관,https://apis.data.go.kr/B552474/JobBsnInfoService/getJobOperInsttList
,******,0000713,부산광역시사직종합사회복지관,수행기관,******,부산광역시 동래구 사직동  29-8 사직사회복지관,47861,PUB-003_자립형일자리_수행기관,https://apis.data.go.kr/B552474/JobBsnInfoService/getJobOperInsttList
,******,0000715,서대문노인종합복지관,수행기관,******,서울특별시 서대문구 천연동 117-3 시립서대문노인종합복지관,03745,PUB-003_자립형일자리_수행기관,https://apis.data.go.kr/B552474/JobBsnInfoService/getJobOperInsttList
,******,0000717,이화여자대학교 종합사회복지관,수행기관,******,서울특별시 서대문구 대현동 11-1 이화여자대학교,03760,PUB-003_자립형일자리_수행기관,https://apis.data.go.kr/B552474/JobBsnInfoService/getJobOperInsttList
,******,0000719,홍은종합사회복지관,수행기관,******,서울특별시 서대문구 홍은동 48-20 홍은동종합사회복지관,03611,PUB-003_자립형일자리_수행기관,https://apis.data.go.kr/B552474/JobBsnInfoService/getJobOperInsttList
,******,0000720,대한노인회 부산 연제구지회,수행기관,******,부산광역시 연제구 연산동 243-26 연제구 노인복지관,47585,PUB-003_자립형일자리_수행기관,https://apis.data.go.kr/B552474/JobBsnInfoService/getJobOperInsttList
,******,0000721,공릉종합사회복지관,수행기관,******,서울특별시 노원구 공릉동 708 공릉1단지아파트,01851,PUB-003_자립형일자리_수행기관,https://apis.data.go.kr/B552474/JobBsnInfoService/getJobOperInsttList
641,******,0000722,대한노인회 충북 괴산군지회,수행기관,******,충북 괴산군괴산읍 동부리,367805,PUB-003_자립형일자리_수행기관,https://apis.data.go.kr/B552474/JobBsnInfoService/getJobOperInsttList
,******,0000725,대한노인회 충남 보령시지회,수행기관,******,충청남도 보령시 대천동 618-208,33466,PUB-003_자립형일자리_수행기관,https://apis.data.go.kr/B552474/JobBsnInfoService/getJobOperInsttList
,******,0000726,대전동구청 관광미래국 도서관운영과,수행기관,******,대전광역시 동구 가오동 425 동구청,34691,PUB-003_자립형일자리_수행기관,https://apis.data.go.kr/B552474/JobBsnInfoService/getJobOperInsttList
,******,0000732,대한노인회 광주 동구지회,수행기관,******,광주광역시 동구 서석동 6-11,61467,PUB-003_자립형일자리_수행기관,https://apis.data.go.kr/B552474/JobBsnInfoService/getJobOperInsttList
,******,0000736,대한노인회 서울 관악구지회,수행기관,******,서울 관악구청룡동,151839,PUB-003_자립형일자리_수행기관,https://apis.data.go.kr/B552474/JobBsnInfoService/getJobOperInsttList
,******,0000738,청담종합사회복지관,수행기관,******,서울특별시 금천구 시흥동 241-7,08656,PUB-003_자립형일자리_수행기관,https://apis.data.go.kr/B552474/JobBsnInfoService/getJobOperInsttList
,******,0000739,밀양노인통합지원센터,수행기관,******,경상남도 밀양시 초동면 성만리 703-1,50455,PUB-003_자립형일자리_수행기관,https://apis.data.go.kr/B552474/JobBsnInfoService/getJobOperInsttList
,******,0000743,대한노인회 서울 용산구지회,수행기관,******,서울특별시 용산구 효창동 255 (사)대한노인회 서울특별시연합회,04311,PUB-003_자립형일자리_수행기관,https://apis.data.go.kr/B552474/JobBsnInfoService/getJobOperInsttList
,******,0000744,대한불교조계종금산사복지원전주서원시니어클럽,수행기관,******,전라북도 전주시 덕진구 금암동 700-7,54933,PUB-003_자립형일자리_수행기관,https://apis.data.go.kr/B552474/JobBsnInfoService/getJobOperInsttList
,******,0000745,전주시 재가노인복지협회,수행기관,******,전라북도 전주시 완산구 경원동2가 29-2,55039,PUB-003_자립형일자리_수행기관,https://apis.data.go.kr/B552474/JobBsnInfoService/getJobOperInsttList
,******,0000747,대한노인회 강원 양구군지회,수행기관,******,강원도 양구군 양구읍 상리 214-3 양구노인복지센,24531,PUB-003_자립형일자리_수행기관,https://apis.data.go.kr/B552474/JobBsnInfoService/getJobOperInsttList
,******,0000750,강원 화천군지회,수행기관,******,강원도 화천군 화천읍 하리 21-4 노인회관,24127,PUB-003_자립형일자리_수행기관,https://apis.data.go.kr/B552474/JobBsnInfoService/getJobOperInsttList
,******,0000752,청주우암시니어클럽,수행기관,******,충청북도 청주시 청원구 우암동  345 청주우암시니어클럽,28539,PUB-003_자립형일자리_수행기관,https://apis.data.go.kr/B552474/JobBsnInfoService/getJobOperInsttList
,******,0000753,대한노인회 임실군지회,수행기관,******,전북특별자치도 임실군 임실읍 이도리 241,55927,PUB-003_자립형일자리_수행기관,https://apis.data.go.kr/B552474/JobBsnInfoService/getJobOperInsttList
,******,0000756,대한노인회 경북 경주시지회,수행기관,******,경상북도 경주시 노서동 129-1,38157,PUB-003_자립형일자리_수행기관,https://apis.data.go.kr/B552474/JobBsnInfoService/getJobOperInsttList
,******,0000757,대한노인회 대전 유성구지회,수행기관,******,대전광역시 유성구 구암동 666-3 (사)대한노인회 유성구지회,34155,PUB-003_자립형일자리_수행기관,https://apis.data.go.kr/B552474/JobBsnInfoService/getJobOperInsttList
,******,0000759,안동시종합사회복지관,수행기관,******,경상북도 안동시 송현동 1133 안동종합사회복지관,36639,PUB-003_자립형일자리_수행기관,https://apis.data.go.kr/B552474/JobBsnInfoService/getJobOperInsttList
,******,0000760,대한노인회 경북 안동시지회,수행기관,******,경상북도 안동시 운흥동 346,36706,PUB-003_자립형일자리_수행기관,https://apis.data.go.kr/B552474/JobBsnInfoService/getJobOperInsttList
,******,0000762,강남노인종합복지관,수행기관,******,서울특별시 강남구 삼성동  66 강남구청 삼성로 별관,06085,PUB-003_자립형일자리_수행기관,https://apis.data.go.kr/B552474/JobBsnInfoService/getJobOperInsttList
,******,0000763,대한노인회 충남 태안군지회,수행기관,******,충청남도 태안군 태안읍 남문리 358-1 노인회관,32142,PUB-003_자립형일자리_수행기관,https://apis.data.go.kr/B552474/JobBsnInfoService/getJobOperInsttList
,******,0000764,양산시종합사회복지관,수행기관,******,경상남도 양산시 물금읍 범어리 501 양산시종합사회복지관,50595,PUB-003_자립형일자리_수행기관,https://apis.data.go.kr/B552474/JobBsnInfoService/getJobOperInsttList
(사)대한노인회나주시지회,******,0000766,대한노인회 전남 나주시지회,수행기관,******,전라남도 나주시 성북동 66 나주시중부노인복지관,58256,PUB-003_자립형일자리_수행기관,https://apis.data.go.kr/B552474/JobBsnInfoService/getJobOperInsttList
,******,0000771,대한노인회 경기 안산시 상록구지회,수행기관,******,경기도 안산시 상록구 성포동 589,15300,PUB-003_자립형일자리_수행기관,https://apis.data.go.kr/B552474/JobBsnInfoService/getJobOperInsttList
대한노인회 합천군지회,******,0000773,대한노인회 경남 합천군지회,수행기관,******,경상남도 합천군합천읍 교동1길 33,678801,PUB-003_자립형일자리_수행기관,https://apis.data.go.kr/B552474/JobBsnInfoService/getJobOperInsttList
3층 대한노인회,******,0000774,대한노인회 충남 예산군지회,수행기관,******,충청남도 예산군 예산읍 석양리 298 노인종합복지관,32423,PUB-003_자립형일자리_수행기관,https://apis.data.go.kr/B552474/JobBsnInfoService/getJobOperInsttList
,******,0000776,금천누리종합사회복지관,수행기관,******,서울 금천구 가산동,153801,PUB-003_자립형일자리_수행기관,https://apis.data.go.kr/B552474/JobBsnInfoService/getJobOperInsttList
,******,0000777,북부종합사회복지관,수행기관,******,서울특별시 노원구 상계동 1257 북부종합사회복지관,01604,PUB-003_자립형일자리_수행기관,https://apis.data.go.kr/B552474/JobBsnInfoService/getJobOperInsttList
,******,0000778,노원1종합사회복지관,수행기관,******,서울 노원구 월계4동 321 사슴아파트 1단지내,139054,PUB-003_자립형일자리_수행기관,https://apis.data.go.kr/B552474/JobBsnInfoService/getJobOperInsttList
,******,0000779,영통종합사회복지관,수행기관,******,경기도 수원시 영통구 영통동 1012-5 영통종합사회복지관,16705,PUB-003_자립형일자리_수행기관,https://apis.data.go.kr/B552474/JobBsnInfoService/getJobOperInsttList
,******,0000782,옥포종합사회복지관,수행기관,******,경남 거제시옥포2동,656906,PUB-003_자립형일자리_수행기관,https://apis.data.go.kr/B552474/JobBsnInfoService/getJobOperInsttList
,******,0000783,대한노인회 경기 수원시 권선구지회,수행기관,******,경기도 수원시 권선구 구운동 501 서호노인복지관,16409,PUB-003_자립형일자리_수행기관,https://apis.data.go.kr/B552474/JobBsnInfoService/getJobOperInsttList
,******,0000785,당감종합사회복지관,수행기관,******,부산광역시 부산진구 당감동 818-220 당감종합사회복지관,47190,PUB-003_자립형일자리_수행기관,https://apis.data.go.kr/B552474/JobBsnInfoService/getJobOperInsttList
,******,0000786,단원구노인복지관,수행기관,******,경기도 안산시 단원구 선부동 1077-9,15368,PUB-003_자립형일자리_수행기관,https://apis.data.go.kr/B552474/JobBsnInfoService/getJobOperInsttList
,******,0000787,대한노인회 서울 강북구지회,수행기관,******,서울특별시 강북구 미아동 791-251 강북노인회관,01120,PUB-003_자립형일자리_수행기관,https://apis.data.go.kr/B552474/JobBsnInfoService/getJobOperInsttList
,******,0000789,경기 안산단원구지회,수행기관,******,경기 안산시 단원구 선부1동 1077-9,425827,PUB-003_자립형일자리_수행기관,https://apis.data.go.kr/B552474/JobBsnInfoService/getJobOperInsttList
,******,0000793,창녕노인통합지원센터,수행기관,******,경상남도 창녕군 창녕읍 교리 210-10,50317,PUB-003_자립형일자리_수행기관,https://apis.data.go.kr/B552474/JobBsnInfoService/getJobOperInsttList
,******,0000794,중계종합사회복지관,수행기관,******,서울특별시 노원구 중계동 358 주공3단지아파트,01711,PUB-003_자립형일자리_수행기관,https://apis.data.go.kr/B552474/JobBsnInfoService/getJobOperInsttList
,******,0000797,사상구종합사회복지관,수행기관,******,부산광역시 사상구 주례동  1006-5 사상구종합사회복지관,46995,PUB-003_자립형일자리_수행기관,https://apis.data.go.kr/B552474/JobBsnInfoService/getJobOperInsttList
(사)대한노인회양산시지회,******,0000798,대한노인회 경남 양산시지회,수행기관,******,경상남도 양산시 중부동 180-4,50618,PUB-003_자립형일자리_수행기관,https://apis.data.go.kr/B552474/JobBsnInfoService/getJobOperInsttList
,******,0000799,마포보사재가노인복지기관,수행기관,******,서울특별시 마포구 연남동 223-91 연동 경로당,03980,PUB-003_자립형일자리_수행기관,https://apis.data.go.kr/B552474/JobBsnInfoService/getJobOperInsttList
,******,0000800,대한노인회 서울 마포구지회,수행기관,******,서울특별시 마포구 용강동 505 용강동주민센터,04161,PUB-003_자립형일자리_수행기관,https://apis.data.go.kr/B552474/JobBsnInfoService/getJobOperInsttList
,******,0000801,성산종합사회복지관,수행기관,******,서울특별시 마포구 성산동 595 성산종합사회복지관,03953,PUB-003_자립형일자리_수행기관,https://apis.data.go.kr/B552474/JobBsnInfoService/getJobOperInsttList
,******,0000803,유성시니어클럽,수행기관,******,대전 유성구 장대동 286-1,34170,PUB-003_자립형일자리_수행기관,https://apis.data.go.kr/B552474/JobBsnInfoService/getJobOperInsttList
,******,0000805,대한노인회 경기 수원시 영통구지회,수행기관,******,경기도 수원시 영통구 영통동 961-18 영통구보건소,16703,PUB-003_자립형일자리_수행기관,https://apis.data.go.kr/B552474/JobBsnInfoService/getJobOperInsttList
,******,0000806,대한노인회 경북 영천시지회,수행기관,******,경상북도 영천시 문내동 14-2,38838,PUB-003_자립형일자리_수행기관,https://apis.data.go.kr/B552474/JobBsnInfoService/getJobOperInsttList
2층,******,0000808,대한노인회 인천 계양구지회,수행기관,******,인천광역시 계양구 작전동 926-6 계양구노인복지관,21124,PUB-003_자립형일자리_수행기관,https://apis.data.go.kr/B552474/JobBsnInfoService/getJobOperInsttList
버드내노인복지관 ,******,0000809,버드내노인복지관,수행기관,******,경기 수원시 권선구 세류3동 483,441870,PUB-003_자립형일자리_수행기관,https://apis.data.go.kr/B552474/JobBsnInfoService/getJobOperInsttList
765,******,0000810,대한노인회 경기 시흥시지회,수행기관,******,경기 시흥시능곡동,429240,PUB-003_자립형일자리_수행기관,https://apis.data.go.kr/B552474/JobBsnInfoService/getJobOperInsttList
,******,0000811,대한노인회 충남 아산시지회,수행기관,******,충청남도 아산시 온천동 206-60 대한노인회아산시지회,31566,PUB-003_자립형일자리_수행기관,https://apis.data.go.kr/B552474/JobBsnInfoService/getJobOperInsttList
,******,0000812,금정구종합사회복지관,수행기관,******,부산광역시 금정구 금사동 545-22 금정구종합사회복지관,46334,PUB-003_자립형일자리_수행기관,https://apis.data.go.kr/B552474/JobBsnInfoService/getJobOperInsttList
,******,0000819,금천노인종합복지관,수행기관,******,서울특별시 금천구 시흥동 558-1 금천노인종합복지관,08634,PUB-003_자립형일자리_수행기관,https://apis.data.go.kr/B552474/JobBsnInfoService/getJobOperInsttList
,******,0000820,상도종합사회복지관,수행기관,******,서울특별시 동작구 상도1동 456 상도종합사회복지관,06968,PUB-003_자립형일자리_수행기관,https://apis.data.go.kr/B552474/JobBsnInfoService/getJobOperInsttList
,******,0000821,(사)대한노인회 충남 천안시지회,수행기관,******,충청남도 천안시 동남구 대흥동 63-58,31128,PUB-003_자립형일자리_수행기관,https://apis.data.go.kr/B552474/JobBsnInfoService/getJobOperInsttList
,******,0000823,(사)세종YWCA,수행기관,******,세종특별자치시  조치원읍 교리 22-6,30024,PUB-003_자립형일자리_수행기관,https://apis.data.go.kr/B552474/JobBsnInfoService/getJobOperInsttList
(사)대한노인회 홍성군지회,******,0000825,대한노인회 충남 홍성군지회,수행기관,******,충청남도 홍성군 홍성읍 오관리 471-4,32236,PUB-003_자립형일자리_수행기관,https://apis.data.go.kr/B552474/JobBsnInfoService/getJobOperInsttList
,******,0000826,한국전례문화원,수행기관,******,대전광역시 중구 대흥동 487-1,34911,PUB-003_자립형일자리_수행기관,https://apis.data.go.kr/B552474/JobBsnInfoService/getJobOperInsttList
,******,0000827,대전기독교종합사회복지관,수행기관,******,대전광역시 중구 문화동 27,35020,PUB-003_자립형일자리_수행기관,https://apis.data.go.kr/B552474/JobBsnInfoService/getJobOperInsttList
,******,0000830,대한노인회 부산 동래구지회,수행기관,******,부산광역시 동래구 수안동 177-1,47877,PUB-003_자립형일자리_수행기관,https://apis.data.go.kr/B552474/JobBsnInfoService/getJobOperInsttList
,******,0000831,대한노인회 전남 무안군지회,수행기관,******,전라남도 무안군 무안읍 교촌리 127-4 무안군노인복지회관,58526,PUB-003_자립형일자리_수행기관,https://apis.data.go.kr/B552474/JobBsnInfoService/getJobOperInsttList
,******,0000832,강진노인복지센터,수행기관,******,전라남도강진군강진읍남성리7 강진복지타운,527802,PUB-003_자립형일자리_수행기관,https://apis.data.go.kr/B552474/JobBsnInfoService/getJobOperInsttList
,******,0000833,해남종합사회복지관,수행기관,******,전라남도 해남군 해남읍 해리 451-1 해남종합사회복지관,59027,PUB-003_자립형일자리_수행기관,https://apis.data.go.kr/B552474/JobBsnInfoService/getJobOperInsttList
,******,0000834,대한노인회 전북 정읍시지회,수행기관,******,전라북도 정읍시 금붕동  949-23 대한노인회 정읍시지회,56196,PUB-003_자립형일자리_수행기관,https://apis.data.go.kr/B552474/JobBsnInfoService/getJobOperInsttList
,******,0000836,대한노인회 평창군지회,수행기관,******,강원특별자치도 평창군 평창읍 하리 116-9,25374,PUB-003_자립형일자리_수행기관,https://apis.data.go.kr/B552474/JobBsnInfoService/getJobOperInsttList
,******,0000838,장흥종합사회복지관,수행기관,******,전라남도 장흥군 장흥읍 건산리 761 장흥종합사회복지관,59327,PUB-003_자립형일자리_수행기관,https://apis.data.go.kr/B552474/JobBsnInfoService/getJobOperInsttList
,******,0000840,대한노인회 경남 창원시 창원지회,수행기관,******,경상남도 창원시 의창구 명곡동 30 의창노인종합복지관,51171,PUB-003_자립형일자리_수행기관,https://apis.data.go.kr/B552474/JobBsnInfoService/getJobOperInsttList
(원미동) 2층,******,0000842,대한노인회 부천시원미구지회,수행기관,******,경기 부천시 원미구원미1동,420839,PUB-003_자립형일자리_수행기관,https://apis.data.go.kr/B552474/JobBsnInfoService/getJobOperInsttList
,******,0000843,대한노인회 전북 완주군지회,수행기관,******,전라북도 완주군 봉동읍 낙평리 1205-1,55325,PUB-003_자립형일자리_수행기관,https://apis.data.go.kr/B552474/JobBsnInfoService/getJobOperInsttList
,******,0000844,대한노인회 충북 음성군지회,수행기관,******,충청북도 음성군 음성읍 읍내리 536-6 노인회관,27695,PUB-003_자립형일자리_수행기관,https://apis.data.go.kr/B552474/JobBsnInfoService/getJobOperInsttList
,******,0000845,대한노인회 전남 고흥군지회,수행기관,******,전라남도 고흥군 고흥읍 호형리 1054-2 사무소,59536,PUB-003_자립형일자리_수행기관,https://apis.data.go.kr/B552474/JobBsnInfoService/getJobOperInsttList
,******,0000846,사단법인 대한노인회 파주시지회,수행기관,******,경기도 파주시 금릉동 428 파주노인복지회관,10934,PUB-003_자립형일자리_수행기관,https://apis.data.go.kr/B552474/JobBsnInfoService/getJobOperInsttList
,******,0000848,대한노인회 충남 금산군지회,수행기관,******,충남 금산군 금성면 양전리,312802,PUB-003_자립형일자리_수행기관,https://apis.data.go.kr/B552474/JobBsnInfoService/getJobOperInsttList
,******,0000850,대한노인회 전남 광양시지회,수행기관,******,전라남도 광양시 광양읍 칠성리 491-1,57753,PUB-003_자립형일자리_수행기관,https://apis.data.go.kr/B552474/JobBsnInfoService/getJobOperInsttList
3층 복지관,******,0000853,울산동구노인복지관,수행기관,******,울산광역시 동구 서부동 113-190 남목2동주민센터,44030,PUB-003_자립형일자리_수행기관,https://apis.data.go.kr/B552474/JobBsnInfoService/getJobOperInsttList
,******,0000856,대한노인회 부산 사상구지회,수행기관,******,부산광역시 사상구 덕포동 417-9,46948,PUB-003_자립형일자리_수행기관,https://apis.data.go.kr/B552474/JobBsnInfoService/getJobOperInsttList
,******,0000859,대한노인회 경기 이천시지회,수행기관,******,경기도 이천시 중리동 449,17376,PUB-003_자립형일자리_수행기관,https://apis.data.go.kr/B552474/JobBsnInfoService/getJobOperInsttList
,******,0000860,대한노인회 충남 서천군지회,수행기관,******,충청남도 서천군 서천읍 군사리 540-1,33644,PUB-003_자립형일자리_수행기관,https://apis.data.go.kr/B552474/JobBsnInfoService/getJobOperInsttList
대한노인회 부안군지회,******,0000866,대한노인회 부안군지회,수행기관,******,전라북도 부안군 부안읍 봉덕리 532 부안군 노인일자리센터,56314,PUB-003_자립형일자리_수행기관,https://apis.data.go.kr/B552474/JobBsnInfoService/getJobOperInsttList
2층,******,0000870,대한노인회 서울 종로구지회,수행기관,******,서울특별시 종로구 효제동 64-1 대한노인회종로구지회,03128,PUB-003_자립형일자리_수행기관,https://apis.data.go.kr/B552474/JobBsnInfoService/getJobOperInsttList
,******,0000871,서구노인종합복지관,수행기관,******,광주 서구 화정1동,502834,PUB-003_자립형일자리_수행기관,https://apis.data.go.kr/B552474/JobBsnInfoService/getJobOperInsttList
,******,0000872,대한노인회 울산 동구지회,수행기관,******,울산광역시 동구 방어동 914-3,44086,PUB-003_자립형일자리_수행기관,https://apis.data.go.kr/B552474/JobBsnInfoService/getJobOperInsttList
,******,0000873,대한노인회 충남 청양군지회,수행기관,******,충청남도 청양군 청양읍 읍내리 331-3,33332,PUB-003_자립형일자리_수행기관,https://apis.data.go.kr/B552474/JobBsnInfoService/getJobOperInsttList
,******,0000874,사단법인 대한노인회 인천남동구지회,수행기관,******,인천광역시 남동구 수산동 13-1,21595,PUB-003_자립형일자리_수행기관,https://apis.data.go.kr/B552474/JobBsnInfoService/getJobOperInsttList
2층 대한노인회평택시지회,******,0000876,사)대한노인회 평택시지회,수행기관,******,경기도 평택시 비전동 805 남부복지타운,17882,PUB-003_자립형일자리_수행기관,https://apis.data.go.kr/B552474/JobBsnInfoService/getJobOperInsttList
,******,0000880,대한노인회 경기 연천군지회,수행기관,******,경기도 연천군 연천읍 옥산리 807-17,11012,PUB-003_자립형일자리_수행기관,https://apis.data.go.kr/B552474/JobBsnInfoService/getJobOperInsttList
,******,0000881,임마누엘재가노인복지센터,수행기관,******,전라북도 진안군 성수면 용포리 61-29 임마누엘재가노인복지센터,55457,PUB-003_자립형일자리_수행기관,https://apis.data.go.kr/B552474/JobBsnInfoService/getJobOperInsttList
,******,0000883,대한노인회 경기 동두천시지회,수행기관,******,경기도 동두천시 보산동 405-3 동두천시 노인회관,11313,PUB-003_자립형일자리_수행기관,https://apis.data.go.kr/B552474/JobBsnInfoService/getJobOperInsttList
,******,0000884,대한노인회 서울 영등포구지회,수행기관,******,서울특별시 영등포구 영등포동3가 19-3,07304,PUB-003_자립형일자리_수행기관,https://apis.data.go.kr/B552474/JobBsnInfoService/getJobOperInsttList
,******,0000885,대한노인회 경남 창원시 진해지회,수행기관,******,경남 창원시 진해구 충장로 343(경화동47번지),51670,PUB-003_자립형일자리_수행기관,https://apis.data.go.kr/B552474/JobBsnInfoService/getJobOperInsttList
,******,0000887,김포시노인종합복지관,수행기관,******,경기 김포시 사우동 865번지,10111,PUB-003_자립형일자리_수행기관,https://apis.data.go.kr/B552474/JobBsnInfoService/getJobOperInsttList
,******,0000889,대한노인회 전남 구례군지회,수행기관,******,전라남도 구례군 구례읍 봉동리 115-3,57636,PUB-003_자립형일자리_수행기관,https://apis.data.go.kr/B552474/JobBsnInfoService/getJobOperInsttList
,******,0000890,사회복지법인한기장복지재단남원시니어클럽,수행기관,******,전라북도 남원시 향교동 197-3,55750,PUB-003_자립형일자리_수행기관,https://apis.data.go.kr/B552474/JobBsnInfoService/getJobOperInsttList
 38,******,0000892,대한노인회 전남 영암군지회,수행기관,******,전남 영암군 영암읍 오리정길 , 26801,PUB-003_자립형일자리_수행기관,https://apis.data.go.kr/B552474/JobBsnInfoService/getJobOperInsttList
,******,0000893,대한노인회 강원 삼척시지회,수행기관,******,강원도 삼척시 남양동  327-4 삼척시 노인회,25920,PUB-003_자립형일자리_수행기관,https://apis.data.go.kr/B552474/JobBsnInfoService/getJobOperInsttList
,******,0000895,대한노인회 전북 무주군지회,수행기관,******,전라북도 무주군 무주읍 당산리 701 무주군보건의료원,55515,PUB-003_자립형일자리_수행기관,https://apis.data.go.kr/B552474/JobBsnInfoService/getJobOperInsttList
,******,0000898,대한노인회 전북 진안군지회,수행기관,******,전북 진안군 진안읍 군하리 198-2,567806,PUB-003_자립형일자리_수행기관,https://apis.data.go.kr/B552474/JobBsnInfoService/getJobOperInsttList
강릉시노인종합복지관 1층 노인회,******,0000899,대한노인회 강원 강릉시지회,수행기관,******,강원도 강릉시 홍제동  96-54,25537,PUB-003_자립형일자리_수행기관,https://apis.data.go.kr/B552474/JobBsnInfoService/getJobOperInsttList
,******,0000901,대한노인회 울산 북구지회,수행기관,******,울산광역시 북구 화봉동 450-1,44241,PUB-003_자립형일자리_수행기관,https://apis.data.go.kr/B552474/JobBsnInfoService/getJobOperInsttList
(사)대한노인회 울산남구지회,******,0000902,대한노인회 울산 남구지회,수행기관,******,"울산광역시 남구 신정동 302-6 신정3동 어린이집, 노인지회",44684,PUB-003_자립형일자리_수행기관,https://apis.data.go.kr/B552474/JobBsnInfoService/getJobOperInsttList
,******,0000903,청주청원시니어클럽,수행기관,******,충북 청주시 청원구 오창읍 장대리 65,28129,PUB-003_자립형일자리_수행기관,https://apis.data.go.kr/B552474/JobBsnInfoService/getJobOperInsttList
,******,0000904,영등포종합사회복지관,수행기관,******,서울 영등포구 신길5동 440-56,150851,PUB-003_자립형일자리_수행기관,https://apis.data.go.kr/B552474/JobBsnInfoService/getJobOperInsttList
대한노인회 장흥군지회,******,0000908,대한노인회 전남 장흥군지회,수행기관,******,전라남도 장흥군 장흥읍 건산리 400 장흥노인복지회관,59324,PUB-003_자립형일자리_수행기관,https://apis.data.go.kr/B552474/JobBsnInfoService/getJobOperInsttList
,******,0000910,대한노인회 서울 동작구지회,수행기관,******,서울특별시 동작구 대방동 407-8 동작노인회관,07055,PUB-003_자립형일자리_수행기관,https://apis.data.go.kr/B552474/JobBsnInfoService/getJobOperInsttList
중구노인복지관,******,0000911,중구노인복지관,수행기관,******,부산 중구 보수동1가 113번지,600803,PUB-003_자립형일자리_수행기관,https://apis.data.go.kr/B552474/JobBsnInfoService/getJobOperInsttList
5층,******,0000914,광주서구시니어클럽,수행기관,******,광주광역시 서구 쌍촌동 401-6 실로암대중탕,61993,PUB-003_자립형일자리_수행기관,https://apis.data.go.kr/B552474/JobBsnInfoService/getJobOperInsttList
지하,******,0000917,대한은퇴자 협회,수행기관,******,서울 광진구 광장동 244-24호,143805,PUB-003_자립형일자리_수행기관,https://apis.data.go.kr/B552474/JobBsnInfoService/getJobOperInsttList
,******,0000919,보은군노인장애인복지관,수행기관,******,충북 보은군 보은읍 이평리 107번지,376806,PUB-003_자립형일자리_수행기관,https://apis.data.go.kr/B552474/JobBsnInfoService/getJobOperInsttList
72-1,******,0000920,대한노인회 순창군지회,수행기관,******,전북 순창군 순창읍 교성리,56047,PUB-003_자립형일자리_수행기관,https://apis.data.go.kr/B552474/JobBsnInfoService/getJobOperInsttList
,******,0000921,대한노인회 강원 양양군지회,수행기관,******,강원도 양양군 양양읍 남문리 48-20,25030,PUB-003_자립형일자리_수행기관,https://apis.data.go.kr/B552474/JobBsnInfoService/getJobOperInsttList
,******,0000922,청주상당시니어클럽,수행기관,******,충청북도 청주시 상당구 수동 112-86,28507,PUB-003_자립형일자리_수행기관,https://apis.data.go.kr/B552474/JobBsnInfoService/getJobOperInsttList
,******,0000924,대한노인회 경기 용인시 처인구지회,수행기관,******,경기도 용인시 처인구 삼가동  556 용인시청,17019,PUB-003_자립형일자리_수행기관,https://apis.data.go.kr/B552474/JobBsnInfoService/getJobOperInsttList
,******,0000928,강서노인종합복지관,수행기관,******,부산 강서구 대저1동 2812-1,618003,PUB-003_자립형일자리_수행기관,https://apis.data.go.kr/B552474/JobBsnInfoService/getJobOperInsttList
,******,0000929,반송종합사회복지관,수행기관,******,부산광역시 해운대구 반송동 697-2 해운대반송복지회관,48000,PUB-003_자립형일자리_수행기관,https://apis.data.go.kr/B552474/JobBsnInfoService/getJobOperInsttList
,******,0000930,운봉종합사회복지관,수행기관,******,부산광역시 해운대구 반송동 77 주공아파트,48010,PUB-003_자립형일자리_수행기관,https://apis.data.go.kr/B552474/JobBsnInfoService/getJobOperInsttList
,******,0000935,횡성군종합사회복지관,수행기관,******,강원특별자치도 횡성군 횡성읍 읍하리 598 횡성보건소,25234,PUB-003_자립형일자리_수행기관,https://apis.data.go.kr/B552474/JobBsnInfoService/getJobOperInsttList
,******,0000936,부산기독교종합사회복지관,수행기관,******,부산 서구 토성동2가 4번지,602052,PUB-003_자립형일자리_수행기관,https://apis.data.go.kr/B552474/JobBsnInfoService/getJobOperInsttList
,******,0000937,인천재가노인지원서비스센터,수행기관,******,인천광역시 미추홀구 학익동 688-7 경로당,22225,PUB-003_자립형일자리_수행기관,https://apis.data.go.kr/B552474/JobBsnInfoService/getJobOperInsttList
정선노인복지센터,******,0000939,정선노인복지센터,수행기관,******,강원 정선군정선읍 애산3리,233803,PUB-003_자립형일자리_수행기관,https://apis.data.go.kr/B552474/JobBsnInfoService/getJobOperInsttList
,******,0000940,정선문화원,수행기관,******,강원도 정선군 정선읍 봉양리 318-3 정선문화원,26131,PUB-003_자립형일자리_수행기관,https://apis.data.go.kr/B552474/JobBsnInfoService/getJobOperInsttList
3층,******,0000949,인천광역시노인인력개발센터,수행기관,******,인천광역시 미추홀구 도화동 1000 행정타운및JST,22101,PUB-003_자립형일자리_수행기관,https://apis.data.go.kr/B552474/JobBsnInfoService/getJobOperInsttList
105-2,******,0000950,창원시니어클럽,수행기관,******,경남 창원시소답동,641835,PUB-003_자립형일자리_수행기관,https://apis.data.go.kr/B552474/JobBsnInfoService/getJobOperInsttList
,******,0000952,사단법인 해누리노인복지공동체 ,수행기관,******,부산광역시 수영구 수영동 457-15 보광빌딩,48231,PUB-003_자립형일자리_수행기관,https://apis.data.go.kr/B552474/JobBsnInfoService/getJobOperInsttList
,******,0000953,대한노인회 강원 춘천시지회,수행기관,******,강원특별자치도 춘천시 중앙로3가 67 춘천시보건소,24358,PUB-003_자립형일자리_수행기관,https://apis.data.go.kr/B552474/JobBsnInfoService/getJobOperInsttList
,******,0000955,함평문화원,수행기관,******,전라남도 함평군 함평읍 기각리 555,57147,PUB-003_자립형일자리_수행기관,https://apis.data.go.kr/B552474/JobBsnInfoService/getJobOperInsttList
,******,0000956,보령노인종합복지관,수행기관,******,충청남도 보령시 죽정동  703-1,33439,PUB-003_자립형일자리_수행기관,https://apis.data.go.kr/B552474/JobBsnInfoService/getJobOperInsttList
,******,0000962,서구종합사회복지관,수행기관,******,부산광역시 서구 동대신동1가 11-33,49214,PUB-003_자립형일자리_수행기관,https://apis.data.go.kr/B552474/JobBsnInfoService/getJobOperInsttList
,******,0000964,대한노인회 경남 거창군지회,수행기관,******,"경상남도 거창군 거창읍 송정리 1092 거창군 노인복지회관, 장애인복합문화관",50142,PUB-003_자립형일자리_수행기관,https://apis.data.go.kr/B552474/JobBsnInfoService/getJobOperInsttList
,******,0000965,청주서원시니어클럽,수행기관,******,충청북도 청주시 서원구 산남동 1088-1 청주서원시니어클럽,28629,PUB-003_자립형일자리_수행기관,https://apis.data.go.kr/B552474/JobBsnInfoService/getJobOperInsttList
,******,0000969,무안군종합사회복지관,수행기관,******,전라남도 무안군 일로읍 월암리 214-2 무안군종합사회복지관,58574,PUB-003_자립형일자리_수행기관,https://apis.data.go.kr/B552474/JobBsnInfoService/getJobOperInsttList
415-4번지,******,0000971,김해시니어클럽,수행기관,******,경남 김해시흥동,621120,PUB-003_자립형일자리_수행기관,https://apis.data.go.kr/B552474/JobBsnInfoService/getJobOperInsttList
,******,0000972,강남구립논현노인종합복지관,수행기관,******,서울특별시 강남구 논현동  125-13 논현노인종합복지관,06111,PUB-003_자립형일자리_수행기관,https://apis.data.go.kr/B552474/JobBsnInfoService/getJobOperInsttList
,******,0000973,구평종합사회복지관,수행기관,******,부산광역시 사하구 구평동 125-23 사회복지회관,49457,PUB-003_자립형일자리_수행기관,https://apis.data.go.kr/B552474/JobBsnInfoService/getJobOperInsttList
,******,0000975,용인시 처인구청,수행기관,******,경기 용인시 처인구 금령로50,17049,PUB-003_자립형일자리_수행기관,https://apis.data.go.kr/B552474/JobBsnInfoService/getJobOperInsttList
,******,0000983,대한노인회 부산 기장군지회,수행기관,******,부산광역시 기장군 기장읍 동부리 115-7,46060,PUB-003_자립형일자리_수행기관,https://apis.data.go.kr/B552474/JobBsnInfoService/getJobOperInsttList
,******,0000985,종로종합사회복지관,수행기관,******,서울특별시 종로구 창신동 23-344 종로종합사회복지관,03091,PUB-003_자립형일자리_수행기관,https://apis.data.go.kr/B552474/JobBsnInfoService/getJobOperInsttList
,******,0000988,전포종합사회복지관,수행기관,******,부산광역시 부산진구 전포동  343-5 전포복지회관,47305,PUB-003_자립형일자리_수행기관,https://apis.data.go.kr/B552474/JobBsnInfoService/getJobOperInsttList
,******,0000994,종로노인종합복지관,수행기관,******,서울특별시 종로구 이화동 25-1 종로노인종합복지관,03100,PUB-003_자립형일자리_수행기관,https://apis.data.go.kr/B552474/JobBsnInfoService/getJobOperInsttList
,******,0000996,유성문화원,수행기관,******,대전광역시 유성구 궁동 469-1 유성문화원,34167,PUB-003_자립형일자리_수행기관,https://apis.data.go.kr/B552474/JobBsnInfoService/getJobOperInsttList
,******,0001003,대한노인회 경북 영주시지회,수행기관,******,경상북도 영주시 휴천동  36-1 대한노인회영주시지부,36102,PUB-003_자립형일자리_수행기관,https://apis.data.go.kr/B552474/JobBsnInfoService/getJobOperInsttList
,******,0001007,태안노인복지관,수행기관,******,충청남도 태안군 태안읍 남문리 712-13 태안군노인복지회관,32144,PUB-003_자립형일자리_수행기관,https://apis.data.go.kr/B552474/JobBsnInfoService/getJobOperInsttList
,******,0001010,예닮복지재단,수행기관,******,부산 금정구 서3동 186-2번지, ,PUB-003_자립형일자리_수행기관,https://apis.data.go.kr/B552474/JobBsnInfoService/getJobOperInsttList
수지복지센터 별관 3층 대한노인회 수지구지회,******,0001018,대한노인회 경기 용인시 수지구지회,수행기관,******,"경기도 용인시 수지구 풍덕천동 720 수지구청,수지보건소",16835,PUB-003_자립형일자리_수행기관,https://apis.data.go.kr/B552474/JobBsnInfoService/getJobOperInsttList
4층,******,0001020,대한노인회 서울 성동구지회,수행기관,******,서울특별시 성동구 홍익동 373-1 건강가정지원센터,04707,PUB-003_자립형일자리_수행기관,https://apis.data.go.kr/B552474/JobBsnInfoService/getJobOperInsttList
,******,0001022,(사)대한노인회서귀포시지회,수행기관,******,제주특별자치도 서귀포시 동홍동 646-1 서귀포노인복지회관,63589,PUB-003_자립형일자리_수행기관,https://apis.data.go.kr/B552474/JobBsnInfoService/getJobOperInsttList
,******,0001026,남광종합사회복지관,수행기관,******,부산 금정구 노포동 산15,609729,PUB-003_자립형일자리_수행기관,https://apis.data.go.kr/B552474/JobBsnInfoService/getJobOperInsttList
,******,0001032,대한노인회 전북 고창군지회,수행기관,******,전라북도 고창군 고창읍 읍내리 192-52 노인회관,56433,PUB-003_자립형일자리_수행기관,https://apis.data.go.kr/B552474/JobBsnInfoService/getJobOperInsttList
,******,0001042,대한노인회 경기 광주시지회,수행기관,******,경기 광주시 탄벌동 18-1노인복지회관2층,464100,PUB-003_자립형일자리_수행기관,https://apis.data.go.kr/B552474/JobBsnInfoService/getJobOperInsttList
,******,0001047,(사)거제YWCA,수행기관,******,경상남도 거제시 고현동 994 동헌아파트,53249,PUB-003_자립형일자리_수행기관,https://apis.data.go.kr/B552474/JobBsnInfoService/getJobOperInsttList
,******,0001048,하남시종합사회복지관,수행기관,******,경기도 하남시 신장동 521-5 종합사회복지관,12947,PUB-003_자립형일자리_수행기관,https://apis.data.go.kr/B552474/JobBsnInfoService/getJobOperInsttList
,******,0001053,가양7종합사회복지관,수행기관,******,서울특별시 강서구 가양동  1486 가양7단지아파트,07531,PUB-003_자립형일자리_수행기관,https://apis.data.go.kr/B552474/JobBsnInfoService/getJobOperInsttList
,******,0001058,도남사회복지관,수행기관,******,경남 통영시 도남동 483-2번지,650150,PUB-003_자립형일자리_수행기관,https://apis.data.go.kr/B552474/JobBsnInfoService/getJobOperInsttList
,******,0001059,대한노인회 경남 통영시지회,수행기관,******,경상남도 통영시 광도면 죽림리 318-15 대한노인회통영시지회,53021,PUB-003_자립형일자리_수행기관,https://apis.data.go.kr/B552474/JobBsnInfoService/getJobOperInsttList
,******,0001061,수원시니어클럽,수행기관,******,경기도 수원시 팔달구 화서동 277-2 실버센터,16435,PUB-003_자립형일자리_수행기관,https://apis.data.go.kr/B552474/JobBsnInfoService/getJobOperInsttList
,******,0001062,사)곡성군새마을회,수행기관,******,,57537,PUB-003_자립형일자리_수행기관,https://apis.data.go.kr/B552474/JobBsnInfoService/getJobOperInsttList
,******,0001072,창동어르신복지관,수행기관,******,,01480,PUB-003_자립형일자리_수행기관,https://apis.data.go.kr/B552474/JobBsnInfoService/getJobOperInsttList
,******,0001073,대한노인회 전남 보성군지회,수행기관,******,전남 보성군보성읍 새싹길 84,546802,PUB-003_자립형일자리_수행기관,https://apis.data.go.kr/B552474/JobBsnInfoService/getJobOperInsttList
도봉통합복지센터 4층,******,0001075,대한노인회 서울 도봉구지회,수행기관,******,서울특별시 도봉구 창동 1-1,01408,PUB-003_자립형일자리_수행기관,https://apis.data.go.kr/B552474/JobBsnInfoService/getJobOperInsttList
,******,0001076,문수실버복지관,수행기관,******,울산광역시 남구 무거동 1005-69 문수실버복지관,44619,PUB-003_자립형일자리_수행기관,https://apis.data.go.kr/B552474/JobBsnInfoService/getJobOperInsttList
,******,0001078,김제노인종합복지관,수행기관,******,전북특별자치도 김제시 하동 404-17,54366,PUB-003_자립형일자리_수행기관,https://apis.data.go.kr/B552474/JobBsnInfoService/getJobOperInsttList
,******,0001084,월평종합사회복지관,수행기관,******,대전광역시 서구 월평동 218 주공아파트,35211,PUB-003_자립형일자리_수행기관,https://apis.data.go.kr/B552474/JobBsnInfoService/getJobOperInsttList
,******,0001085,관저종합사회복지관,수행기관,******,대전광역시 서구 관저동 1140 관저종합사회복지관,35371,PUB-003_자립형일자리_수행기관,https://apis.data.go.kr/B552474/JobBsnInfoService/getJobOperInsttList
,******,0001086,대한노인회 충남 부여군지회,수행기관,******,충남 부여군부여읍 구교리,323804,PUB-003_자립형일자리_수행기관,https://apis.data.go.kr/B552474/JobBsnInfoService/getJobOperInsttList
,******,0001087,대한노인회 충남 당진시지회,수행기관,******,충청남도 당진시 수청동 1005 당진시 종합복지타운,31772,PUB-003_자립형일자리_수행기관,https://apis.data.go.kr/B552474/JobBsnInfoService/getJobOperInsttList
,******,0001096,고양실버인력뱅크,수행기관,******,경기 고양시 일산동구 장항2동 새마을회관 2층 고양실버인력뱅크,410003,PUB-003_자립형일자리_수행기관,https://apis.data.go.kr/B552474/JobBsnInfoService/getJobOperInsttList
,******,0001101,평안교회부설노인복지센터,수행기관,******,대구 서구 내당1동215-10번지,703801,PUB-003_자립형일자리_수행기관,https://apis.data.go.kr/B552474/JobBsnInfoService/getJobOperInsttList
,******,0001103,북익산노인복지센터,수행기관,******,전라북도 익산시 황등면 동연리 501-2,54534,PUB-003_자립형일자리_수행기관,https://apis.data.go.kr/B552474/JobBsnInfoService/getJobOperInsttList
,******,0001107,옥수종합사회복지관,수행기관,******,서울 성동구 옥수2동 204-8,133102,PUB-003_자립형일자리_수행기관,https://apis.data.go.kr/B552474/JobBsnInfoService/getJobOperInsttList
,******,0001115,양평군노인복지관,수행기관,******,경기도 양평군 양평읍 공흥리 568,12550,PUB-003_자립형일자리_수행기관,https://apis.data.go.kr/B552474/JobBsnInfoService/getJobOperInsttList
,******,0001116,동부재가노인통합지원센터,수행기관,******,전라북도 군산시 나포면 서포리 431,54049,PUB-003_자립형일자리_수행기관,https://apis.data.go.kr/B552474/JobBsnInfoService/getJobOperInsttList
,******,0001121,목포문화원,수행기관,******,전라남도 목포시 광동3가 6-1 목포 건어물 젓갈센터,58752,PUB-003_자립형일자리_수행기관,https://apis.data.go.kr/B552474/JobBsnInfoService/getJobOperInsttList
793-2번지,******,0001125,양평군종합사회복지관,수행기관,******,경기 양평군 용문면 다문리 ,476843,PUB-003_자립형일자리_수행기관,https://apis.data.go.kr/B552474/JobBsnInfoService/getJobOperInsttList
3층,******,0001128,시흥실버인력뱅크,수행기관,******,경기도 시흥시 정왕동 2323-10 금강빌딩,15049,PUB-003_자립형일자리_수행기관,https://apis.data.go.kr/B552474/JobBsnInfoService/getJobOperInsttList
,******,0001130,와치종합사회복지관,수행기관,******,부산광역시 영도구 동삼동 510-9 와치종합사회복지관,49114,PUB-003_자립형일자리_수행기관,https://apis.data.go.kr/B552474/JobBsnInfoService/getJobOperInsttList
,******,0001132,절영종합사회복지관,수행기관,******,부산광역시 영도구 동삼동  1124-6 절영종합사회복지관,49113,PUB-003_자립형일자리_수행기관,https://apis.data.go.kr/B552474/JobBsnInfoService/getJobOperInsttList
,******,0001133,대방종합사회복지관,수행기관,******,서울특별시 동작구 대방동 503 주공아파트,06942,PUB-003_자립형일자리_수행기관,https://apis.data.go.kr/B552474/JobBsnInfoService/getJobOperInsttList
",2층 성남시니어클럽",******,0001137,성남시니어클럽,수행기관,******,경기 성남시 수정구 수진동 3042,13319,PUB-003_자립형일자리_수행기관,https://apis.data.go.kr/B552474/JobBsnInfoService/getJobOperInsttList
평창군사회복지센터 2층,******,0001140,평창노인복지센터,수행기관,******,강원특별자치도 평창군 평창읍 종부리 504,25377,PUB-003_자립형일자리_수행기관,https://apis.data.go.kr/B552474/JobBsnInfoService/getJobOperInsttList
,******,0001141,흑석종합사회복지관,수행기관,******,서울 동작구본동,156060,PUB-003_자립형일자리_수행기관,https://apis.data.go.kr/B552474/JobBsnInfoService/getJobOperInsttList
,******,0001149,청솔종합사회복지관 부설 성남시실버인력뱅크,수행기관,******,경기도 성남시 분당구 금곡동 126 청솔마을주공6단지아파트,13617,PUB-003_자립형일자리_수행기관,https://apis.data.go.kr/B552474/JobBsnInfoService/getJobOperInsttList
1층 대한노인회고양시일산서구지회,******,0001155,대한노인회 고양시일산서구지회,수행기관,******,경기도 고양시 일산서구 대화동 2237 고양시 대화노인 종합복지관,10382,PUB-003_자립형일자리_수행기관,https://apis.data.go.kr/B552474/JobBsnInfoService/getJobOperInsttList
하안종합사회복지관 B동 3층 사무실실,******,0001158,하안종합사회복지관,수행기관,******,경기도 광명시 하안동  200 하안13단지고층주공아파트,14307,PUB-003_자립형일자리_수행기관,https://apis.data.go.kr/B552474/JobBsnInfoService/getJobOperInsttList
,******,0001159,용인시 수지구청,수행기관,******,"경기도 용인시 수지구 풍덕천동 720 수지구청,수지보건소",16835,PUB-003_자립형일자리_수행기관,https://apis.data.go.kr/B552474/JobBsnInfoService/getJobOperInsttList
사랑채노인복지관,******,0001166,의왕시사랑채노인복지관,수행기관,******,경기도 의왕시 내손동 849-2 내손동 공용청,16027,PUB-003_자립형일자리_수행기관,https://apis.data.go.kr/B552474/JobBsnInfoService/getJobOperInsttList
,******,0001167,과천시실버인력뱅크(과천시노인복지관),수행기관,******,경기도 과천시 문원동  15-168 과천시노인복지관,13828,PUB-003_자립형일자리_수행기관,https://apis.data.go.kr/B552474/JobBsnInfoService/getJobOperInsttList
,******,0001168,남양주시노인복지관 부설 남양주실버인력뱅크,수행기관,******,경기도 남양주시 진건읍 송능리 109-17,12129,PUB-003_자립형일자리_수행기관,https://apis.data.go.kr/B552474/JobBsnInfoService/getJobOperInsttList
,******,0001178,대한노인회 경기 화성시지회,수행기관,******,경기도 화성시 향남읍 발안리 187-1,18595,PUB-003_자립형일자리_수행기관,https://apis.data.go.kr/B552474/JobBsnInfoService/getJobOperInsttList
,******,0001180,용인시 기흥구청,수행기관,******,경기 용인시 기흥구구갈동,446569,PUB-003_자립형일자리_수행기관,https://apis.data.go.kr/B552474/JobBsnInfoService/getJobOperInsttList
1층 노인복지관 ,******,0001203,평택남부노인복지관,수행기관,******,경기도 평택시 비전동 805 남부복지타운,17882,PUB-003_자립형일자리_수행기관,https://apis.data.go.kr/B552474/JobBsnInfoService/getJobOperInsttList
,******,0001219,대한노인회 전남 영광군지회,수행기관,******,전라남도 영광군 영광읍 신하리 94,57039,PUB-003_자립형일자리_수행기관,https://apis.data.go.kr/B552474/JobBsnInfoService/getJobOperInsttList
,******,0001224,대한노인회 속초시지회,수행기관,******,강원 속초시 교동 664-242,24836,PUB-003_자립형일자리_수행기관,https://apis.data.go.kr/B552474/JobBsnInfoService/getJobOperInsttList
48-4번지,******,0001227,(사) 대한노인회 김천시지회,수행기관,******,경북 김천시 성내동,740100,PUB-003_자립형일자리_수행기관,https://apis.data.go.kr/B552474/JobBsnInfoService/getJobOperInsttList
,******,0001248,안양실버인력뱅크(안양시노인종합복지관),수행기관,******,경기도 안양시 동안구 호계동 314-3 안양시노인종합복지관,14081,PUB-003_자립형일자리_수행기관,https://apis.data.go.kr/B552474/JobBsnInfoService/getJobOperInsttList
,******,0001261,대한노인회 경기 구리시지회,수행기관,******,경기도 구리시 인창동 673-5 구리시여성노인회관,11922,PUB-003_자립형일자리_수행기관,https://apis.data.go.kr/B552474/JobBsnInfoService/getJobOperInsttList
,******,0001262,양구문화원,수행기관,******,강원도 양구군 양구읍 상리 394-14 양구문화복지센터,24521,PUB-003_자립형일자리_수행기관,https://apis.data.go.kr/B552474/JobBsnInfoService/getJobOperInsttList
,******,0001264,덕진노인복지관,수행기관,******,전라북도 전주시 덕진구 덕진동2가 174 덕진노인복지회관,54895,PUB-003_자립형일자리_수행기관,https://apis.data.go.kr/B552474/JobBsnInfoService/getJobOperInsttList
2층,******,0001271,(사)대한노인회하남시지회,수행기관,******,경기도 하남시 춘궁동  334-1 하남시노인복지회관,13020,PUB-003_자립형일자리_수행기관,https://apis.data.go.kr/B552474/JobBsnInfoService/getJobOperInsttList
,******,0001274,세종종합사회복지관,수행기관,******,세종특별자치시 조치원읍 산책1길65,30035,PUB-003_자립형일자리_수행기관,https://apis.data.go.kr/B552474/JobBsnInfoService/getJobOperInsttList
수서종합사회복지관 2층 사무실,******,0001290,수서종합사회복지관,수행기관,******,서울특별시 강남구 수서동 723 수서6단지아파트,06368,PUB-003_자립형일자리_수행기관,https://apis.data.go.kr/B552474/JobBsnInfoService/getJobOperInsttList
,******,0001292,수서명화종합사회복지관,수행기관,******,서울특별시 강남구 수서동 707 주공아파트,06347,PUB-003_자립형일자리_수행기관,https://apis.data.go.kr/B552474/JobBsnInfoService/getJobOperInsttList
 B118호,******,0001299,대한노인회 서울 은평구지회,수행기관,******,서울특별시 은평구 대조동 241 베르디움STAY1,03391,PUB-003_자립형일자리_수행기관,https://apis.data.go.kr/B552474/JobBsnInfoService/getJobOperInsttList
,******,0001303,대한노인회 담양군지회,수행기관,******,전라남도 담양군 담양읍 천변리 196-5,57343,PUB-003_자립형일자리_수행기관,https://apis.data.go.kr/B552474/JobBsnInfoService/getJobOperInsttList
,******,0001305,진주시니어클럽,수행기관,******,경상남도 진주시 상대동 331-6 상대2동주민센터,52776,PUB-003_자립형일자리_수행기관,https://apis.data.go.kr/B552474/JobBsnInfoService/getJobOperInsttList
대한노인회 부산진구지회,******,0001307,대한노인회 부산 부산진구지회,수행기관,******,부산광역시 부산진구 부암동 479-1 백양노인복지관,47143,PUB-003_자립형일자리_수행기관,https://apis.data.go.kr/B552474/JobBsnInfoService/getJobOperInsttList
,******,0001308,남동구노인인력개발센터,수행기관,******,인천광역시 남동구 구월동 1114-12 남동구노인복지관,21559,PUB-003_자립형일자리_수행기관,https://apis.data.go.kr/B552474/JobBsnInfoService/getJobOperInsttList
5층 대한노인회서울시중구지회,******,0001311,대한노인회 서울 중구지회,수행기관,******,서울특별시 중구 신당동 160-2 중구구민복지관,04579,PUB-003_자립형일자리_수행기관,https://apis.data.go.kr/B552474/JobBsnInfoService/getJobOperInsttList
,******,0001312,대한노인회 부산 해운대구지회,수행기관,******,부산광역시 해운대구 우동 1078-1 신세계프라자,48064,PUB-003_자립형일자리_수행기관,https://apis.data.go.kr/B552474/JobBsnInfoService/getJobOperInsttList
,******,0001316,대한노인회 부산 서구지회,수행기관,******,부산광역시 서구 서대신동2가 470-12 서대2동경노당,49206,PUB-003_자립형일자리_수행기관,https://apis.data.go.kr/B552474/JobBsnInfoService/getJobOperInsttList
,******,0001317,단양노인복지관,수행기관,******,충청북도 단양군 단양읍 별곡리 311 단양군 노인복지회관,27010,PUB-003_자립형일자리_수행기관,https://apis.data.go.kr/B552474/JobBsnInfoService/getJobOperInsttList
,******,0001318,대한노인회 울산 중구지회,수행기관,******,울산 중구 반구1동785-1,44504,PUB-003_자립형일자리_수행기관,https://apis.data.go.kr/B552474/JobBsnInfoService/getJobOperInsttList
,******,0001320,대한노인회 경남 의령군지회,수행기관,******,경남 의령군의령읍 서동리,636805,PUB-003_자립형일자리_수행기관,https://apis.data.go.kr/B552474/JobBsnInfoService/getJobOperInsttList
,******,0001322,대한노인회 경남 사천시지회,수행기관,******,경상남도 사천시 정동면 화암리 755 사천시노인복지회관,52523,PUB-003_자립형일자리_수행기관,https://apis.data.go.kr/B552474/JobBsnInfoService/getJobOperInsttList
,******,0001327,군포시니어클럽,수행기관,******,경기도 군포시 당동 948-5,15858,PUB-003_자립형일자리_수행기관,https://apis.data.go.kr/B552474/JobBsnInfoService/getJobOperInsttList
2층,******,0001330,대한노인회 경기 용인시 기흥구지회,수행기관,******,경기도 용인시 기흥구 구갈동 384 용인다목적복지회관,16974,PUB-003_자립형일자리_수행기관,https://apis.data.go.kr/B552474/JobBsnInfoService/getJobOperInsttList
1층,******,0001338,포항형산시니어클럽,수행기관,******,경상북도 포항시 남구 상도동 111 포항시 평생학습원,37833,PUB-003_자립형일자리_수행기관,https://apis.data.go.kr/B552474/JobBsnInfoService/getJobOperInsttList
,******,0001343,(사)대한노인회 인천미추홀구지회,수행기관,******,인천 남구 주안3동 866-67,22218,PUB-003_자립형일자리_수행기관,https://apis.data.go.kr/B552474/JobBsnInfoService/getJobOperInsttList
,******,0001345,광주광산시니어클럽,수행기관,******,,62447,PUB-003_자립형일자리_수행기관,https://apis.data.go.kr/B552474/JobBsnInfoService/getJobOperInsttList
,******,0001351,당진시남부노인복지관,수행기관,******,충청남도 당진시 합덕읍 운산리 302,31811,PUB-003_자립형일자리_수행기관,https://apis.data.go.kr/B552474/JobBsnInfoService/getJobOperInsttList
,******,0001355,정읍시니어클럽,수행기관,******,전라북도 정읍시 장명동 96,56165,PUB-003_자립형일자리_수행기관,https://apis.data.go.kr/B552474/JobBsnInfoService/getJobOperInsttList
,******,0001370,청주내덕노인복지관,수행기관,******,충북 청주시 상당구 내덕 2동,360172,PUB-003_자립형일자리_수행기관,https://apis.data.go.kr/B552474/JobBsnInfoService/getJobOperInsttList
,******,0001371,대구수성시니어클럽,수행기관,******,대구 수성구만촌2동,706806,PUB-003_자립형일자리_수행기관,https://apis.data.go.kr/B552474/JobBsnInfoService/getJobOperInsttList
,******,0001378,고창군노인복지관,수행기관,******,전라북도 고창군 고창읍 율계리 114-4 고창군 종합사회복지관,56442,PUB-003_자립형일자리_수행기관,https://apis.data.go.kr/B552474/JobBsnInfoService/getJobOperInsttList
,******,0001385,의왕시아름채노인복지관,수행기관,******,경기도 의왕시 고천동 100 아름채노인복지관,16077,PUB-003_자립형일자리_수행기관,https://apis.data.go.kr/B552474/JobBsnInfoService/getJobOperInsttList
,******,0001397,(사)대한노인회 김해시지회,수행기관,******,경상남도 김해시 봉황동 17-13 김해시노인복지회관,50927,PUB-003_자립형일자리_수행기관,https://apis.data.go.kr/B552474/JobBsnInfoService/getJobOperInsttList
,******,0001408,도봉동어르신복지관,수행기관,******,서울특별시 도봉구 도봉동 580-5 도봉동 노인복지센터,01305,PUB-003_자립형일자리_수행기관,https://apis.data.go.kr/B552474/JobBsnInfoService/getJobOperInsttList
,******,0001413,중원노인종합복지관,수행기관,******,경기도 성남시 중원구 성남동 3439 중원노인종합복지관,13366,PUB-003_자립형일자리_수행기관,https://apis.data.go.kr/B552474/JobBsnInfoService/getJobOperInsttList
,******,0001421,평화종합사회복지관,수행기관,******,서울특별시 노원구 중계동 514-3 시영3단지목련아파트,01786,PUB-003_자립형일자리_수행기관,https://apis.data.go.kr/B552474/JobBsnInfoService/getJobOperInsttList
156,******,0001422,완주시니어클럽,수행기관,******,전북 완주군 고산면 율곡리,565861,PUB-003_자립형일자리_수행기관,https://apis.data.go.kr/B552474/JobBsnInfoService/getJobOperInsttList
,******,0001432,충주문화원,수행기관,******,충청북도 충주시 칠금동  산1-1 충주문화원,27440,PUB-003_자립형일자리_수행기관,https://apis.data.go.kr/B552474/JobBsnInfoService/getJobOperInsttList
,******,0001437,약수노인종합복지관,수행기관,******,서울특별시 중구 신당동 366-18 약수동 복지회관,04597,PUB-003_자립형일자리_수행기관,https://apis.data.go.kr/B552474/JobBsnInfoService/getJobOperInsttList
,******,0001440,좋은이웃재가노인통합지원센터,수행기관,******,경북 포항시 북구 흥해읍 중성리 24-1번지,791941,PUB-003_자립형일자리_수행기관,https://apis.data.go.kr/B552474/JobBsnInfoService/getJobOperInsttList
,******,0001442,진주노인일자리창출지원센터,수행기관,******,경상남도 진주시 봉래동 216 봉수동주민센터,52751,PUB-003_자립형일자리_수행기관,https://apis.data.go.kr/B552474/JobBsnInfoService/getJobOperInsttList
연희노인문화센터 3층 서구노인인력개발센터,******,0001444,인천서구노인인력개발센터,수행기관,******,인천 서구심곡동,404833,PUB-003_자립형일자리_수행기관,https://apis.data.go.kr/B552474/JobBsnInfoService/getJobOperInsttList
,******,0001445,영도구종합사회복지관,수행기관,******,부산광역시 영도구 신선동3가 112-127 영도구종합사회복지관,49076,PUB-003_자립형일자리_수행기관,https://apis.data.go.kr/B552474/JobBsnInfoService/getJobOperInsttList
12-278번지,******,0001451,사하구종합사회복지관,수행기관,******,부산 사하구 감천2동,604800,PUB-003_자립형일자리_수행기관,https://apis.data.go.kr/B552474/JobBsnInfoService/getJobOperInsttList
,******,0001452,인창노인복지센터,수행기관,******,부산광역시 사하구 괴정동 331-25,49346,PUB-003_자립형일자리_수행기관,https://apis.data.go.kr/B552474/JobBsnInfoService/getJobOperInsttList
,******,0001453,강화군노인복지관,수행기관,******,인천광역시 강화군 강화읍 남산리 223-1 강화노인복지회관,23037,PUB-003_자립형일자리_수행기관,https://apis.data.go.kr/B552474/JobBsnInfoService/getJobOperInsttList
579-1,******,0001467,사단법인 실버마을,수행기관,******,광주 서구용두동,502155,PUB-003_자립형일자리_수행기관,https://apis.data.go.kr/B552474/JobBsnInfoService/getJobOperInsttList
,******,0001472,동삼종합사회복지관,수행기관,******,부산광역시 영도구 동삼동 1121 동삼종합사회복지관,49093,PUB-003_자립형일자리_수행기관,https://apis.data.go.kr/B552474/JobBsnInfoService/getJobOperInsttList
,******,0001474,광주중앙노인복지센터,수행기관,******,광주 서구 화정3동 318-18,502837,PUB-003_자립형일자리_수행기관,https://apis.data.go.kr/B552474/JobBsnInfoService/getJobOperInsttList
,******,0001476,대한노인회 부산 영도구지회,수행기관,******,부산광역시 영도구 대교동2가  159-10 노인복지관,49054,PUB-003_자립형일자리_수행기관,https://apis.data.go.kr/B552474/JobBsnInfoService/getJobOperInsttList
,******,0001484,대한노인회 예천군지회,수행기관,******,경북 예천군 예천읍 서본리 234-1,36827,PUB-003_자립형일자리_수행기관,https://apis.data.go.kr/B552474/JobBsnInfoService/getJobOperInsttList
,******,0001493,김해노인일자리창출지원센터,수행기관,******,경상남도 김해시 흥동 415-4,50964,PUB-003_자립형일자리_수행기관,https://apis.data.go.kr/B552474/JobBsnInfoService/getJobOperInsttList
,******,0001494,대한노인회 진천군지회,수행기관,******,충청북도 진천군 진천읍 읍내리 625 노인복지회관,27831,PUB-003_자립형일자리_수행기관,https://apis.data.go.kr/B552474/JobBsnInfoService/getJobOperInsttList
"쌍용종합사회복지관, 2층 사무실",******,0001508,쌍용종합사회복지관,수행기관,******,충청남도 천안시 서북구 쌍용동 1284 주공7단지1차아파트,31166,PUB-003_자립형일자리_수행기관,https://apis.data.go.kr/B552474/JobBsnInfoService/getJobOperInsttList
,******,0001509,보성종합사회복지관,수행기관,******,전라남도 보성군 보성읍 보성리 229-1,59455,PUB-003_자립형일자리_수행기관,https://apis.data.go.kr/B552474/JobBsnInfoService/getJobOperInsttList
,******,0001516,대전광역시노인복지관,수행기관,******,대전광역시 중구 대흥동 311-1,34948,PUB-003_자립형일자리_수행기관,https://apis.data.go.kr/B552474/JobBsnInfoService/getJobOperInsttList
,******,0001520,쌍봉종합사회복지관,수행기관,******,전남 여수시 학동 65-나,555808,PUB-003_자립형일자리_수행기관,https://apis.data.go.kr/B552474/JobBsnInfoService/getJobOperInsttList
,******,0001531,만덕종합사회복지관,수행기관,******,부산광역시 북구 만덕동  949-1 만덕종합사회복지관,46616,PUB-003_자립형일자리_수행기관,https://apis.data.go.kr/B552474/JobBsnInfoService/getJobOperInsttList
,******,0001537,홍성사회복지관,수행기관,******,충청남도 홍성군 홍성읍 오관리 701-2,32224,PUB-003_자립형일자리_수행기관,https://apis.data.go.kr/B552474/JobBsnInfoService/getJobOperInsttList
,******,0001547,고흥군 노인복지관,수행기관,******,전라남도 고흥군 고흥읍 남계리 182 노인복지타운,59535,PUB-003_자립형일자리_수행기관,https://apis.data.go.kr/B552474/JobBsnInfoService/getJobOperInsttList
,******,0001560,강남종합사회복지관,수행기관,******,서울 강남구 개포로 109길 5(개포동12),135939,PUB-003_자립형일자리_수행기관,https://apis.data.go.kr/B552474/JobBsnInfoService/getJobOperInsttList
,******,0001561,대청종합사회복지관,수행기관,******,서울특별시 강남구 일원동 711 수서1단지 에스에이치빌,06341,PUB-003_자립형일자리_수행기관,https://apis.data.go.kr/B552474/JobBsnInfoService/getJobOperInsttList
,******,0001575,속초시노인복지관,수행기관,******,강원도 속초시 교동 979 속초시 노인종합복지관,24855,PUB-003_자립형일자리_수행기관,https://apis.data.go.kr/B552474/JobBsnInfoService/getJobOperInsttList
,******,0001583,속초종합사회복지관,수행기관,******,강원도 속초시 교동  961-1 속초청초아파트,24856,PUB-003_자립형일자리_수행기관,https://apis.data.go.kr/B552474/JobBsnInfoService/getJobOperInsttList
동구행복한어르신복지관,******,0001608,동구행복한어르신복지관,수행기관,******,대전 동구 판암2동 518-3번지,300834,PUB-003_자립형일자리_수행기관,https://apis.data.go.kr/B552474/JobBsnInfoService/getJobOperInsttList
,******,0001612,경주문화원,수행기관,******,경상북도 경주시 사정동 101-7,38168,PUB-003_자립형일자리_수행기관,https://apis.data.go.kr/B552474/JobBsnInfoService/getJobOperInsttList
3층 313호 대한노인회 오산시지회,******,0001617,대한노인회 경기 오산시지회,수행기관,******,경기도 오산시 금암동  512 오산세교 종합복지관,18109,PUB-003_자립형일자리_수행기관,https://apis.data.go.kr/B552474/JobBsnInfoService/getJobOperInsttList
,******,0001625,구리시니어클럽,수행기관,******,경기도 구리시 수택동 541,11930,PUB-003_자립형일자리_수행기관,https://apis.data.go.kr/B552474/JobBsnInfoService/getJobOperInsttList
,******,0001637,양산시니어클럽,수행기관,******,경남 양산시 남부동 352,50622,PUB-003_자립형일자리_수행기관,https://apis.data.go.kr/B552474/JobBsnInfoService/getJobOperInsttList
,******,0001639,재단법인가평군복지재단(가평군노인복지관),수행기관,******,경기도 가평군 가평읍 읍내리 625-8,12413,PUB-003_자립형일자리_수행기관,https://apis.data.go.kr/B552474/JobBsnInfoService/getJobOperInsttList
4층 사무실,******,0001643,고양시니어클럽,수행기관,******,경기도 고양시 일산서구 대화동 841-3 고양시 노인일자리센터,10222,PUB-003_자립형일자리_수행기관,https://apis.data.go.kr/B552474/JobBsnInfoService/getJobOperInsttList
,******,0001645,부산북구시니어클럽,수행기관,******,부산광역시 북구 덕천동  241-66,46575,PUB-003_자립형일자리_수행기관,https://apis.data.go.kr/B552474/JobBsnInfoService/getJobOperInsttList
,******,0001646,의정부시니어클럽,수행기관,******,경기 의정부시 신곡동 669-4번지 1층,480070,PUB-003_자립형일자리_수행기관,https://apis.data.go.kr/B552474/JobBsnInfoService/getJobOperInsttList
,******,0001647,부산사하시니어클럽,수행기관,******,부산광역시 사하구 신평동 262-24,49442,PUB-003_자립형일자리_수행기관,https://apis.data.go.kr/B552474/JobBsnInfoService/getJobOperInsttList
,******,0001648,거창군 삶의 쉼터,수행기관,******,경상남도 거창군 거창읍 송정리 941-1 거창군삶의쉼터,50141,PUB-003_자립형일자리_수행기관,https://apis.data.go.kr/B552474/JobBsnInfoService/getJobOperInsttList
,******,0001649,속초시니어클럽,수행기관,******,"강원 속초시 동해대로 4219, 2층",217806,PUB-003_자립형일자리_수행기관,https://apis.data.go.kr/B552474/JobBsnInfoService/getJobOperInsttList
,******,0001650,대한노인회 경기 군포시지회,수행기관,******,경기도 군포시 산본동 1096 군포시 늘푸른 노인복지관,15818,PUB-003_자립형일자리_수행기관,https://apis.data.go.kr/B552474/JobBsnInfoService/getJobOperInsttList
,******,0001651,단원시니어클럽,수행기관,******,경기도 안산시 단원구 초지동 667 경기도미술관,15385,PUB-003_자립형일자리_수행기관,https://apis.data.go.kr/B552474/JobBsnInfoService/getJobOperInsttList
,******,0001652,미추홀노인인력개발센터,수행기관,******,인천광역시 미추홀구 숭의동 131-18 미추홀구청,22169,PUB-003_자립형일자리_수행기관,https://apis.data.go.kr/B552474/JobBsnInfoService/getJobOperInsttList
,******,0001657,아산시니어클럽,수행기관,******,충남 아산시염치읍 송곡리,336813,PUB-003_자립형일자리_수행기관,https://apis.data.go.kr/B552474/JobBsnInfoService/getJobOperInsttList
,******,0001663,화성시남부노인복지관,수행기관,******,경기도 화성시 향남읍 행정리 29-2,18590,PUB-003_자립형일자리_수행기관,https://apis.data.go.kr/B552474/JobBsnInfoService/getJobOperInsttList
서도프라자5층,******,0001672,전주효자시니어클럽,수행기관,******,전북 전주시 완산구 효자동1가 454-1,560855,PUB-003_자립형일자리_수행기관,https://apis.data.go.kr/B552474/JobBsnInfoService/getJobOperInsttList
,******,0001682,(사)충주YWCA,수행기관,******,충청북도 충주시 교현동 649-1,27366,PUB-003_자립형일자리_수행기관,https://apis.data.go.kr/B552474/JobBsnInfoService/getJobOperInsttList
,******,0001685,구미노인일자리창출지원센터,수행기관,******,"구미시 문장로 12안길 4,1층(도량동)",730909,PUB-003_자립형일자리_수행기관,https://apis.data.go.kr/B552474/JobBsnInfoService/getJobOperInsttList
,******,0001689,등촌7종합사회복지관,수행기관,******,서울 강서구 등촌3동,157767,PUB-003_자립형일자리_수행기관,https://apis.data.go.kr/B552474/JobBsnInfoService/getJobOperInsttList
,******,0001690,남원노인복지센터,수행기관,******,전라북도 남원시 죽항동 60,55772,PUB-003_자립형일자리_수행기관,https://apis.data.go.kr/B552474/JobBsnInfoService/getJobOperInsttList
분당노인종합복지관 2층 사무실,******,0001691,분당노인종합복지관,수행기관,******,"경기도 성남시 분당구 정자동 253 분당노인종합복지관, 주택전시관",13606,PUB-003_자립형일자리_수행기관,https://apis.data.go.kr/B552474/JobBsnInfoService/getJobOperInsttList
,******,0001695,청양군재가노인지원센터,수행기관,******,충남 청양군정산면 천장리,345813,PUB-003_자립형일자리_수행기관,https://apis.data.go.kr/B552474/JobBsnInfoService/getJobOperInsttList
소라종합사회복지관,******,0001696,소라종합사회복지관,수행기관,******,전라남도 여수시 소라면 덕양리 1230,59649,PUB-003_자립형일자리_수행기관,https://apis.data.go.kr/B552474/JobBsnInfoService/getJobOperInsttList
,******,0001701,상록수노인종합복지센터,수행기관,******,대구광역시 달서구 송현동 138-3,42737,PUB-003_자립형일자리_수행기관,https://apis.data.go.kr/B552474/JobBsnInfoService/getJobOperInsttList
,******,0001703,서울시립대학교종합사회복지관,수행기관,******,서울 중랑구신내2동,131790,PUB-003_자립형일자리_수행기관,https://apis.data.go.kr/B552474/JobBsnInfoService/getJobOperInsttList
,******,0001704,동래구노인복지관,수행기관,******,부산 동래구 명륜 2동 700-199,607803,PUB-003_자립형일자리_수행기관,https://apis.data.go.kr/B552474/JobBsnInfoService/getJobOperInsttList
마산노인일자리창출지원센터,******,0001711,마산노인일자리창출지원센터,수행기관,******,경상남도 창원시 마산합포구 평화동 4-3 금강노인종합복지관,51762,PUB-003_자립형일자리_수행기관,https://apis.data.go.kr/B552474/JobBsnInfoService/getJobOperInsttList
,******,0001716,화원종합사회복지관,수행기관,******,서울 구로구 구로본동 476-134,152059,PUB-003_자립형일자리_수행기관,https://apis.data.go.kr/B552474/JobBsnInfoService/getJobOperInsttList
,******,0001717,전북특별자치도노인복지관,수행기관,******,전라북도 전주시 완산구 서신동 788 전라북도노인복지관,54950,PUB-003_자립형일자리_수행기관,https://apis.data.go.kr/B552474/JobBsnInfoService/getJobOperInsttList
2층 사무실,******,0001719,궁동종합복지관,수행기관,******,서울특별시 구로구 궁동 108-9 궁동종합사회복지관,08249,PUB-003_자립형일자리_수행기관,https://apis.data.go.kr/B552474/JobBsnInfoService/getJobOperInsttList
3층 안양시니어클럽,******,0001720,안양시니어클럽,수행기관,******,경기도 안양시 동안구 호계동  970-12 구군포경로당,14120,PUB-003_자립형일자리_수행기관,https://apis.data.go.kr/B552474/JobBsnInfoService/getJobOperInsttList
,******,0001729,포천시노인복지관 실버인력뱅크,수행기관,******,경기 포천시 군내면 하성북리 520-1번지,487873,PUB-003_자립형일자리_수행기관,https://apis.data.go.kr/B552474/JobBsnInfoService/getJobOperInsttList
,******,0001733,은평구립역촌노인복지관,수행기관,******,서울특별시 은평구 역촌동 67-9 역촌노인복지관,03419,PUB-003_자립형일자리_수행기관,https://apis.data.go.kr/B552474/JobBsnInfoService/getJobOperInsttList
,******,0001734,거제시여성인력개발센터,수행기관,******,경남 거제시 고현동 769-1,53257,PUB-003_자립형일자리_수행기관,https://apis.data.go.kr/B552474/JobBsnInfoService/getJobOperInsttList
,******,0001739,보성군노인복지관,수행기관,******,전남 보성군 벌교읍 회정리 458-8,546906,PUB-003_자립형일자리_수행기관,https://apis.data.go.kr/B552474/JobBsnInfoService/getJobOperInsttList
,******,0001748,의성시니어클럽,수행기관,******,경상북도 의성군 의성읍 후죽리 431-11,37336,PUB-003_자립형일자리_수행기관,https://apis.data.go.kr/B552474/JobBsnInfoService/getJobOperInsttList
,******,0001754,능인종합사회복지관,수행기관,******,서울 강남구 개포동 1055,135960,PUB-003_자립형일자리_수행기관,https://apis.data.go.kr/B552474/JobBsnInfoService/getJobOperInsttList
,******,0001757,북서울종합사회복지관,수행기관,******,서울특별시 강북구 번동 241 번동2단지주공아파트,01229,PUB-003_자립형일자리_수행기관,https://apis.data.go.kr/B552474/JobBsnInfoService/getJobOperInsttList
,******,0001758,횡성시니어클럽,수행기관,******,강원도 횡성군 횡성읍 읍상리 471,25230,PUB-003_자립형일자리_수행기관,https://apis.data.go.kr/B552474/JobBsnInfoService/getJobOperInsttList
,******,0001773,부여군생애설계봉사회,수행기관,******,충청남도 부여군 부여읍 구아리 195-2,33146,PUB-003_자립형일자리_수행기관,https://apis.data.go.kr/B552474/JobBsnInfoService/getJobOperInsttList
미원동,******,0001782,군산적십자평생대학,수행기관,******,전라북도 군산시 미원동 342 군산적십자사 봉사관,54118,PUB-003_자립형일자리_수행기관,https://apis.data.go.kr/B552474/JobBsnInfoService/getJobOperInsttList
,******,0001786,중마노인복지관,수행기관,******,전라남도 광양시 중동 1359-3 제2의광양시중마노인복지관,57784,PUB-003_자립형일자리_수행기관,https://apis.data.go.kr/B552474/JobBsnInfoService/getJobOperInsttList
17,******,0001793,청송시니어클럽,수행기관,******,경북 청송군 진보면 진보부곡길,37400,PUB-003_자립형일자리_수행기관,https://apis.data.go.kr/B552474/JobBsnInfoService/getJobOperInsttList
,******,0001801,무주시니어클럽,수행기관,******,전북 무주군무주읍 읍내리,568804,PUB-003_자립형일자리_수행기관,https://apis.data.go.kr/B552474/JobBsnInfoService/getJobOperInsttList
,******,0001811,대한노인회 경북 봉화군지회,수행기관,******,경상북도 봉화군 봉화읍 내성리 292 봉화복지회관,36238,PUB-003_자립형일자리_수행기관,https://apis.data.go.kr/B552474/JobBsnInfoService/getJobOperInsttList
,******,0001812,월계종합사회복지관,수행기관,******,서울 노원구 월계2동,139052,PUB-003_자립형일자리_수행기관,https://apis.data.go.kr/B552474/JobBsnInfoService/getJobOperInsttList
,******,0001819,완도시니어클럽,수행기관,******,전라남도 완도군 완도읍 군내리 1236-6,59114,PUB-003_자립형일자리_수행기관,https://apis.data.go.kr/B552474/JobBsnInfoService/getJobOperInsttList
오치종합사회복지관,******,0001829,오치종합사회복지관,수행기관,******,광주광역시 북구 오치동  1003 오치 영구임대아파트,61119,PUB-003_자립형일자리_수행기관,https://apis.data.go.kr/B552474/JobBsnInfoService/getJobOperInsttList
3층 ,******,0001830,신월종합사회복지관,수행기관,******,서울특별시 양천구 신월동 신월로24길 19,158843,PUB-003_자립형일자리_수행기관,https://apis.data.go.kr/B552474/JobBsnInfoService/getJobOperInsttList
,******,0001836,중부노인복지관,수행기관,******,울산광역시 울주군 범서읍 구영리 210-9,44920,PUB-003_자립형일자리_수행기관,https://apis.data.go.kr/B552474/JobBsnInfoService/getJobOperInsttList
,******,0001837,정림종합사회복지관,수행기관,******,대전광역시 서구 계백로 1286번길 정림종합사회복지관,302855,PUB-003_자립형일자리_수행기관,https://apis.data.go.kr/B552474/JobBsnInfoService/getJobOperInsttList
,******,0001840,서귀포시니어클럽,수행기관,******,제주특별자치도 서귀포시 서호동 1604,63568,PUB-003_자립형일자리_수행기관,https://apis.data.go.kr/B552474/JobBsnInfoService/getJobOperInsttList
,******,0001848,수정중앙노인종합복지관,수행기관,******,경기도 성남시 수정구 복정동 666 수정중앙노인종합복지관,13112,PUB-003_자립형일자리_수행기관,https://apis.data.go.kr/B552474/JobBsnInfoService/getJobOperInsttList
2층 사무실,******,0001852,사당종합사회복지관,수행기관,******,서울시 동작구 사당4동 268-6,156821,PUB-003_자립형일자리_수행기관,https://apis.data.go.kr/B552474/JobBsnInfoService/getJobOperInsttList
,******,0001854,통영시종합사회복지관,수행기관,******,경상남도 통영시 무전동 464-1 통영시종합사회복지관,53038,PUB-003_자립형일자리_수행기관,https://apis.data.go.kr/B552474/JobBsnInfoService/getJobOperInsttList
,******,0001856,길꽃어린이도서관,수행기관,******,서울 강서구 방화3동 828번지,157857,PUB-003_자립형일자리_수행기관,https://apis.data.go.kr/B552474/JobBsnInfoService/getJobOperInsttList
,******,0001858,영등포구장애인사랑나눔의집,수행기관,******,서울특별시 영등포구 신길동 440-57 사랑나눔의집,07424,PUB-003_자립형일자리_수행기관,https://apis.data.go.kr/B552474/JobBsnInfoService/getJobOperInsttList
(생거진천종합사회복지관 2층),******,0001859,진천시니어클럽,수행기관,******,충북 진천군 진천읍 벽암리 570-1 ,365806,PUB-003_자립형일자리_수행기관,https://apis.data.go.kr/B552474/JobBsnInfoService/getJobOperInsttList
격암빌딩 2층,******,0001860,마포지역아동센터연합회,수행기관,******,서울 마포구 대흥동 32-16,121809,PUB-003_자립형일자리_수행기관,https://apis.data.go.kr/B552474/JobBsnInfoService/getJobOperInsttList
,******,0001862,서울시 성북구지회,수행기관,******,서울특별시 성북구 안암동5가 104-37,02856,PUB-003_자립형일자리_수행기관,https://apis.data.go.kr/B552474/JobBsnInfoService/getJobOperInsttList
,******,0001865,동대문종합사회복지관,수행기관,******,서울특별시 동대문구 제기동 220,02476,PUB-003_자립형일자리_수행기관,https://apis.data.go.kr/B552474/JobBsnInfoService/getJobOperInsttList
,******,0001866,정읍시북부노인복지관,수행기관,******,전라북도 정읍시 신태인읍 신태인리 66-2,56106,PUB-003_자립형일자리_수행기관,https://apis.data.go.kr/B552474/JobBsnInfoService/getJobOperInsttList
,******,0001870,방학동어르신복지관,수행기관,******,서울특별시 도봉구 방학동 393-5 방학동노인복지센터,01314,PUB-003_자립형일자리_수행기관,https://apis.data.go.kr/B552474/JobBsnInfoService/getJobOperInsttList
,******,0001871,구리실버인력뱅크,수행기관,******,경기도 구리시 인창동 575-18,11923,PUB-003_자립형일자리_수행기관,https://apis.data.go.kr/B552474/JobBsnInfoService/getJobOperInsttList
,******,0001874,동작이수사회복지관,수행기관,******,서울특별시 동작구 사당동 52-3 동작이수사회복지관,06991,PUB-003_자립형일자리_수행기관,https://apis.data.go.kr/B552474/JobBsnInfoService/getJobOperInsttList
4층,******,0001875,대구동구시니어클럽,수행기관,******,대구광역시 동구 신평동 783-11 대한노인회 대구광역시 동구지회,41133,PUB-003_자립형일자리_수행기관,https://apis.data.go.kr/B552474/JobBsnInfoService/getJobOperInsttList
,******,0001877,대구북구시니어클럽,수행기관,******,대구광역시 북구 노원동1가 517,41589,PUB-003_자립형일자리_수행기관,https://apis.data.go.kr/B552474/JobBsnInfoService/getJobOperInsttList
,******,0001878,대전동구시니어클럽,수행기관,******,대전광역시 동구 가양동  423-9,34533,PUB-003_자립형일자리_수행기관,https://apis.data.go.kr/B552474/JobBsnInfoService/getJobOperInsttList
,******,0001879,대전대동종합사회복지관,수행기관,******,대전광역시 동구 대동 1-187,34651,PUB-003_자립형일자리_수행기관,https://apis.data.go.kr/B552474/JobBsnInfoService/getJobOperInsttList
,******,0001880,대구서구시니어클럽,수행기관,******,대구광역시 서구 평리동 1535-13,41769,PUB-003_자립형일자리_수행기관,https://apis.data.go.kr/B552474/JobBsnInfoService/getJobOperInsttList
,******,0001885,연천군노인복지관 실버인력뱅크,수행기관,******,경기도 연천군 연천읍 옥산리 874 연천군 노인복지관,11012,PUB-003_자립형일자리_수행기관,https://apis.data.go.kr/B552474/JobBsnInfoService/getJobOperInsttList
,******,0001887,서초방배노인종합복지관,수행기관,******,서울특별시 서초구 방배동 455-11 서초구립방배노인주간보호센터,06677,PUB-003_자립형일자리_수행기관,https://apis.data.go.kr/B552474/JobBsnInfoService/getJobOperInsttList
,******,0001889,성남시분당시니어클럽 ,수행기관,******,경기도 성남시 분당구 구미동 144-3,13632,PUB-003_자립형일자리_수행기관,https://apis.data.go.kr/B552474/JobBsnInfoService/getJobOperInsttList
2~3층 재단법인 광주광역시 사회서비스원,******,0001890,재단법인 광주광역시사회서비스원 ,수행기관,******,광주광역시 서구 화정동 898,61986,PUB-003_자립형일자리_수행기관,https://apis.data.go.kr/B552474/JobBsnInfoService/getJobOperInsttList
,******,0001891,남양주시니어클럽,수행기관,******,경기도 남양주시 다산동 6107,12249,PUB-003_자립형일자리_수행기관,https://apis.data.go.kr/B552474/JobBsnInfoService/getJobOperInsttList
,******,0001901,압구정노인복지관,수행기관,******,서울특별시 강남구 신사동  652-13 압구정 노인복지센터,06019,PUB-003_자립형일자리_수행기관,https://apis.data.go.kr/B552474/JobBsnInfoService/getJobOperInsttList
9층 백석실버센터,******,0001903,백석대학교 부설 백석실버센터,수행기관,******,충청남도 천안시 서북구 성정동 1519 태극빌딩,31109,PUB-003_자립형일자리_수행기관,https://apis.data.go.kr/B552474/JobBsnInfoService/getJobOperInsttList
광명시노인종합복지관 3층 사무실,******,0001904,광명시립소하노인종합복지관,수행기관,******,경기도 광명시 소하동 1291 소하1동주민센터,14315,PUB-003_자립형일자리_수행기관,https://apis.data.go.kr/B552474/JobBsnInfoService/getJobOperInsttList
,******,0001909,안동시니어클럽,수행기관,******,경상북도 안동시 대석동 145-1,36696,PUB-003_자립형일자리_수행기관,https://apis.data.go.kr/B552474/JobBsnInfoService/getJobOperInsttList
,******,0001912,김포시니어클럽,수행기관,******,경기도 김포시 풍무동 1037,10113,PUB-003_자립형일자리_수행기관,https://apis.data.go.kr/B552474/JobBsnInfoService/getJobOperInsttList
,******,0001913,부산기장시니어클럽,수행기관,******,부산광역시 기장군 기장읍 동부리 150-1 한신인테리어,46061,PUB-003_자립형일자리_수행기관,https://apis.data.go.kr/B552474/JobBsnInfoService/getJobOperInsttList
", 1층 부평구노인인력개발센터(부평동, 부평어울림센터)",******,0001917,부평구노인인력개발센터,수행기관,******,인천광역시 부평구 부평동 914 부평구자원봉사센터,21355,PUB-003_자립형일자리_수행기관,https://apis.data.go.kr/B552474/JobBsnInfoService/getJobOperInsttList
울주시니어클럽,******,0001919,울주시니어클럽,수행기관,******,울산광역시 울주군 언양읍 동부리 253-9,44941,PUB-003_자립형일자리_수행기관,https://apis.data.go.kr/B552474/JobBsnInfoService/getJobOperInsttList
,******,0001934,연수구노인인력개발센터,수행기관,******,인천광역시 연수구 연수동 599-5 탑피온,21927,PUB-003_자립형일자리_수행기관,https://apis.data.go.kr/B552474/JobBsnInfoService/getJobOperInsttList
,******,0001954,파랑새종합사회복지관,수행기관,******,부산광역시 해운대구 반송동 233-4 파랑새유치원,48009,PUB-003_자립형일자리_수행기관,https://apis.data.go.kr/B552474/JobBsnInfoService/getJobOperInsttList
2층 사무실,******,0001959,예산군노인종합복지관,수행기관,******,충청남도 예산군 예산읍 석양리 298 노인종합복지관,32423,PUB-003_자립형일자리_수행기관,https://apis.data.go.kr/B552474/JobBsnInfoService/getJobOperInsttList
,******,0001965,경북노인복지문화센터,수행기관,******,경상북도 경주시 성건동 178-1,38142,PUB-003_자립형일자리_수행기관,https://apis.data.go.kr/B552474/JobBsnInfoService/getJobOperInsttList
,******,0001971,반여종합사회복지관,수행기관,******,부산광역시 해운대구 반여동 1291-1360 반여종합사회복지관,48027,PUB-003_자립형일자리_수행기관,https://apis.data.go.kr/B552474/JobBsnInfoService/getJobOperInsttList
1067-4번지,******,0001989,김천시니어클럽,수행기관,******,경북 김천시대항면 덕전리,39569,PUB-003_자립형일자리_수행기관,https://apis.data.go.kr/B552474/JobBsnInfoService/getJobOperInsttList
,******,0002004,시영종합사회복지관,수행기관,******,광주광역시 서구 쌍촌동 1228 시영아파트,61997,PUB-003_자립형일자리_수행기관,https://apis.data.go.kr/B552474/JobBsnInfoService/getJobOperInsttList
,******,0002006,각화종합사회복지관,수행기관,******,광주광역시 북구 각화동 202 각화 영구임대아파트,61166,PUB-003_자립형일자리_수행기관,https://apis.data.go.kr/B552474/JobBsnInfoService/getJobOperInsttList
,******,0002015,사)경기도실버자원봉사회,수행기관,******,경기 수원시 팔달구 화서동 246-11,16436,PUB-003_자립형일자리_수행기관,https://apis.data.go.kr/B552474/JobBsnInfoService/getJobOperInsttList
,******,0002017,용인시니어클럽,수행기관,******,경기도 용인시 처인구 김량장동 353-15 용인시니어클럽,17062,PUB-003_자립형일자리_수행기관,https://apis.data.go.kr/B552474/JobBsnInfoService/getJobOperInsttList
18-1,******,0002022,광주시노인복지관,수행기관,******,경기 광주시 탄벌동,464100,PUB-003_자립형일자리_수행기관,https://apis.data.go.kr/B552474/JobBsnInfoService/getJobOperInsttList
,******,0002026,대한노인회 충남 논산시지회,수행기관,******,충청남도 논산시 강산동 666,32959,PUB-003_자립형일자리_수행기관,https://apis.data.go.kr/B552474/JobBsnInfoService/getJobOperInsttList
,******,0002028,갈월종합사회복지관,수행기관,******,서울특별시 용산구 갈월동 51-19 남영동 주민센터,04335,PUB-003_자립형일자리_수행기관,https://apis.data.go.kr/B552474/JobBsnInfoService/getJobOperInsttList
3층 사무실,******,0002031,서초구립중앙노인종합복지관,수행기관,******,서울특별시 서초구 서초동 1666-17 서초구립중앙노인복지관,06633,PUB-003_자립형일자리_수행기관,https://apis.data.go.kr/B552474/JobBsnInfoService/getJobOperInsttList
,******,0002040,시흥시노인종합복지관,수행기관,******,경기도 시흥시 능곡동 765,14995,PUB-003_자립형일자리_수행기관,https://apis.data.go.kr/B552474/JobBsnInfoService/getJobOperInsttList
1279,******,0002054,원주시니어클럽,수행기관,******,강원도 원주시 관설동,220934,PUB-003_자립형일자리_수행기관,https://apis.data.go.kr/B552474/JobBsnInfoService/getJobOperInsttList
,******,0002063,갈현노인복지관,수행기관,******,서울특별시 은평구 갈현동 415-2 갈현노인복지센터,03328,PUB-003_자립형일자리_수행기관,https://apis.data.go.kr/B552474/JobBsnInfoService/getJobOperInsttList
,******,0002071,용운종합사회복지관,수행기관,******,대전광역시 동구 용운동 459,34660,PUB-003_자립형일자리_수행기관,https://apis.data.go.kr/B552474/JobBsnInfoService/getJobOperInsttList
산59-7,******,0002089,평택팽성노인복지관,수행기관,******,경기 평택시 팽성읍 남산리,451803,PUB-003_자립형일자리_수행기관,https://apis.data.go.kr/B552474/JobBsnInfoService/getJobOperInsttList
,******,0002099,대한노인회 전남 목포시지회,수행기관,******,전라남도 목포시 호남동 9-3,58722,PUB-003_자립형일자리_수행기관,https://apis.data.go.kr/B552474/JobBsnInfoService/getJobOperInsttList
,******,0002101,나드리노인복지관,수행기관,******,전라남도 화순군 화순읍 강정리 139 나드리노인복지관,58141,PUB-003_자립형일자리_수행기관,https://apis.data.go.kr/B552474/JobBsnInfoService/getJobOperInsttList
135-17,******,0002105,대한노인회 경기 포천시지회,수행기관,******,경기도 포천시 신읍동,487803,PUB-003_자립형일자리_수행기관,https://apis.data.go.kr/B552474/JobBsnInfoService/getJobOperInsttList
,******,0002113,대한노인회 전북 익산시지회,수행기관,******,전북특별자치도 익산시 어양동 652-4,54639,PUB-003_자립형일자리_수행기관,https://apis.data.go.kr/B552474/JobBsnInfoService/getJobOperInsttList
2층,******,0002164,양지노인복지관,수행기관,******,전라북도 전주시 완산구 효자동1가 567-1 양지노인복지관,55082,PUB-003_자립형일자리_수행기관,https://apis.data.go.kr/B552474/JobBsnInfoService/getJobOperInsttList
,******,0002173,거제시종합사회복지관,수행기관,******,경상남도 거제시 양정동 1094-3,53337,PUB-003_자립형일자리_수행기관,https://apis.data.go.kr/B552474/JobBsnInfoService/getJobOperInsttList
꽃밭정이노인복지관,******,0002175,꽃밭정이노인복지관,수행기관,******,전라북도 전주시 완산구 평화동2가 858-5,55123,PUB-003_자립형일자리_수행기관,https://apis.data.go.kr/B552474/JobBsnInfoService/getJobOperInsttList
1층,******,0002201,대덕구시니어클럽,수행기관,******,대전광역시 대덕구 오정동 464-5,34435,PUB-003_자립형일자리_수행기관,https://apis.data.go.kr/B552474/JobBsnInfoService/getJobOperInsttList
,******,0002202,달성군노인복지관,수행기관,******,대구광역시 달성군 옥포면 기세리 264-1,42972,PUB-003_자립형일자리_수행기관,https://apis.data.go.kr/B552474/JobBsnInfoService/getJobOperInsttList
,******,0002203,평택서부노인복지관,수행기관,******,경기도 평택시 안중읍 학현리 501-2 평택서부복지타운,17816,PUB-003_자립형일자리_수행기관,https://apis.data.go.kr/B552474/JobBsnInfoService/getJobOperInsttList
서산시니어클럽,******,0002212,서산시니어클럽,수행기관,******,충남 서산시 성연면 고남리,356852,PUB-003_자립형일자리_수행기관,https://apis.data.go.kr/B552474/JobBsnInfoService/getJobOperInsttList
,******,0002221,문경시니어클럽,수행기관,******,"경상북도 문경시 모전동 384-1 문경시니어클럽,양음지마노임건강센터",36976,PUB-003_자립형일자리_수행기관,https://apis.data.go.kr/B552474/JobBsnInfoService/getJobOperInsttList
,******,0002223,남구노인복지관,수행기관,******,부산광역시 남구 대연동 1346 남구노인복지관,48444,PUB-003_자립형일자리_수행기관,https://apis.data.go.kr/B552474/JobBsnInfoService/getJobOperInsttList
,******,0002226,중구노인복지관,수행기관,******,울산광역시 중구 남외동 1010-1,44516,PUB-003_자립형일자리_수행기관,https://apis.data.go.kr/B552474/JobBsnInfoService/getJobOperInsttList
동안노인복지회관 1층,******,0002229,경기 안양시동안구지회,수행기관,******,경기 안양시 동안구 동안로 151번길,431817,PUB-003_자립형일자리_수행기관,https://apis.data.go.kr/B552474/JobBsnInfoService/getJobOperInsttList
,******,0002231,태백시니어클럽,수행기관,******,강원특별자치도 태백시 문곡동 27-51 태백시니어클럽,26044,PUB-003_자립형일자리_수행기관,https://apis.data.go.kr/B552474/JobBsnInfoService/getJobOperInsttList
181번지,******,0002232,괴산군노인복지관,수행기관,******,충북 괴산군 괴산읍 동부리,28033,PUB-003_자립형일자리_수행기관,https://apis.data.go.kr/B552474/JobBsnInfoService/getJobOperInsttList
,******,0002233,경기 안양시만안구지회,수행기관,******,경기도 안양시 만안구 안양동 707-139 만안노인복지회관,14000,PUB-003_자립형일자리_수행기관,https://apis.data.go.kr/B552474/JobBsnInfoService/getJobOperInsttList
,******,0002234,반석종합사회복지관,수행기관,******,부산광역시 해운대구 반송동 880 도개공아파트,48012,PUB-003_자립형일자리_수행기관,https://apis.data.go.kr/B552474/JobBsnInfoService/getJobOperInsttList
,******,0002237,부산진구노인복지관,수행기관,******,부산광역시 부산진구 전포동 581 부산진구 노인 장애인복지관,47236,PUB-003_자립형일자리_수행기관,https://apis.data.go.kr/B552474/JobBsnInfoService/getJobOperInsttList
,******,0002239,의왕시니어클럽,수행기관,******,경기도 의왕시 청계동 824-2,16013,PUB-003_자립형일자리_수행기관,https://apis.data.go.kr/B552474/JobBsnInfoService/getJobOperInsttList
화성시니어클럽,******,0002243,화성시니어클럽,수행기관,******,경기도 화성시 봉담읍 상리 713,18309,PUB-003_자립형일자리_수행기관,https://apis.data.go.kr/B552474/JobBsnInfoService/getJobOperInsttList
담양군향촌노인종합복지관,******,0002244,담양군향촌노인종합복지관,수행기관,******,전라남도 담양군 담양읍 삼만리 443-10,57310,PUB-003_자립형일자리_수행기관,https://apis.data.go.kr/B552474/JobBsnInfoService/getJobOperInsttList
4층,******,0002245,은평구립응암노인복지관,수행기관,******,서울특별시 은평구 응암동 126-46,03456,PUB-003_자립형일자리_수행기관,https://apis.data.go.kr/B552474/JobBsnInfoService/getJobOperInsttList
,******,0002246,송파복지센터 ,수행기관,******,서울 송파구 장지동 850-2,05792,PUB-003_자립형일자리_수행기관,https://apis.data.go.kr/B552474/JobBsnInfoService/getJobOperInsttList
군산시 신영동 9-3 (구)중앙동주민센터,******,0002251,군산시니어클럽,수행기관,******,전라북도 군산시 신영동 9-3 중앙동주민센터,54027,PUB-003_자립형일자리_수행기관,https://apis.data.go.kr/B552474/JobBsnInfoService/getJobOperInsttList
,******,0002252,장수시니어클럽,수행기관,******,전라북도 장수군 장수읍 노하리 362,55631,PUB-003_자립형일자리_수행기관,https://apis.data.go.kr/B552474/JobBsnInfoService/getJobOperInsttList
,******,0002254,상대원1동다목적복지회관,수행기관,******,경기도 성남시 중원구 상대원동 1336,13221,PUB-003_자립형일자리_수행기관,https://apis.data.go.kr/B552474/JobBsnInfoService/getJobOperInsttList
"1,2층",******,0002255,마포구고용복지지원센터,수행기관,******,서울특별시 마포구 상암동 1640 마포창업복지관,03911,PUB-003_자립형일자리_수행기관,https://apis.data.go.kr/B552474/JobBsnInfoService/getJobOperInsttList
,******,0002257,용현노인문화센터,수행기관,******,인천광역시 미추홀구 용현동 181-5 용현4동 노인복지센타,22207,PUB-003_자립형일자리_수행기관,https://apis.data.go.kr/B552474/JobBsnInfoService/getJobOperInsttList
115,******,0002265,효능원노인통합지원센터,수행기관,******,경남 김해시진영읍 내룡리,621801,PUB-003_자립형일자리_수행기관,https://apis.data.go.kr/B552474/JobBsnInfoService/getJobOperInsttList
205호,******,0002267,사단법인 온사랑복지회,수행기관,******,대구광역시 중구 향촌동 63 대보백화점,41918,PUB-003_자립형일자리_수행기관,https://apis.data.go.kr/B552474/JobBsnInfoService/getJobOperInsttList
,******,0002269,길음종합사회복지관 ,수행기관,******,서울특별시 성북구 길음동 1061 길음종합사회복지관,02732,PUB-003_자립형일자리_수행기관,https://apis.data.go.kr/B552474/JobBsnInfoService/getJobOperInsttList
,******,0002272,서울시종로구재가노인복지기관,수행기관,******,서울특별시 종로구 숭인동 57-37,03108,PUB-003_자립형일자리_수행기관,https://apis.data.go.kr/B552474/JobBsnInfoService/getJobOperInsttList
,******,0002275,강서구립 연지노인복지센터,수행기관,******,서울특별시 강서구 화곡동 1121-19,07657,PUB-003_자립형일자리_수행기관,https://apis.data.go.kr/B552474/JobBsnInfoService/getJobOperInsttList
3층,******,0002276,화곡노인복지센터,수행기관,******,서울 강서구화곡1동 366-1번지,157884,PUB-003_자립형일자리_수행기관,https://apis.data.go.kr/B552474/JobBsnInfoService/getJobOperInsttList
,******,0002278,대한노인회 강원 태백시지회,수행기관,******,강원특별자치도 태백시 황지동 274-755 태백시노인회관,26025,PUB-003_자립형일자리_수행기관,https://apis.data.go.kr/B552474/JobBsnInfoService/getJobOperInsttList
,******,0002283,대한노인회 경남 남해군지회,수행기관,******,경상남도 남해군 남해읍 아산리 349 노인복지관,52419,PUB-003_자립형일자리_수행기관,https://apis.data.go.kr/B552474/JobBsnInfoService/getJobOperInsttList
산41-16,******,0002284,강서구립 봉제산노인복지센터,수행기관,******,서울 강서구 화곡동,157010,PUB-003_자립형일자리_수행기관,https://apis.data.go.kr/B552474/JobBsnInfoService/getJobOperInsttList
,******,0002287,마들종합사회복지관,수행기관,******,서울특별시 노원구 중계동 515-3 중계주공1단지아파트,01759,PUB-003_자립형일자리_수행기관,https://apis.data.go.kr/B552474/JobBsnInfoService/getJobOperInsttList
,******,0002288,소양강댐노인복지관,수행기관,******,강원특별자치도 춘천시 신북읍 산천리 342-5,24203,PUB-003_자립형일자리_수행기관,https://apis.data.go.kr/B552474/JobBsnInfoService/getJobOperInsttList
226-11,******,0002291,포천노인복지센터,수행기관,******, 경기도 포천시 자작동,487060,PUB-003_자립형일자리_수행기관,https://apis.data.go.kr/B552474/JobBsnInfoService/getJobOperInsttList
,******,0002293,관악구청 교육지원과,수행기관,******,서울특별시 관악구 봉천동 1570-1 관악구청,08832,PUB-003_자립형일자리_수행기관,https://apis.data.go.kr/B552474/JobBsnInfoService/getJobOperInsttList
50,******,0002300,서부노인복지관,수행기관,******,울산 울주군삼남면 교동리,689812,PUB-003_자립형일자리_수행기관,https://apis.data.go.kr/B552474/JobBsnInfoService/getJobOperInsttList
,******,0002301,남부노인복지관,수행기관,******,울산광역시 울주군 온양읍 발리 279-2,44976,PUB-003_자립형일자리_수행기관,https://apis.data.go.kr/B552474/JobBsnInfoService/getJobOperInsttList
,******,0002302,지리산노인통합지원센터,수행기관,******,경남 함양군함양읍 백연리,50051,PUB-003_자립형일자리_수행기관,https://apis.data.go.kr/B552474/JobBsnInfoService/getJobOperInsttList
,******,0002303,상림재가노인복지센터,수행기관,******,경남 함양군 함양읍 백천리,676804,PUB-003_자립형일자리_수행기관,https://apis.data.go.kr/B552474/JobBsnInfoService/getJobOperInsttList
,******,0002305,마산합포노인종합복지관,수행기관,******,경상남도 창원시 마산합포구 신포동2가 48-1 노인종합복지회관,51734,PUB-003_자립형일자리_수행기관,https://apis.data.go.kr/B552474/JobBsnInfoService/getJobOperInsttList
(사)노인낙원보훈봉사단,******,0002312,(사)노인낙원보훈봉사단,수행기관,******,광주광역시 남구 백운동 603-31,61648,PUB-003_자립형일자리_수행기관,https://apis.data.go.kr/B552474/JobBsnInfoService/getJobOperInsttList
,******,0002313,북구문화원,수행기관,******,광주광역시 북구 중흥동 361-10,61207,PUB-003_자립형일자리_수행기관,https://apis.data.go.kr/B552474/JobBsnInfoService/getJobOperInsttList
,******,0002335,월곡종합사회복지관,수행기관,******,서울특별시 성북구 하월곡동 222-5 월곡종합사회복지관,02741,PUB-003_자립형일자리_수행기관,https://apis.data.go.kr/B552474/JobBsnInfoService/getJobOperInsttList
,******,0002341,대한노인회 전남연합회,수행기관,******,전남광주통합특별시 무안군 삼향읍 남악리 1968,58564,PUB-003_자립형일자리_수행기관,https://apis.data.go.kr/B552474/JobBsnInfoService/getJobOperInsttList
,******,0002342,황송노인종합복지관,수행기관,******,경기도 성남시 중원구 상대원동 279-7,13208,PUB-003_자립형일자리_수행기관,https://apis.data.go.kr/B552474/JobBsnInfoService/getJobOperInsttList
,******,0002343,사당어르신종합복지관,수행기관,******,서울 동작구사당1동,156827,PUB-003_자립형일자리_수행기관,https://apis.data.go.kr/B552474/JobBsnInfoService/getJobOperInsttList
,******,0002347,인천영종구노인인력개발센터,수행기관,******,인천 영종구 운남동 1699-6,23254,PUB-003_자립형일자리_수행기관,https://apis.data.go.kr/B552474/JobBsnInfoService/getJobOperInsttList
,******,0002348,강릉종합사회복지관,수행기관,******,강원도 강릉시 입암동  49-9 입암3아파트,25576,PUB-003_자립형일자리_수행기관,https://apis.data.go.kr/B552474/JobBsnInfoService/getJobOperInsttList
중앙시장 2층,******,0002349,제천시니어클럽,수행기관,******,충북 제천시 중앙로1가 77,27173,PUB-003_자립형일자리_수행기관,https://apis.data.go.kr/B552474/JobBsnInfoService/getJobOperInsttList
,******,0002352,서울시재가노인복지협회,수행기관,******,서울 마포구 백범로 31길 21 6층,04147,PUB-003_자립형일자리_수행기관,https://apis.data.go.kr/B552474/JobBsnInfoService/getJobOperInsttList
,******,0002354,평창시니어클럽,수행기관,******,강원도 평창군 진부면 하진부리 147-8,25325,PUB-003_자립형일자리_수행기관,https://apis.data.go.kr/B552474/JobBsnInfoService/getJobOperInsttList
,******,0002355,부산영도시니어클럽,수행기관,******,부산광역시 영도구 봉래동2가 112-11 부산항운노동조합,49003,PUB-003_자립형일자리_수행기관,https://apis.data.go.kr/B552474/JobBsnInfoService/getJobOperInsttList
,******,0002356,김제시니어클럽,수행기관,******,전북특별자치도 김제시 요촌동 106-1,54392,PUB-003_자립형일자리_수행기관,https://apis.data.go.kr/B552474/JobBsnInfoService/getJobOperInsttList
,******,0002357,보령댐노인복지관,수행기관,******,충청남도 보령시 미산면 풍계리 283-6 보령댐노인복지관,33512,PUB-003_자립형일자리_수행기관,https://apis.data.go.kr/B552474/JobBsnInfoService/getJobOperInsttList
,******,0002360,(재)공주지역자활센터,수행기관,******,충청남도 공주시 교동 235,32542,PUB-003_자립형일자리_수행기관,https://apis.data.go.kr/B552474/JobBsnInfoService/getJobOperInsttList
11호관  124호,******,0002361,부산남구시니어클럽,수행기관,******,부산광역시 남구 용당동 485 동명대학교,48520,PUB-003_자립형일자리_수행기관,https://apis.data.go.kr/B552474/JobBsnInfoService/getJobOperInsttList
,******,0002366,김해시동부노인종합복지관,수행기관,******,경상남도 김해시 삼방동 838,50811,PUB-003_자립형일자리_수행기관,https://apis.data.go.kr/B552474/JobBsnInfoService/getJobOperInsttList
129번지,******,0002367,"신곡노인종합복지관, 흥선노인복지관",수행기관,******,경기 의정부시 신곡2동,480072,PUB-003_자립형일자리_수행기관,https://apis.data.go.kr/B552474/JobBsnInfoService/getJobOperInsttList
,******,0002370,번오마을종합사회복지관,수행기관,******,서울특별시 강북구 번동 230 번동주공5단지아파트,01137,PUB-003_자립형일자리_수행기관,https://apis.data.go.kr/B552474/JobBsnInfoService/getJobOperInsttList
2층,******,0002371,은평구립불광노인복지관,수행기관,******,서울특별시 은평구 불광동 339-13 불광동 노인복지센터,03349,PUB-003_자립형일자리_수행기관,https://apis.data.go.kr/B552474/JobBsnInfoService/getJobOperInsttList
,******,0002372,강남시니어플라자,수행기관,******,서울특별시 강남구 역삼동 682-8 강남시니어플라자,06143,PUB-003_자립형일자리_수행기관,https://apis.data.go.kr/B552474/JobBsnInfoService/getJobOperInsttList
의창노인복지관,******,0002375,의창노인종합복지관,수행기관,******,경상남도 창원시 의창구 명곡동 30 의창노인종합복지관,51171,PUB-003_자립형일자리_수행기관,https://apis.data.go.kr/B552474/JobBsnInfoService/getJobOperInsttList
,******,0002376,정다운복지재단,수행기관,******,,25027,PUB-003_자립형일자리_수행기관,https://apis.data.go.kr/B552474/JobBsnInfoService/getJobOperInsttList
,******,0002377,사하사랑채노인복지관,수행기관,******,부산광역시 사하구 괴정동 284-1,49339,PUB-003_자립형일자리_수행기관,https://apis.data.go.kr/B552474/JobBsnInfoService/getJobOperInsttList
,******,0002380,행복나루노인복지관,수행기관,******,광주광역시 광산구 도산동 925-1,62440,PUB-003_자립형일자리_수행기관,https://apis.data.go.kr/B552474/JobBsnInfoService/getJobOperInsttList
,******,0002381,장산노인복지관,수행기관,******,부산광역시 해운대구 좌동 1305-1 장산노인복지관,48107,PUB-003_자립형일자리_수행기관,https://apis.data.go.kr/B552474/JobBsnInfoService/getJobOperInsttList
신목종합사회복지관,******,0002383,서울시립 신목종합사회복지관,수행기관,******,서울특별시 양천구 신정동 1278-1 목동삼성아파트,08016,PUB-003_자립형일자리_수행기관,https://apis.data.go.kr/B552474/JobBsnInfoService/getJobOperInsttList
4층 사무실,******,0002384,목동종합사회복지관,수행기관,******,서울특별시 양천구 목동 552-1 목동종합사회복지회관,07949,PUB-003_자립형일자리_수행기관,https://apis.data.go.kr/B552474/JobBsnInfoService/getJobOperInsttList
,******,0002385,주안노인문화센터,수행기관,******,인천광역시 미추홀구 주안동 20-35 주안노인문화센터,22130,PUB-003_자립형일자리_수행기관,https://apis.data.go.kr/B552474/JobBsnInfoService/getJobOperInsttList
,******,0002386,목포이랜드노인복지관,수행기관,******,전라남도 목포시 용당동 947-180,58705,PUB-003_자립형일자리_수행기관,https://apis.data.go.kr/B552474/JobBsnInfoService/getJobOperInsttList
1249번길 174-82,******,0002387,대전광역시시설관리공단 장묘관리사업소,수행기관,******,대전광역시 서구 계백로 (정림동),302230,PUB-003_자립형일자리_수행기관,https://apis.data.go.kr/B552474/JobBsnInfoService/getJobOperInsttList
,******,0002393,강동구립 해공노인복지관,수행기관,******,서울특별시 강동구 천호동 302-4 천호2동자치회관,05321,PUB-003_자립형일자리_수행기관,https://apis.data.go.kr/B552474/JobBsnInfoService/getJobOperInsttList
,******,0002394,청파노인복지관,수행기관,******,서울특별시 용산구 서계동 33-49 청파노인복지센터,04303,PUB-003_자립형일자리_수행기관,https://apis.data.go.kr/B552474/JobBsnInfoService/getJobOperInsttList
4층 노인복지사무실,******,0002397,우리마포복지관,수행기관,******,서울특별시 마포구 노고산동 1-50 우리마포복지관(대흥동주민센터),04103,PUB-003_자립형일자리_수행기관,https://apis.data.go.kr/B552474/JobBsnInfoService/getJobOperInsttList
,******,0002401,대한노인회 경남 산청군지회,수행기관,******,경상남도 산청군 산청읍 산청리 261 노인취업지원센타,52220,PUB-003_자립형일자리_수행기관,https://apis.data.go.kr/B552474/JobBsnInfoService/getJobOperInsttList
,******,0002407,임실군노인종합복지관,수행기관,******,전북특별자치도 임실군 임실읍 이도리 241,55927,PUB-003_자립형일자리_수행기관,https://apis.data.go.kr/B552474/JobBsnInfoService/getJobOperInsttList
,******,0002415,보문종합사회복지관,수행기관,******,대전광역시 중구 부사동 390,35050,PUB-003_자립형일자리_수행기관,https://apis.data.go.kr/B552474/JobBsnInfoService/getJobOperInsttList
,******,0002416,청주시 상당구청,수행기관,******,충청북도 청주시 상당구 남일면 효촌리 294 상당구청,28806,PUB-003_자립형일자리_수행기관,https://apis.data.go.kr/B552474/JobBsnInfoService/getJobOperInsttList
,******,0002417,흥덕구청,수행기관,******,충청북도 청주시 흥덕구 강내면 사인리 14-1 흥덕구청,28369,PUB-003_자립형일자리_수행기관,https://apis.data.go.kr/B552474/JobBsnInfoService/getJobOperInsttList
,******,0002418,성균관유도회 대전광역시중구지부,수행기관,******,대전광역시 중구 대흥동 452-95,34917,PUB-003_자립형일자리_수행기관,https://apis.data.go.kr/B552474/JobBsnInfoService/getJobOperInsttList
,******,0002421,영월돌봄사회적협동조합,수행기관,******,강원특별자치도 영월군 영월읍 영흥리 1049-21,26225,PUB-003_자립형일자리_수행기관,https://apis.data.go.kr/B552474/JobBsnInfoService/getJobOperInsttList
,******,0002425,강감찬관악종합사회복지관,수행기관,******,서울특별시 관악구 봉천동 492-26,08729,PUB-003_자립형일자리_수행기관,https://apis.data.go.kr/B552474/JobBsnInfoService/getJobOperInsttList
,******,0002426,전주시노인취업지원센터,수행기관,******,전라북도 전주시 덕진구 진북동 365-18,54935,PUB-003_자립형일자리_수행기관,https://apis.data.go.kr/B552474/JobBsnInfoService/getJobOperInsttList
,******,0002428,서울시관악구재가노인복지기관,수행기관,******,서울특별시 관악구 남현동  1083-29,08807,PUB-003_자립형일자리_수행기관,https://apis.data.go.kr/B552474/JobBsnInfoService/getJobOperInsttList
,******,0002430,파주시문산종합사회복지관,수행기관,******,경기도 파주시 문산읍 선유리 1402 문산행복센터,10813,PUB-003_자립형일자리_수행기관,https://apis.data.go.kr/B552474/JobBsnInfoService/getJobOperInsttList
,******,0002433,웅상종합사회복지관,수행기관,******,"경상남도 양산시 덕계7길 26 (덕계동,웅상종합사회복지관)",626240,PUB-003_자립형일자리_수행기관,https://apis.data.go.kr/B552474/JobBsnInfoService/getJobOperInsttList
93 구로종합사회복지관,******,0002440,구로종합사회복지관,수행기관,******,서울특별시 구로구 디지털로31길 (구로동),152050,PUB-003_자립형일자리_수행기관,https://apis.data.go.kr/B552474/JobBsnInfoService/getJobOperInsttList
64,******,0002441,증평군노인복지관,수행기관,******,충청북도 증평군 보건복지로 (증평읍),27948,PUB-003_자립형일자리_수행기관,https://apis.data.go.kr/B552474/JobBsnInfoService/getJobOperInsttList
5-65,******,0002443,효창종합사회복지관,수행기관,******,서울 용산구 효창동,140896,PUB-003_자립형일자리_수행기관,https://apis.data.go.kr/B552474/JobBsnInfoService/getJobOperInsttList
,******,0002445,금천호암노인종합복지관,수행기관,******,서울특별시 금천구 독산동 917 금천호암노인종합복지관,08556,PUB-003_자립형일자리_수행기관,https://apis.data.go.kr/B552474/JobBsnInfoService/getJobOperInsttList
,******,0002446,나주시니어클럽,수행기관,******,전라남도 나주시 노안면 학산리 386-8 나주시농특산물전시판매장,58208,PUB-003_자립형일자리_수행기관,https://apis.data.go.kr/B552474/JobBsnInfoService/getJobOperInsttList
,******,0002447,(사)도울인복지회,수행기관,******,전라남도 나주시 남평읍 남평리 37,58227,PUB-003_자립형일자리_수행기관,https://apis.data.go.kr/B552474/JobBsnInfoService/getJobOperInsttList
,******,0002455,서천군노인복지관,수행기관,******,충청남도 서천군 종천면 종천리 37-3,33610,PUB-003_자립형일자리_수행기관,https://apis.data.go.kr/B552474/JobBsnInfoService/getJobOperInsttList
하나노인복지관,******,0002465,하나노인복지관,수행기관,******,전라남도 목포시 영해동1가 11-1,58753,PUB-003_자립형일자리_수행기관,https://apis.data.go.kr/B552474/JobBsnInfoService/getJobOperInsttList
,******,0002483,광주동구시니어클럽,수행기관,******,광주광역시 동구 학동 81-26,61489,PUB-003_자립형일자리_수행기관,https://apis.data.go.kr/B552474/JobBsnInfoService/getJobOperInsttList
,******,0002494,상주시니어클럽,수행기관,******,경상북도 상주시 서성동 60-11,37189,PUB-003_자립형일자리_수행기관,https://apis.data.go.kr/B552474/JobBsnInfoService/getJobOperInsttList
,******,0002495,용인시수지노인복지관,수행기관,******,"경기도 용인시 수지구 풍덕천동 720 수지구청,수지보건소",16835,PUB-003_자립형일자리_수행기관,https://apis.data.go.kr/B552474/JobBsnInfoService/getJobOperInsttList
2~3층,******,0002496,은평시니어클럽,수행기관,******,서울특별시 은평구 신사동 24-52,03450,PUB-003_자립형일자리_수행기관,https://apis.data.go.kr/B552474/JobBsnInfoService/getJobOperInsttList
,******,0002499,고성시니어클럽,수행기관,******,강원특별자치도 고성군 거진읍 거진리 219-7,24711,PUB-003_자립형일자리_수행기관,https://apis.data.go.kr/B552474/JobBsnInfoService/getJobOperInsttList
송파여성문화회관4층,******,0002500,송파시니어클럽,수행기관,******,서울특별시 송파구 송파동 113-2,138863,PUB-003_자립형일자리_수행기관,https://apis.data.go.kr/B552474/JobBsnInfoService/getJobOperInsttList
,******,0002510,영월군종합사회복지관,수행기관,******,강원특별자치도 영월군 영월읍 영흥리 975-2 영월군종합사회복지관,26232,PUB-003_자립형일자리_수행기관,https://apis.data.go.kr/B552474/JobBsnInfoService/getJobOperInsttList
32-1,******,0002513,칠곡시니어클럽,수행기관,******,경상북도 칠곡군북삼읍 인평리,718842,PUB-003_자립형일자리_수행기관,https://apis.data.go.kr/B552474/JobBsnInfoService/getJobOperInsttList
,******,0002517,부산동구시니어클럽,수행기관,******,부산 동구수정1동,601814,PUB-003_자립형일자리_수행기관,https://apis.data.go.kr/B552474/JobBsnInfoService/getJobOperInsttList
,******,0002519,영월군청소년수련관,수행기관,******,강원특별자치도 영월군 영월읍 하송리 56 영월스포츠파크,26237,PUB-003_자립형일자리_수행기관,https://apis.data.go.kr/B552474/JobBsnInfoService/getJobOperInsttList
461-1,******,0002520,하나재가노인통합지원센터,수행기관,******,경상북도 경주시안강읍 산대리,780776,PUB-003_자립형일자리_수행기관,https://apis.data.go.kr/B552474/JobBsnInfoService/getJobOperInsttList
당진시노인복지관,******,0002522,당진시노인복지관,수행기관,******,충청남도 당진시 수청동 1005 당진시 종합복지타운,31772,PUB-003_자립형일자리_수행기관,https://apis.data.go.kr/B552474/JobBsnInfoService/getJobOperInsttList
,******,0002527,음성시니어클럽,수행기관,******,충청북도 음성군 금왕읍 무극리 80-10,27636,PUB-003_자립형일자리_수행기관,https://apis.data.go.kr/B552474/JobBsnInfoService/getJobOperInsttList
,******,0002528,마포시니어클럽,수행기관,******,서울특별시 마포구 동교로 8길58,121807,PUB-003_자립형일자리_수행기관,https://apis.data.go.kr/B552474/JobBsnInfoService/getJobOperInsttList
,******,0002529,부산수영시니어클럽,수행기관,******,부산광역시 수영구 광안동 142-16 신협 광안지점,48297,PUB-003_자립형일자리_수행기관,https://apis.data.go.kr/B552474/JobBsnInfoService/getJobOperInsttList
50,******,0002530,남원시노인복지관,수행기관,******,전라북도 남원시 금동로,590981,PUB-003_자립형일자리_수행기관,https://apis.data.go.kr/B552474/JobBsnInfoService/getJobOperInsttList
4층,******,0002531,삼척시니어클럽,수행기관,******,강원특별자치도 삼척시 남양동 34-1 삼척중앙시장 주차타워,25920,PUB-003_자립형일자리_수행기관,https://apis.data.go.kr/B552474/JobBsnInfoService/getJobOperInsttList
4층,******,0002533,더불어숲 노인복지센터,수행기관,******,경상북도 포항시 북구 여천동 75,37736,PUB-003_자립형일자리_수행기관,https://apis.data.go.kr/B552474/JobBsnInfoService/getJobOperInsttList
,******,0002534,춘천남부노인복지관,수행기관,******,"강원특별자치도 춘천시 온의동 6-33 강남동행정복지센터, 춘천남부노인복지관",24364,PUB-003_자립형일자리_수행기관,https://apis.data.go.kr/B552474/JobBsnInfoService/getJobOperInsttList
,******,0002536,사상구노인복지관,수행기관,******,부산 사상구학장동,617841,PUB-003_자립형일자리_수행기관,https://apis.data.go.kr/B552474/JobBsnInfoService/getJobOperInsttList
,******,0002537,부안종합사회복지관,수행기관,******,전라북도 부안군 부안읍 봉덕리 364 부안종합사회복지관,56318,PUB-003_자립형일자리_수행기관,https://apis.data.go.kr/B552474/JobBsnInfoService/getJobOperInsttList
155-1번지 중림종합복지센터 5층 중림종합사회복지관,******,0002538,중림종합사회복지관,수행기관,******,서울특별시 중구 중림동 ,100360,PUB-003_자립형일자리_수행기관,https://apis.data.go.kr/B552474/JobBsnInfoService/getJobOperInsttList
80-3,******,0002542,홍천군노인복지관,수행기관,******,강원도 홍천군홍천읍 태학여내길,250802,PUB-003_자립형일자리_수행기관,https://apis.data.go.kr/B552474/JobBsnInfoService/getJobOperInsttList
거제종합사회복지관,******,0002546,연제구거제종합사회복지관,수행기관,******,연제구 거제2동 1179-4번지,611807,PUB-003_자립형일자리_수행기관,https://apis.data.go.kr/B552474/JobBsnInfoService/getJobOperInsttList
,******,0002550,봄내노인복지센터,수행기관,******,강원특별자치도 춘천시 사북면 신포리 254-1,24200,PUB-003_자립형일자리_수행기관,https://apis.data.go.kr/B552474/JobBsnInfoService/getJobOperInsttList
656-323. 5층,******,0002555,성수종합사회복지관,수행기관,******,서울특별시 성동구성수동1가 ,133710,PUB-003_자립형일자리_수행기관,https://apis.data.go.kr/B552474/JobBsnInfoService/getJobOperInsttList
4층 희망나눔 노인일자리센터,******,0002556,성동희망나눔,수행기관,******,서울특별시 성동구 성수동1가 656-235 성동 상생도시센터,04779,PUB-003_자립형일자리_수행기관,https://apis.data.go.kr/B552474/JobBsnInfoService/getJobOperInsttList
,******,0002567,인제시니어클럽,수행기관,******,강원특별자치도 인제군 인제읍 상동리 29-1,24630,PUB-003_자립형일자리_수행기관,https://apis.data.go.kr/B552474/JobBsnInfoService/getJobOperInsttList
,******,0002572,팔공노인복지관,수행기관,******,대구광역시 동구 신암동 132-2 팔공노인복지관,41183,PUB-003_자립형일자리_수행기관,https://apis.data.go.kr/B552474/JobBsnInfoService/getJobOperInsttList
166-4,******,0002577,세종도덕노인복지센터,수행기관,******,충청남도 연기군서면 청라리,339811,PUB-003_자립형일자리_수행기관,https://apis.data.go.kr/B552474/JobBsnInfoService/getJobOperInsttList
155-5,******,0002593,온수어르신복지관,수행기관,******,서울 구로구온수동,152905,PUB-003_자립형일자리_수행기관,https://apis.data.go.kr/B552474/JobBsnInfoService/getJobOperInsttList
(구.거창기상대),******,0002604,거창시니어클럽,수행기관,******,경상남도 거창군 거창읍 정장리 967-8,50147,PUB-003_자립형일자리_수행기관,https://apis.data.go.kr/B552474/JobBsnInfoService/getJobOperInsttList
904-4,******,0002605,신정종합사회복지관,수행기관,******,서울 양천구신정4동,158857,PUB-003_자립형일자리_수행기관,https://apis.data.go.kr/B552474/JobBsnInfoService/getJobOperInsttList
,******,0002609,옥천시니어클럽,수행기관,******,충청북도 옥천군 옥천읍 금구리 171-15,29038,PUB-003_자립형일자리_수행기관,https://apis.data.go.kr/B552474/JobBsnInfoService/getJobOperInsttList
B1(서울시구로구재가노인복지기관),******,0002610,서울시구로구재가노인복지기관,수행기관,******,서울특별시 구로구 구로동 777-1 구로 꿈마을도서관,08372,PUB-003_자립형일자리_수행기관,https://apis.data.go.kr/B552474/JobBsnInfoService/getJobOperInsttList
(구 반송3동주민센터),******,0002612,부산해운대시니어클럽,수행기관,******,부산 해운대구반송3동 어르신일자리문화센터,612806,PUB-003_자립형일자리_수행기관,https://apis.data.go.kr/B552474/JobBsnInfoService/getJobOperInsttList
부산진시니어클럽,******,0002613,부산진시니어클럽,수행기관,******,부산광역시 부산진구 가야동 601-7,47382,PUB-003_자립형일자리_수행기관,https://apis.data.go.kr/B552474/JobBsnInfoService/getJobOperInsttList
,******,0002617,영주시니어클럽,수행기관,******,경상북도 영주시 가흥동 1478-7,36101,PUB-003_자립형일자리_수행기관,https://apis.data.go.kr/B552474/JobBsnInfoService/getJobOperInsttList
광교노인복지관,******,0002620,광교노인복지관,수행기관,******,경기도 수원시 영통구 이의동 1328-1,16505,PUB-003_자립형일자리_수행기관,https://apis.data.go.kr/B552474/JobBsnInfoService/getJobOperInsttList
,******,0002621,달성시니어클럽,수행기관,******,,42962,PUB-003_자립형일자리_수행기관,https://apis.data.go.kr/B552474/JobBsnInfoService/getJobOperInsttList
,******,0002623,송산종합사회복지관,수행기관,******,충청남도 당진시 송산면 삼월리 121-5,31714,PUB-003_자립형일자리_수행기관,https://apis.data.go.kr/B552474/JobBsnInfoService/getJobOperInsttList
금정구노인복지관,******,0002624,금정구노인복지관,수행기관,******,부산광역시 금정구 청룡동 359-1,46201,PUB-003_자립형일자리_수행기관,https://apis.data.go.kr/B552474/JobBsnInfoService/getJobOperInsttList
2층 서울특별시광역치매센터,******,0002625,서울특별시광역치매센터,수행기관,******,서울특별시 종로구 연건동 195-10 이화에수풀,03127,PUB-003_자립형일자리_수행기관,https://apis.data.go.kr/B552474/JobBsnInfoService/getJobOperInsttList
526번지,******,0002626,선암호수노인복지관,수행기관,******,울산 남구 선암동,680820,PUB-003_자립형일자리_수행기관,https://apis.data.go.kr/B552474/JobBsnInfoService/getJobOperInsttList
36번지,******,0002628,구립영등포노인복지센터,수행기관,******,서울 영등포구양평동3가,150862,PUB-003_자립형일자리_수행기관,https://apis.data.go.kr/B552474/JobBsnInfoService/getJobOperInsttList
,******,0002632,대한노인회 경북 고령군지회,수행기관,******,경상북도 고령군 대가야읍 연조리 563-3,40137,PUB-003_자립형일자리_수행기관,https://apis.data.go.kr/B552474/JobBsnInfoService/getJobOperInsttList
1층,******,0002633,경남돌봄지원센터,수행기관,******,경상남도 고성군 고성읍 서외리 48-3,52942,PUB-003_자립형일자리_수행기관,https://apis.data.go.kr/B552474/JobBsnInfoService/getJobOperInsttList
부산사상시니어클럽,******,0002634,부산사상시니어클럽,수행기관,******,부산광역시 사상구 덕포동 35-5 은하자연유치원,46940,PUB-003_자립형일자리_수행기관,https://apis.data.go.kr/B552474/JobBsnInfoService/getJobOperInsttList
,******,0002636,대한예수교장로회경안노회유지재단,수행기관,******,경상북동 안동시 화성동 151,760150,PUB-003_자립형일자리_수행기관,https://apis.data.go.kr/B552474/JobBsnInfoService/getJobOperInsttList
,******,0002637,청주청남시니어클럽,수행기관,******,충북 청주시 상당구지북동,360185,PUB-003_자립형일자리_수행기관,https://apis.data.go.kr/B552474/JobBsnInfoService/getJobOperInsttList
,******,0002639,사회복지법인대길사회복지재단,수행기관,******,서울특별시 영등포구 신길동 466-3 사회복지법인 대길사회복지재단,07356,PUB-003_자립형일자리_수행기관,https://apis.data.go.kr/B552474/JobBsnInfoService/getJobOperInsttList
,******,0002643,구립신사노인복지관,수행기관,******,서울특별시 은평구 신사동 163-17 신사2동 복합청사,03447,PUB-003_자립형일자리_수행기관,https://apis.data.go.kr/B552474/JobBsnInfoService/getJobOperInsttList
3층 곰달래어르신복지센터,******,0002647,강서구립 곰달래어르신복지센터,수행기관,******,서울시 강서구 화곡8동 890,157908,PUB-003_자립형일자리_수행기관,https://apis.data.go.kr/B552474/JobBsnInfoService/getJobOperInsttList
,******,0002648,정나눔노인복지센터,수행기관,******,동구 소태동 532-157,501828,PUB-003_자립형일자리_수행기관,https://apis.data.go.kr/B552474/JobBsnInfoService/getJobOperInsttList
,******,0002654,행복노인통합지원센터,수행기관,******,경상남도 거제시 하청면 하청리 612-7,53204,PUB-003_자립형일자리_수행기관,https://apis.data.go.kr/B552474/JobBsnInfoService/getJobOperInsttList
,******,0002655,금강노인복지관,수행기관,******,전라북도 군산시 구암동 307-4 금강노인복지관,54042,PUB-003_자립형일자리_수행기관,https://apis.data.go.kr/B552474/JobBsnInfoService/getJobOperInsttList
881-7,******,0002656,보은노인복지센터,수행기관,******,전북 익산시성당면 갈산리,570851,PUB-003_자립형일자리_수행기관,https://apis.data.go.kr/B552474/JobBsnInfoService/getJobOperInsttList
단양노인복지센터,******,0002660,단양노인복지센터,수행기관,******,전라북도 진안군 진안읍 단양리 32-31 단양교회,55438,PUB-003_자립형일자리_수행기관,https://apis.data.go.kr/B552474/JobBsnInfoService/getJobOperInsttList
,******,0002661,동원종합사회복지관,수행기관,******,부산광역시 북구 금곡동 98-1 금곡2단지주공아파트,46507,PUB-003_자립형일자리_수행기관,https://apis.data.go.kr/B552474/JobBsnInfoService/getJobOperInsttList
,******,0002663,장수군노인복지관,수행기관,******,전북 장수군장수읍 노하리,597803,PUB-003_자립형일자리_수행기관,https://apis.data.go.kr/B552474/JobBsnInfoService/getJobOperInsttList
,******,0002666,북가좌노인복지관,수행기관,******,서울특별시 서대문구 북가좌동 5-106 북가좌노인복지관,03668,PUB-003_자립형일자리_수행기관,https://apis.data.go.kr/B552474/JobBsnInfoService/getJobOperInsttList
,******,0002673,(사)순천YWCA,수행기관,******,전라남도 순천시 저전동 194-1 순천YWCA,57957,PUB-003_자립형일자리_수행기관,https://apis.data.go.kr/B552474/JobBsnInfoService/getJobOperInsttList
성동종합사회복지관 4층 사무실,******,0002675,성동종합사회복지관,수행기관,******,서울특별시 성동구 마장동 527-2,133814,PUB-003_자립형일자리_수행기관,https://apis.data.go.kr/B552474/JobBsnInfoService/getJobOperInsttList
,******,0002693,부민노인복지관,수행기관,******,부산 서구 부용로 30 (부용동2가),602082,PUB-003_자립형일자리_수행기관,https://apis.data.go.kr/B552474/JobBsnInfoService/getJobOperInsttList
(문곡동),******,0002695,태백시노인복지관,수행기관,******,강원도 태백시 황장목이길 23,26044,PUB-003_자립형일자리_수행기관,https://apis.data.go.kr/B552474/JobBsnInfoService/getJobOperInsttList
,******,0002697,대한노인회 충북 옥천군지회,수행기관,******,충북 옥천군옥천읍 삼양리,29032,PUB-003_자립형일자리_수행기관,https://apis.data.go.kr/B552474/JobBsnInfoService/getJobOperInsttList
,******,0002702,한기장복지재단 임실시니어클럽,수행기관,******,전북특별자치도 임실군 임실읍 이도리 36,55927,PUB-003_자립형일자리_수행기관,https://apis.data.go.kr/B552474/JobBsnInfoService/getJobOperInsttList
,******,0002704,대한노인회 강원 원주시지회,수행기관,******,강원특별자치도 원주시 일산동 184-1,26417,PUB-003_자립형일자리_수행기관,https://apis.data.go.kr/B552474/JobBsnInfoService/getJobOperInsttList
B동 1층,******,0002710,마산시니어클럽,수행기관,******,경상남도 창원시 마산합포구 평화동 4-3 금강노인종합복지관,51762,PUB-003_자립형일자리_수행기관,https://apis.data.go.kr/B552474/JobBsnInfoService/getJobOperInsttList
1122-36,******,0002714,대한노인회 경북 의성군지회,수행기관,******,경상북도 의성군 의성읍 안평의성로,769804,PUB-003_자립형일자리_수행기관,https://apis.data.go.kr/B552474/JobBsnInfoService/getJobOperInsttList
2층 장수노인회,******,0002717,대한노인회 전북 장수군지회,수행기관,******,전라북도 장수군 장수읍 노하리 376 장수군 사회복지회관,55631,PUB-003_자립형일자리_수행기관,https://apis.data.go.kr/B552474/JobBsnInfoService/getJobOperInsttList
21길 35,******,0002723,코레일시니어직능클럽,수행기관,******,서울 용산구한강로3가,04379,PUB-003_자립형일자리_수행기관,https://apis.data.go.kr/B552474/JobBsnInfoService/getJobOperInsttList
,******,0002735,전북노인일자리센터,수행기관,******,전북 전주시 완산구서신동,54981,PUB-003_자립형일자리_수행기관,https://apis.data.go.kr/B552474/JobBsnInfoService/getJobOperInsttList
수원시밤밭노인복지관,******,0002737,수원시밤밭노인복지관,수행기관,******,경기도 수원시 장안구 율전동 40-1,440824,PUB-003_자립형일자리_수행기관,https://apis.data.go.kr/B552474/JobBsnInfoService/getJobOperInsttList
,******,0002739,부산중구시니어클럽,수행기관,******,부산광역시 중구 영주동 160,48905,PUB-003_자립형일자리_수행기관,https://apis.data.go.kr/B552474/JobBsnInfoService/getJobOperInsttList
565-9,******,0002742,김포시북부노인복지관,수행기관,******,경기 김포시통진읍 마송리,415861,PUB-003_자립형일자리_수행기관,https://apis.data.go.kr/B552474/JobBsnInfoService/getJobOperInsttList
,******,0002743,고양시대화노인종합복지관,수행기관,******,경기도 고양시 일산서구 대화동 2237 고양시 대화노인 종합복지관,10382,PUB-003_자립형일자리_수행기관,https://apis.data.go.kr/B552474/JobBsnInfoService/getJobOperInsttList
2층,******,0002745,마포서부재가노인복지기관,수행기관,******,서울특별시 마포구 아현동 770,04128,PUB-003_자립형일자리_수행기관,https://apis.data.go.kr/B552474/JobBsnInfoService/getJobOperInsttList
,******,0002746,오산재가노인지원서비스센터,수행기관,******,경기도 오산시 오산동 853-32 소자복지교회,18135,PUB-003_자립형일자리_수행기관,https://apis.data.go.kr/B552474/JobBsnInfoService/getJobOperInsttList
,******,0002747,청람노인복지센터,수행기관,******,전남 영광군영광읍 단주리,513805,PUB-003_자립형일자리_수행기관,https://apis.data.go.kr/B552474/JobBsnInfoService/getJobOperInsttList
,******,0002748,당진시니어클럽,수행기관,******,충청남도 당진시 읍내동 272-16,31770,PUB-003_자립형일자리_수행기관,https://apis.data.go.kr/B552474/JobBsnInfoService/getJobOperInsttList
791-1509,******,0002750,구세군강북종합사회복지관,수행기관,******,서울 강북구삼양동,142824,PUB-003_자립형일자리_수행기관,https://apis.data.go.kr/B552474/JobBsnInfoService/getJobOperInsttList
,******,0002751,사랑의전화마포종합사회복지관,수행기관,******,서울 마포구신공덕동,121851,PUB-003_자립형일자리_수행기관,https://apis.data.go.kr/B552474/JobBsnInfoService/getJobOperInsttList
714-3 명승세도나 602호,******,0002752,사단법인 고양시기업 경제인연합회,수행기관,******,경기 고양시 덕양구행신2동,10364,PUB-003_자립형일자리_수행기관,https://apis.data.go.kr/B552474/JobBsnInfoService/getJobOperInsttList
273-3,******,0002756,양평행복만들기사회봉사단,수행기관,******,경기 양평군양서면 국수리,476821,PUB-003_자립형일자리_수행기관,https://apis.data.go.kr/B552474/JobBsnInfoService/getJobOperInsttList
,******,0002758,범물노인복지관,수행기관,******,대구 수성구범물1동,706813,PUB-003_자립형일자리_수행기관,https://apis.data.go.kr/B552474/JobBsnInfoService/getJobOperInsttList
795-1 3층,******,0002759,경주시사회복지협의회,수행기관,******,경북 경주시 동천동,780935,PUB-003_자립형일자리_수행기관,https://apis.data.go.kr/B552474/JobBsnInfoService/getJobOperInsttList
동부보건소 3층 동여수노인복지관분관,******,0002760,동여수노인복지관분관,수행기관,******,전남광주통합특별시 여수시 공화동 1052,59726,PUB-003_자립형일자리_수행기관,https://apis.data.go.kr/B552474/JobBsnInfoService/getJobOperInsttList
,******,0002761,인왕노인복지관,수행기관,******,서울특별시 서대문구 홍제동 23-21 인왕노인복지관,03635,PUB-003_자립형일자리_수행기관,https://apis.data.go.kr/B552474/JobBsnInfoService/getJobOperInsttList
,******,0002763,양평사랑나눔봉사단,수행기관,******,경기 양평군용문면 다문5리,476845,PUB-003_자립형일자리_수행기관,https://apis.data.go.kr/B552474/JobBsnInfoService/getJobOperInsttList
2011-2,******,0002764,부산강서시니어클럽,수행기관,******,부산 강서구 대저2동,618807,PUB-003_자립형일자리_수행기관,https://apis.data.go.kr/B552474/JobBsnInfoService/getJobOperInsttList
616-6 3층,******,0002765,공주재가노인복지센터,수행기관,******,충남 공주시금흥동,314140,PUB-003_자립형일자리_수행기관,https://apis.data.go.kr/B552474/JobBsnInfoService/getJobOperInsttList
52,******,0002766,서울시양천구재가노인복지기관,수행기관,******,서울시 양천구 목동남로 ,158851,PUB-003_자립형일자리_수행기관,https://apis.data.go.kr/B552474/JobBsnInfoService/getJobOperInsttList
(백운동),******,0002767,초록노인복지센터,수행기관,******,광주광역시 남구 백운동 644-32 악기백화점,61655,PUB-003_자립형일자리_수행기관,https://apis.data.go.kr/B552474/JobBsnInfoService/getJobOperInsttList
540-1,******,0002768,한빛종합사회복지관,수행기관,******,서울시 양천구 신월4동,158840,PUB-003_자립형일자리_수행기관,https://apis.data.go.kr/B552474/JobBsnInfoService/getJobOperInsttList
2층 ,******,0002769,철원군사회복지협의회,수행기관,******,강원도 철원군 갈말읍 신철원리 977-8 신철원버스터미널,24042,PUB-003_자립형일자리_수행기관,https://apis.data.go.kr/B552474/JobBsnInfoService/getJobOperInsttList
481 신내종합사회복지관,******,0002772,신내종합사회복지관,수행기관,******,서울 중랑구상봉1동,131792,PUB-003_자립형일자리_수행기관,https://apis.data.go.kr/B552474/JobBsnInfoService/getJobOperInsttList
,******,0002774,포천시청  문화복지국 노인장애인과,수행기관,******,경기 포천시 신읍동 58-2,487701,PUB-003_자립형일자리_수행기관,https://apis.data.go.kr/B552474/JobBsnInfoService/getJobOperInsttList
대한노인회 전북취업지원센터 2층,******,0002775,대한노인회 전북취업지원센터,수행기관,******,전라북도 전주시 완산구 중화산동2가 266-13,54981,PUB-003_자립형일자리_수행기관,https://apis.data.go.kr/B552474/JobBsnInfoService/getJobOperInsttList
3층,******,0002777,부산동래시니어클럽,수행기관,******,부산광역시 동래구 안락동 425-19,47786,PUB-003_자립형일자리_수행기관,https://apis.data.go.kr/B552474/JobBsnInfoService/getJobOperInsttList
,******,0002783,청주시 서원구청,수행기관,******,충청북도 청주시 서원구 사직동  888 서원구청,28565,PUB-003_자립형일자리_수행기관,https://apis.data.go.kr/B552474/JobBsnInfoService/getJobOperInsttList
,******,0002785,서서울어르신복지관,수행기관,******,서울특별시 양천구 신월동 158-4 서서울 어르신복지관,07911,PUB-003_자립형일자리_수행기관,https://apis.data.go.kr/B552474/JobBsnInfoService/getJobOperInsttList
,******,0002786,대한노인회 부산 중구지회 ,수행기관,******,부산광역시 중구 대청동4가 81-1,48968,PUB-003_자립형일자리_수행기관,https://apis.data.go.kr/B552474/JobBsnInfoService/getJobOperInsttList
,******,0002793,논산시시니어클럽,수행기관,******,충청남도 논산시 취암동 1082-3,32974,PUB-003_자립형일자리_수행기관,https://apis.data.go.kr/B552474/JobBsnInfoService/getJobOperInsttList
,******,0002794,청원구청,수행기관,******,충북 청주시 상당구 우암동,360815,PUB-003_자립형일자리_수행기관,https://apis.data.go.kr/B552474/JobBsnInfoService/getJobOperInsttList
783-10,******,0002801,웅상노인복지관,수행기관,******,경남 양산시삼호동,626837,PUB-003_자립형일자리_수행기관,https://apis.data.go.kr/B552474/JobBsnInfoService/getJobOperInsttList
양산시노인복지관,******,0002802,양산시노인복지관,수행기관,******,경남 양산시 북부동,626800,PUB-003_자립형일자리_수행기관,https://apis.data.go.kr/B552474/JobBsnInfoService/getJobOperInsttList
,******,0002803,함지노인복지관,수행기관,******,대구광역시 북구 구암동 773-1,41424,PUB-003_자립형일자리_수행기관,https://apis.data.go.kr/B552474/JobBsnInfoService/getJobOperInsttList
203-2,******,0002806,양양군노인복지관,수행기관,******,강원 양양군양양읍 연창리,215803,PUB-003_자립형일자리_수행기관,https://apis.data.go.kr/B552474/JobBsnInfoService/getJobOperInsttList
,******,0002815,강북노인복지관,수행기관,******,대구광역시 북구 관음동 1372 강북노인복지회관,41447,PUB-003_자립형일자리_수행기관,https://apis.data.go.kr/B552474/JobBsnInfoService/getJobOperInsttList
,******,0002816,북구노인복지관,수행기관,******,대구광역시 북구 침산동 521-2 북구보건소,41550,PUB-003_자립형일자리_수행기관,https://apis.data.go.kr/B552474/JobBsnInfoService/getJobOperInsttList
,******,0002817,태안시니어클럽,수행기관,******,충청남도 태안군 태안읍 남문리 634,32144,PUB-003_자립형일자리_수행기관,https://apis.data.go.kr/B552474/JobBsnInfoService/getJobOperInsttList
원당 2길 72-6,******,0002819,삼척시종합사회복지관,수행기관,******,강원 삼척시원당동,245727,PUB-003_자립형일자리_수행기관,https://apis.data.go.kr/B552474/JobBsnInfoService/getJobOperInsttList
,******,0002820,예산군시니어클럽,수행기관,******,충남 예산군예산읍 발연리,340802,PUB-003_자립형일자리_수행기관,https://apis.data.go.kr/B552474/JobBsnInfoService/getJobOperInsttList
,******,0002825,대불노인복지관,수행기관,******,대구광역시 북구 복현동 536 대불노인복지회관,41524,PUB-003_자립형일자리_수행기관,https://apis.data.go.kr/B552474/JobBsnInfoService/getJobOperInsttList
505-4번지,******,0002826,성서노인종합복지관,수행기관,******,대구 달서구용산2동,704934,PUB-003_자립형일자리_수행기관,https://apis.data.go.kr/B552474/JobBsnInfoService/getJobOperInsttList
238-1,******,0002827,공주시노인종합복지관,수행기관,******,충남 공주시반죽동,314801,PUB-003_자립형일자리_수행기관,https://apis.data.go.kr/B552474/JobBsnInfoService/getJobOperInsttList
,******,0002828,군포시늘푸른노인복지관,수행기관,******,경기도 군포시 산본동,435849,PUB-003_자립형일자리_수행기관,https://apis.data.go.kr/B552474/JobBsnInfoService/getJobOperInsttList
,******,0002829,금강복지센터,수행기관,******,전북특별자치도 진안군 용담면 송풍리 1930-1,55405,PUB-003_자립형일자리_수행기관,https://apis.data.go.kr/B552474/JobBsnInfoService/getJobOperInsttList
,******,0002830,평화사회복지관,수행기관,******,전북 전주시 완산구평화동1가,560777,PUB-003_자립형일자리_수행기관,https://apis.data.go.kr/B552474/JobBsnInfoService/getJobOperInsttList
,******,0002831,장안종합사회복지관,수행기관,******,서울특별시 동대문구 장안동 395-2 장안종합사회복지관,02628,PUB-003_자립형일자리_수행기관,https://apis.data.go.kr/B552474/JobBsnInfoService/getJobOperInsttList
361-8,******,0002832,쌍문동어르신복지관,수행기관,******,서울 도봉구쌍문1동,132886,PUB-003_자립형일자리_수행기관,https://apis.data.go.kr/B552474/JobBsnInfoService/getJobOperInsttList
,******,0002835,섬김과나눔회,수행기관,******,광주광역시 남구 월산동 83-11 세모하우징,61650,PUB-003_자립형일자리_수행기관,https://apis.data.go.kr/B552474/JobBsnInfoService/getJobOperInsttList
220번지 ,******,0002836,파주시은빛사랑채,수행기관,******,경기 파주시법원읍 대능리,413874,PUB-003_자립형일자리_수행기관,https://apis.data.go.kr/B552474/JobBsnInfoService/getJobOperInsttList
보훈회관 3층,******,0002842,울산북구시니어클럽,수행기관,******,울산광역시 북구 호계동 262-2 북구사회복지관,44227,PUB-003_자립형일자리_수행기관,https://apis.data.go.kr/B552474/JobBsnInfoService/getJobOperInsttList
사회복지법인 호동복지재단,******,0002843,사회복지법인 호동복지재단,수행기관,******,대전중구호동88-6,301092,PUB-003_자립형일자리_수행기관,https://apis.data.go.kr/B552474/JobBsnInfoService/getJobOperInsttList
236-19 봉화군노인복지관,******,0002845,봉화군노인복지관,수행기관,******,경북 봉화군봉화읍 내성리,755805,PUB-003_자립형일자리_수행기관,https://apis.data.go.kr/B552474/JobBsnInfoService/getJobOperInsttList
,******,0002846,함월노인복지관,수행기관,******,울산광역시 중구 유곡동 216-3 중구종합사회복지관(본관)함월노인복지관,44539,PUB-003_자립형일자리_수행기관,https://apis.data.go.kr/B552474/JobBsnInfoService/getJobOperInsttList
3층 복지관,******,0002850,용강노인복지관,수행기관,******,서울특별시 마포구 용강동 505 용강동주민센터,04161,PUB-003_자립형일자리_수행기관,https://apis.data.go.kr/B552474/JobBsnInfoService/getJobOperInsttList
"본관 3층, 노인일자리 사무실",******,0002851,고산노인복지관,수행기관,******,대구광역시 수성구 신매동 170-2 고산권보건복지센터,42277,PUB-003_자립형일자리_수행기관,https://apis.data.go.kr/B552474/JobBsnInfoService/getJobOperInsttList
용인시기흥노인복지관,******,0002853,용인시기흥노인복지관,수행기관,******,경기도 용인시 기흥구 신갈동 720,16959,PUB-003_자립형일자리_수행기관,https://apis.data.go.kr/B552474/JobBsnInfoService/getJobOperInsttList
4층,******,0002854,울산동구시니어클럽,수행기관,******,울산광역시 동구 일산동 581-17 일산새마을금고,44068,PUB-003_자립형일자리_수행기관,https://apis.data.go.kr/B552474/JobBsnInfoService/getJobOperInsttList
,******,0002856,서울청소년효행봉사단,수행기관,******,서울특별시 서대문구 연희동 149-1 원천교회,03718,PUB-003_자립형일자리_수행기관,https://apis.data.go.kr/B552474/JobBsnInfoService/getJobOperInsttList
,******,0002860,동작50+센터,수행기관,******,서울특별시 동작구 노량진동 57-1 메가스터디타워,06922,PUB-003_자립형일자리_수행기관,https://apis.data.go.kr/B552474/JobBsnInfoService/getJobOperInsttList
,******,0002862,아산시동부노인복지관,수행기관,******,충남 아산시배방읍 공수4리,336853,PUB-003_자립형일자리_수행기관,https://apis.data.go.kr/B552474/JobBsnInfoService/getJobOperInsttList
641-7,******,0002863,철원군지회,수행기관,******,강원 철원군갈말읍 신철원4리,269801,PUB-003_자립형일자리_수행기관,https://apis.data.go.kr/B552474/JobBsnInfoService/getJobOperInsttList
,******,0002864,대한노인회 부산 사하구지회,수행기관,******,부산광역시 사하구 신평동 630-8 사하구노인복지회관,49431,PUB-003_자립형일자리_수행기관,https://apis.data.go.kr/B552474/JobBsnInfoService/getJobOperInsttList
,******,0002865,함평군노인복지관,수행기관,******,전라남도 함평군 함평읍 내교리 174-16 함평천지종합복지관,57153,PUB-003_자립형일자리_수행기관,https://apis.data.go.kr/B552474/JobBsnInfoService/getJobOperInsttList
,******,0002868,둔산종합사회복지관,수행기관,******,대전 서구둔산3동,302841,PUB-003_자립형일자리_수행기관,https://apis.data.go.kr/B552474/JobBsnInfoService/getJobOperInsttList
,******,0002873,화천시니어클럽,수행기관,******,강원도 화천군 화천읍 상리 82-7,24115,PUB-003_자립형일자리_수행기관,https://apis.data.go.kr/B552474/JobBsnInfoService/getJobOperInsttList
유락종합사회복지관,******,0002875,유락종합사회복지관,수행기관,******,서울 중구 신당5동 ,100820,PUB-003_자립형일자리_수행기관,https://apis.data.go.kr/B552474/JobBsnInfoService/getJobOperInsttList
188-1,******,0002882,청양군노인종합복지관,수행기관,******,충청남도 청양군 청양읍 읍내4리,345804,PUB-003_자립형일자리_수행기관,https://apis.data.go.kr/B552474/JobBsnInfoService/getJobOperInsttList
,******,0002883,(사)중소기업기술혁신협회 대구경북지회,수행기관,******,대구광역시 달서구 월암동 1111,42724,PUB-003_자립형일자리_수행기관,https://apis.data.go.kr/B552474/JobBsnInfoService/getJobOperInsttList
,******,0002885,보성시니어클럽,수행기관,******,전라남도 보성군 벌교읍 벌교리 9,59428,PUB-003_자립형일자리_수행기관,https://apis.data.go.kr/B552474/JobBsnInfoService/getJobOperInsttList
,******,0002886,사회복지 법인 나눔복지재단,수행기관,******,대전광역시 중구 대흥동 508-32 정진빌딩,34941,PUB-003_자립형일자리_수행기관,https://apis.data.go.kr/B552474/JobBsnInfoService/getJobOperInsttList
,******,0002891,인천광역시동구노인인력개발센터,수행기관,******,,22561,PUB-003_자립형일자리_수행기관,https://apis.data.go.kr/B552474/JobBsnInfoService/getJobOperInsttList
,******,0002896,보령시니어클럽,수행기관,******,충청남도 보령시 명천동 442-16 보령시니어클럽,33475,PUB-003_자립형일자리_수행기관,https://apis.data.go.kr/B552474/JobBsnInfoService/getJobOperInsttList
2층,******,0002898,천안시 시니어클럽,수행기관,******,충청남도 천안시 동남구 사직동 343-145,31188,PUB-003_자립형일자리_수행기관,https://apis.data.go.kr/B552474/JobBsnInfoService/getJobOperInsttList
,******,0002901,청양군시니어클럽,수행기관,******,충청남도 청양군 청양읍 읍내리 14-1,33324,PUB-003_자립형일자리_수행기관,https://apis.data.go.kr/B552474/JobBsnInfoService/getJobOperInsttList
4층,******,0002903,순천시니어클럽,수행기관,******,전남 순천시 연향동 1685-1,58002,PUB-003_자립형일자리_수행기관,https://apis.data.go.kr/B552474/JobBsnInfoService/getJobOperInsttList
,******,0002904,어울림노인복지센터,수행기관,******,전라북도 익산시 여산면 원수리 740-148,54520,PUB-003_자립형일자리_수행기관,https://apis.data.go.kr/B552474/JobBsnInfoService/getJobOperInsttList
904호,******,0002905,(사)한국가사노동자협회,수행기관,******,서울특별시 영등포구 여의도동 35 한국노총,07328,PUB-003_자립형일자리_수행기관,https://apis.data.go.kr/B552474/JobBsnInfoService/getJobOperInsttList
종합사회복지관,******,0002912,종촌종합복지센터 종합사회복지관,수행기관,******,세종특별자치시 종촌동 674 종촌종합복지센터,30064,PUB-003_자립형일자리_수행기관,https://apis.data.go.kr/B552474/JobBsnInfoService/getJobOperInsttList
,******,0002915,유등노인복지관,수행기관,******,대전 서구도마1동,302819,PUB-003_자립형일자리_수행기관,https://apis.data.go.kr/B552474/JobBsnInfoService/getJobOperInsttList
,******,0002919,울산남구시니어클럽,수행기관,******,울산광역시 남구 신정동 1100-6,44667,PUB-003_자립형일자리_수행기관,https://apis.data.go.kr/B552474/JobBsnInfoService/getJobOperInsttList
2층,******,0002922,강남구노인통합지원센터,수행기관,******,서울 강남구역삼1동,135907,PUB-003_자립형일자리_수행기관,https://apis.data.go.kr/B552474/JobBsnInfoService/getJobOperInsttList
,******,0002923,남산정종합사회복지관,수행기관,******,부산광역시 북구 덕천동 814-1 덕천2지구도개공아파트,46551,PUB-003_자립형일자리_수행기관,https://apis.data.go.kr/B552474/JobBsnInfoService/getJobOperInsttList
,******,0002924,구산사회복지관,수행기관,******,경상남도 김해시 구산동 321 구산제1주공아파트,50908,PUB-003_자립형일자리_수행기관,https://apis.data.go.kr/B552474/JobBsnInfoService/getJobOperInsttList
,******,0002927,서귀포종합사회복지관,수행기관,******,제주특별자치도 서귀포시 동홍동 353-1 동홍3주공아파트,63597,PUB-003_자립형일자리_수행기관,https://apis.data.go.kr/B552474/JobBsnInfoService/getJobOperInsttList
1층,******,0002928,서천시니어클럽,수행기관,******,충청남도 서천군 서천읍 군사리 859-6 농업경영인회관,33642,PUB-003_자립형일자리_수행기관,https://apis.data.go.kr/B552474/JobBsnInfoService/getJobOperInsttList
,******,0002929,(사)포항YWCA,수행기관,******,경상북도 포항시 북구 용흥동 115-3 아이비빌딩,37742,PUB-003_자립형일자리_수행기관,https://apis.data.go.kr/B552474/JobBsnInfoService/getJobOperInsttList
,******,0002930,사회복지법인 한울안 진안군분사무소,수행기관,******,전북특별자치도 진안군 성수면 좌포리 812-4,55458,PUB-003_자립형일자리_수행기관,https://apis.data.go.kr/B552474/JobBsnInfoService/getJobOperInsttList
,******,0002933,부산광역시다사랑복합문화예술회관,수행기관,******,부산광역시 부산진구 가야동 449,47336,PUB-003_자립형일자리_수행기관,https://apis.data.go.kr/B552474/JobBsnInfoService/getJobOperInsttList
꽃바위로 356,******,0002935,방어진노인복지관,수행기관,******,울산광역시 동구 방어동 ,682020,PUB-003_자립형일자리_수행기관,https://apis.data.go.kr/B552474/JobBsnInfoService/getJobOperInsttList
,******,0002937,하남시미사강변종합사회복지관,수행기관,******,서울 강동구 강일동,134100,PUB-003_자립형일자리_수행기관,https://apis.data.go.kr/B552474/JobBsnInfoService/getJobOperInsttList
,******,0002938,사단법인 효림복지센터,수행기관,******,전라북도 군산시 신영동 6-1,54027,PUB-003_자립형일자리_수행기관,https://apis.data.go.kr/B552474/JobBsnInfoService/getJobOperInsttList
신림종합사회복지관,******,0002939,신림종합사회복지관,수행기관,******,서울 관악구 난향동,151884,PUB-003_자립형일자리_수행기관,https://apis.data.go.kr/B552474/JobBsnInfoService/getJobOperInsttList
남구,******,0002948,감만종합사회복지관,수행기관,******,부산 남구 감만1동,608801,PUB-003_자립형일자리_수행기관,https://apis.data.go.kr/B552474/JobBsnInfoService/getJobOperInsttList
,******,0002949,늘청춘하우스 노인복지센터 ,수행기관,******,경상북도 포항시 남구 구룡포읍 구룡포리 720-1,37932,PUB-003_자립형일자리_수행기관,https://apis.data.go.kr/B552474/JobBsnInfoService/getJobOperInsttList
19층,******,0003044,한국노인인력개발원 서울지역본부,수행기관,******,서울특별시 중구 남대문로5가 6-1 그레이츠 숭례,04512,PUB-003_자립형일자리_수행기관,https://apis.data.go.kr/B552474/JobBsnInfoService/getJobOperInsttList
,******,0004006,전주상공회의소,수행기관,******,전라북도 전주시 완산구 효자동3가 1525-2,54969,PUB-003_자립형일자리_수행기관,https://apis.data.go.kr/B552474/JobBsnInfoService/getJobOperInsttList
1번지,******,0004007,목포상공회의소,수행기관,******,전남 목포시 중동2가,530112,PUB-003_자립형일자리_수행기관,https://apis.data.go.kr/B552474/JobBsnInfoService/getJobOperInsttList
844-11,******,0004012,군산상공회의소,수행기관,******,전북 군산시 조촌동 600∼960,54076,PUB-003_자립형일자리_수행기관,https://apis.data.go.kr/B552474/JobBsnInfoService/getJobOperInsttList
청암건강교육센터 2층,******,0004013,(사)전남경영자총협회,수행기관,******,전남 순천시 덕월동 379-1,540944,PUB-003_자립형일자리_수행기관,https://apis.data.go.kr/B552474/JobBsnInfoService/getJobOperInsttList
207호,******,0004014,(주)제이비컴(민간),수행기관,******,충청북도 청주시 흥덕구 송정동 279-5 세중테크노밸리,28576,PUB-003_자립형일자리_수행기관,https://apis.data.go.kr/B552474/JobBsnInfoService/getJobOperInsttList
214-1호,******,0004023,중소기업기술혁신협회 대전세종충남지회(민간),수행기관,******,대전 유성구장동,305343,PUB-003_자립형일자리_수행기관,https://apis.data.go.kr/B552474/JobBsnInfoService/getJobOperInsttList
677-6 영남빌딩 4층,******,0004025,(주)티이에스,수행기관,******,서울 강남구역삼1동,135915,PUB-003_자립형일자리_수행기관,https://apis.data.go.kr/B552474/JobBsnInfoService/getJobOperInsttList
405호,******,0004027,경기동부상공회의소,수행기관,******,경기도 남양주시 금곡동 651-1 다남프라자,12239,PUB-003_자립형일자리_수행기관,https://apis.data.go.kr/B552474/JobBsnInfoService/getJobOperInsttList
,******,0004029,고양상공회의소,수행기관,******,경기도 고양시 일산동구장항동,410705,PUB-003_자립형일자리_수행기관,https://apis.data.go.kr/B552474/JobBsnInfoService/getJobOperInsttList
,******,0004048,부산광역시장노년일자리지원센터(인턴십),수행기관,******,부산 연제구 거제3동,611801,PUB-003_자립형일자리_수행기관,https://apis.data.go.kr/B552474/JobBsnInfoService/getJobOperInsttList
하이페르상가 1403호,******,0004050,창원노인일자리창출지원센터,수행기관,******,경상남도 창원시 성산구 중앙동,642030,PUB-003_자립형일자리_수행기관,https://apis.data.go.kr/B552474/JobBsnInfoService/getJobOperInsttList
,******,0004063,포항상공회의소,수행기관,******,경상북도 포항시 남구 상도동 10-2 포항상공회의소,37783,PUB-003_자립형일자리_수행기관,https://apis.data.go.kr/B552474/JobBsnInfoService/getJobOperInsttList
경남지방중소기업청 1층,******,0004066,사단법인 중소기업기술혁신협회 경남지회,수행기관,******,경상남도 창원시 의 창원대로532번길 50 (신월동),51439,PUB-003_자립형일자리_수행기관,https://apis.data.go.kr/B552474/JobBsnInfoService/getJobOperInsttList
,******,0004081,(사)중소기업기술혁신협회 강원지회,수행기관,******,강원도 춘천시 퇴계동 856-10 지방중소기업청,24427,PUB-003_자립형일자리_수행기관,https://apis.data.go.kr/B552474/JobBsnInfoService/getJobOperInsttList
4층 중소기업멘토지원센터,******,0004092,(사)대구경영자총협회,수행기관,******,대구시 서구 평리 4동 1371-8 대구경총회관,703848,PUB-003_자립형일자리_수행기관,https://apis.data.go.kr/B552474/JobBsnInfoService/getJobOperInsttList
이노비즈센터 605호,******,0004097,중소기업기술혁신협회 광주전남지회,수행기관,******,광주광역시 북구 오룡동 1,61005,PUB-003_자립형일자리_수행기관,https://apis.data.go.kr/B552474/JobBsnInfoService/getJobOperInsttList
예일클리닉빌딩 303호,******,0004116,사단법인 대한노인회 고양통합취업지원센터,수행기관,******,경기 고양시 덕양구행신2동,412825,PUB-003_자립형일자리_수행기관,https://apis.data.go.kr/B552474/JobBsnInfoService/getJobOperInsttList
1동 618호,******,0004131,(사)고령사회고용진흥원,수행기관,******,서울특별시 영등포구 문래동3가 55-20 에이스하이테크시티,07299,PUB-003_자립형일자리_수행기관,https://apis.data.go.kr/B552474/JobBsnInfoService/getJobOperInsttList
5층,******,0004132,주식회사 아이피시,수행기관,******,서울특별시 강서구 마곡동 798-16 M밸리 W TOWER Ⅳ,07807,PUB-003_자립형일자리_수행기관,https://apis.data.go.kr/B552474/JobBsnInfoService/getJobOperInsttList
,******,0004133,은곡직업전문학교,수행기관,******,서울 노원구 상계동 746-7,139200,PUB-003_자립형일자리_수행기관,https://apis.data.go.kr/B552474/JobBsnInfoService/getJobOperInsttList
태양빌딩 6층,******,0004134,(주)메이크인,수행기관,******,서울 중구 신당동 370-24,100893,PUB-003_자립형일자리_수행기관,https://apis.data.go.kr/B552474/JobBsnInfoService/getJobOperInsttList
1471-5,******,0004160,대한노인회울산광역시연합회,수행기관,******,울산 남구삼산동,680814,PUB-003_자립형일자리_수행기관,https://apis.data.go.kr/B552474/JobBsnInfoService/getJobOperInsttList
,******,0004186,(사)한국취업컨설턴트협회,수행기관,******,서울시 영등포구 국제금융로 8길 34,150886,PUB-003_자립형일자리_수행기관,https://apis.data.go.kr/B552474/JobBsnInfoService/getJobOperInsttList
871-25 난빌등 5층,******,0004189,(사)대구경북고용복지연구원,수행기관,******,대구 동구방촌동,701801,PUB-003_자립형일자리_수행기관,https://apis.data.go.kr/B552474/JobBsnInfoService/getJobOperInsttList
664-242,******,0004207,(사)대한노인회 속초시지회,수행기관,******,강원 속초시 교동,217803,PUB-003_자립형일자리_수행기관,https://apis.data.go.kr/B552474/JobBsnInfoService/getJobOperInsttList
1241-5,******,0004209,(사)중소기업기술혁신협회 전북지회,수행기관,******,전북 전주시 완산구효자동2가,560859,PUB-003_자립형일자리_수행기관,https://apis.data.go.kr/B552474/JobBsnInfoService/getJobOperInsttList
,******,0004211,제3생애지원협동조합,수행기관,******,광주광역시 동구 산수동 538-45,61407,PUB-003_자립형일자리_수행기관,https://apis.data.go.kr/B552474/JobBsnInfoService/getJobOperInsttList
,******,0004213,부산희망리본 사회적협동조합,수행기관,******,부산 연제구거제3동,611804,PUB-003_자립형일자리_수행기관,https://apis.data.go.kr/B552474/JobBsnInfoService/getJobOperInsttList
,******,0004214,(사)중소기업기술혁신협회부산울산지회,수행기관,******,,618819,PUB-003_자립형일자리_수행기관,https://apis.data.go.kr/B552474/JobBsnInfoService/getJobOperInsttList
5층,******,0004219,진천상공회의소(민간),수행기관,******,충청북도 진천군 진천읍 교성리 240-4 진천상공회의소회관,27840,PUB-003_자립형일자리_수행기관,https://apis.data.go.kr/B552474/JobBsnInfoService/getJobOperInsttList
,******,0004220,(재)충청북도기업진흥원(민간),수행기관,******,충북 청주시 흥덕구가경동,361802,PUB-003_자립형일자리_수행기관,https://apis.data.go.kr/B552474/JobBsnInfoService/getJobOperInsttList
,******,0004227,스탭스 주식회사,수행기관,******,,100834,PUB-003_자립형일자리_수행기관,https://apis.data.go.kr/B552474/JobBsnInfoService/getJobOperInsttList
,******,0004230,김천상공회의소,수행기관,******,경북 김천시 시청로 137,740978,PUB-003_자립형일자리_수행기관,https://apis.data.go.kr/B552474/JobBsnInfoService/getJobOperInsttList
46-4,******,0004234,한국노인인력개발원 부산울산지역본부,수행기관,******,부산 연제구거제1동,611800,PUB-003_자립형일자리_수행기관,https://apis.data.go.kr/B552474/JobBsnInfoService/getJobOperInsttList
3층 한국노인인력개발원,******,0004235,한국노인인력개발원 대구경북지역본부,수행기관,******,대구광역시 동구 신천동 95 벤처센터빌딩,41256,PUB-003_자립형일자리_수행기관,https://apis.data.go.kr/B552474/JobBsnInfoService/getJobOperInsttList
,******,0004236,한국노인인력개발원 인천지역본부,수행기관,******,인천광역시 부평구 삼산동 464-4,21344,PUB-003_자립형일자리_수행기관,https://apis.data.go.kr/B552474/JobBsnInfoService/getJobOperInsttList
324,******,0004237,한국노인인력개발원 광주전남지역본부,수행기관,******,광주 북구중흥1동,500876,PUB-003_자립형일자리_수행기관,https://apis.data.go.kr/B552474/JobBsnInfoService/getJobOperInsttList
,******,0004238,한국노인인력개발원 대전충남지역본부,수행기관,******,대전광역시 서구 둔산동 938 이안빌딩,35209,PUB-003_자립형일자리_수행기관,https://apis.data.go.kr/B552474/JobBsnInfoService/getJobOperInsttList
,******,0004244,(주)휴비즈코리아(민간),수행기관,******,충남 천안시 서북구 차암동,31154,PUB-003_자립형일자리_수행기관,https://apis.data.go.kr/B552474/JobBsnInfoService/getJobOperInsttList
대명벨리온 지식산업센터 B동 901호(집현동),******,0004245,사단법인 한국문화산업협회(민간),수행기관,******,세종특별자치시 집현동 1163 지식산업센터,30141,PUB-003_자립형일자리_수행기관,https://apis.data.go.kr/B552474/JobBsnInfoService/getJobOperInsttList
,******,0004247,(주)지에스씨넷 구미지점,수행기관,******,,730925,PUB-003_자립형일자리_수행기관,https://apis.data.go.kr/B552474/JobBsnInfoService/getJobOperInsttList
,******,0004248,(사)경북경영자총협회,수행기관,******,경상북도 구미시 공단동 245,39372,PUB-003_자립형일자리_수행기관,https://apis.data.go.kr/B552474/JobBsnInfoService/getJobOperInsttList
,******,0005095,대한민국동작 주식회사,수행기관,******,서울특별시 동작구 노량진동 54-11 드림타워,06922,PUB-003_자립형일자리_수행기관,https://apis.data.go.kr/B552474/JobBsnInfoService/getJobOperInsttList
,******,0006013,삼척시노인복지관,수행기관,******,강원특별자치도 삼척시 남양동 7-1,25922,PUB-003_자립형일자리_수행기관,https://apis.data.go.kr/B552474/JobBsnInfoService/getJobOperInsttList
,******,0006020,강동시니어클럽,수행기관,******,서울특별시 강동구 천호동 426-6 강동시니어클럽,05328,PUB-003_자립형일자리_수행기관,https://apis.data.go.kr/B552474/JobBsnInfoService/getJobOperInsttList
,******,0006024,판교노인종합복지관,수행기관,******,,13531,PUB-003_자립형일자리_수행기관,https://apis.data.go.kr/B552474/JobBsnInfoService/getJobOperInsttList
,******,0006042,양산노인일자리창출지원센터,수행기관,******,,50619,PUB-003_자립형일자리_수행기관,https://apis.data.go.kr/B552474/JobBsnInfoService/getJobOperInsttList
,******,0006047,(사)한국안정교육협회서울분소,수행기관,******,서울특별시 광진구 구의동 29-20,04955,PUB-003_자립형일자리_수행기관,https://apis.data.go.kr/B552474/JobBsnInfoService/getJobOperInsttList
,******,0006052,사회복지법인 작은공 인제군사회복지관,수행기관,******,,24624,PUB-003_자립형일자리_수행기관,https://apis.data.go.kr/B552474/JobBsnInfoService/getJobOperInsttList
,******,0006053,시민종합사회복지관,수행기관,******,,61091,PUB-003_자립형일자리_수행기관,https://apis.data.go.kr/B552474/JobBsnInfoService/getJobOperInsttList
,******,0006055,두암종합사회복지관,수행기관,******,,61161,PUB-003_자립형일자리_수행기관,https://apis.data.go.kr/B552474/JobBsnInfoService/getJobOperInsttList
1층 109호 영등포시니어클럽,******,0006061,영등포시니어클럽,수행기관,******,서울특별시 영등포구 영등포동8가 35-1 리마크빌 영등포,07228,PUB-003_자립형일자리_수행기관,https://apis.data.go.kr/B552474/JobBsnInfoService/getJobOperInsttList
5층 계양구노인인력개발센터,******,0006066,계양구노인인력개발센터,수행기관,******,인천광역시 계양구 계산동 1064-6 동성프라자,21058,PUB-003_자립형일자리_수행기관,https://apis.data.go.kr/B552474/JobBsnInfoService/getJobOperInsttList
,******,0006067,화성시서부노인복지관,수행기관,******,,18274,PUB-003_자립형일자리_수행기관,https://apis.data.go.kr/B552474/JobBsnInfoService/getJobOperInsttList
영강문화센터 1층 (점촌동),******,0006071,대한노인회 경북 문경시지회,수행기관,******,경상북도 문경시 점촌5길 20,36971,PUB-003_자립형일자리_수행기관,https://apis.data.go.kr/B552474/JobBsnInfoService/getJobOperInsttList
파주시노인복지관 (금릉동),******,0006072,파주시노인복지관,수행기관,******,경기도 파주시 가나무로 130,10934,PUB-003_자립형일자리_수행기관,https://apis.data.go.kr/B552474/JobBsnInfoService/getJobOperInsttList
목동실버복지문화센터 (목동),******,0006073,목동어르신복지관,수행기관,******,서울특별시 양천구 목동중앙로3길 21,07962,PUB-003_자립형일자리_수행기관,https://apis.data.go.kr/B552474/JobBsnInfoService/getJobOperInsttList
,******,0006082,경산시어르신종합복지관,수행기관,******,경상북도 경산시 하양읍 문화로 32,38431,PUB-003_자립형일자리_수행기관,https://apis.data.go.kr/B552474/JobBsnInfoService/getJobOperInsttList
,******,0006083,소사본종합사회복지관,수행기관,******,,14754,PUB-003_자립형일자리_수행기관,https://apis.data.go.kr/B552474/JobBsnInfoService/getJobOperInsttList
,******,0008084,삼천포종합사회복지관,수행기관,******,,52547,PUB-003_자립형일자리_수행기관,https://apis.data.go.kr/B552474/JobBsnInfoService/getJobOperInsttList
,******,0009083,학장종합사회복지관,수행기관,******,,47053,PUB-003_자립형일자리_수행기관,https://apis.data.go.kr/B552474/JobBsnInfoService/getJobOperInsttList
,******,0011083,성남위례종합사회복지관,수행기관,******,,13641,PUB-003_자립형일자리_수행기관,https://apis.data.go.kr/B552474/JobBsnInfoService/getJobOperInsttList
,******,0013083,춘천북부노인복지관,수행기관,******,강원특별자치도 춘천시 우두동 426-1,24227,PUB-003_자립형일자리_수행기관,https://apis.data.go.kr/B552474/JobBsnInfoService/getJobOperInsttList
,******,0018083,밀양시니어클럽,수행기관,******,경상남도 밀양시 가곡동 662-82 상상어울림센터,50444,PUB-003_자립형일자리_수행기관,https://apis.data.go.kr/B552474/JobBsnInfoService/getJobOperInsttList
,******,0020083,화성시동탄노인복지관,수행기관,******,경기도 화성시 산척동 242-7,18501,PUB-003_자립형일자리_수행기관,https://apis.data.go.kr/B552474/JobBsnInfoService/getJobOperInsttList
503호,******,0023083,사단법인 고령사회고용진흥원 경기지사,수행기관,******,경기도 의정부시 의정부동 486-7 대정프라자,11673,PUB-003_자립형일자리_수행기관,https://apis.data.go.kr/B552474/JobBsnInfoService/getJobOperInsttList
,******,0024083,공주시니어클럽(민간),수행기관,******,,32572,PUB-003_자립형일자리_수행기관,https://apis.data.go.kr/B552474/JobBsnInfoService/getJobOperInsttList
2층,******,0025083,여주시니어클럽,수행기관,******,경기도 여주시 현암동 224,12638,PUB-003_자립형일자리_수행기관,https://apis.data.go.kr/B552474/JobBsnInfoService/getJobOperInsttList
,******,0026083,부산경영자총협회,수행기관,******,,48741,PUB-003_자립형일자리_수행기관,https://apis.data.go.kr/B552474/JobBsnInfoService/getJobOperInsttList
,******,0027084,서구노인복지관,수행기관,******,,41787,PUB-003_자립형일자리_수행기관,https://apis.data.go.kr/B552474/JobBsnInfoService/getJobOperInsttList
,******,0030084,경기실버포럼,수행기관,******,,13990,PUB-003_자립형일자리_수행기관,https://apis.data.go.kr/B552474/JobBsnInfoService/getJobOperInsttList
,******,0032085,사단법인 동그라미솔빛,수행기관,******,광주광역시 광산구 하남동 1092,62232,PUB-003_자립형일자리_수행기관,https://apis.data.go.kr/B552474/JobBsnInfoService/getJobOperInsttList
"1, 2층",******,0033083,베스트노인복지센터,수행기관,******,광주 광산구 신창동 943-1,62293,PUB-003_자립형일자리_수행기관,https://apis.data.go.kr/B552474/JobBsnInfoService/getJobOperInsttList
,******,0036083,(사)하늘터노인복지회,수행기관,******,서울특별시 관악구 봉천동 1592-12 건웅빌딩,08833,PUB-003_자립형일자리_수행기관,https://apis.data.go.kr/B552474/JobBsnInfoService/getJobOperInsttList
,******,0038083,은빛노인복지센터,수행기관,******,경상북도 포항시 북구 창포동 634,37631,PUB-003_자립형일자리_수행기관,https://apis.data.go.kr/B552474/JobBsnInfoService/getJobOperInsttList
,******,0038084,제주느영나영시니어클럽,수행기관,******,제주특별자치도 제주시 이도일동 1690-8 대한항공빌딩,63198,PUB-003_자립형일자리_수행기관,https://apis.data.go.kr/B552474/JobBsnInfoService/getJobOperInsttList
,******,0039083,해피누리노인복지관,수행기관,******,,12148,PUB-003_자립형일자리_수행기관,https://apis.data.go.kr/B552474/JobBsnInfoService/getJobOperInsttList
서호오피스 2층 창녕시니어클럽,******,0040087,창녕시니어클럽,수행기관,******,경상남도 창녕군 창녕읍 말흘리 776-1,50333,PUB-003_자립형일자리_수행기관,https://apis.data.go.kr/B552474/JobBsnInfoService/getJobOperInsttList
,******,0040091,연제구노인복지관,수행기관,******,,47585,PUB-003_자립형일자리_수행기관,https://apis.data.go.kr/B552474/JobBsnInfoService/getJobOperInsttList
,******,0050083,개발원노인테스트지회,수행기관,******,,10294,PUB-003_자립형일자리_수행기관,https://apis.data.go.kr/B552474/JobBsnInfoService/getJobOperInsttList
,******,0055083,(사)대전세종충남경영자총협회,수행기관,******,,34956,PUB-003_자립형일자리_수행기관,https://apis.data.go.kr/B552474/JobBsnInfoService/getJobOperInsttList
,******,0058083,대구중구노인복지관,수행기관,******,,41901,PUB-003_자립형일자리_수행기관,https://apis.data.go.kr/B552474/JobBsnInfoService/getJobOperInsttList
,******,0064083,백화노인복지관,수행기관,******,,32142,PUB-003_자립형일자리_수행기관,https://apis.data.go.kr/B552474/JobBsnInfoService/getJobOperInsttList
,******,0072083,세종시니어클럽,수행기관,******,,30127,PUB-003_자립형일자리_수행기관,https://apis.data.go.kr/B552474/JobBsnInfoService/getJobOperInsttList
,******,0074083,성북시니어클럽,수행기관,******,,02856,PUB-003_자립형일자리_수행기관,https://apis.data.go.kr/B552474/JobBsnInfoService/getJobOperInsttList
,******,0078083,서대문시니어클럽,수행기관,******,서울 서대문구 창천동 493,03784,PUB-003_자립형일자리_수행기관,https://apis.data.go.kr/B552474/JobBsnInfoService/getJobOperInsttList
,******,0082083,내당노인복지관,수행기관,******,,41853,PUB-003_자립형일자리_수행기관,https://apis.data.go.kr/B552474/JobBsnInfoService/getJobOperInsttList
2층,******,0085095,사단법인여성가족지원네트워크,수행기관,******,서울특별시 강서구 화곡동 1114-5,07654,PUB-003_자립형일자리_수행기관,https://apis.data.go.kr/B552474/JobBsnInfoService/getJobOperInsttList
,******,0105083,사단법인 삼성희망네트워크 ,수행기관,******,부산광역시 동구 초량동 1200-1,48733,PUB-003_자립형일자리_수행기관,https://apis.data.go.kr/B552474/JobBsnInfoService/getJobOperInsttList
,******,0107083,김해시서부노인종합복지관,수행기관,******,,50994,PUB-003_자립형일자리_수행기관,https://apis.data.go.kr/B552474/JobBsnInfoService/getJobOperInsttList
1층,******,0108083,광양시니어클럽,수행기관,******,전라남도 광양시 중동 1745-1,57786,PUB-003_자립형일자리_수행기관,https://apis.data.go.kr/B552474/JobBsnInfoService/getJobOperInsttList
,******,0109083,홍천시니어클럽,수행기관,******,강원도 홍천군 홍천읍 진리 20-10,25132,PUB-003_자립형일자리_수행기관,https://apis.data.go.kr/B552474/JobBsnInfoService/getJobOperInsttList
,******,0110083,묵호노인종합복지관,수행기관,******,,25727,PUB-003_자립형일자리_수행기관,https://apis.data.go.kr/B552474/JobBsnInfoService/getJobOperInsttList
,******,0110084,경북영천시니어클럽,수행기관,******,,38890,PUB-003_자립형일자리_수행기관,https://apis.data.go.kr/B552474/JobBsnInfoService/getJobOperInsttList
,******,0111083,강동노인복지관,수행기관,******,,41101,PUB-003_자립형일자리_수행기관,https://apis.data.go.kr/B552474/JobBsnInfoService/getJobOperInsttList
,******,0111086,비원노인복지관,수행기관,******,,41725,PUB-003_자립형일자리_수행기관,https://apis.data.go.kr/B552474/JobBsnInfoService/getJobOperInsttList
,******,0111089,통영시니어클럽,수행기관,******,,53061,PUB-003_자립형일자리_수행기관,https://apis.data.go.kr/B552474/JobBsnInfoService/getJobOperInsttList
 대조노인복지관,******,0111090,대조노인복지관,수행기관,******,서울특별시 은평구 대조동 208-11,03389,PUB-003_자립형일자리_수행기관,https://apis.data.go.kr/B552474/JobBsnInfoService/getJobOperInsttList
,******,0111092,사천시니어클럽,수행기관,******,경상남도 사천시 사천읍 평화리 29,52517,PUB-003_자립형일자리_수행기관,https://apis.data.go.kr/B552474/JobBsnInfoService/getJobOperInsttList
,******,0111093,청주서원노인복지관,수행기관,******,,28629,PUB-003_자립형일자리_수행기관,https://apis.data.go.kr/B552474/JobBsnInfoService/getJobOperInsttList
,******,0113083,팔달노인복지관,수행기관,******,,16253,PUB-003_자립형일자리_수행기관,https://apis.data.go.kr/B552474/JobBsnInfoService/getJobOperInsttList
,******,0114083,한국지역복지봉사회,수행기관,******,,14316,PUB-003_자립형일자리_수행기관,https://apis.data.go.kr/B552474/JobBsnInfoService/getJobOperInsttList
,******,0114084,고창원광노인복지센터,수행기관,******,,56437,PUB-003_자립형일자리_수행기관,https://apis.data.go.kr/B552474/JobBsnInfoService/getJobOperInsttList
,******,0115083,신장림사랑채노인복지관,수행기관,******,,49468,PUB-003_자립형일자리_수행기관,https://apis.data.go.kr/B552474/JobBsnInfoService/getJobOperInsttList
,******,0116084,참살이사회적협동조합,수행기관,******,,34435,PUB-003_자립형일자리_수행기관,https://apis.data.go.kr/B552474/JobBsnInfoService/getJobOperInsttList
,******,0117083,우만종합사회복지관,수행기관,******,,16230,PUB-003_자립형일자리_수행기관,https://apis.data.go.kr/B552474/JobBsnInfoService/getJobOperInsttList
,******,0117085,노후를돕는사람들,수행기관,******,,61474,PUB-003_자립형일자리_수행기관,https://apis.data.go.kr/B552474/JobBsnInfoService/getJobOperInsttList
602호,******,0118084,100세발전소사회적협동조합,수행기관,******,부산광역시 동구 초량동 1056-2 한국방송통신전파진흥원 부산본부,48819,PUB-003_자립형일자리_수행기관,https://apis.data.go.kr/B552474/JobBsnInfoService/getJobOperInsttList
,******,0119084,(사)대한노인회 강남구지회,수행기관,******,,06065,PUB-003_자립형일자리_수행기관,https://apis.data.go.kr/B552474/JobBsnInfoService/getJobOperInsttList
,******,0120083,(사)경남고용복지센터,수행기관,******,,51411,PUB-003_자립형일자리_수행기관,https://apis.data.go.kr/B552474/JobBsnInfoService/getJobOperInsttList
,******,0121083,감돌노인복지센터,수행기관,******,,18136,PUB-003_자립형일자리_수행기관,https://apis.data.go.kr/B552474/JobBsnInfoService/getJobOperInsttList
,******,0131083,서초구립 느티나무쉼터,수행기관,******,,06793,PUB-003_자립형일자리_수행기관,https://apis.data.go.kr/B552474/JobBsnInfoService/getJobOperInsttList
,******,0135085,합천시니어클럽,수행기관,******,,50232,PUB-003_자립형일자리_수행기관,https://apis.data.go.kr/B552474/JobBsnInfoService/getJobOperInsttList
양림동 ,******,0140091,(사)광주광역시장애인권익협회,수행기관,******,광주광역시 남구 양림동 13-2,61663,PUB-003_자립형일자리_수행기관,https://apis.data.go.kr/B552474/JobBsnInfoService/getJobOperInsttList
,******,0141086,로뎀노인복지센터,수행기관,******,,61651,PUB-003_자립형일자리_수행기관,https://apis.data.go.kr/B552474/JobBsnInfoService/getJobOperInsttList
,******,0142085,사단법인 열린세상,수행기관,******,,61655,PUB-003_자립형일자리_수행기관,https://apis.data.go.kr/B552474/JobBsnInfoService/getJobOperInsttList
1층(어르신행복일자리센터),******,0144083,어르신행복일자리센터,수행기관,******,서울특별시 종로구 종로6가 108,03124,PUB-003_자립형일자리_수행기관,https://apis.data.go.kr/B552474/JobBsnInfoService/getJobOperInsttList
,******,0152084,일드림사회적협동조합(전북),수행기관,******,,54981,PUB-003_자립형일자리_수행기관,https://apis.data.go.kr/B552474/JobBsnInfoService/getJobOperInsttList
,******,0156083,고흥시니어클럽,수행기관,******,전라남도 고흥군 고흥읍 등암리 1680 고흥남계엘에이치1단지,59542,PUB-003_자립형일자리_수행기관,https://apis.data.go.kr/B552474/JobBsnInfoService/getJobOperInsttList
해누리타운 3층,******,0171083,양천시니어클럽,수행기관,******,서울 양천구 신정동 322-11,08094,PUB-003_자립형일자리_수행기관,https://apis.data.go.kr/B552474/JobBsnInfoService/getJobOperInsttList
,******,0172086,광진시니어클럽,수행기관,******,,05066,PUB-003_자립형일자리_수행기관,https://apis.data.go.kr/B552474/JobBsnInfoService/getJobOperInsttList
성운빌딩 3층,******,0176083,(주)청청프로젝트연구소,수행기관,******,인천광역시 미추홀구 학익동 518-11,22205,PUB-003_자립형일자리_수행기관,https://apis.data.go.kr/B552474/JobBsnInfoService/getJobOperInsttList
,******,0182083,노원시니어클럽,수행기관,******,서울특별시 노원구 상계동 963-5 구립 수락노인종합복지관,01616,PUB-003_자립형일자리_수행기관,https://apis.data.go.kr/B552474/JobBsnInfoService/getJobOperInsttList
,******,0187083,금천시니어클럽,수행기관,******,서울특별시 금천구 시흥동 883-11 금천리메인시티,08628,PUB-003_자립형일자리_수행기관,https://apis.data.go.kr/B552474/JobBsnInfoService/getJobOperInsttList
,******,0191083,진안시니어클럽,수행기관,******,전북특별자치도 진안군 진안읍 군상리 403-9,55432,PUB-003_자립형일자리_수행기관,https://apis.data.go.kr/B552474/JobBsnInfoService/getJobOperInsttList
,******,0192083,(주)지엔그린,수행기관,******,경기 부천시 원미구 상동 549,14592,PUB-003_자립형일자리_수행기관,https://apis.data.go.kr/B552474/JobBsnInfoService/getJobOperInsttList
,******,0196083,금호종합사회복지관,수행기관,******,,62034,PUB-003_자립형일자리_수행기관,https://apis.data.go.kr/B552474/JobBsnInfoService/getJobOperInsttList
,******,0198083,광주북구사회적경제연합회,수행기관,******,,61228,PUB-003_자립형일자리_수행기관,https://apis.data.go.kr/B552474/JobBsnInfoService/getJobOperInsttList
,******,0200083,송도노인복지관,수행기관,******,인천광역시 연수구 송도동 194-2 송도노인복지관,21987,PUB-003_자립형일자리_수행기관,https://apis.data.go.kr/B552474/JobBsnInfoService/getJobOperInsttList
,******,0201083,효성노인문화센터,수행기관,******,,21103,PUB-003_자립형일자리_수행기관,https://apis.data.go.kr/B552474/JobBsnInfoService/getJobOperInsttList
,******,0202083,계룡시니어클럽,수행기관,******,,32801,PUB-003_자립형일자리_수행기관,https://apis.data.go.kr/B552474/JobBsnInfoService/getJobOperInsttList
,******,0205083,검단노인복지관,수행기관,******,,22635,PUB-003_자립형일자리_수행기관,https://apis.data.go.kr/B552474/JobBsnInfoService/getJobOperInsttList
,******,0206083,산곡노인문화센터,수행기관,******,,21362,PUB-003_자립형일자리_수행기관,https://apis.data.go.kr/B552474/JobBsnInfoService/getJobOperInsttList
,******,0208083,송현노인복지관,수행기관,******,,22548,PUB-003_자립형일자리_수행기관,https://apis.data.go.kr/B552474/JobBsnInfoService/getJobOperInsttList
,******,0210083,안성맞춤시니어클럽,수행기관,******,,17592,PUB-003_자립형일자리_수행기관,https://apis.data.go.kr/B552474/JobBsnInfoService/getJobOperInsttList
,******,0211083,해운대구장애인복지관,수행기관,******,,48032,PUB-003_자립형일자리_수행기관,https://apis.data.go.kr/B552474/JobBsnInfoService/getJobOperInsttList
,******,0212083,서울강서시니어클럽,수행기관,******,,07604,PUB-003_자립형일자리_수행기관,https://apis.data.go.kr/B552474/JobBsnInfoService/getJobOperInsttList
,******,0216083,거제시니어클럽,수행기관,******,,53266,PUB-003_자립형일자리_수행기관,https://apis.data.go.kr/B552474/JobBsnInfoService/getJobOperInsttList
,******,0217084,청학노인복지관,수행기관,******,인천광역시 연수구 청학동 539-3 청학 노인복지관,21904,PUB-003_자립형일자리_수행기관,https://apis.data.go.kr/B552474/JobBsnInfoService/getJobOperInsttList
,******,0217085,연희노인복지관,수행기관,******,,22724,PUB-003_자립형일자리_수행기관,https://apis.data.go.kr/B552474/JobBsnInfoService/getJobOperInsttList
,******,0218083,고양시삼송동종합복지회관,수행기관,******,,10590,PUB-003_자립형일자리_수행기관,https://apis.data.go.kr/B552474/JobBsnInfoService/getJobOperInsttList
,******,0219083,경산청솔재가노인통합지원센터,수행기관,******,,38556,PUB-003_자립형일자리_수행기관,https://apis.data.go.kr/B552474/JobBsnInfoService/getJobOperInsttList
,******,0220084,진해서부노인종합복지관,수행기관,******,,51682,PUB-003_자립형일자리_수행기관,https://apis.data.go.kr/B552474/JobBsnInfoService/getJobOperInsttList
,******,0221084,마산회원노인종합복지관,수행기관,******,,51313,PUB-003_자립형일자리_수행기관,https://apis.data.go.kr/B552474/JobBsnInfoService/getJobOperInsttList
,******,0223083,마산회원시니어클럽,수행기관,******,,51325,PUB-003_자립형일자리_수행기관,https://apis.data.go.kr/B552474/JobBsnInfoService/getJobOperInsttList
2층,******,0224084,성산시니어클럽,수행기관,******,경상남도 창원시 성산구 내동 456-2,51527,PUB-003_자립형일자리_수행기관,https://apis.data.go.kr/B552474/JobBsnInfoService/getJobOperInsttList
,******,0225083,양주시 회천노인복지관,수행기관,******,,11451,PUB-003_자립형일자리_수행기관,https://apis.data.go.kr/B552474/JobBsnInfoService/getJobOperInsttList
(사)사랑나눔센터,******,0226084,(사)남원사랑나눔센터,수행기관,******,전라북도 남원시 죽항동 75-1 중앙교회,55771,PUB-003_자립형일자리_수행기관,https://apis.data.go.kr/B552474/JobBsnInfoService/getJobOperInsttList
,******,0227083,쌍촌종합사회복지관,수행기관,******,,61996,PUB-003_자립형일자리_수행기관,https://apis.data.go.kr/B552474/JobBsnInfoService/getJobOperInsttList
,******,0228083,미추홀시니어클럽,수행기관,******,,22133,PUB-003_자립형일자리_수행기관,https://apis.data.go.kr/B552474/JobBsnInfoService/getJobOperInsttList
,******,0229084,경기여주지역자활센터,수행기관,******,,12651,PUB-003_자립형일자리_수행기관,https://apis.data.go.kr/B552474/JobBsnInfoService/getJobOperInsttList
,******,0230083,거창군사회복지협의회,수행기관,******,,50110,PUB-003_자립형일자리_수행기관,https://apis.data.go.kr/B552474/JobBsnInfoService/getJobOperInsttList
,******,0231083,효샘재가노인지원서비스센터,수행기관,******,경기도 고양시 덕양구 토당동 295-2 능곡동마을회관,10508,PUB-003_자립형일자리_수행기관,https://apis.data.go.kr/B552474/JobBsnInfoService/getJobOperInsttList
,******,0233083,진주서부시니어클럽,수행기관,******,경상남도 진주시 평거동 359,52649,PUB-003_자립형일자리_수행기관,https://apis.data.go.kr/B552474/JobBsnInfoService/getJobOperInsttList
,******,0234084,고창시니어클럽,수행기관,******,전북특별자치도 고창군 고창읍 율계리 118,56442,PUB-003_자립형일자리_수행기관,https://apis.data.go.kr/B552474/JobBsnInfoService/getJobOperInsttList
,******,0235083,한사랑노인복지센터,수행기관,******,,61218,PUB-003_자립형일자리_수행기관,https://apis.data.go.kr/B552474/JobBsnInfoService/getJobOperInsttList
,******,0236085,빛고을종합사회복지관,수행기관,******,,61507,PUB-003_자립형일자리_수행기관,https://apis.data.go.kr/B552474/JobBsnInfoService/getJobOperInsttList
,******,0237083,원광효도복지센터,수행기관,******,,62251,PUB-003_자립형일자리_수행기관,https://apis.data.go.kr/B552474/JobBsnInfoService/getJobOperInsttList
,******,0238083,어울림협동조합,수행기관,******,,61144,PUB-003_자립형일자리_수행기관,https://apis.data.go.kr/B552474/JobBsnInfoService/getJobOperInsttList
,******,0239083,(사)늘푸른청소년교육문화센터,수행기관,******,,61433,PUB-003_자립형일자리_수행기관,https://apis.data.go.kr/B552474/JobBsnInfoService/getJobOperInsttList
,******,0242083,동양노인문화센터,수행기관,******,,21010,PUB-003_자립형일자리_수행기관,https://apis.data.go.kr/B552474/JobBsnInfoService/getJobOperInsttList
,******,0243084,이천시니어클럽,수행기관,******,,17365,PUB-003_자립형일자리_수행기관,https://apis.data.go.kr/B552474/JobBsnInfoService/getJobOperInsttList
,******,0243085,화성시나래울종합사회복지관,수행기관,******,,18427,PUB-003_자립형일자리_수행기관,https://apis.data.go.kr/B552474/JobBsnInfoService/getJobOperInsttList
,******,0245083,(사)광주광역시곰두리봉사회,수행기관,******,,61616,PUB-003_자립형일자리_수행기관,https://apis.data.go.kr/B552474/JobBsnInfoService/getJobOperInsttList
,******,0246084,사단법인 대효,수행기관,******,광주광역시 남구 행암동 17-3,61743,PUB-003_자립형일자리_수행기관,https://apis.data.go.kr/B552474/JobBsnInfoService/getJobOperInsttList
,******,0247083,한국HRM협회,수행기관,******,,04797,PUB-003_자립형일자리_수행기관,https://apis.data.go.kr/B552474/JobBsnInfoService/getJobOperInsttList
,******,0248083,땅끝해남시니어클럽,수행기관,******,전라남도 해남군 해남읍 구교리 333-4,59030,PUB-003_자립형일자리_수행기관,https://apis.data.go.kr/B552474/JobBsnInfoService/getJobOperInsttList
,******,0249083,무안시니어클럽,수행기관,******,전라남도 무안군 삼향읍 남악리 2010,58565,PUB-003_자립형일자리_수행기관,https://apis.data.go.kr/B552474/JobBsnInfoService/getJobOperInsttList
,******,0249084,사랑샘노인복지센터,수행기관,******,,61203,PUB-003_자립형일자리_수행기관,https://apis.data.go.kr/B552474/JobBsnInfoService/getJobOperInsttList
,******,0250083,사단법인 광주전남여성벤처협회,수행기관,******,,61008,PUB-003_자립형일자리_수행기관,https://apis.data.go.kr/B552474/JobBsnInfoService/getJobOperInsttList
,******,0250084,경산상공회의소,수행기관,******,,38621,PUB-003_자립형일자리_수행기관,https://apis.data.go.kr/B552474/JobBsnInfoService/getJobOperInsttList
,******,0251084,순천YWCA여성인력개발센터,수행기관,******,,57957,PUB-003_자립형일자리_수행기관,https://apis.data.go.kr/B552474/JobBsnInfoService/getJobOperInsttList
,******,0252083,김해가야시니어클럽,수행기관,******,경상남도 김해시 진영읍 진영리 275-47,50865,PUB-003_자립형일자리_수행기관,https://apis.data.go.kr/B552474/JobBsnInfoService/getJobOperInsttList
,******,0253083,퍼스트인잡(주) 원주지사,수행기관,******,,26392,PUB-003_자립형일자리_수행기관,https://apis.data.go.kr/B552474/JobBsnInfoService/getJobOperInsttList
,******,0253084,(주)커리어스타,수행기관,******,,41524,PUB-003_자립형일자리_수행기관,https://apis.data.go.kr/B552474/JobBsnInfoService/getJobOperInsttList
,******,0254083,에스잡플러스 주식회사,수행기관,******,,07226,PUB-003_자립형일자리_수행기관,https://apis.data.go.kr/B552474/JobBsnInfoService/getJobOperInsttList
,******,0256084,인지어스 유한회사 포항남구지사,수행기관,******,,37769,PUB-003_자립형일자리_수행기관,https://apis.data.go.kr/B552474/JobBsnInfoService/getJobOperInsttList
,******,0256086,사회적협동조합 제주내일(민간),수행기관,******,,63184,PUB-003_자립형일자리_수행기관,https://apis.data.go.kr/B552474/JobBsnInfoService/getJobOperInsttList
,******,0258084,(주)제이엠커리어 대구지사,수행기관,******,,41242,PUB-003_자립형일자리_수행기관,https://apis.data.go.kr/B552474/JobBsnInfoService/getJobOperInsttList
,******,0258085,파주상공회의소,수행기관,******,,10915,PUB-003_자립형일자리_수행기관,https://apis.data.go.kr/B552474/JobBsnInfoService/getJobOperInsttList
,******,0259083,인지어스 유한회사 성남지사,수행기관,******,,13326,PUB-003_자립형일자리_수행기관,https://apis.data.go.kr/B552474/JobBsnInfoService/getJobOperInsttList
,******,0259084,인지어스 유한회사,수행기관,******,,06212,PUB-003_자립형일자리_수행기관,https://apis.data.go.kr/B552474/JobBsnInfoService/getJobOperInsttList
,******,0259085,(주)두원잡,수행기관,******,,46981,PUB-003_자립형일자리_수행기관,https://apis.data.go.kr/B552474/JobBsnInfoService/getJobOperInsttList
,******,0261083,울산양산경영자총협회,수행기관,******,,44611,PUB-003_자립형일자리_수행기관,https://apis.data.go.kr/B552474/JobBsnInfoService/getJobOperInsttList
,******,0263085,수원상공회의소,수행기관,******,,16313,PUB-003_자립형일자리_수행기관,https://apis.data.go.kr/B552474/JobBsnInfoService/getJobOperInsttList
,******,0264084,죽림노인복지센터,수행기관,******,충청남도 논산시 취암동 1082-3,32974,PUB-003_자립형일자리_수행기관,https://apis.data.go.kr/B552474/JobBsnInfoService/getJobOperInsttList
,******,0264085,뉴딜사회적협동조합,수행기관,******,경기도 용인시 처인구 김량장동 338-7,17049,PUB-003_자립형일자리_수행기관,https://apis.data.go.kr/B552474/JobBsnInfoService/getJobOperInsttList
,******,0265083,(주)제니엘 부산지점,수행기관,******,,47251,PUB-003_자립형일자리_수행기관,https://apis.data.go.kr/B552474/JobBsnInfoService/getJobOperInsttList
,******,0266085,사단법인 경기경영자총협회,수행기관,******,,16571,PUB-003_자립형일자리_수행기관,https://apis.data.go.kr/B552474/JobBsnInfoService/getJobOperInsttList
,******,0267084,주식회사 잡스(민간),수행기관,******,충청북도 청주시 상당구 북문로2가 116-148,28510,PUB-003_자립형일자리_수행기관,https://apis.data.go.kr/B552474/JobBsnInfoService/getJobOperInsttList
,******,0269083,도시문화네트워크,수행기관,******,,31128,PUB-003_자립형일자리_수행기관,https://apis.data.go.kr/B552474/JobBsnInfoService/getJobOperInsttList
,******,0273083,(주)제이엠커리어 대전지사,수행기관,******,,34838,PUB-003_자립형일자리_수행기관,https://apis.data.go.kr/B552474/JobBsnInfoService/getJobOperInsttList
,******,0273084,대한노인회 충북 증평군지회,수행기관,******,,27937,PUB-003_자립형일자리_수행기관,https://apis.data.go.kr/B552474/JobBsnInfoService/getJobOperInsttList
,******,0277083,중구치매안심센터,수행기관,******,서울특별시 중구 신당동 160-2 중구구민복지관,04579,PUB-003_자립형일자리_수행기관,https://apis.data.go.kr/B552474/JobBsnInfoService/getJobOperInsttList
,******,0278083,사회적협동조합 일터와사람들,수행기관,******,인천광역시 부평구 부평동 881-4,21354,PUB-003_자립형일자리_수행기관,https://apis.data.go.kr/B552474/JobBsnInfoService/getJobOperInsttList
,******,0278084,좋은일자리,수행기관,******,,44730,PUB-003_자립형일자리_수행기관,https://apis.data.go.kr/B552474/JobBsnInfoService/getJobOperInsttList
,******,0284084,웅상시니어클럽,수행기관,******,경남 양산시 명동 1070-6,50532,PUB-003_자립형일자리_수행기관,https://apis.data.go.kr/B552474/JobBsnInfoService/getJobOperInsttList
,******,0288083,안양과천상공회의소,수행기관,******,,14092,PUB-003_자립형일자리_수행기관,https://apis.data.go.kr/B552474/JobBsnInfoService/getJobOperInsttList
,******,0292084,(주)제이엠커리어 창원지사,수행기관,******,,51535,PUB-003_자립형일자리_수행기관,https://apis.data.go.kr/B552474/JobBsnInfoService/getJobOperInsttList
,******,0295083,평택시니어클럽,수행기관,******,,17877,PUB-003_자립형일자리_수행기관,https://apis.data.go.kr/B552474/JobBsnInfoService/getJobOperInsttList
,******,0300084,(주)제이엠커리어 광주지사,수행기관,******,,62274,PUB-003_자립형일자리_수행기관,https://apis.data.go.kr/B552474/JobBsnInfoService/getJobOperInsttList
302호,******,0330083,다가치포럼사회적협동조합,수행기관,******,서울특별시 종로구 명륜1가 46-3 주호빌딩,03068,PUB-003_자립형일자리_수행기관,https://apis.data.go.kr/B552474/JobBsnInfoService/getJobOperInsttList
,******,0335083,(사)혼디배움센터,수행기관,******,,63234,PUB-003_자립형일자리_수행기관,https://apis.data.go.kr/B552474/JobBsnInfoService/getJobOperInsttList
강화군노인문화센터,******,0338083,강화군노인문화센터,수행기관,******,인천광역시 강화군 길상면 온수리 470-39 노인문화센,23050,PUB-003_자립형일자리_수행기관,https://apis.data.go.kr/B552474/JobBsnInfoService/getJobOperInsttList
,******,0339083,봉화시니어클럽,수행기관,******,,36238,PUB-003_자립형일자리_수행기관,https://apis.data.go.kr/B552474/JobBsnInfoService/getJobOperInsttList
,******,0342083,동대문시니어클럽,수행기관,******,서울특별시 동대문구 용두동 253-1 동대문구 공유커뮤니티센터,02587,PUB-003_자립형일자리_수행기관,https://apis.data.go.kr/B552474/JobBsnInfoService/getJobOperInsttList
,******,0345083,사단법인 한마음노인복지센터,수행기관,******,,62232,PUB-003_자립형일자리_수행기관,https://apis.data.go.kr/B552474/JobBsnInfoService/getJobOperInsttList
601호 파주시니어클럽,******,0347083,파주시니어클럽,수행기관,******,경기도 파주시 금촌동 765-19 광우프라자,10929,PUB-003_자립형일자리_수행기관,https://apis.data.go.kr/B552474/JobBsnInfoService/getJobOperInsttList
,******,0349083,구로시니어클럽,수행기관,******,,08272,PUB-003_자립형일자리_수행기관,https://apis.data.go.kr/B552474/JobBsnInfoService/getJobOperInsttList
,******,0350083,남목노인복지관,수행기관,******,,44016,PUB-003_자립형일자리_수행기관,https://apis.data.go.kr/B552474/JobBsnInfoService/getJobOperInsttList
,******,0351083,계산노인문화센터,수행기관,******,,21043,PUB-003_자립형일자리_수행기관,https://apis.data.go.kr/B552474/JobBsnInfoService/getJobOperInsttList
의료공학관 공530호,******,0352083,논산시사회복지협의회,수행기관,******,충청남도 논산시 내동 26 건양대학교,32992,PUB-003_자립형일자리_수행기관,https://apis.data.go.kr/B552474/JobBsnInfoService/getJobOperInsttList
,******,0353083,가좌노인문화센터 ,수행기관,******,,22807,PUB-003_자립형일자리_수행기관,https://apis.data.go.kr/B552474/JobBsnInfoService/getJobOperInsttList
70호,******,0354083,홍성 시니어클럽,수행기관,******,충청남도 홍성군 홍북읍 신경리 897 국제아르페온2차,32263,PUB-003_자립형일자리_수행기관,https://apis.data.go.kr/B552474/JobBsnInfoService/getJobOperInsttList
,******,0355083,하동시니어클럽,수행기관,******,,52329,PUB-003_자립형일자리_수행기관,https://apis.data.go.kr/B552474/JobBsnInfoService/getJobOperInsttList
,******,0357083,함양시니어클럽,수행기관,******,경상남도 함양군 함양읍 이은리 295-1,50049,PUB-003_자립형일자리_수행기관,https://apis.data.go.kr/B552474/JobBsnInfoService/getJobOperInsttList
,******,0358083,광명시립하안노인종합복지관,수행기관,******,,14245,PUB-003_자립형일자리_수행기관,https://apis.data.go.kr/B552474/JobBsnInfoService/getJobOperInsttList
,******,0359084,사단법인 농담,수행기관,******,,61161,PUB-003_자립형일자리_수행기관,https://apis.data.go.kr/B552474/JobBsnInfoService/getJobOperInsttList
,******,0359085,마을발전소,수행기관,******,,61181,PUB-003_자립형일자리_수행기관,https://apis.data.go.kr/B552474/JobBsnInfoService/getJobOperInsttList
,******,0361083,합천노인통합지원센터,수행기관,******,,50224,PUB-003_자립형일자리_수행기관,https://apis.data.go.kr/B552474/JobBsnInfoService/getJobOperInsttList
,******,0364083,천안실버대학 병설 노인일자리센터,수행기관,******,,31223,PUB-003_자립형일자리_수행기관,https://apis.data.go.kr/B552474/JobBsnInfoService/getJobOperInsttList
,******,0366083,산청시니어클럽,수행기관,******,,52225,PUB-003_자립형일자리_수행기관,https://apis.data.go.kr/B552474/JobBsnInfoService/getJobOperInsttList
,******,0369083,포항YMCA,수행기관,******,,37735,PUB-003_자립형일자리_수행기관,https://apis.data.go.kr/B552474/JobBsnInfoService/getJobOperInsttList
,******,0372083,섬진강댐노인복지관,수행기관,******,,56128,PUB-003_자립형일자리_수행기관,https://apis.data.go.kr/B552474/JobBsnInfoService/getJobOperInsttList
,******,0374083,통영노인통합지원센터,수행기관,******,,53054,PUB-003_자립형일자리_수행기관,https://apis.data.go.kr/B552474/JobBsnInfoService/getJobOperInsttList
3층 예천시니어클럽,******,0376083,예천시니어클럽,수행기관,******,경상북도 예천군 예천읍 서본리 1-6 예천읍 행정복지센터,36822,PUB-003_자립형일자리_수행기관,https://apis.data.go.kr/B552474/JobBsnInfoService/getJobOperInsttList
,******,0377083,익산상공회의소,수행기관,******,,54620,PUB-003_자립형일자리_수행기관,https://apis.data.go.kr/B552474/JobBsnInfoService/getJobOperInsttList
,******,0378083,안면도노인복지관,수행기관,******,,32164,PUB-003_자립형일자리_수행기관,https://apis.data.go.kr/B552474/JobBsnInfoService/getJobOperInsttList
,******,0384083,주식회사 유니밸류,수행기관,******,,41260,PUB-003_자립형일자리_수행기관,https://apis.data.go.kr/B552474/JobBsnInfoService/getJobOperInsttList
,******,0386083,안성시서부무한돌봄네트워크팀,수행기관,******,,17562,PUB-003_자립형일자리_수행기관,https://apis.data.go.kr/B552474/JobBsnInfoService/getJobOperInsttList
3F,******,0390083,안성시동부무한돌봄네트워크팀,수행기관,******,경기도 안성시 숭인동 296-5,17590,PUB-003_자립형일자리_수행기관,https://apis.data.go.kr/B552474/JobBsnInfoService/getJobOperInsttList
,******,0393083,화이통협동조합,수행기관,******,강원특별자치도 영월군 북면 문곡리 2069 영월농공단지관리사무소,26210,PUB-003_자립형일자리_수행기관,https://apis.data.go.kr/B552474/JobBsnInfoService/getJobOperInsttList
,******,0394083,부산동래여성인력개발센터,수행기관,******,,47823,PUB-003_자립형일자리_수행기관,https://apis.data.go.kr/B552474/JobBsnInfoService/getJobOperInsttList
,******,0398083,(주)한국커리어잡스 대전지사,수행기관,******,,35263,PUB-003_자립형일자리_수행기관,https://apis.data.go.kr/B552474/JobBsnInfoService/getJobOperInsttList
,******,0401083,주식회사 경남취업지원센터,수행기관,******,,51304,PUB-003_자립형일자리_수행기관,https://apis.data.go.kr/B552474/JobBsnInfoService/getJobOperInsttList
대전일자리경제진흥원 411호,******,0402083,(사)한국경영혁신중소기업협회 대전세종충남연합회,수행기관,******,대전 유성구 장동 23-14,34111,PUB-003_자립형일자리_수행기관,https://apis.data.go.kr/B552474/JobBsnInfoService/getJobOperInsttList
,******,0402084,(주)에듀인잡컨설팅,수행기관,******,부산광역시 남구 대연동 76-2 금양타임월드오피스텔,48499,PUB-003_자립형일자리_수행기관,https://apis.data.go.kr/B552474/JobBsnInfoService/getJobOperInsttList
,******,0405084,시니어잡네트워크센터(민간),수행기관,******,,31136,PUB-003_자립형일자리_수행기관,https://apis.data.go.kr/B552474/JobBsnInfoService/getJobOperInsttList
,******,0411084,제이피넷 주식회사,수행기관,******,서울특별시 성동구 옥수동 218-1,04736,PUB-003_자립형일자리_수행기관,https://apis.data.go.kr/B552474/JobBsnInfoService/getJobOperInsttList
,******,0411086,(주)휴먼인프라,수행기관,******,,47821,PUB-003_자립형일자리_수행기관,https://apis.data.go.kr/B552474/JobBsnInfoService/getJobOperInsttList
,******,0413083,주식회사 명은커리어,수행기관,******,,10402,PUB-003_자립형일자리_수행기관,https://apis.data.go.kr/B552474/JobBsnInfoService/getJobOperInsttList
,******,0413086,스탭스 주식회사 구미센터,수행기관,******,,39181,PUB-003_자립형일자리_수행기관,https://apis.data.go.kr/B552474/JobBsnInfoService/getJobOperInsttList
,******,0415083,(사)중소기업융합 광주전남연합회,수행기관,******,,61949,PUB-003_자립형일자리_수행기관,https://apis.data.go.kr/B552474/JobBsnInfoService/getJobOperInsttList
,******,0416084,메이크인 대전지사(민간),수행기관,******,,34185,PUB-003_자립형일자리_수행기관,https://apis.data.go.kr/B552474/JobBsnInfoService/getJobOperInsttList
,******,0416085,(사)경남경영자총협회,수행기관,******,,51439,PUB-003_자립형일자리_수행기관,https://apis.data.go.kr/B552474/JobBsnInfoService/getJobOperInsttList
,******,0419086,(주)제니엘 인천지점,수행기관,******,,21570,PUB-003_자립형일자리_수행기관,https://apis.data.go.kr/B552474/JobBsnInfoService/getJobOperInsttList
,******,0420083,세종상공회의소(민간),수행기관,******,,30150,PUB-003_자립형일자리_수행기관,https://apis.data.go.kr/B552474/JobBsnInfoService/getJobOperInsttList
,******,0421086,(사)한국여성벤처협회 대구경북지회,수행기관,******,,42724,PUB-003_자립형일자리_수행기관,https://apis.data.go.kr/B552474/JobBsnInfoService/getJobOperInsttList
,******,0421089,(주)위더스,수행기관,******,,44632,PUB-003_자립형일자리_수행기관,https://apis.data.go.kr/B552474/JobBsnInfoService/getJobOperInsttList
,******,0424083,(사)여성중앙회 종로여성인력개발센터,수행기관,******,,03079,PUB-003_자립형일자리_수행기관,https://apis.data.go.kr/B552474/JobBsnInfoService/getJobOperInsttList
,******,0428083,(주)메이크인 강원지사,수행기관,******,,24368,PUB-003_자립형일자리_수행기관,https://apis.data.go.kr/B552474/JobBsnInfoService/getJobOperInsttList
,******,0430085,(주)잡모아,수행기관,******,,07944,PUB-003_자립형일자리_수행기관,https://apis.data.go.kr/B552474/JobBsnInfoService/getJobOperInsttList
2층,******,0432083,사회적협동조합 행복한돌봄,수행기관,******,서울특별시 영등포구 신길동 169-16,07316,PUB-003_자립형일자리_수행기관,https://apis.data.go.kr/B552474/JobBsnInfoService/getJobOperInsttList
,******,0439084,사회적협동조합 별사탕학교,수행기관,******,,10364,PUB-003_자립형일자리_수행기관,https://apis.data.go.kr/B552474/JobBsnInfoService/getJobOperInsttList
,******,0443083,부산일자리지원단 사회적협동조합(민간),수행기관,******,부산광역시 부산진구 양정동 352-2,47222,PUB-003_자립형일자리_수행기관,https://apis.data.go.kr/B552474/JobBsnInfoService/getJobOperInsttList
,******,0447083,춘천미래동행재단,수행기관,******,강원특별자치도 춘천시 조양동 6-227,24348,PUB-003_자립형일자리_수행기관,https://apis.data.go.kr/B552474/JobBsnInfoService/getJobOperInsttList
2층,******,0460083,영동시니어클럽(민간),수행기관,******,충청북도 영동군 영동읍 계산리 682-1 의원,29145,PUB-003_자립형일자리_수행기관,https://apis.data.go.kr/B552474/JobBsnInfoService/getJobOperInsttList
,******,0464083,따뜻한손사회적협동조합,수행기관,******,강원특별자치도 원주시 관설동 1455-2,26471,PUB-003_자립형일자리_수행기관,https://apis.data.go.kr/B552474/JobBsnInfoService/getJobOperInsttList
,******,0468083,영월군사회복지협의회,수행기관,******,강원특별자치도 영월군 영월읍 덕포리 668-5,26231,PUB-003_자립형일자리_수행기관,https://apis.data.go.kr/B552474/JobBsnInfoService/getJobOperInsttList
,******,0470083,한국노인인력개발원 강원지역본부,수행기관,******,강원도 춘천시 온의동 513-6,24436,PUB-003_자립형일자리_수행기관,https://apis.data.go.kr/B552474/JobBsnInfoService/getJobOperInsttList
,******,0476083,광명시니어클럽,수행기관,******,,14214,PUB-003_자립형일자리_수행기관,https://apis.data.go.kr/B552474/JobBsnInfoService/getJobOperInsttList
,******,0477083,경기일자리상생연합 주식회사,수행기관,******,,18126,PUB-003_자립형일자리_수행기관,https://apis.data.go.kr/B552474/JobBsnInfoService/getJobOperInsttList
,******,0478083,주식회사 코끼리공장,수행기관,******,울산광역시 울주군 웅촌면 대복리 948-4,44962,PUB-003_자립형일자리_수행기관,https://apis.data.go.kr/B552474/JobBsnInfoService/getJobOperInsttList
,******,0480083,양구시니어클럽,수행기관,******,강원도 양구군 양구읍 중리 7-2,24524,PUB-003_자립형일자리_수행기관,https://apis.data.go.kr/B552474/JobBsnInfoService/getJobOperInsttList
,******,0486083,하남시니어클럽,수행기관,******,경기도 하남시 덕풍동 346-4,12972,PUB-003_자립형일자리_수행기관,https://apis.data.go.kr/B552474/JobBsnInfoService/getJobOperInsttList
,******,0490083,금산시니어클럽,수행기관,******,,32734,PUB-003_자립형일자리_수행기관,https://apis.data.go.kr/B552474/JobBsnInfoService/getJobOperInsttList
,******,0491083,꿈의숲종합사회복지관,수행기관,******,,01224,PUB-003_자립형일자리_수행기관,https://apis.data.go.kr/B552474/JobBsnInfoService/getJobOperInsttList
,******,0493083,전주의료복지사회적협동조합,수행기관,******,,55134,PUB-003_자립형일자리_수행기관,https://apis.data.go.kr/B552474/JobBsnInfoService/getJobOperInsttList
,******,0494083,상주시노인종합복지관,수행기관,******,,37183,PUB-003_자립형일자리_수행기관,https://apis.data.go.kr/B552474/JobBsnInfoService/getJobOperInsttList
,******,0494084,오산시니어클럽,수행기관,******,,18112,PUB-003_자립형일자리_수행기관,https://apis.data.go.kr/B552474/JobBsnInfoService/getJobOperInsttList
,******,0497083,천안시종합사회복지관,수행기관,******,,31212,PUB-003_자립형일자리_수행기관,https://apis.data.go.kr/B552474/JobBsnInfoService/getJobOperInsttList
,******,0499083,대산종합사회복지관,수행기관,******,,14712,PUB-003_자립형일자리_수행기관,https://apis.data.go.kr/B552474/JobBsnInfoService/getJobOperInsttList
4층,******,0501083,은평어르신일자리센터,수행기관,******,서울특별시 은평구 신사동 24-52,03450,PUB-003_자립형일자리_수행기관,https://apis.data.go.kr/B552474/JobBsnInfoService/getJobOperInsttList
,******,0502083,부천의료복지사회적협동조합,수행기관,******,,14572,PUB-003_자립형일자리_수행기관,https://apis.data.go.kr/B552474/JobBsnInfoService/getJobOperInsttList
,******,0503083,서울시 서대문구 재가노인복지기관,수행기관,******,서울특별시 서대문구 충정로3가 1-38 수효사효림원,03746,PUB-003_자립형일자리_수행기관,https://apis.data.go.kr/B552474/JobBsnInfoService/getJobOperInsttList
,******,0505083,영도구노인복지관 분관,수행기관,******,,49032,PUB-003_자립형일자리_수행기관,https://apis.data.go.kr/B552474/JobBsnInfoService/getJobOperInsttList
,******,0507084,유성구남부노인복지관,수행기관,******,,34194,PUB-003_자립형일자리_수행기관,https://apis.data.go.kr/B552474/JobBsnInfoService/getJobOperInsttList
,******,0509083,마한노인복지센터,수행기관,******,,54520,PUB-003_자립형일자리_수행기관,https://apis.data.go.kr/B552474/JobBsnInfoService/getJobOperInsttList
,******,0510084,남해시니어클럽,수행기관,******,,52427,PUB-003_자립형일자리_수행기관,https://apis.data.go.kr/B552474/JobBsnInfoService/getJobOperInsttList
,******,0511083,익산시북부노인종합복지관,수행기관,******,,54511,PUB-003_자립형일자리_수행기관,https://apis.data.go.kr/B552474/JobBsnInfoService/getJobOperInsttList
,******,0512083,관교노인복지관,수행기관,******,,22243,PUB-003_자립형일자리_수행기관,https://apis.data.go.kr/B552474/JobBsnInfoService/getJobOperInsttList
,******,0512084,제이사회적협동조합,수행기관,******,,61122,PUB-003_자립형일자리_수행기관,https://apis.data.go.kr/B552474/JobBsnInfoService/getJobOperInsttList
,******,0514083,원광재가노인통합지원센터,수행기관,******,전라북도 군산시 금광동 156-11,54024,PUB-003_자립형일자리_수행기관,https://apis.data.go.kr/B552474/JobBsnInfoService/getJobOperInsttList
현대메트로타워2차 상가A동 3층,******,0514084,사단법인 정강복지센터,수행기관,******,전북특별자치도 군산시 대명동 403 현대메트로타워2차,54038,PUB-003_자립형일자리_수행기관,https://apis.data.go.kr/B552474/JobBsnInfoService/getJobOperInsttList
,******,0515083,대한노인회 광주시연합회,수행기관,******,전남광주통합특별시 서구 치평동 1154-2,61953,PUB-003_자립형일자리_수행기관,https://apis.data.go.kr/B552474/JobBsnInfoService/getJobOperInsttList
,******,0516083,사단법인 군산시의정회,수행기관,******,전라북도 군산시 수송동 396-13,54083,PUB-003_자립형일자리_수행기관,https://apis.data.go.kr/B552474/JobBsnInfoService/getJobOperInsttList
,******,0517083,함안시니어클럽,수행기관,******,,52041,PUB-003_자립형일자리_수행기관,https://apis.data.go.kr/B552474/JobBsnInfoService/getJobOperInsttList
,******,0517084,의령시니어클럽,수행기관,******,경남 의령군 의령읍 동동리 1699,52142,PUB-003_자립형일자리_수행기관,https://apis.data.go.kr/B552474/JobBsnInfoService/getJobOperInsttList
,******,0528083,(주)브레인풀,수행기관,******,,41951,PUB-003_자립형일자리_수행기관,https://apis.data.go.kr/B552474/JobBsnInfoService/getJobOperInsttList
,******,0528087,평생일자리지원센터,수행기관,******,,42439,PUB-003_자립형일자리_수행기관,https://apis.data.go.kr/B552474/JobBsnInfoService/getJobOperInsttList
202호,******,0529083,위드잡,수행기관,******,대구광역시 동구 검사동 960-113 다올가,41157,PUB-003_자립형일자리_수행기관,https://apis.data.go.kr/B552474/JobBsnInfoService/getJobOperInsttList
,******,0529084,(주)경북고용성장지원센터,수행기관,******,,39215,PUB-003_자립형일자리_수행기관,https://apis.data.go.kr/B552474/JobBsnInfoService/getJobOperInsttList
,******,0530084,화성상공회의소,수행기관,******,,18590,PUB-003_자립형일자리_수행기관,https://apis.data.go.kr/B552474/JobBsnInfoService/getJobOperInsttList
,******,0532084,(주)잡모아 (광명지점),수행기관,******,,14222,PUB-003_자립형일자리_수행기관,https://apis.data.go.kr/B552474/JobBsnInfoService/getJobOperInsttList
,******,0534085,사단법인 한국고용복지센터(의정부동점),수행기관,******,,11673,PUB-003_자립형일자리_수행기관,https://apis.data.go.kr/B552474/JobBsnInfoService/getJobOperInsttList
,******,0534087,인지어스 유한회사 인천북부지사,수행기관,******,,21049,PUB-003_자립형일자리_수행기관,https://apis.data.go.kr/B552474/JobBsnInfoService/getJobOperInsttList
,******,0540083,(주)위드인피플컨설팅,수행기관,******,,47550,PUB-003_자립형일자리_수행기관,https://apis.data.go.kr/B552474/JobBsnInfoService/getJobOperInsttList
,******,0541099,대동종합사회복지관(민간),수행기관,******,대전광역시 동구 대동 1-187,34651,PUB-003_자립형일자리_수행기관,https://apis.data.go.kr/B552474/JobBsnInfoService/getJobOperInsttList
,******,0543083,전국일자리협동조합,수행기관,******,,55082,PUB-003_자립형일자리_수행기관,https://apis.data.go.kr/B552474/JobBsnInfoService/getJobOperInsttList
,******,0544085,시그니처,수행기관,******,대구광역시 중구 대봉동 25-7,41951,PUB-003_자립형일자리_수행기관,https://apis.data.go.kr/B552474/JobBsnInfoService/getJobOperInsttList
,******,0545083,(주)굿잡,수행기관,******,,13148,PUB-003_자립형일자리_수행기관,https://apis.data.go.kr/B552474/JobBsnInfoService/getJobOperInsttList
,******,0552083,(주)잡모아 인천남부지점,수행기관,******,,21926,PUB-003_자립형일자리_수행기관,https://apis.data.go.kr/B552474/JobBsnInfoService/getJobOperInsttList
,******,0558089,(주)리부트코리아,수행기관,******,,07366,PUB-003_자립형일자리_수행기관,https://apis.data.go.kr/B552474/JobBsnInfoService/getJobOperInsttList
,******,0560083,(주)지이라인,수행기관,******,,33436,PUB-003_자립형일자리_수행기관,https://apis.data.go.kr/B552474/JobBsnInfoService/getJobOperInsttList
,******,0561083,사단법인 이노폴리스벤처협회,수행기관,******,대전광역시 유성구 탑립동 933-8,34037,PUB-003_자립형일자리_수행기관,https://apis.data.go.kr/B552474/JobBsnInfoService/getJobOperInsttList
,******,0568083,가족사랑재가복지센터,수행기관,******,,61687,PUB-003_자립형일자리_수행기관,https://apis.data.go.kr/B552474/JobBsnInfoService/getJobOperInsttList
,******,0570083,효사랑재가복지센터,수행기관,******,,61687,PUB-003_자립형일자리_수행기관,https://apis.data.go.kr/B552474/JobBsnInfoService/getJobOperInsttList
,******,0584084,남동시니어클럽,수행기관,******,,21559,PUB-003_자립형일자리_수행기관,https://apis.data.go.kr/B552474/JobBsnInfoService/getJobOperInsttList
,******,0587083,인지어스 유한회사 광주지사,수행기관,******,,61247,PUB-003_자립형일자리_수행기관,https://apis.data.go.kr/B552474/JobBsnInfoService/getJobOperInsttList
,******,0592083,사단법인 일과 사람,수행기관,******,,57777,PUB-003_자립형일자리_수행기관,https://apis.data.go.kr/B552474/JobBsnInfoService/getJobOperInsttList
,******,0595083,케이잡스 여수지사,수행기관,******,,59704,PUB-003_자립형일자리_수행기관,https://apis.data.go.kr/B552474/JobBsnInfoService/getJobOperInsttList
,******,0633083,관악정다운의료복지사회적협동조합,수행기관,******,,08836,PUB-003_자립형일자리_수행기관,https://apis.data.go.kr/B552474/JobBsnInfoService/getJobOperInsttList
,******,0635083,인천평화의료복지사회적협동조합,수행기관,******,인천광역시 부평구 일신동 106,21419,PUB-003_자립형일자리_수행기관,https://apis.data.go.kr/B552474/JobBsnInfoService/getJobOperInsttList
", 2층",******,0638083,울진시니어클럽,수행기관,******,경상북도 울진군 기성면 척산리 212 기성어린이집,36348,PUB-003_자립형일자리_수행기관,https://apis.data.go.kr/B552474/JobBsnInfoService/getJobOperInsttList
,******,0669087,당진북부사회복지관,수행기관,******,,31800,PUB-003_자립형일자리_수행기관,https://apis.data.go.kr/B552474/JobBsnInfoService/getJobOperInsttList
,******,0679083,명천실버복지관,수행기관,******,,33475,PUB-003_자립형일자리_수행기관,https://apis.data.go.kr/B552474/JobBsnInfoService/getJobOperInsttList
,******,0690083,사회적협동조합 행복느티나무,수행기관,******,울산광역시 남구 신정동 1100-6,44667,PUB-003_자립형일자리_수행기관,https://apis.data.go.kr/B552474/JobBsnInfoService/getJobOperInsttList
,******,0702083,안성의료복지사회적협동조합,수행기관,******,,17580,PUB-003_자립형일자리_수행기관,https://apis.data.go.kr/B552474/JobBsnInfoService/getJobOperInsttList
,******,0712083,시흥희망의료복지사회적협동조합,수행기관,******,,14914,PUB-003_자립형일자리_수행기관,https://apis.data.go.kr/B552474/JobBsnInfoService/getJobOperInsttList
,******,0713083,중랑시니어클럽,수행기관,******,서울특별시 중랑구 묵동 122-174,02039,PUB-003_자립형일자리_수행기관,https://apis.data.go.kr/B552474/JobBsnInfoService/getJobOperInsttList
,******,0714083,은빛마을노인복지센터,수행기관,******,,63333,PUB-003_자립형일자리_수행기관,https://apis.data.go.kr/B552474/JobBsnInfoService/getJobOperInsttList
,******,0715083,하남시감일종합사회복지관,수행기관,******,,12996,PUB-003_자립형일자리_수행기관,https://apis.data.go.kr/B552474/JobBsnInfoService/getJobOperInsttList
,******,0718083,사단법인퇴직공무원재능나눔봉사단,수행기관,******,,35313,PUB-003_자립형일자리_수행기관,https://apis.data.go.kr/B552474/JobBsnInfoService/getJobOperInsttList
,******,0718084,한밭종합사회복지관,수행기관,******,,35211,PUB-003_자립형일자리_수행기관,https://apis.data.go.kr/B552474/JobBsnInfoService/getJobOperInsttList
,******,0719083,삼척시도계노인복지관,수행기관,******,,25948,PUB-003_자립형일자리_수행기관,https://apis.data.go.kr/B552474/JobBsnInfoService/getJobOperInsttList
,******,0720083,부평남부노인문화센터,수행기관,******,,21431,PUB-003_자립형일자리_수행기관,https://apis.data.go.kr/B552474/JobBsnInfoService/getJobOperInsttList
,******,0721083,노인직업훈련센터,수행기관,******,전라남도 목포시 남교동 164,58724,PUB-003_자립형일자리_수행기관,https://apis.data.go.kr/B552474/JobBsnInfoService/getJobOperInsttList
,******,0721085,문현노인복지관,수행기관,******,,48415,PUB-003_자립형일자리_수행기관,https://apis.data.go.kr/B552474/JobBsnInfoService/getJobOperInsttList
2층,******,0722083,사회적협동조합 여로,수행기관,******,광주광역시 동구 금동 192-2,61488,PUB-003_자립형일자리_수행기관,https://apis.data.go.kr/B552474/JobBsnInfoService/getJobOperInsttList
,******,0723083,명지노인종합복지관,수행기관,******,,46773,PUB-003_자립형일자리_수행기관,https://apis.data.go.kr/B552474/JobBsnInfoService/getJobOperInsttList
,******,0724083,안산의료복지사회적협동조합,수행기관,******,경기도 안산시 상록구 월피동 445-18 로얄프라자,15288,PUB-003_자립형일자리_수행기관,https://apis.data.go.kr/B552474/JobBsnInfoService/getJobOperInsttList
,******,0724084,중리종합사회복지관,수행기관,******,,34382,PUB-003_자립형일자리_수행기관,https://apis.data.go.kr/B552474/JobBsnInfoService/getJobOperInsttList
,******,0726083,금강노인복지센터,수행기관,******,,32539,PUB-003_자립형일자리_수행기관,https://apis.data.go.kr/B552474/JobBsnInfoService/getJobOperInsttList
,******,0727083,포천이음사회적협동조합,수행기관,******,,11139,PUB-003_자립형일자리_수행기관,https://apis.data.go.kr/B552474/JobBsnInfoService/getJobOperInsttList
,******,0730083,사단법인 한국미래비전협회,수행기관,******,,34435,PUB-003_자립형일자리_수행기관,https://apis.data.go.kr/B552474/JobBsnInfoService/getJobOperInsttList
,******,0734083,(사)한국노인의전화 대전지회,수행기관,******,,34087,PUB-003_자립형일자리_수행기관,https://apis.data.go.kr/B552474/JobBsnInfoService/getJobOperInsttList
,******,0735083,영광시니어클럽,수행기관,******,,57044,PUB-003_자립형일자리_수행기관,https://apis.data.go.kr/B552474/JobBsnInfoService/getJobOperInsttList
,******,0736083,(주)제이엠커리어 천안지사,수행기관,******,,31121,PUB-003_자립형일자리_수행기관,https://apis.data.go.kr/B552474/JobBsnInfoService/getJobOperInsttList
,******,0740083,(주)지에스씨넷 부산지점,수행기관,******,,48499,PUB-003_자립형일자리_수행기관,https://apis.data.go.kr/B552474/JobBsnInfoService/getJobOperInsttList
,******,0744084,(주)제이앤비컨설팅,수행기관,******,,07299,PUB-003_자립형일자리_수행기관,https://apis.data.go.kr/B552474/JobBsnInfoService/getJobOperInsttList
,******,0745083,(주)지에스씨넷 인천지점,수행기관,******,,22105,PUB-003_자립형일자리_수행기관,https://apis.data.go.kr/B552474/JobBsnInfoService/getJobOperInsttList
,******,0748083,(주)메이크인 성남지사,수행기관,******,,13326,PUB-003_자립형일자리_수행기관,https://apis.data.go.kr/B552474/JobBsnInfoService/getJobOperInsttList
,******,0751083,제이엠커리어 서울서부,수행기관,******,,04214,PUB-003_자립형일자리_수행기관,https://apis.data.go.kr/B552474/JobBsnInfoService/getJobOperInsttList
,******,0758083,양주시니어클럽,수행기관,******,,11486,PUB-003_자립형일자리_수행기관,https://apis.data.go.kr/B552474/JobBsnInfoService/getJobOperInsttList
,******,0760083,(주)지에스씨넷 전주지점,수행기관,******,,55081,PUB-003_자립형일자리_수행기관,https://apis.data.go.kr/B552474/JobBsnInfoService/getJobOperInsttList
,******,0765083,(주)제이엠커리어 원주지사,수행기관,******,,26392,PUB-003_자립형일자리_수행기관,https://apis.data.go.kr/B552474/JobBsnInfoService/getJobOperInsttList
,******,0776083,(주)한국커리어잡스,수행기관,******,,31110,PUB-003_자립형일자리_수행기관,https://apis.data.go.kr/B552474/JobBsnInfoService/getJobOperInsttList
,******,0795084,순창시니어클럽,수행기관,******,"전북특별자치도 순창군 순창읍 남계리 626 순창노인복지회관,장애인회관",56046,PUB-003_자립형일자리_수행기관,https://apis.data.go.kr/B552474/JobBsnInfoService/getJobOperInsttList
,******,0805083,대야노인복지관,수행기관,******,,54060,PUB-003_자립형일자리_수행기관,https://apis.data.go.kr/B552474/JobBsnInfoService/getJobOperInsttList
3층 304호~306호,******,0813083,한국노인인력개발원 경기지역본부,수행기관,******,경기도 수원시 영통구 이의동 1348-2 하이니티교육연구시설,16509,PUB-003_자립형일자리_수행기관,https://apis.data.go.kr/B552474/JobBsnInfoService/getJobOperInsttList
,******,0820083,장암종합사회복지관,수행기관,******,,11719,PUB-003_자립형일자리_수행기관,https://apis.data.go.kr/B552474/JobBsnInfoService/getJobOperInsttList
,******,0831083,한국노인인력개발원 세종충북지역본부,수행기관,******,충청북도 청주시 흥덕구 오송읍 봉산리 1292,28222,PUB-003_자립형일자리_수행기관,https://apis.data.go.kr/B552474/JobBsnInfoService/getJobOperInsttList
,******,0836083,사회적협동조합 사람과사람,수행기관,******,,43018,PUB-003_자립형일자리_수행기관,https://apis.data.go.kr/B552474/JobBsnInfoService/getJobOperInsttList
,******,0838083,대구침장제조업협동조합,수행기관,******,,41824,PUB-003_자립형일자리_수행기관,https://apis.data.go.kr/B552474/JobBsnInfoService/getJobOperInsttList
,******,0839083,주식회사 누구나잡,수행기관,******,,08503,PUB-003_자립형일자리_수행기관,https://apis.data.go.kr/B552474/JobBsnInfoService/getJobOperInsttList
,******,0883083,영암시니어클럽,수행기관,******,,58411,PUB-003_자립형일자리_수행기관,https://apis.data.go.kr/B552474/JobBsnInfoService/getJobOperInsttList
,******,0917083,군위재가노인돌봄센터,수행기관,******,대구광역시 군위군 군위읍 하곡리 516-9,43112,PUB-003_자립형일자리_수행기관,https://apis.data.go.kr/B552474/JobBsnInfoService/getJobOperInsttList
,******,0920083,강서50플러스센터,수행기관,******,,07573,PUB-003_자립형일자리_수행기관,https://apis.data.go.kr/B552474/JobBsnInfoService/getJobOperInsttList
,******,0922083,상하북종합사회복지관,수행기관,******,,50561,PUB-003_자립형일자리_수행기관,https://apis.data.go.kr/B552474/JobBsnInfoService/getJobOperInsttList
,******,0924083,사회적협동조합 전주도우누리,수행기관,******,,55000,PUB-003_자립형일자리_수행기관,https://apis.data.go.kr/B552474/JobBsnInfoService/getJobOperInsttList
,******,0926084,강동종합사회복지관,수행기관,******,서울특별시 강동구 천호동 555,05334,PUB-003_자립형일자리_수행기관,https://apis.data.go.kr/B552474/JobBsnInfoService/getJobOperInsttList
,******,0927083,큰나루종합사회복지관,수행기관,******,,54847,PUB-003_자립형일자리_수행기관,https://apis.data.go.kr/B552474/JobBsnInfoService/getJobOperInsttList
,******,0930083,녹양종합사회복지관,수행기관,******,,11609,PUB-003_자립형일자리_수행기관,https://apis.data.go.kr/B552474/JobBsnInfoService/getJobOperInsttList
,******,0932083,고산종합사회복지관,수행기관,******,,11801,PUB-003_자립형일자리_수행기관,https://apis.data.go.kr/B552474/JobBsnInfoService/getJobOperInsttList
,******,0933083,사단법인 청명사회복지회,수행기관,******,전남광주통합특별시 북구 각화동 224-13,61139,PUB-003_자립형일자리_수행기관,https://apis.data.go.kr/B552474/JobBsnInfoService/getJobOperInsttList
,******,0934083,성내종합사회복지관,수행기관,******,,05388,PUB-003_자립형일자리_수행기관,https://apis.data.go.kr/B552474/JobBsnInfoService/getJobOperInsttList
,******,0935083,용문종합사회복지관 1,수행기관,******,,35300,PUB-003_자립형일자리_수행기관,https://apis.data.go.kr/B552474/JobBsnInfoService/getJobOperInsttList
,******,0936083,서빛마루시니어센터,수행기관,******,,62048,PUB-003_자립형일자리_수행기관,https://apis.data.go.kr/B552474/JobBsnInfoService/getJobOperInsttList
,******,0937084,사회적협동조합도우누리,수행기관,******,,04910,PUB-003_자립형일자리_수행기관,https://apis.data.go.kr/B552474/JobBsnInfoService/getJobOperInsttList
,******,0942083,사회복지법인 충현원,수행기관,******,,61638,PUB-003_자립형일자리_수행기관,https://apis.data.go.kr/B552474/JobBsnInfoService/getJobOperInsttList
,******,0942084,사랑샘노인복지센터(지자체),수행기관,******,,61203,PUB-003_자립형일자리_수행기관,https://apis.data.go.kr/B552474/JobBsnInfoService/getJobOperInsttList
,******,0942085,사회적협동조합 더불어락북카페,수행기관,******,,62251,PUB-003_자립형일자리_수행기관,https://apis.data.go.kr/B552474/JobBsnInfoService/getJobOperInsttList
,******,0943084,더-케어노인복지센터,수행기관,******,광주광역시 광산구 장덕동 1630 BYC 수완 비스타 오피스텔,62225,PUB-003_자립형일자리_수행기관,https://apis.data.go.kr/B552474/JobBsnInfoService/getJobOperInsttList
,******,0947083,광주의료복지 사회적협동조합,수행기관,******,,62359,PUB-003_자립형일자리_수행기관,https://apis.data.go.kr/B552474/JobBsnInfoService/getJobOperInsttList
,******,0948083,사단법인 한누리,수행기관,******,,54025,PUB-003_자립형일자리_수행기관,https://apis.data.go.kr/B552474/JobBsnInfoService/getJobOperInsttList
,******,0949083,사단법인 통영YWCA,수행기관,******,,53021,PUB-003_자립형일자리_수행기관,https://apis.data.go.kr/B552474/JobBsnInfoService/getJobOperInsttList
,******,0951083,전남장흥지역자활센터,수행기관,******,,59327,PUB-003_자립형일자리_수행기관,https://apis.data.go.kr/B552474/JobBsnInfoService/getJobOperInsttList
,******,0953083,화성시정조효노인복지관,수행기관,******,,18348,PUB-003_자립형일자리_수행기관,https://apis.data.go.kr/B552474/JobBsnInfoService/getJobOperInsttList
,******,0954084,용인시사회복지협의회,수행기관,******,,16995,PUB-003_자립형일자리_수행기관,https://apis.data.go.kr/B552474/JobBsnInfoService/getJobOperInsttList
,******,0958083,시니어복지사회적협동조합,수행기관,******,,13948,PUB-003_자립형일자리_수행기관,https://apis.data.go.kr/B552474/JobBsnInfoService/getJobOperInsttList
,******,0960083,주식회사 커리어다움,수행기관,******,,46293,PUB-003_자립형일자리_수행기관,https://apis.data.go.kr/B552474/JobBsnInfoService/getJobOperInsttList
,******,0961083,국민건강보험동우회사회적협동조합,수행기관,******,,08227,PUB-003_자립형일자리_수행기관,https://apis.data.go.kr/B552474/JobBsnInfoService/getJobOperInsttList
,******,0964083,(주)이음길에이치알,수행기관,******,,06160,PUB-003_자립형일자리_수행기관,https://apis.data.go.kr/B552474/JobBsnInfoService/getJobOperInsttList
,******,0965083,주식회사 행복인디제이,수행기관,******,대구광역시 중구 동성로3가 11-1 센트럴엠,41937,PUB-003_자립형일자리_수행기관,https://apis.data.go.kr/B552474/JobBsnInfoService/getJobOperInsttList
,******,0968083,사단법인 케이아이씨티기업인협회,수행기관,******,충청남도 아산시 탕정면 갈산리 100 선문대학교,31460,PUB-003_자립형일자리_수행기관,https://apis.data.go.kr/B552474/JobBsnInfoService/getJobOperInsttList
,******,0969083,전주일하는실버클럽,수행기관,******,,55094,PUB-003_자립형일자리_수행기관,https://apis.data.go.kr/B552474/JobBsnInfoService/getJobOperInsttList
,******,0972083,당진상공회의소,수행기관,******,,31778,PUB-003_자립형일자리_수행기관,https://apis.data.go.kr/B552474/JobBsnInfoService/getJobOperInsttList
,******,0975083,청도시니어클럽,수행기관,******,,38328,PUB-003_자립형일자리_수행기관,https://apis.data.go.kr/B552474/JobBsnInfoService/getJobOperInsttList
,******,0976083,주식회사 워크트리,수행기관,******,,25552,PUB-003_자립형일자리_수행기관,https://apis.data.go.kr/B552474/JobBsnInfoService/getJobOperInsttList
,******,0976084,(주)차오름,수행기관,******,,31251,PUB-003_자립형일자리_수행기관,https://apis.data.go.kr/B552474/JobBsnInfoService/getJobOperInsttList
,******,0977083,용산여성인력개발센터,수행기관,******,,04370,PUB-003_자립형일자리_수행기관,https://apis.data.go.kr/B552474/JobBsnInfoService/getJobOperInsttList
,******,0980084,사회적협동조합양지뜰,수행기관,******,,55339,PUB-003_자립형일자리_수행기관,https://apis.data.go.kr/B552474/JobBsnInfoService/getJobOperInsttList
,******,0985083,주식회사 퍼스트인코리아 경남지사,수행기관,******,,51376,PUB-003_자립형일자리_수행기관,https://apis.data.go.kr/B552474/JobBsnInfoService/getJobOperInsttList
,******,0994083,케어믹스 사회적협동조합,수행기관,******,,30150,PUB-003_자립형일자리_수행기관,https://apis.data.go.kr/B552474/JobBsnInfoService/getJobOperInsttList
,******,0996084,파주시운정종합사회복지관,수행기관,******,,10873,PUB-003_자립형일자리_수행기관,https://apis.data.go.kr/B552474/JobBsnInfoService/getJobOperInsttList
8층,******,0997083,한국노인인력개발원 전북지역본부,수행기관,******,전북특별자치도 전주시 덕진구 금암동 472-3 한화생명빌딩,54932,PUB-003_자립형일자리_수행기관,https://apis.data.go.kr/B552474/JobBsnInfoService/getJobOperInsttList
5층 501호,******,0997084,한국노인인력개발원 제주지역본부,수행기관,******,제주특별자치도 제주시 이도이동 1065-6 제주법조타워,63223,PUB-003_자립형일자리_수행기관,https://apis.data.go.kr/B552474/JobBsnInfoService/getJobOperInsttList
6층,******,0997085,한국노인인력개발원 경남지역본부,수행기관,******,경상남도 창원시 의창구 사림동 162-2 해금 Science Town,51139,PUB-003_자립형일자리_수행기관,https://apis.data.go.kr/B552474/JobBsnInfoService/getJobOperInsttList
,******,0997086,한국노인인력개발원 취업지원부,수행기관,******,경기도 고양시 일산동구 중산동 1701,10310,PUB-003_자립형일자리_수행기관,https://apis.data.go.kr/B552474/JobBsnInfoService/getJobOperInsttList
,******,1003085,북원노인종합복지관,수행기관,******,,26318,PUB-003_자립형일자리_수행기관,https://apis.data.go.kr/B552474/JobBsnInfoService/getJobOperInsttList
,******,1009083,서울중구시니어클럽,수행기관,******,,04585,PUB-003_자립형일자리_수행기관,https://apis.data.go.kr/B552474/JobBsnInfoService/getJobOperInsttList
,******,1015083,안산상공회의소,수행기관,******,,15357,PUB-003_자립형일자리_수행기관,https://apis.data.go.kr/B552474/JobBsnInfoService/getJobOperInsttList
,******,1021083,휴 사회적협동조합,수행기관,******,,06252,PUB-003_자립형일자리_수행기관,https://apis.data.go.kr/B552474/JobBsnInfoService/getJobOperInsttList
,******,1022083,산내종합사회복지관,수행기관,******,,34702,PUB-003_자립형일자리_수행기관,https://apis.data.go.kr/B552474/JobBsnInfoService/getJobOperInsttList
,******,1027083,한국자재산업(주),수행기관,******,,26240,PUB-003_자립형일자리_수행기관,https://apis.data.go.kr/B552474/JobBsnInfoService/getJobOperInsttList
,******,1028083,사단법인 영월군장애인협회,수행기관,******,,26234,PUB-003_자립형일자리_수행기관,https://apis.data.go.kr/B552474/JobBsnInfoService/getJobOperInsttList
,******,1030083,담양시니어클럽,수행기관,******,,57310,PUB-003_자립형일자리_수행기관,https://apis.data.go.kr/B552474/JobBsnInfoService/getJobOperInsttList
,******,1033083,강원도지체장애인협회 양양군지회,수행기관,******,,25031,PUB-003_자립형일자리_수행기관,https://apis.data.go.kr/B552474/JobBsnInfoService/getJobOperInsttList
,******,1036085,사단법인 청풍위장회,수행기관,******,충청북도 충주시 교현동 343-7,27384,PUB-003_자립형일자리_수행기관,https://apis.data.go.kr/B552474/JobBsnInfoService/getJobOperInsttList
2층,******,1036086,장성시니어클럽,수행기관,******,전라남도 장성군 장성읍 영천리 1184-8 장성군산림조합,57220,PUB-003_자립형일자리_수행기관,https://apis.data.go.kr/B552474/JobBsnInfoService/getJobOperInsttList
,******,1036087,미사노인복지관,수행기관,******,,12919,PUB-003_자립형일자리_수행기관,https://apis.data.go.kr/B552474/JobBsnInfoService/getJobOperInsttList
,******,1036088,종로구보건소,수행기관,******,,03035,PUB-003_자립형일자리_수행기관,https://apis.data.go.kr/B552474/JobBsnInfoService/getJobOperInsttList
,******,1036091,사단법인 가치잇다,수행기관,******,,63587,PUB-003_자립형일자리_수행기관,https://apis.data.go.kr/B552474/JobBsnInfoService/getJobOperInsttList
,******,1036092,연꽃노인복지센터,수행기관,******,,50044,PUB-003_자립형일자리_수행기관,https://apis.data.go.kr/B552474/JobBsnInfoService/getJobOperInsttList
,******,1036094,가덕도동노인복지관,수행기관,******,,46769,PUB-003_자립형일자리_수행기관,https://apis.data.go.kr/B552474/JobBsnInfoService/getJobOperInsttList
,******,1036104,(주)신한서브,수행기관,******,,16509,PUB-003_자립형일자리_수행기관,https://apis.data.go.kr/B552474/JobBsnInfoService/getJobOperInsttList
,******,1036107,스탭스 주식회사 부산동부센터,수행기관,******,,47735,PUB-003_자립형일자리_수행기관,https://apis.data.go.kr/B552474/JobBsnInfoService/getJobOperInsttList
,******,1036111,주식회사 상상우리,수행기관,******,,04554,PUB-003_자립형일자리_수행기관,https://apis.data.go.kr/B552474/JobBsnInfoService/getJobOperInsttList
,******,1036112,강북시니어클럽,수행기관,******,,01156,PUB-003_자립형일자리_수행기관,https://apis.data.go.kr/B552474/JobBsnInfoService/getJobOperInsttList
,******,1036118,사단법인위니버스,수행기관,******,,14047,PUB-003_자립형일자리_수행기관,https://apis.data.go.kr/B552474/JobBsnInfoService/getJobOperInsttList
,******,1037086,김제지평선시니어클럽,수행기관,******,,54383,PUB-003_자립형일자리_수행기관,https://apis.data.go.kr/B552474/JobBsnInfoService/getJobOperInsttList
2층 살림의료복지사회적협동조합 ,******,1037088,살림의료복지사회적협동조합,수행기관,******,서울특별시 은평구 구산동 2-36 세웅그룹빌딩,03412,PUB-003_자립형일자리_수행기관,https://apis.data.go.kr/B552474/JobBsnInfoService/getJobOperInsttList
,******,1037089,사단법인 현주,수행기관,******,,44056,PUB-003_자립형일자리_수행기관,https://apis.data.go.kr/B552474/JobBsnInfoService/getJobOperInsttList
,******,1037091,상도은빛복지관,수행기관,******,,06912,PUB-003_자립형일자리_수행기관,https://apis.data.go.kr/B552474/JobBsnInfoService/getJobOperInsttList
,******,1037093,에셀나무사회적협동조합 서부센터,수행기관,******,,61985,PUB-003_자립형일자리_수행기관,https://apis.data.go.kr/B552474/JobBsnInfoService/getJobOperInsttList
,******,1037096,착한도시사회적협동조합,수행기관,******,,61933,PUB-003_자립형일자리_수행기관,https://apis.data.go.kr/B552474/JobBsnInfoService/getJobOperInsttList
,******,1037097,영중종합사회복지관,수행기관,******,,07249,PUB-003_자립형일자리_수행기관,https://apis.data.go.kr/B552474/JobBsnInfoService/getJobOperInsttList
,******,1038085,사단법인 그루터기,수행기관,******,,61655,PUB-003_자립형일자리_수행기관,https://apis.data.go.kr/B552474/JobBsnInfoService/getJobOperInsttList
,******,1038089,울산광역시 제2시립노인복지관,수행기관,******,,44236,PUB-003_자립형일자리_수행기관,https://apis.data.go.kr/B552474/JobBsnInfoService/getJobOperInsttList
,******,1038091,고성시니어클럽(지자체),수행기관,******,,,PUB-003_자립형일자리_수행기관,https://apis.data.go.kr/B552474/JobBsnInfoService/getJobOperInsttList
,******,1039092,(주)두원잡 진주지사,수행기관,******,,52758,PUB-003_자립형일자리_수행기관,https://apis.data.go.kr/B552474/JobBsnInfoService/getJobOperInsttList
,******,1039095,주식회사 경남취업지원센터 김해지사,수행기관,******,,51004,PUB-003_자립형일자리_수행기관,https://apis.data.go.kr/B552474/JobBsnInfoService/getJobOperInsttList
,******,1039099,인지어스유한회사 김해지사,수행기관,******,,50924,PUB-003_자립형일자리_수행기관,https://apis.data.go.kr/B552474/JobBsnInfoService/getJobOperInsttList
,******,1039109,광주시니어클럽,수행기관,******,,12790,PUB-003_자립형일자리_수행기관,https://apis.data.go.kr/B552474/JobBsnInfoService/getJobOperInsttList
,******,1039111,(대구)해피케어,수행기관,******,,42176,PUB-003_자립형일자리_수행기관,https://apis.data.go.kr/B552474/JobBsnInfoService/getJobOperInsttList
,******,1039113,충주문화시니어클럽,수행기관,******,,27408,PUB-003_자립형일자리_수행기관,https://apis.data.go.kr/B552474/JobBsnInfoService/getJobOperInsttList
,******,1039115,일모아 사회적협동조합,수행기관,******,,56329,PUB-003_자립형일자리_수행기관,https://apis.data.go.kr/B552474/JobBsnInfoService/getJobOperInsttList
,******,1039119,사단법인 고창군자원봉사센터,수행기관,******,,56430,PUB-003_자립형일자리_수행기관,https://apis.data.go.kr/B552474/JobBsnInfoService/getJobOperInsttList
,******,1039130,에듀툴킷디자인연구소,수행기관,******,,02596,PUB-003_자립형일자리_수행기관,https://apis.data.go.kr/B552474/JobBsnInfoService/getJobOperInsttList
,******,1039132,영월효문화원,수행기관,******,,26233,PUB-003_자립형일자리_수행기관,https://apis.data.go.kr/B552474/JobBsnInfoService/getJobOperInsttList
,******,1039142,양평시니어클럽,수행기관,******,,12550,PUB-003_자립형일자리_수행기관,https://apis.data.go.kr/B552474/JobBsnInfoService/getJobOperInsttList
,******,1040085,갈마노인복지관,수행기관,******,,35275,PUB-003_자립형일자리_수행기관,https://apis.data.go.kr/B552474/JobBsnInfoService/getJobOperInsttList
,******,1040089,(주)대신능력개발취업센터,수행기관,******,,05376,PUB-003_자립형일자리_수행기관,https://apis.data.go.kr/B552474/JobBsnInfoService/getJobOperInsttList
,******,1040092,포천시니어클럽,수행기관,******,,11146,PUB-003_자립형일자리_수행기관,https://apis.data.go.kr/B552474/JobBsnInfoService/getJobOperInsttList
,******,1041086,케이잡스 주식회사,수행기관,******,,04352,PUB-003_자립형일자리_수행기관,https://apis.data.go.kr/B552474/JobBsnInfoService/getJobOperInsttList
,******,1041087,주식회사 에스테이트,수행기관,******,,07788,PUB-003_자립형일자리_수행기관,https://apis.data.go.kr/B552474/JobBsnInfoService/getJobOperInsttList
,******,1044113,법동종합사회복지관,수행기관,******,,34397,PUB-003_자립형일자리_수행기관,https://apis.data.go.kr/B552474/JobBsnInfoService/getJobOperInsttList
,******,1044114,덕천종합사회복지관,수행기관,******,,46589,PUB-003_자립형일자리_수행기관,https://apis.data.go.kr/B552474/JobBsnInfoService/getJobOperInsttList
,******,1044115,동산노인복지센터,수행기관,******,,24410,PUB-003_자립형일자리_수행기관,https://apis.data.go.kr/B552474/JobBsnInfoService/getJobOperInsttList
,******,1044117,월배노인종합복지관,수행기관,******,,42772,PUB-003_자립형일자리_수행기관,https://apis.data.go.kr/B552474/JobBsnInfoService/getJobOperInsttList
,******,1044118,노암복지회,수행기관,******,,25552,PUB-003_자립형일자리_수행기관,https://apis.data.go.kr/B552474/JobBsnInfoService/getJobOperInsttList
,******,1044119,운정다누림노인복지관,수행기관,******,,10900,PUB-003_자립형일자리_수행기관,https://apis.data.go.kr/B552474/JobBsnInfoService/getJobOperInsttList
,******,1044123,하나복지재가센터,수행기관,******,,61736,PUB-003_자립형일자리_수행기관,https://apis.data.go.kr/B552474/JobBsnInfoService/getJobOperInsttList
,******,1044126,문정노인종합복지관,수행기관,******,,05798,PUB-003_자립형일자리_수행기관,https://apis.data.go.kr/B552474/JobBsnInfoService/getJobOperInsttList
,******,1044128,새만금시니어클럽,수행기관,******,,54090,PUB-003_자립형일자리_수행기관,https://apis.data.go.kr/B552474/JobBsnInfoService/getJobOperInsttList
,******,1044130,상록시니어클럽,수행기관,******,경기 안산시 상록구 일동 125,15324,PUB-003_자립형일자리_수행기관,https://apis.data.go.kr/B552474/JobBsnInfoService/getJobOperInsttList
,******,1044131,비산노인종합복지관(일자리),수행기관,******,경기도 안양시 동안구 비산동 315-5,13921,PUB-003_자립형일자리_수행기관,https://apis.data.go.kr/B552474/JobBsnInfoService/getJobOperInsttList
,******,1044132,사단법인 노인생활과학연구소,수행기관,******,,47573,PUB-003_자립형일자리_수행기관,https://apis.data.go.kr/B552474/JobBsnInfoService/getJobOperInsttList
,******,1044133,연제구연산종합사회복지관,수행기관,******,,47612,PUB-003_자립형일자리_수행기관,https://apis.data.go.kr/B552474/JobBsnInfoService/getJobOperInsttList
,******,1044134,사회복지법인 장수군사회복지협의회,수행기관,******,,55632,PUB-003_자립형일자리_수행기관,https://apis.data.go.kr/B552474/JobBsnInfoService/getJobOperInsttList
,******,1044135,김제상공회의소,수행기관,******,,54390,PUB-003_자립형일자리_수행기관,https://apis.data.go.kr/B552474/JobBsnInfoService/getJobOperInsttList
,******,1044137,송악사회복지관,수행기관,******,,31728,PUB-003_자립형일자리_수행기관,https://apis.data.go.kr/B552474/JobBsnInfoService/getJobOperInsttList
,******,1044149,도시철도협동조합(광진구),수행기관,******,,,PUB-003_자립형일자리_수행기관,https://apis.data.go.kr/B552474/JobBsnInfoService/getJobOperInsttList
,******,1044152,할로마켓 두번째 봄 사회적협동조합,수행기관,******,,05398,PUB-003_자립형일자리_수행기관,https://apis.data.go.kr/B552474/JobBsnInfoService/getJobOperInsttList
,******,1046098,동백꽃노인종합복지관,수행기관,******,,02505,PUB-003_자립형일자리_수행기관,https://apis.data.go.kr/B552474/JobBsnInfoService/getJobOperInsttList
,******,1046099,시화마을사회적협동조합,수행기관,******,,61142,PUB-003_자립형일자리_수행기관,https://apis.data.go.kr/B552474/JobBsnInfoService/getJobOperInsttList
,******,1046100,미래고용혁신센터,수행기관,******,,61649,PUB-003_자립형일자리_수행기관,https://apis.data.go.kr/B552474/JobBsnInfoService/getJobOperInsttList
,******,1046101,노인복지센터다올,수행기관,******,,61644,PUB-003_자립형일자리_수행기관,https://apis.data.go.kr/B552474/JobBsnInfoService/getJobOperInsttList
,******,1046102,국제노인복지센터,수행기관,******,,61670,PUB-003_자립형일자리_수행기관,https://apis.data.go.kr/B552474/JobBsnInfoService/getJobOperInsttList
,******,1047097,반딧불사회적협동조합,수행기관,******,,16480,PUB-003_자립형일자리_수행기관,https://apis.data.go.kr/B552474/JobBsnInfoService/getJobOperInsttList
,******,1047098,재단법인 중랑문화재단,수행기관,******,,02087,PUB-003_자립형일자리_수행기관,https://apis.data.go.kr/B552474/JobBsnInfoService/getJobOperInsttList
,******,1047099,사회복지법인 행복상회,수행기관,******,,25240,PUB-003_자립형일자리_수행기관,https://apis.data.go.kr/B552474/JobBsnInfoService/getJobOperInsttList
,******,1047101,강원의료복지사회적협동조합,수행기관,******,,26428,PUB-003_자립형일자리_수행기관,https://apis.data.go.kr/B552474/JobBsnInfoService/getJobOperInsttList
,******,1047103,새노인운동본부,수행기관,******,,54595,PUB-003_자립형일자리_수행기관,https://apis.data.go.kr/B552474/JobBsnInfoService/getJobOperInsttList
,******,1047105,사회복지법인무주군사회복지협의회,수행기관,******,,55521,PUB-003_자립형일자리_수행기관,https://apis.data.go.kr/B552474/JobBsnInfoService/getJobOperInsttList
,******,1047106,남구장애인복지관,수행기관,******,,48529,PUB-003_자립형일자리_수행기관,https://apis.data.go.kr/B552474/JobBsnInfoService/getJobOperInsttList
,******,1047109,주식회사 아이피시 관악지사,수행기관,******,,08514,PUB-003_자립형일자리_수행기관,https://apis.data.go.kr/B552474/JobBsnInfoService/getJobOperInsttList
,******,1047110,휴먼커리어네트워크센터,수행기관,******,,34623,PUB-003_자립형일자리_수행기관,https://apis.data.go.kr/B552474/JobBsnInfoService/getJobOperInsttList
,******,1047116,동두천시니어클럽,수행기관,******,,11313,PUB-003_자립형일자리_수행기관,https://apis.data.go.kr/B552474/JobBsnInfoService/getJobOperInsttList
,******,1047117,The Bank 신한동우회,수행기관,******,,03736,PUB-003_자립형일자리_수행기관,https://apis.data.go.kr/B552474/JobBsnInfoService/getJobOperInsttList
,******,1047118,서브온 주식회사,수행기관,******,,06634,PUB-003_자립형일자리_수행기관,https://apis.data.go.kr/B552474/JobBsnInfoService/getJobOperInsttList
,******,1048097,휘경이문누리종합사회복지관,수행기관,******,,02432,PUB-003_자립형일자리_수행기관,https://apis.data.go.kr/B552474/JobBsnInfoService/getJobOperInsttList
,******,1048098,강서구립마곡어르신복지관,수행기관,******,,07798,PUB-003_자립형일자리_수행기관,https://apis.data.go.kr/B552474/JobBsnInfoService/getJobOperInsttList
,******,1050112,용산시니어클럽,수행기관,******,,04316,PUB-003_자립형일자리_수행기관,https://apis.data.go.kr/B552474/JobBsnInfoService/getJobOperInsttList
