dataset_code,source_record_key,region_code,region_name,organization_code,organization_name,organization_type,source_endpoint
PUB-001,1,1100000000,서울특별시,,,,https://apis.data.go.kr/B552474/JobBsnInfoService/getJobAdministCodeList
PUB-001,2,1200000000,전남광주통합특별시,,,,https://apis.data.go.kr/B552474/JobBsnInfoService/getJobAdministCodeList
PUB-001,3,2600000000,부산광역시,,,,https://apis.data.go.kr/B552474/JobBsnInfoService/getJobAdministCodeList
PUB-001,4,2700000000,대구광역시,,,,https://apis.data.go.kr/B552474/JobBsnInfoService/getJobAdministCodeList
PUB-001,5,2800000000,인천광역시,,,,https://apis.data.go.kr/B552474/JobBsnInfoService/getJobAdministCodeList
PUB-001,6,2900000000,전남광주통합(광주),,,,https://apis.data.go.kr/B552474/JobBsnInfoService/getJobAdministCodeList
PUB-001,7,3000000000,대전광역시,,,,https://apis.data.go.kr/B552474/JobBsnInfoService/getJobAdministCodeList
PUB-001,8,3100000000,울산광역시,,,,https://apis.data.go.kr/B552474/JobBsnInfoService/getJobAdministCodeList
PUB-001,9,3600000000,세종특별자치시,,,,https://apis.data.go.kr/B552474/JobBsnInfoService/getJobAdministCodeList
PUB-001,10,4100000000,경기도,,,,https://apis.data.go.kr/B552474/JobBsnInfoService/getJobAdministCodeList
PUB-001,11,4200000000,강원특별자치도,,,,https://apis.data.go.kr/B552474/JobBsnInfoService/getJobAdministCodeList
PUB-001,12,4300000000,충청북도,,,,https://apis.data.go.kr/B552474/JobBsnInfoService/getJobAdministCodeList
PUB-001,13,4400000000,충청남도,,,,https://apis.data.go.kr/B552474/JobBsnInfoService/getJobAdministCodeList
PUB-001,14,4500000000,전북특별자치도,,,,https://apis.data.go.kr/B552474/JobBsnInfoService/getJobAdministCodeList
PUB-001,15,4600000000,전남광주통합(전남),,,,https://apis.data.go.kr/B552474/JobBsnInfoService/getJobAdministCodeList
PUB-001,16,4700000000,경상북도,,,,https://apis.data.go.kr/B552474/JobBsnInfoService/getJobAdministCodeList
PUB-001,17,4800000000,경상남도,,,,https://apis.data.go.kr/B552474/JobBsnInfoService/getJobAdministCodeList
PUB-001,18,5000000000,제주특별자치도,,,,https://apis.data.go.kr/B552474/JobBsnInfoService/getJobAdministCodeList
PUB-001,19,9900000000,임시,,,,https://apis.data.go.kr/B552474/JobBsnInfoService/getJobAdministCodeList
PUB-002A,77,1100000000,,,,,https://apis.data.go.kr/B552474/OdsnCodeInquiryService2/getOdsnAreaCodeInquiryList2
PUB-002A,78,1100900000,직속,,,,https://apis.data.go.kr/B552474/OdsnCodeInquiryService2/getOdsnAreaCodeInquiryList2
PUB-002A,79,1111000000,종로구,,,,https://apis.data.go.kr/B552474/OdsnCodeInquiryService2/getOdsnAreaCodeInquiryList2
PUB-002A,80,1114000000,중구,,,,https://apis.data.go.kr/B552474/OdsnCodeInquiryService2/getOdsnAreaCodeInquiryList2
PUB-002A,81,1117000000,용산구,,,,https://apis.data.go.kr/B552474/OdsnCodeInquiryService2/getOdsnAreaCodeInquiryList2
PUB-002A,82,1120000000,성동구,,,,https://apis.data.go.kr/B552474/OdsnCodeInquiryService2/getOdsnAreaCodeInquiryList2
PUB-002A,83,1121500000,광진구,,,,https://apis.data.go.kr/B552474/OdsnCodeInquiryService2/getOdsnAreaCodeInquiryList2
PUB-002A,84,1123000000,동대문구,,,,https://apis.data.go.kr/B552474/OdsnCodeInquiryService2/getOdsnAreaCodeInquiryList2
PUB-002A,85,1126000000,중랑구,,,,https://apis.data.go.kr/B552474/OdsnCodeInquiryService2/getOdsnAreaCodeInquiryList2
PUB-002A,86,1129000000,성북구,,,,https://apis.data.go.kr/B552474/OdsnCodeInquiryService2/getOdsnAreaCodeInquiryList2
PUB-002A,87,1130500000,강북구,,,,https://apis.data.go.kr/B552474/OdsnCodeInquiryService2/getOdsnAreaCodeInquiryList2
PUB-002A,88,1132000000,도봉구,,,,https://apis.data.go.kr/B552474/OdsnCodeInquiryService2/getOdsnAreaCodeInquiryList2
PUB-002A,89,1135000000,노원구,,,,https://apis.data.go.kr/B552474/OdsnCodeInquiryService2/getOdsnAreaCodeInquiryList2
PUB-002A,90,1138000000,은평구,,,,https://apis.data.go.kr/B552474/OdsnCodeInquiryService2/getOdsnAreaCodeInquiryList2
PUB-002A,91,1141000000,서대문구,,,,https://apis.data.go.kr/B552474/OdsnCodeInquiryService2/getOdsnAreaCodeInquiryList2
PUB-002A,92,1144000000,마포구,,,,https://apis.data.go.kr/B552474/OdsnCodeInquiryService2/getOdsnAreaCodeInquiryList2
PUB-002A,93,1147000000,양천구,,,,https://apis.data.go.kr/B552474/OdsnCodeInquiryService2/getOdsnAreaCodeInquiryList2
PUB-002A,94,1150000000,강서구,,,,https://apis.data.go.kr/B552474/OdsnCodeInquiryService2/getOdsnAreaCodeInquiryList2
PUB-002A,95,1153000000,구로구,,,,https://apis.data.go.kr/B552474/OdsnCodeInquiryService2/getOdsnAreaCodeInquiryList2
PUB-002A,96,1154500000,금천구,,,,https://apis.data.go.kr/B552474/OdsnCodeInquiryService2/getOdsnAreaCodeInquiryList2
PUB-002A,97,1156000000,영등포구,,,,https://apis.data.go.kr/B552474/OdsnCodeInquiryService2/getOdsnAreaCodeInquiryList2
PUB-002A,98,1159000000,동작구,,,,https://apis.data.go.kr/B552474/OdsnCodeInquiryService2/getOdsnAreaCodeInquiryList2
PUB-002A,99,1162000000,관악구,,,,https://apis.data.go.kr/B552474/OdsnCodeInquiryService2/getOdsnAreaCodeInquiryList2
PUB-002A,100,1165000000,서초구,,,,https://apis.data.go.kr/B552474/OdsnCodeInquiryService2/getOdsnAreaCodeInquiryList2
PUB-002A,101,1168000000,강남구,,,,https://apis.data.go.kr/B552474/OdsnCodeInquiryService2/getOdsnAreaCodeInquiryList2
PUB-002A,102,1171000000,송파구,,,,https://apis.data.go.kr/B552474/OdsnCodeInquiryService2/getOdsnAreaCodeInquiryList2
PUB-002A,103,1174000000,강동구,,,,https://apis.data.go.kr/B552474/OdsnCodeInquiryService2/getOdsnAreaCodeInquiryList2
PUB-002A,104,1200000000,,,,,https://apis.data.go.kr/B552474/OdsnCodeInquiryService2/getOdsnAreaCodeInquiryList2
PUB-002A,105,1200900000,직속,,,,https://apis.data.go.kr/B552474/OdsnCodeInquiryService2/getOdsnAreaCodeInquiryList2
PUB-002A,106,1211000000,목포시,,,,https://apis.data.go.kr/B552474/OdsnCodeInquiryService2/getOdsnAreaCodeInquiryList2
PUB-002A,107,1213000000,여수시,,,,https://apis.data.go.kr/B552474/OdsnCodeInquiryService2/getOdsnAreaCodeInquiryList2
PUB-002A,108,1215000000,순천시,,,,https://apis.data.go.kr/B552474/OdsnCodeInquiryService2/getOdsnAreaCodeInquiryList2
PUB-002A,109,1217000000,나주시,,,,https://apis.data.go.kr/B552474/OdsnCodeInquiryService2/getOdsnAreaCodeInquiryList2
PUB-002A,110,1219000000,광양시,,,,https://apis.data.go.kr/B552474/OdsnCodeInquiryService2/getOdsnAreaCodeInquiryList2
PUB-002A,111,1221000000,동구,,,,https://apis.data.go.kr/B552474/OdsnCodeInquiryService2/getOdsnAreaCodeInquiryList2
PUB-002A,112,1224000000,서구,,,,https://apis.data.go.kr/B552474/OdsnCodeInquiryService2/getOdsnAreaCodeInquiryList2
PUB-002A,113,1227000000,남구,,,,https://apis.data.go.kr/B552474/OdsnCodeInquiryService2/getOdsnAreaCodeInquiryList2
PUB-002A,114,1230000000,북구,,,,https://apis.data.go.kr/B552474/OdsnCodeInquiryService2/getOdsnAreaCodeInquiryList2
PUB-002A,115,1233000000,광산구,,,,https://apis.data.go.kr/B552474/OdsnCodeInquiryService2/getOdsnAreaCodeInquiryList2
PUB-002A,116,1271000000,담양군,,,,https://apis.data.go.kr/B552474/OdsnCodeInquiryService2/getOdsnAreaCodeInquiryList2
PUB-002A,117,1272000000,곡성군,,,,https://apis.data.go.kr/B552474/OdsnCodeInquiryService2/getOdsnAreaCodeInquiryList2
PUB-002A,118,1273000000,구례군,,,,https://apis.data.go.kr/B552474/OdsnCodeInquiryService2/getOdsnAreaCodeInquiryList2
PUB-002A,119,1274000000,고흥군,,,,https://apis.data.go.kr/B552474/OdsnCodeInquiryService2/getOdsnAreaCodeInquiryList2
PUB-002A,120,1275000000,보성군,,,,https://apis.data.go.kr/B552474/OdsnCodeInquiryService2/getOdsnAreaCodeInquiryList2
PUB-002A,121,1276000000,화순군,,,,https://apis.data.go.kr/B552474/OdsnCodeInquiryService2/getOdsnAreaCodeInquiryList2
PUB-002A,122,1277000000,장흥군,,,,https://apis.data.go.kr/B552474/OdsnCodeInquiryService2/getOdsnAreaCodeInquiryList2
PUB-002A,123,1278000000,강진군,,,,https://apis.data.go.kr/B552474/OdsnCodeInquiryService2/getOdsnAreaCodeInquiryList2
PUB-002A,124,1279000000,해남군,,,,https://apis.data.go.kr/B552474/OdsnCodeInquiryService2/getOdsnAreaCodeInquiryList2
PUB-002A,125,1280000000,영암군,,,,https://apis.data.go.kr/B552474/OdsnCodeInquiryService2/getOdsnAreaCodeInquiryList2
PUB-002A,126,1281000000,무안군,,,,https://apis.data.go.kr/B552474/OdsnCodeInquiryService2/getOdsnAreaCodeInquiryList2
PUB-002A,127,1282000000,함평군,,,,https://apis.data.go.kr/B552474/OdsnCodeInquiryService2/getOdsnAreaCodeInquiryList2
PUB-002A,128,1283000000,영광군,,,,https://apis.data.go.kr/B552474/OdsnCodeInquiryService2/getOdsnAreaCodeInquiryList2
PUB-002A,129,1284000000,장성군,,,,https://apis.data.go.kr/B552474/OdsnCodeInquiryService2/getOdsnAreaCodeInquiryList2
PUB-002A,130,1285000000,완도군,,,,https://apis.data.go.kr/B552474/OdsnCodeInquiryService2/getOdsnAreaCodeInquiryList2
PUB-002A,131,1286000000,진도군,,,,https://apis.data.go.kr/B552474/OdsnCodeInquiryService2/getOdsnAreaCodeInquiryList2
PUB-002A,132,1287000000,신안군,,,,https://apis.data.go.kr/B552474/OdsnCodeInquiryService2/getOdsnAreaCodeInquiryList2
PUB-002A,133,2600000000,,,,,https://apis.data.go.kr/B552474/OdsnCodeInquiryService2/getOdsnAreaCodeInquiryList2
PUB-002A,134,2600900000,직속,,,,https://apis.data.go.kr/B552474/OdsnCodeInquiryService2/getOdsnAreaCodeInquiryList2
PUB-002A,135,2611000000,중구,,,,https://apis.data.go.kr/B552474/OdsnCodeInquiryService2/getOdsnAreaCodeInquiryList2
PUB-002A,136,2614000000,서구,,,,https://apis.data.go.kr/B552474/OdsnCodeInquiryService2/getOdsnAreaCodeInquiryList2
PUB-002A,137,2617000000,동구,,,,https://apis.data.go.kr/B552474/OdsnCodeInquiryService2/getOdsnAreaCodeInquiryList2
PUB-002A,138,2620000000,영도구,,,,https://apis.data.go.kr/B552474/OdsnCodeInquiryService2/getOdsnAreaCodeInquiryList2
PUB-002A,139,2623000000,부산진구,,,,https://apis.data.go.kr/B552474/OdsnCodeInquiryService2/getOdsnAreaCodeInquiryList2
PUB-002A,140,2626000000,동래구,,,,https://apis.data.go.kr/B552474/OdsnCodeInquiryService2/getOdsnAreaCodeInquiryList2
PUB-002A,141,2629000000,남구,,,,https://apis.data.go.kr/B552474/OdsnCodeInquiryService2/getOdsnAreaCodeInquiryList2
PUB-002A,142,2632000000,북구,,,,https://apis.data.go.kr/B552474/OdsnCodeInquiryService2/getOdsnAreaCodeInquiryList2
PUB-002A,143,2635000000,해운대구,,,,https://apis.data.go.kr/B552474/OdsnCodeInquiryService2/getOdsnAreaCodeInquiryList2
PUB-002A,144,2638000000,사하구,,,,https://apis.data.go.kr/B552474/OdsnCodeInquiryService2/getOdsnAreaCodeInquiryList2
PUB-002A,145,2641000000,금정구,,,,https://apis.data.go.kr/B552474/OdsnCodeInquiryService2/getOdsnAreaCodeInquiryList2
PUB-002A,146,2644000000,강서구,,,,https://apis.data.go.kr/B552474/OdsnCodeInquiryService2/getOdsnAreaCodeInquiryList2
PUB-002A,147,2647000000,연제구,,,,https://apis.data.go.kr/B552474/OdsnCodeInquiryService2/getOdsnAreaCodeInquiryList2
PUB-002A,148,2650000000,수영구,,,,https://apis.data.go.kr/B552474/OdsnCodeInquiryService2/getOdsnAreaCodeInquiryList2
PUB-002A,149,2653000000,사상구,,,,https://apis.data.go.kr/B552474/OdsnCodeInquiryService2/getOdsnAreaCodeInquiryList2
PUB-002A,150,2671000000,기장군,,,,https://apis.data.go.kr/B552474/OdsnCodeInquiryService2/getOdsnAreaCodeInquiryList2
PUB-002A,151,2700000000,,,,,https://apis.data.go.kr/B552474/OdsnCodeInquiryService2/getOdsnAreaCodeInquiryList2
PUB-002A,152,2700900000,직속,,,,https://apis.data.go.kr/B552474/OdsnCodeInquiryService2/getOdsnAreaCodeInquiryList2
PUB-002A,153,2711000000,중구,,,,https://apis.data.go.kr/B552474/OdsnCodeInquiryService2/getOdsnAreaCodeInquiryList2
PUB-002A,154,2714000000,동구,,,,https://apis.data.go.kr/B552474/OdsnCodeInquiryService2/getOdsnAreaCodeInquiryList2
PUB-002A,155,2717000000,서구,,,,https://apis.data.go.kr/B552474/OdsnCodeInquiryService2/getOdsnAreaCodeInquiryList2
PUB-002A,156,2720000000,남구,,,,https://apis.data.go.kr/B552474/OdsnCodeInquiryService2/getOdsnAreaCodeInquiryList2
PUB-002A,157,2723000000,북구,,,,https://apis.data.go.kr/B552474/OdsnCodeInquiryService2/getOdsnAreaCodeInquiryList2
PUB-002A,158,2726000000,수성구,,,,https://apis.data.go.kr/B552474/OdsnCodeInquiryService2/getOdsnAreaCodeInquiryList2
PUB-002A,159,2729000000,달서구,,,,https://apis.data.go.kr/B552474/OdsnCodeInquiryService2/getOdsnAreaCodeInquiryList2
PUB-002A,160,2771000000,달성군,,,,https://apis.data.go.kr/B552474/OdsnCodeInquiryService2/getOdsnAreaCodeInquiryList2
PUB-002A,161,2772000000,군위군,,,,https://apis.data.go.kr/B552474/OdsnCodeInquiryService2/getOdsnAreaCodeInquiryList2
PUB-002A,162,2800000000,,,,,https://apis.data.go.kr/B552474/OdsnCodeInquiryService2/getOdsnAreaCodeInquiryList2
PUB-002A,163,2800900000,직속,,,,https://apis.data.go.kr/B552474/OdsnCodeInquiryService2/getOdsnAreaCodeInquiryList2
PUB-002A,164,2811000000,중구,,,,https://apis.data.go.kr/B552474/OdsnCodeInquiryService2/getOdsnAreaCodeInquiryList2
PUB-002A,165,2814000000,동구,,,,https://apis.data.go.kr/B552474/OdsnCodeInquiryService2/getOdsnAreaCodeInquiryList2
PUB-002A,166,2817000000,미추홀구,,,,https://apis.data.go.kr/B552474/OdsnCodeInquiryService2/getOdsnAreaCodeInquiryList2
PUB-002A,167,2818500000,연수구,,,,https://apis.data.go.kr/B552474/OdsnCodeInquiryService2/getOdsnAreaCodeInquiryList2
PUB-002A,168,2820000000,남동구,,,,https://apis.data.go.kr/B552474/OdsnCodeInquiryService2/getOdsnAreaCodeInquiryList2
PUB-002A,169,2823700000,부평구,,,,https://apis.data.go.kr/B552474/OdsnCodeInquiryService2/getOdsnAreaCodeInquiryList2
PUB-002A,170,2824500000,계양구,,,,https://apis.data.go.kr/B552474/OdsnCodeInquiryService2/getOdsnAreaCodeInquiryList2
PUB-002A,171,2826000000,서구,,,,https://apis.data.go.kr/B552474/OdsnCodeInquiryService2/getOdsnAreaCodeInquiryList2
PUB-002A,172,2871000000,강화군,,,,https://apis.data.go.kr/B552474/OdsnCodeInquiryService2/getOdsnAreaCodeInquiryList2
PUB-002A,173,2872000000,옹진군,,,,https://apis.data.go.kr/B552474/OdsnCodeInquiryService2/getOdsnAreaCodeInquiryList2
PUB-002A,174,2900000000,,,,,https://apis.data.go.kr/B552474/OdsnCodeInquiryService2/getOdsnAreaCodeInquiryList2
PUB-002A,175,2900900000,직속,,,,https://apis.data.go.kr/B552474/OdsnCodeInquiryService2/getOdsnAreaCodeInquiryList2
PUB-002A,176,2911000000,동구,,,,https://apis.data.go.kr/B552474/OdsnCodeInquiryService2/getOdsnAreaCodeInquiryList2
PUB-002A,177,2914000000,서구,,,,https://apis.data.go.kr/B552474/OdsnCodeInquiryService2/getOdsnAreaCodeInquiryList2
PUB-002A,178,2915500000,남구,,,,https://apis.data.go.kr/B552474/OdsnCodeInquiryService2/getOdsnAreaCodeInquiryList2
PUB-002A,179,2917000000,북구,,,,https://apis.data.go.kr/B552474/OdsnCodeInquiryService2/getOdsnAreaCodeInquiryList2
PUB-002A,180,2920000000,광산구,,,,https://apis.data.go.kr/B552474/OdsnCodeInquiryService2/getOdsnAreaCodeInquiryList2
PUB-002A,181,3000000000,,,,,https://apis.data.go.kr/B552474/OdsnCodeInquiryService2/getOdsnAreaCodeInquiryList2
PUB-002A,182,3000900000,직속,,,,https://apis.data.go.kr/B552474/OdsnCodeInquiryService2/getOdsnAreaCodeInquiryList2
PUB-002A,183,3011000000,동구,,,,https://apis.data.go.kr/B552474/OdsnCodeInquiryService2/getOdsnAreaCodeInquiryList2
PUB-002A,184,3014000000,중구,,,,https://apis.data.go.kr/B552474/OdsnCodeInquiryService2/getOdsnAreaCodeInquiryList2
PUB-002A,185,3017000000,서구,,,,https://apis.data.go.kr/B552474/OdsnCodeInquiryService2/getOdsnAreaCodeInquiryList2
PUB-002A,186,3020000000,유성구,,,,https://apis.data.go.kr/B552474/OdsnCodeInquiryService2/getOdsnAreaCodeInquiryList2
PUB-002A,187,3023000000,대덕구,,,,https://apis.data.go.kr/B552474/OdsnCodeInquiryService2/getOdsnAreaCodeInquiryList2
PUB-002A,188,3100000000,,,,,https://apis.data.go.kr/B552474/OdsnCodeInquiryService2/getOdsnAreaCodeInquiryList2
PUB-002A,189,3100900000,직속,,,,https://apis.data.go.kr/B552474/OdsnCodeInquiryService2/getOdsnAreaCodeInquiryList2
PUB-002A,190,3111000000,중구,,,,https://apis.data.go.kr/B552474/OdsnCodeInquiryService2/getOdsnAreaCodeInquiryList2
PUB-002A,191,3114000000,남구,,,,https://apis.data.go.kr/B552474/OdsnCodeInquiryService2/getOdsnAreaCodeInquiryList2
PUB-002A,192,3117000000,동구,,,,https://apis.data.go.kr/B552474/OdsnCodeInquiryService2/getOdsnAreaCodeInquiryList2
PUB-002A,193,3120000000,북구,,,,https://apis.data.go.kr/B552474/OdsnCodeInquiryService2/getOdsnAreaCodeInquiryList2
PUB-002A,194,3171000000,울주군,,,,https://apis.data.go.kr/B552474/OdsnCodeInquiryService2/getOdsnAreaCodeInquiryList2
PUB-002A,195,3600000000,,,,,https://apis.data.go.kr/B552474/OdsnCodeInquiryService2/getOdsnAreaCodeInquiryList2
PUB-002A,196,3600900000,직속,,,,https://apis.data.go.kr/B552474/OdsnCodeInquiryService2/getOdsnAreaCodeInquiryList2
PUB-002A,197,3611000000,세종시,,,,https://apis.data.go.kr/B552474/OdsnCodeInquiryService2/getOdsnAreaCodeInquiryList2
PUB-002A,198,3611000000,세종시,,,,https://apis.data.go.kr/B552474/OdsnCodeInquiryService2/getOdsnAreaCodeInquiryList2
PUB-002A,199,3611000000,,,,,https://apis.data.go.kr/B552474/OdsnCodeInquiryService2/getOdsnAreaCodeInquiryList2
PUB-002A,200,4100000000,,,,,https://apis.data.go.kr/B552474/OdsnCodeInquiryService2/getOdsnAreaCodeInquiryList2
PUB-002A,201,4100900000,직속,,,,https://apis.data.go.kr/B552474/OdsnCodeInquiryService2/getOdsnAreaCodeInquiryList2
PUB-002A,202,4110500000,,,,,https://apis.data.go.kr/B552474/OdsnCodeInquiryService2/getOdsnAreaCodeInquiryList2
PUB-002A,203,4111000000,수원시,,,,https://apis.data.go.kr/B552474/OdsnCodeInquiryService2/getOdsnAreaCodeInquiryList2
PUB-002A,204,4111100000,수원시 장안구,,,,https://apis.data.go.kr/B552474/OdsnCodeInquiryService2/getOdsnAreaCodeInquiryList2
PUB-002A,205,4111300000,수원시 권선구,,,,https://apis.data.go.kr/B552474/OdsnCodeInquiryService2/getOdsnAreaCodeInquiryList2
PUB-002A,206,4111500000,수원시 팔달구,,,,https://apis.data.go.kr/B552474/OdsnCodeInquiryService2/getOdsnAreaCodeInquiryList2
PUB-002A,207,4111700000,수원시 영통구,,,,https://apis.data.go.kr/B552474/OdsnCodeInquiryService2/getOdsnAreaCodeInquiryList2
PUB-002A,208,4113000000,성남시,,,,https://apis.data.go.kr/B552474/OdsnCodeInquiryService2/getOdsnAreaCodeInquiryList2
PUB-002A,209,4113100000,성남시 수정구,,,,https://apis.data.go.kr/B552474/OdsnCodeInquiryService2/getOdsnAreaCodeInquiryList2
PUB-002A,210,4113300000,성남시 중원구,,,,https://apis.data.go.kr/B552474/OdsnCodeInquiryService2/getOdsnAreaCodeInquiryList2
PUB-002A,211,4113500000,성남시 분당구,,,,https://apis.data.go.kr/B552474/OdsnCodeInquiryService2/getOdsnAreaCodeInquiryList2
PUB-002A,212,4115000000,의정부시,,,,https://apis.data.go.kr/B552474/OdsnCodeInquiryService2/getOdsnAreaCodeInquiryList2
PUB-002A,213,4117000000,안양시,,,,https://apis.data.go.kr/B552474/OdsnCodeInquiryService2/getOdsnAreaCodeInquiryList2
PUB-002A,214,4117100000,안양시 만안구,,,,https://apis.data.go.kr/B552474/OdsnCodeInquiryService2/getOdsnAreaCodeInquiryList2
PUB-002A,215,4117300000,안양시 동안구,,,,https://apis.data.go.kr/B552474/OdsnCodeInquiryService2/getOdsnAreaCodeInquiryList2
PUB-002A,216,4119000000,부천시,,,,https://apis.data.go.kr/B552474/OdsnCodeInquiryService2/getOdsnAreaCodeInquiryList2
PUB-002A,217,4121000000,광명시,,,,https://apis.data.go.kr/B552474/OdsnCodeInquiryService2/getOdsnAreaCodeInquiryList2
PUB-002A,218,4122000000,평택시,,,,https://apis.data.go.kr/B552474/OdsnCodeInquiryService2/getOdsnAreaCodeInquiryList2
PUB-002A,219,4125000000,동두천시,,,,https://apis.data.go.kr/B552474/OdsnCodeInquiryService2/getOdsnAreaCodeInquiryList2
PUB-002A,220,4127000000,안산시,,,,https://apis.data.go.kr/B552474/OdsnCodeInquiryService2/getOdsnAreaCodeInquiryList2
PUB-002A,221,4127100000,안산시 상록구,,,,https://apis.data.go.kr/B552474/OdsnCodeInquiryService2/getOdsnAreaCodeInquiryList2
PUB-002A,222,4127300000,안산시 단원구,,,,https://apis.data.go.kr/B552474/OdsnCodeInquiryService2/getOdsnAreaCodeInquiryList2
PUB-002A,223,4128000000,고양시,,,,https://apis.data.go.kr/B552474/OdsnCodeInquiryService2/getOdsnAreaCodeInquiryList2
PUB-002A,224,4128100000,고양시 덕양구,,,,https://apis.data.go.kr/B552474/OdsnCodeInquiryService2/getOdsnAreaCodeInquiryList2
PUB-002A,225,4128500000,고양시 일산동구,,,,https://apis.data.go.kr/B552474/OdsnCodeInquiryService2/getOdsnAreaCodeInquiryList2
PUB-002A,226,4128700000,고양시 일산서구,,,,https://apis.data.go.kr/B552474/OdsnCodeInquiryService2/getOdsnAreaCodeInquiryList2
PUB-002A,227,4129000000,과천시,,,,https://apis.data.go.kr/B552474/OdsnCodeInquiryService2/getOdsnAreaCodeInquiryList2
PUB-002A,228,4131000000,구리시,,,,https://apis.data.go.kr/B552474/OdsnCodeInquiryService2/getOdsnAreaCodeInquiryList2
PUB-002A,229,4136000000,남양주시,,,,https://apis.data.go.kr/B552474/OdsnCodeInquiryService2/getOdsnAreaCodeInquiryList2
PUB-002A,230,4137000000,오산시,,,,https://apis.data.go.kr/B552474/OdsnCodeInquiryService2/getOdsnAreaCodeInquiryList2
PUB-002A,231,4139000000,시흥시,,,,https://apis.data.go.kr/B552474/OdsnCodeInquiryService2/getOdsnAreaCodeInquiryList2
PUB-002A,232,4141000000,군포시,,,,https://apis.data.go.kr/B552474/OdsnCodeInquiryService2/getOdsnAreaCodeInquiryList2
PUB-002A,233,4143000000,의왕시,,,,https://apis.data.go.kr/B552474/OdsnCodeInquiryService2/getOdsnAreaCodeInquiryList2
PUB-002A,234,4145000000,하남시,,,,https://apis.data.go.kr/B552474/OdsnCodeInquiryService2/getOdsnAreaCodeInquiryList2
PUB-002A,235,4146000000,용인시,,,,https://apis.data.go.kr/B552474/OdsnCodeInquiryService2/getOdsnAreaCodeInquiryList2
PUB-002A,236,4146100000,용인시 처인구,,,,https://apis.data.go.kr/B552474/OdsnCodeInquiryService2/getOdsnAreaCodeInquiryList2
PUB-002A,237,4146100000,용인시,,,,https://apis.data.go.kr/B552474/OdsnCodeInquiryService2/getOdsnAreaCodeInquiryList2
PUB-002A,238,4146300000,용인시 기흥구,,,,https://apis.data.go.kr/B552474/OdsnCodeInquiryService2/getOdsnAreaCodeInquiryList2
PUB-002A,239,4146500000,용인시 수지구,,,,https://apis.data.go.kr/B552474/OdsnCodeInquiryService2/getOdsnAreaCodeInquiryList2
PUB-002A,240,4146500000,용인시,,,,https://apis.data.go.kr/B552474/OdsnCodeInquiryService2/getOdsnAreaCodeInquiryList2
PUB-002A,241,4148000000,파주시,,,,https://apis.data.go.kr/B552474/OdsnCodeInquiryService2/getOdsnAreaCodeInquiryList2
PUB-002A,242,4150000000,이천시,,,,https://apis.data.go.kr/B552474/OdsnCodeInquiryService2/getOdsnAreaCodeInquiryList2
PUB-002A,243,4155000000,안성시,,,,https://apis.data.go.kr/B552474/OdsnCodeInquiryService2/getOdsnAreaCodeInquiryList2
PUB-002A,244,4157000000,김포시,,,,https://apis.data.go.kr/B552474/OdsnCodeInquiryService2/getOdsnAreaCodeInquiryList2
PUB-002A,245,4159000000,화성시,,,,https://apis.data.go.kr/B552474/OdsnCodeInquiryService2/getOdsnAreaCodeInquiryList2
PUB-002A,246,4159100000,화성시 만세구,,,,https://apis.data.go.kr/B552474/OdsnCodeInquiryService2/getOdsnAreaCodeInquiryList2
PUB-002A,247,4159300000,화성시 효행구,,,,https://apis.data.go.kr/B552474/OdsnCodeInquiryService2/getOdsnAreaCodeInquiryList2
PUB-002A,248,4159500000,화성시 병점구,,,,https://apis.data.go.kr/B552474/OdsnCodeInquiryService2/getOdsnAreaCodeInquiryList2
PUB-002A,249,4159700000,화성시 동탄구,,,,https://apis.data.go.kr/B552474/OdsnCodeInquiryService2/getOdsnAreaCodeInquiryList2
PUB-002A,250,4161000000,광주시,,,,https://apis.data.go.kr/B552474/OdsnCodeInquiryService2/getOdsnAreaCodeInquiryList2
PUB-002A,251,4163000000,양주시,,,,https://apis.data.go.kr/B552474/OdsnCodeInquiryService2/getOdsnAreaCodeInquiryList2
PUB-002A,252,4165000000,포천시,,,,https://apis.data.go.kr/B552474/OdsnCodeInquiryService2/getOdsnAreaCodeInquiryList2
PUB-002A,253,4167000000,여주시,,,,https://apis.data.go.kr/B552474/OdsnCodeInquiryService2/getOdsnAreaCodeInquiryList2
PUB-002A,254,4180000000,연천군,,,,https://apis.data.go.kr/B552474/OdsnCodeInquiryService2/getOdsnAreaCodeInquiryList2
PUB-002A,255,4182000000,가평군,,,,https://apis.data.go.kr/B552474/OdsnCodeInquiryService2/getOdsnAreaCodeInquiryList2
PUB-002A,256,4183000000,양평군,,,,https://apis.data.go.kr/B552474/OdsnCodeInquiryService2/getOdsnAreaCodeInquiryList2
PUB-002A,257,4200000000,,,,,https://apis.data.go.kr/B552474/OdsnCodeInquiryService2/getOdsnAreaCodeInquiryList2
PUB-002A,258,4200900000,직속,,,,https://apis.data.go.kr/B552474/OdsnCodeInquiryService2/getOdsnAreaCodeInquiryList2
PUB-002A,259,4210500000,,,,,https://apis.data.go.kr/B552474/OdsnCodeInquiryService2/getOdsnAreaCodeInquiryList2
PUB-002A,260,4211000000,춘천시,,,,https://apis.data.go.kr/B552474/OdsnCodeInquiryService2/getOdsnAreaCodeInquiryList2
PUB-002A,261,4213000000,원주시,,,,https://apis.data.go.kr/B552474/OdsnCodeInquiryService2/getOdsnAreaCodeInquiryList2
PUB-002A,262,4215000000,강릉시,,,,https://apis.data.go.kr/B552474/OdsnCodeInquiryService2/getOdsnAreaCodeInquiryList2
PUB-002A,263,4217000000,동해시,,,,https://apis.data.go.kr/B552474/OdsnCodeInquiryService2/getOdsnAreaCodeInquiryList2
PUB-002A,264,4219000000,태백시,,,,https://apis.data.go.kr/B552474/OdsnCodeInquiryService2/getOdsnAreaCodeInquiryList2
PUB-002A,265,4221000000,속초시,,,,https://apis.data.go.kr/B552474/OdsnCodeInquiryService2/getOdsnAreaCodeInquiryList2
PUB-002A,266,4223000000,삼척시,,,,https://apis.data.go.kr/B552474/OdsnCodeInquiryService2/getOdsnAreaCodeInquiryList2
PUB-002A,267,4272000000,홍천군,,,,https://apis.data.go.kr/B552474/OdsnCodeInquiryService2/getOdsnAreaCodeInquiryList2
PUB-002A,268,4273000000,횡성군,,,,https://apis.data.go.kr/B552474/OdsnCodeInquiryService2/getOdsnAreaCodeInquiryList2
PUB-002A,269,4275000000,영월군,,,,https://apis.data.go.kr/B552474/OdsnCodeInquiryService2/getOdsnAreaCodeInquiryList2
PUB-002A,270,4276000000,평창군,,,,https://apis.data.go.kr/B552474/OdsnCodeInquiryService2/getOdsnAreaCodeInquiryList2
PUB-002A,271,4277000000,정선군,,,,https://apis.data.go.kr/B552474/OdsnCodeInquiryService2/getOdsnAreaCodeInquiryList2
PUB-002A,272,4278000000,철원군,,,,https://apis.data.go.kr/B552474/OdsnCodeInquiryService2/getOdsnAreaCodeInquiryList2
PUB-002A,273,4279000000,화천군,,,,https://apis.data.go.kr/B552474/OdsnCodeInquiryService2/getOdsnAreaCodeInquiryList2
PUB-002A,274,4280000000,양구군,,,,https://apis.data.go.kr/B552474/OdsnCodeInquiryService2/getOdsnAreaCodeInquiryList2
PUB-002A,275,4281000000,인제군,,,,https://apis.data.go.kr/B552474/OdsnCodeInquiryService2/getOdsnAreaCodeInquiryList2
PUB-002A,276,4282000000,고성군,,,,https://apis.data.go.kr/B552474/OdsnCodeInquiryService2/getOdsnAreaCodeInquiryList2
PUB-002A,277,4283000000,양양군,,,,https://apis.data.go.kr/B552474/OdsnCodeInquiryService2/getOdsnAreaCodeInquiryList2
PUB-002A,278,4300000000,,,,,https://apis.data.go.kr/B552474/OdsnCodeInquiryService2/getOdsnAreaCodeInquiryList2
PUB-002A,279,4300900000,직속,,,,https://apis.data.go.kr/B552474/OdsnCodeInquiryService2/getOdsnAreaCodeInquiryList2
PUB-002A,280,4311000000,청주시,,,,https://apis.data.go.kr/B552474/OdsnCodeInquiryService2/getOdsnAreaCodeInquiryList2
PUB-002A,281,4311100000,청주시 상당구,,,,https://apis.data.go.kr/B552474/OdsnCodeInquiryService2/getOdsnAreaCodeInquiryList2
PUB-002A,282,4311200000,청주시 서원구,,,,https://apis.data.go.kr/B552474/OdsnCodeInquiryService2/getOdsnAreaCodeInquiryList2
PUB-002A,283,4311300000,청주시 흥덕구,,,,https://apis.data.go.kr/B552474/OdsnCodeInquiryService2/getOdsnAreaCodeInquiryList2
PUB-002A,284,4311400000,청주시 청원구,,,,https://apis.data.go.kr/B552474/OdsnCodeInquiryService2/getOdsnAreaCodeInquiryList2
PUB-002A,285,4313000000,충주시,,,,https://apis.data.go.kr/B552474/OdsnCodeInquiryService2/getOdsnAreaCodeInquiryList2
PUB-002A,286,4315000000,제천시,,,,https://apis.data.go.kr/B552474/OdsnCodeInquiryService2/getOdsnAreaCodeInquiryList2
PUB-002A,287,4372000000,보은군,,,,https://apis.data.go.kr/B552474/OdsnCodeInquiryService2/getOdsnAreaCodeInquiryList2
PUB-002A,288,4373000000,옥천군,,,,https://apis.data.go.kr/B552474/OdsnCodeInquiryService2/getOdsnAreaCodeInquiryList2
PUB-002A,289,4374000000,영동군,,,,https://apis.data.go.kr/B552474/OdsnCodeInquiryService2/getOdsnAreaCodeInquiryList2
PUB-002A,290,4374500000,증평군,,,,https://apis.data.go.kr/B552474/OdsnCodeInquiryService2/getOdsnAreaCodeInquiryList2
PUB-002A,291,4375000000,진천군,,,,https://apis.data.go.kr/B552474/OdsnCodeInquiryService2/getOdsnAreaCodeInquiryList2
PUB-002A,292,4376000000,괴산군,,,,https://apis.data.go.kr/B552474/OdsnCodeInquiryService2/getOdsnAreaCodeInquiryList2
PUB-002A,293,4377000000,음성군,,,,https://apis.data.go.kr/B552474/OdsnCodeInquiryService2/getOdsnAreaCodeInquiryList2
PUB-002A,294,4380000000,단양군,,,,https://apis.data.go.kr/B552474/OdsnCodeInquiryService2/getOdsnAreaCodeInquiryList2
PUB-002A,295,4400000000,,,,,https://apis.data.go.kr/B552474/OdsnCodeInquiryService2/getOdsnAreaCodeInquiryList2
PUB-002A,296,4400900000,직속,,,,https://apis.data.go.kr/B552474/OdsnCodeInquiryService2/getOdsnAreaCodeInquiryList2
PUB-002A,297,4413000000,천안시,,,,https://apis.data.go.kr/B552474/OdsnCodeInquiryService2/getOdsnAreaCodeInquiryList2
PUB-002A,298,4413100000,천안시 동남구,,,,https://apis.data.go.kr/B552474/OdsnCodeInquiryService2/getOdsnAreaCodeInquiryList2
PUB-002A,299,4413300000,천안시 서북구,,,,https://apis.data.go.kr/B552474/OdsnCodeInquiryService2/getOdsnAreaCodeInquiryList2
PUB-002A,300,4415000000,공주시,,,,https://apis.data.go.kr/B552474/OdsnCodeInquiryService2/getOdsnAreaCodeInquiryList2
PUB-002A,301,4418000000,보령시,,,,https://apis.data.go.kr/B552474/OdsnCodeInquiryService2/getOdsnAreaCodeInquiryList2
PUB-002A,302,4420000000,아산시,,,,https://apis.data.go.kr/B552474/OdsnCodeInquiryService2/getOdsnAreaCodeInquiryList2
PUB-002A,303,4421000000,서산시,,,,https://apis.data.go.kr/B552474/OdsnCodeInquiryService2/getOdsnAreaCodeInquiryList2
PUB-002A,304,4423000000,논산시,,,,https://apis.data.go.kr/B552474/OdsnCodeInquiryService2/getOdsnAreaCodeInquiryList2
PUB-002A,305,4425000000,계룡시,,,,https://apis.data.go.kr/B552474/OdsnCodeInquiryService2/getOdsnAreaCodeInquiryList2
PUB-002A,306,4427000000,당진시,,,,https://apis.data.go.kr/B552474/OdsnCodeInquiryService2/getOdsnAreaCodeInquiryList2
PUB-002A,307,4471000000,금산군,,,,https://apis.data.go.kr/B552474/OdsnCodeInquiryService2/getOdsnAreaCodeInquiryList2
PUB-002A,308,4476000000,부여군,,,,https://apis.data.go.kr/B552474/OdsnCodeInquiryService2/getOdsnAreaCodeInquiryList2
PUB-002A,309,4477000000,서천군,,,,https://apis.data.go.kr/B552474/OdsnCodeInquiryService2/getOdsnAreaCodeInquiryList2
PUB-002A,310,4479000000,청양군,,,,https://apis.data.go.kr/B552474/OdsnCodeInquiryService2/getOdsnAreaCodeInquiryList2
PUB-002A,311,4480000000,홍성군,,,,https://apis.data.go.kr/B552474/OdsnCodeInquiryService2/getOdsnAreaCodeInquiryList2
PUB-002A,312,4481000000,예산군,,,,https://apis.data.go.kr/B552474/OdsnCodeInquiryService2/getOdsnAreaCodeInquiryList2
PUB-002A,313,4482500000,태안군,,,,https://apis.data.go.kr/B552474/OdsnCodeInquiryService2/getOdsnAreaCodeInquiryList2
PUB-002A,314,4500000000,,,,,https://apis.data.go.kr/B552474/OdsnCodeInquiryService2/getOdsnAreaCodeInquiryList2
PUB-002A,315,4500900000,직속,,,,https://apis.data.go.kr/B552474/OdsnCodeInquiryService2/getOdsnAreaCodeInquiryList2
PUB-002A,316,4511000000,전주시,,,,https://apis.data.go.kr/B552474/OdsnCodeInquiryService2/getOdsnAreaCodeInquiryList2
PUB-002A,317,4511100000,전주시 완산구,,,,https://apis.data.go.kr/B552474/OdsnCodeInquiryService2/getOdsnAreaCodeInquiryList2
PUB-002A,318,4511300000,전주시 덕진구,,,,https://apis.data.go.kr/B552474/OdsnCodeInquiryService2/getOdsnAreaCodeInquiryList2
PUB-002A,319,4513000000,군산시,,,,https://apis.data.go.kr/B552474/OdsnCodeInquiryService2/getOdsnAreaCodeInquiryList2
PUB-002A,320,4514000000,익산시,,,,https://apis.data.go.kr/B552474/OdsnCodeInquiryService2/getOdsnAreaCodeInquiryList2
PUB-002A,321,4518000000,정읍시,,,,https://apis.data.go.kr/B552474/OdsnCodeInquiryService2/getOdsnAreaCodeInquiryList2
PUB-002A,322,4519000000,남원시,,,,https://apis.data.go.kr/B552474/OdsnCodeInquiryService2/getOdsnAreaCodeInquiryList2
PUB-002A,323,4521000000,김제시,,,,https://apis.data.go.kr/B552474/OdsnCodeInquiryService2/getOdsnAreaCodeInquiryList2
PUB-002A,324,4571000000,완주군,,,,https://apis.data.go.kr/B552474/OdsnCodeInquiryService2/getOdsnAreaCodeInquiryList2
PUB-002A,325,4572000000,진안군,,,,https://apis.data.go.kr/B552474/OdsnCodeInquiryService2/getOdsnAreaCodeInquiryList2
PUB-002A,326,4573000000,무주군,,,,https://apis.data.go.kr/B552474/OdsnCodeInquiryService2/getOdsnAreaCodeInquiryList2
PUB-002A,327,4574000000,장수군,,,,https://apis.data.go.kr/B552474/OdsnCodeInquiryService2/getOdsnAreaCodeInquiryList2
PUB-002A,328,4575000000,임실군,,,,https://apis.data.go.kr/B552474/OdsnCodeInquiryService2/getOdsnAreaCodeInquiryList2
PUB-002A,329,4577000000,순창군,,,,https://apis.data.go.kr/B552474/OdsnCodeInquiryService2/getOdsnAreaCodeInquiryList2
PUB-002A,330,4579000000,고창군,,,,https://apis.data.go.kr/B552474/OdsnCodeInquiryService2/getOdsnAreaCodeInquiryList2
PUB-002A,331,4580000000,부안군,,,,https://apis.data.go.kr/B552474/OdsnCodeInquiryService2/getOdsnAreaCodeInquiryList2
PUB-002A,332,4600000000,,,,,https://apis.data.go.kr/B552474/OdsnCodeInquiryService2/getOdsnAreaCodeInquiryList2
PUB-002A,333,4600900000,직속,,,,https://apis.data.go.kr/B552474/OdsnCodeInquiryService2/getOdsnAreaCodeInquiryList2
PUB-002A,334,4611000000,목포시,,,,https://apis.data.go.kr/B552474/OdsnCodeInquiryService2/getOdsnAreaCodeInquiryList2
PUB-002A,335,4613000000,여수시,,,,https://apis.data.go.kr/B552474/OdsnCodeInquiryService2/getOdsnAreaCodeInquiryList2
PUB-002A,336,4615000000,순천시,,,,https://apis.data.go.kr/B552474/OdsnCodeInquiryService2/getOdsnAreaCodeInquiryList2
PUB-002A,337,4617000000,나주시,,,,https://apis.data.go.kr/B552474/OdsnCodeInquiryService2/getOdsnAreaCodeInquiryList2
PUB-002A,338,4623000000,광양시,,,,https://apis.data.go.kr/B552474/OdsnCodeInquiryService2/getOdsnAreaCodeInquiryList2
PUB-002A,339,4671000000,담양군,,,,https://apis.data.go.kr/B552474/OdsnCodeInquiryService2/getOdsnAreaCodeInquiryList2
PUB-002A,340,4672000000,곡성군,,,,https://apis.data.go.kr/B552474/OdsnCodeInquiryService2/getOdsnAreaCodeInquiryList2
PUB-002A,341,4673000000,구례군,,,,https://apis.data.go.kr/B552474/OdsnCodeInquiryService2/getOdsnAreaCodeInquiryList2
PUB-002A,342,4677000000,고흥군,,,,https://apis.data.go.kr/B552474/OdsnCodeInquiryService2/getOdsnAreaCodeInquiryList2
PUB-002A,343,4678000000,보성군,,,,https://apis.data.go.kr/B552474/OdsnCodeInquiryService2/getOdsnAreaCodeInquiryList2
PUB-002A,344,4679000000,화순군,,,,https://apis.data.go.kr/B552474/OdsnCodeInquiryService2/getOdsnAreaCodeInquiryList2
PUB-002A,345,4680000000,장흥군,,,,https://apis.data.go.kr/B552474/OdsnCodeInquiryService2/getOdsnAreaCodeInquiryList2
PUB-002A,346,4681000000,강진군,,,,https://apis.data.go.kr/B552474/OdsnCodeInquiryService2/getOdsnAreaCodeInquiryList2
PUB-002A,347,4682000000,해남군,,,,https://apis.data.go.kr/B552474/OdsnCodeInquiryService2/getOdsnAreaCodeInquiryList2
PUB-002A,348,4683000000,영암군,,,,https://apis.data.go.kr/B552474/OdsnCodeInquiryService2/getOdsnAreaCodeInquiryList2
PUB-002A,349,4684000000,무안군,,,,https://apis.data.go.kr/B552474/OdsnCodeInquiryService2/getOdsnAreaCodeInquiryList2
PUB-002A,350,4686000000,함평군,,,,https://apis.data.go.kr/B552474/OdsnCodeInquiryService2/getOdsnAreaCodeInquiryList2
PUB-002A,351,4687000000,영광군,,,,https://apis.data.go.kr/B552474/OdsnCodeInquiryService2/getOdsnAreaCodeInquiryList2
PUB-002A,352,4688000000,장성군,,,,https://apis.data.go.kr/B552474/OdsnCodeInquiryService2/getOdsnAreaCodeInquiryList2
PUB-002A,353,4689000000,완도군,,,,https://apis.data.go.kr/B552474/OdsnCodeInquiryService2/getOdsnAreaCodeInquiryList2
PUB-002A,354,4690000000,진도군,,,,https://apis.data.go.kr/B552474/OdsnCodeInquiryService2/getOdsnAreaCodeInquiryList2
PUB-002A,355,4691000000,신안군,,,,https://apis.data.go.kr/B552474/OdsnCodeInquiryService2/getOdsnAreaCodeInquiryList2
PUB-002A,356,4700000000,,,,,https://apis.data.go.kr/B552474/OdsnCodeInquiryService2/getOdsnAreaCodeInquiryList2
PUB-002A,357,4700900000,직속,,,,https://apis.data.go.kr/B552474/OdsnCodeInquiryService2/getOdsnAreaCodeInquiryList2
PUB-002A,358,4711000000,포항시,,,,https://apis.data.go.kr/B552474/OdsnCodeInquiryService2/getOdsnAreaCodeInquiryList2
PUB-002A,359,4711100000,포항시 남구,,,,https://apis.data.go.kr/B552474/OdsnCodeInquiryService2/getOdsnAreaCodeInquiryList2
PUB-002A,360,4711300000,포항시 북구,,,,https://apis.data.go.kr/B552474/OdsnCodeInquiryService2/getOdsnAreaCodeInquiryList2
PUB-002A,361,4711400000,포항시,,,,https://apis.data.go.kr/B552474/OdsnCodeInquiryService2/getOdsnAreaCodeInquiryList2
PUB-002A,362,4713000000,경주시,,,,https://apis.data.go.kr/B552474/OdsnCodeInquiryService2/getOdsnAreaCodeInquiryList2
PUB-002A,363,4715000000,김천시,,,,https://apis.data.go.kr/B552474/OdsnCodeInquiryService2/getOdsnAreaCodeInquiryList2
PUB-002A,364,4717000000,안동시,,,,https://apis.data.go.kr/B552474/OdsnCodeInquiryService2/getOdsnAreaCodeInquiryList2
PUB-002A,365,4719000000,구미시,,,,https://apis.data.go.kr/B552474/OdsnCodeInquiryService2/getOdsnAreaCodeInquiryList2
PUB-002A,366,4721000000,영주시,,,,https://apis.data.go.kr/B552474/OdsnCodeInquiryService2/getOdsnAreaCodeInquiryList2
PUB-002A,367,4723000000,영천시,,,,https://apis.data.go.kr/B552474/OdsnCodeInquiryService2/getOdsnAreaCodeInquiryList2
PUB-002A,368,4725000000,상주시,,,,https://apis.data.go.kr/B552474/OdsnCodeInquiryService2/getOdsnAreaCodeInquiryList2
PUB-002A,369,4728000000,문경시,,,,https://apis.data.go.kr/B552474/OdsnCodeInquiryService2/getOdsnAreaCodeInquiryList2
PUB-002A,370,4729000000,경산시,,,,https://apis.data.go.kr/B552474/OdsnCodeInquiryService2/getOdsnAreaCodeInquiryList2
PUB-002A,371,4772000000,군위군,,,,https://apis.data.go.kr/B552474/OdsnCodeInquiryService2/getOdsnAreaCodeInquiryList2
PUB-002A,372,4773000000,의성군,,,,https://apis.data.go.kr/B552474/OdsnCodeInquiryService2/getOdsnAreaCodeInquiryList2
PUB-002A,373,4775000000,청송군,,,,https://apis.data.go.kr/B552474/OdsnCodeInquiryService2/getOdsnAreaCodeInquiryList2
PUB-002A,374,4776000000,영양군,,,,https://apis.data.go.kr/B552474/OdsnCodeInquiryService2/getOdsnAreaCodeInquiryList2
PUB-002A,375,4777000000,영덕군,,,,https://apis.data.go.kr/B552474/OdsnCodeInquiryService2/getOdsnAreaCodeInquiryList2
PUB-002A,376,4782000000,청도군,,,,https://apis.data.go.kr/B552474/OdsnCodeInquiryService2/getOdsnAreaCodeInquiryList2
PUB-002A,377,4783000000,고령군,,,,https://apis.data.go.kr/B552474/OdsnCodeInquiryService2/getOdsnAreaCodeInquiryList2
PUB-002A,378,4784000000,성주군,,,,https://apis.data.go.kr/B552474/OdsnCodeInquiryService2/getOdsnAreaCodeInquiryList2
PUB-002A,379,4785000000,칠곡군,,,,https://apis.data.go.kr/B552474/OdsnCodeInquiryService2/getOdsnAreaCodeInquiryList2
PUB-002A,380,4790000000,예천군,,,,https://apis.data.go.kr/B552474/OdsnCodeInquiryService2/getOdsnAreaCodeInquiryList2
PUB-002A,381,4792000000,봉화군,,,,https://apis.data.go.kr/B552474/OdsnCodeInquiryService2/getOdsnAreaCodeInquiryList2
PUB-002A,382,4793000000,울진군,,,,https://apis.data.go.kr/B552474/OdsnCodeInquiryService2/getOdsnAreaCodeInquiryList2
PUB-002A,383,4794000000,울릉군,,,,https://apis.data.go.kr/B552474/OdsnCodeInquiryService2/getOdsnAreaCodeInquiryList2
PUB-002A,384,4800000000,,,,,https://apis.data.go.kr/B552474/OdsnCodeInquiryService2/getOdsnAreaCodeInquiryList2
PUB-002A,385,4800900000,직속,,,,https://apis.data.go.kr/B552474/OdsnCodeInquiryService2/getOdsnAreaCodeInquiryList2
PUB-002A,386,4812000000,창원시,,,,https://apis.data.go.kr/B552474/OdsnCodeInquiryService2/getOdsnAreaCodeInquiryList2
PUB-002A,387,4812100000,창원시 의창구,,,,https://apis.data.go.kr/B552474/OdsnCodeInquiryService2/getOdsnAreaCodeInquiryList2
PUB-002A,388,4812300000,창원시 성산구,,,,https://apis.data.go.kr/B552474/OdsnCodeInquiryService2/getOdsnAreaCodeInquiryList2
PUB-002A,389,4812500000,창원시 마산합포구,,,,https://apis.data.go.kr/B552474/OdsnCodeInquiryService2/getOdsnAreaCodeInquiryList2
PUB-002A,390,4812700000,창원시 마산회원구,,,,https://apis.data.go.kr/B552474/OdsnCodeInquiryService2/getOdsnAreaCodeInquiryList2
PUB-002A,391,4812900000,창원시 진해구,,,,https://apis.data.go.kr/B552474/OdsnCodeInquiryService2/getOdsnAreaCodeInquiryList2
PUB-002A,392,4817000000,진주시,,,,https://apis.data.go.kr/B552474/OdsnCodeInquiryService2/getOdsnAreaCodeInquiryList2
PUB-002A,393,4822000000,통영시,,,,https://apis.data.go.kr/B552474/OdsnCodeInquiryService2/getOdsnAreaCodeInquiryList2
PUB-002A,394,4824000000,사천시,,,,https://apis.data.go.kr/B552474/OdsnCodeInquiryService2/getOdsnAreaCodeInquiryList2
PUB-002A,395,4825000000,김해시,,,,https://apis.data.go.kr/B552474/OdsnCodeInquiryService2/getOdsnAreaCodeInquiryList2
PUB-002A,396,4827000000,밀양시,,,,https://apis.data.go.kr/B552474/OdsnCodeInquiryService2/getOdsnAreaCodeInquiryList2
PUB-002A,397,4831000000,거제시,,,,https://apis.data.go.kr/B552474/OdsnCodeInquiryService2/getOdsnAreaCodeInquiryList2
PUB-002A,398,4833000000,양산시,,,,https://apis.data.go.kr/B552474/OdsnCodeInquiryService2/getOdsnAreaCodeInquiryList2
PUB-002A,399,4872000000,의령군,,,,https://apis.data.go.kr/B552474/OdsnCodeInquiryService2/getOdsnAreaCodeInquiryList2
PUB-002A,400,4873000000,함안군,,,,https://apis.data.go.kr/B552474/OdsnCodeInquiryService2/getOdsnAreaCodeInquiryList2
PUB-002A,401,4874000000,창녕군,,,,https://apis.data.go.kr/B552474/OdsnCodeInquiryService2/getOdsnAreaCodeInquiryList2
PUB-002A,402,4882000000,고성군,,,,https://apis.data.go.kr/B552474/OdsnCodeInquiryService2/getOdsnAreaCodeInquiryList2
PUB-002A,403,4884000000,남해군,,,,https://apis.data.go.kr/B552474/OdsnCodeInquiryService2/getOdsnAreaCodeInquiryList2
PUB-002A,404,4885000000,하동군,,,,https://apis.data.go.kr/B552474/OdsnCodeInquiryService2/getOdsnAreaCodeInquiryList2
PUB-002A,405,4886000000,산청군,,,,https://apis.data.go.kr/B552474/OdsnCodeInquiryService2/getOdsnAreaCodeInquiryList2
PUB-002A,406,4887000000,함양군,,,,https://apis.data.go.kr/B552474/OdsnCodeInquiryService2/getOdsnAreaCodeInquiryList2
PUB-002A,407,4888000000,거창군,,,,https://apis.data.go.kr/B552474/OdsnCodeInquiryService2/getOdsnAreaCodeInquiryList2
PUB-002A,408,4889000000,합천군,,,,https://apis.data.go.kr/B552474/OdsnCodeInquiryService2/getOdsnAreaCodeInquiryList2
PUB-002A,409,5000000000,,,,,https://apis.data.go.kr/B552474/OdsnCodeInquiryService2/getOdsnAreaCodeInquiryList2
PUB-002A,410,5000900000,직속,,,,https://apis.data.go.kr/B552474/OdsnCodeInquiryService2/getOdsnAreaCodeInquiryList2
PUB-002A,411,5011000000,제주시,,,,https://apis.data.go.kr/B552474/OdsnCodeInquiryService2/getOdsnAreaCodeInquiryList2
PUB-002A,412,5013000000,서귀포시,,,,https://apis.data.go.kr/B552474/OdsnCodeInquiryService2/getOdsnAreaCodeInquiryList2
PUB-002A,413,9800000000,,,,,https://apis.data.go.kr/B552474/OdsnCodeInquiryService2/getOdsnAreaCodeInquiryList2
PUB-002A,414,9800900000,직속,,,,https://apis.data.go.kr/B552474/OdsnCodeInquiryService2/getOdsnAreaCodeInquiryList2
PUB-002A,415,9900000000,,,,,https://apis.data.go.kr/B552474/OdsnCodeInquiryService2/getOdsnAreaCodeInquiryList2
PUB-002A,416,9910100000,통합,,,,https://apis.data.go.kr/B552474/OdsnCodeInquiryService2/getOdsnAreaCodeInquiryList2
PUB-002B,435,,,1008,가정북구노인복지센터,,https://apis.data.go.kr/B552474/OdsnCodeInquiryService2/getOdsnOrgCodeInquiryList2
PUB-002B,436,,,1008083,강서시니어협동조합,,https://apis.data.go.kr/B552474/OdsnCodeInquiryService2/getOdsnOrgCodeInquiryList2
PUB-002B,2386,,,2936,포항시,,https://apis.data.go.kr/B552474/OdsnCodeInquiryService2/getOdsnOrgCodeInquiryList2
PUB-002B,417,,,10,시립동작노인종합복지관,,https://apis.data.go.kr/B552474/OdsnCodeInquiryService2/getOdsnOrgCodeInquiryList2
PUB-002B,418,,,100,명락노인종합복지관,,https://apis.data.go.kr/B552474/OdsnCodeInquiryService2/getOdsnOrgCodeInquiryList2
PUB-002B,419,,,1000,사단법인 더불어사는사회,,https://apis.data.go.kr/B552474/OdsnCodeInquiryService2/getOdsnOrgCodeInquiryList2
PUB-002B,420,,,1000083,주식회사예스택시,,https://apis.data.go.kr/B552474/OdsnCodeInquiryService2/getOdsnOrgCodeInquiryList2
PUB-002B,421,,,100083,거제시보건소(치매안심센터),,https://apis.data.go.kr/B552474/OdsnCodeInquiryService2/getOdsnOrgCodeInquiryList2
PUB-002B,422,,,1001083,대한노인회미추홀지회취업지원센터,,https://apis.data.go.kr/B552474/OdsnCodeInquiryService2/getOdsnOrgCodeInquiryList2
PUB-002B,423,,,1002083,합자회사 금남엔지니어링(고양일산),,https://apis.data.go.kr/B552474/OdsnCodeInquiryService2/getOdsnOrgCodeInquiryList2
PUB-002B,424,,,1002085,주식회사 예스영푸드(서구),,https://apis.data.go.kr/B552474/OdsnCodeInquiryService2/getOdsnOrgCodeInquiryList2
PUB-002B,425,,,1003,대한노인회 경북 영주시지회,,https://apis.data.go.kr/B552474/OdsnCodeInquiryService2/getOdsnOrgCodeInquiryList2
PUB-002B,426,,,1003084,제주영락종합사회복지관,,https://apis.data.go.kr/B552474/OdsnCodeInquiryService2/getOdsnOrgCodeInquiryList2
PUB-002B,427,,,1003085,북원노인종합복지관,,https://apis.data.go.kr/B552474/OdsnCodeInquiryService2/getOdsnOrgCodeInquiryList2
PUB-002B,428,,,1004083,양주시희망노인복지관,,https://apis.data.go.kr/B552474/OdsnCodeInquiryService2/getOdsnOrgCodeInquiryList2
PUB-002B,429,,,1005,중구종합사회복지관,,https://apis.data.go.kr/B552474/OdsnCodeInquiryService2/getOdsnOrgCodeInquiryList2
PUB-002B,430,,,1005083,달성군남부노인복지관,,https://apis.data.go.kr/B552474/OdsnCodeInquiryService2/getOdsnOrgCodeInquiryList2
PUB-002B,431,,,1006,선린종합사회복지관,,https://apis.data.go.kr/B552474/OdsnCodeInquiryService2/getOdsnOrgCodeInquiryList2
PUB-002B,432,,,1006083,구립 수락노인종합복지관,,https://apis.data.go.kr/B552474/OdsnCodeInquiryService2/getOdsnOrgCodeInquiryList2
PUB-002B,433,,,1007,태안노인복지관,,https://apis.data.go.kr/B552474/OdsnCodeInquiryService2/getOdsnOrgCodeInquiryList2
PUB-002B,434,,,1007083,삼남읍행정복지센터,,https://apis.data.go.kr/B552474/OdsnCodeInquiryService2/getOdsnOrgCodeInquiryList2
PUB-002B,437,,,10083,동산노인복지센터,,https://apis.data.go.kr/B552474/OdsnCodeInquiryService2/getOdsnOrgCodeInquiryList2
PUB-002B,438,,,1009,가나안노인복지센터,,https://apis.data.go.kr/B552474/OdsnCodeInquiryService2/getOdsnOrgCodeInquiryList2
PUB-002B,439,,,1009083,서울중구시니어클럽,,https://apis.data.go.kr/B552474/OdsnCodeInquiryService2/getOdsnOrgCodeInquiryList2
PUB-002B,440,,,101,제천시노인종합복지관,,https://apis.data.go.kr/B552474/OdsnCodeInquiryService2/getOdsnOrgCodeInquiryList2
PUB-002B,441,,,1010,예닮복지재단,,https://apis.data.go.kr/B552474/OdsnCodeInquiryService2/getOdsnOrgCodeInquiryList2
PUB-002B,442,,,1010083,사단법인 아리새움,,https://apis.data.go.kr/B552474/OdsnCodeInquiryService2/getOdsnOrgCodeInquiryList2
PUB-002B,443,,,101083,광명시 치매안심센터,,https://apis.data.go.kr/B552474/OdsnCodeInquiryService2/getOdsnOrgCodeInquiryList2
PUB-002B,444,,,1011,금산기적의도서관,,https://apis.data.go.kr/B552474/OdsnCodeInquiryService2/getOdsnOrgCodeInquiryList2
PUB-002B,445,,,1011083,사단법인 우리복지,,https://apis.data.go.kr/B552474/OdsnCodeInquiryService2/getOdsnOrgCodeInquiryList2
PUB-002B,446,,,1012083,대호관광개발(주),,https://apis.data.go.kr/B552474/OdsnCodeInquiryService2/getOdsnOrgCodeInquiryList2
PUB-002B,447,,,1013083,마실생태밥상 사회적협동조합,,https://apis.data.go.kr/B552474/OdsnCodeInquiryService2/getOdsnOrgCodeInquiryList2
PUB-002B,448,,,1014,효성노인복지센터,,https://apis.data.go.kr/B552474/OdsnCodeInquiryService2/getOdsnOrgCodeInquiryList2
PUB-002B,449,,,1014083,사단법인 함께하는한숲,,https://apis.data.go.kr/B552474/OdsnCodeInquiryService2/getOdsnOrgCodeInquiryList2
PUB-002B,450,,,1015,대한노인회 대구 북구지회,,https://apis.data.go.kr/B552474/OdsnCodeInquiryService2/getOdsnOrgCodeInquiryList2
PUB-002B,451,,,1015083,안산상공회의소,,https://apis.data.go.kr/B552474/OdsnCodeInquiryService2/getOdsnOrgCodeInquiryList2
PUB-002B,452,,,1016,진원노인복지센터,,https://apis.data.go.kr/B552474/OdsnCodeInquiryService2/getOdsnOrgCodeInquiryList2
PUB-002B,453,,,1016083,사단법인 고양시새마을회,,https://apis.data.go.kr/B552474/OdsnCodeInquiryService2/getOdsnOrgCodeInquiryList2
PUB-002B,454,,,1017,송파노인복지센터,,https://apis.data.go.kr/B552474/OdsnCodeInquiryService2/getOdsnOrgCodeInquiryList2
PUB-002B,455,,,1017083,세원관리,,https://apis.data.go.kr/B552474/OdsnCodeInquiryService2/getOdsnOrgCodeInquiryList2
PUB-002B,456,,,1018,대한노인회 경기 용인시 수지구지회,,https://apis.data.go.kr/B552474/OdsnCodeInquiryService2/getOdsnOrgCodeInquiryList2
PUB-002B,457,,,1018083,주식회사 바스그린,,https://apis.data.go.kr/B552474/OdsnCodeInquiryService2/getOdsnOrgCodeInquiryList2
PUB-002B,458,,,1019,상리사회복지관,,https://apis.data.go.kr/B552474/OdsnCodeInquiryService2/getOdsnOrgCodeInquiryList2
PUB-002B,459,,,102,증평종합사회복지관,,https://apis.data.go.kr/B552474/OdsnCodeInquiryService2/getOdsnOrgCodeInquiryList2
PUB-002B,460,,,1020,대한노인회 서울 성동구지회,,https://apis.data.go.kr/B552474/OdsnCodeInquiryService2/getOdsnOrgCodeInquiryList2
PUB-002B,461,,,102083,한국여성불교연합회,,https://apis.data.go.kr/B552474/OdsnCodeInquiryService2/getOdsnOrgCodeInquiryList2
PUB-002B,462,,,1021083,휴 사회적협동조합,,https://apis.data.go.kr/B552474/OdsnCodeInquiryService2/getOdsnOrgCodeInquiryList2
PUB-002B,463,,,1022,(사)대한노인회서귀포시지회,,https://apis.data.go.kr/B552474/OdsnCodeInquiryService2/getOdsnOrgCodeInquiryList2
PUB-002B,464,,,1022083,산내종합사회복지관,,https://apis.data.go.kr/B552474/OdsnCodeInquiryService2/getOdsnOrgCodeInquiryList2
PUB-002B,465,,,1023,도울노인복지센터,,https://apis.data.go.kr/B552474/OdsnCodeInquiryService2/getOdsnOrgCodeInquiryList2
PUB-002B,466,,,1023083,금촌1동,,https://apis.data.go.kr/B552474/OdsnCodeInquiryService2/getOdsnOrgCodeInquiryList2
PUB-002B,467,,,1023084,금촌1동,,https://apis.data.go.kr/B552474/OdsnCodeInquiryService2/getOdsnOrgCodeInquiryList2
PUB-002B,468,,,1024,예은노인복지센터,,https://apis.data.go.kr/B552474/OdsnCodeInquiryService2/getOdsnOrgCodeInquiryList2
PUB-002B,469,,,1024083,합천노인통합지원센터,,https://apis.data.go.kr/B552474/OdsnCodeInquiryService2/getOdsnOrgCodeInquiryList2
PUB-002B,470,,,1025,부산광역시금정청소년수련관,,https://apis.data.go.kr/B552474/OdsnCodeInquiryService2/getOdsnOrgCodeInquiryList2
PUB-002B,471,,,1025083,비즈파트너스,,https://apis.data.go.kr/B552474/OdsnCodeInquiryService2/getOdsnOrgCodeInquiryList2
PUB-002B,472,,,1026,남광종합사회복지관,,https://apis.data.go.kr/B552474/OdsnCodeInquiryService2/getOdsnOrgCodeInquiryList2
PUB-002B,473,,,1026083,영월군가족센터,,https://apis.data.go.kr/B552474/OdsnCodeInquiryService2/getOdsnOrgCodeInquiryList2
PUB-002B,474,,,1027,진주문화원,,https://apis.data.go.kr/B552474/OdsnCodeInquiryService2/getOdsnOrgCodeInquiryList2
PUB-002B,475,,,1027083,한국자재산업(주),,https://apis.data.go.kr/B552474/OdsnCodeInquiryService2/getOdsnOrgCodeInquiryList2
PUB-002B,476,,,1028,봉두재가노인복지센터,,https://apis.data.go.kr/B552474/OdsnCodeInquiryService2/getOdsnOrgCodeInquiryList2
PUB-002B,477,,,1028083,사단법인 영월군장애인협회,,https://apis.data.go.kr/B552474/OdsnCodeInquiryService2/getOdsnOrgCodeInquiryList2
PUB-002B,478,,,1029,탕정종합사회복지관,,https://apis.data.go.kr/B552474/OdsnCodeInquiryService2/getOdsnOrgCodeInquiryList2
PUB-002B,479,,,1029083,부산도시철도운영서비스(주),,https://apis.data.go.kr/B552474/OdsnCodeInquiryService2/getOdsnOrgCodeInquiryList2
PUB-002B,480,,,103,증평삼보사회복지관,,https://apis.data.go.kr/B552474/OdsnCodeInquiryService2/getOdsnOrgCodeInquiryList2
PUB-002B,481,,,1030,용진노인복지센터,,https://apis.data.go.kr/B552474/OdsnCodeInquiryService2/getOdsnOrgCodeInquiryList2
PUB-002B,482,,,1030083,담양시니어클럽,,https://apis.data.go.kr/B552474/OdsnCodeInquiryService2/getOdsnOrgCodeInquiryList2
PUB-002B,483,,,103083,서울일자리플러스주식회사,,https://apis.data.go.kr/B552474/OdsnCodeInquiryService2/getOdsnOrgCodeInquiryList2
PUB-002B,484,,,1031083,주식회사 메타디엑스,,https://apis.data.go.kr/B552474/OdsnCodeInquiryService2/getOdsnOrgCodeInquiryList2
PUB-002B,485,,,1032,대한노인회 전북 고창군지회,,https://apis.data.go.kr/B552474/OdsnCodeInquiryService2/getOdsnOrgCodeInquiryList2
PUB-002B,486,,,1032083,주식회사 엔식품,,https://apis.data.go.kr/B552474/OdsnCodeInquiryService2/getOdsnOrgCodeInquiryList2
PUB-002B,487,,,1033,고창문화원,,https://apis.data.go.kr/B552474/OdsnCodeInquiryService2/getOdsnOrgCodeInquiryList2
PUB-002B,488,,,1033083,강원도지체장애인협회 양양군지회,,https://apis.data.go.kr/B552474/OdsnCodeInquiryService2/getOdsnOrgCodeInquiryList2
PUB-002B,489,,,1035083,사)한국지체장애인협회 강원협회 양양군지회,,https://apis.data.go.kr/B552474/OdsnCodeInquiryService2/getOdsnOrgCodeInquiryList2
PUB-002B,490,,,1036083,에스와이씨앤씨(주),,https://apis.data.go.kr/B552474/OdsnCodeInquiryService2/getOdsnOrgCodeInquiryList2
PUB-002B,491,,,1036085,사단법인 청풍위장회,,https://apis.data.go.kr/B552474/OdsnCodeInquiryService2/getOdsnOrgCodeInquiryList2
PUB-002B,492,,,1036086,장성시니어클럽,,https://apis.data.go.kr/B552474/OdsnCodeInquiryService2/getOdsnOrgCodeInquiryList2
PUB-002B,493,,,1036087,미사노인복지관,,https://apis.data.go.kr/B552474/OdsnCodeInquiryService2/getOdsnOrgCodeInquiryList2
PUB-002B,494,,,1036088,종로구보건소,,https://apis.data.go.kr/B552474/OdsnCodeInquiryService2/getOdsnOrgCodeInquiryList2
PUB-002B,495,,,1036090,영광시니어클럽(지자체),,https://apis.data.go.kr/B552474/OdsnCodeInquiryService2/getOdsnOrgCodeInquiryList2
PUB-002B,496,,,1036091,사단법인 가치잇다,,https://apis.data.go.kr/B552474/OdsnCodeInquiryService2/getOdsnOrgCodeInquiryList2
PUB-002B,497,,,1036092,연꽃노인복지센터,,https://apis.data.go.kr/B552474/OdsnCodeInquiryService2/getOdsnOrgCodeInquiryList2
PUB-002B,498,,,1036093,우리노인재가센터,,https://apis.data.go.kr/B552474/OdsnCodeInquiryService2/getOdsnOrgCodeInquiryList2
PUB-002B,499,,,1036094,가덕도동노인복지관,,https://apis.data.go.kr/B552474/OdsnCodeInquiryService2/getOdsnOrgCodeInquiryList2
PUB-002B,500,,,1036095,삼각산동주민센터,,https://apis.data.go.kr/B552474/OdsnCodeInquiryService2/getOdsnOrgCodeInquiryList2
PUB-002B,501,,,1036097,(주)씨월드,,https://apis.data.go.kr/B552474/OdsnCodeInquiryService2/getOdsnOrgCodeInquiryList2
PUB-002B,502,,,1036098,고금면사무소,,https://apis.data.go.kr/B552474/OdsnCodeInquiryService2/getOdsnOrgCodeInquiryList2
PUB-002B,503,,,1036099,주식회사 유니버셜푸드,,https://apis.data.go.kr/B552474/OdsnCodeInquiryService2/getOdsnOrgCodeInquiryList2
PUB-002B,504,,,1036101,오엠텍 주식회사,,https://apis.data.go.kr/B552474/OdsnCodeInquiryService2/getOdsnOrgCodeInquiryList2
PUB-002B,505,,,1036102,주식회사 청연,,https://apis.data.go.kr/B552474/OdsnCodeInquiryService2/getOdsnOrgCodeInquiryList2
PUB-002B,506,,,1036104,(주)신한서브,,https://apis.data.go.kr/B552474/OdsnCodeInquiryService2/getOdsnOrgCodeInquiryList2
PUB-002B,507,,,1036105,(주)지오코칭,,https://apis.data.go.kr/B552474/OdsnCodeInquiryService2/getOdsnOrgCodeInquiryList2
PUB-002B,508,,,1036107,스탭스 주식회사 부산동부센터,,https://apis.data.go.kr/B552474/OdsnCodeInquiryService2/getOdsnOrgCodeInquiryList2
PUB-002B,509,,,1036108,부천시노동자종합복지관(민간),,https://apis.data.go.kr/B552474/OdsnCodeInquiryService2/getOdsnOrgCodeInquiryList2
PUB-002B,510,,,1036110,하연 사회적협동조합,,https://apis.data.go.kr/B552474/OdsnCodeInquiryService2/getOdsnOrgCodeInquiryList2
PUB-002B,511,,,1036111,주식회사 상상우리,,https://apis.data.go.kr/B552474/OdsnCodeInquiryService2/getOdsnOrgCodeInquiryList2
PUB-002B,512,,,1036112,강북시니어클럽,,https://apis.data.go.kr/B552474/OdsnCodeInquiryService2/getOdsnOrgCodeInquiryList2
PUB-002B,513,,,1036113,문엔지니어링(주),,https://apis.data.go.kr/B552474/OdsnCodeInquiryService2/getOdsnOrgCodeInquiryList2
PUB-002B,514,,,1036117,고성시니어클럽,,https://apis.data.go.kr/B552474/OdsnCodeInquiryService2/getOdsnOrgCodeInquiryList2
PUB-002B,515,,,1036118,사단법인위니버스,,https://apis.data.go.kr/B552474/OdsnCodeInquiryService2/getOdsnOrgCodeInquiryList2
PUB-002B,516,,,1036119,대한노인회미추홀구지회 취업지원센터,,https://apis.data.go.kr/B552474/OdsnCodeInquiryService2/getOdsnOrgCodeInquiryList2
PUB-002B,517,,,1036120,미리내실버타운,,https://apis.data.go.kr/B552474/OdsnCodeInquiryService2/getOdsnOrgCodeInquiryList2
PUB-002B,518,,,1036121,(주) 동도이엔씨,,https://apis.data.go.kr/B552474/OdsnCodeInquiryService2/getOdsnOrgCodeInquiryList2
PUB-002B,519,,,1036122,메르디앙산후조리원,,https://apis.data.go.kr/B552474/OdsnCodeInquiryService2/getOdsnOrgCodeInquiryList2
PUB-002B,520,,,1036123,시흥시북부노인복지관,,https://apis.data.go.kr/B552474/OdsnCodeInquiryService2/getOdsnOrgCodeInquiryList2
PUB-002B,521,,,1036124,튤립인터내셔널(주),,https://apis.data.go.kr/B552474/OdsnCodeInquiryService2/getOdsnOrgCodeInquiryList2
PUB-002B,522,,,1036125,아현실버복지관,,https://apis.data.go.kr/B552474/OdsnCodeInquiryService2/getOdsnOrgCodeInquiryList2
PUB-002B,523,,,1036127,남양주시다산노인복지관,,https://apis.data.go.kr/B552474/OdsnCodeInquiryService2/getOdsnOrgCodeInquiryList2
PUB-002B,524,,,1036128,(주)에이치케이건축사사무소,,https://apis.data.go.kr/B552474/OdsnCodeInquiryService2/getOdsnOrgCodeInquiryList2
PUB-002B,525,,,1036129,주식회사 동인목재,,https://apis.data.go.kr/B552474/OdsnCodeInquiryService2/getOdsnOrgCodeInquiryList2
PUB-002B,526,,,1036130,서변노인복지관,,https://apis.data.go.kr/B552474/OdsnCodeInquiryService2/getOdsnOrgCodeInquiryList2
PUB-002B,527,,,1037,담양노인복지센터,,https://apis.data.go.kr/B552474/OdsnCodeInquiryService2/getOdsnOrgCodeInquiryList2
PUB-002B,528,,,1037085,주식회사 엘리오,,https://apis.data.go.kr/B552474/OdsnCodeInquiryService2/getOdsnOrgCodeInquiryList2
PUB-002B,529,,,1037086,김제지평선시니어클럽,,https://apis.data.go.kr/B552474/OdsnCodeInquiryService2/getOdsnOrgCodeInquiryList2
PUB-002B,530,,,1037087,두메푸드시스템(주),,https://apis.data.go.kr/B552474/OdsnCodeInquiryService2/getOdsnOrgCodeInquiryList2
PUB-002B,531,,,1037088,살림의료복지사회적협동조합,,https://apis.data.go.kr/B552474/OdsnCodeInquiryService2/getOdsnOrgCodeInquiryList2
PUB-002B,532,,,1037089,사단법인 현주,,https://apis.data.go.kr/B552474/OdsnCodeInquiryService2/getOdsnOrgCodeInquiryList2
PUB-002B,533,,,1037090,유앤시니어사회적협동조합,,https://apis.data.go.kr/B552474/OdsnCodeInquiryService2/getOdsnOrgCodeInquiryList2
PUB-002B,534,,,1037091,상도은빛복지관,,https://apis.data.go.kr/B552474/OdsnCodeInquiryService2/getOdsnOrgCodeInquiryList2
PUB-002B,535,,,1037093,에셀나무사회적협동조합 서부센터,,https://apis.data.go.kr/B552474/OdsnCodeInquiryService2/getOdsnOrgCodeInquiryList2
PUB-002B,536,,,1037094,기발한일자리사회적협동조합,,https://apis.data.go.kr/B552474/OdsnCodeInquiryService2/getOdsnOrgCodeInquiryList2
PUB-002B,537,,,1037095,사단법인 남원지역활력혁신센터,,https://apis.data.go.kr/B552474/OdsnCodeInquiryService2/getOdsnOrgCodeInquiryList2
PUB-002B,538,,,1037096,착한도시사회적협동조합,,https://apis.data.go.kr/B552474/OdsnCodeInquiryService2/getOdsnOrgCodeInquiryList2
PUB-002B,539,,,1037097,영중종합사회복지관,,https://apis.data.go.kr/B552474/OdsnCodeInquiryService2/getOdsnOrgCodeInquiryList2
PUB-002B,540,,,1037098,부산기장시니어클럽,,https://apis.data.go.kr/B552474/OdsnCodeInquiryService2/getOdsnOrgCodeInquiryList2
PUB-002B,541,,,1038084,예사랑노인요양원,,https://apis.data.go.kr/B552474/OdsnCodeInquiryService2/getOdsnOrgCodeInquiryList2
PUB-002B,542,,,1038085,사단법인 그루터기,,https://apis.data.go.kr/B552474/OdsnCodeInquiryService2/getOdsnOrgCodeInquiryList2
PUB-002B,543,,,1038086,월등면 행정복지센터,,https://apis.data.go.kr/B552474/OdsnCodeInquiryService2/getOdsnOrgCodeInquiryList2
PUB-002B,544,,,1038087,사회복지법인 새로나,,https://apis.data.go.kr/B552474/OdsnCodeInquiryService2/getOdsnOrgCodeInquiryList2
PUB-002B,545,,,1038089,울산광역시 제2시립노인복지관,,https://apis.data.go.kr/B552474/OdsnCodeInquiryService2/getOdsnOrgCodeInquiryList2
PUB-002B,546,,,1038091,고성시니어클럽(지자체),,https://apis.data.go.kr/B552474/OdsnCodeInquiryService2/getOdsnOrgCodeInquiryList2
PUB-002B,547,,,1039085,고금면사무소,,https://apis.data.go.kr/B552474/OdsnCodeInquiryService2/getOdsnOrgCodeInquiryList2
PUB-002B,548,,,1039086,완도군 고금면사무소,,https://apis.data.go.kr/B552474/OdsnCodeInquiryService2/getOdsnOrgCodeInquiryList2
PUB-002B,549,,,1039087,(주)등푸른식품,,https://apis.data.go.kr/B552474/OdsnCodeInquiryService2/getOdsnOrgCodeInquiryList2
PUB-002B,550,,,1039089,중랑여성인력개발센터,,https://apis.data.go.kr/B552474/OdsnCodeInquiryService2/getOdsnOrgCodeInquiryList2
PUB-002B,551,,,1039090,(주)지오코칭,,https://apis.data.go.kr/B552474/OdsnCodeInquiryService2/getOdsnOrgCodeInquiryList2
PUB-002B,552,,,1039091,(주)신한서브,,https://apis.data.go.kr/B552474/OdsnCodeInquiryService2/getOdsnOrgCodeInquiryList2
PUB-002B,553,,,1039092,(주)두원잡 진주지사,,https://apis.data.go.kr/B552474/OdsnCodeInquiryService2/getOdsnOrgCodeInquiryList2
PUB-002B,554,,,1039094,사단법인 진주YWCA,,https://apis.data.go.kr/B552474/OdsnCodeInquiryService2/getOdsnOrgCodeInquiryList2
PUB-002B,555,,,1039095,주식회사 경남취업지원센터 김해지사,,https://apis.data.go.kr/B552474/OdsnCodeInquiryService2/getOdsnOrgCodeInquiryList2
PUB-002B,556,,,1039098,(주)더다온,,https://apis.data.go.kr/B552474/OdsnCodeInquiryService2/getOdsnOrgCodeInquiryList2
PUB-002B,557,,,1039099,인지어스유한회사 김해지사,,https://apis.data.go.kr/B552474/OdsnCodeInquiryService2/getOdsnOrgCodeInquiryList2
PUB-002B,558,,,1039102,주식회사 큰울림,,https://apis.data.go.kr/B552474/OdsnCodeInquiryService2/getOdsnOrgCodeInquiryList2
PUB-002B,559,,,1039103,의료법인동춘의료재단문경제일병원,,https://apis.data.go.kr/B552474/OdsnCodeInquiryService2/getOdsnOrgCodeInquiryList2
PUB-002B,560,,,1039104,주식회사 케이마스,,https://apis.data.go.kr/B552474/OdsnCodeInquiryService2/getOdsnOrgCodeInquiryList2
PUB-002B,561,,,1039105,희망나눔시니어사회적협동조합,,https://apis.data.go.kr/B552474/OdsnCodeInquiryService2/getOdsnOrgCodeInquiryList2
PUB-002B,562,,,1039106,사회복지법인 장산복지,,https://apis.data.go.kr/B552474/OdsnCodeInquiryService2/getOdsnOrgCodeInquiryList2
PUB-002B,563,,,1039107,(재)세종일자리경제진흥원,,https://apis.data.go.kr/B552474/OdsnCodeInquiryService2/getOdsnOrgCodeInquiryList2
PUB-002B,564,,,1039109,광주시니어클럽,,https://apis.data.go.kr/B552474/OdsnCodeInquiryService2/getOdsnOrgCodeInquiryList2
PUB-002B,565,,,1039110,사단법인벤처기업협회 제주지회,,https://apis.data.go.kr/B552474/OdsnCodeInquiryService2/getOdsnOrgCodeInquiryList2
PUB-002B,566,,,1039111,(대구)해피케어,,https://apis.data.go.kr/B552474/OdsnCodeInquiryService2/getOdsnOrgCodeInquiryList2
PUB-002B,567,,,1039112,퍼스트인잡(주)서울북부지사,,https://apis.data.go.kr/B552474/OdsnCodeInquiryService2/getOdsnOrgCodeInquiryList2
PUB-002B,568,,,1039113,충주문화시니어클럽,,https://apis.data.go.kr/B552474/OdsnCodeInquiryService2/getOdsnOrgCodeInquiryList2
PUB-002B,569,,,1039114,(주)테크원,,https://apis.data.go.kr/B552474/OdsnCodeInquiryService2/getOdsnOrgCodeInquiryList2
PUB-002B,570,,,1039115,일모아 사회적협동조합,,https://apis.data.go.kr/B552474/OdsnCodeInquiryService2/getOdsnOrgCodeInquiryList2
PUB-002B,571,,,1039116,(주)아주르852,,https://apis.data.go.kr/B552474/OdsnCodeInquiryService2/getOdsnOrgCodeInquiryList2
PUB-002B,572,,,1039119,사단법인 고창군자원봉사센터,,https://apis.data.go.kr/B552474/OdsnCodeInquiryService2/getOdsnOrgCodeInquiryList2
PUB-002B,573,,,1039121,에쓰푸드(주),,https://apis.data.go.kr/B552474/OdsnCodeInquiryService2/getOdsnOrgCodeInquiryList2
PUB-002B,574,,,1039122,(주)에스.씨.엠,,https://apis.data.go.kr/B552474/OdsnCodeInquiryService2/getOdsnOrgCodeInquiryList2
PUB-002B,575,,,1039123,(주)케이에스조경,,https://apis.data.go.kr/B552474/OdsnCodeInquiryService2/getOdsnOrgCodeInquiryList2
PUB-002B,576,,,1039124,성도하이텍,,https://apis.data.go.kr/B552474/OdsnCodeInquiryService2/getOdsnOrgCodeInquiryList2
PUB-002B,577,,,1039125,에스에이엘,,https://apis.data.go.kr/B552474/OdsnCodeInquiryService2/getOdsnOrgCodeInquiryList2
PUB-002B,578,,,1039126,주식회사 세흥에스피,,https://apis.data.go.kr/B552474/OdsnCodeInquiryService2/getOdsnOrgCodeInquiryList2
PUB-002B,579,,,1039127,(주)한국소방기구제작소,,https://apis.data.go.kr/B552474/OdsnCodeInquiryService2/getOdsnOrgCodeInquiryList2
PUB-002B,580,,,1039128,미리내실버타운,,https://apis.data.go.kr/B552474/OdsnCodeInquiryService2/getOdsnOrgCodeInquiryList2
PUB-002B,581,,,1039130,에듀툴킷디자인연구소,,https://apis.data.go.kr/B552474/OdsnCodeInquiryService2/getOdsnOrgCodeInquiryList2
PUB-002B,582,,,1039131,주식회사 천우,,https://apis.data.go.kr/B552474/OdsnCodeInquiryService2/getOdsnOrgCodeInquiryList2
PUB-002B,583,,,1039132,영월효문화원,,https://apis.data.go.kr/B552474/OdsnCodeInquiryService2/getOdsnOrgCodeInquiryList2
PUB-002B,584,,,1039133,(주) 유원건축사무소,,https://apis.data.go.kr/B552474/OdsnCodeInquiryService2/getOdsnOrgCodeInquiryList2
PUB-002B,585,,,1039134,닥터애그(주),,https://apis.data.go.kr/B552474/OdsnCodeInquiryService2/getOdsnOrgCodeInquiryList2
PUB-002B,586,,,1039135,주식회사성보기업,,https://apis.data.go.kr/B552474/OdsnCodeInquiryService2/getOdsnOrgCodeInquiryList2
PUB-002B,587,,,1039136,제천시실버복지관,,https://apis.data.go.kr/B552474/OdsnCodeInquiryService2/getOdsnOrgCodeInquiryList2
PUB-002B,588,,,1039137,주식회사 맘편한세상,,https://apis.data.go.kr/B552474/OdsnCodeInquiryService2/getOdsnOrgCodeInquiryList2
PUB-002B,589,,,1039138,크레텍책임(주),,https://apis.data.go.kr/B552474/OdsnCodeInquiryService2/getOdsnOrgCodeInquiryList2
PUB-002B,590,,,1039139,합천댐노인복지관,,https://apis.data.go.kr/B552474/OdsnCodeInquiryService2/getOdsnOrgCodeInquiryList2
PUB-002B,591,,,1039140,우리실버대학,,https://apis.data.go.kr/B552474/OdsnCodeInquiryService2/getOdsnOrgCodeInquiryList2
PUB-002B,592,,,1039141,주식회사 휴텍이앤이,,https://apis.data.go.kr/B552474/OdsnCodeInquiryService2/getOdsnOrgCodeInquiryList2
PUB-002B,593,,,1039142,양평시니어클럽,,https://apis.data.go.kr/B552474/OdsnCodeInquiryService2/getOdsnOrgCodeInquiryList2
PUB-002B,594,,,104,진천군노인복지관,,https://apis.data.go.kr/B552474/OdsnCodeInquiryService2/getOdsnOrgCodeInquiryList2
PUB-002B,595,,,1040084,주식회사 영아리환경기술,,https://apis.data.go.kr/B552474/OdsnCodeInquiryService2/getOdsnOrgCodeInquiryList2
PUB-002B,596,,,1040085,갈마노인복지관,,https://apis.data.go.kr/B552474/OdsnCodeInquiryService2/getOdsnOrgCodeInquiryList2
PUB-002B,597,,,1040087,한국시니어클럽협회(직속),,https://apis.data.go.kr/B552474/OdsnCodeInquiryService2/getOdsnOrgCodeInquiryList2
PUB-002B,598,,,1040089,(주)대신능력개발취업센터,,https://apis.data.go.kr/B552474/OdsnCodeInquiryService2/getOdsnOrgCodeInquiryList2
PUB-002B,599,,,1040090,한국기술사업화진흥협회 기술품질연구센터,,https://apis.data.go.kr/B552474/OdsnCodeInquiryService2/getOdsnOrgCodeInquiryList2
PUB-002B,600,,,1040092,포천시니어클럽,,https://apis.data.go.kr/B552474/OdsnCodeInquiryService2/getOdsnOrgCodeInquiryList2
PUB-002B,601,,,1040093,주식회사 서진푸드,,https://apis.data.go.kr/B552474/OdsnCodeInquiryService2/getOdsnOrgCodeInquiryList2
PUB-002B,602,,,1040094,(주)케이씨엠엔지니어링,,https://apis.data.go.kr/B552474/OdsnCodeInquiryService2/getOdsnOrgCodeInquiryList2
PUB-002B,603,,,1040095,삼정비알,,https://apis.data.go.kr/B552474/OdsnCodeInquiryService2/getOdsnOrgCodeInquiryList2
PUB-002B,604,,,1040096,사단법인에스이엘안전기술원,,https://apis.data.go.kr/B552474/OdsnCodeInquiryService2/getOdsnOrgCodeInquiryList2
PUB-002B,605,,,1040097,(주)선한푸드앤컬처,,https://apis.data.go.kr/B552474/OdsnCodeInquiryService2/getOdsnOrgCodeInquiryList2
PUB-002B,606,,,1040098,김포시하천살리기추진단,,https://apis.data.go.kr/B552474/OdsnCodeInquiryService2/getOdsnOrgCodeInquiryList2
PUB-002B,607,,,1040099,주식회사 동성산업,,https://apis.data.go.kr/B552474/OdsnCodeInquiryService2/getOdsnOrgCodeInquiryList2
PUB-002B,608,,,104083,(사)한국여성불교연합회,,https://apis.data.go.kr/B552474/OdsnCodeInquiryService2/getOdsnOrgCodeInquiryList2
PUB-002B,609,,,1041084,다도해 상서명품마을 완복 협동조합,,https://apis.data.go.kr/B552474/OdsnCodeInquiryService2/getOdsnOrgCodeInquiryList2
PUB-002B,610,,,1041086,케이잡스 주식회사,,https://apis.data.go.kr/B552474/OdsnCodeInquiryService2/getOdsnOrgCodeInquiryList2
PUB-002B,611,,,1041087,주식회사 에스테이트,,https://apis.data.go.kr/B552474/OdsnCodeInquiryService2/getOdsnOrgCodeInquiryList2
PUB-002B,612,,,1042,대한노인회 경기 광주시지회,,https://apis.data.go.kr/B552474/OdsnCodeInquiryService2/getOdsnOrgCodeInquiryList2
PUB-002B,613,,,1042084,대영전자(주),,https://apis.data.go.kr/B552474/OdsnCodeInquiryService2/getOdsnOrgCodeInquiryList2
PUB-002B,614,,,1042085,하네뜨,,https://apis.data.go.kr/B552474/OdsnCodeInquiryService2/getOdsnOrgCodeInquiryList2
PUB-002B,615,,,1042087,주식회사 제이케이글로벌,,https://apis.data.go.kr/B552474/OdsnCodeInquiryService2/getOdsnOrgCodeInquiryList2
PUB-002B,616,,,1042088,소풍노인복지센터,,https://apis.data.go.kr/B552474/OdsnCodeInquiryService2/getOdsnOrgCodeInquiryList2
PUB-002B,617,,,1042089,주식회사 닥터서플라이,,https://apis.data.go.kr/B552474/OdsnCodeInquiryService2/getOdsnOrgCodeInquiryList2
PUB-002B,618,,,1042090,(주)월드케미칼,,https://apis.data.go.kr/B552474/OdsnCodeInquiryService2/getOdsnOrgCodeInquiryList2
PUB-002B,619,,,1042091,(주)종합건축사사무소근정,,https://apis.data.go.kr/B552474/OdsnCodeInquiryService2/getOdsnOrgCodeInquiryList2
PUB-002B,620,,,1042092,(주)에코맘의산골이유식 농업회사법인,,https://apis.data.go.kr/B552474/OdsnCodeInquiryService2/getOdsnOrgCodeInquiryList2
PUB-002B,621,,,1042093,김포도시관리공사,,https://apis.data.go.kr/B552474/OdsnCodeInquiryService2/getOdsnOrgCodeInquiryList2
PUB-002B,622,,,1042094,(의)나사렛의료재단 나사렛국제병원,,https://apis.data.go.kr/B552474/OdsnCodeInquiryService2/getOdsnOrgCodeInquiryList2
PUB-002B,623,,,1042096,동양프론테크(주),,https://apis.data.go.kr/B552474/OdsnCodeInquiryService2/getOdsnOrgCodeInquiryList2
PUB-002B,624,,,1042097,(주)하늘사랑,,https://apis.data.go.kr/B552474/OdsnCodeInquiryService2/getOdsnOrgCodeInquiryList2
PUB-002B,625,,,1042098,(주)메이크인(시범),,https://apis.data.go.kr/B552474/OdsnCodeInquiryService2/getOdsnOrgCodeInquiryList2
PUB-002B,626,,,1042100,주식회사 상상우리(시범),,https://apis.data.go.kr/B552474/OdsnCodeInquiryService2/getOdsnOrgCodeInquiryList2
PUB-002B,627,,,1043097,(주)강산이앤씨,,https://apis.data.go.kr/B552474/OdsnCodeInquiryService2/getOdsnOrgCodeInquiryList2
PUB-002B,628,,,1044,구미종합사회복지관,,https://apis.data.go.kr/B552474/OdsnCodeInquiryService2/getOdsnOrgCodeInquiryList2
PUB-002B,629,,,1044097,전진산업 주식회사,,https://apis.data.go.kr/B552474/OdsnCodeInquiryService2/getOdsnOrgCodeInquiryList2
PUB-002B,630,,,1044098,(주)한양에코텍,,https://apis.data.go.kr/B552474/OdsnCodeInquiryService2/getOdsnOrgCodeInquiryList2
PUB-002B,631,,,1044101,삼보오토 주식회사,,https://apis.data.go.kr/B552474/OdsnCodeInquiryService2/getOdsnOrgCodeInquiryList2
PUB-002B,632,,,1044103,해동무역(주),,https://apis.data.go.kr/B552474/OdsnCodeInquiryService2/getOdsnOrgCodeInquiryList2
PUB-002B,633,,,1044104,(주)정림씨엠건축사사무소,,https://apis.data.go.kr/B552474/OdsnCodeInquiryService2/getOdsnOrgCodeInquiryList2
PUB-002B,634,,,1044105,주식회사 부일에스티,,https://apis.data.go.kr/B552474/OdsnCodeInquiryService2/getOdsnOrgCodeInquiryList2
PUB-002B,635,,,1044106,주식회사 창명건설,,https://apis.data.go.kr/B552474/OdsnCodeInquiryService2/getOdsnOrgCodeInquiryList2
PUB-002B,636,,,1044107,주식회사 대일이앤씨,,https://apis.data.go.kr/B552474/OdsnCodeInquiryService2/getOdsnOrgCodeInquiryList2
PUB-002B,637,,,1044108,사회복지법인 광애원,,https://apis.data.go.kr/B552474/OdsnCodeInquiryService2/getOdsnOrgCodeInquiryList2
PUB-002B,638,,,1044109,주식회사 케어닥,,https://apis.data.go.kr/B552474/OdsnCodeInquiryService2/getOdsnOrgCodeInquiryList2
PUB-002B,639,,,1044110,주식회사 휴브리스,,https://apis.data.go.kr/B552474/OdsnCodeInquiryService2/getOdsnOrgCodeInquiryList2
PUB-002B,640,,,1044111,하연 사회적협동조합(민간보조),,https://apis.data.go.kr/B552474/OdsnCodeInquiryService2/getOdsnOrgCodeInquiryList2
PUB-002B,641,,,1044112,법동종합사회복지관,,https://apis.data.go.kr/B552474/OdsnCodeInquiryService2/getOdsnOrgCodeInquiryList2
PUB-002B,642,,,1044113,법동종합사회복지관,,https://apis.data.go.kr/B552474/OdsnCodeInquiryService2/getOdsnOrgCodeInquiryList2
PUB-002B,643,,,1044114,덕천종합사회복지관,,https://apis.data.go.kr/B552474/OdsnCodeInquiryService2/getOdsnOrgCodeInquiryList2
PUB-002B,644,,,1044115,동산노인복지센터,,https://apis.data.go.kr/B552474/OdsnCodeInquiryService2/getOdsnOrgCodeInquiryList2
PUB-002B,645,,,1044116,월배노인종합복지관,,https://apis.data.go.kr/B552474/OdsnCodeInquiryService2/getOdsnOrgCodeInquiryList2
PUB-002B,646,,,1044117,월배노인종합복지관,,https://apis.data.go.kr/B552474/OdsnCodeInquiryService2/getOdsnOrgCodeInquiryList2
PUB-002B,647,,,1044118,노암복지회,,https://apis.data.go.kr/B552474/OdsnCodeInquiryService2/getOdsnOrgCodeInquiryList2
PUB-002B,648,,,1044119,운정다누림노인복지관,,https://apis.data.go.kr/B552474/OdsnCodeInquiryService2/getOdsnOrgCodeInquiryList2
PUB-002B,649,,,1044123,하나복지재가센터,,https://apis.data.go.kr/B552474/OdsnCodeInquiryService2/getOdsnOrgCodeInquiryList2
PUB-002B,650,,,1044124,무장애북구만들기시민운동본부,,https://apis.data.go.kr/B552474/OdsnCodeInquiryService2/getOdsnOrgCodeInquiryList2
PUB-002B,651,,,1044125,새만금시니어클럽(사용불가),,https://apis.data.go.kr/B552474/OdsnCodeInquiryService2/getOdsnOrgCodeInquiryList2
PUB-002B,652,,,1044126,문정노인종합복지관,,https://apis.data.go.kr/B552474/OdsnCodeInquiryService2/getOdsnOrgCodeInquiryList2
PUB-002B,653,,,1044128,새만금시니어클럽,,https://apis.data.go.kr/B552474/OdsnCodeInquiryService2/getOdsnOrgCodeInquiryList2
PUB-002B,654,,,1044129,한국기업농기계주식회사,,https://apis.data.go.kr/B552474/OdsnCodeInquiryService2/getOdsnOrgCodeInquiryList2
PUB-002B,655,,,1044130,상록시니어클럽,,https://apis.data.go.kr/B552474/OdsnCodeInquiryService2/getOdsnOrgCodeInquiryList2
PUB-002B,656,,,1044131,비산노인종합복지관(일자리),,https://apis.data.go.kr/B552474/OdsnCodeInquiryService2/getOdsnOrgCodeInquiryList2
PUB-002B,657,,,1044132,사단법인 노인생활과학연구소,,https://apis.data.go.kr/B552474/OdsnCodeInquiryService2/getOdsnOrgCodeInquiryList2
PUB-002B,658,,,1044133,연제구연산종합사회복지관,,https://apis.data.go.kr/B552474/OdsnCodeInquiryService2/getOdsnOrgCodeInquiryList2
PUB-002B,659,,,1044134,사회복지법인 장수군사회복지협의회,,https://apis.data.go.kr/B552474/OdsnCodeInquiryService2/getOdsnOrgCodeInquiryList2
PUB-002B,660,,,1044135,김제상공회의소,,https://apis.data.go.kr/B552474/OdsnCodeInquiryService2/getOdsnOrgCodeInquiryList2
PUB-002B,661,,,1044136,주식회사 아이피시 관악지사,,https://apis.data.go.kr/B552474/OdsnCodeInquiryService2/getOdsnOrgCodeInquiryList2
PUB-002B,662,,,1044137,송악사회복지관,,https://apis.data.go.kr/B552474/OdsnCodeInquiryService2/getOdsnOrgCodeInquiryList2
PUB-002B,663,,,1044138,송악사회복지관,,https://apis.data.go.kr/B552474/OdsnCodeInquiryService2/getOdsnOrgCodeInquiryList2
PUB-002B,664,,,1044141,시니어신문네트워크,,https://apis.data.go.kr/B552474/OdsnCodeInquiryService2/getOdsnOrgCodeInquiryList2
PUB-002B,665,,,1044142,(주)라온엔지니어링건축사사무소,,https://apis.data.go.kr/B552474/OdsnCodeInquiryService2/getOdsnOrgCodeInquiryList2
PUB-002B,666,,,1044143,주식회사 지성,,https://apis.data.go.kr/B552474/OdsnCodeInquiryService2/getOdsnOrgCodeInquiryList2
PUB-002B,667,,,1044144,주식회사 시원산업개발,,https://apis.data.go.kr/B552474/OdsnCodeInquiryService2/getOdsnOrgCodeInquiryList2
PUB-002B,668,,,1044146,(사)대한양궁협회,,https://apis.data.go.kr/B552474/OdsnCodeInquiryService2/getOdsnOrgCodeInquiryList2
PUB-002B,669,,,1044147,주식회사중앙목재,,https://apis.data.go.kr/B552474/OdsnCodeInquiryService2/getOdsnOrgCodeInquiryList2
PUB-002B,670,,,1044148,부산기장시니어클럽,,https://apis.data.go.kr/B552474/OdsnCodeInquiryService2/getOdsnOrgCodeInquiryList2
PUB-002B,671,,,1044149,도시철도협동조합(광진구),,https://apis.data.go.kr/B552474/OdsnCodeInquiryService2/getOdsnOrgCodeInquiryList2
PUB-002B,672,,,1044150,시니어신문네트워크(수행기관),,https://apis.data.go.kr/B552474/OdsnCodeInquiryService2/getOdsnOrgCodeInquiryList2
PUB-002B,673,,,1044151,일과복지사회적협동조합,,https://apis.data.go.kr/B552474/OdsnCodeInquiryService2/getOdsnOrgCodeInquiryList2
PUB-002B,674,,,1044152,할로마켓 두번째 봄 사회적협동조합,,https://apis.data.go.kr/B552474/OdsnCodeInquiryService2/getOdsnOrgCodeInquiryList2
PUB-002B,675,,,1044153,주식회사 로볼루션,,https://apis.data.go.kr/B552474/OdsnCodeInquiryService2/getOdsnOrgCodeInquiryList2
PUB-002B,676,,,1045,순천문화원,,https://apis.data.go.kr/B552474/OdsnCodeInquiryService2/getOdsnOrgCodeInquiryList2
PUB-002B,677,,,1045097,주식회사 악티보,,https://apis.data.go.kr/B552474/OdsnCodeInquiryService2/getOdsnOrgCodeInquiryList2
PUB-002B,678,,,1045098,주식회사 기조,,https://apis.data.go.kr/B552474/OdsnCodeInquiryService2/getOdsnOrgCodeInquiryList2
PUB-002B,679,,,1045100,프린스페이퍼(주),,https://apis.data.go.kr/B552474/OdsnCodeInquiryService2/getOdsnOrgCodeInquiryList2
PUB-002B,680,,,1045101,주식회사 티와이,,https://apis.data.go.kr/B552474/OdsnCodeInquiryService2/getOdsnOrgCodeInquiryList2
PUB-002B,681,,,1045102,(주)한국클래드텍,,https://apis.data.go.kr/B552474/OdsnCodeInquiryService2/getOdsnOrgCodeInquiryList2
PUB-002B,682,,,1045103,도시철도협동조합,,https://apis.data.go.kr/B552474/OdsnCodeInquiryService2/getOdsnOrgCodeInquiryList2
PUB-002B,683,,,1045104,(주)제이컴인터내셔널,,https://apis.data.go.kr/B552474/OdsnCodeInquiryService2/getOdsnOrgCodeInquiryList2
PUB-002B,684,,,1045105,복을만드는사람들 주식회사 농업회사법인,,https://apis.data.go.kr/B552474/OdsnCodeInquiryService2/getOdsnOrgCodeInquiryList2
PUB-002B,685,,,1045106,(주)일진,,https://apis.data.go.kr/B552474/OdsnCodeInquiryService2/getOdsnOrgCodeInquiryList2
PUB-002B,686,,,1045108,비산노인종합복지관,,https://apis.data.go.kr/B552474/OdsnCodeInquiryService2/getOdsnOrgCodeInquiryList2
PUB-002B,687,,,1046,서산석림사회복지관,,https://apis.data.go.kr/B552474/OdsnCodeInquiryService2/getOdsnOrgCodeInquiryList2
PUB-002B,688,,,1046097,사회적협동조합 정성그린,,https://apis.data.go.kr/B552474/OdsnCodeInquiryService2/getOdsnOrgCodeInquiryList2
PUB-002B,689,,,1046098,동백꽃노인종합복지관,,https://apis.data.go.kr/B552474/OdsnCodeInquiryService2/getOdsnOrgCodeInquiryList2
PUB-002B,690,,,1046099,시화마을사회적협동조합,,https://apis.data.go.kr/B552474/OdsnCodeInquiryService2/getOdsnOrgCodeInquiryList2
PUB-002B,691,,,1046100,미래고용혁신센터,,https://apis.data.go.kr/B552474/OdsnCodeInquiryService2/getOdsnOrgCodeInquiryList2
PUB-002B,692,,,1046101,노인복지센터다올,,https://apis.data.go.kr/B552474/OdsnCodeInquiryService2/getOdsnOrgCodeInquiryList2
PUB-002B,693,,,1046102,국제노인복지센터,,https://apis.data.go.kr/B552474/OdsnCodeInquiryService2/getOdsnOrgCodeInquiryList2
PUB-002B,694,,,1047,(사)거제YWCA,,https://apis.data.go.kr/B552474/OdsnCodeInquiryService2/getOdsnOrgCodeInquiryList2
PUB-002B,695,,,1047097,반딧불사회적협동조합,,https://apis.data.go.kr/B552474/OdsnCodeInquiryService2/getOdsnOrgCodeInquiryList2
PUB-002B,696,,,1047098,재단법인 중랑문화재단,,https://apis.data.go.kr/B552474/OdsnCodeInquiryService2/getOdsnOrgCodeInquiryList2
PUB-002B,697,,,1047099,사회복지법인 행복상회,,https://apis.data.go.kr/B552474/OdsnCodeInquiryService2/getOdsnOrgCodeInquiryList2
PUB-002B,698,,,1047100,망우본동주민센터,,https://apis.data.go.kr/B552474/OdsnCodeInquiryService2/getOdsnOrgCodeInquiryList2
PUB-002B,699,,,1047101,강원의료복지사회적협동조합,,https://apis.data.go.kr/B552474/OdsnCodeInquiryService2/getOdsnOrgCodeInquiryList2
PUB-002B,700,,,1047102,성북50플러스센터,,https://apis.data.go.kr/B552474/OdsnCodeInquiryService2/getOdsnOrgCodeInquiryList2
PUB-002B,701,,,1047103,새노인운동본부,,https://apis.data.go.kr/B552474/OdsnCodeInquiryService2/getOdsnOrgCodeInquiryList2
PUB-002B,702,,,1047104,월곡종합사회복지관,,https://apis.data.go.kr/B552474/OdsnCodeInquiryService2/getOdsnOrgCodeInquiryList2
PUB-002B,703,,,1047105,사회복지법인무주군사회복지협의회,,https://apis.data.go.kr/B552474/OdsnCodeInquiryService2/getOdsnOrgCodeInquiryList2
PUB-002B,704,,,1047106,남구장애인복지관,,https://apis.data.go.kr/B552474/OdsnCodeInquiryService2/getOdsnOrgCodeInquiryList2
PUB-002B,705,,,1047107,중랑구청,,https://apis.data.go.kr/B552474/OdsnCodeInquiryService2/getOdsnOrgCodeInquiryList2
PUB-002B,706,,,1047108,양주예쓰병원,,https://apis.data.go.kr/B552474/OdsnCodeInquiryService2/getOdsnOrgCodeInquiryList2
PUB-002B,707,,,1047109,주식회사 아이피시 관악지사,,https://apis.data.go.kr/B552474/OdsnCodeInquiryService2/getOdsnOrgCodeInquiryList2
PUB-002B,708,,,1047110,휴먼커리어네트워크센터,,https://apis.data.go.kr/B552474/OdsnCodeInquiryService2/getOdsnOrgCodeInquiryList2
PUB-002B,709,,,1047111,새만금시니어클럽(민간),,https://apis.data.go.kr/B552474/OdsnCodeInquiryService2/getOdsnOrgCodeInquiryList2
PUB-002B,710,,,1047112,김제지평선시니어클럽(민간),,https://apis.data.go.kr/B552474/OdsnCodeInquiryService2/getOdsnOrgCodeInquiryList2
PUB-002B,711,,,1047113,부산사상시니어클럽(민간),,https://apis.data.go.kr/B552474/OdsnCodeInquiryService2/getOdsnOrgCodeInquiryList2
PUB-002B,712,,,1047115,울산북구시니어클럽(민간),,https://apis.data.go.kr/B552474/OdsnCodeInquiryService2/getOdsnOrgCodeInquiryList2
PUB-002B,713,,,1047116,동두천시니어클럽,,https://apis.data.go.kr/B552474/OdsnCodeInquiryService2/getOdsnOrgCodeInquiryList2
PUB-002B,714,,,1047117,The Bank 신한동우회,,https://apis.data.go.kr/B552474/OdsnCodeInquiryService2/getOdsnOrgCodeInquiryList2
PUB-002B,715,,,1047118,서브온 주식회사,,https://apis.data.go.kr/B552474/OdsnCodeInquiryService2/getOdsnOrgCodeInquiryList2
PUB-002B,716,,,1047119,남구노인복지관,,https://apis.data.go.kr/B552474/OdsnCodeInquiryService2/getOdsnOrgCodeInquiryList2
PUB-002B,717,,,1047122,주식회사 서브업,,https://apis.data.go.kr/B552474/OdsnCodeInquiryService2/getOdsnOrgCodeInquiryList2
PUB-002B,718,,,1047123,건국노인주간보호센터,,https://apis.data.go.kr/B552474/OdsnCodeInquiryService2/getOdsnOrgCodeInquiryList2
PUB-002B,719,,,1047124,(주)한신코리아,,https://apis.data.go.kr/B552474/OdsnCodeInquiryService2/getOdsnOrgCodeInquiryList2
PUB-002B,720,,,1047125,주식회사 더굿,,https://apis.data.go.kr/B552474/OdsnCodeInquiryService2/getOdsnOrgCodeInquiryList2
PUB-002B,721,,,1048,하남시종합사회복지관,,https://apis.data.go.kr/B552474/OdsnCodeInquiryService2/getOdsnOrgCodeInquiryList2
PUB-002B,722,,,1048097,휘경이문누리종합사회복지관,,https://apis.data.go.kr/B552474/OdsnCodeInquiryService2/getOdsnOrgCodeInquiryList2
PUB-002B,723,,,1048098,강서구립마곡어르신복지관,,https://apis.data.go.kr/B552474/OdsnCodeInquiryService2/getOdsnOrgCodeInquiryList2
PUB-002B,724,,,1048099,세아유니온,,https://apis.data.go.kr/B552474/OdsnCodeInquiryService2/getOdsnOrgCodeInquiryList2
PUB-002B,725,,,1048100,의료법인 덕산의료재단,,https://apis.data.go.kr/B552474/OdsnCodeInquiryService2/getOdsnOrgCodeInquiryList2
PUB-002B,726,,,1048101,(주)그린플러스,,https://apis.data.go.kr/B552474/OdsnCodeInquiryService2/getOdsnOrgCodeInquiryList2
PUB-002B,727,,,1048103,(주)가온케스텍,,https://apis.data.go.kr/B552474/OdsnCodeInquiryService2/getOdsnOrgCodeInquiryList2
PUB-002B,728,,,1049097,(주)진하엔지니어링,,https://apis.data.go.kr/B552474/OdsnCodeInquiryService2/getOdsnOrgCodeInquiryList2
PUB-002B,729,,,1049098,중앙아스콘(주),,https://apis.data.go.kr/B552474/OdsnCodeInquiryService2/getOdsnOrgCodeInquiryList2
PUB-002B,730,,,1049100,수일통상(주),,https://apis.data.go.kr/B552474/OdsnCodeInquiryService2/getOdsnOrgCodeInquiryList2
PUB-002B,731,,,1049101,(주)엠씨하이텍,,https://apis.data.go.kr/B552474/OdsnCodeInquiryService2/getOdsnOrgCodeInquiryList2
PUB-002B,732,,,1049102,주식회사 레일온,,https://apis.data.go.kr/B552474/OdsnCodeInquiryService2/getOdsnOrgCodeInquiryList2
PUB-002B,733,,,1049103,한국금융안전(주),,https://apis.data.go.kr/B552474/OdsnCodeInquiryService2/getOdsnOrgCodeInquiryList2
PUB-002B,734,,,1049104,주식회사 티비산업,,https://apis.data.go.kr/B552474/OdsnCodeInquiryService2/getOdsnOrgCodeInquiryList2
PUB-002B,735,,,1049105,(주)대창식품,,https://apis.data.go.kr/B552474/OdsnCodeInquiryService2/getOdsnOrgCodeInquiryList2
PUB-002B,736,,,1049106,(주)다담엔지니어링,,https://apis.data.go.kr/B552474/OdsnCodeInquiryService2/getOdsnOrgCodeInquiryList2
PUB-002B,737,,,1049107,제주느영나영시니어클럽(청주),,https://apis.data.go.kr/B552474/OdsnCodeInquiryService2/getOdsnOrgCodeInquiryList2
PUB-002B,738,,,1049108,경기도노인일자리지원센터,,https://apis.data.go.kr/B552474/OdsnCodeInquiryService2/getOdsnOrgCodeInquiryList2
PUB-002B,739,,,105,청주시노인종합복지관,,https://apis.data.go.kr/B552474/OdsnCodeInquiryService2/getOdsnOrgCodeInquiryList2
PUB-002B,740,,,1050,이서노인복지센터,,https://apis.data.go.kr/B552474/OdsnCodeInquiryService2/getOdsnOrgCodeInquiryList2
PUB-002B,741,,,1050097,금정엔지니어링(주),,https://apis.data.go.kr/B552474/OdsnCodeInquiryService2/getOdsnOrgCodeInquiryList2
PUB-002B,742,,,1050099,미추홀시니어클럽(중구),,https://apis.data.go.kr/B552474/OdsnCodeInquiryService2/getOdsnOrgCodeInquiryList2
PUB-002B,743,,,1050101,울산북구시니어클럽(중구),,https://apis.data.go.kr/B552474/OdsnCodeInquiryService2/getOdsnOrgCodeInquiryList2
PUB-002B,744,,,1050103,제주시니어클럽(중구),,https://apis.data.go.kr/B552474/OdsnCodeInquiryService2/getOdsnOrgCodeInquiryList2
PUB-002B,745,,,1050104,칠갑농산 주식회사,,https://apis.data.go.kr/B552474/OdsnCodeInquiryService2/getOdsnOrgCodeInquiryList2
PUB-002B,746,,,1050105,(주)나이스에너지엔지니어링,,https://apis.data.go.kr/B552474/OdsnCodeInquiryService2/getOdsnOrgCodeInquiryList2
PUB-002B,747,,,1050106,주식회사 전한,,https://apis.data.go.kr/B552474/OdsnCodeInquiryService2/getOdsnOrgCodeInquiryList2
PUB-002B,748,,,1050107,신선대감만터미널주식회사,,https://apis.data.go.kr/B552474/OdsnCodeInquiryService2/getOdsnOrgCodeInquiryList2
PUB-002B,749,,,1050108,미래테크 주식회사,,https://apis.data.go.kr/B552474/OdsnCodeInquiryService2/getOdsnOrgCodeInquiryList2
PUB-002B,750,,,1050111,주식회사 경신정밀,,https://apis.data.go.kr/B552474/OdsnCodeInquiryService2/getOdsnOrgCodeInquiryList2
PUB-002B,751,,,1050112,용산시니어클럽,,https://apis.data.go.kr/B552474/OdsnCodeInquiryService2/getOdsnOrgCodeInquiryList2
PUB-002B,752,,,1050113,(주)푸른샘,,https://apis.data.go.kr/B552474/OdsnCodeInquiryService2/getOdsnOrgCodeInquiryList2
PUB-002B,753,,,1050114,경기도노인일자리지원센터,,https://apis.data.go.kr/B552474/OdsnCodeInquiryService2/getOdsnOrgCodeInquiryList2
PUB-002B,754,,,1050115,한서실업(주),,https://apis.data.go.kr/B552474/OdsnCodeInquiryService2/getOdsnOrgCodeInquiryList2
PUB-002B,755,,,105083,사단법인 삼성희망네트워크,,https://apis.data.go.kr/B552474/OdsnCodeInquiryService2/getOdsnOrgCodeInquiryList2
PUB-002B,756,,,1051,서산문화원,,https://apis.data.go.kr/B552474/OdsnCodeInquiryService2/getOdsnOrgCodeInquiryList2
PUB-002B,757,,,1051097,모든툴앤핏,,https://apis.data.go.kr/B552474/OdsnCodeInquiryService2/getOdsnOrgCodeInquiryList2
PUB-002B,758,,,1052,명지노인복지센터,,https://apis.data.go.kr/B552474/OdsnCodeInquiryService2/getOdsnOrgCodeInquiryList2
PUB-002B,759,,,1052097,모든툴앤핏,,https://apis.data.go.kr/B552474/OdsnCodeInquiryService2/getOdsnOrgCodeInquiryList2
PUB-002B,760,,,1053,가양7종합사회복지관,,https://apis.data.go.kr/B552474/OdsnCodeInquiryService2/getOdsnOrgCodeInquiryList2
PUB-002B,761,,,1053097,(주)모아이앤씨,,https://apis.data.go.kr/B552474/OdsnCodeInquiryService2/getOdsnOrgCodeInquiryList2
PUB-002B,762,,,1053098,동해기계(주),,https://apis.data.go.kr/B552474/OdsnCodeInquiryService2/getOdsnOrgCodeInquiryList2
PUB-002B,763,,,1053099,(주)화성정기,,https://apis.data.go.kr/B552474/OdsnCodeInquiryService2/getOdsnOrgCodeInquiryList2
PUB-002B,764,,,1053100,(주)현대화섬,,https://apis.data.go.kr/B552474/OdsnCodeInquiryService2/getOdsnOrgCodeInquiryList2
PUB-002B,765,,,1054,운주노인복지센터,,https://apis.data.go.kr/B552474/OdsnCodeInquiryService2/getOdsnOrgCodeInquiryList2
PUB-002B,766,,,1054097,대선이엔씨(주),,https://apis.data.go.kr/B552474/OdsnCodeInquiryService2/getOdsnOrgCodeInquiryList2
PUB-002B,767,,,1054098,영종노인복지관,,https://apis.data.go.kr/B552474/OdsnCodeInquiryService2/getOdsnOrgCodeInquiryList2
PUB-002B,768,,,1054099,농업회사법인 주식회사 계림농장,,https://apis.data.go.kr/B552474/OdsnCodeInquiryService2/getOdsnOrgCodeInquiryList2
PUB-002B,769,,,1054100,주식회사 하나에스디,,https://apis.data.go.kr/B552474/OdsnCodeInquiryService2/getOdsnOrgCodeInquiryList2
PUB-002B,770,,,1054101,(주)일본이화한국,,https://apis.data.go.kr/B552474/OdsnCodeInquiryService2/getOdsnOrgCodeInquiryList2
PUB-002B,771,,,1055,사단법인 농촌사랑,,https://apis.data.go.kr/B552474/OdsnCodeInquiryService2/getOdsnOrgCodeInquiryList2
PUB-002B,772,,,1055097,테스트 기업,,https://apis.data.go.kr/B552474/OdsnCodeInquiryService2/getOdsnOrgCodeInquiryList2
PUB-002B,773,,,1056,임실나래노인복지센터,,https://apis.data.go.kr/B552474/OdsnCodeInquiryService2/getOdsnOrgCodeInquiryList2
PUB-002B,774,,,1058,도남사회복지관,,https://apis.data.go.kr/B552474/OdsnCodeInquiryService2/getOdsnOrgCodeInquiryList2
PUB-002B,775,,,1059,대한노인회 경남 통영시지회,,https://apis.data.go.kr/B552474/OdsnCodeInquiryService2/getOdsnOrgCodeInquiryList2
PUB-002B,776,,,106,청주가경노인복지관,,https://apis.data.go.kr/B552474/OdsnCodeInquiryService2/getOdsnOrgCodeInquiryList2
PUB-002B,777,,,1061,수원시니어클럽,,https://apis.data.go.kr/B552474/OdsnCodeInquiryService2/getOdsnOrgCodeInquiryList2
PUB-002B,778,,,1062,사)곡성군새마을회,,https://apis.data.go.kr/B552474/OdsnCodeInquiryService2/getOdsnOrgCodeInquiryList2
PUB-002B,779,,,1063,진안재가노인복지센터,,https://apis.data.go.kr/B552474/OdsnCodeInquiryService2/getOdsnOrgCodeInquiryList2
PUB-002B,780,,,1064,춘천효자종합사회복지관,,https://apis.data.go.kr/B552474/OdsnCodeInquiryService2/getOdsnOrgCodeInquiryList2
PUB-002B,781,,,1065,대한노인회 경남 함양군지회,,https://apis.data.go.kr/B552474/OdsnCodeInquiryService2/getOdsnOrgCodeInquiryList2
PUB-002B,782,,,1067,봉동노인복지센터,,https://apis.data.go.kr/B552474/OdsnCodeInquiryService2/getOdsnOrgCodeInquiryList2
PUB-002B,783,,,1068,창동종합사회복지관,,https://apis.data.go.kr/B552474/OdsnCodeInquiryService2/getOdsnOrgCodeInquiryList2
PUB-002B,784,,,107,충청북도노인종합복지관,,https://apis.data.go.kr/B552474/OdsnCodeInquiryService2/getOdsnOrgCodeInquiryList2
PUB-002B,785,,,1070,하동노인통합지원센터,,https://apis.data.go.kr/B552474/OdsnCodeInquiryService2/getOdsnOrgCodeInquiryList2
PUB-002B,786,,,107083,김해시서부노인종합복지관,,https://apis.data.go.kr/B552474/OdsnCodeInquiryService2/getOdsnOrgCodeInquiryList2
PUB-002B,787,,,1071,익산새노인운동본부,,https://apis.data.go.kr/B552474/OdsnCodeInquiryService2/getOdsnOrgCodeInquiryList2
PUB-002B,788,,,1072,창동어르신복지관,,https://apis.data.go.kr/B552474/OdsnCodeInquiryService2/getOdsnOrgCodeInquiryList2
PUB-002B,789,,,1073,대한노인회 전남 보성군지회,,https://apis.data.go.kr/B552474/OdsnCodeInquiryService2/getOdsnOrgCodeInquiryList2
PUB-002B,790,,,1074,경기북부노인보호전문기관,,https://apis.data.go.kr/B552474/OdsnCodeInquiryService2/getOdsnOrgCodeInquiryList2
PUB-002B,791,,,1075,대한노인회 서울 도봉구지회,,https://apis.data.go.kr/B552474/OdsnCodeInquiryService2/getOdsnOrgCodeInquiryList2
PUB-002B,792,,,1076,문수실버복지관,,https://apis.data.go.kr/B552474/OdsnCodeInquiryService2/getOdsnOrgCodeInquiryList2
PUB-002B,793,,,1077,송파문화원,,https://apis.data.go.kr/B552474/OdsnCodeInquiryService2/getOdsnOrgCodeInquiryList2
PUB-002B,794,,,1078,김제노인종합복지관,,https://apis.data.go.kr/B552474/OdsnCodeInquiryService2/getOdsnOrgCodeInquiryList2
PUB-002B,795,,,108083,광양시니어클럽,,https://apis.data.go.kr/B552474/OdsnCodeInquiryService2/getOdsnOrgCodeInquiryList2
PUB-002B,796,,,1081,대전동구문화원,,https://apis.data.go.kr/B552474/OdsnCodeInquiryService2/getOdsnOrgCodeInquiryList2
PUB-002B,797,,,1084,월평종합사회복지관,,https://apis.data.go.kr/B552474/OdsnCodeInquiryService2/getOdsnOrgCodeInquiryList2
PUB-002B,798,,,1085,관저종합사회복지관,,https://apis.data.go.kr/B552474/OdsnCodeInquiryService2/getOdsnOrgCodeInquiryList2
PUB-002B,799,,,1086,대한노인회 충남 부여군지회,,https://apis.data.go.kr/B552474/OdsnCodeInquiryService2/getOdsnOrgCodeInquiryList2
PUB-002B,800,,,1087,대한노인회 충남 당진시지회,,https://apis.data.go.kr/B552474/OdsnCodeInquiryService2/getOdsnOrgCodeInquiryList2
PUB-002B,801,,,1089,대구노인전문병원 부설 노인복지센터,,https://apis.data.go.kr/B552474/OdsnCodeInquiryService2/getOdsnOrgCodeInquiryList2
PUB-002B,802,,,109,아산시노인종합복지관,,https://apis.data.go.kr/B552474/OdsnCodeInquiryService2/getOdsnOrgCodeInquiryList2
PUB-002B,803,,,1090,하담노인복지센터,,https://apis.data.go.kr/B552474/OdsnCodeInquiryService2/getOdsnOrgCodeInquiryList2
PUB-002B,804,,,109083,홍천시니어클럽,,https://apis.data.go.kr/B552474/OdsnCodeInquiryService2/getOdsnOrgCodeInquiryList2
PUB-002B,805,,,1091,삼례노인복지센타,,https://apis.data.go.kr/B552474/OdsnCodeInquiryService2/getOdsnOrgCodeInquiryList2
PUB-002B,806,,,1093,C.C.C.동구노인복지센터(가정봉사원파견센터),,https://apis.data.go.kr/B552474/OdsnCodeInquiryService2/getOdsnOrgCodeInquiryList2
PUB-002B,807,,,1095,실업극복 안동시민운동본부,,https://apis.data.go.kr/B552474/OdsnCodeInquiryService2/getOdsnOrgCodeInquiryList2
PUB-002B,808,,,1096,고양실버인력뱅크,,https://apis.data.go.kr/B552474/OdsnCodeInquiryService2/getOdsnOrgCodeInquiryList2
PUB-002B,809,,,1098,대덕문화원,,https://apis.data.go.kr/B552474/OdsnCodeInquiryService2/getOdsnOrgCodeInquiryList2
PUB-002B,810,,,1099,달성행복노인복지센터,,https://apis.data.go.kr/B552474/OdsnCodeInquiryService2/getOdsnOrgCodeInquiryList2
PUB-002B,811,,,11,시립마포노인종합복지관,,https://apis.data.go.kr/B552474/OdsnCodeInquiryService2/getOdsnOrgCodeInquiryList2
PUB-002B,812,,,110,천안시노인종합복지관,,https://apis.data.go.kr/B552474/OdsnCodeInquiryService2/getOdsnOrgCodeInquiryList2
PUB-002B,813,,,1100,대전서구문화원,,https://apis.data.go.kr/B552474/OdsnCodeInquiryService2/getOdsnOrgCodeInquiryList2
PUB-002B,814,,,110083,묵호노인종합복지관,,https://apis.data.go.kr/B552474/OdsnCodeInquiryService2/getOdsnOrgCodeInquiryList2
PUB-002B,815,,,110084,경북영천시니어클럽,,https://apis.data.go.kr/B552474/OdsnCodeInquiryService2/getOdsnOrgCodeInquiryList2
PUB-002B,816,,,1101,평안교회부설노인복지센터,,https://apis.data.go.kr/B552474/OdsnCodeInquiryService2/getOdsnOrgCodeInquiryList2
PUB-002B,817,,,1102,상주지역자활센터,,https://apis.data.go.kr/B552474/OdsnCodeInquiryService2/getOdsnOrgCodeInquiryList2
PUB-002B,818,,,1103,북익산노인복지센터,,https://apis.data.go.kr/B552474/OdsnCodeInquiryService2/getOdsnOrgCodeInquiryList2
PUB-002B,819,,,1106,합천문화원,,https://apis.data.go.kr/B552474/OdsnCodeInquiryService2/getOdsnOrgCodeInquiryList2
PUB-002B,820,,,1107,옥수종합사회복지관,,https://apis.data.go.kr/B552474/OdsnCodeInquiryService2/getOdsnOrgCodeInquiryList2
PUB-002B,821,,,11083,성남위례종합사회복지관,,https://apis.data.go.kr/B552474/OdsnCodeInquiryService2/getOdsnOrgCodeInquiryList2
PUB-002B,822,,,11085,용인지역자활센터,,https://apis.data.go.kr/B552474/OdsnCodeInquiryService2/getOdsnOrgCodeInquiryList2
PUB-002B,823,,,1109,해병대양평군전우회,,https://apis.data.go.kr/B552474/OdsnCodeInquiryService2/getOdsnOrgCodeInquiryList2
PUB-002B,824,,,111083,강동노인복지관,,https://apis.data.go.kr/B552474/OdsnCodeInquiryService2/getOdsnOrgCodeInquiryList2
PUB-002B,825,,,111084,사단법인부산노인복지진흥회,,https://apis.data.go.kr/B552474/OdsnCodeInquiryService2/getOdsnOrgCodeInquiryList2
PUB-002B,826,,,111085,(사)빛고을행복마을경제문화공동체,,https://apis.data.go.kr/B552474/OdsnCodeInquiryService2/getOdsnOrgCodeInquiryList2
PUB-002B,827,,,111086,비원노인복지관,,https://apis.data.go.kr/B552474/OdsnCodeInquiryService2/getOdsnOrgCodeInquiryList2
PUB-002B,828,,,111087,고양노인복지센터,,https://apis.data.go.kr/B552474/OdsnCodeInquiryService2/getOdsnOrgCodeInquiryList2
PUB-002B,829,,,111088,(사)제이제이에듀파인,,https://apis.data.go.kr/B552474/OdsnCodeInquiryService2/getOdsnOrgCodeInquiryList2
PUB-002B,830,,,111089,통영시니어클럽,,https://apis.data.go.kr/B552474/OdsnCodeInquiryService2/getOdsnOrgCodeInquiryList2
PUB-002B,831,,,111090,대조노인복지관,,https://apis.data.go.kr/B552474/OdsnCodeInquiryService2/getOdsnOrgCodeInquiryList2
PUB-002B,832,,,111091,고양노인복지센터,,https://apis.data.go.kr/B552474/OdsnCodeInquiryService2/getOdsnOrgCodeInquiryList2
PUB-002B,833,,,111092,사천시니어클럽,,https://apis.data.go.kr/B552474/OdsnCodeInquiryService2/getOdsnOrgCodeInquiryList2
PUB-002B,834,,,111093,청주서원노인복지관,,https://apis.data.go.kr/B552474/OdsnCodeInquiryService2/getOdsnOrgCodeInquiryList2
PUB-002B,835,,,1112,군산여자기독교청년회,,https://apis.data.go.kr/B552474/OdsnCodeInquiryService2/getOdsnOrgCodeInquiryList2
PUB-002B,836,,,1115,양평군노인복지관,,https://apis.data.go.kr/B552474/OdsnCodeInquiryService2/getOdsnOrgCodeInquiryList2
PUB-002B,837,,,1116,동부재가노인통합지원센터,,https://apis.data.go.kr/B552474/OdsnCodeInquiryService2/getOdsnOrgCodeInquiryList2
PUB-002B,838,,,1118,함께하는재가노인통합지원센터,,https://apis.data.go.kr/B552474/OdsnCodeInquiryService2/getOdsnOrgCodeInquiryList2
PUB-002B,839,,,1119,해남문화원,,https://apis.data.go.kr/B552474/OdsnCodeInquiryService2/getOdsnOrgCodeInquiryList2
PUB-002B,840,,,112,아우내은빛복지관,,https://apis.data.go.kr/B552474/OdsnCodeInquiryService2/getOdsnOrgCodeInquiryList2
PUB-002B,841,,,1120,동해시청 가족과,,https://apis.data.go.kr/B552474/OdsnCodeInquiryService2/getOdsnOrgCodeInquiryList2
PUB-002B,842,,,1121,목포문화원,,https://apis.data.go.kr/B552474/OdsnCodeInquiryService2/getOdsnOrgCodeInquiryList2
PUB-002B,843,,,1124,아름다운실버영농회,,https://apis.data.go.kr/B552474/OdsnCodeInquiryService2/getOdsnOrgCodeInquiryList2
PUB-002B,844,,,1125,양평군종합사회복지관,,https://apis.data.go.kr/B552474/OdsnCodeInquiryService2/getOdsnOrgCodeInquiryList2
PUB-002B,845,,,1128,시흥실버인력뱅크,,https://apis.data.go.kr/B552474/OdsnCodeInquiryService2/getOdsnOrgCodeInquiryList2
PUB-002B,846,,,113,홍성군노인종합복지관,,https://apis.data.go.kr/B552474/OdsnCodeInquiryService2/getOdsnOrgCodeInquiryList2
PUB-002B,847,,,1130,와치종합사회복지관,,https://apis.data.go.kr/B552474/OdsnCodeInquiryService2/getOdsnOrgCodeInquiryList2
PUB-002B,848,,,113083,팔달노인복지관,,https://apis.data.go.kr/B552474/OdsnCodeInquiryService2/getOdsnOrgCodeInquiryList2
PUB-002B,849,,,113084,우만종합사회복지관,,https://apis.data.go.kr/B552474/OdsnCodeInquiryService2/getOdsnOrgCodeInquiryList2
PUB-002B,850,,,1132,절영종합사회복지관,,https://apis.data.go.kr/B552474/OdsnCodeInquiryService2/getOdsnOrgCodeInquiryList2
PUB-002B,851,,,1133,대방종합사회복지관,,https://apis.data.go.kr/B552474/OdsnCodeInquiryService2/getOdsnOrgCodeInquiryList2
PUB-002B,852,,,1136,안성실버인력뱅크,,https://apis.data.go.kr/B552474/OdsnCodeInquiryService2/getOdsnOrgCodeInquiryList2
PUB-002B,853,,,1137,성남시니어클럽,,https://apis.data.go.kr/B552474/OdsnCodeInquiryService2/getOdsnOrgCodeInquiryList2
PUB-002B,854,,,114,정읍시노인복지관,,https://apis.data.go.kr/B552474/OdsnCodeInquiryService2/getOdsnOrgCodeInquiryList2
PUB-002B,855,,,1140,평창노인복지센터,,https://apis.data.go.kr/B552474/OdsnCodeInquiryService2/getOdsnOrgCodeInquiryList2
PUB-002B,856,,,114083,한국지역복지봉사회,,https://apis.data.go.kr/B552474/OdsnCodeInquiryService2/getOdsnOrgCodeInquiryList2
PUB-002B,857,,,114084,고창원광노인복지센터,,https://apis.data.go.kr/B552474/OdsnCodeInquiryService2/getOdsnOrgCodeInquiryList2
PUB-002B,858,,,1141,흑석종합사회복지관,,https://apis.data.go.kr/B552474/OdsnCodeInquiryService2/getOdsnOrgCodeInquiryList2
PUB-002B,859,,,1142,삼척지역자활센터,,https://apis.data.go.kr/B552474/OdsnCodeInquiryService2/getOdsnOrgCodeInquiryList2
PUB-002B,860,,,1143,평창문화원,,https://apis.data.go.kr/B552474/OdsnCodeInquiryService2/getOdsnOrgCodeInquiryList2
PUB-002B,861,,,1144,삼척종합사회복지관,,https://apis.data.go.kr/B552474/OdsnCodeInquiryService2/getOdsnOrgCodeInquiryList2
PUB-002B,862,,,1145,사회복지법인 은빛사랑채 가남반석노인주간보호센터,,https://apis.data.go.kr/B552474/OdsnCodeInquiryService2/getOdsnOrgCodeInquiryList2
PUB-002B,863,,,1146,(복)우리모두복지재단 대신노인주간보호센터,,https://apis.data.go.kr/B552474/OdsnCodeInquiryService2/getOdsnOrgCodeInquiryList2
PUB-002B,864,,,1147,작은꽃재가노인지원서비스센터,,https://apis.data.go.kr/B552474/OdsnCodeInquiryService2/getOdsnOrgCodeInquiryList2
PUB-002B,865,,,1149,청솔종합사회복지관 부설 성남시실버인력뱅크,,https://apis.data.go.kr/B552474/OdsnCodeInquiryService2/getOdsnOrgCodeInquiryList2
PUB-002B,866,,,115,군산노인종합복지관,,https://apis.data.go.kr/B552474/OdsnCodeInquiryService2/getOdsnOrgCodeInquiryList2
PUB-002B,867,,,115083,신장림사랑채노인복지관,,https://apis.data.go.kr/B552474/OdsnCodeInquiryService2/getOdsnOrgCodeInquiryList2
PUB-002B,868,,,115084,영월군종합사회복지관,,https://apis.data.go.kr/B552474/OdsnCodeInquiryService2/getOdsnOrgCodeInquiryList2
PUB-002B,869,,,1155,대한노인회 고양시일산서구지회,,https://apis.data.go.kr/B552474/OdsnCodeInquiryService2/getOdsnOrgCodeInquiryList2
PUB-002B,870,,,1156,마포문화원,,https://apis.data.go.kr/B552474/OdsnCodeInquiryService2/getOdsnOrgCodeInquiryList2
PUB-002B,871,,,1157,사)대한민국6.25참전유공자회마포구지회,,https://apis.data.go.kr/B552474/OdsnCodeInquiryService2/getOdsnOrgCodeInquiryList2
PUB-002B,872,,,1158,하안종합사회복지관,,https://apis.data.go.kr/B552474/OdsnCodeInquiryService2/getOdsnOrgCodeInquiryList2
PUB-002B,873,,,1159,용인시 수지구청,,https://apis.data.go.kr/B552474/OdsnCodeInquiryService2/getOdsnOrgCodeInquiryList2
PUB-002B,874,,,116,남원사회복지관,,https://apis.data.go.kr/B552474/OdsnCodeInquiryService2/getOdsnOrgCodeInquiryList2
PUB-002B,875,,,116083,도울의료소비자생활협동조합합,,https://apis.data.go.kr/B552474/OdsnCodeInquiryService2/getOdsnOrgCodeInquiryList2
PUB-002B,876,,,116084,참살이사회적협동조합,,https://apis.data.go.kr/B552474/OdsnCodeInquiryService2/getOdsnOrgCodeInquiryList2
PUB-002B,877,,,1162,에덴가정봉사원파견센터,,https://apis.data.go.kr/B552474/OdsnCodeInquiryService2/getOdsnOrgCodeInquiryList2
PUB-002B,878,,,1166,의왕시사랑채노인복지관,,https://apis.data.go.kr/B552474/OdsnCodeInquiryService2/getOdsnOrgCodeInquiryList2
PUB-002B,879,,,1167,과천시실버인력뱅크(과천시노인복지관),,https://apis.data.go.kr/B552474/OdsnCodeInquiryService2/getOdsnOrgCodeInquiryList2
PUB-002B,880,,,1168,남양주시노인복지관 부설 남양주실버인력뱅크,,https://apis.data.go.kr/B552474/OdsnCodeInquiryService2/getOdsnOrgCodeInquiryList2
PUB-002B,881,,,117,안골노인복지관,,https://apis.data.go.kr/B552474/OdsnCodeInquiryService2/getOdsnOrgCodeInquiryList2
PUB-002B,882,,,117083,우만종합사회복지관,,https://apis.data.go.kr/B552474/OdsnCodeInquiryService2/getOdsnOrgCodeInquiryList2
PUB-002B,883,,,117084,(사)세종시과학기술인협회,,https://apis.data.go.kr/B552474/OdsnCodeInquiryService2/getOdsnOrgCodeInquiryList2
PUB-002B,884,,,117085,노후를돕는사람들,,https://apis.data.go.kr/B552474/OdsnCodeInquiryService2/getOdsnOrgCodeInquiryList2
PUB-002B,885,,,1171,참사랑가정봉사원파견센터,,https://apis.data.go.kr/B552474/OdsnCodeInquiryService2/getOdsnOrgCodeInquiryList2
PUB-002B,886,,,1172,안산실버인력뱅크,,https://apis.data.go.kr/B552474/OdsnCodeInquiryService2/getOdsnOrgCodeInquiryList2
PUB-002B,887,,,1174,이천시지속가능발전협의회,,https://apis.data.go.kr/B552474/OdsnCodeInquiryService2/getOdsnOrgCodeInquiryList2
PUB-002B,888,,,1175,한마음가정봉사노인복지센터,,https://apis.data.go.kr/B552474/OdsnCodeInquiryService2/getOdsnOrgCodeInquiryList2
PUB-002B,889,,,1176,한양가정봉사원파견센터,,https://apis.data.go.kr/B552474/OdsnCodeInquiryService2/getOdsnOrgCodeInquiryList2
PUB-002B,890,,,1177,김포실버인력뱅크,,https://apis.data.go.kr/B552474/OdsnCodeInquiryService2/getOdsnOrgCodeInquiryList2
PUB-002B,891,,,1178,대한노인회 경기 화성시지회,,https://apis.data.go.kr/B552474/OdsnCodeInquiryService2/getOdsnOrgCodeInquiryList2
PUB-002B,892,,,118,금암노인복지관,,https://apis.data.go.kr/B552474/OdsnCodeInquiryService2/getOdsnOrgCodeInquiryList2
PUB-002B,893,,,1180,용인시 기흥구청,,https://apis.data.go.kr/B552474/OdsnCodeInquiryService2/getOdsnOrgCodeInquiryList2
PUB-002B,894,,,118083,부산 광역센터,,https://apis.data.go.kr/B552474/OdsnCodeInquiryService2/getOdsnOrgCodeInquiryList2
PUB-002B,895,,,118084,100세발전소사회적협동조합,,https://apis.data.go.kr/B552474/OdsnCodeInquiryService2/getOdsnOrgCodeInquiryList2
PUB-002B,896,,,1181,목포자원봉사자협의회,,https://apis.data.go.kr/B552474/OdsnCodeInquiryService2/getOdsnOrgCodeInquiryList2
PUB-002B,897,,,1182,한국지역복지봉사회,,https://apis.data.go.kr/B552474/OdsnCodeInquiryService2/getOdsnOrgCodeInquiryList2
PUB-002B,898,,,1183,사단법인 주안원,,https://apis.data.go.kr/B552474/OdsnCodeInquiryService2/getOdsnOrgCodeInquiryList2
PUB-002B,899,,,1187,부천실버인력뱅크,,https://apis.data.go.kr/B552474/OdsnCodeInquiryService2/getOdsnOrgCodeInquiryList2
PUB-002B,900,,,119,서원노인복지관,,https://apis.data.go.kr/B552474/OdsnCodeInquiryService2/getOdsnOrgCodeInquiryList2
PUB-002B,901,,,119084,(사)대한노인회 강남구지회,,https://apis.data.go.kr/B552474/OdsnCodeInquiryService2/getOdsnOrgCodeInquiryList2
PUB-002B,902,,,1191,정선군시설관리공단,,https://apis.data.go.kr/B552474/OdsnCodeInquiryService2/getOdsnOrgCodeInquiryList2
PUB-002B,903,,,1198,의정부실버인력뱅크,,https://apis.data.go.kr/B552474/OdsnCodeInquiryService2/getOdsnOrgCodeInquiryList2
PUB-002B,904,,,12,서대문종합사회복지관,,https://apis.data.go.kr/B552474/OdsnCodeInquiryService2/getOdsnOrgCodeInquiryList2
PUB-002B,905,,,120083,(사)경남고용복지센터,,https://apis.data.go.kr/B552474/OdsnCodeInquiryService2/getOdsnOrgCodeInquiryList2
PUB-002B,906,,,1203,평택남부노인복지관,,https://apis.data.go.kr/B552474/OdsnCodeInquiryService2/getOdsnOrgCodeInquiryList2
PUB-002B,907,,,1204,강남노인복지센터,,https://apis.data.go.kr/B552474/OdsnCodeInquiryService2/getOdsnOrgCodeInquiryList2
PUB-002B,908,,,1205,사회복지법인 기쁨의복지재단,,https://apis.data.go.kr/B552474/OdsnCodeInquiryService2/getOdsnOrgCodeInquiryList2
PUB-002B,909,,,12083,용인지역자활센터,,https://apis.data.go.kr/B552474/OdsnCodeInquiryService2/getOdsnOrgCodeInquiryList2
PUB-002B,910,,,121,부송종합사회복지관,,https://apis.data.go.kr/B552474/OdsnCodeInquiryService2/getOdsnOrgCodeInquiryList2
PUB-002B,911,,,121083,감돌노인복지센터,,https://apis.data.go.kr/B552474/OdsnCodeInquiryService2/getOdsnOrgCodeInquiryList2
PUB-002B,912,,,121084,명동주민센터,,https://apis.data.go.kr/B552474/OdsnCodeInquiryService2/getOdsnOrgCodeInquiryList2
PUB-002B,913,,,1216,성남시수정구지회,,https://apis.data.go.kr/B552474/OdsnCodeInquiryService2/getOdsnOrgCodeInquiryList2
PUB-002B,914,,,1219,대한노인회 전남 영광군지회,,https://apis.data.go.kr/B552474/OdsnCodeInquiryService2/getOdsnOrgCodeInquiryList2
PUB-002B,915,,,122,익산시노인종합복지관,,https://apis.data.go.kr/B552474/OdsnCodeInquiryService2/getOdsnOrgCodeInquiryList2
PUB-002B,916,,,122083,을지로동 주민센터,,https://apis.data.go.kr/B552474/OdsnCodeInquiryService2/getOdsnOrgCodeInquiryList2
PUB-002B,917,,,1221,빛고을노인복지센터,,https://apis.data.go.kr/B552474/OdsnCodeInquiryService2/getOdsnOrgCodeInquiryList2
PUB-002B,918,,,1224,대한노인회 속초시지회,,https://apis.data.go.kr/B552474/OdsnCodeInquiryService2/getOdsnOrgCodeInquiryList2
PUB-002B,919,,,1227,(사) 대한노인회 김천시지회,,https://apis.data.go.kr/B552474/OdsnCodeInquiryService2/getOdsnOrgCodeInquiryList2
PUB-002B,920,,,1229,전북노인일자리추진본부,,https://apis.data.go.kr/B552474/OdsnCodeInquiryService2/getOdsnOrgCodeInquiryList2
PUB-002B,921,,,123083,이레 노인 복지센터,,https://apis.data.go.kr/B552474/OdsnCodeInquiryService2/getOdsnOrgCodeInquiryList2
PUB-002B,922,,,1231,함현상생종합사회복지관,,https://apis.data.go.kr/B552474/OdsnCodeInquiryService2/getOdsnOrgCodeInquiryList2
PUB-002B,923,,,1232,가남반석노인주간보호센터,,https://apis.data.go.kr/B552474/OdsnCodeInquiryService2/getOdsnOrgCodeInquiryList2
PUB-002B,924,,,1233,은파치매주간보호센터,,https://apis.data.go.kr/B552474/OdsnCodeInquiryService2/getOdsnOrgCodeInquiryList2
PUB-002B,925,,,1238,로뎀나무식당,,https://apis.data.go.kr/B552474/OdsnCodeInquiryService2/getOdsnOrgCodeInquiryList2
PUB-002B,926,,,1239,오산종합사회복지관,,https://apis.data.go.kr/B552474/OdsnCodeInquiryService2/getOdsnOrgCodeInquiryList2
PUB-002B,927,,,124,목포시노인복지관,,https://apis.data.go.kr/B552474/OdsnCodeInquiryService2/getOdsnOrgCodeInquiryList2
PUB-002B,928,,,1240,무공수훈자회 오산지회,,https://apis.data.go.kr/B552474/OdsnCodeInquiryService2/getOdsnOrgCodeInquiryList2
PUB-002B,929,,,124083,황학동주민센터,,https://apis.data.go.kr/B552474/OdsnCodeInquiryService2/getOdsnOrgCodeInquiryList2
PUB-002B,930,,,1242,대한노인회 대구 남구지회,,https://apis.data.go.kr/B552474/OdsnCodeInquiryService2/getOdsnOrgCodeInquiryList2
PUB-002B,931,,,1248,안양실버인력뱅크(안양시노인종합복지관),,https://apis.data.go.kr/B552474/OdsnCodeInquiryService2/getOdsnOrgCodeInquiryList2
PUB-002B,932,,,125,하당노인복지관,,https://apis.data.go.kr/B552474/OdsnCodeInquiryService2/getOdsnOrgCodeInquiryList2
PUB-002B,933,,,125083,사단법인 녹원복지회,,https://apis.data.go.kr/B552474/OdsnCodeInquiryService2/getOdsnOrgCodeInquiryList2
PUB-002B,934,,,1255,한나그린힐,,https://apis.data.go.kr/B552474/OdsnCodeInquiryService2/getOdsnOrgCodeInquiryList2
PUB-002B,935,,,126083,사단법인 녹원복지회,,https://apis.data.go.kr/B552474/OdsnCodeInquiryService2/getOdsnOrgCodeInquiryList2
PUB-002B,936,,,1261,대한노인회 경기 구리시지회,,https://apis.data.go.kr/B552474/OdsnCodeInquiryService2/getOdsnOrgCodeInquiryList2
PUB-002B,937,,,1262,양구문화원,,https://apis.data.go.kr/B552474/OdsnCodeInquiryService2/getOdsnOrgCodeInquiryList2
PUB-002B,938,,,1263,대한노인회 전남 강진군지회,,https://apis.data.go.kr/B552474/OdsnCodeInquiryService2/getOdsnOrgCodeInquiryList2
PUB-002B,939,,,1264,덕진노인복지관,,https://apis.data.go.kr/B552474/OdsnCodeInquiryService2/getOdsnOrgCodeInquiryList2
PUB-002B,940,,,1269,청양노인복지센터,,https://apis.data.go.kr/B552474/OdsnCodeInquiryService2/getOdsnOrgCodeInquiryList2
PUB-002B,941,,,127,여수시노인복지관,,https://apis.data.go.kr/B552474/OdsnCodeInquiryService2/getOdsnOrgCodeInquiryList2
PUB-002B,942,,,127083,gs25 이호해수욕장점,,https://apis.data.go.kr/B552474/OdsnCodeInquiryService2/getOdsnOrgCodeInquiryList2
PUB-002B,943,,,1271,(사)대한노인회하남시지회,,https://apis.data.go.kr/B552474/OdsnCodeInquiryService2/getOdsnOrgCodeInquiryList2
PUB-002B,944,,,1274,세종종합사회복지관,,https://apis.data.go.kr/B552474/OdsnCodeInquiryService2/getOdsnOrgCodeInquiryList2
PUB-002B,945,,,128,동여수노인복지관,,https://apis.data.go.kr/B552474/OdsnCodeInquiryService2/getOdsnOrgCodeInquiryList2
PUB-002B,946,,,128084,농업회사법인주식회사장안농장,,https://apis.data.go.kr/B552474/OdsnCodeInquiryService2/getOdsnOrgCodeInquiryList2
PUB-002B,947,,,1283,부천실버인력뱅크,,https://apis.data.go.kr/B552474/OdsnCodeInquiryService2/getOdsnOrgCodeInquiryList2
PUB-002B,948,,,129,해남노인종합복지관,,https://apis.data.go.kr/B552474/OdsnCodeInquiryService2/getOdsnOrgCodeInquiryList2
PUB-002B,949,,,1290,수서종합사회복지관,,https://apis.data.go.kr/B552474/OdsnCodeInquiryService2/getOdsnOrgCodeInquiryList2
PUB-002B,950,,,129083,신농 영농조합법인,,https://apis.data.go.kr/B552474/OdsnCodeInquiryService2/getOdsnOrgCodeInquiryList2
PUB-002B,951,,,1292,수서명화종합사회복지관,,https://apis.data.go.kr/B552474/OdsnCodeInquiryService2/getOdsnOrgCodeInquiryList2
PUB-002B,952,,,1293,태화기독교 사회복지관,,https://apis.data.go.kr/B552474/OdsnCodeInquiryService2/getOdsnOrgCodeInquiryList2
PUB-002B,953,,,1297,푸른연기 21추진협의회,,https://apis.data.go.kr/B552474/OdsnCodeInquiryService2/getOdsnOrgCodeInquiryList2
PUB-002B,954,,,1299,대한노인회 서울 은평구지회,,https://apis.data.go.kr/B552474/OdsnCodeInquiryService2/getOdsnOrgCodeInquiryList2
PUB-002B,955,,,13,서초구립양재노인종합복지관,,https://apis.data.go.kr/B552474/OdsnCodeInquiryService2/getOdsnOrgCodeInquiryList2
PUB-002B,956,,,130,나주시노인복지관,,https://apis.data.go.kr/B552474/OdsnCodeInquiryService2/getOdsnOrgCodeInquiryList2
PUB-002B,957,,,130083,(주)이십일스토어,,https://apis.data.go.kr/B552474/OdsnCodeInquiryService2/getOdsnOrgCodeInquiryList2
PUB-002B,958,,,1303,대한노인회 담양군지회,,https://apis.data.go.kr/B552474/OdsnCodeInquiryService2/getOdsnOrgCodeInquiryList2
PUB-002B,959,,,1305,진주시니어클럽,,https://apis.data.go.kr/B552474/OdsnCodeInquiryService2/getOdsnOrgCodeInquiryList2
PUB-002B,960,,,1306,강원 고성군지회,,https://apis.data.go.kr/B552474/OdsnCodeInquiryService2/getOdsnOrgCodeInquiryList2
PUB-002B,961,,,1307,대한노인회 부산 부산진구지회,,https://apis.data.go.kr/B552474/OdsnCodeInquiryService2/getOdsnOrgCodeInquiryList2
PUB-002B,962,,,1308,남동구노인인력개발센터,,https://apis.data.go.kr/B552474/OdsnCodeInquiryService2/getOdsnOrgCodeInquiryList2
PUB-002B,963,,,13083,춘천북부노인복지관,,https://apis.data.go.kr/B552474/OdsnCodeInquiryService2/getOdsnOrgCodeInquiryList2
PUB-002B,964,,,1309,대한노인회 대구 동구지회,,https://apis.data.go.kr/B552474/OdsnCodeInquiryService2/getOdsnOrgCodeInquiryList2
PUB-002B,965,,,131083,서초구립 느티나무쉼터,,https://apis.data.go.kr/B552474/OdsnCodeInquiryService2/getOdsnOrgCodeInquiryList2
PUB-002B,966,,,1311,대한노인회 서울 중구지회,,https://apis.data.go.kr/B552474/OdsnCodeInquiryService2/getOdsnOrgCodeInquiryList2
PUB-002B,967,,,1312,대한노인회 부산 해운대구지회,,https://apis.data.go.kr/B552474/OdsnCodeInquiryService2/getOdsnOrgCodeInquiryList2
PUB-002B,968,,,1313,대한노인회 대구 중구지회,,https://apis.data.go.kr/B552474/OdsnCodeInquiryService2/getOdsnOrgCodeInquiryList2
PUB-002B,969,,,1314,의령노인통합지원센터,,https://apis.data.go.kr/B552474/OdsnCodeInquiryService2/getOdsnOrgCodeInquiryList2
PUB-002B,970,,,1316,대한노인회 부산 서구지회,,https://apis.data.go.kr/B552474/OdsnCodeInquiryService2/getOdsnOrgCodeInquiryList2
PUB-002B,971,,,1317,단양노인복지관,,https://apis.data.go.kr/B552474/OdsnCodeInquiryService2/getOdsnOrgCodeInquiryList2
PUB-002B,972,,,1318,대한노인회 울산 중구지회,,https://apis.data.go.kr/B552474/OdsnCodeInquiryService2/getOdsnOrgCodeInquiryList2
PUB-002B,973,,,1319,대구의료원,,https://apis.data.go.kr/B552474/OdsnCodeInquiryService2/getOdsnOrgCodeInquiryList2
PUB-002B,974,,,132,순천시노인종합복지회관,,https://apis.data.go.kr/B552474/OdsnCodeInquiryService2/getOdsnOrgCodeInquiryList2
PUB-002B,975,,,1320,대한노인회 경남 의령군지회,,https://apis.data.go.kr/B552474/OdsnCodeInquiryService2/getOdsnOrgCodeInquiryList2
PUB-002B,976,,,1322,대한노인회 경남 사천시지회,,https://apis.data.go.kr/B552474/OdsnCodeInquiryService2/getOdsnOrgCodeInquiryList2
PUB-002B,977,,,1327,군포시니어클럽,,https://apis.data.go.kr/B552474/OdsnCodeInquiryService2/getOdsnOrgCodeInquiryList2
PUB-002B,978,,,1328,창원노인일자리창출지원센터,,https://apis.data.go.kr/B552474/OdsnCodeInquiryService2/getOdsnOrgCodeInquiryList2
PUB-002B,979,,,1330,대한노인회 경기 용인시 기흥구지회,,https://apis.data.go.kr/B552474/OdsnCodeInquiryService2/getOdsnOrgCodeInquiryList2
PUB-002B,980,,,133083,부곡2동주민센터,,https://apis.data.go.kr/B552474/OdsnCodeInquiryService2/getOdsnOrgCodeInquiryList2
PUB-002B,981,,,1338,포항형산시니어클럽,,https://apis.data.go.kr/B552474/OdsnCodeInquiryService2/getOdsnOrgCodeInquiryList2
PUB-002B,982,,,1339,기아대책속초지역회,,https://apis.data.go.kr/B552474/OdsnCodeInquiryService2/getOdsnOrgCodeInquiryList2
PUB-002B,983,,,134,대한노인회 전남 함평군지회,,https://apis.data.go.kr/B552474/OdsnCodeInquiryService2/getOdsnOrgCodeInquiryList2
PUB-002B,984,,,134083,경기도청,,https://apis.data.go.kr/B552474/OdsnCodeInquiryService2/getOdsnOrgCodeInquiryList2
PUB-002B,985,,,134085,화성시청,,https://apis.data.go.kr/B552474/OdsnCodeInquiryService2/getOdsnOrgCodeInquiryList2
PUB-002B,986,,,1341,사단법인 양지회,,https://apis.data.go.kr/B552474/OdsnCodeInquiryService2/getOdsnOrgCodeInquiryList2
PUB-002B,987,,,1342,대한노인회 인천 연수구지회,,https://apis.data.go.kr/B552474/OdsnCodeInquiryService2/getOdsnOrgCodeInquiryList2
PUB-002B,988,,,1343,(사)대한노인회 인천미추홀구지회,,https://apis.data.go.kr/B552474/OdsnCodeInquiryService2/getOdsnOrgCodeInquiryList2
PUB-002B,989,,,1344,구미노인전문상담소,,https://apis.data.go.kr/B552474/OdsnCodeInquiryService2/getOdsnOrgCodeInquiryList2
PUB-002B,990,,,1345,광주광산시니어클럽,,https://apis.data.go.kr/B552474/OdsnCodeInquiryService2/getOdsnOrgCodeInquiryList2
PUB-002B,991,,,1346,목포북교동교회재가노인복지센터,,https://apis.data.go.kr/B552474/OdsnCodeInquiryService2/getOdsnOrgCodeInquiryList2
PUB-002B,992,,,1349,구미시새마을회,,https://apis.data.go.kr/B552474/OdsnCodeInquiryService2/getOdsnOrgCodeInquiryList2
PUB-002B,993,,,135,김해시노인종합복지관,,https://apis.data.go.kr/B552474/OdsnCodeInquiryService2/getOdsnOrgCodeInquiryList2
PUB-002B,994,,,135083,시니어페이퍼팩토리협동조합,,https://apis.data.go.kr/B552474/OdsnCodeInquiryService2/getOdsnOrgCodeInquiryList2
PUB-002B,995,,,135084,음성군청,,https://apis.data.go.kr/B552474/OdsnCodeInquiryService2/getOdsnOrgCodeInquiryList2
PUB-002B,996,,,135085,합천시니어클럽,,https://apis.data.go.kr/B552474/OdsnCodeInquiryService2/getOdsnOrgCodeInquiryList2
PUB-002B,997,,,1351,당진시남부노인복지관,,https://apis.data.go.kr/B552474/OdsnCodeInquiryService2/getOdsnOrgCodeInquiryList2
PUB-002B,998,,,1355,정읍시니어클럽,,https://apis.data.go.kr/B552474/OdsnCodeInquiryService2/getOdsnOrgCodeInquiryList2
PUB-002B,999,,,1359,김제문화원,,https://apis.data.go.kr/B552474/OdsnCodeInquiryService2/getOdsnOrgCodeInquiryList2
PUB-002B,1000,,,136,마산종합사회복지관,,https://apis.data.go.kr/B552474/OdsnCodeInquiryService2/getOdsnOrgCodeInquiryList2
PUB-002B,1001,,,1363,양산시웅상출장소,,https://apis.data.go.kr/B552474/OdsnCodeInquiryService2/getOdsnOrgCodeInquiryList2
PUB-002B,1002,,,1369,국민연금공단 서대구지사,,https://apis.data.go.kr/B552474/OdsnCodeInquiryService2/getOdsnOrgCodeInquiryList2
PUB-002B,1003,,,137,경남종합사회복지관,,https://apis.data.go.kr/B552474/OdsnCodeInquiryService2/getOdsnOrgCodeInquiryList2
PUB-002B,1004,,,1370,청주내덕노인복지관,,https://apis.data.go.kr/B552474/OdsnCodeInquiryService2/getOdsnOrgCodeInquiryList2
PUB-002B,1005,,,137083,(주)복사기몰,,https://apis.data.go.kr/B552474/OdsnCodeInquiryService2/getOdsnOrgCodeInquiryList2
PUB-002B,1006,,,1371,대구수성시니어클럽,,https://apis.data.go.kr/B552474/OdsnCodeInquiryService2/getOdsnOrgCodeInquiryList2
PUB-002B,1007,,,1373,사단법인 굿실버복지회,,https://apis.data.go.kr/B552474/OdsnCodeInquiryService2/getOdsnOrgCodeInquiryList2
PUB-002B,1008,,,1374,구이노인복지센터,,https://apis.data.go.kr/B552474/OdsnCodeInquiryService2/getOdsnOrgCodeInquiryList2
PUB-002B,1009,,,1377,공덕의집 노인통합지원센터,,https://apis.data.go.kr/B552474/OdsnCodeInquiryService2/getOdsnOrgCodeInquiryList2
PUB-002B,1010,,,1378,고창군노인복지관,,https://apis.data.go.kr/B552474/OdsnCodeInquiryService2/getOdsnOrgCodeInquiryList2
PUB-002B,1011,,,1379,청양 노인 복지센터,,https://apis.data.go.kr/B552474/OdsnCodeInquiryService2/getOdsnOrgCodeInquiryList2
PUB-002B,1012,,,1382,보은노인복지센터,,https://apis.data.go.kr/B552474/OdsnCodeInquiryService2/getOdsnOrgCodeInquiryList2
PUB-002B,1013,,,1383,영주지역자활센터,,https://apis.data.go.kr/B552474/OdsnCodeInquiryService2/getOdsnOrgCodeInquiryList2
PUB-002B,1014,,,1385,의왕시아름채노인복지관,,https://apis.data.go.kr/B552474/OdsnCodeInquiryService2/getOdsnOrgCodeInquiryList2
PUB-002B,1015,,,1386,동산노인복지관,,https://apis.data.go.kr/B552474/OdsnCodeInquiryService2/getOdsnOrgCodeInquiryList2
PUB-002B,1016,,,1387,부산 해운대구(주민복지평생학습과),,https://apis.data.go.kr/B552474/OdsnCodeInquiryService2/getOdsnOrgCodeInquiryList2
PUB-002B,1017,,,139,대한노인회 경남 고성군지회,,https://apis.data.go.kr/B552474/OdsnCodeInquiryService2/getOdsnOrgCodeInquiryList2
PUB-002B,1018,,,139083,(주)스포비전,,https://apis.data.go.kr/B552474/OdsnCodeInquiryService2/getOdsnOrgCodeInquiryList2
PUB-002B,1019,,,139084,사단법인 동행연우회,,https://apis.data.go.kr/B552474/OdsnCodeInquiryService2/getOdsnOrgCodeInquiryList2
PUB-002B,1020,,,1392,포천문화원,,https://apis.data.go.kr/B552474/OdsnCodeInquiryService2/getOdsnOrgCodeInquiryList2
PUB-002B,1021,,,1395,창북노인복지센터,,https://apis.data.go.kr/B552474/OdsnCodeInquiryService2/getOdsnOrgCodeInquiryList2
PUB-002B,1022,,,1397,(사)대한노인회 김해시지회,,https://apis.data.go.kr/B552474/OdsnCodeInquiryService2/getOdsnOrgCodeInquiryList2
PUB-002B,1023,,,14,성동노인종합복지관,,https://apis.data.go.kr/B552474/OdsnCodeInquiryService2/getOdsnOrgCodeInquiryList2
PUB-002B,1024,,,140,진해노인종합복지관,,https://apis.data.go.kr/B552474/OdsnCodeInquiryService2/getOdsnOrgCodeInquiryList2
PUB-002B,1025,,,140083,사단법인 동행연우회,,https://apis.data.go.kr/B552474/OdsnCodeInquiryService2/getOdsnOrgCodeInquiryList2
PUB-002B,1026,,,140084,양산나르미협동조합,,https://apis.data.go.kr/B552474/OdsnCodeInquiryService2/getOdsnOrgCodeInquiryList2
PUB-002B,1027,,,140085,경기 안양시만안구지회,,https://apis.data.go.kr/B552474/OdsnCodeInquiryService2/getOdsnOrgCodeInquiryList2
PUB-002B,1028,,,140086,농업회사법인펌프킨,,https://apis.data.go.kr/B552474/OdsnCodeInquiryService2/getOdsnOrgCodeInquiryList2
PUB-002B,1029,,,140087,부천시보건소 오정보건센터,,https://apis.data.go.kr/B552474/OdsnCodeInquiryService2/getOdsnOrgCodeInquiryList2
PUB-002B,1030,,,140088,(주)팜앤시니어,,https://apis.data.go.kr/B552474/OdsnCodeInquiryService2/getOdsnOrgCodeInquiryList2
PUB-002B,1031,,,140089,(주)세원공업,,https://apis.data.go.kr/B552474/OdsnCodeInquiryService2/getOdsnOrgCodeInquiryList2
PUB-002B,1032,,,140091,(사)광주광역시장애인권익협회,,https://apis.data.go.kr/B552474/OdsnCodeInquiryService2/getOdsnOrgCodeInquiryList2
PUB-002B,1033,,,140092,(주)케이푸드아이엔지,,https://apis.data.go.kr/B552474/OdsnCodeInquiryService2/getOdsnOrgCodeInquiryList2
PUB-002B,1034,,,1401,부산 해운대구(늘푸른과),,https://apis.data.go.kr/B552474/OdsnCodeInquiryService2/getOdsnOrgCodeInquiryList2
PUB-002B,1035,,,1408,도봉동어르신복지관,,https://apis.data.go.kr/B552474/OdsnCodeInquiryService2/getOdsnOrgCodeInquiryList2
PUB-002B,1036,,,141,예천군노인복지관,,https://apis.data.go.kr/B552474/OdsnCodeInquiryService2/getOdsnOrgCodeInquiryList2
PUB-002B,1037,,,141083,(주)락피쉬,,https://apis.data.go.kr/B552474/OdsnCodeInquiryService2/getOdsnOrgCodeInquiryList2
PUB-002B,1038,,,141085,전남성노원,,https://apis.data.go.kr/B552474/OdsnCodeInquiryService2/getOdsnOrgCodeInquiryList2
PUB-002B,1039,,,141086,로뎀노인복지센터,,https://apis.data.go.kr/B552474/OdsnCodeInquiryService2/getOdsnOrgCodeInquiryList2
PUB-002B,1040,,,1412,하늘마음노인통합지원센터,,https://apis.data.go.kr/B552474/OdsnCodeInquiryService2/getOdsnOrgCodeInquiryList2
PUB-002B,1041,,,1413,중원노인종합복지관,,https://apis.data.go.kr/B552474/OdsnCodeInquiryService2/getOdsnOrgCodeInquiryList2
PUB-002B,1042,,,1417,청지기노인복지센터,,https://apis.data.go.kr/B552474/OdsnCodeInquiryService2/getOdsnOrgCodeInquiryList2
PUB-002B,1043,,,1418,(사)한국실버뱅크,,https://apis.data.go.kr/B552474/OdsnCodeInquiryService2/getOdsnOrgCodeInquiryList2
PUB-002B,1044,,,1419,세종노인복지센터,,https://apis.data.go.kr/B552474/OdsnCodeInquiryService2/getOdsnOrgCodeInquiryList2
PUB-002B,1045,,,142,의성노인복지관,,https://apis.data.go.kr/B552474/OdsnCodeInquiryService2/getOdsnOrgCodeInquiryList2
PUB-002B,1046,,,142083,(주)청초수,,https://apis.data.go.kr/B552474/OdsnCodeInquiryService2/getOdsnOrgCodeInquiryList2
PUB-002B,1047,,,142085,사단법인 열린세상,,https://apis.data.go.kr/B552474/OdsnCodeInquiryService2/getOdsnOrgCodeInquiryList2
PUB-002B,1048,,,1421,평화종합사회복지관,,https://apis.data.go.kr/B552474/OdsnCodeInquiryService2/getOdsnOrgCodeInquiryList2
PUB-002B,1049,,,1422,완주시니어클럽,,https://apis.data.go.kr/B552474/OdsnCodeInquiryService2/getOdsnOrgCodeInquiryList2
PUB-002B,1050,,,1425,사단법인 희망세상,,https://apis.data.go.kr/B552474/OdsnCodeInquiryService2/getOdsnOrgCodeInquiryList2
PUB-002B,1051,,,1429,(재)신라염궁진흥원,,https://apis.data.go.kr/B552474/OdsnCodeInquiryService2/getOdsnOrgCodeInquiryList2
PUB-002B,1052,,,143,김천시노인복지관,,https://apis.data.go.kr/B552474/OdsnCodeInquiryService2/getOdsnOrgCodeInquiryList2
PUB-002B,1053,,,143084,헬스투데이(주),,https://apis.data.go.kr/B552474/OdsnCodeInquiryService2/getOdsnOrgCodeInquiryList2
PUB-002B,1054,,,143085,주식회사 떡다움,,https://apis.data.go.kr/B552474/OdsnCodeInquiryService2/getOdsnOrgCodeInquiryList2
PUB-002B,1055,,,143086,구성면사무소,,https://apis.data.go.kr/B552474/OdsnCodeInquiryService2/getOdsnOrgCodeInquiryList2
PUB-002B,1056,,,143087,돈암2동주민센터,,https://apis.data.go.kr/B552474/OdsnCodeInquiryService2/getOdsnOrgCodeInquiryList2
PUB-002B,1057,,,1431,시민노인복지센터,,https://apis.data.go.kr/B552474/OdsnCodeInquiryService2/getOdsnOrgCodeInquiryList2
PUB-002B,1058,,,1432,충주문화원,,https://apis.data.go.kr/B552474/OdsnCodeInquiryService2/getOdsnOrgCodeInquiryList2
PUB-002B,1059,,,1435,나누리노인통합지원센터,,https://apis.data.go.kr/B552474/OdsnCodeInquiryService2/getOdsnOrgCodeInquiryList2
PUB-002B,1060,,,1437,약수노인종합복지관,,https://apis.data.go.kr/B552474/OdsnCodeInquiryService2/getOdsnOrgCodeInquiryList2
PUB-002B,1061,,,144,경산시노인종합복지관,,https://apis.data.go.kr/B552474/OdsnCodeInquiryService2/getOdsnOrgCodeInquiryList2
PUB-002B,1062,,,1440,좋은이웃재가노인통합지원센터,,https://apis.data.go.kr/B552474/OdsnCodeInquiryService2/getOdsnOrgCodeInquiryList2
PUB-002B,1063,,,144083,어르신행복일자리센터,,https://apis.data.go.kr/B552474/OdsnCodeInquiryService2/getOdsnOrgCodeInquiryList2
PUB-002B,1064,,,1441,성모자애원 햇빛마을,,https://apis.data.go.kr/B552474/OdsnCodeInquiryService2/getOdsnOrgCodeInquiryList2
PUB-002B,1065,,,1442,진주노인일자리창출지원센터,,https://apis.data.go.kr/B552474/OdsnCodeInquiryService2/getOdsnOrgCodeInquiryList2
PUB-002B,1066,,,1443,노인생활과학연구소,,https://apis.data.go.kr/B552474/OdsnCodeInquiryService2/getOdsnOrgCodeInquiryList2
PUB-002B,1067,,,1444,인천서구노인인력개발센터,,https://apis.data.go.kr/B552474/OdsnCodeInquiryService2/getOdsnOrgCodeInquiryList2
PUB-002B,1068,,,1445,영도구종합사회복지관,,https://apis.data.go.kr/B552474/OdsnCodeInquiryService2/getOdsnOrgCodeInquiryList2
PUB-002B,1069,,,1447,부산 해운대구(자원순환과),,https://apis.data.go.kr/B552474/OdsnCodeInquiryService2/getOdsnOrgCodeInquiryList2
PUB-002B,1070,,,145083,(주)덕영팩,,https://apis.data.go.kr/B552474/OdsnCodeInquiryService2/getOdsnOrgCodeInquiryList2
PUB-002B,1071,,,145085,찬란한식탁협동조합,,https://apis.data.go.kr/B552474/OdsnCodeInquiryService2/getOdsnOrgCodeInquiryList2
PUB-002B,1072,,,1451,사하구종합사회복지관,,https://apis.data.go.kr/B552474/OdsnCodeInquiryService2/getOdsnOrgCodeInquiryList2
PUB-002B,1073,,,1452,인창노인복지센터,,https://apis.data.go.kr/B552474/OdsnCodeInquiryService2/getOdsnOrgCodeInquiryList2
PUB-002B,1074,,,1453,강화군노인복지관,,https://apis.data.go.kr/B552474/OdsnCodeInquiryService2/getOdsnOrgCodeInquiryList2
PUB-002B,1075,,,1458,이천은빛가정봉사원파견센터,,https://apis.data.go.kr/B552474/OdsnCodeInquiryService2/getOdsnOrgCodeInquiryList2
PUB-002B,1076,,,1460,학산종합사회복지관,,https://apis.data.go.kr/B552474/OdsnCodeInquiryService2/getOdsnOrgCodeInquiryList2
PUB-002B,1077,,,146083,(주)광천표고,,https://apis.data.go.kr/B552474/OdsnCodeInquiryService2/getOdsnOrgCodeInquiryList2
PUB-002B,1078,,,146084,(주)수림테크놀로지,,https://apis.data.go.kr/B552474/OdsnCodeInquiryService2/getOdsnOrgCodeInquiryList2
PUB-002B,1079,,,1465,부산 해운대구 보건소,,https://apis.data.go.kr/B552474/OdsnCodeInquiryService2/getOdsnOrgCodeInquiryList2
PUB-002B,1080,,,1467,사단법인 실버마을,,https://apis.data.go.kr/B552474/OdsnCodeInquiryService2/getOdsnOrgCodeInquiryList2
PUB-002B,1081,,,147,제주특별자치도노인복지관,,https://apis.data.go.kr/B552474/OdsnCodeInquiryService2/getOdsnOrgCodeInquiryList2
PUB-002B,1082,,,1470,산청인애노인통합지원센터,,https://apis.data.go.kr/B552474/OdsnCodeInquiryService2/getOdsnOrgCodeInquiryList2
PUB-002B,1083,,,147083,(주)마루담,,https://apis.data.go.kr/B552474/OdsnCodeInquiryService2/getOdsnOrgCodeInquiryList2
PUB-002B,1084,,,147084,(주)아리아,,https://apis.data.go.kr/B552474/OdsnCodeInquiryService2/getOdsnOrgCodeInquiryList2
PUB-002B,1085,,,147085,농업회사법인 하늘농가(주),,https://apis.data.go.kr/B552474/OdsnCodeInquiryService2/getOdsnOrgCodeInquiryList2
PUB-002B,1086,,,147086,(주)동양벤드,,https://apis.data.go.kr/B552474/OdsnCodeInquiryService2/getOdsnOrgCodeInquiryList2
PUB-002B,1087,,,147087,(주)서래원,,https://apis.data.go.kr/B552474/OdsnCodeInquiryService2/getOdsnOrgCodeInquiryList2
PUB-002B,1088,,,147088,아이케이(주),,https://apis.data.go.kr/B552474/OdsnCodeInquiryService2/getOdsnOrgCodeInquiryList2
PUB-002B,1089,,,147089,농업회사법인 사과깡패주식회사,,https://apis.data.go.kr/B552474/OdsnCodeInquiryService2/getOdsnOrgCodeInquiryList2
PUB-002B,1090,,,1472,동삼종합사회복지관,,https://apis.data.go.kr/B552474/OdsnCodeInquiryService2/getOdsnOrgCodeInquiryList2
PUB-002B,1091,,,1474,광주중앙노인복지센터,,https://apis.data.go.kr/B552474/OdsnCodeInquiryService2/getOdsnOrgCodeInquiryList2
PUB-002B,1092,,,1476,대한노인회 부산 영도구지회,,https://apis.data.go.kr/B552474/OdsnCodeInquiryService2/getOdsnOrgCodeInquiryList2
PUB-002B,1093,,,1477,사회복지법인우리모두복지재단대신가정봉사원파견센터,,https://apis.data.go.kr/B552474/OdsnCodeInquiryService2/getOdsnOrgCodeInquiryList2
PUB-002B,1094,,,148083,(주)바다향기,,https://apis.data.go.kr/B552474/OdsnCodeInquiryService2/getOdsnOrgCodeInquiryList2
PUB-002B,1095,,,148084,(주)스마일찬,,https://apis.data.go.kr/B552474/OdsnCodeInquiryService2/getOdsnOrgCodeInquiryList2
PUB-002B,1096,,,148085,주식회사 포세이돈컴퍼니,,https://apis.data.go.kr/B552474/OdsnCodeInquiryService2/getOdsnOrgCodeInquiryList2
PUB-002B,1097,,,148086,포항시 양학동 행정복지센터,,https://apis.data.go.kr/B552474/OdsnCodeInquiryService2/getOdsnOrgCodeInquiryList2
PUB-002B,1098,,,1482,동작종합사회복지관,,https://apis.data.go.kr/B552474/OdsnCodeInquiryService2/getOdsnOrgCodeInquiryList2
PUB-002B,1099,,,1483,한솔종합사회복지관,,https://apis.data.go.kr/B552474/OdsnCodeInquiryService2/getOdsnOrgCodeInquiryList2
PUB-002B,1100,,,1484,대한노인회 예천군지회,,https://apis.data.go.kr/B552474/OdsnCodeInquiryService2/getOdsnOrgCodeInquiryList2
PUB-002B,1101,,,1487,베데스다소규모요양시설,,https://apis.data.go.kr/B552474/OdsnCodeInquiryService2/getOdsnOrgCodeInquiryList2
PUB-002B,1102,,,1488,사단법인 여성문화인권센터,,https://apis.data.go.kr/B552474/OdsnCodeInquiryService2/getOdsnOrgCodeInquiryList2
PUB-002B,1103,,,149,강남시니어클럽,,https://apis.data.go.kr/B552474/OdsnCodeInquiryService2/getOdsnOrgCodeInquiryList2
PUB-002B,1104,,,149083,태웅식품 주식회사,,https://apis.data.go.kr/B552474/OdsnCodeInquiryService2/getOdsnOrgCodeInquiryList2
PUB-002B,1105,,,1491,서중앙노인복지센터,,https://apis.data.go.kr/B552474/OdsnCodeInquiryService2/getOdsnOrgCodeInquiryList2
PUB-002B,1106,,,1493,김해노인일자리창출지원센터,,https://apis.data.go.kr/B552474/OdsnCodeInquiryService2/getOdsnOrgCodeInquiryList2
PUB-002B,1107,,,1494,대한노인회 진천군지회,,https://apis.data.go.kr/B552474/OdsnCodeInquiryService2/getOdsnOrgCodeInquiryList2
PUB-002B,1108,,,15,성북노인종합복지관,,https://apis.data.go.kr/B552474/OdsnCodeInquiryService2/getOdsnOrgCodeInquiryList2
PUB-002B,1109,,,150,관악시니어클럽,,https://apis.data.go.kr/B552474/OdsnCodeInquiryService2/getOdsnOrgCodeInquiryList2
PUB-002B,1110,,,150083,당진시니어클럽,,https://apis.data.go.kr/B552474/OdsnCodeInquiryService2/getOdsnOrgCodeInquiryList2
PUB-002B,1111,,,150084,(주)현대에프엔비,,https://apis.data.go.kr/B552474/OdsnCodeInquiryService2/getOdsnOrgCodeInquiryList2
PUB-002B,1112,,,1501,사단법인 대한건강증진협회,,https://apis.data.go.kr/B552474/OdsnCodeInquiryService2/getOdsnOrgCodeInquiryList2
PUB-002B,1113,,,1504,군위재가노인통합지원센터,,https://apis.data.go.kr/B552474/OdsnCodeInquiryService2/getOdsnOrgCodeInquiryList2
PUB-002B,1114,,,1508,쌍용종합사회복지관,,https://apis.data.go.kr/B552474/OdsnCodeInquiryService2/getOdsnOrgCodeInquiryList2
PUB-002B,1115,,,15083,(주)유니에스,,https://apis.data.go.kr/B552474/OdsnCodeInquiryService2/getOdsnOrgCodeInquiryList2
PUB-002B,1116,,,1509,보성종합사회복지관,,https://apis.data.go.kr/B552474/OdsnCodeInquiryService2/getOdsnOrgCodeInquiryList2
PUB-002B,1117,,,151,종로시니어클럽,,https://apis.data.go.kr/B552474/OdsnCodeInquiryService2/getOdsnOrgCodeInquiryList2
PUB-002B,1118,,,1510,목포시니어클럽,,https://apis.data.go.kr/B552474/OdsnCodeInquiryService2/getOdsnOrgCodeInquiryList2
PUB-002B,1119,,,151084,(주)비움,,https://apis.data.go.kr/B552474/OdsnCodeInquiryService2/getOdsnOrgCodeInquiryList2
PUB-002B,1120,,,1511,인월노인복지센터,,https://apis.data.go.kr/B552474/OdsnCodeInquiryService2/getOdsnOrgCodeInquiryList2
PUB-002B,1121,,,1513,광주노인보호전문기관,,https://apis.data.go.kr/B552474/OdsnCodeInquiryService2/getOdsnOrgCodeInquiryList2
PUB-002B,1122,,,1516,대전광역시노인복지관,,https://apis.data.go.kr/B552474/OdsnCodeInquiryService2/getOdsnOrgCodeInquiryList2
PUB-002B,1123,,,1517,(사)함께하는 세상,,https://apis.data.go.kr/B552474/OdsnCodeInquiryService2/getOdsnOrgCodeInquiryList2
PUB-002B,1124,,,152,도봉시니어클럽,,https://apis.data.go.kr/B552474/OdsnCodeInquiryService2/getOdsnOrgCodeInquiryList2
PUB-002B,1125,,,1520,쌍봉종합사회복지관,,https://apis.data.go.kr/B552474/OdsnCodeInquiryService2/getOdsnOrgCodeInquiryList2
PUB-002B,1126,,,152083,전주또바기협동조합,,https://apis.data.go.kr/B552474/OdsnCodeInquiryService2/getOdsnOrgCodeInquiryList2
PUB-002B,1127,,,152084,일드림사회적협동조합(전북),,https://apis.data.go.kr/B552474/OdsnCodeInquiryService2/getOdsnOrgCodeInquiryList2
PUB-002B,1128,,,1522,평화노인복지센터,,https://apis.data.go.kr/B552474/OdsnCodeInquiryService2/getOdsnOrgCodeInquiryList2
PUB-002B,1129,,,1523,남동구청 주차관리과,,https://apis.data.go.kr/B552474/OdsnCodeInquiryService2/getOdsnOrgCodeInquiryList2
PUB-002B,1130,,,1525,평택문화원,,https://apis.data.go.kr/B552474/OdsnCodeInquiryService2/getOdsnOrgCodeInquiryList2
PUB-002B,1131,,,1526,계룡시노인복지관,,https://apis.data.go.kr/B552474/OdsnCodeInquiryService2/getOdsnOrgCodeInquiryList2
PUB-002B,1132,,,153,부산서구시니어클럽,,https://apis.data.go.kr/B552474/OdsnCodeInquiryService2/getOdsnOrgCodeInquiryList2
PUB-002B,1133,,,153083,노는우리협동조합,,https://apis.data.go.kr/B552474/OdsnCodeInquiryService2/getOdsnOrgCodeInquiryList2
PUB-002B,1134,,,153084,농업회사법인 순창조가식품 주식회사,,https://apis.data.go.kr/B552474/OdsnCodeInquiryService2/getOdsnOrgCodeInquiryList2
PUB-002B,1135,,,153085,주식회사 먹어본,,https://apis.data.go.kr/B552474/OdsnCodeInquiryService2/getOdsnOrgCodeInquiryList2
PUB-002B,1136,,,153086,주식회사 워시존,,https://apis.data.go.kr/B552474/OdsnCodeInquiryService2/getOdsnOrgCodeInquiryList2
PUB-002B,1137,,,1531,만덕종합사회복지관,,https://apis.data.go.kr/B552474/OdsnCodeInquiryService2/getOdsnOrgCodeInquiryList2
PUB-002B,1138,,,1537,홍성사회복지관,,https://apis.data.go.kr/B552474/OdsnCodeInquiryService2/getOdsnOrgCodeInquiryList2
PUB-002B,1139,,,154,부산금정시니어클럽,,https://apis.data.go.kr/B552474/OdsnCodeInquiryService2/getOdsnOrgCodeInquiryList2
PUB-002B,1140,,,1540,새마을운동순천시지회,,https://apis.data.go.kr/B552474/OdsnCodeInquiryService2/getOdsnOrgCodeInquiryList2
PUB-002B,1141,,,154083,부산서부아동보호전문기관,,https://apis.data.go.kr/B552474/OdsnCodeInquiryService2/getOdsnOrgCodeInquiryList2
PUB-002B,1142,,,1541,사회복지법인 해피월드복지재단,,https://apis.data.go.kr/B552474/OdsnCodeInquiryService2/getOdsnOrgCodeInquiryList2
PUB-002B,1143,,,1542,(사)한국예술문화단체총연합회 순천지부,,https://apis.data.go.kr/B552474/OdsnCodeInquiryService2/getOdsnOrgCodeInquiryList2
PUB-002B,1144,,,1547,고흥군 노인복지관,,https://apis.data.go.kr/B552474/OdsnCodeInquiryService2/getOdsnOrgCodeInquiryList2
PUB-002B,1145,,,155,대구중구시니어클럽,,https://apis.data.go.kr/B552474/OdsnCodeInquiryService2/getOdsnOrgCodeInquiryList2
PUB-002B,1146,,,155083,부락종합사회복지관,,https://apis.data.go.kr/B552474/OdsnCodeInquiryService2/getOdsnOrgCodeInquiryList2
PUB-002B,1147,,,1552,임시기관,,https://apis.data.go.kr/B552474/OdsnCodeInquiryService2/getOdsnOrgCodeInquiryList2
PUB-002B,1148,,,1553,영광 노인복지센터,,https://apis.data.go.kr/B552474/OdsnCodeInquiryService2/getOdsnOrgCodeInquiryList2
PUB-002B,1149,,,156,대구남구시니어클럽,,https://apis.data.go.kr/B552474/OdsnCodeInquiryService2/getOdsnOrgCodeInquiryList2
PUB-002B,1150,,,1560,강남종합사회복지관,,https://apis.data.go.kr/B552474/OdsnCodeInquiryService2/getOdsnOrgCodeInquiryList2
PUB-002B,1151,,,156083,고흥시니어클럽,,https://apis.data.go.kr/B552474/OdsnCodeInquiryService2/getOdsnOrgCodeInquiryList2
PUB-002B,1152,,,1561,대청종합사회복지관,,https://apis.data.go.kr/B552474/OdsnCodeInquiryService2/getOdsnOrgCodeInquiryList2
PUB-002B,1153,,,1562,사단법인 우리복지,,https://apis.data.go.kr/B552474/OdsnCodeInquiryService2/getOdsnOrgCodeInquiryList2
PUB-002B,1154,,,1566,도리원노인복지사업단,,https://apis.data.go.kr/B552474/OdsnCodeInquiryService2/getOdsnOrgCodeInquiryList2
PUB-002B,1155,,,1567,장수하늘내노인복지센터,,https://apis.data.go.kr/B552474/OdsnCodeInquiryService2/getOdsnOrgCodeInquiryList2
PUB-002B,1156,,,157,대구달서시니어클럽,,https://apis.data.go.kr/B552474/OdsnCodeInquiryService2/getOdsnOrgCodeInquiryList2
PUB-002B,1157,,,1570,화순적십자봉사회,,https://apis.data.go.kr/B552474/OdsnCodeInquiryService2/getOdsnOrgCodeInquiryList2
PUB-002B,1158,,,157083,서울특별시 아동공동생활가정 지원센터,,https://apis.data.go.kr/B552474/OdsnCodeInquiryService2/getOdsnOrgCodeInquiryList2
PUB-002B,1159,,,1573,보육시설연합회,,https://apis.data.go.kr/B552474/OdsnCodeInquiryService2/getOdsnOrgCodeInquiryList2
PUB-002B,1160,,,1575,속초시노인복지관,,https://apis.data.go.kr/B552474/OdsnCodeInquiryService2/getOdsnOrgCodeInquiryList2
PUB-002B,1161,,,1577,사)전남여성유권자연맹화순군지회,,https://apis.data.go.kr/B552474/OdsnCodeInquiryService2/getOdsnOrgCodeInquiryList2
PUB-002B,1162,,,1579,속초문화원,,https://apis.data.go.kr/B552474/OdsnCodeInquiryService2/getOdsnOrgCodeInquiryList2
PUB-002B,1163,,,158,인천계양시니어클럽,,https://apis.data.go.kr/B552474/OdsnCodeInquiryService2/getOdsnOrgCodeInquiryList2
PUB-002B,1164,,,1580,속초반야지역자활센터,,https://apis.data.go.kr/B552474/OdsnCodeInquiryService2/getOdsnOrgCodeInquiryList2
PUB-002B,1165,,,1581,경북안동시지회,,https://apis.data.go.kr/B552474/OdsnCodeInquiryService2/getOdsnOrgCodeInquiryList2
PUB-002B,1166,,,1582,속초노인복지센터,,https://apis.data.go.kr/B552474/OdsnCodeInquiryService2/getOdsnOrgCodeInquiryList2
PUB-002B,1167,,,1583,속초종합사회복지관,,https://apis.data.go.kr/B552474/OdsnCodeInquiryService2/getOdsnOrgCodeInquiryList2
PUB-002B,1168,,,1586,21세기 여성발전협의회,,https://apis.data.go.kr/B552474/OdsnCodeInquiryService2/getOdsnOrgCodeInquiryList2
PUB-002B,1169,,,159,광주남구시니어클럽,,https://apis.data.go.kr/B552474/OdsnCodeInquiryService2/getOdsnOrgCodeInquiryList2
PUB-002B,1170,,,159083,한국노인인력개발원(기초),,https://apis.data.go.kr/B552474/OdsnCodeInquiryService2/getOdsnOrgCodeInquiryList2
PUB-002B,1171,,,1596,대구달성군지회,,https://apis.data.go.kr/B552474/OdsnCodeInquiryService2/getOdsnOrgCodeInquiryList2
PUB-002B,1172,,,1599,충효예실천운동본부부여군지회,,https://apis.data.go.kr/B552474/OdsnCodeInquiryService2/getOdsnOrgCodeInquiryList2
PUB-002B,1173,,,16,송파노인종합복지관,,https://apis.data.go.kr/B552474/OdsnCodeInquiryService2/getOdsnOrgCodeInquiryList2
PUB-002B,1174,,,160,광주북구시니어클럽,,https://apis.data.go.kr/B552474/OdsnCodeInquiryService2/getOdsnOrgCodeInquiryList2
PUB-002B,1175,,,160083,영등포구노인상담센터,,https://apis.data.go.kr/B552474/OdsnCodeInquiryService2/getOdsnOrgCodeInquiryList2
PUB-002B,1176,,,1603,대한노인회 전남 진도군지회,,https://apis.data.go.kr/B552474/OdsnCodeInquiryService2/getOdsnOrgCodeInquiryList2
PUB-002B,1177,,,1604,진도군노인복지관,,https://apis.data.go.kr/B552474/OdsnCodeInquiryService2/getOdsnOrgCodeInquiryList2
PUB-002B,1178,,,1608,동구행복한어르신복지관,,https://apis.data.go.kr/B552474/OdsnCodeInquiryService2/getOdsnOrgCodeInquiryList2
PUB-002B,1179,,,16083,test재능기관,,https://apis.data.go.kr/B552474/OdsnCodeInquiryService2/getOdsnOrgCodeInquiryList2
PUB-002B,1180,,,16084,재능테스트트,,https://apis.data.go.kr/B552474/OdsnCodeInquiryService2/getOdsnOrgCodeInquiryList2
PUB-002B,1181,,,161,대전서구시니어클럽,,https://apis.data.go.kr/B552474/OdsnCodeInquiryService2/getOdsnOrgCodeInquiryList2
PUB-002B,1182,,,161083,시흥시 보건소,,https://apis.data.go.kr/B552474/OdsnCodeInquiryService2/getOdsnOrgCodeInquiryList2
PUB-002B,1183,,,1612,경주문화원,,https://apis.data.go.kr/B552474/OdsnCodeInquiryService2/getOdsnOrgCodeInquiryList2
PUB-002B,1184,,,1614,사단법인 지방행정동우회,,https://apis.data.go.kr/B552474/OdsnCodeInquiryService2/getOdsnOrgCodeInquiryList2
PUB-002B,1185,,,1615,광주노인일자리교육센터,,https://apis.data.go.kr/B552474/OdsnCodeInquiryService2/getOdsnOrgCodeInquiryList2
PUB-002B,1186,,,1617,대한노인회 경기 오산시지회,,https://apis.data.go.kr/B552474/OdsnCodeInquiryService2/getOdsnOrgCodeInquiryList2
PUB-002B,1187,,,1618,전남 장흥보건소,,https://apis.data.go.kr/B552474/OdsnCodeInquiryService2/getOdsnOrgCodeInquiryList2
PUB-002B,1188,,,1619,(사)참사랑성지원 군산나눔의 집,,https://apis.data.go.kr/B552474/OdsnCodeInquiryService2/getOdsnOrgCodeInquiryList2
PUB-002B,1189,,,162,울산중구시니어클럽,,https://apis.data.go.kr/B552474/OdsnCodeInquiryService2/getOdsnOrgCodeInquiryList2
PUB-002B,1190,,,1625,구리시니어클럽,,https://apis.data.go.kr/B552474/OdsnCodeInquiryService2/getOdsnOrgCodeInquiryList2
PUB-002B,1191,,,163,부천시니어클럽,,https://apis.data.go.kr/B552474/OdsnCodeInquiryService2/getOdsnOrgCodeInquiryList2
PUB-002B,1192,,,1630,사회복지법인 청전,,https://apis.data.go.kr/B552474/OdsnCodeInquiryService2/getOdsnOrgCodeInquiryList2
PUB-002B,1193,,,163083,당진시보건소,,https://apis.data.go.kr/B552474/OdsnCodeInquiryService2/getOdsnOrgCodeInquiryList2
PUB-002B,1194,,,1634,강진지역자활센터,,https://apis.data.go.kr/B552474/OdsnCodeInquiryService2/getOdsnOrgCodeInquiryList2
PUB-002B,1195,,,1637,양산시니어클럽,,https://apis.data.go.kr/B552474/OdsnCodeInquiryService2/getOdsnOrgCodeInquiryList2
PUB-002B,1196,,,1639,재단법인가평군복지재단(가평군노인복지관),,https://apis.data.go.kr/B552474/OdsnCodeInquiryService2/getOdsnOrgCodeInquiryList2
PUB-002B,1197,,,164,시흥시니어클럽,,https://apis.data.go.kr/B552474/OdsnCodeInquiryService2/getOdsnOrgCodeInquiryList2
PUB-002B,1198,,,164083,이천시보건소,,https://apis.data.go.kr/B552474/OdsnCodeInquiryService2/getOdsnOrgCodeInquiryList2
PUB-002B,1199,,,1643,고양시니어클럽,,https://apis.data.go.kr/B552474/OdsnCodeInquiryService2/getOdsnOrgCodeInquiryList2
PUB-002B,1200,,,1645,부산북구시니어클럽,,https://apis.data.go.kr/B552474/OdsnCodeInquiryService2/getOdsnOrgCodeInquiryList2
PUB-002B,1201,,,1646,의정부시니어클럽,,https://apis.data.go.kr/B552474/OdsnCodeInquiryService2/getOdsnOrgCodeInquiryList2
PUB-002B,1202,,,1647,부산사하시니어클럽,,https://apis.data.go.kr/B552474/OdsnCodeInquiryService2/getOdsnOrgCodeInquiryList2
PUB-002B,1203,,,1648,거창군 삶의 쉼터,,https://apis.data.go.kr/B552474/OdsnCodeInquiryService2/getOdsnOrgCodeInquiryList2
PUB-002B,1204,,,1649,속초시니어클럽,,https://apis.data.go.kr/B552474/OdsnCodeInquiryService2/getOdsnOrgCodeInquiryList2
PUB-002B,1205,,,1650,대한노인회 경기 군포시지회,,https://apis.data.go.kr/B552474/OdsnCodeInquiryService2/getOdsnOrgCodeInquiryList2
PUB-002B,1206,,,165083,청주우암시니어클럽,,https://apis.data.go.kr/B552474/OdsnCodeInquiryService2/getOdsnOrgCodeInquiryList2
PUB-002B,1207,,,1651,단원시니어클럽,,https://apis.data.go.kr/B552474/OdsnCodeInquiryService2/getOdsnOrgCodeInquiryList2
PUB-002B,1208,,,1652,미추홀노인인력개발센터,,https://apis.data.go.kr/B552474/OdsnCodeInquiryService2/getOdsnOrgCodeInquiryList2
PUB-002B,1209,,,1656,사단법인금강복지회,,https://apis.data.go.kr/B552474/OdsnCodeInquiryService2/getOdsnOrgCodeInquiryList2
PUB-002B,1210,,,1657,아산시니어클럽,,https://apis.data.go.kr/B552474/OdsnCodeInquiryService2/getOdsnOrgCodeInquiryList2
PUB-002B,1211,,,166,춘천시니어클럽,,https://apis.data.go.kr/B552474/OdsnCodeInquiryService2/getOdsnOrgCodeInquiryList2
PUB-002B,1212,,,1660,부산동구청,,https://apis.data.go.kr/B552474/OdsnCodeInquiryService2/getOdsnOrgCodeInquiryList2
PUB-002B,1213,,,1662,새마을운동광양시지회,,https://apis.data.go.kr/B552474/OdsnCodeInquiryService2/getOdsnOrgCodeInquiryList2
PUB-002B,1214,,,1663,화성시남부노인복지관,,https://apis.data.go.kr/B552474/OdsnCodeInquiryService2/getOdsnOrgCodeInquiryList2
PUB-002B,1215,,,1664,사회복지법인 한국청소년복지회,,https://apis.data.go.kr/B552474/OdsnCodeInquiryService2/getOdsnOrgCodeInquiryList2
PUB-002B,1216,,,167,충주시니어클럽,,https://apis.data.go.kr/B552474/OdsnCodeInquiryService2/getOdsnOrgCodeInquiryList2
PUB-002B,1217,,,1670,실버피스 노인복지센터,,https://apis.data.go.kr/B552474/OdsnCodeInquiryService2/getOdsnOrgCodeInquiryList2
PUB-002B,1218,,,167083,미디어피알시니어직능클럽,,https://apis.data.go.kr/B552474/OdsnCodeInquiryService2/getOdsnOrgCodeInquiryList2
PUB-002B,1219,,,1672,전주효자시니어클럽,,https://apis.data.go.kr/B552474/OdsnCodeInquiryService2/getOdsnOrgCodeInquiryList2
PUB-002B,1220,,,1673,해명노인푸른꿈일터,,https://apis.data.go.kr/B552474/OdsnCodeInquiryService2/getOdsnOrgCodeInquiryList2
PUB-002B,1221,,,1674,증평군청 행복돌봄과 노인복지팀,,https://apis.data.go.kr/B552474/OdsnCodeInquiryService2/getOdsnOrgCodeInquiryList2
PUB-002B,1222,,,1676,오산시자원봉사센터(실버인력뱅크),,https://apis.data.go.kr/B552474/OdsnCodeInquiryService2/getOdsnOrgCodeInquiryList2
PUB-002B,1223,,,1677,경주 우리농산물보존연구원,,https://apis.data.go.kr/B552474/OdsnCodeInquiryService2/getOdsnOrgCodeInquiryList2
PUB-002B,1224,,,1678,판암사회복지관,,https://apis.data.go.kr/B552474/OdsnCodeInquiryService2/getOdsnOrgCodeInquiryList2
PUB-002B,1225,,,168,청주흥덕시니어클럽,,https://apis.data.go.kr/B552474/OdsnCodeInquiryService2/getOdsnOrgCodeInquiryList2
PUB-002B,1226,,,1680,구립신내노인종합복지관,,https://apis.data.go.kr/B552474/OdsnCodeInquiryService2/getOdsnOrgCodeInquiryList2
PUB-002B,1227,,,168083,대전교원시니어직능클럽,,https://apis.data.go.kr/B552474/OdsnCodeInquiryService2/getOdsnOrgCodeInquiryList2
PUB-002B,1228,,,168084,한국아이국악협회 시니어직능클럽,,https://apis.data.go.kr/B552474/OdsnCodeInquiryService2/getOdsnOrgCodeInquiryList2
PUB-002B,1229,,,168085,(사)한국비서협회 시니어직능클럽,,https://apis.data.go.kr/B552474/OdsnCodeInquiryService2/getOdsnOrgCodeInquiryList2
PUB-002B,1230,,,168086,한류세계문화교류협회 시니어직능클럽,,https://apis.data.go.kr/B552474/OdsnCodeInquiryService2/getOdsnOrgCodeInquiryList2
PUB-002B,1231,,,168087,교통안전공단시니어직능클럽(재능),,https://apis.data.go.kr/B552474/OdsnCodeInquiryService2/getOdsnOrgCodeInquiryList2
PUB-002B,1232,,,1682,(사)충주YWCA,,https://apis.data.go.kr/B552474/OdsnCodeInquiryService2/getOdsnOrgCodeInquiryList2
PUB-002B,1233,,,1684,마천청소년수련관,,https://apis.data.go.kr/B552474/OdsnCodeInquiryService2/getOdsnOrgCodeInquiryList2
PUB-002B,1234,,,1685,구미노인일자리창출지원센터,,https://apis.data.go.kr/B552474/OdsnCodeInquiryService2/getOdsnOrgCodeInquiryList2
PUB-002B,1235,,,1688,영월지역자활센터,,https://apis.data.go.kr/B552474/OdsnCodeInquiryService2/getOdsnOrgCodeInquiryList2
PUB-002B,1236,,,1689,등촌7종합사회복지관,,https://apis.data.go.kr/B552474/OdsnCodeInquiryService2/getOdsnOrgCodeInquiryList2
PUB-002B,1237,,,169,부여시니어클럽,,https://apis.data.go.kr/B552474/OdsnCodeInquiryService2/getOdsnOrgCodeInquiryList2
PUB-002B,1238,,,1690,남원노인복지센터,,https://apis.data.go.kr/B552474/OdsnCodeInquiryService2/getOdsnOrgCodeInquiryList2
PUB-002B,1239,,,169083,(사)한국경영기술지도사회,,https://apis.data.go.kr/B552474/OdsnCodeInquiryService2/getOdsnOrgCodeInquiryList2
PUB-002B,1240,,,169084,충청남도인생이모작지원센터,,https://apis.data.go.kr/B552474/OdsnCodeInquiryService2/getOdsnOrgCodeInquiryList2
PUB-002B,1241,,,1691,분당노인종합복지관,,https://apis.data.go.kr/B552474/OdsnCodeInquiryService2/getOdsnOrgCodeInquiryList2
PUB-002B,1242,,,1693,산청복음노인통합지원센터,,https://apis.data.go.kr/B552474/OdsnCodeInquiryService2/getOdsnOrgCodeInquiryList2
PUB-002B,1243,,,1695,청양군재가노인지원센터,,https://apis.data.go.kr/B552474/OdsnCodeInquiryService2/getOdsnOrgCodeInquiryList2
PUB-002B,1244,,,1696,소라종합사회복지관,,https://apis.data.go.kr/B552474/OdsnCodeInquiryService2/getOdsnOrgCodeInquiryList2
PUB-002B,1245,,,1697,서울시중부여성발전센터,,https://apis.data.go.kr/B552474/OdsnCodeInquiryService2/getOdsnOrgCodeInquiryList2
PUB-002B,1246,,,1698,사단법인요산기념사업회,,https://apis.data.go.kr/B552474/OdsnCodeInquiryService2/getOdsnOrgCodeInquiryList2
PUB-002B,1247,,,1699,전라북도노인보호전문기관,,https://apis.data.go.kr/B552474/OdsnCodeInquiryService2/getOdsnOrgCodeInquiryList2
PUB-002B,1248,,,17,양천어르신종합복지관,,https://apis.data.go.kr/B552474/OdsnCodeInquiryService2/getOdsnOrgCodeInquiryList2
PUB-002B,1249,,,170,전북익산시니어클럽,,https://apis.data.go.kr/B552474/OdsnCodeInquiryService2/getOdsnOrgCodeInquiryList2
PUB-002B,1250,,,1700,자비의집,,https://apis.data.go.kr/B552474/OdsnCodeInquiryService2/getOdsnOrgCodeInquiryList2
PUB-002B,1251,,,170085,강릉시니어클럽,,https://apis.data.go.kr/B552474/OdsnCodeInquiryService2/getOdsnOrgCodeInquiryList2
PUB-002B,1252,,,1701,상록수노인종합복지센터,,https://apis.data.go.kr/B552474/OdsnCodeInquiryService2/getOdsnOrgCodeInquiryList2
PUB-002B,1253,,,1703,서울시립대학교종합사회복지관,,https://apis.data.go.kr/B552474/OdsnCodeInquiryService2/getOdsnOrgCodeInquiryList2
PUB-002B,1254,,,1704,동래구노인복지관,,https://apis.data.go.kr/B552474/OdsnCodeInquiryService2/getOdsnOrgCodeInquiryList2
PUB-002B,1255,,,1705,산청한일노인통합지원센터,,https://apis.data.go.kr/B552474/OdsnCodeInquiryService2/getOdsnOrgCodeInquiryList2
PUB-002B,1256,,,1707,부평중부종합사회복지관,,https://apis.data.go.kr/B552474/OdsnCodeInquiryService2/getOdsnOrgCodeInquiryList2
PUB-002B,1257,,,17083,공주시니어클럽,,https://apis.data.go.kr/B552474/OdsnCodeInquiryService2/getOdsnOrgCodeInquiryList2
PUB-002B,1258,,,171,전주시니어클럽,,https://apis.data.go.kr/B552474/OdsnCodeInquiryService2/getOdsnOrgCodeInquiryList2
PUB-002B,1259,,,171083,양천시니어클럽,,https://apis.data.go.kr/B552474/OdsnCodeInquiryService2/getOdsnOrgCodeInquiryList2
PUB-002B,1260,,,1711,마산노인일자리창출지원센터,,https://apis.data.go.kr/B552474/OdsnCodeInquiryService2/getOdsnOrgCodeInquiryList2
PUB-002B,1261,,,1712,효사랑노인일자리지원센터,,https://apis.data.go.kr/B552474/OdsnCodeInquiryService2/getOdsnOrgCodeInquiryList2
PUB-002B,1262,,,1713,한국노인복지운동본부,,https://apis.data.go.kr/B552474/OdsnCodeInquiryService2/getOdsnOrgCodeInquiryList2
PUB-002B,1263,,,1716,화원종합사회복지관,,https://apis.data.go.kr/B552474/OdsnCodeInquiryService2/getOdsnOrgCodeInquiryList2
PUB-002B,1264,,,1717,전북특별자치도노인복지관,,https://apis.data.go.kr/B552474/OdsnCodeInquiryService2/getOdsnOrgCodeInquiryList2
PUB-002B,1265,,,1719,궁동종합복지관,,https://apis.data.go.kr/B552474/OdsnCodeInquiryService2/getOdsnOrgCodeInquiryList2
PUB-002B,1266,,,172,곡성시니어클럽,,https://apis.data.go.kr/B552474/OdsnCodeInquiryService2/getOdsnOrgCodeInquiryList2
PUB-002B,1267,,,1720,안양시니어클럽,,https://apis.data.go.kr/B552474/OdsnCodeInquiryService2/getOdsnOrgCodeInquiryList2
PUB-002B,1268,,,172083,재)광주복지재단 효령노인복지타운,,https://apis.data.go.kr/B552474/OdsnCodeInquiryService2/getOdsnOrgCodeInquiryList2
PUB-002B,1269,,,172084,재)광주복지재단 효령노인복지타운,,https://apis.data.go.kr/B552474/OdsnCodeInquiryService2/getOdsnOrgCodeInquiryList2
PUB-002B,1270,,,172085,(재)광주복지재단 효령노인복지타운,,https://apis.data.go.kr/B552474/OdsnCodeInquiryService2/getOdsnOrgCodeInquiryList2
PUB-002B,1271,,,172086,광진시니어클럽,,https://apis.data.go.kr/B552474/OdsnCodeInquiryService2/getOdsnOrgCodeInquiryList2
PUB-002B,1272,,,1722,성북구보건소,,https://apis.data.go.kr/B552474/OdsnCodeInquiryService2/getOdsnOrgCodeInquiryList2
PUB-002B,1273,,,1725,(사)전국아파트입주자대표회의연합회광주지부,,https://apis.data.go.kr/B552474/OdsnCodeInquiryService2/getOdsnOrgCodeInquiryList2
PUB-002B,1274,,,1729,포천시노인복지관 실버인력뱅크,,https://apis.data.go.kr/B552474/OdsnCodeInquiryService2/getOdsnOrgCodeInquiryList2
PUB-002B,1275,,,173,여수시니어클럽,,https://apis.data.go.kr/B552474/OdsnCodeInquiryService2/getOdsnOrgCodeInquiryList2
PUB-002B,1276,,,1732,화성시실버인력뱅크,,https://apis.data.go.kr/B552474/OdsnCodeInquiryService2/getOdsnOrgCodeInquiryList2
PUB-002B,1277,,,1733,은평구립역촌노인복지관,,https://apis.data.go.kr/B552474/OdsnCodeInquiryService2/getOdsnOrgCodeInquiryList2
PUB-002B,1278,,,1734,거제시여성인력개발센터,,https://apis.data.go.kr/B552474/OdsnCodeInquiryService2/getOdsnOrgCodeInquiryList2
PUB-002B,1279,,,1735,청주시니어클럽,,https://apis.data.go.kr/B552474/OdsnCodeInquiryService2/getOdsnOrgCodeInquiryList2
PUB-002B,1280,,,1738,한울노인복지센터,,https://apis.data.go.kr/B552474/OdsnCodeInquiryService2/getOdsnOrgCodeInquiryList2
PUB-002B,1281,,,1739,보성군노인복지관,,https://apis.data.go.kr/B552474/OdsnCodeInquiryService2/getOdsnOrgCodeInquiryList2
PUB-002B,1282,,,174,경산시니어클럽,,https://apis.data.go.kr/B552474/OdsnCodeInquiryService2/getOdsnOrgCodeInquiryList2
PUB-002B,1283,,,174083,문의면행정복지센터,,https://apis.data.go.kr/B552474/OdsnCodeInquiryService2/getOdsnOrgCodeInquiryList2
PUB-002B,1284,,,1741,방화2종합사회복지관,,https://apis.data.go.kr/B552474/OdsnCodeInquiryService2/getOdsnOrgCodeInquiryList2
PUB-002B,1285,,,1744,고양시 기획재정국 세정과,,https://apis.data.go.kr/B552474/OdsnCodeInquiryService2/getOdsnOrgCodeInquiryList2
PUB-002B,1286,,,1746,수영구노인복지관,,https://apis.data.go.kr/B552474/OdsnCodeInquiryService2/getOdsnOrgCodeInquiryList2
PUB-002B,1287,,,1748,의성시니어클럽,,https://apis.data.go.kr/B552474/OdsnCodeInquiryService2/getOdsnOrgCodeInquiryList2
PUB-002B,1288,,,1749,포천종합사회복지관,,https://apis.data.go.kr/B552474/OdsnCodeInquiryService2/getOdsnOrgCodeInquiryList2
PUB-002B,1289,,,175,구미시니어클럽,,https://apis.data.go.kr/B552474/OdsnCodeInquiryService2/getOdsnOrgCodeInquiryList2
PUB-002B,1290,,,175083,주식회사떡이랑찬이랑,,https://apis.data.go.kr/B552474/OdsnCodeInquiryService2/getOdsnOrgCodeInquiryList2
PUB-002B,1291,,,1754,능인종합사회복지관,,https://apis.data.go.kr/B552474/OdsnCodeInquiryService2/getOdsnOrgCodeInquiryList2
PUB-002B,1292,,,1756,등촌4종합사회복지관,,https://apis.data.go.kr/B552474/OdsnCodeInquiryService2/getOdsnOrgCodeInquiryList2
PUB-002B,1293,,,1757,북서울종합사회복지관,,https://apis.data.go.kr/B552474/OdsnCodeInquiryService2/getOdsnOrgCodeInquiryList2
PUB-002B,1294,,,1758,횡성시니어클럽,,https://apis.data.go.kr/B552474/OdsnCodeInquiryService2/getOdsnOrgCodeInquiryList2
PUB-002B,1295,,,176,경북경주시니어클럽,,https://apis.data.go.kr/B552474/OdsnCodeInquiryService2/getOdsnOrgCodeInquiryList2
PUB-002B,1296,,,1760,성북구도시관리공단,,https://apis.data.go.kr/B552474/OdsnCodeInquiryService2/getOdsnOrgCodeInquiryList2
PUB-002B,1297,,,176083,(주)청청프로젝트연구소,,https://apis.data.go.kr/B552474/OdsnCodeInquiryService2/getOdsnOrgCodeInquiryList2
PUB-002B,1298,,,1766,계양구다문화가족지원센터,,https://apis.data.go.kr/B552474/OdsnCodeInquiryService2/getOdsnOrgCodeInquiryList2
PUB-002B,1299,,,1768,부산광역시장노년일자리지원센터,,https://apis.data.go.kr/B552474/OdsnCodeInquiryService2/getOdsnOrgCodeInquiryList2
PUB-002B,1300,,,177,진해시니어클럽,,https://apis.data.go.kr/B552474/OdsnCodeInquiryService2/getOdsnOrgCodeInquiryList2
PUB-002B,1301,,,1771,사단법인금빛복지회,,https://apis.data.go.kr/B552474/OdsnCodeInquiryService2/getOdsnOrgCodeInquiryList2
PUB-002B,1302,,,1773,부여군생애설계봉사회,,https://apis.data.go.kr/B552474/OdsnCodeInquiryService2/getOdsnOrgCodeInquiryList2
PUB-002B,1303,,,1774,영도구보건소,,https://apis.data.go.kr/B552474/OdsnCodeInquiryService2/getOdsnOrgCodeInquiryList2
PUB-002B,1304,,,1775,성언의집 노인복지센터,,https://apis.data.go.kr/B552474/OdsnCodeInquiryService2/getOdsnOrgCodeInquiryList2
PUB-002B,1305,,,1776,(중단),,https://apis.data.go.kr/B552474/OdsnCodeInquiryService2/getOdsnOrgCodeInquiryList2
PUB-002B,1306,,,1779,인천 중구 노인장애인과,,https://apis.data.go.kr/B552474/OdsnCodeInquiryService2/getOdsnOrgCodeInquiryList2
PUB-002B,1307,,,178,제주시니어클럽,,https://apis.data.go.kr/B552474/OdsnCodeInquiryService2/getOdsnOrgCodeInquiryList2
PUB-002B,1308,,,1781,전사랑노인복지센터,,https://apis.data.go.kr/B552474/OdsnCodeInquiryService2/getOdsnOrgCodeInquiryList2
PUB-002B,1309,,,1782,군산적십자평생대학,,https://apis.data.go.kr/B552474/OdsnCodeInquiryService2/getOdsnOrgCodeInquiryList2
PUB-002B,1310,,,1784,참사랑노인복지센타,,https://apis.data.go.kr/B552474/OdsnCodeInquiryService2/getOdsnOrgCodeInquiryList2
PUB-002B,1311,,,1786,중마노인복지관,,https://apis.data.go.kr/B552474/OdsnCodeInquiryService2/getOdsnOrgCodeInquiryList2
PUB-002B,1312,,,1787,속초시해오미작업장,,https://apis.data.go.kr/B552474/OdsnCodeInquiryService2/getOdsnOrgCodeInquiryList2
PUB-002B,1313,,,1788,군산종합사회복지관,,https://apis.data.go.kr/B552474/OdsnCodeInquiryService2/getOdsnOrgCodeInquiryList2
PUB-002B,1314,,,179,대한노인회 취업지원본부,,https://apis.data.go.kr/B552474/OdsnCodeInquiryService2/getOdsnOrgCodeInquiryList2
PUB-002B,1315,,,179083,(주)러블리페이퍼,,https://apis.data.go.kr/B552474/OdsnCodeInquiryService2/getOdsnOrgCodeInquiryList2
PUB-002B,1316,,,1793,청송시니어클럽,,https://apis.data.go.kr/B552474/OdsnCodeInquiryService2/getOdsnOrgCodeInquiryList2
PUB-002B,1317,,,1795,군산나운종합사회복지관,,https://apis.data.go.kr/B552474/OdsnCodeInquiryService2/getOdsnOrgCodeInquiryList2
PUB-002B,1318,,,18,영등포노인종합복지관,,https://apis.data.go.kr/B552474/OdsnCodeInquiryService2/getOdsnOrgCodeInquiryList2
PUB-002B,1319,,,180,대한노인회 서울시 연합회,,https://apis.data.go.kr/B552474/OdsnCodeInquiryService2/getOdsnOrgCodeInquiryList2
PUB-002B,1320,,,1800,광양대광교회,,https://apis.data.go.kr/B552474/OdsnCodeInquiryService2/getOdsnOrgCodeInquiryList2
PUB-002B,1321,,,180083,사단법인미래고용나눔협회,,https://apis.data.go.kr/B552474/OdsnCodeInquiryService2/getOdsnOrgCodeInquiryList2
PUB-002B,1322,,,1801,무주시니어클럽,,https://apis.data.go.kr/B552474/OdsnCodeInquiryService2/getOdsnOrgCodeInquiryList2
PUB-002B,1323,,,1802,전라북도립장애인종합복지관,,https://apis.data.go.kr/B552474/OdsnCodeInquiryService2/getOdsnOrgCodeInquiryList2
PUB-002B,1324,,,1803,화순군재향군인회,,https://apis.data.go.kr/B552474/OdsnCodeInquiryService2/getOdsnOrgCodeInquiryList2
PUB-002B,1325,,,1805,화순효사랑노인복지센터,,https://apis.data.go.kr/B552474/OdsnCodeInquiryService2/getOdsnOrgCodeInquiryList2
PUB-002B,1326,,,1806,나주소방서화순119센터,,https://apis.data.go.kr/B552474/OdsnCodeInquiryService2/getOdsnOrgCodeInquiryList2
PUB-002B,1327,,,1807,토원전통식품&문화마을영농조합법인,,https://apis.data.go.kr/B552474/OdsnCodeInquiryService2/getOdsnOrgCodeInquiryList2
PUB-002B,1328,,,1808,화순군궁도협회,,https://apis.data.go.kr/B552474/OdsnCodeInquiryService2/getOdsnOrgCodeInquiryList2
PUB-002B,1329,,,18083,밀양시니어클럽,,https://apis.data.go.kr/B552474/OdsnCodeInquiryService2/getOdsnOrgCodeInquiryList2
PUB-002B,1330,,,181,대한노인회 부산연합회,,https://apis.data.go.kr/B552474/OdsnCodeInquiryService2/getOdsnOrgCodeInquiryList2
PUB-002B,1331,,,1810,나눔평생교육원,,https://apis.data.go.kr/B552474/OdsnCodeInquiryService2/getOdsnOrgCodeInquiryList2
PUB-002B,1332,,,181083,대한성공회 포천나눔의집,,https://apis.data.go.kr/B552474/OdsnCodeInquiryService2/getOdsnOrgCodeInquiryList2
PUB-002B,1333,,,1811,대한노인회 경북 봉화군지회,,https://apis.data.go.kr/B552474/OdsnCodeInquiryService2/getOdsnOrgCodeInquiryList2
PUB-002B,1334,,,1812,월계종합사회복지관,,https://apis.data.go.kr/B552474/OdsnCodeInquiryService2/getOdsnOrgCodeInquiryList2
PUB-002B,1335,,,1814,용산노인복지센터,,https://apis.data.go.kr/B552474/OdsnCodeInquiryService2/getOdsnOrgCodeInquiryList2
PUB-002B,1336,,,1816,은빛여울그림자인형극단,,https://apis.data.go.kr/B552474/OdsnCodeInquiryService2/getOdsnOrgCodeInquiryList2
PUB-002B,1337,,,1819,완도시니어클럽,,https://apis.data.go.kr/B552474/OdsnCodeInquiryService2/getOdsnOrgCodeInquiryList2
PUB-002B,1338,,,182,(사)대한노인회 대구광역시연합회,,https://apis.data.go.kr/B552474/OdsnCodeInquiryService2/getOdsnOrgCodeInquiryList2
PUB-002B,1339,,,1820,참뜻노인복지센터,,https://apis.data.go.kr/B552474/OdsnCodeInquiryService2/getOdsnOrgCodeInquiryList2
PUB-002B,1340,,,182083,노원시니어클럽,,https://apis.data.go.kr/B552474/OdsnCodeInquiryService2/getOdsnOrgCodeInquiryList2
PUB-002B,1341,,,1822,대한예수교장로회성동교회,,https://apis.data.go.kr/B552474/OdsnCodeInquiryService2/getOdsnOrgCodeInquiryList2
PUB-002B,1342,,,1824,완도신흥사,,https://apis.data.go.kr/B552474/OdsnCodeInquiryService2/getOdsnOrgCodeInquiryList2
PUB-002B,1343,,,1827,강원 인제군지회,,https://apis.data.go.kr/B552474/OdsnCodeInquiryService2/getOdsnOrgCodeInquiryList2
PUB-002B,1344,,,1829,오치종합사회복지관,,https://apis.data.go.kr/B552474/OdsnCodeInquiryService2/getOdsnOrgCodeInquiryList2
PUB-002B,1345,,,183,대한노인회 인천연합회 취업지원센터,,https://apis.data.go.kr/B552474/OdsnCodeInquiryService2/getOdsnOrgCodeInquiryList2
PUB-002B,1346,,,1830,신월종합사회복지관,,https://apis.data.go.kr/B552474/OdsnCodeInquiryService2/getOdsnOrgCodeInquiryList2
PUB-002B,1347,,,1836,중부노인복지관,,https://apis.data.go.kr/B552474/OdsnCodeInquiryService2/getOdsnOrgCodeInquiryList2
PUB-002B,1348,,,1837,정림종합사회복지관,,https://apis.data.go.kr/B552474/OdsnCodeInquiryService2/getOdsnOrgCodeInquiryList2
PUB-002B,1349,,,1838,(사)나눔과기쁨,,https://apis.data.go.kr/B552474/OdsnCodeInquiryService2/getOdsnOrgCodeInquiryList2
PUB-002B,1350,,,1840,서귀포시니어클럽,,https://apis.data.go.kr/B552474/OdsnCodeInquiryService2/getOdsnOrgCodeInquiryList2
PUB-002B,1351,,,1841,샬롬노인복지센터,,https://apis.data.go.kr/B552474/OdsnCodeInquiryService2/getOdsnOrgCodeInquiryList2
PUB-002B,1352,,,1846,부산광역시 서구청 청소위생과,,https://apis.data.go.kr/B552474/OdsnCodeInquiryService2/getOdsnOrgCodeInquiryList2
PUB-002B,1353,,,1847,팔공노인복지관1,,https://apis.data.go.kr/B552474/OdsnCodeInquiryService2/getOdsnOrgCodeInquiryList2
PUB-002B,1354,,,1848,수정중앙노인종합복지관,,https://apis.data.go.kr/B552474/OdsnCodeInquiryService2/getOdsnOrgCodeInquiryList2
PUB-002B,1355,,,185,대한노인회 대전연합회,,https://apis.data.go.kr/B552474/OdsnCodeInquiryService2/getOdsnOrgCodeInquiryList2
PUB-002B,1356,,,185083,책상없는학교,,https://apis.data.go.kr/B552474/OdsnCodeInquiryService2/getOdsnOrgCodeInquiryList2
PUB-002B,1357,,,1852,사당종합사회복지관,,https://apis.data.go.kr/B552474/OdsnCodeInquiryService2/getOdsnOrgCodeInquiryList2
PUB-002B,1358,,,1853,YWCA은학의 집,,https://apis.data.go.kr/B552474/OdsnCodeInquiryService2/getOdsnOrgCodeInquiryList2
PUB-002B,1359,,,1854,통영시종합사회복지관,,https://apis.data.go.kr/B552474/OdsnCodeInquiryService2/getOdsnOrgCodeInquiryList2
PUB-002B,1360,,,1856,길꽃어린이도서관,,https://apis.data.go.kr/B552474/OdsnCodeInquiryService2/getOdsnOrgCodeInquiryList2
PUB-002B,1361,,,1858,영등포구장애인사랑나눔의집,,https://apis.data.go.kr/B552474/OdsnCodeInquiryService2/getOdsnOrgCodeInquiryList2
PUB-002B,1362,,,1859,진천시니어클럽,,https://apis.data.go.kr/B552474/OdsnCodeInquiryService2/getOdsnOrgCodeInquiryList2
PUB-002B,1363,,,186,대한노인회 울산연합회,,https://apis.data.go.kr/B552474/OdsnCodeInquiryService2/getOdsnOrgCodeInquiryList2
PUB-002B,1364,,,1860,마포지역아동센터연합회,,https://apis.data.go.kr/B552474/OdsnCodeInquiryService2/getOdsnOrgCodeInquiryList2
PUB-002B,1365,,,186083,가족사랑재가요양센터,,https://apis.data.go.kr/B552474/OdsnCodeInquiryService2/getOdsnOrgCodeInquiryList2
PUB-002B,1366,,,1862,서울시 성북구지회,,https://apis.data.go.kr/B552474/OdsnCodeInquiryService2/getOdsnOrgCodeInquiryList2
PUB-002B,1367,,,1863,양경노인복지센터,,https://apis.data.go.kr/B552474/OdsnCodeInquiryService2/getOdsnOrgCodeInquiryList2
PUB-002B,1368,,,1865,동대문종합사회복지관,,https://apis.data.go.kr/B552474/OdsnCodeInquiryService2/getOdsnOrgCodeInquiryList2
PUB-002B,1369,,,1866,정읍시북부노인복지관,,https://apis.data.go.kr/B552474/OdsnCodeInquiryService2/getOdsnOrgCodeInquiryList2
PUB-002B,1370,,,187,대한노인회 경기연합회 취업지원센터,,https://apis.data.go.kr/B552474/OdsnCodeInquiryService2/getOdsnOrgCodeInquiryList2
PUB-002B,1371,,,1870,방학동어르신복지관,,https://apis.data.go.kr/B552474/OdsnCodeInquiryService2/getOdsnOrgCodeInquiryList2
PUB-002B,1372,,,187083,금천시니어클럽,,https://apis.data.go.kr/B552474/OdsnCodeInquiryService2/getOdsnOrgCodeInquiryList2
PUB-002B,1373,,,1871,구리실버인력뱅크,,https://apis.data.go.kr/B552474/OdsnCodeInquiryService2/getOdsnOrgCodeInquiryList2
PUB-002B,1374,,,1874,동작이수사회복지관,,https://apis.data.go.kr/B552474/OdsnCodeInquiryService2/getOdsnOrgCodeInquiryList2
PUB-002B,1375,,,1875,대구동구시니어클럽,,https://apis.data.go.kr/B552474/OdsnCodeInquiryService2/getOdsnOrgCodeInquiryList2
PUB-002B,1376,,,1877,대구북구시니어클럽,,https://apis.data.go.kr/B552474/OdsnCodeInquiryService2/getOdsnOrgCodeInquiryList2
PUB-002B,1377,,,1878,대전동구시니어클럽,,https://apis.data.go.kr/B552474/OdsnCodeInquiryService2/getOdsnOrgCodeInquiryList2
PUB-002B,1378,,,1879,대전대동종합사회복지관,,https://apis.data.go.kr/B552474/OdsnCodeInquiryService2/getOdsnOrgCodeInquiryList2
PUB-002B,1379,,,188,(사)대한노인회 강원특별자치도연합회,,https://apis.data.go.kr/B552474/OdsnCodeInquiryService2/getOdsnOrgCodeInquiryList2
PUB-002B,1380,,,1880,대구서구시니어클럽,,https://apis.data.go.kr/B552474/OdsnCodeInquiryService2/getOdsnOrgCodeInquiryList2
PUB-002B,1381,,,1882,사단법인화순군새마을회,,https://apis.data.go.kr/B552474/OdsnCodeInquiryService2/getOdsnOrgCodeInquiryList2
PUB-002B,1382,,,1885,연천군노인복지관 실버인력뱅크,,https://apis.data.go.kr/B552474/OdsnCodeInquiryService2/getOdsnOrgCodeInquiryList2
PUB-002B,1383,,,1887,서초방배노인종합복지관,,https://apis.data.go.kr/B552474/OdsnCodeInquiryService2/getOdsnOrgCodeInquiryList2
PUB-002B,1384,,,1888,공창종합사회복지관,,https://apis.data.go.kr/B552474/OdsnCodeInquiryService2/getOdsnOrgCodeInquiryList2
PUB-002B,1385,,,1889,성남시분당시니어클럽,,https://apis.data.go.kr/B552474/OdsnCodeInquiryService2/getOdsnOrgCodeInquiryList2
PUB-002B,1386,,,189,대한노인회 충북연합회 취업지원센터,,https://apis.data.go.kr/B552474/OdsnCodeInquiryService2/getOdsnOrgCodeInquiryList2
PUB-002B,1387,,,1890,재단법인 광주광역시사회서비스원,,https://apis.data.go.kr/B552474/OdsnCodeInquiryService2/getOdsnOrgCodeInquiryList2
PUB-002B,1388,,,189083,부산 해운대구(미래도시과),,https://apis.data.go.kr/B552474/OdsnCodeInquiryService2/getOdsnOrgCodeInquiryList2
PUB-002B,1389,,,1891,남양주시니어클럽,,https://apis.data.go.kr/B552474/OdsnCodeInquiryService2/getOdsnOrgCodeInquiryList2
PUB-002B,1390,,,1892,대한예수교장로회영신교회,,https://apis.data.go.kr/B552474/OdsnCodeInquiryService2/getOdsnOrgCodeInquiryList2
PUB-002B,1391,,,1893,사랑요양원,,https://apis.data.go.kr/B552474/OdsnCodeInquiryService2/getOdsnOrgCodeInquiryList2
PUB-002B,1392,,,1895,서울특별시간호조무사회,,https://apis.data.go.kr/B552474/OdsnCodeInquiryService2/getOdsnOrgCodeInquiryList2
PUB-002B,1393,,,1896,사단법인 서울시노인종합복지관협회,,https://apis.data.go.kr/B552474/OdsnCodeInquiryService2/getOdsnOrgCodeInquiryList2
PUB-002B,1394,,,1899,전국주부교실중앙회,,https://apis.data.go.kr/B552474/OdsnCodeInquiryService2/getOdsnOrgCodeInquiryList2
PUB-002B,1395,,,19,시립용산노인종합복지관,,https://apis.data.go.kr/B552474/OdsnCodeInquiryService2/getOdsnOrgCodeInquiryList2
PUB-002B,1396,,,1900,CBS보육교사교육원,,https://apis.data.go.kr/B552474/OdsnCodeInquiryService2/getOdsnOrgCodeInquiryList2
PUB-002B,1397,,,190083,광주시노인복지관,,https://apis.data.go.kr/B552474/OdsnCodeInquiryService2/getOdsnOrgCodeInquiryList2
PUB-002B,1398,,,1901,압구정노인복지관,,https://apis.data.go.kr/B552474/OdsnCodeInquiryService2/getOdsnOrgCodeInquiryList2
PUB-002B,1399,,,1902,동두천시노인복지관,,https://apis.data.go.kr/B552474/OdsnCodeInquiryService2/getOdsnOrgCodeInquiryList2
PUB-002B,1400,,,1903,백석대학교 부설 백석실버센터,,https://apis.data.go.kr/B552474/OdsnCodeInquiryService2/getOdsnOrgCodeInquiryList2
PUB-002B,1401,,,1904,광명시립소하노인종합복지관,,https://apis.data.go.kr/B552474/OdsnCodeInquiryService2/getOdsnOrgCodeInquiryList2
PUB-002B,1402,,,1906,대한예수교장로회용문교회,,https://apis.data.go.kr/B552474/OdsnCodeInquiryService2/getOdsnOrgCodeInquiryList2
PUB-002B,1403,,,1907,화장실문화시민연대,,https://apis.data.go.kr/B552474/OdsnCodeInquiryService2/getOdsnOrgCodeInquiryList2
PUB-002B,1404,,,1909,안동시니어클럽,,https://apis.data.go.kr/B552474/OdsnCodeInquiryService2/getOdsnOrgCodeInquiryList2
PUB-002B,1405,,,191,대한노인회 전북연합회,,https://apis.data.go.kr/B552474/OdsnCodeInquiryService2/getOdsnOrgCodeInquiryList2
PUB-002B,1406,,,191083,진안시니어클럽,,https://apis.data.go.kr/B552474/OdsnCodeInquiryService2/getOdsnOrgCodeInquiryList2
PUB-002B,1407,,,1912,김포시니어클럽,,https://apis.data.go.kr/B552474/OdsnCodeInquiryService2/getOdsnOrgCodeInquiryList2
PUB-002B,1408,,,1913,부산기장시니어클럽,,https://apis.data.go.kr/B552474/OdsnCodeInquiryService2/getOdsnOrgCodeInquiryList2
PUB-002B,1409,,,1915,(사)서울시니어아카데미,,https://apis.data.go.kr/B552474/OdsnCodeInquiryService2/getOdsnOrgCodeInquiryList2
PUB-002B,1410,,,1916,한국보육시설연합회 서울시가정분과위원회,,https://apis.data.go.kr/B552474/OdsnCodeInquiryService2/getOdsnOrgCodeInquiryList2
PUB-002B,1411,,,1917,부평구노인인력개발센터,,https://apis.data.go.kr/B552474/OdsnCodeInquiryService2/getOdsnOrgCodeInquiryList2
PUB-002B,1412,,,1919,울주시니어클럽,,https://apis.data.go.kr/B552474/OdsnCodeInquiryService2/getOdsnOrgCodeInquiryList2
PUB-002B,1413,,,192,대한노인회 전남연합회 취업지원센터,,https://apis.data.go.kr/B552474/OdsnCodeInquiryService2/getOdsnOrgCodeInquiryList2
PUB-002B,1414,,,1920,강원태백지역자활센터,,https://apis.data.go.kr/B552474/OdsnCodeInquiryService2/getOdsnOrgCodeInquiryList2
PUB-002B,1415,,,192083,(주)지엔그린,,https://apis.data.go.kr/B552474/OdsnCodeInquiryService2/getOdsnOrgCodeInquiryList2
PUB-002B,1416,,,1921,(사)한국노인사랑운동본부,,https://apis.data.go.kr/B552474/OdsnCodeInquiryService2/getOdsnOrgCodeInquiryList2
PUB-002B,1417,,,193,대한노인회 경북연합회,,https://apis.data.go.kr/B552474/OdsnCodeInquiryService2/getOdsnOrgCodeInquiryList2
PUB-002B,1418,,,1934,연수구노인인력개발센터,,https://apis.data.go.kr/B552474/OdsnCodeInquiryService2/getOdsnOrgCodeInquiryList2
PUB-002B,1419,,,194,(사)대한노인회 경남연합회,,https://apis.data.go.kr/B552474/OdsnCodeInquiryService2/getOdsnOrgCodeInquiryList2
PUB-002B,1420,,,194083,노인일자리협동조합,,https://apis.data.go.kr/B552474/OdsnCodeInquiryService2/getOdsnOrgCodeInquiryList2
PUB-002B,1421,,,1942,해운대종합사회복지관,,https://apis.data.go.kr/B552474/OdsnCodeInquiryService2/getOdsnOrgCodeInquiryList2
PUB-002B,1422,,,1954,파랑새종합사회복지관,,https://apis.data.go.kr/B552474/OdsnCodeInquiryService2/getOdsnOrgCodeInquiryList2
PUB-002B,1423,,,1959,예산군노인종합복지관,,https://apis.data.go.kr/B552474/OdsnCodeInquiryService2/getOdsnOrgCodeInquiryList2
PUB-002B,1424,,,196,대한노인회 제주연합회,,https://apis.data.go.kr/B552474/OdsnCodeInquiryService2/getOdsnOrgCodeInquiryList2
PUB-002B,1425,,,196083,금호종합사회복지관,,https://apis.data.go.kr/B552474/OdsnCodeInquiryService2/getOdsnOrgCodeInquiryList2
PUB-002B,1426,,,1964,사단법인 행복한노인,,https://apis.data.go.kr/B552474/OdsnCodeInquiryService2/getOdsnOrgCodeInquiryList2
PUB-002B,1427,,,1965,경북노인복지문화센터,,https://apis.data.go.kr/B552474/OdsnCodeInquiryService2/getOdsnOrgCodeInquiryList2
PUB-002B,1428,,,197083,농업회사법인 주식회사 파란나무새,,https://apis.data.go.kr/B552474/OdsnCodeInquiryService2/getOdsnOrgCodeInquiryList2
PUB-002B,1429,,,1971,반여종합사회복지관,,https://apis.data.go.kr/B552474/OdsnCodeInquiryService2/getOdsnOrgCodeInquiryList2
PUB-002B,1430,,,1979,참-더부러재가노인복지센터,,https://apis.data.go.kr/B552474/OdsnCodeInquiryService2/getOdsnOrgCodeInquiryList2
PUB-002B,1431,,,198,종로구청 어르신복지과,,https://apis.data.go.kr/B552474/OdsnCodeInquiryService2/getOdsnOrgCodeInquiryList2
PUB-002B,1432,,,198083,광주북구사회적경제연합회,,https://apis.data.go.kr/B552474/OdsnCodeInquiryService2/getOdsnOrgCodeInquiryList2
PUB-002B,1433,,,198086,달성군북부노인복지관,,https://apis.data.go.kr/B552474/OdsnCodeInquiryService2/getOdsnOrgCodeInquiryList2
PUB-002B,1434,,,1989,김천시니어클럽,,https://apis.data.go.kr/B552474/OdsnCodeInquiryService2/getOdsnOrgCodeInquiryList2
PUB-002B,1435,,,199,중구청 복지환경국 어르신장애인복지과,,https://apis.data.go.kr/B552474/OdsnCodeInquiryService2/getOdsnOrgCodeInquiryList2
PUB-002B,1436,,,1990,광주서구시니어클럽,,https://apis.data.go.kr/B552474/OdsnCodeInquiryService2/getOdsnOrgCodeInquiryList2
PUB-002B,1437,,,1991,사)한국노인복지학교,,https://apis.data.go.kr/B552474/OdsnCodeInquiryService2/getOdsnOrgCodeInquiryList2
PUB-002B,1438,,,1994,사랑나눔 노인복지센터,,https://apis.data.go.kr/B552474/OdsnCodeInquiryService2/getOdsnOrgCodeInquiryList2
PUB-002B,1439,,,2,성가정노인종합복지관,,https://apis.data.go.kr/B552474/OdsnCodeInquiryService2/getOdsnOrgCodeInquiryList2
PUB-002B,1440,,,20,시립은평노인종합복지관,,https://apis.data.go.kr/B552474/OdsnCodeInquiryService2/getOdsnOrgCodeInquiryList2
PUB-002B,1441,,,200,용산구청 생활지원국 어르신복지과,,https://apis.data.go.kr/B552474/OdsnCodeInquiryService2/getOdsnOrgCodeInquiryList2
PUB-002B,1442,,,2000,연화노인복지센터,,https://apis.data.go.kr/B552474/OdsnCodeInquiryService2/getOdsnOrgCodeInquiryList2
PUB-002B,1443,,,200083,송도노인복지관,,https://apis.data.go.kr/B552474/OdsnCodeInquiryService2/getOdsnOrgCodeInquiryList2
PUB-002B,1444,,,2004,시영종합사회복지관,,https://apis.data.go.kr/B552474/OdsnCodeInquiryService2/getOdsnOrgCodeInquiryList2
PUB-002B,1445,,,2006,각화종합사회복지관,,https://apis.data.go.kr/B552474/OdsnCodeInquiryService2/getOdsnOrgCodeInquiryList2
PUB-002B,1446,,,2008,세종시보건소,,https://apis.data.go.kr/B552474/OdsnCodeInquiryService2/getOdsnOrgCodeInquiryList2
PUB-002B,1447,,,20083,화성시동탄노인복지관,,https://apis.data.go.kr/B552474/OdsnCodeInquiryService2/getOdsnOrgCodeInquiryList2
PUB-002B,1448,,,201,성 동 구 청,,https://apis.data.go.kr/B552474/OdsnCodeInquiryService2/getOdsnOrgCodeInquiryList2
PUB-002B,1449,,,201083,효성노인문화센터,,https://apis.data.go.kr/B552474/OdsnCodeInquiryService2/getOdsnOrgCodeInquiryList2
PUB-002B,1450,,,2012,영동군사회복지협의회,,https://apis.data.go.kr/B552474/OdsnCodeInquiryService2/getOdsnOrgCodeInquiryList2
PUB-002B,1451,,,2015,사)경기도실버자원봉사회,,https://apis.data.go.kr/B552474/OdsnCodeInquiryService2/getOdsnOrgCodeInquiryList2
PUB-002B,1452,,,2017,용인시니어클럽,,https://apis.data.go.kr/B552474/OdsnCodeInquiryService2/getOdsnOrgCodeInquiryList2
PUB-002B,1453,,,2018,서로사랑가정폭력상담원교육훈련시설,,https://apis.data.go.kr/B552474/OdsnCodeInquiryService2/getOdsnOrgCodeInquiryList2
PUB-002B,1454,,,202,광진구청복지국 어르신복지과,,https://apis.data.go.kr/B552474/OdsnCodeInquiryService2/getOdsnOrgCodeInquiryList2
PUB-002B,1455,,,2020,경기도노인일자리지원센터,,https://apis.data.go.kr/B552474/OdsnCodeInquiryService2/getOdsnOrgCodeInquiryList2
PUB-002B,1456,,,202083,계룡시니어클럽,,https://apis.data.go.kr/B552474/OdsnCodeInquiryService2/getOdsnOrgCodeInquiryList2
PUB-002B,1457,,,2022,광주시노인복지관,,https://apis.data.go.kr/B552474/OdsnCodeInquiryService2/getOdsnOrgCodeInquiryList2
PUB-002B,1458,,,2023,성내종합사회복지관,,https://apis.data.go.kr/B552474/OdsnCodeInquiryService2/getOdsnOrgCodeInquiryList2
PUB-002B,1459,,,2026,대한노인회 충남 논산시지회,,https://apis.data.go.kr/B552474/OdsnCodeInquiryService2/getOdsnOrgCodeInquiryList2
PUB-002B,1460,,,2027,충청북도북부노인보호전문기관,,https://apis.data.go.kr/B552474/OdsnCodeInquiryService2/getOdsnOrgCodeInquiryList2
PUB-002B,1461,,,2028,갈월종합사회복지관,,https://apis.data.go.kr/B552474/OdsnCodeInquiryService2/getOdsnOrgCodeInquiryList2
PUB-002B,1462,,,203,동대문구청,,https://apis.data.go.kr/B552474/OdsnCodeInquiryService2/getOdsnOrgCodeInquiryList2
PUB-002B,1463,,,203083,효성노인문화센터,,https://apis.data.go.kr/B552474/OdsnCodeInquiryService2/getOdsnOrgCodeInquiryList2
PUB-002B,1464,,,2031,서초구립중앙노인종합복지관,,https://apis.data.go.kr/B552474/OdsnCodeInquiryService2/getOdsnOrgCodeInquiryList2
PUB-002B,1465,,,2033,서울시북부여성발전센터,,https://apis.data.go.kr/B552474/OdsnCodeInquiryService2/getOdsnOrgCodeInquiryList2
PUB-002B,1466,,,2038,(사회복지법인) 낙산사 복지재단,,https://apis.data.go.kr/B552474/OdsnCodeInquiryService2/getOdsnOrgCodeInquiryList2
PUB-002B,1467,,,204,중랑구청 생활복지국 어르신복지과,,https://apis.data.go.kr/B552474/OdsnCodeInquiryService2/getOdsnOrgCodeInquiryList2
PUB-002B,1468,,,2040,시흥시노인종합복지관,,https://apis.data.go.kr/B552474/OdsnCodeInquiryService2/getOdsnOrgCodeInquiryList2
PUB-002B,1469,,,2042,방화11종합사회복지관,,https://apis.data.go.kr/B552474/OdsnCodeInquiryService2/getOdsnOrgCodeInquiryList2
PUB-002B,1470,,,2044,도양노인복지센터,,https://apis.data.go.kr/B552474/OdsnCodeInquiryService2/getOdsnOrgCodeInquiryList2
PUB-002B,1471,,,2047,위스타트춘천마을,,https://apis.data.go.kr/B552474/OdsnCodeInquiryService2/getOdsnOrgCodeInquiryList2
PUB-002B,1472,,,2048,이천시노인종합복지관,,https://apis.data.go.kr/B552474/OdsnCodeInquiryService2/getOdsnOrgCodeInquiryList2
PUB-002B,1473,,,2049,등촌9종합사회복지관,,https://apis.data.go.kr/B552474/OdsnCodeInquiryService2/getOdsnOrgCodeInquiryList2
PUB-002B,1474,,,205,성북구청,,https://apis.data.go.kr/B552474/OdsnCodeInquiryService2/getOdsnOrgCodeInquiryList2
PUB-002B,1475,,,205083,검단노인복지관,,https://apis.data.go.kr/B552474/OdsnCodeInquiryService2/getOdsnOrgCodeInquiryList2
PUB-002B,1476,,,205084,해운대인문학도서관,,https://apis.data.go.kr/B552474/OdsnCodeInquiryService2/getOdsnOrgCodeInquiryList2
PUB-002B,1477,,,2052,군포실버인력뱅크,,https://apis.data.go.kr/B552474/OdsnCodeInquiryService2/getOdsnOrgCodeInquiryList2
PUB-002B,1478,,,2054,원주시니어클럽,,https://apis.data.go.kr/B552474/OdsnCodeInquiryService2/getOdsnOrgCodeInquiryList2
PUB-002B,1479,,,2055,온누리노인복지센터,,https://apis.data.go.kr/B552474/OdsnCodeInquiryService2/getOdsnOrgCodeInquiryList2
PUB-002B,1480,,,2058,효자의집재가복지센터,,https://apis.data.go.kr/B552474/OdsnCodeInquiryService2/getOdsnOrgCodeInquiryList2
PUB-002B,1481,,,206,강북구청 복지국 어르신장애인과,,https://apis.data.go.kr/B552474/OdsnCodeInquiryService2/getOdsnOrgCodeInquiryList2
PUB-002B,1482,,,2060,하늘향노인복지센터,,https://apis.data.go.kr/B552474/OdsnCodeInquiryService2/getOdsnOrgCodeInquiryList2
PUB-002B,1483,,,206083,산곡노인문화센터,,https://apis.data.go.kr/B552474/OdsnCodeInquiryService2/getOdsnOrgCodeInquiryList2
PUB-002B,1484,,,2061,한울재가복지센터,,https://apis.data.go.kr/B552474/OdsnCodeInquiryService2/getOdsnOrgCodeInquiryList2
PUB-002B,1485,,,2062,사단법인 우리는,,https://apis.data.go.kr/B552474/OdsnCodeInquiryService2/getOdsnOrgCodeInquiryList2
PUB-002B,1486,,,2063,갈현노인복지관,,https://apis.data.go.kr/B552474/OdsnCodeInquiryService2/getOdsnOrgCodeInquiryList2
PUB-002B,1487,,,207,도봉구청 복지환경국 어르신장애인과,,https://apis.data.go.kr/B552474/OdsnCodeInquiryService2/getOdsnOrgCodeInquiryList2
PUB-002B,1488,,,207083,산곡노인문화센터,,https://apis.data.go.kr/B552474/OdsnCodeInquiryService2/getOdsnOrgCodeInquiryList2
PUB-002B,1489,,,2071,용운종합사회복지관,,https://apis.data.go.kr/B552474/OdsnCodeInquiryService2/getOdsnOrgCodeInquiryList2
PUB-002B,1490,,,2073,팔금천사의집-단기보호,,https://apis.data.go.kr/B552474/OdsnCodeInquiryService2/getOdsnOrgCodeInquiryList2
PUB-002B,1491,,,2074,세종지역자활센터,,https://apis.data.go.kr/B552474/OdsnCodeInquiryService2/getOdsnOrgCodeInquiryList2
PUB-002B,1492,,,2075,사회복지법인 평은복지재단 평은노인복지센터,,https://apis.data.go.kr/B552474/OdsnCodeInquiryService2/getOdsnOrgCodeInquiryList2
PUB-002B,1493,,,208,노원구청 주민복지국 고령사회정책과,,https://apis.data.go.kr/B552474/OdsnCodeInquiryService2/getOdsnOrgCodeInquiryList2
PUB-002B,1494,,,208083,송현노인복지관,,https://apis.data.go.kr/B552474/OdsnCodeInquiryService2/getOdsnOrgCodeInquiryList2
PUB-002B,1495,,,2085,서경노인복지관,,https://apis.data.go.kr/B552474/OdsnCodeInquiryService2/getOdsnOrgCodeInquiryList2
PUB-002B,1496,,,2089,평택팽성노인복지관,,https://apis.data.go.kr/B552474/OdsnCodeInquiryService2/getOdsnOrgCodeInquiryList2
PUB-002B,1497,,,209,은평구청,,https://apis.data.go.kr/B552474/OdsnCodeInquiryService2/getOdsnOrgCodeInquiryList2
PUB-002B,1498,,,2096,성.미가엘종합사회복지관,,https://apis.data.go.kr/B552474/OdsnCodeInquiryService2/getOdsnOrgCodeInquiryList2
PUB-002B,1499,,,2097,효경재가노인지원센터,,https://apis.data.go.kr/B552474/OdsnCodeInquiryService2/getOdsnOrgCodeInquiryList2
PUB-002B,1500,,,2098,주택관리공단 서울수서관리소,,https://apis.data.go.kr/B552474/OdsnCodeInquiryService2/getOdsnOrgCodeInquiryList2
PUB-002B,1501,,,2099,대한노인회 전남 목포시지회,,https://apis.data.go.kr/B552474/OdsnCodeInquiryService2/getOdsnOrgCodeInquiryList2
PUB-002B,1502,,,21,서울노인복지센터,,https://apis.data.go.kr/B552474/OdsnCodeInquiryService2/getOdsnOrgCodeInquiryList2
PUB-002B,1503,,,210,서대문구청 행복복지국 어르신복지과,,https://apis.data.go.kr/B552474/OdsnCodeInquiryService2/getOdsnOrgCodeInquiryList2
PUB-002B,1504,,,2100,담향재가지원서비스센터,,https://apis.data.go.kr/B552474/OdsnCodeInquiryService2/getOdsnOrgCodeInquiryList2
PUB-002B,1505,,,210083,안성맞춤시니어클럽,,https://apis.data.go.kr/B552474/OdsnCodeInquiryService2/getOdsnOrgCodeInquiryList2
PUB-002B,1506,,,2101,나드리노인복지관,,https://apis.data.go.kr/B552474/OdsnCodeInquiryService2/getOdsnOrgCodeInquiryList2
PUB-002B,1507,,,2105,대한노인회 경기 포천시지회,,https://apis.data.go.kr/B552474/OdsnCodeInquiryService2/getOdsnOrgCodeInquiryList2
PUB-002B,1508,,,2106,효문화마을관리원 뿌리공원과,,https://apis.data.go.kr/B552474/OdsnCodeInquiryService2/getOdsnOrgCodeInquiryList2
PUB-002B,1509,,,2107,김천시청 행정복지국 사회복지과,,https://apis.data.go.kr/B552474/OdsnCodeInquiryService2/getOdsnOrgCodeInquiryList2
PUB-002B,1510,,,21083,서울강원노인취업교육센터,,https://apis.data.go.kr/B552474/OdsnCodeInquiryService2/getOdsnOrgCodeInquiryList2
PUB-002B,1511,,,21084,부산울산경남노인취업교육센터,,https://apis.data.go.kr/B552474/OdsnCodeInquiryService2/getOdsnOrgCodeInquiryList2
PUB-002B,1512,,,21085,대구경북노인취업교육센터,,https://apis.data.go.kr/B552474/OdsnCodeInquiryService2/getOdsnOrgCodeInquiryList2
PUB-002B,1513,,,2109,사단법인 한국고령사회비전연합회 금천구지회,,https://apis.data.go.kr/B552474/OdsnCodeInquiryService2/getOdsnOrgCodeInquiryList2
PUB-002B,1514,,,211,마포구청 복지동행국 어르신동행과,,https://apis.data.go.kr/B552474/OdsnCodeInquiryService2/getOdsnOrgCodeInquiryList2
PUB-002B,1515,,,211083,해운대구장애인복지관,,https://apis.data.go.kr/B552474/OdsnCodeInquiryService2/getOdsnOrgCodeInquiryList2
PUB-002B,1516,,,2113,대한노인회 전북 익산시지회,,https://apis.data.go.kr/B552474/OdsnCodeInquiryService2/getOdsnOrgCodeInquiryList2
PUB-002B,1517,,,212,양천구청 주민복지국 어르신복지과,,https://apis.data.go.kr/B552474/OdsnCodeInquiryService2/getOdsnOrgCodeInquiryList2
PUB-002B,1518,,,212083,서울강서시니어클럽,,https://apis.data.go.kr/B552474/OdsnCodeInquiryService2/getOdsnOrgCodeInquiryList2
PUB-002B,1519,,,2128,여민동락노인복지센터,,https://apis.data.go.kr/B552474/OdsnCodeInquiryService2/getOdsnOrgCodeInquiryList2
PUB-002B,1520,,,2132,군산시 월명동주민센터,,https://apis.data.go.kr/B552474/OdsnCodeInquiryService2/getOdsnOrgCodeInquiryList2
PUB-002B,1521,,,2133,효돈동사무소,,https://apis.data.go.kr/B552474/OdsnCodeInquiryService2/getOdsnOrgCodeInquiryList2
PUB-002B,1522,,,2134,영산포종합사회복지관,,https://apis.data.go.kr/B552474/OdsnCodeInquiryService2/getOdsnOrgCodeInquiryList2
PUB-002B,1523,,,2135,지저동사무소,,https://apis.data.go.kr/B552474/OdsnCodeInquiryService2/getOdsnOrgCodeInquiryList2
PUB-002B,1524,,,2139,홍농노인복지센터,,https://apis.data.go.kr/B552474/OdsnCodeInquiryService2/getOdsnOrgCodeInquiryList2
PUB-002B,1525,,,214,구로구청 복지지원국 어르신복지과,,https://apis.data.go.kr/B552474/OdsnCodeInquiryService2/getOdsnOrgCodeInquiryList2
PUB-002B,1526,,,214083,월계어르신복지센터,,https://apis.data.go.kr/B552474/OdsnCodeInquiryService2/getOdsnOrgCodeInquiryList2
PUB-002B,1527,,,2143,포항시 건설환경사업소,,https://apis.data.go.kr/B552474/OdsnCodeInquiryService2/getOdsnOrgCodeInquiryList2
PUB-002B,1528,,,2147,서울시고령자취업알선센터협회,,https://apis.data.go.kr/B552474/OdsnCodeInquiryService2/getOdsnOrgCodeInquiryList2
PUB-002B,1529,,,2149,좋은이웃.복지센터,,https://apis.data.go.kr/B552474/OdsnCodeInquiryService2/getOdsnOrgCodeInquiryList2
PUB-002B,1530,,,215,금천구청 복지가족국 어르신장애인과,,https://apis.data.go.kr/B552474/OdsnCodeInquiryService2/getOdsnOrgCodeInquiryList2
PUB-002B,1531,,,215083,연희노인문화센터,,https://apis.data.go.kr/B552474/OdsnCodeInquiryService2/getOdsnOrgCodeInquiryList2
PUB-002B,1532,,,2152,천지동주민센터,,https://apis.data.go.kr/B552474/OdsnCodeInquiryService2/getOdsnOrgCodeInquiryList2
PUB-002B,1533,,,2157,예래동사무소,,https://apis.data.go.kr/B552474/OdsnCodeInquiryService2/getOdsnOrgCodeInquiryList2
PUB-002B,1534,,,2158,경기도 김포시 김포1동,,https://apis.data.go.kr/B552474/OdsnCodeInquiryService2/getOdsnOrgCodeInquiryList2
PUB-002B,1535,,,2159,전주일하는실버클럽,,https://apis.data.go.kr/B552474/OdsnCodeInquiryService2/getOdsnOrgCodeInquiryList2
PUB-002B,1536,,,216,영등포구청,,https://apis.data.go.kr/B552474/OdsnCodeInquiryService2/getOdsnOrgCodeInquiryList2
PUB-002B,1537,,,2160,정읍문화원,,https://apis.data.go.kr/B552474/OdsnCodeInquiryService2/getOdsnOrgCodeInquiryList2
PUB-002B,1538,,,216083,거제시니어클럽,,https://apis.data.go.kr/B552474/OdsnCodeInquiryService2/getOdsnOrgCodeInquiryList2
PUB-002B,1539,,,2164,양지노인복지관,,https://apis.data.go.kr/B552474/OdsnCodeInquiryService2/getOdsnOrgCodeInquiryList2
PUB-002B,1540,,,2165,한국시니어클럽협회,,https://apis.data.go.kr/B552474/OdsnCodeInquiryService2/getOdsnOrgCodeInquiryList2
PUB-002B,1541,,,2166,한솔노인복지센터,,https://apis.data.go.kr/B552474/OdsnCodeInquiryService2/getOdsnOrgCodeInquiryList2
PUB-002B,1542,,,2169,정선지역자활센터,,https://apis.data.go.kr/B552474/OdsnCodeInquiryService2/getOdsnOrgCodeInquiryList2
PUB-002B,1543,,,217,동작구청 지역경제과,,https://apis.data.go.kr/B552474/OdsnCodeInquiryService2/getOdsnOrgCodeInquiryList2
PUB-002B,1544,,,217083,화성시 보건소,,https://apis.data.go.kr/B552474/OdsnCodeInquiryService2/getOdsnOrgCodeInquiryList2
PUB-002B,1545,,,217084,청학노인복지관,,https://apis.data.go.kr/B552474/OdsnCodeInquiryService2/getOdsnOrgCodeInquiryList2
PUB-002B,1546,,,217085,연희노인복지관,,https://apis.data.go.kr/B552474/OdsnCodeInquiryService2/getOdsnOrgCodeInquiryList2
PUB-002B,1547,,,2173,거제시종합사회복지관,,https://apis.data.go.kr/B552474/OdsnCodeInquiryService2/getOdsnOrgCodeInquiryList2
PUB-002B,1548,,,2175,꽃밭정이노인복지관,,https://apis.data.go.kr/B552474/OdsnCodeInquiryService2/getOdsnOrgCodeInquiryList2
PUB-002B,1549,,,2178,포항시립도서관,,https://apis.data.go.kr/B552474/OdsnCodeInquiryService2/getOdsnOrgCodeInquiryList2
PUB-002B,1550,,,218,관악구청 복지가족국 어르신복지과,,https://apis.data.go.kr/B552474/OdsnCodeInquiryService2/getOdsnOrgCodeInquiryList2
PUB-002B,1551,,,218083,고양시삼송동종합복지회관,,https://apis.data.go.kr/B552474/OdsnCodeInquiryService2/getOdsnOrgCodeInquiryList2
PUB-002B,1552,,,2181,화성시남부종합사회복지관,,https://apis.data.go.kr/B552474/OdsnCodeInquiryService2/getOdsnOrgCodeInquiryList2
PUB-002B,1553,,,2182,진도문화원,,https://apis.data.go.kr/B552474/OdsnCodeInquiryService2/getOdsnOrgCodeInquiryList2
PUB-002B,1554,,,2183,포항시 해도동주민센터,,https://apis.data.go.kr/B552474/OdsnCodeInquiryService2/getOdsnOrgCodeInquiryList2
PUB-002B,1555,,,2184,포항시청,,https://apis.data.go.kr/B552474/OdsnCodeInquiryService2/getOdsnOrgCodeInquiryList2
PUB-002B,1556,,,2187,포항시 북구보건소,,https://apis.data.go.kr/B552474/OdsnCodeInquiryService2/getOdsnOrgCodeInquiryList2
PUB-002B,1557,,,2188,오수지역아동센터,,https://apis.data.go.kr/B552474/OdsnCodeInquiryService2/getOdsnOrgCodeInquiryList2
PUB-002B,1558,,,2189,울주군청(X),,https://apis.data.go.kr/B552474/OdsnCodeInquiryService2/getOdsnOrgCodeInquiryList2
PUB-002B,1559,,,219,서초구청 밝은미래국 어르신행복과,,https://apis.data.go.kr/B552474/OdsnCodeInquiryService2/getOdsnOrgCodeInquiryList2
PUB-002B,1560,,,2190,죽장면,,https://apis.data.go.kr/B552474/OdsnCodeInquiryService2/getOdsnOrgCodeInquiryList2
PUB-002B,1561,,,219083,경산청솔재가노인통합지원센터,,https://apis.data.go.kr/B552474/OdsnCodeInquiryService2/getOdsnOrgCodeInquiryList2
PUB-002B,1562,,,2193,제철동주민센터,,https://apis.data.go.kr/B552474/OdsnCodeInquiryService2/getOdsnOrgCodeInquiryList2
PUB-002B,1563,,,2195,포항시 남구청 산업과,,https://apis.data.go.kr/B552474/OdsnCodeInquiryService2/getOdsnOrgCodeInquiryList2
PUB-002B,1564,,,2197,포항시 여성문화회관,,https://apis.data.go.kr/B552474/OdsnCodeInquiryService2/getOdsnOrgCodeInquiryList2
PUB-002B,1565,,,2198,영월군청 문화관광과,,https://apis.data.go.kr/B552474/OdsnCodeInquiryService2/getOdsnOrgCodeInquiryList2
PUB-002B,1566,,,2199,포항시북구용흥동,,https://apis.data.go.kr/B552474/OdsnCodeInquiryService2/getOdsnOrgCodeInquiryList2
PUB-002B,1567,,,22,강동노인종합복지관,,https://apis.data.go.kr/B552474/OdsnCodeInquiryService2/getOdsnOrgCodeInquiryList2
PUB-002B,1568,,,220,강남구청 복지문화국 노인복지과,,https://apis.data.go.kr/B552474/OdsnCodeInquiryService2/getOdsnOrgCodeInquiryList2
PUB-002B,1569,,,220083,진해서부노인종합복지관,,https://apis.data.go.kr/B552474/OdsnCodeInquiryService2/getOdsnOrgCodeInquiryList2
PUB-002B,1570,,,220084,진해서부노인종합복지관,,https://apis.data.go.kr/B552474/OdsnCodeInquiryService2/getOdsnOrgCodeInquiryList2
PUB-002B,1571,,,2201,대덕구시니어클럽,,https://apis.data.go.kr/B552474/OdsnCodeInquiryService2/getOdsnOrgCodeInquiryList2
PUB-002B,1572,,,2202,달성군노인복지관,,https://apis.data.go.kr/B552474/OdsnCodeInquiryService2/getOdsnOrgCodeInquiryList2
PUB-002B,1573,,,2203,평택서부노인복지관,,https://apis.data.go.kr/B552474/OdsnCodeInquiryService2/getOdsnOrgCodeInquiryList2
PUB-002B,1574,,,2207,반포종합사회복지관,,https://apis.data.go.kr/B552474/OdsnCodeInquiryService2/getOdsnOrgCodeInquiryList2
PUB-002B,1575,,,2208,사회복지법인 아름다운건강마을,,https://apis.data.go.kr/B552474/OdsnCodeInquiryService2/getOdsnOrgCodeInquiryList2
PUB-002B,1576,,,22083,경인노인취업교육센터,,https://apis.data.go.kr/B552474/OdsnCodeInquiryService2/getOdsnOrgCodeInquiryList2
PUB-002B,1577,,,22084,호남노인취업교육센터,,https://apis.data.go.kr/B552474/OdsnCodeInquiryService2/getOdsnOrgCodeInquiryList2
PUB-002B,1578,,,22085,중부노인취업교육센터,,https://apis.data.go.kr/B552474/OdsnCodeInquiryService2/getOdsnOrgCodeInquiryList2
PUB-002B,1579,,,2209,포천시노인복지관,,https://apis.data.go.kr/B552474/OdsnCodeInquiryService2/getOdsnOrgCodeInquiryList2
PUB-002B,1580,,,221,송파구청 주민복지국 어르신복지과,,https://apis.data.go.kr/B552474/OdsnCodeInquiryService2/getOdsnOrgCodeInquiryList2
PUB-002B,1581,,,221083,진해서부노인종합복지관,,https://apis.data.go.kr/B552474/OdsnCodeInquiryService2/getOdsnOrgCodeInquiryList2
PUB-002B,1582,,,221084,마산회원노인종합복지관,,https://apis.data.go.kr/B552474/OdsnCodeInquiryService2/getOdsnOrgCodeInquiryList2
PUB-002B,1583,,,2212,서산시니어클럽,,https://apis.data.go.kr/B552474/OdsnCodeInquiryService2/getOdsnOrgCodeInquiryList2
PUB-002B,1584,,,2218,남원시니어클럽,,https://apis.data.go.kr/B552474/OdsnCodeInquiryService2/getOdsnOrgCodeInquiryList2
PUB-002B,1585,,,2219,남양주시자원봉사센터,,https://apis.data.go.kr/B552474/OdsnCodeInquiryService2/getOdsnOrgCodeInquiryList2
PUB-002B,1586,,,222,강동구청 어르신복지과,,https://apis.data.go.kr/B552474/OdsnCodeInquiryService2/getOdsnOrgCodeInquiryList2
PUB-002B,1587,,,222084,마산회원시니어클럽,,https://apis.data.go.kr/B552474/OdsnCodeInquiryService2/getOdsnOrgCodeInquiryList2
PUB-002B,1588,,,2221,문경시니어클럽,,https://apis.data.go.kr/B552474/OdsnCodeInquiryService2/getOdsnOrgCodeInquiryList2
PUB-002B,1589,,,2223,남구노인복지관,,https://apis.data.go.kr/B552474/OdsnCodeInquiryService2/getOdsnOrgCodeInquiryList2
PUB-002B,1590,,,2224,베트남참전기념사업회동작구회,,https://apis.data.go.kr/B552474/OdsnCodeInquiryService2/getOdsnOrgCodeInquiryList2
PUB-002B,1591,,,2226,중구노인복지관,,https://apis.data.go.kr/B552474/OdsnCodeInquiryService2/getOdsnOrgCodeInquiryList2
PUB-002B,1592,,,2228,크로바실버빌소규모요양시설,,https://apis.data.go.kr/B552474/OdsnCodeInquiryService2/getOdsnOrgCodeInquiryList2
PUB-002B,1593,,,2229,경기 안양시동안구지회,,https://apis.data.go.kr/B552474/OdsnCodeInquiryService2/getOdsnOrgCodeInquiryList2
PUB-002B,1594,,,2230,고흥행복노인복지센터,,https://apis.data.go.kr/B552474/OdsnCodeInquiryService2/getOdsnOrgCodeInquiryList2
PUB-002B,1595,,,223083,마산회원시니어클럽,,https://apis.data.go.kr/B552474/OdsnCodeInquiryService2/getOdsnOrgCodeInquiryList2
PUB-002B,1596,,,2231,태백시니어클럽,,https://apis.data.go.kr/B552474/OdsnCodeInquiryService2/getOdsnOrgCodeInquiryList2
PUB-002B,1597,,,2232,괴산군노인복지관,,https://apis.data.go.kr/B552474/OdsnCodeInquiryService2/getOdsnOrgCodeInquiryList2
PUB-002B,1598,,,2233,경기 안양시만안구지회,,https://apis.data.go.kr/B552474/OdsnCodeInquiryService2/getOdsnOrgCodeInquiryList2
PUB-002B,1599,,,2234,반석종합사회복지관,,https://apis.data.go.kr/B552474/OdsnCodeInquiryService2/getOdsnOrgCodeInquiryList2
PUB-002B,1600,,,2235,삼양동종합복지센터,,https://apis.data.go.kr/B552474/OdsnCodeInquiryService2/getOdsnOrgCodeInquiryList2
PUB-002B,1601,,,2236,유린원광종합사회복지관,,https://apis.data.go.kr/B552474/OdsnCodeInquiryService2/getOdsnOrgCodeInquiryList2
PUB-002B,1602,,,2237,부산진구노인복지관,,https://apis.data.go.kr/B552474/OdsnCodeInquiryService2/getOdsnOrgCodeInquiryList2
PUB-002B,1603,,,2238,부산사하구지회,,https://apis.data.go.kr/B552474/OdsnCodeInquiryService2/getOdsnOrgCodeInquiryList2
PUB-002B,1604,,,2239,의왕시니어클럽,,https://apis.data.go.kr/B552474/OdsnCodeInquiryService2/getOdsnOrgCodeInquiryList2
PUB-002B,1605,,,224,중구청 경제복지국 가족행복과,,https://apis.data.go.kr/B552474/OdsnCodeInquiryService2/getOdsnOrgCodeInquiryList2
PUB-002B,1606,,,224083,성산시니어클럽,,https://apis.data.go.kr/B552474/OdsnCodeInquiryService2/getOdsnOrgCodeInquiryList2
PUB-002B,1607,,,224084,성산시니어클럽,,https://apis.data.go.kr/B552474/OdsnCodeInquiryService2/getOdsnOrgCodeInquiryList2
PUB-002B,1608,,,2242,고성노인통합지원센터,,https://apis.data.go.kr/B552474/OdsnCodeInquiryService2/getOdsnOrgCodeInquiryList2
PUB-002B,1609,,,2243,화성시니어클럽,,https://apis.data.go.kr/B552474/OdsnCodeInquiryService2/getOdsnOrgCodeInquiryList2
PUB-002B,1610,,,2244,담양군향촌노인종합복지관,,https://apis.data.go.kr/B552474/OdsnCodeInquiryService2/getOdsnOrgCodeInquiryList2
PUB-002B,1611,,,2245,은평구립응암노인복지관,,https://apis.data.go.kr/B552474/OdsnCodeInquiryService2/getOdsnOrgCodeInquiryList2
PUB-002B,1612,,,2246,송파복지센터,,https://apis.data.go.kr/B552474/OdsnCodeInquiryService2/getOdsnOrgCodeInquiryList2
PUB-002B,1613,,,2247,좋은이웃마을노인복지센터,,https://apis.data.go.kr/B552474/OdsnCodeInquiryService2/getOdsnOrgCodeInquiryList2
PUB-002B,1614,,,2248,역삼노인복지센터,,https://apis.data.go.kr/B552474/OdsnCodeInquiryService2/getOdsnOrgCodeInquiryList2
PUB-002B,1615,,,2249,강남구노인정보센터,,https://apis.data.go.kr/B552474/OdsnCodeInquiryService2/getOdsnOrgCodeInquiryList2
PUB-002B,1616,,,225,부산광역시 서구청,,https://apis.data.go.kr/B552474/OdsnCodeInquiryService2/getOdsnOrgCodeInquiryList2
PUB-002B,1617,,,2250,"사)숲해설가협회 경북협회, 포항환경학교",,https://apis.data.go.kr/B552474/OdsnCodeInquiryService2/getOdsnOrgCodeInquiryList2
PUB-002B,1618,,,225083,양주시 회천노인복지관,,https://apis.data.go.kr/B552474/OdsnCodeInquiryService2/getOdsnOrgCodeInquiryList2
PUB-002B,1619,,,2251,군산시니어클럽,,https://apis.data.go.kr/B552474/OdsnCodeInquiryService2/getOdsnOrgCodeInquiryList2
PUB-002B,1620,,,2252,장수시니어클럽,,https://apis.data.go.kr/B552474/OdsnCodeInquiryService2/getOdsnOrgCodeInquiryList2
PUB-002B,1621,,,2253,작은꽃노인복지센터,,https://apis.data.go.kr/B552474/OdsnCodeInquiryService2/getOdsnOrgCodeInquiryList2
PUB-002B,1622,,,2254,상대원1동다목적복지회관,,https://apis.data.go.kr/B552474/OdsnCodeInquiryService2/getOdsnOrgCodeInquiryList2
PUB-002B,1623,,,2255,마포구고용복지지원센터,,https://apis.data.go.kr/B552474/OdsnCodeInquiryService2/getOdsnOrgCodeInquiryList2
PUB-002B,1624,,,2257,용현노인문화센터,,https://apis.data.go.kr/B552474/OdsnCodeInquiryService2/getOdsnOrgCodeInquiryList2
PUB-002B,1625,,,2258,서대문구치매안심센터,,https://apis.data.go.kr/B552474/OdsnCodeInquiryService2/getOdsnOrgCodeInquiryList2
PUB-002B,1626,,,226,동구자성대노인복지관,,https://apis.data.go.kr/B552474/OdsnCodeInquiryService2/getOdsnOrgCodeInquiryList2
PUB-002B,1627,,,2260,충청남도노인보호전문기관,,https://apis.data.go.kr/B552474/OdsnCodeInquiryService2/getOdsnOrgCodeInquiryList2
PUB-002B,1628,,,226084,(사)남원사랑나눔센터,,https://apis.data.go.kr/B552474/OdsnCodeInquiryService2/getOdsnOrgCodeInquiryList2
PUB-002B,1629,,,2261,사)서울예문화연구원,,https://apis.data.go.kr/B552474/OdsnCodeInquiryService2/getOdsnOrgCodeInquiryList2
PUB-002B,1630,,,2262,함평일자리지원센터,,https://apis.data.go.kr/B552474/OdsnCodeInquiryService2/getOdsnOrgCodeInquiryList2
PUB-002B,1631,,,2263,효도본부,,https://apis.data.go.kr/B552474/OdsnCodeInquiryService2/getOdsnOrgCodeInquiryList2
PUB-002B,1632,,,2264,백합노인대학,,https://apis.data.go.kr/B552474/OdsnCodeInquiryService2/getOdsnOrgCodeInquiryList2
PUB-002B,1633,,,2265,효능원노인통합지원센터,,https://apis.data.go.kr/B552474/OdsnCodeInquiryService2/getOdsnOrgCodeInquiryList2
PUB-002B,1634,,,2266,(주)핵교,,https://apis.data.go.kr/B552474/OdsnCodeInquiryService2/getOdsnOrgCodeInquiryList2
PUB-002B,1635,,,2267,사단법인 온사랑복지회,,https://apis.data.go.kr/B552474/OdsnCodeInquiryService2/getOdsnOrgCodeInquiryList2
PUB-002B,1636,,,2268,사회복지법인 한기장복지재단 속초분사무소,,https://apis.data.go.kr/B552474/OdsnCodeInquiryService2/getOdsnOrgCodeInquiryList2
PUB-002B,1637,,,2269,길음종합사회복지관,,https://apis.data.go.kr/B552474/OdsnCodeInquiryService2/getOdsnOrgCodeInquiryList2
PUB-002B,1638,,,227,영도구청 주민복지국 복지사업과,,https://apis.data.go.kr/B552474/OdsnCodeInquiryService2/getOdsnOrgCodeInquiryList2
PUB-002B,1639,,,227083,쌍촌종합사회복지관,,https://apis.data.go.kr/B552474/OdsnCodeInquiryService2/getOdsnOrgCodeInquiryList2
PUB-002B,1640,,,2271,봉두재가노인복지센터,,https://apis.data.go.kr/B552474/OdsnCodeInquiryService2/getOdsnOrgCodeInquiryList2
PUB-002B,1641,,,2272,서울시종로구재가노인복지기관,,https://apis.data.go.kr/B552474/OdsnCodeInquiryService2/getOdsnOrgCodeInquiryList2
PUB-002B,1642,,,2273,인제군재가노인지원센터,,https://apis.data.go.kr/B552474/OdsnCodeInquiryService2/getOdsnOrgCodeInquiryList2
PUB-002B,1643,,,2274,연기군자원봉사센터,,https://apis.data.go.kr/B552474/OdsnCodeInquiryService2/getOdsnOrgCodeInquiryList2
PUB-002B,1644,,,2275,강서구립 연지노인복지센터,,https://apis.data.go.kr/B552474/OdsnCodeInquiryService2/getOdsnOrgCodeInquiryList2
PUB-002B,1645,,,2276,화곡노인복지센터,,https://apis.data.go.kr/B552474/OdsnCodeInquiryService2/getOdsnOrgCodeInquiryList2
PUB-002B,1646,,,2278,대한노인회 강원 태백시지회,,https://apis.data.go.kr/B552474/OdsnCodeInquiryService2/getOdsnOrgCodeInquiryList2
PUB-002B,1647,,,2279,가양4종합사회복지관,,https://apis.data.go.kr/B552474/OdsnCodeInquiryService2/getOdsnOrgCodeInquiryList2
PUB-002B,1648,,,228,부산진구청 가족지원과,,https://apis.data.go.kr/B552474/OdsnCodeInquiryService2/getOdsnOrgCodeInquiryList2
PUB-002B,1649,,,2280,진안군(중단),,https://apis.data.go.kr/B552474/OdsnCodeInquiryService2/getOdsnOrgCodeInquiryList2
PUB-002B,1650,,,228083,미추홀시니어클럽,,https://apis.data.go.kr/B552474/OdsnCodeInquiryService2/getOdsnOrgCodeInquiryList2
PUB-002B,1651,,,2281,일산동구보건소,,https://apis.data.go.kr/B552474/OdsnCodeInquiryService2/getOdsnOrgCodeInquiryList2
PUB-002B,1652,,,2282,나래울 화성시복합복지타운,,https://apis.data.go.kr/B552474/OdsnCodeInquiryService2/getOdsnOrgCodeInquiryList2
PUB-002B,1653,,,2283,대한노인회 경남 남해군지회,,https://apis.data.go.kr/B552474/OdsnCodeInquiryService2/getOdsnOrgCodeInquiryList2
PUB-002B,1654,,,2284,강서구립 봉제산노인복지센터,,https://apis.data.go.kr/B552474/OdsnCodeInquiryService2/getOdsnOrgCodeInquiryList2
PUB-002B,1655,,,2285,순창노인복지센터,,https://apis.data.go.kr/B552474/OdsnCodeInquiryService2/getOdsnOrgCodeInquiryList2
PUB-002B,1656,,,2286,일산서구보건소,,https://apis.data.go.kr/B552474/OdsnCodeInquiryService2/getOdsnOrgCodeInquiryList2
PUB-002B,1657,,,2287,마들종합사회복지관,,https://apis.data.go.kr/B552474/OdsnCodeInquiryService2/getOdsnOrgCodeInquiryList2
PUB-002B,1658,,,2288,소양강댐노인복지관,,https://apis.data.go.kr/B552474/OdsnCodeInquiryService2/getOdsnOrgCodeInquiryList2
PUB-002B,1659,,,2289,고양시덕양구 보건소(치매안심센터),,https://apis.data.go.kr/B552474/OdsnCodeInquiryService2/getOdsnOrgCodeInquiryList2
PUB-002B,1660,,,229,동래구청 복지가족국 노인장애인돌봄과,,https://apis.data.go.kr/B552474/OdsnCodeInquiryService2/getOdsnOrgCodeInquiryList2
PUB-002B,1661,,,229083,사회복지법인 누리봄,,https://apis.data.go.kr/B552474/OdsnCodeInquiryService2/getOdsnOrgCodeInquiryList2
PUB-002B,1662,,,229084,경기여주지역자활센터,,https://apis.data.go.kr/B552474/OdsnCodeInquiryService2/getOdsnOrgCodeInquiryList2
PUB-002B,1663,,,2291,포천노인복지센터,,https://apis.data.go.kr/B552474/OdsnCodeInquiryService2/getOdsnOrgCodeInquiryList2
PUB-002B,1664,,,2292,늘푸른화순21협의회,,https://apis.data.go.kr/B552474/OdsnCodeInquiryService2/getOdsnOrgCodeInquiryList2
PUB-002B,1665,,,2293,관악구청 교육지원과,,https://apis.data.go.kr/B552474/OdsnCodeInquiryService2/getOdsnOrgCodeInquiryList2
PUB-002B,1666,,,2294,부산광역시장노년일자리지원센터,,https://apis.data.go.kr/B552474/OdsnCodeInquiryService2/getOdsnOrgCodeInquiryList2
PUB-002B,1667,,,2295,당진가족성통합상담센터,,https://apis.data.go.kr/B552474/OdsnCodeInquiryService2/getOdsnOrgCodeInquiryList2
PUB-002B,1668,,,2296,연수구청 지역경제과,,https://apis.data.go.kr/B552474/OdsnCodeInquiryService2/getOdsnOrgCodeInquiryList2
PUB-002B,1669,,,2297,서부종합사회복지관,,https://apis.data.go.kr/B552474/OdsnCodeInquiryService2/getOdsnOrgCodeInquiryList2
PUB-002B,1670,,,2298,남부종합사회복지관,,https://apis.data.go.kr/B552474/OdsnCodeInquiryService2/getOdsnOrgCodeInquiryList2
PUB-002B,1671,,,2299,중부종합사회복지관,,https://apis.data.go.kr/B552474/OdsnCodeInquiryService2/getOdsnOrgCodeInquiryList2
PUB-002B,1672,,,23,연꽃마을 아현노인복지센터,,https://apis.data.go.kr/B552474/OdsnCodeInquiryService2/getOdsnOrgCodeInquiryList2
PUB-002B,1673,,,230,부산광역시 남구청장,,https://apis.data.go.kr/B552474/OdsnCodeInquiryService2/getOdsnOrgCodeInquiryList2
PUB-002B,1674,,,2300,서부노인복지관,,https://apis.data.go.kr/B552474/OdsnCodeInquiryService2/getOdsnOrgCodeInquiryList2
PUB-002B,1675,,,230083,거창군사회복지협의회,,https://apis.data.go.kr/B552474/OdsnCodeInquiryService2/getOdsnOrgCodeInquiryList2
PUB-002B,1676,,,2301,남부노인복지관,,https://apis.data.go.kr/B552474/OdsnCodeInquiryService2/getOdsnOrgCodeInquiryList2
PUB-002B,1677,,,2302,지리산노인통합지원센터,,https://apis.data.go.kr/B552474/OdsnCodeInquiryService2/getOdsnOrgCodeInquiryList2
PUB-002B,1678,,,2303,상림재가노인복지센터,,https://apis.data.go.kr/B552474/OdsnCodeInquiryService2/getOdsnOrgCodeInquiryList2
PUB-002B,1679,,,2305,마산합포노인종합복지관,,https://apis.data.go.kr/B552474/OdsnCodeInquiryService2/getOdsnOrgCodeInquiryList2
PUB-002B,1680,,,2306,광주남구자원봉사센터,,https://apis.data.go.kr/B552474/OdsnCodeInquiryService2/getOdsnOrgCodeInquiryList2
PUB-002B,1681,,,2307,경북서북부노인보호전문기관,,https://apis.data.go.kr/B552474/OdsnCodeInquiryService2/getOdsnOrgCodeInquiryList2
PUB-002B,1682,,,2308,정선군종합사회복지관,,https://apis.data.go.kr/B552474/OdsnCodeInquiryService2/getOdsnOrgCodeInquiryList2
PUB-002B,1683,,,23083,사단법인 고령사회고용진흥원 경기지사,,https://apis.data.go.kr/B552474/OdsnCodeInquiryService2/getOdsnOrgCodeInquiryList2
PUB-002B,1684,,,231,부산북구청 주민복지과,,https://apis.data.go.kr/B552474/OdsnCodeInquiryService2/getOdsnOrgCodeInquiryList2
PUB-002B,1685,,,2310,영광효사랑노인복지센터,,https://apis.data.go.kr/B552474/OdsnCodeInquiryService2/getOdsnOrgCodeInquiryList2
PUB-002B,1686,,,231083,효샘재가노인지원서비스센터,,https://apis.data.go.kr/B552474/OdsnCodeInquiryService2/getOdsnOrgCodeInquiryList2
PUB-002B,1687,,,2311,진도민속문화예술단,,https://apis.data.go.kr/B552474/OdsnCodeInquiryService2/getOdsnOrgCodeInquiryList2
PUB-002B,1688,,,2312,(사)노인낙원보훈봉사단,,https://apis.data.go.kr/B552474/OdsnCodeInquiryService2/getOdsnOrgCodeInquiryList2
PUB-002B,1689,,,2313,북구문화원,,https://apis.data.go.kr/B552474/OdsnCodeInquiryService2/getOdsnOrgCodeInquiryList2
PUB-002B,1690,,,2314,김천시 봉산면,,https://apis.data.go.kr/B552474/OdsnCodeInquiryService2/getOdsnOrgCodeInquiryList2
PUB-002B,1691,,,2315,만석동쪽방상담소(괭이부리말희망일터),,https://apis.data.go.kr/B552474/OdsnCodeInquiryService2/getOdsnOrgCodeInquiryList2
PUB-002B,1692,,,2318,보은군청 사회경제과,,https://apis.data.go.kr/B552474/OdsnCodeInquiryService2/getOdsnOrgCodeInquiryList2
PUB-002B,1693,,,2319,고성군노인복지관,,https://apis.data.go.kr/B552474/OdsnCodeInquiryService2/getOdsnOrgCodeInquiryList2
PUB-002B,1694,,,232,부산 해운대구(행복나눔과),,https://apis.data.go.kr/B552474/OdsnCodeInquiryService2/getOdsnOrgCodeInquiryList2
PUB-002B,1695,,,232083,협동조합 시니어손맛집,,https://apis.data.go.kr/B552474/OdsnCodeInquiryService2/getOdsnOrgCodeInquiryList2
PUB-002B,1696,,,2321,남양노인회,,https://apis.data.go.kr/B552474/OdsnCodeInquiryService2/getOdsnOrgCodeInquiryList2
PUB-002B,1697,,,2324,구미시 상모사곡동사무소,,https://apis.data.go.kr/B552474/OdsnCodeInquiryService2/getOdsnOrgCodeInquiryList2
PUB-002B,1698,,,2325,완주군 화산면,,https://apis.data.go.kr/B552474/OdsnCodeInquiryService2/getOdsnOrgCodeInquiryList2
PUB-002B,1699,,,2326,강서구 강동동사무소,,https://apis.data.go.kr/B552474/OdsnCodeInquiryService2/getOdsnOrgCodeInquiryList2
PUB-002B,1700,,,2329,전라북도청,,https://apis.data.go.kr/B552474/OdsnCodeInquiryService2/getOdsnOrgCodeInquiryList2
PUB-002B,1701,,,233,사하구청 주민복지국 노인장애인복지과,,https://apis.data.go.kr/B552474/OdsnCodeInquiryService2/getOdsnOrgCodeInquiryList2
PUB-002B,1702,,,233083,진주서부시니어클럽,,https://apis.data.go.kr/B552474/OdsnCodeInquiryService2/getOdsnOrgCodeInquiryList2
PUB-002B,1703,,,2331,한국치매협회,,https://apis.data.go.kr/B552474/OdsnCodeInquiryService2/getOdsnOrgCodeInquiryList2
PUB-002B,1704,,,2332,구리시여성노인회관,,https://apis.data.go.kr/B552474/OdsnCodeInquiryService2/getOdsnOrgCodeInquiryList2
PUB-002B,1705,,,2333,인제군사회복지협의회,,https://apis.data.go.kr/B552474/OdsnCodeInquiryService2/getOdsnOrgCodeInquiryList2
PUB-002B,1706,,,2335,월곡종합사회복지관,,https://apis.data.go.kr/B552474/OdsnCodeInquiryService2/getOdsnOrgCodeInquiryList2
PUB-002B,1707,,,2336,(주)코잡,,https://apis.data.go.kr/B552474/OdsnCodeInquiryService2/getOdsnOrgCodeInquiryList2
PUB-002B,1708,,,2337,울산광역시내일설계지원센터,,https://apis.data.go.kr/B552474/OdsnCodeInquiryService2/getOdsnOrgCodeInquiryList2
PUB-002B,1709,,,2338,당진상공회의소,,https://apis.data.go.kr/B552474/OdsnCodeInquiryService2/getOdsnOrgCodeInquiryList2
PUB-002B,1710,,,2339,대한노인회 경북 군위군지회,,https://apis.data.go.kr/B552474/OdsnCodeInquiryService2/getOdsnOrgCodeInquiryList2
PUB-002B,1711,,,234,금정구청 주민복지국 복지정책과,,https://apis.data.go.kr/B552474/OdsnCodeInquiryService2/getOdsnOrgCodeInquiryList2
PUB-002B,1712,,,2340,포항시시설관리공단,,https://apis.data.go.kr/B552474/OdsnCodeInquiryService2/getOdsnOrgCodeInquiryList2
PUB-002B,1713,,,234083,한사랑노인복지센터(x),,https://apis.data.go.kr/B552474/OdsnCodeInquiryService2/getOdsnOrgCodeInquiryList2
PUB-002B,1714,,,234084,고창시니어클럽,,https://apis.data.go.kr/B552474/OdsnCodeInquiryService2/getOdsnOrgCodeInquiryList2
PUB-002B,1715,,,2341,대한노인회 전남연합회,,https://apis.data.go.kr/B552474/OdsnCodeInquiryService2/getOdsnOrgCodeInquiryList2
PUB-002B,1716,,,2342,황송노인종합복지관,,https://apis.data.go.kr/B552474/OdsnCodeInquiryService2/getOdsnOrgCodeInquiryList2
PUB-002B,1717,,,2343,사당어르신종합복지관,,https://apis.data.go.kr/B552474/OdsnCodeInquiryService2/getOdsnOrgCodeInquiryList2
PUB-002B,1718,,,2344,사)지체장애인협회화순군지회,,https://apis.data.go.kr/B552474/OdsnCodeInquiryService2/getOdsnOrgCodeInquiryList2
PUB-002B,1719,,,2345,지방행정동우회,,https://apis.data.go.kr/B552474/OdsnCodeInquiryService2/getOdsnOrgCodeInquiryList2
PUB-002B,1720,,,2346,화순경찰서여성방범대,,https://apis.data.go.kr/B552474/OdsnCodeInquiryService2/getOdsnOrgCodeInquiryList2
PUB-002B,1721,,,2347,인천영종구노인인력개발센터,,https://apis.data.go.kr/B552474/OdsnCodeInquiryService2/getOdsnOrgCodeInquiryList2
PUB-002B,1722,,,2348,강릉종합사회복지관,,https://apis.data.go.kr/B552474/OdsnCodeInquiryService2/getOdsnOrgCodeInquiryList2
PUB-002B,1723,,,2349,제천시니어클럽,,https://apis.data.go.kr/B552474/OdsnCodeInquiryService2/getOdsnOrgCodeInquiryList2
PUB-002B,1724,,,235,부산강서구청 복지교육국 생활지원과,,https://apis.data.go.kr/B552474/OdsnCodeInquiryService2/getOdsnOrgCodeInquiryList2
PUB-002B,1725,,,235083,한사랑노인복지센터,,https://apis.data.go.kr/B552474/OdsnCodeInquiryService2/getOdsnOrgCodeInquiryList2
PUB-002B,1726,,,2351,효자손요양서비스,,https://apis.data.go.kr/B552474/OdsnCodeInquiryService2/getOdsnOrgCodeInquiryList2
PUB-002B,1727,,,2352,서울시재가노인복지협회,,https://apis.data.go.kr/B552474/OdsnCodeInquiryService2/getOdsnOrgCodeInquiryList2
PUB-002B,1728,,,2353,영주시지역사회복지협의체,,https://apis.data.go.kr/B552474/OdsnCodeInquiryService2/getOdsnOrgCodeInquiryList2
PUB-002B,1729,,,2354,평창시니어클럽,,https://apis.data.go.kr/B552474/OdsnCodeInquiryService2/getOdsnOrgCodeInquiryList2
PUB-002B,1730,,,2355,부산영도시니어클럽,,https://apis.data.go.kr/B552474/OdsnCodeInquiryService2/getOdsnOrgCodeInquiryList2
PUB-002B,1731,,,2356,김제시니어클럽,,https://apis.data.go.kr/B552474/OdsnCodeInquiryService2/getOdsnOrgCodeInquiryList2
PUB-002B,1732,,,2357,보령댐노인복지관,,https://apis.data.go.kr/B552474/OdsnCodeInquiryService2/getOdsnOrgCodeInquiryList2
PUB-002B,1733,,,2358,순창지역자활센터,,https://apis.data.go.kr/B552474/OdsnCodeInquiryService2/getOdsnOrgCodeInquiryList2
PUB-002B,1734,,,2359,주)에콕시,,https://apis.data.go.kr/B552474/OdsnCodeInquiryService2/getOdsnOrgCodeInquiryList2
PUB-002B,1735,,,236,연제구청 주민복지국 복지정책과,,https://apis.data.go.kr/B552474/OdsnCodeInquiryService2/getOdsnOrgCodeInquiryList2
PUB-002B,1736,,,2360,(재)공주지역자활센터,,https://apis.data.go.kr/B552474/OdsnCodeInquiryService2/getOdsnOrgCodeInquiryList2
PUB-002B,1737,,,236084,해뜨는노인복지센터,,https://apis.data.go.kr/B552474/OdsnCodeInquiryService2/getOdsnOrgCodeInquiryList2
PUB-002B,1738,,,236085,빛고을종합사회복지관,,https://apis.data.go.kr/B552474/OdsnCodeInquiryService2/getOdsnOrgCodeInquiryList2
PUB-002B,1739,,,2361,부산남구시니어클럽,,https://apis.data.go.kr/B552474/OdsnCodeInquiryService2/getOdsnOrgCodeInquiryList2
PUB-002B,1740,,,2363,청도군청 주민생활지원과,,https://apis.data.go.kr/B552474/OdsnCodeInquiryService2/getOdsnOrgCodeInquiryList2
PUB-002B,1741,,,2364,취업지원본부,,https://apis.data.go.kr/B552474/OdsnCodeInquiryService2/getOdsnOrgCodeInquiryList2
PUB-002B,1742,,,2365,대한의사협회,,https://apis.data.go.kr/B552474/OdsnCodeInquiryService2/getOdsnOrgCodeInquiryList2
PUB-002B,1743,,,2366,김해시동부노인종합복지관,,https://apis.data.go.kr/B552474/OdsnCodeInquiryService2/getOdsnOrgCodeInquiryList2
PUB-002B,1744,,,2367,"신곡노인종합복지관, 흥선노인복지관",,https://apis.data.go.kr/B552474/OdsnCodeInquiryService2/getOdsnOrgCodeInquiryList2
PUB-002B,1745,,,2369,가양5종합사회복지관,,https://apis.data.go.kr/B552474/OdsnCodeInquiryService2/getOdsnOrgCodeInquiryList2
PUB-002B,1746,,,237,수영구청 사회산업국 복지서비스과,,https://apis.data.go.kr/B552474/OdsnCodeInquiryService2/getOdsnOrgCodeInquiryList2
PUB-002B,1747,,,2370,번오마을종합사회복지관,,https://apis.data.go.kr/B552474/OdsnCodeInquiryService2/getOdsnOrgCodeInquiryList2
PUB-002B,1748,,,237083,원광효도복지센터,,https://apis.data.go.kr/B552474/OdsnCodeInquiryService2/getOdsnOrgCodeInquiryList2
PUB-002B,1749,,,2371,은평구립불광노인복지관,,https://apis.data.go.kr/B552474/OdsnCodeInquiryService2/getOdsnOrgCodeInquiryList2
PUB-002B,1750,,,2372,강남시니어플라자,,https://apis.data.go.kr/B552474/OdsnCodeInquiryService2/getOdsnOrgCodeInquiryList2
PUB-002B,1751,,,2373,사회적 기업 (주)미래를 여는 사람들,,https://apis.data.go.kr/B552474/OdsnCodeInquiryService2/getOdsnOrgCodeInquiryList2
PUB-002B,1752,,,2374,늘푸른사회복지재단,,https://apis.data.go.kr/B552474/OdsnCodeInquiryService2/getOdsnOrgCodeInquiryList2
PUB-002B,1753,,,2375,의창노인종합복지관,,https://apis.data.go.kr/B552474/OdsnCodeInquiryService2/getOdsnOrgCodeInquiryList2
PUB-002B,1754,,,2376,정다운복지재단,,https://apis.data.go.kr/B552474/OdsnCodeInquiryService2/getOdsnOrgCodeInquiryList2
PUB-002B,1755,,,2377,사하사랑채노인복지관,,https://apis.data.go.kr/B552474/OdsnCodeInquiryService2/getOdsnOrgCodeInquiryList2
PUB-002B,1756,,,2378,경기서부노인보호전문기관,,https://apis.data.go.kr/B552474/OdsnCodeInquiryService2/getOdsnOrgCodeInquiryList2
PUB-002B,1757,,,2379,산청성모노인복지센터,,https://apis.data.go.kr/B552474/OdsnCodeInquiryService2/getOdsnOrgCodeInquiryList2
PUB-002B,1758,,,238,사상구청,,https://apis.data.go.kr/B552474/OdsnCodeInquiryService2/getOdsnOrgCodeInquiryList2
PUB-002B,1759,,,2380,행복나루노인복지관,,https://apis.data.go.kr/B552474/OdsnCodeInquiryService2/getOdsnOrgCodeInquiryList2
PUB-002B,1760,,,238083,어울림협동조합,,https://apis.data.go.kr/B552474/OdsnCodeInquiryService2/getOdsnOrgCodeInquiryList2
PUB-002B,1761,,,2381,장산노인복지관,,https://apis.data.go.kr/B552474/OdsnCodeInquiryService2/getOdsnOrgCodeInquiryList2
PUB-002B,1762,,,2382,국수교회,,https://apis.data.go.kr/B552474/OdsnCodeInquiryService2/getOdsnOrgCodeInquiryList2
PUB-002B,1763,,,2383,서울시립 신목종합사회복지관,,https://apis.data.go.kr/B552474/OdsnCodeInquiryService2/getOdsnOrgCodeInquiryList2
PUB-002B,1764,,,2384,목동종합사회복지관,,https://apis.data.go.kr/B552474/OdsnCodeInquiryService2/getOdsnOrgCodeInquiryList2
PUB-002B,1765,,,2385,주안노인문화센터,,https://apis.data.go.kr/B552474/OdsnCodeInquiryService2/getOdsnOrgCodeInquiryList2
PUB-002B,1766,,,2386,목포이랜드노인복지관,,https://apis.data.go.kr/B552474/OdsnCodeInquiryService2/getOdsnOrgCodeInquiryList2
PUB-002B,1767,,,2387,대전광역시시설관리공단 장묘관리사업소,,https://apis.data.go.kr/B552474/OdsnCodeInquiryService2/getOdsnOrgCodeInquiryList2
PUB-002B,1768,,,2388,거제사랑노인복지센터,,https://apis.data.go.kr/B552474/OdsnCodeInquiryService2/getOdsnOrgCodeInquiryList2
PUB-002B,1769,,,2389,부산 해운대구(세계시민사회과),,https://apis.data.go.kr/B552474/OdsnCodeInquiryService2/getOdsnOrgCodeInquiryList2
PUB-002B,1770,,,239,기장군 경제산업국 일자리경제과,,https://apis.data.go.kr/B552474/OdsnCodeInquiryService2/getOdsnOrgCodeInquiryList2
PUB-002B,1771,,,2390,학수정노인복지센터,,https://apis.data.go.kr/B552474/OdsnCodeInquiryService2/getOdsnOrgCodeInquiryList2
PUB-002B,1772,,,239083,(사)늘푸른청소년교육문화센터,,https://apis.data.go.kr/B552474/OdsnCodeInquiryService2/getOdsnOrgCodeInquiryList2
PUB-002B,1773,,,2391,방화6종합사회복지관,,https://apis.data.go.kr/B552474/OdsnCodeInquiryService2/getOdsnOrgCodeInquiryList2
PUB-002B,1774,,,2392,선인노인복지센터,,https://apis.data.go.kr/B552474/OdsnCodeInquiryService2/getOdsnOrgCodeInquiryList2
PUB-002B,1775,,,2393,강동구립 해공노인복지관,,https://apis.data.go.kr/B552474/OdsnCodeInquiryService2/getOdsnOrgCodeInquiryList2
PUB-002B,1776,,,2394,청파노인복지관,,https://apis.data.go.kr/B552474/OdsnCodeInquiryService2/getOdsnOrgCodeInquiryList2
PUB-002B,1777,,,2396,경기남부노인보호전문기관,,https://apis.data.go.kr/B552474/OdsnCodeInquiryService2/getOdsnOrgCodeInquiryList2
PUB-002B,1778,,,2397,우리마포복지관,,https://apis.data.go.kr/B552474/OdsnCodeInquiryService2/getOdsnOrgCodeInquiryList2
PUB-002B,1779,,,2398,생명의전화종합사회복지관,,https://apis.data.go.kr/B552474/OdsnCodeInquiryService2/getOdsnOrgCodeInquiryList2
PUB-002B,1780,,,2399,행복노인복지센터,,https://apis.data.go.kr/B552474/OdsnCodeInquiryService2/getOdsnOrgCodeInquiryList2
PUB-002B,1781,,,24,중랑노인종합복지관,,https://apis.data.go.kr/B552474/OdsnCodeInquiryService2/getOdsnOrgCodeInquiryList2
PUB-002B,1782,,,2400,전원아동센터,,https://apis.data.go.kr/B552474/OdsnCodeInquiryService2/getOdsnOrgCodeInquiryList2
PUB-002B,1783,,,2401,대한노인회 경남 산청군지회,,https://apis.data.go.kr/B552474/OdsnCodeInquiryService2/getOdsnOrgCodeInquiryList2
PUB-002B,1784,,,2402,전동면짚풀공예단,,https://apis.data.go.kr/B552474/OdsnCodeInquiryService2/getOdsnOrgCodeInquiryList2
PUB-002B,1785,,,2403,금강종합사회복지관,,https://apis.data.go.kr/B552474/OdsnCodeInquiryService2/getOdsnOrgCodeInquiryList2
PUB-002B,1786,,,2404,성안동행정복지센터,,https://apis.data.go.kr/B552474/OdsnCodeInquiryService2/getOdsnOrgCodeInquiryList2
PUB-002B,1787,,,2405,사직2동주민센터,,https://apis.data.go.kr/B552474/OdsnCodeInquiryService2/getOdsnOrgCodeInquiryList2
PUB-002B,1788,,,2406,산남동주민센터,,https://apis.data.go.kr/B552474/OdsnCodeInquiryService2/getOdsnOrgCodeInquiryList2
PUB-002B,1789,,,2407,임실군노인종합복지관,,https://apis.data.go.kr/B552474/OdsnCodeInquiryService2/getOdsnOrgCodeInquiryList2
PUB-002B,1790,,,2408,율량사천동주민센터,,https://apis.data.go.kr/B552474/OdsnCodeInquiryService2/getOdsnOrgCodeInquiryList2
PUB-002B,1791,,,24083,공주시니어클럽(민간),,https://apis.data.go.kr/B552474/OdsnCodeInquiryService2/getOdsnOrgCodeInquiryList2
PUB-002B,1792,,,2409,영운동주민센터,,https://apis.data.go.kr/B552474/OdsnCodeInquiryService2/getOdsnOrgCodeInquiryList2
PUB-002B,1793,,,241,중구청 주민복지국 복지정책과,,https://apis.data.go.kr/B552474/OdsnCodeInquiryService2/getOdsnOrgCodeInquiryList2
PUB-002B,1794,,,241083,사)한국교통장애인세종시협회,,https://apis.data.go.kr/B552474/OdsnCodeInquiryService2/getOdsnOrgCodeInquiryList2
PUB-002B,1795,,,241084,미평종합사회복지관,,https://apis.data.go.kr/B552474/OdsnCodeInquiryService2/getOdsnOrgCodeInquiryList2
PUB-002B,1796,,,2411,모충동주민센터,,https://apis.data.go.kr/B552474/OdsnCodeInquiryService2/getOdsnOrgCodeInquiryList2
PUB-002B,1797,,,2412,서울특별시서부여성발전센터,,https://apis.data.go.kr/B552474/OdsnCodeInquiryService2/getOdsnOrgCodeInquiryList2
PUB-002B,1798,,,2413,청주시 상당구 내덕2동주민센터,,https://apis.data.go.kr/B552474/OdsnCodeInquiryService2/getOdsnOrgCodeInquiryList2
PUB-002B,1799,,,2414,봉명2송정동주민센터,,https://apis.data.go.kr/B552474/OdsnCodeInquiryService2/getOdsnOrgCodeInquiryList2
PUB-002B,1800,,,2415,보문종합사회복지관,,https://apis.data.go.kr/B552474/OdsnCodeInquiryService2/getOdsnOrgCodeInquiryList2
PUB-002B,1801,,,2416,청주시 상당구청,,https://apis.data.go.kr/B552474/OdsnCodeInquiryService2/getOdsnOrgCodeInquiryList2
PUB-002B,1802,,,2417,흥덕구청,,https://apis.data.go.kr/B552474/OdsnCodeInquiryService2/getOdsnOrgCodeInquiryList2
PUB-002B,1803,,,2418,성균관유도회 대전광역시중구지부,,https://apis.data.go.kr/B552474/OdsnCodeInquiryService2/getOdsnOrgCodeInquiryList2
PUB-002B,1804,,,2419,정드림노인복지센터,,https://apis.data.go.kr/B552474/OdsnCodeInquiryService2/getOdsnOrgCodeInquiryList2
PUB-002B,1805,,,242,대구 동구청 가족돌봄과,,https://apis.data.go.kr/B552474/OdsnCodeInquiryService2/getOdsnOrgCodeInquiryList2
PUB-002B,1806,,,2420,해바라기복지요양센터,,https://apis.data.go.kr/B552474/OdsnCodeInquiryService2/getOdsnOrgCodeInquiryList2
PUB-002B,1807,,,242083,동양노인문화센터,,https://apis.data.go.kr/B552474/OdsnCodeInquiryService2/getOdsnOrgCodeInquiryList2
PUB-002B,1808,,,2421,영월돌봄사회적협동조합,,https://apis.data.go.kr/B552474/OdsnCodeInquiryService2/getOdsnOrgCodeInquiryList2
PUB-002B,1809,,,2422,수곡1동 주민센터,,https://apis.data.go.kr/B552474/OdsnCodeInquiryService2/getOdsnOrgCodeInquiryList2
PUB-002B,1810,,,2423,금천동행정복지센터,,https://apis.data.go.kr/B552474/OdsnCodeInquiryService2/getOdsnOrgCodeInquiryList2
PUB-002B,1811,,,2424,실로암노인복지센터,,https://apis.data.go.kr/B552474/OdsnCodeInquiryService2/getOdsnOrgCodeInquiryList2
PUB-002B,1812,,,2425,강감찬관악종합사회복지관,,https://apis.data.go.kr/B552474/OdsnCodeInquiryService2/getOdsnOrgCodeInquiryList2
PUB-002B,1813,,,2426,전주시노인취업지원센터,,https://apis.data.go.kr/B552474/OdsnCodeInquiryService2/getOdsnOrgCodeInquiryList2
PUB-002B,1814,,,2427,공주노인복지센터,,https://apis.data.go.kr/B552474/OdsnCodeInquiryService2/getOdsnOrgCodeInquiryList2
PUB-002B,1815,,,2428,서울시관악구재가노인복지기관,,https://apis.data.go.kr/B552474/OdsnCodeInquiryService2/getOdsnOrgCodeInquiryList2
PUB-002B,1816,,,2429,거제해양관광개발공사 옥포종합사회복지관,,https://apis.data.go.kr/B552474/OdsnCodeInquiryService2/getOdsnOrgCodeInquiryList2
PUB-002B,1817,,,243,대구서구청,,https://apis.data.go.kr/B552474/OdsnCodeInquiryService2/getOdsnOrgCodeInquiryList2
PUB-002B,1818,,,2430,파주시문산종합사회복지관,,https://apis.data.go.kr/B552474/OdsnCodeInquiryService2/getOdsnOrgCodeInquiryList2
PUB-002B,1819,,,243084,이천시니어클럽,,https://apis.data.go.kr/B552474/OdsnCodeInquiryService2/getOdsnOrgCodeInquiryList2
PUB-002B,1820,,,243085,화성시나래울종합사회복지관,,https://apis.data.go.kr/B552474/OdsnCodeInquiryService2/getOdsnOrgCodeInquiryList2
PUB-002B,1821,,,2431,성심노인복지센터,,https://apis.data.go.kr/B552474/OdsnCodeInquiryService2/getOdsnOrgCodeInquiryList2
PUB-002B,1822,,,2432,쌍치재가복지센터,,https://apis.data.go.kr/B552474/OdsnCodeInquiryService2/getOdsnOrgCodeInquiryList2
PUB-002B,1823,,,2433,웅상종합사회복지관,,https://apis.data.go.kr/B552474/OdsnCodeInquiryService2/getOdsnOrgCodeInquiryList2
PUB-002B,1824,,,2434,양양시니어클럽,,https://apis.data.go.kr/B552474/OdsnCodeInquiryService2/getOdsnOrgCodeInquiryList2
PUB-002B,1825,,,2435,구림재가복지센터,,https://apis.data.go.kr/B552474/OdsnCodeInquiryService2/getOdsnOrgCodeInquiryList2
PUB-002B,1826,,,2436,순창실버센터,,https://apis.data.go.kr/B552474/OdsnCodeInquiryService2/getOdsnOrgCodeInquiryList2
PUB-002B,1827,,,2437,화순군여성의용소방대,,https://apis.data.go.kr/B552474/OdsnCodeInquiryService2/getOdsnOrgCodeInquiryList2
PUB-002B,1828,,,2438,순창재가복지센터,,https://apis.data.go.kr/B552474/OdsnCodeInquiryService2/getOdsnOrgCodeInquiryList2
PUB-002B,1829,,,2439,금강노인문화센터,,https://apis.data.go.kr/B552474/OdsnCodeInquiryService2/getOdsnOrgCodeInquiryList2
PUB-002B,1830,,,244,대구남구청 복지환경국 복지지원과,,https://apis.data.go.kr/B552474/OdsnCodeInquiryService2/getOdsnOrgCodeInquiryList2
PUB-002B,1831,,,2440,구로종합사회복지관,,https://apis.data.go.kr/B552474/OdsnCodeInquiryService2/getOdsnOrgCodeInquiryList2
PUB-002B,1832,,,244083,우리사랑재가노인지원센터,,https://apis.data.go.kr/B552474/OdsnCodeInquiryService2/getOdsnOrgCodeInquiryList2
PUB-002B,1833,,,2441,증평군노인복지관,,https://apis.data.go.kr/B552474/OdsnCodeInquiryService2/getOdsnOrgCodeInquiryList2
PUB-002B,1834,,,2442,서대문구도시관리공단,,https://apis.data.go.kr/B552474/OdsnCodeInquiryService2/getOdsnOrgCodeInquiryList2
PUB-002B,1835,,,2443,효창종합사회복지관,,https://apis.data.go.kr/B552474/OdsnCodeInquiryService2/getOdsnOrgCodeInquiryList2
PUB-002B,1836,,,2444,믿음의집 병설 밀알재가노인복지센터,,https://apis.data.go.kr/B552474/OdsnCodeInquiryService2/getOdsnOrgCodeInquiryList2
PUB-002B,1837,,,2445,금천호암노인종합복지관,,https://apis.data.go.kr/B552474/OdsnCodeInquiryService2/getOdsnOrgCodeInquiryList2
PUB-002B,1838,,,2446,나주시니어클럽,,https://apis.data.go.kr/B552474/OdsnCodeInquiryService2/getOdsnOrgCodeInquiryList2
PUB-002B,1839,,,2447,(사)도울인복지회,,https://apis.data.go.kr/B552474/OdsnCodeInquiryService2/getOdsnOrgCodeInquiryList2
PUB-002B,1840,,,2448,대한노인회 전남 장성군지회,,https://apis.data.go.kr/B552474/OdsnCodeInquiryService2/getOdsnOrgCodeInquiryList2
PUB-002B,1841,,,2449,우암동주민센터,,https://apis.data.go.kr/B552474/OdsnCodeInquiryService2/getOdsnOrgCodeInquiryList2
PUB-002B,1842,,,245,대구북구청 복지정책과,,https://apis.data.go.kr/B552474/OdsnCodeInquiryService2/getOdsnOrgCodeInquiryList2
PUB-002B,1843,,,2450,능주향교,,https://apis.data.go.kr/B552474/OdsnCodeInquiryService2/getOdsnOrgCodeInquiryList2
PUB-002B,1844,,,245083,(사)광주광역시곰두리봉사회,,https://apis.data.go.kr/B552474/OdsnCodeInquiryService2/getOdsnOrgCodeInquiryList2
PUB-002B,1845,,,245084,효사랑재가노인복지센터(x),,https://apis.data.go.kr/B552474/OdsnCodeInquiryService2/getOdsnOrgCodeInquiryList2
PUB-002B,1846,,,2452,복지나눔과평화,,https://apis.data.go.kr/B552474/OdsnCodeInquiryService2/getOdsnOrgCodeInquiryList2
PUB-002B,1847,,,2453,횡성군노인복지대학,,https://apis.data.go.kr/B552474/OdsnCodeInquiryService2/getOdsnOrgCodeInquiryList2
PUB-002B,1848,,,2454,경북포항나눔지역자활센터,,https://apis.data.go.kr/B552474/OdsnCodeInquiryService2/getOdsnOrgCodeInquiryList2
PUB-002B,1849,,,2455,서천군노인복지관,,https://apis.data.go.kr/B552474/OdsnCodeInquiryService2/getOdsnOrgCodeInquiryList2
PUB-002B,1850,,,2456,서천군자원봉사센터,,https://apis.data.go.kr/B552474/OdsnCodeInquiryService2/getOdsnOrgCodeInquiryList2
PUB-002B,1851,,,2457,연제구 보건소,,https://apis.data.go.kr/B552474/OdsnCodeInquiryService2/getOdsnOrgCodeInquiryList2
PUB-002B,1852,,,246,대구광역시 수성구청,,https://apis.data.go.kr/B552474/OdsnCodeInquiryService2/getOdsnOrgCodeInquiryList2
PUB-002B,1853,,,2460,대원노인복지센터,,https://apis.data.go.kr/B552474/OdsnCodeInquiryService2/getOdsnOrgCodeInquiryList2
PUB-002B,1854,,,246083,고성시니어클럽,,https://apis.data.go.kr/B552474/OdsnCodeInquiryService2/getOdsnOrgCodeInquiryList2
PUB-002B,1855,,,246084,사단법인 대효,,https://apis.data.go.kr/B552474/OdsnCodeInquiryService2/getOdsnOrgCodeInquiryList2
PUB-002B,1856,,,2461,내덕1동,,https://apis.data.go.kr/B552474/OdsnCodeInquiryService2/getOdsnOrgCodeInquiryList2
PUB-002B,1857,,,2465,하나노인복지관,,https://apis.data.go.kr/B552474/OdsnCodeInquiryService2/getOdsnOrgCodeInquiryList2
PUB-002B,1858,,,2467,창원시 마산회원구 회성동사무소,,https://apis.data.go.kr/B552474/OdsnCodeInquiryService2/getOdsnOrgCodeInquiryList2
PUB-002B,1859,,,2468,탑대성동행정복지센터,,https://apis.data.go.kr/B552474/OdsnCodeInquiryService2/getOdsnOrgCodeInquiryList2
PUB-002B,1860,,,2469,경북영덕군지회,,https://apis.data.go.kr/B552474/OdsnCodeInquiryService2/getOdsnOrgCodeInquiryList2
PUB-002B,1861,,,247,대구달서구청 복지증진국,,https://apis.data.go.kr/B552474/OdsnCodeInquiryService2/getOdsnOrgCodeInquiryList2
PUB-002B,1862,,,2470,무등종합사회복지관,,https://apis.data.go.kr/B552474/OdsnCodeInquiryService2/getOdsnOrgCodeInquiryList2
PUB-002B,1863,,,247083,한국HRM협회,,https://apis.data.go.kr/B552474/OdsnCodeInquiryService2/getOdsnOrgCodeInquiryList2
PUB-002B,1864,,,2472,철원군 종합문화복지센터,,https://apis.data.go.kr/B552474/OdsnCodeInquiryService2/getOdsnOrgCodeInquiryList2
PUB-002B,1865,,,2473,범물2동,,https://apis.data.go.kr/B552474/OdsnCodeInquiryService2/getOdsnOrgCodeInquiryList2
PUB-002B,1866,,,2474,교동주민센터,,https://apis.data.go.kr/B552474/OdsnCodeInquiryService2/getOdsnOrgCodeInquiryList2
PUB-002B,1867,,,2475,사마리타노인복지센터,,https://apis.data.go.kr/B552474/OdsnCodeInquiryService2/getOdsnOrgCodeInquiryList2
PUB-002B,1868,,,2479,강원동부노인보호전문기관,,https://apis.data.go.kr/B552474/OdsnCodeInquiryService2/getOdsnOrgCodeInquiryList2
PUB-002B,1869,,,248,달성군청 주민복지국 복지정책과,,https://apis.data.go.kr/B552474/OdsnCodeInquiryService2/getOdsnOrgCodeInquiryList2
PUB-002B,1870,,,248083,땅끝해남시니어클럽,,https://apis.data.go.kr/B552474/OdsnCodeInquiryService2/getOdsnOrgCodeInquiryList2
PUB-002B,1871,,,2481,인천광역시 강화군,,https://apis.data.go.kr/B552474/OdsnCodeInquiryService2/getOdsnOrgCodeInquiryList2
PUB-002B,1872,,,2483,광주동구시니어클럽,,https://apis.data.go.kr/B552474/OdsnCodeInquiryService2/getOdsnOrgCodeInquiryList2
PUB-002B,1873,,,2485,충청남도경제진흥원,,https://apis.data.go.kr/B552474/OdsnCodeInquiryService2/getOdsnOrgCodeInquiryList2
PUB-002B,1874,,,2486,중소기업기술혁신협회대전충남지회,,https://apis.data.go.kr/B552474/OdsnCodeInquiryService2/getOdsnOrgCodeInquiryList2
PUB-002B,1875,,,2487,(사)중소기업기술혁신협회 강원지회,,https://apis.data.go.kr/B552474/OdsnCodeInquiryService2/getOdsnOrgCodeInquiryList2
PUB-002B,1876,,,2488,전동면 짚풀공예사업단,,https://apis.data.go.kr/B552474/OdsnCodeInquiryService2/getOdsnOrgCodeInquiryList2
PUB-002B,1877,,,2489,사회복지법인 새빛복지재단,,https://apis.data.go.kr/B552474/OdsnCodeInquiryService2/getOdsnOrgCodeInquiryList2
PUB-002B,1878,,,2490,대한노인회 전남 신안군지회,,https://apis.data.go.kr/B552474/OdsnCodeInquiryService2/getOdsnOrgCodeInquiryList2
PUB-002B,1879,,,249083,무안시니어클럽,,https://apis.data.go.kr/B552474/OdsnCodeInquiryService2/getOdsnOrgCodeInquiryList2
PUB-002B,1880,,,249084,사랑샘노인복지센터,,https://apis.data.go.kr/B552474/OdsnCodeInquiryService2/getOdsnOrgCodeInquiryList2
PUB-002B,1881,,,249085,사단법인 일미래센터 전남지사,,https://apis.data.go.kr/B552474/OdsnCodeInquiryService2/getOdsnOrgCodeInquiryList2
PUB-002B,1882,,,2491,(재)대한성공회유지재단,,https://apis.data.go.kr/B552474/OdsnCodeInquiryService2/getOdsnOrgCodeInquiryList2
PUB-002B,1883,,,2492,강동사랑나눔터,,https://apis.data.go.kr/B552474/OdsnCodeInquiryService2/getOdsnOrgCodeInquiryList2
PUB-002B,1884,,,2493,춘천시사회복지협의회,,https://apis.data.go.kr/B552474/OdsnCodeInquiryService2/getOdsnOrgCodeInquiryList2
PUB-002B,1885,,,2494,상주시니어클럽,,https://apis.data.go.kr/B552474/OdsnCodeInquiryService2/getOdsnOrgCodeInquiryList2
PUB-002B,1886,,,2495,용인시수지노인복지관,,https://apis.data.go.kr/B552474/OdsnCodeInquiryService2/getOdsnOrgCodeInquiryList2
PUB-002B,1887,,,2496,은평시니어클럽,,https://apis.data.go.kr/B552474/OdsnCodeInquiryService2/getOdsnOrgCodeInquiryList2
PUB-002B,1888,,,2497,영양군청,,https://apis.data.go.kr/B552474/OdsnCodeInquiryService2/getOdsnOrgCodeInquiryList2
PUB-002B,1889,,,2498,성남시수정구지회,,https://apis.data.go.kr/B552474/OdsnCodeInquiryService2/getOdsnOrgCodeInquiryList2
PUB-002B,1890,,,2499,고성시니어클럽,,https://apis.data.go.kr/B552474/OdsnCodeInquiryService2/getOdsnOrgCodeInquiryList2
PUB-002B,1891,,,25,연수구노인복지관,,https://apis.data.go.kr/B552474/OdsnCodeInquiryService2/getOdsnOrgCodeInquiryList2
PUB-002B,1892,,,2500,송파시니어클럽,,https://apis.data.go.kr/B552474/OdsnCodeInquiryService2/getOdsnOrgCodeInquiryList2
PUB-002B,1893,,,250083,사단법인 광주전남여성벤처협회,,https://apis.data.go.kr/B552474/OdsnCodeInquiryService2/getOdsnOrgCodeInquiryList2
PUB-002B,1894,,,250084,경산상공회의소,,https://apis.data.go.kr/B552474/OdsnCodeInquiryService2/getOdsnOrgCodeInquiryList2
PUB-002B,1895,,,2501,울진군 온정면,,https://apis.data.go.kr/B552474/OdsnCodeInquiryService2/getOdsnOrgCodeInquiryList2
PUB-002B,1896,,,2502,서울노원남부지역자활센터,,https://apis.data.go.kr/B552474/OdsnCodeInquiryService2/getOdsnOrgCodeInquiryList2
PUB-002B,1897,,,2503,무공수훈자회 서대문구지회,,https://apis.data.go.kr/B552474/OdsnCodeInquiryService2/getOdsnOrgCodeInquiryList2
PUB-002B,1898,,,2504,무공수훈자회서울특별시서대문구지회,,https://apis.data.go.kr/B552474/OdsnCodeInquiryService2/getOdsnOrgCodeInquiryList2
PUB-002B,1899,,,2505,세종특별자치시청,,https://apis.data.go.kr/B552474/OdsnCodeInquiryService2/getOdsnOrgCodeInquiryList2
PUB-002B,1900,,,2507,광양새마을회,,https://apis.data.go.kr/B552474/OdsnCodeInquiryService2/getOdsnOrgCodeInquiryList2
PUB-002B,1901,,,2508,한국예탁결제원시니어직능클럽,,https://apis.data.go.kr/B552474/OdsnCodeInquiryService2/getOdsnOrgCodeInquiryList2
PUB-002B,1902,,,25083,여주시니어클럽,,https://apis.data.go.kr/B552474/OdsnCodeInquiryService2/getOdsnOrgCodeInquiryList2
PUB-002B,1903,,,2509,포항시북구건설교통과,,https://apis.data.go.kr/B552474/OdsnCodeInquiryService2/getOdsnOrgCodeInquiryList2
PUB-002B,1904,,,251,인천동구청 노인장애인과,,https://apis.data.go.kr/B552474/OdsnCodeInquiryService2/getOdsnOrgCodeInquiryList2
PUB-002B,1905,,,2510,영월군종합사회복지관,,https://apis.data.go.kr/B552474/OdsnCodeInquiryService2/getOdsnOrgCodeInquiryList2
PUB-002B,1906,,,251083,대구여성인력개발센터,,https://apis.data.go.kr/B552474/OdsnCodeInquiryService2/getOdsnOrgCodeInquiryList2
PUB-002B,1907,,,251084,순천YWCA여성인력개발센터,,https://apis.data.go.kr/B552474/OdsnCodeInquiryService2/getOdsnOrgCodeInquiryList2
PUB-002B,1908,,,2511,한국조폐공사시니어직능클럽,,https://apis.data.go.kr/B552474/OdsnCodeInquiryService2/getOdsnOrgCodeInquiryList2
PUB-002B,1909,,,2512,(사)한류세계문화교류협회,,https://apis.data.go.kr/B552474/OdsnCodeInquiryService2/getOdsnOrgCodeInquiryList2
PUB-002B,1910,,,2513,칠곡시니어클럽,,https://apis.data.go.kr/B552474/OdsnCodeInquiryService2/getOdsnOrgCodeInquiryList2
PUB-002B,1911,,,2514,현민세무회계사무소,,https://apis.data.go.kr/B552474/OdsnCodeInquiryService2/getOdsnOrgCodeInquiryList2
PUB-002B,1912,,,2515,상도종합사회복지관,,https://apis.data.go.kr/B552474/OdsnCodeInquiryService2/getOdsnOrgCodeInquiryList2
PUB-002B,1913,,,2517,부산동구시니어클럽,,https://apis.data.go.kr/B552474/OdsnCodeInquiryService2/getOdsnOrgCodeInquiryList2
PUB-002B,1914,,,2518,평화사랑방센터,,https://apis.data.go.kr/B552474/OdsnCodeInquiryService2/getOdsnOrgCodeInquiryList2
PUB-002B,1915,,,2519,영월군청소년수련관,,https://apis.data.go.kr/B552474/OdsnCodeInquiryService2/getOdsnOrgCodeInquiryList2
PUB-002B,1916,,,252,인천 미추홀구청 노인장애인복지과,,https://apis.data.go.kr/B552474/OdsnCodeInquiryService2/getOdsnOrgCodeInquiryList2
PUB-002B,1917,,,2520,하나재가노인통합지원센터,,https://apis.data.go.kr/B552474/OdsnCodeInquiryService2/getOdsnOrgCodeInquiryList2
PUB-002B,1918,,,252083,김해가야시니어클럽,,https://apis.data.go.kr/B552474/OdsnCodeInquiryService2/getOdsnOrgCodeInquiryList2
PUB-002B,1919,,,2521,성서재가노인돌봄센터,,https://apis.data.go.kr/B552474/OdsnCodeInquiryService2/getOdsnOrgCodeInquiryList2
PUB-002B,1920,,,2522,당진시노인복지관,,https://apis.data.go.kr/B552474/OdsnCodeInquiryService2/getOdsnOrgCodeInquiryList2
PUB-002B,1921,,,2523,사단법인 행복나눔복지회,,https://apis.data.go.kr/B552474/OdsnCodeInquiryService2/getOdsnOrgCodeInquiryList2
PUB-002B,1922,,,2524,동두천시노인자살예방센터,,https://apis.data.go.kr/B552474/OdsnCodeInquiryService2/getOdsnOrgCodeInquiryList2
PUB-002B,1923,,,2526,강남구립대치노인복지센터,,https://apis.data.go.kr/B552474/OdsnCodeInquiryService2/getOdsnOrgCodeInquiryList2
PUB-002B,1924,,,2527,음성시니어클럽,,https://apis.data.go.kr/B552474/OdsnCodeInquiryService2/getOdsnOrgCodeInquiryList2
PUB-002B,1925,,,2528,마포시니어클럽,,https://apis.data.go.kr/B552474/OdsnCodeInquiryService2/getOdsnOrgCodeInquiryList2
PUB-002B,1926,,,2529,부산수영시니어클럽,,https://apis.data.go.kr/B552474/OdsnCodeInquiryService2/getOdsnOrgCodeInquiryList2
PUB-002B,1927,,,253,연수구청 주민복지국 노인장애인과,,https://apis.data.go.kr/B552474/OdsnCodeInquiryService2/getOdsnOrgCodeInquiryList2
PUB-002B,1928,,,2530,남원시노인복지관,,https://apis.data.go.kr/B552474/OdsnCodeInquiryService2/getOdsnOrgCodeInquiryList2
PUB-002B,1929,,,253083,퍼스트인잡(주) 원주지사,,https://apis.data.go.kr/B552474/OdsnCodeInquiryService2/getOdsnOrgCodeInquiryList2
PUB-002B,1930,,,253084,(주)커리어스타,,https://apis.data.go.kr/B552474/OdsnCodeInquiryService2/getOdsnOrgCodeInquiryList2
PUB-002B,1931,,,2531,삼척시니어클럽,,https://apis.data.go.kr/B552474/OdsnCodeInquiryService2/getOdsnOrgCodeInquiryList2
PUB-002B,1932,,,2532,욱일지역아동센터,,https://apis.data.go.kr/B552474/OdsnCodeInquiryService2/getOdsnOrgCodeInquiryList2
PUB-002B,1933,,,2533,더불어숲 노인복지센터,,https://apis.data.go.kr/B552474/OdsnCodeInquiryService2/getOdsnOrgCodeInquiryList2
PUB-002B,1934,,,2534,춘천남부노인복지관,,https://apis.data.go.kr/B552474/OdsnCodeInquiryService2/getOdsnOrgCodeInquiryList2
PUB-002B,1935,,,2535,울주군 상북면(X),,https://apis.data.go.kr/B552474/OdsnCodeInquiryService2/getOdsnOrgCodeInquiryList2
PUB-002B,1936,,,2536,사상구노인복지관,,https://apis.data.go.kr/B552474/OdsnCodeInquiryService2/getOdsnOrgCodeInquiryList2
PUB-002B,1937,,,2537,부안종합사회복지관,,https://apis.data.go.kr/B552474/OdsnCodeInquiryService2/getOdsnOrgCodeInquiryList2
PUB-002B,1938,,,2538,중림종합사회복지관,,https://apis.data.go.kr/B552474/OdsnCodeInquiryService2/getOdsnOrgCodeInquiryList2
PUB-002B,1939,,,2539,삼남면(X),,https://apis.data.go.kr/B552474/OdsnCodeInquiryService2/getOdsnOrgCodeInquiryList2
PUB-002B,1940,,,254,남동구청 복지국 노인정책과,,https://apis.data.go.kr/B552474/OdsnCodeInquiryService2/getOdsnOrgCodeInquiryList2
PUB-002B,1941,,,2540,서울인생이모작지원센터,,https://apis.data.go.kr/B552474/OdsnCodeInquiryService2/getOdsnOrgCodeInquiryList2
PUB-002B,1942,,,254083,에스잡플러스 주식회사,,https://apis.data.go.kr/B552474/OdsnCodeInquiryService2/getOdsnOrgCodeInquiryList2
PUB-002B,1943,,,2542,홍천군노인복지관,,https://apis.data.go.kr/B552474/OdsnCodeInquiryService2/getOdsnOrgCodeInquiryList2
PUB-002B,1944,,,2543,임실지역아동센터,,https://apis.data.go.kr/B552474/OdsnCodeInquiryService2/getOdsnOrgCodeInquiryList2
PUB-002B,1945,,,2545,사) 함께하는우리마음,,https://apis.data.go.kr/B552474/OdsnCodeInquiryService2/getOdsnOrgCodeInquiryList2
PUB-002B,1946,,,2546,연제구거제종합사회복지관,,https://apis.data.go.kr/B552474/OdsnCodeInquiryService2/getOdsnOrgCodeInquiryList2
PUB-002B,1947,,,2547,노원구 공원녹지과,,https://apis.data.go.kr/B552474/OdsnCodeInquiryService2/getOdsnOrgCodeInquiryList2
PUB-002B,1948,,,2549,서초구청 공원녹지과,,https://apis.data.go.kr/B552474/OdsnCodeInquiryService2/getOdsnOrgCodeInquiryList2
PUB-002B,1949,,,255,부평구청 문화복지국 노인장애인과,,https://apis.data.go.kr/B552474/OdsnCodeInquiryService2/getOdsnOrgCodeInquiryList2
PUB-002B,1950,,,2550,봄내노인복지센터,,https://apis.data.go.kr/B552474/OdsnCodeInquiryService2/getOdsnOrgCodeInquiryList2
PUB-002B,1951,,,2551,강남구 공원녹지과,,https://apis.data.go.kr/B552474/OdsnCodeInquiryService2/getOdsnOrgCodeInquiryList2
PUB-002B,1952,,,2552,강북구 푸른도시과,,https://apis.data.go.kr/B552474/OdsnCodeInquiryService2/getOdsnOrgCodeInquiryList2
PUB-002B,1953,,,2554,중구 공원녹지과,,https://apis.data.go.kr/B552474/OdsnCodeInquiryService2/getOdsnOrgCodeInquiryList2
PUB-002B,1954,,,2555,성수종합사회복지관,,https://apis.data.go.kr/B552474/OdsnCodeInquiryService2/getOdsnOrgCodeInquiryList2
PUB-002B,1955,,,2556,성동희망나눔,,https://apis.data.go.kr/B552474/OdsnCodeInquiryService2/getOdsnOrgCodeInquiryList2
PUB-002B,1956,,,2559,사단법인 부안동부복지회,,https://apis.data.go.kr/B552474/OdsnCodeInquiryService2/getOdsnOrgCodeInquiryList2
PUB-002B,1957,,,256,계양구청 주민복지국 노인장애인복지과,,https://apis.data.go.kr/B552474/OdsnCodeInquiryService2/getOdsnOrgCodeInquiryList2
PUB-002B,1958,,,2560,서대문구청 푸른도시과,,https://apis.data.go.kr/B552474/OdsnCodeInquiryService2/getOdsnOrgCodeInquiryList2
PUB-002B,1959,,,256083,인지어스,,https://apis.data.go.kr/B552474/OdsnCodeInquiryService2/getOdsnOrgCodeInquiryList2
PUB-002B,1960,,,256084,인지어스 유한회사 포항남구지사,,https://apis.data.go.kr/B552474/OdsnCodeInquiryService2/getOdsnOrgCodeInquiryList2
PUB-002B,1961,,,256086,사회적협동조합 제주내일(민간),,https://apis.data.go.kr/B552474/OdsnCodeInquiryService2/getOdsnOrgCodeInquiryList2
PUB-002B,1962,,,256087,인천YMCA청소년재단,,https://apis.data.go.kr/B552474/OdsnCodeInquiryService2/getOdsnOrgCodeInquiryList2
PUB-002B,1963,,,2561,성화개신죽림동 주민센터,,https://apis.data.go.kr/B552474/OdsnCodeInquiryService2/getOdsnOrgCodeInquiryList2
PUB-002B,1964,,,2562,종로구청 도시녹지과,,https://apis.data.go.kr/B552474/OdsnCodeInquiryService2/getOdsnOrgCodeInquiryList2
PUB-002B,1965,,,2563,청주시 상당구 오근장동,,https://apis.data.go.kr/B552474/OdsnCodeInquiryService2/getOdsnOrgCodeInquiryList2
PUB-002B,1966,,,2564,구로구청 공원녹지과,,https://apis.data.go.kr/B552474/OdsnCodeInquiryService2/getOdsnOrgCodeInquiryList2
PUB-002B,1967,,,2566,도시관리국 공원녹지과,,https://apis.data.go.kr/B552474/OdsnCodeInquiryService2/getOdsnOrgCodeInquiryList2
PUB-002B,1968,,,2567,인제시니어클럽,,https://apis.data.go.kr/B552474/OdsnCodeInquiryService2/getOdsnOrgCodeInquiryList2
PUB-002B,1969,,,2568,동작구청 공원녹지과,,https://apis.data.go.kr/B552474/OdsnCodeInquiryService2/getOdsnOrgCodeInquiryList2
PUB-002B,1970,,,2569,속초시생활체육회,,https://apis.data.go.kr/B552474/OdsnCodeInquiryService2/getOdsnOrgCodeInquiryList2
PUB-002B,1971,,,257,인천서구청 복지국 노인장애인과,,https://apis.data.go.kr/B552474/OdsnCodeInquiryService2/getOdsnOrgCodeInquiryList2
PUB-002B,1972,,,257083,인지어스유한회사 익산지사,,https://apis.data.go.kr/B552474/OdsnCodeInquiryService2/getOdsnOrgCodeInquiryList2
PUB-002B,1973,,,2571,양천구청 공원녹지과,,https://apis.data.go.kr/B552474/OdsnCodeInquiryService2/getOdsnOrgCodeInquiryList2
PUB-002B,1974,,,2572,팔공노인복지관,,https://apis.data.go.kr/B552474/OdsnCodeInquiryService2/getOdsnOrgCodeInquiryList2
PUB-002B,1975,,,2573,푸른도시과,,https://apis.data.go.kr/B552474/OdsnCodeInquiryService2/getOdsnOrgCodeInquiryList2
PUB-002B,1976,,,2574,강동구청 푸른도시과,,https://apis.data.go.kr/B552474/OdsnCodeInquiryService2/getOdsnOrgCodeInquiryList2
PUB-002B,1977,,,2575,공원관리사업소,,https://apis.data.go.kr/B552474/OdsnCodeInquiryService2/getOdsnOrgCodeInquiryList2
PUB-002B,1978,,,2577,세종도덕노인복지센터,,https://apis.data.go.kr/B552474/OdsnCodeInquiryService2/getOdsnOrgCodeInquiryList2
PUB-002B,1979,,,2578,도봉구청 공원녹지과,,https://apis.data.go.kr/B552474/OdsnCodeInquiryService2/getOdsnOrgCodeInquiryList2
PUB-002B,1980,,,2579,창천노인복지센터,,https://apis.data.go.kr/B552474/OdsnCodeInquiryService2/getOdsnOrgCodeInquiryList2
PUB-002B,1981,,,258,강화군청 주민생활지원실,,https://apis.data.go.kr/B552474/OdsnCodeInquiryService2/getOdsnOrgCodeInquiryList2
PUB-002B,1982,,,258083,제이엠커리어,,https://apis.data.go.kr/B552474/OdsnCodeInquiryService2/getOdsnOrgCodeInquiryList2
PUB-002B,1983,,,258084,(주)제이엠커리어 대구지사,,https://apis.data.go.kr/B552474/OdsnCodeInquiryService2/getOdsnOrgCodeInquiryList2
PUB-002B,1984,,,258085,파주상공회의소,,https://apis.data.go.kr/B552474/OdsnCodeInquiryService2/getOdsnOrgCodeInquiryList2
PUB-002B,1985,,,258086,(주)두원잡 대구지사,,https://apis.data.go.kr/B552474/OdsnCodeInquiryService2/getOdsnOrgCodeInquiryList2
PUB-002B,1986,,,2581,강서구청 공원녹지과,,https://apis.data.go.kr/B552474/OdsnCodeInquiryService2/getOdsnOrgCodeInquiryList2
PUB-002B,1987,,,2582,양천구청 안전재난과,,https://apis.data.go.kr/B552474/OdsnCodeInquiryService2/getOdsnOrgCodeInquiryList2
PUB-002B,1988,,,2583,양천구청 청소행정과,,https://apis.data.go.kr/B552474/OdsnCodeInquiryService2/getOdsnOrgCodeInquiryList2
PUB-002B,1989,,,2584,양천구청 공원녹지과,,https://apis.data.go.kr/B552474/OdsnCodeInquiryService2/getOdsnOrgCodeInquiryList2
PUB-002B,1990,,,2585,정선시니어클럽,,https://apis.data.go.kr/B552474/OdsnCodeInquiryService2/getOdsnOrgCodeInquiryList2
PUB-002B,1991,,,2586,성동구청 공원녹지과,,https://apis.data.go.kr/B552474/OdsnCodeInquiryService2/getOdsnOrgCodeInquiryList2
PUB-002B,1992,,,2587,화순햇살노인복지센터,,https://apis.data.go.kr/B552474/OdsnCodeInquiryService2/getOdsnOrgCodeInquiryList2
PUB-002B,1993,,,2588,환경21연대 전남본부화순지부,,https://apis.data.go.kr/B552474/OdsnCodeInquiryService2/getOdsnOrgCodeInquiryList2
PUB-002B,1994,,,2589,금천구 공원녹지과,,https://apis.data.go.kr/B552474/OdsnCodeInquiryService2/getOdsnOrgCodeInquiryList2
PUB-002B,1995,,,259,옹진군청 사회복지과,,https://apis.data.go.kr/B552474/OdsnCodeInquiryService2/getOdsnOrgCodeInquiryList2
PUB-002B,1996,,,259083,인지어스 유한회사 성남지사,,https://apis.data.go.kr/B552474/OdsnCodeInquiryService2/getOdsnOrgCodeInquiryList2
PUB-002B,1997,,,259084,인지어스 유한회사,,https://apis.data.go.kr/B552474/OdsnCodeInquiryService2/getOdsnOrgCodeInquiryList2
PUB-002B,1998,,,259085,(주)두원잡,,https://apis.data.go.kr/B552474/OdsnCodeInquiryService2/getOdsnOrgCodeInquiryList2
PUB-002B,1999,,,2591,(사)충남벤처협회,,https://apis.data.go.kr/B552474/OdsnCodeInquiryService2/getOdsnOrgCodeInquiryList2
PUB-002B,2000,,,2593,온수어르신복지관,,https://apis.data.go.kr/B552474/OdsnCodeInquiryService2/getOdsnOrgCodeInquiryList2
PUB-002B,2001,,,2594,사회복지법인 효림원,,https://apis.data.go.kr/B552474/OdsnCodeInquiryService2/getOdsnOrgCodeInquiryList2
PUB-002B,2002,,,2597,마포구청도시환경국공원녹지과,,https://apis.data.go.kr/B552474/OdsnCodeInquiryService2/getOdsnOrgCodeInquiryList2
PUB-002B,2003,,,2599,YMCA철원평화센터,,https://apis.data.go.kr/B552474/OdsnCodeInquiryService2/getOdsnOrgCodeInquiryList2
PUB-002B,2004,,,26,인천남동구노인복지관,,https://apis.data.go.kr/B552474/OdsnCodeInquiryService2/getOdsnOrgCodeInquiryList2
PUB-002B,2005,,,260083,대구성서산업단지관리공단,,https://apis.data.go.kr/B552474/OdsnCodeInquiryService2/getOdsnOrgCodeInquiryList2
PUB-002B,2006,,,260084,인지어스 부산지사,,https://apis.data.go.kr/B552474/OdsnCodeInquiryService2/getOdsnOrgCodeInquiryList2
PUB-002B,2007,,,2601,도봉구청 복지정책과,,https://apis.data.go.kr/B552474/OdsnCodeInquiryService2/getOdsnOrgCodeInquiryList2
PUB-002B,2008,,,2602,보은지역자활센터,,https://apis.data.go.kr/B552474/OdsnCodeInquiryService2/getOdsnOrgCodeInquiryList2
PUB-002B,2009,,,2603,(중단),,https://apis.data.go.kr/B552474/OdsnCodeInquiryService2/getOdsnOrgCodeInquiryList2
PUB-002B,2010,,,2604,거창시니어클럽,,https://apis.data.go.kr/B552474/OdsnCodeInquiryService2/getOdsnOrgCodeInquiryList2
PUB-002B,2011,,,2605,신정종합사회복지관,,https://apis.data.go.kr/B552474/OdsnCodeInquiryService2/getOdsnOrgCodeInquiryList2
PUB-002B,2012,,,2606,마포구청 주민생활국 복지행정과,,https://apis.data.go.kr/B552474/OdsnCodeInquiryService2/getOdsnOrgCodeInquiryList2
PUB-002B,2013,,,2607,동작구청 영유아보육과,,https://apis.data.go.kr/B552474/OdsnCodeInquiryService2/getOdsnOrgCodeInquiryList2
PUB-002B,2014,,,2608,서울특별시아동복지협회,,https://apis.data.go.kr/B552474/OdsnCodeInquiryService2/getOdsnOrgCodeInquiryList2
PUB-002B,2015,,,26083,부산경영자총협회,,https://apis.data.go.kr/B552474/OdsnCodeInquiryService2/getOdsnOrgCodeInquiryList2
PUB-002B,2016,,,26084,부민노인복지관,,https://apis.data.go.kr/B552474/OdsnCodeInquiryService2/getOdsnOrgCodeInquiryList2
PUB-002B,2017,,,2609,옥천시니어클럽,,https://apis.data.go.kr/B552474/OdsnCodeInquiryService2/getOdsnOrgCodeInquiryList2
PUB-002B,2018,,,261,동구청 복지경제국 노인장애인복지과,,https://apis.data.go.kr/B552474/OdsnCodeInquiryService2/getOdsnOrgCodeInquiryList2
PUB-002B,2019,,,2610,서울시구로구재가노인복지기관,,https://apis.data.go.kr/B552474/OdsnCodeInquiryService2/getOdsnOrgCodeInquiryList2
PUB-002B,2020,,,261083,울산양산경영자총협회,,https://apis.data.go.kr/B552474/OdsnCodeInquiryService2/getOdsnOrgCodeInquiryList2
PUB-002B,2021,,,261084,부산남구시니어클럽(민간),,https://apis.data.go.kr/B552474/OdsnCodeInquiryService2/getOdsnOrgCodeInquiryList2
PUB-002B,2022,,,2611,(주)한덩이,,https://apis.data.go.kr/B552474/OdsnCodeInquiryService2/getOdsnOrgCodeInquiryList2
PUB-002B,2023,,,2612,부산해운대시니어클럽,,https://apis.data.go.kr/B552474/OdsnCodeInquiryService2/getOdsnOrgCodeInquiryList2
PUB-002B,2024,,,2613,부산진시니어클럽,,https://apis.data.go.kr/B552474/OdsnCodeInquiryService2/getOdsnOrgCodeInquiryList2
PUB-002B,2025,,,2614,한국정보통신기술사 시니어직능클럽,,https://apis.data.go.kr/B552474/OdsnCodeInquiryService2/getOdsnOrgCodeInquiryList2
PUB-002B,2026,,,2615,한겨레신문 시니어직능클럽,,https://apis.data.go.kr/B552474/OdsnCodeInquiryService2/getOdsnOrgCodeInquiryList2
PUB-002B,2027,,,2616,한국수력원자력 시니어직능클럽,,https://apis.data.go.kr/B552474/OdsnCodeInquiryService2/getOdsnOrgCodeInquiryList2
PUB-002B,2028,,,2617,영주시니어클럽,,https://apis.data.go.kr/B552474/OdsnCodeInquiryService2/getOdsnOrgCodeInquiryList2
PUB-002B,2029,,,2618,연수구청 복지경제국 노인장애인과,,https://apis.data.go.kr/B552474/OdsnCodeInquiryService2/getOdsnOrgCodeInquiryList2
PUB-002B,2030,,,2619,연수구청 주민생활지원국 사회복지과,,https://apis.data.go.kr/B552474/OdsnCodeInquiryService2/getOdsnOrgCodeInquiryList2
PUB-002B,2031,,,262,서구청 통합돌봄추진단 고령사회정책과,,https://apis.data.go.kr/B552474/OdsnCodeInquiryService2/getOdsnOrgCodeInquiryList2
PUB-002B,2032,,,2620,광교노인복지관,,https://apis.data.go.kr/B552474/OdsnCodeInquiryService2/getOdsnOrgCodeInquiryList2
PUB-002B,2033,,,262083,(주)제니엘 성남지점,,https://apis.data.go.kr/B552474/OdsnCodeInquiryService2/getOdsnOrgCodeInquiryList2
PUB-002B,2034,,,2621,달성시니어클럽,,https://apis.data.go.kr/B552474/OdsnCodeInquiryService2/getOdsnOrgCodeInquiryList2
PUB-002B,2035,,,2622,영동군노인복지관,,https://apis.data.go.kr/B552474/OdsnCodeInquiryService2/getOdsnOrgCodeInquiryList2
PUB-002B,2036,,,2623,송산종합사회복지관,,https://apis.data.go.kr/B552474/OdsnCodeInquiryService2/getOdsnOrgCodeInquiryList2
PUB-002B,2037,,,2624,금정구노인복지관,,https://apis.data.go.kr/B552474/OdsnCodeInquiryService2/getOdsnOrgCodeInquiryList2
PUB-002B,2038,,,2625,서울특별시광역치매센터,,https://apis.data.go.kr/B552474/OdsnCodeInquiryService2/getOdsnOrgCodeInquiryList2
PUB-002B,2039,,,2626,선암호수노인복지관,,https://apis.data.go.kr/B552474/OdsnCodeInquiryService2/getOdsnOrgCodeInquiryList2
PUB-002B,2040,,,2627,강서노인복지관,,https://apis.data.go.kr/B552474/OdsnCodeInquiryService2/getOdsnOrgCodeInquiryList2
PUB-002B,2041,,,2628,구립영등포노인복지센터,,https://apis.data.go.kr/B552474/OdsnCodeInquiryService2/getOdsnOrgCodeInquiryList2
PUB-002B,2042,,,2629,한국자유총연맹화순군지회,,https://apis.data.go.kr/B552474/OdsnCodeInquiryService2/getOdsnOrgCodeInquiryList2
PUB-002B,2043,,,263,남구청 희망복지국 으뜸효정책과,,https://apis.data.go.kr/B552474/OdsnCodeInquiryService2/getOdsnOrgCodeInquiryList2
PUB-002B,2044,,,2630,바르게살기운동화순군협의회,,https://apis.data.go.kr/B552474/OdsnCodeInquiryService2/getOdsnOrgCodeInquiryList2
PUB-002B,2045,,,263083,인지어스유한회사대전지사,,https://apis.data.go.kr/B552474/OdsnCodeInquiryService2/getOdsnOrgCodeInquiryList2
PUB-002B,2046,,,263084,(주)제이엠커리어 의정부지사,,https://apis.data.go.kr/B552474/OdsnCodeInquiryService2/getOdsnOrgCodeInquiryList2
PUB-002B,2047,,,263085,수원상공회의소,,https://apis.data.go.kr/B552474/OdsnCodeInquiryService2/getOdsnOrgCodeInquiryList2
PUB-002B,2048,,,2631,(중단),,https://apis.data.go.kr/B552474/OdsnCodeInquiryService2/getOdsnOrgCodeInquiryList2
PUB-002B,2049,,,2632,대한노인회 경북 고령군지회,,https://apis.data.go.kr/B552474/OdsnCodeInquiryService2/getOdsnOrgCodeInquiryList2
PUB-002B,2050,,,2633,경남돌봄지원센터,,https://apis.data.go.kr/B552474/OdsnCodeInquiryService2/getOdsnOrgCodeInquiryList2
PUB-002B,2051,,,2634,부산사상시니어클럽,,https://apis.data.go.kr/B552474/OdsnCodeInquiryService2/getOdsnOrgCodeInquiryList2
PUB-002B,2052,,,2635,사)농촌복지센터(진안노인복지센터),,https://apis.data.go.kr/B552474/OdsnCodeInquiryService2/getOdsnOrgCodeInquiryList2
PUB-002B,2053,,,2636,대한예수교장로회경안노회유지재단,,https://apis.data.go.kr/B552474/OdsnCodeInquiryService2/getOdsnOrgCodeInquiryList2
PUB-002B,2054,,,2637,청주청남시니어클럽,,https://apis.data.go.kr/B552474/OdsnCodeInquiryService2/getOdsnOrgCodeInquiryList2
PUB-002B,2055,,,2638,청주시자원봉사센터,,https://apis.data.go.kr/B552474/OdsnCodeInquiryService2/getOdsnOrgCodeInquiryList2
PUB-002B,2056,,,2639,사회복지법인대길사회복지재단,,https://apis.data.go.kr/B552474/OdsnCodeInquiryService2/getOdsnOrgCodeInquiryList2
PUB-002B,2057,,,264,북구청 복지교육국 노인복지과,,https://apis.data.go.kr/B552474/OdsnCodeInquiryService2/getOdsnOrgCodeInquiryList2
PUB-002B,2058,,,2640,오산남부종합사회복지관,,https://apis.data.go.kr/B552474/OdsnCodeInquiryService2/getOdsnOrgCodeInquiryList2
PUB-002B,2059,,,264083,이천상공회의소,,https://apis.data.go.kr/B552474/OdsnCodeInquiryService2/getOdsnOrgCodeInquiryList2
PUB-002B,2060,,,264084,죽림노인복지센터,,https://apis.data.go.kr/B552474/OdsnCodeInquiryService2/getOdsnOrgCodeInquiryList2
PUB-002B,2061,,,264085,뉴딜사회적협동조합,,https://apis.data.go.kr/B552474/OdsnCodeInquiryService2/getOdsnOrgCodeInquiryList2
PUB-002B,2062,,,2641,한우리노인통합지원센터,,https://apis.data.go.kr/B552474/OdsnCodeInquiryService2/getOdsnOrgCodeInquiryList2
PUB-002B,2063,,,2643,구립신사노인복지관,,https://apis.data.go.kr/B552474/OdsnCodeInquiryService2/getOdsnOrgCodeInquiryList2
PUB-002B,2064,,,2644,사회복지법인 온맘,,https://apis.data.go.kr/B552474/OdsnCodeInquiryService2/getOdsnOrgCodeInquiryList2
PUB-002B,2065,,,2646,사단법인 공감,,https://apis.data.go.kr/B552474/OdsnCodeInquiryService2/getOdsnOrgCodeInquiryList2
PUB-002B,2066,,,2647,강서구립 곰달래어르신복지센터,,https://apis.data.go.kr/B552474/OdsnCodeInquiryService2/getOdsnOrgCodeInquiryList2
PUB-002B,2067,,,2648,정나눔노인복지센터,,https://apis.data.go.kr/B552474/OdsnCodeInquiryService2/getOdsnOrgCodeInquiryList2
PUB-002B,2068,,,265,광산구청 상생복지국 고령사회정책과,,https://apis.data.go.kr/B552474/OdsnCodeInquiryService2/getOdsnOrgCodeInquiryList2
PUB-002B,2069,,,265083,(주)제니엘 부산지점,,https://apis.data.go.kr/B552474/OdsnCodeInquiryService2/getOdsnOrgCodeInquiryList2
PUB-002B,2070,,,2652,(사)대한노인회증평군지회,,https://apis.data.go.kr/B552474/OdsnCodeInquiryService2/getOdsnOrgCodeInquiryList2
PUB-002B,2071,,,2653,보은재가노인통합지원센터,,https://apis.data.go.kr/B552474/OdsnCodeInquiryService2/getOdsnOrgCodeInquiryList2
PUB-002B,2072,,,2654,행복노인통합지원센터,,https://apis.data.go.kr/B552474/OdsnCodeInquiryService2/getOdsnOrgCodeInquiryList2
PUB-002B,2073,,,2655,금강노인복지관,,https://apis.data.go.kr/B552474/OdsnCodeInquiryService2/getOdsnOrgCodeInquiryList2
PUB-002B,2074,,,2656,보은노인복지센터,,https://apis.data.go.kr/B552474/OdsnCodeInquiryService2/getOdsnOrgCodeInquiryList2
PUB-002B,2075,,,2657,국민생활체육군산시게이트볼연합회,,https://apis.data.go.kr/B552474/OdsnCodeInquiryService2/getOdsnOrgCodeInquiryList2
PUB-002B,2076,,,2658,순천남부종합복지관,,https://apis.data.go.kr/B552474/OdsnCodeInquiryService2/getOdsnOrgCodeInquiryList2
PUB-002B,2077,,,2659,영천시장애인종합복지관,,https://apis.data.go.kr/B552474/OdsnCodeInquiryService2/getOdsnOrgCodeInquiryList2
PUB-002B,2078,,,2660,단양노인복지센터,,https://apis.data.go.kr/B552474/OdsnCodeInquiryService2/getOdsnOrgCodeInquiryList2
PUB-002B,2079,,,266083,(사)한국경영혁신중소기업협회,,https://apis.data.go.kr/B552474/OdsnCodeInquiryService2/getOdsnOrgCodeInquiryList2
PUB-002B,2080,,,266084,(재)위더스커리어,,https://apis.data.go.kr/B552474/OdsnCodeInquiryService2/getOdsnOrgCodeInquiryList2
PUB-002B,2081,,,266085,사단법인 경기경영자총협회,,https://apis.data.go.kr/B552474/OdsnCodeInquiryService2/getOdsnOrgCodeInquiryList2
PUB-002B,2082,,,2661,동원종합사회복지관,,https://apis.data.go.kr/B552474/OdsnCodeInquiryService2/getOdsnOrgCodeInquiryList2
PUB-002B,2083,,,2662,수유3동주민센터,,https://apis.data.go.kr/B552474/OdsnCodeInquiryService2/getOdsnOrgCodeInquiryList2
PUB-002B,2084,,,2663,장수군노인복지관,,https://apis.data.go.kr/B552474/OdsnCodeInquiryService2/getOdsnOrgCodeInquiryList2
PUB-002B,2085,,,2664,우이동주민센터,,https://apis.data.go.kr/B552474/OdsnCodeInquiryService2/getOdsnOrgCodeInquiryList2
PUB-002B,2086,,,2665,서울시강북구삼각산동주민센터,,https://apis.data.go.kr/B552474/OdsnCodeInquiryService2/getOdsnOrgCodeInquiryList2
PUB-002B,2087,,,2666,북가좌노인복지관,,https://apis.data.go.kr/B552474/OdsnCodeInquiryService2/getOdsnOrgCodeInquiryList2
PUB-002B,2088,,,2667,길가온혜명,,https://apis.data.go.kr/B552474/OdsnCodeInquiryService2/getOdsnOrgCodeInquiryList2
PUB-002B,2089,,,2668,선재재가노인통합지원센터,,https://apis.data.go.kr/B552474/OdsnCodeInquiryService2/getOdsnOrgCodeInquiryList2
PUB-002B,2090,,,2669,양구읍사무소,,https://apis.data.go.kr/B552474/OdsnCodeInquiryService2/getOdsnOrgCodeInquiryList2
PUB-002B,2091,,,267,대전동구청 복지돌봄국 노인장애인과,,https://apis.data.go.kr/B552474/OdsnCodeInquiryService2/getOdsnOrgCodeInquiryList2
PUB-002B,2092,,,267083,삶터사회적협동조합,,https://apis.data.go.kr/B552474/OdsnCodeInquiryService2/getOdsnOrgCodeInquiryList2
PUB-002B,2093,,,267084,주식회사 잡스(민간),,https://apis.data.go.kr/B552474/OdsnCodeInquiryService2/getOdsnOrgCodeInquiryList2
PUB-002B,2094,,,2672,유락원,,https://apis.data.go.kr/B552474/OdsnCodeInquiryService2/getOdsnOrgCodeInquiryList2
PUB-002B,2095,,,2673,(사)순천YWCA,,https://apis.data.go.kr/B552474/OdsnCodeInquiryService2/getOdsnOrgCodeInquiryList2
PUB-002B,2096,,,2674,종로구청 관광과,,https://apis.data.go.kr/B552474/OdsnCodeInquiryService2/getOdsnOrgCodeInquiryList2
PUB-002B,2097,,,2675,성동종합사회복지관,,https://apis.data.go.kr/B552474/OdsnCodeInquiryService2/getOdsnOrgCodeInquiryList2
PUB-002B,2098,,,2676,순창군 순창읍사무소,,https://apis.data.go.kr/B552474/OdsnCodeInquiryService2/getOdsnOrgCodeInquiryList2
PUB-002B,2099,,,2678,대한노인회 경기 과천시지회,,https://apis.data.go.kr/B552474/OdsnCodeInquiryService2/getOdsnOrgCodeInquiryList2
PUB-002B,2100,,,268,대전 중구청 돌봄복지국 노인장애인과,,https://apis.data.go.kr/B552474/OdsnCodeInquiryService2/getOdsnOrgCodeInquiryList2
PUB-002B,2101,,,2680,기장군지회 취업지원센터,,https://apis.data.go.kr/B552474/OdsnCodeInquiryService2/getOdsnOrgCodeInquiryList2
PUB-002B,2102,,,268083,금동행정복지센터,,https://apis.data.go.kr/B552474/OdsnCodeInquiryService2/getOdsnOrgCodeInquiryList2
PUB-002B,2103,,,2681,정읍시 시기동주민센터,,https://apis.data.go.kr/B552474/OdsnCodeInquiryService2/getOdsnOrgCodeInquiryList2
PUB-002B,2104,,,2682,금산연탄은행(동그라미빨래방),,https://apis.data.go.kr/B552474/OdsnCodeInquiryService2/getOdsnOrgCodeInquiryList2
PUB-002B,2105,,,2684,사단법인 24시 노인상담센터,,https://apis.data.go.kr/B552474/OdsnCodeInquiryService2/getOdsnOrgCodeInquiryList2
PUB-002B,2106,,,2687,강원도노인보호전문기관(모니터링사업),,https://apis.data.go.kr/B552474/OdsnCodeInquiryService2/getOdsnOrgCodeInquiryList2
PUB-002B,2107,,,2688,서울특별시시설관리공단,,https://apis.data.go.kr/B552474/OdsnCodeInquiryService2/getOdsnOrgCodeInquiryList2
PUB-002B,2108,,,2689,청송효나눔복지센터,,https://apis.data.go.kr/B552474/OdsnCodeInquiryService2/getOdsnOrgCodeInquiryList2
PUB-002B,2109,,,269,대전광역시 서구청,,https://apis.data.go.kr/B552474/OdsnCodeInquiryService2/getOdsnOrgCodeInquiryList2
PUB-002B,2110,,,269083,도시문화네트워크,,https://apis.data.go.kr/B552474/OdsnCodeInquiryService2/getOdsnOrgCodeInquiryList2
PUB-002B,2111,,,2691,사회복지법인 한원복지재단,,https://apis.data.go.kr/B552474/OdsnCodeInquiryService2/getOdsnOrgCodeInquiryList2
PUB-002B,2112,,,2692,좋은이웃복지센터,,https://apis.data.go.kr/B552474/OdsnCodeInquiryService2/getOdsnOrgCodeInquiryList2
PUB-002B,2113,,,2693,부민노인복지관,,https://apis.data.go.kr/B552474/OdsnCodeInquiryService2/getOdsnOrgCodeInquiryList2
PUB-002B,2114,,,2695,태백시노인복지관,,https://apis.data.go.kr/B552474/OdsnCodeInquiryService2/getOdsnOrgCodeInquiryList2
PUB-002B,2115,,,2697,대한노인회 충북 옥천군지회,,https://apis.data.go.kr/B552474/OdsnCodeInquiryService2/getOdsnOrgCodeInquiryList2
PUB-002B,2116,,,2699,(재)노인지원재단,,https://apis.data.go.kr/B552474/OdsnCodeInquiryService2/getOdsnOrgCodeInquiryList2
PUB-002B,2117,,,27,미추홀노인복지관,,https://apis.data.go.kr/B552474/OdsnCodeInquiryService2/getOdsnOrgCodeInquiryList2
PUB-002B,2118,,,270,대전광역시 유성구청,,https://apis.data.go.kr/B552474/OdsnCodeInquiryService2/getOdsnOrgCodeInquiryList2
PUB-002B,2119,,,2700,한노협,,https://apis.data.go.kr/B552474/OdsnCodeInquiryService2/getOdsnOrgCodeInquiryList2
PUB-002B,2120,,,270083,경기 연합회,,https://apis.data.go.kr/B552474/OdsnCodeInquiryService2/getOdsnOrgCodeInquiryList2
PUB-002B,2121,,,2701,황금1동주민센터(미사용),,https://apis.data.go.kr/B552474/OdsnCodeInquiryService2/getOdsnOrgCodeInquiryList2
PUB-002B,2122,,,2702,한기장복지재단 임실시니어클럽,,https://apis.data.go.kr/B552474/OdsnCodeInquiryService2/getOdsnOrgCodeInquiryList2
PUB-002B,2123,,,2703,한국노인종합복지관협회,,https://apis.data.go.kr/B552474/OdsnCodeInquiryService2/getOdsnOrgCodeInquiryList2
PUB-002B,2124,,,2704,대한노인회 강원 원주시지회,,https://apis.data.go.kr/B552474/OdsnCodeInquiryService2/getOdsnOrgCodeInquiryList2
PUB-002B,2125,,,2705,대한노인회 경기 양평군지회,,https://apis.data.go.kr/B552474/OdsnCodeInquiryService2/getOdsnOrgCodeInquiryList2
PUB-002B,2126,,,2706,대한노인회 대구 달성군지회,,https://apis.data.go.kr/B552474/OdsnCodeInquiryService2/getOdsnOrgCodeInquiryList2
PUB-002B,2127,,,2708,사회복지법인청전,,https://apis.data.go.kr/B552474/OdsnCodeInquiryService2/getOdsnOrgCodeInquiryList2
PUB-002B,2128,,,27083,안성시새마을회,,https://apis.data.go.kr/B552474/OdsnCodeInquiryService2/getOdsnOrgCodeInquiryList2
PUB-002B,2129,,,27084,서구노인복지관,,https://apis.data.go.kr/B552474/OdsnCodeInquiryService2/getOdsnOrgCodeInquiryList2
PUB-002B,2130,,,2709,(사)문화콘텐츠개발원 부산지원,,https://apis.data.go.kr/B552474/OdsnCodeInquiryService2/getOdsnOrgCodeInquiryList2
PUB-002B,2131,,,271,대덕구청,,https://apis.data.go.kr/B552474/OdsnCodeInquiryService2/getOdsnOrgCodeInquiryList2
PUB-002B,2132,,,2710,마산시니어클럽,,https://apis.data.go.kr/B552474/OdsnCodeInquiryService2/getOdsnOrgCodeInquiryList2
PUB-002B,2133,,,271083,대한노인회 경북 영양군지회,,https://apis.data.go.kr/B552474/OdsnCodeInquiryService2/getOdsnOrgCodeInquiryList2
PUB-002B,2134,,,271084,퍼스트인잡주식회사,,https://apis.data.go.kr/B552474/OdsnCodeInquiryService2/getOdsnOrgCodeInquiryList2
PUB-002B,2135,,,271087,인천 계양구지회,,https://apis.data.go.kr/B552474/OdsnCodeInquiryService2/getOdsnOrgCodeInquiryList2
PUB-002B,2136,,,2711,도심권인생이모작지원센터,,https://apis.data.go.kr/B552474/OdsnCodeInquiryService2/getOdsnOrgCodeInquiryList2
PUB-002B,2137,,,2712,경북 청송군지회,,https://apis.data.go.kr/B552474/OdsnCodeInquiryService2/getOdsnOrgCodeInquiryList2
PUB-002B,2138,,,2713,광주 재능나눔기부센터 나눔엔죠이,,https://apis.data.go.kr/B552474/OdsnCodeInquiryService2/getOdsnOrgCodeInquiryList2
PUB-002B,2139,,,2714,대한노인회 경북 의성군지회,,https://apis.data.go.kr/B552474/OdsnCodeInquiryService2/getOdsnOrgCodeInquiryList2
PUB-002B,2140,,,2716,대한노인회 인천 서구지회,,https://apis.data.go.kr/B552474/OdsnCodeInquiryService2/getOdsnOrgCodeInquiryList2
PUB-002B,2141,,,2717,대한노인회 전북 장수군지회,,https://apis.data.go.kr/B552474/OdsnCodeInquiryService2/getOdsnOrgCodeInquiryList2
PUB-002B,2142,,,2718,대한노인회 경북 영덕군지회,,https://apis.data.go.kr/B552474/OdsnCodeInquiryService2/getOdsnOrgCodeInquiryList2
PUB-002B,2143,,,2719,보물단지작은도서관,,https://apis.data.go.kr/B552474/OdsnCodeInquiryService2/getOdsnOrgCodeInquiryList2
PUB-002B,2144,,,2720,임실군북부권노인복지관,,https://apis.data.go.kr/B552474/OdsnCodeInquiryService2/getOdsnOrgCodeInquiryList2
PUB-002B,2145,,,272084,인천 연합회,,https://apis.data.go.kr/B552474/OdsnCodeInquiryService2/getOdsnOrgCodeInquiryList2
PUB-002B,2146,,,2721,대한노인회 경북 칠곡군지회,,https://apis.data.go.kr/B552474/OdsnCodeInquiryService2/getOdsnOrgCodeInquiryList2
PUB-002B,2147,,,2722,대구시 재향 경우회,,https://apis.data.go.kr/B552474/OdsnCodeInquiryService2/getOdsnOrgCodeInquiryList2
PUB-002B,2148,,,2723,코레일시니어직능클럽,,https://apis.data.go.kr/B552474/OdsnCodeInquiryService2/getOdsnOrgCodeInquiryList2
PUB-002B,2149,,,2724,KBS시니어직능클럽,,https://apis.data.go.kr/B552474/OdsnCodeInquiryService2/getOdsnOrgCodeInquiryList2
PUB-002B,2150,,,2725,교통안전공단시니어직능클럽,,https://apis.data.go.kr/B552474/OdsnCodeInquiryService2/getOdsnOrgCodeInquiryList2
PUB-002B,2151,,,2726,고령사회비전시니어직능클럽,,https://apis.data.go.kr/B552474/OdsnCodeInquiryService2/getOdsnOrgCodeInquiryList2
PUB-002B,2152,,,2727,사단법인 50플러스 코리안,,https://apis.data.go.kr/B552474/OdsnCodeInquiryService2/getOdsnOrgCodeInquiryList2
PUB-002B,2153,,,2728,충청북도광역정신건강증진센터,,https://apis.data.go.kr/B552474/OdsnCodeInquiryService2/getOdsnOrgCodeInquiryList2
PUB-002B,2154,,,2729,수정중앙노인종합복지관,,https://apis.data.go.kr/B552474/OdsnCodeInquiryService2/getOdsnOrgCodeInquiryList2
PUB-002B,2155,,,273,울산 중구청 노인장애인과,,https://apis.data.go.kr/B552474/OdsnCodeInquiryService2/getOdsnOrgCodeInquiryList2
PUB-002B,2156,,,2730,KT IT서포터즈,,https://apis.data.go.kr/B552474/OdsnCodeInquiryService2/getOdsnOrgCodeInquiryList2
PUB-002B,2157,,,273083,(주)제이엠커리어 대전지사,,https://apis.data.go.kr/B552474/OdsnCodeInquiryService2/getOdsnOrgCodeInquiryList2
PUB-002B,2158,,,273084,대한노인회 충북 증평군지회,,https://apis.data.go.kr/B552474/OdsnCodeInquiryService2/getOdsnOrgCodeInquiryList2
PUB-002B,2159,,,2731,공무원연금공단 대구지부 대경상록자원봉사단,,https://apis.data.go.kr/B552474/OdsnCodeInquiryService2/getOdsnOrgCodeInquiryList2
PUB-002B,2160,,,2732,경인강,,https://apis.data.go.kr/B552474/OdsnCodeInquiryService2/getOdsnOrgCodeInquiryList2
PUB-002B,2161,,,2733,서울강원,,https://apis.data.go.kr/B552474/OdsnCodeInquiryService2/getOdsnOrgCodeInquiryList2
PUB-002B,2162,,,2734,부울경,,https://apis.data.go.kr/B552474/OdsnCodeInquiryService2/getOdsnOrgCodeInquiryList2
PUB-002B,2163,,,2735,전북노인일자리센터,,https://apis.data.go.kr/B552474/OdsnCodeInquiryService2/getOdsnOrgCodeInquiryList2
PUB-002B,2164,,,2736,남해군청 사회복지과,,https://apis.data.go.kr/B552474/OdsnCodeInquiryService2/getOdsnOrgCodeInquiryList2
PUB-002B,2165,,,2737,수원시밤밭노인복지관,,https://apis.data.go.kr/B552474/OdsnCodeInquiryService2/getOdsnOrgCodeInquiryList2
PUB-002B,2166,,,2739,부산중구시니어클럽,,https://apis.data.go.kr/B552474/OdsnCodeInquiryService2/getOdsnOrgCodeInquiryList2
PUB-002B,2167,,,274,울산광역시 남구청 노인장애인과,,https://apis.data.go.kr/B552474/OdsnCodeInquiryService2/getOdsnOrgCodeInquiryList2
PUB-002B,2168,,,2740,태백노인복지센터,,https://apis.data.go.kr/B552474/OdsnCodeInquiryService2/getOdsnOrgCodeInquiryList2
PUB-002B,2169,,,274083,경기 부천원미지회(사용안함),,https://apis.data.go.kr/B552474/OdsnCodeInquiryService2/getOdsnOrgCodeInquiryList2
PUB-002B,2170,,,2741,한국농수산식품유통공사 시니어직능클럽,,https://apis.data.go.kr/B552474/OdsnCodeInquiryService2/getOdsnOrgCodeInquiryList2
PUB-002B,2171,,,2742,김포시북부노인복지관,,https://apis.data.go.kr/B552474/OdsnCodeInquiryService2/getOdsnOrgCodeInquiryList2
PUB-002B,2172,,,2743,고양시대화노인종합복지관,,https://apis.data.go.kr/B552474/OdsnCodeInquiryService2/getOdsnOrgCodeInquiryList2
PUB-002B,2173,,,2744,여민동락공동체,,https://apis.data.go.kr/B552474/OdsnCodeInquiryService2/getOdsnOrgCodeInquiryList2
PUB-002B,2174,,,2745,마포서부재가노인복지기관,,https://apis.data.go.kr/B552474/OdsnCodeInquiryService2/getOdsnOrgCodeInquiryList2
PUB-002B,2175,,,2746,오산재가노인지원서비스센터,,https://apis.data.go.kr/B552474/OdsnCodeInquiryService2/getOdsnOrgCodeInquiryList2
PUB-002B,2176,,,2747,청람노인복지센터,,https://apis.data.go.kr/B552474/OdsnCodeInquiryService2/getOdsnOrgCodeInquiryList2
PUB-002B,2177,,,2748,당진시니어클럽,,https://apis.data.go.kr/B552474/OdsnCodeInquiryService2/getOdsnOrgCodeInquiryList2
PUB-002B,2178,,,2749,양평군청,,https://apis.data.go.kr/B552474/OdsnCodeInquiryService2/getOdsnOrgCodeInquiryList2
PUB-002B,2179,,,275,울산동구청 노인장애인과,,https://apis.data.go.kr/B552474/OdsnCodeInquiryService2/getOdsnOrgCodeInquiryList2
PUB-002B,2180,,,2750,구세군강북종합사회복지관,,https://apis.data.go.kr/B552474/OdsnCodeInquiryService2/getOdsnOrgCodeInquiryList2
PUB-002B,2181,,,275083,(주)사람마중,,https://apis.data.go.kr/B552474/OdsnCodeInquiryService2/getOdsnOrgCodeInquiryList2
PUB-002B,2182,,,2751,사랑의전화마포종합사회복지관,,https://apis.data.go.kr/B552474/OdsnCodeInquiryService2/getOdsnOrgCodeInquiryList2
PUB-002B,2183,,,2752,사단법인 고양시기업 경제인연합회,,https://apis.data.go.kr/B552474/OdsnCodeInquiryService2/getOdsnOrgCodeInquiryList2
PUB-002B,2184,,,2753,나주시중부노인복지관,,https://apis.data.go.kr/B552474/OdsnCodeInquiryService2/getOdsnOrgCodeInquiryList2
PUB-002B,2185,,,2754,정산노인복지센터,,https://apis.data.go.kr/B552474/OdsnCodeInquiryService2/getOdsnOrgCodeInquiryList2
PUB-002B,2186,,,2755,스탭스주식회사 천안센터,,https://apis.data.go.kr/B552474/OdsnCodeInquiryService2/getOdsnOrgCodeInquiryList2
PUB-002B,2187,,,2756,양평행복만들기사회봉사단,,https://apis.data.go.kr/B552474/OdsnCodeInquiryService2/getOdsnOrgCodeInquiryList2
PUB-002B,2188,,,2757,홀트수영종합사회복지관,,https://apis.data.go.kr/B552474/OdsnCodeInquiryService2/getOdsnOrgCodeInquiryList2
PUB-002B,2189,,,2758,범물노인복지관,,https://apis.data.go.kr/B552474/OdsnCodeInquiryService2/getOdsnOrgCodeInquiryList2
PUB-002B,2190,,,2759,경주시사회복지협의회,,https://apis.data.go.kr/B552474/OdsnCodeInquiryService2/getOdsnOrgCodeInquiryList2
PUB-002B,2191,,,276,울산 북구청 노인장애인과,,https://apis.data.go.kr/B552474/OdsnCodeInquiryService2/getOdsnOrgCodeInquiryList2
PUB-002B,2192,,,2760,동여수노인복지관분관,,https://apis.data.go.kr/B552474/OdsnCodeInquiryService2/getOdsnOrgCodeInquiryList2
PUB-002B,2193,,,276083,(주)제이엠커리어 진주지사,,https://apis.data.go.kr/B552474/OdsnCodeInquiryService2/getOdsnOrgCodeInquiryList2
PUB-002B,2194,,,2761,인왕노인복지관,,https://apis.data.go.kr/B552474/OdsnCodeInquiryService2/getOdsnOrgCodeInquiryList2
PUB-002B,2195,,,2762,거제시사회복지협의회,,https://apis.data.go.kr/B552474/OdsnCodeInquiryService2/getOdsnOrgCodeInquiryList2
PUB-002B,2196,,,2763,양평사랑나눔봉사단,,https://apis.data.go.kr/B552474/OdsnCodeInquiryService2/getOdsnOrgCodeInquiryList2
PUB-002B,2197,,,2764,부산강서시니어클럽,,https://apis.data.go.kr/B552474/OdsnCodeInquiryService2/getOdsnOrgCodeInquiryList2
PUB-002B,2198,,,2765,공주재가노인복지센터,,https://apis.data.go.kr/B552474/OdsnCodeInquiryService2/getOdsnOrgCodeInquiryList2
PUB-002B,2199,,,2766,서울시양천구재가노인복지기관,,https://apis.data.go.kr/B552474/OdsnCodeInquiryService2/getOdsnOrgCodeInquiryList2
PUB-002B,2200,,,2767,초록노인복지센터,,https://apis.data.go.kr/B552474/OdsnCodeInquiryService2/getOdsnOrgCodeInquiryList2
PUB-002B,2201,,,2768,한빛종합사회복지관,,https://apis.data.go.kr/B552474/OdsnCodeInquiryService2/getOdsnOrgCodeInquiryList2
PUB-002B,2202,,,2769,철원군사회복지협의회,,https://apis.data.go.kr/B552474/OdsnCodeInquiryService2/getOdsnOrgCodeInquiryList2
PUB-002B,2203,,,277,울주군청,,https://apis.data.go.kr/B552474/OdsnCodeInquiryService2/getOdsnOrgCodeInquiryList2
PUB-002B,2204,,,2770,서천지역자활센터,,https://apis.data.go.kr/B552474/OdsnCodeInquiryService2/getOdsnOrgCodeInquiryList2
PUB-002B,2205,,,277083,중구치매안심센터,,https://apis.data.go.kr/B552474/OdsnCodeInquiryService2/getOdsnOrgCodeInquiryList2
PUB-002B,2206,,,2771,늘푸른복지센터,,https://apis.data.go.kr/B552474/OdsnCodeInquiryService2/getOdsnOrgCodeInquiryList2
PUB-002B,2207,,,2772,신내종합사회복지관,,https://apis.data.go.kr/B552474/OdsnCodeInquiryService2/getOdsnOrgCodeInquiryList2
PUB-002B,2208,,,2773,사회복지법인 세교복지재단,,https://apis.data.go.kr/B552474/OdsnCodeInquiryService2/getOdsnOrgCodeInquiryList2
PUB-002B,2209,,,2774,포천시청 문화복지국 노인장애인과,,https://apis.data.go.kr/B552474/OdsnCodeInquiryService2/getOdsnOrgCodeInquiryList2
PUB-002B,2210,,,2775,대한노인회 전북취업지원센터,,https://apis.data.go.kr/B552474/OdsnCodeInquiryService2/getOdsnOrgCodeInquiryList2
PUB-002B,2211,,,2776,전북서부노인보호전문기관,,https://apis.data.go.kr/B552474/OdsnCodeInquiryService2/getOdsnOrgCodeInquiryList2
PUB-002B,2212,,,2777,부산동래시니어클럽,,https://apis.data.go.kr/B552474/OdsnCodeInquiryService2/getOdsnOrgCodeInquiryList2
PUB-002B,2213,,,2779,미아동주민센터,,https://apis.data.go.kr/B552474/OdsnCodeInquiryService2/getOdsnOrgCodeInquiryList2
PUB-002B,2214,,,2780,온누리행복한집,,https://apis.data.go.kr/B552474/OdsnCodeInquiryService2/getOdsnOrgCodeInquiryList2
PUB-002B,2215,,,278083,사회적협동조합 일터와사람들,,https://apis.data.go.kr/B552474/OdsnCodeInquiryService2/getOdsnOrgCodeInquiryList2
PUB-002B,2216,,,278084,좋은일자리,,https://apis.data.go.kr/B552474/OdsnCodeInquiryService2/getOdsnOrgCodeInquiryList2
PUB-002B,2217,,,278085,수리수리협동조합,,https://apis.data.go.kr/B552474/OdsnCodeInquiryService2/getOdsnOrgCodeInquiryList2
PUB-002B,2218,,,2783,청주시 서원구청,,https://apis.data.go.kr/B552474/OdsnCodeInquiryService2/getOdsnOrgCodeInquiryList2
PUB-002B,2219,,,2785,서서울어르신복지관,,https://apis.data.go.kr/B552474/OdsnCodeInquiryService2/getOdsnOrgCodeInquiryList2
PUB-002B,2220,,,2786,대한노인회 부산 중구지회,,https://apis.data.go.kr/B552474/OdsnCodeInquiryService2/getOdsnOrgCodeInquiryList2
PUB-002B,2221,,,2787,아름다운오후,,https://apis.data.go.kr/B552474/OdsnCodeInquiryService2/getOdsnOrgCodeInquiryList2
PUB-002B,2222,,,2788,대한교육시니어직능클럽,,https://apis.data.go.kr/B552474/OdsnCodeInquiryService2/getOdsnOrgCodeInquiryList2
PUB-002B,2223,,,279,수원시 노인복지과,,https://apis.data.go.kr/B552474/OdsnCodeInquiryService2/getOdsnOrgCodeInquiryList2
PUB-002B,2224,,,279083,사단법인 고령사회고용진흥원 경남지사,,https://apis.data.go.kr/B552474/OdsnCodeInquiryService2/getOdsnOrgCodeInquiryList2
PUB-002B,2225,,,2791,평화1동주민자치센터,,https://apis.data.go.kr/B552474/OdsnCodeInquiryService2/getOdsnOrgCodeInquiryList2
PUB-002B,2226,,,2792,진안군복합노인복지타운노인복지관,,https://apis.data.go.kr/B552474/OdsnCodeInquiryService2/getOdsnOrgCodeInquiryList2
PUB-002B,2227,,,2793,논산시시니어클럽,,https://apis.data.go.kr/B552474/OdsnCodeInquiryService2/getOdsnOrgCodeInquiryList2
PUB-002B,2228,,,2794,청원구청,,https://apis.data.go.kr/B552474/OdsnCodeInquiryService2/getOdsnOrgCodeInquiryList2
PUB-002B,2229,,,2795,북부취업지원센터,,https://apis.data.go.kr/B552474/OdsnCodeInquiryService2/getOdsnOrgCodeInquiryList2
PUB-002B,2230,,,2796,처인구청,,https://apis.data.go.kr/B552474/OdsnCodeInquiryService2/getOdsnOrgCodeInquiryList2
PUB-002B,2231,,,28,동구노인복지관,,https://apis.data.go.kr/B552474/OdsnCodeInquiryService2/getOdsnOrgCodeInquiryList2
PUB-002B,2232,,,280,성남시청,,https://apis.data.go.kr/B552474/OdsnCodeInquiryService2/getOdsnOrgCodeInquiryList2
PUB-002B,2233,,,280083,(주)꿈꾸는아이들의미소,,https://apis.data.go.kr/B552474/OdsnCodeInquiryService2/getOdsnOrgCodeInquiryList2
PUB-002B,2234,,,2801,웅상노인복지관,,https://apis.data.go.kr/B552474/OdsnCodeInquiryService2/getOdsnOrgCodeInquiryList2
PUB-002B,2235,,,2802,양산시노인복지관,,https://apis.data.go.kr/B552474/OdsnCodeInquiryService2/getOdsnOrgCodeInquiryList2
PUB-002B,2236,,,2803,함지노인복지관,,https://apis.data.go.kr/B552474/OdsnCodeInquiryService2/getOdsnOrgCodeInquiryList2
PUB-002B,2237,,,2804,대한노인회대구수성구지회,,https://apis.data.go.kr/B552474/OdsnCodeInquiryService2/getOdsnOrgCodeInquiryList2
PUB-002B,2238,,,2805,대한노인회 전북연합회 경로당광역지원센터,,https://apis.data.go.kr/B552474/OdsnCodeInquiryService2/getOdsnOrgCodeInquiryList2
PUB-002B,2239,,,2806,양양군노인복지관,,https://apis.data.go.kr/B552474/OdsnCodeInquiryService2/getOdsnOrgCodeInquiryList2
PUB-002B,2240,,,2807,(사)대한노인회 울진군지회,,https://apis.data.go.kr/B552474/OdsnCodeInquiryService2/getOdsnOrgCodeInquiryList2
PUB-002B,2241,,,2809,전국시니어노동조합,,https://apis.data.go.kr/B552474/OdsnCodeInquiryService2/getOdsnOrgCodeInquiryList2
PUB-002B,2242,,,281,고양시청 노인복지과,,https://apis.data.go.kr/B552474/OdsnCodeInquiryService2/getOdsnOrgCodeInquiryList2
PUB-002B,2243,,,2810,강원 정선군지회,,https://apis.data.go.kr/B552474/OdsnCodeInquiryService2/getOdsnOrgCodeInquiryList2
PUB-002B,2244,,,281083,(주)은빛바다,,https://apis.data.go.kr/B552474/OdsnCodeInquiryService2/getOdsnOrgCodeInquiryList2
PUB-002B,2245,,,2813,제주시청 주민생활지원국,,https://apis.data.go.kr/B552474/OdsnCodeInquiryService2/getOdsnOrgCodeInquiryList2
PUB-002B,2246,,,2815,강북노인복지관,,https://apis.data.go.kr/B552474/OdsnCodeInquiryService2/getOdsnOrgCodeInquiryList2
PUB-002B,2247,,,2816,북구노인복지관,,https://apis.data.go.kr/B552474/OdsnCodeInquiryService2/getOdsnOrgCodeInquiryList2
PUB-002B,2248,,,2817,태안시니어클럽,,https://apis.data.go.kr/B552474/OdsnCodeInquiryService2/getOdsnOrgCodeInquiryList2
PUB-002B,2249,,,2818,동구노인종합복지관,,https://apis.data.go.kr/B552474/OdsnCodeInquiryService2/getOdsnOrgCodeInquiryList2
PUB-002B,2250,,,2819,삼척시종합사회복지관,,https://apis.data.go.kr/B552474/OdsnCodeInquiryService2/getOdsnOrgCodeInquiryList2
PUB-002B,2251,,,282,부천시청 노인복지과,,https://apis.data.go.kr/B552474/OdsnCodeInquiryService2/getOdsnOrgCodeInquiryList2
PUB-002B,2252,,,2820,예산군시니어클럽,,https://apis.data.go.kr/B552474/OdsnCodeInquiryService2/getOdsnOrgCodeInquiryList2
PUB-002B,2253,,,282083,주식회사 워크잡,,https://apis.data.go.kr/B552474/OdsnCodeInquiryService2/getOdsnOrgCodeInquiryList2
PUB-002B,2254,,,2821,미디어피알,,https://apis.data.go.kr/B552474/OdsnCodeInquiryService2/getOdsnOrgCodeInquiryList2
PUB-002B,2255,,,2822,에너지사랑시니어직능클럽,,https://apis.data.go.kr/B552474/OdsnCodeInquiryService2/getOdsnOrgCodeInquiryList2
PUB-002B,2256,,,2823,사회복지법인 평은복지재단,,https://apis.data.go.kr/B552474/OdsnCodeInquiryService2/getOdsnOrgCodeInquiryList2
PUB-002B,2257,,,2824,가평군실버인력뱅크,,https://apis.data.go.kr/B552474/OdsnCodeInquiryService2/getOdsnOrgCodeInquiryList2
PUB-002B,2258,,,2825,대불노인복지관,,https://apis.data.go.kr/B552474/OdsnCodeInquiryService2/getOdsnOrgCodeInquiryList2
PUB-002B,2259,,,2826,성서노인종합복지관,,https://apis.data.go.kr/B552474/OdsnCodeInquiryService2/getOdsnOrgCodeInquiryList2
PUB-002B,2260,,,2827,공주시노인종합복지관,,https://apis.data.go.kr/B552474/OdsnCodeInquiryService2/getOdsnOrgCodeInquiryList2
PUB-002B,2261,,,2828,군포시늘푸른노인복지관,,https://apis.data.go.kr/B552474/OdsnCodeInquiryService2/getOdsnOrgCodeInquiryList2
PUB-002B,2262,,,2829,금강복지센터,,https://apis.data.go.kr/B552474/OdsnCodeInquiryService2/getOdsnOrgCodeInquiryList2
PUB-002B,2263,,,283,안양시청,,https://apis.data.go.kr/B552474/OdsnCodeInquiryService2/getOdsnOrgCodeInquiryList2
PUB-002B,2264,,,2830,평화사회복지관,,https://apis.data.go.kr/B552474/OdsnCodeInquiryService2/getOdsnOrgCodeInquiryList2
PUB-002B,2265,,,283083,(주)씨엔팩토리,,https://apis.data.go.kr/B552474/OdsnCodeInquiryService2/getOdsnOrgCodeInquiryList2
PUB-002B,2266,,,2831,장안종합사회복지관,,https://apis.data.go.kr/B552474/OdsnCodeInquiryService2/getOdsnOrgCodeInquiryList2
PUB-002B,2267,,,2832,쌍문동어르신복지관,,https://apis.data.go.kr/B552474/OdsnCodeInquiryService2/getOdsnOrgCodeInquiryList2
PUB-002B,2268,,,2834,마천종합사회복지관,,https://apis.data.go.kr/B552474/OdsnCodeInquiryService2/getOdsnOrgCodeInquiryList2
PUB-002B,2269,,,2835,섬김과나눔회,,https://apis.data.go.kr/B552474/OdsnCodeInquiryService2/getOdsnOrgCodeInquiryList2
PUB-002B,2270,,,2836,파주시은빛사랑채,,https://apis.data.go.kr/B552474/OdsnCodeInquiryService2/getOdsnOrgCodeInquiryList2
PUB-002B,2271,,,2838,사회복지법인 대전사랑원서천지부,,https://apis.data.go.kr/B552474/OdsnCodeInquiryService2/getOdsnOrgCodeInquiryList2
PUB-002B,2272,,,2839,구립영등포어르신복지센터,,https://apis.data.go.kr/B552474/OdsnCodeInquiryService2/getOdsnOrgCodeInquiryList2
PUB-002B,2273,,,284,안산시청 복지국 노인복지과,,https://apis.data.go.kr/B552474/OdsnCodeInquiryService2/getOdsnOrgCodeInquiryList2
PUB-002B,2274,,,284083,(주)해피시니어,,https://apis.data.go.kr/B552474/OdsnCodeInquiryService2/getOdsnOrgCodeInquiryList2
PUB-002B,2275,,,284084,웅상시니어클럽,,https://apis.data.go.kr/B552474/OdsnCodeInquiryService2/getOdsnOrgCodeInquiryList2
PUB-002B,2276,,,2842,울산북구시니어클럽,,https://apis.data.go.kr/B552474/OdsnCodeInquiryService2/getOdsnOrgCodeInquiryList2
PUB-002B,2277,,,2843,사회복지법인 호동복지재단,,https://apis.data.go.kr/B552474/OdsnCodeInquiryService2/getOdsnOrgCodeInquiryList2
PUB-002B,2278,,,2844,인천소방시니어직능클럽,,https://apis.data.go.kr/B552474/OdsnCodeInquiryService2/getOdsnOrgCodeInquiryList2
PUB-002B,2279,,,2845,봉화군노인복지관,,https://apis.data.go.kr/B552474/OdsnCodeInquiryService2/getOdsnOrgCodeInquiryList2
PUB-002B,2280,,,2846,함월노인복지관,,https://apis.data.go.kr/B552474/OdsnCodeInquiryService2/getOdsnOrgCodeInquiryList2
PUB-002B,2281,,,2849,단비노인복지센터,,https://apis.data.go.kr/B552474/OdsnCodeInquiryService2/getOdsnOrgCodeInquiryList2
PUB-002B,2282,,,285,용인시청,,https://apis.data.go.kr/B552474/OdsnCodeInquiryService2/getOdsnOrgCodeInquiryList2
PUB-002B,2283,,,2850,용강노인복지관,,https://apis.data.go.kr/B552474/OdsnCodeInquiryService2/getOdsnOrgCodeInquiryList2
PUB-002B,2284,,,285083,서울 서대문구지회(민간),,https://apis.data.go.kr/B552474/OdsnCodeInquiryService2/getOdsnOrgCodeInquiryList2
PUB-002B,2285,,,285084,세종시지회(민간) 대한노인회,,https://apis.data.go.kr/B552474/OdsnCodeInquiryService2/getOdsnOrgCodeInquiryList2
PUB-002B,2286,,,285085,전북 김제시지회(민간),,https://apis.data.go.kr/B552474/OdsnCodeInquiryService2/getOdsnOrgCodeInquiryList2
PUB-002B,2287,,,285086,충북 보은군지회,,https://apis.data.go.kr/B552474/OdsnCodeInquiryService2/getOdsnOrgCodeInquiryList2
PUB-002B,2288,,,285087,충북 영동군지회,,https://apis.data.go.kr/B552474/OdsnCodeInquiryService2/getOdsnOrgCodeInquiryList2
PUB-002B,2289,,,285088,서울 성동구지회(민간),,https://apis.data.go.kr/B552474/OdsnCodeInquiryService2/getOdsnOrgCodeInquiryList2
PUB-002B,2290,,,285089,충북 단양군지회(지자체),,https://apis.data.go.kr/B552474/OdsnCodeInquiryService2/getOdsnOrgCodeInquiryList2
PUB-002B,2291,,,2851,고산노인복지관,,https://apis.data.go.kr/B552474/OdsnCodeInquiryService2/getOdsnOrgCodeInquiryList2
PUB-002B,2292,,,2852,(주)푸드향,,https://apis.data.go.kr/B552474/OdsnCodeInquiryService2/getOdsnOrgCodeInquiryList2
PUB-002B,2293,,,2853,용인시기흥노인복지관,,https://apis.data.go.kr/B552474/OdsnCodeInquiryService2/getOdsnOrgCodeInquiryList2
PUB-002B,2294,,,2854,울산동구시니어클럽,,https://apis.data.go.kr/B552474/OdsnCodeInquiryService2/getOdsnOrgCodeInquiryList2
PUB-002B,2295,,,2856,서울청소년효행봉사단,,https://apis.data.go.kr/B552474/OdsnCodeInquiryService2/getOdsnOrgCodeInquiryList2
PUB-002B,2296,,,2857,국제문화교류단,,https://apis.data.go.kr/B552474/OdsnCodeInquiryService2/getOdsnOrgCodeInquiryList2
PUB-002B,2297,,,2858,안성문화원,,https://apis.data.go.kr/B552474/OdsnCodeInquiryService2/getOdsnOrgCodeInquiryList2
PUB-002B,2298,,,286,의정부시청 주민생활지원국 노인장애인과,,https://apis.data.go.kr/B552474/OdsnCodeInquiryService2/getOdsnOrgCodeInquiryList2
PUB-002B,2299,,,2860,동작50+센터,,https://apis.data.go.kr/B552474/OdsnCodeInquiryService2/getOdsnOrgCodeInquiryList2
PUB-002B,2300,,,286083,해담마을영농조합법인,,https://apis.data.go.kr/B552474/OdsnCodeInquiryService2/getOdsnOrgCodeInquiryList2
PUB-002B,2301,,,2861,인제군청 주민복지과,,https://apis.data.go.kr/B552474/OdsnCodeInquiryService2/getOdsnOrgCodeInquiryList2
PUB-002B,2302,,,2862,아산시동부노인복지관,,https://apis.data.go.kr/B552474/OdsnCodeInquiryService2/getOdsnOrgCodeInquiryList2
PUB-002B,2303,,,2863,철원군지회,,https://apis.data.go.kr/B552474/OdsnCodeInquiryService2/getOdsnOrgCodeInquiryList2
PUB-002B,2304,,,2864,대한노인회 부산 사하구지회,,https://apis.data.go.kr/B552474/OdsnCodeInquiryService2/getOdsnOrgCodeInquiryList2
PUB-002B,2305,,,2865,함평군노인복지관,,https://apis.data.go.kr/B552474/OdsnCodeInquiryService2/getOdsnOrgCodeInquiryList2
PUB-002B,2306,,,2866,(유)여수꽃빵,,https://apis.data.go.kr/B552474/OdsnCodeInquiryService2/getOdsnOrgCodeInquiryList2
PUB-002B,2307,,,2867,비봉면,,https://apis.data.go.kr/B552474/OdsnCodeInquiryService2/getOdsnOrgCodeInquiryList2
PUB-002B,2308,,,2868,둔산종합사회복지관,,https://apis.data.go.kr/B552474/OdsnCodeInquiryService2/getOdsnOrgCodeInquiryList2
PUB-002B,2309,,,2869,화천시니어클럽,,https://apis.data.go.kr/B552474/OdsnCodeInquiryService2/getOdsnOrgCodeInquiryList2
PUB-002B,2310,,,287,남양주시 복지국 노인복지과,,https://apis.data.go.kr/B552474/OdsnCodeInquiryService2/getOdsnOrgCodeInquiryList2
PUB-002B,2311,,,2870,경기여주시지회(X),,https://apis.data.go.kr/B552474/OdsnCodeInquiryService2/getOdsnOrgCodeInquiryList2
PUB-002B,2312,,,2873,화천시니어클럽,,https://apis.data.go.kr/B552474/OdsnCodeInquiryService2/getOdsnOrgCodeInquiryList2
PUB-002B,2313,,,2875,유락종합사회복지관,,https://apis.data.go.kr/B552474/OdsnCodeInquiryService2/getOdsnOrgCodeInquiryList2
PUB-002B,2314,,,2876,신당종합사회복지관,,https://apis.data.go.kr/B552474/OdsnCodeInquiryService2/getOdsnOrgCodeInquiryList2
PUB-002B,2315,,,2877,번2동주민센터,,https://apis.data.go.kr/B552474/OdsnCodeInquiryService2/getOdsnOrgCodeInquiryList2
PUB-002B,2316,,,2878,여주시지회,,https://apis.data.go.kr/B552474/OdsnCodeInquiryService2/getOdsnOrgCodeInquiryList2
PUB-002B,2317,,,288,평택시청 복지국 노인장애인과,,https://apis.data.go.kr/B552474/OdsnCodeInquiryService2/getOdsnOrgCodeInquiryList2
PUB-002B,2318,,,2880,(주)미래잡센터,,https://apis.data.go.kr/B552474/OdsnCodeInquiryService2/getOdsnOrgCodeInquiryList2
PUB-002B,2319,,,288083,안양과천상공회의소,,https://apis.data.go.kr/B552474/OdsnCodeInquiryService2/getOdsnOrgCodeInquiryList2
PUB-002B,2320,,,288084,(주)에스유지,,https://apis.data.go.kr/B552474/OdsnCodeInquiryService2/getOdsnOrgCodeInquiryList2
PUB-002B,2321,,,2881,벤처기업협회대구경북지회,,https://apis.data.go.kr/B552474/OdsnCodeInquiryService2/getOdsnOrgCodeInquiryList2
PUB-002B,2322,,,2882,청양군노인종합복지관,,https://apis.data.go.kr/B552474/OdsnCodeInquiryService2/getOdsnOrgCodeInquiryList2
PUB-002B,2323,,,2883,(사)중소기업기술혁신협회 대구경북지회,,https://apis.data.go.kr/B552474/OdsnCodeInquiryService2/getOdsnOrgCodeInquiryList2
PUB-002B,2324,,,2885,보성시니어클럽,,https://apis.data.go.kr/B552474/OdsnCodeInquiryService2/getOdsnOrgCodeInquiryList2
PUB-002B,2325,,,2886,사회복지 법인 나눔복지재단,,https://apis.data.go.kr/B552474/OdsnCodeInquiryService2/getOdsnOrgCodeInquiryList2
PUB-002B,2326,,,2887,사회복지법인 호동복지재단,,https://apis.data.go.kr/B552474/OdsnCodeInquiryService2/getOdsnOrgCodeInquiryList2
PUB-002B,2327,,,2888,김천시청주민생활지원과,,https://apis.data.go.kr/B552474/OdsnCodeInquiryService2/getOdsnOrgCodeInquiryList2
PUB-002B,2328,,,2889,양주시실버인력뱅크,,https://apis.data.go.kr/B552474/OdsnCodeInquiryService2/getOdsnOrgCodeInquiryList2
PUB-002B,2329,,,289,광명시 친환경사업본부,,https://apis.data.go.kr/B552474/OdsnCodeInquiryService2/getOdsnOrgCodeInquiryList2
PUB-002B,2330,,,2890,세계교육연구학회,,https://apis.data.go.kr/B552474/OdsnCodeInquiryService2/getOdsnOrgCodeInquiryList2
PUB-002B,2331,,,289083,(주)미트뱅크,,https://apis.data.go.kr/B552474/OdsnCodeInquiryService2/getOdsnOrgCodeInquiryList2
PUB-002B,2332,,,289084,주식회사 섬토,,https://apis.data.go.kr/B552474/OdsnCodeInquiryService2/getOdsnOrgCodeInquiryList2
PUB-002B,2333,,,2891,인천광역시동구노인인력개발센터,,https://apis.data.go.kr/B552474/OdsnCodeInquiryService2/getOdsnOrgCodeInquiryList2
PUB-002B,2334,,,2892,한국노인인력개발원,,https://apis.data.go.kr/B552474/OdsnCodeInquiryService2/getOdsnOrgCodeInquiryList2
PUB-002B,2335,,,2893,제천여성새로일하기센터,,https://apis.data.go.kr/B552474/OdsnCodeInquiryService2/getOdsnOrgCodeInquiryList2
PUB-002B,2336,,,2894,포천시청,,https://apis.data.go.kr/B552474/OdsnCodeInquiryService2/getOdsnOrgCodeInquiryList2
PUB-002B,2337,,,2895,부산 해운대구(노인장애인복지과),,https://apis.data.go.kr/B552474/OdsnCodeInquiryService2/getOdsnOrgCodeInquiryList2
PUB-002B,2338,,,2896,보령시니어클럽,,https://apis.data.go.kr/B552474/OdsnCodeInquiryService2/getOdsnOrgCodeInquiryList2
PUB-002B,2339,,,2897,남원시청 여성가족과,,https://apis.data.go.kr/B552474/OdsnCodeInquiryService2/getOdsnOrgCodeInquiryList2
PUB-002B,2340,,,2898,천안시 시니어클럽,,https://apis.data.go.kr/B552474/OdsnCodeInquiryService2/getOdsnOrgCodeInquiryList2
PUB-002B,2341,,,2899,(사)길손의쉼터,,https://apis.data.go.kr/B552474/OdsnCodeInquiryService2/getOdsnOrgCodeInquiryList2
PUB-002B,2342,,,29,대한노인회 인천 강화군지회,,https://apis.data.go.kr/B552474/OdsnCodeInquiryService2/getOdsnOrgCodeInquiryList2
PUB-002B,2343,,,290,시흥시청 노인복지과,,https://apis.data.go.kr/B552474/OdsnCodeInquiryService2/getOdsnOrgCodeInquiryList2
PUB-002B,2344,,,2900,복지국 복지정책과(미사용),,https://apis.data.go.kr/B552474/OdsnCodeInquiryService2/getOdsnOrgCodeInquiryList2
PUB-002B,2345,,,290083,농업회사법인 (주)여울,,https://apis.data.go.kr/B552474/OdsnCodeInquiryService2/getOdsnOrgCodeInquiryList2
PUB-002B,2346,,,2901,청양군시니어클럽,,https://apis.data.go.kr/B552474/OdsnCodeInquiryService2/getOdsnOrgCodeInquiryList2
PUB-002B,2347,,,2902,파동주민센터,,https://apis.data.go.kr/B552474/OdsnCodeInquiryService2/getOdsnOrgCodeInquiryList2
PUB-002B,2348,,,2903,순천시니어클럽,,https://apis.data.go.kr/B552474/OdsnCodeInquiryService2/getOdsnOrgCodeInquiryList2
PUB-002B,2349,,,2904,어울림노인복지센터,,https://apis.data.go.kr/B552474/OdsnCodeInquiryService2/getOdsnOrgCodeInquiryList2
PUB-002B,2350,,,2905,(사)한국가사노동자협회,,https://apis.data.go.kr/B552474/OdsnCodeInquiryService2/getOdsnOrgCodeInquiryList2
PUB-002B,2351,,,2907,서울중구지역자활센터,,https://apis.data.go.kr/B552474/OdsnCodeInquiryService2/getOdsnOrgCodeInquiryList2
PUB-002B,2352,,,2908,강서나눔돌봄센터(택배사업),,https://apis.data.go.kr/B552474/OdsnCodeInquiryService2/getOdsnOrgCodeInquiryList2
PUB-002B,2353,,,29083,주식회사 행복공간플랫폼,,https://apis.data.go.kr/B552474/OdsnCodeInquiryService2/getOdsnOrgCodeInquiryList2
PUB-002B,2354,,,2909,오산노인종합복지관,,https://apis.data.go.kr/B552474/OdsnCodeInquiryService2/getOdsnOrgCodeInquiryList2
PUB-002B,2355,,,291,군포시 복지국 노인장애인과,,https://apis.data.go.kr/B552474/OdsnCodeInquiryService2/getOdsnOrgCodeInquiryList2
PUB-002B,2356,,,2910,대한안전연합 호남중앙본부,,https://apis.data.go.kr/B552474/OdsnCodeInquiryService2/getOdsnOrgCodeInquiryList2
PUB-002B,2357,,,291083,(주)다우에프에스,,https://apis.data.go.kr/B552474/OdsnCodeInquiryService2/getOdsnOrgCodeInquiryList2
PUB-002B,2358,,,2911,동구노인종합복지관 분관,,https://apis.data.go.kr/B552474/OdsnCodeInquiryService2/getOdsnOrgCodeInquiryList2
PUB-002B,2359,,,2912,종촌종합복지센터 종합사회복지관,,https://apis.data.go.kr/B552474/OdsnCodeInquiryService2/getOdsnOrgCodeInquiryList2
PUB-002B,2360,,,2913,연꽃노인복지센터,,https://apis.data.go.kr/B552474/OdsnCodeInquiryService2/getOdsnOrgCodeInquiryList2
PUB-002B,2361,,,2914,금곡종합사회복지관,,https://apis.data.go.kr/B552474/OdsnCodeInquiryService2/getOdsnOrgCodeInquiryList2
PUB-002B,2362,,,2915,유등노인복지관,,https://apis.data.go.kr/B552474/OdsnCodeInquiryService2/getOdsnOrgCodeInquiryList2
PUB-002B,2363,,,2916,향기노인복지센터,,https://apis.data.go.kr/B552474/OdsnCodeInquiryService2/getOdsnOrgCodeInquiryList2
PUB-002B,2364,,,2918,서귀포시노인복지관,,https://apis.data.go.kr/B552474/OdsnCodeInquiryService2/getOdsnOrgCodeInquiryList2
PUB-002B,2365,,,2919,울산남구시니어클럽,,https://apis.data.go.kr/B552474/OdsnCodeInquiryService2/getOdsnOrgCodeInquiryList2
PUB-002B,2366,,,292,화성시청 복지국 노인복지과,,https://apis.data.go.kr/B552474/OdsnCodeInquiryService2/getOdsnOrgCodeInquiryList2
PUB-002B,2367,,,2920,동촌종합사회복지관,,https://apis.data.go.kr/B552474/OdsnCodeInquiryService2/getOdsnOrgCodeInquiryList2
PUB-002B,2368,,,292083,남해군흑마늘주식회사,,https://apis.data.go.kr/B552474/OdsnCodeInquiryService2/getOdsnOrgCodeInquiryList2
PUB-002B,2369,,,292084,(주)제이엠커리어 창원지사,,https://apis.data.go.kr/B552474/OdsnCodeInquiryService2/getOdsnOrgCodeInquiryList2
PUB-002B,2370,,,2922,강남구노인통합지원센터,,https://apis.data.go.kr/B552474/OdsnCodeInquiryService2/getOdsnOrgCodeInquiryList2
PUB-002B,2371,,,2923,남산정종합사회복지관,,https://apis.data.go.kr/B552474/OdsnCodeInquiryService2/getOdsnOrgCodeInquiryList2
PUB-002B,2372,,,2924,구산사회복지관,,https://apis.data.go.kr/B552474/OdsnCodeInquiryService2/getOdsnOrgCodeInquiryList2
PUB-002B,2373,,,2925,진명노인복지센터,,https://apis.data.go.kr/B552474/OdsnCodeInquiryService2/getOdsnOrgCodeInquiryList2
PUB-002B,2374,,,2927,서귀포종합사회복지관,,https://apis.data.go.kr/B552474/OdsnCodeInquiryService2/getOdsnOrgCodeInquiryList2
PUB-002B,2375,,,2928,서천시니어클럽,,https://apis.data.go.kr/B552474/OdsnCodeInquiryService2/getOdsnOrgCodeInquiryList2
PUB-002B,2376,,,2929,(사)포항YWCA,,https://apis.data.go.kr/B552474/OdsnCodeInquiryService2/getOdsnOrgCodeInquiryList2
PUB-002B,2377,,,293,파주시청 복지정책국 노인장애인과,,https://apis.data.go.kr/B552474/OdsnCodeInquiryService2/getOdsnOrgCodeInquiryList2
PUB-002B,2378,,,2930,사회복지법인 한울안 진안군분사무소,,https://apis.data.go.kr/B552474/OdsnCodeInquiryService2/getOdsnOrgCodeInquiryList2
PUB-002B,2379,,,293083,사회적협동조합희망리본,,https://apis.data.go.kr/B552474/OdsnCodeInquiryService2/getOdsnOrgCodeInquiryList2
PUB-002B,2380,,,293085,(주)부촌푸드시스템,,https://apis.data.go.kr/B552474/OdsnCodeInquiryService2/getOdsnOrgCodeInquiryList2
PUB-002B,2381,,,2931,부산 해운대구(일자리경제과),,https://apis.data.go.kr/B552474/OdsnCodeInquiryService2/getOdsnOrgCodeInquiryList2
PUB-002B,2382,,,2932,부산 해운대구 관광시설관리사업소,,https://apis.data.go.kr/B552474/OdsnCodeInquiryService2/getOdsnOrgCodeInquiryList2
PUB-002B,2383,,,2933,부산광역시다사랑복합문화예술회관,,https://apis.data.go.kr/B552474/OdsnCodeInquiryService2/getOdsnOrgCodeInquiryList2
PUB-002B,2384,,,2934,광명시 노인장애인과,,https://apis.data.go.kr/B552474/OdsnCodeInquiryService2/getOdsnOrgCodeInquiryList2
PUB-002B,2385,,,2935,방어진노인복지관,,https://apis.data.go.kr/B552474/OdsnCodeInquiryService2/getOdsnOrgCodeInquiryList2
PUB-002B,2387,,,2937,하남시미사강변종합사회복지관,,https://apis.data.go.kr/B552474/OdsnCodeInquiryService2/getOdsnOrgCodeInquiryList2
PUB-002B,2388,,,2938,사단법인 효림복지센터,,https://apis.data.go.kr/B552474/OdsnCodeInquiryService2/getOdsnOrgCodeInquiryList2
PUB-002B,2389,,,2939,신림종합사회복지관,,https://apis.data.go.kr/B552474/OdsnCodeInquiryService2/getOdsnOrgCodeInquiryList2
PUB-002B,2390,,,294,이천시청 복지국 노인장애인과,,https://apis.data.go.kr/B552474/OdsnCodeInquiryService2/getOdsnOrgCodeInquiryList2
PUB-002B,2391,,,2941,남산3동 주민센터,,https://apis.data.go.kr/B552474/OdsnCodeInquiryService2/getOdsnOrgCodeInquiryList2
PUB-002B,2392,,,2943,부산장노년일자리지원센터,,https://apis.data.go.kr/B552474/OdsnCodeInquiryService2/getOdsnOrgCodeInquiryList2
PUB-002B,2393,,,2948,감만종합사회복지관,,https://apis.data.go.kr/B552474/OdsnCodeInquiryService2/getOdsnOrgCodeInquiryList2
PUB-002B,2394,,,2949,늘청춘하우스 노인복지센터,,https://apis.data.go.kr/B552474/OdsnCodeInquiryService2/getOdsnOrgCodeInquiryList2
PUB-002B,2395,,,295,구리시청 복지문화국 노인장애인복지과,,https://apis.data.go.kr/B552474/OdsnCodeInquiryService2/getOdsnOrgCodeInquiryList2
PUB-002B,2396,,,2950,김천시도농일자리지원센터,,https://apis.data.go.kr/B552474/OdsnCodeInquiryService2/getOdsnOrgCodeInquiryList2
PUB-002B,2397,,,295083,평택시니어클럽,,https://apis.data.go.kr/B552474/OdsnCodeInquiryService2/getOdsnOrgCodeInquiryList2
PUB-002B,2398,,,2952,중구청(중단),,https://apis.data.go.kr/B552474/OdsnCodeInquiryService2/getOdsnOrgCodeInquiryList2
PUB-002B,2399,,,2954,대한노인회 서울연합회,,https://apis.data.go.kr/B552474/OdsnCodeInquiryService2/getOdsnOrgCodeInquiryList2
PUB-002B,2400,,,2955,수정노인종합복지관,,https://apis.data.go.kr/B552474/OdsnCodeInquiryService2/getOdsnOrgCodeInquiryList2
PUB-002B,2401,,,2958,대한노인회 충북 진천군지회,,https://apis.data.go.kr/B552474/OdsnCodeInquiryService2/getOdsnOrgCodeInquiryList2
PUB-002B,2402,,,2959,생명의전화노인통합지원센터,,https://apis.data.go.kr/B552474/OdsnCodeInquiryService2/getOdsnOrgCodeInquiryList2
PUB-002B,2403,,,296,김포시,,https://apis.data.go.kr/B552474/OdsnCodeInquiryService2/getOdsnOrgCodeInquiryList2
PUB-002B,2404,,,2960,여민동락공동체,,https://apis.data.go.kr/B552474/OdsnCodeInquiryService2/getOdsnOrgCodeInquiryList2
PUB-002B,2405,,,296084,(주)한백푸드,,https://apis.data.go.kr/B552474/OdsnCodeInquiryService2/getOdsnOrgCodeInquiryList2
PUB-002B,2406,,,2961,창포종합사회복지관,,https://apis.data.go.kr/B552474/OdsnCodeInquiryService2/getOdsnOrgCodeInquiryList2
PUB-002B,2407,,,2962,김해시동부노인종합복지관,,https://apis.data.go.kr/B552474/OdsnCodeInquiryService2/getOdsnOrgCodeInquiryList2
PUB-002B,2408,,,2965,인천쪽방상담소(괭이부리말희망일터),,https://apis.data.go.kr/B552474/OdsnCodeInquiryService2/getOdsnOrgCodeInquiryList2
PUB-002B,2409,,,2966,대한노인회안동시지회,,https://apis.data.go.kr/B552474/OdsnCodeInquiryService2/getOdsnOrgCodeInquiryList2
PUB-002B,2410,,,297,포천시청 주민생활지원국 복지여성과,,https://apis.data.go.kr/B552474/OdsnCodeInquiryService2/getOdsnOrgCodeInquiryList2
PUB-002B,2411,,,297084,대작영농조합법인,,https://apis.data.go.kr/B552474/OdsnCodeInquiryService2/getOdsnOrgCodeInquiryList2
PUB-002B,2412,,,298,광주시청 복지국,,https://apis.data.go.kr/B552474/OdsnCodeInquiryService2/getOdsnOrgCodeInquiryList2
PUB-002B,2413,,,298083,(주)인화푸드,,https://apis.data.go.kr/B552474/OdsnCodeInquiryService2/getOdsnOrgCodeInquiryList2
PUB-002B,2414,,,298084,(주)청송에프엔비(F&B),,https://apis.data.go.kr/B552474/OdsnCodeInquiryService2/getOdsnOrgCodeInquiryList2
PUB-002B,2415,,,299,안성시청 총무국 사회복지과,,https://apis.data.go.kr/B552474/OdsnCodeInquiryService2/getOdsnOrgCodeInquiryList2
PUB-002B,2416,,,299083,은빛리본협동조합,,https://apis.data.go.kr/B552474/OdsnCodeInquiryService2/getOdsnOrgCodeInquiryList2
PUB-002B,2417,,,3,강북노인종합복지관,,https://apis.data.go.kr/B552474/OdsnCodeInquiryService2/getOdsnOrgCodeInquiryList2
PUB-002B,2418,,,30,부평구노인복지관,,https://apis.data.go.kr/B552474/OdsnCodeInquiryService2/getOdsnOrgCodeInquiryList2
PUB-002B,2419,,,300,하남시청 복지교육국 노인장애인복지과,,https://apis.data.go.kr/B552474/OdsnCodeInquiryService2/getOdsnOrgCodeInquiryList2
PUB-002B,2420,,,300083,(주)태백김치,,https://apis.data.go.kr/B552474/OdsnCodeInquiryService2/getOdsnOrgCodeInquiryList2
PUB-002B,2421,,,300084,(주)제이엠커리어 광주지사,,https://apis.data.go.kr/B552474/OdsnCodeInquiryService2/getOdsnOrgCodeInquiryList2
PUB-002B,2422,,,300086,(주)박달재lpc,,https://apis.data.go.kr/B552474/OdsnCodeInquiryService2/getOdsnOrgCodeInquiryList2
PUB-002B,2423,,,30083,(주)에버영피플,,https://apis.data.go.kr/B552474/OdsnCodeInquiryService2/getOdsnOrgCodeInquiryList2
PUB-002B,2424,,,30084,경기실버포럼,,https://apis.data.go.kr/B552474/OdsnCodeInquiryService2/getOdsnOrgCodeInquiryList2
PUB-002B,2425,,,30085,에코바이오초크(주),,https://apis.data.go.kr/B552474/OdsnCodeInquiryService2/getOdsnOrgCodeInquiryList2
PUB-002B,2426,,,30086,성동미래일자리주식회사,,https://apis.data.go.kr/B552474/OdsnCodeInquiryService2/getOdsnOrgCodeInquiryList2
PUB-002B,2427,,,301,의왕시청 복지문화국 노인장애인과,,https://apis.data.go.kr/B552474/OdsnCodeInquiryService2/getOdsnOrgCodeInquiryList2
PUB-002B,2428,,,301083,생명가득한 인제 협동조합,,https://apis.data.go.kr/B552474/OdsnCodeInquiryService2/getOdsnOrgCodeInquiryList2
PUB-002B,2429,,,301084,농업회사법인 (주)상복명과원,,https://apis.data.go.kr/B552474/OdsnCodeInquiryService2/getOdsnOrgCodeInquiryList2
PUB-002B,2430,,,302,양주시청,,https://apis.data.go.kr/B552474/OdsnCodeInquiryService2/getOdsnOrgCodeInquiryList2
PUB-002B,2431,,,302083,가온연합(주),,https://apis.data.go.kr/B552474/OdsnCodeInquiryService2/getOdsnOrgCodeInquiryList2
PUB-002B,2432,,,303,오산시 복지교육국 노인장애인과,,https://apis.data.go.kr/B552474/OdsnCodeInquiryService2/getOdsnOrgCodeInquiryList2
PUB-002B,2433,,,303083,(주)복스런,,https://apis.data.go.kr/B552474/OdsnCodeInquiryService2/getOdsnOrgCodeInquiryList2
PUB-002B,2434,,,304,여주시청 노인복지과,,https://apis.data.go.kr/B552474/OdsnCodeInquiryService2/getOdsnOrgCodeInquiryList2
PUB-002B,2435,,,304083,주식회사 모담패키지,,https://apis.data.go.kr/B552474/OdsnCodeInquiryService2/getOdsnOrgCodeInquiryList2
PUB-002B,2436,,,3044,한국노인인력개발원 서울지역본부,,https://apis.data.go.kr/B552474/OdsnCodeInquiryService2/getOdsnOrgCodeInquiryList2
PUB-002B,2437,,,305083,농업회사법인 (주)예소담,,https://apis.data.go.kr/B552474/OdsnCodeInquiryService2/getOdsnOrgCodeInquiryList2
PUB-002B,2438,,,305084,주식회사 아임래디,,https://apis.data.go.kr/B552474/OdsnCodeInquiryService2/getOdsnOrgCodeInquiryList2
PUB-002B,2439,,,306,동두천시청,,https://apis.data.go.kr/B552474/OdsnCodeInquiryService2/getOdsnOrgCodeInquiryList2
PUB-002B,2440,,,306083,대한노인회 강원 정선군지회,,https://apis.data.go.kr/B552474/OdsnCodeInquiryService2/getOdsnOrgCodeInquiryList2
PUB-002B,2441,,,307,과천시청 사회복지과,,https://apis.data.go.kr/B552474/OdsnCodeInquiryService2/getOdsnOrgCodeInquiryList2
PUB-002B,2442,,,307083,(주)자연팜,,https://apis.data.go.kr/B552474/OdsnCodeInquiryService2/getOdsnOrgCodeInquiryList2
PUB-002B,2443,,,308,가평군청 사회복지과,,https://apis.data.go.kr/B552474/OdsnCodeInquiryService2/getOdsnOrgCodeInquiryList2
PUB-002B,2444,,,308083,청춘시니어협동조합,,https://apis.data.go.kr/B552474/OdsnCodeInquiryService2/getOdsnOrgCodeInquiryList2
PUB-002B,2445,,,308084,강서시니어협동조합,,https://apis.data.go.kr/B552474/OdsnCodeInquiryService2/getOdsnOrgCodeInquiryList2
PUB-002B,2446,,,309,연천군청,,https://apis.data.go.kr/B552474/OdsnCodeInquiryService2/getOdsnOrgCodeInquiryList2
PUB-002B,2447,,,309083,벨버디어마리나(주),,https://apis.data.go.kr/B552474/OdsnCodeInquiryService2/getOdsnOrgCodeInquiryList2
PUB-002B,2448,,,31,인천서구노인복지관,,https://apis.data.go.kr/B552474/OdsnCodeInquiryService2/getOdsnOrgCodeInquiryList2
PUB-002B,2449,,,310083,나누미카페협동조합,,https://apis.data.go.kr/B552474/OdsnCodeInquiryService2/getOdsnOrgCodeInquiryList2
PUB-002B,2450,,,31083,(주)로제타에스,,https://apis.data.go.kr/B552474/OdsnCodeInquiryService2/getOdsnOrgCodeInquiryList2
PUB-002B,2451,,,31084,주식회사 기장푸드,,https://apis.data.go.kr/B552474/OdsnCodeInquiryService2/getOdsnOrgCodeInquiryList2
PUB-002B,2452,,,31085,(주)디자인9060,,https://apis.data.go.kr/B552474/OdsnCodeInquiryService2/getOdsnOrgCodeInquiryList2
PUB-002B,2453,,,311,춘천시청 복지국 고령사회정책과,,https://apis.data.go.kr/B552474/OdsnCodeInquiryService2/getOdsnOrgCodeInquiryList2
PUB-002B,2454,,,311084,(주)톡톡교육연구소,,https://apis.data.go.kr/B552474/OdsnCodeInquiryService2/getOdsnOrgCodeInquiryList2
PUB-002B,2455,,,312,원주시청 복지국 경로복지과,,https://apis.data.go.kr/B552474/OdsnCodeInquiryService2/getOdsnOrgCodeInquiryList2
PUB-002B,2456,,,312083,(주)연과사람들,,https://apis.data.go.kr/B552474/OdsnCodeInquiryService2/getOdsnOrgCodeInquiryList2
PUB-002B,2457,,,313,강릉시청 복지민원국 경로장애인과,,https://apis.data.go.kr/B552474/OdsnCodeInquiryService2/getOdsnOrgCodeInquiryList2
PUB-002B,2458,,,313084,사단법인 세계전통문화놀이협회,,https://apis.data.go.kr/B552474/OdsnCodeInquiryService2/getOdsnOrgCodeInquiryList2
PUB-002B,2459,,,3136,테스트기관,,https://apis.data.go.kr/B552474/OdsnCodeInquiryService2/getOdsnOrgCodeInquiryList2
PUB-002B,2460,,,314,대한노인회 강원 동해시지회,,https://apis.data.go.kr/B552474/OdsnCodeInquiryService2/getOdsnOrgCodeInquiryList2
PUB-002B,2461,,,314083,(주)어르신문화쌀롱,,https://apis.data.go.kr/B552474/OdsnCodeInquiryService2/getOdsnOrgCodeInquiryList2
PUB-002B,2462,,,315,태백시청 사회복지과,,https://apis.data.go.kr/B552474/OdsnCodeInquiryService2/getOdsnOrgCodeInquiryList2
PUB-002B,2463,,,315083,60플러스행복일자리사회적협동조합,,https://apis.data.go.kr/B552474/OdsnCodeInquiryService2/getOdsnOrgCodeInquiryList2
PUB-002B,2464,,,316,속초시청 경로장애인과,,https://apis.data.go.kr/B552474/OdsnCodeInquiryService2/getOdsnOrgCodeInquiryList2
PUB-002B,2465,,,316083,주식회사 탐라원푸드,,https://apis.data.go.kr/B552474/OdsnCodeInquiryService2/getOdsnOrgCodeInquiryList2
PUB-002B,2466,,,317,삼척시청 사회복지과,,https://apis.data.go.kr/B552474/OdsnCodeInquiryService2/getOdsnOrgCodeInquiryList2
PUB-002B,2467,,,317083,대한노인회 대구 달서구지회,,https://apis.data.go.kr/B552474/OdsnCodeInquiryService2/getOdsnOrgCodeInquiryList2
PUB-002B,2468,,,318,홍천군청 행복나눔과,,https://apis.data.go.kr/B552474/OdsnCodeInquiryService2/getOdsnOrgCodeInquiryList2
PUB-002B,2469,,,318083,서민재무상담연구원시니어직능클럽,,https://apis.data.go.kr/B552474/OdsnCodeInquiryService2/getOdsnOrgCodeInquiryList2
PUB-002B,2470,,,319,횡성군청 가족복지과,,https://apis.data.go.kr/B552474/OdsnCodeInquiryService2/getOdsnOrgCodeInquiryList2
PUB-002B,2471,,,319083,사)세계전통문화놀이협회경기남부지부,,https://apis.data.go.kr/B552474/OdsnCodeInquiryService2/getOdsnOrgCodeInquiryList2
PUB-002B,2472,,,319084,사단법인 세계전통문화놀이협회 전남지부,,https://apis.data.go.kr/B552474/OdsnCodeInquiryService2/getOdsnOrgCodeInquiryList2
PUB-002B,2473,,,32,계양구노인복지관,,https://apis.data.go.kr/B552474/OdsnCodeInquiryService2/getOdsnOrgCodeInquiryList2
PUB-002B,2474,,,320,대한노인회 강원 영월군지회,,https://apis.data.go.kr/B552474/OdsnCodeInquiryService2/getOdsnOrgCodeInquiryList2
PUB-002B,2475,,,320083,사)세계전통문화놀이협회 충남지부,,https://apis.data.go.kr/B552474/OdsnCodeInquiryService2/getOdsnOrgCodeInquiryList2
PUB-002B,2476,,,32083,부산짐캐리클럽 주식회사,,https://apis.data.go.kr/B552474/OdsnCodeInquiryService2/getOdsnOrgCodeInquiryList2
PUB-002B,2477,,,32084,우리문화연구회,,https://apis.data.go.kr/B552474/OdsnCodeInquiryService2/getOdsnOrgCodeInquiryList2
PUB-002B,2478,,,32085,사단법인 동그라미솔빛,,https://apis.data.go.kr/B552474/OdsnCodeInquiryService2/getOdsnOrgCodeInquiryList2
PUB-002B,2479,,,321,평창군청 행정지원국 가족복지과,,https://apis.data.go.kr/B552474/OdsnCodeInquiryService2/getOdsnOrgCodeInquiryList2
PUB-002B,2480,,,322,정선군청 복지과,,https://apis.data.go.kr/B552474/OdsnCodeInquiryService2/getOdsnOrgCodeInquiryList2
PUB-002B,2481,,,322083,삼척동자 사회적협동조합,,https://apis.data.go.kr/B552474/OdsnCodeInquiryService2/getOdsnOrgCodeInquiryList2
PUB-002B,2482,,,323,철원군청 주민생활지원실,,https://apis.data.go.kr/B552474/OdsnCodeInquiryService2/getOdsnOrgCodeInquiryList2
PUB-002B,2483,,,324,화천군청 주민복지과,,https://apis.data.go.kr/B552474/OdsnCodeInquiryService2/getOdsnOrgCodeInquiryList2
PUB-002B,2484,,,324083,세계전통문화놀이협회 서울지부,,https://apis.data.go.kr/B552474/OdsnCodeInquiryService2/getOdsnOrgCodeInquiryList2
PUB-002B,2485,,,324084,세계전통문화놀이협회 서울지부,,https://apis.data.go.kr/B552474/OdsnCodeInquiryService2/getOdsnOrgCodeInquiryList2
PUB-002B,2486,,,324085,사단법인 세계전통문화놀이협회 서울지부,,https://apis.data.go.kr/B552474/OdsnCodeInquiryService2/getOdsnOrgCodeInquiryList2
PUB-002B,2487,,,324086,사단법인 세계전통문화놀이협회 서울지부,,https://apis.data.go.kr/B552474/OdsnCodeInquiryService2/getOdsnOrgCodeInquiryList2
PUB-002B,2488,,,325,양구군청 사회복지과,,https://apis.data.go.kr/B552474/OdsnCodeInquiryService2/getOdsnOrgCodeInquiryList2
PUB-002B,2489,,,325083,(주)대경엘리베이터,,https://apis.data.go.kr/B552474/OdsnCodeInquiryService2/getOdsnOrgCodeInquiryList2
PUB-002B,2490,,,326,(사)대한노인회인제군지회,,https://apis.data.go.kr/B552474/OdsnCodeInquiryService2/getOdsnOrgCodeInquiryList2
PUB-002B,2491,,,326083,은광피엠이주식회사,,https://apis.data.go.kr/B552474/OdsnCodeInquiryService2/getOdsnOrgCodeInquiryList2
PUB-002B,2492,,,327,고성군청 복지과,,https://apis.data.go.kr/B552474/OdsnCodeInquiryService2/getOdsnOrgCodeInquiryList2
PUB-002B,2493,,,327083,사우동행정복지센터,,https://apis.data.go.kr/B552474/OdsnCodeInquiryService2/getOdsnOrgCodeInquiryList2
PUB-002B,2494,,,328,양양군청 복지정책과,,https://apis.data.go.kr/B552474/OdsnCodeInquiryService2/getOdsnOrgCodeInquiryList2
PUB-002B,2495,,,328083,사단법인 일과복지,,https://apis.data.go.kr/B552474/OdsnCodeInquiryService2/getOdsnOrgCodeInquiryList2
PUB-002B,2496,,,329083,다가치포럼사회적협동조합,,https://apis.data.go.kr/B552474/OdsnCodeInquiryService2/getOdsnOrgCodeInquiryList2
PUB-002B,2497,,,329084,성남시 중원구청 환경위생과,,https://apis.data.go.kr/B552474/OdsnCodeInquiryService2/getOdsnOrgCodeInquiryList2
PUB-002B,2498,,,330,청주시청 복지국 노인복지과,,https://apis.data.go.kr/B552474/OdsnCodeInquiryService2/getOdsnOrgCodeInquiryList2
PUB-002B,2499,,,330083,다가치포럼사회적협동조합,,https://apis.data.go.kr/B552474/OdsnCodeInquiryService2/getOdsnOrgCodeInquiryList2
PUB-002B,2500,,,33083,베스트노인복지센터,,https://apis.data.go.kr/B552474/OdsnCodeInquiryService2/getOdsnOrgCodeInquiryList2
PUB-002B,2501,,,331,충주시청 노인복지과,,https://apis.data.go.kr/B552474/OdsnCodeInquiryService2/getOdsnOrgCodeInquiryList2
PUB-002B,2502,,,332,제천시청(노인장애인과),,https://apis.data.go.kr/B552474/OdsnCodeInquiryService2/getOdsnOrgCodeInquiryList2
PUB-002B,2503,,,332083,(사)한국동화구연지도사협회,,https://apis.data.go.kr/B552474/OdsnCodeInquiryService2/getOdsnOrgCodeInquiryList2
PUB-002B,2504,,,333,청원군청 사회복지과,,https://apis.data.go.kr/B552474/OdsnCodeInquiryService2/getOdsnOrgCodeInquiryList2
PUB-002B,2505,,,333083,삼성숲유치원,,https://apis.data.go.kr/B552474/OdsnCodeInquiryService2/getOdsnOrgCodeInquiryList2
PUB-002B,2506,,,333084,숲속삼성어린이집,,https://apis.data.go.kr/B552474/OdsnCodeInquiryService2/getOdsnOrgCodeInquiryList2
PUB-002B,2507,,,334,보은군청 복지정책과,,https://apis.data.go.kr/B552474/OdsnCodeInquiryService2/getOdsnOrgCodeInquiryList2
PUB-002B,2508,,,334083,건양대학교(민간),,https://apis.data.go.kr/B552474/OdsnCodeInquiryService2/getOdsnOrgCodeInquiryList2
PUB-002B,2509,,,334084,남서울대학교산학협력단,,https://apis.data.go.kr/B552474/OdsnCodeInquiryService2/getOdsnOrgCodeInquiryList2
PUB-002B,2510,,,335,옥천군청 주민복지과,,https://apis.data.go.kr/B552474/OdsnCodeInquiryService2/getOdsnOrgCodeInquiryList2
PUB-002B,2511,,,335083,(사)혼디배움센터,,https://apis.data.go.kr/B552474/OdsnCodeInquiryService2/getOdsnOrgCodeInquiryList2
PUB-002B,2512,,,336,영동군청 주민복지과,,https://apis.data.go.kr/B552474/OdsnCodeInquiryService2/getOdsnOrgCodeInquiryList2
PUB-002B,2513,,,336083,시큐어플러스,,https://apis.data.go.kr/B552474/OdsnCodeInquiryService2/getOdsnOrgCodeInquiryList2
PUB-002B,2514,,,337083,울산광역시내일설계지원센터,,https://apis.data.go.kr/B552474/OdsnCodeInquiryService2/getOdsnOrgCodeInquiryList2
PUB-002B,2515,,,338,진천군청 사회복지과,,https://apis.data.go.kr/B552474/OdsnCodeInquiryService2/getOdsnOrgCodeInquiryList2
PUB-002B,2516,,,338083,강화군노인문화센터,,https://apis.data.go.kr/B552474/OdsnCodeInquiryService2/getOdsnOrgCodeInquiryList2
PUB-002B,2517,,,339,괴산군청 가족행복과,,https://apis.data.go.kr/B552474/OdsnCodeInquiryService2/getOdsnOrgCodeInquiryList2
PUB-002B,2518,,,339083,봉화시니어클럽,,https://apis.data.go.kr/B552474/OdsnCodeInquiryService2/getOdsnOrgCodeInquiryList2
PUB-002B,2519,,,34,인천중구노인복지관,,https://apis.data.go.kr/B552474/OdsnCodeInquiryService2/getOdsnOrgCodeInquiryList2
PUB-002B,2520,,,340,음성군청 가족행복과,,https://apis.data.go.kr/B552474/OdsnCodeInquiryService2/getOdsnOrgCodeInquiryList2
PUB-002B,2521,,,340083,주식회사 꽃랜드,,https://apis.data.go.kr/B552474/OdsnCodeInquiryService2/getOdsnOrgCodeInquiryList2
PUB-002B,2522,,,34083,사)경기실버포럼,,https://apis.data.go.kr/B552474/OdsnCodeInquiryService2/getOdsnOrgCodeInquiryList2
PUB-002B,2523,,,341,단양군청,,https://apis.data.go.kr/B552474/OdsnCodeInquiryService2/getOdsnOrgCodeInquiryList2
PUB-002B,2524,,,341083,동문2동행정복지센터,,https://apis.data.go.kr/B552474/OdsnCodeInquiryService2/getOdsnOrgCodeInquiryList2
PUB-002B,2525,,,342083,동대문시니어클럽,,https://apis.data.go.kr/B552474/OdsnCodeInquiryService2/getOdsnOrgCodeInquiryList2
PUB-002B,2526,,,343,천안시청 복지정책국 노인복지과,,https://apis.data.go.kr/B552474/OdsnCodeInquiryService2/getOdsnOrgCodeInquiryList2
PUB-002B,2527,,,343083,사단법인 인천내일을여는집,,https://apis.data.go.kr/B552474/OdsnCodeInquiryService2/getOdsnOrgCodeInquiryList2
PUB-002B,2528,,,344,공주시청 문화복지국 경로장애인과,,https://apis.data.go.kr/B552474/OdsnCodeInquiryService2/getOdsnOrgCodeInquiryList2
PUB-002B,2529,,,344083,(주)산돌식품,,https://apis.data.go.kr/B552474/OdsnCodeInquiryService2/getOdsnOrgCodeInquiryList2
PUB-002B,2530,,,345,보령시청 행정복지국 경로장애인과,,https://apis.data.go.kr/B552474/OdsnCodeInquiryService2/getOdsnOrgCodeInquiryList2
PUB-002B,2531,,,345083,사단법인 한마음노인복지센터,,https://apis.data.go.kr/B552474/OdsnCodeInquiryService2/getOdsnOrgCodeInquiryList2
PUB-002B,2532,,,346,아산시청 문화복지국 경로장애인과,,https://apis.data.go.kr/B552474/OdsnCodeInquiryService2/getOdsnOrgCodeInquiryList2
PUB-002B,2533,,,346083,사단법인 제주특별자치도 경영지도사협회,,https://apis.data.go.kr/B552474/OdsnCodeInquiryService2/getOdsnOrgCodeInquiryList2
PUB-002B,2534,,,347,서산시청 복지문화국 경로장애인과,,https://apis.data.go.kr/B552474/OdsnCodeInquiryService2/getOdsnOrgCodeInquiryList2
PUB-002B,2535,,,347083,파주시니어클럽,,https://apis.data.go.kr/B552474/OdsnCodeInquiryService2/getOdsnOrgCodeInquiryList2
PUB-002B,2536,,,348,논산시청 행정복지국 100세행복과,,https://apis.data.go.kr/B552474/OdsnCodeInquiryService2/getOdsnOrgCodeInquiryList2
PUB-002B,2537,,,348083,대륜동,,https://apis.data.go.kr/B552474/OdsnCodeInquiryService2/getOdsnOrgCodeInquiryList2
PUB-002B,2538,,,349,계룡시,,https://apis.data.go.kr/B552474/OdsnCodeInquiryService2/getOdsnOrgCodeInquiryList2
PUB-002B,2539,,,349083,구로시니어클럽,,https://apis.data.go.kr/B552474/OdsnCodeInquiryService2/getOdsnOrgCodeInquiryList2
PUB-002B,2540,,,35,정관노인복지관,,https://apis.data.go.kr/B552474/OdsnCodeInquiryService2/getOdsnOrgCodeInquiryList2
PUB-002B,2541,,,350,금산군청 주민복지지원과,,https://apis.data.go.kr/B552474/OdsnCodeInquiryService2/getOdsnOrgCodeInquiryList2
PUB-002B,2542,,,350083,남목노인복지관,,https://apis.data.go.kr/B552474/OdsnCodeInquiryService2/getOdsnOrgCodeInquiryList2
PUB-002B,2543,,,35083,사랑방노인복지함열센터,,https://apis.data.go.kr/B552474/OdsnCodeInquiryService2/getOdsnOrgCodeInquiryList2
PUB-002B,2544,,,351,세종시청,,https://apis.data.go.kr/B552474/OdsnCodeInquiryService2/getOdsnOrgCodeInquiryList2
PUB-002B,2545,,,351083,계산노인문화센터,,https://apis.data.go.kr/B552474/OdsnCodeInquiryService2/getOdsnOrgCodeInquiryList2
PUB-002B,2546,,,352,부여군청 가족행복과,,https://apis.data.go.kr/B552474/OdsnCodeInquiryService2/getOdsnOrgCodeInquiryList2
PUB-002B,2547,,,352083,논산시사회복지협의회,,https://apis.data.go.kr/B552474/OdsnCodeInquiryService2/getOdsnOrgCodeInquiryList2
PUB-002B,2548,,,353,서천군청 인구정책과,,https://apis.data.go.kr/B552474/OdsnCodeInquiryService2/getOdsnOrgCodeInquiryList2
PUB-002B,2549,,,353083,가좌노인문화센터,,https://apis.data.go.kr/B552474/OdsnCodeInquiryService2/getOdsnOrgCodeInquiryList2
PUB-002B,2550,,,354,청양군청 통합돌봄과,,https://apis.data.go.kr/B552474/OdsnCodeInquiryService2/getOdsnOrgCodeInquiryList2
PUB-002B,2551,,,354083,홍성 시니어클럽,,https://apis.data.go.kr/B552474/OdsnCodeInquiryService2/getOdsnOrgCodeInquiryList2
PUB-002B,2552,,,355,홍성군청 가정행복과,,https://apis.data.go.kr/B552474/OdsnCodeInquiryService2/getOdsnOrgCodeInquiryList2
PUB-002B,2553,,,355083,하동시니어클럽,,https://apis.data.go.kr/B552474/OdsnCodeInquiryService2/getOdsnOrgCodeInquiryList2
PUB-002B,2554,,,356,예산군청,,https://apis.data.go.kr/B552474/OdsnCodeInquiryService2/getOdsnOrgCodeInquiryList2
PUB-002B,2555,,,356083,복지그리다사회적협동조합,,https://apis.data.go.kr/B552474/OdsnCodeInquiryService2/getOdsnOrgCodeInquiryList2
PUB-002B,2556,,,356084,양주YMCA,,https://apis.data.go.kr/B552474/OdsnCodeInquiryService2/getOdsnOrgCodeInquiryList2
PUB-002B,2557,,,357,태안군청 가족정책과,,https://apis.data.go.kr/B552474/OdsnCodeInquiryService2/getOdsnOrgCodeInquiryList2
PUB-002B,2558,,,357083,함양시니어클럽,,https://apis.data.go.kr/B552474/OdsnCodeInquiryService2/getOdsnOrgCodeInquiryList2
PUB-002B,2559,,,358,당진시청,,https://apis.data.go.kr/B552474/OdsnCodeInquiryService2/getOdsnOrgCodeInquiryList2
PUB-002B,2560,,,358083,광명시립하안노인종합복지관,,https://apis.data.go.kr/B552474/OdsnCodeInquiryService2/getOdsnOrgCodeInquiryList2
PUB-002B,2561,,,359083,생활정치발전소,,https://apis.data.go.kr/B552474/OdsnCodeInquiryService2/getOdsnOrgCodeInquiryList2
PUB-002B,2562,,,359084,사단법인 농담,,https://apis.data.go.kr/B552474/OdsnCodeInquiryService2/getOdsnOrgCodeInquiryList2
PUB-002B,2563,,,359085,마을발전소,,https://apis.data.go.kr/B552474/OdsnCodeInquiryService2/getOdsnOrgCodeInquiryList2
PUB-002B,2564,,,36,부산동구노인종합복지관,,https://apis.data.go.kr/B552474/OdsnCodeInquiryService2/getOdsnOrgCodeInquiryList2
PUB-002B,2565,,,360,전주시청 노인복지과,,https://apis.data.go.kr/B552474/OdsnCodeInquiryService2/getOdsnOrgCodeInquiryList2
PUB-002B,2566,,,360083,케이워터나눔복지재단,,https://apis.data.go.kr/B552474/OdsnCodeInquiryService2/getOdsnOrgCodeInquiryList2
PUB-002B,2567,,,36083,(사)하늘터노인복지회,,https://apis.data.go.kr/B552474/OdsnCodeInquiryService2/getOdsnOrgCodeInquiryList2
PUB-002B,2568,,,36084,(주)남원맛부각,,https://apis.data.go.kr/B552474/OdsnCodeInquiryService2/getOdsnOrgCodeInquiryList2
PUB-002B,2569,,,361,군산시청 복지교육국 경로장애인과,,https://apis.data.go.kr/B552474/OdsnCodeInquiryService2/getOdsnOrgCodeInquiryList2
PUB-002B,2570,,,361083,합천노인통합지원센터,,https://apis.data.go.kr/B552474/OdsnCodeInquiryService2/getOdsnOrgCodeInquiryList2
PUB-002B,2571,,,361084,좌3동 행정복지센터,,https://apis.data.go.kr/B552474/OdsnCodeInquiryService2/getOdsnOrgCodeInquiryList2
PUB-002B,2572,,,362,익산시 복지국 노인복지과,,https://apis.data.go.kr/B552474/OdsnCodeInquiryService2/getOdsnOrgCodeInquiryList2
PUB-002B,2573,,,362083,한국장로교복지재단 광주지부,,https://apis.data.go.kr/B552474/OdsnCodeInquiryService2/getOdsnOrgCodeInquiryList2
PUB-002B,2574,,,363,정읍시청 노인장애인과,,https://apis.data.go.kr/B552474/OdsnCodeInquiryService2/getOdsnOrgCodeInquiryList2
PUB-002B,2575,,,363083,관인노인복지센터,,https://apis.data.go.kr/B552474/OdsnCodeInquiryService2/getOdsnOrgCodeInquiryList2
PUB-002B,2576,,,364,남원시청 행정복지국 통합돌봄과,,https://apis.data.go.kr/B552474/OdsnCodeInquiryService2/getOdsnOrgCodeInquiryList2
PUB-002B,2577,,,364083,천안실버대학 병설 노인일자리센터,,https://apis.data.go.kr/B552474/OdsnCodeInquiryService2/getOdsnOrgCodeInquiryList2
PUB-002B,2578,,,365,김제시청 경로장애인과,,https://apis.data.go.kr/B552474/OdsnCodeInquiryService2/getOdsnOrgCodeInquiryList2
PUB-002B,2579,,,365083,산청시니어클럽,,https://apis.data.go.kr/B552474/OdsnCodeInquiryService2/getOdsnOrgCodeInquiryList2
PUB-002B,2580,,,366,완주군청 경로장애인과,,https://apis.data.go.kr/B552474/OdsnCodeInquiryService2/getOdsnOrgCodeInquiryList2
PUB-002B,2581,,,366083,산청시니어클럽,,https://apis.data.go.kr/B552474/OdsnCodeInquiryService2/getOdsnOrgCodeInquiryList2
PUB-002B,2582,,,367,진안군청,,https://apis.data.go.kr/B552474/OdsnCodeInquiryService2/getOdsnOrgCodeInquiryList2
PUB-002B,2583,,,368,무주군청 사회복지과,,https://apis.data.go.kr/B552474/OdsnCodeInquiryService2/getOdsnOrgCodeInquiryList2
PUB-002B,2584,,,368083,영덕군청,,https://apis.data.go.kr/B552474/OdsnCodeInquiryService2/getOdsnOrgCodeInquiryList2
PUB-002B,2585,,,368084,포항YMCA,,https://apis.data.go.kr/B552474/OdsnCodeInquiryService2/getOdsnOrgCodeInquiryList2
PUB-002B,2586,,,369,장수군청 주민복지실,,https://apis.data.go.kr/B552474/OdsnCodeInquiryService2/getOdsnOrgCodeInquiryList2
PUB-002B,2587,,,369083,포항YMCA,,https://apis.data.go.kr/B552474/OdsnCodeInquiryService2/getOdsnOrgCodeInquiryList2
PUB-002B,2588,,,37,동래종합사회복지관,,https://apis.data.go.kr/B552474/OdsnCodeInquiryService2/getOdsnOrgCodeInquiryList2
PUB-002B,2589,,,370,임실군청 주민복지과,,https://apis.data.go.kr/B552474/OdsnCodeInquiryService2/getOdsnOrgCodeInquiryList2
PUB-002B,2590,,,370096,김제시행정동호회,,https://apis.data.go.kr/B552474/OdsnCodeInquiryService2/getOdsnOrgCodeInquiryList2
PUB-002B,2591,,,370097,삼호동행정복지센터,,https://apis.data.go.kr/B552474/OdsnCodeInquiryService2/getOdsnOrgCodeInquiryList2
PUB-002B,2592,,,37083,사단법인 중소기업기술혁신협회 충북지회(민간),,https://apis.data.go.kr/B552474/OdsnCodeInquiryService2/getOdsnOrgCodeInquiryList2
PUB-002B,2593,,,371,순창군청 건강장수과,,https://apis.data.go.kr/B552474/OdsnCodeInquiryService2/getOdsnOrgCodeInquiryList2
PUB-002B,2594,,,372,고창군청 자치행정국 사회복지과,,https://apis.data.go.kr/B552474/OdsnCodeInquiryService2/getOdsnOrgCodeInquiryList2
PUB-002B,2595,,,372083,섬진강댐노인복지관,,https://apis.data.go.kr/B552474/OdsnCodeInquiryService2/getOdsnOrgCodeInquiryList2
PUB-002B,2596,,,373,부안군청,,https://apis.data.go.kr/B552474/OdsnCodeInquiryService2/getOdsnOrgCodeInquiryList2
PUB-002B,2597,,,373083,청주시 청원구청,,https://apis.data.go.kr/B552474/OdsnCodeInquiryService2/getOdsnOrgCodeInquiryList2
PUB-002B,2598,,,373084,청주시 흥덕구청(X),,https://apis.data.go.kr/B552474/OdsnCodeInquiryService2/getOdsnOrgCodeInquiryList2
PUB-002B,2599,,,373085,청주시 상당구청,,https://apis.data.go.kr/B552474/OdsnCodeInquiryService2/getOdsnOrgCodeInquiryList2
PUB-002B,2600,,,373086,청주시 서원구청,,https://apis.data.go.kr/B552474/OdsnCodeInquiryService2/getOdsnOrgCodeInquiryList2
PUB-002B,2601,,,374083,통영노인통합지원센터,,https://apis.data.go.kr/B552474/OdsnCodeInquiryService2/getOdsnOrgCodeInquiryList2
PUB-002B,2602,,,375,목포시청,,https://apis.data.go.kr/B552474/OdsnCodeInquiryService2/getOdsnOrgCodeInquiryList2
PUB-002B,2603,,,375083,개발원(취업알선),,https://apis.data.go.kr/B552474/OdsnCodeInquiryService2/getOdsnOrgCodeInquiryList2
PUB-002B,2604,,,376,여수시청,,https://apis.data.go.kr/B552474/OdsnCodeInquiryService2/getOdsnOrgCodeInquiryList2
PUB-002B,2605,,,376083,예천시니어클럽,,https://apis.data.go.kr/B552474/OdsnCodeInquiryService2/getOdsnOrgCodeInquiryList2
PUB-002B,2606,,,377,순천시청,,https://apis.data.go.kr/B552474/OdsnCodeInquiryService2/getOdsnOrgCodeInquiryList2
PUB-002B,2607,,,377083,익산상공회의소,,https://apis.data.go.kr/B552474/OdsnCodeInquiryService2/getOdsnOrgCodeInquiryList2
PUB-002B,2608,,,378,나주시청,,https://apis.data.go.kr/B552474/OdsnCodeInquiryService2/getOdsnOrgCodeInquiryList2
PUB-002B,2609,,,378083,안면도노인복지관,,https://apis.data.go.kr/B552474/OdsnCodeInquiryService2/getOdsnOrgCodeInquiryList2
PUB-002B,2610,,,379,광양시청,,https://apis.data.go.kr/B552474/OdsnCodeInquiryService2/getOdsnOrgCodeInquiryList2
PUB-002B,2611,,,379083,(사)전북경영자총협회,,https://apis.data.go.kr/B552474/OdsnCodeInquiryService2/getOdsnOrgCodeInquiryList2
PUB-002B,2612,,,38,실버벨노인복지관,,https://apis.data.go.kr/B552474/OdsnCodeInquiryService2/getOdsnOrgCodeInquiryList2
PUB-002B,2613,,,380,담양군청,,https://apis.data.go.kr/B552474/OdsnCodeInquiryService2/getOdsnOrgCodeInquiryList2
PUB-002B,2614,,,380083,(사)강원경영자총협회,,https://apis.data.go.kr/B552474/OdsnCodeInquiryService2/getOdsnOrgCodeInquiryList2
PUB-002B,2615,,,38083,은빛노인복지센터,,https://apis.data.go.kr/B552474/OdsnCodeInquiryService2/getOdsnOrgCodeInquiryList2
PUB-002B,2616,,,38084,제주느영나영시니어클럽,,https://apis.data.go.kr/B552474/OdsnCodeInquiryService2/getOdsnOrgCodeInquiryList2
PUB-002B,2617,,,38085,(주)견주사랑,,https://apis.data.go.kr/B552474/OdsnCodeInquiryService2/getOdsnOrgCodeInquiryList2
PUB-002B,2618,,,381,곡성군청,,https://apis.data.go.kr/B552474/OdsnCodeInquiryService2/getOdsnOrgCodeInquiryList2
PUB-002B,2619,,,381083,대경일자리센터,,https://apis.data.go.kr/B552474/OdsnCodeInquiryService2/getOdsnOrgCodeInquiryList2
PUB-002B,2620,,,382,구례군청,,https://apis.data.go.kr/B552474/OdsnCodeInquiryService2/getOdsnOrgCodeInquiryList2
PUB-002B,2621,,,382083,(유)동부전기안전관리,,https://apis.data.go.kr/B552474/OdsnCodeInquiryService2/getOdsnOrgCodeInquiryList2
PUB-002B,2622,,,383,고흥군청,,https://apis.data.go.kr/B552474/OdsnCodeInquiryService2/getOdsnOrgCodeInquiryList2
PUB-002B,2623,,,383083,사단법인 구미중소기업협의회,,https://apis.data.go.kr/B552474/OdsnCodeInquiryService2/getOdsnOrgCodeInquiryList2
PUB-002B,2624,,,384,보성군청,,https://apis.data.go.kr/B552474/OdsnCodeInquiryService2/getOdsnOrgCodeInquiryList2
PUB-002B,2625,,,384083,주식회사 유니밸류,,https://apis.data.go.kr/B552474/OdsnCodeInquiryService2/getOdsnOrgCodeInquiryList2
PUB-002B,2626,,,385,화순군청,,https://apis.data.go.kr/B552474/OdsnCodeInquiryService2/getOdsnOrgCodeInquiryList2
PUB-002B,2627,,,386,장흥군청,,https://apis.data.go.kr/B552474/OdsnCodeInquiryService2/getOdsnOrgCodeInquiryList2
PUB-002B,2628,,,386083,안성시서부무한돌봄네트워크팀,,https://apis.data.go.kr/B552474/OdsnCodeInquiryService2/getOdsnOrgCodeInquiryList2
PUB-002B,2629,,,386084,사회적협동조합경기부천나눔지역자활센터,,https://apis.data.go.kr/B552474/OdsnCodeInquiryService2/getOdsnOrgCodeInquiryList2
PUB-002B,2630,,,387,강진군청,,https://apis.data.go.kr/B552474/OdsnCodeInquiryService2/getOdsnOrgCodeInquiryList2
PUB-002B,2631,,,388,해남군청,,https://apis.data.go.kr/B552474/OdsnCodeInquiryService2/getOdsnOrgCodeInquiryList2
PUB-002B,2632,,,388083,한국문화예술산업진흥회전북지회,,https://apis.data.go.kr/B552474/OdsnCodeInquiryService2/getOdsnOrgCodeInquiryList2
PUB-002B,2633,,,389,영암군청,,https://apis.data.go.kr/B552474/OdsnCodeInquiryService2/getOdsnOrgCodeInquiryList2
PUB-002B,2634,,,389083,남원사랑노인재가복지센터,,https://apis.data.go.kr/B552474/OdsnCodeInquiryService2/getOdsnOrgCodeInquiryList2
PUB-002B,2635,,,39,부산광역시노인종합복지관,,https://apis.data.go.kr/B552474/OdsnCodeInquiryService2/getOdsnOrgCodeInquiryList2
PUB-002B,2636,,,390,무안군청,,https://apis.data.go.kr/B552474/OdsnCodeInquiryService2/getOdsnOrgCodeInquiryList2
PUB-002B,2637,,,390083,안성시동부무한돌봄네트워크팀,,https://apis.data.go.kr/B552474/OdsnCodeInquiryService2/getOdsnOrgCodeInquiryList2
PUB-002B,2638,,,39083,해피누리노인복지관,,https://apis.data.go.kr/B552474/OdsnCodeInquiryService2/getOdsnOrgCodeInquiryList2
PUB-002B,2639,,,391,함평군청,,https://apis.data.go.kr/B552474/OdsnCodeInquiryService2/getOdsnOrgCodeInquiryList2
PUB-002B,2640,,,391083,(사)지밸리산업협회,,https://apis.data.go.kr/B552474/OdsnCodeInquiryService2/getOdsnOrgCodeInquiryList2
PUB-002B,2641,,,392,영광군청,,https://apis.data.go.kr/B552474/OdsnCodeInquiryService2/getOdsnOrgCodeInquiryList2
PUB-002B,2642,,,392083,상주상공회의소,,https://apis.data.go.kr/B552474/OdsnCodeInquiryService2/getOdsnOrgCodeInquiryList2
PUB-002B,2643,,,393,장성군청,,https://apis.data.go.kr/B552474/OdsnCodeInquiryService2/getOdsnOrgCodeInquiryList2
PUB-002B,2644,,,393083,화이통협동조합,,https://apis.data.go.kr/B552474/OdsnCodeInquiryService2/getOdsnOrgCodeInquiryList2
PUB-002B,2645,,,394,완도군청,,https://apis.data.go.kr/B552474/OdsnCodeInquiryService2/getOdsnOrgCodeInquiryList2
PUB-002B,2646,,,394083,부산동래여성인력개발센터,,https://apis.data.go.kr/B552474/OdsnCodeInquiryService2/getOdsnOrgCodeInquiryList2
PUB-002B,2647,,,395,진도군청,,https://apis.data.go.kr/B552474/OdsnCodeInquiryService2/getOdsnOrgCodeInquiryList2
PUB-002B,2648,,,395083,영덕읍사무소,,https://apis.data.go.kr/B552474/OdsnCodeInquiryService2/getOdsnOrgCodeInquiryList2
PUB-002B,2649,,,396,신안군청,,https://apis.data.go.kr/B552474/OdsnCodeInquiryService2/getOdsnOrgCodeInquiryList2
PUB-002B,2650,,,396083,(사)시니어벤처협회,,https://apis.data.go.kr/B552474/OdsnCodeInquiryService2/getOdsnOrgCodeInquiryList2
PUB-002B,2651,,,398,포항시청,,https://apis.data.go.kr/B552474/OdsnCodeInquiryService2/getOdsnOrgCodeInquiryList2
PUB-002B,2652,,,398083,(주)한국커리어잡스 대전지사,,https://apis.data.go.kr/B552474/OdsnCodeInquiryService2/getOdsnOrgCodeInquiryList2
PUB-002B,2653,,,399,경주시청 시민행정국 노인복지과,,https://apis.data.go.kr/B552474/OdsnCodeInquiryService2/getOdsnOrgCodeInquiryList2
PUB-002B,2654,,,399083,(주)데일리잡,,https://apis.data.go.kr/B552474/OdsnCodeInquiryService2/getOdsnOrgCodeInquiryList2
PUB-002B,2655,,,4,강서노인종합복지관,,https://apis.data.go.kr/B552474/OdsnCodeInquiryService2/getOdsnOrgCodeInquiryList2
PUB-002B,2656,,,40,영도구노인복지관,,https://apis.data.go.kr/B552474/OdsnCodeInquiryService2/getOdsnOrgCodeInquiryList2
PUB-002B,2657,,,400083,음성상공회의소(민간),,https://apis.data.go.kr/B552474/OdsnCodeInquiryService2/getOdsnOrgCodeInquiryList2
PUB-002B,2658,,,4002,제주특별자치도경제통상진흥원,,https://apis.data.go.kr/B552474/OdsnCodeInquiryService2/getOdsnOrgCodeInquiryList2
PUB-002B,2659,,,4003,(재)광주광역시 경제고용진흥원,,https://apis.data.go.kr/B552474/OdsnCodeInquiryService2/getOdsnOrgCodeInquiryList2
PUB-002B,2660,,,4006,전주상공회의소,,https://apis.data.go.kr/B552474/OdsnCodeInquiryService2/getOdsnOrgCodeInquiryList2
PUB-002B,2661,,,4007,목포상공회의소,,https://apis.data.go.kr/B552474/OdsnCodeInquiryService2/getOdsnOrgCodeInquiryList2
PUB-002B,2662,,,40085,농업회사법인 주식회사 하비랑,,https://apis.data.go.kr/B552474/OdsnCodeInquiryService2/getOdsnOrgCodeInquiryList2
PUB-002B,2663,,,40087,창녕시니어클럽,,https://apis.data.go.kr/B552474/OdsnCodeInquiryService2/getOdsnOrgCodeInquiryList2
PUB-002B,2664,,,40088,(주)시니어행복드림,,https://apis.data.go.kr/B552474/OdsnCodeInquiryService2/getOdsnOrgCodeInquiryList2
PUB-002B,2665,,,40089,(주)대전에프앤비,,https://apis.data.go.kr/B552474/OdsnCodeInquiryService2/getOdsnOrgCodeInquiryList2
PUB-002B,2666,,,40090,주식회사 예몽,,https://apis.data.go.kr/B552474/OdsnCodeInquiryService2/getOdsnOrgCodeInquiryList2
PUB-002B,2667,,,40091,연제구노인복지관,,https://apis.data.go.kr/B552474/OdsnCodeInquiryService2/getOdsnOrgCodeInquiryList2
PUB-002B,2668,,,401,안동시청,,https://apis.data.go.kr/B552474/OdsnCodeInquiryService2/getOdsnOrgCodeInquiryList2
PUB-002B,2669,,,4010,(재)전라남도중소기업종합지원센터,,https://apis.data.go.kr/B552474/OdsnCodeInquiryService2/getOdsnOrgCodeInquiryList2
PUB-002B,2670,,,401083,주식회사 경남취업지원센터,,https://apis.data.go.kr/B552474/OdsnCodeInquiryService2/getOdsnOrgCodeInquiryList2
PUB-002B,2671,,,4011,(사)광주경영자총협회,,https://apis.data.go.kr/B552474/OdsnCodeInquiryService2/getOdsnOrgCodeInquiryList2
PUB-002B,2672,,,4012,군산상공회의소,,https://apis.data.go.kr/B552474/OdsnCodeInquiryService2/getOdsnOrgCodeInquiryList2
PUB-002B,2673,,,4013,(사)전남경영자총협회,,https://apis.data.go.kr/B552474/OdsnCodeInquiryService2/getOdsnOrgCodeInquiryList2
PUB-002B,2674,,,4014,(주)제이비컴(민간),,https://apis.data.go.kr/B552474/OdsnCodeInquiryService2/getOdsnOrgCodeInquiryList2
PUB-002B,2675,,,4017,대동종합사회복지관(인파형),,https://apis.data.go.kr/B552474/OdsnCodeInquiryService2/getOdsnOrgCodeInquiryList2
PUB-002B,2676,,,4018,지에스데이타(주),,https://apis.data.go.kr/B552474/OdsnCodeInquiryService2/getOdsnOrgCodeInquiryList2
PUB-002B,2677,,,402,구미시청 복지환경국 사회복지과,,https://apis.data.go.kr/B552474/OdsnCodeInquiryService2/getOdsnOrgCodeInquiryList2
PUB-002B,2678,,,402083,(사)한국경영혁신중소기업협회 대전세종충남연합회,,https://apis.data.go.kr/B552474/OdsnCodeInquiryService2/getOdsnOrgCodeInquiryList2
PUB-002B,2679,,,402084,(주)에듀인잡컨설팅,,https://apis.data.go.kr/B552474/OdsnCodeInquiryService2/getOdsnOrgCodeInquiryList2
PUB-002B,2680,,,4023,중소기업기술혁신협회 대전세종충남지회(민간),,https://apis.data.go.kr/B552474/OdsnCodeInquiryService2/getOdsnOrgCodeInquiryList2
PUB-002B,2681,,,4024,(주)이클루유니언스,,https://apis.data.go.kr/B552474/OdsnCodeInquiryService2/getOdsnOrgCodeInquiryList2
PUB-002B,2682,,,4025,(주)티이에스,,https://apis.data.go.kr/B552474/OdsnCodeInquiryService2/getOdsnOrgCodeInquiryList2
PUB-002B,2683,,,4026,여수상공회의소,,https://apis.data.go.kr/B552474/OdsnCodeInquiryService2/getOdsnOrgCodeInquiryList2
PUB-002B,2684,,,4027,경기동부상공회의소,,https://apis.data.go.kr/B552474/OdsnCodeInquiryService2/getOdsnOrgCodeInquiryList2
PUB-002B,2685,,,4028,인천경영자총협회,,https://apis.data.go.kr/B552474/OdsnCodeInquiryService2/getOdsnOrgCodeInquiryList2
PUB-002B,2686,,,4029,고양상공회의소,,https://apis.data.go.kr/B552474/OdsnCodeInquiryService2/getOdsnOrgCodeInquiryList2
PUB-002B,2687,,,403,영주시청 문화복지국 노인장애인과,,https://apis.data.go.kr/B552474/OdsnCodeInquiryService2/getOdsnOrgCodeInquiryList2
PUB-002B,2688,,,4030,안양시니어클럽,,https://apis.data.go.kr/B552474/OdsnCodeInquiryService2/getOdsnOrgCodeInquiryList2
PUB-002B,2689,,,403083,(주)블루안컨설팅,,https://apis.data.go.kr/B552474/OdsnCodeInquiryService2/getOdsnOrgCodeInquiryList2
PUB-002B,2690,,,4032,경기복지재단,,https://apis.data.go.kr/B552474/OdsnCodeInquiryService2/getOdsnOrgCodeInquiryList2
PUB-002B,2691,,,4034,안성상공회의소,,https://apis.data.go.kr/B552474/OdsnCodeInquiryService2/getOdsnOrgCodeInquiryList2
PUB-002B,2692,,,404,영천시청 문화관광복지국 사회복지과,,https://apis.data.go.kr/B552474/OdsnCodeInquiryService2/getOdsnOrgCodeInquiryList2
PUB-002B,2693,,,404083,(주)블루안 대구지사,,https://apis.data.go.kr/B552474/OdsnCodeInquiryService2/getOdsnOrgCodeInquiryList2
PUB-002B,2694,,,4041,갬콤(주),,https://apis.data.go.kr/B552474/OdsnCodeInquiryService2/getOdsnOrgCodeInquiryList2
PUB-002B,2695,,,4042,(주)교차로,,https://apis.data.go.kr/B552474/OdsnCodeInquiryService2/getOdsnOrgCodeInquiryList2
PUB-002B,2696,,,4043,(주)코잡,,https://apis.data.go.kr/B552474/OdsnCodeInquiryService2/getOdsnOrgCodeInquiryList2
PUB-002B,2697,,,4046,달구벌여성인력개발센터,,https://apis.data.go.kr/B552474/OdsnCodeInquiryService2/getOdsnOrgCodeInquiryList2
PUB-002B,2698,,,4048,부산광역시장노년일자리지원센터(인턴십),,https://apis.data.go.kr/B552474/OdsnCodeInquiryService2/getOdsnOrgCodeInquiryList2
PUB-002B,2699,,,405,상주시청 노인장애인복지과,,https://apis.data.go.kr/B552474/OdsnCodeInquiryService2/getOdsnOrgCodeInquiryList2
PUB-002B,2700,,,4050,창원노인일자리창출지원센터,,https://apis.data.go.kr/B552474/OdsnCodeInquiryService2/getOdsnOrgCodeInquiryList2
PUB-002B,2701,,,405084,시니어잡네트워크센터(민간),,https://apis.data.go.kr/B552474/OdsnCodeInquiryService2/getOdsnOrgCodeInquiryList2
PUB-002B,2702,,,405085,글로벌스퀘어 주식회사,,https://apis.data.go.kr/B552474/OdsnCodeInquiryService2/getOdsnOrgCodeInquiryList2
PUB-002B,2703,,,4053,부산서구시니어클럽(인파),,https://apis.data.go.kr/B552474/OdsnCodeInquiryService2/getOdsnOrgCodeInquiryList2
PUB-002B,2704,,,4054,호남테스트,,https://apis.data.go.kr/B552474/OdsnCodeInquiryService2/getOdsnOrgCodeInquiryList2
PUB-002B,2705,,,4057,부산사하시니어클럽,,https://apis.data.go.kr/B552474/OdsnCodeInquiryService2/getOdsnOrgCodeInquiryList2
PUB-002B,2706,,,4058,울산시노인일자리지원센터,,https://apis.data.go.kr/B552474/OdsnCodeInquiryService2/getOdsnOrgCodeInquiryList2
PUB-002B,2707,,,406,문경시청 행정복지국 시니어장애인과,,https://apis.data.go.kr/B552474/OdsnCodeInquiryService2/getOdsnOrgCodeInquiryList2
PUB-002B,2708,,,4062,주식회사 미래노무컨설팅,,https://apis.data.go.kr/B552474/OdsnCodeInquiryService2/getOdsnOrgCodeInquiryList2
PUB-002B,2709,,,4063,포항상공회의소,,https://apis.data.go.kr/B552474/OdsnCodeInquiryService2/getOdsnOrgCodeInquiryList2
PUB-002B,2710,,,4066,사단법인 중소기업기술혁신협회 경남지회,,https://apis.data.go.kr/B552474/OdsnCodeInquiryService2/getOdsnOrgCodeInquiryList2
PUB-002B,2711,,,4068,(주)사랑방미디어,,https://apis.data.go.kr/B552474/OdsnCodeInquiryService2/getOdsnOrgCodeInquiryList2
PUB-002B,2712,,,407,경산시청 복지문화국 어르신복지과,,https://apis.data.go.kr/B552474/OdsnCodeInquiryService2/getOdsnOrgCodeInquiryList2
PUB-002B,2713,,,4070,(사)중소기업기술혁신협회,,https://apis.data.go.kr/B552474/OdsnCodeInquiryService2/getOdsnOrgCodeInquiryList2
PUB-002B,2714,,,407083,(주)커리어넷,,https://apis.data.go.kr/B552474/OdsnCodeInquiryService2/getOdsnOrgCodeInquiryList2
PUB-002B,2715,,,4071,주식회사 커리어업,,https://apis.data.go.kr/B552474/OdsnCodeInquiryService2/getOdsnOrgCodeInquiryList2
PUB-002B,2716,,,4073,(사)벤처기업협회,,https://apis.data.go.kr/B552474/OdsnCodeInquiryService2/getOdsnOrgCodeInquiryList2
PUB-002B,2717,,,4077,경기북부상공회의소,,https://apis.data.go.kr/B552474/OdsnCodeInquiryService2/getOdsnOrgCodeInquiryList2
PUB-002B,2718,,,408,군위군청,,https://apis.data.go.kr/B552474/OdsnCodeInquiryService2/getOdsnOrgCodeInquiryList2
PUB-002B,2719,,,408083,(주)제이엠커리어 부산지사,,https://apis.data.go.kr/B552474/OdsnCodeInquiryService2/getOdsnOrgCodeInquiryList2
PUB-002B,2720,,,408084,(사)한국고용복지센터,,https://apis.data.go.kr/B552474/OdsnCodeInquiryService2/getOdsnOrgCodeInquiryList2
PUB-002B,2721,,,408085,(주)사람마중중부지역본부,,https://apis.data.go.kr/B552474/OdsnCodeInquiryService2/getOdsnOrgCodeInquiryList2
PUB-002B,2722,,,408086,사단법인 한국고용복지센터,,https://apis.data.go.kr/B552474/OdsnCodeInquiryService2/getOdsnOrgCodeInquiryList2
PUB-002B,2723,,,408087,사단법인 한국취업지원협회,,https://apis.data.go.kr/B552474/OdsnCodeInquiryService2/getOdsnOrgCodeInquiryList2
PUB-002B,2724,,,408088,(주)현이씨푸드,,https://apis.data.go.kr/B552474/OdsnCodeInquiryService2/getOdsnOrgCodeInquiryList2
PUB-002B,2725,,,408089,(주)제니엘,,https://apis.data.go.kr/B552474/OdsnCodeInquiryService2/getOdsnOrgCodeInquiryList2
PUB-002B,2726,,,4081,(사)중소기업기술혁신협회 강원지회,,https://apis.data.go.kr/B552474/OdsnCodeInquiryService2/getOdsnOrgCodeInquiryList2
PUB-002B,2727,,,4088,(사)대구경북첨단벤처기업연합회,,https://apis.data.go.kr/B552474/OdsnCodeInquiryService2/getOdsnOrgCodeInquiryList2
PUB-002B,2728,,,4089,희망일자리지원센터,,https://apis.data.go.kr/B552474/OdsnCodeInquiryService2/getOdsnOrgCodeInquiryList2
PUB-002B,2729,,,409,의성군청 사회복지과,,https://apis.data.go.kr/B552474/OdsnCodeInquiryService2/getOdsnOrgCodeInquiryList2
PUB-002B,2730,,,4090,밀양상공회의소,,https://apis.data.go.kr/B552474/OdsnCodeInquiryService2/getOdsnOrgCodeInquiryList2
PUB-002B,2731,,,409083,(사)미래고용나눔협회 목포지부,,https://apis.data.go.kr/B552474/OdsnCodeInquiryService2/getOdsnOrgCodeInquiryList2
PUB-002B,2732,,,4092,(사)대구경영자총협회,,https://apis.data.go.kr/B552474/OdsnCodeInquiryService2/getOdsnOrgCodeInquiryList2
PUB-002B,2733,,,4093,(사)충남벤처협회,,https://apis.data.go.kr/B552474/OdsnCodeInquiryService2/getOdsnOrgCodeInquiryList2
PUB-002B,2734,,,4095,(주)지엠솔루션,,https://apis.data.go.kr/B552474/OdsnCodeInquiryService2/getOdsnOrgCodeInquiryList2
PUB-002B,2735,,,4096,스토리잡,,https://apis.data.go.kr/B552474/OdsnCodeInquiryService2/getOdsnOrgCodeInquiryList2
PUB-002B,2736,,,4097,중소기업기술혁신협회 광주전남지회,,https://apis.data.go.kr/B552474/OdsnCodeInquiryService2/getOdsnOrgCodeInquiryList2
PUB-002B,2737,,,41,양정재가노인복지센터,,https://apis.data.go.kr/B552474/OdsnCodeInquiryService2/getOdsnOrgCodeInquiryList2
PUB-002B,2738,,,410,청송군청 주민행복과,,https://apis.data.go.kr/B552474/OdsnCodeInquiryService2/getOdsnOrgCodeInquiryList2
PUB-002B,2739,,,4100,하광상공회의소,,https://apis.data.go.kr/B552474/OdsnCodeInquiryService2/getOdsnOrgCodeInquiryList2
PUB-002B,2740,,,410083,주식회사 퍼스트인코리아,,https://apis.data.go.kr/B552474/OdsnCodeInquiryService2/getOdsnOrgCodeInquiryList2
PUB-002B,2741,,,4105,제이비잡앤컨설팅,,https://apis.data.go.kr/B552474/OdsnCodeInquiryService2/getOdsnOrgCodeInquiryList2
PUB-002B,2742,,,4108,한국노인인력개발원,,https://apis.data.go.kr/B552474/OdsnCodeInquiryService2/getOdsnOrgCodeInquiryList2
PUB-002B,2743,,,41083,주식회사 홍익월드,,https://apis.data.go.kr/B552474/OdsnCodeInquiryService2/getOdsnOrgCodeInquiryList2
PUB-002B,2744,,,411,영양군청 주민복지과,,https://apis.data.go.kr/B552474/OdsnCodeInquiryService2/getOdsnOrgCodeInquiryList2
PUB-002B,2745,,,411083,빛글 협동조합,,https://apis.data.go.kr/B552474/OdsnCodeInquiryService2/getOdsnOrgCodeInquiryList2
PUB-002B,2746,,,411084,제이피넷 주식회사,,https://apis.data.go.kr/B552474/OdsnCodeInquiryService2/getOdsnOrgCodeInquiryList2
PUB-002B,2747,,,411086,(주)휴먼인프라,,https://apis.data.go.kr/B552474/OdsnCodeInquiryService2/getOdsnOrgCodeInquiryList2
PUB-002B,2748,,,4114,(주)티이에스취업아카데미,,https://apis.data.go.kr/B552474/OdsnCodeInquiryService2/getOdsnOrgCodeInquiryList2
PUB-002B,2749,,,4115,사단법인 고령사회고용진흥원일자리상담지원센터,,https://apis.data.go.kr/B552474/OdsnCodeInquiryService2/getOdsnOrgCodeInquiryList2
PUB-002B,2750,,,4116,사단법인 대한노인회 고양통합취업지원센터,,https://apis.data.go.kr/B552474/OdsnCodeInquiryService2/getOdsnOrgCodeInquiryList2
PUB-002B,2751,,,4117,파주상공회의소,,https://apis.data.go.kr/B552474/OdsnCodeInquiryService2/getOdsnOrgCodeInquiryList2
PUB-002B,2752,,,4119,(사)충북경영자총협회,,https://apis.data.go.kr/B552474/OdsnCodeInquiryService2/getOdsnOrgCodeInquiryList2
PUB-002B,2753,,,412,영덕군청,,https://apis.data.go.kr/B552474/OdsnCodeInquiryService2/getOdsnOrgCodeInquiryList2
PUB-002B,2754,,,4120,(사)대전충남경영자총협회,,https://apis.data.go.kr/B552474/OdsnCodeInquiryService2/getOdsnOrgCodeInquiryList2
PUB-002B,2755,,,412083,(주)아이앤제이커리어컨설팅센터,,https://apis.data.go.kr/B552474/OdsnCodeInquiryService2/getOdsnOrgCodeInquiryList2
PUB-002B,2756,,,4122,(사)대한노인회 충청남도연합회,,https://apis.data.go.kr/B552474/OdsnCodeInquiryService2/getOdsnOrgCodeInquiryList2
PUB-002B,2757,,,4124,서울강원지역본부,,https://apis.data.go.kr/B552474/OdsnCodeInquiryService2/getOdsnOrgCodeInquiryList2
PUB-002B,2758,,,4126,주식회사 국제,,https://apis.data.go.kr/B552474/OdsnCodeInquiryService2/getOdsnOrgCodeInquiryList2
PUB-002B,2759,,,4127,더조은취업지원센터,,https://apis.data.go.kr/B552474/OdsnCodeInquiryService2/getOdsnOrgCodeInquiryList2
PUB-002B,2760,,,413,청도군청 사회보장과,,https://apis.data.go.kr/B552474/OdsnCodeInquiryService2/getOdsnOrgCodeInquiryList2
PUB-002B,2761,,,413083,주식회사 명은커리어,,https://apis.data.go.kr/B552474/OdsnCodeInquiryService2/getOdsnOrgCodeInquiryList2
PUB-002B,2762,,,413085,연합농원파이프(주),,https://apis.data.go.kr/B552474/OdsnCodeInquiryService2/getOdsnOrgCodeInquiryList2
PUB-002B,2763,,,413086,스탭스 주식회사 구미센터,,https://apis.data.go.kr/B552474/OdsnCodeInquiryService2/getOdsnOrgCodeInquiryList2
PUB-002B,2764,,,4131,(사)고령사회고용진흥원,,https://apis.data.go.kr/B552474/OdsnCodeInquiryService2/getOdsnOrgCodeInquiryList2
PUB-002B,2765,,,4132,주식회사 아이피시,,https://apis.data.go.kr/B552474/OdsnCodeInquiryService2/getOdsnOrgCodeInquiryList2
PUB-002B,2766,,,4133,은곡직업전문학교,,https://apis.data.go.kr/B552474/OdsnCodeInquiryService2/getOdsnOrgCodeInquiryList2
PUB-002B,2767,,,4134,(주)메이크인,,https://apis.data.go.kr/B552474/OdsnCodeInquiryService2/getOdsnOrgCodeInquiryList2
PUB-002B,2768,,,414,고령군청 주민복지과,,https://apis.data.go.kr/B552474/OdsnCodeInquiryService2/getOdsnOrgCodeInquiryList2
PUB-002B,2769,,,4140,(주)고을,,https://apis.data.go.kr/B552474/OdsnCodeInquiryService2/getOdsnOrgCodeInquiryList2
PUB-002B,2770,,,414084,(주)별식품,,https://apis.data.go.kr/B552474/OdsnCodeInquiryService2/getOdsnOrgCodeInquiryList2
PUB-002B,2771,,,414085,로쏘(주)성심당,,https://apis.data.go.kr/B552474/OdsnCodeInquiryService2/getOdsnOrgCodeInquiryList2
PUB-002B,2772,,,4142,(사)대한노인회수영구지회 부산남부취업센터,,https://apis.data.go.kr/B552474/OdsnCodeInquiryService2/getOdsnOrgCodeInquiryList2
PUB-002B,2773,,,4146,(사)한국은빛희망협회,,https://apis.data.go.kr/B552474/OdsnCodeInquiryService2/getOdsnOrgCodeInquiryList2
PUB-002B,2774,,,4147,(재)대전경제통상진흥원,,https://apis.data.go.kr/B552474/OdsnCodeInquiryService2/getOdsnOrgCodeInquiryList2
PUB-002B,2775,,,415,성주군청 가족지원과,,https://apis.data.go.kr/B552474/OdsnCodeInquiryService2/getOdsnOrgCodeInquiryList2
PUB-002B,2776,,,415083,(사)중소기업융합 광주전남연합회,,https://apis.data.go.kr/B552474/OdsnCodeInquiryService2/getOdsnOrgCodeInquiryList2
PUB-002B,2777,,,415084,스탭스주식회사 부산센터,,https://apis.data.go.kr/B552474/OdsnCodeInquiryService2/getOdsnOrgCodeInquiryList2
PUB-002B,2778,,,4152,(사)대한노인회강원도연합회,,https://apis.data.go.kr/B552474/OdsnCodeInquiryService2/getOdsnOrgCodeInquiryList2
PUB-002B,2779,,,4154,충북 연합회,,https://apis.data.go.kr/B552474/OdsnCodeInquiryService2/getOdsnOrgCodeInquiryList2
PUB-002B,2780,,,416,칠곡군청 주민복지과,,https://apis.data.go.kr/B552474/OdsnCodeInquiryService2/getOdsnOrgCodeInquiryList2
PUB-002B,2781,,,4160,대한노인회울산광역시연합회,,https://apis.data.go.kr/B552474/OdsnCodeInquiryService2/getOdsnOrgCodeInquiryList2
PUB-002B,2782,,,416083,(주)캘리포니아베이커리카페,,https://apis.data.go.kr/B552474/OdsnCodeInquiryService2/getOdsnOrgCodeInquiryList2
PUB-002B,2783,,,416084,메이크인 대전지사(민간),,https://apis.data.go.kr/B552474/OdsnCodeInquiryService2/getOdsnOrgCodeInquiryList2
PUB-002B,2784,,,416085,(사)경남경영자총협회,,https://apis.data.go.kr/B552474/OdsnCodeInquiryService2/getOdsnOrgCodeInquiryList2
PUB-002B,2785,,,416087,갓바위식품(주),,https://apis.data.go.kr/B552474/OdsnCodeInquiryService2/getOdsnOrgCodeInquiryList2
PUB-002B,2786,,,4169,나주시니어클럽,,https://apis.data.go.kr/B552474/OdsnCodeInquiryService2/getOdsnOrgCodeInquiryList2
PUB-002B,2787,,,417,예천군청,,https://apis.data.go.kr/B552474/OdsnCodeInquiryService2/getOdsnOrgCodeInquiryList2
PUB-002B,2788,,,417083,베비타주식회사,,https://apis.data.go.kr/B552474/OdsnCodeInquiryService2/getOdsnOrgCodeInquiryList2
PUB-002B,2789,,,417084,주식회사대천수산몰,,https://apis.data.go.kr/B552474/OdsnCodeInquiryService2/getOdsnOrgCodeInquiryList2
PUB-002B,2790,,,4172,스탭스(주)인천센터,,https://apis.data.go.kr/B552474/OdsnCodeInquiryService2/getOdsnOrgCodeInquiryList2
PUB-002B,2791,,,418,봉화군청 주민복지실,,https://apis.data.go.kr/B552474/OdsnCodeInquiryService2/getOdsnOrgCodeInquiryList2
PUB-002B,2792,,,418083,사회적협동조합 고마음,,https://apis.data.go.kr/B552474/OdsnCodeInquiryService2/getOdsnOrgCodeInquiryList2
PUB-002B,2793,,,418084,대전시니어커피협동조합,,https://apis.data.go.kr/B552474/OdsnCodeInquiryService2/getOdsnOrgCodeInquiryList2
PUB-002B,2794,,,4185,(사)대한노인회영양군지회,,https://apis.data.go.kr/B552474/OdsnCodeInquiryService2/getOdsnOrgCodeInquiryList2
PUB-002B,2795,,,4186,(사)한국취업컨설턴트협회,,https://apis.data.go.kr/B552474/OdsnCodeInquiryService2/getOdsnOrgCodeInquiryList2
PUB-002B,2796,,,4189,(사)대구경북고용복지연구원,,https://apis.data.go.kr/B552474/OdsnCodeInquiryService2/getOdsnOrgCodeInquiryList2
PUB-002B,2797,,,419,울진군청 사회복지과,,https://apis.data.go.kr/B552474/OdsnCodeInquiryService2/getOdsnOrgCodeInquiryList2
PUB-002B,2798,,,419083,주식회사 이킴,,https://apis.data.go.kr/B552474/OdsnCodeInquiryService2/getOdsnOrgCodeInquiryList2
PUB-002B,2799,,,419084,정일품협동조합,,https://apis.data.go.kr/B552474/OdsnCodeInquiryService2/getOdsnOrgCodeInquiryList2
PUB-002B,2800,,,419085,울집수리협동조합,,https://apis.data.go.kr/B552474/OdsnCodeInquiryService2/getOdsnOrgCodeInquiryList2
PUB-002B,2801,,,419086,(주)제니엘 인천지점,,https://apis.data.go.kr/B552474/OdsnCodeInquiryService2/getOdsnOrgCodeInquiryList2
PUB-002B,2802,,,4191,강원_연합회,,https://apis.data.go.kr/B552474/OdsnCodeInquiryService2/getOdsnOrgCodeInquiryList2
PUB-002B,2803,,,4192,강원_춘천시지회,,https://apis.data.go.kr/B552474/OdsnCodeInquiryService2/getOdsnOrgCodeInquiryList2
PUB-002B,2804,,,4193,강원_양구군지회,,https://apis.data.go.kr/B552474/OdsnCodeInquiryService2/getOdsnOrgCodeInquiryList2
PUB-002B,2805,,,4194,대한노인회 강원 인제군지회,,https://apis.data.go.kr/B552474/OdsnCodeInquiryService2/getOdsnOrgCodeInquiryList2
PUB-002B,2806,,,4195,강원_양양군지회,,https://apis.data.go.kr/B552474/OdsnCodeInquiryService2/getOdsnOrgCodeInquiryList2
PUB-002B,2807,,,4196,강원_고성군지회,,https://apis.data.go.kr/B552474/OdsnCodeInquiryService2/getOdsnOrgCodeInquiryList2
PUB-002B,2808,,,4197,강원_정선군지회,,https://apis.data.go.kr/B552474/OdsnCodeInquiryService2/getOdsnOrgCodeInquiryList2
PUB-002B,2809,,,4198,강원_홍천군지회,,https://apis.data.go.kr/B552474/OdsnCodeInquiryService2/getOdsnOrgCodeInquiryList2
PUB-002B,2810,,,4199,강원_영월군지회,,https://apis.data.go.kr/B552474/OdsnCodeInquiryService2/getOdsnOrgCodeInquiryList2
PUB-002B,2811,,,42,어진샘노인종합복지관,,https://apis.data.go.kr/B552474/OdsnCodeInquiryService2/getOdsnOrgCodeInquiryList2
PUB-002B,2812,,,420,울릉군청 주민복지과,,https://apis.data.go.kr/B552474/OdsnCodeInquiryService2/getOdsnOrgCodeInquiryList2
PUB-002B,2813,,,4200,강원_평창군지회,,https://apis.data.go.kr/B552474/OdsnCodeInquiryService2/getOdsnOrgCodeInquiryList2
PUB-002B,2814,,,420083,세종상공회의소(민간),,https://apis.data.go.kr/B552474/OdsnCodeInquiryService2/getOdsnOrgCodeInquiryList2
PUB-002B,2815,,,420084,(주)아이잡강원,,https://apis.data.go.kr/B552474/OdsnCodeInquiryService2/getOdsnOrgCodeInquiryList2
PUB-002B,2816,,,420085,주식회사 엔투엑스,,https://apis.data.go.kr/B552474/OdsnCodeInquiryService2/getOdsnOrgCodeInquiryList2
PUB-002B,2817,,,420087,주식회사 디비에프,,https://apis.data.go.kr/B552474/OdsnCodeInquiryService2/getOdsnOrgCodeInquiryList2
PUB-002B,2818,,,420088,(유)목양,,https://apis.data.go.kr/B552474/OdsnCodeInquiryService2/getOdsnOrgCodeInquiryList2
PUB-002B,2819,,,4201,강원_철원군지회,,https://apis.data.go.kr/B552474/OdsnCodeInquiryService2/getOdsnOrgCodeInquiryList2
PUB-002B,2820,,,4202,강원_삼척시지회,,https://apis.data.go.kr/B552474/OdsnCodeInquiryService2/getOdsnOrgCodeInquiryList2
PUB-002B,2821,,,4203,강원_강릉시지회,,https://apis.data.go.kr/B552474/OdsnCodeInquiryService2/getOdsnOrgCodeInquiryList2
PUB-002B,2822,,,4204,강원_횡성군지회,,https://apis.data.go.kr/B552474/OdsnCodeInquiryService2/getOdsnOrgCodeInquiryList2
PUB-002B,2823,,,4205,강원_원주시지회,,https://apis.data.go.kr/B552474/OdsnCodeInquiryService2/getOdsnOrgCodeInquiryList2
PUB-002B,2824,,,4206,강원_태백시지회,,https://apis.data.go.kr/B552474/OdsnCodeInquiryService2/getOdsnOrgCodeInquiryList2
PUB-002B,2825,,,4207,(사)대한노인회 속초시지회,,https://apis.data.go.kr/B552474/OdsnCodeInquiryService2/getOdsnOrgCodeInquiryList2
PUB-002B,2826,,,4208,강원_화천군지회,,https://apis.data.go.kr/B552474/OdsnCodeInquiryService2/getOdsnOrgCodeInquiryList2
PUB-002B,2827,,,42083,순흥면사무소,,https://apis.data.go.kr/B552474/OdsnCodeInquiryService2/getOdsnOrgCodeInquiryList2
PUB-002B,2828,,,4209,(사)중소기업기술혁신협회 전북지회,,https://apis.data.go.kr/B552474/OdsnCodeInquiryService2/getOdsnOrgCodeInquiryList2
PUB-002B,2829,,,421083,주식회사해저김,,https://apis.data.go.kr/B552474/OdsnCodeInquiryService2/getOdsnOrgCodeInquiryList2
PUB-002B,2830,,,421084,퍼스트인잡(주) 김해지점,,https://apis.data.go.kr/B552474/OdsnCodeInquiryService2/getOdsnOrgCodeInquiryList2
PUB-002B,2831,,,421085,(사)주거복지연대 고양시지부,,https://apis.data.go.kr/B552474/OdsnCodeInquiryService2/getOdsnOrgCodeInquiryList2
PUB-002B,2832,,,421086,(사)한국여성벤처협회 대구경북지회,,https://apis.data.go.kr/B552474/OdsnCodeInquiryService2/getOdsnOrgCodeInquiryList2
PUB-002B,2833,,,421087,사회단체한국교육복지문화진흥재단,,https://apis.data.go.kr/B552474/OdsnCodeInquiryService2/getOdsnOrgCodeInquiryList2
PUB-002B,2834,,,421088,주식회사 시니어리테일,,https://apis.data.go.kr/B552474/OdsnCodeInquiryService2/getOdsnOrgCodeInquiryList2
PUB-002B,2835,,,421089,(주)위더스,,https://apis.data.go.kr/B552474/OdsnCodeInquiryService2/getOdsnOrgCodeInquiryList2
PUB-002B,2836,,,4211,제3생애지원협동조합,,https://apis.data.go.kr/B552474/OdsnCodeInquiryService2/getOdsnOrgCodeInquiryList2
PUB-002B,2837,,,4213,부산희망리본 사회적협동조합,,https://apis.data.go.kr/B552474/OdsnCodeInquiryService2/getOdsnOrgCodeInquiryList2
PUB-002B,2838,,,4214,(사)중소기업기술혁신협회부산울산지회,,https://apis.data.go.kr/B552474/OdsnCodeInquiryService2/getOdsnOrgCodeInquiryList2
PUB-002B,2839,,,4215,배재대학교 산학협력단,,https://apis.data.go.kr/B552474/OdsnCodeInquiryService2/getOdsnOrgCodeInquiryList2
PUB-002B,2840,,,4216,다울사회적협동조합,,https://apis.data.go.kr/B552474/OdsnCodeInquiryService2/getOdsnOrgCodeInquiryList2
PUB-002B,2841,,,4218,영동새로일하기지원센터,,https://apis.data.go.kr/B552474/OdsnCodeInquiryService2/getOdsnOrgCodeInquiryList2
PUB-002B,2842,,,4219,진천상공회의소(민간),,https://apis.data.go.kr/B552474/OdsnCodeInquiryService2/getOdsnOrgCodeInquiryList2
PUB-002B,2843,,,422,창원시청 노인장애인과,,https://apis.data.go.kr/B552474/OdsnCodeInquiryService2/getOdsnOrgCodeInquiryList2
PUB-002B,2844,,,4220,(재)충청북도기업진흥원(민간),,https://apis.data.go.kr/B552474/OdsnCodeInquiryService2/getOdsnOrgCodeInquiryList2
PUB-002B,2845,,,422083,인크루트알바콜주식회사,,https://apis.data.go.kr/B552474/OdsnCodeInquiryService2/getOdsnOrgCodeInquiryList2
PUB-002B,2846,,,4221,희망이음터,,https://apis.data.go.kr/B552474/OdsnCodeInquiryService2/getOdsnOrgCodeInquiryList2
PUB-002B,2847,,,4222,논산여성인력개발센터,,https://apis.data.go.kr/B552474/OdsnCodeInquiryService2/getOdsnOrgCodeInquiryList2
PUB-002B,2848,,,4224,스탭스(주)대전센터,,https://apis.data.go.kr/B552474/OdsnCodeInquiryService2/getOdsnOrgCodeInquiryList2
PUB-002B,2849,,,4225,대전세종충남여성벤처협회,,https://apis.data.go.kr/B552474/OdsnCodeInquiryService2/getOdsnOrgCodeInquiryList2
PUB-002B,2850,,,4227,스탭스 주식회사,,https://apis.data.go.kr/B552474/OdsnCodeInquiryService2/getOdsnOrgCodeInquiryList2
PUB-002B,2851,,,4228,충남북부상공회의소,,https://apis.data.go.kr/B552474/OdsnCodeInquiryService2/getOdsnOrgCodeInquiryList2
PUB-002B,2852,,,4230,김천상공회의소,,https://apis.data.go.kr/B552474/OdsnCodeInquiryService2/getOdsnOrgCodeInquiryList2
PUB-002B,2853,,,4234,한국노인인력개발원 부산울산지역본부,,https://apis.data.go.kr/B552474/OdsnCodeInquiryService2/getOdsnOrgCodeInquiryList2
PUB-002B,2854,,,4235,한국노인인력개발원 대구경북지역본부,,https://apis.data.go.kr/B552474/OdsnCodeInquiryService2/getOdsnOrgCodeInquiryList2
PUB-002B,2855,,,4236,한국노인인력개발원 인천지역본부,,https://apis.data.go.kr/B552474/OdsnCodeInquiryService2/getOdsnOrgCodeInquiryList2
PUB-002B,2856,,,4237,한국노인인력개발원 광주전남지역본부,,https://apis.data.go.kr/B552474/OdsnCodeInquiryService2/getOdsnOrgCodeInquiryList2
PUB-002B,2857,,,4238,한국노인인력개발원 대전충남지역본부,,https://apis.data.go.kr/B552474/OdsnCodeInquiryService2/getOdsnOrgCodeInquiryList2
PUB-002B,2858,,,424,진주시청,,https://apis.data.go.kr/B552474/OdsnCodeInquiryService2/getOdsnOrgCodeInquiryList2
PUB-002B,2859,,,424083,(사)여성중앙회 종로여성인력개발센터,,https://apis.data.go.kr/B552474/OdsnCodeInquiryService2/getOdsnOrgCodeInquiryList2
PUB-002B,2860,,,4241,삼일사회복지재단,,https://apis.data.go.kr/B552474/OdsnCodeInquiryService2/getOdsnOrgCodeInquiryList2
PUB-002B,2861,,,4242,실버종합물류,,https://apis.data.go.kr/B552474/OdsnCodeInquiryService2/getOdsnOrgCodeInquiryList2
PUB-002B,2862,,,4243,천안시시니어클럽(x),,https://apis.data.go.kr/B552474/OdsnCodeInquiryService2/getOdsnOrgCodeInquiryList2
PUB-002B,2863,,,4244,(주)휴비즈코리아(민간),,https://apis.data.go.kr/B552474/OdsnCodeInquiryService2/getOdsnOrgCodeInquiryList2
PUB-002B,2864,,,4245,사단법인 한국문화산업협회(민간),,https://apis.data.go.kr/B552474/OdsnCodeInquiryService2/getOdsnOrgCodeInquiryList2
PUB-002B,2865,,,4246,퇴직공무원협동조합,,https://apis.data.go.kr/B552474/OdsnCodeInquiryService2/getOdsnOrgCodeInquiryList2
PUB-002B,2866,,,4247,(주)지에스씨넷 구미지점,,https://apis.data.go.kr/B552474/OdsnCodeInquiryService2/getOdsnOrgCodeInquiryList2
PUB-002B,2867,,,4248,(사)경북경영자총협회,,https://apis.data.go.kr/B552474/OdsnCodeInquiryService2/getOdsnOrgCodeInquiryList2
PUB-002B,2868,,,4250,대구테크노파크계명대학교센터,,https://apis.data.go.kr/B552474/OdsnCodeInquiryService2/getOdsnOrgCodeInquiryList2
PUB-002B,2869,,,425083,노무법인 창평 경기북부지사,,https://apis.data.go.kr/B552474/OdsnCodeInquiryService2/getOdsnOrgCodeInquiryList2
PUB-002B,2870,,,4251,(주)대성요리직업전문학교,,https://apis.data.go.kr/B552474/OdsnCodeInquiryService2/getOdsnOrgCodeInquiryList2
PUB-002B,2871,,,4252,(사)대한노인회 문경시지회,,https://apis.data.go.kr/B552474/OdsnCodeInquiryService2/getOdsnOrgCodeInquiryList2
PUB-002B,2872,,,4253,칠곡여성인력개발센터,,https://apis.data.go.kr/B552474/OdsnCodeInquiryService2/getOdsnOrgCodeInquiryList2
PUB-002B,2873,,,4254,굿네이버스경북남부지부,,https://apis.data.go.kr/B552474/OdsnCodeInquiryService2/getOdsnOrgCodeInquiryList2
PUB-002B,2874,,,4255,대경인턴십 통합ID,,https://apis.data.go.kr/B552474/OdsnCodeInquiryService2/getOdsnOrgCodeInquiryList2
PUB-002B,2875,,,4256,대한노인회 합천군지회,,https://apis.data.go.kr/B552474/OdsnCodeInquiryService2/getOdsnOrgCodeInquiryList2
PUB-002B,2876,,,4257,대한노인회 강원 동해시지회,,https://apis.data.go.kr/B552474/OdsnCodeInquiryService2/getOdsnOrgCodeInquiryList2
PUB-002B,2877,,,426,통영시청 노인장애인과,,https://apis.data.go.kr/B552474/OdsnCodeInquiryService2/getOdsnOrgCodeInquiryList2
PUB-002B,2878,,,426083,인지어스 유한회사 창원지사,,https://apis.data.go.kr/B552474/OdsnCodeInquiryService2/getOdsnOrgCodeInquiryList2
PUB-002B,2879,,,427,사천시청 복지환경국 노인장애인과,,https://apis.data.go.kr/B552474/OdsnCodeInquiryService2/getOdsnOrgCodeInquiryList2
PUB-002B,2880,,,427083,사단법인 건강나눔,,https://apis.data.go.kr/B552474/OdsnCodeInquiryService2/getOdsnOrgCodeInquiryList2
PUB-002B,2881,,,428,김해시 복지국 통합돌봄과,,https://apis.data.go.kr/B552474/OdsnCodeInquiryService2/getOdsnOrgCodeInquiryList2
PUB-002B,2882,,,428083,(주)메이크인 강원지사,,https://apis.data.go.kr/B552474/OdsnCodeInquiryService2/getOdsnOrgCodeInquiryList2
PUB-002B,2883,,,429,밀양시청 노인장애인과,,https://apis.data.go.kr/B552474/OdsnCodeInquiryService2/getOdsnOrgCodeInquiryList2
PUB-002B,2884,,,429083,워크트랜드 주식회사,,https://apis.data.go.kr/B552474/OdsnCodeInquiryService2/getOdsnOrgCodeInquiryList2
PUB-002B,2885,,,430,거제시청 노인장애인과,,https://apis.data.go.kr/B552474/OdsnCodeInquiryService2/getOdsnOrgCodeInquiryList2
PUB-002B,2886,,,430083,(주)잡인피플컨설팅 양산지사,,https://apis.data.go.kr/B552474/OdsnCodeInquiryService2/getOdsnOrgCodeInquiryList2
PUB-002B,2887,,,430085,(주)잡모아,,https://apis.data.go.kr/B552474/OdsnCodeInquiryService2/getOdsnOrgCodeInquiryList2
PUB-002B,2888,,,430086,금천일자리주식회사,,https://apis.data.go.kr/B552474/OdsnCodeInquiryService2/getOdsnOrgCodeInquiryList2
PUB-002B,2889,,,43083,더불어실버팜,,https://apis.data.go.kr/B552474/OdsnCodeInquiryService2/getOdsnOrgCodeInquiryList2
PUB-002B,2890,,,431,양산시청,,https://apis.data.go.kr/B552474/OdsnCodeInquiryService2/getOdsnOrgCodeInquiryList2
PUB-002B,2891,,,431083,농업회사법인 주식회사 정한뿌리식품,,https://apis.data.go.kr/B552474/OdsnCodeInquiryService2/getOdsnOrgCodeInquiryList2
PUB-002B,2892,,,432,의령군청 주민생활지원과,,https://apis.data.go.kr/B552474/OdsnCodeInquiryService2/getOdsnOrgCodeInquiryList2
PUB-002B,2893,,,432083,사회적협동조합 행복한돌봄,,https://apis.data.go.kr/B552474/OdsnCodeInquiryService2/getOdsnOrgCodeInquiryList2
PUB-002B,2894,,,433,함안군청 주민복지과,,https://apis.data.go.kr/B552474/OdsnCodeInquiryService2/getOdsnOrgCodeInquiryList2
PUB-002B,2895,,,433083,사단법인 사랑의 희망은행,,https://apis.data.go.kr/B552474/OdsnCodeInquiryService2/getOdsnOrgCodeInquiryList2
PUB-002B,2896,,,434,창녕군청 노인여성아동과,,https://apis.data.go.kr/B552474/OdsnCodeInquiryService2/getOdsnOrgCodeInquiryList2
PUB-002B,2897,,,434083,주식회사 금빛크린,,https://apis.data.go.kr/B552474/OdsnCodeInquiryService2/getOdsnOrgCodeInquiryList2
PUB-002B,2898,,,435,고성군청 복지지원과,,https://apis.data.go.kr/B552474/OdsnCodeInquiryService2/getOdsnOrgCodeInquiryList2
PUB-002B,2899,,,435083,(주)추억을파는극장,,https://apis.data.go.kr/B552474/OdsnCodeInquiryService2/getOdsnOrgCodeInquiryList2
PUB-002B,2900,,,435084,주식회사 보통의삶,,https://apis.data.go.kr/B552474/OdsnCodeInquiryService2/getOdsnOrgCodeInquiryList2
PUB-002B,2901,,,436,남해군청 주민행복과,,https://apis.data.go.kr/B552474/OdsnCodeInquiryService2/getOdsnOrgCodeInquiryList2
PUB-002B,2902,,,436083,건강보험심사평가원시니어직능클럽,,https://apis.data.go.kr/B552474/OdsnCodeInquiryService2/getOdsnOrgCodeInquiryList2
PUB-002B,2903,,,437,하동군청 가족정책과,,https://apis.data.go.kr/B552474/OdsnCodeInquiryService2/getOdsnOrgCodeInquiryList2
PUB-002B,2904,,,437083,제주감귤농업협동조합,,https://apis.data.go.kr/B552474/OdsnCodeInquiryService2/getOdsnOrgCodeInquiryList2
PUB-002B,2905,,,438,산청군청,,https://apis.data.go.kr/B552474/OdsnCodeInquiryService2/getOdsnOrgCodeInquiryList2
PUB-002B,2906,,,438083,주식회사 신진,,https://apis.data.go.kr/B552474/OdsnCodeInquiryService2/getOdsnOrgCodeInquiryList2
PUB-002B,2907,,,439,함양군청 노인복지과,,https://apis.data.go.kr/B552474/OdsnCodeInquiryService2/getOdsnOrgCodeInquiryList2
PUB-002B,2908,,,439083,큰가람언어심리발달센터,,https://apis.data.go.kr/B552474/OdsnCodeInquiryService2/getOdsnOrgCodeInquiryList2
PUB-002B,2909,,,439084,사회적협동조합 별사탕학교,,https://apis.data.go.kr/B552474/OdsnCodeInquiryService2/getOdsnOrgCodeInquiryList2
PUB-002B,2910,,,439085,전북취업플러스,,https://apis.data.go.kr/B552474/OdsnCodeInquiryService2/getOdsnOrgCodeInquiryList2
PUB-002B,2911,,,44,동구노인종합복지관,,https://apis.data.go.kr/B552474/OdsnCodeInquiryService2/getOdsnOrgCodeInquiryList2
PUB-002B,2912,,,440,거창군청 행복나눔과,,https://apis.data.go.kr/B552474/OdsnCodeInquiryService2/getOdsnOrgCodeInquiryList2
PUB-002B,2913,,,440083,전북광역취업플러스,,https://apis.data.go.kr/B552474/OdsnCodeInquiryService2/getOdsnOrgCodeInquiryList2
PUB-002B,2914,,,441,합천군청 노인아동여성과,,https://apis.data.go.kr/B552474/OdsnCodeInquiryService2/getOdsnOrgCodeInquiryList2
PUB-002B,2915,,,441083,한국건축물유지관리협회,,https://apis.data.go.kr/B552474/OdsnCodeInquiryService2/getOdsnOrgCodeInquiryList2
PUB-002B,2916,,,442083,(사)한국건축물유지관리협회,,https://apis.data.go.kr/B552474/OdsnCodeInquiryService2/getOdsnOrgCodeInquiryList2
PUB-002B,2917,,,443,제주시청,,https://apis.data.go.kr/B552474/OdsnCodeInquiryService2/getOdsnOrgCodeInquiryList2
PUB-002B,2918,,,443083,부산일자리지원단 사회적협동조합(민간),,https://apis.data.go.kr/B552474/OdsnCodeInquiryService2/getOdsnOrgCodeInquiryList2
PUB-002B,2919,,,444,서귀포시청,,https://apis.data.go.kr/B552474/OdsnCodeInquiryService2/getOdsnOrgCodeInquiryList2
PUB-002B,2920,,,444083,피앤제이시스템,,https://apis.data.go.kr/B552474/OdsnCodeInquiryService2/getOdsnOrgCodeInquiryList2
PUB-002B,2921,,,446083,연준,,https://apis.data.go.kr/B552474/OdsnCodeInquiryService2/getOdsnOrgCodeInquiryList2
PUB-002B,2922,,,447,다대종합사회복지관,,https://apis.data.go.kr/B552474/OdsnCodeInquiryService2/getOdsnOrgCodeInquiryList2
PUB-002B,2923,,,447083,춘천미래동행재단,,https://apis.data.go.kr/B552474/OdsnCodeInquiryService2/getOdsnOrgCodeInquiryList2
PUB-002B,2924,,,448,서울특별시 어르신복지과,,https://apis.data.go.kr/B552474/OdsnCodeInquiryService2/getOdsnOrgCodeInquiryList2
PUB-002B,2925,,,448083,사단법인 서울광진의류협회,,https://apis.data.go.kr/B552474/OdsnCodeInquiryService2/getOdsnOrgCodeInquiryList2
PUB-002B,2926,,,449,부산광역시 노인복지과,,https://apis.data.go.kr/B552474/OdsnCodeInquiryService2/getOdsnOrgCodeInquiryList2
PUB-002B,2927,,,450,대구광역시 어르신복지과,,https://apis.data.go.kr/B552474/OdsnCodeInquiryService2/getOdsnOrgCodeInquiryList2
PUB-002B,2928,,,45083,대한불교천태종복지재단 부산지부,,https://apis.data.go.kr/B552474/OdsnCodeInquiryService2/getOdsnOrgCodeInquiryList2
PUB-002B,2929,,,451,인천광역시 노인정책과,,https://apis.data.go.kr/B552474/OdsnCodeInquiryService2/getOdsnOrgCodeInquiryList2
PUB-002B,2930,,,451083,농업회사법인 유한회사 비와이,,https://apis.data.go.kr/B552474/OdsnCodeInquiryService2/getOdsnOrgCodeInquiryList2
PUB-002B,2931,,,452,광주광역시 고령사회정책과,,https://apis.data.go.kr/B552474/OdsnCodeInquiryService2/getOdsnOrgCodeInquiryList2
PUB-002B,2932,,,452083,(주)서라벌베이커리,,https://apis.data.go.kr/B552474/OdsnCodeInquiryService2/getOdsnOrgCodeInquiryList2
PUB-002B,2933,,,452084,(주)참푸드팜,,https://apis.data.go.kr/B552474/OdsnCodeInquiryService2/getOdsnOrgCodeInquiryList2
PUB-002B,2934,,,452085,(주)보광아이엔티,,https://apis.data.go.kr/B552474/OdsnCodeInquiryService2/getOdsnOrgCodeInquiryList2
PUB-002B,2935,,,453,대전광역시 노인복지과,,https://apis.data.go.kr/B552474/OdsnCodeInquiryService2/getOdsnOrgCodeInquiryList2
PUB-002B,2936,,,453083,예스관광개발(주),,https://apis.data.go.kr/B552474/OdsnCodeInquiryService2/getOdsnOrgCodeInquiryList2
PUB-002B,2937,,,454,울산광역시청 보훈노인과,,https://apis.data.go.kr/B552474/OdsnCodeInquiryService2/getOdsnOrgCodeInquiryList2
PUB-002B,2938,,,454083,(주)오드,,https://apis.data.go.kr/B552474/OdsnCodeInquiryService2/getOdsnOrgCodeInquiryList2
PUB-002B,2939,,,454084,(주)셀푸드인터내셔널,,https://apis.data.go.kr/B552474/OdsnCodeInquiryService2/getOdsnOrgCodeInquiryList2
PUB-002B,2940,,,455,경기도 노인복지과,,https://apis.data.go.kr/B552474/OdsnCodeInquiryService2/getOdsnOrgCodeInquiryList2
PUB-002B,2941,,,455083,농업회사법인 (주)더기반,,https://apis.data.go.kr/B552474/OdsnCodeInquiryService2/getOdsnOrgCodeInquiryList2
PUB-002B,2942,,,456,강원특별자치도 복지보건국 노인복지과,,https://apis.data.go.kr/B552474/OdsnCodeInquiryService2/getOdsnOrgCodeInquiryList2
PUB-002B,2943,,,456083,농업회사업법인 남도지락(유),,https://apis.data.go.kr/B552474/OdsnCodeInquiryService2/getOdsnOrgCodeInquiryList2
PUB-002B,2944,,,456084,농업회사법인 (주)지엔티,,https://apis.data.go.kr/B552474/OdsnCodeInquiryService2/getOdsnOrgCodeInquiryList2
PUB-002B,2945,,,457,충청북도 노인복지과,,https://apis.data.go.kr/B552474/OdsnCodeInquiryService2/getOdsnOrgCodeInquiryList2
PUB-002B,2946,,,457083,농업회사법인 정스팜(주),,https://apis.data.go.kr/B552474/OdsnCodeInquiryService2/getOdsnOrgCodeInquiryList2
PUB-002B,2947,,,458,충청남도 노인정책과,,https://apis.data.go.kr/B552474/OdsnCodeInquiryService2/getOdsnOrgCodeInquiryList2
PUB-002B,2948,,,458083,(주)퍼스트와규앤앵거스,,https://apis.data.go.kr/B552474/OdsnCodeInquiryService2/getOdsnOrgCodeInquiryList2
PUB-002B,2949,,,459,전라북도 노인장애인과,,https://apis.data.go.kr/B552474/OdsnCodeInquiryService2/getOdsnOrgCodeInquiryList2
PUB-002B,2950,,,459083,(주)우수테크,,https://apis.data.go.kr/B552474/OdsnCodeInquiryService2/getOdsnOrgCodeInquiryList2
PUB-002B,2951,,,46,대구달서구노인종합복지관,,https://apis.data.go.kr/B552474/OdsnCodeInquiryService2/getOdsnOrgCodeInquiryList2
PUB-002B,2952,,,460,전남도청 노인복지과,,https://apis.data.go.kr/B552474/OdsnCodeInquiryService2/getOdsnOrgCodeInquiryList2
PUB-002B,2953,,,460083,영동시니어클럽(민간),,https://apis.data.go.kr/B552474/OdsnCodeInquiryService2/getOdsnOrgCodeInquiryList2
PUB-002B,2954,,,46084,대한노인회 경기 가평군지회,,https://apis.data.go.kr/B552474/OdsnCodeInquiryService2/getOdsnOrgCodeInquiryList2
PUB-002B,2955,,,461,경상북도 어르신복지과,,https://apis.data.go.kr/B552474/OdsnCodeInquiryService2/getOdsnOrgCodeInquiryList2
PUB-002B,2956,,,461083,(주)오월밥집,,https://apis.data.go.kr/B552474/OdsnCodeInquiryService2/getOdsnOrgCodeInquiryList2
PUB-002B,2957,,,461084,(주)위하여,,https://apis.data.go.kr/B552474/OdsnCodeInquiryService2/getOdsnOrgCodeInquiryList2
PUB-002B,2958,,,462,경남도청 노인정책과,,https://apis.data.go.kr/B552474/OdsnCodeInquiryService2/getOdsnOrgCodeInquiryList2
PUB-002B,2959,,,462083,(주)커피클레이,,https://apis.data.go.kr/B552474/OdsnCodeInquiryService2/getOdsnOrgCodeInquiryList2
PUB-002B,2960,,,463,제주특별자치도 노인복지과,,https://apis.data.go.kr/B552474/OdsnCodeInquiryService2/getOdsnOrgCodeInquiryList2
PUB-002B,2961,,,463083,(주)심컴퍼니코리아,,https://apis.data.go.kr/B552474/OdsnCodeInquiryService2/getOdsnOrgCodeInquiryList2
PUB-002B,2962,,,464,한국노인인력개발원,,https://apis.data.go.kr/B552474/OdsnCodeInquiryService2/getOdsnOrgCodeInquiryList2
PUB-002B,2963,,,464083,따뜻한손사회적협동조합,,https://apis.data.go.kr/B552474/OdsnCodeInquiryService2/getOdsnOrgCodeInquiryList2
PUB-002B,2964,,,465083,재단법인 강원도일자리재단,,https://apis.data.go.kr/B552474/OdsnCodeInquiryService2/getOdsnOrgCodeInquiryList2
PUB-002B,2965,,,466083,서울특별시 동부기술교육원,,https://apis.data.go.kr/B552474/OdsnCodeInquiryService2/getOdsnOrgCodeInquiryList2
PUB-002B,2966,,,467,보건복지부,,https://apis.data.go.kr/B552474/OdsnCodeInquiryService2/getOdsnOrgCodeInquiryList2
PUB-002B,2967,,,467083,강원연구원,,https://apis.data.go.kr/B552474/OdsnCodeInquiryService2/getOdsnOrgCodeInquiryList2
PUB-002B,2968,,,468083,영월군사회복지협의회,,https://apis.data.go.kr/B552474/OdsnCodeInquiryService2/getOdsnOrgCodeInquiryList2
PUB-002B,2969,,,469083,(주)좋은비전,,https://apis.data.go.kr/B552474/OdsnCodeInquiryService2/getOdsnOrgCodeInquiryList2
PUB-002B,2970,,,469084,충남대학교평생교육원,,https://apis.data.go.kr/B552474/OdsnCodeInquiryService2/getOdsnOrgCodeInquiryList2
PUB-002B,2971,,,47,남구노인복지관,,https://apis.data.go.kr/B552474/OdsnCodeInquiryService2/getOdsnOrgCodeInquiryList2
PUB-002B,2972,,,470,원주시노인종합복지관,,https://apis.data.go.kr/B552474/OdsnCodeInquiryService2/getOdsnOrgCodeInquiryList2
PUB-002B,2973,,,470083,한국노인인력개발원 강원지역본부,,https://apis.data.go.kr/B552474/OdsnCodeInquiryService2/getOdsnOrgCodeInquiryList2
PUB-002B,2974,,,471083,(주)코리아툴링,,https://apis.data.go.kr/B552474/OdsnCodeInquiryService2/getOdsnOrgCodeInquiryList2
PUB-002B,2975,,,472083,(사)한국경비협회,,https://apis.data.go.kr/B552474/OdsnCodeInquiryService2/getOdsnOrgCodeInquiryList2
PUB-002B,2976,,,473083,진안재가노인복지센터,,https://apis.data.go.kr/B552474/OdsnCodeInquiryService2/getOdsnOrgCodeInquiryList2
PUB-002B,2977,,,474083,(주)누리,,https://apis.data.go.kr/B552474/OdsnCodeInquiryService2/getOdsnOrgCodeInquiryList2
PUB-002B,2978,,,474084,구암1동행정복지센터,,https://apis.data.go.kr/B552474/OdsnCodeInquiryService2/getOdsnOrgCodeInquiryList2
PUB-002B,2979,,,476083,광명시니어클럽,,https://apis.data.go.kr/B552474/OdsnCodeInquiryService2/getOdsnOrgCodeInquiryList2
PUB-002B,2980,,,477,대한노인회 서울 강남구지회,,https://apis.data.go.kr/B552474/OdsnCodeInquiryService2/getOdsnOrgCodeInquiryList2
PUB-002B,2981,,,477083,경기일자리상생연합 주식회사,,https://apis.data.go.kr/B552474/OdsnCodeInquiryService2/getOdsnOrgCodeInquiryList2
PUB-002B,2982,,,478,대한노인회 부산 남구지회,,https://apis.data.go.kr/B552474/OdsnCodeInquiryService2/getOdsnOrgCodeInquiryList2
PUB-002B,2983,,,478083,주식회사 코끼리공장,,https://apis.data.go.kr/B552474/OdsnCodeInquiryService2/getOdsnOrgCodeInquiryList2
PUB-002B,2984,,,479,대한노인회 경북 성주군지회,,https://apis.data.go.kr/B552474/OdsnCodeInquiryService2/getOdsnOrgCodeInquiryList2
PUB-002B,2985,,,479083,대한민국경비협회인천지방협회,,https://apis.data.go.kr/B552474/OdsnCodeInquiryService2/getOdsnOrgCodeInquiryList2
PUB-002B,2986,,,48,광주동구노인종합복지관,,https://apis.data.go.kr/B552474/OdsnCodeInquiryService2/getOdsnOrgCodeInquiryList2
PUB-002B,2987,,,480,대한노인회 경북 청도군지회,,https://apis.data.go.kr/B552474/OdsnCodeInquiryService2/getOdsnOrgCodeInquiryList2
PUB-002B,2988,,,480083,양구시니어클럽,,https://apis.data.go.kr/B552474/OdsnCodeInquiryService2/getOdsnOrgCodeInquiryList2
PUB-002B,2989,,,48083,사회적협동조합내일로,,https://apis.data.go.kr/B552474/OdsnCodeInquiryService2/getOdsnOrgCodeInquiryList2
PUB-002B,2990,,,481,대한노인회 광주 광산구지회,,https://apis.data.go.kr/B552474/OdsnCodeInquiryService2/getOdsnOrgCodeInquiryList2
PUB-002B,2991,,,482,사회복지법인 영산,,https://apis.data.go.kr/B552474/OdsnCodeInquiryService2/getOdsnOrgCodeInquiryList2
PUB-002B,2992,,,482083,주식회사 푸른종합개발,,https://apis.data.go.kr/B552474/OdsnCodeInquiryService2/getOdsnOrgCodeInquiryList2
PUB-002B,2993,,,483,창포종합사회복지관,,https://apis.data.go.kr/B552474/OdsnCodeInquiryService2/getOdsnOrgCodeInquiryList2
PUB-002B,2994,,,483083,한국경호경비협회혐동조합,,https://apis.data.go.kr/B552474/OdsnCodeInquiryService2/getOdsnOrgCodeInquiryList2
PUB-002B,2995,,,484,서구노인복지관,,https://apis.data.go.kr/B552474/OdsnCodeInquiryService2/getOdsnOrgCodeInquiryList2
PUB-002B,2996,,,485,일산종합사회복지관,,https://apis.data.go.kr/B552474/OdsnCodeInquiryService2/getOdsnOrgCodeInquiryList2
PUB-002B,2997,,,485083,커리어라이즈,,https://apis.data.go.kr/B552474/OdsnCodeInquiryService2/getOdsnOrgCodeInquiryList2
PUB-002B,2998,,,486,강릉시니어클럽,,https://apis.data.go.kr/B552474/OdsnCodeInquiryService2/getOdsnOrgCodeInquiryList2
PUB-002B,2999,,,486083,하남시니어클럽,,https://apis.data.go.kr/B552474/OdsnCodeInquiryService2/getOdsnOrgCodeInquiryList2
PUB-002B,3000,,,488,대한노인회 충북 단양군지회,,https://apis.data.go.kr/B552474/OdsnCodeInquiryService2/getOdsnOrgCodeInquiryList2
PUB-002B,3001,,,488083,(사)한국건물위생관리협회,,https://apis.data.go.kr/B552474/OdsnCodeInquiryService2/getOdsnOrgCodeInquiryList2
PUB-002B,3002,,,488084,개미인력개발(주),,https://apis.data.go.kr/B552474/OdsnCodeInquiryService2/getOdsnOrgCodeInquiryList2
PUB-002B,3003,,,489083,부산광역시장노년일자리지원센터(민간),,https://apis.data.go.kr/B552474/OdsnCodeInquiryService2/getOdsnOrgCodeInquiryList2
PUB-002B,3004,,,489084,대구남구시니어클럽(민간),,https://apis.data.go.kr/B552474/OdsnCodeInquiryService2/getOdsnOrgCodeInquiryList2
PUB-002B,3005,,,489085,구미노인일자리창출지원센터(민간),,https://apis.data.go.kr/B552474/OdsnCodeInquiryService2/getOdsnOrgCodeInquiryList2
PUB-002B,3006,,,489086,안산시니어클럽(민간),,https://apis.data.go.kr/B552474/OdsnCodeInquiryService2/getOdsnOrgCodeInquiryList2
PUB-002B,3007,,,489087,미추홀노인인력개발센터(민간),,https://apis.data.go.kr/B552474/OdsnCodeInquiryService2/getOdsnOrgCodeInquiryList2
PUB-002B,3008,,,489088,송파시니어클럽(민간),,https://apis.data.go.kr/B552474/OdsnCodeInquiryService2/getOdsnOrgCodeInquiryList2
PUB-002B,3009,,,489089,관악시니어클럽(민간),,https://apis.data.go.kr/B552474/OdsnCodeInquiryService2/getOdsnOrgCodeInquiryList2
PUB-002B,3010,,,489090,(주)사람마중(민간),,https://apis.data.go.kr/B552474/OdsnCodeInquiryService2/getOdsnOrgCodeInquiryList2
PUB-002B,3011,,,489091,김해노인일자리창출지원센터(민간),,https://apis.data.go.kr/B552474/OdsnCodeInquiryService2/getOdsnOrgCodeInquiryList2
PUB-002B,3012,,,489092,마산노인일자리창출지원센터(민간),,https://apis.data.go.kr/B552474/OdsnCodeInquiryService2/getOdsnOrgCodeInquiryList2
PUB-002B,3013,,,489093,양산노인일자리창출지원센터(민간),,https://apis.data.go.kr/B552474/OdsnCodeInquiryService2/getOdsnOrgCodeInquiryList2
PUB-002B,3014,,,489094,진주노인일자리창출지원센터(민간),,https://apis.data.go.kr/B552474/OdsnCodeInquiryService2/getOdsnOrgCodeInquiryList2
PUB-002B,3015,,,489095,창원노인일자리창출지원센터(민간),,https://apis.data.go.kr/B552474/OdsnCodeInquiryService2/getOdsnOrgCodeInquiryList2
PUB-002B,3016,,,489096,전주시니어클럽(민간),,https://apis.data.go.kr/B552474/OdsnCodeInquiryService2/getOdsnOrgCodeInquiryList2
PUB-002B,3017,,,489097,김제시니어클럽(민간),,https://apis.data.go.kr/B552474/OdsnCodeInquiryService2/getOdsnOrgCodeInquiryList2
PUB-002B,3018,,,49,북구노인종합복지관,,https://apis.data.go.kr/B552474/OdsnCodeInquiryService2/getOdsnOrgCodeInquiryList2
PUB-002B,3019,,,490083,금산시니어클럽,,https://apis.data.go.kr/B552474/OdsnCodeInquiryService2/getOdsnOrgCodeInquiryList2
PUB-002B,3020,,,49083,주식회사 나물투데이,,https://apis.data.go.kr/B552474/OdsnCodeInquiryService2/getOdsnOrgCodeInquiryList2
PUB-002B,3021,,,491,대구광역시노인종합복지관,,https://apis.data.go.kr/B552474/OdsnCodeInquiryService2/getOdsnOrgCodeInquiryList2
PUB-002B,3022,,,491083,꿈의숲종합사회복지관,,https://apis.data.go.kr/B552474/OdsnCodeInquiryService2/getOdsnOrgCodeInquiryList2
PUB-002B,3023,,,492,대한노인회 경남 진주시지회,,https://apis.data.go.kr/B552474/OdsnCodeInquiryService2/getOdsnOrgCodeInquiryList2
PUB-002B,3024,,,492083,(주)메가젠임플란트,,https://apis.data.go.kr/B552474/OdsnCodeInquiryService2/getOdsnOrgCodeInquiryList2
PUB-002B,3025,,,493,진주재가노인통합지원센터,,https://apis.data.go.kr/B552474/OdsnCodeInquiryService2/getOdsnOrgCodeInquiryList2
PUB-002B,3026,,,493083,전주의료복지사회적협동조합,,https://apis.data.go.kr/B552474/OdsnCodeInquiryService2/getOdsnOrgCodeInquiryList2
PUB-002B,3027,,,494083,상주시노인종합복지관,,https://apis.data.go.kr/B552474/OdsnCodeInquiryService2/getOdsnOrgCodeInquiryList2
PUB-002B,3028,,,494084,오산시니어클럽,,https://apis.data.go.kr/B552474/OdsnCodeInquiryService2/getOdsnOrgCodeInquiryList2
PUB-002B,3029,,,495,대한노인회 경북 상주시지회,,https://apis.data.go.kr/B552474/OdsnCodeInquiryService2/getOdsnOrgCodeInquiryList2
PUB-002B,3030,,,495083,사)한국노인스포츠지도사협회,,https://apis.data.go.kr/B552474/OdsnCodeInquiryService2/getOdsnOrgCodeInquiryList2
PUB-002B,3031,,,496,대한노인회 서울 구로구지회,,https://apis.data.go.kr/B552474/OdsnCodeInquiryService2/getOdsnOrgCodeInquiryList2
PUB-002B,3032,,,496083,꿈나무어린이집,,https://apis.data.go.kr/B552474/OdsnCodeInquiryService2/getOdsnOrgCodeInquiryList2
PUB-002B,3033,,,497,제주시제주지회,,https://apis.data.go.kr/B552474/OdsnCodeInquiryService2/getOdsnOrgCodeInquiryList2
PUB-002B,3034,,,497083,천안시종합사회복지관,,https://apis.data.go.kr/B552474/OdsnCodeInquiryService2/getOdsnOrgCodeInquiryList2
PUB-002B,3035,,,498,(사)대한노인회 세종특별자치시지회,,https://apis.data.go.kr/B552474/OdsnCodeInquiryService2/getOdsnOrgCodeInquiryList2
PUB-002B,3036,,,498083,(사)한마음복지회,,https://apis.data.go.kr/B552474/OdsnCodeInquiryService2/getOdsnOrgCodeInquiryList2
PUB-002B,3037,,,499083,대산종합사회복지관,,https://apis.data.go.kr/B552474/OdsnCodeInquiryService2/getOdsnOrgCodeInquiryList2
PUB-002B,3038,,,5,광진노인종합복지관,,https://apis.data.go.kr/B552474/OdsnCodeInquiryService2/getOdsnOrgCodeInquiryList2
PUB-002B,3039,,,50,광주공원노인복지관,,https://apis.data.go.kr/B552474/OdsnCodeInquiryService2/getOdsnOrgCodeInquiryList2
PUB-002B,3040,,,500,대한노인회 충남 공주시지회,,https://apis.data.go.kr/B552474/OdsnCodeInquiryService2/getOdsnOrgCodeInquiryList2
PUB-002B,3041,,,500083,안양시부흥종합사회복지관,,https://apis.data.go.kr/B552474/OdsnCodeInquiryService2/getOdsnOrgCodeInquiryList2
PUB-002B,3042,,,50083,개발원노인테스트지회,,https://apis.data.go.kr/B552474/OdsnCodeInquiryService2/getOdsnOrgCodeInquiryList2
PUB-002B,3043,,,5009,(주)고을,,https://apis.data.go.kr/B552474/OdsnCodeInquiryService2/getOdsnOrgCodeInquiryList2
PUB-002B,3044,,,501,유경노인복지센터,,https://apis.data.go.kr/B552474/OdsnCodeInquiryService2/getOdsnOrgCodeInquiryList2
PUB-002B,3045,,,5010,(주)덕용잡스,,https://apis.data.go.kr/B552474/OdsnCodeInquiryService2/getOdsnOrgCodeInquiryList2
PUB-002B,3046,,,501083,은평어르신일자리센터,,https://apis.data.go.kr/B552474/OdsnCodeInquiryService2/getOdsnOrgCodeInquiryList2
PUB-002B,3047,,,5011,(주)딜리셔스플랜,,https://apis.data.go.kr/B552474/OdsnCodeInquiryService2/getOdsnOrgCodeInquiryList2
PUB-002B,3048,,,5013,(주)이웃애,,https://apis.data.go.kr/B552474/OdsnCodeInquiryService2/getOdsnOrgCodeInquiryList2
PUB-002B,3049,,,5014,(주)6088식품,,https://apis.data.go.kr/B552474/OdsnCodeInquiryService2/getOdsnOrgCodeInquiryList2
PUB-002B,3050,,,5015,(주)희망과복지,,https://apis.data.go.kr/B552474/OdsnCodeInquiryService2/getOdsnOrgCodeInquiryList2
PUB-002B,3051,,,5016,(주)마음터,,https://apis.data.go.kr/B552474/OdsnCodeInquiryService2/getOdsnOrgCodeInquiryList2
PUB-002B,3052,,,5017,(주)보듬이,,https://apis.data.go.kr/B552474/OdsnCodeInquiryService2/getOdsnOrgCodeInquiryList2
PUB-002B,3053,,,5018,(주)시니어맘,,https://apis.data.go.kr/B552474/OdsnCodeInquiryService2/getOdsnOrgCodeInquiryList2
PUB-002B,3054,,,5019,(주)보현,,https://apis.data.go.kr/B552474/OdsnCodeInquiryService2/getOdsnOrgCodeInquiryList2
PUB-002B,3055,,,502,대한노인회 전북 전주시지회,,https://apis.data.go.kr/B552474/OdsnCodeInquiryService2/getOdsnOrgCodeInquiryList2
PUB-002B,3056,,,5020,(주)올위드,,https://apis.data.go.kr/B552474/OdsnCodeInquiryService2/getOdsnOrgCodeInquiryList2
PUB-002B,3057,,,502083,부천의료복지사회적협동조합,,https://apis.data.go.kr/B552474/OdsnCodeInquiryService2/getOdsnOrgCodeInquiryList2
PUB-002B,3058,,,5021,(주)자인에프앤이,,https://apis.data.go.kr/B552474/OdsnCodeInquiryService2/getOdsnOrgCodeInquiryList2
PUB-002B,3059,,,5022,지수바이오푸드(주),,https://apis.data.go.kr/B552474/OdsnCodeInquiryService2/getOdsnOrgCodeInquiryList2
PUB-002B,3060,,,5023,(주)미추홀카페,,https://apis.data.go.kr/B552474/OdsnCodeInquiryService2/getOdsnOrgCodeInquiryList2
PUB-002B,3061,,,5024,미스터베이커리에스(주),,https://apis.data.go.kr/B552474/OdsnCodeInquiryService2/getOdsnOrgCodeInquiryList2
PUB-002B,3062,,,5025,(주)은영수산,,https://apis.data.go.kr/B552474/OdsnCodeInquiryService2/getOdsnOrgCodeInquiryList2
PUB-002B,3063,,,5026,(주)천년누리,,https://apis.data.go.kr/B552474/OdsnCodeInquiryService2/getOdsnOrgCodeInquiryList2
PUB-002B,3064,,,5027,(주)새참수레,,https://apis.data.go.kr/B552474/OdsnCodeInquiryService2/getOdsnOrgCodeInquiryList2
PUB-002B,3065,,,5028,(주)커피플러스,,https://apis.data.go.kr/B552474/OdsnCodeInquiryService2/getOdsnOrgCodeInquiryList2
PUB-002B,3066,,,5029,지평선에프앤에프(주),,https://apis.data.go.kr/B552474/OdsnCodeInquiryService2/getOdsnOrgCodeInquiryList2
PUB-002B,3067,,,503,신길종합사회복지관,,https://apis.data.go.kr/B552474/OdsnCodeInquiryService2/getOdsnOrgCodeInquiryList2
PUB-002B,3068,,,5030,(주)탑리서치코리아,,https://apis.data.go.kr/B552474/OdsnCodeInquiryService2/getOdsnOrgCodeInquiryList2
PUB-002B,3069,,,503083,서울시 서대문구 재가노인복지기관,,https://apis.data.go.kr/B552474/OdsnCodeInquiryService2/getOdsnOrgCodeInquiryList2
PUB-002B,3070,,,5032,(주)청초원피앤에프,,https://apis.data.go.kr/B552474/OdsnCodeInquiryService2/getOdsnOrgCodeInquiryList2
PUB-002B,3071,,,5033,(주)에이지상조,,https://apis.data.go.kr/B552474/OdsnCodeInquiryService2/getOdsnOrgCodeInquiryList2
PUB-002B,3072,,,5034,(주)희망충전,,https://apis.data.go.kr/B552474/OdsnCodeInquiryService2/getOdsnOrgCodeInquiryList2
PUB-002B,3073,,,504083,사단법인 길가온복지회,,https://apis.data.go.kr/B552474/OdsnCodeInquiryService2/getOdsnOrgCodeInquiryList2
PUB-002B,3074,,,504084,안양시부흥종합사회복지관,,https://apis.data.go.kr/B552474/OdsnCodeInquiryService2/getOdsnOrgCodeInquiryList2
PUB-002B,3075,,,5041,(주)행락,,https://apis.data.go.kr/B552474/OdsnCodeInquiryService2/getOdsnOrgCodeInquiryList2
PUB-002B,3076,,,5047,(주)새하얀크린세탁,,https://apis.data.go.kr/B552474/OdsnCodeInquiryService2/getOdsnOrgCodeInquiryList2
PUB-002B,3077,,,5048,(주)사진과사람,,https://apis.data.go.kr/B552474/OdsnCodeInquiryService2/getOdsnOrgCodeInquiryList2
PUB-002B,3078,,,5049,(주)자원과사람,,https://apis.data.go.kr/B552474/OdsnCodeInquiryService2/getOdsnOrgCodeInquiryList2
PUB-002B,3079,,,505,대한노인회 부산 수영구지회,,https://apis.data.go.kr/B552474/OdsnCodeInquiryService2/getOdsnOrgCodeInquiryList2
PUB-002B,3080,,,5050,(주)한덩이,,https://apis.data.go.kr/B552474/OdsnCodeInquiryService2/getOdsnOrgCodeInquiryList2
PUB-002B,3081,,,505083,영도구노인복지관 분관,,https://apis.data.go.kr/B552474/OdsnCodeInquiryService2/getOdsnOrgCodeInquiryList2
PUB-002B,3082,,,5051,(주)위산업,,https://apis.data.go.kr/B552474/OdsnCodeInquiryService2/getOdsnOrgCodeInquiryList2
PUB-002B,3083,,,5052,(주)추억더하기,,https://apis.data.go.kr/B552474/OdsnCodeInquiryService2/getOdsnOrgCodeInquiryList2
PUB-002B,3084,,,5053,(주)좋은사람들,,https://apis.data.go.kr/B552474/OdsnCodeInquiryService2/getOdsnOrgCodeInquiryList2
PUB-002B,3085,,,5054,(주)섬강,,https://apis.data.go.kr/B552474/OdsnCodeInquiryService2/getOdsnOrgCodeInquiryList2
PUB-002B,3086,,,5055,옥승농산 주식회사,,https://apis.data.go.kr/B552474/OdsnCodeInquiryService2/getOdsnOrgCodeInquiryList2
PUB-002B,3087,,,5056,(주)지엠코퍼레이션,,https://apis.data.go.kr/B552474/OdsnCodeInquiryService2/getOdsnOrgCodeInquiryList2
PUB-002B,3088,,,5057,(주)실버종합물류,,https://apis.data.go.kr/B552474/OdsnCodeInquiryService2/getOdsnOrgCodeInquiryList2
PUB-002B,3089,,,5058,실버네트웍스(주),,https://apis.data.go.kr/B552474/OdsnCodeInquiryService2/getOdsnOrgCodeInquiryList2
PUB-002B,3090,,,5059,(주)봄날비단,,https://apis.data.go.kr/B552474/OdsnCodeInquiryService2/getOdsnOrgCodeInquiryList2
PUB-002B,3091,,,5060,(주)청정콩나물,,https://apis.data.go.kr/B552474/OdsnCodeInquiryService2/getOdsnOrgCodeInquiryList2
PUB-002B,3092,,,5061,(주)다원공방,,https://apis.data.go.kr/B552474/OdsnCodeInquiryService2/getOdsnOrgCodeInquiryList2
PUB-002B,3093,,,5064,(주)행복일번지,,https://apis.data.go.kr/B552474/OdsnCodeInquiryService2/getOdsnOrgCodeInquiryList2
PUB-002B,3094,,,5065,(주)언약시니어,,https://apis.data.go.kr/B552474/OdsnCodeInquiryService2/getOdsnOrgCodeInquiryList2
PUB-002B,3095,,,5066,실버앤골드(주),,https://apis.data.go.kr/B552474/OdsnCodeInquiryService2/getOdsnOrgCodeInquiryList2
PUB-002B,3096,,,5068,(주)엠코리아,,https://apis.data.go.kr/B552474/OdsnCodeInquiryService2/getOdsnOrgCodeInquiryList2
PUB-002B,3097,,,5069,(주)가치무리,,https://apis.data.go.kr/B552474/OdsnCodeInquiryService2/getOdsnOrgCodeInquiryList2
PUB-002B,3098,,,507,대한노인회 경남 창원시 마산지회,,https://apis.data.go.kr/B552474/OdsnCodeInquiryService2/getOdsnOrgCodeInquiryList2
PUB-002B,3099,,,5070,보금자리산후조리원,,https://apis.data.go.kr/B552474/OdsnCodeInquiryService2/getOdsnOrgCodeInquiryList2
PUB-002B,3100,,,507084,유성구남부노인복지관,,https://apis.data.go.kr/B552474/OdsnCodeInquiryService2/getOdsnOrgCodeInquiryList2
PUB-002B,3101,,,5071,(주)장수마을,,https://apis.data.go.kr/B552474/OdsnCodeInquiryService2/getOdsnOrgCodeInquiryList2
PUB-002B,3102,,,5072,(주)토우엔터프라이즈,,https://apis.data.go.kr/B552474/OdsnCodeInquiryService2/getOdsnOrgCodeInquiryList2
PUB-002B,3103,,,5073,(주)핸디맨서비스,,https://apis.data.go.kr/B552474/OdsnCodeInquiryService2/getOdsnOrgCodeInquiryList2
PUB-002B,3104,,,5074,서울실버종합물류(주),,https://apis.data.go.kr/B552474/OdsnCodeInquiryService2/getOdsnOrgCodeInquiryList2
PUB-002B,3105,,,5076,(주)시니어허브,,https://apis.data.go.kr/B552474/OdsnCodeInquiryService2/getOdsnOrgCodeInquiryList2
PUB-002B,3106,,,5077,(주)모모,,https://apis.data.go.kr/B552474/OdsnCodeInquiryService2/getOdsnOrgCodeInquiryList2
PUB-002B,3107,,,5078,(주)청정드라이크리닝,,https://apis.data.go.kr/B552474/OdsnCodeInquiryService2/getOdsnOrgCodeInquiryList2
PUB-002B,3108,,,5079,(주)솔빛가구,,https://apis.data.go.kr/B552474/OdsnCodeInquiryService2/getOdsnOrgCodeInquiryList2
PUB-002B,3109,,,508,원광효도마을시니어클럽,,https://apis.data.go.kr/B552474/OdsnCodeInquiryService2/getOdsnOrgCodeInquiryList2
PUB-002B,3110,,,5080,(주)고수록식품,,https://apis.data.go.kr/B552474/OdsnCodeInquiryService2/getOdsnOrgCodeInquiryList2
PUB-002B,3111,,,508083,사단법인 새시대노인회 대전유성구지회,,https://apis.data.go.kr/B552474/OdsnCodeInquiryService2/getOdsnOrgCodeInquiryList2
PUB-002B,3112,,,5081,(주)천년미인,,https://apis.data.go.kr/B552474/OdsnCodeInquiryService2/getOdsnOrgCodeInquiryList2
PUB-002B,3113,,,5084,518시니어센터,,https://apis.data.go.kr/B552474/OdsnCodeInquiryService2/getOdsnOrgCodeInquiryList2
PUB-002B,3114,,,5085,(주)오바다푸드팩토리,,https://apis.data.go.kr/B552474/OdsnCodeInquiryService2/getOdsnOrgCodeInquiryList2
PUB-002B,3115,,,5086,(유)농업유한회사 고마음,,https://apis.data.go.kr/B552474/OdsnCodeInquiryService2/getOdsnOrgCodeInquiryList2
PUB-002B,3116,,,5087,(유)카멜레온 농업회사법인,,https://apis.data.go.kr/B552474/OdsnCodeInquiryService2/getOdsnOrgCodeInquiryList2
PUB-002B,3117,,,5088,(주)리아프,,https://apis.data.go.kr/B552474/OdsnCodeInquiryService2/getOdsnOrgCodeInquiryList2
PUB-002B,3118,,,5089,경남실버종합물류 주식회사,,https://apis.data.go.kr/B552474/OdsnCodeInquiryService2/getOdsnOrgCodeInquiryList2
PUB-002B,3119,,,509,원주시 사회복지협의회,,https://apis.data.go.kr/B552474/OdsnCodeInquiryService2/getOdsnOrgCodeInquiryList2
PUB-002B,3120,,,5090,에코실버,,https://apis.data.go.kr/B552474/OdsnCodeInquiryService2/getOdsnOrgCodeInquiryList2
PUB-002B,3121,,,509083,마한노인복지센터,,https://apis.data.go.kr/B552474/OdsnCodeInquiryService2/getOdsnOrgCodeInquiryList2
PUB-002B,3122,,,5091,(주)동그라미,,https://apis.data.go.kr/B552474/OdsnCodeInquiryService2/getOdsnOrgCodeInquiryList2
PUB-002B,3123,,,5093,(주)만나타운,,https://apis.data.go.kr/B552474/OdsnCodeInquiryService2/getOdsnOrgCodeInquiryList2
PUB-002B,3124,,,5094,(주)할머니손맛,,https://apis.data.go.kr/B552474/OdsnCodeInquiryService2/getOdsnOrgCodeInquiryList2
PUB-002B,3125,,,5095,대한민국동작 주식회사,,https://apis.data.go.kr/B552474/OdsnCodeInquiryService2/getOdsnOrgCodeInquiryList2
PUB-002B,3126,,,5096,(주)디렉션스,,https://apis.data.go.kr/B552474/OdsnCodeInquiryService2/getOdsnOrgCodeInquiryList2
PUB-002B,3127,,,5097,(주)드로우하트HnS,,https://apis.data.go.kr/B552474/OdsnCodeInquiryService2/getOdsnOrgCodeInquiryList2
PUB-002B,3128,,,5098,(주)옛솜씨힐링빌리지,,https://apis.data.go.kr/B552474/OdsnCodeInquiryService2/getOdsnOrgCodeInquiryList2
PUB-002B,3129,,,5099,(주)모세코리아,,https://apis.data.go.kr/B552474/OdsnCodeInquiryService2/getOdsnOrgCodeInquiryList2
PUB-002B,3130,,,5100,(주)태랑,,https://apis.data.go.kr/B552474/OdsnCodeInquiryService2/getOdsnOrgCodeInquiryList2
PUB-002B,3131,,,510083,도울실버타운,,https://apis.data.go.kr/B552474/OdsnCodeInquiryService2/getOdsnOrgCodeInquiryList2
PUB-002B,3132,,,510084,남해시니어클럽,,https://apis.data.go.kr/B552474/OdsnCodeInquiryService2/getOdsnOrgCodeInquiryList2
PUB-002B,3133,,,5101,(주)가이하우스,,https://apis.data.go.kr/B552474/OdsnCodeInquiryService2/getOdsnOrgCodeInquiryList2
PUB-002B,3134,,,5102,(주)보네베이커리,,https://apis.data.go.kr/B552474/OdsnCodeInquiryService2/getOdsnOrgCodeInquiryList2
PUB-002B,3135,,,5103,(주)GMF,,https://apis.data.go.kr/B552474/OdsnCodeInquiryService2/getOdsnOrgCodeInquiryList2
PUB-002B,3136,,,5104,(주)지윙스,,https://apis.data.go.kr/B552474/OdsnCodeInquiryService2/getOdsnOrgCodeInquiryList2
PUB-002B,3137,,,5105,(주)지아이엘,,https://apis.data.go.kr/B552474/OdsnCodeInquiryService2/getOdsnOrgCodeInquiryList2
PUB-002B,3138,,,5106,(주)삼정,,https://apis.data.go.kr/B552474/OdsnCodeInquiryService2/getOdsnOrgCodeInquiryList2
PUB-002B,3139,,,5107,(주)장수채팜스,,https://apis.data.go.kr/B552474/OdsnCodeInquiryService2/getOdsnOrgCodeInquiryList2
PUB-002B,3140,,,5108,(주)아가펫토탈서비스,,https://apis.data.go.kr/B552474/OdsnCodeInquiryService2/getOdsnOrgCodeInquiryList2
PUB-002B,3141,,,51083,송라면사무소,,https://apis.data.go.kr/B552474/OdsnCodeInquiryService2/getOdsnOrgCodeInquiryList2
PUB-002B,3142,,,5109,(주)고려패키지,,https://apis.data.go.kr/B552474/OdsnCodeInquiryService2/getOdsnOrgCodeInquiryList2
PUB-002B,3143,,,511,대한노인회 대구 서구지회,,https://apis.data.go.kr/B552474/OdsnCodeInquiryService2/getOdsnOrgCodeInquiryList2
PUB-002B,3144,,,5110,(주)매그너스푸드케어,,https://apis.data.go.kr/B552474/OdsnCodeInquiryService2/getOdsnOrgCodeInquiryList2
PUB-002B,3145,,,511083,익산시북부노인종합복지관,,https://apis.data.go.kr/B552474/OdsnCodeInquiryService2/getOdsnOrgCodeInquiryList2
PUB-002B,3146,,,5111,(주)새누에스씨,,https://apis.data.go.kr/B552474/OdsnCodeInquiryService2/getOdsnOrgCodeInquiryList2
PUB-002B,3147,,,5112,(유)여수꽃빵,,https://apis.data.go.kr/B552474/OdsnCodeInquiryService2/getOdsnOrgCodeInquiryList2
PUB-002B,3148,,,5113,(유)새참수레2호점,,https://apis.data.go.kr/B552474/OdsnCodeInquiryService2/getOdsnOrgCodeInquiryList2
PUB-002B,3149,,,5114,(주)햇살가득에프앤비,,https://apis.data.go.kr/B552474/OdsnCodeInquiryService2/getOdsnOrgCodeInquiryList2
PUB-002B,3150,,,5117,회계법인새시대,,https://apis.data.go.kr/B552474/OdsnCodeInquiryService2/getOdsnOrgCodeInquiryList2
PUB-002B,3151,,,5118,(주)파란나무새,,https://apis.data.go.kr/B552474/OdsnCodeInquiryService2/getOdsnOrgCodeInquiryList2
PUB-002B,3152,,,5119,(주)남원시니어클럽,,https://apis.data.go.kr/B552474/OdsnCodeInquiryService2/getOdsnOrgCodeInquiryList2
PUB-002B,3153,,,512,대한노인회 경기 수원시 장안구지회,,https://apis.data.go.kr/B552474/OdsnCodeInquiryService2/getOdsnOrgCodeInquiryList2
PUB-002B,3154,,,5120,(주)찬이랑밥이랑,,https://apis.data.go.kr/B552474/OdsnCodeInquiryService2/getOdsnOrgCodeInquiryList2
PUB-002B,3155,,,512083,관교노인복지관,,https://apis.data.go.kr/B552474/OdsnCodeInquiryService2/getOdsnOrgCodeInquiryList2
PUB-002B,3156,,,512084,제이사회적협동조합,,https://apis.data.go.kr/B552474/OdsnCodeInquiryService2/getOdsnOrgCodeInquiryList2
PUB-002B,3157,,,5121,(주)그린트리,,https://apis.data.go.kr/B552474/OdsnCodeInquiryService2/getOdsnOrgCodeInquiryList2
PUB-002B,3158,,,5122,(주)블리스,,https://apis.data.go.kr/B552474/OdsnCodeInquiryService2/getOdsnOrgCodeInquiryList2
PUB-002B,3159,,,5123,(주)인천친환경종합유통,,https://apis.data.go.kr/B552474/OdsnCodeInquiryService2/getOdsnOrgCodeInquiryList2
PUB-002B,3160,,,5124,(주)이스타,,https://apis.data.go.kr/B552474/OdsnCodeInquiryService2/getOdsnOrgCodeInquiryList2
PUB-002B,3161,,,5125,(주)양촌여울체험캠프,,https://apis.data.go.kr/B552474/OdsnCodeInquiryService2/getOdsnOrgCodeInquiryList2
PUB-002B,3162,,,5126,도란푸드,,https://apis.data.go.kr/B552474/OdsnCodeInquiryService2/getOdsnOrgCodeInquiryList2
PUB-002B,3163,,,5127,한민토탈물류,,https://apis.data.go.kr/B552474/OdsnCodeInquiryService2/getOdsnOrgCodeInquiryList2
PUB-002B,3164,,,5128,유원씨에스브이,,https://apis.data.go.kr/B552474/OdsnCodeInquiryService2/getOdsnOrgCodeInquiryList2
PUB-002B,3165,,,5129,터치미,,https://apis.data.go.kr/B552474/OdsnCodeInquiryService2/getOdsnOrgCodeInquiryList2
PUB-002B,3166,,,513,대한노인회 함안군지회,,https://apis.data.go.kr/B552474/OdsnCodeInquiryService2/getOdsnOrgCodeInquiryList2
PUB-002B,3167,,,5130,(주)에코알씨,,https://apis.data.go.kr/B552474/OdsnCodeInquiryService2/getOdsnOrgCodeInquiryList2
PUB-002B,3168,,,513083,제이사회적협동조합(X),,https://apis.data.go.kr/B552474/OdsnCodeInquiryService2/getOdsnOrgCodeInquiryList2
PUB-002B,3169,,,5131,(주)에코스토리,,https://apis.data.go.kr/B552474/OdsnCodeInquiryService2/getOdsnOrgCodeInquiryList2
PUB-002B,3170,,,514,대한노인회 광주연합회 취업지원센터,,https://apis.data.go.kr/B552474/OdsnCodeInquiryService2/getOdsnOrgCodeInquiryList2
PUB-002B,3171,,,514083,원광재가노인통합지원센터,,https://apis.data.go.kr/B552474/OdsnCodeInquiryService2/getOdsnOrgCodeInquiryList2
PUB-002B,3172,,,514084,사단법인 정강복지센터,,https://apis.data.go.kr/B552474/OdsnCodeInquiryService2/getOdsnOrgCodeInquiryList2
PUB-002B,3173,,,515,사회복지법인 수효사 효림원,,https://apis.data.go.kr/B552474/OdsnCodeInquiryService2/getOdsnOrgCodeInquiryList2
PUB-002B,3174,,,515083,대한노인회 광주시연합회,,https://apis.data.go.kr/B552474/OdsnCodeInquiryService2/getOdsnOrgCodeInquiryList2
PUB-002B,3175,,,516,대한노인회 부산 금정구지회,,https://apis.data.go.kr/B552474/OdsnCodeInquiryService2/getOdsnOrgCodeInquiryList2
PUB-002B,3176,,,516083,사단법인 군산시의정회,,https://apis.data.go.kr/B552474/OdsnCodeInquiryService2/getOdsnOrgCodeInquiryList2
PUB-002B,3177,,,517,용인시처인노인복지관,,https://apis.data.go.kr/B552474/OdsnCodeInquiryService2/getOdsnOrgCodeInquiryList2
PUB-002B,3178,,,517083,함안시니어클럽,,https://apis.data.go.kr/B552474/OdsnCodeInquiryService2/getOdsnOrgCodeInquiryList2
PUB-002B,3179,,,517084,의령시니어클럽,,https://apis.data.go.kr/B552474/OdsnCodeInquiryService2/getOdsnOrgCodeInquiryList2
PUB-002B,3180,,,518,충주시노인복지관,,https://apis.data.go.kr/B552474/OdsnCodeInquiryService2/getOdsnOrgCodeInquiryList2
PUB-002B,3181,,,518083,함안시니어클럽,,https://apis.data.go.kr/B552474/OdsnCodeInquiryService2/getOdsnOrgCodeInquiryList2
PUB-002B,3182,,,519,대한노인회 전남 곡성군지회,,https://apis.data.go.kr/B552474/OdsnCodeInquiryService2/getOdsnOrgCodeInquiryList2
PUB-002B,3183,,,519083,성심재가노인복지센터,,https://apis.data.go.kr/B552474/OdsnCodeInquiryService2/getOdsnOrgCodeInquiryList2
PUB-002B,3184,,,52,더불어락노인복지관,,https://apis.data.go.kr/B552474/OdsnCodeInquiryService2/getOdsnOrgCodeInquiryList2
PUB-002B,3185,,,520,김제사회복지관,,https://apis.data.go.kr/B552474/OdsnCodeInquiryService2/getOdsnOrgCodeInquiryList2
PUB-002B,3186,,,520083,가가호호사회적협동조합,,https://apis.data.go.kr/B552474/OdsnCodeInquiryService2/getOdsnOrgCodeInquiryList2
PUB-002B,3187,,,52083,영천동주민센터,,https://apis.data.go.kr/B552474/OdsnCodeInquiryService2/getOdsnOrgCodeInquiryList2
PUB-002B,3188,,,521,김제제일사회복지관,,https://apis.data.go.kr/B552474/OdsnCodeInquiryService2/getOdsnOrgCodeInquiryList2
PUB-002B,3189,,,521083,봉현면행정복지센터,,https://apis.data.go.kr/B552474/OdsnCodeInquiryService2/getOdsnOrgCodeInquiryList2
PUB-002B,3190,,,522083,진안시니어클럽(지자체),,https://apis.data.go.kr/B552474/OdsnCodeInquiryService2/getOdsnOrgCodeInquiryList2
PUB-002B,3191,,,522084,사단법인 한마음노인복지센터(지자체),,https://apis.data.go.kr/B552474/OdsnCodeInquiryService2/getOdsnOrgCodeInquiryList2
PUB-002B,3192,,,523,성암노인복지센터,,https://apis.data.go.kr/B552474/OdsnCodeInquiryService2/getOdsnOrgCodeInquiryList2
PUB-002B,3193,,,523083,화천읍사무소,,https://apis.data.go.kr/B552474/OdsnCodeInquiryService2/getOdsnOrgCodeInquiryList2
PUB-002B,3194,,,524,김제노인복지센터,,https://apis.data.go.kr/B552474/OdsnCodeInquiryService2/getOdsnOrgCodeInquiryList2
PUB-002B,3195,,,524083,성동돌봄센터,,https://apis.data.go.kr/B552474/OdsnCodeInquiryService2/getOdsnOrgCodeInquiryList2
PUB-002B,3196,,,525,대한노인회 전북 김제시지회,,https://apis.data.go.kr/B552474/OdsnCodeInquiryService2/getOdsnOrgCodeInquiryList2
PUB-002B,3197,,,526083,부산강서시니어클럽,,https://apis.data.go.kr/B552474/OdsnCodeInquiryService2/getOdsnOrgCodeInquiryList2
PUB-002B,3198,,,527,대한노인회 부산 강서구지회,,https://apis.data.go.kr/B552474/OdsnCodeInquiryService2/getOdsnOrgCodeInquiryList2
PUB-002B,3199,,,527083,대한노인회 부안군지회,,https://apis.data.go.kr/B552474/OdsnCodeInquiryService2/getOdsnOrgCodeInquiryList2
PUB-002B,3200,,,528,용인종합사회복지관,,https://apis.data.go.kr/B552474/OdsnCodeInquiryService2/getOdsnOrgCodeInquiryList2
PUB-002B,3201,,,528083,(주)브레인풀,,https://apis.data.go.kr/B552474/OdsnCodeInquiryService2/getOdsnOrgCodeInquiryList2
PUB-002B,3202,,,528086,대전상공회의소,,https://apis.data.go.kr/B552474/OdsnCodeInquiryService2/getOdsnOrgCodeInquiryList2
PUB-002B,3203,,,528087,평생일자리지원센터,,https://apis.data.go.kr/B552474/OdsnCodeInquiryService2/getOdsnOrgCodeInquiryList2
PUB-002B,3204,,,528088,주식회사 일로이룸,,https://apis.data.go.kr/B552474/OdsnCodeInquiryService2/getOdsnOrgCodeInquiryList2
PUB-002B,3205,,,529083,위드잡,,https://apis.data.go.kr/B552474/OdsnCodeInquiryService2/getOdsnOrgCodeInquiryList2
PUB-002B,3206,,,529084,(주)경북고용성장지원센터,,https://apis.data.go.kr/B552474/OdsnCodeInquiryService2/getOdsnOrgCodeInquiryList2
PUB-002B,3207,,,53,대덕구노인종합복지관,,https://apis.data.go.kr/B552474/OdsnCodeInquiryService2/getOdsnOrgCodeInquiryList2
PUB-002B,3208,,,530,길보른종합사회복지관,,https://apis.data.go.kr/B552474/OdsnCodeInquiryService2/getOdsnOrgCodeInquiryList2
PUB-002B,3209,,,530084,화성상공회의소,,https://apis.data.go.kr/B552474/OdsnCodeInquiryService2/getOdsnOrgCodeInquiryList2
PUB-002B,3210,,,53083,김제시 성덕면,,https://apis.data.go.kr/B552474/OdsnCodeInquiryService2/getOdsnOrgCodeInquiryList2
PUB-002B,3211,,,531083,이진잡센터,,https://apis.data.go.kr/B552474/OdsnCodeInquiryService2/getOdsnOrgCodeInquiryList2
PUB-002B,3212,,,532083,전국일자리협동조합,,https://apis.data.go.kr/B552474/OdsnCodeInquiryService2/getOdsnOrgCodeInquiryList2
PUB-002B,3213,,,532084,(주)잡모아 (광명지점),,https://apis.data.go.kr/B552474/OdsnCodeInquiryService2/getOdsnOrgCodeInquiryList2
PUB-002B,3214,,,533083,(주)미래고용정보,,https://apis.data.go.kr/B552474/OdsnCodeInquiryService2/getOdsnOrgCodeInquiryList2
PUB-002B,3215,,,534084,주식회사 에이케이지 창원지점,,https://apis.data.go.kr/B552474/OdsnCodeInquiryService2/getOdsnOrgCodeInquiryList2
PUB-002B,3216,,,534085,사단법인 한국고용복지센터(의정부동점),,https://apis.data.go.kr/B552474/OdsnCodeInquiryService2/getOdsnOrgCodeInquiryList2
PUB-002B,3217,,,534086,(주)맥시머스,,https://apis.data.go.kr/B552474/OdsnCodeInquiryService2/getOdsnOrgCodeInquiryList2
PUB-002B,3218,,,534087,인지어스 유한회사 인천북부지사,,https://apis.data.go.kr/B552474/OdsnCodeInquiryService2/getOdsnOrgCodeInquiryList2
PUB-002B,3219,,,534088,세종인력개발원(주)(민간),,https://apis.data.go.kr/B552474/OdsnCodeInquiryService2/getOdsnOrgCodeInquiryList2
PUB-002B,3220,,,534089,새롬워크개발원 경기본부,,https://apis.data.go.kr/B552474/OdsnCodeInquiryService2/getOdsnOrgCodeInquiryList2
PUB-002B,3221,,,535,대한노인회 서울 서대문구지회,,https://apis.data.go.kr/B552474/OdsnCodeInquiryService2/getOdsnOrgCodeInquiryList2
PUB-002B,3222,,,535083,사천상공회의소,,https://apis.data.go.kr/B552474/OdsnCodeInquiryService2/getOdsnOrgCodeInquiryList2
PUB-002B,3223,,,536,(사)대한노인회 포항시지회,,https://apis.data.go.kr/B552474/OdsnCodeInquiryService2/getOdsnOrgCodeInquiryList2
PUB-002B,3224,,,536083,동행주식회사,,https://apis.data.go.kr/B552474/OdsnCodeInquiryService2/getOdsnOrgCodeInquiryList2
PUB-002B,3225,,,537,포항종합사회복지관,,https://apis.data.go.kr/B552474/OdsnCodeInquiryService2/getOdsnOrgCodeInquiryList2
PUB-002B,3226,,,537083,(주)조인스잡,,https://apis.data.go.kr/B552474/OdsnCodeInquiryService2/getOdsnOrgCodeInquiryList2
PUB-002B,3227,,,538083,주식회사 비즈도와,,https://apis.data.go.kr/B552474/OdsnCodeInquiryService2/getOdsnOrgCodeInquiryList2
PUB-002B,3228,,,539,노동과복지를위한포항시민연대,,https://apis.data.go.kr/B552474/OdsnCodeInquiryService2/getOdsnOrgCodeInquiryList2
PUB-002B,3229,,,539083,(사)인천경영자총협회,,https://apis.data.go.kr/B552474/OdsnCodeInquiryService2/getOdsnOrgCodeInquiryList2
PUB-002B,3230,,,54,동구정다운어르신복지관,,https://apis.data.go.kr/B552474/OdsnCodeInquiryService2/getOdsnOrgCodeInquiryList2
PUB-002B,3231,,,540,포항시니어클럽,,https://apis.data.go.kr/B552474/OdsnCodeInquiryService2/getOdsnOrgCodeInquiryList2
PUB-002B,3232,,,540083,(주)위드인피플컨설팅,,https://apis.data.go.kr/B552474/OdsnCodeInquiryService2/getOdsnOrgCodeInquiryList2
PUB-002B,3233,,,54083,서천시니어클럽,,https://apis.data.go.kr/B552474/OdsnCodeInquiryService2/getOdsnOrgCodeInquiryList2
PUB-002B,3234,,,54084,대한노인회 충남 공주시지회,,https://apis.data.go.kr/B552474/OdsnCodeInquiryService2/getOdsnOrgCodeInquiryList2
PUB-002B,3235,,,54085,충남 연합회,,https://apis.data.go.kr/B552474/OdsnCodeInquiryService2/getOdsnOrgCodeInquiryList2
PUB-002B,3236,,,541096,음성시니어클럽(민간),,https://apis.data.go.kr/B552474/OdsnCodeInquiryService2/getOdsnOrgCodeInquiryList2
PUB-002B,3237,,,541097,대덕구시니어클럽(민간),,https://apis.data.go.kr/B552474/OdsnCodeInquiryService2/getOdsnOrgCodeInquiryList2
PUB-002B,3238,,,541098,태안시니어클럽,,https://apis.data.go.kr/B552474/OdsnCodeInquiryService2/getOdsnOrgCodeInquiryList2
PUB-002B,3239,,,541099,대동종합사회복지관(민간),,https://apis.data.go.kr/B552474/OdsnCodeInquiryService2/getOdsnOrgCodeInquiryList2
PUB-002B,3240,,,542,선인종합재가센터,,https://apis.data.go.kr/B552474/OdsnCodeInquiryService2/getOdsnOrgCodeInquiryList2
PUB-002B,3241,,,542083,(주)유니에스,,https://apis.data.go.kr/B552474/OdsnCodeInquiryService2/getOdsnOrgCodeInquiryList2
PUB-002B,3242,,,542084,(사)경기중소벤처기업연합회,,https://apis.data.go.kr/B552474/OdsnCodeInquiryService2/getOdsnOrgCodeInquiryList2
PUB-002B,3243,,,542085,(주)잡서울부산본부,,https://apis.data.go.kr/B552474/OdsnCodeInquiryService2/getOdsnOrgCodeInquiryList2
PUB-002B,3244,,,543,안성시노인복지관,,https://apis.data.go.kr/B552474/OdsnCodeInquiryService2/getOdsnOrgCodeInquiryList2
PUB-002B,3245,,,543083,전국일자리협동조합,,https://apis.data.go.kr/B552474/OdsnCodeInquiryService2/getOdsnOrgCodeInquiryList2
PUB-002B,3246,,,544,용호종합사회복지관,,https://apis.data.go.kr/B552474/OdsnCodeInquiryService2/getOdsnOrgCodeInquiryList2
PUB-002B,3247,,,544083,대경간병인협회,,https://apis.data.go.kr/B552474/OdsnCodeInquiryService2/getOdsnOrgCodeInquiryList2
PUB-002B,3248,,,544084,(주)제니엘 울산센터,,https://apis.data.go.kr/B552474/OdsnCodeInquiryService2/getOdsnOrgCodeInquiryList2
PUB-002B,3249,,,544085,시그니처,,https://apis.data.go.kr/B552474/OdsnCodeInquiryService2/getOdsnOrgCodeInquiryList2
PUB-002B,3250,,,545,대한노인회 대구 수성구지회,,https://apis.data.go.kr/B552474/OdsnCodeInquiryService2/getOdsnOrgCodeInquiryList2
PUB-002B,3251,,,545083,(주)굿잡,,https://apis.data.go.kr/B552474/OdsnCodeInquiryService2/getOdsnOrgCodeInquiryList2
PUB-002B,3252,,,547,대한노인회 서울 양천구지회,,https://apis.data.go.kr/B552474/OdsnCodeInquiryService2/getOdsnOrgCodeInquiryList2
PUB-002B,3253,,,547083,(주)코리아리크루트,,https://apis.data.go.kr/B552474/OdsnCodeInquiryService2/getOdsnOrgCodeInquiryList2
PUB-002B,3254,,,548,(사)대한노인회 의정부시지회,,https://apis.data.go.kr/B552474/OdsnCodeInquiryService2/getOdsnOrgCodeInquiryList2
PUB-002B,3255,,,549,대한노인회 서울 광진구지회,,https://apis.data.go.kr/B552474/OdsnCodeInquiryService2/getOdsnOrgCodeInquiryList2
PUB-002B,3256,,,549083,(사)전주시중소기업인연합회,,https://apis.data.go.kr/B552474/OdsnCodeInquiryService2/getOdsnOrgCodeInquiryList2
PUB-002B,3257,,,55,대전서구노인복지관,,https://apis.data.go.kr/B552474/OdsnCodeInquiryService2/getOdsnOrgCodeInquiryList2
PUB-002B,3258,,,550083,노무법인 두레,,https://apis.data.go.kr/B552474/OdsnCodeInquiryService2/getOdsnOrgCodeInquiryList2
PUB-002B,3259,,,55083,(사)대전세종충남경영자총협회,,https://apis.data.go.kr/B552474/OdsnCodeInquiryService2/getOdsnOrgCodeInquiryList2
PUB-002B,3260,,,551,대한노인회 부산 동구지회,,https://apis.data.go.kr/B552474/OdsnCodeInquiryService2/getOdsnOrgCodeInquiryList2
PUB-002B,3261,,,551083,(사)벤처기업협회 경남지회,,https://apis.data.go.kr/B552474/OdsnCodeInquiryService2/getOdsnOrgCodeInquiryList2
PUB-002B,3262,,,552083,(주)잡모아 인천남부지점,,https://apis.data.go.kr/B552474/OdsnCodeInquiryService2/getOdsnOrgCodeInquiryList2
PUB-002B,3263,,,553083,사단법인 한국취업지원협회,,https://apis.data.go.kr/B552474/OdsnCodeInquiryService2/getOdsnOrgCodeInquiryList2
PUB-002B,3264,,,554,대한노인회 서울 서초구지회,,https://apis.data.go.kr/B552474/OdsnCodeInquiryService2/getOdsnOrgCodeInquiryList2
PUB-002B,3265,,,555,대한노인회 경기 남양주시지회,,https://apis.data.go.kr/B552474/OdsnCodeInquiryService2/getOdsnOrgCodeInquiryList2
PUB-002B,3266,,,555083,속초시니어클럽,,https://apis.data.go.kr/B552474/OdsnCodeInquiryService2/getOdsnOrgCodeInquiryList2
PUB-002B,3267,,,556,대한노인회 충남 계룡시지회,,https://apis.data.go.kr/B552474/OdsnCodeInquiryService2/getOdsnOrgCodeInquiryList2
PUB-002B,3268,,,556083,사)한국다문화복지협회,,https://apis.data.go.kr/B552474/OdsnCodeInquiryService2/getOdsnOrgCodeInquiryList2
PUB-002B,3269,,,556085,(주)리부트코리아 대전센터(민간),,https://apis.data.go.kr/B552474/OdsnCodeInquiryService2/getOdsnOrgCodeInquiryList2
PUB-002B,3270,,,556086,(주)리부트코리아_평택센터,,https://apis.data.go.kr/B552474/OdsnCodeInquiryService2/getOdsnOrgCodeInquiryList2
PUB-002B,3271,,,557,대한노인회 전남 화순군지회,,https://apis.data.go.kr/B552474/OdsnCodeInquiryService2/getOdsnOrgCodeInquiryList2
PUB-002B,3272,,,558083,부산강서시니어클럽(지자체),,https://apis.data.go.kr/B552474/OdsnCodeInquiryService2/getOdsnOrgCodeInquiryList2
PUB-002B,3273,,,558084,은평어르신일자리센터(민간),,https://apis.data.go.kr/B552474/OdsnCodeInquiryService2/getOdsnOrgCodeInquiryList2
PUB-002B,3274,,,558085,군산시니어클럽(민간),,https://apis.data.go.kr/B552474/OdsnCodeInquiryService2/getOdsnOrgCodeInquiryList2
PUB-002B,3275,,,558086,남원시니어클럽(민간),,https://apis.data.go.kr/B552474/OdsnCodeInquiryService2/getOdsnOrgCodeInquiryList2
PUB-002B,3276,,,558087,완주시니어클럽(민간),,https://apis.data.go.kr/B552474/OdsnCodeInquiryService2/getOdsnOrgCodeInquiryList2
PUB-002B,3277,,,558089,(주)리부트코리아,,https://apis.data.go.kr/B552474/OdsnCodeInquiryService2/getOdsnOrgCodeInquiryList2
PUB-002B,3278,,,559,부산남구종합사회복지관,,https://apis.data.go.kr/B552474/OdsnCodeInquiryService2/getOdsnOrgCodeInquiryList2
PUB-002B,3279,,,559083,사단법인 한국취업지원협회 인천지부,,https://apis.data.go.kr/B552474/OdsnCodeInquiryService2/getOdsnOrgCodeInquiryList2
PUB-002B,3280,,,56,유성구노인복지관,,https://apis.data.go.kr/B552474/OdsnCodeInquiryService2/getOdsnOrgCodeInquiryList2
PUB-002B,3281,,,560,대한노인회 경기 안성시지회,,https://apis.data.go.kr/B552474/OdsnCodeInquiryService2/getOdsnOrgCodeInquiryList2
PUB-002B,3282,,,560083,(주)지이라인,,https://apis.data.go.kr/B552474/OdsnCodeInquiryService2/getOdsnOrgCodeInquiryList2
PUB-002B,3283,,,56083,영주시노인복지관,,https://apis.data.go.kr/B552474/OdsnCodeInquiryService2/getOdsnOrgCodeInquiryList2
PUB-002B,3284,,,561,마산대한예수교장로회낙토교회,,https://apis.data.go.kr/B552474/OdsnCodeInquiryService2/getOdsnOrgCodeInquiryList2
PUB-002B,3285,,,561083,사단법인 이노폴리스벤처협회,,https://apis.data.go.kr/B552474/OdsnCodeInquiryService2/getOdsnOrgCodeInquiryList2
PUB-002B,3286,,,562083,사단법인 한국취업지원협회,,https://apis.data.go.kr/B552474/OdsnCodeInquiryService2/getOdsnOrgCodeInquiryList2
PUB-002B,3287,,,563,대한노인회 경기 수원시 팔달구지회,,https://apis.data.go.kr/B552474/OdsnCodeInquiryService2/getOdsnOrgCodeInquiryList2
PUB-002B,3288,,,563083,뉴던 주식회사,,https://apis.data.go.kr/B552474/OdsnCodeInquiryService2/getOdsnOrgCodeInquiryList2
PUB-002B,3289,,,563084,베스트노인복지센터(민간),,https://apis.data.go.kr/B552474/OdsnCodeInquiryService2/getOdsnOrgCodeInquiryList2
PUB-002B,3290,,,564,대한노인회 강원 홍천군지회,,https://apis.data.go.kr/B552474/OdsnCodeInquiryService2/getOdsnOrgCodeInquiryList2
PUB-002B,3291,,,564083,굿베베앙쥬,,https://apis.data.go.kr/B552474/OdsnCodeInquiryService2/getOdsnOrgCodeInquiryList2
PUB-002B,3292,,,565,대한노인회 전북 남원시지회,,https://apis.data.go.kr/B552474/OdsnCodeInquiryService2/getOdsnOrgCodeInquiryList2
PUB-002B,3293,,,565083,사매면행복복지센터,,https://apis.data.go.kr/B552474/OdsnCodeInquiryService2/getOdsnOrgCodeInquiryList2
PUB-002B,3294,,,566,대구대덕노인종합복지관,,https://apis.data.go.kr/B552474/OdsnCodeInquiryService2/getOdsnOrgCodeInquiryList2
PUB-002B,3295,,,566083,대구시청,,https://apis.data.go.kr/B552474/OdsnCodeInquiryService2/getOdsnOrgCodeInquiryList2
PUB-002B,3296,,,567,대한노인회 경기 의왕시지회,,https://apis.data.go.kr/B552474/OdsnCodeInquiryService2/getOdsnOrgCodeInquiryList2
PUB-002B,3297,,,567083,(사)한국다문화복지협회 안산지부,,https://apis.data.go.kr/B552474/OdsnCodeInquiryService2/getOdsnOrgCodeInquiryList2
PUB-002B,3298,,,568,대구동구노인주간보호센터,,https://apis.data.go.kr/B552474/OdsnCodeInquiryService2/getOdsnOrgCodeInquiryList2
PUB-002B,3299,,,568083,가족사랑재가복지센터,,https://apis.data.go.kr/B552474/OdsnCodeInquiryService2/getOdsnOrgCodeInquiryList2
PUB-002B,3300,,,569083,주식회사 기장물산랩,,https://apis.data.go.kr/B552474/OdsnCodeInquiryService2/getOdsnOrgCodeInquiryList2
PUB-002B,3301,,,57,도산노인복지관,,https://apis.data.go.kr/B552474/OdsnCodeInquiryService2/getOdsnOrgCodeInquiryList2
PUB-002B,3302,,,570,안양시 동안구청,,https://apis.data.go.kr/B552474/OdsnCodeInquiryService2/getOdsnOrgCodeInquiryList2
PUB-002B,3303,,,570083,효사랑재가복지센터,,https://apis.data.go.kr/B552474/OdsnCodeInquiryService2/getOdsnOrgCodeInquiryList2
PUB-002B,3304,,,571,(사)대한노년자원봉사회,,https://apis.data.go.kr/B552474/OdsnCodeInquiryService2/getOdsnOrgCodeInquiryList2
PUB-002B,3305,,,571083,효사랑재가복지센터(x),,https://apis.data.go.kr/B552474/OdsnCodeInquiryService2/getOdsnOrgCodeInquiryList2
PUB-002B,3306,,,571084,부산일자리지원단 사회적협동조합(부산진구),,https://apis.data.go.kr/B552474/OdsnCodeInquiryService2/getOdsnOrgCodeInquiryList2
PUB-002B,3307,,,572,대한노인회 군산시지회,,https://apis.data.go.kr/B552474/OdsnCodeInquiryService2/getOdsnOrgCodeInquiryList2
PUB-002B,3308,,,572083,주식회사 엔공구,,https://apis.data.go.kr/B552474/OdsnCodeInquiryService2/getOdsnOrgCodeInquiryList2
PUB-002B,3309,,,573,대한노인회 전남 완도군지회,,https://apis.data.go.kr/B552474/OdsnCodeInquiryService2/getOdsnOrgCodeInquiryList2
PUB-002B,3310,,,573083,주식회사 와이즈로,,https://apis.data.go.kr/B552474/OdsnCodeInquiryService2/getOdsnOrgCodeInquiryList2
PUB-002B,3311,,,574,남동노인복지센터,,https://apis.data.go.kr/B552474/OdsnCodeInquiryService2/getOdsnOrgCodeInquiryList2
PUB-002B,3312,,,575,사마리타노인복지센터,,https://apis.data.go.kr/B552474/OdsnCodeInquiryService2/getOdsnOrgCodeInquiryList2
PUB-002B,3313,,,575083,(주)시아스,,https://apis.data.go.kr/B552474/OdsnCodeInquiryService2/getOdsnOrgCodeInquiryList2
PUB-002B,3314,,,576,완도금일가정봉사원파견센터,,https://apis.data.go.kr/B552474/OdsnCodeInquiryService2/getOdsnOrgCodeInquiryList2
PUB-002B,3315,,,577,양평군청 노인복지과,,https://apis.data.go.kr/B552474/OdsnCodeInquiryService2/getOdsnOrgCodeInquiryList2
PUB-002B,3316,,,578,부산진구종합사회복지관,,https://apis.data.go.kr/B552474/OdsnCodeInquiryService2/getOdsnOrgCodeInquiryList2
PUB-002B,3317,,,58,울산북구노인복지관,,https://apis.data.go.kr/B552474/OdsnCodeInquiryService2/getOdsnOrgCodeInquiryList2
PUB-002B,3318,,,58083,대구중구노인복지관,,https://apis.data.go.kr/B552474/OdsnCodeInquiryService2/getOdsnOrgCodeInquiryList2
PUB-002B,3319,,,581083,해찬농업회사법인주식회사,,https://apis.data.go.kr/B552474/OdsnCodeInquiryService2/getOdsnOrgCodeInquiryList2
PUB-002B,3320,,,583,동해시니어클럽,,https://apis.data.go.kr/B552474/OdsnCodeInquiryService2/getOdsnOrgCodeInquiryList2
PUB-002B,3321,,,583083,대한노인회 중앙회,,https://apis.data.go.kr/B552474/OdsnCodeInquiryService2/getOdsnOrgCodeInquiryList2
PUB-002B,3322,,,584,대한노인회 대전 서구지회,,https://apis.data.go.kr/B552474/OdsnCodeInquiryService2/getOdsnOrgCodeInquiryList2
PUB-002B,3323,,,584083,남동시니어클럽,,https://apis.data.go.kr/B552474/OdsnCodeInquiryService2/getOdsnOrgCodeInquiryList2
PUB-002B,3324,,,584084,남동시니어클럽,,https://apis.data.go.kr/B552474/OdsnCodeInquiryService2/getOdsnOrgCodeInquiryList2
PUB-002B,3325,,,585,만수종합사회복지관,,https://apis.data.go.kr/B552474/OdsnCodeInquiryService2/getOdsnOrgCodeInquiryList2
PUB-002B,3326,,,585084,대한노인회 부산연합회,,https://apis.data.go.kr/B552474/OdsnCodeInquiryService2/getOdsnOrgCodeInquiryList2
PUB-002B,3327,,,586,대한노인회 서울 송파구지회,,https://apis.data.go.kr/B552474/OdsnCodeInquiryService2/getOdsnOrgCodeInquiryList2
PUB-002B,3328,,,587,대한노인회 대전 중구지회,,https://apis.data.go.kr/B552474/OdsnCodeInquiryService2/getOdsnOrgCodeInquiryList2
PUB-002B,3329,,,587083,인지어스 유한회사 광주지사,,https://apis.data.go.kr/B552474/OdsnCodeInquiryService2/getOdsnOrgCodeInquiryList2
PUB-002B,3330,,,588,대한노인회 대전 동구지회,,https://apis.data.go.kr/B552474/OdsnCodeInquiryService2/getOdsnOrgCodeInquiryList2
PUB-002B,3331,,,588083,사회적협동조합 사람들과다가치,,https://apis.data.go.kr/B552474/OdsnCodeInquiryService2/getOdsnOrgCodeInquiryList2
PUB-002B,3332,,,589,대한노인회 대전광역시 대덕구지회,,https://apis.data.go.kr/B552474/OdsnCodeInquiryService2/getOdsnOrgCodeInquiryList2
PUB-002B,3333,,,59,울산광역시노인복지관,,https://apis.data.go.kr/B552474/OdsnCodeInquiryService2/getOdsnOrgCodeInquiryList2
PUB-002B,3334,,,590,대전은빛노인복지센터,,https://apis.data.go.kr/B552474/OdsnCodeInquiryService2/getOdsnOrgCodeInquiryList2
PUB-002B,3335,,,590083,심온사회적협동조합,,https://apis.data.go.kr/B552474/OdsnCodeInquiryService2/getOdsnOrgCodeInquiryList2
PUB-002B,3336,,,590084,심온사회적협동조합,,https://apis.data.go.kr/B552474/OdsnCodeInquiryService2/getOdsnOrgCodeInquiryList2
PUB-002B,3337,,,59083,성산노인종합복지관,,https://apis.data.go.kr/B552474/OdsnCodeInquiryService2/getOdsnOrgCodeInquiryList2
PUB-002B,3338,,,591083,광양만권일자리사업단,,https://apis.data.go.kr/B552474/OdsnCodeInquiryService2/getOdsnOrgCodeInquiryList2
PUB-002B,3339,,,592,원광종합사회복지관,,https://apis.data.go.kr/B552474/OdsnCodeInquiryService2/getOdsnOrgCodeInquiryList2
PUB-002B,3340,,,592083,사단법인 일과 사람,,https://apis.data.go.kr/B552474/OdsnCodeInquiryService2/getOdsnOrgCodeInquiryList2
PUB-002B,3341,,,593,대구남부노인보호전문기관,,https://apis.data.go.kr/B552474/OdsnCodeInquiryService2/getOdsnOrgCodeInquiryList2
PUB-002B,3342,,,593083,주식회사 카라인,,https://apis.data.go.kr/B552474/OdsnCodeInquiryService2/getOdsnOrgCodeInquiryList2
PUB-002B,3343,,,594,서울 대한노인회 중랑구지회,,https://apis.data.go.kr/B552474/OdsnCodeInquiryService2/getOdsnOrgCodeInquiryList2
PUB-002B,3344,,,594083,주식회사 인이어,,https://apis.data.go.kr/B552474/OdsnCodeInquiryService2/getOdsnOrgCodeInquiryList2
PUB-002B,3345,,,595083,케이잡스 여수지사,,https://apis.data.go.kr/B552474/OdsnCodeInquiryService2/getOdsnOrgCodeInquiryList2
PUB-002B,3346,,,596,송파인성장애인복지관,,https://apis.data.go.kr/B552474/OdsnCodeInquiryService2/getOdsnOrgCodeInquiryList2
PUB-002B,3347,,,596083,(주)에스비와이어,,https://apis.data.go.kr/B552474/OdsnCodeInquiryService2/getOdsnOrgCodeInquiryList2
PUB-002B,3348,,,596084,중앙생명연구원(주),,https://apis.data.go.kr/B552474/OdsnCodeInquiryService2/getOdsnOrgCodeInquiryList2
PUB-002B,3349,,,596085,(주)알파해운,,https://apis.data.go.kr/B552474/OdsnCodeInquiryService2/getOdsnOrgCodeInquiryList2
PUB-002B,3350,,,596086,(주)자람앤수엔지니어링,,https://apis.data.go.kr/B552474/OdsnCodeInquiryService2/getOdsnOrgCodeInquiryList2
PUB-002B,3351,,,597,대한노인회 울산 울주군지회,,https://apis.data.go.kr/B552474/OdsnCodeInquiryService2/getOdsnOrgCodeInquiryList2
PUB-002B,3352,,,597083,(주)다오코리아,,https://apis.data.go.kr/B552474/OdsnCodeInquiryService2/getOdsnOrgCodeInquiryList2
PUB-002B,3353,,,598,부산강서구종합사회복지관,,https://apis.data.go.kr/B552474/OdsnCodeInquiryService2/getOdsnOrgCodeInquiryList2
PUB-002B,3354,,,598083,(주)델디아,,https://apis.data.go.kr/B552474/OdsnCodeInquiryService2/getOdsnOrgCodeInquiryList2
PUB-002B,3355,,,598084,전일목재산업(주),,https://apis.data.go.kr/B552474/OdsnCodeInquiryService2/getOdsnOrgCodeInquiryList2
PUB-002B,3356,,,599,소망노인복지센터,,https://apis.data.go.kr/B552474/OdsnCodeInquiryService2/getOdsnOrgCodeInquiryList2
PUB-002B,3357,,,599083,(유)충무타올,,https://apis.data.go.kr/B552474/OdsnCodeInquiryService2/getOdsnOrgCodeInquiryList2
PUB-002B,3358,,,599084,생명푸드시스템(주),,https://apis.data.go.kr/B552474/OdsnCodeInquiryService2/getOdsnOrgCodeInquiryList2
PUB-002B,3359,,,6,구로노인종합복지관,,https://apis.data.go.kr/B552474/OdsnCodeInquiryService2/getOdsnOrgCodeInquiryList2
PUB-002B,3360,,,60,덕양노인종합복지관,,https://apis.data.go.kr/B552474/OdsnCodeInquiryService2/getOdsnOrgCodeInquiryList2
PUB-002B,3361,,,600,대한노인회 광주 남구지회,,https://apis.data.go.kr/B552474/OdsnCodeInquiryService2/getOdsnOrgCodeInquiryList2
PUB-002B,3362,,,600083,춘하추동협동조합,,https://apis.data.go.kr/B552474/OdsnCodeInquiryService2/getOdsnOrgCodeInquiryList2
PUB-002B,3363,,,600084,포항형산시니어클럽(민간),,https://apis.data.go.kr/B552474/OdsnCodeInquiryService2/getOdsnOrgCodeInquiryList2
PUB-002B,3364,,,600085,인천광역시 노인인력개발센터(민간),,https://apis.data.go.kr/B552474/OdsnCodeInquiryService2/getOdsnOrgCodeInquiryList2
PUB-002B,3365,,,600087,(주)편백연구소,,https://apis.data.go.kr/B552474/OdsnCodeInquiryService2/getOdsnOrgCodeInquiryList2
PUB-002B,3366,,,600088,(주)대명기술단,,https://apis.data.go.kr/B552474/OdsnCodeInquiryService2/getOdsnOrgCodeInquiryList2
PUB-002B,3367,,,6001,차세대새누리사업단,,https://apis.data.go.kr/B552474/OdsnCodeInquiryService2/getOdsnOrgCodeInquiryList2
PUB-002B,3368,,,6002,서울테스트기관,,https://apis.data.go.kr/B552474/OdsnCodeInquiryService2/getOdsnOrgCodeInquiryList2
PUB-002B,3369,,,6004,(주)보네베이커리,,https://apis.data.go.kr/B552474/OdsnCodeInquiryService2/getOdsnOrgCodeInquiryList2
PUB-002B,3370,,,6005,세계교육연구학회,,https://apis.data.go.kr/B552474/OdsnCodeInquiryService2/getOdsnOrgCodeInquiryList2
PUB-002B,3371,,,6007,태안노인복지관,,https://apis.data.go.kr/B552474/OdsnCodeInquiryService2/getOdsnOrgCodeInquiryList2
PUB-002B,3372,,,6009,한원복지재단,,https://apis.data.go.kr/B552474/OdsnCodeInquiryService2/getOdsnOrgCodeInquiryList2
PUB-002B,3373,,,601,대한노인회 광주 북구지회,,https://apis.data.go.kr/B552474/OdsnCodeInquiryService2/getOdsnOrgCodeInquiryList2
PUB-002B,3374,,,601083,대한노인회 전남 목포시지회,,https://apis.data.go.kr/B552474/OdsnCodeInquiryService2/getOdsnOrgCodeInquiryList2
PUB-002B,3375,,,601084,장호해운(주),,https://apis.data.go.kr/B552474/OdsnCodeInquiryService2/getOdsnOrgCodeInquiryList2
PUB-002B,3376,,,6012,차세대사업단-기관테스트,,https://apis.data.go.kr/B552474/OdsnCodeInquiryService2/getOdsnOrgCodeInquiryList2
PUB-002B,3377,,,6013,삼척시노인복지관,,https://apis.data.go.kr/B552474/OdsnCodeInquiryService2/getOdsnOrgCodeInquiryList2
PUB-002B,3378,,,6014,(주)디렉션스,,https://apis.data.go.kr/B552474/OdsnCodeInquiryService2/getOdsnOrgCodeInquiryList2
PUB-002B,3379,,,6016,아가펫토탈서비스,,https://apis.data.go.kr/B552474/OdsnCodeInquiryService2/getOdsnOrgCodeInquiryList2
PUB-002B,3380,,,6018,(유)새참수레2호점,,https://apis.data.go.kr/B552474/OdsnCodeInquiryService2/getOdsnOrgCodeInquiryList2
PUB-002B,3381,,,602,대한노인회 경남 거제시지회,,https://apis.data.go.kr/B552474/OdsnCodeInquiryService2/getOdsnOrgCodeInquiryList2
PUB-002B,3382,,,6020,강동시니어클럽,,https://apis.data.go.kr/B552474/OdsnCodeInquiryService2/getOdsnOrgCodeInquiryList2
PUB-002B,3383,,,602083,(주)하나전력기술단,,https://apis.data.go.kr/B552474/OdsnCodeInquiryService2/getOdsnOrgCodeInquiryList2
PUB-002B,3384,,,602084,주식회사 빅에이아이,,https://apis.data.go.kr/B552474/OdsnCodeInquiryService2/getOdsnOrgCodeInquiryList2
PUB-002B,3385,,,602085,사회적협동조합 희망리본 강릉센터,,https://apis.data.go.kr/B552474/OdsnCodeInquiryService2/getOdsnOrgCodeInquiryList2
PUB-002B,3386,,,6023,대한노인회 강원특별자치도연합회,,https://apis.data.go.kr/B552474/OdsnCodeInquiryService2/getOdsnOrgCodeInquiryList2
PUB-002B,3387,,,6024,판교노인종합복지관,,https://apis.data.go.kr/B552474/OdsnCodeInquiryService2/getOdsnOrgCodeInquiryList2
PUB-002B,3388,,,6026,대한노인회 동해시지회,,https://apis.data.go.kr/B552474/OdsnCodeInquiryService2/getOdsnOrgCodeInquiryList2
PUB-002B,3389,,,6027,(추경)강원_속초시지회,,https://apis.data.go.kr/B552474/OdsnCodeInquiryService2/getOdsnOrgCodeInquiryList2
PUB-002B,3390,,,603,청주상당노인복지관,,https://apis.data.go.kr/B552474/OdsnCodeInquiryService2/getOdsnOrgCodeInquiryList2
PUB-002B,3391,,,603083,대한노인회 인천연합회,,https://apis.data.go.kr/B552474/OdsnCodeInquiryService2/getOdsnOrgCodeInquiryList2
PUB-002B,3392,,,603084,원창머티리얼(주),,https://apis.data.go.kr/B552474/OdsnCodeInquiryService2/getOdsnOrgCodeInquiryList2
PUB-002B,3393,,,6039,(추경)강원_삼척시지회,,https://apis.data.go.kr/B552474/OdsnCodeInquiryService2/getOdsnOrgCodeInquiryList2
PUB-002B,3394,,,604,화순노인복지센터,,https://apis.data.go.kr/B552474/OdsnCodeInquiryService2/getOdsnOrgCodeInquiryList2
PUB-002B,3395,,,604083,연일교통(주),,https://apis.data.go.kr/B552474/OdsnCodeInquiryService2/getOdsnOrgCodeInquiryList2
PUB-002B,3396,,,6041,마포구수어통역센터,,https://apis.data.go.kr/B552474/OdsnCodeInquiryService2/getOdsnOrgCodeInquiryList2
PUB-002B,3397,,,6042,양산노인일자리창출지원센터,,https://apis.data.go.kr/B552474/OdsnCodeInquiryService2/getOdsnOrgCodeInquiryList2
PUB-002B,3398,,,6043,홍은1동주민센터,,https://apis.data.go.kr/B552474/OdsnCodeInquiryService2/getOdsnOrgCodeInquiryList2
PUB-002B,3399,,,6044,(주)신원기술,,https://apis.data.go.kr/B552474/OdsnCodeInquiryService2/getOdsnOrgCodeInquiryList2
PUB-002B,3400,,,6045,하이그린사회적협동조합,,https://apis.data.go.kr/B552474/OdsnCodeInquiryService2/getOdsnOrgCodeInquiryList2
PUB-002B,3401,,,6046,나눔의 둥지,,https://apis.data.go.kr/B552474/OdsnCodeInquiryService2/getOdsnOrgCodeInquiryList2
PUB-002B,3402,,,6047,(사)한국안정교육협회서울분소,,https://apis.data.go.kr/B552474/OdsnCodeInquiryService2/getOdsnOrgCodeInquiryList2
PUB-002B,3403,,,6048,사단법인 활짝미래연대,,https://apis.data.go.kr/B552474/OdsnCodeInquiryService2/getOdsnOrgCodeInquiryList2
PUB-002B,3404,,,6049,(사)한국진로직업개발원,,https://apis.data.go.kr/B552474/OdsnCodeInquiryService2/getOdsnOrgCodeInquiryList2
PUB-002B,3405,,,6050,양덕2동주민센터,,https://apis.data.go.kr/B552474/OdsnCodeInquiryService2/getOdsnOrgCodeInquiryList2
PUB-002B,3406,,,605083,(주)디에이비피,,https://apis.data.go.kr/B552474/OdsnCodeInquiryService2/getOdsnOrgCodeInquiryList2
PUB-002B,3407,,,605085,(주)청아굿푸드,,https://apis.data.go.kr/B552474/OdsnCodeInquiryService2/getOdsnOrgCodeInquiryList2
PUB-002B,3408,,,6051,한국진로직업개발원,,https://apis.data.go.kr/B552474/OdsnCodeInquiryService2/getOdsnOrgCodeInquiryList2
PUB-002B,3409,,,6052,사회복지법인 작은공 인제군사회복지관,,https://apis.data.go.kr/B552474/OdsnCodeInquiryService2/getOdsnOrgCodeInquiryList2
PUB-002B,3410,,,6053,시민종합사회복지관,,https://apis.data.go.kr/B552474/OdsnCodeInquiryService2/getOdsnOrgCodeInquiryList2
PUB-002B,3411,,,6054,풍경노인복지센터,,https://apis.data.go.kr/B552474/OdsnCodeInquiryService2/getOdsnOrgCodeInquiryList2
PUB-002B,3412,,,6055,두암종합사회복지관,,https://apis.data.go.kr/B552474/OdsnCodeInquiryService2/getOdsnOrgCodeInquiryList2
PUB-002B,3413,,,6056,사단법인어게인시니어협회,,https://apis.data.go.kr/B552474/OdsnCodeInquiryService2/getOdsnOrgCodeInquiryList2
PUB-002B,3414,,,6057,사)어게인시니어협회,,https://apis.data.go.kr/B552474/OdsnCodeInquiryService2/getOdsnOrgCodeInquiryList2
PUB-002B,3415,,,6058,사)어게인시니어협회,,https://apis.data.go.kr/B552474/OdsnCodeInquiryService2/getOdsnOrgCodeInquiryList2
PUB-002B,3416,,,6059,비전1동주민센터,,https://apis.data.go.kr/B552474/OdsnCodeInquiryService2/getOdsnOrgCodeInquiryList2
PUB-002B,3417,,,606,낙동종합사회복지관,,https://apis.data.go.kr/B552474/OdsnCodeInquiryService2/getOdsnOrgCodeInquiryList2
PUB-002B,3418,,,606083,(주)태경산업,,https://apis.data.go.kr/B552474/OdsnCodeInquiryService2/getOdsnOrgCodeInquiryList2
PUB-002B,3419,,,606084,농업회사법인 정다운(주),,https://apis.data.go.kr/B552474/OdsnCodeInquiryService2/getOdsnOrgCodeInquiryList2
PUB-002B,3420,,,6061,영등포시니어클럽,,https://apis.data.go.kr/B552474/OdsnCodeInquiryService2/getOdsnOrgCodeInquiryList2
PUB-002B,3421,,,6062,영월군청소년수련관,,https://apis.data.go.kr/B552474/OdsnCodeInquiryService2/getOdsnOrgCodeInquiryList2
PUB-002B,3422,,,6063,영월군청소년수련관,,https://apis.data.go.kr/B552474/OdsnCodeInquiryService2/getOdsnOrgCodeInquiryList2
PUB-002B,3423,,,6064,(주)시니어탑클린,,https://apis.data.go.kr/B552474/OdsnCodeInquiryService2/getOdsnOrgCodeInquiryList2
PUB-002B,3424,,,6066,계양구노인인력개발센터,,https://apis.data.go.kr/B552474/OdsnCodeInquiryService2/getOdsnOrgCodeInquiryList2
PUB-002B,3425,,,6067,화성시서부노인복지관,,https://apis.data.go.kr/B552474/OdsnCodeInquiryService2/getOdsnOrgCodeInquiryList2
PUB-002B,3426,,,6068,(주)서귀포시니어클럽말끄미,,https://apis.data.go.kr/B552474/OdsnCodeInquiryService2/getOdsnOrgCodeInquiryList2
PUB-002B,3427,,,6069,대한노인회 고흥군지회,,https://apis.data.go.kr/B552474/OdsnCodeInquiryService2/getOdsnOrgCodeInquiryList2
PUB-002B,3428,,,607,상주시종합사회복지관,,https://apis.data.go.kr/B552474/OdsnCodeInquiryService2/getOdsnOrgCodeInquiryList2
PUB-002B,3429,,,6070,오산실버인력뱅크,,https://apis.data.go.kr/B552474/OdsnCodeInquiryService2/getOdsnOrgCodeInquiryList2
PUB-002B,3430,,,607083,대한노인회 인천 옹진군지회,,https://apis.data.go.kr/B552474/OdsnCodeInquiryService2/getOdsnOrgCodeInquiryList2
PUB-002B,3431,,,607084,(주)한국푸드시스템,,https://apis.data.go.kr/B552474/OdsnCodeInquiryService2/getOdsnOrgCodeInquiryList2
PUB-002B,3432,,,6071,대한노인회 경북 문경시지회,,https://apis.data.go.kr/B552474/OdsnCodeInquiryService2/getOdsnOrgCodeInquiryList2
PUB-002B,3433,,,6072,파주시노인복지관,,https://apis.data.go.kr/B552474/OdsnCodeInquiryService2/getOdsnOrgCodeInquiryList2
PUB-002B,3434,,,6073,목동어르신복지관,,https://apis.data.go.kr/B552474/OdsnCodeInquiryService2/getOdsnOrgCodeInquiryList2
PUB-002B,3435,,,6074,대한노인회 전남 구례군지회,,https://apis.data.go.kr/B552474/OdsnCodeInquiryService2/getOdsnOrgCodeInquiryList2
PUB-002B,3436,,,6075,경기평택시지회,,https://apis.data.go.kr/B552474/OdsnCodeInquiryService2/getOdsnOrgCodeInquiryList2
PUB-002B,3437,,,6077,광주광역시사회서비스원 빛고을노인건강타운,,https://apis.data.go.kr/B552474/OdsnCodeInquiryService2/getOdsnOrgCodeInquiryList2
PUB-002B,3438,,,6078,세종시 행복노인복지센터,,https://apis.data.go.kr/B552474/OdsnCodeInquiryService2/getOdsnOrgCodeInquiryList2
PUB-002B,3439,,,6079,대구동구노인종합복지관,,https://apis.data.go.kr/B552474/OdsnCodeInquiryService2/getOdsnOrgCodeInquiryList2
PUB-002B,3440,,,608,중구노인복지센터,,https://apis.data.go.kr/B552474/OdsnCodeInquiryService2/getOdsnOrgCodeInquiryList2
PUB-002B,3441,,,6080,장수군노인장애인복지관,,https://apis.data.go.kr/B552474/OdsnCodeInquiryService2/getOdsnOrgCodeInquiryList2
PUB-002B,3442,,,608083,대한노인회 인천 중구지회,,https://apis.data.go.kr/B552474/OdsnCodeInquiryService2/getOdsnOrgCodeInquiryList2
PUB-002B,3443,,,608084,대한노인회 경기 여주시지회,,https://apis.data.go.kr/B552474/OdsnCodeInquiryService2/getOdsnOrgCodeInquiryList2
PUB-002B,3444,,,608085,대한노인회 인천 동구지회,,https://apis.data.go.kr/B552474/OdsnCodeInquiryService2/getOdsnOrgCodeInquiryList2
PUB-002B,3445,,,6081,금성노인복지관,,https://apis.data.go.kr/B552474/OdsnCodeInquiryService2/getOdsnOrgCodeInquiryList2
PUB-002B,3446,,,6082,경산시어르신종합복지관,,https://apis.data.go.kr/B552474/OdsnCodeInquiryService2/getOdsnOrgCodeInquiryList2
PUB-002B,3447,,,6083,소사본종합사회복지관,,https://apis.data.go.kr/B552474/OdsnCodeInquiryService2/getOdsnOrgCodeInquiryList2
PUB-002B,3448,,,609083,(주)한솥밥푸드서비스,,https://apis.data.go.kr/B552474/OdsnCodeInquiryService2/getOdsnOrgCodeInquiryList2
PUB-002B,3449,,,609084,서초여성일자리주식회사,,https://apis.data.go.kr/B552474/OdsnCodeInquiryService2/getOdsnOrgCodeInquiryList2
PUB-002B,3450,,,61,일산노인종합복지관,,https://apis.data.go.kr/B552474/OdsnCodeInquiryService2/getOdsnOrgCodeInquiryList2
PUB-002B,3451,,,610083,(주)한국건설안전공사,,https://apis.data.go.kr/B552474/OdsnCodeInquiryService2/getOdsnOrgCodeInquiryList2
PUB-002B,3452,,,610084,주식회사 쿠키캐슬 속초,,https://apis.data.go.kr/B552474/OdsnCodeInquiryService2/getOdsnOrgCodeInquiryList2
PUB-002B,3453,,,610085,자연유치원,,https://apis.data.go.kr/B552474/OdsnCodeInquiryService2/getOdsnOrgCodeInquiryList2
PUB-002B,3454,,,610086,노원어르신행복주식회사,,https://apis.data.go.kr/B552474/OdsnCodeInquiryService2/getOdsnOrgCodeInquiryList2
PUB-002B,3455,,,610087,(주)한성에프엔씨,,https://apis.data.go.kr/B552474/OdsnCodeInquiryService2/getOdsnOrgCodeInquiryList2
PUB-002B,3456,,,610088,(주)동원글로벌,,https://apis.data.go.kr/B552474/OdsnCodeInquiryService2/getOdsnOrgCodeInquiryList2
PUB-002B,3457,,,61083,화장실문화시민연대,,https://apis.data.go.kr/B552474/OdsnCodeInquiryService2/getOdsnOrgCodeInquiryList2
PUB-002B,3458,,,611,산남노인복지센터,,https://apis.data.go.kr/B552474/OdsnCodeInquiryService2/getOdsnOrgCodeInquiryList2
PUB-002B,3459,,,611083,대한노인회 강원 철원군지회,,https://apis.data.go.kr/B552474/OdsnCodeInquiryService2/getOdsnOrgCodeInquiryList2
PUB-002B,3460,,,612,풍납종합사회복지관,,https://apis.data.go.kr/B552474/OdsnCodeInquiryService2/getOdsnOrgCodeInquiryList2
PUB-002B,3461,,,612083,(주)경원고속관광,,https://apis.data.go.kr/B552474/OdsnCodeInquiryService2/getOdsnOrgCodeInquiryList2
PUB-002B,3462,,,612084,(주)수양엔지니어링,,https://apis.data.go.kr/B552474/OdsnCodeInquiryService2/getOdsnOrgCodeInquiryList2
PUB-002B,3463,,,613,대한노인회 경기 양주시지회,,https://apis.data.go.kr/B552474/OdsnCodeInquiryService2/getOdsnOrgCodeInquiryList2
PUB-002B,3464,,,613083,(주)대성실업,,https://apis.data.go.kr/B552474/OdsnCodeInquiryService2/getOdsnOrgCodeInquiryList2
PUB-002B,3465,,,614,청도재가노인지원서비스센터,,https://apis.data.go.kr/B552474/OdsnCodeInquiryService2/getOdsnOrgCodeInquiryList2
PUB-002B,3466,,,614083,(주)우경이엠씨,,https://apis.data.go.kr/B552474/OdsnCodeInquiryService2/getOdsnOrgCodeInquiryList2
PUB-002B,3467,,,615,대한노인회 서울 강동구지회,,https://apis.data.go.kr/B552474/OdsnCodeInquiryService2/getOdsnOrgCodeInquiryList2
PUB-002B,3468,,,615083,광주서구시니어클럽(민간),,https://apis.data.go.kr/B552474/OdsnCodeInquiryService2/getOdsnOrgCodeInquiryList2
PUB-002B,3469,,,615084,나주시니어클럽(민간),,https://apis.data.go.kr/B552474/OdsnCodeInquiryService2/getOdsnOrgCodeInquiryList2
PUB-002B,3470,,,615085,무안시니어클럽(민간),,https://apis.data.go.kr/B552474/OdsnCodeInquiryService2/getOdsnOrgCodeInquiryList2
PUB-002B,3471,,,616,구세군모산나눔의집,,https://apis.data.go.kr/B552474/OdsnCodeInquiryService2/getOdsnOrgCodeInquiryList2
PUB-002B,3472,,,616083,정우 농업회사법인(주),,https://apis.data.go.kr/B552474/OdsnCodeInquiryService2/getOdsnOrgCodeInquiryList2
PUB-002B,3473,,,616084,(주)세일,,https://apis.data.go.kr/B552474/OdsnCodeInquiryService2/getOdsnOrgCodeInquiryList2
PUB-002B,3474,,,617,백양종합사회복지관,,https://apis.data.go.kr/B552474/OdsnCodeInquiryService2/getOdsnOrgCodeInquiryList2
PUB-002B,3475,,,617083,(주)대도에프엔디,,https://apis.data.go.kr/B552474/OdsnCodeInquiryService2/getOdsnOrgCodeInquiryList2
PUB-002B,3476,,,618,부산영진종합사회복지관,,https://apis.data.go.kr/B552474/OdsnCodeInquiryService2/getOdsnOrgCodeInquiryList2
PUB-002B,3477,,,618083,(주)이가,,https://apis.data.go.kr/B552474/OdsnCodeInquiryService2/getOdsnOrgCodeInquiryList2
PUB-002B,3478,,,619,대한노인회 전남 여수시지회,,https://apis.data.go.kr/B552474/OdsnCodeInquiryService2/getOdsnOrgCodeInquiryList2
PUB-002B,3479,,,619083,시흥노인대학,,https://apis.data.go.kr/B552474/OdsnCodeInquiryService2/getOdsnOrgCodeInquiryList2
PUB-002B,3480,,,62,과천시노인복지관,,https://apis.data.go.kr/B552474/OdsnCodeInquiryService2/getOdsnOrgCodeInquiryList2
PUB-002B,3481,,,620,거제노인통합지원센터,,https://apis.data.go.kr/B552474/OdsnCodeInquiryService2/getOdsnOrgCodeInquiryList2
PUB-002B,3482,,,62083,화장실문화시민연대,,https://apis.data.go.kr/B552474/OdsnCodeInquiryService2/getOdsnOrgCodeInquiryList2
PUB-002B,3483,,,621,달서구월배노인복지센터,,https://apis.data.go.kr/B552474/OdsnCodeInquiryService2/getOdsnOrgCodeInquiryList2
PUB-002B,3484,,,621083,(주)연과사람들,,https://apis.data.go.kr/B552474/OdsnCodeInquiryService2/getOdsnOrgCodeInquiryList2
PUB-002B,3485,,,622083,중앙종합안전기술연구원,,https://apis.data.go.kr/B552474/OdsnCodeInquiryService2/getOdsnOrgCodeInquiryList2
PUB-002B,3486,,,623083,(주)현대계전,,https://apis.data.go.kr/B552474/OdsnCodeInquiryService2/getOdsnOrgCodeInquiryList2
PUB-002B,3487,,,624,문수종합사회복지관,,https://apis.data.go.kr/B552474/OdsnCodeInquiryService2/getOdsnOrgCodeInquiryList2
PUB-002B,3488,,,624083,서귀포시니어클럽(민간),,https://apis.data.go.kr/B552474/OdsnCodeInquiryService2/getOdsnOrgCodeInquiryList2
PUB-002B,3489,,,625083,경상북도 의성군,,https://apis.data.go.kr/B552474/OdsnCodeInquiryService2/getOdsnOrgCodeInquiryList2
PUB-002B,3490,,,626083,새마을운동중앙회 인제군지회,,https://apis.data.go.kr/B552474/OdsnCodeInquiryService2/getOdsnOrgCodeInquiryList2
PUB-002B,3491,,,627,대구남구종합사회복지관,,https://apis.data.go.kr/B552474/OdsnCodeInquiryService2/getOdsnOrgCodeInquiryList2
PUB-002B,3492,,,627083,다담유한회사농업회사법인,,https://apis.data.go.kr/B552474/OdsnCodeInquiryService2/getOdsnOrgCodeInquiryList2
PUB-002B,3493,,,628,횡성노인복지센터,,https://apis.data.go.kr/B552474/OdsnCodeInquiryService2/getOdsnOrgCodeInquiryList2
PUB-002B,3494,,,629,영월군청 주민복지과,,https://apis.data.go.kr/B552474/OdsnCodeInquiryService2/getOdsnOrgCodeInquiryList2
PUB-002B,3495,,,629084,부산노인자원봉사단,,https://apis.data.go.kr/B552474/OdsnCodeInquiryService2/getOdsnOrgCodeInquiryList2
PUB-002B,3496,,,63,광명종합사회복지관,,https://apis.data.go.kr/B552474/OdsnCodeInquiryService2/getOdsnOrgCodeInquiryList2
PUB-002B,3497,,,630083,사단법인 서울광진의류협회,,https://apis.data.go.kr/B552474/OdsnCodeInquiryService2/getOdsnOrgCodeInquiryList2
PUB-002B,3498,,,63083,(주)연우알엔디,,https://apis.data.go.kr/B552474/OdsnCodeInquiryService2/getOdsnOrgCodeInquiryList2
PUB-002B,3499,,,631,인천서구지역자활센터,,https://apis.data.go.kr/B552474/OdsnCodeInquiryService2/getOdsnOrgCodeInquiryList2
PUB-002B,3500,,,631083,제주시니어클럽(민간),,https://apis.data.go.kr/B552474/OdsnCodeInquiryService2/getOdsnOrgCodeInquiryList2
PUB-002B,3501,,,632,청록사회복지재단,,https://apis.data.go.kr/B552474/OdsnCodeInquiryService2/getOdsnOrgCodeInquiryList2
PUB-002B,3502,,,632083,안산의료복지사회적협동조합,,https://apis.data.go.kr/B552474/OdsnCodeInquiryService2/getOdsnOrgCodeInquiryList2
PUB-002B,3503,,,633,구미 YMCA,,https://apis.data.go.kr/B552474/OdsnCodeInquiryService2/getOdsnOrgCodeInquiryList2
PUB-002B,3504,,,633083,관악정다운의료복지사회적협동조합,,https://apis.data.go.kr/B552474/OdsnCodeInquiryService2/getOdsnOrgCodeInquiryList2
PUB-002B,3505,,,634,대한노인회 부산 북구지회,,https://apis.data.go.kr/B552474/OdsnCodeInquiryService2/getOdsnOrgCodeInquiryList2
PUB-002B,3506,,,634083,수원의료복지사회적협동조합,,https://apis.data.go.kr/B552474/OdsnCodeInquiryService2/getOdsnOrgCodeInquiryList2
PUB-002B,3507,,,635083,인천평화의료복지사회적협동조합,,https://apis.data.go.kr/B552474/OdsnCodeInquiryService2/getOdsnOrgCodeInquiryList2
PUB-002B,3508,,,636083,(사)대한노인회인천시서구지회 취업지원센터,,https://apis.data.go.kr/B552474/OdsnCodeInquiryService2/getOdsnOrgCodeInquiryList2
PUB-002B,3509,,,637083,(사)대한노인회인천시서구지회 취업지원센터,,https://apis.data.go.kr/B552474/OdsnCodeInquiryService2/getOdsnOrgCodeInquiryList2
PUB-002B,3510,,,638083,울진시니어클럽,,https://apis.data.go.kr/B552474/OdsnCodeInquiryService2/getOdsnOrgCodeInquiryList2
PUB-002B,3511,,,639,한양재가노인복지센터,,https://apis.data.go.kr/B552474/OdsnCodeInquiryService2/getOdsnOrgCodeInquiryList2
PUB-002B,3512,,,639083,노인복지관 반여분관,,https://apis.data.go.kr/B552474/OdsnCodeInquiryService2/getOdsnOrgCodeInquiryList2
PUB-002B,3513,,,64,대한노인회 광명시지회,,https://apis.data.go.kr/B552474/OdsnCodeInquiryService2/getOdsnOrgCodeInquiryList2
PUB-002B,3514,,,640,대한노인회 전남 순천시지회,,https://apis.data.go.kr/B552474/OdsnCodeInquiryService2/getOdsnOrgCodeInquiryList2
PUB-002B,3515,,,640083,부여군노인종합복지관,,https://apis.data.go.kr/B552474/OdsnCodeInquiryService2/getOdsnOrgCodeInquiryList2
PUB-002B,3516,,,64083,백화노인복지관,,https://apis.data.go.kr/B552474/OdsnCodeInquiryService2/getOdsnOrgCodeInquiryList2
PUB-002B,3517,,,641,해남군장애인종합복지관,,https://apis.data.go.kr/B552474/OdsnCodeInquiryService2/getOdsnOrgCodeInquiryList2
PUB-002B,3518,,,641083,(사)서울고용포럼,,https://apis.data.go.kr/B552474/OdsnCodeInquiryService2/getOdsnOrgCodeInquiryList2
PUB-002B,3519,,,642,만월종합사회복지관,,https://apis.data.go.kr/B552474/OdsnCodeInquiryService2/getOdsnOrgCodeInquiryList2
PUB-002B,3520,,,642084,국민건강보험동우회사회적협동조합,,https://apis.data.go.kr/B552474/OdsnCodeInquiryService2/getOdsnOrgCodeInquiryList2
PUB-002B,3521,,,643,금강노인종합복지관,,https://apis.data.go.kr/B552474/OdsnCodeInquiryService2/getOdsnOrgCodeInquiryList2
PUB-002B,3522,,,643083,부안실버복지관,,https://apis.data.go.kr/B552474/OdsnCodeInquiryService2/getOdsnOrgCodeInquiryList2
PUB-002B,3523,,,644,대한노인회 금천구지회,,https://apis.data.go.kr/B552474/OdsnCodeInquiryService2/getOdsnOrgCodeInquiryList2
PUB-002B,3524,,,645,대한노인회 부천시오정구지회,,https://apis.data.go.kr/B552474/OdsnCodeInquiryService2/getOdsnOrgCodeInquiryList2
PUB-002B,3525,,,645083,(주)송지,,https://apis.data.go.kr/B552474/OdsnCodeInquiryService2/getOdsnOrgCodeInquiryList2
PUB-002B,3526,,,646083,장수군노인복지관,,https://apis.data.go.kr/B552474/OdsnCodeInquiryService2/getOdsnOrgCodeInquiryList2
PUB-002B,3527,,,648,순천조례노인복지센터,,https://apis.data.go.kr/B552474/OdsnCodeInquiryService2/getOdsnOrgCodeInquiryList2
PUB-002B,3528,,,648083,주암댐노인복지관,,https://apis.data.go.kr/B552474/OdsnCodeInquiryService2/getOdsnOrgCodeInquiryList2
PUB-002B,3529,,,649,서울 강서구지회,,https://apis.data.go.kr/B552474/OdsnCodeInquiryService2/getOdsnOrgCodeInquiryList2
PUB-002B,3530,,,649083,(주)지에스씨넷 서울지점,,https://apis.data.go.kr/B552474/OdsnCodeInquiryService2/getOdsnOrgCodeInquiryList2
PUB-002B,3531,,,65,구리시종합사회복지관,,https://apis.data.go.kr/B552474/OdsnCodeInquiryService2/getOdsnOrgCodeInquiryList2
PUB-002B,3532,,,650,원당사회복지관,,https://apis.data.go.kr/B552474/OdsnCodeInquiryService2/getOdsnOrgCodeInquiryList2
PUB-002B,3533,,,650083,상주시노인종합복지관,,https://apis.data.go.kr/B552474/OdsnCodeInquiryService2/getOdsnOrgCodeInquiryList2
PUB-002B,3534,,,650085,대청댐노인복지관,,https://apis.data.go.kr/B552474/OdsnCodeInquiryService2/getOdsnOrgCodeInquiryList2
PUB-002B,3535,,,651,대한노인회 경기 고양시 덕양구지회,,https://apis.data.go.kr/B552474/OdsnCodeInquiryService2/getOdsnOrgCodeInquiryList2
PUB-002B,3536,,,651084,중구노인복지관분관,,https://apis.data.go.kr/B552474/OdsnCodeInquiryService2/getOdsnOrgCodeInquiryList2
PUB-002B,3537,,,652,경기고양일산동구지회,,https://apis.data.go.kr/B552474/OdsnCodeInquiryService2/getOdsnOrgCodeInquiryList2
PUB-002B,3538,,,652083,부곡종합사회복지관,,https://apis.data.go.kr/B552474/OdsnCodeInquiryService2/getOdsnOrgCodeInquiryList2
PUB-002B,3539,,,653,흰돌종합사회복지관,,https://apis.data.go.kr/B552474/OdsnCodeInquiryService2/getOdsnOrgCodeInquiryList2
PUB-002B,3540,,,653085,보은군실버복지관,,https://apis.data.go.kr/B552474/OdsnCodeInquiryService2/getOdsnOrgCodeInquiryList2
PUB-002B,3541,,,654,문촌7사회복지관,,https://apis.data.go.kr/B552474/OdsnCodeInquiryService2/getOdsnOrgCodeInquiryList2
PUB-002B,3542,,,655,문촌9단지종합사회복지관,,https://apis.data.go.kr/B552474/OdsnCodeInquiryService2/getOdsnOrgCodeInquiryList2
PUB-002B,3543,,,655083,군위군노인복지관,,https://apis.data.go.kr/B552474/OdsnCodeInquiryService2/getOdsnOrgCodeInquiryList2
PUB-002B,3544,,,655084,안면도노인복지관,,https://apis.data.go.kr/B552474/OdsnCodeInquiryService2/getOdsnOrgCodeInquiryList2
PUB-002B,3545,,,656,대전중구시니어클럽,,https://apis.data.go.kr/B552474/OdsnCodeInquiryService2/getOdsnOrgCodeInquiryList2
PUB-002B,3546,,,656084,사하사랑채노인복지관,,https://apis.data.go.kr/B552474/OdsnCodeInquiryService2/getOdsnOrgCodeInquiryList2
PUB-002B,3547,,,657,(사) 선양복지원,,https://apis.data.go.kr/B552474/OdsnCodeInquiryService2/getOdsnOrgCodeInquiryList2
PUB-002B,3548,,,657083,전북서남상공회의소,,https://apis.data.go.kr/B552474/OdsnCodeInquiryService2/getOdsnOrgCodeInquiryList2
PUB-002B,3549,,,657084,안계노인복지관,,https://apis.data.go.kr/B552474/OdsnCodeInquiryService2/getOdsnOrgCodeInquiryList2
PUB-002B,3550,,,658,대한노인회 경북 경산시지회,,https://apis.data.go.kr/B552474/OdsnCodeInquiryService2/getOdsnOrgCodeInquiryList2
PUB-002B,3551,,,658083,해남노인종합복지관,,https://apis.data.go.kr/B552474/OdsnCodeInquiryService2/getOdsnOrgCodeInquiryList2
PUB-002B,3552,,,658084,재단법인광주복지연구원 효령노인복지타운,,https://apis.data.go.kr/B552474/OdsnCodeInquiryService2/getOdsnOrgCodeInquiryList2
PUB-002B,3553,,,659,강원도노인보호전문기관,,https://apis.data.go.kr/B552474/OdsnCodeInquiryService2/getOdsnOrgCodeInquiryList2
PUB-002B,3554,,,659083,청주서원노인복지관,,https://apis.data.go.kr/B552474/OdsnCodeInquiryService2/getOdsnOrgCodeInquiryList2
PUB-002B,3555,,,66,군포시노인복지관,,https://apis.data.go.kr/B552474/OdsnCodeInquiryService2/getOdsnOrgCodeInquiryList2
PUB-002B,3556,,,660,대한노인회 부천시소사구지회,,https://apis.data.go.kr/B552474/OdsnCodeInquiryService2/getOdsnOrgCodeInquiryList2
PUB-002B,3557,,,660083,농성빛여울채종합사회복지관,,https://apis.data.go.kr/B552474/OdsnCodeInquiryService2/getOdsnOrgCodeInquiryList2
PUB-002B,3558,,,660085,영양군노인복지관,,https://apis.data.go.kr/B552474/OdsnCodeInquiryService2/getOdsnOrgCodeInquiryList2
PUB-002B,3559,,,66083,판교종합사회복지관,,https://apis.data.go.kr/B552474/OdsnCodeInquiryService2/getOdsnOrgCodeInquiryList2
PUB-002B,3560,,,661,춘천노인복지센터,,https://apis.data.go.kr/B552474/OdsnCodeInquiryService2/getOdsnOrgCodeInquiryList2
PUB-002B,3561,,,661083,포천시노인복지관,,https://apis.data.go.kr/B552474/OdsnCodeInquiryService2/getOdsnOrgCodeInquiryList2
PUB-002B,3562,,,662,남원원광노인복지센터,,https://apis.data.go.kr/B552474/OdsnCodeInquiryService2/getOdsnOrgCodeInquiryList2
PUB-002B,3563,,,662083,성북노인종합복지관,,https://apis.data.go.kr/B552474/OdsnCodeInquiryService2/getOdsnOrgCodeInquiryList2
PUB-002B,3564,,,663,상계종합사회복지관,,https://apis.data.go.kr/B552474/OdsnCodeInquiryService2/getOdsnOrgCodeInquiryList2
PUB-002B,3565,,,663084,신곡노인종합복지관,,https://apis.data.go.kr/B552474/OdsnCodeInquiryService2/getOdsnOrgCodeInquiryList2
PUB-002B,3566,,,664,화순보육시설연합회,,https://apis.data.go.kr/B552474/OdsnCodeInquiryService2/getOdsnOrgCodeInquiryList2
PUB-002B,3567,,,665,강서구청 어르신복지과,,https://apis.data.go.kr/B552474/OdsnCodeInquiryService2/getOdsnOrgCodeInquiryList2
PUB-002B,3568,,,665083,소양강댐노인복지관,,https://apis.data.go.kr/B552474/OdsnCodeInquiryService2/getOdsnOrgCodeInquiryList2
PUB-002B,3569,,,666,대한노인회 경남 창녕군지회,,https://apis.data.go.kr/B552474/OdsnCodeInquiryService2/getOdsnOrgCodeInquiryList2
PUB-002B,3570,,,666083,문수실버복지관,,https://apis.data.go.kr/B552474/OdsnCodeInquiryService2/getOdsnOrgCodeInquiryList2
PUB-002B,3571,,,667,구미시노인종합복지회관,,https://apis.data.go.kr/B552474/OdsnCodeInquiryService2/getOdsnOrgCodeInquiryList2
PUB-002B,3572,,,667084,월성종합사회복지관,,https://apis.data.go.kr/B552474/OdsnCodeInquiryService2/getOdsnOrgCodeInquiryList2
PUB-002B,3573,,,668,관악노인종합복지관,,https://apis.data.go.kr/B552474/OdsnCodeInquiryService2/getOdsnOrgCodeInquiryList2
PUB-002B,3574,,,668083,약수노인종합복지관(X),,https://apis.data.go.kr/B552474/OdsnCodeInquiryService2/getOdsnOrgCodeInquiryList2
PUB-002B,3575,,,669083,파랑새종합사회복지관,,https://apis.data.go.kr/B552474/OdsnCodeInquiryService2/getOdsnOrgCodeInquiryList2
PUB-002B,3576,,,669084,광안노인복지관,,https://apis.data.go.kr/B552474/OdsnCodeInquiryService2/getOdsnOrgCodeInquiryList2
PUB-002B,3577,,,669087,당진북부사회복지관,,https://apis.data.go.kr/B552474/OdsnCodeInquiryService2/getOdsnOrgCodeInquiryList2
PUB-002B,3578,,,67,남양주노인복지관,,https://apis.data.go.kr/B552474/OdsnCodeInquiryService2/getOdsnOrgCodeInquiryList2
PUB-002B,3579,,,670,사단법인 나눔복지,,https://apis.data.go.kr/B552474/OdsnCodeInquiryService2/getOdsnOrgCodeInquiryList2
PUB-002B,3580,,,670083,재단법인가평군복지재단(청평노인복지관),,https://apis.data.go.kr/B552474/OdsnCodeInquiryService2/getOdsnOrgCodeInquiryList2
PUB-002B,3581,,,67083,사회복지법인운경복지재단(대구중구노인상담소),,https://apis.data.go.kr/B552474/OdsnCodeInquiryService2/getOdsnOrgCodeInquiryList2
PUB-002B,3582,,,671,순천린제노인복지센터,,https://apis.data.go.kr/B552474/OdsnCodeInquiryService2/getOdsnOrgCodeInquiryList2
PUB-002B,3583,,,671083,충주댐노인복지관,,https://apis.data.go.kr/B552474/OdsnCodeInquiryService2/getOdsnOrgCodeInquiryList2
PUB-002B,3584,,,671084,울산북구노인복지관분관,,https://apis.data.go.kr/B552474/OdsnCodeInquiryService2/getOdsnOrgCodeInquiryList2
PUB-002B,3585,,,671086,금천한내어르신복지센터,,https://apis.data.go.kr/B552474/OdsnCodeInquiryService2/getOdsnOrgCodeInquiryList2
PUB-002B,3586,,,672,대한성공회 광명희망터,,https://apis.data.go.kr/B552474/OdsnCodeInquiryService2/getOdsnOrgCodeInquiryList2
PUB-002B,3587,,,672083,모라종합사회복지관,,https://apis.data.go.kr/B552474/OdsnCodeInquiryService2/getOdsnOrgCodeInquiryList2
PUB-002B,3588,,,673,화정종합사회복지관,,https://apis.data.go.kr/B552474/OdsnCodeInquiryService2/getOdsnOrgCodeInquiryList2
PUB-002B,3589,,,673083,시흥시노인종합복지관,,https://apis.data.go.kr/B552474/OdsnCodeInquiryService2/getOdsnOrgCodeInquiryList2
PUB-002B,3590,,,674,전라남도노인보호전문기관,,https://apis.data.go.kr/B552474/OdsnCodeInquiryService2/getOdsnOrgCodeInquiryList2
PUB-002B,3591,,,675,자혜재가노인복지시설 가정봉사원 파견센터,,https://apis.data.go.kr/B552474/OdsnCodeInquiryService2/getOdsnOrgCodeInquiryList2
PUB-002B,3592,,,675083,신평사랑채노인복지관,,https://apis.data.go.kr/B552474/OdsnCodeInquiryService2/getOdsnOrgCodeInquiryList2
PUB-002B,3593,,,676,합천고려노인복지센터,,https://apis.data.go.kr/B552474/OdsnCodeInquiryService2/getOdsnOrgCodeInquiryList2
PUB-002B,3594,,,676083,홍성군노인종합복지관,,https://apis.data.go.kr/B552474/OdsnCodeInquiryService2/getOdsnOrgCodeInquiryList2
PUB-002B,3595,,,677,대한노인회 경북 구미시지회,,https://apis.data.go.kr/B552474/OdsnCodeInquiryService2/getOdsnOrgCodeInquiryList2
PUB-002B,3596,,,677083,하동군노인장애인종합복지관,,https://apis.data.go.kr/B552474/OdsnCodeInquiryService2/getOdsnOrgCodeInquiryList2
PUB-002B,3597,,,678,한국부인회 화순군지회,,https://apis.data.go.kr/B552474/OdsnCodeInquiryService2/getOdsnOrgCodeInquiryList2
PUB-002B,3598,,,678083,중계종합사회복지관,,https://apis.data.go.kr/B552474/OdsnCodeInquiryService2/getOdsnOrgCodeInquiryList2
PUB-002B,3599,,,679,한국중앙복지개발원,,https://apis.data.go.kr/B552474/OdsnCodeInquiryService2/getOdsnOrgCodeInquiryList2
PUB-002B,3600,,,679083,명천실버복지관,,https://apis.data.go.kr/B552474/OdsnCodeInquiryService2/getOdsnOrgCodeInquiryList2
PUB-002B,3601,,,68,남양주시동부노인복지관,,https://apis.data.go.kr/B552474/OdsnCodeInquiryService2/getOdsnOrgCodeInquiryList2
PUB-002B,3602,,,680,대한노인회 충북 보은군지회,,https://apis.data.go.kr/B552474/OdsnCodeInquiryService2/getOdsnOrgCodeInquiryList2
PUB-002B,3603,,,680083,장성군노인복지관,,https://apis.data.go.kr/B552474/OdsnCodeInquiryService2/getOdsnOrgCodeInquiryList2
PUB-002B,3604,,,68083,공무원연금공단,,https://apis.data.go.kr/B552474/OdsnCodeInquiryService2/getOdsnOrgCodeInquiryList2
PUB-002B,3605,,,68084,양주시옥정종합사회복지관,,https://apis.data.go.kr/B552474/OdsnCodeInquiryService2/getOdsnOrgCodeInquiryList2
PUB-002B,3606,,,68085,군포노클럽,,https://apis.data.go.kr/B552474/OdsnCodeInquiryService2/getOdsnOrgCodeInquiryList2
PUB-002B,3607,,,681,제천노인복지센터,,https://apis.data.go.kr/B552474/OdsnCodeInquiryService2/getOdsnOrgCodeInquiryList2
PUB-002B,3608,,,681083,화성시남부노인복지관,,https://apis.data.go.kr/B552474/OdsnCodeInquiryService2/getOdsnOrgCodeInquiryList2
PUB-002B,3609,,,682,상리종합사회복지관,,https://apis.data.go.kr/B552474/OdsnCodeInquiryService2/getOdsnOrgCodeInquiryList2
PUB-002B,3610,,,682083,청로요양원,,https://apis.data.go.kr/B552474/OdsnCodeInquiryService2/getOdsnOrgCodeInquiryList2
PUB-002B,3611,,,683,제주원광재가노인복지센터,,https://apis.data.go.kr/B552474/OdsnCodeInquiryService2/getOdsnOrgCodeInquiryList2
PUB-002B,3612,,,684,삼산종합사회복지관,,https://apis.data.go.kr/B552474/OdsnCodeInquiryService2/getOdsnOrgCodeInquiryList2
PUB-002B,3613,,,684083,사회복지법인불국토 부민노인복지관,,https://apis.data.go.kr/B552474/OdsnCodeInquiryService2/getOdsnOrgCodeInquiryList2
PUB-002B,3614,,,685,대한노인회 충북 청주시 상당서원구지회,,https://apis.data.go.kr/B552474/OdsnCodeInquiryService2/getOdsnOrgCodeInquiryList2
PUB-002B,3615,,,685083,풍익홈,,https://apis.data.go.kr/B552474/OdsnCodeInquiryService2/getOdsnOrgCodeInquiryList2
PUB-002B,3616,,,686,노인과청소년공동체빈들회,,https://apis.data.go.kr/B552474/OdsnCodeInquiryService2/getOdsnOrgCodeInquiryList2
PUB-002B,3617,,,686083,풍익홈,,https://apis.data.go.kr/B552474/OdsnCodeInquiryService2/getOdsnOrgCodeInquiryList2
PUB-002B,3618,,,687,대한노인회 여주시지회(노인취업지원센터),,https://apis.data.go.kr/B552474/OdsnCodeInquiryService2/getOdsnOrgCodeInquiryList2
PUB-002B,3619,,,687085,함께걸음의료복지사회적협동조합,,https://apis.data.go.kr/B552474/OdsnCodeInquiryService2/getOdsnOrgCodeInquiryList2
PUB-002B,3620,,,688,정선시니어클럽,,https://apis.data.go.kr/B552474/OdsnCodeInquiryService2/getOdsnOrgCodeInquiryList2
PUB-002B,3621,,,689083,사회적협동조합 행복느티나무,,https://apis.data.go.kr/B552474/OdsnCodeInquiryService2/getOdsnOrgCodeInquiryList2
PUB-002B,3622,,,69,부천시원미노인복지관,,https://apis.data.go.kr/B552474/OdsnCodeInquiryService2/getOdsnOrgCodeInquiryList2
PUB-002B,3623,,,690,섬김노인복지센터,,https://apis.data.go.kr/B552474/OdsnCodeInquiryService2/getOdsnOrgCodeInquiryList2
PUB-002B,3624,,,690083,사회적협동조합 행복느티나무,,https://apis.data.go.kr/B552474/OdsnCodeInquiryService2/getOdsnOrgCodeInquiryList2
PUB-002B,3625,,,69086,한국효운동단체총연합회,,https://apis.data.go.kr/B552474/OdsnCodeInquiryService2/getOdsnOrgCodeInquiryList2
PUB-002B,3626,,,691,대한노인회 부산 중구지회,,https://apis.data.go.kr/B552474/OdsnCodeInquiryService2/getOdsnOrgCodeInquiryList2
PUB-002B,3627,,,691083,한국노인인력개발원 서울지역본부,,https://apis.data.go.kr/B552474/OdsnCodeInquiryService2/getOdsnOrgCodeInquiryList2
PUB-002B,3628,,,691084,한국노인인력개발원 부울지역본부,,https://apis.data.go.kr/B552474/OdsnCodeInquiryService2/getOdsnOrgCodeInquiryList2
PUB-002B,3629,,,691086,한국노인인력개발원 인천지역본부,,https://apis.data.go.kr/B552474/OdsnCodeInquiryService2/getOdsnOrgCodeInquiryList2
PUB-002B,3630,,,691087,한국노인인력개발원 대전충남지역본부,,https://apis.data.go.kr/B552474/OdsnCodeInquiryService2/getOdsnOrgCodeInquiryList2
PUB-002B,3631,,,691088,한국노인인력개발원 경기지역본부,,https://apis.data.go.kr/B552474/OdsnCodeInquiryService2/getOdsnOrgCodeInquiryList2
PUB-002B,3632,,,691089,한국노인인력개발원 전북지역본부,,https://apis.data.go.kr/B552474/OdsnCodeInquiryService2/getOdsnOrgCodeInquiryList2
PUB-002B,3633,,,691090,한국노인인력개발원 경남지역본부,,https://apis.data.go.kr/B552474/OdsnCodeInquiryService2/getOdsnOrgCodeInquiryList2
PUB-002B,3634,,,691091,한국노인인력개발원 제주지역본부,,https://apis.data.go.kr/B552474/OdsnCodeInquiryService2/getOdsnOrgCodeInquiryList2
PUB-002B,3635,,,692,기장지역아동센터,,https://apis.data.go.kr/B552474/OdsnCodeInquiryService2/getOdsnOrgCodeInquiryList2
PUB-002B,3636,,,693,금오종합사회복지관,,https://apis.data.go.kr/B552474/OdsnCodeInquiryService2/getOdsnOrgCodeInquiryList2
PUB-002B,3637,,,693083,(주)풍요로움,,https://apis.data.go.kr/B552474/OdsnCodeInquiryService2/getOdsnOrgCodeInquiryList2
PUB-002B,3638,,,694,대한노인회 충북 영동군지회,,https://apis.data.go.kr/B552474/OdsnCodeInquiryService2/getOdsnOrgCodeInquiryList2
PUB-002B,3639,,,694083,재단법인 전라북도사회서비스원,,https://apis.data.go.kr/B552474/OdsnCodeInquiryService2/getOdsnOrgCodeInquiryList2
PUB-002B,3640,,,695,신광노인복지센터,,https://apis.data.go.kr/B552474/OdsnCodeInquiryService2/getOdsnOrgCodeInquiryList2
PUB-002B,3641,,,695083,강원지속가능경제지원센터,,https://apis.data.go.kr/B552474/OdsnCodeInquiryService2/getOdsnOrgCodeInquiryList2
PUB-002B,3642,,,696,인천재가노인복지센터,,https://apis.data.go.kr/B552474/OdsnCodeInquiryService2/getOdsnOrgCodeInquiryList2
PUB-002B,3643,,,696083,강원도사회적기업협의회,,https://apis.data.go.kr/B552474/OdsnCodeInquiryService2/getOdsnOrgCodeInquiryList2
PUB-002B,3644,,,697,대한노인회 경남 밀양시지회,,https://apis.data.go.kr/B552474/OdsnCodeInquiryService2/getOdsnOrgCodeInquiryList2
PUB-002B,3645,,,697083,사단법인인제군새마을회(2022),,https://apis.data.go.kr/B552474/OdsnCodeInquiryService2/getOdsnOrgCodeInquiryList2
PUB-002B,3646,,,698,대한노인회 충북 제천시지회,,https://apis.data.go.kr/B552474/OdsnCodeInquiryService2/getOdsnOrgCodeInquiryList2
PUB-002B,3647,,,698083,(재)3.3기념사업회,,https://apis.data.go.kr/B552474/OdsnCodeInquiryService2/getOdsnOrgCodeInquiryList2
PUB-002B,3648,,,699,대한노인회 서울 동대문구지회,,https://apis.data.go.kr/B552474/OdsnCodeInquiryService2/getOdsnOrgCodeInquiryList2
PUB-002B,3649,,,699083,협동조합고토,,https://apis.data.go.kr/B552474/OdsnCodeInquiryService2/getOdsnOrgCodeInquiryList2
PUB-002B,3650,,,7,노원노인종합복지관,,https://apis.data.go.kr/B552474/OdsnCodeInquiryService2/getOdsnOrgCodeInquiryList2
PUB-002B,3651,,,70,부천시소사노인복지관,,https://apis.data.go.kr/B552474/OdsnCodeInquiryService2/getOdsnOrgCodeInquiryList2
PUB-002B,3652,,,700,부산연제시니어클럽,,https://apis.data.go.kr/B552474/OdsnCodeInquiryService2/getOdsnOrgCodeInquiryList2
PUB-002B,3653,,,700083,(주)삼화,,https://apis.data.go.kr/B552474/OdsnCodeInquiryService2/getOdsnOrgCodeInquiryList2
PUB-002B,3654,,,701,대한노인회 경남 하동군지회,,https://apis.data.go.kr/B552474/OdsnCodeInquiryService2/getOdsnOrgCodeInquiryList2
PUB-002B,3655,,,701083,(주)하다,,https://apis.data.go.kr/B552474/OdsnCodeInquiryService2/getOdsnOrgCodeInquiryList2
PUB-002B,3656,,,702,대한노인회 광주 서구지회,,https://apis.data.go.kr/B552474/OdsnCodeInquiryService2/getOdsnOrgCodeInquiryList2
PUB-002B,3657,,,702083,안성의료복지사회적협동조합,,https://apis.data.go.kr/B552474/OdsnCodeInquiryService2/getOdsnOrgCodeInquiryList2
PUB-002B,3658,,,703,세종재가노인지원센터,,https://apis.data.go.kr/B552474/OdsnCodeInquiryService2/getOdsnOrgCodeInquiryList2
PUB-002B,3659,,,704,사)대원사회복지회,,https://apis.data.go.kr/B552474/OdsnCodeInquiryService2/getOdsnOrgCodeInquiryList2
PUB-002B,3660,,,704083,서울시니어클럽협회,,https://apis.data.go.kr/B552474/OdsnCodeInquiryService2/getOdsnOrgCodeInquiryList2
PUB-002B,3661,,,705,동산사회복지관,,https://apis.data.go.kr/B552474/OdsnCodeInquiryService2/getOdsnOrgCodeInquiryList2
PUB-002B,3662,,,705083,시흥시니어클럽,,https://apis.data.go.kr/B552474/OdsnCodeInquiryService2/getOdsnOrgCodeInquiryList2
PUB-002B,3663,,,705084,전주시복지재단 전주사람,,https://apis.data.go.kr/B552474/OdsnCodeInquiryService2/getOdsnOrgCodeInquiryList2
PUB-002B,3664,,,706,면목종합사회복지관,,https://apis.data.go.kr/B552474/OdsnCodeInquiryService2/getOdsnOrgCodeInquiryList2
PUB-002B,3665,,,706083,한국돌봄사회적협동조합,,https://apis.data.go.kr/B552474/OdsnCodeInquiryService2/getOdsnOrgCodeInquiryList2
PUB-002B,3666,,,707,남동 장애인 종합복지관,,https://apis.data.go.kr/B552474/OdsnCodeInquiryService2/getOdsnOrgCodeInquiryList2
PUB-002B,3667,,,708,대한노인회 전남 해남군지회,,https://apis.data.go.kr/B552474/OdsnCodeInquiryService2/getOdsnOrgCodeInquiryList2
PUB-002B,3668,,,708085,(재)다솜이재단,,https://apis.data.go.kr/B552474/OdsnCodeInquiryService2/getOdsnOrgCodeInquiryList2
PUB-002B,3669,,,7083,고양시원흥종합사회복지관,,https://apis.data.go.kr/B552474/OdsnCodeInquiryService2/getOdsnOrgCodeInquiryList2
PUB-002B,3670,,,709,안양시 만안구청,,https://apis.data.go.kr/B552474/OdsnCodeInquiryService2/getOdsnOrgCodeInquiryList2
PUB-002B,3671,,,709083,부평구노인인력개발센터,,https://apis.data.go.kr/B552474/OdsnCodeInquiryService2/getOdsnOrgCodeInquiryList2
PUB-002B,3672,,,71,부천시오정노인복지관,,https://apis.data.go.kr/B552474/OdsnCodeInquiryService2/getOdsnOrgCodeInquiryList2
PUB-002B,3673,,,710,대한노인회 충남 서산시지회,,https://apis.data.go.kr/B552474/OdsnCodeInquiryService2/getOdsnOrgCodeInquiryList2
PUB-002B,3674,,,71083,(주)옛솜씨힐링빌?,,https://apis.data.go.kr/B552474/OdsnCodeInquiryService2/getOdsnOrgCodeInquiryList2
PUB-002B,3675,,,711,대한노인회 충북 충주시지회,,https://apis.data.go.kr/B552474/OdsnCodeInquiryService2/getOdsnOrgCodeInquiryList2
PUB-002B,3676,,,711083,두원기업 주식회사,,https://apis.data.go.kr/B552474/OdsnCodeInquiryService2/getOdsnOrgCodeInquiryList2
PUB-002B,3677,,,712,서정노인복지센터,,https://apis.data.go.kr/B552474/OdsnCodeInquiryService2/getOdsnOrgCodeInquiryList2
PUB-002B,3678,,,712083,시흥희망의료복지사회적협동조합,,https://apis.data.go.kr/B552474/OdsnCodeInquiryService2/getOdsnOrgCodeInquiryList2
PUB-002B,3679,,,713,부산광역시사직종합사회복지관,,https://apis.data.go.kr/B552474/OdsnCodeInquiryService2/getOdsnOrgCodeInquiryList2
PUB-002B,3680,,,713083,중랑시니어클럽,,https://apis.data.go.kr/B552474/OdsnCodeInquiryService2/getOdsnOrgCodeInquiryList2
PUB-002B,3681,,,714,등촌1종합사회복지관,,https://apis.data.go.kr/B552474/OdsnCodeInquiryService2/getOdsnOrgCodeInquiryList2
PUB-002B,3682,,,714083,은빛마을노인복지센터,,https://apis.data.go.kr/B552474/OdsnCodeInquiryService2/getOdsnOrgCodeInquiryList2
PUB-002B,3683,,,715,서대문노인종합복지관,,https://apis.data.go.kr/B552474/OdsnCodeInquiryService2/getOdsnOrgCodeInquiryList2
PUB-002B,3684,,,715083,하남시감일종합사회복지관,,https://apis.data.go.kr/B552474/OdsnCodeInquiryService2/getOdsnOrgCodeInquiryList2
PUB-002B,3685,,,715084,영도머티리얼즈(주),,https://apis.data.go.kr/B552474/OdsnCodeInquiryService2/getOdsnOrgCodeInquiryList2
PUB-002B,3686,,,716,서부천사노인복지회,,https://apis.data.go.kr/B552474/OdsnCodeInquiryService2/getOdsnOrgCodeInquiryList2
PUB-002B,3687,,,716083,블루윙스,,https://apis.data.go.kr/B552474/OdsnCodeInquiryService2/getOdsnOrgCodeInquiryList2
PUB-002B,3688,,,717,이화여자대학교 종합사회복지관,,https://apis.data.go.kr/B552474/OdsnCodeInquiryService2/getOdsnOrgCodeInquiryList2
PUB-002B,3689,,,718,연희노인여가복지시설,,https://apis.data.go.kr/B552474/OdsnCodeInquiryService2/getOdsnOrgCodeInquiryList2
PUB-002B,3690,,,718083,사단법인퇴직공무원재능나눔봉사단,,https://apis.data.go.kr/B552474/OdsnCodeInquiryService2/getOdsnOrgCodeInquiryList2
PUB-002B,3691,,,718084,한밭종합사회복지관,,https://apis.data.go.kr/B552474/OdsnCodeInquiryService2/getOdsnOrgCodeInquiryList2
PUB-002B,3692,,,719,홍은종합사회복지관,,https://apis.data.go.kr/B552474/OdsnCodeInquiryService2/getOdsnOrgCodeInquiryList2
PUB-002B,3693,,,719083,삼척시도계노인복지관,,https://apis.data.go.kr/B552474/OdsnCodeInquiryService2/getOdsnOrgCodeInquiryList2
PUB-002B,3694,,,72,수정노인종합복지관,,https://apis.data.go.kr/B552474/OdsnCodeInquiryService2/getOdsnOrgCodeInquiryList2
PUB-002B,3695,,,720,대한노인회 부산 연제구지회,,https://apis.data.go.kr/B552474/OdsnCodeInquiryService2/getOdsnOrgCodeInquiryList2
PUB-002B,3696,,,720083,부평남부노인문화센터,,https://apis.data.go.kr/B552474/OdsnCodeInquiryService2/getOdsnOrgCodeInquiryList2
PUB-002B,3697,,,720084,사단법인 전북창업공유지원단,,https://apis.data.go.kr/B552474/OdsnCodeInquiryService2/getOdsnOrgCodeInquiryList2
PUB-002B,3698,,,72083,세종시니어클럽,,https://apis.data.go.kr/B552474/OdsnCodeInquiryService2/getOdsnOrgCodeInquiryList2
PUB-002B,3699,,,721,공릉종합사회복지관,,https://apis.data.go.kr/B552474/OdsnCodeInquiryService2/getOdsnOrgCodeInquiryList2
PUB-002B,3700,,,721083,노인직업훈련센터,,https://apis.data.go.kr/B552474/OdsnCodeInquiryService2/getOdsnOrgCodeInquiryList2
PUB-002B,3701,,,721084,입암면사무소,,https://apis.data.go.kr/B552474/OdsnCodeInquiryService2/getOdsnOrgCodeInquiryList2
PUB-002B,3702,,,721085,문현노인복지관,,https://apis.data.go.kr/B552474/OdsnCodeInquiryService2/getOdsnOrgCodeInquiryList2
PUB-002B,3703,,,722,대한노인회 충북 괴산군지회,,https://apis.data.go.kr/B552474/OdsnCodeInquiryService2/getOdsnOrgCodeInquiryList2
PUB-002B,3704,,,722083,사회적협동조합 여로,,https://apis.data.go.kr/B552474/OdsnCodeInquiryService2/getOdsnOrgCodeInquiryList2
PUB-002B,3705,,,723,경주시종합사회복지관,,https://apis.data.go.kr/B552474/OdsnCodeInquiryService2/getOdsnOrgCodeInquiryList2
PUB-002B,3706,,,723083,명지노인종합복지관,,https://apis.data.go.kr/B552474/OdsnCodeInquiryService2/getOdsnOrgCodeInquiryList2
PUB-002B,3707,,,724,거창노인통합지원센터,,https://apis.data.go.kr/B552474/OdsnCodeInquiryService2/getOdsnOrgCodeInquiryList2
PUB-002B,3708,,,724083,안산의료복지사회적협동조합,,https://apis.data.go.kr/B552474/OdsnCodeInquiryService2/getOdsnOrgCodeInquiryList2
PUB-002B,3709,,,724084,중리종합사회복지관,,https://apis.data.go.kr/B552474/OdsnCodeInquiryService2/getOdsnOrgCodeInquiryList2
PUB-002B,3710,,,725,대한노인회 충남 보령시지회,,https://apis.data.go.kr/B552474/OdsnCodeInquiryService2/getOdsnOrgCodeInquiryList2
PUB-002B,3711,,,725083,홍천군사회복지협의회,,https://apis.data.go.kr/B552474/OdsnCodeInquiryService2/getOdsnOrgCodeInquiryList2
PUB-002B,3712,,,726,대전동구청 관광미래국 도서관운영과,,https://apis.data.go.kr/B552474/OdsnCodeInquiryService2/getOdsnOrgCodeInquiryList2
PUB-002B,3713,,,726083,금강노인복지센터,,https://apis.data.go.kr/B552474/OdsnCodeInquiryService2/getOdsnOrgCodeInquiryList2
PUB-002B,3714,,,726084,리플레이스사회적협동조합,,https://apis.data.go.kr/B552474/OdsnCodeInquiryService2/getOdsnOrgCodeInquiryList2
PUB-002B,3715,,,726085,리플레이스사회적협동조합,,https://apis.data.go.kr/B552474/OdsnCodeInquiryService2/getOdsnOrgCodeInquiryList2
PUB-002B,3716,,,727,경남하동지역자활센터,,https://apis.data.go.kr/B552474/OdsnCodeInquiryService2/getOdsnOrgCodeInquiryList2
PUB-002B,3717,,,727083,포천이음사회적협동조합,,https://apis.data.go.kr/B552474/OdsnCodeInquiryService2/getOdsnOrgCodeInquiryList2
PUB-002B,3718,,,728,인천광역시노인보호전문기관,,https://apis.data.go.kr/B552474/OdsnCodeInquiryService2/getOdsnOrgCodeInquiryList2
PUB-002B,3719,,,728083,청주청원시니어클럽,,https://apis.data.go.kr/B552474/OdsnCodeInquiryService2/getOdsnOrgCodeInquiryList2
PUB-002B,3720,,,729,송광종합사회복지관,,https://apis.data.go.kr/B552474/OdsnCodeInquiryService2/getOdsnOrgCodeInquiryList2
PUB-002B,3721,,,729083,사회적협동조합 별사탕학교(지자체),,https://apis.data.go.kr/B552474/OdsnCodeInquiryService2/getOdsnOrgCodeInquiryList2
PUB-002B,3722,,,73,SK청솔노인복지관,,https://apis.data.go.kr/B552474/OdsnCodeInquiryService2/getOdsnOrgCodeInquiryList2
PUB-002B,3723,,,730,햇빛노인복지센터,,https://apis.data.go.kr/B552474/OdsnCodeInquiryService2/getOdsnOrgCodeInquiryList2
PUB-002B,3724,,,730083,사단법인 한국미래비전협회,,https://apis.data.go.kr/B552474/OdsnCodeInquiryService2/getOdsnOrgCodeInquiryList2
PUB-002B,3725,,,731083,청주청원시니어클럽,,https://apis.data.go.kr/B552474/OdsnCodeInquiryService2/getOdsnOrgCodeInquiryList2
PUB-002B,3726,,,732,대한노인회 광주 동구지회,,https://apis.data.go.kr/B552474/OdsnCodeInquiryService2/getOdsnOrgCodeInquiryList2
PUB-002B,3727,,,733,금산인삼골건강마을,,https://apis.data.go.kr/B552474/OdsnCodeInquiryService2/getOdsnOrgCodeInquiryList2
PUB-002B,3728,,,733083,사회복지법인 우성나눔재단,,https://apis.data.go.kr/B552474/OdsnCodeInquiryService2/getOdsnOrgCodeInquiryList2
PUB-002B,3729,,,734083,(사)한국노인의전화 대전지회,,https://apis.data.go.kr/B552474/OdsnCodeInquiryService2/getOdsnOrgCodeInquiryList2
PUB-002B,3730,,,735083,영광시니어클럽,,https://apis.data.go.kr/B552474/OdsnCodeInquiryService2/getOdsnOrgCodeInquiryList2
PUB-002B,3731,,,736,대한노인회 서울 관악구지회,,https://apis.data.go.kr/B552474/OdsnCodeInquiryService2/getOdsnOrgCodeInquiryList2
PUB-002B,3732,,,736083,(주)제이엠커리어 천안지사,,https://apis.data.go.kr/B552474/OdsnCodeInquiryService2/getOdsnOrgCodeInquiryList2
PUB-002B,3733,,,737,광산노인복지센터,,https://apis.data.go.kr/B552474/OdsnCodeInquiryService2/getOdsnOrgCodeInquiryList2
PUB-002B,3734,,,737083,주식회사 코끼리공장(부산),,https://apis.data.go.kr/B552474/OdsnCodeInquiryService2/getOdsnOrgCodeInquiryList2
PUB-002B,3735,,,738,청담종합사회복지관,,https://apis.data.go.kr/B552474/OdsnCodeInquiryService2/getOdsnOrgCodeInquiryList2
PUB-002B,3736,,,738084,케이잡스 부천지사,,https://apis.data.go.kr/B552474/OdsnCodeInquiryService2/getOdsnOrgCodeInquiryList2
PUB-002B,3737,,,739,밀양노인통합지원센터,,https://apis.data.go.kr/B552474/OdsnCodeInquiryService2/getOdsnOrgCodeInquiryList2
PUB-002B,3738,,,739083,오산상공회의소,,https://apis.data.go.kr/B552474/OdsnCodeInquiryService2/getOdsnOrgCodeInquiryList2
PUB-002B,3739,,,74,서호노인복지관,,https://apis.data.go.kr/B552474/OdsnCodeInquiryService2/getOdsnOrgCodeInquiryList2
PUB-002B,3740,,,740,대한노인회 노원구지회,,https://apis.data.go.kr/B552474/OdsnCodeInquiryService2/getOdsnOrgCodeInquiryList2
PUB-002B,3741,,,740083,(주)지에스씨넷 부산지점,,https://apis.data.go.kr/B552474/OdsnCodeInquiryService2/getOdsnOrgCodeInquiryList2
PUB-002B,3742,,,740084,오산상공회의소,,https://apis.data.go.kr/B552474/OdsnCodeInquiryService2/getOdsnOrgCodeInquiryList2
PUB-002B,3743,,,74083,성북시니어클럽,,https://apis.data.go.kr/B552474/OdsnCodeInquiryService2/getOdsnOrgCodeInquiryList2
PUB-002B,3744,,,74085,남가좌2동주민센터,,https://apis.data.go.kr/B552474/OdsnCodeInquiryService2/getOdsnOrgCodeInquiryList2
PUB-002B,3745,,,742,대구누리노인복지센터,,https://apis.data.go.kr/B552474/OdsnCodeInquiryService2/getOdsnOrgCodeInquiryList2
PUB-002B,3746,,,742084,세무법인길,,https://apis.data.go.kr/B552474/OdsnCodeInquiryService2/getOdsnOrgCodeInquiryList2
PUB-002B,3747,,,743,대한노인회 서울 용산구지회,,https://apis.data.go.kr/B552474/OdsnCodeInquiryService2/getOdsnOrgCodeInquiryList2
PUB-002B,3748,,,743083,사단법인중소기업융합경기연합회,,https://apis.data.go.kr/B552474/OdsnCodeInquiryService2/getOdsnOrgCodeInquiryList2
PUB-002B,3749,,,744,대한불교조계종금산사복지원전주서원시니어클럽,,https://apis.data.go.kr/B552474/OdsnCodeInquiryService2/getOdsnOrgCodeInquiryList2
PUB-002B,3750,,,744083,주식회사 채움에이치알디,,https://apis.data.go.kr/B552474/OdsnCodeInquiryService2/getOdsnOrgCodeInquiryList2
PUB-002B,3751,,,744084,(주)제이앤비컨설팅,,https://apis.data.go.kr/B552474/OdsnCodeInquiryService2/getOdsnOrgCodeInquiryList2
PUB-002B,3752,,,745,전주시 재가노인복지협회,,https://apis.data.go.kr/B552474/OdsnCodeInquiryService2/getOdsnOrgCodeInquiryList2
PUB-002B,3753,,,745083,(주)지에스씨넷 인천지점,,https://apis.data.go.kr/B552474/OdsnCodeInquiryService2/getOdsnOrgCodeInquiryList2
PUB-002B,3754,,,746,진해자은사회복지관,,https://apis.data.go.kr/B552474/OdsnCodeInquiryService2/getOdsnOrgCodeInquiryList2
PUB-002B,3755,,,746083,시흥상공회의소,,https://apis.data.go.kr/B552474/OdsnCodeInquiryService2/getOdsnOrgCodeInquiryList2
PUB-002B,3756,,,747,대한노인회 강원 양구군지회,,https://apis.data.go.kr/B552474/OdsnCodeInquiryService2/getOdsnOrgCodeInquiryList2
PUB-002B,3757,,,747083,인크루트 주식회사,,https://apis.data.go.kr/B552474/OdsnCodeInquiryService2/getOdsnOrgCodeInquiryList2
PUB-002B,3758,,,747084,(사)충북경영자총협회(민간),,https://apis.data.go.kr/B552474/OdsnCodeInquiryService2/getOdsnOrgCodeInquiryList2
PUB-002B,3759,,,748,로사사회봉사회(부산종합사회복지관),,https://apis.data.go.kr/B552474/OdsnCodeInquiryService2/getOdsnOrgCodeInquiryList2
PUB-002B,3760,,,748083,(주)메이크인 성남지사,,https://apis.data.go.kr/B552474/OdsnCodeInquiryService2/getOdsnOrgCodeInquiryList2
PUB-002B,3761,,,749,(사)나눔과보람복지회,,https://apis.data.go.kr/B552474/OdsnCodeInquiryService2/getOdsnOrgCodeInquiryList2
PUB-002B,3762,,,749083,주식회사조인스잡 천안지사,,https://apis.data.go.kr/B552474/OdsnCodeInquiryService2/getOdsnOrgCodeInquiryList2
PUB-002B,3763,,,75,상록구노인복지관,,https://apis.data.go.kr/B552474/OdsnCodeInquiryService2/getOdsnOrgCodeInquiryList2
PUB-002B,3764,,,750,강원 화천군지회,,https://apis.data.go.kr/B552474/OdsnCodeInquiryService2/getOdsnOrgCodeInquiryList2
PUB-002B,3765,,,750083,(주)메이크인 안양지사,,https://apis.data.go.kr/B552474/OdsnCodeInquiryService2/getOdsnOrgCodeInquiryList2
PUB-002B,3766,,,75083,주식회사옛솜씨힐링빌리지,,https://apis.data.go.kr/B552474/OdsnCodeInquiryService2/getOdsnOrgCodeInquiryList2
PUB-002B,3767,,,751,마산희망지역자활센터,,https://apis.data.go.kr/B552474/OdsnCodeInquiryService2/getOdsnOrgCodeInquiryList2
PUB-002B,3768,,,751083,제이엠커리어 서울서부,,https://apis.data.go.kr/B552474/OdsnCodeInquiryService2/getOdsnOrgCodeInquiryList2
PUB-002B,3769,,,752,청주우암시니어클럽,,https://apis.data.go.kr/B552474/OdsnCodeInquiryService2/getOdsnOrgCodeInquiryList2
PUB-002B,3770,,,752083,제주느영나영시니어클럽,,https://apis.data.go.kr/B552474/OdsnCodeInquiryService2/getOdsnOrgCodeInquiryList2
PUB-002B,3771,,,753,대한노인회 임실군지회,,https://apis.data.go.kr/B552474/OdsnCodeInquiryService2/getOdsnOrgCodeInquiryList2
PUB-002B,3772,,,753083,수원시니어클럽(민간),,https://apis.data.go.kr/B552474/OdsnCodeInquiryService2/getOdsnOrgCodeInquiryList2
PUB-002B,3773,,,754,울산광역시노인보호전문기관,,https://apis.data.go.kr/B552474/OdsnCodeInquiryService2/getOdsnOrgCodeInquiryList2
PUB-002B,3774,,,754083,혁신과미래 사회적협동조합,,https://apis.data.go.kr/B552474/OdsnCodeInquiryService2/getOdsnOrgCodeInquiryList2
PUB-002B,3775,,,755,경상북도노인보호전문기관,,https://apis.data.go.kr/B552474/OdsnCodeInquiryService2/getOdsnOrgCodeInquiryList2
PUB-002B,3776,,,755083,포항일자리창출시니어클럽,,https://apis.data.go.kr/B552474/OdsnCodeInquiryService2/getOdsnOrgCodeInquiryList2
PUB-002B,3777,,,755084,대성엘티(주),,https://apis.data.go.kr/B552474/OdsnCodeInquiryService2/getOdsnOrgCodeInquiryList2
PUB-002B,3778,,,756,대한노인회 경북 경주시지회,,https://apis.data.go.kr/B552474/OdsnCodeInquiryService2/getOdsnOrgCodeInquiryList2
PUB-002B,3779,,,756083,(주)대원크리닝,,https://apis.data.go.kr/B552474/OdsnCodeInquiryService2/getOdsnOrgCodeInquiryList2
PUB-002B,3780,,,757,대한노인회 대전 유성구지회,,https://apis.data.go.kr/B552474/OdsnCodeInquiryService2/getOdsnOrgCodeInquiryList2
PUB-002B,3781,,,757083,마포시니어클럽(민간),,https://apis.data.go.kr/B552474/OdsnCodeInquiryService2/getOdsnOrgCodeInquiryList2
PUB-002B,3782,,,758,안동YMCA,,https://apis.data.go.kr/B552474/OdsnCodeInquiryService2/getOdsnOrgCodeInquiryList2
PUB-002B,3783,,,758083,양주시니어클럽,,https://apis.data.go.kr/B552474/OdsnCodeInquiryService2/getOdsnOrgCodeInquiryList2
PUB-002B,3784,,,759,안동시종합사회복지관,,https://apis.data.go.kr/B552474/OdsnCodeInquiryService2/getOdsnOrgCodeInquiryList2
PUB-002B,3785,,,759083,(주)우리식품,,https://apis.data.go.kr/B552474/OdsnCodeInquiryService2/getOdsnOrgCodeInquiryList2
PUB-002B,3786,,,76,안양시노인종합복지관,,https://apis.data.go.kr/B552474/OdsnCodeInquiryService2/getOdsnOrgCodeInquiryList2
PUB-002B,3787,,,760,대한노인회 경북 안동시지회,,https://apis.data.go.kr/B552474/OdsnCodeInquiryService2/getOdsnOrgCodeInquiryList2
PUB-002B,3788,,,760083,(주)지에스씨넷 전주지점,,https://apis.data.go.kr/B552474/OdsnCodeInquiryService2/getOdsnOrgCodeInquiryList2
PUB-002B,3789,,,76083,(재)경상남도평생교육진흥원,,https://apis.data.go.kr/B552474/OdsnCodeInquiryService2/getOdsnOrgCodeInquiryList2
PUB-002B,3790,,,76084,남서울실용전문학교,,https://apis.data.go.kr/B552474/OdsnCodeInquiryService2/getOdsnOrgCodeInquiryList2
PUB-002B,3791,,,76085,제주평생교육장학진흥원,,https://apis.data.go.kr/B552474/OdsnCodeInquiryService2/getOdsnOrgCodeInquiryList2
PUB-002B,3792,,,76086,제주평생교육장학진흥원,,https://apis.data.go.kr/B552474/OdsnCodeInquiryService2/getOdsnOrgCodeInquiryList2
PUB-002B,3793,,,761,안동시자원봉사센터,,https://apis.data.go.kr/B552474/OdsnCodeInquiryService2/getOdsnOrgCodeInquiryList2
PUB-002B,3794,,,761083,포항일자리창출시니어클럽,,https://apis.data.go.kr/B552474/OdsnCodeInquiryService2/getOdsnOrgCodeInquiryList2
PUB-002B,3795,,,761084,스탭스(주)서영사무소,,https://apis.data.go.kr/B552474/OdsnCodeInquiryService2/getOdsnOrgCodeInquiryList2
PUB-002B,3796,,,761085,포항일자리창출시니어클럽,,https://apis.data.go.kr/B552474/OdsnCodeInquiryService2/getOdsnOrgCodeInquiryList2
PUB-002B,3797,,,762,강남노인종합복지관,,https://apis.data.go.kr/B552474/OdsnCodeInquiryService2/getOdsnOrgCodeInquiryList2
PUB-002B,3798,,,762083,주식회사코끼리공장,,https://apis.data.go.kr/B552474/OdsnCodeInquiryService2/getOdsnOrgCodeInquiryList2
PUB-002B,3799,,,763,대한노인회 충남 태안군지회,,https://apis.data.go.kr/B552474/OdsnCodeInquiryService2/getOdsnOrgCodeInquiryList2
PUB-002B,3800,,,764,양산시종합사회복지관,,https://apis.data.go.kr/B552474/OdsnCodeInquiryService2/getOdsnOrgCodeInquiryList2
PUB-002B,3801,,,764083,(주)지에스씨넷(민간),,https://apis.data.go.kr/B552474/OdsnCodeInquiryService2/getOdsnOrgCodeInquiryList2
PUB-002B,3802,,,765,양산시 성요셉의집,,https://apis.data.go.kr/B552474/OdsnCodeInquiryService2/getOdsnOrgCodeInquiryList2
PUB-002B,3803,,,765083,(주)제이엠커리어 원주지사,,https://apis.data.go.kr/B552474/OdsnCodeInquiryService2/getOdsnOrgCodeInquiryList2
PUB-002B,3804,,,765084,국민건강보험동우회사회적협동조합,,https://apis.data.go.kr/B552474/OdsnCodeInquiryService2/getOdsnOrgCodeInquiryList2
PUB-002B,3805,,,766,대한노인회 전남 나주시지회,,https://apis.data.go.kr/B552474/OdsnCodeInquiryService2/getOdsnOrgCodeInquiryList2
PUB-002B,3806,,,766083,주식회사 비엘아이,,https://apis.data.go.kr/B552474/OdsnCodeInquiryService2/getOdsnOrgCodeInquiryList2
PUB-002B,3807,,,767,영산포종합사회복지관,,https://apis.data.go.kr/B552474/OdsnCodeInquiryService2/getOdsnOrgCodeInquiryList2
PUB-002B,3808,,,767083,(주)가보팜스,,https://apis.data.go.kr/B552474/OdsnCodeInquiryService2/getOdsnOrgCodeInquiryList2
PUB-002B,3809,,,768,임실노인복지센터,,https://apis.data.go.kr/B552474/OdsnCodeInquiryService2/getOdsnOrgCodeInquiryList2
PUB-002B,3810,,,769,충청북도노인보호전문기관,,https://apis.data.go.kr/B552474/OdsnCodeInquiryService2/getOdsnOrgCodeInquiryList2
PUB-002B,3811,,,770,나주종합사회복지관,,https://apis.data.go.kr/B552474/OdsnCodeInquiryService2/getOdsnOrgCodeInquiryList2
PUB-002B,3812,,,77083,사회복지법인하섬원이서노인복지센터,,https://apis.data.go.kr/B552474/OdsnCodeInquiryService2/getOdsnOrgCodeInquiryList2
PUB-002B,3813,,,771,대한노인회 경기 안산시 상록구지회,,https://apis.data.go.kr/B552474/OdsnCodeInquiryService2/getOdsnOrgCodeInquiryList2
PUB-002B,3814,,,771083,메디컬건강면원협동조합,,https://apis.data.go.kr/B552474/OdsnCodeInquiryService2/getOdsnOrgCodeInquiryList2
PUB-002B,3815,,,772,(사)경남시각장애인복지연합회 밀양지회,,https://apis.data.go.kr/B552474/OdsnCodeInquiryService2/getOdsnOrgCodeInquiryList2
PUB-002B,3816,,,773,대한노인회 경남 합천군지회,,https://apis.data.go.kr/B552474/OdsnCodeInquiryService2/getOdsnOrgCodeInquiryList2
PUB-002B,3817,,,773083,사단법인전남고용노동연구원,,https://apis.data.go.kr/B552474/OdsnCodeInquiryService2/getOdsnOrgCodeInquiryList2
PUB-002B,3818,,,774,대한노인회 충남 예산군지회,,https://apis.data.go.kr/B552474/OdsnCodeInquiryService2/getOdsnOrgCodeInquiryList2
PUB-002B,3819,,,774084,(주)처가식품,,https://apis.data.go.kr/B552474/OdsnCodeInquiryService2/getOdsnOrgCodeInquiryList2
PUB-002B,3820,,,775,제주특별자치도노인보호전문기관,,https://apis.data.go.kr/B552474/OdsnCodeInquiryService2/getOdsnOrgCodeInquiryList2
PUB-002B,3821,,,775083,열매어린이집,,https://apis.data.go.kr/B552474/OdsnCodeInquiryService2/getOdsnOrgCodeInquiryList2
PUB-002B,3822,,,776,금천누리종합사회복지관,,https://apis.data.go.kr/B552474/OdsnCodeInquiryService2/getOdsnOrgCodeInquiryList2
PUB-002B,3823,,,776083,(주)한국커리어잡스,,https://apis.data.go.kr/B552474/OdsnCodeInquiryService2/getOdsnOrgCodeInquiryList2
PUB-002B,3824,,,777,북부종합사회복지관,,https://apis.data.go.kr/B552474/OdsnCodeInquiryService2/getOdsnOrgCodeInquiryList2
PUB-002B,3825,,,777083,(주)대륙제관,,https://apis.data.go.kr/B552474/OdsnCodeInquiryService2/getOdsnOrgCodeInquiryList2
PUB-002B,3826,,,778,노원1종합사회복지관,,https://apis.data.go.kr/B552474/OdsnCodeInquiryService2/getOdsnOrgCodeInquiryList2
PUB-002B,3827,,,779,영통종합사회복지관,,https://apis.data.go.kr/B552474/OdsnCodeInquiryService2/getOdsnOrgCodeInquiryList2
PUB-002B,3828,,,779083,상신브레이크(주),,https://apis.data.go.kr/B552474/OdsnCodeInquiryService2/getOdsnOrgCodeInquiryList2
PUB-002B,3829,,,780,내서종합사회복지관,,https://apis.data.go.kr/B552474/OdsnCodeInquiryService2/getOdsnOrgCodeInquiryList2
PUB-002B,3830,,,780083,주식회사 달산,,https://apis.data.go.kr/B552474/OdsnCodeInquiryService2/getOdsnOrgCodeInquiryList2
PUB-002B,3831,,,78083,서대문시니어클럽,,https://apis.data.go.kr/B552474/OdsnCodeInquiryService2/getOdsnOrgCodeInquiryList2
PUB-002B,3832,,,781,통도사자비원 노인복지센터,,https://apis.data.go.kr/B552474/OdsnCodeInquiryService2/getOdsnOrgCodeInquiryList2
PUB-002B,3833,,,781083,(주)씨에이에스,,https://apis.data.go.kr/B552474/OdsnCodeInquiryService2/getOdsnOrgCodeInquiryList2
PUB-002B,3834,,,782,옥포종합사회복지관,,https://apis.data.go.kr/B552474/OdsnCodeInquiryService2/getOdsnOrgCodeInquiryList2
PUB-002B,3835,,,782083,(주)한국환경종합건축사사무소,,https://apis.data.go.kr/B552474/OdsnCodeInquiryService2/getOdsnOrgCodeInquiryList2
PUB-002B,3836,,,782086,임실시니어클럽(민간),,https://apis.data.go.kr/B552474/OdsnCodeInquiryService2/getOdsnOrgCodeInquiryList2
PUB-002B,3837,,,782089,사단법인 효림복지센터(민간),,https://apis.data.go.kr/B552474/OdsnCodeInquiryService2/getOdsnOrgCodeInquiryList2
PUB-002B,3838,,,782090,사단법인 효림복지센터(민간),,https://apis.data.go.kr/B552474/OdsnCodeInquiryService2/getOdsnOrgCodeInquiryList2
PUB-002B,3839,,,782091,사단법인 효림복지센터(민간),,https://apis.data.go.kr/B552474/OdsnCodeInquiryService2/getOdsnOrgCodeInquiryList2
PUB-002B,3840,,,782092,전주서원시니어클럽(민간),,https://apis.data.go.kr/B552474/OdsnCodeInquiryService2/getOdsnOrgCodeInquiryList2
PUB-002B,3841,,,782093,광주남구시니어클럽(민간),,https://apis.data.go.kr/B552474/OdsnCodeInquiryService2/getOdsnOrgCodeInquiryList2
PUB-002B,3842,,,782094,순천시니어클럽(민간),,https://apis.data.go.kr/B552474/OdsnCodeInquiryService2/getOdsnOrgCodeInquiryList2
PUB-002B,3843,,,782095,여수시니어클럽(민간),,https://apis.data.go.kr/B552474/OdsnCodeInquiryService2/getOdsnOrgCodeInquiryList2
PUB-002B,3844,,,782096,광주북구시니어클럽(민간),,https://apis.data.go.kr/B552474/OdsnCodeInquiryService2/getOdsnOrgCodeInquiryList2
PUB-002B,3845,,,782097,광주광산시니어클럽(민간),,https://apis.data.go.kr/B552474/OdsnCodeInquiryService2/getOdsnOrgCodeInquiryList2
PUB-002B,3846,,,782098,광주동구시니어클럽(민간),,https://apis.data.go.kr/B552474/OdsnCodeInquiryService2/getOdsnOrgCodeInquiryList2
PUB-002B,3847,,,782099,완도시니어클럽(민간),,https://apis.data.go.kr/B552474/OdsnCodeInquiryService2/getOdsnOrgCodeInquiryList2
PUB-002B,3848,,,783,대한노인회 경기 수원시 권선구지회,,https://apis.data.go.kr/B552474/OdsnCodeInquiryService2/getOdsnOrgCodeInquiryList2
PUB-002B,3849,,,783083,영농조합법인 팔공김치,,https://apis.data.go.kr/B552474/OdsnCodeInquiryService2/getOdsnOrgCodeInquiryList2
PUB-002B,3850,,,784,밀양시보육시설연합회,,https://apis.data.go.kr/B552474/OdsnCodeInquiryService2/getOdsnOrgCodeInquiryList2
PUB-002B,3851,,,784083,(주)건진이앤씨,,https://apis.data.go.kr/B552474/OdsnCodeInquiryService2/getOdsnOrgCodeInquiryList2
PUB-002B,3852,,,785,당감종합사회복지관,,https://apis.data.go.kr/B552474/OdsnCodeInquiryService2/getOdsnOrgCodeInquiryList2
PUB-002B,3853,,,785083,농업법인(주)옻가네,,https://apis.data.go.kr/B552474/OdsnCodeInquiryService2/getOdsnOrgCodeInquiryList2
PUB-002B,3854,,,785084,주식회사 제이물산,,https://apis.data.go.kr/B552474/OdsnCodeInquiryService2/getOdsnOrgCodeInquiryList2
PUB-002B,3855,,,786,단원구노인복지관,,https://apis.data.go.kr/B552474/OdsnCodeInquiryService2/getOdsnOrgCodeInquiryList2
PUB-002B,3856,,,786083,고려전선(주),,https://apis.data.go.kr/B552474/OdsnCodeInquiryService2/getOdsnOrgCodeInquiryList2
PUB-002B,3857,,,787,대한노인회 서울 강북구지회,,https://apis.data.go.kr/B552474/OdsnCodeInquiryService2/getOdsnOrgCodeInquiryList2
PUB-002B,3858,,,787083,씨지에프주식회사,,https://apis.data.go.kr/B552474/OdsnCodeInquiryService2/getOdsnOrgCodeInquiryList2
PUB-002B,3859,,,788,개금종합사회복지관,,https://apis.data.go.kr/B552474/OdsnCodeInquiryService2/getOdsnOrgCodeInquiryList2
PUB-002B,3860,,,788083,농업회사법인 (주)영풍,,https://apis.data.go.kr/B552474/OdsnCodeInquiryService2/getOdsnOrgCodeInquiryList2
PUB-002B,3861,,,788084,주식회사 에코플러스,,https://apis.data.go.kr/B552474/OdsnCodeInquiryService2/getOdsnOrgCodeInquiryList2
PUB-002B,3862,,,789,경기 안산단원구지회,,https://apis.data.go.kr/B552474/OdsnCodeInquiryService2/getOdsnOrgCodeInquiryList2
PUB-002B,3863,,,789083,(주)대현글로벌,,https://apis.data.go.kr/B552474/OdsnCodeInquiryService2/getOdsnOrgCodeInquiryList2
PUB-002B,3864,,,79,의왕시노인복지회관,,https://apis.data.go.kr/B552474/OdsnCodeInquiryService2/getOdsnOrgCodeInquiryList2
PUB-002B,3865,,,790,임실원광노인복지센터,,https://apis.data.go.kr/B552474/OdsnCodeInquiryService2/getOdsnOrgCodeInquiryList2
PUB-002B,3866,,,790083,합자회사 금남엔지니어링,,https://apis.data.go.kr/B552474/OdsnCodeInquiryService2/getOdsnOrgCodeInquiryList2
PUB-002B,3867,,,791,영주시종합사회복지관,,https://apis.data.go.kr/B552474/OdsnCodeInquiryService2/getOdsnOrgCodeInquiryList2
PUB-002B,3868,,,791083,남동시니어클럽(민간),,https://apis.data.go.kr/B552474/OdsnCodeInquiryService2/getOdsnOrgCodeInquiryList2
PUB-002B,3869,,,791084,인천계양시니어클럽(민간),,https://apis.data.go.kr/B552474/OdsnCodeInquiryService2/getOdsnOrgCodeInquiryList2
PUB-002B,3870,,,791086,강남시니어클럽(민간),,https://apis.data.go.kr/B552474/OdsnCodeInquiryService2/getOdsnOrgCodeInquiryList2
PUB-002B,3871,,,791087,서울강서시니어클럽(민간),,https://apis.data.go.kr/B552474/OdsnCodeInquiryService2/getOdsnOrgCodeInquiryList2
PUB-002B,3872,,,791088,(주)농업회사법인 팜월드,,https://apis.data.go.kr/B552474/OdsnCodeInquiryService2/getOdsnOrgCodeInquiryList2
PUB-002B,3873,,,791089,울산동구시니어클럽(민간),,https://apis.data.go.kr/B552474/OdsnCodeInquiryService2/getOdsnOrgCodeInquiryList2
PUB-002B,3874,,,791090,전주효자시니어클럽(민간),,https://apis.data.go.kr/B552474/OdsnCodeInquiryService2/getOdsnOrgCodeInquiryList2
PUB-002B,3875,,,791091,전주시노인취업지원센터(민간),,https://apis.data.go.kr/B552474/OdsnCodeInquiryService2/getOdsnOrgCodeInquiryList2
PUB-002B,3876,,,791092,경주시니어클럽(민간),,https://apis.data.go.kr/B552474/OdsnCodeInquiryService2/getOdsnOrgCodeInquiryList2
PUB-002B,3877,,,791093,익산시노인종합복지관(민간),,https://apis.data.go.kr/B552474/OdsnCodeInquiryService2/getOdsnOrgCodeInquiryList2
PUB-002B,3878,,,791094,경북영천시니어클럽(민간),,https://apis.data.go.kr/B552474/OdsnCodeInquiryService2/getOdsnOrgCodeInquiryList2
PUB-002B,3879,,,791095,장수시니어클럽(지자체),,https://apis.data.go.kr/B552474/OdsnCodeInquiryService2/getOdsnOrgCodeInquiryList2
PUB-002B,3880,,,792083,주식회사 케이알엔지니어링,,https://apis.data.go.kr/B552474/OdsnCodeInquiryService2/getOdsnOrgCodeInquiryList2
PUB-002B,3881,,,792084,(주)케이씨에이,,https://apis.data.go.kr/B552474/OdsnCodeInquiryService2/getOdsnOrgCodeInquiryList2
PUB-002B,3882,,,793,창녕노인통합지원센터,,https://apis.data.go.kr/B552474/OdsnCodeInquiryService2/getOdsnOrgCodeInquiryList2
PUB-002B,3883,,,793083,노원시니어클럽(민간),,https://apis.data.go.kr/B552474/OdsnCodeInquiryService2/getOdsnOrgCodeInquiryList2
PUB-002B,3884,,,794,중계종합사회복지관,,https://apis.data.go.kr/B552474/OdsnCodeInquiryService2/getOdsnOrgCodeInquiryList2
PUB-002B,3885,,,794083,의료법인 성애의료재단,,https://apis.data.go.kr/B552474/OdsnCodeInquiryService2/getOdsnOrgCodeInquiryList2
PUB-002B,3886,,,795,한국노인복지회,,https://apis.data.go.kr/B552474/OdsnCodeInquiryService2/getOdsnOrgCodeInquiryList2
PUB-002B,3887,,,795083,여민동락사회적협동조합,,https://apis.data.go.kr/B552474/OdsnCodeInquiryService2/getOdsnOrgCodeInquiryList2
PUB-002B,3888,,,795084,순창시니어클럽,,https://apis.data.go.kr/B552474/OdsnCodeInquiryService2/getOdsnOrgCodeInquiryList2
PUB-002B,3889,,,795085,(주)우진켐,,https://apis.data.go.kr/B552474/OdsnCodeInquiryService2/getOdsnOrgCodeInquiryList2
PUB-002B,3890,,,796,이레노인종합재가센터,,https://apis.data.go.kr/B552474/OdsnCodeInquiryService2/getOdsnOrgCodeInquiryList2
PUB-002B,3891,,,796083,(주)누리,,https://apis.data.go.kr/B552474/OdsnCodeInquiryService2/getOdsnOrgCodeInquiryList2
PUB-002B,3892,,,797,사상구종합사회복지관,,https://apis.data.go.kr/B552474/OdsnCodeInquiryService2/getOdsnOrgCodeInquiryList2
PUB-002B,3893,,,797083,의료법인 정산의료재단 효성병원,,https://apis.data.go.kr/B552474/OdsnCodeInquiryService2/getOdsnOrgCodeInquiryList2
PUB-002B,3894,,,797084,삼성염직(주),,https://apis.data.go.kr/B552474/OdsnCodeInquiryService2/getOdsnOrgCodeInquiryList2
PUB-002B,3895,,,798,대한노인회 경남 양산시지회,,https://apis.data.go.kr/B552474/OdsnCodeInquiryService2/getOdsnOrgCodeInquiryList2
PUB-002B,3896,,,798083,(주)뉴동명관광,,https://apis.data.go.kr/B552474/OdsnCodeInquiryService2/getOdsnOrgCodeInquiryList2
PUB-002B,3897,,,799,마포보사재가노인복지기관,,https://apis.data.go.kr/B552474/OdsnCodeInquiryService2/getOdsnOrgCodeInquiryList2
PUB-002B,3898,,,799083,유한회사 빛고운도예,,https://apis.data.go.kr/B552474/OdsnCodeInquiryService2/getOdsnOrgCodeInquiryList2
PUB-002B,3899,,,8,도봉노인종합복지관,,https://apis.data.go.kr/B552474/OdsnCodeInquiryService2/getOdsnOrgCodeInquiryList2
PUB-002B,3900,,,80,의정부노인종합복지관,,https://apis.data.go.kr/B552474/OdsnCodeInquiryService2/getOdsnOrgCodeInquiryList2
PUB-002B,3901,,,800,대한노인회 서울 마포구지회,,https://apis.data.go.kr/B552474/OdsnCodeInquiryService2/getOdsnOrgCodeInquiryList2
PUB-002B,3902,,,800083,(주)선일물산,,https://apis.data.go.kr/B552474/OdsnCodeInquiryService2/getOdsnOrgCodeInquiryList2
PUB-002B,3903,,,80083,여수시 치매안심센터,,https://apis.data.go.kr/B552474/OdsnCodeInquiryService2/getOdsnOrgCodeInquiryList2
PUB-002B,3904,,,801,성산종합사회복지관,,https://apis.data.go.kr/B552474/OdsnCodeInquiryService2/getOdsnOrgCodeInquiryList2
PUB-002B,3905,,,801083,한국생명존중희망재단,,https://apis.data.go.kr/B552474/OdsnCodeInquiryService2/getOdsnOrgCodeInquiryList2
PUB-002B,3906,,,802,한국씨니어연합,,https://apis.data.go.kr/B552474/OdsnCodeInquiryService2/getOdsnOrgCodeInquiryList2
PUB-002B,3907,,,802083,청학노인복지관,,https://apis.data.go.kr/B552474/OdsnCodeInquiryService2/getOdsnOrgCodeInquiryList2
PUB-002B,3908,,,803,유성시니어클럽,,https://apis.data.go.kr/B552474/OdsnCodeInquiryService2/getOdsnOrgCodeInquiryList2
PUB-002B,3909,,,803083,진성로프 주식회사,,https://apis.data.go.kr/B552474/OdsnCodeInquiryService2/getOdsnOrgCodeInquiryList2
PUB-002B,3910,,,804083,이천시 청미노인복지관,,https://apis.data.go.kr/B552474/OdsnCodeInquiryService2/getOdsnOrgCodeInquiryList2
PUB-002B,3911,,,805,대한노인회 경기 수원시 영통구지회,,https://apis.data.go.kr/B552474/OdsnCodeInquiryService2/getOdsnOrgCodeInquiryList2
PUB-002B,3912,,,805083,대야노인복지관,,https://apis.data.go.kr/B552474/OdsnCodeInquiryService2/getOdsnOrgCodeInquiryList2
PUB-002B,3913,,,806,대한노인회 경북 영천시지회,,https://apis.data.go.kr/B552474/OdsnCodeInquiryService2/getOdsnOrgCodeInquiryList2
PUB-002B,3914,,,806083,임하댐노인복지관,,https://apis.data.go.kr/B552474/OdsnCodeInquiryService2/getOdsnOrgCodeInquiryList2
PUB-002B,3915,,,807,고성지역자활센터,,https://apis.data.go.kr/B552474/OdsnCodeInquiryService2/getOdsnOrgCodeInquiryList2
PUB-002B,3916,,,807083,무주노인종합복지관,,https://apis.data.go.kr/B552474/OdsnCodeInquiryService2/getOdsnOrgCodeInquiryList2
PUB-002B,3917,,,808,대한노인회 인천 계양구지회,,https://apis.data.go.kr/B552474/OdsnCodeInquiryService2/getOdsnOrgCodeInquiryList2
PUB-002B,3918,,,808083,시니어클럽,,https://apis.data.go.kr/B552474/OdsnCodeInquiryService2/getOdsnOrgCodeInquiryList2
PUB-002B,3919,,,8084,삼천포종합사회복지관,,https://apis.data.go.kr/B552474/OdsnCodeInquiryService2/getOdsnOrgCodeInquiryList2
PUB-002B,3920,,,809,버드내노인복지관,,https://apis.data.go.kr/B552474/OdsnCodeInquiryService2/getOdsnOrgCodeInquiryList2
PUB-002B,3921,,,81,송산노인종합복지관,,https://apis.data.go.kr/B552474/OdsnCodeInquiryService2/getOdsnOrgCodeInquiryList2
PUB-002B,3922,,,810,대한노인회 경기 시흥시지회,,https://apis.data.go.kr/B552474/OdsnCodeInquiryService2/getOdsnOrgCodeInquiryList2
PUB-002B,3923,,,810083,주식회사 나도쉐프,,https://apis.data.go.kr/B552474/OdsnCodeInquiryService2/getOdsnOrgCodeInquiryList2
PUB-002B,3924,,,81083,청주시 청원보건소(치매안심센터),,https://apis.data.go.kr/B552474/OdsnCodeInquiryService2/getOdsnOrgCodeInquiryList2
PUB-002B,3925,,,81084,순천시 치매안심센터,,https://apis.data.go.kr/B552474/OdsnCodeInquiryService2/getOdsnOrgCodeInquiryList2
PUB-002B,3926,,,811,대한노인회 충남 아산시지회,,https://apis.data.go.kr/B552474/OdsnCodeInquiryService2/getOdsnOrgCodeInquiryList2
PUB-002B,3927,,,811083,(주)해저식품,,https://apis.data.go.kr/B552474/OdsnCodeInquiryService2/getOdsnOrgCodeInquiryList2
PUB-002B,3928,,,812,금정구종합사회복지관,,https://apis.data.go.kr/B552474/OdsnCodeInquiryService2/getOdsnOrgCodeInquiryList2
PUB-002B,3929,,,812083,주식회사 무궁화,,https://apis.data.go.kr/B552474/OdsnCodeInquiryService2/getOdsnOrgCodeInquiryList2
PUB-002B,3930,,,813,무봉종합사회복지관,,https://apis.data.go.kr/B552474/OdsnCodeInquiryService2/getOdsnOrgCodeInquiryList2
PUB-002B,3931,,,813083,한국노인인력개발원 경기지역본부,,https://apis.data.go.kr/B552474/OdsnCodeInquiryService2/getOdsnOrgCodeInquiryList2
PUB-002B,3932,,,814,완주노인복지센터,,https://apis.data.go.kr/B552474/OdsnCodeInquiryService2/getOdsnOrgCodeInquiryList2
PUB-002B,3933,,,814083,익산상공회의소(민간),,https://apis.data.go.kr/B552474/OdsnCodeInquiryService2/getOdsnOrgCodeInquiryList2
PUB-002B,3934,,,815,성공회행복노인복지센터,,https://apis.data.go.kr/B552474/OdsnCodeInquiryService2/getOdsnOrgCodeInquiryList2
PUB-002B,3935,,,815083,남강댐노인복지관,,https://apis.data.go.kr/B552474/OdsnCodeInquiryService2/getOdsnOrgCodeInquiryList2
PUB-002B,3936,,,816,초대가정봉사원파견센타,,https://apis.data.go.kr/B552474/OdsnCodeInquiryService2/getOdsnOrgCodeInquiryList2
PUB-002B,3937,,,817,금천구 국공립보육시설연합회,,https://apis.data.go.kr/B552474/OdsnCodeInquiryService2/getOdsnOrgCodeInquiryList2
PUB-002B,3938,,,818,대한노인회 인천 부평구지회,,https://apis.data.go.kr/B552474/OdsnCodeInquiryService2/getOdsnOrgCodeInquiryList2
PUB-002B,3939,,,818083,하남종합사회복지관,,https://apis.data.go.kr/B552474/OdsnCodeInquiryService2/getOdsnOrgCodeInquiryList2
PUB-002B,3940,,,819,금천노인종합복지관,,https://apis.data.go.kr/B552474/OdsnCodeInquiryService2/getOdsnOrgCodeInquiryList2
PUB-002B,3941,,,82,이천시노인종합복지관,,https://apis.data.go.kr/B552474/OdsnCodeInquiryService2/getOdsnOrgCodeInquiryList2
PUB-002B,3942,,,820,상도종합사회복지관,,https://apis.data.go.kr/B552474/OdsnCodeInquiryService2/getOdsnOrgCodeInquiryList2
PUB-002B,3943,,,820083,장암종합사회복지관,,https://apis.data.go.kr/B552474/OdsnCodeInquiryService2/getOdsnOrgCodeInquiryList2
PUB-002B,3944,,,82083,내당노인복지관,,https://apis.data.go.kr/B552474/OdsnCodeInquiryService2/getOdsnOrgCodeInquiryList2
PUB-002B,3945,,,821,(사)대한노인회 충남 천안시지회,,https://apis.data.go.kr/B552474/OdsnCodeInquiryService2/getOdsnOrgCodeInquiryList2
PUB-002B,3946,,,821083,한길회계법인,,https://apis.data.go.kr/B552474/OdsnCodeInquiryService2/getOdsnOrgCodeInquiryList2
PUB-002B,3947,,,821084,한길회계법인,,https://apis.data.go.kr/B552474/OdsnCodeInquiryService2/getOdsnOrgCodeInquiryList2
PUB-002B,3948,,,821085,한길회계법인,,https://apis.data.go.kr/B552474/OdsnCodeInquiryService2/getOdsnOrgCodeInquiryList2
PUB-002B,3949,,,822,양산시웅상노인복지회관,,https://apis.data.go.kr/B552474/OdsnCodeInquiryService2/getOdsnOrgCodeInquiryList2
PUB-002B,3950,,,822083,한길회계법인,,https://apis.data.go.kr/B552474/OdsnCodeInquiryService2/getOdsnOrgCodeInquiryList2
PUB-002B,3951,,,822084,한길회계법인,,https://apis.data.go.kr/B552474/OdsnCodeInquiryService2/getOdsnOrgCodeInquiryList2
PUB-002B,3952,,,822086,한길회계법인,,https://apis.data.go.kr/B552474/OdsnCodeInquiryService2/getOdsnOrgCodeInquiryList2
PUB-002B,3953,,,823,(사)세종YWCA,,https://apis.data.go.kr/B552474/OdsnCodeInquiryService2/getOdsnOrgCodeInquiryList2
PUB-002B,3954,,,824,남원자활후견기관,,https://apis.data.go.kr/B552474/OdsnCodeInquiryService2/getOdsnOrgCodeInquiryList2
PUB-002B,3955,,,824083,대한노인회 경북 울릉군지회,,https://apis.data.go.kr/B552474/OdsnCodeInquiryService2/getOdsnOrgCodeInquiryList2
PUB-002B,3956,,,825,대한노인회 충남 홍성군지회,,https://apis.data.go.kr/B552474/OdsnCodeInquiryService2/getOdsnOrgCodeInquiryList2
PUB-002B,3957,,,825083,동구종합사회복지관,,https://apis.data.go.kr/B552474/OdsnCodeInquiryService2/getOdsnOrgCodeInquiryList2
PUB-002B,3958,,,826,한국전례문화원,,https://apis.data.go.kr/B552474/OdsnCodeInquiryService2/getOdsnOrgCodeInquiryList2
PUB-002B,3959,,,827,대전기독교종합사회복지관,,https://apis.data.go.kr/B552474/OdsnCodeInquiryService2/getOdsnOrgCodeInquiryList2
PUB-002B,3960,,,827083,서부종합사회복지관,,https://apis.data.go.kr/B552474/OdsnCodeInquiryService2/getOdsnOrgCodeInquiryList2
PUB-002B,3961,,,828,미추홀노인복지센터,,https://apis.data.go.kr/B552474/OdsnCodeInquiryService2/getOdsnOrgCodeInquiryList2
PUB-002B,3962,,,829,효경(구지)재가노인지원센터,,https://apis.data.go.kr/B552474/OdsnCodeInquiryService2/getOdsnOrgCodeInquiryList2
PUB-002B,3963,,,829083,재단법인 굿네이버스 미래재단,,https://apis.data.go.kr/B552474/OdsnCodeInquiryService2/getOdsnOrgCodeInquiryList2
PUB-002B,3964,,,83,여주시노인복지관(실버인력뱅크),,https://apis.data.go.kr/B552474/OdsnCodeInquiryService2/getOdsnOrgCodeInquiryList2
PUB-002B,3965,,,830,대한노인회 부산 동래구지회,,https://apis.data.go.kr/B552474/OdsnCodeInquiryService2/getOdsnOrgCodeInquiryList2
PUB-002B,3966,,,830083,진성예담요양원,,https://apis.data.go.kr/B552474/OdsnCodeInquiryService2/getOdsnOrgCodeInquiryList2
PUB-002B,3967,,,83083,서귀포 보건소(치매안심센터),,https://apis.data.go.kr/B552474/OdsnCodeInquiryService2/getOdsnOrgCodeInquiryList2
PUB-002B,3968,,,83084,광주광산구 보건소(치매안심센터),,https://apis.data.go.kr/B552474/OdsnCodeInquiryService2/getOdsnOrgCodeInquiryList2
PUB-002B,3969,,,83085,광주서구 치매안심센터,,https://apis.data.go.kr/B552474/OdsnCodeInquiryService2/getOdsnOrgCodeInquiryList2
PUB-002B,3970,,,83086,세종특별자치시 치매안심센터,,https://apis.data.go.kr/B552474/OdsnCodeInquiryService2/getOdsnOrgCodeInquiryList2
PUB-002B,3971,,,831,대한노인회 전남 무안군지회,,https://apis.data.go.kr/B552474/OdsnCodeInquiryService2/getOdsnOrgCodeInquiryList2
PUB-002B,3972,,,831083,한국노인인력개발원 세종충북지역본부,,https://apis.data.go.kr/B552474/OdsnCodeInquiryService2/getOdsnOrgCodeInquiryList2
PUB-002B,3973,,,832,강진노인복지센터,,https://apis.data.go.kr/B552474/OdsnCodeInquiryService2/getOdsnOrgCodeInquiryList2
PUB-002B,3974,,,832083,주식회사 우주특수산업,,https://apis.data.go.kr/B552474/OdsnCodeInquiryService2/getOdsnOrgCodeInquiryList2
PUB-002B,3975,,,832084,주식회사미트코리아,,https://apis.data.go.kr/B552474/OdsnCodeInquiryService2/getOdsnOrgCodeInquiryList2
PUB-002B,3976,,,832085,유정시스템(주),,https://apis.data.go.kr/B552474/OdsnCodeInquiryService2/getOdsnOrgCodeInquiryList2
PUB-002B,3977,,,832086,(주)창대피엔비,,https://apis.data.go.kr/B552474/OdsnCodeInquiryService2/getOdsnOrgCodeInquiryList2
PUB-002B,3978,,,832087,주식회사 수진기업,,https://apis.data.go.kr/B552474/OdsnCodeInquiryService2/getOdsnOrgCodeInquiryList2
PUB-002B,3979,,,832088,아름다운환경건설 주식회사,,https://apis.data.go.kr/B552474/OdsnCodeInquiryService2/getOdsnOrgCodeInquiryList2
PUB-002B,3980,,,832089,주식회사 경주제과,,https://apis.data.go.kr/B552474/OdsnCodeInquiryService2/getOdsnOrgCodeInquiryList2
PUB-002B,3981,,,832090,골든팩키지주식회사,,https://apis.data.go.kr/B552474/OdsnCodeInquiryService2/getOdsnOrgCodeInquiryList2
PUB-002B,3982,,,832091,주식회사 선진전력기술단,,https://apis.data.go.kr/B552474/OdsnCodeInquiryService2/getOdsnOrgCodeInquiryList2
PUB-002B,3983,,,832092,주식회사 금오시설안전,,https://apis.data.go.kr/B552474/OdsnCodeInquiryService2/getOdsnOrgCodeInquiryList2
PUB-002B,3984,,,833,해남종합사회복지관,,https://apis.data.go.kr/B552474/OdsnCodeInquiryService2/getOdsnOrgCodeInquiryList2
PUB-002B,3985,,,833083,내일관광여행사 협동조합,,https://apis.data.go.kr/B552474/OdsnCodeInquiryService2/getOdsnOrgCodeInquiryList2
PUB-002B,3986,,,833084,농업회사법인(주)동서웰빙,,https://apis.data.go.kr/B552474/OdsnCodeInquiryService2/getOdsnOrgCodeInquiryList2
PUB-002B,3987,,,833085,(주)신영목재,,https://apis.data.go.kr/B552474/OdsnCodeInquiryService2/getOdsnOrgCodeInquiryList2
PUB-002B,3988,,,833086,정원도시안전진단 주식회사,,https://apis.data.go.kr/B552474/OdsnCodeInquiryService2/getOdsnOrgCodeInquiryList2
PUB-002B,3989,,,833087,한국바이오플랜트 주식회사,,https://apis.data.go.kr/B552474/OdsnCodeInquiryService2/getOdsnOrgCodeInquiryList2
PUB-002B,3990,,,833088,(주)가온에프에스,,https://apis.data.go.kr/B552474/OdsnCodeInquiryService2/getOdsnOrgCodeInquiryList2
PUB-002B,3991,,,833089,농업회사법인 비에스푸드 주식회사,,https://apis.data.go.kr/B552474/OdsnCodeInquiryService2/getOdsnOrgCodeInquiryList2
PUB-002B,3992,,,833090,주식회사 길앤에스,,https://apis.data.go.kr/B552474/OdsnCodeInquiryService2/getOdsnOrgCodeInquiryList2
PUB-002B,3993,,,834,대한노인회 전북 정읍시지회,,https://apis.data.go.kr/B552474/OdsnCodeInquiryService2/getOdsnOrgCodeInquiryList2
PUB-002B,3994,,,834083,원주상공회의소,,https://apis.data.go.kr/B552474/OdsnCodeInquiryService2/getOdsnOrgCodeInquiryList2
PUB-002B,3995,,,835,순천자활후견기관,,https://apis.data.go.kr/B552474/OdsnCodeInquiryService2/getOdsnOrgCodeInquiryList2
PUB-002B,3996,,,835083,(주)리부트코리아 청주센터(민간),,https://apis.data.go.kr/B552474/OdsnCodeInquiryService2/getOdsnOrgCodeInquiryList2
PUB-002B,3997,,,836,대한노인회 평창군지회,,https://apis.data.go.kr/B552474/OdsnCodeInquiryService2/getOdsnOrgCodeInquiryList2
PUB-002B,3998,,,836083,사회적협동조합 사람과사람,,https://apis.data.go.kr/B552474/OdsnCodeInquiryService2/getOdsnOrgCodeInquiryList2
PUB-002B,3999,,,838,장흥종합사회복지관,,https://apis.data.go.kr/B552474/OdsnCodeInquiryService2/getOdsnOrgCodeInquiryList2
PUB-002B,4000,,,838083,대구침장제조업협동조합,,https://apis.data.go.kr/B552474/OdsnCodeInquiryService2/getOdsnOrgCodeInquiryList2
PUB-002B,4001,,,839,(사)참빛사회복지회,,https://apis.data.go.kr/B552474/OdsnCodeInquiryService2/getOdsnOrgCodeInquiryList2
PUB-002B,4002,,,839083,주식회사 누구나잡,,https://apis.data.go.kr/B552474/OdsnCodeInquiryService2/getOdsnOrgCodeInquiryList2
PUB-002B,4003,,,840,대한노인회 경남 창원시 창원지회,,https://apis.data.go.kr/B552474/OdsnCodeInquiryService2/getOdsnOrgCodeInquiryList2
PUB-002B,4004,,,841,심광노인복지센터,,https://apis.data.go.kr/B552474/OdsnCodeInquiryService2/getOdsnOrgCodeInquiryList2
PUB-002B,4005,,,842,대한노인회 부천시원미구지회,,https://apis.data.go.kr/B552474/OdsnCodeInquiryService2/getOdsnOrgCodeInquiryList2
PUB-002B,4006,,,842083,제천시니어클럽(민간),,https://apis.data.go.kr/B552474/OdsnCodeInquiryService2/getOdsnOrgCodeInquiryList2
PUB-002B,4007,,,842084,옥천시니어클럽(민간),,https://apis.data.go.kr/B552474/OdsnCodeInquiryService2/getOdsnOrgCodeInquiryList2
PUB-002B,4008,,,843,대한노인회 전북 완주군지회,,https://apis.data.go.kr/B552474/OdsnCodeInquiryService2/getOdsnOrgCodeInquiryList2
PUB-002B,4009,,,843083,고양시니어클럽(민간),,https://apis.data.go.kr/B552474/OdsnCodeInquiryService2/getOdsnOrgCodeInquiryList2
PUB-002B,4010,,,844,대한노인회 충북 음성군지회,,https://apis.data.go.kr/B552474/OdsnCodeInquiryService2/getOdsnOrgCodeInquiryList2
PUB-002B,4011,,,844083,시흥시니어클럽(민간),,https://apis.data.go.kr/B552474/OdsnCodeInquiryService2/getOdsnOrgCodeInquiryList2
PUB-002B,4012,,,845,대한노인회 전남 고흥군지회,,https://apis.data.go.kr/B552474/OdsnCodeInquiryService2/getOdsnOrgCodeInquiryList2
PUB-002B,4013,,,845083,사회적협동조합인성소통협회,,https://apis.data.go.kr/B552474/OdsnCodeInquiryService2/getOdsnOrgCodeInquiryList2
PUB-002B,4014,,,846,사단법인 대한노인회 파주시지회,,https://apis.data.go.kr/B552474/OdsnCodeInquiryService2/getOdsnOrgCodeInquiryList2
PUB-002B,4015,,,846083,조선환경주식회사,,https://apis.data.go.kr/B552474/OdsnCodeInquiryService2/getOdsnOrgCodeInquiryList2
PUB-002B,4016,,,847,금산지역자활센터,,https://apis.data.go.kr/B552474/OdsnCodeInquiryService2/getOdsnOrgCodeInquiryList2
PUB-002B,4017,,,848,대한노인회 충남 금산군지회,,https://apis.data.go.kr/B552474/OdsnCodeInquiryService2/getOdsnOrgCodeInquiryList2
PUB-002B,4018,,,848083,(주)귀뚜라미,,https://apis.data.go.kr/B552474/OdsnCodeInquiryService2/getOdsnOrgCodeInquiryList2
PUB-002B,4019,,,848084,(주)태조엔지니어링,,https://apis.data.go.kr/B552474/OdsnCodeInquiryService2/getOdsnOrgCodeInquiryList2
PUB-002B,4020,,,849,강원 횡성군지회,,https://apis.data.go.kr/B552474/OdsnCodeInquiryService2/getOdsnOrgCodeInquiryList2
PUB-002B,4021,,,849083,디에스메탈 주식회사,,https://apis.data.go.kr/B552474/OdsnCodeInquiryService2/getOdsnOrgCodeInquiryList2
PUB-002B,4022,,,85,평택북부노인복지관,,https://apis.data.go.kr/B552474/OdsnCodeInquiryService2/getOdsnOrgCodeInquiryList2
PUB-002B,4023,,,850,대한노인회 전남 광양시지회,,https://apis.data.go.kr/B552474/OdsnCodeInquiryService2/getOdsnOrgCodeInquiryList2
PUB-002B,4024,,,850083,(주)씨엠에스마리타임,,https://apis.data.go.kr/B552474/OdsnCodeInquiryService2/getOdsnOrgCodeInquiryList2
PUB-002B,4025,,,850084,농업회사법인 주식회사 영지,,https://apis.data.go.kr/B552474/OdsnCodeInquiryService2/getOdsnOrgCodeInquiryList2
PUB-002B,4026,,,85083,대전서구 치매안심센터,,https://apis.data.go.kr/B552474/OdsnCodeInquiryService2/getOdsnOrgCodeInquiryList2
PUB-002B,4027,,,85084,용인시처인구보건소 치매안심센터,,https://apis.data.go.kr/B552474/OdsnCodeInquiryService2/getOdsnOrgCodeInquiryList2
PUB-002B,4028,,,85085,대구 수성구(치매안심센터),,https://apis.data.go.kr/B552474/OdsnCodeInquiryService2/getOdsnOrgCodeInquiryList2
PUB-002B,4029,,,85086,수영구 보건소(치매안심센터),,https://apis.data.go.kr/B552474/OdsnCodeInquiryService2/getOdsnOrgCodeInquiryList2
PUB-002B,4030,,,85087,울산남구보건소(치매안심센터),,https://apis.data.go.kr/B552474/OdsnCodeInquiryService2/getOdsnOrgCodeInquiryList2
PUB-002B,4031,,,85088,인천직업전문학교,,https://apis.data.go.kr/B552474/OdsnCodeInquiryService2/getOdsnOrgCodeInquiryList2
PUB-002B,4032,,,85089,부산진구 보건소(치매안심센터),,https://apis.data.go.kr/B552474/OdsnCodeInquiryService2/getOdsnOrgCodeInquiryList2
PUB-002B,4033,,,85090,완주군 치매안심센터,,https://apis.data.go.kr/B552474/OdsnCodeInquiryService2/getOdsnOrgCodeInquiryList2
PUB-002B,4034,,,85091,천안시 서북구보건소(치매안심센터),,https://apis.data.go.kr/B552474/OdsnCodeInquiryService2/getOdsnOrgCodeInquiryList2
PUB-002B,4035,,,85092,하동군 보건소(치매안심센터),,https://apis.data.go.kr/B552474/OdsnCodeInquiryService2/getOdsnOrgCodeInquiryList2
PUB-002B,4036,,,85093,강동구 치매안심센터,,https://apis.data.go.kr/B552474/OdsnCodeInquiryService2/getOdsnOrgCodeInquiryList2
PUB-002B,4037,,,85094,(주)은빛수라상,,https://apis.data.go.kr/B552474/OdsnCodeInquiryService2/getOdsnOrgCodeInquiryList2
PUB-002B,4038,,,85095,사단법인여성가족지원네트워크,,https://apis.data.go.kr/B552474/OdsnCodeInquiryService2/getOdsnOrgCodeInquiryList2
PUB-002B,4039,,,851,광덕원 노인요양원,,https://apis.data.go.kr/B552474/OdsnCodeInquiryService2/getOdsnOrgCodeInquiryList2
PUB-002B,4040,,,851083,나누리사회적협동조합,,https://apis.data.go.kr/B552474/OdsnCodeInquiryService2/getOdsnOrgCodeInquiryList2
PUB-002B,4041,,,852083,주식회사 남해수산,,https://apis.data.go.kr/B552474/OdsnCodeInquiryService2/getOdsnOrgCodeInquiryList2
PUB-002B,4042,,,853,울산동구노인복지관,,https://apis.data.go.kr/B552474/OdsnCodeInquiryService2/getOdsnOrgCodeInquiryList2
PUB-002B,4043,,,853084,주식회사 만나,,https://apis.data.go.kr/B552474/OdsnCodeInquiryService2/getOdsnOrgCodeInquiryList2
PUB-002B,4044,,,854,정다운노인복지센터,,https://apis.data.go.kr/B552474/OdsnCodeInquiryService2/getOdsnOrgCodeInquiryList2
PUB-002B,4045,,,854083,주식회사 상하식품,,https://apis.data.go.kr/B552474/OdsnCodeInquiryService2/getOdsnOrgCodeInquiryList2
PUB-002B,4046,,,855,신안노인복지센터,,https://apis.data.go.kr/B552474/OdsnCodeInquiryService2/getOdsnOrgCodeInquiryList2
PUB-002B,4047,,,855083,(주)종합건축사사무소 동일건축,,https://apis.data.go.kr/B552474/OdsnCodeInquiryService2/getOdsnOrgCodeInquiryList2
PUB-002B,4048,,,856,대한노인회 부산 사상구지회,,https://apis.data.go.kr/B552474/OdsnCodeInquiryService2/getOdsnOrgCodeInquiryList2
PUB-002B,4049,,,856083,함께마음을나누는 사회적협동조합 소통,,https://apis.data.go.kr/B552474/OdsnCodeInquiryService2/getOdsnOrgCodeInquiryList2
PUB-002B,4050,,,857,국제기독선교회,,https://apis.data.go.kr/B552474/OdsnCodeInquiryService2/getOdsnOrgCodeInquiryList2
PUB-002B,4051,,,857083,주식회사 미르어패럴,,https://apis.data.go.kr/B552474/OdsnCodeInquiryService2/getOdsnOrgCodeInquiryList2
PUB-002B,4052,,,858,제일종합사회복지관,,https://apis.data.go.kr/B552474/OdsnCodeInquiryService2/getOdsnOrgCodeInquiryList2
PUB-002B,4053,,,858083,주양제이앤와이주식회사,,https://apis.data.go.kr/B552474/OdsnCodeInquiryService2/getOdsnOrgCodeInquiryList2
PUB-002B,4054,,,858084,주식회사 한국전산감리원,,https://apis.data.go.kr/B552474/OdsnCodeInquiryService2/getOdsnOrgCodeInquiryList2
PUB-002B,4055,,,859,대한노인회 경기 이천시지회,,https://apis.data.go.kr/B552474/OdsnCodeInquiryService2/getOdsnOrgCodeInquiryList2
PUB-002B,4056,,,859083,농업회사법인주식회사한울,,https://apis.data.go.kr/B552474/OdsnCodeInquiryService2/getOdsnOrgCodeInquiryList2
PUB-002B,4057,,,86,파주 실버인력뱅크,,https://apis.data.go.kr/B552474/OdsnCodeInquiryService2/getOdsnOrgCodeInquiryList2
PUB-002B,4058,,,860,대한노인회 충남 서천군지회,,https://apis.data.go.kr/B552474/OdsnCodeInquiryService2/getOdsnOrgCodeInquiryList2
PUB-002B,4059,,,860083,주식회사 미성푸드,,https://apis.data.go.kr/B552474/OdsnCodeInquiryService2/getOdsnOrgCodeInquiryList2
PUB-002B,4060,,,86083,인천계양구보건소(치매안심센터),,https://apis.data.go.kr/B552474/OdsnCodeInquiryService2/getOdsnOrgCodeInquiryList2
PUB-002B,4061,,,86084,공주시보건소(치매안심센터),,https://apis.data.go.kr/B552474/OdsnCodeInquiryService2/getOdsnOrgCodeInquiryList2
PUB-002B,4062,,,861,서천군사회복지협의회,,https://apis.data.go.kr/B552474/OdsnCodeInquiryService2/getOdsnOrgCodeInquiryList2
PUB-002B,4063,,,861083,(주)종합건축사사무소가람건축,,https://apis.data.go.kr/B552474/OdsnCodeInquiryService2/getOdsnOrgCodeInquiryList2
PUB-002B,4064,,,862083,(주)한국정보기술단,,https://apis.data.go.kr/B552474/OdsnCodeInquiryService2/getOdsnOrgCodeInquiryList2
PUB-002B,4065,,,863,대구서구종합사회복지관,,https://apis.data.go.kr/B552474/OdsnCodeInquiryService2/getOdsnOrgCodeInquiryList2
PUB-002B,4066,,,863083,주식회사 예스영푸드,,https://apis.data.go.kr/B552474/OdsnCodeInquiryService2/getOdsnOrgCodeInquiryList2
PUB-002B,4067,,,863084,지투파워(주),,https://apis.data.go.kr/B552474/OdsnCodeInquiryService2/getOdsnOrgCodeInquiryList2
PUB-002B,4068,,,864,동북노인복지센터,,https://apis.data.go.kr/B552474/OdsnCodeInquiryService2/getOdsnOrgCodeInquiryList2
PUB-002B,4069,,,864083,농업회사법인 싱그람 주식회사,,https://apis.data.go.kr/B552474/OdsnCodeInquiryService2/getOdsnOrgCodeInquiryList2
PUB-002B,4070,,,865083,사랑주야간보호센터,,https://apis.data.go.kr/B552474/OdsnCodeInquiryService2/getOdsnOrgCodeInquiryList2
PUB-002B,4071,,,866,대한노인회 부안군지회,,https://apis.data.go.kr/B552474/OdsnCodeInquiryService2/getOdsnOrgCodeInquiryList2
PUB-002B,4072,,,866083,오리온산업(주),,https://apis.data.go.kr/B552474/OdsnCodeInquiryService2/getOdsnOrgCodeInquiryList2
PUB-002B,4073,,,867,청양자활후견기관,,https://apis.data.go.kr/B552474/OdsnCodeInquiryService2/getOdsnOrgCodeInquiryList2
PUB-002B,4074,,,867083,주식회사 진성식품,,https://apis.data.go.kr/B552474/OdsnCodeInquiryService2/getOdsnOrgCodeInquiryList2
PUB-002B,4075,,,868,활천가정봉사원파견센터,,https://apis.data.go.kr/B552474/OdsnCodeInquiryService2/getOdsnOrgCodeInquiryList2
PUB-002B,4076,,,868083,(주)한신기계,,https://apis.data.go.kr/B552474/OdsnCodeInquiryService2/getOdsnOrgCodeInquiryList2
PUB-002B,4077,,,869,달성군종합사회복지관,,https://apis.data.go.kr/B552474/OdsnCodeInquiryService2/getOdsnOrgCodeInquiryList2
PUB-002B,4078,,,869083,주신수산식품 주식회사,,https://apis.data.go.kr/B552474/OdsnCodeInquiryService2/getOdsnOrgCodeInquiryList2
PUB-002B,4079,,,870,대한노인회 서울 종로구지회,,https://apis.data.go.kr/B552474/OdsnCodeInquiryService2/getOdsnOrgCodeInquiryList2
PUB-002B,4080,,,870083,(주)한맥세라믹,,https://apis.data.go.kr/B552474/OdsnCodeInquiryService2/getOdsnOrgCodeInquiryList2
PUB-002B,4081,,,871,서구노인종합복지관,,https://apis.data.go.kr/B552474/OdsnCodeInquiryService2/getOdsnOrgCodeInquiryList2
PUB-002B,4082,,,871083,(주)대동,,https://apis.data.go.kr/B552474/OdsnCodeInquiryService2/getOdsnOrgCodeInquiryList2
PUB-002B,4083,,,872,대한노인회 울산 동구지회,,https://apis.data.go.kr/B552474/OdsnCodeInquiryService2/getOdsnOrgCodeInquiryList2
PUB-002B,4084,,,873,대한노인회 충남 청양군지회,,https://apis.data.go.kr/B552474/OdsnCodeInquiryService2/getOdsnOrgCodeInquiryList2
PUB-002B,4085,,,873083,(주)한라고속관광,,https://apis.data.go.kr/B552474/OdsnCodeInquiryService2/getOdsnOrgCodeInquiryList2
PUB-002B,4086,,,874,사단법인 대한노인회 인천남동구지회,,https://apis.data.go.kr/B552474/OdsnCodeInquiryService2/getOdsnOrgCodeInquiryList2
PUB-002B,4087,,,874086,부산수영시니어클럽(창원),,https://apis.data.go.kr/B552474/OdsnCodeInquiryService2/getOdsnOrgCodeInquiryList2
PUB-002B,4088,,,875,남포노인복지센터,,https://apis.data.go.kr/B552474/OdsnCodeInquiryService2/getOdsnOrgCodeInquiryList2
PUB-002B,4089,,,875083,제주시니어클럽(대전),,https://apis.data.go.kr/B552474/OdsnCodeInquiryService2/getOdsnOrgCodeInquiryList2
PUB-002B,4090,,,876,사)대한노인회 평택시지회,,https://apis.data.go.kr/B552474/OdsnCodeInquiryService2/getOdsnOrgCodeInquiryList2
PUB-002B,4091,,,877,한국효도회화순지회,,https://apis.data.go.kr/B552474/OdsnCodeInquiryService2/getOdsnOrgCodeInquiryList2
PUB-002B,4092,,,877083,마을안전지원센터 사회적협동조합,,https://apis.data.go.kr/B552474/OdsnCodeInquiryService2/getOdsnOrgCodeInquiryList2
PUB-002B,4093,,,878,갈산종합사회복지관,,https://apis.data.go.kr/B552474/OdsnCodeInquiryService2/getOdsnOrgCodeInquiryList2
PUB-002B,4094,,,878083,성아운수합자회사,,https://apis.data.go.kr/B552474/OdsnCodeInquiryService2/getOdsnOrgCodeInquiryList2
PUB-002B,4095,,,879,(사)대한주부클럽연합회 양산시지부,,https://apis.data.go.kr/B552474/OdsnCodeInquiryService2/getOdsnOrgCodeInquiryList2
PUB-002B,4096,,,879083,(주)성진에프에스,,https://apis.data.go.kr/B552474/OdsnCodeInquiryService2/getOdsnOrgCodeInquiryList2
PUB-002B,4097,,,88,대한노인회 가평군지회,,https://apis.data.go.kr/B552474/OdsnCodeInquiryService2/getOdsnOrgCodeInquiryList2
PUB-002B,4098,,,880,대한노인회 경기 연천군지회,,https://apis.data.go.kr/B552474/OdsnCodeInquiryService2/getOdsnOrgCodeInquiryList2
PUB-002B,4099,,,880083,(재)다솜이재단,,https://apis.data.go.kr/B552474/OdsnCodeInquiryService2/getOdsnOrgCodeInquiryList2
PUB-002B,4100,,,88083,인천연수구 치매안심센터,,https://apis.data.go.kr/B552474/OdsnCodeInquiryService2/getOdsnOrgCodeInquiryList2
PUB-002B,4101,,,881,임마누엘재가노인복지센터,,https://apis.data.go.kr/B552474/OdsnCodeInquiryService2/getOdsnOrgCodeInquiryList2
PUB-002B,4102,,,881083,(주)미추홀공간지적,,https://apis.data.go.kr/B552474/OdsnCodeInquiryService2/getOdsnOrgCodeInquiryList2
PUB-002B,4103,,,882,사회복지법인 당진시사회복지협의회,,https://apis.data.go.kr/B552474/OdsnCodeInquiryService2/getOdsnOrgCodeInquiryList2
PUB-002B,4104,,,882083,(주)키콕스파트너스,,https://apis.data.go.kr/B552474/OdsnCodeInquiryService2/getOdsnOrgCodeInquiryList2
PUB-002B,4105,,,883,대한노인회 경기 동두천시지회,,https://apis.data.go.kr/B552474/OdsnCodeInquiryService2/getOdsnOrgCodeInquiryList2
PUB-002B,4106,,,883083,영암시니어클럽,,https://apis.data.go.kr/B552474/OdsnCodeInquiryService2/getOdsnOrgCodeInquiryList2
PUB-002B,4107,,,884,대한노인회 서울 영등포구지회,,https://apis.data.go.kr/B552474/OdsnCodeInquiryService2/getOdsnOrgCodeInquiryList2
PUB-002B,4108,,,884083,(주)비티에스,,https://apis.data.go.kr/B552474/OdsnCodeInquiryService2/getOdsnOrgCodeInquiryList2
PUB-002B,4109,,,885,대한노인회 경남 창원시 진해지회,,https://apis.data.go.kr/B552474/OdsnCodeInquiryService2/getOdsnOrgCodeInquiryList2
PUB-002B,4110,,,885083,경북인력지원센터,,https://apis.data.go.kr/B552474/OdsnCodeInquiryService2/getOdsnOrgCodeInquiryList2
PUB-002B,4111,,,886,무주종합복지관,,https://apis.data.go.kr/B552474/OdsnCodeInquiryService2/getOdsnOrgCodeInquiryList2
PUB-002B,4112,,,886085,서울시니어클럽협회(경기),,https://apis.data.go.kr/B552474/OdsnCodeInquiryService2/getOdsnOrgCodeInquiryList2
PUB-002B,4113,,,887,김포시노인종합복지관,,https://apis.data.go.kr/B552474/OdsnCodeInquiryService2/getOdsnOrgCodeInquiryList2
PUB-002B,4114,,,887083,(주)한국종합안전연구원,,https://apis.data.go.kr/B552474/OdsnCodeInquiryService2/getOdsnOrgCodeInquiryList2
PUB-002B,4115,,,888,계양노인복지센터,,https://apis.data.go.kr/B552474/OdsnCodeInquiryService2/getOdsnOrgCodeInquiryList2
PUB-002B,4116,,,888083,대전동구시니어클럽,,https://apis.data.go.kr/B552474/OdsnCodeInquiryService2/getOdsnOrgCodeInquiryList2
PUB-002B,4117,,,889,대한노인회 전남 구례군지회,,https://apis.data.go.kr/B552474/OdsnCodeInquiryService2/getOdsnOrgCodeInquiryList2
PUB-002B,4118,,,889083,한전에프엠에스 주식회사,,https://apis.data.go.kr/B552474/OdsnCodeInquiryService2/getOdsnOrgCodeInquiryList2
PUB-002B,4119,,,89,대한노인회 경기 김포시지회,,https://apis.data.go.kr/B552474/OdsnCodeInquiryService2/getOdsnOrgCodeInquiryList2
PUB-002B,4120,,,890,사회복지법인한기장복지재단남원시니어클럽,,https://apis.data.go.kr/B552474/OdsnCodeInquiryService2/getOdsnOrgCodeInquiryList2
PUB-002B,4121,,,89083,대전동구 보건소(치매안심센터),,https://apis.data.go.kr/B552474/OdsnCodeInquiryService2/getOdsnOrgCodeInquiryList2
PUB-002B,4122,,,891,애광재가노인복지관,,https://apis.data.go.kr/B552474/OdsnCodeInquiryService2/getOdsnOrgCodeInquiryList2
PUB-002B,4123,,,891083,남도맛집지원 협동조합,,https://apis.data.go.kr/B552474/OdsnCodeInquiryService2/getOdsnOrgCodeInquiryList2
PUB-002B,4124,,,892,대한노인회 전남 영암군지회,,https://apis.data.go.kr/B552474/OdsnCodeInquiryService2/getOdsnOrgCodeInquiryList2
PUB-002B,4125,,,893,대한노인회 강원 삼척시지회,,https://apis.data.go.kr/B552474/OdsnCodeInquiryService2/getOdsnOrgCodeInquiryList2
PUB-002B,4126,,,893083,주식회사쎄미일렉트릭,,https://apis.data.go.kr/B552474/OdsnCodeInquiryService2/getOdsnOrgCodeInquiryList2
PUB-002B,4127,,,894,한국노인개호복지협회,,https://apis.data.go.kr/B552474/OdsnCodeInquiryService2/getOdsnOrgCodeInquiryList2
PUB-002B,4128,,,894083,유한회사 징코푸드시스템,,https://apis.data.go.kr/B552474/OdsnCodeInquiryService2/getOdsnOrgCodeInquiryList2
PUB-002B,4129,,,894084,(주)일지테크,,https://apis.data.go.kr/B552474/OdsnCodeInquiryService2/getOdsnOrgCodeInquiryList2
PUB-002B,4130,,,895,대한노인회 전북 무주군지회,,https://apis.data.go.kr/B552474/OdsnCodeInquiryService2/getOdsnOrgCodeInquiryList2
PUB-002B,4131,,,895083,코즈 사회적협동조합,,https://apis.data.go.kr/B552474/OdsnCodeInquiryService2/getOdsnOrgCodeInquiryList2
PUB-002B,4132,,,897,경애원,,https://apis.data.go.kr/B552474/OdsnCodeInquiryService2/getOdsnOrgCodeInquiryList2
PUB-002B,4133,,,897083,좋은일자리만들기협동조합,,https://apis.data.go.kr/B552474/OdsnCodeInquiryService2/getOdsnOrgCodeInquiryList2
PUB-002B,4134,,,898,대한노인회 전북 진안군지회,,https://apis.data.go.kr/B552474/OdsnCodeInquiryService2/getOdsnOrgCodeInquiryList2
PUB-002B,4135,,,898083,그레이스패션 주식회사,,https://apis.data.go.kr/B552474/OdsnCodeInquiryService2/getOdsnOrgCodeInquiryList2
PUB-002B,4136,,,899,대한노인회 강원 강릉시지회,,https://apis.data.go.kr/B552474/OdsnCodeInquiryService2/getOdsnOrgCodeInquiryList2
PUB-002B,4137,,,899083,(유)온누리푸드넷,,https://apis.data.go.kr/B552474/OdsnCodeInquiryService2/getOdsnOrgCodeInquiryList2
PUB-002B,4138,,,9,서울시립동대문노인종합복지관,,https://apis.data.go.kr/B552474/OdsnCodeInquiryService2/getOdsnOrgCodeInquiryList2
PUB-002B,4139,,,900,노경회,,https://apis.data.go.kr/B552474/OdsnCodeInquiryService2/getOdsnOrgCodeInquiryList2
PUB-002B,4140,,,900083,주식회사 케이에스에스마린,,https://apis.data.go.kr/B552474/OdsnCodeInquiryService2/getOdsnOrgCodeInquiryList2
PUB-002B,4141,,,90083,김포대학교,,https://apis.data.go.kr/B552474/OdsnCodeInquiryService2/getOdsnOrgCodeInquiryList2
PUB-002B,4142,,,901,대한노인회 울산 북구지회,,https://apis.data.go.kr/B552474/OdsnCodeInquiryService2/getOdsnOrgCodeInquiryList2
PUB-002B,4143,,,901083,주식회사 네오세라믹,,https://apis.data.go.kr/B552474/OdsnCodeInquiryService2/getOdsnOrgCodeInquiryList2
PUB-002B,4144,,,902,대한노인회 울산 남구지회,,https://apis.data.go.kr/B552474/OdsnCodeInquiryService2/getOdsnOrgCodeInquiryList2
PUB-002B,4145,,,902083,무리기술 주식회사,,https://apis.data.go.kr/B552474/OdsnCodeInquiryService2/getOdsnOrgCodeInquiryList2
PUB-002B,4146,,,903,청주청원시니어클럽,,https://apis.data.go.kr/B552474/OdsnCodeInquiryService2/getOdsnOrgCodeInquiryList2
PUB-002B,4147,,,903083,(주)삼영시스템,,https://apis.data.go.kr/B552474/OdsnCodeInquiryService2/getOdsnOrgCodeInquiryList2
PUB-002B,4148,,,904,영등포종합사회복지관,,https://apis.data.go.kr/B552474/OdsnCodeInquiryService2/getOdsnOrgCodeInquiryList2
PUB-002B,4149,,,904083,(주)남선알미늄,,https://apis.data.go.kr/B552474/OdsnCodeInquiryService2/getOdsnOrgCodeInquiryList2
PUB-002B,4150,,,905083,주식회사 신원기술단,,https://apis.data.go.kr/B552474/OdsnCodeInquiryService2/getOdsnOrgCodeInquiryList2
PUB-002B,4151,,,906,대한노인회 충북 청주시 흥덕청원구지회,,https://apis.data.go.kr/B552474/OdsnCodeInquiryService2/getOdsnOrgCodeInquiryList2
PUB-002B,4152,,,907,화방남해노인통합지원센터,,https://apis.data.go.kr/B552474/OdsnCodeInquiryService2/getOdsnOrgCodeInquiryList2
PUB-002B,4153,,,907083,주식회사 다산,,https://apis.data.go.kr/B552474/OdsnCodeInquiryService2/getOdsnOrgCodeInquiryList2
PUB-002B,4154,,,908,대한노인회 전남 장흥군지회,,https://apis.data.go.kr/B552474/OdsnCodeInquiryService2/getOdsnOrgCodeInquiryList2
PUB-002B,4155,,,908084,한국에스케이에프씰 주식회사,,https://apis.data.go.kr/B552474/OdsnCodeInquiryService2/getOdsnOrgCodeInquiryList2
PUB-002B,4156,,,908085,주식회사 대정,,https://apis.data.go.kr/B552474/OdsnCodeInquiryService2/getOdsnOrgCodeInquiryList2
PUB-002B,4157,,,9083,학장종합사회복지관,,https://apis.data.go.kr/B552474/OdsnCodeInquiryService2/getOdsnOrgCodeInquiryList2
PUB-002B,4158,,,909,산청문화원,,https://apis.data.go.kr/B552474/OdsnCodeInquiryService2/getOdsnOrgCodeInquiryList2
PUB-002B,4159,,,909083,주식회사 엔에프,,https://apis.data.go.kr/B552474/OdsnCodeInquiryService2/getOdsnOrgCodeInquiryList2
PUB-002B,4160,,,909084,주식회사 대구메트로환경,,https://apis.data.go.kr/B552474/OdsnCodeInquiryService2/getOdsnOrgCodeInquiryList2
PUB-002B,4161,,,909085,대정수산(주),,https://apis.data.go.kr/B552474/OdsnCodeInquiryService2/getOdsnOrgCodeInquiryList2
PUB-002B,4162,,,91,오산노인종합복지회관,,https://apis.data.go.kr/B552474/OdsnCodeInquiryService2/getOdsnOrgCodeInquiryList2
PUB-002B,4163,,,910,대한노인회 서울 동작구지회,,https://apis.data.go.kr/B552474/OdsnCodeInquiryService2/getOdsnOrgCodeInquiryList2
PUB-002B,4164,,,910083,주식회사코드원에스에스,,https://apis.data.go.kr/B552474/OdsnCodeInquiryService2/getOdsnOrgCodeInquiryList2
PUB-002B,4165,,,91083,사회복지법인향림원,,https://apis.data.go.kr/B552474/OdsnCodeInquiryService2/getOdsnOrgCodeInquiryList2
PUB-002B,4166,,,911,중구노인복지관,,https://apis.data.go.kr/B552474/OdsnCodeInquiryService2/getOdsnOrgCodeInquiryList2
PUB-002B,4167,,,911083,주식회사 원종합엔지니어링,,https://apis.data.go.kr/B552474/OdsnCodeInquiryService2/getOdsnOrgCodeInquiryList2
PUB-002B,4168,,,912,경기 성남중원구지회,,https://apis.data.go.kr/B552474/OdsnCodeInquiryService2/getOdsnOrgCodeInquiryList2
PUB-002B,4169,,,912083,이래에이엠에스(주),,https://apis.data.go.kr/B552474/OdsnCodeInquiryService2/getOdsnOrgCodeInquiryList2
PUB-002B,4170,,,913,경기 성남수정구지회,,https://apis.data.go.kr/B552474/OdsnCodeInquiryService2/getOdsnOrgCodeInquiryList2
PUB-002B,4171,,,913083,(주)킴블스,,https://apis.data.go.kr/B552474/OdsnCodeInquiryService2/getOdsnOrgCodeInquiryList2
PUB-002B,4172,,,913084,라이프앤커리어디자인스쿨,,https://apis.data.go.kr/B552474/OdsnCodeInquiryService2/getOdsnOrgCodeInquiryList2
PUB-002B,4173,,,914,광주서구시니어클럽,,https://apis.data.go.kr/B552474/OdsnCodeInquiryService2/getOdsnOrgCodeInquiryList2
PUB-002B,4174,,,914083,케이쿡주식회사,,https://apis.data.go.kr/B552474/OdsnCodeInquiryService2/getOdsnOrgCodeInquiryList2
PUB-002B,4175,,,915,대한노인회 철원군지회,,https://apis.data.go.kr/B552474/OdsnCodeInquiryService2/getOdsnOrgCodeInquiryList2
PUB-002B,4176,,,915083,농업회사법인주식회사한국라이스텍,,https://apis.data.go.kr/B552474/OdsnCodeInquiryService2/getOdsnOrgCodeInquiryList2
PUB-002B,4177,,,916,대한노인회 경기 성남시 분당구지회,,https://apis.data.go.kr/B552474/OdsnCodeInquiryService2/getOdsnOrgCodeInquiryList2
PUB-002B,4178,,,917,대한은퇴자 협회,,https://apis.data.go.kr/B552474/OdsnCodeInquiryService2/getOdsnOrgCodeInquiryList2
PUB-002B,4179,,,917083,군위재가노인돌봄센터,,https://apis.data.go.kr/B552474/OdsnCodeInquiryService2/getOdsnOrgCodeInquiryList2
PUB-002B,4180,,,917084,군위군청(대구),,https://apis.data.go.kr/B552474/OdsnCodeInquiryService2/getOdsnOrgCodeInquiryList2
PUB-002B,4181,,,918083,주식회사 서강,,https://apis.data.go.kr/B552474/OdsnCodeInquiryService2/getOdsnOrgCodeInquiryList2
PUB-002B,4182,,,919,보은군노인장애인복지관,,https://apis.data.go.kr/B552474/OdsnCodeInquiryService2/getOdsnOrgCodeInquiryList2
PUB-002B,4183,,,920,대한노인회 순창군지회,,https://apis.data.go.kr/B552474/OdsnCodeInquiryService2/getOdsnOrgCodeInquiryList2
PUB-002B,4184,,,920083,강서50플러스센터,,https://apis.data.go.kr/B552474/OdsnCodeInquiryService2/getOdsnOrgCodeInquiryList2
PUB-002B,4185,,,921,대한노인회 강원 양양군지회,,https://apis.data.go.kr/B552474/OdsnCodeInquiryService2/getOdsnOrgCodeInquiryList2
PUB-002B,4186,,,921084,주식회사 디아이티,,https://apis.data.go.kr/B552474/OdsnCodeInquiryService2/getOdsnOrgCodeInquiryList2
PUB-002B,4187,,,922,청주상당시니어클럽,,https://apis.data.go.kr/B552474/OdsnCodeInquiryService2/getOdsnOrgCodeInquiryList2
PUB-002B,4188,,,922083,상하북종합사회복지관,,https://apis.data.go.kr/B552474/OdsnCodeInquiryService2/getOdsnOrgCodeInquiryList2
PUB-002B,4189,,,923,솔뫼재가노인지원센터,,https://apis.data.go.kr/B552474/OdsnCodeInquiryService2/getOdsnOrgCodeInquiryList2
PUB-002B,4190,,,924,대한노인회 경기 용인시 처인구지회,,https://apis.data.go.kr/B552474/OdsnCodeInquiryService2/getOdsnOrgCodeInquiryList2
PUB-002B,4191,,,924083,사회적협동조합 전주도우누리,,https://apis.data.go.kr/B552474/OdsnCodeInquiryService2/getOdsnOrgCodeInquiryList2
PUB-002B,4192,,,925083,강동종합사회복지관,,https://apis.data.go.kr/B552474/OdsnCodeInquiryService2/getOdsnOrgCodeInquiryList2
PUB-002B,4193,,,926,원주노인소비자생활협동조합,,https://apis.data.go.kr/B552474/OdsnCodeInquiryService2/getOdsnOrgCodeInquiryList2
PUB-002B,4194,,,926083,강동종합사회복지관,,https://apis.data.go.kr/B552474/OdsnCodeInquiryService2/getOdsnOrgCodeInquiryList2
PUB-002B,4195,,,926084,강동종합사회복지관,,https://apis.data.go.kr/B552474/OdsnCodeInquiryService2/getOdsnOrgCodeInquiryList2
PUB-002B,4196,,,927,철산종합사회복지관,,https://apis.data.go.kr/B552474/OdsnCodeInquiryService2/getOdsnOrgCodeInquiryList2
PUB-002B,4197,,,927083,큰나루종합사회복지관,,https://apis.data.go.kr/B552474/OdsnCodeInquiryService2/getOdsnOrgCodeInquiryList2
PUB-002B,4198,,,928,강서노인종합복지관,,https://apis.data.go.kr/B552474/OdsnCodeInquiryService2/getOdsnOrgCodeInquiryList2
PUB-002B,4199,,,928083,부천시근로자종합복지관,,https://apis.data.go.kr/B552474/OdsnCodeInquiryService2/getOdsnOrgCodeInquiryList2
PUB-002B,4200,,,929,반송종합사회복지관,,https://apis.data.go.kr/B552474/OdsnCodeInquiryService2/getOdsnOrgCodeInquiryList2
PUB-002B,4201,,,93,동해시노인종합복지관,,https://apis.data.go.kr/B552474/OdsnCodeInquiryService2/getOdsnOrgCodeInquiryList2
PUB-002B,4202,,,930,운봉종합사회복지관,,https://apis.data.go.kr/B552474/OdsnCodeInquiryService2/getOdsnOrgCodeInquiryList2
PUB-002B,4203,,,930083,녹양종합사회복지관,,https://apis.data.go.kr/B552474/OdsnCodeInquiryService2/getOdsnOrgCodeInquiryList2
PUB-002B,4204,,,931,영도구자원봉사센터,,https://apis.data.go.kr/B552474/OdsnCodeInquiryService2/getOdsnOrgCodeInquiryList2
PUB-002B,4205,,,931083,원미마을관리사회적협동조합,,https://apis.data.go.kr/B552474/OdsnCodeInquiryService2/getOdsnOrgCodeInquiryList2
PUB-002B,4206,,,932,인천서구시설관리공단,,https://apis.data.go.kr/B552474/OdsnCodeInquiryService2/getOdsnOrgCodeInquiryList2
PUB-002B,4207,,,932083,고산종합사회복지관,,https://apis.data.go.kr/B552474/OdsnCodeInquiryService2/getOdsnOrgCodeInquiryList2
PUB-002B,4208,,,933083,사단법인 청명사회복지회,,https://apis.data.go.kr/B552474/OdsnCodeInquiryService2/getOdsnOrgCodeInquiryList2
PUB-002B,4209,,,934083,성내종합사회복지관,,https://apis.data.go.kr/B552474/OdsnCodeInquiryService2/getOdsnOrgCodeInquiryList2
PUB-002B,4210,,,935,횡성군종합사회복지관,,https://apis.data.go.kr/B552474/OdsnCodeInquiryService2/getOdsnOrgCodeInquiryList2
PUB-002B,4211,,,935083,용문종합사회복지관 1,,https://apis.data.go.kr/B552474/OdsnCodeInquiryService2/getOdsnOrgCodeInquiryList2
PUB-002B,4212,,,936,부산기독교종합사회복지관,,https://apis.data.go.kr/B552474/OdsnCodeInquiryService2/getOdsnOrgCodeInquiryList2
PUB-002B,4213,,,936083,서빛마루시니어센터,,https://apis.data.go.kr/B552474/OdsnCodeInquiryService2/getOdsnOrgCodeInquiryList2
PUB-002B,4214,,,937,인천재가노인지원서비스센터,,https://apis.data.go.kr/B552474/OdsnCodeInquiryService2/getOdsnOrgCodeInquiryList2
PUB-002B,4215,,,937083,(사)경기도사회적경제협회 시니어사업단,,https://apis.data.go.kr/B552474/OdsnCodeInquiryService2/getOdsnOrgCodeInquiryList2
PUB-002B,4216,,,937084,사회적협동조합도우누리,,https://apis.data.go.kr/B552474/OdsnCodeInquiryService2/getOdsnOrgCodeInquiryList2
PUB-002B,4217,,,938,사북면문해학교,,https://apis.data.go.kr/B552474/OdsnCodeInquiryService2/getOdsnOrgCodeInquiryList2
PUB-002B,4218,,,938083,사회적협동조합도우누리,,https://apis.data.go.kr/B552474/OdsnCodeInquiryService2/getOdsnOrgCodeInquiryList2
PUB-002B,4219,,,939,정선노인복지센터,,https://apis.data.go.kr/B552474/OdsnCodeInquiryService2/getOdsnOrgCodeInquiryList2
PUB-002B,4220,,,939083,용문종합사회복지관,,https://apis.data.go.kr/B552474/OdsnCodeInquiryService2/getOdsnOrgCodeInquiryList2
PUB-002B,4221,,,940,정선문화원,,https://apis.data.go.kr/B552474/OdsnCodeInquiryService2/getOdsnOrgCodeInquiryList2
PUB-002B,4222,,,940083,고창시니어스클럽,,https://apis.data.go.kr/B552474/OdsnCodeInquiryService2/getOdsnOrgCodeInquiryList2
PUB-002B,4223,,,94083,대구북구 보건소(치매안심센터),,https://apis.data.go.kr/B552474/OdsnCodeInquiryService2/getOdsnOrgCodeInquiryList2
PUB-002B,4224,,,941,정선도서관,,https://apis.data.go.kr/B552474/OdsnCodeInquiryService2/getOdsnOrgCodeInquiryList2
PUB-002B,4225,,,941083,희망복지봉사단,,https://apis.data.go.kr/B552474/OdsnCodeInquiryService2/getOdsnOrgCodeInquiryList2
PUB-002B,4226,,,942,금빛노인복지센터,,https://apis.data.go.kr/B552474/OdsnCodeInquiryService2/getOdsnOrgCodeInquiryList2
PUB-002B,4227,,,942083,사회복지법인 충현원,,https://apis.data.go.kr/B552474/OdsnCodeInquiryService2/getOdsnOrgCodeInquiryList2
PUB-002B,4228,,,942084,사랑샘노인복지센터(지자체),,https://apis.data.go.kr/B552474/OdsnCodeInquiryService2/getOdsnOrgCodeInquiryList2
PUB-002B,4229,,,942085,사회적협동조합 더불어락북카페,,https://apis.data.go.kr/B552474/OdsnCodeInquiryService2/getOdsnOrgCodeInquiryList2
PUB-002B,4230,,,943,대전광역시 노인보호전문기관,,https://apis.data.go.kr/B552474/OdsnCodeInquiryService2/getOdsnOrgCodeInquiryList2
PUB-002B,4231,,,943084,더-케어노인복지센터,,https://apis.data.go.kr/B552474/OdsnCodeInquiryService2/getOdsnOrgCodeInquiryList2
PUB-002B,4232,,,946083,광주의료복지사회적협동조합(x),,https://apis.data.go.kr/B552474/OdsnCodeInquiryService2/getOdsnOrgCodeInquiryList2
PUB-002B,4233,,,947,성산노인종합복지관,,https://apis.data.go.kr/B552474/OdsnCodeInquiryService2/getOdsnOrgCodeInquiryList2
PUB-002B,4234,,,947083,광주의료복지 사회적협동조합,,https://apis.data.go.kr/B552474/OdsnCodeInquiryService2/getOdsnOrgCodeInquiryList2
PUB-002B,4235,,,948,대한어머니회 노인복지센터,,https://apis.data.go.kr/B552474/OdsnCodeInquiryService2/getOdsnOrgCodeInquiryList2
PUB-002B,4236,,,948083,사단법인 한누리,,https://apis.data.go.kr/B552474/OdsnCodeInquiryService2/getOdsnOrgCodeInquiryList2
PUB-002B,4237,,,949,인천광역시노인인력개발센터,,https://apis.data.go.kr/B552474/OdsnCodeInquiryService2/getOdsnOrgCodeInquiryList2
PUB-002B,4238,,,949083,사단법인 통영YWCA,,https://apis.data.go.kr/B552474/OdsnCodeInquiryService2/getOdsnOrgCodeInquiryList2
PUB-002B,4239,,,95,춘천동부노인복지관,,https://apis.data.go.kr/B552474/OdsnCodeInquiryService2/getOdsnOrgCodeInquiryList2
PUB-002B,4240,,,950,창원시니어클럽,,https://apis.data.go.kr/B552474/OdsnCodeInquiryService2/getOdsnOrgCodeInquiryList2
PUB-002B,4241,,,950083,주식회사 코끼리공장(부산동구),,https://apis.data.go.kr/B552474/OdsnCodeInquiryService2/getOdsnOrgCodeInquiryList2
PUB-002B,4242,,,95083,음성군 보건소(치매안심센터),,https://apis.data.go.kr/B552474/OdsnCodeInquiryService2/getOdsnOrgCodeInquiryList2
PUB-002B,4243,,,951083,전남장흥지역자활센터,,https://apis.data.go.kr/B552474/OdsnCodeInquiryService2/getOdsnOrgCodeInquiryList2
PUB-002B,4244,,,952,사단법인 해누리노인복지공동체,,https://apis.data.go.kr/B552474/OdsnCodeInquiryService2/getOdsnOrgCodeInquiryList2
PUB-002B,4245,,,952083,진주장애인복지센터,,https://apis.data.go.kr/B552474/OdsnCodeInquiryService2/getOdsnOrgCodeInquiryList2
PUB-002B,4246,,,953,대한노인회 강원 춘천시지회,,https://apis.data.go.kr/B552474/OdsnCodeInquiryService2/getOdsnOrgCodeInquiryList2
PUB-002B,4247,,,953083,화성시정조효노인복지관,,https://apis.data.go.kr/B552474/OdsnCodeInquiryService2/getOdsnOrgCodeInquiryList2
PUB-002B,4248,,,954083,여수시청,,https://apis.data.go.kr/B552474/OdsnCodeInquiryService2/getOdsnOrgCodeInquiryList2
PUB-002B,4249,,,954084,용인시사회복지협의회,,https://apis.data.go.kr/B552474/OdsnCodeInquiryService2/getOdsnOrgCodeInquiryList2
PUB-002B,4250,,,955,함평문화원,,https://apis.data.go.kr/B552474/OdsnCodeInquiryService2/getOdsnOrgCodeInquiryList2
PUB-002B,4251,,,955084,시니어웹수행기관,,https://apis.data.go.kr/B552474/OdsnCodeInquiryService2/getOdsnOrgCodeInquiryList2
PUB-002B,4252,,,956,보령노인종합복지관,,https://apis.data.go.kr/B552474/OdsnCodeInquiryService2/getOdsnOrgCodeInquiryList2
PUB-002B,4253,,,956083,주암면행정복지센터,,https://apis.data.go.kr/B552474/OdsnCodeInquiryService2/getOdsnOrgCodeInquiryList2
PUB-002B,4254,,,956084,주암면행정복지센터,,https://apis.data.go.kr/B552474/OdsnCodeInquiryService2/getOdsnOrgCodeInquiryList2
PUB-002B,4255,,,957083,순천시청,,https://apis.data.go.kr/B552474/OdsnCodeInquiryService2/getOdsnOrgCodeInquiryList2
PUB-002B,4256,,,958083,시니어복지사회적협동조합,,https://apis.data.go.kr/B552474/OdsnCodeInquiryService2/getOdsnOrgCodeInquiryList2
PUB-002B,4257,,,959,인천주례인클럽,,https://apis.data.go.kr/B552474/OdsnCodeInquiryService2/getOdsnOrgCodeInquiryList2
PUB-002B,4258,,,96,평창군노인복지회관,,https://apis.data.go.kr/B552474/OdsnCodeInquiryService2/getOdsnOrgCodeInquiryList2
PUB-002B,4259,,,960,대전중구문화원,,https://apis.data.go.kr/B552474/OdsnCodeInquiryService2/getOdsnOrgCodeInquiryList2
PUB-002B,4260,,,960083,주식회사 커리어다움,,https://apis.data.go.kr/B552474/OdsnCodeInquiryService2/getOdsnOrgCodeInquiryList2
PUB-002B,4261,,,96083,속초시 보건소(치매안심센터),,https://apis.data.go.kr/B552474/OdsnCodeInquiryService2/getOdsnOrgCodeInquiryList2
PUB-002B,4262,,,96084,안동시 치매안심센터,,https://apis.data.go.kr/B552474/OdsnCodeInquiryService2/getOdsnOrgCodeInquiryList2
PUB-002B,4263,,,96086,조인어스코리아,,https://apis.data.go.kr/B552474/OdsnCodeInquiryService2/getOdsnOrgCodeInquiryList2
PUB-002B,4264,,,96088,진안군보건소(치매안심센터),,https://apis.data.go.kr/B552474/OdsnCodeInquiryService2/getOdsnOrgCodeInquiryList2
PUB-002B,4265,,,96089,의정부시 치매안심센터,,https://apis.data.go.kr/B552474/OdsnCodeInquiryService2/getOdsnOrgCodeInquiryList2
PUB-002B,4266,,,961,대전노인복지센터,,https://apis.data.go.kr/B552474/OdsnCodeInquiryService2/getOdsnOrgCodeInquiryList2
PUB-002B,4267,,,961083,국민건강보험동우회사회적협동조합,,https://apis.data.go.kr/B552474/OdsnCodeInquiryService2/getOdsnOrgCodeInquiryList2
PUB-002B,4268,,,962,서구종합사회복지관,,https://apis.data.go.kr/B552474/OdsnCodeInquiryService2/getOdsnOrgCodeInquiryList2
PUB-002B,4269,,,962083,(사)충남ICT/SW기업인협회,,https://apis.data.go.kr/B552474/OdsnCodeInquiryService2/getOdsnOrgCodeInquiryList2
PUB-002B,4270,,,963083,사단법인 한국사회적기업중앙협의회,,https://apis.data.go.kr/B552474/OdsnCodeInquiryService2/getOdsnOrgCodeInquiryList2
PUB-002B,4271,,,964,대한노인회 경남 거창군지회,,https://apis.data.go.kr/B552474/OdsnCodeInquiryService2/getOdsnOrgCodeInquiryList2
PUB-002B,4272,,,964083,(주)이음길에이치알,,https://apis.data.go.kr/B552474/OdsnCodeInquiryService2/getOdsnOrgCodeInquiryList2
PUB-002B,4273,,,965,청주서원시니어클럽,,https://apis.data.go.kr/B552474/OdsnCodeInquiryService2/getOdsnOrgCodeInquiryList2
PUB-002B,4274,,,965083,주식회사 행복인디제이,,https://apis.data.go.kr/B552474/OdsnCodeInquiryService2/getOdsnOrgCodeInquiryList2
PUB-002B,4275,,,966,(사)실업극복인천본부,,https://apis.data.go.kr/B552474/OdsnCodeInquiryService2/getOdsnOrgCodeInquiryList2
PUB-002B,4276,,,966083,(주)이음길에이치알,,https://apis.data.go.kr/B552474/OdsnCodeInquiryService2/getOdsnOrgCodeInquiryList2
PUB-002B,4277,,,967,영산노인복지센터,,https://apis.data.go.kr/B552474/OdsnCodeInquiryService2/getOdsnOrgCodeInquiryList2
PUB-002B,4278,,,968,(사)전국아파트입주자대표회의연합회 화순군지회,,https://apis.data.go.kr/B552474/OdsnCodeInquiryService2/getOdsnOrgCodeInquiryList2
PUB-002B,4279,,,968083,사단법인 케이아이씨티기업인협회,,https://apis.data.go.kr/B552474/OdsnCodeInquiryService2/getOdsnOrgCodeInquiryList2
PUB-002B,4280,,,969,무안군종합사회복지관,,https://apis.data.go.kr/B552474/OdsnCodeInquiryService2/getOdsnOrgCodeInquiryList2
PUB-002B,4281,,,969083,전주일하는실버클럽,,https://apis.data.go.kr/B552474/OdsnCodeInquiryService2/getOdsnOrgCodeInquiryList2
PUB-002B,4282,,,970,화순문화원,,https://apis.data.go.kr/B552474/OdsnCodeInquiryService2/getOdsnOrgCodeInquiryList2
PUB-002B,4283,,,970083,일드림사회적협동조합,,https://apis.data.go.kr/B552474/OdsnCodeInquiryService2/getOdsnOrgCodeInquiryList2
PUB-002B,4284,,,97084,신정1동주민센터,,https://apis.data.go.kr/B552474/OdsnCodeInquiryService2/getOdsnOrgCodeInquiryList2
PUB-002B,4285,,,97085,관악구보건소(치매안심센터),,https://apis.data.go.kr/B552474/OdsnCodeInquiryService2/getOdsnOrgCodeInquiryList2
PUB-002B,4286,,,971,김해시니어클럽,,https://apis.data.go.kr/B552474/OdsnCodeInquiryService2/getOdsnOrgCodeInquiryList2
PUB-002B,4287,,,971083,(주)명은커리어 인천서부지사,,https://apis.data.go.kr/B552474/OdsnCodeInquiryService2/getOdsnOrgCodeInquiryList2
PUB-002B,4288,,,972,강남구립논현노인종합복지관,,https://apis.data.go.kr/B552474/OdsnCodeInquiryService2/getOdsnOrgCodeInquiryList2
PUB-002B,4289,,,972083,당진상공회의소,,https://apis.data.go.kr/B552474/OdsnCodeInquiryService2/getOdsnOrgCodeInquiryList2
PUB-002B,4290,,,973,구평종합사회복지관,,https://apis.data.go.kr/B552474/OdsnCodeInquiryService2/getOdsnOrgCodeInquiryList2
PUB-002B,4291,,,974083,한국산업진흥협회(괴산일자리지원센터),,https://apis.data.go.kr/B552474/OdsnCodeInquiryService2/getOdsnOrgCodeInquiryList2
PUB-002B,4292,,,975,용인시 처인구청,,https://apis.data.go.kr/B552474/OdsnCodeInquiryService2/getOdsnOrgCodeInquiryList2
PUB-002B,4293,,,975083,청도시니어클럽,,https://apis.data.go.kr/B552474/OdsnCodeInquiryService2/getOdsnOrgCodeInquiryList2
PUB-002B,4294,,,976083,주식회사 워크트리,,https://apis.data.go.kr/B552474/OdsnCodeInquiryService2/getOdsnOrgCodeInquiryList2
PUB-002B,4295,,,976084,(주)차오름,,https://apis.data.go.kr/B552474/OdsnCodeInquiryService2/getOdsnOrgCodeInquiryList2
PUB-002B,4296,,,977,인천남구학산문화원,,https://apis.data.go.kr/B552474/OdsnCodeInquiryService2/getOdsnOrgCodeInquiryList2
PUB-002B,4297,,,977083,용산여성인력개발센터,,https://apis.data.go.kr/B552474/OdsnCodeInquiryService2/getOdsnOrgCodeInquiryList2
PUB-002B,4298,,,978,몰운대종합사회복지관,,https://apis.data.go.kr/B552474/OdsnCodeInquiryService2/getOdsnOrgCodeInquiryList2
PUB-002B,4299,,,978083,(주)커리어넷,,https://apis.data.go.kr/B552474/OdsnCodeInquiryService2/getOdsnOrgCodeInquiryList2
PUB-002B,4300,,,978084,(주)커리어넷,,https://apis.data.go.kr/B552474/OdsnCodeInquiryService2/getOdsnOrgCodeInquiryList2
PUB-002B,4301,,,979,수원YWCA,,https://apis.data.go.kr/B552474/OdsnCodeInquiryService2/getOdsnOrgCodeInquiryList2
PUB-002B,4302,,,979083,(주)가이드잡 부산북부지사,,https://apis.data.go.kr/B552474/OdsnCodeInquiryService2/getOdsnOrgCodeInquiryList2
PUB-002B,4303,,,98,옥천군노인복지관,,https://apis.data.go.kr/B552474/OdsnCodeInquiryService2/getOdsnOrgCodeInquiryList2
PUB-002B,4304,,,980,나눔의 집,,https://apis.data.go.kr/B552474/OdsnCodeInquiryService2/getOdsnOrgCodeInquiryList2
PUB-002B,4305,,,980083,(사)강릉YWCA,,https://apis.data.go.kr/B552474/OdsnCodeInquiryService2/getOdsnOrgCodeInquiryList2
PUB-002B,4306,,,980084,사회적협동조합양지뜰,,https://apis.data.go.kr/B552474/OdsnCodeInquiryService2/getOdsnOrgCodeInquiryList2
PUB-002B,4307,,,98083,대구대학교 산학협력단,,https://apis.data.go.kr/B552474/OdsnCodeInquiryService2/getOdsnOrgCodeInquiryList2
PUB-002B,4308,,,981083,(사)춘천YWCA,,https://apis.data.go.kr/B552474/OdsnCodeInquiryService2/getOdsnOrgCodeInquiryList2
PUB-002B,4309,,,982,새마을고흥군지회,,https://apis.data.go.kr/B552474/OdsnCodeInquiryService2/getOdsnOrgCodeInquiryList2
PUB-002B,4310,,,982083,사회적협동조합 충북사회적경제센터(민간),,https://apis.data.go.kr/B552474/OdsnCodeInquiryService2/getOdsnOrgCodeInquiryList2
PUB-002B,4311,,,983,대한노인회 부산 기장군지회,,https://apis.data.go.kr/B552474/OdsnCodeInquiryService2/getOdsnOrgCodeInquiryList2
PUB-002B,4312,,,983083,공주시니어클럽(지자체),,https://apis.data.go.kr/B552474/OdsnCodeInquiryService2/getOdsnOrgCodeInquiryList2
PUB-002B,4313,,,984,괴산문화원,,https://apis.data.go.kr/B552474/OdsnCodeInquiryService2/getOdsnOrgCodeInquiryList2
PUB-002B,4314,,,984083,주식회사 보살핌,,https://apis.data.go.kr/B552474/OdsnCodeInquiryService2/getOdsnOrgCodeInquiryList2
PUB-002B,4315,,,985,종로종합사회복지관,,https://apis.data.go.kr/B552474/OdsnCodeInquiryService2/getOdsnOrgCodeInquiryList2
PUB-002B,4316,,,985083,주식회사 퍼스트인코리아 경남지사,,https://apis.data.go.kr/B552474/OdsnCodeInquiryService2/getOdsnOrgCodeInquiryList2
PUB-002B,4317,,,986,함평원광노인복지센터,,https://apis.data.go.kr/B552474/OdsnCodeInquiryService2/getOdsnOrgCodeInquiryList2
PUB-002B,4318,,,986083,(주)강한스틸,,https://apis.data.go.kr/B552474/OdsnCodeInquiryService2/getOdsnOrgCodeInquiryList2
PUB-002B,4319,,,987,수원시실버인력뱅크,,https://apis.data.go.kr/B552474/OdsnCodeInquiryService2/getOdsnOrgCodeInquiryList2
PUB-002B,4320,,,987083,청주상공회의소(민간),,https://apis.data.go.kr/B552474/OdsnCodeInquiryService2/getOdsnOrgCodeInquiryList2
PUB-002B,4321,,,988,전포종합사회복지관,,https://apis.data.go.kr/B552474/OdsnCodeInquiryService2/getOdsnOrgCodeInquiryList2
PUB-002B,4322,,,988083,신광면사무소,,https://apis.data.go.kr/B552474/OdsnCodeInquiryService2/getOdsnOrgCodeInquiryList2
PUB-002B,4323,,,989,조은노인복지센터,,https://apis.data.go.kr/B552474/OdsnCodeInquiryService2/getOdsnOrgCodeInquiryList2
PUB-002B,4324,,,989083,퍼스트인잡(주),,https://apis.data.go.kr/B552474/OdsnCodeInquiryService2/getOdsnOrgCodeInquiryList2
PUB-002B,4325,,,99,음성군노인복지관,,https://apis.data.go.kr/B552474/OdsnCodeInquiryService2/getOdsnOrgCodeInquiryList2
PUB-002B,4326,,,990,생명의전화 노인통합지원센터,,https://apis.data.go.kr/B552474/OdsnCodeInquiryService2/getOdsnOrgCodeInquiryList2
PUB-002B,4327,,,99083,송파구 치매지원센터,,https://apis.data.go.kr/B552474/OdsnCodeInquiryService2/getOdsnOrgCodeInquiryList2
PUB-002B,4328,,,991083,사단법인 속초YWCA,,https://apis.data.go.kr/B552474/OdsnCodeInquiryService2/getOdsnOrgCodeInquiryList2
PUB-002B,4329,,,992083,갤러리아토아트,,https://apis.data.go.kr/B552474/OdsnCodeInquiryService2/getOdsnOrgCodeInquiryList2
PUB-002B,4330,,,993,인존지역아동센터,,https://apis.data.go.kr/B552474/OdsnCodeInquiryService2/getOdsnOrgCodeInquiryList2
PUB-002B,4331,,,993083,주식회사 씨패스,,https://apis.data.go.kr/B552474/OdsnCodeInquiryService2/getOdsnOrgCodeInquiryList2
PUB-002B,4332,,,994,종로노인종합복지관,,https://apis.data.go.kr/B552474/OdsnCodeInquiryService2/getOdsnOrgCodeInquiryList2
PUB-002B,4333,,,994083,케어믹스 사회적협동조합,,https://apis.data.go.kr/B552474/OdsnCodeInquiryService2/getOdsnOrgCodeInquiryList2
PUB-002B,4334,,,995,대구광역시 결혼이민자가족지원센터,,https://apis.data.go.kr/B552474/OdsnCodeInquiryService2/getOdsnOrgCodeInquiryList2
PUB-002B,4335,,,995083,대구수성시니어클럽(민간),,https://apis.data.go.kr/B552474/OdsnCodeInquiryService2/getOdsnOrgCodeInquiryList2
PUB-002B,4336,,,995084,대구중구시니어클럽(민간),,https://apis.data.go.kr/B552474/OdsnCodeInquiryService2/getOdsnOrgCodeInquiryList2
PUB-002B,4337,,,995085,설악환경산업(주),,https://apis.data.go.kr/B552474/OdsnCodeInquiryService2/getOdsnOrgCodeInquiryList2
PUB-002B,4338,,,995086,순창시니어클럽(민간),,https://apis.data.go.kr/B552474/OdsnCodeInquiryService2/getOdsnOrgCodeInquiryList2
PUB-002B,4339,,,995087,울산중구시니어클럽(민간),,https://apis.data.go.kr/B552474/OdsnCodeInquiryService2/getOdsnOrgCodeInquiryList2
PUB-002B,4340,,,995088,사회적협동조합 행복느티나무(민간),,https://apis.data.go.kr/B552474/OdsnCodeInquiryService2/getOdsnOrgCodeInquiryList2
PUB-002B,4341,,,996,유성문화원,,https://apis.data.go.kr/B552474/OdsnCodeInquiryService2/getOdsnOrgCodeInquiryList2
PUB-002B,4342,,,996084,파주시운정종합사회복지관,,https://apis.data.go.kr/B552474/OdsnCodeInquiryService2/getOdsnOrgCodeInquiryList2
PUB-002B,4343,,,997,청도군주간보호센터,,https://apis.data.go.kr/B552474/OdsnCodeInquiryService2/getOdsnOrgCodeInquiryList2
PUB-002B,4344,,,997083,한국노인인력개발원 전북지역본부,,https://apis.data.go.kr/B552474/OdsnCodeInquiryService2/getOdsnOrgCodeInquiryList2
PUB-002B,4345,,,997084,한국노인인력개발원 제주지역본부,,https://apis.data.go.kr/B552474/OdsnCodeInquiryService2/getOdsnOrgCodeInquiryList2
PUB-002B,4346,,,997085,한국노인인력개발원 경남지역본부,,https://apis.data.go.kr/B552474/OdsnCodeInquiryService2/getOdsnOrgCodeInquiryList2
PUB-002B,4347,,,997086,한국노인인력개발원 취업지원부,,https://apis.data.go.kr/B552474/OdsnCodeInquiryService2/getOdsnOrgCodeInquiryList2
PUB-002B,4348,,,998,임실문화원,,https://apis.data.go.kr/B552474/OdsnCodeInquiryService2/getOdsnOrgCodeInquiryList2
PUB-002B,4349,,,998083,도양노인건강복지타운 노인복지관,,https://apis.data.go.kr/B552474/OdsnCodeInquiryService2/getOdsnOrgCodeInquiryList2
PUB-002B,4350,,,999,수경재가노인돌봄센터,,https://apis.data.go.kr/B552474/OdsnCodeInquiryService2/getOdsnOrgCodeInquiryList2
PUB-002B,4351,,,999083,도양노인건강복지타운 노인복지관,,https://apis.data.go.kr/B552474/OdsnCodeInquiryService2/getOdsnOrgCodeInquiryList2
PUB-003,4352,,,10,시립동작노인종합복지관,수행기관,https://apis.data.go.kr/B552474/JobBsnInfoService/getJobOperInsttList
PUB-003,4353,,,100,명락노인종합복지관,수행기관,https://apis.data.go.kr/B552474/JobBsnInfoService/getJobOperInsttList
PUB-003,4354,,,1003,대한노인회 경북 영주시지회,수행기관,https://apis.data.go.kr/B552474/JobBsnInfoService/getJobOperInsttList
PUB-003,4355,,,1003085,북원노인종합복지관,수행기관,https://apis.data.go.kr/B552474/JobBsnInfoService/getJobOperInsttList
PUB-003,4356,,,1007,태안노인복지관,수행기관,https://apis.data.go.kr/B552474/JobBsnInfoService/getJobOperInsttList
PUB-003,4357,,,1009083,서울중구시니어클럽,수행기관,https://apis.data.go.kr/B552474/JobBsnInfoService/getJobOperInsttList
PUB-003,4358,,,101,제천시노인종합복지관,수행기관,https://apis.data.go.kr/B552474/JobBsnInfoService/getJobOperInsttList
PUB-003,4359,,,1010,예닮복지재단,수행기관,https://apis.data.go.kr/B552474/JobBsnInfoService/getJobOperInsttList
PUB-003,4360,,,1015083,안산상공회의소,수행기관,https://apis.data.go.kr/B552474/JobBsnInfoService/getJobOperInsttList
PUB-003,4361,,,1018,대한노인회 경기 용인시 수지구지회,수행기관,https://apis.data.go.kr/B552474/JobBsnInfoService/getJobOperInsttList
PUB-003,4362,,,1020,대한노인회 서울 성동구지회,수행기관,https://apis.data.go.kr/B552474/JobBsnInfoService/getJobOperInsttList
PUB-003,4363,,,1021083,휴 사회적협동조합,수행기관,https://apis.data.go.kr/B552474/JobBsnInfoService/getJobOperInsttList
PUB-003,4364,,,1022,(사)대한노인회서귀포시지회,수행기관,https://apis.data.go.kr/B552474/JobBsnInfoService/getJobOperInsttList
PUB-003,4365,,,1022083,산내종합사회복지관,수행기관,https://apis.data.go.kr/B552474/JobBsnInfoService/getJobOperInsttList
PUB-003,4366,,,1026,남광종합사회복지관,수행기관,https://apis.data.go.kr/B552474/JobBsnInfoService/getJobOperInsttList
PUB-003,4367,,,1027083,한국자재산업(주),수행기관,https://apis.data.go.kr/B552474/JobBsnInfoService/getJobOperInsttList
PUB-003,4368,,,1028083,사단법인 영월군장애인협회,수행기관,https://apis.data.go.kr/B552474/JobBsnInfoService/getJobOperInsttList
PUB-003,4369,,,103,증평삼보사회복지관,수행기관,https://apis.data.go.kr/B552474/JobBsnInfoService/getJobOperInsttList
PUB-003,4370,,,1030083,담양시니어클럽,수행기관,https://apis.data.go.kr/B552474/JobBsnInfoService/getJobOperInsttList
PUB-003,4371,,,1032,대한노인회 전북 고창군지회,수행기관,https://apis.data.go.kr/B552474/JobBsnInfoService/getJobOperInsttList
PUB-003,4372,,,1033083,강원도지체장애인협회 양양군지회,수행기관,https://apis.data.go.kr/B552474/JobBsnInfoService/getJobOperInsttList
PUB-003,4373,,,1036085,사단법인 청풍위장회,수행기관,https://apis.data.go.kr/B552474/JobBsnInfoService/getJobOperInsttList
PUB-003,4374,,,1036086,장성시니어클럽,수행기관,https://apis.data.go.kr/B552474/JobBsnInfoService/getJobOperInsttList
PUB-003,4375,,,1036087,미사노인복지관,수행기관,https://apis.data.go.kr/B552474/JobBsnInfoService/getJobOperInsttList
PUB-003,4376,,,1036088,종로구보건소,수행기관,https://apis.data.go.kr/B552474/JobBsnInfoService/getJobOperInsttList
PUB-003,4377,,,1036091,사단법인 가치잇다,수행기관,https://apis.data.go.kr/B552474/JobBsnInfoService/getJobOperInsttList
PUB-003,4378,,,1036092,연꽃노인복지센터,수행기관,https://apis.data.go.kr/B552474/JobBsnInfoService/getJobOperInsttList
PUB-003,4379,,,1036094,가덕도동노인복지관,수행기관,https://apis.data.go.kr/B552474/JobBsnInfoService/getJobOperInsttList
PUB-003,4380,,,1036104,(주)신한서브,수행기관,https://apis.data.go.kr/B552474/JobBsnInfoService/getJobOperInsttList
PUB-003,4381,,,1036107,스탭스 주식회사 부산동부센터,수행기관,https://apis.data.go.kr/B552474/JobBsnInfoService/getJobOperInsttList
PUB-003,4382,,,1036111,주식회사 상상우리,수행기관,https://apis.data.go.kr/B552474/JobBsnInfoService/getJobOperInsttList
PUB-003,4383,,,1036112,강북시니어클럽,수행기관,https://apis.data.go.kr/B552474/JobBsnInfoService/getJobOperInsttList
PUB-003,4384,,,1036118,사단법인위니버스,수행기관,https://apis.data.go.kr/B552474/JobBsnInfoService/getJobOperInsttList
PUB-003,4385,,,1037086,김제지평선시니어클럽,수행기관,https://apis.data.go.kr/B552474/JobBsnInfoService/getJobOperInsttList
PUB-003,4386,,,1037088,살림의료복지사회적협동조합,수행기관,https://apis.data.go.kr/B552474/JobBsnInfoService/getJobOperInsttList
PUB-003,4387,,,1037089,사단법인 현주,수행기관,https://apis.data.go.kr/B552474/JobBsnInfoService/getJobOperInsttList
PUB-003,4388,,,1037091,상도은빛복지관,수행기관,https://apis.data.go.kr/B552474/JobBsnInfoService/getJobOperInsttList
PUB-003,4389,,,1037093,에셀나무사회적협동조합 서부센터,수행기관,https://apis.data.go.kr/B552474/JobBsnInfoService/getJobOperInsttList
PUB-003,4390,,,1037096,착한도시사회적협동조합,수행기관,https://apis.data.go.kr/B552474/JobBsnInfoService/getJobOperInsttList
PUB-003,4391,,,1037097,영중종합사회복지관,수행기관,https://apis.data.go.kr/B552474/JobBsnInfoService/getJobOperInsttList
PUB-003,4392,,,1038085,사단법인 그루터기,수행기관,https://apis.data.go.kr/B552474/JobBsnInfoService/getJobOperInsttList
PUB-003,4393,,,1038089,울산광역시 제2시립노인복지관,수행기관,https://apis.data.go.kr/B552474/JobBsnInfoService/getJobOperInsttList
PUB-003,4394,,,1038091,고성시니어클럽(지자체),수행기관,https://apis.data.go.kr/B552474/JobBsnInfoService/getJobOperInsttList
PUB-003,4395,,,1039092,(주)두원잡 진주지사,수행기관,https://apis.data.go.kr/B552474/JobBsnInfoService/getJobOperInsttList
PUB-003,4396,,,1039095,주식회사 경남취업지원센터 김해지사,수행기관,https://apis.data.go.kr/B552474/JobBsnInfoService/getJobOperInsttList
PUB-003,4397,,,1039099,인지어스유한회사 김해지사,수행기관,https://apis.data.go.kr/B552474/JobBsnInfoService/getJobOperInsttList
PUB-003,4398,,,1039109,광주시니어클럽,수행기관,https://apis.data.go.kr/B552474/JobBsnInfoService/getJobOperInsttList
PUB-003,4399,,,1039111,(대구)해피케어,수행기관,https://apis.data.go.kr/B552474/JobBsnInfoService/getJobOperInsttList
PUB-003,4400,,,1039113,충주문화시니어클럽,수행기관,https://apis.data.go.kr/B552474/JobBsnInfoService/getJobOperInsttList
PUB-003,4401,,,1039115,일모아 사회적협동조합,수행기관,https://apis.data.go.kr/B552474/JobBsnInfoService/getJobOperInsttList
PUB-003,4402,,,1039119,사단법인 고창군자원봉사센터,수행기관,https://apis.data.go.kr/B552474/JobBsnInfoService/getJobOperInsttList
PUB-003,4403,,,1039130,에듀툴킷디자인연구소,수행기관,https://apis.data.go.kr/B552474/JobBsnInfoService/getJobOperInsttList
PUB-003,4404,,,1039132,영월효문화원,수행기관,https://apis.data.go.kr/B552474/JobBsnInfoService/getJobOperInsttList
PUB-003,4405,,,1039142,양평시니어클럽,수행기관,https://apis.data.go.kr/B552474/JobBsnInfoService/getJobOperInsttList
PUB-003,4406,,,104,진천군노인복지관,수행기관,https://apis.data.go.kr/B552474/JobBsnInfoService/getJobOperInsttList
PUB-003,4407,,,1040085,갈마노인복지관,수행기관,https://apis.data.go.kr/B552474/JobBsnInfoService/getJobOperInsttList
PUB-003,4408,,,1040089,(주)대신능력개발취업센터,수행기관,https://apis.data.go.kr/B552474/JobBsnInfoService/getJobOperInsttList
PUB-003,4409,,,1040092,포천시니어클럽,수행기관,https://apis.data.go.kr/B552474/JobBsnInfoService/getJobOperInsttList
PUB-003,4410,,,1041086,케이잡스 주식회사,수행기관,https://apis.data.go.kr/B552474/JobBsnInfoService/getJobOperInsttList
PUB-003,4411,,,1041087,주식회사 에스테이트,수행기관,https://apis.data.go.kr/B552474/JobBsnInfoService/getJobOperInsttList
PUB-003,4412,,,1042,대한노인회 경기 광주시지회,수행기관,https://apis.data.go.kr/B552474/JobBsnInfoService/getJobOperInsttList
PUB-003,4413,,,1044113,법동종합사회복지관,수행기관,https://apis.data.go.kr/B552474/JobBsnInfoService/getJobOperInsttList
PUB-003,4414,,,1044114,덕천종합사회복지관,수행기관,https://apis.data.go.kr/B552474/JobBsnInfoService/getJobOperInsttList
PUB-003,4415,,,1044115,동산노인복지센터,수행기관,https://apis.data.go.kr/B552474/JobBsnInfoService/getJobOperInsttList
PUB-003,4416,,,1044117,월배노인종합복지관,수행기관,https://apis.data.go.kr/B552474/JobBsnInfoService/getJobOperInsttList
PUB-003,4417,,,1044118,노암복지회,수행기관,https://apis.data.go.kr/B552474/JobBsnInfoService/getJobOperInsttList
PUB-003,4418,,,1044119,운정다누림노인복지관,수행기관,https://apis.data.go.kr/B552474/JobBsnInfoService/getJobOperInsttList
PUB-003,4419,,,1044123,하나복지재가센터,수행기관,https://apis.data.go.kr/B552474/JobBsnInfoService/getJobOperInsttList
PUB-003,4420,,,1044126,문정노인종합복지관,수행기관,https://apis.data.go.kr/B552474/JobBsnInfoService/getJobOperInsttList
PUB-003,4421,,,1044128,새만금시니어클럽,수행기관,https://apis.data.go.kr/B552474/JobBsnInfoService/getJobOperInsttList
PUB-003,4422,,,1044130,상록시니어클럽,수행기관,https://apis.data.go.kr/B552474/JobBsnInfoService/getJobOperInsttList
PUB-003,4423,,,1044131,비산노인종합복지관(일자리),수행기관,https://apis.data.go.kr/B552474/JobBsnInfoService/getJobOperInsttList
PUB-003,4424,,,1044132,사단법인 노인생활과학연구소,수행기관,https://apis.data.go.kr/B552474/JobBsnInfoService/getJobOperInsttList
PUB-003,4425,,,1044133,연제구연산종합사회복지관,수행기관,https://apis.data.go.kr/B552474/JobBsnInfoService/getJobOperInsttList
PUB-003,4426,,,1044134,사회복지법인 장수군사회복지협의회,수행기관,https://apis.data.go.kr/B552474/JobBsnInfoService/getJobOperInsttList
PUB-003,4427,,,1044135,김제상공회의소,수행기관,https://apis.data.go.kr/B552474/JobBsnInfoService/getJobOperInsttList
PUB-003,4428,,,1044137,송악사회복지관,수행기관,https://apis.data.go.kr/B552474/JobBsnInfoService/getJobOperInsttList
PUB-003,4429,,,1044149,도시철도협동조합(광진구),수행기관,https://apis.data.go.kr/B552474/JobBsnInfoService/getJobOperInsttList
PUB-003,4430,,,1044152,할로마켓 두번째 봄 사회적협동조합,수행기관,https://apis.data.go.kr/B552474/JobBsnInfoService/getJobOperInsttList
PUB-003,4431,,,1046098,동백꽃노인종합복지관,수행기관,https://apis.data.go.kr/B552474/JobBsnInfoService/getJobOperInsttList
PUB-003,4432,,,1046099,시화마을사회적협동조합,수행기관,https://apis.data.go.kr/B552474/JobBsnInfoService/getJobOperInsttList
PUB-003,4433,,,1046100,미래고용혁신센터,수행기관,https://apis.data.go.kr/B552474/JobBsnInfoService/getJobOperInsttList
PUB-003,4434,,,1046101,노인복지센터다올,수행기관,https://apis.data.go.kr/B552474/JobBsnInfoService/getJobOperInsttList
PUB-003,4435,,,1046102,국제노인복지센터,수행기관,https://apis.data.go.kr/B552474/JobBsnInfoService/getJobOperInsttList
PUB-003,4436,,,1047,(사)거제YWCA,수행기관,https://apis.data.go.kr/B552474/JobBsnInfoService/getJobOperInsttList
PUB-003,4437,,,1047097,반딧불사회적협동조합,수행기관,https://apis.data.go.kr/B552474/JobBsnInfoService/getJobOperInsttList
PUB-003,4438,,,1047098,재단법인 중랑문화재단,수행기관,https://apis.data.go.kr/B552474/JobBsnInfoService/getJobOperInsttList
PUB-003,4439,,,1047099,사회복지법인 행복상회,수행기관,https://apis.data.go.kr/B552474/JobBsnInfoService/getJobOperInsttList
PUB-003,4440,,,1047101,강원의료복지사회적협동조합,수행기관,https://apis.data.go.kr/B552474/JobBsnInfoService/getJobOperInsttList
PUB-003,4441,,,1047103,새노인운동본부,수행기관,https://apis.data.go.kr/B552474/JobBsnInfoService/getJobOperInsttList
PUB-003,4442,,,1047105,사회복지법인무주군사회복지협의회,수행기관,https://apis.data.go.kr/B552474/JobBsnInfoService/getJobOperInsttList
PUB-003,4443,,,1047106,남구장애인복지관,수행기관,https://apis.data.go.kr/B552474/JobBsnInfoService/getJobOperInsttList
PUB-003,4444,,,1047109,주식회사 아이피시 관악지사,수행기관,https://apis.data.go.kr/B552474/JobBsnInfoService/getJobOperInsttList
PUB-003,4445,,,1047110,휴먼커리어네트워크센터,수행기관,https://apis.data.go.kr/B552474/JobBsnInfoService/getJobOperInsttList
PUB-003,4446,,,1047116,동두천시니어클럽,수행기관,https://apis.data.go.kr/B552474/JobBsnInfoService/getJobOperInsttList
PUB-003,4447,,,1047117,The Bank 신한동우회,수행기관,https://apis.data.go.kr/B552474/JobBsnInfoService/getJobOperInsttList
PUB-003,4448,,,1047118,서브온 주식회사,수행기관,https://apis.data.go.kr/B552474/JobBsnInfoService/getJobOperInsttList
PUB-003,4449,,,1048,하남시종합사회복지관,수행기관,https://apis.data.go.kr/B552474/JobBsnInfoService/getJobOperInsttList
PUB-003,4450,,,1048097,휘경이문누리종합사회복지관,수행기관,https://apis.data.go.kr/B552474/JobBsnInfoService/getJobOperInsttList
PUB-003,4451,,,1048098,강서구립마곡어르신복지관,수행기관,https://apis.data.go.kr/B552474/JobBsnInfoService/getJobOperInsttList
PUB-003,4452,,,105,청주시노인종합복지관,수행기관,https://apis.data.go.kr/B552474/JobBsnInfoService/getJobOperInsttList
PUB-003,4453,,,1050112,용산시니어클럽,수행기관,https://apis.data.go.kr/B552474/JobBsnInfoService/getJobOperInsttList
PUB-003,4454,,,105083,사단법인 삼성희망네트워크,수행기관,https://apis.data.go.kr/B552474/JobBsnInfoService/getJobOperInsttList
PUB-003,4455,,,1053,가양7종합사회복지관,수행기관,https://apis.data.go.kr/B552474/JobBsnInfoService/getJobOperInsttList
PUB-003,4456,,,1058,도남사회복지관,수행기관,https://apis.data.go.kr/B552474/JobBsnInfoService/getJobOperInsttList
PUB-003,4457,,,1059,대한노인회 경남 통영시지회,수행기관,https://apis.data.go.kr/B552474/JobBsnInfoService/getJobOperInsttList
PUB-003,4458,,,106,청주가경노인복지관,수행기관,https://apis.data.go.kr/B552474/JobBsnInfoService/getJobOperInsttList
PUB-003,4459,,,1061,수원시니어클럽,수행기관,https://apis.data.go.kr/B552474/JobBsnInfoService/getJobOperInsttList
PUB-003,4460,,,1062,사)곡성군새마을회,수행기관,https://apis.data.go.kr/B552474/JobBsnInfoService/getJobOperInsttList
PUB-003,4461,,,107,충청북도노인종합복지관,수행기관,https://apis.data.go.kr/B552474/JobBsnInfoService/getJobOperInsttList
PUB-003,4462,,,107083,김해시서부노인종합복지관,수행기관,https://apis.data.go.kr/B552474/JobBsnInfoService/getJobOperInsttList
PUB-003,4463,,,1072,창동어르신복지관,수행기관,https://apis.data.go.kr/B552474/JobBsnInfoService/getJobOperInsttList
PUB-003,4464,,,1073,대한노인회 전남 보성군지회,수행기관,https://apis.data.go.kr/B552474/JobBsnInfoService/getJobOperInsttList
PUB-003,4465,,,1075,대한노인회 서울 도봉구지회,수행기관,https://apis.data.go.kr/B552474/JobBsnInfoService/getJobOperInsttList
PUB-003,4466,,,1076,문수실버복지관,수행기관,https://apis.data.go.kr/B552474/JobBsnInfoService/getJobOperInsttList
PUB-003,4467,,,1078,김제노인종합복지관,수행기관,https://apis.data.go.kr/B552474/JobBsnInfoService/getJobOperInsttList
PUB-003,4468,,,108083,광양시니어클럽,수행기관,https://apis.data.go.kr/B552474/JobBsnInfoService/getJobOperInsttList
PUB-003,4469,,,1084,월평종합사회복지관,수행기관,https://apis.data.go.kr/B552474/JobBsnInfoService/getJobOperInsttList
PUB-003,4470,,,1085,관저종합사회복지관,수행기관,https://apis.data.go.kr/B552474/JobBsnInfoService/getJobOperInsttList
PUB-003,4471,,,1086,대한노인회 충남 부여군지회,수행기관,https://apis.data.go.kr/B552474/JobBsnInfoService/getJobOperInsttList
PUB-003,4797,,,211083,해운대구장애인복지관,수행기관,https://apis.data.go.kr/B552474/JobBsnInfoService/getJobOperInsttList
PUB-003,4472,,,1087,대한노인회 충남 당진시지회,수행기관,https://apis.data.go.kr/B552474/JobBsnInfoService/getJobOperInsttList
PUB-003,4473,,,109,아산시노인종합복지관,수행기관,https://apis.data.go.kr/B552474/JobBsnInfoService/getJobOperInsttList
PUB-003,4474,,,109083,홍천시니어클럽,수행기관,https://apis.data.go.kr/B552474/JobBsnInfoService/getJobOperInsttList
PUB-003,4475,,,1096,고양실버인력뱅크,수행기관,https://apis.data.go.kr/B552474/JobBsnInfoService/getJobOperInsttList
PUB-003,4476,,,11,시립마포노인종합복지관,수행기관,https://apis.data.go.kr/B552474/JobBsnInfoService/getJobOperInsttList
PUB-003,4477,,,110,천안시노인종합복지관,수행기관,https://apis.data.go.kr/B552474/JobBsnInfoService/getJobOperInsttList
PUB-003,4478,,,110083,묵호노인종합복지관,수행기관,https://apis.data.go.kr/B552474/JobBsnInfoService/getJobOperInsttList
PUB-003,4479,,,110084,경북영천시니어클럽,수행기관,https://apis.data.go.kr/B552474/JobBsnInfoService/getJobOperInsttList
PUB-003,4480,,,1101,평안교회부설노인복지센터,수행기관,https://apis.data.go.kr/B552474/JobBsnInfoService/getJobOperInsttList
PUB-003,4481,,,1103,북익산노인복지센터,수행기관,https://apis.data.go.kr/B552474/JobBsnInfoService/getJobOperInsttList
PUB-003,4482,,,1107,옥수종합사회복지관,수행기관,https://apis.data.go.kr/B552474/JobBsnInfoService/getJobOperInsttList
PUB-003,4483,,,11083,성남위례종합사회복지관,수행기관,https://apis.data.go.kr/B552474/JobBsnInfoService/getJobOperInsttList
PUB-003,4484,,,111083,강동노인복지관,수행기관,https://apis.data.go.kr/B552474/JobBsnInfoService/getJobOperInsttList
PUB-003,4485,,,111086,비원노인복지관,수행기관,https://apis.data.go.kr/B552474/JobBsnInfoService/getJobOperInsttList
PUB-003,4486,,,111089,통영시니어클럽,수행기관,https://apis.data.go.kr/B552474/JobBsnInfoService/getJobOperInsttList
PUB-003,4487,,,111090,대조노인복지관,수행기관,https://apis.data.go.kr/B552474/JobBsnInfoService/getJobOperInsttList
PUB-003,4488,,,111092,사천시니어클럽,수행기관,https://apis.data.go.kr/B552474/JobBsnInfoService/getJobOperInsttList
PUB-003,4489,,,111093,청주서원노인복지관,수행기관,https://apis.data.go.kr/B552474/JobBsnInfoService/getJobOperInsttList
PUB-003,4490,,,1115,양평군노인복지관,수행기관,https://apis.data.go.kr/B552474/JobBsnInfoService/getJobOperInsttList
PUB-003,4491,,,1116,동부재가노인통합지원센터,수행기관,https://apis.data.go.kr/B552474/JobBsnInfoService/getJobOperInsttList
PUB-003,4492,,,112,아우내은빛복지관,수행기관,https://apis.data.go.kr/B552474/JobBsnInfoService/getJobOperInsttList
PUB-003,4493,,,1121,목포문화원,수행기관,https://apis.data.go.kr/B552474/JobBsnInfoService/getJobOperInsttList
PUB-003,4494,,,1125,양평군종합사회복지관,수행기관,https://apis.data.go.kr/B552474/JobBsnInfoService/getJobOperInsttList
PUB-003,4495,,,1128,시흥실버인력뱅크,수행기관,https://apis.data.go.kr/B552474/JobBsnInfoService/getJobOperInsttList
PUB-003,4496,,,113,홍성군노인종합복지관,수행기관,https://apis.data.go.kr/B552474/JobBsnInfoService/getJobOperInsttList
PUB-003,4497,,,1130,와치종합사회복지관,수행기관,https://apis.data.go.kr/B552474/JobBsnInfoService/getJobOperInsttList
PUB-003,4498,,,113083,팔달노인복지관,수행기관,https://apis.data.go.kr/B552474/JobBsnInfoService/getJobOperInsttList
PUB-003,4499,,,1132,절영종합사회복지관,수행기관,https://apis.data.go.kr/B552474/JobBsnInfoService/getJobOperInsttList
PUB-003,4500,,,1133,대방종합사회복지관,수행기관,https://apis.data.go.kr/B552474/JobBsnInfoService/getJobOperInsttList
PUB-003,4501,,,1137,성남시니어클럽,수행기관,https://apis.data.go.kr/B552474/JobBsnInfoService/getJobOperInsttList
PUB-003,4502,,,114,정읍시노인복지관,수행기관,https://apis.data.go.kr/B552474/JobBsnInfoService/getJobOperInsttList
PUB-003,4503,,,1140,평창노인복지센터,수행기관,https://apis.data.go.kr/B552474/JobBsnInfoService/getJobOperInsttList
PUB-003,4504,,,114083,한국지역복지봉사회,수행기관,https://apis.data.go.kr/B552474/JobBsnInfoService/getJobOperInsttList
PUB-003,4505,,,114084,고창원광노인복지센터,수행기관,https://apis.data.go.kr/B552474/JobBsnInfoService/getJobOperInsttList
PUB-003,4506,,,1141,흑석종합사회복지관,수행기관,https://apis.data.go.kr/B552474/JobBsnInfoService/getJobOperInsttList
PUB-003,5196,,,339083,봉화시니어클럽,수행기관,https://apis.data.go.kr/B552474/JobBsnInfoService/getJobOperInsttList
PUB-003,4507,,,1149,청솔종합사회복지관 부설 성남시실버인력뱅크,수행기관,https://apis.data.go.kr/B552474/JobBsnInfoService/getJobOperInsttList
PUB-003,4508,,,115,군산노인종합복지관,수행기관,https://apis.data.go.kr/B552474/JobBsnInfoService/getJobOperInsttList
PUB-003,4509,,,115083,신장림사랑채노인복지관,수행기관,https://apis.data.go.kr/B552474/JobBsnInfoService/getJobOperInsttList
PUB-003,4510,,,1155,대한노인회 고양시일산서구지회,수행기관,https://apis.data.go.kr/B552474/JobBsnInfoService/getJobOperInsttList
PUB-003,4511,,,1158,하안종합사회복지관,수행기관,https://apis.data.go.kr/B552474/JobBsnInfoService/getJobOperInsttList
PUB-003,4512,,,1159,용인시 수지구청,수행기관,https://apis.data.go.kr/B552474/JobBsnInfoService/getJobOperInsttList
PUB-003,4513,,,116084,참살이사회적협동조합,수행기관,https://apis.data.go.kr/B552474/JobBsnInfoService/getJobOperInsttList
PUB-003,4514,,,1166,의왕시사랑채노인복지관,수행기관,https://apis.data.go.kr/B552474/JobBsnInfoService/getJobOperInsttList
PUB-003,4515,,,1167,과천시실버인력뱅크(과천시노인복지관),수행기관,https://apis.data.go.kr/B552474/JobBsnInfoService/getJobOperInsttList
PUB-003,4516,,,1168,남양주시노인복지관 부설 남양주실버인력뱅크,수행기관,https://apis.data.go.kr/B552474/JobBsnInfoService/getJobOperInsttList
PUB-003,4517,,,117,안골노인복지관,수행기관,https://apis.data.go.kr/B552474/JobBsnInfoService/getJobOperInsttList
PUB-003,4518,,,117083,우만종합사회복지관,수행기관,https://apis.data.go.kr/B552474/JobBsnInfoService/getJobOperInsttList
PUB-003,4519,,,117085,노후를돕는사람들,수행기관,https://apis.data.go.kr/B552474/JobBsnInfoService/getJobOperInsttList
PUB-003,4520,,,1178,대한노인회 경기 화성시지회,수행기관,https://apis.data.go.kr/B552474/JobBsnInfoService/getJobOperInsttList
PUB-003,4521,,,118,금암노인복지관,수행기관,https://apis.data.go.kr/B552474/JobBsnInfoService/getJobOperInsttList
PUB-003,4522,,,1180,용인시 기흥구청,수행기관,https://apis.data.go.kr/B552474/JobBsnInfoService/getJobOperInsttList
PUB-003,4523,,,118084,100세발전소사회적협동조합,수행기관,https://apis.data.go.kr/B552474/JobBsnInfoService/getJobOperInsttList
PUB-003,4524,,,119,서원노인복지관,수행기관,https://apis.data.go.kr/B552474/JobBsnInfoService/getJobOperInsttList
PUB-003,4525,,,119084,(사)대한노인회 강남구지회,수행기관,https://apis.data.go.kr/B552474/JobBsnInfoService/getJobOperInsttList
PUB-003,4526,,,120083,(사)경남고용복지센터,수행기관,https://apis.data.go.kr/B552474/JobBsnInfoService/getJobOperInsttList
PUB-003,4527,,,1203,평택남부노인복지관,수행기관,https://apis.data.go.kr/B552474/JobBsnInfoService/getJobOperInsttList
PUB-003,4528,,,121,부송종합사회복지관,수행기관,https://apis.data.go.kr/B552474/JobBsnInfoService/getJobOperInsttList
PUB-003,4529,,,121083,감돌노인복지센터,수행기관,https://apis.data.go.kr/B552474/JobBsnInfoService/getJobOperInsttList
PUB-003,4530,,,1219,대한노인회 전남 영광군지회,수행기관,https://apis.data.go.kr/B552474/JobBsnInfoService/getJobOperInsttList
PUB-003,4531,,,122,익산시노인종합복지관,수행기관,https://apis.data.go.kr/B552474/JobBsnInfoService/getJobOperInsttList
PUB-003,4532,,,1224,대한노인회 속초시지회,수행기관,https://apis.data.go.kr/B552474/JobBsnInfoService/getJobOperInsttList
PUB-003,4533,,,1227,(사) 대한노인회 김천시지회,수행기관,https://apis.data.go.kr/B552474/JobBsnInfoService/getJobOperInsttList
PUB-003,4534,,,124,목포시노인복지관,수행기관,https://apis.data.go.kr/B552474/JobBsnInfoService/getJobOperInsttList
PUB-003,4535,,,1248,안양실버인력뱅크(안양시노인종합복지관),수행기관,https://apis.data.go.kr/B552474/JobBsnInfoService/getJobOperInsttList
PUB-003,4536,,,125,하당노인복지관,수행기관,https://apis.data.go.kr/B552474/JobBsnInfoService/getJobOperInsttList
PUB-003,4537,,,1261,대한노인회 경기 구리시지회,수행기관,https://apis.data.go.kr/B552474/JobBsnInfoService/getJobOperInsttList
PUB-003,4538,,,1262,양구문화원,수행기관,https://apis.data.go.kr/B552474/JobBsnInfoService/getJobOperInsttList
PUB-003,4539,,,1264,덕진노인복지관,수행기관,https://apis.data.go.kr/B552474/JobBsnInfoService/getJobOperInsttList
PUB-003,4540,,,127,여수시노인복지관,수행기관,https://apis.data.go.kr/B552474/JobBsnInfoService/getJobOperInsttList
PUB-003,4541,,,1271,(사)대한노인회하남시지회,수행기관,https://apis.data.go.kr/B552474/JobBsnInfoService/getJobOperInsttList
PUB-003,4542,,,1274,세종종합사회복지관,수행기관,https://apis.data.go.kr/B552474/JobBsnInfoService/getJobOperInsttList
PUB-003,4543,,,128,동여수노인복지관,수행기관,https://apis.data.go.kr/B552474/JobBsnInfoService/getJobOperInsttList
PUB-003,4544,,,129,해남노인종합복지관,수행기관,https://apis.data.go.kr/B552474/JobBsnInfoService/getJobOperInsttList
PUB-003,4545,,,1290,수서종합사회복지관,수행기관,https://apis.data.go.kr/B552474/JobBsnInfoService/getJobOperInsttList
PUB-003,4546,,,1292,수서명화종합사회복지관,수행기관,https://apis.data.go.kr/B552474/JobBsnInfoService/getJobOperInsttList
PUB-003,4547,,,1299,대한노인회 서울 은평구지회,수행기관,https://apis.data.go.kr/B552474/JobBsnInfoService/getJobOperInsttList
PUB-003,4548,,,13,서초구립양재노인종합복지관,수행기관,https://apis.data.go.kr/B552474/JobBsnInfoService/getJobOperInsttList
PUB-003,4549,,,1303,대한노인회 담양군지회,수행기관,https://apis.data.go.kr/B552474/JobBsnInfoService/getJobOperInsttList
PUB-003,4550,,,1305,진주시니어클럽,수행기관,https://apis.data.go.kr/B552474/JobBsnInfoService/getJobOperInsttList
PUB-003,4551,,,1307,대한노인회 부산 부산진구지회,수행기관,https://apis.data.go.kr/B552474/JobBsnInfoService/getJobOperInsttList
PUB-003,4552,,,1308,남동구노인인력개발센터,수행기관,https://apis.data.go.kr/B552474/JobBsnInfoService/getJobOperInsttList
PUB-003,4553,,,13083,춘천북부노인복지관,수행기관,https://apis.data.go.kr/B552474/JobBsnInfoService/getJobOperInsttList
PUB-003,4554,,,131083,서초구립 느티나무쉼터,수행기관,https://apis.data.go.kr/B552474/JobBsnInfoService/getJobOperInsttList
PUB-003,4555,,,1311,대한노인회 서울 중구지회,수행기관,https://apis.data.go.kr/B552474/JobBsnInfoService/getJobOperInsttList
PUB-003,4556,,,1312,대한노인회 부산 해운대구지회,수행기관,https://apis.data.go.kr/B552474/JobBsnInfoService/getJobOperInsttList
PUB-003,4557,,,1316,대한노인회 부산 서구지회,수행기관,https://apis.data.go.kr/B552474/JobBsnInfoService/getJobOperInsttList
PUB-003,4558,,,1317,단양노인복지관,수행기관,https://apis.data.go.kr/B552474/JobBsnInfoService/getJobOperInsttList
PUB-003,4559,,,1318,대한노인회 울산 중구지회,수행기관,https://apis.data.go.kr/B552474/JobBsnInfoService/getJobOperInsttList
PUB-003,4560,,,1320,대한노인회 경남 의령군지회,수행기관,https://apis.data.go.kr/B552474/JobBsnInfoService/getJobOperInsttList
PUB-003,4561,,,1322,대한노인회 경남 사천시지회,수행기관,https://apis.data.go.kr/B552474/JobBsnInfoService/getJobOperInsttList
PUB-003,4562,,,1327,군포시니어클럽,수행기관,https://apis.data.go.kr/B552474/JobBsnInfoService/getJobOperInsttList
PUB-003,4563,,,1330,대한노인회 경기 용인시 기흥구지회,수행기관,https://apis.data.go.kr/B552474/JobBsnInfoService/getJobOperInsttList
PUB-003,4564,,,1338,포항형산시니어클럽,수행기관,https://apis.data.go.kr/B552474/JobBsnInfoService/getJobOperInsttList
PUB-003,4565,,,134,대한노인회 전남 함평군지회,수행기관,https://apis.data.go.kr/B552474/JobBsnInfoService/getJobOperInsttList
PUB-003,4566,,,1343,(사)대한노인회 인천미추홀구지회,수행기관,https://apis.data.go.kr/B552474/JobBsnInfoService/getJobOperInsttList
PUB-003,4567,,,1345,광주광산시니어클럽,수행기관,https://apis.data.go.kr/B552474/JobBsnInfoService/getJobOperInsttList
PUB-003,4568,,,135085,합천시니어클럽,수행기관,https://apis.data.go.kr/B552474/JobBsnInfoService/getJobOperInsttList
PUB-003,4569,,,1351,당진시남부노인복지관,수행기관,https://apis.data.go.kr/B552474/JobBsnInfoService/getJobOperInsttList
PUB-003,4570,,,1355,정읍시니어클럽,수행기관,https://apis.data.go.kr/B552474/JobBsnInfoService/getJobOperInsttList
PUB-003,4571,,,1370,청주내덕노인복지관,수행기관,https://apis.data.go.kr/B552474/JobBsnInfoService/getJobOperInsttList
PUB-003,4572,,,1371,대구수성시니어클럽,수행기관,https://apis.data.go.kr/B552474/JobBsnInfoService/getJobOperInsttList
PUB-003,4573,,,1378,고창군노인복지관,수행기관,https://apis.data.go.kr/B552474/JobBsnInfoService/getJobOperInsttList
PUB-003,4574,,,1385,의왕시아름채노인복지관,수행기관,https://apis.data.go.kr/B552474/JobBsnInfoService/getJobOperInsttList
PUB-003,5215,,,359084,사단법인 농담,수행기관,https://apis.data.go.kr/B552474/JobBsnInfoService/getJobOperInsttList
PUB-003,4575,,,139,대한노인회 경남 고성군지회,수행기관,https://apis.data.go.kr/B552474/JobBsnInfoService/getJobOperInsttList
PUB-003,4576,,,1397,(사)대한노인회 김해시지회,수행기관,https://apis.data.go.kr/B552474/JobBsnInfoService/getJobOperInsttList
PUB-003,4577,,,14,성동노인종합복지관,수행기관,https://apis.data.go.kr/B552474/JobBsnInfoService/getJobOperInsttList
PUB-003,4578,,,140,진해노인종합복지관,수행기관,https://apis.data.go.kr/B552474/JobBsnInfoService/getJobOperInsttList
PUB-003,4579,,,140091,(사)광주광역시장애인권익협회,수행기관,https://apis.data.go.kr/B552474/JobBsnInfoService/getJobOperInsttList
PUB-003,4580,,,1408,도봉동어르신복지관,수행기관,https://apis.data.go.kr/B552474/JobBsnInfoService/getJobOperInsttList
PUB-003,4581,,,141,예천군노인복지관,수행기관,https://apis.data.go.kr/B552474/JobBsnInfoService/getJobOperInsttList
PUB-003,4582,,,141086,로뎀노인복지센터,수행기관,https://apis.data.go.kr/B552474/JobBsnInfoService/getJobOperInsttList
PUB-003,4583,,,1413,중원노인종합복지관,수행기관,https://apis.data.go.kr/B552474/JobBsnInfoService/getJobOperInsttList
PUB-003,4584,,,142085,사단법인 열린세상,수행기관,https://apis.data.go.kr/B552474/JobBsnInfoService/getJobOperInsttList
PUB-003,4585,,,1421,평화종합사회복지관,수행기관,https://apis.data.go.kr/B552474/JobBsnInfoService/getJobOperInsttList
PUB-003,4586,,,1422,완주시니어클럽,수행기관,https://apis.data.go.kr/B552474/JobBsnInfoService/getJobOperInsttList
PUB-003,4587,,,143,김천시노인복지관,수행기관,https://apis.data.go.kr/B552474/JobBsnInfoService/getJobOperInsttList
PUB-003,4588,,,1432,충주문화원,수행기관,https://apis.data.go.kr/B552474/JobBsnInfoService/getJobOperInsttList
PUB-003,4589,,,1437,약수노인종합복지관,수행기관,https://apis.data.go.kr/B552474/JobBsnInfoService/getJobOperInsttList
PUB-003,4590,,,1440,좋은이웃재가노인통합지원센터,수행기관,https://apis.data.go.kr/B552474/JobBsnInfoService/getJobOperInsttList
PUB-003,4591,,,144083,어르신행복일자리센터,수행기관,https://apis.data.go.kr/B552474/JobBsnInfoService/getJobOperInsttList
PUB-003,4592,,,1442,진주노인일자리창출지원센터,수행기관,https://apis.data.go.kr/B552474/JobBsnInfoService/getJobOperInsttList
PUB-003,4593,,,1444,인천서구노인인력개발센터,수행기관,https://apis.data.go.kr/B552474/JobBsnInfoService/getJobOperInsttList
PUB-003,4594,,,1445,영도구종합사회복지관,수행기관,https://apis.data.go.kr/B552474/JobBsnInfoService/getJobOperInsttList
PUB-003,4595,,,1451,사하구종합사회복지관,수행기관,https://apis.data.go.kr/B552474/JobBsnInfoService/getJobOperInsttList
PUB-003,4596,,,1452,인창노인복지센터,수행기관,https://apis.data.go.kr/B552474/JobBsnInfoService/getJobOperInsttList
PUB-003,4597,,,1453,강화군노인복지관,수행기관,https://apis.data.go.kr/B552474/JobBsnInfoService/getJobOperInsttList
PUB-003,4598,,,1467,사단법인 실버마을,수행기관,https://apis.data.go.kr/B552474/JobBsnInfoService/getJobOperInsttList
PUB-003,4599,,,1472,동삼종합사회복지관,수행기관,https://apis.data.go.kr/B552474/JobBsnInfoService/getJobOperInsttList
PUB-003,4600,,,1474,광주중앙노인복지센터,수행기관,https://apis.data.go.kr/B552474/JobBsnInfoService/getJobOperInsttList
PUB-003,4601,,,1476,대한노인회 부산 영도구지회,수행기관,https://apis.data.go.kr/B552474/JobBsnInfoService/getJobOperInsttList
PUB-003,4602,,,1484,대한노인회 예천군지회,수행기관,https://apis.data.go.kr/B552474/JobBsnInfoService/getJobOperInsttList
PUB-003,4603,,,149,강남시니어클럽,수행기관,https://apis.data.go.kr/B552474/JobBsnInfoService/getJobOperInsttList
PUB-003,4604,,,1493,김해노인일자리창출지원센터,수행기관,https://apis.data.go.kr/B552474/JobBsnInfoService/getJobOperInsttList
PUB-003,4605,,,1494,대한노인회 진천군지회,수행기관,https://apis.data.go.kr/B552474/JobBsnInfoService/getJobOperInsttList
PUB-003,4606,,,150,관악시니어클럽,수행기관,https://apis.data.go.kr/B552474/JobBsnInfoService/getJobOperInsttList
PUB-003,4607,,,1508,쌍용종합사회복지관,수행기관,https://apis.data.go.kr/B552474/JobBsnInfoService/getJobOperInsttList
PUB-003,4608,,,1509,보성종합사회복지관,수행기관,https://apis.data.go.kr/B552474/JobBsnInfoService/getJobOperInsttList
PUB-003,4609,,,1516,대전광역시노인복지관,수행기관,https://apis.data.go.kr/B552474/JobBsnInfoService/getJobOperInsttList
PUB-003,4610,,,152,도봉시니어클럽,수행기관,https://apis.data.go.kr/B552474/JobBsnInfoService/getJobOperInsttList
PUB-003,4611,,,1520,쌍봉종합사회복지관,수행기관,https://apis.data.go.kr/B552474/JobBsnInfoService/getJobOperInsttList
PUB-003,4612,,,152084,일드림사회적협동조합(전북),수행기관,https://apis.data.go.kr/B552474/JobBsnInfoService/getJobOperInsttList
PUB-003,4613,,,153,부산서구시니어클럽,수행기관,https://apis.data.go.kr/B552474/JobBsnInfoService/getJobOperInsttList
PUB-003,4614,,,1531,만덕종합사회복지관,수행기관,https://apis.data.go.kr/B552474/JobBsnInfoService/getJobOperInsttList
PUB-003,4615,,,1537,홍성사회복지관,수행기관,https://apis.data.go.kr/B552474/JobBsnInfoService/getJobOperInsttList
PUB-003,4616,,,154,부산금정시니어클럽,수행기관,https://apis.data.go.kr/B552474/JobBsnInfoService/getJobOperInsttList
PUB-003,4617,,,1547,고흥군 노인복지관,수행기관,https://apis.data.go.kr/B552474/JobBsnInfoService/getJobOperInsttList
PUB-003,4618,,,155,대구중구시니어클럽,수행기관,https://apis.data.go.kr/B552474/JobBsnInfoService/getJobOperInsttList
PUB-003,4619,,,156,대구남구시니어클럽,수행기관,https://apis.data.go.kr/B552474/JobBsnInfoService/getJobOperInsttList
PUB-003,4620,,,1560,강남종합사회복지관,수행기관,https://apis.data.go.kr/B552474/JobBsnInfoService/getJobOperInsttList
PUB-003,4621,,,156083,고흥시니어클럽,수행기관,https://apis.data.go.kr/B552474/JobBsnInfoService/getJobOperInsttList
PUB-003,4622,,,1561,대청종합사회복지관,수행기관,https://apis.data.go.kr/B552474/JobBsnInfoService/getJobOperInsttList
PUB-003,4623,,,157,대구달서시니어클럽,수행기관,https://apis.data.go.kr/B552474/JobBsnInfoService/getJobOperInsttList
PUB-003,4624,,,1575,속초시노인복지관,수행기관,https://apis.data.go.kr/B552474/JobBsnInfoService/getJobOperInsttList
PUB-003,4625,,,158,인천계양시니어클럽,수행기관,https://apis.data.go.kr/B552474/JobBsnInfoService/getJobOperInsttList
PUB-003,4626,,,1583,속초종합사회복지관,수행기관,https://apis.data.go.kr/B552474/JobBsnInfoService/getJobOperInsttList
PUB-003,4627,,,159,광주남구시니어클럽,수행기관,https://apis.data.go.kr/B552474/JobBsnInfoService/getJobOperInsttList
PUB-003,4628,,,16,송파노인종합복지관,수행기관,https://apis.data.go.kr/B552474/JobBsnInfoService/getJobOperInsttList
PUB-003,4629,,,160,광주북구시니어클럽,수행기관,https://apis.data.go.kr/B552474/JobBsnInfoService/getJobOperInsttList
PUB-003,4630,,,1608,동구행복한어르신복지관,수행기관,https://apis.data.go.kr/B552474/JobBsnInfoService/getJobOperInsttList
PUB-003,4631,,,161,대전서구시니어클럽,수행기관,https://apis.data.go.kr/B552474/JobBsnInfoService/getJobOperInsttList
PUB-003,4632,,,1612,경주문화원,수행기관,https://apis.data.go.kr/B552474/JobBsnInfoService/getJobOperInsttList
PUB-003,4633,,,1617,대한노인회 경기 오산시지회,수행기관,https://apis.data.go.kr/B552474/JobBsnInfoService/getJobOperInsttList
PUB-003,4634,,,162,울산중구시니어클럽,수행기관,https://apis.data.go.kr/B552474/JobBsnInfoService/getJobOperInsttList
PUB-003,4635,,,1625,구리시니어클럽,수행기관,https://apis.data.go.kr/B552474/JobBsnInfoService/getJobOperInsttList
PUB-003,4636,,,163,부천시니어클럽,수행기관,https://apis.data.go.kr/B552474/JobBsnInfoService/getJobOperInsttList
PUB-003,4637,,,1637,양산시니어클럽,수행기관,https://apis.data.go.kr/B552474/JobBsnInfoService/getJobOperInsttList
PUB-003,4638,,,1639,재단법인가평군복지재단(가평군노인복지관),수행기관,https://apis.data.go.kr/B552474/JobBsnInfoService/getJobOperInsttList
PUB-003,4639,,,164,시흥시니어클럽,수행기관,https://apis.data.go.kr/B552474/JobBsnInfoService/getJobOperInsttList
PUB-003,4640,,,1643,고양시니어클럽,수행기관,https://apis.data.go.kr/B552474/JobBsnInfoService/getJobOperInsttList
PUB-003,4641,,,1645,부산북구시니어클럽,수행기관,https://apis.data.go.kr/B552474/JobBsnInfoService/getJobOperInsttList
PUB-003,4642,,,1646,의정부시니어클럽,수행기관,https://apis.data.go.kr/B552474/JobBsnInfoService/getJobOperInsttList
PUB-003,4643,,,1647,부산사하시니어클럽,수행기관,https://apis.data.go.kr/B552474/JobBsnInfoService/getJobOperInsttList
PUB-003,4644,,,1648,거창군 삶의 쉼터,수행기관,https://apis.data.go.kr/B552474/JobBsnInfoService/getJobOperInsttList
PUB-003,4645,,,1649,속초시니어클럽,수행기관,https://apis.data.go.kr/B552474/JobBsnInfoService/getJobOperInsttList
PUB-003,4646,,,1650,대한노인회 경기 군포시지회,수행기관,https://apis.data.go.kr/B552474/JobBsnInfoService/getJobOperInsttList
PUB-003,4647,,,1651,단원시니어클럽,수행기관,https://apis.data.go.kr/B552474/JobBsnInfoService/getJobOperInsttList
PUB-003,4648,,,1652,미추홀노인인력개발센터,수행기관,https://apis.data.go.kr/B552474/JobBsnInfoService/getJobOperInsttList
PUB-003,4649,,,1657,아산시니어클럽,수행기관,https://apis.data.go.kr/B552474/JobBsnInfoService/getJobOperInsttList
PUB-003,4650,,,166,춘천시니어클럽,수행기관,https://apis.data.go.kr/B552474/JobBsnInfoService/getJobOperInsttList
PUB-003,4651,,,1663,화성시남부노인복지관,수행기관,https://apis.data.go.kr/B552474/JobBsnInfoService/getJobOperInsttList
PUB-003,4652,,,167,충주시니어클럽,수행기관,https://apis.data.go.kr/B552474/JobBsnInfoService/getJobOperInsttList
PUB-003,4653,,,1672,전주효자시니어클럽,수행기관,https://apis.data.go.kr/B552474/JobBsnInfoService/getJobOperInsttList
PUB-003,4654,,,168,청주흥덕시니어클럽,수행기관,https://apis.data.go.kr/B552474/JobBsnInfoService/getJobOperInsttList
PUB-003,4655,,,1682,(사)충주YWCA,수행기관,https://apis.data.go.kr/B552474/JobBsnInfoService/getJobOperInsttList
PUB-003,4656,,,1685,구미노인일자리창출지원센터,수행기관,https://apis.data.go.kr/B552474/JobBsnInfoService/getJobOperInsttList
PUB-003,4657,,,1689,등촌7종합사회복지관,수행기관,https://apis.data.go.kr/B552474/JobBsnInfoService/getJobOperInsttList
PUB-003,4658,,,169,부여시니어클럽,수행기관,https://apis.data.go.kr/B552474/JobBsnInfoService/getJobOperInsttList
PUB-003,4659,,,1690,남원노인복지센터,수행기관,https://apis.data.go.kr/B552474/JobBsnInfoService/getJobOperInsttList
PUB-003,5216,,,359085,마을발전소,수행기관,https://apis.data.go.kr/B552474/JobBsnInfoService/getJobOperInsttList
PUB-003,4660,,,1691,분당노인종합복지관,수행기관,https://apis.data.go.kr/B552474/JobBsnInfoService/getJobOperInsttList
PUB-003,4661,,,1695,청양군재가노인지원센터,수행기관,https://apis.data.go.kr/B552474/JobBsnInfoService/getJobOperInsttList
PUB-003,4662,,,1696,소라종합사회복지관,수행기관,https://apis.data.go.kr/B552474/JobBsnInfoService/getJobOperInsttList
PUB-003,4663,,,17,양천어르신종합복지관,수행기관,https://apis.data.go.kr/B552474/JobBsnInfoService/getJobOperInsttList
PUB-003,4664,,,170,전북익산시니어클럽,수행기관,https://apis.data.go.kr/B552474/JobBsnInfoService/getJobOperInsttList
PUB-003,4665,,,1701,상록수노인종합복지센터,수행기관,https://apis.data.go.kr/B552474/JobBsnInfoService/getJobOperInsttList
PUB-003,4666,,,1703,서울시립대학교종합사회복지관,수행기관,https://apis.data.go.kr/B552474/JobBsnInfoService/getJobOperInsttList
PUB-003,4667,,,1704,동래구노인복지관,수행기관,https://apis.data.go.kr/B552474/JobBsnInfoService/getJobOperInsttList
PUB-003,4668,,,171,전주시니어클럽,수행기관,https://apis.data.go.kr/B552474/JobBsnInfoService/getJobOperInsttList
PUB-003,4669,,,171083,양천시니어클럽,수행기관,https://apis.data.go.kr/B552474/JobBsnInfoService/getJobOperInsttList
PUB-003,4670,,,1711,마산노인일자리창출지원센터,수행기관,https://apis.data.go.kr/B552474/JobBsnInfoService/getJobOperInsttList
PUB-003,4671,,,1716,화원종합사회복지관,수행기관,https://apis.data.go.kr/B552474/JobBsnInfoService/getJobOperInsttList
PUB-003,4672,,,1717,전북특별자치도노인복지관,수행기관,https://apis.data.go.kr/B552474/JobBsnInfoService/getJobOperInsttList
PUB-003,4673,,,1719,궁동종합복지관,수행기관,https://apis.data.go.kr/B552474/JobBsnInfoService/getJobOperInsttList
PUB-003,4674,,,172,곡성시니어클럽,수행기관,https://apis.data.go.kr/B552474/JobBsnInfoService/getJobOperInsttList
PUB-003,4675,,,1720,안양시니어클럽,수행기관,https://apis.data.go.kr/B552474/JobBsnInfoService/getJobOperInsttList
PUB-003,4676,,,172086,광진시니어클럽,수행기관,https://apis.data.go.kr/B552474/JobBsnInfoService/getJobOperInsttList
PUB-003,4677,,,1729,포천시노인복지관 실버인력뱅크,수행기관,https://apis.data.go.kr/B552474/JobBsnInfoService/getJobOperInsttList
PUB-003,4678,,,173,여수시니어클럽,수행기관,https://apis.data.go.kr/B552474/JobBsnInfoService/getJobOperInsttList
PUB-003,4679,,,1733,은평구립역촌노인복지관,수행기관,https://apis.data.go.kr/B552474/JobBsnInfoService/getJobOperInsttList
PUB-003,4680,,,1734,거제시여성인력개발센터,수행기관,https://apis.data.go.kr/B552474/JobBsnInfoService/getJobOperInsttList
PUB-003,4681,,,1739,보성군노인복지관,수행기관,https://apis.data.go.kr/B552474/JobBsnInfoService/getJobOperInsttList
PUB-003,4682,,,174,경산시니어클럽,수행기관,https://apis.data.go.kr/B552474/JobBsnInfoService/getJobOperInsttList
PUB-003,4683,,,1748,의성시니어클럽,수행기관,https://apis.data.go.kr/B552474/JobBsnInfoService/getJobOperInsttList
PUB-003,4684,,,175,구미시니어클럽,수행기관,https://apis.data.go.kr/B552474/JobBsnInfoService/getJobOperInsttList
PUB-003,4685,,,1754,능인종합사회복지관,수행기관,https://apis.data.go.kr/B552474/JobBsnInfoService/getJobOperInsttList
PUB-003,4686,,,1757,북서울종합사회복지관,수행기관,https://apis.data.go.kr/B552474/JobBsnInfoService/getJobOperInsttList
PUB-003,4687,,,1758,횡성시니어클럽,수행기관,https://apis.data.go.kr/B552474/JobBsnInfoService/getJobOperInsttList
PUB-003,4688,,,176,경북경주시니어클럽,수행기관,https://apis.data.go.kr/B552474/JobBsnInfoService/getJobOperInsttList
PUB-003,4689,,,176083,(주)청청프로젝트연구소,수행기관,https://apis.data.go.kr/B552474/JobBsnInfoService/getJobOperInsttList
PUB-003,4690,,,177,진해시니어클럽,수행기관,https://apis.data.go.kr/B552474/JobBsnInfoService/getJobOperInsttList
PUB-003,4691,,,1773,부여군생애설계봉사회,수행기관,https://apis.data.go.kr/B552474/JobBsnInfoService/getJobOperInsttList
PUB-003,4692,,,178,제주시니어클럽,수행기관,https://apis.data.go.kr/B552474/JobBsnInfoService/getJobOperInsttList
PUB-003,4693,,,1782,군산적십자평생대학,수행기관,https://apis.data.go.kr/B552474/JobBsnInfoService/getJobOperInsttList
PUB-003,4694,,,1786,중마노인복지관,수행기관,https://apis.data.go.kr/B552474/JobBsnInfoService/getJobOperInsttList
PUB-003,4695,,,1793,청송시니어클럽,수행기관,https://apis.data.go.kr/B552474/JobBsnInfoService/getJobOperInsttList
PUB-003,4696,,,18,영등포노인종합복지관,수행기관,https://apis.data.go.kr/B552474/JobBsnInfoService/getJobOperInsttList
PUB-003,4697,,,180,대한노인회 서울시 연합회,수행기관,https://apis.data.go.kr/B552474/JobBsnInfoService/getJobOperInsttList
PUB-003,4698,,,1801,무주시니어클럽,수행기관,https://apis.data.go.kr/B552474/JobBsnInfoService/getJobOperInsttList
PUB-003,4699,,,18083,밀양시니어클럽,수행기관,https://apis.data.go.kr/B552474/JobBsnInfoService/getJobOperInsttList
PUB-003,4700,,,1811,대한노인회 경북 봉화군지회,수행기관,https://apis.data.go.kr/B552474/JobBsnInfoService/getJobOperInsttList
PUB-003,4701,,,1812,월계종합사회복지관,수행기관,https://apis.data.go.kr/B552474/JobBsnInfoService/getJobOperInsttList
PUB-003,4702,,,1819,완도시니어클럽,수행기관,https://apis.data.go.kr/B552474/JobBsnInfoService/getJobOperInsttList
PUB-003,4703,,,182,(사)대한노인회 대구광역시연합회,수행기관,https://apis.data.go.kr/B552474/JobBsnInfoService/getJobOperInsttList
PUB-003,4704,,,182083,노원시니어클럽,수행기관,https://apis.data.go.kr/B552474/JobBsnInfoService/getJobOperInsttList
PUB-003,4705,,,1829,오치종합사회복지관,수행기관,https://apis.data.go.kr/B552474/JobBsnInfoService/getJobOperInsttList
PUB-003,4706,,,1830,신월종합사회복지관,수행기관,https://apis.data.go.kr/B552474/JobBsnInfoService/getJobOperInsttList
PUB-003,4707,,,1836,중부노인복지관,수행기관,https://apis.data.go.kr/B552474/JobBsnInfoService/getJobOperInsttList
PUB-003,4708,,,1837,정림종합사회복지관,수행기관,https://apis.data.go.kr/B552474/JobBsnInfoService/getJobOperInsttList
PUB-003,4709,,,1840,서귀포시니어클럽,수행기관,https://apis.data.go.kr/B552474/JobBsnInfoService/getJobOperInsttList
PUB-003,4710,,,1848,수정중앙노인종합복지관,수행기관,https://apis.data.go.kr/B552474/JobBsnInfoService/getJobOperInsttList
PUB-003,4711,,,185,대한노인회 대전연합회,수행기관,https://apis.data.go.kr/B552474/JobBsnInfoService/getJobOperInsttList
PUB-003,4712,,,1852,사당종합사회복지관,수행기관,https://apis.data.go.kr/B552474/JobBsnInfoService/getJobOperInsttList
PUB-003,4713,,,1854,통영시종합사회복지관,수행기관,https://apis.data.go.kr/B552474/JobBsnInfoService/getJobOperInsttList
PUB-003,4714,,,1856,길꽃어린이도서관,수행기관,https://apis.data.go.kr/B552474/JobBsnInfoService/getJobOperInsttList
PUB-003,4715,,,1858,영등포구장애인사랑나눔의집,수행기관,https://apis.data.go.kr/B552474/JobBsnInfoService/getJobOperInsttList
PUB-003,4716,,,1859,진천시니어클럽,수행기관,https://apis.data.go.kr/B552474/JobBsnInfoService/getJobOperInsttList
PUB-003,4717,,,1860,마포지역아동센터연합회,수행기관,https://apis.data.go.kr/B552474/JobBsnInfoService/getJobOperInsttList
PUB-003,4718,,,1862,서울시 성북구지회,수행기관,https://apis.data.go.kr/B552474/JobBsnInfoService/getJobOperInsttList
PUB-003,4719,,,1865,동대문종합사회복지관,수행기관,https://apis.data.go.kr/B552474/JobBsnInfoService/getJobOperInsttList
PUB-003,4720,,,1866,정읍시북부노인복지관,수행기관,https://apis.data.go.kr/B552474/JobBsnInfoService/getJobOperInsttList
PUB-003,4721,,,1870,방학동어르신복지관,수행기관,https://apis.data.go.kr/B552474/JobBsnInfoService/getJobOperInsttList
PUB-003,4722,,,187083,금천시니어클럽,수행기관,https://apis.data.go.kr/B552474/JobBsnInfoService/getJobOperInsttList
PUB-003,4723,,,1871,구리실버인력뱅크,수행기관,https://apis.data.go.kr/B552474/JobBsnInfoService/getJobOperInsttList
PUB-003,4724,,,1874,동작이수사회복지관,수행기관,https://apis.data.go.kr/B552474/JobBsnInfoService/getJobOperInsttList
PUB-003,4725,,,1875,대구동구시니어클럽,수행기관,https://apis.data.go.kr/B552474/JobBsnInfoService/getJobOperInsttList
PUB-003,4726,,,1877,대구북구시니어클럽,수행기관,https://apis.data.go.kr/B552474/JobBsnInfoService/getJobOperInsttList
PUB-003,4727,,,1878,대전동구시니어클럽,수행기관,https://apis.data.go.kr/B552474/JobBsnInfoService/getJobOperInsttList
PUB-003,4728,,,1879,대전대동종합사회복지관,수행기관,https://apis.data.go.kr/B552474/JobBsnInfoService/getJobOperInsttList
PUB-003,4729,,,188,(사)대한노인회 강원특별자치도연합회,수행기관,https://apis.data.go.kr/B552474/JobBsnInfoService/getJobOperInsttList
PUB-003,4730,,,1880,대구서구시니어클럽,수행기관,https://apis.data.go.kr/B552474/JobBsnInfoService/getJobOperInsttList
PUB-003,4731,,,1885,연천군노인복지관 실버인력뱅크,수행기관,https://apis.data.go.kr/B552474/JobBsnInfoService/getJobOperInsttList
PUB-003,4732,,,1887,서초방배노인종합복지관,수행기관,https://apis.data.go.kr/B552474/JobBsnInfoService/getJobOperInsttList
PUB-003,4733,,,1889,성남시분당시니어클럽,수행기관,https://apis.data.go.kr/B552474/JobBsnInfoService/getJobOperInsttList
PUB-003,4734,,,1890,재단법인 광주광역시사회서비스원,수행기관,https://apis.data.go.kr/B552474/JobBsnInfoService/getJobOperInsttList
PUB-003,4735,,,1891,남양주시니어클럽,수행기관,https://apis.data.go.kr/B552474/JobBsnInfoService/getJobOperInsttList
PUB-003,4736,,,19,시립용산노인종합복지관,수행기관,https://apis.data.go.kr/B552474/JobBsnInfoService/getJobOperInsttList
PUB-003,4737,,,1901,압구정노인복지관,수행기관,https://apis.data.go.kr/B552474/JobBsnInfoService/getJobOperInsttList
PUB-003,4738,,,1903,백석대학교 부설 백석실버센터,수행기관,https://apis.data.go.kr/B552474/JobBsnInfoService/getJobOperInsttList
PUB-003,4739,,,1904,광명시립소하노인종합복지관,수행기관,https://apis.data.go.kr/B552474/JobBsnInfoService/getJobOperInsttList
PUB-003,4740,,,1909,안동시니어클럽,수행기관,https://apis.data.go.kr/B552474/JobBsnInfoService/getJobOperInsttList
PUB-003,4741,,,191083,진안시니어클럽,수행기관,https://apis.data.go.kr/B552474/JobBsnInfoService/getJobOperInsttList
PUB-003,4742,,,1912,김포시니어클럽,수행기관,https://apis.data.go.kr/B552474/JobBsnInfoService/getJobOperInsttList
PUB-003,4743,,,1913,부산기장시니어클럽,수행기관,https://apis.data.go.kr/B552474/JobBsnInfoService/getJobOperInsttList
PUB-003,4744,,,1917,부평구노인인력개발센터,수행기관,https://apis.data.go.kr/B552474/JobBsnInfoService/getJobOperInsttList
PUB-003,4745,,,1919,울주시니어클럽,수행기관,https://apis.data.go.kr/B552474/JobBsnInfoService/getJobOperInsttList
PUB-003,4746,,,192083,(주)지엔그린,수행기관,https://apis.data.go.kr/B552474/JobBsnInfoService/getJobOperInsttList
PUB-003,4747,,,1934,연수구노인인력개발센터,수행기관,https://apis.data.go.kr/B552474/JobBsnInfoService/getJobOperInsttList
PUB-003,4748,,,194,(사)대한노인회 경남연합회,수행기관,https://apis.data.go.kr/B552474/JobBsnInfoService/getJobOperInsttList
PUB-003,4749,,,1954,파랑새종합사회복지관,수행기관,https://apis.data.go.kr/B552474/JobBsnInfoService/getJobOperInsttList
PUB-003,4750,,,1959,예산군노인종합복지관,수행기관,https://apis.data.go.kr/B552474/JobBsnInfoService/getJobOperInsttList
PUB-003,4751,,,196,대한노인회 제주연합회,수행기관,https://apis.data.go.kr/B552474/JobBsnInfoService/getJobOperInsttList
PUB-003,4752,,,196083,금호종합사회복지관,수행기관,https://apis.data.go.kr/B552474/JobBsnInfoService/getJobOperInsttList
PUB-003,4753,,,1965,경북노인복지문화센터,수행기관,https://apis.data.go.kr/B552474/JobBsnInfoService/getJobOperInsttList
PUB-003,4754,,,1971,반여종합사회복지관,수행기관,https://apis.data.go.kr/B552474/JobBsnInfoService/getJobOperInsttList
PUB-003,4755,,,198,종로구청 어르신복지과,수행기관,https://apis.data.go.kr/B552474/JobBsnInfoService/getJobOperInsttList
PUB-003,4756,,,198083,광주북구사회적경제연합회,수행기관,https://apis.data.go.kr/B552474/JobBsnInfoService/getJobOperInsttList
PUB-003,4757,,,1989,김천시니어클럽,수행기관,https://apis.data.go.kr/B552474/JobBsnInfoService/getJobOperInsttList
PUB-003,4758,,,199,중구청 복지환경국 어르신장애인복지과,수행기관,https://apis.data.go.kr/B552474/JobBsnInfoService/getJobOperInsttList
PUB-003,4759,,,2,성가정노인종합복지관,수행기관,https://apis.data.go.kr/B552474/JobBsnInfoService/getJobOperInsttList
PUB-003,4760,,,20,시립은평노인종합복지관,수행기관,https://apis.data.go.kr/B552474/JobBsnInfoService/getJobOperInsttList
PUB-003,4761,,,200,용산구청 생활지원국 어르신복지과,수행기관,https://apis.data.go.kr/B552474/JobBsnInfoService/getJobOperInsttList
PUB-003,4762,,,200083,송도노인복지관,수행기관,https://apis.data.go.kr/B552474/JobBsnInfoService/getJobOperInsttList
PUB-003,4763,,,2004,시영종합사회복지관,수행기관,https://apis.data.go.kr/B552474/JobBsnInfoService/getJobOperInsttList
PUB-003,4764,,,2006,각화종합사회복지관,수행기관,https://apis.data.go.kr/B552474/JobBsnInfoService/getJobOperInsttList
PUB-003,4765,,,20083,화성시동탄노인복지관,수행기관,https://apis.data.go.kr/B552474/JobBsnInfoService/getJobOperInsttList
PUB-003,4766,,,201,성 동 구 청,수행기관,https://apis.data.go.kr/B552474/JobBsnInfoService/getJobOperInsttList
PUB-003,4767,,,201083,효성노인문화센터,수행기관,https://apis.data.go.kr/B552474/JobBsnInfoService/getJobOperInsttList
PUB-003,4768,,,2015,사)경기도실버자원봉사회,수행기관,https://apis.data.go.kr/B552474/JobBsnInfoService/getJobOperInsttList
PUB-003,4769,,,2017,용인시니어클럽,수행기관,https://apis.data.go.kr/B552474/JobBsnInfoService/getJobOperInsttList
PUB-003,4770,,,202,광진구청복지국 어르신복지과,수행기관,https://apis.data.go.kr/B552474/JobBsnInfoService/getJobOperInsttList
PUB-003,4771,,,202083,계룡시니어클럽,수행기관,https://apis.data.go.kr/B552474/JobBsnInfoService/getJobOperInsttList
PUB-003,4772,,,2022,광주시노인복지관,수행기관,https://apis.data.go.kr/B552474/JobBsnInfoService/getJobOperInsttList
PUB-003,4773,,,2026,대한노인회 충남 논산시지회,수행기관,https://apis.data.go.kr/B552474/JobBsnInfoService/getJobOperInsttList
PUB-003,4774,,,2028,갈월종합사회복지관,수행기관,https://apis.data.go.kr/B552474/JobBsnInfoService/getJobOperInsttList
PUB-003,4775,,,203,동대문구청,수행기관,https://apis.data.go.kr/B552474/JobBsnInfoService/getJobOperInsttList
PUB-003,4776,,,2031,서초구립중앙노인종합복지관,수행기관,https://apis.data.go.kr/B552474/JobBsnInfoService/getJobOperInsttList
PUB-003,4777,,,204,중랑구청 생활복지국 어르신복지과,수행기관,https://apis.data.go.kr/B552474/JobBsnInfoService/getJobOperInsttList
PUB-003,4778,,,2040,시흥시노인종합복지관,수행기관,https://apis.data.go.kr/B552474/JobBsnInfoService/getJobOperInsttList
PUB-003,4779,,,205,성북구청,수행기관,https://apis.data.go.kr/B552474/JobBsnInfoService/getJobOperInsttList
PUB-003,4780,,,205083,검단노인복지관,수행기관,https://apis.data.go.kr/B552474/JobBsnInfoService/getJobOperInsttList
PUB-003,4781,,,2054,원주시니어클럽,수행기관,https://apis.data.go.kr/B552474/JobBsnInfoService/getJobOperInsttList
PUB-003,4782,,,206,강북구청 복지국 어르신장애인과,수행기관,https://apis.data.go.kr/B552474/JobBsnInfoService/getJobOperInsttList
PUB-003,4783,,,206083,산곡노인문화센터,수행기관,https://apis.data.go.kr/B552474/JobBsnInfoService/getJobOperInsttList
PUB-003,4784,,,2063,갈현노인복지관,수행기관,https://apis.data.go.kr/B552474/JobBsnInfoService/getJobOperInsttList
PUB-003,4785,,,2071,용운종합사회복지관,수행기관,https://apis.data.go.kr/B552474/JobBsnInfoService/getJobOperInsttList
PUB-003,4786,,,208,노원구청 주민복지국 고령사회정책과,수행기관,https://apis.data.go.kr/B552474/JobBsnInfoService/getJobOperInsttList
PUB-003,4787,,,208083,송현노인복지관,수행기관,https://apis.data.go.kr/B552474/JobBsnInfoService/getJobOperInsttList
PUB-003,4788,,,2089,평택팽성노인복지관,수행기관,https://apis.data.go.kr/B552474/JobBsnInfoService/getJobOperInsttList
PUB-003,4789,,,209,은평구청,수행기관,https://apis.data.go.kr/B552474/JobBsnInfoService/getJobOperInsttList
PUB-003,4790,,,2099,대한노인회 전남 목포시지회,수행기관,https://apis.data.go.kr/B552474/JobBsnInfoService/getJobOperInsttList
PUB-003,4791,,,21,서울노인복지센터,수행기관,https://apis.data.go.kr/B552474/JobBsnInfoService/getJobOperInsttList
PUB-003,4792,,,210,서대문구청 행복복지국 어르신복지과,수행기관,https://apis.data.go.kr/B552474/JobBsnInfoService/getJobOperInsttList
PUB-003,4793,,,210083,안성맞춤시니어클럽,수행기관,https://apis.data.go.kr/B552474/JobBsnInfoService/getJobOperInsttList
PUB-003,4794,,,2101,나드리노인복지관,수행기관,https://apis.data.go.kr/B552474/JobBsnInfoService/getJobOperInsttList
PUB-003,4795,,,2105,대한노인회 경기 포천시지회,수행기관,https://apis.data.go.kr/B552474/JobBsnInfoService/getJobOperInsttList
PUB-003,4796,,,211,마포구청 복지동행국 어르신동행과,수행기관,https://apis.data.go.kr/B552474/JobBsnInfoService/getJobOperInsttList
PUB-003,4798,,,2113,대한노인회 전북 익산시지회,수행기관,https://apis.data.go.kr/B552474/JobBsnInfoService/getJobOperInsttList
PUB-003,4799,,,212,양천구청 주민복지국 어르신복지과,수행기관,https://apis.data.go.kr/B552474/JobBsnInfoService/getJobOperInsttList
PUB-003,4800,,,212083,서울강서시니어클럽,수행기관,https://apis.data.go.kr/B552474/JobBsnInfoService/getJobOperInsttList
PUB-003,4801,,,214,구로구청 복지지원국 어르신복지과,수행기관,https://apis.data.go.kr/B552474/JobBsnInfoService/getJobOperInsttList
PUB-003,4802,,,216,영등포구청,수행기관,https://apis.data.go.kr/B552474/JobBsnInfoService/getJobOperInsttList
PUB-003,4803,,,216083,거제시니어클럽,수행기관,https://apis.data.go.kr/B552474/JobBsnInfoService/getJobOperInsttList
PUB-003,4804,,,2164,양지노인복지관,수행기관,https://apis.data.go.kr/B552474/JobBsnInfoService/getJobOperInsttList
PUB-003,4805,,,217,동작구청 지역경제과,수행기관,https://apis.data.go.kr/B552474/JobBsnInfoService/getJobOperInsttList
PUB-003,4806,,,217084,청학노인복지관,수행기관,https://apis.data.go.kr/B552474/JobBsnInfoService/getJobOperInsttList
PUB-003,4807,,,217085,연희노인복지관,수행기관,https://apis.data.go.kr/B552474/JobBsnInfoService/getJobOperInsttList
PUB-003,4808,,,2173,거제시종합사회복지관,수행기관,https://apis.data.go.kr/B552474/JobBsnInfoService/getJobOperInsttList
PUB-003,4809,,,2175,꽃밭정이노인복지관,수행기관,https://apis.data.go.kr/B552474/JobBsnInfoService/getJobOperInsttList
PUB-003,4810,,,218,관악구청 복지가족국 어르신복지과,수행기관,https://apis.data.go.kr/B552474/JobBsnInfoService/getJobOperInsttList
PUB-003,4811,,,218083,고양시삼송동종합복지회관,수행기관,https://apis.data.go.kr/B552474/JobBsnInfoService/getJobOperInsttList
PUB-003,4812,,,219083,경산청솔재가노인통합지원센터,수행기관,https://apis.data.go.kr/B552474/JobBsnInfoService/getJobOperInsttList
PUB-003,4813,,,22,강동노인종합복지관,수행기관,https://apis.data.go.kr/B552474/JobBsnInfoService/getJobOperInsttList
PUB-003,4814,,,220084,진해서부노인종합복지관,수행기관,https://apis.data.go.kr/B552474/JobBsnInfoService/getJobOperInsttList
PUB-003,4815,,,2201,대덕구시니어클럽,수행기관,https://apis.data.go.kr/B552474/JobBsnInfoService/getJobOperInsttList
PUB-003,4816,,,2202,달성군노인복지관,수행기관,https://apis.data.go.kr/B552474/JobBsnInfoService/getJobOperInsttList
PUB-003,4817,,,2203,평택서부노인복지관,수행기관,https://apis.data.go.kr/B552474/JobBsnInfoService/getJobOperInsttList
PUB-003,4818,,,221084,마산회원노인종합복지관,수행기관,https://apis.data.go.kr/B552474/JobBsnInfoService/getJobOperInsttList
PUB-003,4819,,,2212,서산시니어클럽,수행기관,https://apis.data.go.kr/B552474/JobBsnInfoService/getJobOperInsttList
PUB-003,4820,,,222,강동구청 어르신복지과,수행기관,https://apis.data.go.kr/B552474/JobBsnInfoService/getJobOperInsttList
PUB-003,4821,,,2221,문경시니어클럽,수행기관,https://apis.data.go.kr/B552474/JobBsnInfoService/getJobOperInsttList
PUB-003,4822,,,2223,남구노인복지관,수행기관,https://apis.data.go.kr/B552474/JobBsnInfoService/getJobOperInsttList
PUB-003,4823,,,2226,중구노인복지관,수행기관,https://apis.data.go.kr/B552474/JobBsnInfoService/getJobOperInsttList
PUB-003,4824,,,2229,경기 안양시동안구지회,수행기관,https://apis.data.go.kr/B552474/JobBsnInfoService/getJobOperInsttList
PUB-003,4825,,,223083,마산회원시니어클럽,수행기관,https://apis.data.go.kr/B552474/JobBsnInfoService/getJobOperInsttList
PUB-003,4826,,,2231,태백시니어클럽,수행기관,https://apis.data.go.kr/B552474/JobBsnInfoService/getJobOperInsttList
PUB-003,4827,,,2232,괴산군노인복지관,수행기관,https://apis.data.go.kr/B552474/JobBsnInfoService/getJobOperInsttList
PUB-003,4828,,,2233,경기 안양시만안구지회,수행기관,https://apis.data.go.kr/B552474/JobBsnInfoService/getJobOperInsttList
PUB-003,4829,,,2234,반석종합사회복지관,수행기관,https://apis.data.go.kr/B552474/JobBsnInfoService/getJobOperInsttList
PUB-003,4830,,,2237,부산진구노인복지관,수행기관,https://apis.data.go.kr/B552474/JobBsnInfoService/getJobOperInsttList
PUB-003,4831,,,2239,의왕시니어클럽,수행기관,https://apis.data.go.kr/B552474/JobBsnInfoService/getJobOperInsttList
PUB-003,4832,,,224084,성산시니어클럽,수행기관,https://apis.data.go.kr/B552474/JobBsnInfoService/getJobOperInsttList
PUB-003,4833,,,2243,화성시니어클럽,수행기관,https://apis.data.go.kr/B552474/JobBsnInfoService/getJobOperInsttList
PUB-003,4834,,,2244,담양군향촌노인종합복지관,수행기관,https://apis.data.go.kr/B552474/JobBsnInfoService/getJobOperInsttList
PUB-003,4835,,,2245,은평구립응암노인복지관,수행기관,https://apis.data.go.kr/B552474/JobBsnInfoService/getJobOperInsttList
PUB-003,4836,,,2246,송파복지센터,수행기관,https://apis.data.go.kr/B552474/JobBsnInfoService/getJobOperInsttList
PUB-003,4837,,,225,부산광역시 서구청,수행기관,https://apis.data.go.kr/B552474/JobBsnInfoService/getJobOperInsttList
PUB-003,4838,,,225083,양주시 회천노인복지관,수행기관,https://apis.data.go.kr/B552474/JobBsnInfoService/getJobOperInsttList
PUB-003,4839,,,2251,군산시니어클럽,수행기관,https://apis.data.go.kr/B552474/JobBsnInfoService/getJobOperInsttList
PUB-003,4840,,,2252,장수시니어클럽,수행기관,https://apis.data.go.kr/B552474/JobBsnInfoService/getJobOperInsttList
PUB-003,4841,,,2254,상대원1동다목적복지회관,수행기관,https://apis.data.go.kr/B552474/JobBsnInfoService/getJobOperInsttList
PUB-003,4842,,,2255,마포구고용복지지원센터,수행기관,https://apis.data.go.kr/B552474/JobBsnInfoService/getJobOperInsttList
PUB-003,4843,,,2257,용현노인문화센터,수행기관,https://apis.data.go.kr/B552474/JobBsnInfoService/getJobOperInsttList
PUB-003,4844,,,226,동구자성대노인복지관,수행기관,https://apis.data.go.kr/B552474/JobBsnInfoService/getJobOperInsttList
PUB-003,4845,,,226084,(사)남원사랑나눔센터,수행기관,https://apis.data.go.kr/B552474/JobBsnInfoService/getJobOperInsttList
PUB-003,4846,,,2265,효능원노인통합지원센터,수행기관,https://apis.data.go.kr/B552474/JobBsnInfoService/getJobOperInsttList
PUB-003,4847,,,2267,사단법인 온사랑복지회,수행기관,https://apis.data.go.kr/B552474/JobBsnInfoService/getJobOperInsttList
PUB-003,4848,,,2269,길음종합사회복지관,수행기관,https://apis.data.go.kr/B552474/JobBsnInfoService/getJobOperInsttList
PUB-003,4849,,,227083,쌍촌종합사회복지관,수행기관,https://apis.data.go.kr/B552474/JobBsnInfoService/getJobOperInsttList
PUB-003,4850,,,2272,서울시종로구재가노인복지기관,수행기관,https://apis.data.go.kr/B552474/JobBsnInfoService/getJobOperInsttList
PUB-003,4851,,,2275,강서구립 연지노인복지센터,수행기관,https://apis.data.go.kr/B552474/JobBsnInfoService/getJobOperInsttList
PUB-003,4852,,,2276,화곡노인복지센터,수행기관,https://apis.data.go.kr/B552474/JobBsnInfoService/getJobOperInsttList
PUB-003,4853,,,2278,대한노인회 강원 태백시지회,수행기관,https://apis.data.go.kr/B552474/JobBsnInfoService/getJobOperInsttList
PUB-003,4854,,,228083,미추홀시니어클럽,수행기관,https://apis.data.go.kr/B552474/JobBsnInfoService/getJobOperInsttList
PUB-003,4855,,,2283,대한노인회 경남 남해군지회,수행기관,https://apis.data.go.kr/B552474/JobBsnInfoService/getJobOperInsttList
PUB-003,4856,,,2284,강서구립 봉제산노인복지센터,수행기관,https://apis.data.go.kr/B552474/JobBsnInfoService/getJobOperInsttList
PUB-003,4857,,,2287,마들종합사회복지관,수행기관,https://apis.data.go.kr/B552474/JobBsnInfoService/getJobOperInsttList
PUB-003,4858,,,2288,소양강댐노인복지관,수행기관,https://apis.data.go.kr/B552474/JobBsnInfoService/getJobOperInsttList
PUB-003,4859,,,229084,경기여주지역자활센터,수행기관,https://apis.data.go.kr/B552474/JobBsnInfoService/getJobOperInsttList
PUB-003,4860,,,2291,포천노인복지센터,수행기관,https://apis.data.go.kr/B552474/JobBsnInfoService/getJobOperInsttList
PUB-003,4861,,,2293,관악구청 교육지원과,수행기관,https://apis.data.go.kr/B552474/JobBsnInfoService/getJobOperInsttList
PUB-003,4862,,,23,연꽃마을 아현노인복지센터,수행기관,https://apis.data.go.kr/B552474/JobBsnInfoService/getJobOperInsttList
PUB-003,4863,,,2300,서부노인복지관,수행기관,https://apis.data.go.kr/B552474/JobBsnInfoService/getJobOperInsttList
PUB-003,4864,,,230083,거창군사회복지협의회,수행기관,https://apis.data.go.kr/B552474/JobBsnInfoService/getJobOperInsttList
PUB-003,4865,,,2301,남부노인복지관,수행기관,https://apis.data.go.kr/B552474/JobBsnInfoService/getJobOperInsttList
PUB-003,4866,,,2302,지리산노인통합지원센터,수행기관,https://apis.data.go.kr/B552474/JobBsnInfoService/getJobOperInsttList
PUB-003,4867,,,2303,상림재가노인복지센터,수행기관,https://apis.data.go.kr/B552474/JobBsnInfoService/getJobOperInsttList
PUB-003,4868,,,2305,마산합포노인종합복지관,수행기관,https://apis.data.go.kr/B552474/JobBsnInfoService/getJobOperInsttList
PUB-003,4869,,,23083,사단법인 고령사회고용진흥원 경기지사,수행기관,https://apis.data.go.kr/B552474/JobBsnInfoService/getJobOperInsttList
PUB-003,4870,,,231083,효샘재가노인지원서비스센터,수행기관,https://apis.data.go.kr/B552474/JobBsnInfoService/getJobOperInsttList
PUB-003,4871,,,2312,(사)노인낙원보훈봉사단,수행기관,https://apis.data.go.kr/B552474/JobBsnInfoService/getJobOperInsttList
PUB-003,4872,,,2313,북구문화원,수행기관,https://apis.data.go.kr/B552474/JobBsnInfoService/getJobOperInsttList
PUB-003,4873,,,233083,진주서부시니어클럽,수행기관,https://apis.data.go.kr/B552474/JobBsnInfoService/getJobOperInsttList
PUB-003,4874,,,2335,월곡종합사회복지관,수행기관,https://apis.data.go.kr/B552474/JobBsnInfoService/getJobOperInsttList
PUB-003,4875,,,234084,고창시니어클럽,수행기관,https://apis.data.go.kr/B552474/JobBsnInfoService/getJobOperInsttList
PUB-003,4876,,,2341,대한노인회 전남연합회,수행기관,https://apis.data.go.kr/B552474/JobBsnInfoService/getJobOperInsttList
PUB-003,4877,,,2342,황송노인종합복지관,수행기관,https://apis.data.go.kr/B552474/JobBsnInfoService/getJobOperInsttList
PUB-003,4878,,,2343,사당어르신종합복지관,수행기관,https://apis.data.go.kr/B552474/JobBsnInfoService/getJobOperInsttList
PUB-003,4879,,,2347,인천영종구노인인력개발센터,수행기관,https://apis.data.go.kr/B552474/JobBsnInfoService/getJobOperInsttList
PUB-003,4880,,,2348,강릉종합사회복지관,수행기관,https://apis.data.go.kr/B552474/JobBsnInfoService/getJobOperInsttList
PUB-003,4881,,,2349,제천시니어클럽,수행기관,https://apis.data.go.kr/B552474/JobBsnInfoService/getJobOperInsttList
PUB-003,4882,,,235083,한사랑노인복지센터,수행기관,https://apis.data.go.kr/B552474/JobBsnInfoService/getJobOperInsttList
PUB-003,4883,,,2352,서울시재가노인복지협회,수행기관,https://apis.data.go.kr/B552474/JobBsnInfoService/getJobOperInsttList
PUB-003,4884,,,2354,평창시니어클럽,수행기관,https://apis.data.go.kr/B552474/JobBsnInfoService/getJobOperInsttList
PUB-003,4885,,,2355,부산영도시니어클럽,수행기관,https://apis.data.go.kr/B552474/JobBsnInfoService/getJobOperInsttList
PUB-003,4886,,,2356,김제시니어클럽,수행기관,https://apis.data.go.kr/B552474/JobBsnInfoService/getJobOperInsttList
PUB-003,4887,,,2357,보령댐노인복지관,수행기관,https://apis.data.go.kr/B552474/JobBsnInfoService/getJobOperInsttList
PUB-003,4888,,,2360,(재)공주지역자활센터,수행기관,https://apis.data.go.kr/B552474/JobBsnInfoService/getJobOperInsttList
PUB-003,4889,,,236085,빛고을종합사회복지관,수행기관,https://apis.data.go.kr/B552474/JobBsnInfoService/getJobOperInsttList
PUB-003,4890,,,2361,부산남구시니어클럽,수행기관,https://apis.data.go.kr/B552474/JobBsnInfoService/getJobOperInsttList
PUB-003,4891,,,2366,김해시동부노인종합복지관,수행기관,https://apis.data.go.kr/B552474/JobBsnInfoService/getJobOperInsttList
PUB-003,4892,,,2367,"신곡노인종합복지관, 흥선노인복지관",수행기관,https://apis.data.go.kr/B552474/JobBsnInfoService/getJobOperInsttList
PUB-003,4893,,,2370,번오마을종합사회복지관,수행기관,https://apis.data.go.kr/B552474/JobBsnInfoService/getJobOperInsttList
PUB-003,4894,,,237083,원광효도복지센터,수행기관,https://apis.data.go.kr/B552474/JobBsnInfoService/getJobOperInsttList
PUB-003,4895,,,2371,은평구립불광노인복지관,수행기관,https://apis.data.go.kr/B552474/JobBsnInfoService/getJobOperInsttList
PUB-003,4896,,,2372,강남시니어플라자,수행기관,https://apis.data.go.kr/B552474/JobBsnInfoService/getJobOperInsttList
PUB-003,4897,,,2375,의창노인종합복지관,수행기관,https://apis.data.go.kr/B552474/JobBsnInfoService/getJobOperInsttList
PUB-003,4898,,,2376,정다운복지재단,수행기관,https://apis.data.go.kr/B552474/JobBsnInfoService/getJobOperInsttList
PUB-003,4899,,,2377,사하사랑채노인복지관,수행기관,https://apis.data.go.kr/B552474/JobBsnInfoService/getJobOperInsttList
PUB-003,4900,,,2380,행복나루노인복지관,수행기관,https://apis.data.go.kr/B552474/JobBsnInfoService/getJobOperInsttList
PUB-003,4901,,,238083,어울림협동조합,수행기관,https://apis.data.go.kr/B552474/JobBsnInfoService/getJobOperInsttList
PUB-003,4970,,,2528,마포시니어클럽,수행기관,https://apis.data.go.kr/B552474/JobBsnInfoService/getJobOperInsttList
PUB-003,4902,,,2381,장산노인복지관,수행기관,https://apis.data.go.kr/B552474/JobBsnInfoService/getJobOperInsttList
PUB-003,4903,,,2383,서울시립 신목종합사회복지관,수행기관,https://apis.data.go.kr/B552474/JobBsnInfoService/getJobOperInsttList
PUB-003,4904,,,2384,목동종합사회복지관,수행기관,https://apis.data.go.kr/B552474/JobBsnInfoService/getJobOperInsttList
PUB-003,4905,,,2385,주안노인문화센터,수행기관,https://apis.data.go.kr/B552474/JobBsnInfoService/getJobOperInsttList
PUB-003,4906,,,2386,목포이랜드노인복지관,수행기관,https://apis.data.go.kr/B552474/JobBsnInfoService/getJobOperInsttList
PUB-003,4907,,,2387,대전광역시시설관리공단 장묘관리사업소,수행기관,https://apis.data.go.kr/B552474/JobBsnInfoService/getJobOperInsttList
PUB-003,4908,,,239083,(사)늘푸른청소년교육문화센터,수행기관,https://apis.data.go.kr/B552474/JobBsnInfoService/getJobOperInsttList
PUB-003,4909,,,2393,강동구립 해공노인복지관,수행기관,https://apis.data.go.kr/B552474/JobBsnInfoService/getJobOperInsttList
PUB-003,4910,,,2394,청파노인복지관,수행기관,https://apis.data.go.kr/B552474/JobBsnInfoService/getJobOperInsttList
PUB-003,4911,,,2397,우리마포복지관,수행기관,https://apis.data.go.kr/B552474/JobBsnInfoService/getJobOperInsttList
PUB-003,4912,,,24,중랑노인종합복지관,수행기관,https://apis.data.go.kr/B552474/JobBsnInfoService/getJobOperInsttList
PUB-003,4913,,,2401,대한노인회 경남 산청군지회,수행기관,https://apis.data.go.kr/B552474/JobBsnInfoService/getJobOperInsttList
PUB-003,4914,,,2407,임실군노인종합복지관,수행기관,https://apis.data.go.kr/B552474/JobBsnInfoService/getJobOperInsttList
PUB-003,4915,,,24083,공주시니어클럽(민간),수행기관,https://apis.data.go.kr/B552474/JobBsnInfoService/getJobOperInsttList
PUB-003,4916,,,241,중구청 주민복지국 복지정책과,수행기관,https://apis.data.go.kr/B552474/JobBsnInfoService/getJobOperInsttList
PUB-003,4917,,,2415,보문종합사회복지관,수행기관,https://apis.data.go.kr/B552474/JobBsnInfoService/getJobOperInsttList
PUB-003,4918,,,2416,청주시 상당구청,수행기관,https://apis.data.go.kr/B552474/JobBsnInfoService/getJobOperInsttList
PUB-003,4919,,,2417,흥덕구청,수행기관,https://apis.data.go.kr/B552474/JobBsnInfoService/getJobOperInsttList
PUB-003,4920,,,2418,성균관유도회 대전광역시중구지부,수행기관,https://apis.data.go.kr/B552474/JobBsnInfoService/getJobOperInsttList
PUB-003,4921,,,242,대구 동구청 가족돌봄과,수행기관,https://apis.data.go.kr/B552474/JobBsnInfoService/getJobOperInsttList
PUB-003,4922,,,242083,동양노인문화센터,수행기관,https://apis.data.go.kr/B552474/JobBsnInfoService/getJobOperInsttList
PUB-003,4923,,,2421,영월돌봄사회적협동조합,수행기관,https://apis.data.go.kr/B552474/JobBsnInfoService/getJobOperInsttList
PUB-003,4924,,,2425,강감찬관악종합사회복지관,수행기관,https://apis.data.go.kr/B552474/JobBsnInfoService/getJobOperInsttList
PUB-003,4925,,,2426,전주시노인취업지원센터,수행기관,https://apis.data.go.kr/B552474/JobBsnInfoService/getJobOperInsttList
PUB-003,4926,,,2428,서울시관악구재가노인복지기관,수행기관,https://apis.data.go.kr/B552474/JobBsnInfoService/getJobOperInsttList
PUB-003,4927,,,243,대구서구청,수행기관,https://apis.data.go.kr/B552474/JobBsnInfoService/getJobOperInsttList
PUB-003,4928,,,2430,파주시문산종합사회복지관,수행기관,https://apis.data.go.kr/B552474/JobBsnInfoService/getJobOperInsttList
PUB-003,4929,,,243084,이천시니어클럽,수행기관,https://apis.data.go.kr/B552474/JobBsnInfoService/getJobOperInsttList
PUB-003,4930,,,243085,화성시나래울종합사회복지관,수행기관,https://apis.data.go.kr/B552474/JobBsnInfoService/getJobOperInsttList
PUB-003,4931,,,2433,웅상종합사회복지관,수행기관,https://apis.data.go.kr/B552474/JobBsnInfoService/getJobOperInsttList
PUB-003,4932,,,244,대구남구청 복지환경국 복지지원과,수행기관,https://apis.data.go.kr/B552474/JobBsnInfoService/getJobOperInsttList
PUB-003,4933,,,2440,구로종합사회복지관,수행기관,https://apis.data.go.kr/B552474/JobBsnInfoService/getJobOperInsttList
PUB-003,4934,,,2441,증평군노인복지관,수행기관,https://apis.data.go.kr/B552474/JobBsnInfoService/getJobOperInsttList
PUB-003,4935,,,2443,효창종합사회복지관,수행기관,https://apis.data.go.kr/B552474/JobBsnInfoService/getJobOperInsttList
PUB-003,5516,,,6055,두암종합사회복지관,수행기관,https://apis.data.go.kr/B552474/JobBsnInfoService/getJobOperInsttList
PUB-003,4936,,,2445,금천호암노인종합복지관,수행기관,https://apis.data.go.kr/B552474/JobBsnInfoService/getJobOperInsttList
PUB-003,4937,,,2446,나주시니어클럽,수행기관,https://apis.data.go.kr/B552474/JobBsnInfoService/getJobOperInsttList
PUB-003,4938,,,2447,(사)도울인복지회,수행기관,https://apis.data.go.kr/B552474/JobBsnInfoService/getJobOperInsttList
PUB-003,4939,,,245,대구북구청 복지정책과,수행기관,https://apis.data.go.kr/B552474/JobBsnInfoService/getJobOperInsttList
PUB-003,4940,,,245083,(사)광주광역시곰두리봉사회,수행기관,https://apis.data.go.kr/B552474/JobBsnInfoService/getJobOperInsttList
PUB-003,4941,,,2455,서천군노인복지관,수행기관,https://apis.data.go.kr/B552474/JobBsnInfoService/getJobOperInsttList
PUB-003,4942,,,246,대구광역시 수성구청,수행기관,https://apis.data.go.kr/B552474/JobBsnInfoService/getJobOperInsttList
PUB-003,4943,,,246084,사단법인 대효,수행기관,https://apis.data.go.kr/B552474/JobBsnInfoService/getJobOperInsttList
PUB-003,4944,,,2465,하나노인복지관,수행기관,https://apis.data.go.kr/B552474/JobBsnInfoService/getJobOperInsttList
PUB-003,4945,,,247,대구달서구청 복지증진국,수행기관,https://apis.data.go.kr/B552474/JobBsnInfoService/getJobOperInsttList
PUB-003,4946,,,247083,한국HRM협회,수행기관,https://apis.data.go.kr/B552474/JobBsnInfoService/getJobOperInsttList
PUB-003,4947,,,248,달성군청 주민복지국 복지정책과,수행기관,https://apis.data.go.kr/B552474/JobBsnInfoService/getJobOperInsttList
PUB-003,4948,,,248083,땅끝해남시니어클럽,수행기관,https://apis.data.go.kr/B552474/JobBsnInfoService/getJobOperInsttList
PUB-003,4949,,,2483,광주동구시니어클럽,수행기관,https://apis.data.go.kr/B552474/JobBsnInfoService/getJobOperInsttList
PUB-003,4950,,,249083,무안시니어클럽,수행기관,https://apis.data.go.kr/B552474/JobBsnInfoService/getJobOperInsttList
PUB-003,4951,,,249084,사랑샘노인복지센터,수행기관,https://apis.data.go.kr/B552474/JobBsnInfoService/getJobOperInsttList
PUB-003,4952,,,2494,상주시니어클럽,수행기관,https://apis.data.go.kr/B552474/JobBsnInfoService/getJobOperInsttList
PUB-003,5006,,,2609,옥천시니어클럽,수행기관,https://apis.data.go.kr/B552474/JobBsnInfoService/getJobOperInsttList
PUB-003,4953,,,2495,용인시수지노인복지관,수행기관,https://apis.data.go.kr/B552474/JobBsnInfoService/getJobOperInsttList
PUB-003,4954,,,2496,은평시니어클럽,수행기관,https://apis.data.go.kr/B552474/JobBsnInfoService/getJobOperInsttList
PUB-003,4955,,,2499,고성시니어클럽,수행기관,https://apis.data.go.kr/B552474/JobBsnInfoService/getJobOperInsttList
PUB-003,4956,,,25,연수구노인복지관,수행기관,https://apis.data.go.kr/B552474/JobBsnInfoService/getJobOperInsttList
PUB-003,4957,,,2500,송파시니어클럽,수행기관,https://apis.data.go.kr/B552474/JobBsnInfoService/getJobOperInsttList
PUB-003,4958,,,250083,사단법인 광주전남여성벤처협회,수행기관,https://apis.data.go.kr/B552474/JobBsnInfoService/getJobOperInsttList
PUB-003,4959,,,250084,경산상공회의소,수행기관,https://apis.data.go.kr/B552474/JobBsnInfoService/getJobOperInsttList
PUB-003,4960,,,25083,여주시니어클럽,수행기관,https://apis.data.go.kr/B552474/JobBsnInfoService/getJobOperInsttList
PUB-003,4961,,,2510,영월군종합사회복지관,수행기관,https://apis.data.go.kr/B552474/JobBsnInfoService/getJobOperInsttList
PUB-003,4962,,,251084,순천YWCA여성인력개발센터,수행기관,https://apis.data.go.kr/B552474/JobBsnInfoService/getJobOperInsttList
PUB-003,4963,,,2513,칠곡시니어클럽,수행기관,https://apis.data.go.kr/B552474/JobBsnInfoService/getJobOperInsttList
PUB-003,4964,,,2517,부산동구시니어클럽,수행기관,https://apis.data.go.kr/B552474/JobBsnInfoService/getJobOperInsttList
PUB-003,4965,,,2519,영월군청소년수련관,수행기관,https://apis.data.go.kr/B552474/JobBsnInfoService/getJobOperInsttList
PUB-003,4966,,,2520,하나재가노인통합지원센터,수행기관,https://apis.data.go.kr/B552474/JobBsnInfoService/getJobOperInsttList
PUB-003,4967,,,252083,김해가야시니어클럽,수행기관,https://apis.data.go.kr/B552474/JobBsnInfoService/getJobOperInsttList
PUB-003,4968,,,2522,당진시노인복지관,수행기관,https://apis.data.go.kr/B552474/JobBsnInfoService/getJobOperInsttList
PUB-003,4969,,,2527,음성시니어클럽,수행기관,https://apis.data.go.kr/B552474/JobBsnInfoService/getJobOperInsttList
PUB-003,4971,,,2529,부산수영시니어클럽,수행기관,https://apis.data.go.kr/B552474/JobBsnInfoService/getJobOperInsttList
PUB-003,4972,,,253,연수구청 주민복지국 노인장애인과,수행기관,https://apis.data.go.kr/B552474/JobBsnInfoService/getJobOperInsttList
PUB-003,4973,,,2530,남원시노인복지관,수행기관,https://apis.data.go.kr/B552474/JobBsnInfoService/getJobOperInsttList
PUB-003,4974,,,253083,퍼스트인잡(주) 원주지사,수행기관,https://apis.data.go.kr/B552474/JobBsnInfoService/getJobOperInsttList
PUB-003,4975,,,253084,(주)커리어스타,수행기관,https://apis.data.go.kr/B552474/JobBsnInfoService/getJobOperInsttList
PUB-003,4976,,,2531,삼척시니어클럽,수행기관,https://apis.data.go.kr/B552474/JobBsnInfoService/getJobOperInsttList
PUB-003,4977,,,2533,더불어숲 노인복지센터,수행기관,https://apis.data.go.kr/B552474/JobBsnInfoService/getJobOperInsttList
PUB-003,4978,,,2534,춘천남부노인복지관,수행기관,https://apis.data.go.kr/B552474/JobBsnInfoService/getJobOperInsttList
PUB-003,4979,,,2536,사상구노인복지관,수행기관,https://apis.data.go.kr/B552474/JobBsnInfoService/getJobOperInsttList
PUB-003,4980,,,2537,부안종합사회복지관,수행기관,https://apis.data.go.kr/B552474/JobBsnInfoService/getJobOperInsttList
PUB-003,4981,,,2538,중림종합사회복지관,수행기관,https://apis.data.go.kr/B552474/JobBsnInfoService/getJobOperInsttList
PUB-003,4982,,,254,남동구청 복지국 노인정책과,수행기관,https://apis.data.go.kr/B552474/JobBsnInfoService/getJobOperInsttList
PUB-003,4983,,,254083,에스잡플러스 주식회사,수행기관,https://apis.data.go.kr/B552474/JobBsnInfoService/getJobOperInsttList
PUB-003,4984,,,2542,홍천군노인복지관,수행기관,https://apis.data.go.kr/B552474/JobBsnInfoService/getJobOperInsttList
PUB-003,4985,,,2546,연제구거제종합사회복지관,수행기관,https://apis.data.go.kr/B552474/JobBsnInfoService/getJobOperInsttList
PUB-003,4986,,,255,부평구청 문화복지국 노인장애인과,수행기관,https://apis.data.go.kr/B552474/JobBsnInfoService/getJobOperInsttList
PUB-003,4987,,,2550,봄내노인복지센터,수행기관,https://apis.data.go.kr/B552474/JobBsnInfoService/getJobOperInsttList
PUB-003,4988,,,2555,성수종합사회복지관,수행기관,https://apis.data.go.kr/B552474/JobBsnInfoService/getJobOperInsttList
PUB-003,4989,,,2556,성동희망나눔,수행기관,https://apis.data.go.kr/B552474/JobBsnInfoService/getJobOperInsttList
PUB-003,4990,,,256084,인지어스 유한회사 포항남구지사,수행기관,https://apis.data.go.kr/B552474/JobBsnInfoService/getJobOperInsttList
PUB-003,4991,,,256086,사회적협동조합 제주내일(민간),수행기관,https://apis.data.go.kr/B552474/JobBsnInfoService/getJobOperInsttList
PUB-003,4992,,,2567,인제시니어클럽,수행기관,https://apis.data.go.kr/B552474/JobBsnInfoService/getJobOperInsttList
PUB-003,4993,,,257,인천서구청 복지국 노인장애인과,수행기관,https://apis.data.go.kr/B552474/JobBsnInfoService/getJobOperInsttList
PUB-003,4994,,,2572,팔공노인복지관,수행기관,https://apis.data.go.kr/B552474/JobBsnInfoService/getJobOperInsttList
PUB-003,4995,,,2577,세종도덕노인복지센터,수행기관,https://apis.data.go.kr/B552474/JobBsnInfoService/getJobOperInsttList
PUB-003,4996,,,258084,(주)제이엠커리어 대구지사,수행기관,https://apis.data.go.kr/B552474/JobBsnInfoService/getJobOperInsttList
PUB-003,4997,,,258085,파주상공회의소,수행기관,https://apis.data.go.kr/B552474/JobBsnInfoService/getJobOperInsttList
PUB-003,4998,,,259,옹진군청 사회복지과,수행기관,https://apis.data.go.kr/B552474/JobBsnInfoService/getJobOperInsttList
PUB-003,4999,,,259083,인지어스 유한회사 성남지사,수행기관,https://apis.data.go.kr/B552474/JobBsnInfoService/getJobOperInsttList
PUB-003,5000,,,259084,인지어스 유한회사,수행기관,https://apis.data.go.kr/B552474/JobBsnInfoService/getJobOperInsttList
PUB-003,5001,,,259085,(주)두원잡,수행기관,https://apis.data.go.kr/B552474/JobBsnInfoService/getJobOperInsttList
PUB-003,5002,,,2593,온수어르신복지관,수행기관,https://apis.data.go.kr/B552474/JobBsnInfoService/getJobOperInsttList
PUB-003,5003,,,2604,거창시니어클럽,수행기관,https://apis.data.go.kr/B552474/JobBsnInfoService/getJobOperInsttList
PUB-003,5004,,,2605,신정종합사회복지관,수행기관,https://apis.data.go.kr/B552474/JobBsnInfoService/getJobOperInsttList
PUB-003,5005,,,26083,부산경영자총협회,수행기관,https://apis.data.go.kr/B552474/JobBsnInfoService/getJobOperInsttList
PUB-003,5007,,,2610,서울시구로구재가노인복지기관,수행기관,https://apis.data.go.kr/B552474/JobBsnInfoService/getJobOperInsttList
PUB-003,5008,,,261083,울산양산경영자총협회,수행기관,https://apis.data.go.kr/B552474/JobBsnInfoService/getJobOperInsttList
PUB-003,5009,,,2612,부산해운대시니어클럽,수행기관,https://apis.data.go.kr/B552474/JobBsnInfoService/getJobOperInsttList
PUB-003,5010,,,2613,부산진시니어클럽,수행기관,https://apis.data.go.kr/B552474/JobBsnInfoService/getJobOperInsttList
PUB-003,5011,,,2617,영주시니어클럽,수행기관,https://apis.data.go.kr/B552474/JobBsnInfoService/getJobOperInsttList
PUB-003,5012,,,2620,광교노인복지관,수행기관,https://apis.data.go.kr/B552474/JobBsnInfoService/getJobOperInsttList
PUB-003,5013,,,2621,달성시니어클럽,수행기관,https://apis.data.go.kr/B552474/JobBsnInfoService/getJobOperInsttList
PUB-003,5014,,,2623,송산종합사회복지관,수행기관,https://apis.data.go.kr/B552474/JobBsnInfoService/getJobOperInsttList
PUB-003,5015,,,2624,금정구노인복지관,수행기관,https://apis.data.go.kr/B552474/JobBsnInfoService/getJobOperInsttList
PUB-003,5016,,,2625,서울특별시광역치매센터,수행기관,https://apis.data.go.kr/B552474/JobBsnInfoService/getJobOperInsttList
PUB-003,5017,,,2626,선암호수노인복지관,수행기관,https://apis.data.go.kr/B552474/JobBsnInfoService/getJobOperInsttList
PUB-003,5018,,,2628,구립영등포노인복지센터,수행기관,https://apis.data.go.kr/B552474/JobBsnInfoService/getJobOperInsttList
PUB-003,5019,,,263085,수원상공회의소,수행기관,https://apis.data.go.kr/B552474/JobBsnInfoService/getJobOperInsttList
PUB-003,5020,,,2632,대한노인회 경북 고령군지회,수행기관,https://apis.data.go.kr/B552474/JobBsnInfoService/getJobOperInsttList
PUB-003,5021,,,2633,경남돌봄지원센터,수행기관,https://apis.data.go.kr/B552474/JobBsnInfoService/getJobOperInsttList
PUB-003,5022,,,2634,부산사상시니어클럽,수행기관,https://apis.data.go.kr/B552474/JobBsnInfoService/getJobOperInsttList
PUB-003,5023,,,2636,대한예수교장로회경안노회유지재단,수행기관,https://apis.data.go.kr/B552474/JobBsnInfoService/getJobOperInsttList
PUB-003,5024,,,2637,청주청남시니어클럽,수행기관,https://apis.data.go.kr/B552474/JobBsnInfoService/getJobOperInsttList
PUB-003,5025,,,2639,사회복지법인대길사회복지재단,수행기관,https://apis.data.go.kr/B552474/JobBsnInfoService/getJobOperInsttList
PUB-003,5026,,,264084,죽림노인복지센터,수행기관,https://apis.data.go.kr/B552474/JobBsnInfoService/getJobOperInsttList
PUB-003,5027,,,264085,뉴딜사회적협동조합,수행기관,https://apis.data.go.kr/B552474/JobBsnInfoService/getJobOperInsttList
PUB-003,5028,,,2643,구립신사노인복지관,수행기관,https://apis.data.go.kr/B552474/JobBsnInfoService/getJobOperInsttList
PUB-003,5029,,,2647,강서구립 곰달래어르신복지센터,수행기관,https://apis.data.go.kr/B552474/JobBsnInfoService/getJobOperInsttList
PUB-003,5030,,,2648,정나눔노인복지센터,수행기관,https://apis.data.go.kr/B552474/JobBsnInfoService/getJobOperInsttList
PUB-003,5031,,,265083,(주)제니엘 부산지점,수행기관,https://apis.data.go.kr/B552474/JobBsnInfoService/getJobOperInsttList
PUB-003,5032,,,2654,행복노인통합지원센터,수행기관,https://apis.data.go.kr/B552474/JobBsnInfoService/getJobOperInsttList
PUB-003,5033,,,2655,금강노인복지관,수행기관,https://apis.data.go.kr/B552474/JobBsnInfoService/getJobOperInsttList
PUB-003,5034,,,2656,보은노인복지센터,수행기관,https://apis.data.go.kr/B552474/JobBsnInfoService/getJobOperInsttList
PUB-003,5035,,,2660,단양노인복지센터,수행기관,https://apis.data.go.kr/B552474/JobBsnInfoService/getJobOperInsttList
PUB-003,5036,,,266085,사단법인 경기경영자총협회,수행기관,https://apis.data.go.kr/B552474/JobBsnInfoService/getJobOperInsttList
PUB-003,5037,,,2661,동원종합사회복지관,수행기관,https://apis.data.go.kr/B552474/JobBsnInfoService/getJobOperInsttList
PUB-003,5038,,,2663,장수군노인복지관,수행기관,https://apis.data.go.kr/B552474/JobBsnInfoService/getJobOperInsttList
PUB-003,5039,,,2666,북가좌노인복지관,수행기관,https://apis.data.go.kr/B552474/JobBsnInfoService/getJobOperInsttList
PUB-003,5040,,,267,대전동구청 복지돌봄국 노인장애인과,수행기관,https://apis.data.go.kr/B552474/JobBsnInfoService/getJobOperInsttList
PUB-003,5041,,,267084,주식회사 잡스(민간),수행기관,https://apis.data.go.kr/B552474/JobBsnInfoService/getJobOperInsttList
PUB-003,5042,,,2673,(사)순천YWCA,수행기관,https://apis.data.go.kr/B552474/JobBsnInfoService/getJobOperInsttList
PUB-003,5043,,,2675,성동종합사회복지관,수행기관,https://apis.data.go.kr/B552474/JobBsnInfoService/getJobOperInsttList
PUB-003,5044,,,268,대전 중구청 돌봄복지국 노인장애인과,수행기관,https://apis.data.go.kr/B552474/JobBsnInfoService/getJobOperInsttList
PUB-003,5045,,,269,대전광역시 서구청,수행기관,https://apis.data.go.kr/B552474/JobBsnInfoService/getJobOperInsttList
PUB-003,5046,,,269083,도시문화네트워크,수행기관,https://apis.data.go.kr/B552474/JobBsnInfoService/getJobOperInsttList
PUB-003,5047,,,2693,부민노인복지관,수행기관,https://apis.data.go.kr/B552474/JobBsnInfoService/getJobOperInsttList
PUB-003,5048,,,2695,태백시노인복지관,수행기관,https://apis.data.go.kr/B552474/JobBsnInfoService/getJobOperInsttList
PUB-003,5049,,,2697,대한노인회 충북 옥천군지회,수행기관,https://apis.data.go.kr/B552474/JobBsnInfoService/getJobOperInsttList
PUB-003,5050,,,27,미추홀노인복지관,수행기관,https://apis.data.go.kr/B552474/JobBsnInfoService/getJobOperInsttList
PUB-003,5051,,,270,대전광역시 유성구청,수행기관,https://apis.data.go.kr/B552474/JobBsnInfoService/getJobOperInsttList
PUB-003,5052,,,2702,한기장복지재단 임실시니어클럽,수행기관,https://apis.data.go.kr/B552474/JobBsnInfoService/getJobOperInsttList
PUB-003,5053,,,2704,대한노인회 강원 원주시지회,수행기관,https://apis.data.go.kr/B552474/JobBsnInfoService/getJobOperInsttList
PUB-003,5054,,,27084,서구노인복지관,수행기관,https://apis.data.go.kr/B552474/JobBsnInfoService/getJobOperInsttList
PUB-003,5055,,,271,대덕구청,수행기관,https://apis.data.go.kr/B552474/JobBsnInfoService/getJobOperInsttList
PUB-003,5056,,,2710,마산시니어클럽,수행기관,https://apis.data.go.kr/B552474/JobBsnInfoService/getJobOperInsttList
PUB-003,5057,,,2714,대한노인회 경북 의성군지회,수행기관,https://apis.data.go.kr/B552474/JobBsnInfoService/getJobOperInsttList
PUB-003,5058,,,2717,대한노인회 전북 장수군지회,수행기관,https://apis.data.go.kr/B552474/JobBsnInfoService/getJobOperInsttList
PUB-003,5059,,,2723,코레일시니어직능클럽,수행기관,https://apis.data.go.kr/B552474/JobBsnInfoService/getJobOperInsttList
PUB-003,5060,,,273,울산 중구청 노인장애인과,수행기관,https://apis.data.go.kr/B552474/JobBsnInfoService/getJobOperInsttList
PUB-003,5061,,,273083,(주)제이엠커리어 대전지사,수행기관,https://apis.data.go.kr/B552474/JobBsnInfoService/getJobOperInsttList
PUB-003,5062,,,273084,대한노인회 충북 증평군지회,수행기관,https://apis.data.go.kr/B552474/JobBsnInfoService/getJobOperInsttList
PUB-003,5063,,,2735,전북노인일자리센터,수행기관,https://apis.data.go.kr/B552474/JobBsnInfoService/getJobOperInsttList
PUB-003,5064,,,2737,수원시밤밭노인복지관,수행기관,https://apis.data.go.kr/B552474/JobBsnInfoService/getJobOperInsttList
PUB-003,5065,,,2739,부산중구시니어클럽,수행기관,https://apis.data.go.kr/B552474/JobBsnInfoService/getJobOperInsttList
PUB-003,5066,,,274,울산광역시 남구청 노인장애인과,수행기관,https://apis.data.go.kr/B552474/JobBsnInfoService/getJobOperInsttList
PUB-003,5067,,,2742,김포시북부노인복지관,수행기관,https://apis.data.go.kr/B552474/JobBsnInfoService/getJobOperInsttList
PUB-003,5068,,,2743,고양시대화노인종합복지관,수행기관,https://apis.data.go.kr/B552474/JobBsnInfoService/getJobOperInsttList
PUB-003,5069,,,2745,마포서부재가노인복지기관,수행기관,https://apis.data.go.kr/B552474/JobBsnInfoService/getJobOperInsttList
PUB-003,5070,,,2746,오산재가노인지원서비스센터,수행기관,https://apis.data.go.kr/B552474/JobBsnInfoService/getJobOperInsttList
PUB-003,5071,,,2747,청람노인복지센터,수행기관,https://apis.data.go.kr/B552474/JobBsnInfoService/getJobOperInsttList
PUB-003,5072,,,2748,당진시니어클럽,수행기관,https://apis.data.go.kr/B552474/JobBsnInfoService/getJobOperInsttList
PUB-003,5073,,,275,울산동구청 노인장애인과,수행기관,https://apis.data.go.kr/B552474/JobBsnInfoService/getJobOperInsttList
PUB-003,5074,,,2750,구세군강북종합사회복지관,수행기관,https://apis.data.go.kr/B552474/JobBsnInfoService/getJobOperInsttList
PUB-003,5075,,,2751,사랑의전화마포종합사회복지관,수행기관,https://apis.data.go.kr/B552474/JobBsnInfoService/getJobOperInsttList
PUB-003,5076,,,2752,사단법인 고양시기업 경제인연합회,수행기관,https://apis.data.go.kr/B552474/JobBsnInfoService/getJobOperInsttList
PUB-003,5077,,,2756,양평행복만들기사회봉사단,수행기관,https://apis.data.go.kr/B552474/JobBsnInfoService/getJobOperInsttList
PUB-003,5078,,,2758,범물노인복지관,수행기관,https://apis.data.go.kr/B552474/JobBsnInfoService/getJobOperInsttList
PUB-003,5079,,,2759,경주시사회복지협의회,수행기관,https://apis.data.go.kr/B552474/JobBsnInfoService/getJobOperInsttList
PUB-003,5080,,,276,울산 북구청 노인장애인과,수행기관,https://apis.data.go.kr/B552474/JobBsnInfoService/getJobOperInsttList
PUB-003,5081,,,2760,동여수노인복지관분관,수행기관,https://apis.data.go.kr/B552474/JobBsnInfoService/getJobOperInsttList
PUB-003,5082,,,2761,인왕노인복지관,수행기관,https://apis.data.go.kr/B552474/JobBsnInfoService/getJobOperInsttList
PUB-003,5083,,,2763,양평사랑나눔봉사단,수행기관,https://apis.data.go.kr/B552474/JobBsnInfoService/getJobOperInsttList
PUB-003,5084,,,2764,부산강서시니어클럽,수행기관,https://apis.data.go.kr/B552474/JobBsnInfoService/getJobOperInsttList
PUB-003,5085,,,2765,공주재가노인복지센터,수행기관,https://apis.data.go.kr/B552474/JobBsnInfoService/getJobOperInsttList
PUB-003,5086,,,2766,서울시양천구재가노인복지기관,수행기관,https://apis.data.go.kr/B552474/JobBsnInfoService/getJobOperInsttList
PUB-003,5087,,,2767,초록노인복지센터,수행기관,https://apis.data.go.kr/B552474/JobBsnInfoService/getJobOperInsttList
PUB-003,5088,,,2768,한빛종합사회복지관,수행기관,https://apis.data.go.kr/B552474/JobBsnInfoService/getJobOperInsttList
PUB-003,5089,,,2769,철원군사회복지협의회,수행기관,https://apis.data.go.kr/B552474/JobBsnInfoService/getJobOperInsttList
PUB-003,5090,,,277,울주군청,수행기관,https://apis.data.go.kr/B552474/JobBsnInfoService/getJobOperInsttList
PUB-003,5091,,,277083,중구치매안심센터,수행기관,https://apis.data.go.kr/B552474/JobBsnInfoService/getJobOperInsttList
PUB-003,5092,,,2772,신내종합사회복지관,수행기관,https://apis.data.go.kr/B552474/JobBsnInfoService/getJobOperInsttList
PUB-003,5093,,,2774,포천시청 문화복지국 노인장애인과,수행기관,https://apis.data.go.kr/B552474/JobBsnInfoService/getJobOperInsttList
PUB-003,5094,,,2775,대한노인회 전북취업지원센터,수행기관,https://apis.data.go.kr/B552474/JobBsnInfoService/getJobOperInsttList
PUB-003,5095,,,2777,부산동래시니어클럽,수행기관,https://apis.data.go.kr/B552474/JobBsnInfoService/getJobOperInsttList
PUB-003,5096,,,278083,사회적협동조합 일터와사람들,수행기관,https://apis.data.go.kr/B552474/JobBsnInfoService/getJobOperInsttList
PUB-003,5097,,,278084,좋은일자리,수행기관,https://apis.data.go.kr/B552474/JobBsnInfoService/getJobOperInsttList
PUB-003,5098,,,2783,청주시 서원구청,수행기관,https://apis.data.go.kr/B552474/JobBsnInfoService/getJobOperInsttList
PUB-003,5099,,,2785,서서울어르신복지관,수행기관,https://apis.data.go.kr/B552474/JobBsnInfoService/getJobOperInsttList
PUB-003,5100,,,2786,대한노인회 부산 중구지회,수행기관,https://apis.data.go.kr/B552474/JobBsnInfoService/getJobOperInsttList
PUB-003,5101,,,2793,논산시시니어클럽,수행기관,https://apis.data.go.kr/B552474/JobBsnInfoService/getJobOperInsttList
PUB-003,5102,,,2794,청원구청,수행기관,https://apis.data.go.kr/B552474/JobBsnInfoService/getJobOperInsttList
PUB-003,5103,,,28,동구노인복지관,수행기관,https://apis.data.go.kr/B552474/JobBsnInfoService/getJobOperInsttList
PUB-003,5104,,,280,성남시청,수행기관,https://apis.data.go.kr/B552474/JobBsnInfoService/getJobOperInsttList
PUB-003,5105,,,2801,웅상노인복지관,수행기관,https://apis.data.go.kr/B552474/JobBsnInfoService/getJobOperInsttList
PUB-003,5106,,,2802,양산시노인복지관,수행기관,https://apis.data.go.kr/B552474/JobBsnInfoService/getJobOperInsttList
PUB-003,5107,,,2803,함지노인복지관,수행기관,https://apis.data.go.kr/B552474/JobBsnInfoService/getJobOperInsttList
PUB-003,5108,,,2806,양양군노인복지관,수행기관,https://apis.data.go.kr/B552474/JobBsnInfoService/getJobOperInsttList
PUB-003,5109,,,2815,강북노인복지관,수행기관,https://apis.data.go.kr/B552474/JobBsnInfoService/getJobOperInsttList
PUB-003,5110,,,2816,북구노인복지관,수행기관,https://apis.data.go.kr/B552474/JobBsnInfoService/getJobOperInsttList
PUB-003,5111,,,2817,태안시니어클럽,수행기관,https://apis.data.go.kr/B552474/JobBsnInfoService/getJobOperInsttList
PUB-003,5112,,,2819,삼척시종합사회복지관,수행기관,https://apis.data.go.kr/B552474/JobBsnInfoService/getJobOperInsttList
PUB-003,5113,,,2820,예산군시니어클럽,수행기관,https://apis.data.go.kr/B552474/JobBsnInfoService/getJobOperInsttList
PUB-003,5114,,,2825,대불노인복지관,수행기관,https://apis.data.go.kr/B552474/JobBsnInfoService/getJobOperInsttList
PUB-003,5115,,,2826,성서노인종합복지관,수행기관,https://apis.data.go.kr/B552474/JobBsnInfoService/getJobOperInsttList
PUB-003,5116,,,2827,공주시노인종합복지관,수행기관,https://apis.data.go.kr/B552474/JobBsnInfoService/getJobOperInsttList
PUB-003,5117,,,2828,군포시늘푸른노인복지관,수행기관,https://apis.data.go.kr/B552474/JobBsnInfoService/getJobOperInsttList
PUB-003,5118,,,2829,금강복지센터,수행기관,https://apis.data.go.kr/B552474/JobBsnInfoService/getJobOperInsttList
PUB-003,5119,,,2830,평화사회복지관,수행기관,https://apis.data.go.kr/B552474/JobBsnInfoService/getJobOperInsttList
PUB-003,5120,,,2831,장안종합사회복지관,수행기관,https://apis.data.go.kr/B552474/JobBsnInfoService/getJobOperInsttList
PUB-003,5121,,,2832,쌍문동어르신복지관,수행기관,https://apis.data.go.kr/B552474/JobBsnInfoService/getJobOperInsttList
PUB-003,5122,,,2835,섬김과나눔회,수행기관,https://apis.data.go.kr/B552474/JobBsnInfoService/getJobOperInsttList
PUB-003,5123,,,2836,파주시은빛사랑채,수행기관,https://apis.data.go.kr/B552474/JobBsnInfoService/getJobOperInsttList
PUB-003,5124,,,284084,웅상시니어클럽,수행기관,https://apis.data.go.kr/B552474/JobBsnInfoService/getJobOperInsttList
PUB-003,5125,,,2842,울산북구시니어클럽,수행기관,https://apis.data.go.kr/B552474/JobBsnInfoService/getJobOperInsttList
PUB-003,5126,,,2843,사회복지법인 호동복지재단,수행기관,https://apis.data.go.kr/B552474/JobBsnInfoService/getJobOperInsttList
PUB-003,5127,,,2845,봉화군노인복지관,수행기관,https://apis.data.go.kr/B552474/JobBsnInfoService/getJobOperInsttList
PUB-003,5128,,,2846,함월노인복지관,수행기관,https://apis.data.go.kr/B552474/JobBsnInfoService/getJobOperInsttList
PUB-003,5129,,,2850,용강노인복지관,수행기관,https://apis.data.go.kr/B552474/JobBsnInfoService/getJobOperInsttList
PUB-003,5130,,,2851,고산노인복지관,수행기관,https://apis.data.go.kr/B552474/JobBsnInfoService/getJobOperInsttList
PUB-003,5131,,,2853,용인시기흥노인복지관,수행기관,https://apis.data.go.kr/B552474/JobBsnInfoService/getJobOperInsttList
PUB-003,5132,,,2854,울산동구시니어클럽,수행기관,https://apis.data.go.kr/B552474/JobBsnInfoService/getJobOperInsttList
PUB-003,5133,,,2856,서울청소년효행봉사단,수행기관,https://apis.data.go.kr/B552474/JobBsnInfoService/getJobOperInsttList
PUB-003,5134,,,2860,동작50+센터,수행기관,https://apis.data.go.kr/B552474/JobBsnInfoService/getJobOperInsttList
PUB-003,5135,,,2862,아산시동부노인복지관,수행기관,https://apis.data.go.kr/B552474/JobBsnInfoService/getJobOperInsttList
PUB-003,5136,,,2863,철원군지회,수행기관,https://apis.data.go.kr/B552474/JobBsnInfoService/getJobOperInsttList
PUB-003,5137,,,2864,대한노인회 부산 사하구지회,수행기관,https://apis.data.go.kr/B552474/JobBsnInfoService/getJobOperInsttList
PUB-003,5138,,,2865,함평군노인복지관,수행기관,https://apis.data.go.kr/B552474/JobBsnInfoService/getJobOperInsttList
PUB-003,5139,,,2868,둔산종합사회복지관,수행기관,https://apis.data.go.kr/B552474/JobBsnInfoService/getJobOperInsttList
PUB-003,5140,,,2873,화천시니어클럽,수행기관,https://apis.data.go.kr/B552474/JobBsnInfoService/getJobOperInsttList
PUB-003,5141,,,2875,유락종합사회복지관,수행기관,https://apis.data.go.kr/B552474/JobBsnInfoService/getJobOperInsttList
PUB-003,5142,,,288,평택시청 복지국 노인장애인과,수행기관,https://apis.data.go.kr/B552474/JobBsnInfoService/getJobOperInsttList
PUB-003,5143,,,288083,안양과천상공회의소,수행기관,https://apis.data.go.kr/B552474/JobBsnInfoService/getJobOperInsttList
PUB-003,5144,,,2882,청양군노인종합복지관,수행기관,https://apis.data.go.kr/B552474/JobBsnInfoService/getJobOperInsttList
PUB-003,5145,,,2883,(사)중소기업기술혁신협회 대구경북지회,수행기관,https://apis.data.go.kr/B552474/JobBsnInfoService/getJobOperInsttList
PUB-003,5146,,,2885,보성시니어클럽,수행기관,https://apis.data.go.kr/B552474/JobBsnInfoService/getJobOperInsttList
PUB-003,5147,,,2886,사회복지 법인 나눔복지재단,수행기관,https://apis.data.go.kr/B552474/JobBsnInfoService/getJobOperInsttList
PUB-003,5148,,,289,광명시 친환경사업본부,수행기관,https://apis.data.go.kr/B552474/JobBsnInfoService/getJobOperInsttList
PUB-003,5149,,,2891,인천광역시동구노인인력개발센터,수행기관,https://apis.data.go.kr/B552474/JobBsnInfoService/getJobOperInsttList
PUB-003,5150,,,2896,보령시니어클럽,수행기관,https://apis.data.go.kr/B552474/JobBsnInfoService/getJobOperInsttList
PUB-003,5151,,,2898,천안시 시니어클럽,수행기관,https://apis.data.go.kr/B552474/JobBsnInfoService/getJobOperInsttList
PUB-003,5152,,,2901,청양군시니어클럽,수행기관,https://apis.data.go.kr/B552474/JobBsnInfoService/getJobOperInsttList
PUB-003,5153,,,2903,순천시니어클럽,수행기관,https://apis.data.go.kr/B552474/JobBsnInfoService/getJobOperInsttList
PUB-003,5154,,,2904,어울림노인복지센터,수행기관,https://apis.data.go.kr/B552474/JobBsnInfoService/getJobOperInsttList
PUB-003,5155,,,2905,(사)한국가사노동자협회,수행기관,https://apis.data.go.kr/B552474/JobBsnInfoService/getJobOperInsttList
PUB-003,5156,,,2912,종촌종합복지센터 종합사회복지관,수행기관,https://apis.data.go.kr/B552474/JobBsnInfoService/getJobOperInsttList
PUB-003,5157,,,2915,유등노인복지관,수행기관,https://apis.data.go.kr/B552474/JobBsnInfoService/getJobOperInsttList
PUB-003,5158,,,2919,울산남구시니어클럽,수행기관,https://apis.data.go.kr/B552474/JobBsnInfoService/getJobOperInsttList
PUB-003,5159,,,292084,(주)제이엠커리어 창원지사,수행기관,https://apis.data.go.kr/B552474/JobBsnInfoService/getJobOperInsttList
PUB-003,5160,,,2922,강남구노인통합지원센터,수행기관,https://apis.data.go.kr/B552474/JobBsnInfoService/getJobOperInsttList
PUB-003,5161,,,2923,남산정종합사회복지관,수행기관,https://apis.data.go.kr/B552474/JobBsnInfoService/getJobOperInsttList
PUB-003,5162,,,2924,구산사회복지관,수행기관,https://apis.data.go.kr/B552474/JobBsnInfoService/getJobOperInsttList
PUB-003,5163,,,2927,서귀포종합사회복지관,수행기관,https://apis.data.go.kr/B552474/JobBsnInfoService/getJobOperInsttList
PUB-003,5164,,,2928,서천시니어클럽,수행기관,https://apis.data.go.kr/B552474/JobBsnInfoService/getJobOperInsttList
PUB-003,5165,,,2929,(사)포항YWCA,수행기관,https://apis.data.go.kr/B552474/JobBsnInfoService/getJobOperInsttList
PUB-003,5166,,,293,파주시청 복지정책국 노인장애인과,수행기관,https://apis.data.go.kr/B552474/JobBsnInfoService/getJobOperInsttList
PUB-003,5167,,,2930,사회복지법인 한울안 진안군분사무소,수행기관,https://apis.data.go.kr/B552474/JobBsnInfoService/getJobOperInsttList
PUB-003,5168,,,2933,부산광역시다사랑복합문화예술회관,수행기관,https://apis.data.go.kr/B552474/JobBsnInfoService/getJobOperInsttList
PUB-003,5169,,,2935,방어진노인복지관,수행기관,https://apis.data.go.kr/B552474/JobBsnInfoService/getJobOperInsttList
PUB-003,5170,,,2937,하남시미사강변종합사회복지관,수행기관,https://apis.data.go.kr/B552474/JobBsnInfoService/getJobOperInsttList
PUB-003,5171,,,2938,사단법인 효림복지센터,수행기관,https://apis.data.go.kr/B552474/JobBsnInfoService/getJobOperInsttList
PUB-003,5172,,,2939,신림종합사회복지관,수행기관,https://apis.data.go.kr/B552474/JobBsnInfoService/getJobOperInsttList
PUB-003,5173,,,2948,감만종합사회복지관,수행기관,https://apis.data.go.kr/B552474/JobBsnInfoService/getJobOperInsttList
PUB-003,5174,,,2949,늘청춘하우스 노인복지센터,수행기관,https://apis.data.go.kr/B552474/JobBsnInfoService/getJobOperInsttList
PUB-003,5175,,,295,구리시청 복지문화국 노인장애인복지과,수행기관,https://apis.data.go.kr/B552474/JobBsnInfoService/getJobOperInsttList
PUB-003,5176,,,295083,평택시니어클럽,수행기관,https://apis.data.go.kr/B552474/JobBsnInfoService/getJobOperInsttList
PUB-003,5177,,,296,김포시,수행기관,https://apis.data.go.kr/B552474/JobBsnInfoService/getJobOperInsttList
PUB-003,5178,,,3,강북노인종합복지관,수행기관,https://apis.data.go.kr/B552474/JobBsnInfoService/getJobOperInsttList
PUB-003,5179,,,30,부평구노인복지관,수행기관,https://apis.data.go.kr/B552474/JobBsnInfoService/getJobOperInsttList
PUB-003,5180,,,300084,(주)제이엠커리어 광주지사,수행기관,https://apis.data.go.kr/B552474/JobBsnInfoService/getJobOperInsttList
PUB-003,5181,,,30084,경기실버포럼,수행기관,https://apis.data.go.kr/B552474/JobBsnInfoService/getJobOperInsttList
PUB-003,5182,,,3044,한국노인인력개발원 서울지역본부,수행기관,https://apis.data.go.kr/B552474/JobBsnInfoService/getJobOperInsttList
PUB-003,5183,,,309,연천군청,수행기관,https://apis.data.go.kr/B552474/JobBsnInfoService/getJobOperInsttList
PUB-003,5184,,,31,인천서구노인복지관,수행기관,https://apis.data.go.kr/B552474/JobBsnInfoService/getJobOperInsttList
PUB-003,5185,,,313,강릉시청 복지민원국 경로장애인과,수행기관,https://apis.data.go.kr/B552474/JobBsnInfoService/getJobOperInsttList
PUB-003,5186,,,314,대한노인회 강원 동해시지회,수행기관,https://apis.data.go.kr/B552474/JobBsnInfoService/getJobOperInsttList
PUB-003,5187,,,316,속초시청 경로장애인과,수행기관,https://apis.data.go.kr/B552474/JobBsnInfoService/getJobOperInsttList
PUB-003,5188,,,32,계양구노인복지관,수행기관,https://apis.data.go.kr/B552474/JobBsnInfoService/getJobOperInsttList
PUB-003,5189,,,32085,사단법인 동그라미솔빛,수행기관,https://apis.data.go.kr/B552474/JobBsnInfoService/getJobOperInsttList
PUB-003,5190,,,323,철원군청 주민생활지원실,수행기관,https://apis.data.go.kr/B552474/JobBsnInfoService/getJobOperInsttList
PUB-003,5191,,,324,화천군청 주민복지과,수행기관,https://apis.data.go.kr/B552474/JobBsnInfoService/getJobOperInsttList
PUB-003,5192,,,330083,다가치포럼사회적협동조합,수행기관,https://apis.data.go.kr/B552474/JobBsnInfoService/getJobOperInsttList
PUB-003,5193,,,33083,베스트노인복지센터,수행기관,https://apis.data.go.kr/B552474/JobBsnInfoService/getJobOperInsttList
PUB-003,5194,,,335083,(사)혼디배움센터,수행기관,https://apis.data.go.kr/B552474/JobBsnInfoService/getJobOperInsttList
PUB-003,5195,,,338083,강화군노인문화센터,수행기관,https://apis.data.go.kr/B552474/JobBsnInfoService/getJobOperInsttList
PUB-003,5197,,,34,인천중구노인복지관,수행기관,https://apis.data.go.kr/B552474/JobBsnInfoService/getJobOperInsttList
PUB-003,5198,,,342083,동대문시니어클럽,수행기관,https://apis.data.go.kr/B552474/JobBsnInfoService/getJobOperInsttList
PUB-003,5199,,,345083,사단법인 한마음노인복지센터,수행기관,https://apis.data.go.kr/B552474/JobBsnInfoService/getJobOperInsttList
PUB-003,5200,,,347,서산시청 복지문화국 경로장애인과,수행기관,https://apis.data.go.kr/B552474/JobBsnInfoService/getJobOperInsttList
PUB-003,5201,,,347083,파주시니어클럽,수행기관,https://apis.data.go.kr/B552474/JobBsnInfoService/getJobOperInsttList
PUB-003,5202,,,349083,구로시니어클럽,수행기관,https://apis.data.go.kr/B552474/JobBsnInfoService/getJobOperInsttList
PUB-003,5203,,,35,정관노인복지관,수행기관,https://apis.data.go.kr/B552474/JobBsnInfoService/getJobOperInsttList
PUB-003,5204,,,350,금산군청 주민복지지원과,수행기관,https://apis.data.go.kr/B552474/JobBsnInfoService/getJobOperInsttList
PUB-003,5205,,,350083,남목노인복지관,수행기관,https://apis.data.go.kr/B552474/JobBsnInfoService/getJobOperInsttList
PUB-003,5206,,,351083,계산노인문화센터,수행기관,https://apis.data.go.kr/B552474/JobBsnInfoService/getJobOperInsttList
PUB-003,5207,,,352083,논산시사회복지협의회,수행기관,https://apis.data.go.kr/B552474/JobBsnInfoService/getJobOperInsttList
PUB-003,5208,,,353083,가좌노인문화센터,수행기관,https://apis.data.go.kr/B552474/JobBsnInfoService/getJobOperInsttList
PUB-003,5209,,,354083,홍성 시니어클럽,수행기관,https://apis.data.go.kr/B552474/JobBsnInfoService/getJobOperInsttList
PUB-003,5210,,,355083,하동시니어클럽,수행기관,https://apis.data.go.kr/B552474/JobBsnInfoService/getJobOperInsttList
PUB-003,5211,,,357,태안군청 가족정책과,수행기관,https://apis.data.go.kr/B552474/JobBsnInfoService/getJobOperInsttList
PUB-003,5212,,,357083,함양시니어클럽,수행기관,https://apis.data.go.kr/B552474/JobBsnInfoService/getJobOperInsttList
PUB-003,5213,,,358,당진시청,수행기관,https://apis.data.go.kr/B552474/JobBsnInfoService/getJobOperInsttList
PUB-003,5214,,,358083,광명시립하안노인종합복지관,수행기관,https://apis.data.go.kr/B552474/JobBsnInfoService/getJobOperInsttList
PUB-003,5217,,,36,부산동구노인종합복지관,수행기관,https://apis.data.go.kr/B552474/JobBsnInfoService/getJobOperInsttList
PUB-003,5218,,,360,전주시청 노인복지과,수행기관,https://apis.data.go.kr/B552474/JobBsnInfoService/getJobOperInsttList
PUB-003,5219,,,36083,(사)하늘터노인복지회,수행기관,https://apis.data.go.kr/B552474/JobBsnInfoService/getJobOperInsttList
PUB-003,5220,,,361,군산시청 복지교육국 경로장애인과,수행기관,https://apis.data.go.kr/B552474/JobBsnInfoService/getJobOperInsttList
PUB-003,5221,,,361083,합천노인통합지원센터,수행기관,https://apis.data.go.kr/B552474/JobBsnInfoService/getJobOperInsttList
PUB-003,5222,,,363,정읍시청 노인장애인과,수행기관,https://apis.data.go.kr/B552474/JobBsnInfoService/getJobOperInsttList
PUB-003,5223,,,364,남원시청 행정복지국 통합돌봄과,수행기관,https://apis.data.go.kr/B552474/JobBsnInfoService/getJobOperInsttList
PUB-003,5224,,,364083,천안실버대학 병설 노인일자리센터,수행기관,https://apis.data.go.kr/B552474/JobBsnInfoService/getJobOperInsttList
PUB-003,5225,,,365,김제시청 경로장애인과,수행기관,https://apis.data.go.kr/B552474/JobBsnInfoService/getJobOperInsttList
PUB-003,5226,,,366083,산청시니어클럽,수행기관,https://apis.data.go.kr/B552474/JobBsnInfoService/getJobOperInsttList
PUB-003,5227,,,369083,포항YMCA,수행기관,https://apis.data.go.kr/B552474/JobBsnInfoService/getJobOperInsttList
PUB-003,5228,,,37,동래종합사회복지관,수행기관,https://apis.data.go.kr/B552474/JobBsnInfoService/getJobOperInsttList
PUB-003,5229,,,372083,섬진강댐노인복지관,수행기관,https://apis.data.go.kr/B552474/JobBsnInfoService/getJobOperInsttList
PUB-003,5230,,,373,부안군청,수행기관,https://apis.data.go.kr/B552474/JobBsnInfoService/getJobOperInsttList
PUB-003,5231,,,374083,통영노인통합지원센터,수행기관,https://apis.data.go.kr/B552474/JobBsnInfoService/getJobOperInsttList
PUB-003,5232,,,375,목포시청,수행기관,https://apis.data.go.kr/B552474/JobBsnInfoService/getJobOperInsttList
PUB-003,5233,,,376,여수시청,수행기관,https://apis.data.go.kr/B552474/JobBsnInfoService/getJobOperInsttList
PUB-003,5234,,,376083,예천시니어클럽,수행기관,https://apis.data.go.kr/B552474/JobBsnInfoService/getJobOperInsttList
PUB-003,5235,,,377,순천시청,수행기관,https://apis.data.go.kr/B552474/JobBsnInfoService/getJobOperInsttList
PUB-003,5236,,,377083,익산상공회의소,수행기관,https://apis.data.go.kr/B552474/JobBsnInfoService/getJobOperInsttList
PUB-003,5237,,,378,나주시청,수행기관,https://apis.data.go.kr/B552474/JobBsnInfoService/getJobOperInsttList
PUB-003,5238,,,378083,안면도노인복지관,수행기관,https://apis.data.go.kr/B552474/JobBsnInfoService/getJobOperInsttList
PUB-003,5239,,,379,광양시청,수행기관,https://apis.data.go.kr/B552474/JobBsnInfoService/getJobOperInsttList
PUB-003,5240,,,38,실버벨노인복지관,수행기관,https://apis.data.go.kr/B552474/JobBsnInfoService/getJobOperInsttList
PUB-003,5241,,,380,담양군청,수행기관,https://apis.data.go.kr/B552474/JobBsnInfoService/getJobOperInsttList
PUB-003,5242,,,38083,은빛노인복지센터,수행기관,https://apis.data.go.kr/B552474/JobBsnInfoService/getJobOperInsttList
PUB-003,5243,,,38084,제주느영나영시니어클럽,수행기관,https://apis.data.go.kr/B552474/JobBsnInfoService/getJobOperInsttList
PUB-003,5244,,,381,곡성군청,수행기관,https://apis.data.go.kr/B552474/JobBsnInfoService/getJobOperInsttList
PUB-003,5245,,,382,구례군청,수행기관,https://apis.data.go.kr/B552474/JobBsnInfoService/getJobOperInsttList
PUB-003,5246,,,384083,주식회사 유니밸류,수행기관,https://apis.data.go.kr/B552474/JobBsnInfoService/getJobOperInsttList
PUB-003,5247,,,385,화순군청,수행기관,https://apis.data.go.kr/B552474/JobBsnInfoService/getJobOperInsttList
PUB-003,5248,,,386,장흥군청,수행기관,https://apis.data.go.kr/B552474/JobBsnInfoService/getJobOperInsttList
PUB-003,5249,,,386083,안성시서부무한돌봄네트워크팀,수행기관,https://apis.data.go.kr/B552474/JobBsnInfoService/getJobOperInsttList
PUB-003,5250,,,387,강진군청,수행기관,https://apis.data.go.kr/B552474/JobBsnInfoService/getJobOperInsttList
PUB-003,5251,,,388,해남군청,수행기관,https://apis.data.go.kr/B552474/JobBsnInfoService/getJobOperInsttList
PUB-003,5252,,,389,영암군청,수행기관,https://apis.data.go.kr/B552474/JobBsnInfoService/getJobOperInsttList
PUB-003,5253,,,39,부산광역시노인종합복지관,수행기관,https://apis.data.go.kr/B552474/JobBsnInfoService/getJobOperInsttList
PUB-003,5254,,,390083,안성시동부무한돌봄네트워크팀,수행기관,https://apis.data.go.kr/B552474/JobBsnInfoService/getJobOperInsttList
PUB-003,5255,,,39083,해피누리노인복지관,수행기관,https://apis.data.go.kr/B552474/JobBsnInfoService/getJobOperInsttList
PUB-003,5256,,,391,함평군청,수행기관,https://apis.data.go.kr/B552474/JobBsnInfoService/getJobOperInsttList
PUB-003,5257,,,392,영광군청,수행기관,https://apis.data.go.kr/B552474/JobBsnInfoService/getJobOperInsttList
PUB-003,5258,,,393,장성군청,수행기관,https://apis.data.go.kr/B552474/JobBsnInfoService/getJobOperInsttList
PUB-003,5259,,,393083,화이통협동조합,수행기관,https://apis.data.go.kr/B552474/JobBsnInfoService/getJobOperInsttList
PUB-003,5260,,,394,완도군청,수행기관,https://apis.data.go.kr/B552474/JobBsnInfoService/getJobOperInsttList
PUB-003,5261,,,394083,부산동래여성인력개발센터,수행기관,https://apis.data.go.kr/B552474/JobBsnInfoService/getJobOperInsttList
PUB-003,5262,,,395,진도군청,수행기관,https://apis.data.go.kr/B552474/JobBsnInfoService/getJobOperInsttList
PUB-003,5263,,,396,신안군청,수행기관,https://apis.data.go.kr/B552474/JobBsnInfoService/getJobOperInsttList
PUB-003,5264,,,398,포항시청,수행기관,https://apis.data.go.kr/B552474/JobBsnInfoService/getJobOperInsttList
PUB-003,5265,,,398083,(주)한국커리어잡스 대전지사,수행기관,https://apis.data.go.kr/B552474/JobBsnInfoService/getJobOperInsttList
PUB-003,5266,,,4,강서노인종합복지관,수행기관,https://apis.data.go.kr/B552474/JobBsnInfoService/getJobOperInsttList
PUB-003,5267,,,40,영도구노인복지관,수행기관,https://apis.data.go.kr/B552474/JobBsnInfoService/getJobOperInsttList
PUB-003,5268,,,4006,전주상공회의소,수행기관,https://apis.data.go.kr/B552474/JobBsnInfoService/getJobOperInsttList
PUB-003,5269,,,4007,목포상공회의소,수행기관,https://apis.data.go.kr/B552474/JobBsnInfoService/getJobOperInsttList
PUB-003,5603,,,720083,부평남부노인문화센터,수행기관,https://apis.data.go.kr/B552474/JobBsnInfoService/getJobOperInsttList
PUB-003,5270,,,40087,창녕시니어클럽,수행기관,https://apis.data.go.kr/B552474/JobBsnInfoService/getJobOperInsttList
PUB-003,5271,,,40091,연제구노인복지관,수행기관,https://apis.data.go.kr/B552474/JobBsnInfoService/getJobOperInsttList
PUB-003,5272,,,401083,주식회사 경남취업지원센터,수행기관,https://apis.data.go.kr/B552474/JobBsnInfoService/getJobOperInsttList
PUB-003,5273,,,4012,군산상공회의소,수행기관,https://apis.data.go.kr/B552474/JobBsnInfoService/getJobOperInsttList
PUB-003,5274,,,4013,(사)전남경영자총협회,수행기관,https://apis.data.go.kr/B552474/JobBsnInfoService/getJobOperInsttList
PUB-003,5275,,,4014,(주)제이비컴(민간),수행기관,https://apis.data.go.kr/B552474/JobBsnInfoService/getJobOperInsttList
PUB-003,5276,,,402083,(사)한국경영혁신중소기업협회 대전세종충남연합회,수행기관,https://apis.data.go.kr/B552474/JobBsnInfoService/getJobOperInsttList
PUB-003,5277,,,402084,(주)에듀인잡컨설팅,수행기관,https://apis.data.go.kr/B552474/JobBsnInfoService/getJobOperInsttList
PUB-003,5278,,,4023,중소기업기술혁신협회 대전세종충남지회(민간),수행기관,https://apis.data.go.kr/B552474/JobBsnInfoService/getJobOperInsttList
PUB-003,5279,,,4025,(주)티이에스,수행기관,https://apis.data.go.kr/B552474/JobBsnInfoService/getJobOperInsttList
PUB-003,5280,,,4027,경기동부상공회의소,수행기관,https://apis.data.go.kr/B552474/JobBsnInfoService/getJobOperInsttList
PUB-003,5281,,,4029,고양상공회의소,수행기관,https://apis.data.go.kr/B552474/JobBsnInfoService/getJobOperInsttList
PUB-003,5282,,,403,영주시청 문화복지국 노인장애인과,수행기관,https://apis.data.go.kr/B552474/JobBsnInfoService/getJobOperInsttList
PUB-003,5283,,,404,영천시청 문화관광복지국 사회복지과,수행기관,https://apis.data.go.kr/B552474/JobBsnInfoService/getJobOperInsttList
PUB-003,5284,,,4048,부산광역시장노년일자리지원센터(인턴십),수행기관,https://apis.data.go.kr/B552474/JobBsnInfoService/getJobOperInsttList
PUB-003,5285,,,4050,창원노인일자리창출지원센터,수행기관,https://apis.data.go.kr/B552474/JobBsnInfoService/getJobOperInsttList
PUB-003,5286,,,405084,시니어잡네트워크센터(민간),수행기관,https://apis.data.go.kr/B552474/JobBsnInfoService/getJobOperInsttList
PUB-003,5287,,,406,문경시청 행정복지국 시니어장애인과,수행기관,https://apis.data.go.kr/B552474/JobBsnInfoService/getJobOperInsttList
PUB-003,5288,,,4063,포항상공회의소,수행기관,https://apis.data.go.kr/B552474/JobBsnInfoService/getJobOperInsttList
PUB-003,5289,,,4066,사단법인 중소기업기술혁신협회 경남지회,수행기관,https://apis.data.go.kr/B552474/JobBsnInfoService/getJobOperInsttList
PUB-003,5290,,,4081,(사)중소기업기술혁신협회 강원지회,수행기관,https://apis.data.go.kr/B552474/JobBsnInfoService/getJobOperInsttList
PUB-003,5291,,,4092,(사)대구경영자총협회,수행기관,https://apis.data.go.kr/B552474/JobBsnInfoService/getJobOperInsttList
PUB-003,5292,,,4097,중소기업기술혁신협회 광주전남지회,수행기관,https://apis.data.go.kr/B552474/JobBsnInfoService/getJobOperInsttList
PUB-003,5293,,,411,영양군청 주민복지과,수행기관,https://apis.data.go.kr/B552474/JobBsnInfoService/getJobOperInsttList
PUB-003,5294,,,411084,제이피넷 주식회사,수행기관,https://apis.data.go.kr/B552474/JobBsnInfoService/getJobOperInsttList
PUB-003,5295,,,411086,(주)휴먼인프라,수행기관,https://apis.data.go.kr/B552474/JobBsnInfoService/getJobOperInsttList
PUB-003,5296,,,4116,사단법인 대한노인회 고양통합취업지원센터,수행기관,https://apis.data.go.kr/B552474/JobBsnInfoService/getJobOperInsttList
PUB-003,5297,,,412,영덕군청,수행기관,https://apis.data.go.kr/B552474/JobBsnInfoService/getJobOperInsttList
PUB-003,5298,,,413083,주식회사 명은커리어,수행기관,https://apis.data.go.kr/B552474/JobBsnInfoService/getJobOperInsttList
PUB-003,5299,,,413086,스탭스 주식회사 구미센터,수행기관,https://apis.data.go.kr/B552474/JobBsnInfoService/getJobOperInsttList
PUB-003,5300,,,4131,(사)고령사회고용진흥원,수행기관,https://apis.data.go.kr/B552474/JobBsnInfoService/getJobOperInsttList
PUB-003,5301,,,4132,주식회사 아이피시,수행기관,https://apis.data.go.kr/B552474/JobBsnInfoService/getJobOperInsttList
PUB-003,5302,,,4133,은곡직업전문학교,수행기관,https://apis.data.go.kr/B552474/JobBsnInfoService/getJobOperInsttList
PUB-003,5303,,,4134,(주)메이크인,수행기관,https://apis.data.go.kr/B552474/JobBsnInfoService/getJobOperInsttList
PUB-003,5304,,,414,고령군청 주민복지과,수행기관,https://apis.data.go.kr/B552474/JobBsnInfoService/getJobOperInsttList
PUB-003,5305,,,415,성주군청 가족지원과,수행기관,https://apis.data.go.kr/B552474/JobBsnInfoService/getJobOperInsttList
PUB-003,5306,,,415083,(사)중소기업융합 광주전남연합회,수행기관,https://apis.data.go.kr/B552474/JobBsnInfoService/getJobOperInsttList
PUB-003,5307,,,4160,대한노인회울산광역시연합회,수행기관,https://apis.data.go.kr/B552474/JobBsnInfoService/getJobOperInsttList
PUB-003,5308,,,416084,메이크인 대전지사(민간),수행기관,https://apis.data.go.kr/B552474/JobBsnInfoService/getJobOperInsttList
PUB-003,5309,,,416085,(사)경남경영자총협회,수행기관,https://apis.data.go.kr/B552474/JobBsnInfoService/getJobOperInsttList
PUB-003,5310,,,4186,(사)한국취업컨설턴트협회,수행기관,https://apis.data.go.kr/B552474/JobBsnInfoService/getJobOperInsttList
PUB-003,5311,,,4189,(사)대구경북고용복지연구원,수행기관,https://apis.data.go.kr/B552474/JobBsnInfoService/getJobOperInsttList
PUB-003,5312,,,419,울진군청 사회복지과,수행기관,https://apis.data.go.kr/B552474/JobBsnInfoService/getJobOperInsttList
PUB-003,5313,,,419086,(주)제니엘 인천지점,수행기관,https://apis.data.go.kr/B552474/JobBsnInfoService/getJobOperInsttList
PUB-003,5314,,,42,어진샘노인종합복지관,수행기관,https://apis.data.go.kr/B552474/JobBsnInfoService/getJobOperInsttList
PUB-003,5315,,,420,울릉군청 주민복지과,수행기관,https://apis.data.go.kr/B552474/JobBsnInfoService/getJobOperInsttList
PUB-003,5316,,,420083,세종상공회의소(민간),수행기관,https://apis.data.go.kr/B552474/JobBsnInfoService/getJobOperInsttList
PUB-003,5317,,,4207,(사)대한노인회 속초시지회,수행기관,https://apis.data.go.kr/B552474/JobBsnInfoService/getJobOperInsttList
PUB-003,5318,,,4209,(사)중소기업기술혁신협회 전북지회,수행기관,https://apis.data.go.kr/B552474/JobBsnInfoService/getJobOperInsttList
PUB-003,5319,,,421086,(사)한국여성벤처협회 대구경북지회,수행기관,https://apis.data.go.kr/B552474/JobBsnInfoService/getJobOperInsttList
PUB-003,5320,,,421089,(주)위더스,수행기관,https://apis.data.go.kr/B552474/JobBsnInfoService/getJobOperInsttList
PUB-003,5321,,,4211,제3생애지원협동조합,수행기관,https://apis.data.go.kr/B552474/JobBsnInfoService/getJobOperInsttList
PUB-003,5322,,,4213,부산희망리본 사회적협동조합,수행기관,https://apis.data.go.kr/B552474/JobBsnInfoService/getJobOperInsttList
PUB-003,5323,,,4214,(사)중소기업기술혁신협회부산울산지회,수행기관,https://apis.data.go.kr/B552474/JobBsnInfoService/getJobOperInsttList
PUB-003,5324,,,4219,진천상공회의소(민간),수행기관,https://apis.data.go.kr/B552474/JobBsnInfoService/getJobOperInsttList
PUB-003,5325,,,422,창원시청 노인장애인과,수행기관,https://apis.data.go.kr/B552474/JobBsnInfoService/getJobOperInsttList
PUB-003,5326,,,4220,(재)충청북도기업진흥원(민간),수행기관,https://apis.data.go.kr/B552474/JobBsnInfoService/getJobOperInsttList
PUB-003,5327,,,4227,스탭스 주식회사,수행기관,https://apis.data.go.kr/B552474/JobBsnInfoService/getJobOperInsttList
PUB-003,5328,,,4230,김천상공회의소,수행기관,https://apis.data.go.kr/B552474/JobBsnInfoService/getJobOperInsttList
PUB-003,5329,,,4234,한국노인인력개발원 부산울산지역본부,수행기관,https://apis.data.go.kr/B552474/JobBsnInfoService/getJobOperInsttList
PUB-003,5330,,,4235,한국노인인력개발원 대구경북지역본부,수행기관,https://apis.data.go.kr/B552474/JobBsnInfoService/getJobOperInsttList
PUB-003,5331,,,4236,한국노인인력개발원 인천지역본부,수행기관,https://apis.data.go.kr/B552474/JobBsnInfoService/getJobOperInsttList
PUB-003,5332,,,4237,한국노인인력개발원 광주전남지역본부,수행기관,https://apis.data.go.kr/B552474/JobBsnInfoService/getJobOperInsttList
PUB-003,5333,,,4238,한국노인인력개발원 대전충남지역본부,수행기관,https://apis.data.go.kr/B552474/JobBsnInfoService/getJobOperInsttList
PUB-003,5334,,,424,진주시청,수행기관,https://apis.data.go.kr/B552474/JobBsnInfoService/getJobOperInsttList
PUB-003,5335,,,424083,(사)여성중앙회 종로여성인력개발센터,수행기관,https://apis.data.go.kr/B552474/JobBsnInfoService/getJobOperInsttList
PUB-003,5336,,,4244,(주)휴비즈코리아(민간),수행기관,https://apis.data.go.kr/B552474/JobBsnInfoService/getJobOperInsttList
PUB-003,5337,,,4245,사단법인 한국문화산업협회(민간),수행기관,https://apis.data.go.kr/B552474/JobBsnInfoService/getJobOperInsttList
PUB-003,5338,,,4247,(주)지에스씨넷 구미지점,수행기관,https://apis.data.go.kr/B552474/JobBsnInfoService/getJobOperInsttList
PUB-003,5339,,,4248,(사)경북경영자총협회,수행기관,https://apis.data.go.kr/B552474/JobBsnInfoService/getJobOperInsttList
PUB-003,5340,,,426,통영시청 노인장애인과,수행기관,https://apis.data.go.kr/B552474/JobBsnInfoService/getJobOperInsttList
PUB-003,5341,,,427,사천시청 복지환경국 노인장애인과,수행기관,https://apis.data.go.kr/B552474/JobBsnInfoService/getJobOperInsttList
PUB-003,5342,,,428,김해시 복지국 통합돌봄과,수행기관,https://apis.data.go.kr/B552474/JobBsnInfoService/getJobOperInsttList
PUB-003,5343,,,428083,(주)메이크인 강원지사,수행기관,https://apis.data.go.kr/B552474/JobBsnInfoService/getJobOperInsttList
PUB-003,5344,,,429,밀양시청 노인장애인과,수행기관,https://apis.data.go.kr/B552474/JobBsnInfoService/getJobOperInsttList
PUB-003,5345,,,430085,(주)잡모아,수행기관,https://apis.data.go.kr/B552474/JobBsnInfoService/getJobOperInsttList
PUB-003,5346,,,431,양산시청,수행기관,https://apis.data.go.kr/B552474/JobBsnInfoService/getJobOperInsttList
PUB-003,5347,,,432083,사회적협동조합 행복한돌봄,수행기관,https://apis.data.go.kr/B552474/JobBsnInfoService/getJobOperInsttList
PUB-003,5348,,,433,함안군청 주민복지과,수행기관,https://apis.data.go.kr/B552474/JobBsnInfoService/getJobOperInsttList
PUB-003,5349,,,435,고성군청 복지지원과,수행기관,https://apis.data.go.kr/B552474/JobBsnInfoService/getJobOperInsttList
PUB-003,5350,,,436,남해군청 주민행복과,수행기관,https://apis.data.go.kr/B552474/JobBsnInfoService/getJobOperInsttList
PUB-003,5351,,,438,산청군청,수행기관,https://apis.data.go.kr/B552474/JobBsnInfoService/getJobOperInsttList
PUB-003,5352,,,439,함양군청 노인복지과,수행기관,https://apis.data.go.kr/B552474/JobBsnInfoService/getJobOperInsttList
PUB-003,5353,,,439084,사회적협동조합 별사탕학교,수행기관,https://apis.data.go.kr/B552474/JobBsnInfoService/getJobOperInsttList
PUB-003,5354,,,44,동구노인종합복지관,수행기관,https://apis.data.go.kr/B552474/JobBsnInfoService/getJobOperInsttList
PUB-003,5355,,,440,거창군청 행복나눔과,수행기관,https://apis.data.go.kr/B552474/JobBsnInfoService/getJobOperInsttList
PUB-003,5373,,,48,광주동구노인종합복지관,수행기관,https://apis.data.go.kr/B552474/JobBsnInfoService/getJobOperInsttList
PUB-003,5356,,,441,합천군청 노인아동여성과,수행기관,https://apis.data.go.kr/B552474/JobBsnInfoService/getJobOperInsttList
PUB-003,5357,,,443,제주시청,수행기관,https://apis.data.go.kr/B552474/JobBsnInfoService/getJobOperInsttList
PUB-003,5358,,,443083,부산일자리지원단 사회적협동조합(민간),수행기관,https://apis.data.go.kr/B552474/JobBsnInfoService/getJobOperInsttList
PUB-003,5359,,,444,서귀포시청,수행기관,https://apis.data.go.kr/B552474/JobBsnInfoService/getJobOperInsttList
PUB-003,5360,,,447,다대종합사회복지관,수행기관,https://apis.data.go.kr/B552474/JobBsnInfoService/getJobOperInsttList
PUB-003,5361,,,447083,춘천미래동행재단,수행기관,https://apis.data.go.kr/B552474/JobBsnInfoService/getJobOperInsttList
PUB-003,5362,,,46,대구달서구노인종합복지관,수행기관,https://apis.data.go.kr/B552474/JobBsnInfoService/getJobOperInsttList
PUB-003,5363,,,460083,영동시니어클럽(민간),수행기관,https://apis.data.go.kr/B552474/JobBsnInfoService/getJobOperInsttList
PUB-003,5364,,,464083,따뜻한손사회적협동조합,수행기관,https://apis.data.go.kr/B552474/JobBsnInfoService/getJobOperInsttList
PUB-003,5365,,,468083,영월군사회복지협의회,수행기관,https://apis.data.go.kr/B552474/JobBsnInfoService/getJobOperInsttList
PUB-003,5366,,,47,남구노인복지관,수행기관,https://apis.data.go.kr/B552474/JobBsnInfoService/getJobOperInsttList
PUB-003,5367,,,470,원주시노인종합복지관,수행기관,https://apis.data.go.kr/B552474/JobBsnInfoService/getJobOperInsttList
PUB-003,5368,,,470083,한국노인인력개발원 강원지역본부,수행기관,https://apis.data.go.kr/B552474/JobBsnInfoService/getJobOperInsttList
PUB-003,5369,,,476083,광명시니어클럽,수행기관,https://apis.data.go.kr/B552474/JobBsnInfoService/getJobOperInsttList
PUB-003,5370,,,477083,경기일자리상생연합 주식회사,수행기관,https://apis.data.go.kr/B552474/JobBsnInfoService/getJobOperInsttList
PUB-003,5371,,,478083,주식회사 코끼리공장,수행기관,https://apis.data.go.kr/B552474/JobBsnInfoService/getJobOperInsttList
PUB-003,5372,,,479,대한노인회 경북 성주군지회,수행기관,https://apis.data.go.kr/B552474/JobBsnInfoService/getJobOperInsttList
PUB-003,5374,,,480083,양구시니어클럽,수행기관,https://apis.data.go.kr/B552474/JobBsnInfoService/getJobOperInsttList
PUB-003,5375,,,481,대한노인회 광주 광산구지회,수행기관,https://apis.data.go.kr/B552474/JobBsnInfoService/getJobOperInsttList
PUB-003,5376,,,482,사회복지법인 영산,수행기관,https://apis.data.go.kr/B552474/JobBsnInfoService/getJobOperInsttList
PUB-003,5377,,,484,서구노인복지관,수행기관,https://apis.data.go.kr/B552474/JobBsnInfoService/getJobOperInsttList
PUB-003,5378,,,486,강릉시니어클럽,수행기관,https://apis.data.go.kr/B552474/JobBsnInfoService/getJobOperInsttList
PUB-003,5379,,,486083,하남시니어클럽,수행기관,https://apis.data.go.kr/B552474/JobBsnInfoService/getJobOperInsttList
PUB-003,5380,,,488,대한노인회 충북 단양군지회,수행기관,https://apis.data.go.kr/B552474/JobBsnInfoService/getJobOperInsttList
PUB-003,5381,,,49,북구노인종합복지관,수행기관,https://apis.data.go.kr/B552474/JobBsnInfoService/getJobOperInsttList
PUB-003,5382,,,490083,금산시니어클럽,수행기관,https://apis.data.go.kr/B552474/JobBsnInfoService/getJobOperInsttList
PUB-003,5383,,,491,대구광역시노인종합복지관,수행기관,https://apis.data.go.kr/B552474/JobBsnInfoService/getJobOperInsttList
PUB-003,5384,,,491083,꿈의숲종합사회복지관,수행기관,https://apis.data.go.kr/B552474/JobBsnInfoService/getJobOperInsttList
PUB-003,5385,,,492,대한노인회 경남 진주시지회,수행기관,https://apis.data.go.kr/B552474/JobBsnInfoService/getJobOperInsttList
PUB-003,5386,,,493083,전주의료복지사회적협동조합,수행기관,https://apis.data.go.kr/B552474/JobBsnInfoService/getJobOperInsttList
PUB-003,5387,,,494083,상주시노인종합복지관,수행기관,https://apis.data.go.kr/B552474/JobBsnInfoService/getJobOperInsttList
PUB-003,5388,,,494084,오산시니어클럽,수행기관,https://apis.data.go.kr/B552474/JobBsnInfoService/getJobOperInsttList
PUB-003,5389,,,495,대한노인회 경북 상주시지회,수행기관,https://apis.data.go.kr/B552474/JobBsnInfoService/getJobOperInsttList
PUB-003,5390,,,496,대한노인회 서울 구로구지회,수행기관,https://apis.data.go.kr/B552474/JobBsnInfoService/getJobOperInsttList
PUB-003,5391,,,497083,천안시종합사회복지관,수행기관,https://apis.data.go.kr/B552474/JobBsnInfoService/getJobOperInsttList
PUB-003,5392,,,498,(사)대한노인회 세종특별자치시지회,수행기관,https://apis.data.go.kr/B552474/JobBsnInfoService/getJobOperInsttList
PUB-003,5393,,,499083,대산종합사회복지관,수행기관,https://apis.data.go.kr/B552474/JobBsnInfoService/getJobOperInsttList
PUB-003,5394,,,5,광진노인종합복지관,수행기관,https://apis.data.go.kr/B552474/JobBsnInfoService/getJobOperInsttList
PUB-003,5395,,,50,광주공원노인복지관,수행기관,https://apis.data.go.kr/B552474/JobBsnInfoService/getJobOperInsttList
PUB-003,5396,,,500,대한노인회 충남 공주시지회,수행기관,https://apis.data.go.kr/B552474/JobBsnInfoService/getJobOperInsttList
PUB-003,5397,,,50083,개발원노인테스트지회,수행기관,https://apis.data.go.kr/B552474/JobBsnInfoService/getJobOperInsttList
PUB-003,5398,,,501,유경노인복지센터,수행기관,https://apis.data.go.kr/B552474/JobBsnInfoService/getJobOperInsttList
PUB-003,5399,,,501083,은평어르신일자리센터,수행기관,https://apis.data.go.kr/B552474/JobBsnInfoService/getJobOperInsttList
PUB-003,5400,,,502,대한노인회 전북 전주시지회,수행기관,https://apis.data.go.kr/B552474/JobBsnInfoService/getJobOperInsttList
PUB-003,5401,,,502083,부천의료복지사회적협동조합,수행기관,https://apis.data.go.kr/B552474/JobBsnInfoService/getJobOperInsttList
PUB-003,5402,,,503,신길종합사회복지관,수행기관,https://apis.data.go.kr/B552474/JobBsnInfoService/getJobOperInsttList
PUB-003,5403,,,503083,서울시 서대문구 재가노인복지기관,수행기관,https://apis.data.go.kr/B552474/JobBsnInfoService/getJobOperInsttList
PUB-003,5404,,,505,대한노인회 부산 수영구지회,수행기관,https://apis.data.go.kr/B552474/JobBsnInfoService/getJobOperInsttList
PUB-003,5405,,,505083,영도구노인복지관 분관,수행기관,https://apis.data.go.kr/B552474/JobBsnInfoService/getJobOperInsttList
PUB-003,5406,,,507,대한노인회 경남 창원시 마산지회,수행기관,https://apis.data.go.kr/B552474/JobBsnInfoService/getJobOperInsttList
PUB-003,5407,,,507084,유성구남부노인복지관,수행기관,https://apis.data.go.kr/B552474/JobBsnInfoService/getJobOperInsttList
PUB-003,5408,,,508,원광효도마을시니어클럽,수행기관,https://apis.data.go.kr/B552474/JobBsnInfoService/getJobOperInsttList
PUB-003,5409,,,509083,마한노인복지센터,수행기관,https://apis.data.go.kr/B552474/JobBsnInfoService/getJobOperInsttList
PUB-003,5410,,,5095,대한민국동작 주식회사,수행기관,https://apis.data.go.kr/B552474/JobBsnInfoService/getJobOperInsttList
PUB-003,5411,,,510084,남해시니어클럽,수행기관,https://apis.data.go.kr/B552474/JobBsnInfoService/getJobOperInsttList
PUB-003,5412,,,511083,익산시북부노인종합복지관,수행기관,https://apis.data.go.kr/B552474/JobBsnInfoService/getJobOperInsttList
PUB-003,5413,,,512,대한노인회 경기 수원시 장안구지회,수행기관,https://apis.data.go.kr/B552474/JobBsnInfoService/getJobOperInsttList
PUB-003,5414,,,512083,관교노인복지관,수행기관,https://apis.data.go.kr/B552474/JobBsnInfoService/getJobOperInsttList
PUB-003,5415,,,512084,제이사회적협동조합,수행기관,https://apis.data.go.kr/B552474/JobBsnInfoService/getJobOperInsttList
PUB-003,5416,,,513,대한노인회 함안군지회,수행기관,https://apis.data.go.kr/B552474/JobBsnInfoService/getJobOperInsttList
PUB-003,5417,,,514083,원광재가노인통합지원센터,수행기관,https://apis.data.go.kr/B552474/JobBsnInfoService/getJobOperInsttList
PUB-003,5418,,,514084,사단법인 정강복지센터,수행기관,https://apis.data.go.kr/B552474/JobBsnInfoService/getJobOperInsttList
PUB-003,5419,,,515083,대한노인회 광주시연합회,수행기관,https://apis.data.go.kr/B552474/JobBsnInfoService/getJobOperInsttList
PUB-003,5420,,,516,대한노인회 부산 금정구지회,수행기관,https://apis.data.go.kr/B552474/JobBsnInfoService/getJobOperInsttList
PUB-003,5421,,,516083,사단법인 군산시의정회,수행기관,https://apis.data.go.kr/B552474/JobBsnInfoService/getJobOperInsttList
PUB-003,5422,,,517,용인시처인노인복지관,수행기관,https://apis.data.go.kr/B552474/JobBsnInfoService/getJobOperInsttList
PUB-003,5423,,,517083,함안시니어클럽,수행기관,https://apis.data.go.kr/B552474/JobBsnInfoService/getJobOperInsttList
PUB-003,5424,,,517084,의령시니어클럽,수행기관,https://apis.data.go.kr/B552474/JobBsnInfoService/getJobOperInsttList
PUB-003,5425,,,518,충주시노인복지관,수행기관,https://apis.data.go.kr/B552474/JobBsnInfoService/getJobOperInsttList
PUB-003,5426,,,519,대한노인회 전남 곡성군지회,수행기관,https://apis.data.go.kr/B552474/JobBsnInfoService/getJobOperInsttList
PUB-003,5480,,,570083,효사랑재가복지센터,수행기관,https://apis.data.go.kr/B552474/JobBsnInfoService/getJobOperInsttList
PUB-003,5427,,,52,더불어락노인복지관,수행기관,https://apis.data.go.kr/B552474/JobBsnInfoService/getJobOperInsttList
PUB-003,5428,,,520,김제사회복지관,수행기관,https://apis.data.go.kr/B552474/JobBsnInfoService/getJobOperInsttList
PUB-003,5429,,,521,김제제일사회복지관,수행기관,https://apis.data.go.kr/B552474/JobBsnInfoService/getJobOperInsttList
PUB-003,5430,,,523,성암노인복지센터,수행기관,https://apis.data.go.kr/B552474/JobBsnInfoService/getJobOperInsttList
PUB-003,5431,,,524,김제노인복지센터,수행기관,https://apis.data.go.kr/B552474/JobBsnInfoService/getJobOperInsttList
PUB-003,5432,,,525,대한노인회 전북 김제시지회,수행기관,https://apis.data.go.kr/B552474/JobBsnInfoService/getJobOperInsttList
PUB-003,5433,,,527,대한노인회 부산 강서구지회,수행기관,https://apis.data.go.kr/B552474/JobBsnInfoService/getJobOperInsttList
PUB-003,5434,,,528,용인종합사회복지관,수행기관,https://apis.data.go.kr/B552474/JobBsnInfoService/getJobOperInsttList
PUB-003,5435,,,528083,(주)브레인풀,수행기관,https://apis.data.go.kr/B552474/JobBsnInfoService/getJobOperInsttList
PUB-003,5436,,,528087,평생일자리지원센터,수행기관,https://apis.data.go.kr/B552474/JobBsnInfoService/getJobOperInsttList
PUB-003,5437,,,529083,위드잡,수행기관,https://apis.data.go.kr/B552474/JobBsnInfoService/getJobOperInsttList
PUB-003,5438,,,529084,(주)경북고용성장지원센터,수행기관,https://apis.data.go.kr/B552474/JobBsnInfoService/getJobOperInsttList
PUB-003,5439,,,53,대덕구노인종합복지관,수행기관,https://apis.data.go.kr/B552474/JobBsnInfoService/getJobOperInsttList
PUB-003,5440,,,530,길보른종합사회복지관,수행기관,https://apis.data.go.kr/B552474/JobBsnInfoService/getJobOperInsttList
PUB-003,5441,,,530084,화성상공회의소,수행기관,https://apis.data.go.kr/B552474/JobBsnInfoService/getJobOperInsttList
PUB-003,5442,,,532084,(주)잡모아 (광명지점),수행기관,https://apis.data.go.kr/B552474/JobBsnInfoService/getJobOperInsttList
PUB-003,5443,,,534085,사단법인 한국고용복지센터(의정부동점),수행기관,https://apis.data.go.kr/B552474/JobBsnInfoService/getJobOperInsttList
PUB-003,5444,,,534087,인지어스 유한회사 인천북부지사,수행기관,https://apis.data.go.kr/B552474/JobBsnInfoService/getJobOperInsttList
PUB-003,5445,,,535,대한노인회 서울 서대문구지회,수행기관,https://apis.data.go.kr/B552474/JobBsnInfoService/getJobOperInsttList
PUB-003,5446,,,536,(사)대한노인회 포항시지회,수행기관,https://apis.data.go.kr/B552474/JobBsnInfoService/getJobOperInsttList
PUB-003,5447,,,54,동구정다운어르신복지관,수행기관,https://apis.data.go.kr/B552474/JobBsnInfoService/getJobOperInsttList
PUB-003,5448,,,540,포항시니어클럽,수행기관,https://apis.data.go.kr/B552474/JobBsnInfoService/getJobOperInsttList
PUB-003,5449,,,540083,(주)위드인피플컨설팅,수행기관,https://apis.data.go.kr/B552474/JobBsnInfoService/getJobOperInsttList
PUB-003,5450,,,541099,대동종합사회복지관(민간),수행기관,https://apis.data.go.kr/B552474/JobBsnInfoService/getJobOperInsttList
PUB-003,5451,,,543,안성시노인복지관,수행기관,https://apis.data.go.kr/B552474/JobBsnInfoService/getJobOperInsttList
PUB-003,5452,,,543083,전국일자리협동조합,수행기관,https://apis.data.go.kr/B552474/JobBsnInfoService/getJobOperInsttList
PUB-003,5453,,,544,용호종합사회복지관,수행기관,https://apis.data.go.kr/B552474/JobBsnInfoService/getJobOperInsttList
PUB-003,5454,,,544085,시그니처,수행기관,https://apis.data.go.kr/B552474/JobBsnInfoService/getJobOperInsttList
PUB-003,5455,,,545083,(주)굿잡,수행기관,https://apis.data.go.kr/B552474/JobBsnInfoService/getJobOperInsttList
PUB-003,5456,,,547,대한노인회 서울 양천구지회,수행기관,https://apis.data.go.kr/B552474/JobBsnInfoService/getJobOperInsttList
PUB-003,5457,,,548,(사)대한노인회 의정부시지회,수행기관,https://apis.data.go.kr/B552474/JobBsnInfoService/getJobOperInsttList
PUB-003,5458,,,549,대한노인회 서울 광진구지회,수행기관,https://apis.data.go.kr/B552474/JobBsnInfoService/getJobOperInsttList
PUB-003,5459,,,55,대전서구노인복지관,수행기관,https://apis.data.go.kr/B552474/JobBsnInfoService/getJobOperInsttList
PUB-003,5460,,,55083,(사)대전세종충남경영자총협회,수행기관,https://apis.data.go.kr/B552474/JobBsnInfoService/getJobOperInsttList
PUB-003,5461,,,551,대한노인회 부산 동구지회,수행기관,https://apis.data.go.kr/B552474/JobBsnInfoService/getJobOperInsttList
PUB-003,5462,,,552083,(주)잡모아 인천남부지점,수행기관,https://apis.data.go.kr/B552474/JobBsnInfoService/getJobOperInsttList
PUB-003,5463,,,554,대한노인회 서울 서초구지회,수행기관,https://apis.data.go.kr/B552474/JobBsnInfoService/getJobOperInsttList
PUB-003,5464,,,555,대한노인회 경기 남양주시지회,수행기관,https://apis.data.go.kr/B552474/JobBsnInfoService/getJobOperInsttList
PUB-003,5465,,,556,대한노인회 충남 계룡시지회,수행기관,https://apis.data.go.kr/B552474/JobBsnInfoService/getJobOperInsttList
PUB-003,5466,,,558089,(주)리부트코리아,수행기관,https://apis.data.go.kr/B552474/JobBsnInfoService/getJobOperInsttList
PUB-003,5467,,,559,부산남구종합사회복지관,수행기관,https://apis.data.go.kr/B552474/JobBsnInfoService/getJobOperInsttList
PUB-003,5468,,,56,유성구노인복지관,수행기관,https://apis.data.go.kr/B552474/JobBsnInfoService/getJobOperInsttList
PUB-003,5469,,,560,대한노인회 경기 안성시지회,수행기관,https://apis.data.go.kr/B552474/JobBsnInfoService/getJobOperInsttList
PUB-003,5470,,,560083,(주)지이라인,수행기관,https://apis.data.go.kr/B552474/JobBsnInfoService/getJobOperInsttList
PUB-003,5471,,,561083,사단법인 이노폴리스벤처협회,수행기관,https://apis.data.go.kr/B552474/JobBsnInfoService/getJobOperInsttList
PUB-003,5472,,,563,대한노인회 경기 수원시 팔달구지회,수행기관,https://apis.data.go.kr/B552474/JobBsnInfoService/getJobOperInsttList
PUB-003,5473,,,564,대한노인회 강원 홍천군지회,수행기관,https://apis.data.go.kr/B552474/JobBsnInfoService/getJobOperInsttList
PUB-003,5474,,,565,대한노인회 전북 남원시지회,수행기관,https://apis.data.go.kr/B552474/JobBsnInfoService/getJobOperInsttList
PUB-003,5475,,,566,대구대덕노인종합복지관,수행기관,https://apis.data.go.kr/B552474/JobBsnInfoService/getJobOperInsttList
PUB-003,5476,,,567,대한노인회 경기 의왕시지회,수행기관,https://apis.data.go.kr/B552474/JobBsnInfoService/getJobOperInsttList
PUB-003,5477,,,568083,가족사랑재가복지센터,수행기관,https://apis.data.go.kr/B552474/JobBsnInfoService/getJobOperInsttList
PUB-003,5478,,,57,도산노인복지관,수행기관,https://apis.data.go.kr/B552474/JobBsnInfoService/getJobOperInsttList
PUB-003,5479,,,570,안양시 동안구청,수행기관,https://apis.data.go.kr/B552474/JobBsnInfoService/getJobOperInsttList
PUB-003,5481,,,571,(사)대한노년자원봉사회,수행기관,https://apis.data.go.kr/B552474/JobBsnInfoService/getJobOperInsttList
PUB-003,5482,,,572,대한노인회 군산시지회,수행기관,https://apis.data.go.kr/B552474/JobBsnInfoService/getJobOperInsttList
PUB-003,5483,,,573,대한노인회 전남 완도군지회,수행기관,https://apis.data.go.kr/B552474/JobBsnInfoService/getJobOperInsttList
PUB-003,5484,,,578,부산진구종합사회복지관,수행기관,https://apis.data.go.kr/B552474/JobBsnInfoService/getJobOperInsttList
PUB-003,5485,,,58,울산북구노인복지관,수행기관,https://apis.data.go.kr/B552474/JobBsnInfoService/getJobOperInsttList
PUB-003,5486,,,58083,대구중구노인복지관,수행기관,https://apis.data.go.kr/B552474/JobBsnInfoService/getJobOperInsttList
PUB-003,5487,,,583,동해시니어클럽,수행기관,https://apis.data.go.kr/B552474/JobBsnInfoService/getJobOperInsttList
PUB-003,5488,,,584,대한노인회 대전 서구지회,수행기관,https://apis.data.go.kr/B552474/JobBsnInfoService/getJobOperInsttList
PUB-003,5489,,,584084,남동시니어클럽,수행기관,https://apis.data.go.kr/B552474/JobBsnInfoService/getJobOperInsttList
PUB-003,5490,,,586,대한노인회 서울 송파구지회,수행기관,https://apis.data.go.kr/B552474/JobBsnInfoService/getJobOperInsttList
PUB-003,5491,,,587,대한노인회 대전 중구지회,수행기관,https://apis.data.go.kr/B552474/JobBsnInfoService/getJobOperInsttList
PUB-003,5492,,,587083,인지어스 유한회사 광주지사,수행기관,https://apis.data.go.kr/B552474/JobBsnInfoService/getJobOperInsttList
PUB-003,5493,,,588,대한노인회 대전 동구지회,수행기관,https://apis.data.go.kr/B552474/JobBsnInfoService/getJobOperInsttList
PUB-003,5494,,,589,대한노인회 대전광역시 대덕구지회,수행기관,https://apis.data.go.kr/B552474/JobBsnInfoService/getJobOperInsttList
PUB-003,5495,,,59,울산광역시노인복지관,수행기관,https://apis.data.go.kr/B552474/JobBsnInfoService/getJobOperInsttList
PUB-003,5496,,,592,원광종합사회복지관,수행기관,https://apis.data.go.kr/B552474/JobBsnInfoService/getJobOperInsttList
PUB-003,5497,,,592083,사단법인 일과 사람,수행기관,https://apis.data.go.kr/B552474/JobBsnInfoService/getJobOperInsttList
PUB-003,5498,,,593,대구남부노인보호전문기관,수행기관,https://apis.data.go.kr/B552474/JobBsnInfoService/getJobOperInsttList
PUB-003,5499,,,594,서울 대한노인회 중랑구지회,수행기관,https://apis.data.go.kr/B552474/JobBsnInfoService/getJobOperInsttList
PUB-003,5500,,,595083,케이잡스 여수지사,수행기관,https://apis.data.go.kr/B552474/JobBsnInfoService/getJobOperInsttList
PUB-003,5501,,,597,대한노인회 울산 울주군지회,수행기관,https://apis.data.go.kr/B552474/JobBsnInfoService/getJobOperInsttList
PUB-003,5502,,,598,부산강서구종합사회복지관,수행기관,https://apis.data.go.kr/B552474/JobBsnInfoService/getJobOperInsttList
PUB-003,5503,,,6,구로노인종합복지관,수행기관,https://apis.data.go.kr/B552474/JobBsnInfoService/getJobOperInsttList
PUB-003,5504,,,60,덕양노인종합복지관,수행기관,https://apis.data.go.kr/B552474/JobBsnInfoService/getJobOperInsttList
PUB-003,5505,,,600,대한노인회 광주 남구지회,수행기관,https://apis.data.go.kr/B552474/JobBsnInfoService/getJobOperInsttList
PUB-003,5506,,,601,대한노인회 광주 북구지회,수행기관,https://apis.data.go.kr/B552474/JobBsnInfoService/getJobOperInsttList
PUB-003,5507,,,6013,삼척시노인복지관,수행기관,https://apis.data.go.kr/B552474/JobBsnInfoService/getJobOperInsttList
PUB-003,5508,,,602,대한노인회 경남 거제시지회,수행기관,https://apis.data.go.kr/B552474/JobBsnInfoService/getJobOperInsttList
PUB-003,5509,,,6020,강동시니어클럽,수행기관,https://apis.data.go.kr/B552474/JobBsnInfoService/getJobOperInsttList
PUB-003,5510,,,6024,판교노인종합복지관,수행기관,https://apis.data.go.kr/B552474/JobBsnInfoService/getJobOperInsttList
PUB-003,5511,,,603,청주상당노인복지관,수행기관,https://apis.data.go.kr/B552474/JobBsnInfoService/getJobOperInsttList
PUB-003,5512,,,6042,양산노인일자리창출지원센터,수행기관,https://apis.data.go.kr/B552474/JobBsnInfoService/getJobOperInsttList
PUB-003,5513,,,6047,(사)한국안정교육협회서울분소,수행기관,https://apis.data.go.kr/B552474/JobBsnInfoService/getJobOperInsttList
PUB-003,5514,,,6052,사회복지법인 작은공 인제군사회복지관,수행기관,https://apis.data.go.kr/B552474/JobBsnInfoService/getJobOperInsttList
PUB-003,5515,,,6053,시민종합사회복지관,수행기관,https://apis.data.go.kr/B552474/JobBsnInfoService/getJobOperInsttList
PUB-003,5517,,,6061,영등포시니어클럽,수행기관,https://apis.data.go.kr/B552474/JobBsnInfoService/getJobOperInsttList
PUB-003,5518,,,6066,계양구노인인력개발센터,수행기관,https://apis.data.go.kr/B552474/JobBsnInfoService/getJobOperInsttList
PUB-003,5519,,,6067,화성시서부노인복지관,수행기관,https://apis.data.go.kr/B552474/JobBsnInfoService/getJobOperInsttList
PUB-003,5520,,,6071,대한노인회 경북 문경시지회,수행기관,https://apis.data.go.kr/B552474/JobBsnInfoService/getJobOperInsttList
PUB-003,5521,,,6072,파주시노인복지관,수행기관,https://apis.data.go.kr/B552474/JobBsnInfoService/getJobOperInsttList
PUB-003,5522,,,6073,목동어르신복지관,수행기관,https://apis.data.go.kr/B552474/JobBsnInfoService/getJobOperInsttList
PUB-003,5523,,,6082,경산시어르신종합복지관,수행기관,https://apis.data.go.kr/B552474/JobBsnInfoService/getJobOperInsttList
PUB-003,5524,,,6083,소사본종합사회복지관,수행기관,https://apis.data.go.kr/B552474/JobBsnInfoService/getJobOperInsttList
PUB-003,5525,,,61,일산노인종합복지관,수행기관,https://apis.data.go.kr/B552474/JobBsnInfoService/getJobOperInsttList
PUB-003,5526,,,613,대한노인회 경기 양주시지회,수행기관,https://apis.data.go.kr/B552474/JobBsnInfoService/getJobOperInsttList
PUB-003,5527,,,615,대한노인회 서울 강동구지회,수행기관,https://apis.data.go.kr/B552474/JobBsnInfoService/getJobOperInsttList
PUB-003,5528,,,617,백양종합사회복지관,수행기관,https://apis.data.go.kr/B552474/JobBsnInfoService/getJobOperInsttList
PUB-003,5529,,,618,부산영진종합사회복지관,수행기관,https://apis.data.go.kr/B552474/JobBsnInfoService/getJobOperInsttList
PUB-003,5530,,,619,대한노인회 전남 여수시지회,수행기관,https://apis.data.go.kr/B552474/JobBsnInfoService/getJobOperInsttList
PUB-003,5531,,,621,달서구월배노인복지센터,수행기관,https://apis.data.go.kr/B552474/JobBsnInfoService/getJobOperInsttList
PUB-003,5532,,,624,문수종합사회복지관,수행기관,https://apis.data.go.kr/B552474/JobBsnInfoService/getJobOperInsttList
PUB-003,5533,,,628,횡성노인복지센터,수행기관,https://apis.data.go.kr/B552474/JobBsnInfoService/getJobOperInsttList
PUB-003,5534,,,629,영월군청 주민복지과,수행기관,https://apis.data.go.kr/B552474/JobBsnInfoService/getJobOperInsttList
PUB-003,5535,,,63,광명종합사회복지관,수행기관,https://apis.data.go.kr/B552474/JobBsnInfoService/getJobOperInsttList
PUB-003,5536,,,633083,관악정다운의료복지사회적협동조합,수행기관,https://apis.data.go.kr/B552474/JobBsnInfoService/getJobOperInsttList
PUB-003,5537,,,634,대한노인회 부산 북구지회,수행기관,https://apis.data.go.kr/B552474/JobBsnInfoService/getJobOperInsttList
PUB-003,5538,,,635083,인천평화의료복지사회적협동조합,수행기관,https://apis.data.go.kr/B552474/JobBsnInfoService/getJobOperInsttList
PUB-003,5539,,,638083,울진시니어클럽,수행기관,https://apis.data.go.kr/B552474/JobBsnInfoService/getJobOperInsttList
PUB-003,5540,,,64,대한노인회 광명시지회,수행기관,https://apis.data.go.kr/B552474/JobBsnInfoService/getJobOperInsttList
PUB-003,5541,,,640,대한노인회 전남 순천시지회,수행기관,https://apis.data.go.kr/B552474/JobBsnInfoService/getJobOperInsttList
PUB-003,5542,,,64083,백화노인복지관,수행기관,https://apis.data.go.kr/B552474/JobBsnInfoService/getJobOperInsttList
PUB-003,5543,,,644,대한노인회 금천구지회,수행기관,https://apis.data.go.kr/B552474/JobBsnInfoService/getJobOperInsttList
PUB-003,5544,,,645,대한노인회 부천시오정구지회,수행기관,https://apis.data.go.kr/B552474/JobBsnInfoService/getJobOperInsttList
PUB-003,5545,,,648,순천조례노인복지센터,수행기관,https://apis.data.go.kr/B552474/JobBsnInfoService/getJobOperInsttList
PUB-003,5546,,,649,서울 강서구지회,수행기관,https://apis.data.go.kr/B552474/JobBsnInfoService/getJobOperInsttList
PUB-003,5547,,,65,구리시종합사회복지관,수행기관,https://apis.data.go.kr/B552474/JobBsnInfoService/getJobOperInsttList
PUB-003,5548,,,651,대한노인회 경기 고양시 덕양구지회,수행기관,https://apis.data.go.kr/B552474/JobBsnInfoService/getJobOperInsttList
PUB-003,5549,,,652,경기고양일산동구지회,수행기관,https://apis.data.go.kr/B552474/JobBsnInfoService/getJobOperInsttList
PUB-003,5550,,,656,대전중구시니어클럽,수행기관,https://apis.data.go.kr/B552474/JobBsnInfoService/getJobOperInsttList
PUB-003,5551,,,66,군포시노인복지관,수행기관,https://apis.data.go.kr/B552474/JobBsnInfoService/getJobOperInsttList
PUB-003,5552,,,660,대한노인회 부천시소사구지회,수행기관,https://apis.data.go.kr/B552474/JobBsnInfoService/getJobOperInsttList
PUB-003,5553,,,663,상계종합사회복지관,수행기관,https://apis.data.go.kr/B552474/JobBsnInfoService/getJobOperInsttList
PUB-003,5554,,,665,강서구청 어르신복지과,수행기관,https://apis.data.go.kr/B552474/JobBsnInfoService/getJobOperInsttList
PUB-003,5555,,,666,대한노인회 경남 창녕군지회,수행기관,https://apis.data.go.kr/B552474/JobBsnInfoService/getJobOperInsttList
PUB-003,5556,,,668,관악노인종합복지관,수행기관,https://apis.data.go.kr/B552474/JobBsnInfoService/getJobOperInsttList
PUB-003,5557,,,669087,당진북부사회복지관,수행기관,https://apis.data.go.kr/B552474/JobBsnInfoService/getJobOperInsttList
PUB-003,5558,,,671,순천린제노인복지센터,수행기관,https://apis.data.go.kr/B552474/JobBsnInfoService/getJobOperInsttList
PUB-003,5559,,,673,화정종합사회복지관,수행기관,https://apis.data.go.kr/B552474/JobBsnInfoService/getJobOperInsttList
PUB-003,5560,,,677,대한노인회 경북 구미시지회,수행기관,https://apis.data.go.kr/B552474/JobBsnInfoService/getJobOperInsttList
PUB-003,5561,,,679083,명천실버복지관,수행기관,https://apis.data.go.kr/B552474/JobBsnInfoService/getJobOperInsttList
PUB-003,5562,,,68,남양주시동부노인복지관,수행기관,https://apis.data.go.kr/B552474/JobBsnInfoService/getJobOperInsttList
PUB-003,5563,,,680,대한노인회 충북 보은군지회,수행기관,https://apis.data.go.kr/B552474/JobBsnInfoService/getJobOperInsttList
PUB-003,5564,,,682,상리종합사회복지관,수행기관,https://apis.data.go.kr/B552474/JobBsnInfoService/getJobOperInsttList
PUB-003,5565,,,683,제주원광재가노인복지센터,수행기관,https://apis.data.go.kr/B552474/JobBsnInfoService/getJobOperInsttList
PUB-003,5566,,,687,대한노인회 여주시지회(노인취업지원센터),수행기관,https://apis.data.go.kr/B552474/JobBsnInfoService/getJobOperInsttList
PUB-003,5567,,,688,정선시니어클럽,수행기관,https://apis.data.go.kr/B552474/JobBsnInfoService/getJobOperInsttList
PUB-003,5568,,,69,부천시원미노인복지관,수행기관,https://apis.data.go.kr/B552474/JobBsnInfoService/getJobOperInsttList
PUB-003,5569,,,690083,사회적협동조합 행복느티나무,수행기관,https://apis.data.go.kr/B552474/JobBsnInfoService/getJobOperInsttList
PUB-003,5570,,,694,대한노인회 충북 영동군지회,수행기관,https://apis.data.go.kr/B552474/JobBsnInfoService/getJobOperInsttList
PUB-003,5571,,,695,신광노인복지센터,수행기관,https://apis.data.go.kr/B552474/JobBsnInfoService/getJobOperInsttList
PUB-003,5572,,,697,대한노인회 경남 밀양시지회,수행기관,https://apis.data.go.kr/B552474/JobBsnInfoService/getJobOperInsttList
PUB-003,5573,,,698,대한노인회 충북 제천시지회,수행기관,https://apis.data.go.kr/B552474/JobBsnInfoService/getJobOperInsttList
PUB-003,5574,,,699,대한노인회 서울 동대문구지회,수행기관,https://apis.data.go.kr/B552474/JobBsnInfoService/getJobOperInsttList
PUB-003,5575,,,7,노원노인종합복지관,수행기관,https://apis.data.go.kr/B552474/JobBsnInfoService/getJobOperInsttList
PUB-003,5576,,,70,부천시소사노인복지관,수행기관,https://apis.data.go.kr/B552474/JobBsnInfoService/getJobOperInsttList
PUB-003,5577,,,700,부산연제시니어클럽,수행기관,https://apis.data.go.kr/B552474/JobBsnInfoService/getJobOperInsttList
PUB-003,5578,,,701,대한노인회 경남 하동군지회,수행기관,https://apis.data.go.kr/B552474/JobBsnInfoService/getJobOperInsttList
PUB-003,5579,,,702,대한노인회 광주 서구지회,수행기관,https://apis.data.go.kr/B552474/JobBsnInfoService/getJobOperInsttList
PUB-003,5580,,,702083,안성의료복지사회적협동조합,수행기관,https://apis.data.go.kr/B552474/JobBsnInfoService/getJobOperInsttList
PUB-003,5581,,,703,세종재가노인지원센터,수행기관,https://apis.data.go.kr/B552474/JobBsnInfoService/getJobOperInsttList
PUB-003,5582,,,704,사)대원사회복지회,수행기관,https://apis.data.go.kr/B552474/JobBsnInfoService/getJobOperInsttList
PUB-003,5583,,,705,동산사회복지관,수행기관,https://apis.data.go.kr/B552474/JobBsnInfoService/getJobOperInsttList
PUB-003,5584,,,706,면목종합사회복지관,수행기관,https://apis.data.go.kr/B552474/JobBsnInfoService/getJobOperInsttList
PUB-003,5585,,,708,대한노인회 전남 해남군지회,수행기관,https://apis.data.go.kr/B552474/JobBsnInfoService/getJobOperInsttList
PUB-003,5586,,,709,안양시 만안구청,수행기관,https://apis.data.go.kr/B552474/JobBsnInfoService/getJobOperInsttList
PUB-003,5587,,,71,부천시오정노인복지관,수행기관,https://apis.data.go.kr/B552474/JobBsnInfoService/getJobOperInsttList
PUB-003,5588,,,710,대한노인회 충남 서산시지회,수행기관,https://apis.data.go.kr/B552474/JobBsnInfoService/getJobOperInsttList
PUB-003,5589,,,711,대한노인회 충북 충주시지회,수행기관,https://apis.data.go.kr/B552474/JobBsnInfoService/getJobOperInsttList
PUB-003,5590,,,712083,시흥희망의료복지사회적협동조합,수행기관,https://apis.data.go.kr/B552474/JobBsnInfoService/getJobOperInsttList
PUB-003,5591,,,713,부산광역시사직종합사회복지관,수행기관,https://apis.data.go.kr/B552474/JobBsnInfoService/getJobOperInsttList
PUB-003,5592,,,713083,중랑시니어클럽,수행기관,https://apis.data.go.kr/B552474/JobBsnInfoService/getJobOperInsttList
PUB-003,5593,,,714083,은빛마을노인복지센터,수행기관,https://apis.data.go.kr/B552474/JobBsnInfoService/getJobOperInsttList
PUB-003,5594,,,715,서대문노인종합복지관,수행기관,https://apis.data.go.kr/B552474/JobBsnInfoService/getJobOperInsttList
PUB-003,5595,,,715083,하남시감일종합사회복지관,수행기관,https://apis.data.go.kr/B552474/JobBsnInfoService/getJobOperInsttList
PUB-003,5596,,,717,이화여자대학교 종합사회복지관,수행기관,https://apis.data.go.kr/B552474/JobBsnInfoService/getJobOperInsttList
PUB-003,5597,,,718083,사단법인퇴직공무원재능나눔봉사단,수행기관,https://apis.data.go.kr/B552474/JobBsnInfoService/getJobOperInsttList
PUB-003,5598,,,718084,한밭종합사회복지관,수행기관,https://apis.data.go.kr/B552474/JobBsnInfoService/getJobOperInsttList
PUB-003,5599,,,719,홍은종합사회복지관,수행기관,https://apis.data.go.kr/B552474/JobBsnInfoService/getJobOperInsttList
PUB-003,5600,,,719083,삼척시도계노인복지관,수행기관,https://apis.data.go.kr/B552474/JobBsnInfoService/getJobOperInsttList
PUB-003,5601,,,72,수정노인종합복지관,수행기관,https://apis.data.go.kr/B552474/JobBsnInfoService/getJobOperInsttList
PUB-003,5602,,,720,대한노인회 부산 연제구지회,수행기관,https://apis.data.go.kr/B552474/JobBsnInfoService/getJobOperInsttList
PUB-003,5604,,,72083,세종시니어클럽,수행기관,https://apis.data.go.kr/B552474/JobBsnInfoService/getJobOperInsttList
PUB-003,5605,,,721,공릉종합사회복지관,수행기관,https://apis.data.go.kr/B552474/JobBsnInfoService/getJobOperInsttList
PUB-003,5606,,,721083,노인직업훈련센터,수행기관,https://apis.data.go.kr/B552474/JobBsnInfoService/getJobOperInsttList
PUB-003,5607,,,721085,문현노인복지관,수행기관,https://apis.data.go.kr/B552474/JobBsnInfoService/getJobOperInsttList
PUB-003,5608,,,722,대한노인회 충북 괴산군지회,수행기관,https://apis.data.go.kr/B552474/JobBsnInfoService/getJobOperInsttList
PUB-003,5609,,,722083,사회적협동조합 여로,수행기관,https://apis.data.go.kr/B552474/JobBsnInfoService/getJobOperInsttList
PUB-003,5610,,,723083,명지노인종합복지관,수행기관,https://apis.data.go.kr/B552474/JobBsnInfoService/getJobOperInsttList
PUB-003,5611,,,724083,안산의료복지사회적협동조합,수행기관,https://apis.data.go.kr/B552474/JobBsnInfoService/getJobOperInsttList
PUB-003,5612,,,724084,중리종합사회복지관,수행기관,https://apis.data.go.kr/B552474/JobBsnInfoService/getJobOperInsttList
PUB-003,5613,,,725,대한노인회 충남 보령시지회,수행기관,https://apis.data.go.kr/B552474/JobBsnInfoService/getJobOperInsttList
PUB-003,5614,,,726,대전동구청 관광미래국 도서관운영과,수행기관,https://apis.data.go.kr/B552474/JobBsnInfoService/getJobOperInsttList
PUB-003,5615,,,726083,금강노인복지센터,수행기관,https://apis.data.go.kr/B552474/JobBsnInfoService/getJobOperInsttList
PUB-003,5616,,,727083,포천이음사회적협동조합,수행기관,https://apis.data.go.kr/B552474/JobBsnInfoService/getJobOperInsttList
PUB-003,5617,,,73,SK청솔노인복지관,수행기관,https://apis.data.go.kr/B552474/JobBsnInfoService/getJobOperInsttList
PUB-003,5618,,,730083,사단법인 한국미래비전협회,수행기관,https://apis.data.go.kr/B552474/JobBsnInfoService/getJobOperInsttList
PUB-003,5619,,,732,대한노인회 광주 동구지회,수행기관,https://apis.data.go.kr/B552474/JobBsnInfoService/getJobOperInsttList
PUB-003,5620,,,734083,(사)한국노인의전화 대전지회,수행기관,https://apis.data.go.kr/B552474/JobBsnInfoService/getJobOperInsttList
PUB-003,5621,,,735083,영광시니어클럽,수행기관,https://apis.data.go.kr/B552474/JobBsnInfoService/getJobOperInsttList
PUB-003,5622,,,736,대한노인회 서울 관악구지회,수행기관,https://apis.data.go.kr/B552474/JobBsnInfoService/getJobOperInsttList
PUB-003,5623,,,736083,(주)제이엠커리어 천안지사,수행기관,https://apis.data.go.kr/B552474/JobBsnInfoService/getJobOperInsttList
PUB-003,5624,,,738,청담종합사회복지관,수행기관,https://apis.data.go.kr/B552474/JobBsnInfoService/getJobOperInsttList
PUB-003,5625,,,739,밀양노인통합지원센터,수행기관,https://apis.data.go.kr/B552474/JobBsnInfoService/getJobOperInsttList
PUB-003,5626,,,74,서호노인복지관,수행기관,https://apis.data.go.kr/B552474/JobBsnInfoService/getJobOperInsttList
PUB-003,5627,,,740083,(주)지에스씨넷 부산지점,수행기관,https://apis.data.go.kr/B552474/JobBsnInfoService/getJobOperInsttList
PUB-003,5628,,,74083,성북시니어클럽,수행기관,https://apis.data.go.kr/B552474/JobBsnInfoService/getJobOperInsttList
PUB-003,5629,,,743,대한노인회 서울 용산구지회,수행기관,https://apis.data.go.kr/B552474/JobBsnInfoService/getJobOperInsttList
PUB-003,5630,,,744,대한불교조계종금산사복지원전주서원시니어클럽,수행기관,https://apis.data.go.kr/B552474/JobBsnInfoService/getJobOperInsttList
PUB-003,5631,,,744084,(주)제이앤비컨설팅,수행기관,https://apis.data.go.kr/B552474/JobBsnInfoService/getJobOperInsttList
PUB-003,5632,,,745,전주시 재가노인복지협회,수행기관,https://apis.data.go.kr/B552474/JobBsnInfoService/getJobOperInsttList
PUB-003,5633,,,745083,(주)지에스씨넷 인천지점,수행기관,https://apis.data.go.kr/B552474/JobBsnInfoService/getJobOperInsttList
PUB-003,5634,,,747,대한노인회 강원 양구군지회,수행기관,https://apis.data.go.kr/B552474/JobBsnInfoService/getJobOperInsttList
PUB-003,5635,,,748083,(주)메이크인 성남지사,수행기관,https://apis.data.go.kr/B552474/JobBsnInfoService/getJobOperInsttList
PUB-003,5636,,,75,상록구노인복지관,수행기관,https://apis.data.go.kr/B552474/JobBsnInfoService/getJobOperInsttList
PUB-003,5637,,,750,강원 화천군지회,수행기관,https://apis.data.go.kr/B552474/JobBsnInfoService/getJobOperInsttList
PUB-003,5638,,,751083,제이엠커리어 서울서부,수행기관,https://apis.data.go.kr/B552474/JobBsnInfoService/getJobOperInsttList
PUB-003,5639,,,752,청주우암시니어클럽,수행기관,https://apis.data.go.kr/B552474/JobBsnInfoService/getJobOperInsttList
PUB-003,5640,,,753,대한노인회 임실군지회,수행기관,https://apis.data.go.kr/B552474/JobBsnInfoService/getJobOperInsttList
PUB-003,5641,,,756,대한노인회 경북 경주시지회,수행기관,https://apis.data.go.kr/B552474/JobBsnInfoService/getJobOperInsttList
PUB-003,5642,,,757,대한노인회 대전 유성구지회,수행기관,https://apis.data.go.kr/B552474/JobBsnInfoService/getJobOperInsttList
PUB-003,5643,,,758083,양주시니어클럽,수행기관,https://apis.data.go.kr/B552474/JobBsnInfoService/getJobOperInsttList
PUB-003,5644,,,759,안동시종합사회복지관,수행기관,https://apis.data.go.kr/B552474/JobBsnInfoService/getJobOperInsttList
PUB-003,5645,,,76,안양시노인종합복지관,수행기관,https://apis.data.go.kr/B552474/JobBsnInfoService/getJobOperInsttList
PUB-003,5646,,,760,대한노인회 경북 안동시지회,수행기관,https://apis.data.go.kr/B552474/JobBsnInfoService/getJobOperInsttList
PUB-003,5647,,,760083,(주)지에스씨넷 전주지점,수행기관,https://apis.data.go.kr/B552474/JobBsnInfoService/getJobOperInsttList
PUB-003,5648,,,762,강남노인종합복지관,수행기관,https://apis.data.go.kr/B552474/JobBsnInfoService/getJobOperInsttList
PUB-003,5649,,,763,대한노인회 충남 태안군지회,수행기관,https://apis.data.go.kr/B552474/JobBsnInfoService/getJobOperInsttList
PUB-003,5650,,,764,양산시종합사회복지관,수행기관,https://apis.data.go.kr/B552474/JobBsnInfoService/getJobOperInsttList
PUB-003,5651,,,765083,(주)제이엠커리어 원주지사,수행기관,https://apis.data.go.kr/B552474/JobBsnInfoService/getJobOperInsttList
PUB-003,5652,,,766,대한노인회 전남 나주시지회,수행기관,https://apis.data.go.kr/B552474/JobBsnInfoService/getJobOperInsttList
PUB-003,5653,,,771,대한노인회 경기 안산시 상록구지회,수행기관,https://apis.data.go.kr/B552474/JobBsnInfoService/getJobOperInsttList
PUB-003,5654,,,773,대한노인회 경남 합천군지회,수행기관,https://apis.data.go.kr/B552474/JobBsnInfoService/getJobOperInsttList
PUB-003,5655,,,774,대한노인회 충남 예산군지회,수행기관,https://apis.data.go.kr/B552474/JobBsnInfoService/getJobOperInsttList
PUB-003,5656,,,776,금천누리종합사회복지관,수행기관,https://apis.data.go.kr/B552474/JobBsnInfoService/getJobOperInsttList
PUB-003,5657,,,776083,(주)한국커리어잡스,수행기관,https://apis.data.go.kr/B552474/JobBsnInfoService/getJobOperInsttList
PUB-003,5658,,,777,북부종합사회복지관,수행기관,https://apis.data.go.kr/B552474/JobBsnInfoService/getJobOperInsttList
PUB-003,5659,,,778,노원1종합사회복지관,수행기관,https://apis.data.go.kr/B552474/JobBsnInfoService/getJobOperInsttList
PUB-003,5660,,,779,영통종합사회복지관,수행기관,https://apis.data.go.kr/B552474/JobBsnInfoService/getJobOperInsttList
PUB-003,5661,,,78083,서대문시니어클럽,수행기관,https://apis.data.go.kr/B552474/JobBsnInfoService/getJobOperInsttList
PUB-003,5662,,,782,옥포종합사회복지관,수행기관,https://apis.data.go.kr/B552474/JobBsnInfoService/getJobOperInsttList
PUB-003,5663,,,783,대한노인회 경기 수원시 권선구지회,수행기관,https://apis.data.go.kr/B552474/JobBsnInfoService/getJobOperInsttList
PUB-003,5664,,,785,당감종합사회복지관,수행기관,https://apis.data.go.kr/B552474/JobBsnInfoService/getJobOperInsttList
PUB-003,5665,,,786,단원구노인복지관,수행기관,https://apis.data.go.kr/B552474/JobBsnInfoService/getJobOperInsttList
PUB-003,5666,,,787,대한노인회 서울 강북구지회,수행기관,https://apis.data.go.kr/B552474/JobBsnInfoService/getJobOperInsttList
PUB-003,5667,,,789,경기 안산단원구지회,수행기관,https://apis.data.go.kr/B552474/JobBsnInfoService/getJobOperInsttList
PUB-003,5668,,,793,창녕노인통합지원센터,수행기관,https://apis.data.go.kr/B552474/JobBsnInfoService/getJobOperInsttList
PUB-003,5669,,,794,중계종합사회복지관,수행기관,https://apis.data.go.kr/B552474/JobBsnInfoService/getJobOperInsttList
PUB-003,5670,,,795084,순창시니어클럽,수행기관,https://apis.data.go.kr/B552474/JobBsnInfoService/getJobOperInsttList
PUB-003,5671,,,797,사상구종합사회복지관,수행기관,https://apis.data.go.kr/B552474/JobBsnInfoService/getJobOperInsttList
PUB-003,5672,,,798,대한노인회 경남 양산시지회,수행기관,https://apis.data.go.kr/B552474/JobBsnInfoService/getJobOperInsttList
PUB-003,5673,,,799,마포보사재가노인복지기관,수행기관,https://apis.data.go.kr/B552474/JobBsnInfoService/getJobOperInsttList
PUB-003,5674,,,8,도봉노인종합복지관,수행기관,https://apis.data.go.kr/B552474/JobBsnInfoService/getJobOperInsttList
PUB-003,5675,,,80,의정부노인종합복지관,수행기관,https://apis.data.go.kr/B552474/JobBsnInfoService/getJobOperInsttList
PUB-003,5676,,,800,대한노인회 서울 마포구지회,수행기관,https://apis.data.go.kr/B552474/JobBsnInfoService/getJobOperInsttList
PUB-003,5677,,,801,성산종합사회복지관,수행기관,https://apis.data.go.kr/B552474/JobBsnInfoService/getJobOperInsttList
PUB-003,5678,,,803,유성시니어클럽,수행기관,https://apis.data.go.kr/B552474/JobBsnInfoService/getJobOperInsttList
PUB-003,5679,,,805,대한노인회 경기 수원시 영통구지회,수행기관,https://apis.data.go.kr/B552474/JobBsnInfoService/getJobOperInsttList
PUB-003,5680,,,805083,대야노인복지관,수행기관,https://apis.data.go.kr/B552474/JobBsnInfoService/getJobOperInsttList
PUB-003,5681,,,806,대한노인회 경북 영천시지회,수행기관,https://apis.data.go.kr/B552474/JobBsnInfoService/getJobOperInsttList
PUB-003,5682,,,808,대한노인회 인천 계양구지회,수행기관,https://apis.data.go.kr/B552474/JobBsnInfoService/getJobOperInsttList
PUB-003,5683,,,8084,삼천포종합사회복지관,수행기관,https://apis.data.go.kr/B552474/JobBsnInfoService/getJobOperInsttList
PUB-003,5684,,,809,버드내노인복지관,수행기관,https://apis.data.go.kr/B552474/JobBsnInfoService/getJobOperInsttList
PUB-003,5685,,,81,송산노인종합복지관,수행기관,https://apis.data.go.kr/B552474/JobBsnInfoService/getJobOperInsttList
PUB-003,5686,,,810,대한노인회 경기 시흥시지회,수행기관,https://apis.data.go.kr/B552474/JobBsnInfoService/getJobOperInsttList
PUB-003,5687,,,811,대한노인회 충남 아산시지회,수행기관,https://apis.data.go.kr/B552474/JobBsnInfoService/getJobOperInsttList
PUB-003,5688,,,812,금정구종합사회복지관,수행기관,https://apis.data.go.kr/B552474/JobBsnInfoService/getJobOperInsttList
PUB-003,5689,,,813083,한국노인인력개발원 경기지역본부,수행기관,https://apis.data.go.kr/B552474/JobBsnInfoService/getJobOperInsttList
PUB-003,5690,,,819,금천노인종합복지관,수행기관,https://apis.data.go.kr/B552474/JobBsnInfoService/getJobOperInsttList
PUB-003,5691,,,82,이천시노인종합복지관,수행기관,https://apis.data.go.kr/B552474/JobBsnInfoService/getJobOperInsttList
PUB-003,5692,,,820,상도종합사회복지관,수행기관,https://apis.data.go.kr/B552474/JobBsnInfoService/getJobOperInsttList
PUB-003,5693,,,820083,장암종합사회복지관,수행기관,https://apis.data.go.kr/B552474/JobBsnInfoService/getJobOperInsttList
PUB-003,5694,,,82083,내당노인복지관,수행기관,https://apis.data.go.kr/B552474/JobBsnInfoService/getJobOperInsttList
PUB-003,5695,,,821,(사)대한노인회 충남 천안시지회,수행기관,https://apis.data.go.kr/B552474/JobBsnInfoService/getJobOperInsttList
PUB-003,5696,,,823,(사)세종YWCA,수행기관,https://apis.data.go.kr/B552474/JobBsnInfoService/getJobOperInsttList
PUB-003,5697,,,825,대한노인회 충남 홍성군지회,수행기관,https://apis.data.go.kr/B552474/JobBsnInfoService/getJobOperInsttList
PUB-003,5698,,,826,한국전례문화원,수행기관,https://apis.data.go.kr/B552474/JobBsnInfoService/getJobOperInsttList
PUB-003,5699,,,827,대전기독교종합사회복지관,수행기관,https://apis.data.go.kr/B552474/JobBsnInfoService/getJobOperInsttList
PUB-003,5700,,,83,여주시노인복지관(실버인력뱅크),수행기관,https://apis.data.go.kr/B552474/JobBsnInfoService/getJobOperInsttList
PUB-003,5701,,,830,대한노인회 부산 동래구지회,수행기관,https://apis.data.go.kr/B552474/JobBsnInfoService/getJobOperInsttList
PUB-003,5702,,,831,대한노인회 전남 무안군지회,수행기관,https://apis.data.go.kr/B552474/JobBsnInfoService/getJobOperInsttList
PUB-003,5703,,,831083,한국노인인력개발원 세종충북지역본부,수행기관,https://apis.data.go.kr/B552474/JobBsnInfoService/getJobOperInsttList
PUB-003,5704,,,832,강진노인복지센터,수행기관,https://apis.data.go.kr/B552474/JobBsnInfoService/getJobOperInsttList
PUB-003,5705,,,833,해남종합사회복지관,수행기관,https://apis.data.go.kr/B552474/JobBsnInfoService/getJobOperInsttList
PUB-003,5706,,,834,대한노인회 전북 정읍시지회,수행기관,https://apis.data.go.kr/B552474/JobBsnInfoService/getJobOperInsttList
PUB-003,5707,,,836,대한노인회 평창군지회,수행기관,https://apis.data.go.kr/B552474/JobBsnInfoService/getJobOperInsttList
PUB-003,5708,,,836083,사회적협동조합 사람과사람,수행기관,https://apis.data.go.kr/B552474/JobBsnInfoService/getJobOperInsttList
PUB-003,5709,,,838,장흥종합사회복지관,수행기관,https://apis.data.go.kr/B552474/JobBsnInfoService/getJobOperInsttList
PUB-003,5710,,,838083,대구침장제조업협동조합,수행기관,https://apis.data.go.kr/B552474/JobBsnInfoService/getJobOperInsttList
PUB-003,5711,,,839083,주식회사 누구나잡,수행기관,https://apis.data.go.kr/B552474/JobBsnInfoService/getJobOperInsttList
PUB-003,5712,,,840,대한노인회 경남 창원시 창원지회,수행기관,https://apis.data.go.kr/B552474/JobBsnInfoService/getJobOperInsttList
PUB-003,5713,,,842,대한노인회 부천시원미구지회,수행기관,https://apis.data.go.kr/B552474/JobBsnInfoService/getJobOperInsttList
PUB-003,5714,,,843,대한노인회 전북 완주군지회,수행기관,https://apis.data.go.kr/B552474/JobBsnInfoService/getJobOperInsttList
PUB-003,5715,,,844,대한노인회 충북 음성군지회,수행기관,https://apis.data.go.kr/B552474/JobBsnInfoService/getJobOperInsttList
PUB-003,5716,,,845,대한노인회 전남 고흥군지회,수행기관,https://apis.data.go.kr/B552474/JobBsnInfoService/getJobOperInsttList
PUB-003,5717,,,846,사단법인 대한노인회 파주시지회,수행기관,https://apis.data.go.kr/B552474/JobBsnInfoService/getJobOperInsttList
PUB-003,5718,,,848,대한노인회 충남 금산군지회,수행기관,https://apis.data.go.kr/B552474/JobBsnInfoService/getJobOperInsttList
PUB-003,5719,,,85,평택북부노인복지관,수행기관,https://apis.data.go.kr/B552474/JobBsnInfoService/getJobOperInsttList
PUB-003,5720,,,850,대한노인회 전남 광양시지회,수행기관,https://apis.data.go.kr/B552474/JobBsnInfoService/getJobOperInsttList
PUB-003,5721,,,85095,사단법인여성가족지원네트워크,수행기관,https://apis.data.go.kr/B552474/JobBsnInfoService/getJobOperInsttList
PUB-003,5722,,,853,울산동구노인복지관,수행기관,https://apis.data.go.kr/B552474/JobBsnInfoService/getJobOperInsttList
PUB-003,5723,,,856,대한노인회 부산 사상구지회,수행기관,https://apis.data.go.kr/B552474/JobBsnInfoService/getJobOperInsttList
PUB-003,5724,,,859,대한노인회 경기 이천시지회,수행기관,https://apis.data.go.kr/B552474/JobBsnInfoService/getJobOperInsttList
PUB-003,5725,,,860,대한노인회 충남 서천군지회,수행기관,https://apis.data.go.kr/B552474/JobBsnInfoService/getJobOperInsttList
PUB-003,5726,,,866,대한노인회 부안군지회,수행기관,https://apis.data.go.kr/B552474/JobBsnInfoService/getJobOperInsttList
PUB-003,5727,,,870,대한노인회 서울 종로구지회,수행기관,https://apis.data.go.kr/B552474/JobBsnInfoService/getJobOperInsttList
PUB-003,5728,,,871,서구노인종합복지관,수행기관,https://apis.data.go.kr/B552474/JobBsnInfoService/getJobOperInsttList
PUB-003,5729,,,872,대한노인회 울산 동구지회,수행기관,https://apis.data.go.kr/B552474/JobBsnInfoService/getJobOperInsttList
PUB-003,5730,,,873,대한노인회 충남 청양군지회,수행기관,https://apis.data.go.kr/B552474/JobBsnInfoService/getJobOperInsttList
PUB-003,5731,,,874,사단법인 대한노인회 인천남동구지회,수행기관,https://apis.data.go.kr/B552474/JobBsnInfoService/getJobOperInsttList
PUB-003,5732,,,876,사)대한노인회 평택시지회,수행기관,https://apis.data.go.kr/B552474/JobBsnInfoService/getJobOperInsttList
PUB-003,5733,,,88,대한노인회 가평군지회,수행기관,https://apis.data.go.kr/B552474/JobBsnInfoService/getJobOperInsttList
PUB-003,5734,,,880,대한노인회 경기 연천군지회,수행기관,https://apis.data.go.kr/B552474/JobBsnInfoService/getJobOperInsttList
PUB-003,5735,,,881,임마누엘재가노인복지센터,수행기관,https://apis.data.go.kr/B552474/JobBsnInfoService/getJobOperInsttList
PUB-003,5736,,,883,대한노인회 경기 동두천시지회,수행기관,https://apis.data.go.kr/B552474/JobBsnInfoService/getJobOperInsttList
PUB-003,5737,,,883083,영암시니어클럽,수행기관,https://apis.data.go.kr/B552474/JobBsnInfoService/getJobOperInsttList
PUB-003,5738,,,884,대한노인회 서울 영등포구지회,수행기관,https://apis.data.go.kr/B552474/JobBsnInfoService/getJobOperInsttList
PUB-003,5739,,,885,대한노인회 경남 창원시 진해지회,수행기관,https://apis.data.go.kr/B552474/JobBsnInfoService/getJobOperInsttList
PUB-003,5740,,,887,김포시노인종합복지관,수행기관,https://apis.data.go.kr/B552474/JobBsnInfoService/getJobOperInsttList
PUB-003,5741,,,889,대한노인회 전남 구례군지회,수행기관,https://apis.data.go.kr/B552474/JobBsnInfoService/getJobOperInsttList
PUB-003,5742,,,89,대한노인회 경기 김포시지회,수행기관,https://apis.data.go.kr/B552474/JobBsnInfoService/getJobOperInsttList
PUB-003,5743,,,890,사회복지법인한기장복지재단남원시니어클럽,수행기관,https://apis.data.go.kr/B552474/JobBsnInfoService/getJobOperInsttList
PUB-003,5744,,,892,대한노인회 전남 영암군지회,수행기관,https://apis.data.go.kr/B552474/JobBsnInfoService/getJobOperInsttList
PUB-003,5745,,,893,대한노인회 강원 삼척시지회,수행기관,https://apis.data.go.kr/B552474/JobBsnInfoService/getJobOperInsttList
PUB-003,5746,,,895,대한노인회 전북 무주군지회,수행기관,https://apis.data.go.kr/B552474/JobBsnInfoService/getJobOperInsttList
PUB-003,5747,,,898,대한노인회 전북 진안군지회,수행기관,https://apis.data.go.kr/B552474/JobBsnInfoService/getJobOperInsttList
PUB-003,5748,,,899,대한노인회 강원 강릉시지회,수행기관,https://apis.data.go.kr/B552474/JobBsnInfoService/getJobOperInsttList
PUB-003,5749,,,9,서울시립동대문노인종합복지관,수행기관,https://apis.data.go.kr/B552474/JobBsnInfoService/getJobOperInsttList
PUB-003,5750,,,901,대한노인회 울산 북구지회,수행기관,https://apis.data.go.kr/B552474/JobBsnInfoService/getJobOperInsttList
PUB-003,5751,,,902,대한노인회 울산 남구지회,수행기관,https://apis.data.go.kr/B552474/JobBsnInfoService/getJobOperInsttList
PUB-003,5752,,,903,청주청원시니어클럽,수행기관,https://apis.data.go.kr/B552474/JobBsnInfoService/getJobOperInsttList
PUB-003,5753,,,904,영등포종합사회복지관,수행기관,https://apis.data.go.kr/B552474/JobBsnInfoService/getJobOperInsttList
PUB-003,5754,,,908,대한노인회 전남 장흥군지회,수행기관,https://apis.data.go.kr/B552474/JobBsnInfoService/getJobOperInsttList
PUB-003,5755,,,9083,학장종합사회복지관,수행기관,https://apis.data.go.kr/B552474/JobBsnInfoService/getJobOperInsttList
PUB-003,5756,,,910,대한노인회 서울 동작구지회,수행기관,https://apis.data.go.kr/B552474/JobBsnInfoService/getJobOperInsttList
PUB-003,5757,,,911,중구노인복지관,수행기관,https://apis.data.go.kr/B552474/JobBsnInfoService/getJobOperInsttList
PUB-003,5758,,,914,광주서구시니어클럽,수행기관,https://apis.data.go.kr/B552474/JobBsnInfoService/getJobOperInsttList
PUB-003,5759,,,917,대한은퇴자 협회,수행기관,https://apis.data.go.kr/B552474/JobBsnInfoService/getJobOperInsttList
PUB-003,5760,,,917083,군위재가노인돌봄센터,수행기관,https://apis.data.go.kr/B552474/JobBsnInfoService/getJobOperInsttList
PUB-003,5761,,,919,보은군노인장애인복지관,수행기관,https://apis.data.go.kr/B552474/JobBsnInfoService/getJobOperInsttList
PUB-003,5762,,,920,대한노인회 순창군지회,수행기관,https://apis.data.go.kr/B552474/JobBsnInfoService/getJobOperInsttList
PUB-003,5763,,,920083,강서50플러스센터,수행기관,https://apis.data.go.kr/B552474/JobBsnInfoService/getJobOperInsttList
PUB-003,5764,,,921,대한노인회 강원 양양군지회,수행기관,https://apis.data.go.kr/B552474/JobBsnInfoService/getJobOperInsttList
PUB-003,5765,,,922,청주상당시니어클럽,수행기관,https://apis.data.go.kr/B552474/JobBsnInfoService/getJobOperInsttList
PUB-003,5766,,,922083,상하북종합사회복지관,수행기관,https://apis.data.go.kr/B552474/JobBsnInfoService/getJobOperInsttList
PUB-003,5767,,,924,대한노인회 경기 용인시 처인구지회,수행기관,https://apis.data.go.kr/B552474/JobBsnInfoService/getJobOperInsttList
PUB-003,5768,,,924083,사회적협동조합 전주도우누리,수행기관,https://apis.data.go.kr/B552474/JobBsnInfoService/getJobOperInsttList
PUB-003,5769,,,926084,강동종합사회복지관,수행기관,https://apis.data.go.kr/B552474/JobBsnInfoService/getJobOperInsttList
PUB-003,5770,,,927083,큰나루종합사회복지관,수행기관,https://apis.data.go.kr/B552474/JobBsnInfoService/getJobOperInsttList
PUB-003,5771,,,928,강서노인종합복지관,수행기관,https://apis.data.go.kr/B552474/JobBsnInfoService/getJobOperInsttList
PUB-003,5772,,,929,반송종합사회복지관,수행기관,https://apis.data.go.kr/B552474/JobBsnInfoService/getJobOperInsttList
PUB-003,5773,,,93,동해시노인종합복지관,수행기관,https://apis.data.go.kr/B552474/JobBsnInfoService/getJobOperInsttList
PUB-003,5774,,,930,운봉종합사회복지관,수행기관,https://apis.data.go.kr/B552474/JobBsnInfoService/getJobOperInsttList
PUB-003,5775,,,930083,녹양종합사회복지관,수행기관,https://apis.data.go.kr/B552474/JobBsnInfoService/getJobOperInsttList
PUB-003,5776,,,932083,고산종합사회복지관,수행기관,https://apis.data.go.kr/B552474/JobBsnInfoService/getJobOperInsttList
PUB-003,5777,,,933083,사단법인 청명사회복지회,수행기관,https://apis.data.go.kr/B552474/JobBsnInfoService/getJobOperInsttList
PUB-003,5778,,,934083,성내종합사회복지관,수행기관,https://apis.data.go.kr/B552474/JobBsnInfoService/getJobOperInsttList
PUB-003,5779,,,935,횡성군종합사회복지관,수행기관,https://apis.data.go.kr/B552474/JobBsnInfoService/getJobOperInsttList
PUB-003,5780,,,935083,용문종합사회복지관 1,수행기관,https://apis.data.go.kr/B552474/JobBsnInfoService/getJobOperInsttList
PUB-003,5781,,,936,부산기독교종합사회복지관,수행기관,https://apis.data.go.kr/B552474/JobBsnInfoService/getJobOperInsttList
PUB-003,5782,,,936083,서빛마루시니어센터,수행기관,https://apis.data.go.kr/B552474/JobBsnInfoService/getJobOperInsttList
PUB-003,5783,,,937,인천재가노인지원서비스센터,수행기관,https://apis.data.go.kr/B552474/JobBsnInfoService/getJobOperInsttList
PUB-003,5784,,,937084,사회적협동조합도우누리,수행기관,https://apis.data.go.kr/B552474/JobBsnInfoService/getJobOperInsttList
PUB-003,5785,,,939,정선노인복지센터,수행기관,https://apis.data.go.kr/B552474/JobBsnInfoService/getJobOperInsttList
PUB-003,5786,,,940,정선문화원,수행기관,https://apis.data.go.kr/B552474/JobBsnInfoService/getJobOperInsttList
PUB-003,5787,,,942083,사회복지법인 충현원,수행기관,https://apis.data.go.kr/B552474/JobBsnInfoService/getJobOperInsttList
PUB-003,5788,,,942084,사랑샘노인복지센터(지자체),수행기관,https://apis.data.go.kr/B552474/JobBsnInfoService/getJobOperInsttList
PUB-003,5789,,,942085,사회적협동조합 더불어락북카페,수행기관,https://apis.data.go.kr/B552474/JobBsnInfoService/getJobOperInsttList
PUB-003,5790,,,943084,더-케어노인복지센터,수행기관,https://apis.data.go.kr/B552474/JobBsnInfoService/getJobOperInsttList
PUB-003,5791,,,947083,광주의료복지 사회적협동조합,수행기관,https://apis.data.go.kr/B552474/JobBsnInfoService/getJobOperInsttList
PUB-003,5792,,,948083,사단법인 한누리,수행기관,https://apis.data.go.kr/B552474/JobBsnInfoService/getJobOperInsttList
PUB-003,5793,,,949,인천광역시노인인력개발센터,수행기관,https://apis.data.go.kr/B552474/JobBsnInfoService/getJobOperInsttList
PUB-003,5794,,,949083,사단법인 통영YWCA,수행기관,https://apis.data.go.kr/B552474/JobBsnInfoService/getJobOperInsttList
PUB-003,5795,,,95,춘천동부노인복지관,수행기관,https://apis.data.go.kr/B552474/JobBsnInfoService/getJobOperInsttList
PUB-003,5796,,,950,창원시니어클럽,수행기관,https://apis.data.go.kr/B552474/JobBsnInfoService/getJobOperInsttList
PUB-003,5797,,,951083,전남장흥지역자활센터,수행기관,https://apis.data.go.kr/B552474/JobBsnInfoService/getJobOperInsttList
PUB-003,5798,,,952,사단법인 해누리노인복지공동체,수행기관,https://apis.data.go.kr/B552474/JobBsnInfoService/getJobOperInsttList
PUB-003,5799,,,953,대한노인회 강원 춘천시지회,수행기관,https://apis.data.go.kr/B552474/JobBsnInfoService/getJobOperInsttList
PUB-003,5800,,,953083,화성시정조효노인복지관,수행기관,https://apis.data.go.kr/B552474/JobBsnInfoService/getJobOperInsttList
PUB-003,5801,,,954084,용인시사회복지협의회,수행기관,https://apis.data.go.kr/B552474/JobBsnInfoService/getJobOperInsttList
PUB-003,5802,,,955,함평문화원,수행기관,https://apis.data.go.kr/B552474/JobBsnInfoService/getJobOperInsttList
PUB-003,5803,,,956,보령노인종합복지관,수행기관,https://apis.data.go.kr/B552474/JobBsnInfoService/getJobOperInsttList
PUB-003,5804,,,958083,시니어복지사회적협동조합,수행기관,https://apis.data.go.kr/B552474/JobBsnInfoService/getJobOperInsttList
PUB-003,5805,,,960083,주식회사 커리어다움,수행기관,https://apis.data.go.kr/B552474/JobBsnInfoService/getJobOperInsttList
PUB-003,5806,,,961083,국민건강보험동우회사회적협동조합,수행기관,https://apis.data.go.kr/B552474/JobBsnInfoService/getJobOperInsttList
PUB-003,5807,,,962,서구종합사회복지관,수행기관,https://apis.data.go.kr/B552474/JobBsnInfoService/getJobOperInsttList
PUB-003,5808,,,964,대한노인회 경남 거창군지회,수행기관,https://apis.data.go.kr/B552474/JobBsnInfoService/getJobOperInsttList
PUB-003,5809,,,964083,(주)이음길에이치알,수행기관,https://apis.data.go.kr/B552474/JobBsnInfoService/getJobOperInsttList
PUB-003,5810,,,965,청주서원시니어클럽,수행기관,https://apis.data.go.kr/B552474/JobBsnInfoService/getJobOperInsttList
PUB-003,5811,,,965083,주식회사 행복인디제이,수행기관,https://apis.data.go.kr/B552474/JobBsnInfoService/getJobOperInsttList
PUB-003,5812,,,968083,사단법인 케이아이씨티기업인협회,수행기관,https://apis.data.go.kr/B552474/JobBsnInfoService/getJobOperInsttList
PUB-003,5813,,,969,무안군종합사회복지관,수행기관,https://apis.data.go.kr/B552474/JobBsnInfoService/getJobOperInsttList
PUB-003,5814,,,969083,전주일하는실버클럽,수행기관,https://apis.data.go.kr/B552474/JobBsnInfoService/getJobOperInsttList
PUB-003,5815,,,971,김해시니어클럽,수행기관,https://apis.data.go.kr/B552474/JobBsnInfoService/getJobOperInsttList
PUB-003,5816,,,972,강남구립논현노인종합복지관,수행기관,https://apis.data.go.kr/B552474/JobBsnInfoService/getJobOperInsttList
PUB-003,5817,,,972083,당진상공회의소,수행기관,https://apis.data.go.kr/B552474/JobBsnInfoService/getJobOperInsttList
PUB-003,5818,,,973,구평종합사회복지관,수행기관,https://apis.data.go.kr/B552474/JobBsnInfoService/getJobOperInsttList
PUB-003,5819,,,975,용인시 처인구청,수행기관,https://apis.data.go.kr/B552474/JobBsnInfoService/getJobOperInsttList
PUB-003,5820,,,975083,청도시니어클럽,수행기관,https://apis.data.go.kr/B552474/JobBsnInfoService/getJobOperInsttList
PUB-003,5821,,,976083,주식회사 워크트리,수행기관,https://apis.data.go.kr/B552474/JobBsnInfoService/getJobOperInsttList
PUB-003,5822,,,976084,(주)차오름,수행기관,https://apis.data.go.kr/B552474/JobBsnInfoService/getJobOperInsttList
PUB-003,5823,,,977083,용산여성인력개발센터,수행기관,https://apis.data.go.kr/B552474/JobBsnInfoService/getJobOperInsttList
PUB-003,5824,,,980084,사회적협동조합양지뜰,수행기관,https://apis.data.go.kr/B552474/JobBsnInfoService/getJobOperInsttList
PUB-003,5825,,,983,대한노인회 부산 기장군지회,수행기관,https://apis.data.go.kr/B552474/JobBsnInfoService/getJobOperInsttList
PUB-003,5826,,,985,종로종합사회복지관,수행기관,https://apis.data.go.kr/B552474/JobBsnInfoService/getJobOperInsttList
PUB-003,5827,,,985083,주식회사 퍼스트인코리아 경남지사,수행기관,https://apis.data.go.kr/B552474/JobBsnInfoService/getJobOperInsttList
PUB-003,5828,,,988,전포종합사회복지관,수행기관,https://apis.data.go.kr/B552474/JobBsnInfoService/getJobOperInsttList
PUB-003,5829,,,994,종로노인종합복지관,수행기관,https://apis.data.go.kr/B552474/JobBsnInfoService/getJobOperInsttList
PUB-003,5830,,,994083,케어믹스 사회적협동조합,수행기관,https://apis.data.go.kr/B552474/JobBsnInfoService/getJobOperInsttList
PUB-003,5831,,,996,유성문화원,수행기관,https://apis.data.go.kr/B552474/JobBsnInfoService/getJobOperInsttList
PUB-003,5832,,,996084,파주시운정종합사회복지관,수행기관,https://apis.data.go.kr/B552474/JobBsnInfoService/getJobOperInsttList
PUB-003,5833,,,997083,한국노인인력개발원 전북지역본부,수행기관,https://apis.data.go.kr/B552474/JobBsnInfoService/getJobOperInsttList
PUB-003,5834,,,997084,한국노인인력개발원 제주지역본부,수행기관,https://apis.data.go.kr/B552474/JobBsnInfoService/getJobOperInsttList
PUB-003,5835,,,997085,한국노인인력개발원 경남지역본부,수행기관,https://apis.data.go.kr/B552474/JobBsnInfoService/getJobOperInsttList
PUB-003,5836,,,997086,한국노인인력개발원 취업지원부,수행기관,https://apis.data.go.kr/B552474/JobBsnInfoService/getJobOperInsttList
