성별,시도,자격,판정등급,판정인원수,source_period,source_endpoint,시도_원본,자격_원본
남자,서울특별시,일반,1등급,1848,2015,https://api.odcloud.kr/api/15072696/v1/uddi:553b4d25-80c0-471b-9cc7-af7abee0b329,서울특별시,일반
남자,서울특별시,일반,2등급,2552,2015,https://api.odcloud.kr/api/15072696/v1/uddi:553b4d25-80c0-471b-9cc7-af7abee0b329,서울특별시,일반
남자,서울특별시,일반,3등급,6392,2015,https://api.odcloud.kr/api/15072696/v1/uddi:553b4d25-80c0-471b-9cc7-af7abee0b329,서울특별시,일반
남자,서울특별시,일반,4등급,4641,2015,https://api.odcloud.kr/api/15072696/v1/uddi:553b4d25-80c0-471b-9cc7-af7abee0b329,서울특별시,일반
남자,서울특별시,일반,5등급,628,2015,https://api.odcloud.kr/api/15072696/v1/uddi:553b4d25-80c0-471b-9cc7-af7abee0b329,서울특별시,일반
남자,서울특별시,일반,등급외,2769,2015,https://api.odcloud.kr/api/15072696/v1/uddi:553b4d25-80c0-471b-9cc7-af7abee0b329,서울특별시,일반
남자,서울특별시,감경,1등급,318,2015,https://api.odcloud.kr/api/15072696/v1/uddi:553b4d25-80c0-471b-9cc7-af7abee0b329,서울특별시,경감
남자,서울특별시,감경,2등급,492,2015,https://api.odcloud.kr/api/15072696/v1/uddi:553b4d25-80c0-471b-9cc7-af7abee0b329,서울특별시,경감
남자,서울특별시,감경,3등급,1304,2015,https://api.odcloud.kr/api/15072696/v1/uddi:553b4d25-80c0-471b-9cc7-af7abee0b329,서울특별시,경감
남자,서울특별시,감경,4등급,881,2015,https://api.odcloud.kr/api/15072696/v1/uddi:553b4d25-80c0-471b-9cc7-af7abee0b329,서울특별시,경감
남자,서울특별시,감경,5등급,81,2015,https://api.odcloud.kr/api/15072696/v1/uddi:553b4d25-80c0-471b-9cc7-af7abee0b329,서울특별시,경감
남자,서울특별시,감경,등급외,108,2015,https://api.odcloud.kr/api/15072696/v1/uddi:553b4d25-80c0-471b-9cc7-af7abee0b329,서울특별시,경감
남자,서울특별시,의료급여,1등급,19,2015,https://api.odcloud.kr/api/15072696/v1/uddi:553b4d25-80c0-471b-9cc7-af7abee0b329,서울특별시,의료급여
남자,서울특별시,의료급여,2등급,34,2015,https://api.odcloud.kr/api/15072696/v1/uddi:553b4d25-80c0-471b-9cc7-af7abee0b329,서울특별시,의료급여
남자,서울특별시,의료급여,3등급,103,2015,https://api.odcloud.kr/api/15072696/v1/uddi:553b4d25-80c0-471b-9cc7-af7abee0b329,서울특별시,의료급여
남자,서울특별시,의료급여,4등급,68,2015,https://api.odcloud.kr/api/15072696/v1/uddi:553b4d25-80c0-471b-9cc7-af7abee0b329,서울특별시,의료급여
남자,서울특별시,의료급여,5등급,11,2015,https://api.odcloud.kr/api/15072696/v1/uddi:553b4d25-80c0-471b-9cc7-af7abee0b329,서울특별시,의료급여
남자,서울특별시,의료급여,등급외,52,2015,https://api.odcloud.kr/api/15072696/v1/uddi:553b4d25-80c0-471b-9cc7-af7abee0b329,서울특별시,의료급여
남자,서울특별시,기초수급,1등급,256,2015,https://api.odcloud.kr/api/15072696/v1/uddi:553b4d25-80c0-471b-9cc7-af7abee0b329,서울특별시,기초수급
남자,서울특별시,기초수급,2등급,326,2015,https://api.odcloud.kr/api/15072696/v1/uddi:553b4d25-80c0-471b-9cc7-af7abee0b329,서울특별시,기초수급
남자,서울특별시,기초수급,3등급,965,2015,https://api.odcloud.kr/api/15072696/v1/uddi:553b4d25-80c0-471b-9cc7-af7abee0b329,서울특별시,기초수급
남자,서울특별시,기초수급,4등급,1062,2015,https://api.odcloud.kr/api/15072696/v1/uddi:553b4d25-80c0-471b-9cc7-af7abee0b329,서울특별시,기초수급
남자,서울특별시,기초수급,5등급,83,2015,https://api.odcloud.kr/api/15072696/v1/uddi:553b4d25-80c0-471b-9cc7-af7abee0b329,서울특별시,기초수급
남자,서울특별시,기초수급,등급외,1206,2015,https://api.odcloud.kr/api/15072696/v1/uddi:553b4d25-80c0-471b-9cc7-af7abee0b329,서울특별시,기초수급
여자,서울특별시,일반,1등급,3716,2015,https://api.odcloud.kr/api/15072696/v1/uddi:553b4d25-80c0-471b-9cc7-af7abee0b329,서울특별시,일반
여자,서울특별시,일반,2등급,6431,2015,https://api.odcloud.kr/api/15072696/v1/uddi:553b4d25-80c0-471b-9cc7-af7abee0b329,서울특별시,일반
여자,서울특별시,일반,3등급,14100,2015,https://api.odcloud.kr/api/15072696/v1/uddi:553b4d25-80c0-471b-9cc7-af7abee0b329,서울특별시,일반
여자,서울특별시,일반,4등급,11249,2015,https://api.odcloud.kr/api/15072696/v1/uddi:553b4d25-80c0-471b-9cc7-af7abee0b329,서울특별시,일반
여자,서울특별시,일반,5등급,1646,2015,https://api.odcloud.kr/api/15072696/v1/uddi:553b4d25-80c0-471b-9cc7-af7abee0b329,서울특별시,일반
여자,서울특별시,일반,등급외,7485,2015,https://api.odcloud.kr/api/15072696/v1/uddi:553b4d25-80c0-471b-9cc7-af7abee0b329,서울특별시,일반
여자,서울특별시,감경,1등급,790,2015,https://api.odcloud.kr/api/15072696/v1/uddi:553b4d25-80c0-471b-9cc7-af7abee0b329,서울특별시,경감
여자,서울특별시,감경,2등급,1560,2015,https://api.odcloud.kr/api/15072696/v1/uddi:553b4d25-80c0-471b-9cc7-af7abee0b329,서울특별시,경감
여자,서울특별시,감경,3등급,3378,2015,https://api.odcloud.kr/api/15072696/v1/uddi:553b4d25-80c0-471b-9cc7-af7abee0b329,서울특별시,경감
여자,서울특별시,감경,4등급,2481,2015,https://api.odcloud.kr/api/15072696/v1/uddi:553b4d25-80c0-471b-9cc7-af7abee0b329,서울특별시,경감
여자,서울특별시,감경,5등급,285,2015,https://api.odcloud.kr/api/15072696/v1/uddi:553b4d25-80c0-471b-9cc7-af7abee0b329,서울특별시,경감
여자,서울특별시,감경,등급외,313,2015,https://api.odcloud.kr/api/15072696/v1/uddi:553b4d25-80c0-471b-9cc7-af7abee0b329,서울특별시,경감
여자,서울특별시,의료급여,1등급,47,2015,https://api.odcloud.kr/api/15072696/v1/uddi:553b4d25-80c0-471b-9cc7-af7abee0b329,서울특별시,의료급여
여자,서울특별시,의료급여,2등급,86,2015,https://api.odcloud.kr/api/15072696/v1/uddi:553b4d25-80c0-471b-9cc7-af7abee0b329,서울특별시,의료급여
여자,서울특별시,의료급여,3등급,208,2015,https://api.odcloud.kr/api/15072696/v1/uddi:553b4d25-80c0-471b-9cc7-af7abee0b329,서울특별시,의료급여
여자,서울특별시,의료급여,4등급,161,2015,https://api.odcloud.kr/api/15072696/v1/uddi:553b4d25-80c0-471b-9cc7-af7abee0b329,서울특별시,의료급여
여자,서울특별시,의료급여,5등급,24,2015,https://api.odcloud.kr/api/15072696/v1/uddi:553b4d25-80c0-471b-9cc7-af7abee0b329,서울특별시,의료급여
여자,서울특별시,의료급여,등급외,116,2015,https://api.odcloud.kr/api/15072696/v1/uddi:553b4d25-80c0-471b-9cc7-af7abee0b329,서울특별시,의료급여
여자,서울특별시,기초수급,1등급,680,2015,https://api.odcloud.kr/api/15072696/v1/uddi:553b4d25-80c0-471b-9cc7-af7abee0b329,서울특별시,기초수급
여자,서울특별시,기초수급,2등급,1079,2015,https://api.odcloud.kr/api/15072696/v1/uddi:553b4d25-80c0-471b-9cc7-af7abee0b329,서울특별시,기초수급
여자,서울특별시,기초수급,3등급,2779,2015,https://api.odcloud.kr/api/15072696/v1/uddi:553b4d25-80c0-471b-9cc7-af7abee0b329,서울특별시,기초수급
여자,서울특별시,기초수급,4등급,3027,2015,https://api.odcloud.kr/api/15072696/v1/uddi:553b4d25-80c0-471b-9cc7-af7abee0b329,서울특별시,기초수급
여자,서울특별시,기초수급,5등급,216,2015,https://api.odcloud.kr/api/15072696/v1/uddi:553b4d25-80c0-471b-9cc7-af7abee0b329,서울특별시,기초수급
여자,서울특별시,기초수급,등급외,3013,2015,https://api.odcloud.kr/api/15072696/v1/uddi:553b4d25-80c0-471b-9cc7-af7abee0b329,서울특별시,기초수급
남자,부산광역시,일반,1등급,469,2015,https://api.odcloud.kr/api/15072696/v1/uddi:553b4d25-80c0-471b-9cc7-af7abee0b329,부산광역시,일반
남자,부산광역시,일반,2등급,738,2015,https://api.odcloud.kr/api/15072696/v1/uddi:553b4d25-80c0-471b-9cc7-af7abee0b329,부산광역시,일반
남자,부산광역시,일반,3등급,2027,2015,https://api.odcloud.kr/api/15072696/v1/uddi:553b4d25-80c0-471b-9cc7-af7abee0b329,부산광역시,일반
남자,부산광역시,일반,4등급,1514,2015,https://api.odcloud.kr/api/15072696/v1/uddi:553b4d25-80c0-471b-9cc7-af7abee0b329,부산광역시,일반
남자,부산광역시,일반,5등급,152,2015,https://api.odcloud.kr/api/15072696/v1/uddi:553b4d25-80c0-471b-9cc7-af7abee0b329,부산광역시,일반
남자,부산광역시,일반,등급외,1702,2015,https://api.odcloud.kr/api/15072696/v1/uddi:553b4d25-80c0-471b-9cc7-af7abee0b329,부산광역시,일반
남자,부산광역시,감경,1등급,93,2015,https://api.odcloud.kr/api/15072696/v1/uddi:553b4d25-80c0-471b-9cc7-af7abee0b329,부산광역시,경감
남자,부산광역시,감경,2등급,166,2015,https://api.odcloud.kr/api/15072696/v1/uddi:553b4d25-80c0-471b-9cc7-af7abee0b329,부산광역시,경감
남자,부산광역시,감경,3등급,418,2015,https://api.odcloud.kr/api/15072696/v1/uddi:553b4d25-80c0-471b-9cc7-af7abee0b329,부산광역시,경감
남자,부산광역시,감경,4등급,339,2015,https://api.odcloud.kr/api/15072696/v1/uddi:553b4d25-80c0-471b-9cc7-af7abee0b329,부산광역시,경감
남자,부산광역시,감경,5등급,38,2015,https://api.odcloud.kr/api/15072696/v1/uddi:553b4d25-80c0-471b-9cc7-af7abee0b329,부산광역시,경감
남자,부산광역시,감경,등급외,91,2015,https://api.odcloud.kr/api/15072696/v1/uddi:553b4d25-80c0-471b-9cc7-af7abee0b329,부산광역시,경감
남자,부산광역시,의료급여,1등급,3,2015,https://api.odcloud.kr/api/15072696/v1/uddi:553b4d25-80c0-471b-9cc7-af7abee0b329,부산광역시,의료급여
남자,부산광역시,의료급여,2등급,16,2015,https://api.odcloud.kr/api/15072696/v1/uddi:553b4d25-80c0-471b-9cc7-af7abee0b329,부산광역시,의료급여
남자,부산광역시,의료급여,3등급,31,2015,https://api.odcloud.kr/api/15072696/v1/uddi:553b4d25-80c0-471b-9cc7-af7abee0b329,부산광역시,의료급여
남자,부산광역시,의료급여,4등급,27,2015,https://api.odcloud.kr/api/15072696/v1/uddi:553b4d25-80c0-471b-9cc7-af7abee0b329,부산광역시,의료급여
남자,부산광역시,의료급여,5등급,3,2015,https://api.odcloud.kr/api/15072696/v1/uddi:553b4d25-80c0-471b-9cc7-af7abee0b329,부산광역시,의료급여
남자,부산광역시,의료급여,등급외,36,2015,https://api.odcloud.kr/api/15072696/v1/uddi:553b4d25-80c0-471b-9cc7-af7abee0b329,부산광역시,의료급여
남자,부산광역시,기초수급,1등급,77,2015,https://api.odcloud.kr/api/15072696/v1/uddi:553b4d25-80c0-471b-9cc7-af7abee0b329,부산광역시,기초수급
남자,부산광역시,기초수급,2등급,151,2015,https://api.odcloud.kr/api/15072696/v1/uddi:553b4d25-80c0-471b-9cc7-af7abee0b329,부산광역시,기초수급
남자,부산광역시,기초수급,3등급,446,2015,https://api.odcloud.kr/api/15072696/v1/uddi:553b4d25-80c0-471b-9cc7-af7abee0b329,부산광역시,기초수급
남자,부산광역시,기초수급,4등급,465,2015,https://api.odcloud.kr/api/15072696/v1/uddi:553b4d25-80c0-471b-9cc7-af7abee0b329,부산광역시,기초수급
남자,부산광역시,기초수급,5등급,20,2015,https://api.odcloud.kr/api/15072696/v1/uddi:553b4d25-80c0-471b-9cc7-af7abee0b329,부산광역시,기초수급
남자,부산광역시,기초수급,등급외,1040,2015,https://api.odcloud.kr/api/15072696/v1/uddi:553b4d25-80c0-471b-9cc7-af7abee0b329,부산광역시,기초수급
여자,부산광역시,일반,1등급,961,2015,https://api.odcloud.kr/api/15072696/v1/uddi:553b4d25-80c0-471b-9cc7-af7abee0b329,부산광역시,일반
여자,부산광역시,일반,2등급,1730,2015,https://api.odcloud.kr/api/15072696/v1/uddi:553b4d25-80c0-471b-9cc7-af7abee0b329,부산광역시,일반
여자,부산광역시,일반,3등급,4077,2015,https://api.odcloud.kr/api/15072696/v1/uddi:553b4d25-80c0-471b-9cc7-af7abee0b329,부산광역시,일반
여자,부산광역시,일반,4등급,4053,2015,https://api.odcloud.kr/api/15072696/v1/uddi:553b4d25-80c0-471b-9cc7-af7abee0b329,부산광역시,일반
여자,부산광역시,일반,5등급,496,2015,https://api.odcloud.kr/api/15072696/v1/uddi:553b4d25-80c0-471b-9cc7-af7abee0b329,부산광역시,일반
여자,부산광역시,일반,등급외,5356,2015,https://api.odcloud.kr/api/15072696/v1/uddi:553b4d25-80c0-471b-9cc7-af7abee0b329,부산광역시,일반
여자,부산광역시,감경,1등급,262,2015,https://api.odcloud.kr/api/15072696/v1/uddi:553b4d25-80c0-471b-9cc7-af7abee0b329,부산광역시,경감
여자,부산광역시,감경,2등급,491,2015,https://api.odcloud.kr/api/15072696/v1/uddi:553b4d25-80c0-471b-9cc7-af7abee0b329,부산광역시,경감
여자,부산광역시,감경,3등급,1074,2015,https://api.odcloud.kr/api/15072696/v1/uddi:553b4d25-80c0-471b-9cc7-af7abee0b329,부산광역시,경감
여자,부산광역시,감경,4등급,1064,2015,https://api.odcloud.kr/api/15072696/v1/uddi:553b4d25-80c0-471b-9cc7-af7abee0b329,부산광역시,경감
여자,부산광역시,감경,5등급,108,2015,https://api.odcloud.kr/api/15072696/v1/uddi:553b4d25-80c0-471b-9cc7-af7abee0b329,부산광역시,경감
여자,부산광역시,감경,등급외,271,2015,https://api.odcloud.kr/api/15072696/v1/uddi:553b4d25-80c0-471b-9cc7-af7abee0b329,부산광역시,경감
여자,부산광역시,의료급여,1등급,17,2015,https://api.odcloud.kr/api/15072696/v1/uddi:553b4d25-80c0-471b-9cc7-af7abee0b329,부산광역시,의료급여
여자,부산광역시,의료급여,2등급,28,2015,https://api.odcloud.kr/api/15072696/v1/uddi:553b4d25-80c0-471b-9cc7-af7abee0b329,부산광역시,의료급여
여자,부산광역시,의료급여,3등급,85,2015,https://api.odcloud.kr/api/15072696/v1/uddi:553b4d25-80c0-471b-9cc7-af7abee0b329,부산광역시,의료급여
여자,부산광역시,의료급여,4등급,72,2015,https://api.odcloud.kr/api/15072696/v1/uddi:553b4d25-80c0-471b-9cc7-af7abee0b329,부산광역시,의료급여
여자,부산광역시,의료급여,5등급,13,2015,https://api.odcloud.kr/api/15072696/v1/uddi:553b4d25-80c0-471b-9cc7-af7abee0b329,부산광역시,의료급여
여자,부산광역시,의료급여,등급외,118,2015,https://api.odcloud.kr/api/15072696/v1/uddi:553b4d25-80c0-471b-9cc7-af7abee0b329,부산광역시,의료급여
여자,부산광역시,기초수급,1등급,266,2015,https://api.odcloud.kr/api/15072696/v1/uddi:553b4d25-80c0-471b-9cc7-af7abee0b329,부산광역시,기초수급
여자,부산광역시,기초수급,2등급,495,2015,https://api.odcloud.kr/api/15072696/v1/uddi:553b4d25-80c0-471b-9cc7-af7abee0b329,부산광역시,기초수급
여자,부산광역시,기초수급,3등급,1122,2015,https://api.odcloud.kr/api/15072696/v1/uddi:553b4d25-80c0-471b-9cc7-af7abee0b329,부산광역시,기초수급
여자,부산광역시,기초수급,4등급,1338,2015,https://api.odcloud.kr/api/15072696/v1/uddi:553b4d25-80c0-471b-9cc7-af7abee0b329,부산광역시,기초수급
여자,부산광역시,기초수급,5등급,91,2015,https://api.odcloud.kr/api/15072696/v1/uddi:553b4d25-80c0-471b-9cc7-af7abee0b329,부산광역시,기초수급
여자,부산광역시,기초수급,등급외,2844,2015,https://api.odcloud.kr/api/15072696/v1/uddi:553b4d25-80c0-471b-9cc7-af7abee0b329,부산광역시,기초수급
남자,대구광역시,일반,1등급,269,2015,https://api.odcloud.kr/api/15072696/v1/uddi:553b4d25-80c0-471b-9cc7-af7abee0b329,대구광역시,일반
남자,대구광역시,일반,2등급,560,2015,https://api.odcloud.kr/api/15072696/v1/uddi:553b4d25-80c0-471b-9cc7-af7abee0b329,대구광역시,일반
남자,대구광역시,일반,3등급,1383,2015,https://api.odcloud.kr/api/15072696/v1/uddi:553b4d25-80c0-471b-9cc7-af7abee0b329,대구광역시,일반
남자,대구광역시,일반,4등급,1018,2015,https://api.odcloud.kr/api/15072696/v1/uddi:553b4d25-80c0-471b-9cc7-af7abee0b329,대구광역시,일반
남자,대구광역시,일반,5등급,180,2015,https://api.odcloud.kr/api/15072696/v1/uddi:553b4d25-80c0-471b-9cc7-af7abee0b329,대구광역시,일반
남자,대구광역시,일반,등급외,1075,2015,https://api.odcloud.kr/api/15072696/v1/uddi:553b4d25-80c0-471b-9cc7-af7abee0b329,대구광역시,일반
남자,대구광역시,감경,1등급,59,2015,https://api.odcloud.kr/api/15072696/v1/uddi:553b4d25-80c0-471b-9cc7-af7abee0b329,대구광역시,경감
남자,대구광역시,감경,2등급,153,2015,https://api.odcloud.kr/api/15072696/v1/uddi:553b4d25-80c0-471b-9cc7-af7abee0b329,대구광역시,경감
남자,대구광역시,감경,3등급,376,2015,https://api.odcloud.kr/api/15072696/v1/uddi:553b4d25-80c0-471b-9cc7-af7abee0b329,대구광역시,경감
남자,대구광역시,감경,4등급,229,2015,https://api.odcloud.kr/api/15072696/v1/uddi:553b4d25-80c0-471b-9cc7-af7abee0b329,대구광역시,경감
남자,대구광역시,감경,5등급,33,2015,https://api.odcloud.kr/api/15072696/v1/uddi:553b4d25-80c0-471b-9cc7-af7abee0b329,대구광역시,경감
남자,대구광역시,감경,등급외,73,2015,https://api.odcloud.kr/api/15072696/v1/uddi:553b4d25-80c0-471b-9cc7-af7abee0b329,대구광역시,경감
남자,대구광역시,의료급여,1등급,11,2015,https://api.odcloud.kr/api/15072696/v1/uddi:553b4d25-80c0-471b-9cc7-af7abee0b329,대구광역시,의료급여
남자,대구광역시,의료급여,2등급,14,2015,https://api.odcloud.kr/api/15072696/v1/uddi:553b4d25-80c0-471b-9cc7-af7abee0b329,대구광역시,의료급여
남자,대구광역시,의료급여,3등급,35,2015,https://api.odcloud.kr/api/15072696/v1/uddi:553b4d25-80c0-471b-9cc7-af7abee0b329,대구광역시,의료급여
남자,대구광역시,의료급여,4등급,34,2015,https://api.odcloud.kr/api/15072696/v1/uddi:553b4d25-80c0-471b-9cc7-af7abee0b329,대구광역시,의료급여
남자,대구광역시,의료급여,5등급,4,2015,https://api.odcloud.kr/api/15072696/v1/uddi:553b4d25-80c0-471b-9cc7-af7abee0b329,대구광역시,의료급여
남자,대구광역시,의료급여,등급외,38,2015,https://api.odcloud.kr/api/15072696/v1/uddi:553b4d25-80c0-471b-9cc7-af7abee0b329,대구광역시,의료급여
남자,대구광역시,기초수급,1등급,78,2015,https://api.odcloud.kr/api/15072696/v1/uddi:553b4d25-80c0-471b-9cc7-af7abee0b329,대구광역시,기초수급
남자,대구광역시,기초수급,2등급,125,2015,https://api.odcloud.kr/api/15072696/v1/uddi:553b4d25-80c0-471b-9cc7-af7abee0b329,대구광역시,기초수급
남자,대구광역시,기초수급,3등급,345,2015,https://api.odcloud.kr/api/15072696/v1/uddi:553b4d25-80c0-471b-9cc7-af7abee0b329,대구광역시,기초수급
남자,대구광역시,기초수급,4등급,279,2015,https://api.odcloud.kr/api/15072696/v1/uddi:553b4d25-80c0-471b-9cc7-af7abee0b329,대구광역시,기초수급
남자,대구광역시,기초수급,5등급,21,2015,https://api.odcloud.kr/api/15072696/v1/uddi:553b4d25-80c0-471b-9cc7-af7abee0b329,대구광역시,기초수급
남자,대구광역시,기초수급,등급외,573,2015,https://api.odcloud.kr/api/15072696/v1/uddi:553b4d25-80c0-471b-9cc7-af7abee0b329,대구광역시,기초수급
여자,대구광역시,일반,1등급,631,2015,https://api.odcloud.kr/api/15072696/v1/uddi:553b4d25-80c0-471b-9cc7-af7abee0b329,대구광역시,일반
여자,대구광역시,일반,2등급,1380,2015,https://api.odcloud.kr/api/15072696/v1/uddi:553b4d25-80c0-471b-9cc7-af7abee0b329,대구광역시,일반
여자,대구광역시,일반,3등급,3426,2015,https://api.odcloud.kr/api/15072696/v1/uddi:553b4d25-80c0-471b-9cc7-af7abee0b329,대구광역시,일반
여자,대구광역시,일반,4등급,2702,2015,https://api.odcloud.kr/api/15072696/v1/uddi:553b4d25-80c0-471b-9cc7-af7abee0b329,대구광역시,일반
여자,대구광역시,일반,5등급,512,2015,https://api.odcloud.kr/api/15072696/v1/uddi:553b4d25-80c0-471b-9cc7-af7abee0b329,대구광역시,일반
여자,대구광역시,일반,등급외,3153,2015,https://api.odcloud.kr/api/15072696/v1/uddi:553b4d25-80c0-471b-9cc7-af7abee0b329,대구광역시,일반
여자,대구광역시,감경,1등급,187,2015,https://api.odcloud.kr/api/15072696/v1/uddi:553b4d25-80c0-471b-9cc7-af7abee0b329,대구광역시,경감
여자,대구광역시,감경,2등급,473,2015,https://api.odcloud.kr/api/15072696/v1/uddi:553b4d25-80c0-471b-9cc7-af7abee0b329,대구광역시,경감
여자,대구광역시,감경,3등급,1060,2015,https://api.odcloud.kr/api/15072696/v1/uddi:553b4d25-80c0-471b-9cc7-af7abee0b329,대구광역시,경감
여자,대구광역시,감경,4등급,777,2015,https://api.odcloud.kr/api/15072696/v1/uddi:553b4d25-80c0-471b-9cc7-af7abee0b329,대구광역시,경감
여자,대구광역시,감경,5등급,126,2015,https://api.odcloud.kr/api/15072696/v1/uddi:553b4d25-80c0-471b-9cc7-af7abee0b329,대구광역시,경감
여자,대구광역시,감경,등급외,206,2015,https://api.odcloud.kr/api/15072696/v1/uddi:553b4d25-80c0-471b-9cc7-af7abee0b329,대구광역시,경감
여자,대구광역시,의료급여,1등급,15,2015,https://api.odcloud.kr/api/15072696/v1/uddi:553b4d25-80c0-471b-9cc7-af7abee0b329,대구광역시,의료급여
여자,대구광역시,의료급여,2등급,29,2015,https://api.odcloud.kr/api/15072696/v1/uddi:553b4d25-80c0-471b-9cc7-af7abee0b329,대구광역시,의료급여
여자,대구광역시,의료급여,3등급,96,2015,https://api.odcloud.kr/api/15072696/v1/uddi:553b4d25-80c0-471b-9cc7-af7abee0b329,대구광역시,의료급여
여자,대구광역시,의료급여,4등급,86,2015,https://api.odcloud.kr/api/15072696/v1/uddi:553b4d25-80c0-471b-9cc7-af7abee0b329,대구광역시,의료급여
여자,대구광역시,의료급여,5등급,10,2015,https://api.odcloud.kr/api/15072696/v1/uddi:553b4d25-80c0-471b-9cc7-af7abee0b329,대구광역시,의료급여
여자,대구광역시,의료급여,등급외,95,2015,https://api.odcloud.kr/api/15072696/v1/uddi:553b4d25-80c0-471b-9cc7-af7abee0b329,대구광역시,의료급여
여자,대구광역시,기초수급,1등급,217,2015,https://api.odcloud.kr/api/15072696/v1/uddi:553b4d25-80c0-471b-9cc7-af7abee0b329,대구광역시,기초수급
여자,대구광역시,기초수급,2등급,423,2015,https://api.odcloud.kr/api/15072696/v1/uddi:553b4d25-80c0-471b-9cc7-af7abee0b329,대구광역시,기초수급
여자,대구광역시,기초수급,3등급,979,2015,https://api.odcloud.kr/api/15072696/v1/uddi:553b4d25-80c0-471b-9cc7-af7abee0b329,대구광역시,기초수급
여자,대구광역시,기초수급,4등급,861,2015,https://api.odcloud.kr/api/15072696/v1/uddi:553b4d25-80c0-471b-9cc7-af7abee0b329,대구광역시,기초수급
여자,대구광역시,기초수급,5등급,113,2015,https://api.odcloud.kr/api/15072696/v1/uddi:553b4d25-80c0-471b-9cc7-af7abee0b329,대구광역시,기초수급
여자,대구광역시,기초수급,등급외,1542,2015,https://api.odcloud.kr/api/15072696/v1/uddi:553b4d25-80c0-471b-9cc7-af7abee0b329,대구광역시,기초수급
남자,인천광역시,일반,1등급,359,2015,https://api.odcloud.kr/api/15072696/v1/uddi:553b4d25-80c0-471b-9cc7-af7abee0b329,인천광역시,일반
남자,인천광역시,일반,2등급,618,2015,https://api.odcloud.kr/api/15072696/v1/uddi:553b4d25-80c0-471b-9cc7-af7abee0b329,인천광역시,일반
남자,인천광역시,일반,3등급,1826,2015,https://api.odcloud.kr/api/15072696/v1/uddi:553b4d25-80c0-471b-9cc7-af7abee0b329,인천광역시,일반
남자,인천광역시,일반,4등급,1472,2015,https://api.odcloud.kr/api/15072696/v1/uddi:553b4d25-80c0-471b-9cc7-af7abee0b329,인천광역시,일반
남자,인천광역시,일반,5등급,135,2015,https://api.odcloud.kr/api/15072696/v1/uddi:553b4d25-80c0-471b-9cc7-af7abee0b329,인천광역시,일반
남자,인천광역시,일반,등급외,1142,2015,https://api.odcloud.kr/api/15072696/v1/uddi:553b4d25-80c0-471b-9cc7-af7abee0b329,인천광역시,일반
남자,인천광역시,감경,1등급,96,2015,https://api.odcloud.kr/api/15072696/v1/uddi:553b4d25-80c0-471b-9cc7-af7abee0b329,인천광역시,경감
남자,인천광역시,감경,2등급,195,2015,https://api.odcloud.kr/api/15072696/v1/uddi:553b4d25-80c0-471b-9cc7-af7abee0b329,인천광역시,경감
남자,인천광역시,감경,3등급,411,2015,https://api.odcloud.kr/api/15072696/v1/uddi:553b4d25-80c0-471b-9cc7-af7abee0b329,인천광역시,경감
남자,인천광역시,감경,4등급,384,2015,https://api.odcloud.kr/api/15072696/v1/uddi:553b4d25-80c0-471b-9cc7-af7abee0b329,인천광역시,경감
남자,인천광역시,감경,5등급,30,2015,https://api.odcloud.kr/api/15072696/v1/uddi:553b4d25-80c0-471b-9cc7-af7abee0b329,인천광역시,경감
남자,인천광역시,감경,등급외,44,2015,https://api.odcloud.kr/api/15072696/v1/uddi:553b4d25-80c0-471b-9cc7-af7abee0b329,인천광역시,경감
남자,인천광역시,의료급여,1등급,10,2015,https://api.odcloud.kr/api/15072696/v1/uddi:553b4d25-80c0-471b-9cc7-af7abee0b329,인천광역시,의료급여
남자,인천광역시,의료급여,2등급,12,2015,https://api.odcloud.kr/api/15072696/v1/uddi:553b4d25-80c0-471b-9cc7-af7abee0b329,인천광역시,의료급여
남자,인천광역시,의료급여,3등급,32,2015,https://api.odcloud.kr/api/15072696/v1/uddi:553b4d25-80c0-471b-9cc7-af7abee0b329,인천광역시,의료급여
남자,인천광역시,의료급여,4등급,26,2015,https://api.odcloud.kr/api/15072696/v1/uddi:553b4d25-80c0-471b-9cc7-af7abee0b329,인천광역시,의료급여
남자,인천광역시,의료급여,5등급,2,2015,https://api.odcloud.kr/api/15072696/v1/uddi:553b4d25-80c0-471b-9cc7-af7abee0b329,인천광역시,의료급여
남자,인천광역시,의료급여,등급외,28,2015,https://api.odcloud.kr/api/15072696/v1/uddi:553b4d25-80c0-471b-9cc7-af7abee0b329,인천광역시,의료급여
남자,인천광역시,기초수급,1등급,106,2015,https://api.odcloud.kr/api/15072696/v1/uddi:553b4d25-80c0-471b-9cc7-af7abee0b329,인천광역시,기초수급
남자,인천광역시,기초수급,2등급,179,2015,https://api.odcloud.kr/api/15072696/v1/uddi:553b4d25-80c0-471b-9cc7-af7abee0b329,인천광역시,기초수급
남자,인천광역시,기초수급,3등급,545,2015,https://api.odcloud.kr/api/15072696/v1/uddi:553b4d25-80c0-471b-9cc7-af7abee0b329,인천광역시,기초수급
남자,인천광역시,기초수급,4등급,531,2015,https://api.odcloud.kr/api/15072696/v1/uddi:553b4d25-80c0-471b-9cc7-af7abee0b329,인천광역시,기초수급
남자,인천광역시,기초수급,5등급,36,2015,https://api.odcloud.kr/api/15072696/v1/uddi:553b4d25-80c0-471b-9cc7-af7abee0b329,인천광역시,기초수급
남자,인천광역시,기초수급,등급외,688,2015,https://api.odcloud.kr/api/15072696/v1/uddi:553b4d25-80c0-471b-9cc7-af7abee0b329,인천광역시,기초수급
여자,인천광역시,일반,1등급,864,2015,https://api.odcloud.kr/api/15072696/v1/uddi:553b4d25-80c0-471b-9cc7-af7abee0b329,인천광역시,일반
여자,인천광역시,일반,2등급,1812,2015,https://api.odcloud.kr/api/15072696/v1/uddi:553b4d25-80c0-471b-9cc7-af7abee0b329,인천광역시,일반
여자,인천광역시,일반,3등급,4361,2015,https://api.odcloud.kr/api/15072696/v1/uddi:553b4d25-80c0-471b-9cc7-af7abee0b329,인천광역시,일반
여자,인천광역시,일반,4등급,3909,2015,https://api.odcloud.kr/api/15072696/v1/uddi:553b4d25-80c0-471b-9cc7-af7abee0b329,인천광역시,일반
여자,인천광역시,일반,5등급,431,2015,https://api.odcloud.kr/api/15072696/v1/uddi:553b4d25-80c0-471b-9cc7-af7abee0b329,인천광역시,일반
여자,인천광역시,일반,등급외,3476,2015,https://api.odcloud.kr/api/15072696/v1/uddi:553b4d25-80c0-471b-9cc7-af7abee0b329,인천광역시,일반
여자,인천광역시,감경,1등급,257,2015,https://api.odcloud.kr/api/15072696/v1/uddi:553b4d25-80c0-471b-9cc7-af7abee0b329,인천광역시,경감
여자,인천광역시,감경,2등급,640,2015,https://api.odcloud.kr/api/15072696/v1/uddi:553b4d25-80c0-471b-9cc7-af7abee0b329,인천광역시,경감
여자,인천광역시,감경,3등급,1335,2015,https://api.odcloud.kr/api/15072696/v1/uddi:553b4d25-80c0-471b-9cc7-af7abee0b329,인천광역시,경감
여자,인천광역시,감경,4등급,1042,2015,https://api.odcloud.kr/api/15072696/v1/uddi:553b4d25-80c0-471b-9cc7-af7abee0b329,인천광역시,경감
여자,인천광역시,감경,5등급,81,2015,https://api.odcloud.kr/api/15072696/v1/uddi:553b4d25-80c0-471b-9cc7-af7abee0b329,인천광역시,경감
여자,인천광역시,감경,등급외,129,2015,https://api.odcloud.kr/api/15072696/v1/uddi:553b4d25-80c0-471b-9cc7-af7abee0b329,인천광역시,경감
여자,인천광역시,의료급여,1등급,8,2015,https://api.odcloud.kr/api/15072696/v1/uddi:553b4d25-80c0-471b-9cc7-af7abee0b329,인천광역시,의료급여
여자,인천광역시,의료급여,2등급,22,2015,https://api.odcloud.kr/api/15072696/v1/uddi:553b4d25-80c0-471b-9cc7-af7abee0b329,인천광역시,의료급여
여자,인천광역시,의료급여,3등급,64,2015,https://api.odcloud.kr/api/15072696/v1/uddi:553b4d25-80c0-471b-9cc7-af7abee0b329,인천광역시,의료급여
여자,인천광역시,의료급여,4등급,58,2015,https://api.odcloud.kr/api/15072696/v1/uddi:553b4d25-80c0-471b-9cc7-af7abee0b329,인천광역시,의료급여
여자,인천광역시,의료급여,5등급,1,2015,https://api.odcloud.kr/api/15072696/v1/uddi:553b4d25-80c0-471b-9cc7-af7abee0b329,인천광역시,의료급여
여자,인천광역시,의료급여,등급외,61,2015,https://api.odcloud.kr/api/15072696/v1/uddi:553b4d25-80c0-471b-9cc7-af7abee0b329,인천광역시,의료급여
여자,인천광역시,기초수급,1등급,266,2015,https://api.odcloud.kr/api/15072696/v1/uddi:553b4d25-80c0-471b-9cc7-af7abee0b329,인천광역시,기초수급
여자,인천광역시,기초수급,2등급,502,2015,https://api.odcloud.kr/api/15072696/v1/uddi:553b4d25-80c0-471b-9cc7-af7abee0b329,인천광역시,기초수급
여자,인천광역시,기초수급,3등급,1276,2015,https://api.odcloud.kr/api/15072696/v1/uddi:553b4d25-80c0-471b-9cc7-af7abee0b329,인천광역시,기초수급
여자,인천광역시,기초수급,4등급,1405,2015,https://api.odcloud.kr/api/15072696/v1/uddi:553b4d25-80c0-471b-9cc7-af7abee0b329,인천광역시,기초수급
여자,인천광역시,기초수급,5등급,90,2015,https://api.odcloud.kr/api/15072696/v1/uddi:553b4d25-80c0-471b-9cc7-af7abee0b329,인천광역시,기초수급
여자,인천광역시,기초수급,등급외,1569,2015,https://api.odcloud.kr/api/15072696/v1/uddi:553b4d25-80c0-471b-9cc7-af7abee0b329,인천광역시,기초수급
남자,광주광역시,일반,1등급,138,2015,https://api.odcloud.kr/api/15072696/v1/uddi:553b4d25-80c0-471b-9cc7-af7abee0b329,광주광역시,일반
남자,광주광역시,일반,2등급,263,2015,https://api.odcloud.kr/api/15072696/v1/uddi:553b4d25-80c0-471b-9cc7-af7abee0b329,광주광역시,일반
남자,광주광역시,일반,3등급,854,2015,https://api.odcloud.kr/api/15072696/v1/uddi:553b4d25-80c0-471b-9cc7-af7abee0b329,광주광역시,일반
남자,광주광역시,일반,4등급,868,2015,https://api.odcloud.kr/api/15072696/v1/uddi:553b4d25-80c0-471b-9cc7-af7abee0b329,광주광역시,일반
남자,광주광역시,일반,5등급,98,2015,https://api.odcloud.kr/api/15072696/v1/uddi:553b4d25-80c0-471b-9cc7-af7abee0b329,광주광역시,일반
남자,광주광역시,일반,등급외,979,2015,https://api.odcloud.kr/api/15072696/v1/uddi:553b4d25-80c0-471b-9cc7-af7abee0b329,광주광역시,일반
남자,광주광역시,감경,1등급,37,2015,https://api.odcloud.kr/api/15072696/v1/uddi:553b4d25-80c0-471b-9cc7-af7abee0b329,광주광역시,경감
남자,광주광역시,감경,2등급,54,2015,https://api.odcloud.kr/api/15072696/v1/uddi:553b4d25-80c0-471b-9cc7-af7abee0b329,광주광역시,경감
남자,광주광역시,감경,3등급,185,2015,https://api.odcloud.kr/api/15072696/v1/uddi:553b4d25-80c0-471b-9cc7-af7abee0b329,광주광역시,경감
남자,광주광역시,감경,4등급,195,2015,https://api.odcloud.kr/api/15072696/v1/uddi:553b4d25-80c0-471b-9cc7-af7abee0b329,광주광역시,경감
남자,광주광역시,감경,5등급,17,2015,https://api.odcloud.kr/api/15072696/v1/uddi:553b4d25-80c0-471b-9cc7-af7abee0b329,광주광역시,경감
남자,광주광역시,감경,등급외,59,2015,https://api.odcloud.kr/api/15072696/v1/uddi:553b4d25-80c0-471b-9cc7-af7abee0b329,광주광역시,경감
남자,광주광역시,의료급여,1등급,6,2015,https://api.odcloud.kr/api/15072696/v1/uddi:553b4d25-80c0-471b-9cc7-af7abee0b329,광주광역시,의료급여
남자,광주광역시,의료급여,2등급,10,2015,https://api.odcloud.kr/api/15072696/v1/uddi:553b4d25-80c0-471b-9cc7-af7abee0b329,광주광역시,의료급여
남자,광주광역시,의료급여,3등급,24,2015,https://api.odcloud.kr/api/15072696/v1/uddi:553b4d25-80c0-471b-9cc7-af7abee0b329,광주광역시,의료급여
남자,광주광역시,의료급여,4등급,23,2015,https://api.odcloud.kr/api/15072696/v1/uddi:553b4d25-80c0-471b-9cc7-af7abee0b329,광주광역시,의료급여
남자,광주광역시,의료급여,5등급,3,2015,https://api.odcloud.kr/api/15072696/v1/uddi:553b4d25-80c0-471b-9cc7-af7abee0b329,광주광역시,의료급여
남자,광주광역시,의료급여,등급외,31,2015,https://api.odcloud.kr/api/15072696/v1/uddi:553b4d25-80c0-471b-9cc7-af7abee0b329,광주광역시,의료급여
남자,광주광역시,기초수급,1등급,31,2015,https://api.odcloud.kr/api/15072696/v1/uddi:553b4d25-80c0-471b-9cc7-af7abee0b329,광주광역시,기초수급
남자,광주광역시,기초수급,2등급,39,2015,https://api.odcloud.kr/api/15072696/v1/uddi:553b4d25-80c0-471b-9cc7-af7abee0b329,광주광역시,기초수급
남자,광주광역시,기초수급,3등급,152,2015,https://api.odcloud.kr/api/15072696/v1/uddi:553b4d25-80c0-471b-9cc7-af7abee0b329,광주광역시,기초수급
남자,광주광역시,기초수급,4등급,233,2015,https://api.odcloud.kr/api/15072696/v1/uddi:553b4d25-80c0-471b-9cc7-af7abee0b329,광주광역시,기초수급
남자,광주광역시,기초수급,5등급,11,2015,https://api.odcloud.kr/api/15072696/v1/uddi:553b4d25-80c0-471b-9cc7-af7abee0b329,광주광역시,기초수급
남자,광주광역시,기초수급,등급외,475,2015,https://api.odcloud.kr/api/15072696/v1/uddi:553b4d25-80c0-471b-9cc7-af7abee0b329,광주광역시,기초수급
여자,광주광역시,일반,1등급,354,2015,https://api.odcloud.kr/api/15072696/v1/uddi:553b4d25-80c0-471b-9cc7-af7abee0b329,광주광역시,일반
여자,광주광역시,일반,2등급,641,2015,https://api.odcloud.kr/api/15072696/v1/uddi:553b4d25-80c0-471b-9cc7-af7abee0b329,광주광역시,일반
여자,광주광역시,일반,3등급,2015,2015,https://api.odcloud.kr/api/15072696/v1/uddi:553b4d25-80c0-471b-9cc7-af7abee0b329,광주광역시,일반
여자,광주광역시,일반,4등급,2589,2015,https://api.odcloud.kr/api/15072696/v1/uddi:553b4d25-80c0-471b-9cc7-af7abee0b329,광주광역시,일반
여자,광주광역시,일반,5등급,255,2015,https://api.odcloud.kr/api/15072696/v1/uddi:553b4d25-80c0-471b-9cc7-af7abee0b329,광주광역시,일반
여자,광주광역시,일반,등급외,3281,2015,https://api.odcloud.kr/api/15072696/v1/uddi:553b4d25-80c0-471b-9cc7-af7abee0b329,광주광역시,일반
여자,광주광역시,감경,1등급,82,2015,https://api.odcloud.kr/api/15072696/v1/uddi:553b4d25-80c0-471b-9cc7-af7abee0b329,광주광역시,경감
여자,광주광역시,감경,2등급,189,2015,https://api.odcloud.kr/api/15072696/v1/uddi:553b4d25-80c0-471b-9cc7-af7abee0b329,광주광역시,경감
여자,광주광역시,감경,3등급,544,2015,https://api.odcloud.kr/api/15072696/v1/uddi:553b4d25-80c0-471b-9cc7-af7abee0b329,광주광역시,경감
여자,광주광역시,감경,4등급,711,2015,https://api.odcloud.kr/api/15072696/v1/uddi:553b4d25-80c0-471b-9cc7-af7abee0b329,광주광역시,경감
여자,광주광역시,감경,5등급,61,2015,https://api.odcloud.kr/api/15072696/v1/uddi:553b4d25-80c0-471b-9cc7-af7abee0b329,광주광역시,경감
여자,광주광역시,감경,등급외,215,2015,https://api.odcloud.kr/api/15072696/v1/uddi:553b4d25-80c0-471b-9cc7-af7abee0b329,광주광역시,경감
여자,광주광역시,의료급여,1등급,10,2015,https://api.odcloud.kr/api/15072696/v1/uddi:553b4d25-80c0-471b-9cc7-af7abee0b329,광주광역시,의료급여
여자,광주광역시,의료급여,2등급,27,2015,https://api.odcloud.kr/api/15072696/v1/uddi:553b4d25-80c0-471b-9cc7-af7abee0b329,광주광역시,의료급여
여자,광주광역시,의료급여,3등급,73,2015,https://api.odcloud.kr/api/15072696/v1/uddi:553b4d25-80c0-471b-9cc7-af7abee0b329,광주광역시,의료급여
여자,광주광역시,의료급여,4등급,81,2015,https://api.odcloud.kr/api/15072696/v1/uddi:553b4d25-80c0-471b-9cc7-af7abee0b329,광주광역시,의료급여
여자,광주광역시,의료급여,5등급,3,2015,https://api.odcloud.kr/api/15072696/v1/uddi:553b4d25-80c0-471b-9cc7-af7abee0b329,광주광역시,의료급여
여자,광주광역시,의료급여,등급외,92,2015,https://api.odcloud.kr/api/15072696/v1/uddi:553b4d25-80c0-471b-9cc7-af7abee0b329,광주광역시,의료급여
여자,광주광역시,기초수급,1등급,94,2015,https://api.odcloud.kr/api/15072696/v1/uddi:553b4d25-80c0-471b-9cc7-af7abee0b329,광주광역시,기초수급
여자,광주광역시,기초수급,2등급,191,2015,https://api.odcloud.kr/api/15072696/v1/uddi:553b4d25-80c0-471b-9cc7-af7abee0b329,광주광역시,기초수급
여자,광주광역시,기초수급,3등급,486,2015,https://api.odcloud.kr/api/15072696/v1/uddi:553b4d25-80c0-471b-9cc7-af7abee0b329,광주광역시,기초수급
여자,광주광역시,기초수급,4등급,724,2015,https://api.odcloud.kr/api/15072696/v1/uddi:553b4d25-80c0-471b-9cc7-af7abee0b329,광주광역시,기초수급
여자,광주광역시,기초수급,5등급,56,2015,https://api.odcloud.kr/api/15072696/v1/uddi:553b4d25-80c0-471b-9cc7-af7abee0b329,광주광역시,기초수급
여자,광주광역시,기초수급,등급외,1603,2015,https://api.odcloud.kr/api/15072696/v1/uddi:553b4d25-80c0-471b-9cc7-af7abee0b329,광주광역시,기초수급
남자,대전광역시,일반,1등급,185,2015,https://api.odcloud.kr/api/15072696/v1/uddi:553b4d25-80c0-471b-9cc7-af7abee0b329,대전광역시,일반
남자,대전광역시,일반,2등급,332,2015,https://api.odcloud.kr/api/15072696/v1/uddi:553b4d25-80c0-471b-9cc7-af7abee0b329,대전광역시,일반
남자,대전광역시,일반,3등급,1051,2015,https://api.odcloud.kr/api/15072696/v1/uddi:553b4d25-80c0-471b-9cc7-af7abee0b329,대전광역시,일반
남자,대전광역시,일반,4등급,849,2015,https://api.odcloud.kr/api/15072696/v1/uddi:553b4d25-80c0-471b-9cc7-af7abee0b329,대전광역시,일반
남자,대전광역시,일반,5등급,127,2015,https://api.odcloud.kr/api/15072696/v1/uddi:553b4d25-80c0-471b-9cc7-af7abee0b329,대전광역시,일반
남자,대전광역시,일반,등급외,758,2015,https://api.odcloud.kr/api/15072696/v1/uddi:553b4d25-80c0-471b-9cc7-af7abee0b329,대전광역시,일반
남자,대전광역시,감경,1등급,40,2015,https://api.odcloud.kr/api/15072696/v1/uddi:553b4d25-80c0-471b-9cc7-af7abee0b329,대전광역시,경감
남자,대전광역시,감경,2등급,83,2015,https://api.odcloud.kr/api/15072696/v1/uddi:553b4d25-80c0-471b-9cc7-af7abee0b329,대전광역시,경감
남자,대전광역시,감경,3등급,225,2015,https://api.odcloud.kr/api/15072696/v1/uddi:553b4d25-80c0-471b-9cc7-af7abee0b329,대전광역시,경감
남자,대전광역시,감경,4등급,201,2015,https://api.odcloud.kr/api/15072696/v1/uddi:553b4d25-80c0-471b-9cc7-af7abee0b329,대전광역시,경감
남자,대전광역시,감경,5등급,20,2015,https://api.odcloud.kr/api/15072696/v1/uddi:553b4d25-80c0-471b-9cc7-af7abee0b329,대전광역시,경감
남자,대전광역시,감경,등급외,49,2015,https://api.odcloud.kr/api/15072696/v1/uddi:553b4d25-80c0-471b-9cc7-af7abee0b329,대전광역시,경감
남자,대전광역시,의료급여,1등급,10,2015,https://api.odcloud.kr/api/15072696/v1/uddi:553b4d25-80c0-471b-9cc7-af7abee0b329,대전광역시,의료급여
남자,대전광역시,의료급여,2등급,8,2015,https://api.odcloud.kr/api/15072696/v1/uddi:553b4d25-80c0-471b-9cc7-af7abee0b329,대전광역시,의료급여
남자,대전광역시,의료급여,3등급,25,2015,https://api.odcloud.kr/api/15072696/v1/uddi:553b4d25-80c0-471b-9cc7-af7abee0b329,대전광역시,의료급여
남자,대전광역시,의료급여,4등급,19,2015,https://api.odcloud.kr/api/15072696/v1/uddi:553b4d25-80c0-471b-9cc7-af7abee0b329,대전광역시,의료급여
남자,대전광역시,의료급여,5등급,3,2015,https://api.odcloud.kr/api/15072696/v1/uddi:553b4d25-80c0-471b-9cc7-af7abee0b329,대전광역시,의료급여
남자,대전광역시,의료급여,등급외,13,2015,https://api.odcloud.kr/api/15072696/v1/uddi:553b4d25-80c0-471b-9cc7-af7abee0b329,대전광역시,의료급여
남자,대전광역시,기초수급,1등급,32,2015,https://api.odcloud.kr/api/15072696/v1/uddi:553b4d25-80c0-471b-9cc7-af7abee0b329,대전광역시,기초수급
남자,대전광역시,기초수급,2등급,74,2015,https://api.odcloud.kr/api/15072696/v1/uddi:553b4d25-80c0-471b-9cc7-af7abee0b329,대전광역시,기초수급
남자,대전광역시,기초수급,3등급,192,2015,https://api.odcloud.kr/api/15072696/v1/uddi:553b4d25-80c0-471b-9cc7-af7abee0b329,대전광역시,기초수급
남자,대전광역시,기초수급,4등급,225,2015,https://api.odcloud.kr/api/15072696/v1/uddi:553b4d25-80c0-471b-9cc7-af7abee0b329,대전광역시,기초수급
남자,대전광역시,기초수급,5등급,13,2015,https://api.odcloud.kr/api/15072696/v1/uddi:553b4d25-80c0-471b-9cc7-af7abee0b329,대전광역시,기초수급
남자,대전광역시,기초수급,등급외,459,2015,https://api.odcloud.kr/api/15072696/v1/uddi:553b4d25-80c0-471b-9cc7-af7abee0b329,대전광역시,기초수급
여자,대전광역시,일반,1등급,489,2015,https://api.odcloud.kr/api/15072696/v1/uddi:553b4d25-80c0-471b-9cc7-af7abee0b329,대전광역시,일반
여자,대전광역시,일반,2등급,962,2015,https://api.odcloud.kr/api/15072696/v1/uddi:553b4d25-80c0-471b-9cc7-af7abee0b329,대전광역시,일반
여자,대전광역시,일반,3등급,2486,2015,https://api.odcloud.kr/api/15072696/v1/uddi:553b4d25-80c0-471b-9cc7-af7abee0b329,대전광역시,일반
여자,대전광역시,일반,4등급,2259,2015,https://api.odcloud.kr/api/15072696/v1/uddi:553b4d25-80c0-471b-9cc7-af7abee0b329,대전광역시,일반
여자,대전광역시,일반,5등급,342,2015,https://api.odcloud.kr/api/15072696/v1/uddi:553b4d25-80c0-471b-9cc7-af7abee0b329,대전광역시,일반
여자,대전광역시,일반,등급외,2197,2015,https://api.odcloud.kr/api/15072696/v1/uddi:553b4d25-80c0-471b-9cc7-af7abee0b329,대전광역시,일반
여자,대전광역시,감경,1등급,128,2015,https://api.odcloud.kr/api/15072696/v1/uddi:553b4d25-80c0-471b-9cc7-af7abee0b329,대전광역시,경감
여자,대전광역시,감경,2등급,273,2015,https://api.odcloud.kr/api/15072696/v1/uddi:553b4d25-80c0-471b-9cc7-af7abee0b329,대전광역시,경감
여자,대전광역시,감경,3등급,731,2015,https://api.odcloud.kr/api/15072696/v1/uddi:553b4d25-80c0-471b-9cc7-af7abee0b329,대전광역시,경감
여자,대전광역시,감경,4등급,598,2015,https://api.odcloud.kr/api/15072696/v1/uddi:553b4d25-80c0-471b-9cc7-af7abee0b329,대전광역시,경감
여자,대전광역시,감경,5등급,64,2015,https://api.odcloud.kr/api/15072696/v1/uddi:553b4d25-80c0-471b-9cc7-af7abee0b329,대전광역시,경감
여자,대전광역시,감경,등급외,127,2015,https://api.odcloud.kr/api/15072696/v1/uddi:553b4d25-80c0-471b-9cc7-af7abee0b329,대전광역시,경감
여자,대전광역시,의료급여,1등급,12,2015,https://api.odcloud.kr/api/15072696/v1/uddi:553b4d25-80c0-471b-9cc7-af7abee0b329,대전광역시,의료급여
여자,대전광역시,의료급여,2등급,21,2015,https://api.odcloud.kr/api/15072696/v1/uddi:553b4d25-80c0-471b-9cc7-af7abee0b329,대전광역시,의료급여
여자,대전광역시,의료급여,3등급,59,2015,https://api.odcloud.kr/api/15072696/v1/uddi:553b4d25-80c0-471b-9cc7-af7abee0b329,대전광역시,의료급여
여자,대전광역시,의료급여,4등급,47,2015,https://api.odcloud.kr/api/15072696/v1/uddi:553b4d25-80c0-471b-9cc7-af7abee0b329,대전광역시,의료급여
여자,대전광역시,의료급여,5등급,6,2015,https://api.odcloud.kr/api/15072696/v1/uddi:553b4d25-80c0-471b-9cc7-af7abee0b329,대전광역시,의료급여
여자,대전광역시,의료급여,등급외,36,2015,https://api.odcloud.kr/api/15072696/v1/uddi:553b4d25-80c0-471b-9cc7-af7abee0b329,대전광역시,의료급여
여자,대전광역시,기초수급,1등급,108,2015,https://api.odcloud.kr/api/15072696/v1/uddi:553b4d25-80c0-471b-9cc7-af7abee0b329,대전광역시,기초수급
여자,대전광역시,기초수급,2등급,234,2015,https://api.odcloud.kr/api/15072696/v1/uddi:553b4d25-80c0-471b-9cc7-af7abee0b329,대전광역시,기초수급
여자,대전광역시,기초수급,3등급,523,2015,https://api.odcloud.kr/api/15072696/v1/uddi:553b4d25-80c0-471b-9cc7-af7abee0b329,대전광역시,기초수급
여자,대전광역시,기초수급,4등급,582,2015,https://api.odcloud.kr/api/15072696/v1/uddi:553b4d25-80c0-471b-9cc7-af7abee0b329,대전광역시,기초수급
여자,대전광역시,기초수급,5등급,54,2015,https://api.odcloud.kr/api/15072696/v1/uddi:553b4d25-80c0-471b-9cc7-af7abee0b329,대전광역시,기초수급
여자,대전광역시,기초수급,등급외,959,2015,https://api.odcloud.kr/api/15072696/v1/uddi:553b4d25-80c0-471b-9cc7-af7abee0b329,대전광역시,기초수급
남자,울산광역시,일반,1등급,118,2015,https://api.odcloud.kr/api/15072696/v1/uddi:553b4d25-80c0-471b-9cc7-af7abee0b329,울산광역시,일반
남자,울산광역시,일반,2등급,180,2015,https://api.odcloud.kr/api/15072696/v1/uddi:553b4d25-80c0-471b-9cc7-af7abee0b329,울산광역시,일반
남자,울산광역시,일반,3등급,552,2015,https://api.odcloud.kr/api/15072696/v1/uddi:553b4d25-80c0-471b-9cc7-af7abee0b329,울산광역시,일반
남자,울산광역시,일반,4등급,340,2015,https://api.odcloud.kr/api/15072696/v1/uddi:553b4d25-80c0-471b-9cc7-af7abee0b329,울산광역시,일반
남자,울산광역시,일반,5등급,31,2015,https://api.odcloud.kr/api/15072696/v1/uddi:553b4d25-80c0-471b-9cc7-af7abee0b329,울산광역시,일반
남자,울산광역시,일반,등급외,288,2015,https://api.odcloud.kr/api/15072696/v1/uddi:553b4d25-80c0-471b-9cc7-af7abee0b329,울산광역시,일반
남자,울산광역시,감경,1등급,26,2015,https://api.odcloud.kr/api/15072696/v1/uddi:553b4d25-80c0-471b-9cc7-af7abee0b329,울산광역시,경감
남자,울산광역시,감경,2등급,30,2015,https://api.odcloud.kr/api/15072696/v1/uddi:553b4d25-80c0-471b-9cc7-af7abee0b329,울산광역시,경감
남자,울산광역시,감경,3등급,89,2015,https://api.odcloud.kr/api/15072696/v1/uddi:553b4d25-80c0-471b-9cc7-af7abee0b329,울산광역시,경감
남자,울산광역시,감경,4등급,43,2015,https://api.odcloud.kr/api/15072696/v1/uddi:553b4d25-80c0-471b-9cc7-af7abee0b329,울산광역시,경감
남자,울산광역시,감경,5등급,4,2015,https://api.odcloud.kr/api/15072696/v1/uddi:553b4d25-80c0-471b-9cc7-af7abee0b329,울산광역시,경감
남자,울산광역시,감경,등급외,3,2015,https://api.odcloud.kr/api/15072696/v1/uddi:553b4d25-80c0-471b-9cc7-af7abee0b329,울산광역시,경감
남자,울산광역시,의료급여,2등급,1,2015,https://api.odcloud.kr/api/15072696/v1/uddi:553b4d25-80c0-471b-9cc7-af7abee0b329,울산광역시,의료급여
남자,울산광역시,의료급여,3등급,3,2015,https://api.odcloud.kr/api/15072696/v1/uddi:553b4d25-80c0-471b-9cc7-af7abee0b329,울산광역시,의료급여
남자,울산광역시,의료급여,4등급,6,2015,https://api.odcloud.kr/api/15072696/v1/uddi:553b4d25-80c0-471b-9cc7-af7abee0b329,울산광역시,의료급여
남자,울산광역시,의료급여,5등급,1,2015,https://api.odcloud.kr/api/15072696/v1/uddi:553b4d25-80c0-471b-9cc7-af7abee0b329,울산광역시,의료급여
남자,울산광역시,의료급여,등급외,5,2015,https://api.odcloud.kr/api/15072696/v1/uddi:553b4d25-80c0-471b-9cc7-af7abee0b329,울산광역시,의료급여
남자,울산광역시,기초수급,1등급,14,2015,https://api.odcloud.kr/api/15072696/v1/uddi:553b4d25-80c0-471b-9cc7-af7abee0b329,울산광역시,기초수급
남자,울산광역시,기초수급,2등급,24,2015,https://api.odcloud.kr/api/15072696/v1/uddi:553b4d25-80c0-471b-9cc7-af7abee0b329,울산광역시,기초수급
남자,울산광역시,기초수급,3등급,97,2015,https://api.odcloud.kr/api/15072696/v1/uddi:553b4d25-80c0-471b-9cc7-af7abee0b329,울산광역시,기초수급
남자,울산광역시,기초수급,4등급,99,2015,https://api.odcloud.kr/api/15072696/v1/uddi:553b4d25-80c0-471b-9cc7-af7abee0b329,울산광역시,기초수급
남자,울산광역시,기초수급,5등급,7,2015,https://api.odcloud.kr/api/15072696/v1/uddi:553b4d25-80c0-471b-9cc7-af7abee0b329,울산광역시,기초수급
남자,울산광역시,기초수급,등급외,182,2015,https://api.odcloud.kr/api/15072696/v1/uddi:553b4d25-80c0-471b-9cc7-af7abee0b329,울산광역시,기초수급
여자,울산광역시,일반,1등급,286,2015,https://api.odcloud.kr/api/15072696/v1/uddi:553b4d25-80c0-471b-9cc7-af7abee0b329,울산광역시,일반
여자,울산광역시,일반,2등급,544,2015,https://api.odcloud.kr/api/15072696/v1/uddi:553b4d25-80c0-471b-9cc7-af7abee0b329,울산광역시,일반
여자,울산광역시,일반,3등급,1368,2015,https://api.odcloud.kr/api/15072696/v1/uddi:553b4d25-80c0-471b-9cc7-af7abee0b329,울산광역시,일반
여자,울산광역시,일반,4등급,980,2015,https://api.odcloud.kr/api/15072696/v1/uddi:553b4d25-80c0-471b-9cc7-af7abee0b329,울산광역시,일반
여자,울산광역시,일반,5등급,132,2015,https://api.odcloud.kr/api/15072696/v1/uddi:553b4d25-80c0-471b-9cc7-af7abee0b329,울산광역시,일반
여자,울산광역시,일반,등급외,950,2015,https://api.odcloud.kr/api/15072696/v1/uddi:553b4d25-80c0-471b-9cc7-af7abee0b329,울산광역시,일반
여자,울산광역시,감경,1등급,48,2015,https://api.odcloud.kr/api/15072696/v1/uddi:553b4d25-80c0-471b-9cc7-af7abee0b329,울산광역시,경감
여자,울산광역시,감경,2등급,67,2015,https://api.odcloud.kr/api/15072696/v1/uddi:553b4d25-80c0-471b-9cc7-af7abee0b329,울산광역시,경감
여자,울산광역시,감경,3등급,191,2015,https://api.odcloud.kr/api/15072696/v1/uddi:553b4d25-80c0-471b-9cc7-af7abee0b329,울산광역시,경감
여자,울산광역시,감경,4등급,157,2015,https://api.odcloud.kr/api/15072696/v1/uddi:553b4d25-80c0-471b-9cc7-af7abee0b329,울산광역시,경감
여자,울산광역시,감경,5등급,25,2015,https://api.odcloud.kr/api/15072696/v1/uddi:553b4d25-80c0-471b-9cc7-af7abee0b329,울산광역시,경감
여자,울산광역시,감경,등급외,23,2015,https://api.odcloud.kr/api/15072696/v1/uddi:553b4d25-80c0-471b-9cc7-af7abee0b329,울산광역시,경감
여자,울산광역시,의료급여,1등급,5,2015,https://api.odcloud.kr/api/15072696/v1/uddi:553b4d25-80c0-471b-9cc7-af7abee0b329,울산광역시,의료급여
여자,울산광역시,의료급여,2등급,8,2015,https://api.odcloud.kr/api/15072696/v1/uddi:553b4d25-80c0-471b-9cc7-af7abee0b329,울산광역시,의료급여
여자,울산광역시,의료급여,3등급,21,2015,https://api.odcloud.kr/api/15072696/v1/uddi:553b4d25-80c0-471b-9cc7-af7abee0b329,울산광역시,의료급여
여자,울산광역시,의료급여,4등급,12,2015,https://api.odcloud.kr/api/15072696/v1/uddi:553b4d25-80c0-471b-9cc7-af7abee0b329,울산광역시,의료급여
여자,울산광역시,의료급여,5등급,2,2015,https://api.odcloud.kr/api/15072696/v1/uddi:553b4d25-80c0-471b-9cc7-af7abee0b329,울산광역시,의료급여
여자,울산광역시,의료급여,등급외,18,2015,https://api.odcloud.kr/api/15072696/v1/uddi:553b4d25-80c0-471b-9cc7-af7abee0b329,울산광역시,의료급여
여자,울산광역시,기초수급,1등급,50,2015,https://api.odcloud.kr/api/15072696/v1/uddi:553b4d25-80c0-471b-9cc7-af7abee0b329,울산광역시,기초수급
여자,울산광역시,기초수급,2등급,92,2015,https://api.odcloud.kr/api/15072696/v1/uddi:553b4d25-80c0-471b-9cc7-af7abee0b329,울산광역시,기초수급
여자,울산광역시,기초수급,3등급,216,2015,https://api.odcloud.kr/api/15072696/v1/uddi:553b4d25-80c0-471b-9cc7-af7abee0b329,울산광역시,기초수급
여자,울산광역시,기초수급,4등급,215,2015,https://api.odcloud.kr/api/15072696/v1/uddi:553b4d25-80c0-471b-9cc7-af7abee0b329,울산광역시,기초수급
여자,울산광역시,기초수급,5등급,24,2015,https://api.odcloud.kr/api/15072696/v1/uddi:553b4d25-80c0-471b-9cc7-af7abee0b329,울산광역시,기초수급
여자,울산광역시,기초수급,등급외,406,2015,https://api.odcloud.kr/api/15072696/v1/uddi:553b4d25-80c0-471b-9cc7-af7abee0b329,울산광역시,기초수급
남자,세종특별자치시,일반,1등급,38,2015,https://api.odcloud.kr/api/15072696/v1/uddi:553b4d25-80c0-471b-9cc7-af7abee0b329,세종특별자치시,일반
남자,세종특별자치시,일반,2등급,46,2015,https://api.odcloud.kr/api/15072696/v1/uddi:553b4d25-80c0-471b-9cc7-af7abee0b329,세종특별자치시,일반
남자,세종특별자치시,일반,3등급,98,2015,https://api.odcloud.kr/api/15072696/v1/uddi:553b4d25-80c0-471b-9cc7-af7abee0b329,세종특별자치시,일반
남자,세종특별자치시,일반,4등급,112,2015,https://api.odcloud.kr/api/15072696/v1/uddi:553b4d25-80c0-471b-9cc7-af7abee0b329,세종특별자치시,일반
남자,세종특별자치시,일반,5등급,13,2015,https://api.odcloud.kr/api/15072696/v1/uddi:553b4d25-80c0-471b-9cc7-af7abee0b329,세종특별자치시,일반
남자,세종특별자치시,일반,등급외,87,2015,https://api.odcloud.kr/api/15072696/v1/uddi:553b4d25-80c0-471b-9cc7-af7abee0b329,세종특별자치시,일반
남자,세종특별자치시,감경,1등급,7,2015,https://api.odcloud.kr/api/15072696/v1/uddi:553b4d25-80c0-471b-9cc7-af7abee0b329,세종특별자치시,경감
남자,세종특별자치시,감경,2등급,7,2015,https://api.odcloud.kr/api/15072696/v1/uddi:553b4d25-80c0-471b-9cc7-af7abee0b329,세종특별자치시,경감
남자,세종특별자치시,감경,3등급,16,2015,https://api.odcloud.kr/api/15072696/v1/uddi:553b4d25-80c0-471b-9cc7-af7abee0b329,세종특별자치시,경감
남자,세종특별자치시,감경,4등급,24,2015,https://api.odcloud.kr/api/15072696/v1/uddi:553b4d25-80c0-471b-9cc7-af7abee0b329,세종특별자치시,경감
남자,세종특별자치시,감경,5등급,1,2015,https://api.odcloud.kr/api/15072696/v1/uddi:553b4d25-80c0-471b-9cc7-af7abee0b329,세종특별자치시,경감
남자,세종특별자치시,감경,등급외,4,2015,https://api.odcloud.kr/api/15072696/v1/uddi:553b4d25-80c0-471b-9cc7-af7abee0b329,세종특별자치시,경감
남자,세종특별자치시,의료급여,1등급,1,2015,https://api.odcloud.kr/api/15072696/v1/uddi:553b4d25-80c0-471b-9cc7-af7abee0b329,세종특별자치시,의료급여
남자,세종특별자치시,의료급여,3등급,2,2015,https://api.odcloud.kr/api/15072696/v1/uddi:553b4d25-80c0-471b-9cc7-af7abee0b329,세종특별자치시,의료급여
남자,세종특별자치시,의료급여,4등급,3,2015,https://api.odcloud.kr/api/15072696/v1/uddi:553b4d25-80c0-471b-9cc7-af7abee0b329,세종특별자치시,의료급여
남자,세종특별자치시,의료급여,등급외,3,2015,https://api.odcloud.kr/api/15072696/v1/uddi:553b4d25-80c0-471b-9cc7-af7abee0b329,세종특별자치시,의료급여
남자,세종특별자치시,기초수급,1등급,3,2015,https://api.odcloud.kr/api/15072696/v1/uddi:553b4d25-80c0-471b-9cc7-af7abee0b329,세종특별자치시,기초수급
남자,세종특별자치시,기초수급,2등급,10,2015,https://api.odcloud.kr/api/15072696/v1/uddi:553b4d25-80c0-471b-9cc7-af7abee0b329,세종특별자치시,기초수급
남자,세종특별자치시,기초수급,3등급,9,2015,https://api.odcloud.kr/api/15072696/v1/uddi:553b4d25-80c0-471b-9cc7-af7abee0b329,세종특별자치시,기초수급
남자,세종특별자치시,기초수급,4등급,23,2015,https://api.odcloud.kr/api/15072696/v1/uddi:553b4d25-80c0-471b-9cc7-af7abee0b329,세종특별자치시,기초수급
남자,세종특별자치시,기초수급,5등급,1,2015,https://api.odcloud.kr/api/15072696/v1/uddi:553b4d25-80c0-471b-9cc7-af7abee0b329,세종특별자치시,기초수급
남자,세종특별자치시,기초수급,등급외,33,2015,https://api.odcloud.kr/api/15072696/v1/uddi:553b4d25-80c0-471b-9cc7-af7abee0b329,세종특별자치시,기초수급
여자,세종특별자치시,일반,1등급,69,2015,https://api.odcloud.kr/api/15072696/v1/uddi:553b4d25-80c0-471b-9cc7-af7abee0b329,세종특별자치시,일반
여자,세종특별자치시,일반,2등급,139,2015,https://api.odcloud.kr/api/15072696/v1/uddi:553b4d25-80c0-471b-9cc7-af7abee0b329,세종특별자치시,일반
여자,세종특별자치시,일반,3등급,336,2015,https://api.odcloud.kr/api/15072696/v1/uddi:553b4d25-80c0-471b-9cc7-af7abee0b329,세종특별자치시,일반
여자,세종특별자치시,일반,4등급,303,2015,https://api.odcloud.kr/api/15072696/v1/uddi:553b4d25-80c0-471b-9cc7-af7abee0b329,세종특별자치시,일반
여자,세종특별자치시,일반,5등급,23,2015,https://api.odcloud.kr/api/15072696/v1/uddi:553b4d25-80c0-471b-9cc7-af7abee0b329,세종특별자치시,일반
여자,세종특별자치시,일반,등급외,249,2015,https://api.odcloud.kr/api/15072696/v1/uddi:553b4d25-80c0-471b-9cc7-af7abee0b329,세종특별자치시,일반
여자,세종특별자치시,감경,1등급,13,2015,https://api.odcloud.kr/api/15072696/v1/uddi:553b4d25-80c0-471b-9cc7-af7abee0b329,세종특별자치시,경감
여자,세종특별자치시,감경,2등급,30,2015,https://api.odcloud.kr/api/15072696/v1/uddi:553b4d25-80c0-471b-9cc7-af7abee0b329,세종특별자치시,경감
여자,세종특별자치시,감경,3등급,70,2015,https://api.odcloud.kr/api/15072696/v1/uddi:553b4d25-80c0-471b-9cc7-af7abee0b329,세종특별자치시,경감
여자,세종특별자치시,감경,4등급,58,2015,https://api.odcloud.kr/api/15072696/v1/uddi:553b4d25-80c0-471b-9cc7-af7abee0b329,세종특별자치시,경감
여자,세종특별자치시,감경,5등급,10,2015,https://api.odcloud.kr/api/15072696/v1/uddi:553b4d25-80c0-471b-9cc7-af7abee0b329,세종특별자치시,경감
여자,세종특별자치시,감경,등급외,21,2015,https://api.odcloud.kr/api/15072696/v1/uddi:553b4d25-80c0-471b-9cc7-af7abee0b329,세종특별자치시,경감
여자,세종특별자치시,의료급여,1등급,3,2015,https://api.odcloud.kr/api/15072696/v1/uddi:553b4d25-80c0-471b-9cc7-af7abee0b329,세종특별자치시,의료급여
여자,세종특별자치시,의료급여,2등급,2,2015,https://api.odcloud.kr/api/15072696/v1/uddi:553b4d25-80c0-471b-9cc7-af7abee0b329,세종특별자치시,의료급여
여자,세종특별자치시,의료급여,3등급,4,2015,https://api.odcloud.kr/api/15072696/v1/uddi:553b4d25-80c0-471b-9cc7-af7abee0b329,세종특별자치시,의료급여
여자,세종특별자치시,의료급여,4등급,3,2015,https://api.odcloud.kr/api/15072696/v1/uddi:553b4d25-80c0-471b-9cc7-af7abee0b329,세종특별자치시,의료급여
여자,세종특별자치시,의료급여,등급외,5,2015,https://api.odcloud.kr/api/15072696/v1/uddi:553b4d25-80c0-471b-9cc7-af7abee0b329,세종특별자치시,의료급여
여자,세종특별자치시,기초수급,1등급,19,2015,https://api.odcloud.kr/api/15072696/v1/uddi:553b4d25-80c0-471b-9cc7-af7abee0b329,세종특별자치시,기초수급
여자,세종특별자치시,기초수급,2등급,21,2015,https://api.odcloud.kr/api/15072696/v1/uddi:553b4d25-80c0-471b-9cc7-af7abee0b329,세종특별자치시,기초수급
여자,세종특별자치시,기초수급,3등급,46,2015,https://api.odcloud.kr/api/15072696/v1/uddi:553b4d25-80c0-471b-9cc7-af7abee0b329,세종특별자치시,기초수급
여자,세종특별자치시,기초수급,4등급,38,2015,https://api.odcloud.kr/api/15072696/v1/uddi:553b4d25-80c0-471b-9cc7-af7abee0b329,세종특별자치시,기초수급
여자,세종특별자치시,기초수급,5등급,0,2015,https://api.odcloud.kr/api/15072696/v1/uddi:553b4d25-80c0-471b-9cc7-af7abee0b329,세종특별자치시,기초수급
여자,세종특별자치시,기초수급,등급외,73,2015,https://api.odcloud.kr/api/15072696/v1/uddi:553b4d25-80c0-471b-9cc7-af7abee0b329,세종특별자치시,기초수급
남자,경기도,일반,1등급,1781,2015,https://api.odcloud.kr/api/15072696/v1/uddi:553b4d25-80c0-471b-9cc7-af7abee0b329,경기도,일반
남자,경기도,일반,2등급,2730,2015,https://api.odcloud.kr/api/15072696/v1/uddi:553b4d25-80c0-471b-9cc7-af7abee0b329,경기도,일반
남자,경기도,일반,3등급,7576,2015,https://api.odcloud.kr/api/15072696/v1/uddi:553b4d25-80c0-471b-9cc7-af7abee0b329,경기도,일반
남자,경기도,일반,4등급,5670,2015,https://api.odcloud.kr/api/15072696/v1/uddi:553b4d25-80c0-471b-9cc7-af7abee0b329,경기도,일반
남자,경기도,일반,5등급,898,2015,https://api.odcloud.kr/api/15072696/v1/uddi:553b4d25-80c0-471b-9cc7-af7abee0b329,경기도,일반
남자,경기도,일반,등급외,4156,2015,https://api.odcloud.kr/api/15072696/v1/uddi:553b4d25-80c0-471b-9cc7-af7abee0b329,경기도,일반
남자,경기도,감경,1등급,392,2015,https://api.odcloud.kr/api/15072696/v1/uddi:553b4d25-80c0-471b-9cc7-af7abee0b329,경기도,경감
남자,경기도,감경,2등급,671,2015,https://api.odcloud.kr/api/15072696/v1/uddi:553b4d25-80c0-471b-9cc7-af7abee0b329,경기도,경감
남자,경기도,감경,3등급,1874,2015,https://api.odcloud.kr/api/15072696/v1/uddi:553b4d25-80c0-471b-9cc7-af7abee0b329,경기도,경감
남자,경기도,감경,4등급,1444,2015,https://api.odcloud.kr/api/15072696/v1/uddi:553b4d25-80c0-471b-9cc7-af7abee0b329,경기도,경감
남자,경기도,감경,5등급,191,2015,https://api.odcloud.kr/api/15072696/v1/uddi:553b4d25-80c0-471b-9cc7-af7abee0b329,경기도,경감
남자,경기도,감경,등급외,198,2015,https://api.odcloud.kr/api/15072696/v1/uddi:553b4d25-80c0-471b-9cc7-af7abee0b329,경기도,경감
남자,경기도,의료급여,1등급,22,2015,https://api.odcloud.kr/api/15072696/v1/uddi:553b4d25-80c0-471b-9cc7-af7abee0b329,경기도,의료급여
남자,경기도,의료급여,2등급,49,2015,https://api.odcloud.kr/api/15072696/v1/uddi:553b4d25-80c0-471b-9cc7-af7abee0b329,경기도,의료급여
남자,경기도,의료급여,3등급,128,2015,https://api.odcloud.kr/api/15072696/v1/uddi:553b4d25-80c0-471b-9cc7-af7abee0b329,경기도,의료급여
남자,경기도,의료급여,4등급,101,2015,https://api.odcloud.kr/api/15072696/v1/uddi:553b4d25-80c0-471b-9cc7-af7abee0b329,경기도,의료급여
남자,경기도,의료급여,5등급,10,2015,https://api.odcloud.kr/api/15072696/v1/uddi:553b4d25-80c0-471b-9cc7-af7abee0b329,경기도,의료급여
남자,경기도,의료급여,등급외,86,2015,https://api.odcloud.kr/api/15072696/v1/uddi:553b4d25-80c0-471b-9cc7-af7abee0b329,경기도,의료급여
남자,경기도,기초수급,1등급,312,2015,https://api.odcloud.kr/api/15072696/v1/uddi:553b4d25-80c0-471b-9cc7-af7abee0b329,경기도,기초수급
남자,경기도,기초수급,2등급,494,2015,https://api.odcloud.kr/api/15072696/v1/uddi:553b4d25-80c0-471b-9cc7-af7abee0b329,경기도,기초수급
남자,경기도,기초수급,3등급,1456,2015,https://api.odcloud.kr/api/15072696/v1/uddi:553b4d25-80c0-471b-9cc7-af7abee0b329,경기도,기초수급
남자,경기도,기초수급,4등급,1419,2015,https://api.odcloud.kr/api/15072696/v1/uddi:553b4d25-80c0-471b-9cc7-af7abee0b329,경기도,기초수급
남자,경기도,기초수급,5등급,147,2015,https://api.odcloud.kr/api/15072696/v1/uddi:553b4d25-80c0-471b-9cc7-af7abee0b329,경기도,기초수급
남자,경기도,기초수급,등급외,2000,2015,https://api.odcloud.kr/api/15072696/v1/uddi:553b4d25-80c0-471b-9cc7-af7abee0b329,경기도,기초수급
여자,경기도,일반,1등급,3917,2015,https://api.odcloud.kr/api/15072696/v1/uddi:553b4d25-80c0-471b-9cc7-af7abee0b329,경기도,일반
여자,경기도,일반,2등급,7291,2015,https://api.odcloud.kr/api/15072696/v1/uddi:553b4d25-80c0-471b-9cc7-af7abee0b329,경기도,일반
여자,경기도,일반,3등급,18200,2015,https://api.odcloud.kr/api/15072696/v1/uddi:553b4d25-80c0-471b-9cc7-af7abee0b329,경기도,일반
여자,경기도,일반,4등급,15101,2015,https://api.odcloud.kr/api/15072696/v1/uddi:553b4d25-80c0-471b-9cc7-af7abee0b329,경기도,일반
여자,경기도,일반,5등급,2397,2015,https://api.odcloud.kr/api/15072696/v1/uddi:553b4d25-80c0-471b-9cc7-af7abee0b329,경기도,일반
여자,경기도,일반,등급외,12128,2015,https://api.odcloud.kr/api/15072696/v1/uddi:553b4d25-80c0-471b-9cc7-af7abee0b329,경기도,일반
여자,경기도,감경,1등급,1040,2015,https://api.odcloud.kr/api/15072696/v1/uddi:553b4d25-80c0-471b-9cc7-af7abee0b329,경기도,경감
여자,경기도,감경,2등급,2108,2015,https://api.odcloud.kr/api/15072696/v1/uddi:553b4d25-80c0-471b-9cc7-af7abee0b329,경기도,경감
여자,경기도,감경,3등급,5301,2015,https://api.odcloud.kr/api/15072696/v1/uddi:553b4d25-80c0-471b-9cc7-af7abee0b329,경기도,경감
여자,경기도,감경,4등급,4145,2015,https://api.odcloud.kr/api/15072696/v1/uddi:553b4d25-80c0-471b-9cc7-af7abee0b329,경기도,경감
여자,경기도,감경,5등급,539,2015,https://api.odcloud.kr/api/15072696/v1/uddi:553b4d25-80c0-471b-9cc7-af7abee0b329,경기도,경감
여자,경기도,감경,등급외,496,2015,https://api.odcloud.kr/api/15072696/v1/uddi:553b4d25-80c0-471b-9cc7-af7abee0b329,경기도,경감
여자,경기도,의료급여,1등급,40,2015,https://api.odcloud.kr/api/15072696/v1/uddi:553b4d25-80c0-471b-9cc7-af7abee0b329,경기도,의료급여
여자,경기도,의료급여,2등급,108,2015,https://api.odcloud.kr/api/15072696/v1/uddi:553b4d25-80c0-471b-9cc7-af7abee0b329,경기도,의료급여
여자,경기도,의료급여,3등급,306,2015,https://api.odcloud.kr/api/15072696/v1/uddi:553b4d25-80c0-471b-9cc7-af7abee0b329,경기도,의료급여
여자,경기도,의료급여,4등급,265,2015,https://api.odcloud.kr/api/15072696/v1/uddi:553b4d25-80c0-471b-9cc7-af7abee0b329,경기도,의료급여
여자,경기도,의료급여,5등급,28,2015,https://api.odcloud.kr/api/15072696/v1/uddi:553b4d25-80c0-471b-9cc7-af7abee0b329,경기도,의료급여
여자,경기도,의료급여,등급외,178,2015,https://api.odcloud.kr/api/15072696/v1/uddi:553b4d25-80c0-471b-9cc7-af7abee0b329,경기도,의료급여
여자,경기도,기초수급,1등급,879,2015,https://api.odcloud.kr/api/15072696/v1/uddi:553b4d25-80c0-471b-9cc7-af7abee0b329,경기도,기초수급
여자,경기도,기초수급,2등급,1570,2015,https://api.odcloud.kr/api/15072696/v1/uddi:553b4d25-80c0-471b-9cc7-af7abee0b329,경기도,기초수급
여자,경기도,기초수급,3등급,4063,2015,https://api.odcloud.kr/api/15072696/v1/uddi:553b4d25-80c0-471b-9cc7-af7abee0b329,경기도,기초수급
여자,경기도,기초수급,4등급,3954,2015,https://api.odcloud.kr/api/15072696/v1/uddi:553b4d25-80c0-471b-9cc7-af7abee0b329,경기도,기초수급
여자,경기도,기초수급,5등급,402,2015,https://api.odcloud.kr/api/15072696/v1/uddi:553b4d25-80c0-471b-9cc7-af7abee0b329,경기도,기초수급
여자,경기도,기초수급,등급외,4960,2015,https://api.odcloud.kr/api/15072696/v1/uddi:553b4d25-80c0-471b-9cc7-af7abee0b329,경기도,기초수급
남자,강원특별자치도,일반,1등급,446,2015,https://api.odcloud.kr/api/15072696/v1/uddi:553b4d25-80c0-471b-9cc7-af7abee0b329,강원도,일반
남자,강원특별자치도,일반,2등급,649,2015,https://api.odcloud.kr/api/15072696/v1/uddi:553b4d25-80c0-471b-9cc7-af7abee0b329,강원도,일반
남자,강원특별자치도,일반,3등급,1417,2015,https://api.odcloud.kr/api/15072696/v1/uddi:553b4d25-80c0-471b-9cc7-af7abee0b329,강원도,일반
남자,강원특별자치도,일반,4등급,955,2015,https://api.odcloud.kr/api/15072696/v1/uddi:553b4d25-80c0-471b-9cc7-af7abee0b329,강원도,일반
남자,강원특별자치도,일반,5등급,88,2015,https://api.odcloud.kr/api/15072696/v1/uddi:553b4d25-80c0-471b-9cc7-af7abee0b329,강원도,일반
남자,강원특별자치도,일반,등급외,1011,2015,https://api.odcloud.kr/api/15072696/v1/uddi:553b4d25-80c0-471b-9cc7-af7abee0b329,강원도,일반
남자,강원특별자치도,감경,1등급,114,2015,https://api.odcloud.kr/api/15072696/v1/uddi:553b4d25-80c0-471b-9cc7-af7abee0b329,강원도,경감
남자,강원특별자치도,감경,2등급,189,2015,https://api.odcloud.kr/api/15072696/v1/uddi:553b4d25-80c0-471b-9cc7-af7abee0b329,강원도,경감
남자,강원특별자치도,감경,3등급,436,2015,https://api.odcloud.kr/api/15072696/v1/uddi:553b4d25-80c0-471b-9cc7-af7abee0b329,강원도,경감
남자,강원특별자치도,감경,4등급,279,2015,https://api.odcloud.kr/api/15072696/v1/uddi:553b4d25-80c0-471b-9cc7-af7abee0b329,강원도,경감
남자,강원특별자치도,감경,5등급,20,2015,https://api.odcloud.kr/api/15072696/v1/uddi:553b4d25-80c0-471b-9cc7-af7abee0b329,강원도,경감
남자,강원특별자치도,감경,등급외,76,2015,https://api.odcloud.kr/api/15072696/v1/uddi:553b4d25-80c0-471b-9cc7-af7abee0b329,강원도,경감
남자,강원특별자치도,의료급여,1등급,16,2015,https://api.odcloud.kr/api/15072696/v1/uddi:553b4d25-80c0-471b-9cc7-af7abee0b329,강원도,의료급여
남자,강원특별자치도,의료급여,2등급,16,2015,https://api.odcloud.kr/api/15072696/v1/uddi:553b4d25-80c0-471b-9cc7-af7abee0b329,강원도,의료급여
남자,강원특별자치도,의료급여,3등급,50,2015,https://api.odcloud.kr/api/15072696/v1/uddi:553b4d25-80c0-471b-9cc7-af7abee0b329,강원도,의료급여
남자,강원특별자치도,의료급여,4등급,39,2015,https://api.odcloud.kr/api/15072696/v1/uddi:553b4d25-80c0-471b-9cc7-af7abee0b329,강원도,의료급여
남자,강원특별자치도,의료급여,5등급,1,2015,https://api.odcloud.kr/api/15072696/v1/uddi:553b4d25-80c0-471b-9cc7-af7abee0b329,강원도,의료급여
남자,강원특별자치도,의료급여,등급외,33,2015,https://api.odcloud.kr/api/15072696/v1/uddi:553b4d25-80c0-471b-9cc7-af7abee0b329,강원도,의료급여
남자,강원특별자치도,기초수급,1등급,133,2015,https://api.odcloud.kr/api/15072696/v1/uddi:553b4d25-80c0-471b-9cc7-af7abee0b329,강원도,기초수급
남자,강원특별자치도,기초수급,2등급,195,2015,https://api.odcloud.kr/api/15072696/v1/uddi:553b4d25-80c0-471b-9cc7-af7abee0b329,강원도,기초수급
남자,강원특별자치도,기초수급,3등급,457,2015,https://api.odcloud.kr/api/15072696/v1/uddi:553b4d25-80c0-471b-9cc7-af7abee0b329,강원도,기초수급
남자,강원특별자치도,기초수급,4등급,352,2015,https://api.odcloud.kr/api/15072696/v1/uddi:553b4d25-80c0-471b-9cc7-af7abee0b329,강원도,기초수급
남자,강원특별자치도,기초수급,5등급,19,2015,https://api.odcloud.kr/api/15072696/v1/uddi:553b4d25-80c0-471b-9cc7-af7abee0b329,강원도,기초수급
남자,강원특별자치도,기초수급,등급외,628,2015,https://api.odcloud.kr/api/15072696/v1/uddi:553b4d25-80c0-471b-9cc7-af7abee0b329,강원도,기초수급
여자,강원특별자치도,일반,1등급,953,2015,https://api.odcloud.kr/api/15072696/v1/uddi:553b4d25-80c0-471b-9cc7-af7abee0b329,강원도,일반
여자,강원특별자치도,일반,2등급,1509,2015,https://api.odcloud.kr/api/15072696/v1/uddi:553b4d25-80c0-471b-9cc7-af7abee0b329,강원도,일반
여자,강원특별자치도,일반,3등급,3281,2015,https://api.odcloud.kr/api/15072696/v1/uddi:553b4d25-80c0-471b-9cc7-af7abee0b329,강원도,일반
여자,강원특별자치도,일반,4등급,2374,2015,https://api.odcloud.kr/api/15072696/v1/uddi:553b4d25-80c0-471b-9cc7-af7abee0b329,강원도,일반
여자,강원특별자치도,일반,5등급,256,2015,https://api.odcloud.kr/api/15072696/v1/uddi:553b4d25-80c0-471b-9cc7-af7abee0b329,강원도,일반
여자,강원특별자치도,일반,등급외,2736,2015,https://api.odcloud.kr/api/15072696/v1/uddi:553b4d25-80c0-471b-9cc7-af7abee0b329,강원도,일반
여자,강원특별자치도,감경,1등급,322,2015,https://api.odcloud.kr/api/15072696/v1/uddi:553b4d25-80c0-471b-9cc7-af7abee0b329,강원도,경감
여자,강원특별자치도,감경,2등급,615,2015,https://api.odcloud.kr/api/15072696/v1/uddi:553b4d25-80c0-471b-9cc7-af7abee0b329,강원도,경감
여자,강원특별자치도,감경,3등급,1270,2015,https://api.odcloud.kr/api/15072696/v1/uddi:553b4d25-80c0-471b-9cc7-af7abee0b329,강원도,경감
여자,강원특별자치도,감경,4등급,891,2015,https://api.odcloud.kr/api/15072696/v1/uddi:553b4d25-80c0-471b-9cc7-af7abee0b329,강원도,경감
여자,강원특별자치도,감경,5등급,59,2015,https://api.odcloud.kr/api/15072696/v1/uddi:553b4d25-80c0-471b-9cc7-af7abee0b329,강원도,경감
여자,강원특별자치도,감경,등급외,176,2015,https://api.odcloud.kr/api/15072696/v1/uddi:553b4d25-80c0-471b-9cc7-af7abee0b329,강원도,경감
여자,강원특별자치도,의료급여,1등급,28,2015,https://api.odcloud.kr/api/15072696/v1/uddi:553b4d25-80c0-471b-9cc7-af7abee0b329,강원도,의료급여
여자,강원특별자치도,의료급여,2등급,32,2015,https://api.odcloud.kr/api/15072696/v1/uddi:553b4d25-80c0-471b-9cc7-af7abee0b329,강원도,의료급여
여자,강원특별자치도,의료급여,3등급,93,2015,https://api.odcloud.kr/api/15072696/v1/uddi:553b4d25-80c0-471b-9cc7-af7abee0b329,강원도,의료급여
여자,강원특별자치도,의료급여,4등급,66,2015,https://api.odcloud.kr/api/15072696/v1/uddi:553b4d25-80c0-471b-9cc7-af7abee0b329,강원도,의료급여
여자,강원특별자치도,의료급여,5등급,6,2015,https://api.odcloud.kr/api/15072696/v1/uddi:553b4d25-80c0-471b-9cc7-af7abee0b329,강원도,의료급여
여자,강원특별자치도,의료급여,등급외,86,2015,https://api.odcloud.kr/api/15072696/v1/uddi:553b4d25-80c0-471b-9cc7-af7abee0b329,강원도,의료급여
여자,강원특별자치도,기초수급,1등급,349,2015,https://api.odcloud.kr/api/15072696/v1/uddi:553b4d25-80c0-471b-9cc7-af7abee0b329,강원도,기초수급
여자,강원특별자치도,기초수급,2등급,504,2015,https://api.odcloud.kr/api/15072696/v1/uddi:553b4d25-80c0-471b-9cc7-af7abee0b329,강원도,기초수급
여자,강원특별자치도,기초수급,3등급,1140,2015,https://api.odcloud.kr/api/15072696/v1/uddi:553b4d25-80c0-471b-9cc7-af7abee0b329,강원도,기초수급
여자,강원특별자치도,기초수급,4등급,963,2015,https://api.odcloud.kr/api/15072696/v1/uddi:553b4d25-80c0-471b-9cc7-af7abee0b329,강원도,기초수급
여자,강원특별자치도,기초수급,5등급,57,2015,https://api.odcloud.kr/api/15072696/v1/uddi:553b4d25-80c0-471b-9cc7-af7abee0b329,강원도,기초수급
여자,강원특별자치도,기초수급,등급외,1548,2015,https://api.odcloud.kr/api/15072696/v1/uddi:553b4d25-80c0-471b-9cc7-af7abee0b329,강원도,기초수급
남자,충청북도,일반,1등급,253,2015,https://api.odcloud.kr/api/15072696/v1/uddi:553b4d25-80c0-471b-9cc7-af7abee0b329,충청북도,일반
남자,충청북도,일반,2등급,514,2015,https://api.odcloud.kr/api/15072696/v1/uddi:553b4d25-80c0-471b-9cc7-af7abee0b329,충청북도,일반
남자,충청북도,일반,3등급,1161,2015,https://api.odcloud.kr/api/15072696/v1/uddi:553b4d25-80c0-471b-9cc7-af7abee0b329,충청북도,일반
남자,충청북도,일반,4등급,839,2015,https://api.odcloud.kr/api/15072696/v1/uddi:553b4d25-80c0-471b-9cc7-af7abee0b329,충청북도,일반
남자,충청북도,일반,5등급,112,2015,https://api.odcloud.kr/api/15072696/v1/uddi:553b4d25-80c0-471b-9cc7-af7abee0b329,충청북도,일반
남자,충청북도,일반,등급외,928,2015,https://api.odcloud.kr/api/15072696/v1/uddi:553b4d25-80c0-471b-9cc7-af7abee0b329,충청북도,일반
남자,충청북도,감경,1등급,64,2015,https://api.odcloud.kr/api/15072696/v1/uddi:553b4d25-80c0-471b-9cc7-af7abee0b329,충청북도,경감
남자,충청북도,감경,2등급,128,2015,https://api.odcloud.kr/api/15072696/v1/uddi:553b4d25-80c0-471b-9cc7-af7abee0b329,충청북도,경감
남자,충청북도,감경,3등급,295,2015,https://api.odcloud.kr/api/15072696/v1/uddi:553b4d25-80c0-471b-9cc7-af7abee0b329,충청북도,경감
남자,충청북도,감경,4등급,203,2015,https://api.odcloud.kr/api/15072696/v1/uddi:553b4d25-80c0-471b-9cc7-af7abee0b329,충청북도,경감
남자,충청북도,감경,5등급,17,2015,https://api.odcloud.kr/api/15072696/v1/uddi:553b4d25-80c0-471b-9cc7-af7abee0b329,충청북도,경감
남자,충청북도,감경,등급외,40,2015,https://api.odcloud.kr/api/15072696/v1/uddi:553b4d25-80c0-471b-9cc7-af7abee0b329,충청북도,경감
남자,충청북도,의료급여,1등급,6,2015,https://api.odcloud.kr/api/15072696/v1/uddi:553b4d25-80c0-471b-9cc7-af7abee0b329,충청북도,의료급여
남자,충청북도,의료급여,2등급,9,2015,https://api.odcloud.kr/api/15072696/v1/uddi:553b4d25-80c0-471b-9cc7-af7abee0b329,충청북도,의료급여
남자,충청북도,의료급여,3등급,22,2015,https://api.odcloud.kr/api/15072696/v1/uddi:553b4d25-80c0-471b-9cc7-af7abee0b329,충청북도,의료급여
남자,충청북도,의료급여,4등급,31,2015,https://api.odcloud.kr/api/15072696/v1/uddi:553b4d25-80c0-471b-9cc7-af7abee0b329,충청북도,의료급여
남자,충청북도,의료급여,5등급,2,2015,https://api.odcloud.kr/api/15072696/v1/uddi:553b4d25-80c0-471b-9cc7-af7abee0b329,충청북도,의료급여
남자,충청북도,의료급여,등급외,30,2015,https://api.odcloud.kr/api/15072696/v1/uddi:553b4d25-80c0-471b-9cc7-af7abee0b329,충청북도,의료급여
남자,충청북도,기초수급,1등급,100,2015,https://api.odcloud.kr/api/15072696/v1/uddi:553b4d25-80c0-471b-9cc7-af7abee0b329,충청북도,기초수급
남자,충청북도,기초수급,2등급,101,2015,https://api.odcloud.kr/api/15072696/v1/uddi:553b4d25-80c0-471b-9cc7-af7abee0b329,충청북도,기초수급
남자,충청북도,기초수급,3등급,311,2015,https://api.odcloud.kr/api/15072696/v1/uddi:553b4d25-80c0-471b-9cc7-af7abee0b329,충청북도,기초수급
남자,충청북도,기초수급,4등급,247,2015,https://api.odcloud.kr/api/15072696/v1/uddi:553b4d25-80c0-471b-9cc7-af7abee0b329,충청북도,기초수급
남자,충청북도,기초수급,5등급,15,2015,https://api.odcloud.kr/api/15072696/v1/uddi:553b4d25-80c0-471b-9cc7-af7abee0b329,충청북도,기초수급
남자,충청북도,기초수급,등급외,449,2015,https://api.odcloud.kr/api/15072696/v1/uddi:553b4d25-80c0-471b-9cc7-af7abee0b329,충청북도,기초수급
여자,충청북도,일반,1등급,661,2015,https://api.odcloud.kr/api/15072696/v1/uddi:553b4d25-80c0-471b-9cc7-af7abee0b329,충청북도,일반
여자,충청북도,일반,2등급,1436,2015,https://api.odcloud.kr/api/15072696/v1/uddi:553b4d25-80c0-471b-9cc7-af7abee0b329,충청북도,일반
여자,충청북도,일반,3등급,2894,2015,https://api.odcloud.kr/api/15072696/v1/uddi:553b4d25-80c0-471b-9cc7-af7abee0b329,충청북도,일반
여자,충청북도,일반,4등급,2332,2015,https://api.odcloud.kr/api/15072696/v1/uddi:553b4d25-80c0-471b-9cc7-af7abee0b329,충청북도,일반
여자,충청북도,일반,5등급,335,2015,https://api.odcloud.kr/api/15072696/v1/uddi:553b4d25-80c0-471b-9cc7-af7abee0b329,충청북도,일반
여자,충청북도,일반,등급외,2572,2015,https://api.odcloud.kr/api/15072696/v1/uddi:553b4d25-80c0-471b-9cc7-af7abee0b329,충청북도,일반
여자,충청북도,감경,1등급,226,2015,https://api.odcloud.kr/api/15072696/v1/uddi:553b4d25-80c0-471b-9cc7-af7abee0b329,충청북도,경감
여자,충청북도,감경,2등급,540,2015,https://api.odcloud.kr/api/15072696/v1/uddi:553b4d25-80c0-471b-9cc7-af7abee0b329,충청북도,경감
여자,충청북도,감경,3등급,951,2015,https://api.odcloud.kr/api/15072696/v1/uddi:553b4d25-80c0-471b-9cc7-af7abee0b329,충청북도,경감
여자,충청북도,감경,4등급,734,2015,https://api.odcloud.kr/api/15072696/v1/uddi:553b4d25-80c0-471b-9cc7-af7abee0b329,충청북도,경감
여자,충청북도,감경,5등급,85,2015,https://api.odcloud.kr/api/15072696/v1/uddi:553b4d25-80c0-471b-9cc7-af7abee0b329,충청북도,경감
여자,충청북도,감경,등급외,112,2015,https://api.odcloud.kr/api/15072696/v1/uddi:553b4d25-80c0-471b-9cc7-af7abee0b329,충청북도,경감
여자,충청북도,의료급여,1등급,14,2015,https://api.odcloud.kr/api/15072696/v1/uddi:553b4d25-80c0-471b-9cc7-af7abee0b329,충청북도,의료급여
여자,충청북도,의료급여,2등급,35,2015,https://api.odcloud.kr/api/15072696/v1/uddi:553b4d25-80c0-471b-9cc7-af7abee0b329,충청북도,의료급여
여자,충청북도,의료급여,3등급,73,2015,https://api.odcloud.kr/api/15072696/v1/uddi:553b4d25-80c0-471b-9cc7-af7abee0b329,충청북도,의료급여
여자,충청북도,의료급여,4등급,63,2015,https://api.odcloud.kr/api/15072696/v1/uddi:553b4d25-80c0-471b-9cc7-af7abee0b329,충청북도,의료급여
여자,충청북도,의료급여,5등급,6,2015,https://api.odcloud.kr/api/15072696/v1/uddi:553b4d25-80c0-471b-9cc7-af7abee0b329,충청북도,의료급여
여자,충청북도,의료급여,등급외,63,2015,https://api.odcloud.kr/api/15072696/v1/uddi:553b4d25-80c0-471b-9cc7-af7abee0b329,충청북도,의료급여
여자,충청북도,기초수급,1등급,217,2015,https://api.odcloud.kr/api/15072696/v1/uddi:553b4d25-80c0-471b-9cc7-af7abee0b329,충청북도,기초수급
여자,충청북도,기초수급,2등급,370,2015,https://api.odcloud.kr/api/15072696/v1/uddi:553b4d25-80c0-471b-9cc7-af7abee0b329,충청북도,기초수급
여자,충청북도,기초수급,3등급,737,2015,https://api.odcloud.kr/api/15072696/v1/uddi:553b4d25-80c0-471b-9cc7-af7abee0b329,충청북도,기초수급
여자,충청북도,기초수급,4등급,596,2015,https://api.odcloud.kr/api/15072696/v1/uddi:553b4d25-80c0-471b-9cc7-af7abee0b329,충청북도,기초수급
여자,충청북도,기초수급,5등급,52,2015,https://api.odcloud.kr/api/15072696/v1/uddi:553b4d25-80c0-471b-9cc7-af7abee0b329,충청북도,기초수급
여자,충청북도,기초수급,등급외,1053,2015,https://api.odcloud.kr/api/15072696/v1/uddi:553b4d25-80c0-471b-9cc7-af7abee0b329,충청북도,기초수급
남자,충청남도,일반,1등급,423,2015,https://api.odcloud.kr/api/15072696/v1/uddi:553b4d25-80c0-471b-9cc7-af7abee0b329,충청남도,일반
남자,충청남도,일반,2등급,841,2015,https://api.odcloud.kr/api/15072696/v1/uddi:553b4d25-80c0-471b-9cc7-af7abee0b329,충청남도,일반
남자,충청남도,일반,3등급,1903,2015,https://api.odcloud.kr/api/15072696/v1/uddi:553b4d25-80c0-471b-9cc7-af7abee0b329,충청남도,일반
남자,충청남도,일반,4등급,1696,2015,https://api.odcloud.kr/api/15072696/v1/uddi:553b4d25-80c0-471b-9cc7-af7abee0b329,충청남도,일반
남자,충청남도,일반,5등급,233,2015,https://api.odcloud.kr/api/15072696/v1/uddi:553b4d25-80c0-471b-9cc7-af7abee0b329,충청남도,일반
남자,충청남도,일반,등급외,1933,2015,https://api.odcloud.kr/api/15072696/v1/uddi:553b4d25-80c0-471b-9cc7-af7abee0b329,충청남도,일반
남자,충청남도,감경,1등급,94,2015,https://api.odcloud.kr/api/15072696/v1/uddi:553b4d25-80c0-471b-9cc7-af7abee0b329,충청남도,경감
남자,충청남도,감경,2등급,175,2015,https://api.odcloud.kr/api/15072696/v1/uddi:553b4d25-80c0-471b-9cc7-af7abee0b329,충청남도,경감
남자,충청남도,감경,3등급,391,2015,https://api.odcloud.kr/api/15072696/v1/uddi:553b4d25-80c0-471b-9cc7-af7abee0b329,충청남도,경감
남자,충청남도,감경,4등급,386,2015,https://api.odcloud.kr/api/15072696/v1/uddi:553b4d25-80c0-471b-9cc7-af7abee0b329,충청남도,경감
남자,충청남도,감경,5등급,44,2015,https://api.odcloud.kr/api/15072696/v1/uddi:553b4d25-80c0-471b-9cc7-af7abee0b329,충청남도,경감
남자,충청남도,감경,등급외,63,2015,https://api.odcloud.kr/api/15072696/v1/uddi:553b4d25-80c0-471b-9cc7-af7abee0b329,충청남도,경감
남자,충청남도,의료급여,1등급,7,2015,https://api.odcloud.kr/api/15072696/v1/uddi:553b4d25-80c0-471b-9cc7-af7abee0b329,충청남도,의료급여
남자,충청남도,의료급여,2등급,14,2015,https://api.odcloud.kr/api/15072696/v1/uddi:553b4d25-80c0-471b-9cc7-af7abee0b329,충청남도,의료급여
남자,충청남도,의료급여,3등급,23,2015,https://api.odcloud.kr/api/15072696/v1/uddi:553b4d25-80c0-471b-9cc7-af7abee0b329,충청남도,의료급여
남자,충청남도,의료급여,4등급,37,2015,https://api.odcloud.kr/api/15072696/v1/uddi:553b4d25-80c0-471b-9cc7-af7abee0b329,충청남도,의료급여
남자,충청남도,의료급여,5등급,2,2015,https://api.odcloud.kr/api/15072696/v1/uddi:553b4d25-80c0-471b-9cc7-af7abee0b329,충청남도,의료급여
남자,충청남도,의료급여,등급외,27,2015,https://api.odcloud.kr/api/15072696/v1/uddi:553b4d25-80c0-471b-9cc7-af7abee0b329,충청남도,의료급여
남자,충청남도,기초수급,1등급,77,2015,https://api.odcloud.kr/api/15072696/v1/uddi:553b4d25-80c0-471b-9cc7-af7abee0b329,충청남도,기초수급
남자,충청남도,기초수급,2등급,146,2015,https://api.odcloud.kr/api/15072696/v1/uddi:553b4d25-80c0-471b-9cc7-af7abee0b329,충청남도,기초수급
남자,충청남도,기초수급,3등급,323,2015,https://api.odcloud.kr/api/15072696/v1/uddi:553b4d25-80c0-471b-9cc7-af7abee0b329,충청남도,기초수급
남자,충청남도,기초수급,4등급,380,2015,https://api.odcloud.kr/api/15072696/v1/uddi:553b4d25-80c0-471b-9cc7-af7abee0b329,충청남도,기초수급
남자,충청남도,기초수급,5등급,26,2015,https://api.odcloud.kr/api/15072696/v1/uddi:553b4d25-80c0-471b-9cc7-af7abee0b329,충청남도,기초수급
남자,충청남도,기초수급,등급외,523,2015,https://api.odcloud.kr/api/15072696/v1/uddi:553b4d25-80c0-471b-9cc7-af7abee0b329,충청남도,기초수급
여자,충청남도,일반,1등급,938,2015,https://api.odcloud.kr/api/15072696/v1/uddi:553b4d25-80c0-471b-9cc7-af7abee0b329,충청남도,일반
여자,충청남도,일반,2등급,1992,2015,https://api.odcloud.kr/api/15072696/v1/uddi:553b4d25-80c0-471b-9cc7-af7abee0b329,충청남도,일반
여자,충청남도,일반,3등급,4329,2015,https://api.odcloud.kr/api/15072696/v1/uddi:553b4d25-80c0-471b-9cc7-af7abee0b329,충청남도,일반
여자,충청남도,일반,4등급,4348,2015,https://api.odcloud.kr/api/15072696/v1/uddi:553b4d25-80c0-471b-9cc7-af7abee0b329,충청남도,일반
여자,충청남도,일반,5등급,625,2015,https://api.odcloud.kr/api/15072696/v1/uddi:553b4d25-80c0-471b-9cc7-af7abee0b329,충청남도,일반
여자,충청남도,일반,등급외,4946,2015,https://api.odcloud.kr/api/15072696/v1/uddi:553b4d25-80c0-471b-9cc7-af7abee0b329,충청남도,일반
여자,충청남도,감경,1등급,254,2015,https://api.odcloud.kr/api/15072696/v1/uddi:553b4d25-80c0-471b-9cc7-af7abee0b329,충청남도,경감
여자,충청남도,감경,2등급,701,2015,https://api.odcloud.kr/api/15072696/v1/uddi:553b4d25-80c0-471b-9cc7-af7abee0b329,충청남도,경감
여자,충청남도,감경,3등급,1526,2015,https://api.odcloud.kr/api/15072696/v1/uddi:553b4d25-80c0-471b-9cc7-af7abee0b329,충청남도,경감
여자,충청남도,감경,4등급,1331,2015,https://api.odcloud.kr/api/15072696/v1/uddi:553b4d25-80c0-471b-9cc7-af7abee0b329,충청남도,경감
여자,충청남도,감경,5등급,160,2015,https://api.odcloud.kr/api/15072696/v1/uddi:553b4d25-80c0-471b-9cc7-af7abee0b329,충청남도,경감
여자,충청남도,감경,등급외,205,2015,https://api.odcloud.kr/api/15072696/v1/uddi:553b4d25-80c0-471b-9cc7-af7abee0b329,충청남도,경감
여자,충청남도,의료급여,1등급,13,2015,https://api.odcloud.kr/api/15072696/v1/uddi:553b4d25-80c0-471b-9cc7-af7abee0b329,충청남도,의료급여
여자,충청남도,의료급여,2등급,26,2015,https://api.odcloud.kr/api/15072696/v1/uddi:553b4d25-80c0-471b-9cc7-af7abee0b329,충청남도,의료급여
여자,충청남도,의료급여,3등급,54,2015,https://api.odcloud.kr/api/15072696/v1/uddi:553b4d25-80c0-471b-9cc7-af7abee0b329,충청남도,의료급여
여자,충청남도,의료급여,4등급,74,2015,https://api.odcloud.kr/api/15072696/v1/uddi:553b4d25-80c0-471b-9cc7-af7abee0b329,충청남도,의료급여
여자,충청남도,의료급여,5등급,6,2015,https://api.odcloud.kr/api/15072696/v1/uddi:553b4d25-80c0-471b-9cc7-af7abee0b329,충청남도,의료급여
여자,충청남도,의료급여,등급외,64,2015,https://api.odcloud.kr/api/15072696/v1/uddi:553b4d25-80c0-471b-9cc7-af7abee0b329,충청남도,의료급여
여자,충청남도,기초수급,1등급,186,2015,https://api.odcloud.kr/api/15072696/v1/uddi:553b4d25-80c0-471b-9cc7-af7abee0b329,충청남도,기초수급
여자,충청남도,기초수급,2등급,394,2015,https://api.odcloud.kr/api/15072696/v1/uddi:553b4d25-80c0-471b-9cc7-af7abee0b329,충청남도,기초수급
여자,충청남도,기초수급,3등급,794,2015,https://api.odcloud.kr/api/15072696/v1/uddi:553b4d25-80c0-471b-9cc7-af7abee0b329,충청남도,기초수급
여자,충청남도,기초수급,4등급,960,2015,https://api.odcloud.kr/api/15072696/v1/uddi:553b4d25-80c0-471b-9cc7-af7abee0b329,충청남도,기초수급
여자,충청남도,기초수급,5등급,85,2015,https://api.odcloud.kr/api/15072696/v1/uddi:553b4d25-80c0-471b-9cc7-af7abee0b329,충청남도,기초수급
여자,충청남도,기초수급,등급외,1395,2015,https://api.odcloud.kr/api/15072696/v1/uddi:553b4d25-80c0-471b-9cc7-af7abee0b329,충청남도,기초수급
남자,전북특별자치도,일반,1등급,232,2015,https://api.odcloud.kr/api/15072696/v1/uddi:553b4d25-80c0-471b-9cc7-af7abee0b329,전라북도,일반
남자,전북특별자치도,일반,2등급,466,2015,https://api.odcloud.kr/api/15072696/v1/uddi:553b4d25-80c0-471b-9cc7-af7abee0b329,전라북도,일반
남자,전북특별자치도,일반,3등급,1452,2015,https://api.odcloud.kr/api/15072696/v1/uddi:553b4d25-80c0-471b-9cc7-af7abee0b329,전라북도,일반
남자,전북특별자치도,일반,4등급,1657,2015,https://api.odcloud.kr/api/15072696/v1/uddi:553b4d25-80c0-471b-9cc7-af7abee0b329,전라북도,일반
남자,전북특별자치도,일반,5등급,217,2015,https://api.odcloud.kr/api/15072696/v1/uddi:553b4d25-80c0-471b-9cc7-af7abee0b329,전라북도,일반
남자,전북특별자치도,일반,등급외,2134,2015,https://api.odcloud.kr/api/15072696/v1/uddi:553b4d25-80c0-471b-9cc7-af7abee0b329,전라북도,일반
남자,전북특별자치도,감경,1등급,69,2015,https://api.odcloud.kr/api/15072696/v1/uddi:553b4d25-80c0-471b-9cc7-af7abee0b329,전라북도,경감
남자,전북특별자치도,감경,2등급,138,2015,https://api.odcloud.kr/api/15072696/v1/uddi:553b4d25-80c0-471b-9cc7-af7abee0b329,전라북도,경감
남자,전북특별자치도,감경,3등급,389,2015,https://api.odcloud.kr/api/15072696/v1/uddi:553b4d25-80c0-471b-9cc7-af7abee0b329,전라북도,경감
남자,전북특별자치도,감경,4등급,480,2015,https://api.odcloud.kr/api/15072696/v1/uddi:553b4d25-80c0-471b-9cc7-af7abee0b329,전라북도,경감
남자,전북특별자치도,감경,5등급,35,2015,https://api.odcloud.kr/api/15072696/v1/uddi:553b4d25-80c0-471b-9cc7-af7abee0b329,전라북도,경감
남자,전북특별자치도,감경,등급외,195,2015,https://api.odcloud.kr/api/15072696/v1/uddi:553b4d25-80c0-471b-9cc7-af7abee0b329,전라북도,경감
남자,전북특별자치도,의료급여,1등급,5,2015,https://api.odcloud.kr/api/15072696/v1/uddi:553b4d25-80c0-471b-9cc7-af7abee0b329,전라북도,의료급여
남자,전북특별자치도,의료급여,2등급,10,2015,https://api.odcloud.kr/api/15072696/v1/uddi:553b4d25-80c0-471b-9cc7-af7abee0b329,전라북도,의료급여
남자,전북특별자치도,의료급여,3등급,30,2015,https://api.odcloud.kr/api/15072696/v1/uddi:553b4d25-80c0-471b-9cc7-af7abee0b329,전라북도,의료급여
남자,전북특별자치도,의료급여,4등급,59,2015,https://api.odcloud.kr/api/15072696/v1/uddi:553b4d25-80c0-471b-9cc7-af7abee0b329,전라북도,의료급여
남자,전북특별자치도,의료급여,5등급,3,2015,https://api.odcloud.kr/api/15072696/v1/uddi:553b4d25-80c0-471b-9cc7-af7abee0b329,전라북도,의료급여
남자,전북특별자치도,의료급여,등급외,60,2015,https://api.odcloud.kr/api/15072696/v1/uddi:553b4d25-80c0-471b-9cc7-af7abee0b329,전라북도,의료급여
남자,전북특별자치도,기초수급,1등급,58,2015,https://api.odcloud.kr/api/15072696/v1/uddi:553b4d25-80c0-471b-9cc7-af7abee0b329,전라북도,기초수급
남자,전북특별자치도,기초수급,2등급,118,2015,https://api.odcloud.kr/api/15072696/v1/uddi:553b4d25-80c0-471b-9cc7-af7abee0b329,전라북도,기초수급
남자,전북특별자치도,기초수급,3등급,397,2015,https://api.odcloud.kr/api/15072696/v1/uddi:553b4d25-80c0-471b-9cc7-af7abee0b329,전라북도,기초수급
남자,전북특별자치도,기초수급,4등급,520,2015,https://api.odcloud.kr/api/15072696/v1/uddi:553b4d25-80c0-471b-9cc7-af7abee0b329,전라북도,기초수급
남자,전북특별자치도,기초수급,5등급,45,2015,https://api.odcloud.kr/api/15072696/v1/uddi:553b4d25-80c0-471b-9cc7-af7abee0b329,전라북도,기초수급
남자,전북특별자치도,기초수급,등급외,1280,2015,https://api.odcloud.kr/api/15072696/v1/uddi:553b4d25-80c0-471b-9cc7-af7abee0b329,전라북도,기초수급
여자,전북특별자치도,일반,1등급,541,2015,https://api.odcloud.kr/api/15072696/v1/uddi:553b4d25-80c0-471b-9cc7-af7abee0b329,전라북도,일반
여자,전북특별자치도,일반,2등급,1240,2015,https://api.odcloud.kr/api/15072696/v1/uddi:553b4d25-80c0-471b-9cc7-af7abee0b329,전라북도,일반
여자,전북특별자치도,일반,3등급,3518,2015,https://api.odcloud.kr/api/15072696/v1/uddi:553b4d25-80c0-471b-9cc7-af7abee0b329,전라북도,일반
여자,전북특별자치도,일반,4등급,4663,2015,https://api.odcloud.kr/api/15072696/v1/uddi:553b4d25-80c0-471b-9cc7-af7abee0b329,전라북도,일반
여자,전북특별자치도,일반,5등급,643,2015,https://api.odcloud.kr/api/15072696/v1/uddi:553b4d25-80c0-471b-9cc7-af7abee0b329,전라북도,일반
여자,전북특별자치도,일반,등급외,7022,2015,https://api.odcloud.kr/api/15072696/v1/uddi:553b4d25-80c0-471b-9cc7-af7abee0b329,전라북도,일반
여자,전북특별자치도,감경,1등급,187,2015,https://api.odcloud.kr/api/15072696/v1/uddi:553b4d25-80c0-471b-9cc7-af7abee0b329,전라북도,경감
여자,전북특별자치도,감경,2등급,482,2015,https://api.odcloud.kr/api/15072696/v1/uddi:553b4d25-80c0-471b-9cc7-af7abee0b329,전라북도,경감
여자,전북특별자치도,감경,3등급,1374,2015,https://api.odcloud.kr/api/15072696/v1/uddi:553b4d25-80c0-471b-9cc7-af7abee0b329,전라북도,경감
여자,전북특별자치도,감경,4등급,1692,2015,https://api.odcloud.kr/api/15072696/v1/uddi:553b4d25-80c0-471b-9cc7-af7abee0b329,전라북도,경감
여자,전북특별자치도,감경,5등급,154,2015,https://api.odcloud.kr/api/15072696/v1/uddi:553b4d25-80c0-471b-9cc7-af7abee0b329,전라북도,경감
여자,전북특별자치도,감경,등급외,847,2015,https://api.odcloud.kr/api/15072696/v1/uddi:553b4d25-80c0-471b-9cc7-af7abee0b329,전라북도,경감
여자,전북특별자치도,의료급여,1등급,19,2015,https://api.odcloud.kr/api/15072696/v1/uddi:553b4d25-80c0-471b-9cc7-af7abee0b329,전라북도,의료급여
여자,전북특별자치도,의료급여,2등급,26,2015,https://api.odcloud.kr/api/15072696/v1/uddi:553b4d25-80c0-471b-9cc7-af7abee0b329,전라북도,의료급여
여자,전북특별자치도,의료급여,3등급,61,2015,https://api.odcloud.kr/api/15072696/v1/uddi:553b4d25-80c0-471b-9cc7-af7abee0b329,전라북도,의료급여
여자,전북특별자치도,의료급여,4등급,85,2015,https://api.odcloud.kr/api/15072696/v1/uddi:553b4d25-80c0-471b-9cc7-af7abee0b329,전라북도,의료급여
여자,전북특별자치도,의료급여,5등급,22,2015,https://api.odcloud.kr/api/15072696/v1/uddi:553b4d25-80c0-471b-9cc7-af7abee0b329,전라북도,의료급여
여자,전북특별자치도,의료급여,등급외,159,2015,https://api.odcloud.kr/api/15072696/v1/uddi:553b4d25-80c0-471b-9cc7-af7abee0b329,전라북도,의료급여
여자,전북특별자치도,기초수급,1등급,174,2015,https://api.odcloud.kr/api/15072696/v1/uddi:553b4d25-80c0-471b-9cc7-af7abee0b329,전라북도,기초수급
여자,전북특별자치도,기초수급,2등급,378,2015,https://api.odcloud.kr/api/15072696/v1/uddi:553b4d25-80c0-471b-9cc7-af7abee0b329,전라북도,기초수급
여자,전북특별자치도,기초수급,3등급,1174,2015,https://api.odcloud.kr/api/15072696/v1/uddi:553b4d25-80c0-471b-9cc7-af7abee0b329,전라북도,기초수급
여자,전북특별자치도,기초수급,4등급,1498,2015,https://api.odcloud.kr/api/15072696/v1/uddi:553b4d25-80c0-471b-9cc7-af7abee0b329,전라북도,기초수급
여자,전북특별자치도,기초수급,5등급,109,2015,https://api.odcloud.kr/api/15072696/v1/uddi:553b4d25-80c0-471b-9cc7-af7abee0b329,전라북도,기초수급
여자,전북특별자치도,기초수급,등급외,3940,2015,https://api.odcloud.kr/api/15072696/v1/uddi:553b4d25-80c0-471b-9cc7-af7abee0b329,전라북도,기초수급
남자,전라남도,일반,1등급,315,2015,https://api.odcloud.kr/api/15072696/v1/uddi:553b4d25-80c0-471b-9cc7-af7abee0b329,전라남도,일반
남자,전라남도,일반,2등급,671,2015,https://api.odcloud.kr/api/15072696/v1/uddi:553b4d25-80c0-471b-9cc7-af7abee0b329,전라남도,일반
남자,전라남도,일반,3등급,1735,2015,https://api.odcloud.kr/api/15072696/v1/uddi:553b4d25-80c0-471b-9cc7-af7abee0b329,전라남도,일반
남자,전라남도,일반,4등급,1857,2015,https://api.odcloud.kr/api/15072696/v1/uddi:553b4d25-80c0-471b-9cc7-af7abee0b329,전라남도,일반
남자,전라남도,일반,5등급,164,2015,https://api.odcloud.kr/api/15072696/v1/uddi:553b4d25-80c0-471b-9cc7-af7abee0b329,전라남도,일반
남자,전라남도,일반,등급외,2404,2015,https://api.odcloud.kr/api/15072696/v1/uddi:553b4d25-80c0-471b-9cc7-af7abee0b329,전라남도,일반
남자,전라남도,감경,1등급,76,2015,https://api.odcloud.kr/api/15072696/v1/uddi:553b4d25-80c0-471b-9cc7-af7abee0b329,전라남도,경감
남자,전라남도,감경,2등급,183,2015,https://api.odcloud.kr/api/15072696/v1/uddi:553b4d25-80c0-471b-9cc7-af7abee0b329,전라남도,경감
남자,전라남도,감경,3등급,477,2015,https://api.odcloud.kr/api/15072696/v1/uddi:553b4d25-80c0-471b-9cc7-af7abee0b329,전라남도,경감
남자,전라남도,감경,4등급,473,2015,https://api.odcloud.kr/api/15072696/v1/uddi:553b4d25-80c0-471b-9cc7-af7abee0b329,전라남도,경감
남자,전라남도,감경,5등급,22,2015,https://api.odcloud.kr/api/15072696/v1/uddi:553b4d25-80c0-471b-9cc7-af7abee0b329,전라남도,경감
남자,전라남도,감경,등급외,159,2015,https://api.odcloud.kr/api/15072696/v1/uddi:553b4d25-80c0-471b-9cc7-af7abee0b329,전라남도,경감
남자,전라남도,의료급여,1등급,9,2015,https://api.odcloud.kr/api/15072696/v1/uddi:553b4d25-80c0-471b-9cc7-af7abee0b329,전라남도,의료급여
남자,전라남도,의료급여,2등급,21,2015,https://api.odcloud.kr/api/15072696/v1/uddi:553b4d25-80c0-471b-9cc7-af7abee0b329,전라남도,의료급여
남자,전라남도,의료급여,3등급,39,2015,https://api.odcloud.kr/api/15072696/v1/uddi:553b4d25-80c0-471b-9cc7-af7abee0b329,전라남도,의료급여
남자,전라남도,의료급여,4등급,60,2015,https://api.odcloud.kr/api/15072696/v1/uddi:553b4d25-80c0-471b-9cc7-af7abee0b329,전라남도,의료급여
남자,전라남도,의료급여,5등급,5,2015,https://api.odcloud.kr/api/15072696/v1/uddi:553b4d25-80c0-471b-9cc7-af7abee0b329,전라남도,의료급여
남자,전라남도,의료급여,등급외,64,2015,https://api.odcloud.kr/api/15072696/v1/uddi:553b4d25-80c0-471b-9cc7-af7abee0b329,전라남도,의료급여
남자,전라남도,기초수급,1등급,68,2015,https://api.odcloud.kr/api/15072696/v1/uddi:553b4d25-80c0-471b-9cc7-af7abee0b329,전라남도,기초수급
남자,전라남도,기초수급,2등급,171,2015,https://api.odcloud.kr/api/15072696/v1/uddi:553b4d25-80c0-471b-9cc7-af7abee0b329,전라남도,기초수급
남자,전라남도,기초수급,3등급,395,2015,https://api.odcloud.kr/api/15072696/v1/uddi:553b4d25-80c0-471b-9cc7-af7abee0b329,전라남도,기초수급
남자,전라남도,기초수급,4등급,453,2015,https://api.odcloud.kr/api/15072696/v1/uddi:553b4d25-80c0-471b-9cc7-af7abee0b329,전라남도,기초수급
남자,전라남도,기초수급,5등급,24,2015,https://api.odcloud.kr/api/15072696/v1/uddi:553b4d25-80c0-471b-9cc7-af7abee0b329,전라남도,기초수급
남자,전라남도,기초수급,등급외,842,2015,https://api.odcloud.kr/api/15072696/v1/uddi:553b4d25-80c0-471b-9cc7-af7abee0b329,전라남도,기초수급
여자,전라남도,일반,1등급,616,2015,https://api.odcloud.kr/api/15072696/v1/uddi:553b4d25-80c0-471b-9cc7-af7abee0b329,전라남도,일반
여자,전라남도,일반,2등급,1686,2015,https://api.odcloud.kr/api/15072696/v1/uddi:553b4d25-80c0-471b-9cc7-af7abee0b329,전라남도,일반
여자,전라남도,일반,3등급,4062,2015,https://api.odcloud.kr/api/15072696/v1/uddi:553b4d25-80c0-471b-9cc7-af7abee0b329,전라남도,일반
여자,전라남도,일반,4등급,5597,2015,https://api.odcloud.kr/api/15072696/v1/uddi:553b4d25-80c0-471b-9cc7-af7abee0b329,전라남도,일반
여자,전라남도,일반,5등급,540,2015,https://api.odcloud.kr/api/15072696/v1/uddi:553b4d25-80c0-471b-9cc7-af7abee0b329,전라남도,일반
여자,전라남도,일반,등급외,8774,2015,https://api.odcloud.kr/api/15072696/v1/uddi:553b4d25-80c0-471b-9cc7-af7abee0b329,전라남도,일반
여자,전라남도,감경,1등급,294,2015,https://api.odcloud.kr/api/15072696/v1/uddi:553b4d25-80c0-471b-9cc7-af7abee0b329,전라남도,경감
여자,전라남도,감경,2등급,798,2015,https://api.odcloud.kr/api/15072696/v1/uddi:553b4d25-80c0-471b-9cc7-af7abee0b329,전라남도,경감
여자,전라남도,감경,3등급,1789,2015,https://api.odcloud.kr/api/15072696/v1/uddi:553b4d25-80c0-471b-9cc7-af7abee0b329,전라남도,경감
여자,전라남도,감경,4등급,2338,2015,https://api.odcloud.kr/api/15072696/v1/uddi:553b4d25-80c0-471b-9cc7-af7abee0b329,전라남도,경감
여자,전라남도,감경,5등급,154,2015,https://api.odcloud.kr/api/15072696/v1/uddi:553b4d25-80c0-471b-9cc7-af7abee0b329,전라남도,경감
여자,전라남도,감경,등급외,792,2015,https://api.odcloud.kr/api/15072696/v1/uddi:553b4d25-80c0-471b-9cc7-af7abee0b329,전라남도,경감
여자,전라남도,의료급여,1등급,16,2015,https://api.odcloud.kr/api/15072696/v1/uddi:553b4d25-80c0-471b-9cc7-af7abee0b329,전라남도,의료급여
여자,전라남도,의료급여,2등급,36,2015,https://api.odcloud.kr/api/15072696/v1/uddi:553b4d25-80c0-471b-9cc7-af7abee0b329,전라남도,의료급여
여자,전라남도,의료급여,3등급,88,2015,https://api.odcloud.kr/api/15072696/v1/uddi:553b4d25-80c0-471b-9cc7-af7abee0b329,전라남도,의료급여
여자,전라남도,의료급여,4등급,148,2015,https://api.odcloud.kr/api/15072696/v1/uddi:553b4d25-80c0-471b-9cc7-af7abee0b329,전라남도,의료급여
여자,전라남도,의료급여,5등급,17,2015,https://api.odcloud.kr/api/15072696/v1/uddi:553b4d25-80c0-471b-9cc7-af7abee0b329,전라남도,의료급여
여자,전라남도,의료급여,등급외,190,2015,https://api.odcloud.kr/api/15072696/v1/uddi:553b4d25-80c0-471b-9cc7-af7abee0b329,전라남도,의료급여
여자,전라남도,기초수급,1등급,206,2015,https://api.odcloud.kr/api/15072696/v1/uddi:553b4d25-80c0-471b-9cc7-af7abee0b329,전라남도,기초수급
여자,전라남도,기초수급,2등급,534,2015,https://api.odcloud.kr/api/15072696/v1/uddi:553b4d25-80c0-471b-9cc7-af7abee0b329,전라남도,기초수급
여자,전라남도,기초수급,3등급,1183,2015,https://api.odcloud.kr/api/15072696/v1/uddi:553b4d25-80c0-471b-9cc7-af7abee0b329,전라남도,기초수급
여자,전라남도,기초수급,4등급,1681,2015,https://api.odcloud.kr/api/15072696/v1/uddi:553b4d25-80c0-471b-9cc7-af7abee0b329,전라남도,기초수급
여자,전라남도,기초수급,5등급,93,2015,https://api.odcloud.kr/api/15072696/v1/uddi:553b4d25-80c0-471b-9cc7-af7abee0b329,전라남도,기초수급
여자,전라남도,기초수급,등급외,3182,2015,https://api.odcloud.kr/api/15072696/v1/uddi:553b4d25-80c0-471b-9cc7-af7abee0b329,전라남도,기초수급
남자,경상북도,일반,1등급,408,2015,https://api.odcloud.kr/api/15072696/v1/uddi:553b4d25-80c0-471b-9cc7-af7abee0b329,경상북도,일반
남자,경상북도,일반,2등급,952,2015,https://api.odcloud.kr/api/15072696/v1/uddi:553b4d25-80c0-471b-9cc7-af7abee0b329,경상북도,일반
남자,경상북도,일반,3등급,2509,2015,https://api.odcloud.kr/api/15072696/v1/uddi:553b4d25-80c0-471b-9cc7-af7abee0b329,경상북도,일반
남자,경상북도,일반,4등급,2118,2015,https://api.odcloud.kr/api/15072696/v1/uddi:553b4d25-80c0-471b-9cc7-af7abee0b329,경상북도,일반
남자,경상북도,일반,5등급,235,2015,https://api.odcloud.kr/api/15072696/v1/uddi:553b4d25-80c0-471b-9cc7-af7abee0b329,경상북도,일반
남자,경상북도,일반,등급외,2430,2015,https://api.odcloud.kr/api/15072696/v1/uddi:553b4d25-80c0-471b-9cc7-af7abee0b329,경상북도,일반
남자,경상북도,감경,1등급,105,2015,https://api.odcloud.kr/api/15072696/v1/uddi:553b4d25-80c0-471b-9cc7-af7abee0b329,경상북도,경감
남자,경상북도,감경,2등급,235,2015,https://api.odcloud.kr/api/15072696/v1/uddi:553b4d25-80c0-471b-9cc7-af7abee0b329,경상북도,경감
남자,경상북도,감경,3등급,583,2015,https://api.odcloud.kr/api/15072696/v1/uddi:553b4d25-80c0-471b-9cc7-af7abee0b329,경상북도,경감
남자,경상북도,감경,4등급,518,2015,https://api.odcloud.kr/api/15072696/v1/uddi:553b4d25-80c0-471b-9cc7-af7abee0b329,경상북도,경감
남자,경상북도,감경,5등급,47,2015,https://api.odcloud.kr/api/15072696/v1/uddi:553b4d25-80c0-471b-9cc7-af7abee0b329,경상북도,경감
남자,경상북도,감경,등급외,94,2015,https://api.odcloud.kr/api/15072696/v1/uddi:553b4d25-80c0-471b-9cc7-af7abee0b329,경상북도,경감
남자,경상북도,의료급여,1등급,8,2015,https://api.odcloud.kr/api/15072696/v1/uddi:553b4d25-80c0-471b-9cc7-af7abee0b329,경상북도,의료급여
남자,경상북도,의료급여,2등급,12,2015,https://api.odcloud.kr/api/15072696/v1/uddi:553b4d25-80c0-471b-9cc7-af7abee0b329,경상북도,의료급여
남자,경상북도,의료급여,3등급,42,2015,https://api.odcloud.kr/api/15072696/v1/uddi:553b4d25-80c0-471b-9cc7-af7abee0b329,경상북도,의료급여
남자,경상북도,의료급여,4등급,36,2015,https://api.odcloud.kr/api/15072696/v1/uddi:553b4d25-80c0-471b-9cc7-af7abee0b329,경상북도,의료급여
남자,경상북도,의료급여,5등급,4,2015,https://api.odcloud.kr/api/15072696/v1/uddi:553b4d25-80c0-471b-9cc7-af7abee0b329,경상북도,의료급여
남자,경상북도,의료급여,등급외,49,2015,https://api.odcloud.kr/api/15072696/v1/uddi:553b4d25-80c0-471b-9cc7-af7abee0b329,경상북도,의료급여
남자,경상북도,기초수급,1등급,101,2015,https://api.odcloud.kr/api/15072696/v1/uddi:553b4d25-80c0-471b-9cc7-af7abee0b329,경상북도,기초수급
남자,경상북도,기초수급,2등급,198,2015,https://api.odcloud.kr/api/15072696/v1/uddi:553b4d25-80c0-471b-9cc7-af7abee0b329,경상북도,기초수급
남자,경상북도,기초수급,3등급,535,2015,https://api.odcloud.kr/api/15072696/v1/uddi:553b4d25-80c0-471b-9cc7-af7abee0b329,경상북도,기초수급
남자,경상북도,기초수급,4등급,532,2015,https://api.odcloud.kr/api/15072696/v1/uddi:553b4d25-80c0-471b-9cc7-af7abee0b329,경상북도,기초수급
남자,경상북도,기초수급,5등급,25,2015,https://api.odcloud.kr/api/15072696/v1/uddi:553b4d25-80c0-471b-9cc7-af7abee0b329,경상북도,기초수급
남자,경상북도,기초수급,등급외,937,2015,https://api.odcloud.kr/api/15072696/v1/uddi:553b4d25-80c0-471b-9cc7-af7abee0b329,경상북도,기초수급
여자,경상북도,일반,1등급,1007,2015,https://api.odcloud.kr/api/15072696/v1/uddi:553b4d25-80c0-471b-9cc7-af7abee0b329,경상북도,일반
여자,경상북도,일반,2등급,2087,2015,https://api.odcloud.kr/api/15072696/v1/uddi:553b4d25-80c0-471b-9cc7-af7abee0b329,경상북도,일반
여자,경상북도,일반,3등급,5813,2015,https://api.odcloud.kr/api/15072696/v1/uddi:553b4d25-80c0-471b-9cc7-af7abee0b329,경상북도,일반
여자,경상북도,일반,4등급,6152,2015,https://api.odcloud.kr/api/15072696/v1/uddi:553b4d25-80c0-471b-9cc7-af7abee0b329,경상북도,일반
여자,경상북도,일반,5등급,814,2015,https://api.odcloud.kr/api/15072696/v1/uddi:553b4d25-80c0-471b-9cc7-af7abee0b329,경상북도,일반
여자,경상북도,일반,등급외,7149,2015,https://api.odcloud.kr/api/15072696/v1/uddi:553b4d25-80c0-471b-9cc7-af7abee0b329,경상북도,일반
여자,경상북도,감경,1등급,320,2015,https://api.odcloud.kr/api/15072696/v1/uddi:553b4d25-80c0-471b-9cc7-af7abee0b329,경상북도,경감
여자,경상북도,감경,2등급,768,2015,https://api.odcloud.kr/api/15072696/v1/uddi:553b4d25-80c0-471b-9cc7-af7abee0b329,경상북도,경감
여자,경상북도,감경,3등급,2062,2015,https://api.odcloud.kr/api/15072696/v1/uddi:553b4d25-80c0-471b-9cc7-af7abee0b329,경상북도,경감
여자,경상북도,감경,4등급,1969,2015,https://api.odcloud.kr/api/15072696/v1/uddi:553b4d25-80c0-471b-9cc7-af7abee0b329,경상북도,경감
여자,경상북도,감경,5등급,235,2015,https://api.odcloud.kr/api/15072696/v1/uddi:553b4d25-80c0-471b-9cc7-af7abee0b329,경상북도,경감
여자,경상북도,감경,등급외,396,2015,https://api.odcloud.kr/api/15072696/v1/uddi:553b4d25-80c0-471b-9cc7-af7abee0b329,경상북도,경감
여자,경상북도,의료급여,1등급,20,2015,https://api.odcloud.kr/api/15072696/v1/uddi:553b4d25-80c0-471b-9cc7-af7abee0b329,경상북도,의료급여
여자,경상북도,의료급여,2등급,31,2015,https://api.odcloud.kr/api/15072696/v1/uddi:553b4d25-80c0-471b-9cc7-af7abee0b329,경상북도,의료급여
여자,경상북도,의료급여,3등급,90,2015,https://api.odcloud.kr/api/15072696/v1/uddi:553b4d25-80c0-471b-9cc7-af7abee0b329,경상북도,의료급여
여자,경상북도,의료급여,4등급,120,2015,https://api.odcloud.kr/api/15072696/v1/uddi:553b4d25-80c0-471b-9cc7-af7abee0b329,경상북도,의료급여
여자,경상북도,의료급여,5등급,15,2015,https://api.odcloud.kr/api/15072696/v1/uddi:553b4d25-80c0-471b-9cc7-af7abee0b329,경상북도,의료급여
여자,경상북도,의료급여,등급외,141,2015,https://api.odcloud.kr/api/15072696/v1/uddi:553b4d25-80c0-471b-9cc7-af7abee0b329,경상북도,의료급여
여자,경상북도,기초수급,1등급,336,2015,https://api.odcloud.kr/api/15072696/v1/uddi:553b4d25-80c0-471b-9cc7-af7abee0b329,경상북도,기초수급
여자,경상북도,기초수급,2등급,585,2015,https://api.odcloud.kr/api/15072696/v1/uddi:553b4d25-80c0-471b-9cc7-af7abee0b329,경상북도,기초수급
여자,경상북도,기초수급,3등급,1423,2015,https://api.odcloud.kr/api/15072696/v1/uddi:553b4d25-80c0-471b-9cc7-af7abee0b329,경상북도,기초수급
여자,경상북도,기초수급,4등급,1748,2015,https://api.odcloud.kr/api/15072696/v1/uddi:553b4d25-80c0-471b-9cc7-af7abee0b329,경상북도,기초수급
여자,경상북도,기초수급,5등급,109,2015,https://api.odcloud.kr/api/15072696/v1/uddi:553b4d25-80c0-471b-9cc7-af7abee0b329,경상북도,기초수급
여자,경상북도,기초수급,등급외,2904,2015,https://api.odcloud.kr/api/15072696/v1/uddi:553b4d25-80c0-471b-9cc7-af7abee0b329,경상북도,기초수급
남자,경상남도,일반,1등급,342,2015,https://api.odcloud.kr/api/15072696/v1/uddi:553b4d25-80c0-471b-9cc7-af7abee0b329,경상남도,일반
남자,경상남도,일반,2등급,732,2015,https://api.odcloud.kr/api/15072696/v1/uddi:553b4d25-80c0-471b-9cc7-af7abee0b329,경상남도,일반
남자,경상남도,일반,3등급,2126,2015,https://api.odcloud.kr/api/15072696/v1/uddi:553b4d25-80c0-471b-9cc7-af7abee0b329,경상남도,일반
남자,경상남도,일반,4등급,1976,2015,https://api.odcloud.kr/api/15072696/v1/uddi:553b4d25-80c0-471b-9cc7-af7abee0b329,경상남도,일반
남자,경상남도,일반,5등급,228,2015,https://api.odcloud.kr/api/15072696/v1/uddi:553b4d25-80c0-471b-9cc7-af7abee0b329,경상남도,일반
남자,경상남도,일반,등급외,2617,2015,https://api.odcloud.kr/api/15072696/v1/uddi:553b4d25-80c0-471b-9cc7-af7abee0b329,경상남도,일반
남자,경상남도,감경,1등급,71,2015,https://api.odcloud.kr/api/15072696/v1/uddi:553b4d25-80c0-471b-9cc7-af7abee0b329,경상남도,경감
남자,경상남도,감경,2등급,157,2015,https://api.odcloud.kr/api/15072696/v1/uddi:553b4d25-80c0-471b-9cc7-af7abee0b329,경상남도,경감
남자,경상남도,감경,3등급,448,2015,https://api.odcloud.kr/api/15072696/v1/uddi:553b4d25-80c0-471b-9cc7-af7abee0b329,경상남도,경감
남자,경상남도,감경,4등급,393,2015,https://api.odcloud.kr/api/15072696/v1/uddi:553b4d25-80c0-471b-9cc7-af7abee0b329,경상남도,경감
남자,경상남도,감경,5등급,32,2015,https://api.odcloud.kr/api/15072696/v1/uddi:553b4d25-80c0-471b-9cc7-af7abee0b329,경상남도,경감
남자,경상남도,감경,등급외,99,2015,https://api.odcloud.kr/api/15072696/v1/uddi:553b4d25-80c0-471b-9cc7-af7abee0b329,경상남도,경감
남자,경상남도,의료급여,1등급,4,2015,https://api.odcloud.kr/api/15072696/v1/uddi:553b4d25-80c0-471b-9cc7-af7abee0b329,경상남도,의료급여
남자,경상남도,의료급여,2등급,8,2015,https://api.odcloud.kr/api/15072696/v1/uddi:553b4d25-80c0-471b-9cc7-af7abee0b329,경상남도,의료급여
남자,경상남도,의료급여,3등급,36,2015,https://api.odcloud.kr/api/15072696/v1/uddi:553b4d25-80c0-471b-9cc7-af7abee0b329,경상남도,의료급여
남자,경상남도,의료급여,4등급,29,2015,https://api.odcloud.kr/api/15072696/v1/uddi:553b4d25-80c0-471b-9cc7-af7abee0b329,경상남도,의료급여
남자,경상남도,의료급여,5등급,3,2015,https://api.odcloud.kr/api/15072696/v1/uddi:553b4d25-80c0-471b-9cc7-af7abee0b329,경상남도,의료급여
남자,경상남도,의료급여,등급외,53,2015,https://api.odcloud.kr/api/15072696/v1/uddi:553b4d25-80c0-471b-9cc7-af7abee0b329,경상남도,의료급여
남자,경상남도,기초수급,1등급,75,2015,https://api.odcloud.kr/api/15072696/v1/uddi:553b4d25-80c0-471b-9cc7-af7abee0b329,경상남도,기초수급
남자,경상남도,기초수급,2등급,121,2015,https://api.odcloud.kr/api/15072696/v1/uddi:553b4d25-80c0-471b-9cc7-af7abee0b329,경상남도,기초수급
남자,경상남도,기초수급,3등급,387,2015,https://api.odcloud.kr/api/15072696/v1/uddi:553b4d25-80c0-471b-9cc7-af7abee0b329,경상남도,기초수급
남자,경상남도,기초수급,4등급,431,2015,https://api.odcloud.kr/api/15072696/v1/uddi:553b4d25-80c0-471b-9cc7-af7abee0b329,경상남도,기초수급
남자,경상남도,기초수급,5등급,30,2015,https://api.odcloud.kr/api/15072696/v1/uddi:553b4d25-80c0-471b-9cc7-af7abee0b329,경상남도,기초수급
남자,경상남도,기초수급,등급외,927,2015,https://api.odcloud.kr/api/15072696/v1/uddi:553b4d25-80c0-471b-9cc7-af7abee0b329,경상남도,기초수급
여자,경상남도,일반,1등급,930,2015,https://api.odcloud.kr/api/15072696/v1/uddi:553b4d25-80c0-471b-9cc7-af7abee0b329,경상남도,일반
여자,경상남도,일반,2등급,1973,2015,https://api.odcloud.kr/api/15072696/v1/uddi:553b4d25-80c0-471b-9cc7-af7abee0b329,경상남도,일반
여자,경상남도,일반,3등급,5114,2015,https://api.odcloud.kr/api/15072696/v1/uddi:553b4d25-80c0-471b-9cc7-af7abee0b329,경상남도,일반
여자,경상남도,일반,4등급,5862,2015,https://api.odcloud.kr/api/15072696/v1/uddi:553b4d25-80c0-471b-9cc7-af7abee0b329,경상남도,일반
여자,경상남도,일반,5등급,795,2015,https://api.odcloud.kr/api/15072696/v1/uddi:553b4d25-80c0-471b-9cc7-af7abee0b329,경상남도,일반
여자,경상남도,일반,등급외,8705,2015,https://api.odcloud.kr/api/15072696/v1/uddi:553b4d25-80c0-471b-9cc7-af7abee0b329,경상남도,일반
여자,경상남도,감경,1등급,271,2015,https://api.odcloud.kr/api/15072696/v1/uddi:553b4d25-80c0-471b-9cc7-af7abee0b329,경상남도,경감
여자,경상남도,감경,2등급,581,2015,https://api.odcloud.kr/api/15072696/v1/uddi:553b4d25-80c0-471b-9cc7-af7abee0b329,경상남도,경감
여자,경상남도,감경,3등급,1600,2015,https://api.odcloud.kr/api/15072696/v1/uddi:553b4d25-80c0-471b-9cc7-af7abee0b329,경상남도,경감
여자,경상남도,감경,4등급,1711,2015,https://api.odcloud.kr/api/15072696/v1/uddi:553b4d25-80c0-471b-9cc7-af7abee0b329,경상남도,경감
여자,경상남도,감경,5등급,191,2015,https://api.odcloud.kr/api/15072696/v1/uddi:553b4d25-80c0-471b-9cc7-af7abee0b329,경상남도,경감
여자,경상남도,감경,등급외,394,2015,https://api.odcloud.kr/api/15072696/v1/uddi:553b4d25-80c0-471b-9cc7-af7abee0b329,경상남도,경감
여자,경상남도,의료급여,1등급,11,2015,https://api.odcloud.kr/api/15072696/v1/uddi:553b4d25-80c0-471b-9cc7-af7abee0b329,경상남도,의료급여
여자,경상남도,의료급여,2등급,33,2015,https://api.odcloud.kr/api/15072696/v1/uddi:553b4d25-80c0-471b-9cc7-af7abee0b329,경상남도,의료급여
여자,경상남도,의료급여,3등급,92,2015,https://api.odcloud.kr/api/15072696/v1/uddi:553b4d25-80c0-471b-9cc7-af7abee0b329,경상남도,의료급여
여자,경상남도,의료급여,4등급,94,2015,https://api.odcloud.kr/api/15072696/v1/uddi:553b4d25-80c0-471b-9cc7-af7abee0b329,경상남도,의료급여
여자,경상남도,의료급여,5등급,16,2015,https://api.odcloud.kr/api/15072696/v1/uddi:553b4d25-80c0-471b-9cc7-af7abee0b329,경상남도,의료급여
여자,경상남도,의료급여,등급외,182,2015,https://api.odcloud.kr/api/15072696/v1/uddi:553b4d25-80c0-471b-9cc7-af7abee0b329,경상남도,의료급여
여자,경상남도,기초수급,1등급,224,2015,https://api.odcloud.kr/api/15072696/v1/uddi:553b4d25-80c0-471b-9cc7-af7abee0b329,경상남도,기초수급
여자,경상남도,기초수급,2등급,498,2015,https://api.odcloud.kr/api/15072696/v1/uddi:553b4d25-80c0-471b-9cc7-af7abee0b329,경상남도,기초수급
여자,경상남도,기초수급,3등급,1239,2015,https://api.odcloud.kr/api/15072696/v1/uddi:553b4d25-80c0-471b-9cc7-af7abee0b329,경상남도,기초수급
여자,경상남도,기초수급,4등급,1446,2015,https://api.odcloud.kr/api/15072696/v1/uddi:553b4d25-80c0-471b-9cc7-af7abee0b329,경상남도,기초수급
여자,경상남도,기초수급,5등급,118,2015,https://api.odcloud.kr/api/15072696/v1/uddi:553b4d25-80c0-471b-9cc7-af7abee0b329,경상남도,기초수급
여자,경상남도,기초수급,등급외,2975,2015,https://api.odcloud.kr/api/15072696/v1/uddi:553b4d25-80c0-471b-9cc7-af7abee0b329,경상남도,기초수급
남자,제주특별자치도,일반,1등급,124,2015,https://api.odcloud.kr/api/15072696/v1/uddi:553b4d25-80c0-471b-9cc7-af7abee0b329,제주특별자치도,일반
남자,제주특별자치도,일반,2등급,153,2015,https://api.odcloud.kr/api/15072696/v1/uddi:553b4d25-80c0-471b-9cc7-af7abee0b329,제주특별자치도,일반
남자,제주특별자치도,일반,3등급,385,2015,https://api.odcloud.kr/api/15072696/v1/uddi:553b4d25-80c0-471b-9cc7-af7abee0b329,제주특별자치도,일반
남자,제주특별자치도,일반,4등급,297,2015,https://api.odcloud.kr/api/15072696/v1/uddi:553b4d25-80c0-471b-9cc7-af7abee0b329,제주특별자치도,일반
남자,제주특별자치도,일반,5등급,45,2015,https://api.odcloud.kr/api/15072696/v1/uddi:553b4d25-80c0-471b-9cc7-af7abee0b329,제주특별자치도,일반
남자,제주특별자치도,일반,등급외,259,2015,https://api.odcloud.kr/api/15072696/v1/uddi:553b4d25-80c0-471b-9cc7-af7abee0b329,제주특별자치도,일반
남자,제주특별자치도,감경,1등급,34,2015,https://api.odcloud.kr/api/15072696/v1/uddi:553b4d25-80c0-471b-9cc7-af7abee0b329,제주특별자치도,경감
남자,제주특별자치도,감경,2등급,41,2015,https://api.odcloud.kr/api/15072696/v1/uddi:553b4d25-80c0-471b-9cc7-af7abee0b329,제주특별자치도,경감
남자,제주특별자치도,감경,3등급,109,2015,https://api.odcloud.kr/api/15072696/v1/uddi:553b4d25-80c0-471b-9cc7-af7abee0b329,제주특별자치도,경감
남자,제주특별자치도,감경,4등급,104,2015,https://api.odcloud.kr/api/15072696/v1/uddi:553b4d25-80c0-471b-9cc7-af7abee0b329,제주특별자치도,경감
남자,제주특별자치도,감경,5등급,10,2015,https://api.odcloud.kr/api/15072696/v1/uddi:553b4d25-80c0-471b-9cc7-af7abee0b329,제주특별자치도,경감
남자,제주특별자치도,감경,등급외,14,2015,https://api.odcloud.kr/api/15072696/v1/uddi:553b4d25-80c0-471b-9cc7-af7abee0b329,제주특별자치도,경감
남자,제주특별자치도,의료급여,1등급,4,2015,https://api.odcloud.kr/api/15072696/v1/uddi:553b4d25-80c0-471b-9cc7-af7abee0b329,제주특별자치도,의료급여
남자,제주특별자치도,의료급여,2등급,6,2015,https://api.odcloud.kr/api/15072696/v1/uddi:553b4d25-80c0-471b-9cc7-af7abee0b329,제주특별자치도,의료급여
남자,제주특별자치도,의료급여,3등급,11,2015,https://api.odcloud.kr/api/15072696/v1/uddi:553b4d25-80c0-471b-9cc7-af7abee0b329,제주특별자치도,의료급여
남자,제주특별자치도,의료급여,4등급,9,2015,https://api.odcloud.kr/api/15072696/v1/uddi:553b4d25-80c0-471b-9cc7-af7abee0b329,제주특별자치도,의료급여
남자,제주특별자치도,의료급여,5등급,2,2015,https://api.odcloud.kr/api/15072696/v1/uddi:553b4d25-80c0-471b-9cc7-af7abee0b329,제주특별자치도,의료급여
남자,제주특별자치도,의료급여,등급외,5,2015,https://api.odcloud.kr/api/15072696/v1/uddi:553b4d25-80c0-471b-9cc7-af7abee0b329,제주특별자치도,의료급여
남자,제주특별자치도,기초수급,1등급,31,2015,https://api.odcloud.kr/api/15072696/v1/uddi:553b4d25-80c0-471b-9cc7-af7abee0b329,제주특별자치도,기초수급
남자,제주특별자치도,기초수급,2등급,42,2015,https://api.odcloud.kr/api/15072696/v1/uddi:553b4d25-80c0-471b-9cc7-af7abee0b329,제주특별자치도,기초수급
남자,제주특별자치도,기초수급,3등급,97,2015,https://api.odcloud.kr/api/15072696/v1/uddi:553b4d25-80c0-471b-9cc7-af7abee0b329,제주특별자치도,기초수급
남자,제주특별자치도,기초수급,4등급,110,2015,https://api.odcloud.kr/api/15072696/v1/uddi:553b4d25-80c0-471b-9cc7-af7abee0b329,제주특별자치도,기초수급
남자,제주특별자치도,기초수급,5등급,4,2015,https://api.odcloud.kr/api/15072696/v1/uddi:553b4d25-80c0-471b-9cc7-af7abee0b329,제주특별자치도,기초수급
남자,제주특별자치도,기초수급,등급외,182,2015,https://api.odcloud.kr/api/15072696/v1/uddi:553b4d25-80c0-471b-9cc7-af7abee0b329,제주특별자치도,기초수급
여자,제주특별자치도,일반,1등급,342,2015,https://api.odcloud.kr/api/15072696/v1/uddi:553b4d25-80c0-471b-9cc7-af7abee0b329,제주특별자치도,일반
여자,제주특별자치도,일반,2등급,443,2015,https://api.odcloud.kr/api/15072696/v1/uddi:553b4d25-80c0-471b-9cc7-af7abee0b329,제주특별자치도,일반
여자,제주특별자치도,일반,3등급,978,2015,https://api.odcloud.kr/api/15072696/v1/uddi:553b4d25-80c0-471b-9cc7-af7abee0b329,제주특별자치도,일반
여자,제주특별자치도,일반,4등급,908,2015,https://api.odcloud.kr/api/15072696/v1/uddi:553b4d25-80c0-471b-9cc7-af7abee0b329,제주특별자치도,일반
여자,제주특별자치도,일반,5등급,148,2015,https://api.odcloud.kr/api/15072696/v1/uddi:553b4d25-80c0-471b-9cc7-af7abee0b329,제주특별자치도,일반
여자,제주특별자치도,일반,등급외,876,2015,https://api.odcloud.kr/api/15072696/v1/uddi:553b4d25-80c0-471b-9cc7-af7abee0b329,제주특별자치도,일반
여자,제주특별자치도,감경,1등급,140,2015,https://api.odcloud.kr/api/15072696/v1/uddi:553b4d25-80c0-471b-9cc7-af7abee0b329,제주특별자치도,경감
여자,제주특별자치도,감경,2등급,181,2015,https://api.odcloud.kr/api/15072696/v1/uddi:553b4d25-80c0-471b-9cc7-af7abee0b329,제주특별자치도,경감
여자,제주특별자치도,감경,3등급,412,2015,https://api.odcloud.kr/api/15072696/v1/uddi:553b4d25-80c0-471b-9cc7-af7abee0b329,제주특별자치도,경감
여자,제주특별자치도,감경,4등급,349,2015,https://api.odcloud.kr/api/15072696/v1/uddi:553b4d25-80c0-471b-9cc7-af7abee0b329,제주특별자치도,경감
여자,제주특별자치도,감경,5등급,39,2015,https://api.odcloud.kr/api/15072696/v1/uddi:553b4d25-80c0-471b-9cc7-af7abee0b329,제주특별자치도,경감
여자,제주특별자치도,감경,등급외,43,2015,https://api.odcloud.kr/api/15072696/v1/uddi:553b4d25-80c0-471b-9cc7-af7abee0b329,제주특별자치도,경감
여자,제주특별자치도,의료급여,1등급,3,2015,https://api.odcloud.kr/api/15072696/v1/uddi:553b4d25-80c0-471b-9cc7-af7abee0b329,제주특별자치도,의료급여
여자,제주특별자치도,의료급여,2등급,13,2015,https://api.odcloud.kr/api/15072696/v1/uddi:553b4d25-80c0-471b-9cc7-af7abee0b329,제주특별자치도,의료급여
여자,제주특별자치도,의료급여,3등급,36,2015,https://api.odcloud.kr/api/15072696/v1/uddi:553b4d25-80c0-471b-9cc7-af7abee0b329,제주특별자치도,의료급여
여자,제주특별자치도,의료급여,4등급,32,2015,https://api.odcloud.kr/api/15072696/v1/uddi:553b4d25-80c0-471b-9cc7-af7abee0b329,제주특별자치도,의료급여
여자,제주특별자치도,의료급여,5등급,3,2015,https://api.odcloud.kr/api/15072696/v1/uddi:553b4d25-80c0-471b-9cc7-af7abee0b329,제주특별자치도,의료급여
여자,제주특별자치도,의료급여,등급외,22,2015,https://api.odcloud.kr/api/15072696/v1/uddi:553b4d25-80c0-471b-9cc7-af7abee0b329,제주특별자치도,의료급여
여자,제주특별자치도,기초수급,1등급,137,2015,https://api.odcloud.kr/api/15072696/v1/uddi:553b4d25-80c0-471b-9cc7-af7abee0b329,제주특별자치도,기초수급
여자,제주특별자치도,기초수급,2등급,186,2015,https://api.odcloud.kr/api/15072696/v1/uddi:553b4d25-80c0-471b-9cc7-af7abee0b329,제주특별자치도,기초수급
여자,제주특별자치도,기초수급,3등급,409,2015,https://api.odcloud.kr/api/15072696/v1/uddi:553b4d25-80c0-471b-9cc7-af7abee0b329,제주특별자치도,기초수급
여자,제주특별자치도,기초수급,4등급,408,2015,https://api.odcloud.kr/api/15072696/v1/uddi:553b4d25-80c0-471b-9cc7-af7abee0b329,제주특별자치도,기초수급
여자,제주특별자치도,기초수급,5등급,47,2015,https://api.odcloud.kr/api/15072696/v1/uddi:553b4d25-80c0-471b-9cc7-af7abee0b329,제주특별자치도,기초수급
여자,제주특별자치도,기초수급,등급외,514,2015,https://api.odcloud.kr/api/15072696/v1/uddi:553b4d25-80c0-471b-9cc7-af7abee0b329,제주특별자치도,기초수급
남자,서울특별시,일반,1등급,2048,2016,https://api.odcloud.kr/api/15072696/v1/uddi:b5b43d81-31d0-4b31-8c0f-9e83d6202da9,서울특별시,일반
남자,서울특별시,일반,2등급,2660,2016,https://api.odcloud.kr/api/15072696/v1/uddi:b5b43d81-31d0-4b31-8c0f-9e83d6202da9,서울특별시,일반
남자,서울특별시,일반,3등급,6581,2016,https://api.odcloud.kr/api/15072696/v1/uddi:b5b43d81-31d0-4b31-8c0f-9e83d6202da9,서울특별시,일반
남자,서울특별시,일반,4등급,5139,2016,https://api.odcloud.kr/api/15072696/v1/uddi:b5b43d81-31d0-4b31-8c0f-9e83d6202da9,서울특별시,일반
남자,서울특별시,일반,5등급,882,2016,https://api.odcloud.kr/api/15072696/v1/uddi:b5b43d81-31d0-4b31-8c0f-9e83d6202da9,서울특별시,일반
남자,서울특별시,일반,등급외,2815,2016,https://api.odcloud.kr/api/15072696/v1/uddi:b5b43d81-31d0-4b31-8c0f-9e83d6202da9,서울특별시,일반
남자,서울특별시,감경,1등급,298,2016,https://api.odcloud.kr/api/15072696/v1/uddi:b5b43d81-31d0-4b31-8c0f-9e83d6202da9,서울특별시,경감
남자,서울특별시,감경,2등급,434,2016,https://api.odcloud.kr/api/15072696/v1/uddi:b5b43d81-31d0-4b31-8c0f-9e83d6202da9,서울특별시,경감
남자,서울특별시,감경,3등급,1326,2016,https://api.odcloud.kr/api/15072696/v1/uddi:b5b43d81-31d0-4b31-8c0f-9e83d6202da9,서울특별시,경감
남자,서울특별시,감경,4등급,1006,2016,https://api.odcloud.kr/api/15072696/v1/uddi:b5b43d81-31d0-4b31-8c0f-9e83d6202da9,서울특별시,경감
남자,서울특별시,감경,5등급,139,2016,https://api.odcloud.kr/api/15072696/v1/uddi:b5b43d81-31d0-4b31-8c0f-9e83d6202da9,서울특별시,경감
남자,서울특별시,감경,등급외,115,2016,https://api.odcloud.kr/api/15072696/v1/uddi:b5b43d81-31d0-4b31-8c0f-9e83d6202da9,서울특별시,경감
남자,서울특별시,의료급여,1등급,17,2016,https://api.odcloud.kr/api/15072696/v1/uddi:b5b43d81-31d0-4b31-8c0f-9e83d6202da9,서울특별시,의료급여
남자,서울특별시,의료급여,2등급,31,2016,https://api.odcloud.kr/api/15072696/v1/uddi:b5b43d81-31d0-4b31-8c0f-9e83d6202da9,서울특별시,의료급여
남자,서울특별시,의료급여,3등급,108,2016,https://api.odcloud.kr/api/15072696/v1/uddi:b5b43d81-31d0-4b31-8c0f-9e83d6202da9,서울특별시,의료급여
남자,서울특별시,의료급여,4등급,67,2016,https://api.odcloud.kr/api/15072696/v1/uddi:b5b43d81-31d0-4b31-8c0f-9e83d6202da9,서울특별시,의료급여
남자,서울특별시,의료급여,5등급,9,2016,https://api.odcloud.kr/api/15072696/v1/uddi:b5b43d81-31d0-4b31-8c0f-9e83d6202da9,서울특별시,의료급여
남자,서울특별시,의료급여,등급외,48,2016,https://api.odcloud.kr/api/15072696/v1/uddi:b5b43d81-31d0-4b31-8c0f-9e83d6202da9,서울특별시,의료급여
남자,서울특별시,기초수급,1등급,315,2016,https://api.odcloud.kr/api/15072696/v1/uddi:b5b43d81-31d0-4b31-8c0f-9e83d6202da9,서울특별시,기초수급
남자,서울특별시,기초수급,2등급,378,2016,https://api.odcloud.kr/api/15072696/v1/uddi:b5b43d81-31d0-4b31-8c0f-9e83d6202da9,서울특별시,기초수급
남자,서울특별시,기초수급,3등급,1053,2016,https://api.odcloud.kr/api/15072696/v1/uddi:b5b43d81-31d0-4b31-8c0f-9e83d6202da9,서울특별시,기초수급
남자,서울특별시,기초수급,4등급,1250,2016,https://api.odcloud.kr/api/15072696/v1/uddi:b5b43d81-31d0-4b31-8c0f-9e83d6202da9,서울특별시,기초수급
남자,서울특별시,기초수급,5등급,135,2016,https://api.odcloud.kr/api/15072696/v1/uddi:b5b43d81-31d0-4b31-8c0f-9e83d6202da9,서울특별시,기초수급
남자,서울특별시,기초수급,등급외,1320,2016,https://api.odcloud.kr/api/15072696/v1/uddi:b5b43d81-31d0-4b31-8c0f-9e83d6202da9,서울특별시,기초수급
여자,서울특별시,일반,1등급,4012,2016,https://api.odcloud.kr/api/15072696/v1/uddi:b5b43d81-31d0-4b31-8c0f-9e83d6202da9,서울특별시,일반
여자,서울특별시,일반,2등급,6566,2016,https://api.odcloud.kr/api/15072696/v1/uddi:b5b43d81-31d0-4b31-8c0f-9e83d6202da9,서울특별시,일반
여자,서울특별시,일반,3등급,14788,2016,https://api.odcloud.kr/api/15072696/v1/uddi:b5b43d81-31d0-4b31-8c0f-9e83d6202da9,서울특별시,일반
여자,서울특별시,일반,4등급,12531,2016,https://api.odcloud.kr/api/15072696/v1/uddi:b5b43d81-31d0-4b31-8c0f-9e83d6202da9,서울특별시,일반
여자,서울특별시,일반,5등급,2256,2016,https://api.odcloud.kr/api/15072696/v1/uddi:b5b43d81-31d0-4b31-8c0f-9e83d6202da9,서울특별시,일반
여자,서울특별시,일반,등급외,7550,2016,https://api.odcloud.kr/api/15072696/v1/uddi:b5b43d81-31d0-4b31-8c0f-9e83d6202da9,서울특별시,일반
여자,서울특별시,감경,1등급,809,2016,https://api.odcloud.kr/api/15072696/v1/uddi:b5b43d81-31d0-4b31-8c0f-9e83d6202da9,서울특별시,경감
여자,서울특별시,감경,2등급,1526,2016,https://api.odcloud.kr/api/15072696/v1/uddi:b5b43d81-31d0-4b31-8c0f-9e83d6202da9,서울특별시,경감
여자,서울특별시,감경,3등급,3482,2016,https://api.odcloud.kr/api/15072696/v1/uddi:b5b43d81-31d0-4b31-8c0f-9e83d6202da9,서울특별시,경감
여자,서울특별시,감경,4등급,2732,2016,https://api.odcloud.kr/api/15072696/v1/uddi:b5b43d81-31d0-4b31-8c0f-9e83d6202da9,서울특별시,경감
여자,서울특별시,감경,5등급,393,2016,https://api.odcloud.kr/api/15072696/v1/uddi:b5b43d81-31d0-4b31-8c0f-9e83d6202da9,서울특별시,경감
여자,서울특별시,감경,등급외,274,2016,https://api.odcloud.kr/api/15072696/v1/uddi:b5b43d81-31d0-4b31-8c0f-9e83d6202da9,서울특별시,경감
여자,서울특별시,의료급여,1등급,52,2016,https://api.odcloud.kr/api/15072696/v1/uddi:b5b43d81-31d0-4b31-8c0f-9e83d6202da9,서울특별시,의료급여
여자,서울특별시,의료급여,2등급,86,2016,https://api.odcloud.kr/api/15072696/v1/uddi:b5b43d81-31d0-4b31-8c0f-9e83d6202da9,서울특별시,의료급여
여자,서울특별시,의료급여,3등급,214,2016,https://api.odcloud.kr/api/15072696/v1/uddi:b5b43d81-31d0-4b31-8c0f-9e83d6202da9,서울특별시,의료급여
여자,서울특별시,의료급여,4등급,181,2016,https://api.odcloud.kr/api/15072696/v1/uddi:b5b43d81-31d0-4b31-8c0f-9e83d6202da9,서울특별시,의료급여
여자,서울특별시,의료급여,5등급,22,2016,https://api.odcloud.kr/api/15072696/v1/uddi:b5b43d81-31d0-4b31-8c0f-9e83d6202da9,서울특별시,의료급여
여자,서울특별시,의료급여,등급외,120,2016,https://api.odcloud.kr/api/15072696/v1/uddi:b5b43d81-31d0-4b31-8c0f-9e83d6202da9,서울특별시,의료급여
여자,서울특별시,기초수급,1등급,711,2016,https://api.odcloud.kr/api/15072696/v1/uddi:b5b43d81-31d0-4b31-8c0f-9e83d6202da9,서울특별시,기초수급
여자,서울특별시,기초수급,2등급,1160,2016,https://api.odcloud.kr/api/15072696/v1/uddi:b5b43d81-31d0-4b31-8c0f-9e83d6202da9,서울특별시,기초수급
여자,서울특별시,기초수급,3등급,2929,2016,https://api.odcloud.kr/api/15072696/v1/uddi:b5b43d81-31d0-4b31-8c0f-9e83d6202da9,서울특별시,기초수급
여자,서울특별시,기초수급,4등급,3468,2016,https://api.odcloud.kr/api/15072696/v1/uddi:b5b43d81-31d0-4b31-8c0f-9e83d6202da9,서울특별시,기초수급
여자,서울특별시,기초수급,5등급,384,2016,https://api.odcloud.kr/api/15072696/v1/uddi:b5b43d81-31d0-4b31-8c0f-9e83d6202da9,서울특별시,기초수급
여자,서울특별시,기초수급,등급외,3095,2016,https://api.odcloud.kr/api/15072696/v1/uddi:b5b43d81-31d0-4b31-8c0f-9e83d6202da9,서울특별시,기초수급
남자,부산광역시,일반,1등급,524,2016,https://api.odcloud.kr/api/15072696/v1/uddi:b5b43d81-31d0-4b31-8c0f-9e83d6202da9,부산광역시,일반
남자,부산광역시,일반,2등급,839,2016,https://api.odcloud.kr/api/15072696/v1/uddi:b5b43d81-31d0-4b31-8c0f-9e83d6202da9,부산광역시,일반
남자,부산광역시,일반,3등급,2145,2016,https://api.odcloud.kr/api/15072696/v1/uddi:b5b43d81-31d0-4b31-8c0f-9e83d6202da9,부산광역시,일반
남자,부산광역시,일반,4등급,1814,2016,https://api.odcloud.kr/api/15072696/v1/uddi:b5b43d81-31d0-4b31-8c0f-9e83d6202da9,부산광역시,일반
남자,부산광역시,일반,5등급,265,2016,https://api.odcloud.kr/api/15072696/v1/uddi:b5b43d81-31d0-4b31-8c0f-9e83d6202da9,부산광역시,일반
남자,부산광역시,일반,등급외,1636,2016,https://api.odcloud.kr/api/15072696/v1/uddi:b5b43d81-31d0-4b31-8c0f-9e83d6202da9,부산광역시,일반
남자,부산광역시,감경,1등급,102,2016,https://api.odcloud.kr/api/15072696/v1/uddi:b5b43d81-31d0-4b31-8c0f-9e83d6202da9,부산광역시,경감
남자,부산광역시,감경,2등급,184,2016,https://api.odcloud.kr/api/15072696/v1/uddi:b5b43d81-31d0-4b31-8c0f-9e83d6202da9,부산광역시,경감
남자,부산광역시,감경,3등급,526,2016,https://api.odcloud.kr/api/15072696/v1/uddi:b5b43d81-31d0-4b31-8c0f-9e83d6202da9,부산광역시,경감
남자,부산광역시,감경,4등급,424,2016,https://api.odcloud.kr/api/15072696/v1/uddi:b5b43d81-31d0-4b31-8c0f-9e83d6202da9,부산광역시,경감
남자,부산광역시,감경,5등급,54,2016,https://api.odcloud.kr/api/15072696/v1/uddi:b5b43d81-31d0-4b31-8c0f-9e83d6202da9,부산광역시,경감
남자,부산광역시,감경,등급외,64,2016,https://api.odcloud.kr/api/15072696/v1/uddi:b5b43d81-31d0-4b31-8c0f-9e83d6202da9,부산광역시,경감
남자,부산광역시,의료급여,1등급,2,2016,https://api.odcloud.kr/api/15072696/v1/uddi:b5b43d81-31d0-4b31-8c0f-9e83d6202da9,부산광역시,의료급여
남자,부산광역시,의료급여,2등급,16,2016,https://api.odcloud.kr/api/15072696/v1/uddi:b5b43d81-31d0-4b31-8c0f-9e83d6202da9,부산광역시,의료급여
남자,부산광역시,의료급여,3등급,34,2016,https://api.odcloud.kr/api/15072696/v1/uddi:b5b43d81-31d0-4b31-8c0f-9e83d6202da9,부산광역시,의료급여
남자,부산광역시,의료급여,4등급,27,2016,https://api.odcloud.kr/api/15072696/v1/uddi:b5b43d81-31d0-4b31-8c0f-9e83d6202da9,부산광역시,의료급여
남자,부산광역시,의료급여,5등급,1,2016,https://api.odcloud.kr/api/15072696/v1/uddi:b5b43d81-31d0-4b31-8c0f-9e83d6202da9,부산광역시,의료급여
남자,부산광역시,의료급여,등급외,32,2016,https://api.odcloud.kr/api/15072696/v1/uddi:b5b43d81-31d0-4b31-8c0f-9e83d6202da9,부산광역시,의료급여
남자,부산광역시,기초수급,1등급,97,2016,https://api.odcloud.kr/api/15072696/v1/uddi:b5b43d81-31d0-4b31-8c0f-9e83d6202da9,부산광역시,기초수급
남자,부산광역시,기초수급,2등급,156,2016,https://api.odcloud.kr/api/15072696/v1/uddi:b5b43d81-31d0-4b31-8c0f-9e83d6202da9,부산광역시,기초수급
남자,부산광역시,기초수급,3등급,509,2016,https://api.odcloud.kr/api/15072696/v1/uddi:b5b43d81-31d0-4b31-8c0f-9e83d6202da9,부산광역시,기초수급
남자,부산광역시,기초수급,4등급,608,2016,https://api.odcloud.kr/api/15072696/v1/uddi:b5b43d81-31d0-4b31-8c0f-9e83d6202da9,부산광역시,기초수급
남자,부산광역시,기초수급,5등급,41,2016,https://api.odcloud.kr/api/15072696/v1/uddi:b5b43d81-31d0-4b31-8c0f-9e83d6202da9,부산광역시,기초수급
남자,부산광역시,기초수급,등급외,1043,2016,https://api.odcloud.kr/api/15072696/v1/uddi:b5b43d81-31d0-4b31-8c0f-9e83d6202da9,부산광역시,기초수급
여자,부산광역시,일반,1등급,1146,2016,https://api.odcloud.kr/api/15072696/v1/uddi:b5b43d81-31d0-4b31-8c0f-9e83d6202da9,부산광역시,일반
여자,부산광역시,일반,2등급,1849,2016,https://api.odcloud.kr/api/15072696/v1/uddi:b5b43d81-31d0-4b31-8c0f-9e83d6202da9,부산광역시,일반
여자,부산광역시,일반,3등급,4495,2016,https://api.odcloud.kr/api/15072696/v1/uddi:b5b43d81-31d0-4b31-8c0f-9e83d6202da9,부산광역시,일반
여자,부산광역시,일반,4등급,4955,2016,https://api.odcloud.kr/api/15072696/v1/uddi:b5b43d81-31d0-4b31-8c0f-9e83d6202da9,부산광역시,일반
여자,부산광역시,일반,5등급,653,2016,https://api.odcloud.kr/api/15072696/v1/uddi:b5b43d81-31d0-4b31-8c0f-9e83d6202da9,부산광역시,일반
여자,부산광역시,일반,등급외,4989,2016,https://api.odcloud.kr/api/15072696/v1/uddi:b5b43d81-31d0-4b31-8c0f-9e83d6202da9,부산광역시,일반
여자,부산광역시,감경,1등급,294,2016,https://api.odcloud.kr/api/15072696/v1/uddi:b5b43d81-31d0-4b31-8c0f-9e83d6202da9,부산광역시,경감
여자,부산광역시,감경,2등급,559,2016,https://api.odcloud.kr/api/15072696/v1/uddi:b5b43d81-31d0-4b31-8c0f-9e83d6202da9,부산광역시,경감
여자,부산광역시,감경,3등급,1288,2016,https://api.odcloud.kr/api/15072696/v1/uddi:b5b43d81-31d0-4b31-8c0f-9e83d6202da9,부산광역시,경감
여자,부산광역시,감경,4등급,1291,2016,https://api.odcloud.kr/api/15072696/v1/uddi:b5b43d81-31d0-4b31-8c0f-9e83d6202da9,부산광역시,경감
여자,부산광역시,감경,5등급,142,2016,https://api.odcloud.kr/api/15072696/v1/uddi:b5b43d81-31d0-4b31-8c0f-9e83d6202da9,부산광역시,경감
여자,부산광역시,감경,등급외,233,2016,https://api.odcloud.kr/api/15072696/v1/uddi:b5b43d81-31d0-4b31-8c0f-9e83d6202da9,부산광역시,경감
여자,부산광역시,의료급여,1등급,30,2016,https://api.odcloud.kr/api/15072696/v1/uddi:b5b43d81-31d0-4b31-8c0f-9e83d6202da9,부산광역시,의료급여
여자,부산광역시,의료급여,2등급,35,2016,https://api.odcloud.kr/api/15072696/v1/uddi:b5b43d81-31d0-4b31-8c0f-9e83d6202da9,부산광역시,의료급여
여자,부산광역시,의료급여,3등급,91,2016,https://api.odcloud.kr/api/15072696/v1/uddi:b5b43d81-31d0-4b31-8c0f-9e83d6202da9,부산광역시,의료급여
여자,부산광역시,의료급여,4등급,94,2016,https://api.odcloud.kr/api/15072696/v1/uddi:b5b43d81-31d0-4b31-8c0f-9e83d6202da9,부산광역시,의료급여
여자,부산광역시,의료급여,5등급,11,2016,https://api.odcloud.kr/api/15072696/v1/uddi:b5b43d81-31d0-4b31-8c0f-9e83d6202da9,부산광역시,의료급여
여자,부산광역시,의료급여,등급외,99,2016,https://api.odcloud.kr/api/15072696/v1/uddi:b5b43d81-31d0-4b31-8c0f-9e83d6202da9,부산광역시,의료급여
여자,부산광역시,기초수급,1등급,299,2016,https://api.odcloud.kr/api/15072696/v1/uddi:b5b43d81-31d0-4b31-8c0f-9e83d6202da9,부산광역시,기초수급
여자,부산광역시,기초수급,2등급,548,2016,https://api.odcloud.kr/api/15072696/v1/uddi:b5b43d81-31d0-4b31-8c0f-9e83d6202da9,부산광역시,기초수급
여자,부산광역시,기초수급,3등급,1273,2016,https://api.odcloud.kr/api/15072696/v1/uddi:b5b43d81-31d0-4b31-8c0f-9e83d6202da9,부산광역시,기초수급
여자,부산광역시,기초수급,4등급,1784,2016,https://api.odcloud.kr/api/15072696/v1/uddi:b5b43d81-31d0-4b31-8c0f-9e83d6202da9,부산광역시,기초수급
여자,부산광역시,기초수급,5등급,142,2016,https://api.odcloud.kr/api/15072696/v1/uddi:b5b43d81-31d0-4b31-8c0f-9e83d6202da9,부산광역시,기초수급
여자,부산광역시,기초수급,등급외,2682,2016,https://api.odcloud.kr/api/15072696/v1/uddi:b5b43d81-31d0-4b31-8c0f-9e83d6202da9,부산광역시,기초수급
남자,대구광역시,일반,1등급,327,2016,https://api.odcloud.kr/api/15072696/v1/uddi:b5b43d81-31d0-4b31-8c0f-9e83d6202da9,대구광역시,일반
남자,대구광역시,일반,2등급,580,2016,https://api.odcloud.kr/api/15072696/v1/uddi:b5b43d81-31d0-4b31-8c0f-9e83d6202da9,대구광역시,일반
남자,대구광역시,일반,3등급,1448,2016,https://api.odcloud.kr/api/15072696/v1/uddi:b5b43d81-31d0-4b31-8c0f-9e83d6202da9,대구광역시,일반
남자,대구광역시,일반,4등급,1145,2016,https://api.odcloud.kr/api/15072696/v1/uddi:b5b43d81-31d0-4b31-8c0f-9e83d6202da9,대구광역시,일반
남자,대구광역시,일반,5등급,270,2016,https://api.odcloud.kr/api/15072696/v1/uddi:b5b43d81-31d0-4b31-8c0f-9e83d6202da9,대구광역시,일반
남자,대구광역시,일반,등급외,1108,2016,https://api.odcloud.kr/api/15072696/v1/uddi:b5b43d81-31d0-4b31-8c0f-9e83d6202da9,대구광역시,일반
남자,대구광역시,감경,1등급,62,2016,https://api.odcloud.kr/api/15072696/v1/uddi:b5b43d81-31d0-4b31-8c0f-9e83d6202da9,대구광역시,경감
남자,대구광역시,감경,2등급,142,2016,https://api.odcloud.kr/api/15072696/v1/uddi:b5b43d81-31d0-4b31-8c0f-9e83d6202da9,대구광역시,경감
남자,대구광역시,감경,3등급,378,2016,https://api.odcloud.kr/api/15072696/v1/uddi:b5b43d81-31d0-4b31-8c0f-9e83d6202da9,대구광역시,경감
남자,대구광역시,감경,4등급,261,2016,https://api.odcloud.kr/api/15072696/v1/uddi:b5b43d81-31d0-4b31-8c0f-9e83d6202da9,대구광역시,경감
남자,대구광역시,감경,5등급,55,2016,https://api.odcloud.kr/api/15072696/v1/uddi:b5b43d81-31d0-4b31-8c0f-9e83d6202da9,대구광역시,경감
남자,대구광역시,감경,등급외,62,2016,https://api.odcloud.kr/api/15072696/v1/uddi:b5b43d81-31d0-4b31-8c0f-9e83d6202da9,대구광역시,경감
남자,대구광역시,의료급여,1등급,10,2016,https://api.odcloud.kr/api/15072696/v1/uddi:b5b43d81-31d0-4b31-8c0f-9e83d6202da9,대구광역시,의료급여
남자,대구광역시,의료급여,2등급,14,2016,https://api.odcloud.kr/api/15072696/v1/uddi:b5b43d81-31d0-4b31-8c0f-9e83d6202da9,대구광역시,의료급여
남자,대구광역시,의료급여,3등급,40,2016,https://api.odcloud.kr/api/15072696/v1/uddi:b5b43d81-31d0-4b31-8c0f-9e83d6202da9,대구광역시,의료급여
남자,대구광역시,의료급여,4등급,41,2016,https://api.odcloud.kr/api/15072696/v1/uddi:b5b43d81-31d0-4b31-8c0f-9e83d6202da9,대구광역시,의료급여
남자,대구광역시,의료급여,5등급,5,2016,https://api.odcloud.kr/api/15072696/v1/uddi:b5b43d81-31d0-4b31-8c0f-9e83d6202da9,대구광역시,의료급여
남자,대구광역시,의료급여,등급외,27,2016,https://api.odcloud.kr/api/15072696/v1/uddi:b5b43d81-31d0-4b31-8c0f-9e83d6202da9,대구광역시,의료급여
남자,대구광역시,기초수급,1등급,82,2016,https://api.odcloud.kr/api/15072696/v1/uddi:b5b43d81-31d0-4b31-8c0f-9e83d6202da9,대구광역시,기초수급
남자,대구광역시,기초수급,2등급,142,2016,https://api.odcloud.kr/api/15072696/v1/uddi:b5b43d81-31d0-4b31-8c0f-9e83d6202da9,대구광역시,기초수급
남자,대구광역시,기초수급,3등급,359,2016,https://api.odcloud.kr/api/15072696/v1/uddi:b5b43d81-31d0-4b31-8c0f-9e83d6202da9,대구광역시,기초수급
남자,대구광역시,기초수급,4등급,340,2016,https://api.odcloud.kr/api/15072696/v1/uddi:b5b43d81-31d0-4b31-8c0f-9e83d6202da9,대구광역시,기초수급
남자,대구광역시,기초수급,5등급,54,2016,https://api.odcloud.kr/api/15072696/v1/uddi:b5b43d81-31d0-4b31-8c0f-9e83d6202da9,대구광역시,기초수급
남자,대구광역시,기초수급,등급외,611,2016,https://api.odcloud.kr/api/15072696/v1/uddi:b5b43d81-31d0-4b31-8c0f-9e83d6202da9,대구광역시,기초수급
여자,대구광역시,일반,1등급,729,2016,https://api.odcloud.kr/api/15072696/v1/uddi:b5b43d81-31d0-4b31-8c0f-9e83d6202da9,대구광역시,일반
여자,대구광역시,일반,2등급,1479,2016,https://api.odcloud.kr/api/15072696/v1/uddi:b5b43d81-31d0-4b31-8c0f-9e83d6202da9,대구광역시,일반
여자,대구광역시,일반,3등급,3539,2016,https://api.odcloud.kr/api/15072696/v1/uddi:b5b43d81-31d0-4b31-8c0f-9e83d6202da9,대구광역시,일반
여자,대구광역시,일반,4등급,3156,2016,https://api.odcloud.kr/api/15072696/v1/uddi:b5b43d81-31d0-4b31-8c0f-9e83d6202da9,대구광역시,일반
여자,대구광역시,일반,5등급,741,2016,https://api.odcloud.kr/api/15072696/v1/uddi:b5b43d81-31d0-4b31-8c0f-9e83d6202da9,대구광역시,일반
여자,대구광역시,일반,등급외,3102,2016,https://api.odcloud.kr/api/15072696/v1/uddi:b5b43d81-31d0-4b31-8c0f-9e83d6202da9,대구광역시,일반
여자,대구광역시,감경,1등급,208,2016,https://api.odcloud.kr/api/15072696/v1/uddi:b5b43d81-31d0-4b31-8c0f-9e83d6202da9,대구광역시,경감
여자,대구광역시,감경,2등급,467,2016,https://api.odcloud.kr/api/15072696/v1/uddi:b5b43d81-31d0-4b31-8c0f-9e83d6202da9,대구광역시,경감
여자,대구광역시,감경,3등급,1126,2016,https://api.odcloud.kr/api/15072696/v1/uddi:b5b43d81-31d0-4b31-8c0f-9e83d6202da9,대구광역시,경감
여자,대구광역시,감경,4등급,882,2016,https://api.odcloud.kr/api/15072696/v1/uddi:b5b43d81-31d0-4b31-8c0f-9e83d6202da9,대구광역시,경감
여자,대구광역시,감경,5등급,182,2016,https://api.odcloud.kr/api/15072696/v1/uddi:b5b43d81-31d0-4b31-8c0f-9e83d6202da9,대구광역시,경감
여자,대구광역시,감경,등급외,184,2016,https://api.odcloud.kr/api/15072696/v1/uddi:b5b43d81-31d0-4b31-8c0f-9e83d6202da9,대구광역시,경감
여자,대구광역시,의료급여,1등급,16,2016,https://api.odcloud.kr/api/15072696/v1/uddi:b5b43d81-31d0-4b31-8c0f-9e83d6202da9,대구광역시,의료급여
여자,대구광역시,의료급여,2등급,35,2016,https://api.odcloud.kr/api/15072696/v1/uddi:b5b43d81-31d0-4b31-8c0f-9e83d6202da9,대구광역시,의료급여
여자,대구광역시,의료급여,3등급,100,2016,https://api.odcloud.kr/api/15072696/v1/uddi:b5b43d81-31d0-4b31-8c0f-9e83d6202da9,대구광역시,의료급여
여자,대구광역시,의료급여,4등급,91,2016,https://api.odcloud.kr/api/15072696/v1/uddi:b5b43d81-31d0-4b31-8c0f-9e83d6202da9,대구광역시,의료급여
여자,대구광역시,의료급여,5등급,15,2016,https://api.odcloud.kr/api/15072696/v1/uddi:b5b43d81-31d0-4b31-8c0f-9e83d6202da9,대구광역시,의료급여
여자,대구광역시,의료급여,등급외,83,2016,https://api.odcloud.kr/api/15072696/v1/uddi:b5b43d81-31d0-4b31-8c0f-9e83d6202da9,대구광역시,의료급여
여자,대구광역시,기초수급,1등급,253,2016,https://api.odcloud.kr/api/15072696/v1/uddi:b5b43d81-31d0-4b31-8c0f-9e83d6202da9,대구광역시,기초수급
여자,대구광역시,기초수급,2등급,442,2016,https://api.odcloud.kr/api/15072696/v1/uddi:b5b43d81-31d0-4b31-8c0f-9e83d6202da9,대구광역시,기초수급
여자,대구광역시,기초수급,3등급,997,2016,https://api.odcloud.kr/api/15072696/v1/uddi:b5b43d81-31d0-4b31-8c0f-9e83d6202da9,대구광역시,기초수급
여자,대구광역시,기초수급,4등급,1085,2016,https://api.odcloud.kr/api/15072696/v1/uddi:b5b43d81-31d0-4b31-8c0f-9e83d6202da9,대구광역시,기초수급
여자,대구광역시,기초수급,5등급,179,2016,https://api.odcloud.kr/api/15072696/v1/uddi:b5b43d81-31d0-4b31-8c0f-9e83d6202da9,대구광역시,기초수급
여자,대구광역시,기초수급,등급외,1559,2016,https://api.odcloud.kr/api/15072696/v1/uddi:b5b43d81-31d0-4b31-8c0f-9e83d6202da9,대구광역시,기초수급
남자,인천광역시,일반,1등급,390,2016,https://api.odcloud.kr/api/15072696/v1/uddi:b5b43d81-31d0-4b31-8c0f-9e83d6202da9,인천광역시,일반
남자,인천광역시,일반,2등급,634,2016,https://api.odcloud.kr/api/15072696/v1/uddi:b5b43d81-31d0-4b31-8c0f-9e83d6202da9,인천광역시,일반
남자,인천광역시,일반,3등급,1939,2016,https://api.odcloud.kr/api/15072696/v1/uddi:b5b43d81-31d0-4b31-8c0f-9e83d6202da9,인천광역시,일반
남자,인천광역시,일반,4등급,1633,2016,https://api.odcloud.kr/api/15072696/v1/uddi:b5b43d81-31d0-4b31-8c0f-9e83d6202da9,인천광역시,일반
남자,인천광역시,일반,5등급,194,2016,https://api.odcloud.kr/api/15072696/v1/uddi:b5b43d81-31d0-4b31-8c0f-9e83d6202da9,인천광역시,일반
남자,인천광역시,일반,등급외,1171,2016,https://api.odcloud.kr/api/15072696/v1/uddi:b5b43d81-31d0-4b31-8c0f-9e83d6202da9,인천광역시,일반
남자,인천광역시,감경,1등급,85,2016,https://api.odcloud.kr/api/15072696/v1/uddi:b5b43d81-31d0-4b31-8c0f-9e83d6202da9,인천광역시,경감
남자,인천광역시,감경,2등급,171,2016,https://api.odcloud.kr/api/15072696/v1/uddi:b5b43d81-31d0-4b31-8c0f-9e83d6202da9,인천광역시,경감
남자,인천광역시,감경,3등급,485,2016,https://api.odcloud.kr/api/15072696/v1/uddi:b5b43d81-31d0-4b31-8c0f-9e83d6202da9,인천광역시,경감
남자,인천광역시,감경,4등급,454,2016,https://api.odcloud.kr/api/15072696/v1/uddi:b5b43d81-31d0-4b31-8c0f-9e83d6202da9,인천광역시,경감
남자,인천광역시,감경,5등급,47,2016,https://api.odcloud.kr/api/15072696/v1/uddi:b5b43d81-31d0-4b31-8c0f-9e83d6202da9,인천광역시,경감
남자,인천광역시,감경,등급외,41,2016,https://api.odcloud.kr/api/15072696/v1/uddi:b5b43d81-31d0-4b31-8c0f-9e83d6202da9,인천광역시,경감
남자,인천광역시,의료급여,1등급,8,2016,https://api.odcloud.kr/api/15072696/v1/uddi:b5b43d81-31d0-4b31-8c0f-9e83d6202da9,인천광역시,의료급여
남자,인천광역시,의료급여,2등급,15,2016,https://api.odcloud.kr/api/15072696/v1/uddi:b5b43d81-31d0-4b31-8c0f-9e83d6202da9,인천광역시,의료급여
남자,인천광역시,의료급여,3등급,29,2016,https://api.odcloud.kr/api/15072696/v1/uddi:b5b43d81-31d0-4b31-8c0f-9e83d6202da9,인천광역시,의료급여
남자,인천광역시,의료급여,4등급,32,2016,https://api.odcloud.kr/api/15072696/v1/uddi:b5b43d81-31d0-4b31-8c0f-9e83d6202da9,인천광역시,의료급여
남자,인천광역시,의료급여,5등급,6,2016,https://api.odcloud.kr/api/15072696/v1/uddi:b5b43d81-31d0-4b31-8c0f-9e83d6202da9,인천광역시,의료급여
남자,인천광역시,의료급여,등급외,27,2016,https://api.odcloud.kr/api/15072696/v1/uddi:b5b43d81-31d0-4b31-8c0f-9e83d6202da9,인천광역시,의료급여
남자,인천광역시,기초수급,1등급,117,2016,https://api.odcloud.kr/api/15072696/v1/uddi:b5b43d81-31d0-4b31-8c0f-9e83d6202da9,인천광역시,기초수급
남자,인천광역시,기초수급,2등급,212,2016,https://api.odcloud.kr/api/15072696/v1/uddi:b5b43d81-31d0-4b31-8c0f-9e83d6202da9,인천광역시,기초수급
남자,인천광역시,기초수급,3등급,569,2016,https://api.odcloud.kr/api/15072696/v1/uddi:b5b43d81-31d0-4b31-8c0f-9e83d6202da9,인천광역시,기초수급
남자,인천광역시,기초수급,4등급,636,2016,https://api.odcloud.kr/api/15072696/v1/uddi:b5b43d81-31d0-4b31-8c0f-9e83d6202da9,인천광역시,기초수급
남자,인천광역시,기초수급,5등급,54,2016,https://api.odcloud.kr/api/15072696/v1/uddi:b5b43d81-31d0-4b31-8c0f-9e83d6202da9,인천광역시,기초수급
남자,인천광역시,기초수급,등급외,682,2016,https://api.odcloud.kr/api/15072696/v1/uddi:b5b43d81-31d0-4b31-8c0f-9e83d6202da9,인천광역시,기초수급
여자,인천광역시,일반,1등급,928,2016,https://api.odcloud.kr/api/15072696/v1/uddi:b5b43d81-31d0-4b31-8c0f-9e83d6202da9,인천광역시,일반
여자,인천광역시,일반,2등급,1902,2016,https://api.odcloud.kr/api/15072696/v1/uddi:b5b43d81-31d0-4b31-8c0f-9e83d6202da9,인천광역시,일반
여자,인천광역시,일반,3등급,4730,2016,https://api.odcloud.kr/api/15072696/v1/uddi:b5b43d81-31d0-4b31-8c0f-9e83d6202da9,인천광역시,일반
여자,인천광역시,일반,4등급,4481,2016,https://api.odcloud.kr/api/15072696/v1/uddi:b5b43d81-31d0-4b31-8c0f-9e83d6202da9,인천광역시,일반
여자,인천광역시,일반,5등급,603,2016,https://api.odcloud.kr/api/15072696/v1/uddi:b5b43d81-31d0-4b31-8c0f-9e83d6202da9,인천광역시,일반
여자,인천광역시,일반,등급외,3300,2016,https://api.odcloud.kr/api/15072696/v1/uddi:b5b43d81-31d0-4b31-8c0f-9e83d6202da9,인천광역시,일반
여자,인천광역시,감경,1등급,267,2016,https://api.odcloud.kr/api/15072696/v1/uddi:b5b43d81-31d0-4b31-8c0f-9e83d6202da9,인천광역시,경감
여자,인천광역시,감경,2등급,583,2016,https://api.odcloud.kr/api/15072696/v1/uddi:b5b43d81-31d0-4b31-8c0f-9e83d6202da9,인천광역시,경감
여자,인천광역시,감경,3등급,1433,2016,https://api.odcloud.kr/api/15072696/v1/uddi:b5b43d81-31d0-4b31-8c0f-9e83d6202da9,인천광역시,경감
여자,인천광역시,감경,4등급,1331,2016,https://api.odcloud.kr/api/15072696/v1/uddi:b5b43d81-31d0-4b31-8c0f-9e83d6202da9,인천광역시,경감
여자,인천광역시,감경,5등급,129,2016,https://api.odcloud.kr/api/15072696/v1/uddi:b5b43d81-31d0-4b31-8c0f-9e83d6202da9,인천광역시,경감
여자,인천광역시,감경,등급외,112,2016,https://api.odcloud.kr/api/15072696/v1/uddi:b5b43d81-31d0-4b31-8c0f-9e83d6202da9,인천광역시,경감
여자,인천광역시,의료급여,1등급,7,2016,https://api.odcloud.kr/api/15072696/v1/uddi:b5b43d81-31d0-4b31-8c0f-9e83d6202da9,인천광역시,의료급여
여자,인천광역시,의료급여,2등급,27,2016,https://api.odcloud.kr/api/15072696/v1/uddi:b5b43d81-31d0-4b31-8c0f-9e83d6202da9,인천광역시,의료급여
여자,인천광역시,의료급여,3등급,68,2016,https://api.odcloud.kr/api/15072696/v1/uddi:b5b43d81-31d0-4b31-8c0f-9e83d6202da9,인천광역시,의료급여
여자,인천광역시,의료급여,4등급,80,2016,https://api.odcloud.kr/api/15072696/v1/uddi:b5b43d81-31d0-4b31-8c0f-9e83d6202da9,인천광역시,의료급여
여자,인천광역시,의료급여,5등급,10,2016,https://api.odcloud.kr/api/15072696/v1/uddi:b5b43d81-31d0-4b31-8c0f-9e83d6202da9,인천광역시,의료급여
여자,인천광역시,의료급여,등급외,54,2016,https://api.odcloud.kr/api/15072696/v1/uddi:b5b43d81-31d0-4b31-8c0f-9e83d6202da9,인천광역시,의료급여
여자,인천광역시,기초수급,1등급,295,2016,https://api.odcloud.kr/api/15072696/v1/uddi:b5b43d81-31d0-4b31-8c0f-9e83d6202da9,인천광역시,기초수급
여자,인천광역시,기초수급,2등급,589,2016,https://api.odcloud.kr/api/15072696/v1/uddi:b5b43d81-31d0-4b31-8c0f-9e83d6202da9,인천광역시,기초수급
여자,인천광역시,기초수급,3등급,1368,2016,https://api.odcloud.kr/api/15072696/v1/uddi:b5b43d81-31d0-4b31-8c0f-9e83d6202da9,인천광역시,기초수급
여자,인천광역시,기초수급,4등급,1667,2016,https://api.odcloud.kr/api/15072696/v1/uddi:b5b43d81-31d0-4b31-8c0f-9e83d6202da9,인천광역시,기초수급
여자,인천광역시,기초수급,5등급,159,2016,https://api.odcloud.kr/api/15072696/v1/uddi:b5b43d81-31d0-4b31-8c0f-9e83d6202da9,인천광역시,기초수급
여자,인천광역시,기초수급,등급외,1521,2016,https://api.odcloud.kr/api/15072696/v1/uddi:b5b43d81-31d0-4b31-8c0f-9e83d6202da9,인천광역시,기초수급
남자,광주광역시,일반,1등급,140,2016,https://api.odcloud.kr/api/15072696/v1/uddi:b5b43d81-31d0-4b31-8c0f-9e83d6202da9,광주광역시,일반
남자,광주광역시,일반,2등급,253,2016,https://api.odcloud.kr/api/15072696/v1/uddi:b5b43d81-31d0-4b31-8c0f-9e83d6202da9,광주광역시,일반
남자,광주광역시,일반,3등급,892,2016,https://api.odcloud.kr/api/15072696/v1/uddi:b5b43d81-31d0-4b31-8c0f-9e83d6202da9,광주광역시,일반
남자,광주광역시,일반,4등급,1043,2016,https://api.odcloud.kr/api/15072696/v1/uddi:b5b43d81-31d0-4b31-8c0f-9e83d6202da9,광주광역시,일반
남자,광주광역시,일반,5등급,144,2016,https://api.odcloud.kr/api/15072696/v1/uddi:b5b43d81-31d0-4b31-8c0f-9e83d6202da9,광주광역시,일반
남자,광주광역시,일반,등급외,1025,2016,https://api.odcloud.kr/api/15072696/v1/uddi:b5b43d81-31d0-4b31-8c0f-9e83d6202da9,광주광역시,일반
남자,광주광역시,감경,1등급,40,2016,https://api.odcloud.kr/api/15072696/v1/uddi:b5b43d81-31d0-4b31-8c0f-9e83d6202da9,광주광역시,경감
남자,광주광역시,감경,2등급,43,2016,https://api.odcloud.kr/api/15072696/v1/uddi:b5b43d81-31d0-4b31-8c0f-9e83d6202da9,광주광역시,경감
남자,광주광역시,감경,3등급,187,2016,https://api.odcloud.kr/api/15072696/v1/uddi:b5b43d81-31d0-4b31-8c0f-9e83d6202da9,광주광역시,경감
남자,광주광역시,감경,4등급,213,2016,https://api.odcloud.kr/api/15072696/v1/uddi:b5b43d81-31d0-4b31-8c0f-9e83d6202da9,광주광역시,경감
남자,광주광역시,감경,5등급,26,2016,https://api.odcloud.kr/api/15072696/v1/uddi:b5b43d81-31d0-4b31-8c0f-9e83d6202da9,광주광역시,경감
남자,광주광역시,감경,등급외,55,2016,https://api.odcloud.kr/api/15072696/v1/uddi:b5b43d81-31d0-4b31-8c0f-9e83d6202da9,광주광역시,경감
남자,광주광역시,의료급여,1등급,5,2016,https://api.odcloud.kr/api/15072696/v1/uddi:b5b43d81-31d0-4b31-8c0f-9e83d6202da9,광주광역시,의료급여
남자,광주광역시,의료급여,2등급,6,2016,https://api.odcloud.kr/api/15072696/v1/uddi:b5b43d81-31d0-4b31-8c0f-9e83d6202da9,광주광역시,의료급여
남자,광주광역시,의료급여,3등급,26,2016,https://api.odcloud.kr/api/15072696/v1/uddi:b5b43d81-31d0-4b31-8c0f-9e83d6202da9,광주광역시,의료급여
남자,광주광역시,의료급여,4등급,31,2016,https://api.odcloud.kr/api/15072696/v1/uddi:b5b43d81-31d0-4b31-8c0f-9e83d6202da9,광주광역시,의료급여
남자,광주광역시,의료급여,5등급,4,2016,https://api.odcloud.kr/api/15072696/v1/uddi:b5b43d81-31d0-4b31-8c0f-9e83d6202da9,광주광역시,의료급여
남자,광주광역시,의료급여,등급외,32,2016,https://api.odcloud.kr/api/15072696/v1/uddi:b5b43d81-31d0-4b31-8c0f-9e83d6202da9,광주광역시,의료급여
남자,광주광역시,기초수급,1등급,33,2016,https://api.odcloud.kr/api/15072696/v1/uddi:b5b43d81-31d0-4b31-8c0f-9e83d6202da9,광주광역시,기초수급
남자,광주광역시,기초수급,2등급,42,2016,https://api.odcloud.kr/api/15072696/v1/uddi:b5b43d81-31d0-4b31-8c0f-9e83d6202da9,광주광역시,기초수급
남자,광주광역시,기초수급,3등급,167,2016,https://api.odcloud.kr/api/15072696/v1/uddi:b5b43d81-31d0-4b31-8c0f-9e83d6202da9,광주광역시,기초수급
남자,광주광역시,기초수급,4등급,243,2016,https://api.odcloud.kr/api/15072696/v1/uddi:b5b43d81-31d0-4b31-8c0f-9e83d6202da9,광주광역시,기초수급
남자,광주광역시,기초수급,5등급,24,2016,https://api.odcloud.kr/api/15072696/v1/uddi:b5b43d81-31d0-4b31-8c0f-9e83d6202da9,광주광역시,기초수급
남자,광주광역시,기초수급,등급외,550,2016,https://api.odcloud.kr/api/15072696/v1/uddi:b5b43d81-31d0-4b31-8c0f-9e83d6202da9,광주광역시,기초수급
여자,광주광역시,일반,1등급,415,2016,https://api.odcloud.kr/api/15072696/v1/uddi:b5b43d81-31d0-4b31-8c0f-9e83d6202da9,광주광역시,일반
여자,광주광역시,일반,2등급,662,2016,https://api.odcloud.kr/api/15072696/v1/uddi:b5b43d81-31d0-4b31-8c0f-9e83d6202da9,광주광역시,일반
여자,광주광역시,일반,3등급,2031,2016,https://api.odcloud.kr/api/15072696/v1/uddi:b5b43d81-31d0-4b31-8c0f-9e83d6202da9,광주광역시,일반
여자,광주광역시,일반,4등급,2913,2016,https://api.odcloud.kr/api/15072696/v1/uddi:b5b43d81-31d0-4b31-8c0f-9e83d6202da9,광주광역시,일반
여자,광주광역시,일반,5등급,422,2016,https://api.odcloud.kr/api/15072696/v1/uddi:b5b43d81-31d0-4b31-8c0f-9e83d6202da9,광주광역시,일반
여자,광주광역시,일반,등급외,3290,2016,https://api.odcloud.kr/api/15072696/v1/uddi:b5b43d81-31d0-4b31-8c0f-9e83d6202da9,광주광역시,일반
여자,광주광역시,감경,1등급,90,2016,https://api.odcloud.kr/api/15072696/v1/uddi:b5b43d81-31d0-4b31-8c0f-9e83d6202da9,광주광역시,경감
여자,광주광역시,감경,2등급,220,2016,https://api.odcloud.kr/api/15072696/v1/uddi:b5b43d81-31d0-4b31-8c0f-9e83d6202da9,광주광역시,경감
여자,광주광역시,감경,3등급,582,2016,https://api.odcloud.kr/api/15072696/v1/uddi:b5b43d81-31d0-4b31-8c0f-9e83d6202da9,광주광역시,경감
여자,광주광역시,감경,4등급,821,2016,https://api.odcloud.kr/api/15072696/v1/uddi:b5b43d81-31d0-4b31-8c0f-9e83d6202da9,광주광역시,경감
여자,광주광역시,감경,5등급,100,2016,https://api.odcloud.kr/api/15072696/v1/uddi:b5b43d81-31d0-4b31-8c0f-9e83d6202da9,광주광역시,경감
여자,광주광역시,감경,등급외,215,2016,https://api.odcloud.kr/api/15072696/v1/uddi:b5b43d81-31d0-4b31-8c0f-9e83d6202da9,광주광역시,경감
여자,광주광역시,의료급여,1등급,13,2016,https://api.odcloud.kr/api/15072696/v1/uddi:b5b43d81-31d0-4b31-8c0f-9e83d6202da9,광주광역시,의료급여
여자,광주광역시,의료급여,2등급,23,2016,https://api.odcloud.kr/api/15072696/v1/uddi:b5b43d81-31d0-4b31-8c0f-9e83d6202da9,광주광역시,의료급여
여자,광주광역시,의료급여,3등급,82,2016,https://api.odcloud.kr/api/15072696/v1/uddi:b5b43d81-31d0-4b31-8c0f-9e83d6202da9,광주광역시,의료급여
여자,광주광역시,의료급여,4등급,94,2016,https://api.odcloud.kr/api/15072696/v1/uddi:b5b43d81-31d0-4b31-8c0f-9e83d6202da9,광주광역시,의료급여
여자,광주광역시,의료급여,5등급,2,2016,https://api.odcloud.kr/api/15072696/v1/uddi:b5b43d81-31d0-4b31-8c0f-9e83d6202da9,광주광역시,의료급여
여자,광주광역시,의료급여,등급외,99,2016,https://api.odcloud.kr/api/15072696/v1/uddi:b5b43d81-31d0-4b31-8c0f-9e83d6202da9,광주광역시,의료급여
여자,광주광역시,기초수급,1등급,90,2016,https://api.odcloud.kr/api/15072696/v1/uddi:b5b43d81-31d0-4b31-8c0f-9e83d6202da9,광주광역시,기초수급
여자,광주광역시,기초수급,2등급,167,2016,https://api.odcloud.kr/api/15072696/v1/uddi:b5b43d81-31d0-4b31-8c0f-9e83d6202da9,광주광역시,기초수급
여자,광주광역시,기초수급,3등급,505,2016,https://api.odcloud.kr/api/15072696/v1/uddi:b5b43d81-31d0-4b31-8c0f-9e83d6202da9,광주광역시,기초수급
여자,광주광역시,기초수급,4등급,810,2016,https://api.odcloud.kr/api/15072696/v1/uddi:b5b43d81-31d0-4b31-8c0f-9e83d6202da9,광주광역시,기초수급
여자,광주광역시,기초수급,5등급,103,2016,https://api.odcloud.kr/api/15072696/v1/uddi:b5b43d81-31d0-4b31-8c0f-9e83d6202da9,광주광역시,기초수급
여자,광주광역시,기초수급,등급외,1643,2016,https://api.odcloud.kr/api/15072696/v1/uddi:b5b43d81-31d0-4b31-8c0f-9e83d6202da9,광주광역시,기초수급
남자,대전광역시,일반,1등급,204,2016,https://api.odcloud.kr/api/15072696/v1/uddi:b5b43d81-31d0-4b31-8c0f-9e83d6202da9,대전광역시,일반
남자,대전광역시,일반,2등급,289,2016,https://api.odcloud.kr/api/15072696/v1/uddi:b5b43d81-31d0-4b31-8c0f-9e83d6202da9,대전광역시,일반
남자,대전광역시,일반,3등급,986,2016,https://api.odcloud.kr/api/15072696/v1/uddi:b5b43d81-31d0-4b31-8c0f-9e83d6202da9,대전광역시,일반
남자,대전광역시,일반,4등급,973,2016,https://api.odcloud.kr/api/15072696/v1/uddi:b5b43d81-31d0-4b31-8c0f-9e83d6202da9,대전광역시,일반
남자,대전광역시,일반,5등급,217,2016,https://api.odcloud.kr/api/15072696/v1/uddi:b5b43d81-31d0-4b31-8c0f-9e83d6202da9,대전광역시,일반
남자,대전광역시,일반,등급외,799,2016,https://api.odcloud.kr/api/15072696/v1/uddi:b5b43d81-31d0-4b31-8c0f-9e83d6202da9,대전광역시,일반
남자,대전광역시,감경,1등급,34,2016,https://api.odcloud.kr/api/15072696/v1/uddi:b5b43d81-31d0-4b31-8c0f-9e83d6202da9,대전광역시,경감
남자,대전광역시,감경,2등급,56,2016,https://api.odcloud.kr/api/15072696/v1/uddi:b5b43d81-31d0-4b31-8c0f-9e83d6202da9,대전광역시,경감
남자,대전광역시,감경,3등급,226,2016,https://api.odcloud.kr/api/15072696/v1/uddi:b5b43d81-31d0-4b31-8c0f-9e83d6202da9,대전광역시,경감
남자,대전광역시,감경,4등급,249,2016,https://api.odcloud.kr/api/15072696/v1/uddi:b5b43d81-31d0-4b31-8c0f-9e83d6202da9,대전광역시,경감
남자,대전광역시,감경,5등급,38,2016,https://api.odcloud.kr/api/15072696/v1/uddi:b5b43d81-31d0-4b31-8c0f-9e83d6202da9,대전광역시,경감
남자,대전광역시,감경,등급외,48,2016,https://api.odcloud.kr/api/15072696/v1/uddi:b5b43d81-31d0-4b31-8c0f-9e83d6202da9,대전광역시,경감
남자,대전광역시,의료급여,1등급,9,2016,https://api.odcloud.kr/api/15072696/v1/uddi:b5b43d81-31d0-4b31-8c0f-9e83d6202da9,대전광역시,의료급여
남자,대전광역시,의료급여,2등급,6,2016,https://api.odcloud.kr/api/15072696/v1/uddi:b5b43d81-31d0-4b31-8c0f-9e83d6202da9,대전광역시,의료급여
남자,대전광역시,의료급여,3등급,19,2016,https://api.odcloud.kr/api/15072696/v1/uddi:b5b43d81-31d0-4b31-8c0f-9e83d6202da9,대전광역시,의료급여
남자,대전광역시,의료급여,4등급,30,2016,https://api.odcloud.kr/api/15072696/v1/uddi:b5b43d81-31d0-4b31-8c0f-9e83d6202da9,대전광역시,의료급여
남자,대전광역시,의료급여,5등급,4,2016,https://api.odcloud.kr/api/15072696/v1/uddi:b5b43d81-31d0-4b31-8c0f-9e83d6202da9,대전광역시,의료급여
남자,대전광역시,의료급여,등급외,16,2016,https://api.odcloud.kr/api/15072696/v1/uddi:b5b43d81-31d0-4b31-8c0f-9e83d6202da9,대전광역시,의료급여
남자,대전광역시,기초수급,1등급,37,2016,https://api.odcloud.kr/api/15072696/v1/uddi:b5b43d81-31d0-4b31-8c0f-9e83d6202da9,대전광역시,기초수급
남자,대전광역시,기초수급,2등급,73,2016,https://api.odcloud.kr/api/15072696/v1/uddi:b5b43d81-31d0-4b31-8c0f-9e83d6202da9,대전광역시,기초수급
남자,대전광역시,기초수급,3등급,200,2016,https://api.odcloud.kr/api/15072696/v1/uddi:b5b43d81-31d0-4b31-8c0f-9e83d6202da9,대전광역시,기초수급
남자,대전광역시,기초수급,4등급,249,2016,https://api.odcloud.kr/api/15072696/v1/uddi:b5b43d81-31d0-4b31-8c0f-9e83d6202da9,대전광역시,기초수급
남자,대전광역시,기초수급,5등급,31,2016,https://api.odcloud.kr/api/15072696/v1/uddi:b5b43d81-31d0-4b31-8c0f-9e83d6202da9,대전광역시,기초수급
남자,대전광역시,기초수급,등급외,470,2016,https://api.odcloud.kr/api/15072696/v1/uddi:b5b43d81-31d0-4b31-8c0f-9e83d6202da9,대전광역시,기초수급
여자,대전광역시,일반,1등급,517,2016,https://api.odcloud.kr/api/15072696/v1/uddi:b5b43d81-31d0-4b31-8c0f-9e83d6202da9,대전광역시,일반
여자,대전광역시,일반,2등급,927,2016,https://api.odcloud.kr/api/15072696/v1/uddi:b5b43d81-31d0-4b31-8c0f-9e83d6202da9,대전광역시,일반
여자,대전광역시,일반,3등급,2365,2016,https://api.odcloud.kr/api/15072696/v1/uddi:b5b43d81-31d0-4b31-8c0f-9e83d6202da9,대전광역시,일반
여자,대전광역시,일반,4등급,2551,2016,https://api.odcloud.kr/api/15072696/v1/uddi:b5b43d81-31d0-4b31-8c0f-9e83d6202da9,대전광역시,일반
여자,대전광역시,일반,5등급,526,2016,https://api.odcloud.kr/api/15072696/v1/uddi:b5b43d81-31d0-4b31-8c0f-9e83d6202da9,대전광역시,일반
여자,대전광역시,일반,등급외,2258,2016,https://api.odcloud.kr/api/15072696/v1/uddi:b5b43d81-31d0-4b31-8c0f-9e83d6202da9,대전광역시,일반
여자,대전광역시,감경,1등급,129,2016,https://api.odcloud.kr/api/15072696/v1/uddi:b5b43d81-31d0-4b31-8c0f-9e83d6202da9,대전광역시,경감
여자,대전광역시,감경,2등급,279,2016,https://api.odcloud.kr/api/15072696/v1/uddi:b5b43d81-31d0-4b31-8c0f-9e83d6202da9,대전광역시,경감
여자,대전광역시,감경,3등급,737,2016,https://api.odcloud.kr/api/15072696/v1/uddi:b5b43d81-31d0-4b31-8c0f-9e83d6202da9,대전광역시,경감
여자,대전광역시,감경,4등급,697,2016,https://api.odcloud.kr/api/15072696/v1/uddi:b5b43d81-31d0-4b31-8c0f-9e83d6202da9,대전광역시,경감
여자,대전광역시,감경,5등급,127,2016,https://api.odcloud.kr/api/15072696/v1/uddi:b5b43d81-31d0-4b31-8c0f-9e83d6202da9,대전광역시,경감
여자,대전광역시,감경,등급외,103,2016,https://api.odcloud.kr/api/15072696/v1/uddi:b5b43d81-31d0-4b31-8c0f-9e83d6202da9,대전광역시,경감
여자,대전광역시,의료급여,1등급,9,2016,https://api.odcloud.kr/api/15072696/v1/uddi:b5b43d81-31d0-4b31-8c0f-9e83d6202da9,대전광역시,의료급여
여자,대전광역시,의료급여,2등급,25,2016,https://api.odcloud.kr/api/15072696/v1/uddi:b5b43d81-31d0-4b31-8c0f-9e83d6202da9,대전광역시,의료급여
여자,대전광역시,의료급여,3등급,52,2016,https://api.odcloud.kr/api/15072696/v1/uddi:b5b43d81-31d0-4b31-8c0f-9e83d6202da9,대전광역시,의료급여
여자,대전광역시,의료급여,4등급,53,2016,https://api.odcloud.kr/api/15072696/v1/uddi:b5b43d81-31d0-4b31-8c0f-9e83d6202da9,대전광역시,의료급여
여자,대전광역시,의료급여,5등급,12,2016,https://api.odcloud.kr/api/15072696/v1/uddi:b5b43d81-31d0-4b31-8c0f-9e83d6202da9,대전광역시,의료급여
여자,대전광역시,의료급여,등급외,37,2016,https://api.odcloud.kr/api/15072696/v1/uddi:b5b43d81-31d0-4b31-8c0f-9e83d6202da9,대전광역시,의료급여
여자,대전광역시,기초수급,1등급,115,2016,https://api.odcloud.kr/api/15072696/v1/uddi:b5b43d81-31d0-4b31-8c0f-9e83d6202da9,대전광역시,기초수급
여자,대전광역시,기초수급,2등급,233,2016,https://api.odcloud.kr/api/15072696/v1/uddi:b5b43d81-31d0-4b31-8c0f-9e83d6202da9,대전광역시,기초수급
여자,대전광역시,기초수급,3등급,530,2016,https://api.odcloud.kr/api/15072696/v1/uddi:b5b43d81-31d0-4b31-8c0f-9e83d6202da9,대전광역시,기초수급
여자,대전광역시,기초수급,4등급,744,2016,https://api.odcloud.kr/api/15072696/v1/uddi:b5b43d81-31d0-4b31-8c0f-9e83d6202da9,대전광역시,기초수급
여자,대전광역시,기초수급,5등급,97,2016,https://api.odcloud.kr/api/15072696/v1/uddi:b5b43d81-31d0-4b31-8c0f-9e83d6202da9,대전광역시,기초수급
여자,대전광역시,기초수급,등급외,903,2016,https://api.odcloud.kr/api/15072696/v1/uddi:b5b43d81-31d0-4b31-8c0f-9e83d6202da9,대전광역시,기초수급
남자,울산광역시,일반,1등급,149,2016,https://api.odcloud.kr/api/15072696/v1/uddi:b5b43d81-31d0-4b31-8c0f-9e83d6202da9,울산광역시,일반
남자,울산광역시,일반,2등급,190,2016,https://api.odcloud.kr/api/15072696/v1/uddi:b5b43d81-31d0-4b31-8c0f-9e83d6202da9,울산광역시,일반
남자,울산광역시,일반,3등급,573,2016,https://api.odcloud.kr/api/15072696/v1/uddi:b5b43d81-31d0-4b31-8c0f-9e83d6202da9,울산광역시,일반
남자,울산광역시,일반,4등급,399,2016,https://api.odcloud.kr/api/15072696/v1/uddi:b5b43d81-31d0-4b31-8c0f-9e83d6202da9,울산광역시,일반
남자,울산광역시,일반,5등급,35,2016,https://api.odcloud.kr/api/15072696/v1/uddi:b5b43d81-31d0-4b31-8c0f-9e83d6202da9,울산광역시,일반
남자,울산광역시,일반,등급외,267,2016,https://api.odcloud.kr/api/15072696/v1/uddi:b5b43d81-31d0-4b31-8c0f-9e83d6202da9,울산광역시,일반
남자,울산광역시,감경,1등급,28,2016,https://api.odcloud.kr/api/15072696/v1/uddi:b5b43d81-31d0-4b31-8c0f-9e83d6202da9,울산광역시,경감
남자,울산광역시,감경,2등급,30,2016,https://api.odcloud.kr/api/15072696/v1/uddi:b5b43d81-31d0-4b31-8c0f-9e83d6202da9,울산광역시,경감
남자,울산광역시,감경,3등급,94,2016,https://api.odcloud.kr/api/15072696/v1/uddi:b5b43d81-31d0-4b31-8c0f-9e83d6202da9,울산광역시,경감
남자,울산광역시,감경,4등급,75,2016,https://api.odcloud.kr/api/15072696/v1/uddi:b5b43d81-31d0-4b31-8c0f-9e83d6202da9,울산광역시,경감
남자,울산광역시,감경,5등급,4,2016,https://api.odcloud.kr/api/15072696/v1/uddi:b5b43d81-31d0-4b31-8c0f-9e83d6202da9,울산광역시,경감
남자,울산광역시,감경,등급외,3,2016,https://api.odcloud.kr/api/15072696/v1/uddi:b5b43d81-31d0-4b31-8c0f-9e83d6202da9,울산광역시,경감
남자,울산광역시,의료급여,2등급,2,2016,https://api.odcloud.kr/api/15072696/v1/uddi:b5b43d81-31d0-4b31-8c0f-9e83d6202da9,울산광역시,의료급여
남자,울산광역시,의료급여,3등급,2,2016,https://api.odcloud.kr/api/15072696/v1/uddi:b5b43d81-31d0-4b31-8c0f-9e83d6202da9,울산광역시,의료급여
남자,울산광역시,의료급여,4등급,6,2016,https://api.odcloud.kr/api/15072696/v1/uddi:b5b43d81-31d0-4b31-8c0f-9e83d6202da9,울산광역시,의료급여
남자,울산광역시,의료급여,5등급,1,2016,https://api.odcloud.kr/api/15072696/v1/uddi:b5b43d81-31d0-4b31-8c0f-9e83d6202da9,울산광역시,의료급여
남자,울산광역시,의료급여,등급외,5,2016,https://api.odcloud.kr/api/15072696/v1/uddi:b5b43d81-31d0-4b31-8c0f-9e83d6202da9,울산광역시,의료급여
남자,울산광역시,기초수급,1등급,20,2016,https://api.odcloud.kr/api/15072696/v1/uddi:b5b43d81-31d0-4b31-8c0f-9e83d6202da9,울산광역시,기초수급
남자,울산광역시,기초수급,2등급,33,2016,https://api.odcloud.kr/api/15072696/v1/uddi:b5b43d81-31d0-4b31-8c0f-9e83d6202da9,울산광역시,기초수급
남자,울산광역시,기초수급,3등급,119,2016,https://api.odcloud.kr/api/15072696/v1/uddi:b5b43d81-31d0-4b31-8c0f-9e83d6202da9,울산광역시,기초수급
남자,울산광역시,기초수급,4등급,125,2016,https://api.odcloud.kr/api/15072696/v1/uddi:b5b43d81-31d0-4b31-8c0f-9e83d6202da9,울산광역시,기초수급
남자,울산광역시,기초수급,5등급,7,2016,https://api.odcloud.kr/api/15072696/v1/uddi:b5b43d81-31d0-4b31-8c0f-9e83d6202da9,울산광역시,기초수급
남자,울산광역시,기초수급,등급외,185,2016,https://api.odcloud.kr/api/15072696/v1/uddi:b5b43d81-31d0-4b31-8c0f-9e83d6202da9,울산광역시,기초수급
여자,울산광역시,일반,1등급,337,2016,https://api.odcloud.kr/api/15072696/v1/uddi:b5b43d81-31d0-4b31-8c0f-9e83d6202da9,울산광역시,일반
여자,울산광역시,일반,2등급,567,2016,https://api.odcloud.kr/api/15072696/v1/uddi:b5b43d81-31d0-4b31-8c0f-9e83d6202da9,울산광역시,일반
여자,울산광역시,일반,3등급,1504,2016,https://api.odcloud.kr/api/15072696/v1/uddi:b5b43d81-31d0-4b31-8c0f-9e83d6202da9,울산광역시,일반
여자,울산광역시,일반,4등급,1119,2016,https://api.odcloud.kr/api/15072696/v1/uddi:b5b43d81-31d0-4b31-8c0f-9e83d6202da9,울산광역시,일반
여자,울산광역시,일반,5등급,186,2016,https://api.odcloud.kr/api/15072696/v1/uddi:b5b43d81-31d0-4b31-8c0f-9e83d6202da9,울산광역시,일반
여자,울산광역시,일반,등급외,874,2016,https://api.odcloud.kr/api/15072696/v1/uddi:b5b43d81-31d0-4b31-8c0f-9e83d6202da9,울산광역시,일반
여자,울산광역시,감경,1등급,39,2016,https://api.odcloud.kr/api/15072696/v1/uddi:b5b43d81-31d0-4b31-8c0f-9e83d6202da9,울산광역시,경감
여자,울산광역시,감경,2등급,95,2016,https://api.odcloud.kr/api/15072696/v1/uddi:b5b43d81-31d0-4b31-8c0f-9e83d6202da9,울산광역시,경감
여자,울산광역시,감경,3등급,224,2016,https://api.odcloud.kr/api/15072696/v1/uddi:b5b43d81-31d0-4b31-8c0f-9e83d6202da9,울산광역시,경감
여자,울산광역시,감경,4등급,206,2016,https://api.odcloud.kr/api/15072696/v1/uddi:b5b43d81-31d0-4b31-8c0f-9e83d6202da9,울산광역시,경감
여자,울산광역시,감경,5등급,31,2016,https://api.odcloud.kr/api/15072696/v1/uddi:b5b43d81-31d0-4b31-8c0f-9e83d6202da9,울산광역시,경감
여자,울산광역시,감경,등급외,19,2016,https://api.odcloud.kr/api/15072696/v1/uddi:b5b43d81-31d0-4b31-8c0f-9e83d6202da9,울산광역시,경감
여자,울산광역시,의료급여,1등급,6,2016,https://api.odcloud.kr/api/15072696/v1/uddi:b5b43d81-31d0-4b31-8c0f-9e83d6202da9,울산광역시,의료급여
여자,울산광역시,의료급여,2등급,6,2016,https://api.odcloud.kr/api/15072696/v1/uddi:b5b43d81-31d0-4b31-8c0f-9e83d6202da9,울산광역시,의료급여
여자,울산광역시,의료급여,3등급,22,2016,https://api.odcloud.kr/api/15072696/v1/uddi:b5b43d81-31d0-4b31-8c0f-9e83d6202da9,울산광역시,의료급여
여자,울산광역시,의료급여,4등급,21,2016,https://api.odcloud.kr/api/15072696/v1/uddi:b5b43d81-31d0-4b31-8c0f-9e83d6202da9,울산광역시,의료급여
여자,울산광역시,의료급여,5등급,1,2016,https://api.odcloud.kr/api/15072696/v1/uddi:b5b43d81-31d0-4b31-8c0f-9e83d6202da9,울산광역시,의료급여
여자,울산광역시,의료급여,등급외,15,2016,https://api.odcloud.kr/api/15072696/v1/uddi:b5b43d81-31d0-4b31-8c0f-9e83d6202da9,울산광역시,의료급여
여자,울산광역시,기초수급,1등급,51,2016,https://api.odcloud.kr/api/15072696/v1/uddi:b5b43d81-31d0-4b31-8c0f-9e83d6202da9,울산광역시,기초수급
여자,울산광역시,기초수급,2등급,111,2016,https://api.odcloud.kr/api/15072696/v1/uddi:b5b43d81-31d0-4b31-8c0f-9e83d6202da9,울산광역시,기초수급
여자,울산광역시,기초수급,3등급,249,2016,https://api.odcloud.kr/api/15072696/v1/uddi:b5b43d81-31d0-4b31-8c0f-9e83d6202da9,울산광역시,기초수급
여자,울산광역시,기초수급,4등급,238,2016,https://api.odcloud.kr/api/15072696/v1/uddi:b5b43d81-31d0-4b31-8c0f-9e83d6202da9,울산광역시,기초수급
여자,울산광역시,기초수급,5등급,25,2016,https://api.odcloud.kr/api/15072696/v1/uddi:b5b43d81-31d0-4b31-8c0f-9e83d6202da9,울산광역시,기초수급
여자,울산광역시,기초수급,등급외,377,2016,https://api.odcloud.kr/api/15072696/v1/uddi:b5b43d81-31d0-4b31-8c0f-9e83d6202da9,울산광역시,기초수급
남자,세종특별자치시,일반,1등급,38,2016,https://api.odcloud.kr/api/15072696/v1/uddi:b5b43d81-31d0-4b31-8c0f-9e83d6202da9,세종특별자치시,일반
남자,세종특별자치시,일반,2등급,59,2016,https://api.odcloud.kr/api/15072696/v1/uddi:b5b43d81-31d0-4b31-8c0f-9e83d6202da9,세종특별자치시,일반
남자,세종특별자치시,일반,3등급,131,2016,https://api.odcloud.kr/api/15072696/v1/uddi:b5b43d81-31d0-4b31-8c0f-9e83d6202da9,세종특별자치시,일반
남자,세종특별자치시,일반,4등급,140,2016,https://api.odcloud.kr/api/15072696/v1/uddi:b5b43d81-31d0-4b31-8c0f-9e83d6202da9,세종특별자치시,일반
남자,세종특별자치시,일반,5등급,12,2016,https://api.odcloud.kr/api/15072696/v1/uddi:b5b43d81-31d0-4b31-8c0f-9e83d6202da9,세종특별자치시,일반
남자,세종특별자치시,일반,등급외,90,2016,https://api.odcloud.kr/api/15072696/v1/uddi:b5b43d81-31d0-4b31-8c0f-9e83d6202da9,세종특별자치시,일반
남자,세종특별자치시,감경,1등급,9,2016,https://api.odcloud.kr/api/15072696/v1/uddi:b5b43d81-31d0-4b31-8c0f-9e83d6202da9,세종특별자치시,경감
남자,세종특별자치시,감경,2등급,12,2016,https://api.odcloud.kr/api/15072696/v1/uddi:b5b43d81-31d0-4b31-8c0f-9e83d6202da9,세종특별자치시,경감
남자,세종특별자치시,감경,3등급,18,2016,https://api.odcloud.kr/api/15072696/v1/uddi:b5b43d81-31d0-4b31-8c0f-9e83d6202da9,세종특별자치시,경감
남자,세종특별자치시,감경,4등급,26,2016,https://api.odcloud.kr/api/15072696/v1/uddi:b5b43d81-31d0-4b31-8c0f-9e83d6202da9,세종특별자치시,경감
남자,세종특별자치시,감경,5등급,1,2016,https://api.odcloud.kr/api/15072696/v1/uddi:b5b43d81-31d0-4b31-8c0f-9e83d6202da9,세종특별자치시,경감
남자,세종특별자치시,감경,등급외,3,2016,https://api.odcloud.kr/api/15072696/v1/uddi:b5b43d81-31d0-4b31-8c0f-9e83d6202da9,세종특별자치시,경감
남자,세종특별자치시,의료급여,3등급,2,2016,https://api.odcloud.kr/api/15072696/v1/uddi:b5b43d81-31d0-4b31-8c0f-9e83d6202da9,세종특별자치시,의료급여
남자,세종특별자치시,의료급여,4등급,2,2016,https://api.odcloud.kr/api/15072696/v1/uddi:b5b43d81-31d0-4b31-8c0f-9e83d6202da9,세종특별자치시,의료급여
남자,세종특별자치시,의료급여,등급외,4,2016,https://api.odcloud.kr/api/15072696/v1/uddi:b5b43d81-31d0-4b31-8c0f-9e83d6202da9,세종특별자치시,의료급여
남자,세종특별자치시,기초수급,1등급,6,2016,https://api.odcloud.kr/api/15072696/v1/uddi:b5b43d81-31d0-4b31-8c0f-9e83d6202da9,세종특별자치시,기초수급
남자,세종특별자치시,기초수급,2등급,9,2016,https://api.odcloud.kr/api/15072696/v1/uddi:b5b43d81-31d0-4b31-8c0f-9e83d6202da9,세종특별자치시,기초수급
남자,세종특별자치시,기초수급,3등급,12,2016,https://api.odcloud.kr/api/15072696/v1/uddi:b5b43d81-31d0-4b31-8c0f-9e83d6202da9,세종특별자치시,기초수급
남자,세종특별자치시,기초수급,4등급,25,2016,https://api.odcloud.kr/api/15072696/v1/uddi:b5b43d81-31d0-4b31-8c0f-9e83d6202da9,세종특별자치시,기초수급
남자,세종특별자치시,기초수급,5등급,2,2016,https://api.odcloud.kr/api/15072696/v1/uddi:b5b43d81-31d0-4b31-8c0f-9e83d6202da9,세종특별자치시,기초수급
남자,세종특별자치시,기초수급,등급외,28,2016,https://api.odcloud.kr/api/15072696/v1/uddi:b5b43d81-31d0-4b31-8c0f-9e83d6202da9,세종특별자치시,기초수급
여자,세종특별자치시,일반,1등급,82,2016,https://api.odcloud.kr/api/15072696/v1/uddi:b5b43d81-31d0-4b31-8c0f-9e83d6202da9,세종특별자치시,일반
여자,세종특별자치시,일반,2등급,146,2016,https://api.odcloud.kr/api/15072696/v1/uddi:b5b43d81-31d0-4b31-8c0f-9e83d6202da9,세종특별자치시,일반
여자,세종특별자치시,일반,3등급,387,2016,https://api.odcloud.kr/api/15072696/v1/uddi:b5b43d81-31d0-4b31-8c0f-9e83d6202da9,세종특별자치시,일반
여자,세종특별자치시,일반,4등급,356,2016,https://api.odcloud.kr/api/15072696/v1/uddi:b5b43d81-31d0-4b31-8c0f-9e83d6202da9,세종특별자치시,일반
여자,세종특별자치시,일반,5등급,49,2016,https://api.odcloud.kr/api/15072696/v1/uddi:b5b43d81-31d0-4b31-8c0f-9e83d6202da9,세종특별자치시,일반
여자,세종특별자치시,일반,등급외,243,2016,https://api.odcloud.kr/api/15072696/v1/uddi:b5b43d81-31d0-4b31-8c0f-9e83d6202da9,세종특별자치시,일반
여자,세종특별자치시,감경,1등급,23,2016,https://api.odcloud.kr/api/15072696/v1/uddi:b5b43d81-31d0-4b31-8c0f-9e83d6202da9,세종특별자치시,경감
여자,세종특별자치시,감경,2등급,41,2016,https://api.odcloud.kr/api/15072696/v1/uddi:b5b43d81-31d0-4b31-8c0f-9e83d6202da9,세종특별자치시,경감
여자,세종특별자치시,감경,3등급,89,2016,https://api.odcloud.kr/api/15072696/v1/uddi:b5b43d81-31d0-4b31-8c0f-9e83d6202da9,세종특별자치시,경감
여자,세종특별자치시,감경,4등급,84,2016,https://api.odcloud.kr/api/15072696/v1/uddi:b5b43d81-31d0-4b31-8c0f-9e83d6202da9,세종특별자치시,경감
여자,세종특별자치시,감경,5등급,6,2016,https://api.odcloud.kr/api/15072696/v1/uddi:b5b43d81-31d0-4b31-8c0f-9e83d6202da9,세종특별자치시,경감
여자,세종특별자치시,감경,등급외,10,2016,https://api.odcloud.kr/api/15072696/v1/uddi:b5b43d81-31d0-4b31-8c0f-9e83d6202da9,세종특별자치시,경감
여자,세종특별자치시,의료급여,1등급,2,2016,https://api.odcloud.kr/api/15072696/v1/uddi:b5b43d81-31d0-4b31-8c0f-9e83d6202da9,세종특별자치시,의료급여
여자,세종특별자치시,의료급여,2등급,5,2016,https://api.odcloud.kr/api/15072696/v1/uddi:b5b43d81-31d0-4b31-8c0f-9e83d6202da9,세종특별자치시,의료급여
여자,세종특별자치시,의료급여,3등급,6,2016,https://api.odcloud.kr/api/15072696/v1/uddi:b5b43d81-31d0-4b31-8c0f-9e83d6202da9,세종특별자치시,의료급여
여자,세종특별자치시,의료급여,4등급,6,2016,https://api.odcloud.kr/api/15072696/v1/uddi:b5b43d81-31d0-4b31-8c0f-9e83d6202da9,세종특별자치시,의료급여
여자,세종특별자치시,의료급여,등급외,4,2016,https://api.odcloud.kr/api/15072696/v1/uddi:b5b43d81-31d0-4b31-8c0f-9e83d6202da9,세종특별자치시,의료급여
여자,세종특별자치시,기초수급,1등급,20,2016,https://api.odcloud.kr/api/15072696/v1/uddi:b5b43d81-31d0-4b31-8c0f-9e83d6202da9,세종특별자치시,기초수급
여자,세종특별자치시,기초수급,2등급,23,2016,https://api.odcloud.kr/api/15072696/v1/uddi:b5b43d81-31d0-4b31-8c0f-9e83d6202da9,세종특별자치시,기초수급
여자,세종특별자치시,기초수급,3등급,41,2016,https://api.odcloud.kr/api/15072696/v1/uddi:b5b43d81-31d0-4b31-8c0f-9e83d6202da9,세종특별자치시,기초수급
여자,세종특별자치시,기초수급,4등급,48,2016,https://api.odcloud.kr/api/15072696/v1/uddi:b5b43d81-31d0-4b31-8c0f-9e83d6202da9,세종특별자치시,기초수급
여자,세종특별자치시,기초수급,5등급,2,2016,https://api.odcloud.kr/api/15072696/v1/uddi:b5b43d81-31d0-4b31-8c0f-9e83d6202da9,세종특별자치시,기초수급
여자,세종특별자치시,기초수급,등급외,69,2016,https://api.odcloud.kr/api/15072696/v1/uddi:b5b43d81-31d0-4b31-8c0f-9e83d6202da9,세종특별자치시,기초수급
남자,경기도,일반,1등급,1825,2016,https://api.odcloud.kr/api/15072696/v1/uddi:b5b43d81-31d0-4b31-8c0f-9e83d6202da9,경기도,일반
남자,경기도,일반,2등급,2882,2016,https://api.odcloud.kr/api/15072696/v1/uddi:b5b43d81-31d0-4b31-8c0f-9e83d6202da9,경기도,일반
남자,경기도,일반,3등급,8134,2016,https://api.odcloud.kr/api/15072696/v1/uddi:b5b43d81-31d0-4b31-8c0f-9e83d6202da9,경기도,일반
남자,경기도,일반,4등급,6537,2016,https://api.odcloud.kr/api/15072696/v1/uddi:b5b43d81-31d0-4b31-8c0f-9e83d6202da9,경기도,일반
남자,경기도,일반,5등급,1323,2016,https://api.odcloud.kr/api/15072696/v1/uddi:b5b43d81-31d0-4b31-8c0f-9e83d6202da9,경기도,일반
남자,경기도,일반,등급외,4304,2016,https://api.odcloud.kr/api/15072696/v1/uddi:b5b43d81-31d0-4b31-8c0f-9e83d6202da9,경기도,일반
남자,경기도,감경,1등급,399,2016,https://api.odcloud.kr/api/15072696/v1/uddi:b5b43d81-31d0-4b31-8c0f-9e83d6202da9,경기도,경감
남자,경기도,감경,2등급,658,2016,https://api.odcloud.kr/api/15072696/v1/uddi:b5b43d81-31d0-4b31-8c0f-9e83d6202da9,경기도,경감
남자,경기도,감경,3등급,1917,2016,https://api.odcloud.kr/api/15072696/v1/uddi:b5b43d81-31d0-4b31-8c0f-9e83d6202da9,경기도,경감
남자,경기도,감경,4등급,1674,2016,https://api.odcloud.kr/api/15072696/v1/uddi:b5b43d81-31d0-4b31-8c0f-9e83d6202da9,경기도,경감
남자,경기도,감경,5등급,256,2016,https://api.odcloud.kr/api/15072696/v1/uddi:b5b43d81-31d0-4b31-8c0f-9e83d6202da9,경기도,경감
남자,경기도,감경,등급외,184,2016,https://api.odcloud.kr/api/15072696/v1/uddi:b5b43d81-31d0-4b31-8c0f-9e83d6202da9,경기도,경감
남자,경기도,의료급여,1등급,22,2016,https://api.odcloud.kr/api/15072696/v1/uddi:b5b43d81-31d0-4b31-8c0f-9e83d6202da9,경기도,의료급여
남자,경기도,의료급여,2등급,56,2016,https://api.odcloud.kr/api/15072696/v1/uddi:b5b43d81-31d0-4b31-8c0f-9e83d6202da9,경기도,의료급여
남자,경기도,의료급여,3등급,122,2016,https://api.odcloud.kr/api/15072696/v1/uddi:b5b43d81-31d0-4b31-8c0f-9e83d6202da9,경기도,의료급여
남자,경기도,의료급여,4등급,115,2016,https://api.odcloud.kr/api/15072696/v1/uddi:b5b43d81-31d0-4b31-8c0f-9e83d6202da9,경기도,의료급여
남자,경기도,의료급여,5등급,22,2016,https://api.odcloud.kr/api/15072696/v1/uddi:b5b43d81-31d0-4b31-8c0f-9e83d6202da9,경기도,의료급여
남자,경기도,의료급여,등급외,81,2016,https://api.odcloud.kr/api/15072696/v1/uddi:b5b43d81-31d0-4b31-8c0f-9e83d6202da9,경기도,의료급여
남자,경기도,기초수급,1등급,344,2016,https://api.odcloud.kr/api/15072696/v1/uddi:b5b43d81-31d0-4b31-8c0f-9e83d6202da9,경기도,기초수급
남자,경기도,기초수급,2등급,521,2016,https://api.odcloud.kr/api/15072696/v1/uddi:b5b43d81-31d0-4b31-8c0f-9e83d6202da9,경기도,기초수급
남자,경기도,기초수급,3등급,1590,2016,https://api.odcloud.kr/api/15072696/v1/uddi:b5b43d81-31d0-4b31-8c0f-9e83d6202da9,경기도,기초수급
남자,경기도,기초수급,4등급,1689,2016,https://api.odcloud.kr/api/15072696/v1/uddi:b5b43d81-31d0-4b31-8c0f-9e83d6202da9,경기도,기초수급
남자,경기도,기초수급,5등급,304,2016,https://api.odcloud.kr/api/15072696/v1/uddi:b5b43d81-31d0-4b31-8c0f-9e83d6202da9,경기도,기초수급
남자,경기도,기초수급,등급외,2063,2016,https://api.odcloud.kr/api/15072696/v1/uddi:b5b43d81-31d0-4b31-8c0f-9e83d6202da9,경기도,기초수급
여자,경기도,일반,1등급,4374,2016,https://api.odcloud.kr/api/15072696/v1/uddi:b5b43d81-31d0-4b31-8c0f-9e83d6202da9,경기도,일반
여자,경기도,일반,2등급,7602,2016,https://api.odcloud.kr/api/15072696/v1/uddi:b5b43d81-31d0-4b31-8c0f-9e83d6202da9,경기도,일반
여자,경기도,일반,3등급,19520,2016,https://api.odcloud.kr/api/15072696/v1/uddi:b5b43d81-31d0-4b31-8c0f-9e83d6202da9,경기도,일반
여자,경기도,일반,4등급,17039,2016,https://api.odcloud.kr/api/15072696/v1/uddi:b5b43d81-31d0-4b31-8c0f-9e83d6202da9,경기도,일반
여자,경기도,일반,5등급,3601,2016,https://api.odcloud.kr/api/15072696/v1/uddi:b5b43d81-31d0-4b31-8c0f-9e83d6202da9,경기도,일반
여자,경기도,일반,등급외,12107,2016,https://api.odcloud.kr/api/15072696/v1/uddi:b5b43d81-31d0-4b31-8c0f-9e83d6202da9,경기도,일반
여자,경기도,감경,1등급,1078,2016,https://api.odcloud.kr/api/15072696/v1/uddi:b5b43d81-31d0-4b31-8c0f-9e83d6202da9,경기도,경감
여자,경기도,감경,2등급,2243,2016,https://api.odcloud.kr/api/15072696/v1/uddi:b5b43d81-31d0-4b31-8c0f-9e83d6202da9,경기도,경감
여자,경기도,감경,3등급,5766,2016,https://api.odcloud.kr/api/15072696/v1/uddi:b5b43d81-31d0-4b31-8c0f-9e83d6202da9,경기도,경감
여자,경기도,감경,4등급,4863,2016,https://api.odcloud.kr/api/15072696/v1/uddi:b5b43d81-31d0-4b31-8c0f-9e83d6202da9,경기도,경감
여자,경기도,감경,5등급,789,2016,https://api.odcloud.kr/api/15072696/v1/uddi:b5b43d81-31d0-4b31-8c0f-9e83d6202da9,경기도,경감
여자,경기도,감경,등급외,464,2016,https://api.odcloud.kr/api/15072696/v1/uddi:b5b43d81-31d0-4b31-8c0f-9e83d6202da9,경기도,경감
여자,경기도,의료급여,1등급,57,2016,https://api.odcloud.kr/api/15072696/v1/uddi:b5b43d81-31d0-4b31-8c0f-9e83d6202da9,경기도,의료급여
여자,경기도,의료급여,2등급,111,2016,https://api.odcloud.kr/api/15072696/v1/uddi:b5b43d81-31d0-4b31-8c0f-9e83d6202da9,경기도,의료급여
여자,경기도,의료급여,3등급,324,2016,https://api.odcloud.kr/api/15072696/v1/uddi:b5b43d81-31d0-4b31-8c0f-9e83d6202da9,경기도,의료급여
여자,경기도,의료급여,4등급,308,2016,https://api.odcloud.kr/api/15072696/v1/uddi:b5b43d81-31d0-4b31-8c0f-9e83d6202da9,경기도,의료급여
여자,경기도,의료급여,5등급,55,2016,https://api.odcloud.kr/api/15072696/v1/uddi:b5b43d81-31d0-4b31-8c0f-9e83d6202da9,경기도,의료급여
여자,경기도,의료급여,등급외,165,2016,https://api.odcloud.kr/api/15072696/v1/uddi:b5b43d81-31d0-4b31-8c0f-9e83d6202da9,경기도,의료급여
여자,경기도,기초수급,1등급,1011,2016,https://api.odcloud.kr/api/15072696/v1/uddi:b5b43d81-31d0-4b31-8c0f-9e83d6202da9,경기도,기초수급
여자,경기도,기초수급,2등급,1719,2016,https://api.odcloud.kr/api/15072696/v1/uddi:b5b43d81-31d0-4b31-8c0f-9e83d6202da9,경기도,기초수급
여자,경기도,기초수급,3등급,4413,2016,https://api.odcloud.kr/api/15072696/v1/uddi:b5b43d81-31d0-4b31-8c0f-9e83d6202da9,경기도,기초수급
여자,경기도,기초수급,4등급,4543,2016,https://api.odcloud.kr/api/15072696/v1/uddi:b5b43d81-31d0-4b31-8c0f-9e83d6202da9,경기도,기초수급
여자,경기도,기초수급,5등급,688,2016,https://api.odcloud.kr/api/15072696/v1/uddi:b5b43d81-31d0-4b31-8c0f-9e83d6202da9,경기도,기초수급
여자,경기도,기초수급,등급외,4847,2016,https://api.odcloud.kr/api/15072696/v1/uddi:b5b43d81-31d0-4b31-8c0f-9e83d6202da9,경기도,기초수급
남자,강원특별자치도,일반,1등급,477,2016,https://api.odcloud.kr/api/15072696/v1/uddi:b5b43d81-31d0-4b31-8c0f-9e83d6202da9,강원도,일반
남자,강원특별자치도,일반,2등급,708,2016,https://api.odcloud.kr/api/15072696/v1/uddi:b5b43d81-31d0-4b31-8c0f-9e83d6202da9,강원도,일반
남자,강원특별자치도,일반,3등급,1537,2016,https://api.odcloud.kr/api/15072696/v1/uddi:b5b43d81-31d0-4b31-8c0f-9e83d6202da9,강원도,일반
남자,강원특별자치도,일반,4등급,1109,2016,https://api.odcloud.kr/api/15072696/v1/uddi:b5b43d81-31d0-4b31-8c0f-9e83d6202da9,강원도,일반
남자,강원특별자치도,일반,5등급,167,2016,https://api.odcloud.kr/api/15072696/v1/uddi:b5b43d81-31d0-4b31-8c0f-9e83d6202da9,강원도,일반
남자,강원특별자치도,일반,등급외,1119,2016,https://api.odcloud.kr/api/15072696/v1/uddi:b5b43d81-31d0-4b31-8c0f-9e83d6202da9,강원도,일반
남자,강원특별자치도,감경,1등급,115,2016,https://api.odcloud.kr/api/15072696/v1/uddi:b5b43d81-31d0-4b31-8c0f-9e83d6202da9,강원도,경감
남자,강원특별자치도,감경,2등급,203,2016,https://api.odcloud.kr/api/15072696/v1/uddi:b5b43d81-31d0-4b31-8c0f-9e83d6202da9,강원도,경감
남자,강원특별자치도,감경,3등급,486,2016,https://api.odcloud.kr/api/15072696/v1/uddi:b5b43d81-31d0-4b31-8c0f-9e83d6202da9,강원도,경감
남자,강원특별자치도,감경,4등급,302,2016,https://api.odcloud.kr/api/15072696/v1/uddi:b5b43d81-31d0-4b31-8c0f-9e83d6202da9,강원도,경감
남자,강원특별자치도,감경,5등급,31,2016,https://api.odcloud.kr/api/15072696/v1/uddi:b5b43d81-31d0-4b31-8c0f-9e83d6202da9,강원도,경감
남자,강원특별자치도,감경,등급외,63,2016,https://api.odcloud.kr/api/15072696/v1/uddi:b5b43d81-31d0-4b31-8c0f-9e83d6202da9,강원도,경감
남자,강원특별자치도,의료급여,1등급,13,2016,https://api.odcloud.kr/api/15072696/v1/uddi:b5b43d81-31d0-4b31-8c0f-9e83d6202da9,강원도,의료급여
남자,강원특별자치도,의료급여,2등급,19,2016,https://api.odcloud.kr/api/15072696/v1/uddi:b5b43d81-31d0-4b31-8c0f-9e83d6202da9,강원도,의료급여
남자,강원특별자치도,의료급여,3등급,49,2016,https://api.odcloud.kr/api/15072696/v1/uddi:b5b43d81-31d0-4b31-8c0f-9e83d6202da9,강원도,의료급여
남자,강원특별자치도,의료급여,4등급,32,2016,https://api.odcloud.kr/api/15072696/v1/uddi:b5b43d81-31d0-4b31-8c0f-9e83d6202da9,강원도,의료급여
남자,강원특별자치도,의료급여,5등급,3,2016,https://api.odcloud.kr/api/15072696/v1/uddi:b5b43d81-31d0-4b31-8c0f-9e83d6202da9,강원도,의료급여
남자,강원특별자치도,의료급여,등급외,34,2016,https://api.odcloud.kr/api/15072696/v1/uddi:b5b43d81-31d0-4b31-8c0f-9e83d6202da9,강원도,의료급여
남자,강원특별자치도,기초수급,1등급,145,2016,https://api.odcloud.kr/api/15072696/v1/uddi:b5b43d81-31d0-4b31-8c0f-9e83d6202da9,강원도,기초수급
남자,강원특별자치도,기초수급,2등급,206,2016,https://api.odcloud.kr/api/15072696/v1/uddi:b5b43d81-31d0-4b31-8c0f-9e83d6202da9,강원도,기초수급
남자,강원특별자치도,기초수급,3등급,465,2016,https://api.odcloud.kr/api/15072696/v1/uddi:b5b43d81-31d0-4b31-8c0f-9e83d6202da9,강원도,기초수급
남자,강원특별자치도,기초수급,4등급,416,2016,https://api.odcloud.kr/api/15072696/v1/uddi:b5b43d81-31d0-4b31-8c0f-9e83d6202da9,강원도,기초수급
남자,강원특별자치도,기초수급,5등급,34,2016,https://api.odcloud.kr/api/15072696/v1/uddi:b5b43d81-31d0-4b31-8c0f-9e83d6202da9,강원도,기초수급
남자,강원특별자치도,기초수급,등급외,638,2016,https://api.odcloud.kr/api/15072696/v1/uddi:b5b43d81-31d0-4b31-8c0f-9e83d6202da9,강원도,기초수급
여자,강원특별자치도,일반,1등급,968,2016,https://api.odcloud.kr/api/15072696/v1/uddi:b5b43d81-31d0-4b31-8c0f-9e83d6202da9,강원도,일반
여자,강원특별자치도,일반,2등급,1665,2016,https://api.odcloud.kr/api/15072696/v1/uddi:b5b43d81-31d0-4b31-8c0f-9e83d6202da9,강원도,일반
여자,강원특별자치도,일반,3등급,3453,2016,https://api.odcloud.kr/api/15072696/v1/uddi:b5b43d81-31d0-4b31-8c0f-9e83d6202da9,강원도,일반
여자,강원특별자치도,일반,4등급,2757,2016,https://api.odcloud.kr/api/15072696/v1/uddi:b5b43d81-31d0-4b31-8c0f-9e83d6202da9,강원도,일반
여자,강원특별자치도,일반,5등급,405,2016,https://api.odcloud.kr/api/15072696/v1/uddi:b5b43d81-31d0-4b31-8c0f-9e83d6202da9,강원도,일반
여자,강원특별자치도,일반,등급외,2978,2016,https://api.odcloud.kr/api/15072696/v1/uddi:b5b43d81-31d0-4b31-8c0f-9e83d6202da9,강원도,일반
여자,강원특별자치도,감경,1등급,351,2016,https://api.odcloud.kr/api/15072696/v1/uddi:b5b43d81-31d0-4b31-8c0f-9e83d6202da9,강원도,경감
여자,강원특별자치도,감경,2등급,628,2016,https://api.odcloud.kr/api/15072696/v1/uddi:b5b43d81-31d0-4b31-8c0f-9e83d6202da9,강원도,경감
여자,강원특별자치도,감경,3등급,1399,2016,https://api.odcloud.kr/api/15072696/v1/uddi:b5b43d81-31d0-4b31-8c0f-9e83d6202da9,강원도,경감
여자,강원특별자치도,감경,4등급,1105,2016,https://api.odcloud.kr/api/15072696/v1/uddi:b5b43d81-31d0-4b31-8c0f-9e83d6202da9,강원도,경감
여자,강원특별자치도,감경,5등급,119,2016,https://api.odcloud.kr/api/15072696/v1/uddi:b5b43d81-31d0-4b31-8c0f-9e83d6202da9,강원도,경감
여자,강원특별자치도,감경,등급외,176,2016,https://api.odcloud.kr/api/15072696/v1/uddi:b5b43d81-31d0-4b31-8c0f-9e83d6202da9,강원도,경감
여자,강원특별자치도,의료급여,1등급,29,2016,https://api.odcloud.kr/api/15072696/v1/uddi:b5b43d81-31d0-4b31-8c0f-9e83d6202da9,강원도,의료급여
여자,강원특별자치도,의료급여,2등급,34,2016,https://api.odcloud.kr/api/15072696/v1/uddi:b5b43d81-31d0-4b31-8c0f-9e83d6202da9,강원도,의료급여
여자,강원특별자치도,의료급여,3등급,97,2016,https://api.odcloud.kr/api/15072696/v1/uddi:b5b43d81-31d0-4b31-8c0f-9e83d6202da9,강원도,의료급여
여자,강원특별자치도,의료급여,4등급,97,2016,https://api.odcloud.kr/api/15072696/v1/uddi:b5b43d81-31d0-4b31-8c0f-9e83d6202da9,강원도,의료급여
여자,강원특별자치도,의료급여,5등급,5,2016,https://api.odcloud.kr/api/15072696/v1/uddi:b5b43d81-31d0-4b31-8c0f-9e83d6202da9,강원도,의료급여
여자,강원특별자치도,의료급여,등급외,69,2016,https://api.odcloud.kr/api/15072696/v1/uddi:b5b43d81-31d0-4b31-8c0f-9e83d6202da9,강원도,의료급여
여자,강원특별자치도,기초수급,1등급,349,2016,https://api.odcloud.kr/api/15072696/v1/uddi:b5b43d81-31d0-4b31-8c0f-9e83d6202da9,강원도,기초수급
여자,강원특별자치도,기초수급,2등급,509,2016,https://api.odcloud.kr/api/15072696/v1/uddi:b5b43d81-31d0-4b31-8c0f-9e83d6202da9,강원도,기초수급
여자,강원특별자치도,기초수급,3등급,1161,2016,https://api.odcloud.kr/api/15072696/v1/uddi:b5b43d81-31d0-4b31-8c0f-9e83d6202da9,강원도,기초수급
여자,강원특별자치도,기초수급,4등급,1064,2016,https://api.odcloud.kr/api/15072696/v1/uddi:b5b43d81-31d0-4b31-8c0f-9e83d6202da9,강원도,기초수급
여자,강원특별자치도,기초수급,5등급,88,2016,https://api.odcloud.kr/api/15072696/v1/uddi:b5b43d81-31d0-4b31-8c0f-9e83d6202da9,강원도,기초수급
여자,강원특별자치도,기초수급,등급외,1500,2016,https://api.odcloud.kr/api/15072696/v1/uddi:b5b43d81-31d0-4b31-8c0f-9e83d6202da9,강원도,기초수급
남자,충청북도,일반,1등급,277,2016,https://api.odcloud.kr/api/15072696/v1/uddi:b5b43d81-31d0-4b31-8c0f-9e83d6202da9,충청북도,일반
남자,충청북도,일반,2등급,497,2016,https://api.odcloud.kr/api/15072696/v1/uddi:b5b43d81-31d0-4b31-8c0f-9e83d6202da9,충청북도,일반
남자,충청북도,일반,3등급,1236,2016,https://api.odcloud.kr/api/15072696/v1/uddi:b5b43d81-31d0-4b31-8c0f-9e83d6202da9,충청북도,일반
남자,충청북도,일반,4등급,983,2016,https://api.odcloud.kr/api/15072696/v1/uddi:b5b43d81-31d0-4b31-8c0f-9e83d6202da9,충청북도,일반
남자,충청북도,일반,5등급,171,2016,https://api.odcloud.kr/api/15072696/v1/uddi:b5b43d81-31d0-4b31-8c0f-9e83d6202da9,충청북도,일반
남자,충청북도,일반,등급외,975,2016,https://api.odcloud.kr/api/15072696/v1/uddi:b5b43d81-31d0-4b31-8c0f-9e83d6202da9,충청북도,일반
남자,충청북도,감경,1등급,67,2016,https://api.odcloud.kr/api/15072696/v1/uddi:b5b43d81-31d0-4b31-8c0f-9e83d6202da9,충청북도,경감
남자,충청북도,감경,2등급,133,2016,https://api.odcloud.kr/api/15072696/v1/uddi:b5b43d81-31d0-4b31-8c0f-9e83d6202da9,충청북도,경감
남자,충청북도,감경,3등급,301,2016,https://api.odcloud.kr/api/15072696/v1/uddi:b5b43d81-31d0-4b31-8c0f-9e83d6202da9,충청북도,경감
남자,충청북도,감경,4등급,244,2016,https://api.odcloud.kr/api/15072696/v1/uddi:b5b43d81-31d0-4b31-8c0f-9e83d6202da9,충청북도,경감
남자,충청북도,감경,5등급,38,2016,https://api.odcloud.kr/api/15072696/v1/uddi:b5b43d81-31d0-4b31-8c0f-9e83d6202da9,충청북도,경감
남자,충청북도,감경,등급외,40,2016,https://api.odcloud.kr/api/15072696/v1/uddi:b5b43d81-31d0-4b31-8c0f-9e83d6202da9,충청북도,경감
남자,충청북도,의료급여,1등급,5,2016,https://api.odcloud.kr/api/15072696/v1/uddi:b5b43d81-31d0-4b31-8c0f-9e83d6202da9,충청북도,의료급여
남자,충청북도,의료급여,2등급,11,2016,https://api.odcloud.kr/api/15072696/v1/uddi:b5b43d81-31d0-4b31-8c0f-9e83d6202da9,충청북도,의료급여
남자,충청북도,의료급여,3등급,30,2016,https://api.odcloud.kr/api/15072696/v1/uddi:b5b43d81-31d0-4b31-8c0f-9e83d6202da9,충청북도,의료급여
남자,충청북도,의료급여,4등급,27,2016,https://api.odcloud.kr/api/15072696/v1/uddi:b5b43d81-31d0-4b31-8c0f-9e83d6202da9,충청북도,의료급여
남자,충청북도,의료급여,5등급,4,2016,https://api.odcloud.kr/api/15072696/v1/uddi:b5b43d81-31d0-4b31-8c0f-9e83d6202da9,충청북도,의료급여
남자,충청북도,의료급여,등급외,31,2016,https://api.odcloud.kr/api/15072696/v1/uddi:b5b43d81-31d0-4b31-8c0f-9e83d6202da9,충청북도,의료급여
남자,충청북도,기초수급,1등급,100,2016,https://api.odcloud.kr/api/15072696/v1/uddi:b5b43d81-31d0-4b31-8c0f-9e83d6202da9,충청북도,기초수급
남자,충청북도,기초수급,2등급,124,2016,https://api.odcloud.kr/api/15072696/v1/uddi:b5b43d81-31d0-4b31-8c0f-9e83d6202da9,충청북도,기초수급
남자,충청북도,기초수급,3등급,288,2016,https://api.odcloud.kr/api/15072696/v1/uddi:b5b43d81-31d0-4b31-8c0f-9e83d6202da9,충청북도,기초수급
남자,충청북도,기초수급,4등급,290,2016,https://api.odcloud.kr/api/15072696/v1/uddi:b5b43d81-31d0-4b31-8c0f-9e83d6202da9,충청북도,기초수급
남자,충청북도,기초수급,5등급,28,2016,https://api.odcloud.kr/api/15072696/v1/uddi:b5b43d81-31d0-4b31-8c0f-9e83d6202da9,충청북도,기초수급
남자,충청북도,기초수급,등급외,474,2016,https://api.odcloud.kr/api/15072696/v1/uddi:b5b43d81-31d0-4b31-8c0f-9e83d6202da9,충청북도,기초수급
여자,충청북도,일반,1등급,716,2016,https://api.odcloud.kr/api/15072696/v1/uddi:b5b43d81-31d0-4b31-8c0f-9e83d6202da9,충청북도,일반
여자,충청북도,일반,2등급,1537,2016,https://api.odcloud.kr/api/15072696/v1/uddi:b5b43d81-31d0-4b31-8c0f-9e83d6202da9,충청북도,일반
여자,충청북도,일반,3등급,3104,2016,https://api.odcloud.kr/api/15072696/v1/uddi:b5b43d81-31d0-4b31-8c0f-9e83d6202da9,충청북도,일반
여자,충청북도,일반,4등급,2764,2016,https://api.odcloud.kr/api/15072696/v1/uddi:b5b43d81-31d0-4b31-8c0f-9e83d6202da9,충청북도,일반
여자,충청북도,일반,5등급,567,2016,https://api.odcloud.kr/api/15072696/v1/uddi:b5b43d81-31d0-4b31-8c0f-9e83d6202da9,충청북도,일반
여자,충청북도,일반,등급외,2579,2016,https://api.odcloud.kr/api/15072696/v1/uddi:b5b43d81-31d0-4b31-8c0f-9e83d6202da9,충청북도,일반
여자,충청북도,감경,1등급,215,2016,https://api.odcloud.kr/api/15072696/v1/uddi:b5b43d81-31d0-4b31-8c0f-9e83d6202da9,충청북도,경감
여자,충청북도,감경,2등급,553,2016,https://api.odcloud.kr/api/15072696/v1/uddi:b5b43d81-31d0-4b31-8c0f-9e83d6202da9,충청북도,경감
여자,충청북도,감경,3등급,1031,2016,https://api.odcloud.kr/api/15072696/v1/uddi:b5b43d81-31d0-4b31-8c0f-9e83d6202da9,충청북도,경감
여자,충청북도,감경,4등급,887,2016,https://api.odcloud.kr/api/15072696/v1/uddi:b5b43d81-31d0-4b31-8c0f-9e83d6202da9,충청북도,경감
여자,충청북도,감경,5등급,149,2016,https://api.odcloud.kr/api/15072696/v1/uddi:b5b43d81-31d0-4b31-8c0f-9e83d6202da9,충청북도,경감
여자,충청북도,감경,등급외,105,2016,https://api.odcloud.kr/api/15072696/v1/uddi:b5b43d81-31d0-4b31-8c0f-9e83d6202da9,충청북도,경감
여자,충청북도,의료급여,1등급,16,2016,https://api.odcloud.kr/api/15072696/v1/uddi:b5b43d81-31d0-4b31-8c0f-9e83d6202da9,충청북도,의료급여
여자,충청북도,의료급여,2등급,32,2016,https://api.odcloud.kr/api/15072696/v1/uddi:b5b43d81-31d0-4b31-8c0f-9e83d6202da9,충청북도,의료급여
여자,충청북도,의료급여,3등급,77,2016,https://api.odcloud.kr/api/15072696/v1/uddi:b5b43d81-31d0-4b31-8c0f-9e83d6202da9,충청북도,의료급여
여자,충청북도,의료급여,4등급,62,2016,https://api.odcloud.kr/api/15072696/v1/uddi:b5b43d81-31d0-4b31-8c0f-9e83d6202da9,충청북도,의료급여
여자,충청북도,의료급여,5등급,8,2016,https://api.odcloud.kr/api/15072696/v1/uddi:b5b43d81-31d0-4b31-8c0f-9e83d6202da9,충청북도,의료급여
여자,충청북도,의료급여,등급외,60,2016,https://api.odcloud.kr/api/15072696/v1/uddi:b5b43d81-31d0-4b31-8c0f-9e83d6202da9,충청북도,의료급여
여자,충청북도,기초수급,1등급,220,2016,https://api.odcloud.kr/api/15072696/v1/uddi:b5b43d81-31d0-4b31-8c0f-9e83d6202da9,충청북도,기초수급
여자,충청북도,기초수급,2등급,348,2016,https://api.odcloud.kr/api/15072696/v1/uddi:b5b43d81-31d0-4b31-8c0f-9e83d6202da9,충청북도,기초수급
여자,충청북도,기초수급,3등급,753,2016,https://api.odcloud.kr/api/15072696/v1/uddi:b5b43d81-31d0-4b31-8c0f-9e83d6202da9,충청북도,기초수급
여자,충청북도,기초수급,4등급,657,2016,https://api.odcloud.kr/api/15072696/v1/uddi:b5b43d81-31d0-4b31-8c0f-9e83d6202da9,충청북도,기초수급
여자,충청북도,기초수급,5등급,91,2016,https://api.odcloud.kr/api/15072696/v1/uddi:b5b43d81-31d0-4b31-8c0f-9e83d6202da9,충청북도,기초수급
여자,충청북도,기초수급,등급외,1090,2016,https://api.odcloud.kr/api/15072696/v1/uddi:b5b43d81-31d0-4b31-8c0f-9e83d6202da9,충청북도,기초수급
남자,충청남도,일반,1등급,396,2016,https://api.odcloud.kr/api/15072696/v1/uddi:b5b43d81-31d0-4b31-8c0f-9e83d6202da9,충청남도,일반
남자,충청남도,일반,2등급,851,2016,https://api.odcloud.kr/api/15072696/v1/uddi:b5b43d81-31d0-4b31-8c0f-9e83d6202da9,충청남도,일반
남자,충청남도,일반,3등급,1899,2016,https://api.odcloud.kr/api/15072696/v1/uddi:b5b43d81-31d0-4b31-8c0f-9e83d6202da9,충청남도,일반
남자,충청남도,일반,4등급,1947,2016,https://api.odcloud.kr/api/15072696/v1/uddi:b5b43d81-31d0-4b31-8c0f-9e83d6202da9,충청남도,일반
남자,충청남도,일반,5등급,345,2016,https://api.odcloud.kr/api/15072696/v1/uddi:b5b43d81-31d0-4b31-8c0f-9e83d6202da9,충청남도,일반
남자,충청남도,일반,등급외,2014,2016,https://api.odcloud.kr/api/15072696/v1/uddi:b5b43d81-31d0-4b31-8c0f-9e83d6202da9,충청남도,일반
남자,충청남도,감경,1등급,90,2016,https://api.odcloud.kr/api/15072696/v1/uddi:b5b43d81-31d0-4b31-8c0f-9e83d6202da9,충청남도,경감
남자,충청남도,감경,2등급,183,2016,https://api.odcloud.kr/api/15072696/v1/uddi:b5b43d81-31d0-4b31-8c0f-9e83d6202da9,충청남도,경감
남자,충청남도,감경,3등급,431,2016,https://api.odcloud.kr/api/15072696/v1/uddi:b5b43d81-31d0-4b31-8c0f-9e83d6202da9,충청남도,경감
남자,충청남도,감경,4등급,455,2016,https://api.odcloud.kr/api/15072696/v1/uddi:b5b43d81-31d0-4b31-8c0f-9e83d6202da9,충청남도,경감
남자,충청남도,감경,5등급,49,2016,https://api.odcloud.kr/api/15072696/v1/uddi:b5b43d81-31d0-4b31-8c0f-9e83d6202da9,충청남도,경감
남자,충청남도,감경,등급외,58,2016,https://api.odcloud.kr/api/15072696/v1/uddi:b5b43d81-31d0-4b31-8c0f-9e83d6202da9,충청남도,경감
남자,충청남도,의료급여,1등급,7,2016,https://api.odcloud.kr/api/15072696/v1/uddi:b5b43d81-31d0-4b31-8c0f-9e83d6202da9,충청남도,의료급여
남자,충청남도,의료급여,2등급,12,2016,https://api.odcloud.kr/api/15072696/v1/uddi:b5b43d81-31d0-4b31-8c0f-9e83d6202da9,충청남도,의료급여
남자,충청남도,의료급여,3등급,26,2016,https://api.odcloud.kr/api/15072696/v1/uddi:b5b43d81-31d0-4b31-8c0f-9e83d6202da9,충청남도,의료급여
남자,충청남도,의료급여,4등급,32,2016,https://api.odcloud.kr/api/15072696/v1/uddi:b5b43d81-31d0-4b31-8c0f-9e83d6202da9,충청남도,의료급여
남자,충청남도,의료급여,5등급,8,2016,https://api.odcloud.kr/api/15072696/v1/uddi:b5b43d81-31d0-4b31-8c0f-9e83d6202da9,충청남도,의료급여
남자,충청남도,의료급여,등급외,27,2016,https://api.odcloud.kr/api/15072696/v1/uddi:b5b43d81-31d0-4b31-8c0f-9e83d6202da9,충청남도,의료급여
남자,충청남도,기초수급,1등급,74,2016,https://api.odcloud.kr/api/15072696/v1/uddi:b5b43d81-31d0-4b31-8c0f-9e83d6202da9,충청남도,기초수급
남자,충청남도,기초수급,2등급,166,2016,https://api.odcloud.kr/api/15072696/v1/uddi:b5b43d81-31d0-4b31-8c0f-9e83d6202da9,충청남도,기초수급
남자,충청남도,기초수급,3등급,306,2016,https://api.odcloud.kr/api/15072696/v1/uddi:b5b43d81-31d0-4b31-8c0f-9e83d6202da9,충청남도,기초수급
남자,충청남도,기초수급,4등급,413,2016,https://api.odcloud.kr/api/15072696/v1/uddi:b5b43d81-31d0-4b31-8c0f-9e83d6202da9,충청남도,기초수급
남자,충청남도,기초수급,5등급,36,2016,https://api.odcloud.kr/api/15072696/v1/uddi:b5b43d81-31d0-4b31-8c0f-9e83d6202da9,충청남도,기초수급
남자,충청남도,기초수급,등급외,536,2016,https://api.odcloud.kr/api/15072696/v1/uddi:b5b43d81-31d0-4b31-8c0f-9e83d6202da9,충청남도,기초수급
여자,충청남도,일반,1등급,970,2016,https://api.odcloud.kr/api/15072696/v1/uddi:b5b43d81-31d0-4b31-8c0f-9e83d6202da9,충청남도,일반
여자,충청남도,일반,2등급,2057,2016,https://api.odcloud.kr/api/15072696/v1/uddi:b5b43d81-31d0-4b31-8c0f-9e83d6202da9,충청남도,일반
여자,충청남도,일반,3등급,4500,2016,https://api.odcloud.kr/api/15072696/v1/uddi:b5b43d81-31d0-4b31-8c0f-9e83d6202da9,충청남도,일반
여자,충청남도,일반,4등급,5066,2016,https://api.odcloud.kr/api/15072696/v1/uddi:b5b43d81-31d0-4b31-8c0f-9e83d6202da9,충청남도,일반
여자,충청남도,일반,5등급,971,2016,https://api.odcloud.kr/api/15072696/v1/uddi:b5b43d81-31d0-4b31-8c0f-9e83d6202da9,충청남도,일반
여자,충청남도,일반,등급외,4925,2016,https://api.odcloud.kr/api/15072696/v1/uddi:b5b43d81-31d0-4b31-8c0f-9e83d6202da9,충청남도,일반
여자,충청남도,감경,1등급,286,2016,https://api.odcloud.kr/api/15072696/v1/uddi:b5b43d81-31d0-4b31-8c0f-9e83d6202da9,충청남도,경감
여자,충청남도,감경,2등급,698,2016,https://api.odcloud.kr/api/15072696/v1/uddi:b5b43d81-31d0-4b31-8c0f-9e83d6202da9,충청남도,경감
여자,충청남도,감경,3등급,1588,2016,https://api.odcloud.kr/api/15072696/v1/uddi:b5b43d81-31d0-4b31-8c0f-9e83d6202da9,충청남도,경감
여자,충청남도,감경,4등급,1619,2016,https://api.odcloud.kr/api/15072696/v1/uddi:b5b43d81-31d0-4b31-8c0f-9e83d6202da9,충청남도,경감
여자,충청남도,감경,5등급,260,2016,https://api.odcloud.kr/api/15072696/v1/uddi:b5b43d81-31d0-4b31-8c0f-9e83d6202da9,충청남도,경감
여자,충청남도,감경,등급외,188,2016,https://api.odcloud.kr/api/15072696/v1/uddi:b5b43d81-31d0-4b31-8c0f-9e83d6202da9,충청남도,경감
여자,충청남도,의료급여,1등급,10,2016,https://api.odcloud.kr/api/15072696/v1/uddi:b5b43d81-31d0-4b31-8c0f-9e83d6202da9,충청남도,의료급여
여자,충청남도,의료급여,2등급,31,2016,https://api.odcloud.kr/api/15072696/v1/uddi:b5b43d81-31d0-4b31-8c0f-9e83d6202da9,충청남도,의료급여
여자,충청남도,의료급여,3등급,64,2016,https://api.odcloud.kr/api/15072696/v1/uddi:b5b43d81-31d0-4b31-8c0f-9e83d6202da9,충청남도,의료급여
여자,충청남도,의료급여,4등급,67,2016,https://api.odcloud.kr/api/15072696/v1/uddi:b5b43d81-31d0-4b31-8c0f-9e83d6202da9,충청남도,의료급여
여자,충청남도,의료급여,5등급,13,2016,https://api.odcloud.kr/api/15072696/v1/uddi:b5b43d81-31d0-4b31-8c0f-9e83d6202da9,충청남도,의료급여
여자,충청남도,의료급여,등급외,59,2016,https://api.odcloud.kr/api/15072696/v1/uddi:b5b43d81-31d0-4b31-8c0f-9e83d6202da9,충청남도,의료급여
여자,충청남도,기초수급,1등급,184,2016,https://api.odcloud.kr/api/15072696/v1/uddi:b5b43d81-31d0-4b31-8c0f-9e83d6202da9,충청남도,기초수급
여자,충청남도,기초수급,2등급,425,2016,https://api.odcloud.kr/api/15072696/v1/uddi:b5b43d81-31d0-4b31-8c0f-9e83d6202da9,충청남도,기초수급
여자,충청남도,기초수급,3등급,861,2016,https://api.odcloud.kr/api/15072696/v1/uddi:b5b43d81-31d0-4b31-8c0f-9e83d6202da9,충청남도,기초수급
여자,충청남도,기초수급,4등급,1050,2016,https://api.odcloud.kr/api/15072696/v1/uddi:b5b43d81-31d0-4b31-8c0f-9e83d6202da9,충청남도,기초수급
여자,충청남도,기초수급,5등급,141,2016,https://api.odcloud.kr/api/15072696/v1/uddi:b5b43d81-31d0-4b31-8c0f-9e83d6202da9,충청남도,기초수급
여자,충청남도,기초수급,등급외,1324,2016,https://api.odcloud.kr/api/15072696/v1/uddi:b5b43d81-31d0-4b31-8c0f-9e83d6202da9,충청남도,기초수급
남자,전북특별자치도,일반,1등급,245,2016,https://api.odcloud.kr/api/15072696/v1/uddi:b5b43d81-31d0-4b31-8c0f-9e83d6202da9,전라북도,일반
남자,전북특별자치도,일반,2등급,483,2016,https://api.odcloud.kr/api/15072696/v1/uddi:b5b43d81-31d0-4b31-8c0f-9e83d6202da9,전라북도,일반
남자,전북특별자치도,일반,3등급,1470,2016,https://api.odcloud.kr/api/15072696/v1/uddi:b5b43d81-31d0-4b31-8c0f-9e83d6202da9,전라북도,일반
남자,전북특별자치도,일반,4등급,1925,2016,https://api.odcloud.kr/api/15072696/v1/uddi:b5b43d81-31d0-4b31-8c0f-9e83d6202da9,전라북도,일반
남자,전북특별자치도,일반,5등급,343,2016,https://api.odcloud.kr/api/15072696/v1/uddi:b5b43d81-31d0-4b31-8c0f-9e83d6202da9,전라북도,일반
남자,전북특별자치도,일반,등급외,2168,2016,https://api.odcloud.kr/api/15072696/v1/uddi:b5b43d81-31d0-4b31-8c0f-9e83d6202da9,전라북도,일반
남자,전북특별자치도,감경,1등급,76,2016,https://api.odcloud.kr/api/15072696/v1/uddi:b5b43d81-31d0-4b31-8c0f-9e83d6202da9,전라북도,경감
남자,전북특별자치도,감경,2등급,128,2016,https://api.odcloud.kr/api/15072696/v1/uddi:b5b43d81-31d0-4b31-8c0f-9e83d6202da9,전라북도,경감
남자,전북특별자치도,감경,3등급,388,2016,https://api.odcloud.kr/api/15072696/v1/uddi:b5b43d81-31d0-4b31-8c0f-9e83d6202da9,전라북도,경감
남자,전북특별자치도,감경,4등급,569,2016,https://api.odcloud.kr/api/15072696/v1/uddi:b5b43d81-31d0-4b31-8c0f-9e83d6202da9,전라북도,경감
남자,전북특별자치도,감경,5등급,69,2016,https://api.odcloud.kr/api/15072696/v1/uddi:b5b43d81-31d0-4b31-8c0f-9e83d6202da9,전라북도,경감
남자,전북특별자치도,감경,등급외,155,2016,https://api.odcloud.kr/api/15072696/v1/uddi:b5b43d81-31d0-4b31-8c0f-9e83d6202da9,전라북도,경감
남자,전북특별자치도,의료급여,1등급,5,2016,https://api.odcloud.kr/api/15072696/v1/uddi:b5b43d81-31d0-4b31-8c0f-9e83d6202da9,전라북도,의료급여
남자,전북특별자치도,의료급여,2등급,11,2016,https://api.odcloud.kr/api/15072696/v1/uddi:b5b43d81-31d0-4b31-8c0f-9e83d6202da9,전라북도,의료급여
남자,전북특별자치도,의료급여,3등급,40,2016,https://api.odcloud.kr/api/15072696/v1/uddi:b5b43d81-31d0-4b31-8c0f-9e83d6202da9,전라북도,의료급여
남자,전북특별자치도,의료급여,4등급,59,2016,https://api.odcloud.kr/api/15072696/v1/uddi:b5b43d81-31d0-4b31-8c0f-9e83d6202da9,전라북도,의료급여
남자,전북특별자치도,의료급여,5등급,16,2016,https://api.odcloud.kr/api/15072696/v1/uddi:b5b43d81-31d0-4b31-8c0f-9e83d6202da9,전라북도,의료급여
남자,전북특별자치도,의료급여,등급외,51,2016,https://api.odcloud.kr/api/15072696/v1/uddi:b5b43d81-31d0-4b31-8c0f-9e83d6202da9,전라북도,의료급여
남자,전북특별자치도,기초수급,1등급,54,2016,https://api.odcloud.kr/api/15072696/v1/uddi:b5b43d81-31d0-4b31-8c0f-9e83d6202da9,전라북도,기초수급
남자,전북특별자치도,기초수급,2등급,125,2016,https://api.odcloud.kr/api/15072696/v1/uddi:b5b43d81-31d0-4b31-8c0f-9e83d6202da9,전라북도,기초수급
남자,전북특별자치도,기초수급,3등급,408,2016,https://api.odcloud.kr/api/15072696/v1/uddi:b5b43d81-31d0-4b31-8c0f-9e83d6202da9,전라북도,기초수급
남자,전북특별자치도,기초수급,4등급,602,2016,https://api.odcloud.kr/api/15072696/v1/uddi:b5b43d81-31d0-4b31-8c0f-9e83d6202da9,전라북도,기초수급
남자,전북특별자치도,기초수급,5등급,67,2016,https://api.odcloud.kr/api/15072696/v1/uddi:b5b43d81-31d0-4b31-8c0f-9e83d6202da9,전라북도,기초수급
남자,전북특별자치도,기초수급,등급외,1362,2016,https://api.odcloud.kr/api/15072696/v1/uddi:b5b43d81-31d0-4b31-8c0f-9e83d6202da9,전라북도,기초수급
여자,전북특별자치도,일반,1등급,639,2016,https://api.odcloud.kr/api/15072696/v1/uddi:b5b43d81-31d0-4b31-8c0f-9e83d6202da9,전라북도,일반
여자,전북특별자치도,일반,2등급,1254,2016,https://api.odcloud.kr/api/15072696/v1/uddi:b5b43d81-31d0-4b31-8c0f-9e83d6202da9,전라북도,일반
여자,전북특별자치도,일반,3등급,3594,2016,https://api.odcloud.kr/api/15072696/v1/uddi:b5b43d81-31d0-4b31-8c0f-9e83d6202da9,전라북도,일반
여자,전북특별자치도,일반,4등급,5508,2016,https://api.odcloud.kr/api/15072696/v1/uddi:b5b43d81-31d0-4b31-8c0f-9e83d6202da9,전라북도,일반
여자,전북특별자치도,일반,5등급,999,2016,https://api.odcloud.kr/api/15072696/v1/uddi:b5b43d81-31d0-4b31-8c0f-9e83d6202da9,전라북도,일반
여자,전북특별자치도,일반,등급외,6929,2016,https://api.odcloud.kr/api/15072696/v1/uddi:b5b43d81-31d0-4b31-8c0f-9e83d6202da9,전라북도,일반
여자,전북특별자치도,감경,1등급,204,2016,https://api.odcloud.kr/api/15072696/v1/uddi:b5b43d81-31d0-4b31-8c0f-9e83d6202da9,전라북도,경감
여자,전북특별자치도,감경,2등급,511,2016,https://api.odcloud.kr/api/15072696/v1/uddi:b5b43d81-31d0-4b31-8c0f-9e83d6202da9,전라북도,경감
여자,전북특별자치도,감경,3등급,1484,2016,https://api.odcloud.kr/api/15072696/v1/uddi:b5b43d81-31d0-4b31-8c0f-9e83d6202da9,전라북도,경감
여자,전북특별자치도,감경,4등급,2108,2016,https://api.odcloud.kr/api/15072696/v1/uddi:b5b43d81-31d0-4b31-8c0f-9e83d6202da9,전라북도,경감
여자,전북특별자치도,감경,5등급,301,2016,https://api.odcloud.kr/api/15072696/v1/uddi:b5b43d81-31d0-4b31-8c0f-9e83d6202da9,전라북도,경감
여자,전북특별자치도,감경,등급외,782,2016,https://api.odcloud.kr/api/15072696/v1/uddi:b5b43d81-31d0-4b31-8c0f-9e83d6202da9,전라북도,경감
여자,전북특별자치도,의료급여,1등급,22,2016,https://api.odcloud.kr/api/15072696/v1/uddi:b5b43d81-31d0-4b31-8c0f-9e83d6202da9,전라북도,의료급여
여자,전북특별자치도,의료급여,2등급,28,2016,https://api.odcloud.kr/api/15072696/v1/uddi:b5b43d81-31d0-4b31-8c0f-9e83d6202da9,전라북도,의료급여
여자,전북특별자치도,의료급여,3등급,75,2016,https://api.odcloud.kr/api/15072696/v1/uddi:b5b43d81-31d0-4b31-8c0f-9e83d6202da9,전라북도,의료급여
여자,전북특별자치도,의료급여,4등급,92,2016,https://api.odcloud.kr/api/15072696/v1/uddi:b5b43d81-31d0-4b31-8c0f-9e83d6202da9,전라북도,의료급여
여자,전북특별자치도,의료급여,5등급,27,2016,https://api.odcloud.kr/api/15072696/v1/uddi:b5b43d81-31d0-4b31-8c0f-9e83d6202da9,전라북도,의료급여
여자,전북특별자치도,의료급여,등급외,162,2016,https://api.odcloud.kr/api/15072696/v1/uddi:b5b43d81-31d0-4b31-8c0f-9e83d6202da9,전라북도,의료급여
여자,전북특별자치도,기초수급,1등급,198,2016,https://api.odcloud.kr/api/15072696/v1/uddi:b5b43d81-31d0-4b31-8c0f-9e83d6202da9,전라북도,기초수급
여자,전북특별자치도,기초수급,2등급,395,2016,https://api.odcloud.kr/api/15072696/v1/uddi:b5b43d81-31d0-4b31-8c0f-9e83d6202da9,전라북도,기초수급
여자,전북특별자치도,기초수급,3등급,1138,2016,https://api.odcloud.kr/api/15072696/v1/uddi:b5b43d81-31d0-4b31-8c0f-9e83d6202da9,전라북도,기초수급
여자,전북특별자치도,기초수급,4등급,1748,2016,https://api.odcloud.kr/api/15072696/v1/uddi:b5b43d81-31d0-4b31-8c0f-9e83d6202da9,전라북도,기초수급
여자,전북특별자치도,기초수급,5등급,217,2016,https://api.odcloud.kr/api/15072696/v1/uddi:b5b43d81-31d0-4b31-8c0f-9e83d6202da9,전라북도,기초수급
여자,전북특별자치도,기초수급,등급외,3833,2016,https://api.odcloud.kr/api/15072696/v1/uddi:b5b43d81-31d0-4b31-8c0f-9e83d6202da9,전라북도,기초수급
남자,전라남도,일반,1등급,276,2016,https://api.odcloud.kr/api/15072696/v1/uddi:b5b43d81-31d0-4b31-8c0f-9e83d6202da9,전라남도,일반
남자,전라남도,일반,2등급,718,2016,https://api.odcloud.kr/api/15072696/v1/uddi:b5b43d81-31d0-4b31-8c0f-9e83d6202da9,전라남도,일반
남자,전라남도,일반,3등급,1815,2016,https://api.odcloud.kr/api/15072696/v1/uddi:b5b43d81-31d0-4b31-8c0f-9e83d6202da9,전라남도,일반
남자,전라남도,일반,4등급,2021,2016,https://api.odcloud.kr/api/15072696/v1/uddi:b5b43d81-31d0-4b31-8c0f-9e83d6202da9,전라남도,일반
남자,전라남도,일반,5등급,285,2016,https://api.odcloud.kr/api/15072696/v1/uddi:b5b43d81-31d0-4b31-8c0f-9e83d6202da9,전라남도,일반
남자,전라남도,일반,등급외,2520,2016,https://api.odcloud.kr/api/15072696/v1/uddi:b5b43d81-31d0-4b31-8c0f-9e83d6202da9,전라남도,일반
남자,전라남도,감경,1등급,93,2016,https://api.odcloud.kr/api/15072696/v1/uddi:b5b43d81-31d0-4b31-8c0f-9e83d6202da9,전라남도,경감
남자,전라남도,감경,2등급,175,2016,https://api.odcloud.kr/api/15072696/v1/uddi:b5b43d81-31d0-4b31-8c0f-9e83d6202da9,전라남도,경감
남자,전라남도,감경,3등급,503,2016,https://api.odcloud.kr/api/15072696/v1/uddi:b5b43d81-31d0-4b31-8c0f-9e83d6202da9,전라남도,경감
남자,전라남도,감경,4등급,581,2016,https://api.odcloud.kr/api/15072696/v1/uddi:b5b43d81-31d0-4b31-8c0f-9e83d6202da9,전라남도,경감
남자,전라남도,감경,5등급,57,2016,https://api.odcloud.kr/api/15072696/v1/uddi:b5b43d81-31d0-4b31-8c0f-9e83d6202da9,전라남도,경감
남자,전라남도,감경,등급외,135,2016,https://api.odcloud.kr/api/15072696/v1/uddi:b5b43d81-31d0-4b31-8c0f-9e83d6202da9,전라남도,경감
남자,전라남도,의료급여,1등급,6,2016,https://api.odcloud.kr/api/15072696/v1/uddi:b5b43d81-31d0-4b31-8c0f-9e83d6202da9,전라남도,의료급여
남자,전라남도,의료급여,2등급,17,2016,https://api.odcloud.kr/api/15072696/v1/uddi:b5b43d81-31d0-4b31-8c0f-9e83d6202da9,전라남도,의료급여
남자,전라남도,의료급여,3등급,47,2016,https://api.odcloud.kr/api/15072696/v1/uddi:b5b43d81-31d0-4b31-8c0f-9e83d6202da9,전라남도,의료급여
남자,전라남도,의료급여,4등급,53,2016,https://api.odcloud.kr/api/15072696/v1/uddi:b5b43d81-31d0-4b31-8c0f-9e83d6202da9,전라남도,의료급여
남자,전라남도,의료급여,5등급,5,2016,https://api.odcloud.kr/api/15072696/v1/uddi:b5b43d81-31d0-4b31-8c0f-9e83d6202da9,전라남도,의료급여
남자,전라남도,의료급여,등급외,57,2016,https://api.odcloud.kr/api/15072696/v1/uddi:b5b43d81-31d0-4b31-8c0f-9e83d6202da9,전라남도,의료급여
남자,전라남도,기초수급,1등급,83,2016,https://api.odcloud.kr/api/15072696/v1/uddi:b5b43d81-31d0-4b31-8c0f-9e83d6202da9,전라남도,기초수급
남자,전라남도,기초수급,2등급,151,2016,https://api.odcloud.kr/api/15072696/v1/uddi:b5b43d81-31d0-4b31-8c0f-9e83d6202da9,전라남도,기초수급
남자,전라남도,기초수급,3등급,393,2016,https://api.odcloud.kr/api/15072696/v1/uddi:b5b43d81-31d0-4b31-8c0f-9e83d6202da9,전라남도,기초수급
남자,전라남도,기초수급,4등급,523,2016,https://api.odcloud.kr/api/15072696/v1/uddi:b5b43d81-31d0-4b31-8c0f-9e83d6202da9,전라남도,기초수급
남자,전라남도,기초수급,5등급,54,2016,https://api.odcloud.kr/api/15072696/v1/uddi:b5b43d81-31d0-4b31-8c0f-9e83d6202da9,전라남도,기초수급
남자,전라남도,기초수급,등급외,795,2016,https://api.odcloud.kr/api/15072696/v1/uddi:b5b43d81-31d0-4b31-8c0f-9e83d6202da9,전라남도,기초수급
여자,전라남도,일반,1등급,699,2016,https://api.odcloud.kr/api/15072696/v1/uddi:b5b43d81-31d0-4b31-8c0f-9e83d6202da9,전라남도,일반
여자,전라남도,일반,2등급,1832,2016,https://api.odcloud.kr/api/15072696/v1/uddi:b5b43d81-31d0-4b31-8c0f-9e83d6202da9,전라남도,일반
여자,전라남도,일반,3등급,4143,2016,https://api.odcloud.kr/api/15072696/v1/uddi:b5b43d81-31d0-4b31-8c0f-9e83d6202da9,전라남도,일반
여자,전라남도,일반,4등급,6555,2016,https://api.odcloud.kr/api/15072696/v1/uddi:b5b43d81-31d0-4b31-8c0f-9e83d6202da9,전라남도,일반
여자,전라남도,일반,5등급,879,2016,https://api.odcloud.kr/api/15072696/v1/uddi:b5b43d81-31d0-4b31-8c0f-9e83d6202da9,전라남도,일반
여자,전라남도,일반,등급외,8591,2016,https://api.odcloud.kr/api/15072696/v1/uddi:b5b43d81-31d0-4b31-8c0f-9e83d6202da9,전라남도,일반
여자,전라남도,감경,1등급,315,2016,https://api.odcloud.kr/api/15072696/v1/uddi:b5b43d81-31d0-4b31-8c0f-9e83d6202da9,전라남도,경감
여자,전라남도,감경,2등급,806,2016,https://api.odcloud.kr/api/15072696/v1/uddi:b5b43d81-31d0-4b31-8c0f-9e83d6202da9,전라남도,경감
여자,전라남도,감경,3등급,1945,2016,https://api.odcloud.kr/api/15072696/v1/uddi:b5b43d81-31d0-4b31-8c0f-9e83d6202da9,전라남도,경감
여자,전라남도,감경,4등급,2838,2016,https://api.odcloud.kr/api/15072696/v1/uddi:b5b43d81-31d0-4b31-8c0f-9e83d6202da9,전라남도,경감
여자,전라남도,감경,5등급,300,2016,https://api.odcloud.kr/api/15072696/v1/uddi:b5b43d81-31d0-4b31-8c0f-9e83d6202da9,전라남도,경감
여자,전라남도,감경,등급외,691,2016,https://api.odcloud.kr/api/15072696/v1/uddi:b5b43d81-31d0-4b31-8c0f-9e83d6202da9,전라남도,경감
여자,전라남도,의료급여,1등급,24,2016,https://api.odcloud.kr/api/15072696/v1/uddi:b5b43d81-31d0-4b31-8c0f-9e83d6202da9,전라남도,의료급여
여자,전라남도,의료급여,2등급,43,2016,https://api.odcloud.kr/api/15072696/v1/uddi:b5b43d81-31d0-4b31-8c0f-9e83d6202da9,전라남도,의료급여
여자,전라남도,의료급여,3등급,105,2016,https://api.odcloud.kr/api/15072696/v1/uddi:b5b43d81-31d0-4b31-8c0f-9e83d6202da9,전라남도,의료급여
여자,전라남도,의료급여,4등급,165,2016,https://api.odcloud.kr/api/15072696/v1/uddi:b5b43d81-31d0-4b31-8c0f-9e83d6202da9,전라남도,의료급여
여자,전라남도,의료급여,5등급,27,2016,https://api.odcloud.kr/api/15072696/v1/uddi:b5b43d81-31d0-4b31-8c0f-9e83d6202da9,전라남도,의료급여
여자,전라남도,의료급여,등급외,193,2016,https://api.odcloud.kr/api/15072696/v1/uddi:b5b43d81-31d0-4b31-8c0f-9e83d6202da9,전라남도,의료급여
여자,전라남도,기초수급,1등급,209,2016,https://api.odcloud.kr/api/15072696/v1/uddi:b5b43d81-31d0-4b31-8c0f-9e83d6202da9,전라남도,기초수급
여자,전라남도,기초수급,2등급,531,2016,https://api.odcloud.kr/api/15072696/v1/uddi:b5b43d81-31d0-4b31-8c0f-9e83d6202da9,전라남도,기초수급
여자,전라남도,기초수급,3등급,1139,2016,https://api.odcloud.kr/api/15072696/v1/uddi:b5b43d81-31d0-4b31-8c0f-9e83d6202da9,전라남도,기초수급
여자,전라남도,기초수급,4등급,1848,2016,https://api.odcloud.kr/api/15072696/v1/uddi:b5b43d81-31d0-4b31-8c0f-9e83d6202da9,전라남도,기초수급
여자,전라남도,기초수급,5등급,193,2016,https://api.odcloud.kr/api/15072696/v1/uddi:b5b43d81-31d0-4b31-8c0f-9e83d6202da9,전라남도,기초수급
여자,전라남도,기초수급,등급외,2890,2016,https://api.odcloud.kr/api/15072696/v1/uddi:b5b43d81-31d0-4b31-8c0f-9e83d6202da9,전라남도,기초수급
남자,경상북도,일반,1등급,434,2016,https://api.odcloud.kr/api/15072696/v1/uddi:b5b43d81-31d0-4b31-8c0f-9e83d6202da9,경상북도,일반
남자,경상북도,일반,2등급,958,2016,https://api.odcloud.kr/api/15072696/v1/uddi:b5b43d81-31d0-4b31-8c0f-9e83d6202da9,경상북도,일반
남자,경상북도,일반,3등급,2613,2016,https://api.odcloud.kr/api/15072696/v1/uddi:b5b43d81-31d0-4b31-8c0f-9e83d6202da9,경상북도,일반
남자,경상북도,일반,4등급,2487,2016,https://api.odcloud.kr/api/15072696/v1/uddi:b5b43d81-31d0-4b31-8c0f-9e83d6202da9,경상북도,일반
남자,경상북도,일반,5등급,385,2016,https://api.odcloud.kr/api/15072696/v1/uddi:b5b43d81-31d0-4b31-8c0f-9e83d6202da9,경상북도,일반
남자,경상북도,일반,등급외,2540,2016,https://api.odcloud.kr/api/15072696/v1/uddi:b5b43d81-31d0-4b31-8c0f-9e83d6202da9,경상북도,일반
남자,경상북도,감경,1등급,95,2016,https://api.odcloud.kr/api/15072696/v1/uddi:b5b43d81-31d0-4b31-8c0f-9e83d6202da9,경상북도,경감
남자,경상북도,감경,2등급,243,2016,https://api.odcloud.kr/api/15072696/v1/uddi:b5b43d81-31d0-4b31-8c0f-9e83d6202da9,경상북도,경감
남자,경상북도,감경,3등급,642,2016,https://api.odcloud.kr/api/15072696/v1/uddi:b5b43d81-31d0-4b31-8c0f-9e83d6202da9,경상북도,경감
남자,경상북도,감경,4등급,580,2016,https://api.odcloud.kr/api/15072696/v1/uddi:b5b43d81-31d0-4b31-8c0f-9e83d6202da9,경상북도,경감
남자,경상북도,감경,5등급,66,2016,https://api.odcloud.kr/api/15072696/v1/uddi:b5b43d81-31d0-4b31-8c0f-9e83d6202da9,경상북도,경감
남자,경상북도,감경,등급외,85,2016,https://api.odcloud.kr/api/15072696/v1/uddi:b5b43d81-31d0-4b31-8c0f-9e83d6202da9,경상북도,경감
남자,경상북도,의료급여,1등급,5,2016,https://api.odcloud.kr/api/15072696/v1/uddi:b5b43d81-31d0-4b31-8c0f-9e83d6202da9,경상북도,의료급여
남자,경상북도,의료급여,2등급,8,2016,https://api.odcloud.kr/api/15072696/v1/uddi:b5b43d81-31d0-4b31-8c0f-9e83d6202da9,경상북도,의료급여
남자,경상북도,의료급여,3등급,44,2016,https://api.odcloud.kr/api/15072696/v1/uddi:b5b43d81-31d0-4b31-8c0f-9e83d6202da9,경상북도,의료급여
남자,경상북도,의료급여,4등급,41,2016,https://api.odcloud.kr/api/15072696/v1/uddi:b5b43d81-31d0-4b31-8c0f-9e83d6202da9,경상북도,의료급여
남자,경상북도,의료급여,5등급,9,2016,https://api.odcloud.kr/api/15072696/v1/uddi:b5b43d81-31d0-4b31-8c0f-9e83d6202da9,경상북도,의료급여
남자,경상북도,의료급여,등급외,49,2016,https://api.odcloud.kr/api/15072696/v1/uddi:b5b43d81-31d0-4b31-8c0f-9e83d6202da9,경상북도,의료급여
남자,경상북도,기초수급,1등급,110,2016,https://api.odcloud.kr/api/15072696/v1/uddi:b5b43d81-31d0-4b31-8c0f-9e83d6202da9,경상북도,기초수급
남자,경상북도,기초수급,2등급,205,2016,https://api.odcloud.kr/api/15072696/v1/uddi:b5b43d81-31d0-4b31-8c0f-9e83d6202da9,경상북도,기초수급
남자,경상북도,기초수급,3등급,554,2016,https://api.odcloud.kr/api/15072696/v1/uddi:b5b43d81-31d0-4b31-8c0f-9e83d6202da9,경상북도,기초수급
남자,경상북도,기초수급,4등급,625,2016,https://api.odcloud.kr/api/15072696/v1/uddi:b5b43d81-31d0-4b31-8c0f-9e83d6202da9,경상북도,기초수급
남자,경상북도,기초수급,5등급,45,2016,https://api.odcloud.kr/api/15072696/v1/uddi:b5b43d81-31d0-4b31-8c0f-9e83d6202da9,경상북도,기초수급
남자,경상북도,기초수급,등급외,962,2016,https://api.odcloud.kr/api/15072696/v1/uddi:b5b43d81-31d0-4b31-8c0f-9e83d6202da9,경상북도,기초수급
여자,경상북도,일반,1등급,1039,2016,https://api.odcloud.kr/api/15072696/v1/uddi:b5b43d81-31d0-4b31-8c0f-9e83d6202da9,경상북도,일반
여자,경상북도,일반,2등급,2138,2016,https://api.odcloud.kr/api/15072696/v1/uddi:b5b43d81-31d0-4b31-8c0f-9e83d6202da9,경상북도,일반
여자,경상북도,일반,3등급,6032,2016,https://api.odcloud.kr/api/15072696/v1/uddi:b5b43d81-31d0-4b31-8c0f-9e83d6202da9,경상북도,일반
여자,경상북도,일반,4등급,7198,2016,https://api.odcloud.kr/api/15072696/v1/uddi:b5b43d81-31d0-4b31-8c0f-9e83d6202da9,경상북도,일반
여자,경상북도,일반,5등급,1288,2016,https://api.odcloud.kr/api/15072696/v1/uddi:b5b43d81-31d0-4b31-8c0f-9e83d6202da9,경상북도,일반
여자,경상북도,일반,등급외,7245,2016,https://api.odcloud.kr/api/15072696/v1/uddi:b5b43d81-31d0-4b31-8c0f-9e83d6202da9,경상북도,일반
여자,경상북도,감경,1등급,346,2016,https://api.odcloud.kr/api/15072696/v1/uddi:b5b43d81-31d0-4b31-8c0f-9e83d6202da9,경상북도,경감
여자,경상북도,감경,2등급,833,2016,https://api.odcloud.kr/api/15072696/v1/uddi:b5b43d81-31d0-4b31-8c0f-9e83d6202da9,경상북도,경감
여자,경상북도,감경,3등급,2239,2016,https://api.odcloud.kr/api/15072696/v1/uddi:b5b43d81-31d0-4b31-8c0f-9e83d6202da9,경상북도,경감
여자,경상북도,감경,4등급,2368,2016,https://api.odcloud.kr/api/15072696/v1/uddi:b5b43d81-31d0-4b31-8c0f-9e83d6202da9,경상북도,경감
여자,경상북도,감경,5등급,355,2016,https://api.odcloud.kr/api/15072696/v1/uddi:b5b43d81-31d0-4b31-8c0f-9e83d6202da9,경상북도,경감
여자,경상북도,감경,등급외,375,2016,https://api.odcloud.kr/api/15072696/v1/uddi:b5b43d81-31d0-4b31-8c0f-9e83d6202da9,경상북도,경감
여자,경상북도,의료급여,1등급,18,2016,https://api.odcloud.kr/api/15072696/v1/uddi:b5b43d81-31d0-4b31-8c0f-9e83d6202da9,경상북도,의료급여
여자,경상북도,의료급여,2등급,31,2016,https://api.odcloud.kr/api/15072696/v1/uddi:b5b43d81-31d0-4b31-8c0f-9e83d6202da9,경상북도,의료급여
여자,경상북도,의료급여,3등급,85,2016,https://api.odcloud.kr/api/15072696/v1/uddi:b5b43d81-31d0-4b31-8c0f-9e83d6202da9,경상북도,의료급여
여자,경상북도,의료급여,4등급,141,2016,https://api.odcloud.kr/api/15072696/v1/uddi:b5b43d81-31d0-4b31-8c0f-9e83d6202da9,경상북도,의료급여
여자,경상북도,의료급여,5등급,19,2016,https://api.odcloud.kr/api/15072696/v1/uddi:b5b43d81-31d0-4b31-8c0f-9e83d6202da9,경상북도,의료급여
여자,경상북도,의료급여,등급외,135,2016,https://api.odcloud.kr/api/15072696/v1/uddi:b5b43d81-31d0-4b31-8c0f-9e83d6202da9,경상북도,의료급여
여자,경상북도,기초수급,1등급,337,2016,https://api.odcloud.kr/api/15072696/v1/uddi:b5b43d81-31d0-4b31-8c0f-9e83d6202da9,경상북도,기초수급
여자,경상북도,기초수급,2등급,605,2016,https://api.odcloud.kr/api/15072696/v1/uddi:b5b43d81-31d0-4b31-8c0f-9e83d6202da9,경상북도,기초수급
여자,경상북도,기초수급,3등급,1446,2016,https://api.odcloud.kr/api/15072696/v1/uddi:b5b43d81-31d0-4b31-8c0f-9e83d6202da9,경상북도,기초수급
여자,경상북도,기초수급,4등급,1924,2016,https://api.odcloud.kr/api/15072696/v1/uddi:b5b43d81-31d0-4b31-8c0f-9e83d6202da9,경상북도,기초수급
여자,경상북도,기초수급,5등급,210,2016,https://api.odcloud.kr/api/15072696/v1/uddi:b5b43d81-31d0-4b31-8c0f-9e83d6202da9,경상북도,기초수급
여자,경상북도,기초수급,등급외,2831,2016,https://api.odcloud.kr/api/15072696/v1/uddi:b5b43d81-31d0-4b31-8c0f-9e83d6202da9,경상북도,기초수급
남자,경상남도,일반,1등급,385,2016,https://api.odcloud.kr/api/15072696/v1/uddi:b5b43d81-31d0-4b31-8c0f-9e83d6202da9,경상남도,일반
남자,경상남도,일반,2등급,794,2016,https://api.odcloud.kr/api/15072696/v1/uddi:b5b43d81-31d0-4b31-8c0f-9e83d6202da9,경상남도,일반
남자,경상남도,일반,3등급,2174,2016,https://api.odcloud.kr/api/15072696/v1/uddi:b5b43d81-31d0-4b31-8c0f-9e83d6202da9,경상남도,일반
남자,경상남도,일반,4등급,2303,2016,https://api.odcloud.kr/api/15072696/v1/uddi:b5b43d81-31d0-4b31-8c0f-9e83d6202da9,경상남도,일반
남자,경상남도,일반,5등급,321,2016,https://api.odcloud.kr/api/15072696/v1/uddi:b5b43d81-31d0-4b31-8c0f-9e83d6202da9,경상남도,일반
남자,경상남도,일반,등급외,2553,2016,https://api.odcloud.kr/api/15072696/v1/uddi:b5b43d81-31d0-4b31-8c0f-9e83d6202da9,경상남도,일반
남자,경상남도,감경,1등급,81,2016,https://api.odcloud.kr/api/15072696/v1/uddi:b5b43d81-31d0-4b31-8c0f-9e83d6202da9,경상남도,경감
남자,경상남도,감경,2등급,146,2016,https://api.odcloud.kr/api/15072696/v1/uddi:b5b43d81-31d0-4b31-8c0f-9e83d6202da9,경상남도,경감
남자,경상남도,감경,3등급,502,2016,https://api.odcloud.kr/api/15072696/v1/uddi:b5b43d81-31d0-4b31-8c0f-9e83d6202da9,경상남도,경감
남자,경상남도,감경,4등급,488,2016,https://api.odcloud.kr/api/15072696/v1/uddi:b5b43d81-31d0-4b31-8c0f-9e83d6202da9,경상남도,경감
남자,경상남도,감경,5등급,53,2016,https://api.odcloud.kr/api/15072696/v1/uddi:b5b43d81-31d0-4b31-8c0f-9e83d6202da9,경상남도,경감
남자,경상남도,감경,등급외,85,2016,https://api.odcloud.kr/api/15072696/v1/uddi:b5b43d81-31d0-4b31-8c0f-9e83d6202da9,경상남도,경감
남자,경상남도,의료급여,1등급,4,2016,https://api.odcloud.kr/api/15072696/v1/uddi:b5b43d81-31d0-4b31-8c0f-9e83d6202da9,경상남도,의료급여
남자,경상남도,의료급여,2등급,16,2016,https://api.odcloud.kr/api/15072696/v1/uddi:b5b43d81-31d0-4b31-8c0f-9e83d6202da9,경상남도,의료급여
남자,경상남도,의료급여,3등급,31,2016,https://api.odcloud.kr/api/15072696/v1/uddi:b5b43d81-31d0-4b31-8c0f-9e83d6202da9,경상남도,의료급여
남자,경상남도,의료급여,4등급,34,2016,https://api.odcloud.kr/api/15072696/v1/uddi:b5b43d81-31d0-4b31-8c0f-9e83d6202da9,경상남도,의료급여
남자,경상남도,의료급여,5등급,4,2016,https://api.odcloud.kr/api/15072696/v1/uddi:b5b43d81-31d0-4b31-8c0f-9e83d6202da9,경상남도,의료급여
남자,경상남도,의료급여,등급외,38,2016,https://api.odcloud.kr/api/15072696/v1/uddi:b5b43d81-31d0-4b31-8c0f-9e83d6202da9,경상남도,의료급여
남자,경상남도,기초수급,1등급,78,2016,https://api.odcloud.kr/api/15072696/v1/uddi:b5b43d81-31d0-4b31-8c0f-9e83d6202da9,경상남도,기초수급
남자,경상남도,기초수급,2등급,132,2016,https://api.odcloud.kr/api/15072696/v1/uddi:b5b43d81-31d0-4b31-8c0f-9e83d6202da9,경상남도,기초수급
남자,경상남도,기초수급,3등급,397,2016,https://api.odcloud.kr/api/15072696/v1/uddi:b5b43d81-31d0-4b31-8c0f-9e83d6202da9,경상남도,기초수급
남자,경상남도,기초수급,4등급,508,2016,https://api.odcloud.kr/api/15072696/v1/uddi:b5b43d81-31d0-4b31-8c0f-9e83d6202da9,경상남도,기초수급
남자,경상남도,기초수급,5등급,28,2016,https://api.odcloud.kr/api/15072696/v1/uddi:b5b43d81-31d0-4b31-8c0f-9e83d6202da9,경상남도,기초수급
남자,경상남도,기초수급,등급외,922,2016,https://api.odcloud.kr/api/15072696/v1/uddi:b5b43d81-31d0-4b31-8c0f-9e83d6202da9,경상남도,기초수급
여자,경상남도,일반,1등급,1035,2016,https://api.odcloud.kr/api/15072696/v1/uddi:b5b43d81-31d0-4b31-8c0f-9e83d6202da9,경상남도,일반
여자,경상남도,일반,2등급,2174,2016,https://api.odcloud.kr/api/15072696/v1/uddi:b5b43d81-31d0-4b31-8c0f-9e83d6202da9,경상남도,일반
여자,경상남도,일반,3등급,5326,2016,https://api.odcloud.kr/api/15072696/v1/uddi:b5b43d81-31d0-4b31-8c0f-9e83d6202da9,경상남도,일반
여자,경상남도,일반,4등급,7169,2016,https://api.odcloud.kr/api/15072696/v1/uddi:b5b43d81-31d0-4b31-8c0f-9e83d6202da9,경상남도,일반
여자,경상남도,일반,5등급,1073,2016,https://api.odcloud.kr/api/15072696/v1/uddi:b5b43d81-31d0-4b31-8c0f-9e83d6202da9,경상남도,일반
여자,경상남도,일반,등급외,8131,2016,https://api.odcloud.kr/api/15072696/v1/uddi:b5b43d81-31d0-4b31-8c0f-9e83d6202da9,경상남도,일반
여자,경상남도,감경,1등급,266,2016,https://api.odcloud.kr/api/15072696/v1/uddi:b5b43d81-31d0-4b31-8c0f-9e83d6202da9,경상남도,경감
여자,경상남도,감경,2등급,668,2016,https://api.odcloud.kr/api/15072696/v1/uddi:b5b43d81-31d0-4b31-8c0f-9e83d6202da9,경상남도,경감
여자,경상남도,감경,3등급,1758,2016,https://api.odcloud.kr/api/15072696/v1/uddi:b5b43d81-31d0-4b31-8c0f-9e83d6202da9,경상남도,경감
여자,경상남도,감경,4등급,2208,2016,https://api.odcloud.kr/api/15072696/v1/uddi:b5b43d81-31d0-4b31-8c0f-9e83d6202da9,경상남도,경감
여자,경상남도,감경,5등급,307,2016,https://api.odcloud.kr/api/15072696/v1/uddi:b5b43d81-31d0-4b31-8c0f-9e83d6202da9,경상남도,경감
여자,경상남도,감경,등급외,335,2016,https://api.odcloud.kr/api/15072696/v1/uddi:b5b43d81-31d0-4b31-8c0f-9e83d6202da9,경상남도,경감
여자,경상남도,의료급여,1등급,13,2016,https://api.odcloud.kr/api/15072696/v1/uddi:b5b43d81-31d0-4b31-8c0f-9e83d6202da9,경상남도,의료급여
여자,경상남도,의료급여,2등급,35,2016,https://api.odcloud.kr/api/15072696/v1/uddi:b5b43d81-31d0-4b31-8c0f-9e83d6202da9,경상남도,의료급여
여자,경상남도,의료급여,3등급,110,2016,https://api.odcloud.kr/api/15072696/v1/uddi:b5b43d81-31d0-4b31-8c0f-9e83d6202da9,경상남도,의료급여
여자,경상남도,의료급여,4등급,119,2016,https://api.odcloud.kr/api/15072696/v1/uddi:b5b43d81-31d0-4b31-8c0f-9e83d6202da9,경상남도,의료급여
여자,경상남도,의료급여,5등급,17,2016,https://api.odcloud.kr/api/15072696/v1/uddi:b5b43d81-31d0-4b31-8c0f-9e83d6202da9,경상남도,의료급여
여자,경상남도,의료급여,등급외,159,2016,https://api.odcloud.kr/api/15072696/v1/uddi:b5b43d81-31d0-4b31-8c0f-9e83d6202da9,경상남도,의료급여
여자,경상남도,기초수급,1등급,240,2016,https://api.odcloud.kr/api/15072696/v1/uddi:b5b43d81-31d0-4b31-8c0f-9e83d6202da9,경상남도,기초수급
여자,경상남도,기초수급,2등급,508,2016,https://api.odcloud.kr/api/15072696/v1/uddi:b5b43d81-31d0-4b31-8c0f-9e83d6202da9,경상남도,기초수급
여자,경상남도,기초수급,3등급,1210,2016,https://api.odcloud.kr/api/15072696/v1/uddi:b5b43d81-31d0-4b31-8c0f-9e83d6202da9,경상남도,기초수급
여자,경상남도,기초수급,4등급,1659,2016,https://api.odcloud.kr/api/15072696/v1/uddi:b5b43d81-31d0-4b31-8c0f-9e83d6202da9,경상남도,기초수급
여자,경상남도,기초수급,5등급,198,2016,https://api.odcloud.kr/api/15072696/v1/uddi:b5b43d81-31d0-4b31-8c0f-9e83d6202da9,경상남도,기초수급
여자,경상남도,기초수급,등급외,2738,2016,https://api.odcloud.kr/api/15072696/v1/uddi:b5b43d81-31d0-4b31-8c0f-9e83d6202da9,경상남도,기초수급
남자,제주특별자치도,일반,1등급,127,2016,https://api.odcloud.kr/api/15072696/v1/uddi:b5b43d81-31d0-4b31-8c0f-9e83d6202da9,제주특별자치도,일반
남자,제주특별자치도,일반,2등급,149,2016,https://api.odcloud.kr/api/15072696/v1/uddi:b5b43d81-31d0-4b31-8c0f-9e83d6202da9,제주특별자치도,일반
남자,제주특별자치도,일반,3등급,413,2016,https://api.odcloud.kr/api/15072696/v1/uddi:b5b43d81-31d0-4b31-8c0f-9e83d6202da9,제주특별자치도,일반
남자,제주특별자치도,일반,4등급,340,2016,https://api.odcloud.kr/api/15072696/v1/uddi:b5b43d81-31d0-4b31-8c0f-9e83d6202da9,제주특별자치도,일반
남자,제주특별자치도,일반,5등급,60,2016,https://api.odcloud.kr/api/15072696/v1/uddi:b5b43d81-31d0-4b31-8c0f-9e83d6202da9,제주특별자치도,일반
남자,제주특별자치도,일반,등급외,266,2016,https://api.odcloud.kr/api/15072696/v1/uddi:b5b43d81-31d0-4b31-8c0f-9e83d6202da9,제주특별자치도,일반
남자,제주특별자치도,감경,1등급,31,2016,https://api.odcloud.kr/api/15072696/v1/uddi:b5b43d81-31d0-4b31-8c0f-9e83d6202da9,제주특별자치도,경감
남자,제주특별자치도,감경,2등급,46,2016,https://api.odcloud.kr/api/15072696/v1/uddi:b5b43d81-31d0-4b31-8c0f-9e83d6202da9,제주특별자치도,경감
남자,제주특별자치도,감경,3등급,106,2016,https://api.odcloud.kr/api/15072696/v1/uddi:b5b43d81-31d0-4b31-8c0f-9e83d6202da9,제주특별자치도,경감
남자,제주특별자치도,감경,4등급,112,2016,https://api.odcloud.kr/api/15072696/v1/uddi:b5b43d81-31d0-4b31-8c0f-9e83d6202da9,제주특별자치도,경감
남자,제주특별자치도,감경,5등급,14,2016,https://api.odcloud.kr/api/15072696/v1/uddi:b5b43d81-31d0-4b31-8c0f-9e83d6202da9,제주특별자치도,경감
남자,제주특별자치도,감경,등급외,8,2016,https://api.odcloud.kr/api/15072696/v1/uddi:b5b43d81-31d0-4b31-8c0f-9e83d6202da9,제주특별자치도,경감
남자,제주특별자치도,의료급여,1등급,3,2016,https://api.odcloud.kr/api/15072696/v1/uddi:b5b43d81-31d0-4b31-8c0f-9e83d6202da9,제주특별자치도,의료급여
남자,제주특별자치도,의료급여,2등급,8,2016,https://api.odcloud.kr/api/15072696/v1/uddi:b5b43d81-31d0-4b31-8c0f-9e83d6202da9,제주특별자치도,의료급여
남자,제주특별자치도,의료급여,3등급,10,2016,https://api.odcloud.kr/api/15072696/v1/uddi:b5b43d81-31d0-4b31-8c0f-9e83d6202da9,제주특별자치도,의료급여
남자,제주특별자치도,의료급여,4등급,12,2016,https://api.odcloud.kr/api/15072696/v1/uddi:b5b43d81-31d0-4b31-8c0f-9e83d6202da9,제주특별자치도,의료급여
남자,제주특별자치도,의료급여,5등급,3,2016,https://api.odcloud.kr/api/15072696/v1/uddi:b5b43d81-31d0-4b31-8c0f-9e83d6202da9,제주특별자치도,의료급여
남자,제주특별자치도,의료급여,등급외,7,2016,https://api.odcloud.kr/api/15072696/v1/uddi:b5b43d81-31d0-4b31-8c0f-9e83d6202da9,제주특별자치도,의료급여
남자,제주특별자치도,기초수급,1등급,39,2016,https://api.odcloud.kr/api/15072696/v1/uddi:b5b43d81-31d0-4b31-8c0f-9e83d6202da9,제주특별자치도,기초수급
남자,제주특별자치도,기초수급,2등급,45,2016,https://api.odcloud.kr/api/15072696/v1/uddi:b5b43d81-31d0-4b31-8c0f-9e83d6202da9,제주특별자치도,기초수급
남자,제주특별자치도,기초수급,3등급,93,2016,https://api.odcloud.kr/api/15072696/v1/uddi:b5b43d81-31d0-4b31-8c0f-9e83d6202da9,제주특별자치도,기초수급
남자,제주특별자치도,기초수급,4등급,114,2016,https://api.odcloud.kr/api/15072696/v1/uddi:b5b43d81-31d0-4b31-8c0f-9e83d6202da9,제주특별자치도,기초수급
남자,제주특별자치도,기초수급,5등급,14,2016,https://api.odcloud.kr/api/15072696/v1/uddi:b5b43d81-31d0-4b31-8c0f-9e83d6202da9,제주특별자치도,기초수급
남자,제주특별자치도,기초수급,등급외,183,2016,https://api.odcloud.kr/api/15072696/v1/uddi:b5b43d81-31d0-4b31-8c0f-9e83d6202da9,제주특별자치도,기초수급
여자,제주특별자치도,일반,1등급,369,2016,https://api.odcloud.kr/api/15072696/v1/uddi:b5b43d81-31d0-4b31-8c0f-9e83d6202da9,제주특별자치도,일반
여자,제주특별자치도,일반,2등급,483,2016,https://api.odcloud.kr/api/15072696/v1/uddi:b5b43d81-31d0-4b31-8c0f-9e83d6202da9,제주특별자치도,일반
여자,제주특별자치도,일반,3등급,1075,2016,https://api.odcloud.kr/api/15072696/v1/uddi:b5b43d81-31d0-4b31-8c0f-9e83d6202da9,제주특별자치도,일반
여자,제주특별자치도,일반,4등급,961,2016,https://api.odcloud.kr/api/15072696/v1/uddi:b5b43d81-31d0-4b31-8c0f-9e83d6202da9,제주특별자치도,일반
여자,제주특별자치도,일반,5등급,222,2016,https://api.odcloud.kr/api/15072696/v1/uddi:b5b43d81-31d0-4b31-8c0f-9e83d6202da9,제주특별자치도,일반
여자,제주특별자치도,일반,등급외,876,2016,https://api.odcloud.kr/api/15072696/v1/uddi:b5b43d81-31d0-4b31-8c0f-9e83d6202da9,제주특별자치도,일반
여자,제주특별자치도,감경,1등급,143,2016,https://api.odcloud.kr/api/15072696/v1/uddi:b5b43d81-31d0-4b31-8c0f-9e83d6202da9,제주특별자치도,경감
여자,제주특별자치도,감경,2등급,192,2016,https://api.odcloud.kr/api/15072696/v1/uddi:b5b43d81-31d0-4b31-8c0f-9e83d6202da9,제주특별자치도,경감
여자,제주특별자치도,감경,3등급,406,2016,https://api.odcloud.kr/api/15072696/v1/uddi:b5b43d81-31d0-4b31-8c0f-9e83d6202da9,제주특별자치도,경감
여자,제주특별자치도,감경,4등급,372,2016,https://api.odcloud.kr/api/15072696/v1/uddi:b5b43d81-31d0-4b31-8c0f-9e83d6202da9,제주특별자치도,경감
여자,제주특별자치도,감경,5등급,68,2016,https://api.odcloud.kr/api/15072696/v1/uddi:b5b43d81-31d0-4b31-8c0f-9e83d6202da9,제주특별자치도,경감
여자,제주특별자치도,감경,등급외,42,2016,https://api.odcloud.kr/api/15072696/v1/uddi:b5b43d81-31d0-4b31-8c0f-9e83d6202da9,제주특별자치도,경감
여자,제주특별자치도,의료급여,1등급,9,2016,https://api.odcloud.kr/api/15072696/v1/uddi:b5b43d81-31d0-4b31-8c0f-9e83d6202da9,제주특별자치도,의료급여
여자,제주특별자치도,의료급여,2등급,14,2016,https://api.odcloud.kr/api/15072696/v1/uddi:b5b43d81-31d0-4b31-8c0f-9e83d6202da9,제주특별자치도,의료급여
여자,제주특별자치도,의료급여,3등급,35,2016,https://api.odcloud.kr/api/15072696/v1/uddi:b5b43d81-31d0-4b31-8c0f-9e83d6202da9,제주특별자치도,의료급여
여자,제주특별자치도,의료급여,4등급,27,2016,https://api.odcloud.kr/api/15072696/v1/uddi:b5b43d81-31d0-4b31-8c0f-9e83d6202da9,제주특별자치도,의료급여
여자,제주특별자치도,의료급여,5등급,10,2016,https://api.odcloud.kr/api/15072696/v1/uddi:b5b43d81-31d0-4b31-8c0f-9e83d6202da9,제주특별자치도,의료급여
여자,제주특별자치도,의료급여,등급외,17,2016,https://api.odcloud.kr/api/15072696/v1/uddi:b5b43d81-31d0-4b31-8c0f-9e83d6202da9,제주특별자치도,의료급여
여자,제주특별자치도,기초수급,1등급,142,2016,https://api.odcloud.kr/api/15072696/v1/uddi:b5b43d81-31d0-4b31-8c0f-9e83d6202da9,제주특별자치도,기초수급
여자,제주특별자치도,기초수급,2등급,179,2016,https://api.odcloud.kr/api/15072696/v1/uddi:b5b43d81-31d0-4b31-8c0f-9e83d6202da9,제주특별자치도,기초수급
여자,제주특별자치도,기초수급,3등급,374,2016,https://api.odcloud.kr/api/15072696/v1/uddi:b5b43d81-31d0-4b31-8c0f-9e83d6202da9,제주특별자치도,기초수급
여자,제주특별자치도,기초수급,4등급,414,2016,https://api.odcloud.kr/api/15072696/v1/uddi:b5b43d81-31d0-4b31-8c0f-9e83d6202da9,제주특별자치도,기초수급
여자,제주특별자치도,기초수급,5등급,63,2016,https://api.odcloud.kr/api/15072696/v1/uddi:b5b43d81-31d0-4b31-8c0f-9e83d6202da9,제주특별자치도,기초수급
여자,제주특별자치도,기초수급,등급외,485,2016,https://api.odcloud.kr/api/15072696/v1/uddi:b5b43d81-31d0-4b31-8c0f-9e83d6202da9,제주특별자치도,기초수급
남자,서울특별시,일반,1등급,1773,2018,https://api.odcloud.kr/api/15072696/v1/uddi:ef2810b1-0856-4b7e-aa78-88e3c58c1a38,서울특별시,일반
남자,서울특별시,일반,2등급,2377,2018,https://api.odcloud.kr/api/15072696/v1/uddi:ef2810b1-0856-4b7e-aa78-88e3c58c1a38,서울특별시,일반
남자,서울특별시,일반,3등급,5927,2018,https://api.odcloud.kr/api/15072696/v1/uddi:ef2810b1-0856-4b7e-aa78-88e3c58c1a38,서울특별시,일반
남자,서울특별시,일반,4등급,5586,2018,https://api.odcloud.kr/api/15072696/v1/uddi:ef2810b1-0856-4b7e-aa78-88e3c58c1a38,서울특별시,일반
남자,서울특별시,일반,5등급,1211,2018,https://api.odcloud.kr/api/15072696/v1/uddi:ef2810b1-0856-4b7e-aa78-88e3c58c1a38,서울특별시,일반
남자,서울특별시,일반,등급외,3000,2018,https://api.odcloud.kr/api/15072696/v1/uddi:ef2810b1-0856-4b7e-aa78-88e3c58c1a38,서울특별시,일반
남자,서울특별시,감경,1등급,664,2018,https://api.odcloud.kr/api/15072696/v1/uddi:ef2810b1-0856-4b7e-aa78-88e3c58c1a38,서울특별시,경감
남자,서울특별시,감경,2등급,1105,2018,https://api.odcloud.kr/api/15072696/v1/uddi:ef2810b1-0856-4b7e-aa78-88e3c58c1a38,서울특별시,경감
남자,서울특별시,감경,3등급,2926,2018,https://api.odcloud.kr/api/15072696/v1/uddi:ef2810b1-0856-4b7e-aa78-88e3c58c1a38,서울특별시,경감
남자,서울특별시,감경,4등급,2814,2018,https://api.odcloud.kr/api/15072696/v1/uddi:ef2810b1-0856-4b7e-aa78-88e3c58c1a38,서울특별시,경감
남자,서울특별시,감경,5등급,544,2018,https://api.odcloud.kr/api/15072696/v1/uddi:ef2810b1-0856-4b7e-aa78-88e3c58c1a38,서울특별시,경감
남자,서울특별시,감경,등급외,160,2018,https://api.odcloud.kr/api/15072696/v1/uddi:ef2810b1-0856-4b7e-aa78-88e3c58c1a38,서울특별시,경감
남자,서울특별시,의료급여,1등급,16,2018,https://api.odcloud.kr/api/15072696/v1/uddi:ef2810b1-0856-4b7e-aa78-88e3c58c1a38,서울특별시,의료급여
남자,서울특별시,의료급여,2등급,36,2018,https://api.odcloud.kr/api/15072696/v1/uddi:ef2810b1-0856-4b7e-aa78-88e3c58c1a38,서울특별시,의료급여
남자,서울특별시,의료급여,3등급,93,2018,https://api.odcloud.kr/api/15072696/v1/uddi:ef2810b1-0856-4b7e-aa78-88e3c58c1a38,서울특별시,의료급여
남자,서울특별시,의료급여,4등급,82,2018,https://api.odcloud.kr/api/15072696/v1/uddi:ef2810b1-0856-4b7e-aa78-88e3c58c1a38,서울특별시,의료급여
남자,서울특별시,의료급여,5등급,14,2018,https://api.odcloud.kr/api/15072696/v1/uddi:ef2810b1-0856-4b7e-aa78-88e3c58c1a38,서울특별시,의료급여
남자,서울특별시,의료급여,등급외,54,2018,https://api.odcloud.kr/api/15072696/v1/uddi:ef2810b1-0856-4b7e-aa78-88e3c58c1a38,서울특별시,의료급여
남자,서울특별시,기초수급,1등급,334,2018,https://api.odcloud.kr/api/15072696/v1/uddi:ef2810b1-0856-4b7e-aa78-88e3c58c1a38,서울특별시,기초수급
남자,서울특별시,기초수급,2등급,410,2018,https://api.odcloud.kr/api/15072696/v1/uddi:ef2810b1-0856-4b7e-aa78-88e3c58c1a38,서울특별시,기초수급
남자,서울특별시,기초수급,3등급,1143,2018,https://api.odcloud.kr/api/15072696/v1/uddi:ef2810b1-0856-4b7e-aa78-88e3c58c1a38,서울특별시,기초수급
남자,서울특별시,기초수급,4등급,1649,2018,https://api.odcloud.kr/api/15072696/v1/uddi:ef2810b1-0856-4b7e-aa78-88e3c58c1a38,서울특별시,기초수급
남자,서울특별시,기초수급,5등급,301,2018,https://api.odcloud.kr/api/15072696/v1/uddi:ef2810b1-0856-4b7e-aa78-88e3c58c1a38,서울특별시,기초수급
남자,서울특별시,기초수급,등급외,1684,2018,https://api.odcloud.kr/api/15072696/v1/uddi:ef2810b1-0856-4b7e-aa78-88e3c58c1a38,서울특별시,기초수급
여자,서울특별시,일반,1등급,3422,2018,https://api.odcloud.kr/api/15072696/v1/uddi:ef2810b1-0856-4b7e-aa78-88e3c58c1a38,서울특별시,일반
여자,서울특별시,일반,2등급,5502,2018,https://api.odcloud.kr/api/15072696/v1/uddi:ef2810b1-0856-4b7e-aa78-88e3c58c1a38,서울특별시,일반
여자,서울특별시,일반,3등급,12433,2018,https://api.odcloud.kr/api/15072696/v1/uddi:ef2810b1-0856-4b7e-aa78-88e3c58c1a38,서울특별시,일반
여자,서울특별시,일반,4등급,13142,2018,https://api.odcloud.kr/api/15072696/v1/uddi:ef2810b1-0856-4b7e-aa78-88e3c58c1a38,서울특별시,일반
여자,서울특별시,일반,5등급,3019,2018,https://api.odcloud.kr/api/15072696/v1/uddi:ef2810b1-0856-4b7e-aa78-88e3c58c1a38,서울특별시,일반
여자,서울특별시,일반,등급외,7374,2018,https://api.odcloud.kr/api/15072696/v1/uddi:ef2810b1-0856-4b7e-aa78-88e3c58c1a38,서울특별시,일반
여자,서울특별시,감경,1등급,1749,2018,https://api.odcloud.kr/api/15072696/v1/uddi:ef2810b1-0856-4b7e-aa78-88e3c58c1a38,서울특별시,경감
여자,서울특별시,감경,2등급,3180,2018,https://api.odcloud.kr/api/15072696/v1/uddi:ef2810b1-0856-4b7e-aa78-88e3c58c1a38,서울특별시,경감
여자,서울특별시,감경,3등급,7138,2018,https://api.odcloud.kr/api/15072696/v1/uddi:ef2810b1-0856-4b7e-aa78-88e3c58c1a38,서울특별시,경감
여자,서울특별시,감경,4등급,7115,2018,https://api.odcloud.kr/api/15072696/v1/uddi:ef2810b1-0856-4b7e-aa78-88e3c58c1a38,서울특별시,경감
여자,서울특별시,감경,5등급,1450,2018,https://api.odcloud.kr/api/15072696/v1/uddi:ef2810b1-0856-4b7e-aa78-88e3c58c1a38,서울특별시,경감
여자,서울특별시,감경,등급외,324,2018,https://api.odcloud.kr/api/15072696/v1/uddi:ef2810b1-0856-4b7e-aa78-88e3c58c1a38,서울특별시,경감
여자,서울특별시,의료급여,1등급,53,2018,https://api.odcloud.kr/api/15072696/v1/uddi:ef2810b1-0856-4b7e-aa78-88e3c58c1a38,서울특별시,의료급여
여자,서울특별시,의료급여,2등급,103,2018,https://api.odcloud.kr/api/15072696/v1/uddi:ef2810b1-0856-4b7e-aa78-88e3c58c1a38,서울특별시,의료급여
여자,서울특별시,의료급여,3등급,236,2018,https://api.odcloud.kr/api/15072696/v1/uddi:ef2810b1-0856-4b7e-aa78-88e3c58c1a38,서울특별시,의료급여
여자,서울특별시,의료급여,4등급,235,2018,https://api.odcloud.kr/api/15072696/v1/uddi:ef2810b1-0856-4b7e-aa78-88e3c58c1a38,서울특별시,의료급여
여자,서울특별시,의료급여,5등급,37,2018,https://api.odcloud.kr/api/15072696/v1/uddi:ef2810b1-0856-4b7e-aa78-88e3c58c1a38,서울특별시,의료급여
여자,서울특별시,의료급여,등급외,111,2018,https://api.odcloud.kr/api/15072696/v1/uddi:ef2810b1-0856-4b7e-aa78-88e3c58c1a38,서울특별시,의료급여
여자,서울특별시,기초수급,1등급,781,2018,https://api.odcloud.kr/api/15072696/v1/uddi:ef2810b1-0856-4b7e-aa78-88e3c58c1a38,서울특별시,기초수급
여자,서울특별시,기초수급,2등급,1315,2018,https://api.odcloud.kr/api/15072696/v1/uddi:ef2810b1-0856-4b7e-aa78-88e3c58c1a38,서울특별시,기초수급
여자,서울특별시,기초수급,3등급,3112,2018,https://api.odcloud.kr/api/15072696/v1/uddi:ef2810b1-0856-4b7e-aa78-88e3c58c1a38,서울특별시,기초수급
여자,서울특별시,기초수급,4등급,4433,2018,https://api.odcloud.kr/api/15072696/v1/uddi:ef2810b1-0856-4b7e-aa78-88e3c58c1a38,서울특별시,기초수급
여자,서울특별시,기초수급,5등급,728,2018,https://api.odcloud.kr/api/15072696/v1/uddi:ef2810b1-0856-4b7e-aa78-88e3c58c1a38,서울특별시,기초수급
여자,서울특별시,기초수급,등급외,3218,2018,https://api.odcloud.kr/api/15072696/v1/uddi:ef2810b1-0856-4b7e-aa78-88e3c58c1a38,서울특별시,기초수급
남자,부산광역시,일반,1등급,426,2018,https://api.odcloud.kr/api/15072696/v1/uddi:ef2810b1-0856-4b7e-aa78-88e3c58c1a38,부산광역시,일반
남자,부산광역시,일반,2등급,730,2018,https://api.odcloud.kr/api/15072696/v1/uddi:ef2810b1-0856-4b7e-aa78-88e3c58c1a38,부산광역시,일반
남자,부산광역시,일반,3등급,2023,2018,https://api.odcloud.kr/api/15072696/v1/uddi:ef2810b1-0856-4b7e-aa78-88e3c58c1a38,부산광역시,일반
남자,부산광역시,일반,4등급,2150,2018,https://api.odcloud.kr/api/15072696/v1/uddi:ef2810b1-0856-4b7e-aa78-88e3c58c1a38,부산광역시,일반
남자,부산광역시,일반,5등급,336,2018,https://api.odcloud.kr/api/15072696/v1/uddi:ef2810b1-0856-4b7e-aa78-88e3c58c1a38,부산광역시,일반
남자,부산광역시,일반,등급외,1828,2018,https://api.odcloud.kr/api/15072696/v1/uddi:ef2810b1-0856-4b7e-aa78-88e3c58c1a38,부산광역시,일반
남자,부산광역시,감경,1등급,263,2018,https://api.odcloud.kr/api/15072696/v1/uddi:ef2810b1-0856-4b7e-aa78-88e3c58c1a38,부산광역시,경감
남자,부산광역시,감경,2등급,493,2018,https://api.odcloud.kr/api/15072696/v1/uddi:ef2810b1-0856-4b7e-aa78-88e3c58c1a38,부산광역시,경감
남자,부산광역시,감경,3등급,1215,2018,https://api.odcloud.kr/api/15072696/v1/uddi:ef2810b1-0856-4b7e-aa78-88e3c58c1a38,부산광역시,경감
남자,부산광역시,감경,4등급,1439,2018,https://api.odcloud.kr/api/15072696/v1/uddi:ef2810b1-0856-4b7e-aa78-88e3c58c1a38,부산광역시,경감
남자,부산광역시,감경,5등급,163,2018,https://api.odcloud.kr/api/15072696/v1/uddi:ef2810b1-0856-4b7e-aa78-88e3c58c1a38,부산광역시,경감
남자,부산광역시,감경,등급외,96,2018,https://api.odcloud.kr/api/15072696/v1/uddi:ef2810b1-0856-4b7e-aa78-88e3c58c1a38,부산광역시,경감
남자,부산광역시,의료급여,1등급,5,2018,https://api.odcloud.kr/api/15072696/v1/uddi:ef2810b1-0856-4b7e-aa78-88e3c58c1a38,부산광역시,의료급여
남자,부산광역시,의료급여,2등급,20,2018,https://api.odcloud.kr/api/15072696/v1/uddi:ef2810b1-0856-4b7e-aa78-88e3c58c1a38,부산광역시,의료급여
남자,부산광역시,의료급여,3등급,40,2018,https://api.odcloud.kr/api/15072696/v1/uddi:ef2810b1-0856-4b7e-aa78-88e3c58c1a38,부산광역시,의료급여
남자,부산광역시,의료급여,4등급,42,2018,https://api.odcloud.kr/api/15072696/v1/uddi:ef2810b1-0856-4b7e-aa78-88e3c58c1a38,부산광역시,의료급여
남자,부산광역시,의료급여,5등급,7,2018,https://api.odcloud.kr/api/15072696/v1/uddi:ef2810b1-0856-4b7e-aa78-88e3c58c1a38,부산광역시,의료급여
남자,부산광역시,의료급여,등급외,25,2018,https://api.odcloud.kr/api/15072696/v1/uddi:ef2810b1-0856-4b7e-aa78-88e3c58c1a38,부산광역시,의료급여
남자,부산광역시,기초수급,1등급,118,2018,https://api.odcloud.kr/api/15072696/v1/uddi:ef2810b1-0856-4b7e-aa78-88e3c58c1a38,부산광역시,기초수급
남자,부산광역시,기초수급,2등급,228,2018,https://api.odcloud.kr/api/15072696/v1/uddi:ef2810b1-0856-4b7e-aa78-88e3c58c1a38,부산광역시,기초수급
남자,부산광역시,기초수급,3등급,617,2018,https://api.odcloud.kr/api/15072696/v1/uddi:ef2810b1-0856-4b7e-aa78-88e3c58c1a38,부산광역시,기초수급
남자,부산광역시,기초수급,4등급,1022,2018,https://api.odcloud.kr/api/15072696/v1/uddi:ef2810b1-0856-4b7e-aa78-88e3c58c1a38,부산광역시,기초수급
남자,부산광역시,기초수급,5등급,91,2018,https://api.odcloud.kr/api/15072696/v1/uddi:ef2810b1-0856-4b7e-aa78-88e3c58c1a38,부산광역시,기초수급
남자,부산광역시,기초수급,등급외,1218,2018,https://api.odcloud.kr/api/15072696/v1/uddi:ef2810b1-0856-4b7e-aa78-88e3c58c1a38,부산광역시,기초수급
여자,부산광역시,일반,1등급,1020,2018,https://api.odcloud.kr/api/15072696/v1/uddi:ef2810b1-0856-4b7e-aa78-88e3c58c1a38,부산광역시,일반
여자,부산광역시,일반,2등급,1678,2018,https://api.odcloud.kr/api/15072696/v1/uddi:ef2810b1-0856-4b7e-aa78-88e3c58c1a38,부산광역시,일반
여자,부산광역시,일반,3등급,4118,2018,https://api.odcloud.kr/api/15072696/v1/uddi:ef2810b1-0856-4b7e-aa78-88e3c58c1a38,부산광역시,일반
여자,부산광역시,일반,4등급,5844,2018,https://api.odcloud.kr/api/15072696/v1/uddi:ef2810b1-0856-4b7e-aa78-88e3c58c1a38,부산광역시,일반
여자,부산광역시,일반,5등급,903,2018,https://api.odcloud.kr/api/15072696/v1/uddi:ef2810b1-0856-4b7e-aa78-88e3c58c1a38,부산광역시,일반
여자,부산광역시,일반,등급외,4651,2018,https://api.odcloud.kr/api/15072696/v1/uddi:ef2810b1-0856-4b7e-aa78-88e3c58c1a38,부산광역시,일반
여자,부산광역시,감경,1등급,771,2018,https://api.odcloud.kr/api/15072696/v1/uddi:ef2810b1-0856-4b7e-aa78-88e3c58c1a38,부산광역시,경감
여자,부산광역시,감경,2등급,1251,2018,https://api.odcloud.kr/api/15072696/v1/uddi:ef2810b1-0856-4b7e-aa78-88e3c58c1a38,부산광역시,경감
여자,부산광역시,감경,3등급,2953,2018,https://api.odcloud.kr/api/15072696/v1/uddi:ef2810b1-0856-4b7e-aa78-88e3c58c1a38,부산광역시,경감
여자,부산광역시,감경,4등급,3682,2018,https://api.odcloud.kr/api/15072696/v1/uddi:ef2810b1-0856-4b7e-aa78-88e3c58c1a38,부산광역시,경감
여자,부산광역시,감경,5등급,499,2018,https://api.odcloud.kr/api/15072696/v1/uddi:ef2810b1-0856-4b7e-aa78-88e3c58c1a38,부산광역시,경감
여자,부산광역시,감경,등급외,265,2018,https://api.odcloud.kr/api/15072696/v1/uddi:ef2810b1-0856-4b7e-aa78-88e3c58c1a38,부산광역시,경감
여자,부산광역시,의료급여,1등급,33,2018,https://api.odcloud.kr/api/15072696/v1/uddi:ef2810b1-0856-4b7e-aa78-88e3c58c1a38,부산광역시,의료급여
여자,부산광역시,의료급여,2등급,45,2018,https://api.odcloud.kr/api/15072696/v1/uddi:ef2810b1-0856-4b7e-aa78-88e3c58c1a38,부산광역시,의료급여
여자,부산광역시,의료급여,3등급,103,2018,https://api.odcloud.kr/api/15072696/v1/uddi:ef2810b1-0856-4b7e-aa78-88e3c58c1a38,부산광역시,의료급여
여자,부산광역시,의료급여,4등급,131,2018,https://api.odcloud.kr/api/15072696/v1/uddi:ef2810b1-0856-4b7e-aa78-88e3c58c1a38,부산광역시,의료급여
여자,부산광역시,의료급여,5등급,11,2018,https://api.odcloud.kr/api/15072696/v1/uddi:ef2810b1-0856-4b7e-aa78-88e3c58c1a38,부산광역시,의료급여
여자,부산광역시,의료급여,등급외,82,2018,https://api.odcloud.kr/api/15072696/v1/uddi:ef2810b1-0856-4b7e-aa78-88e3c58c1a38,부산광역시,의료급여
여자,부산광역시,기초수급,1등급,358,2018,https://api.odcloud.kr/api/15072696/v1/uddi:ef2810b1-0856-4b7e-aa78-88e3c58c1a38,부산광역시,기초수급
여자,부산광역시,기초수급,2등급,648,2018,https://api.odcloud.kr/api/15072696/v1/uddi:ef2810b1-0856-4b7e-aa78-88e3c58c1a38,부산광역시,기초수급
여자,부산광역시,기초수급,3등급,1548,2018,https://api.odcloud.kr/api/15072696/v1/uddi:ef2810b1-0856-4b7e-aa78-88e3c58c1a38,부산광역시,기초수급
여자,부산광역시,기초수급,4등급,2876,2018,https://api.odcloud.kr/api/15072696/v1/uddi:ef2810b1-0856-4b7e-aa78-88e3c58c1a38,부산광역시,기초수급
여자,부산광역시,기초수급,5등급,264,2018,https://api.odcloud.kr/api/15072696/v1/uddi:ef2810b1-0856-4b7e-aa78-88e3c58c1a38,부산광역시,기초수급
여자,부산광역시,기초수급,등급외,2543,2018,https://api.odcloud.kr/api/15072696/v1/uddi:ef2810b1-0856-4b7e-aa78-88e3c58c1a38,부산광역시,기초수급
남자,대구광역시,일반,1등급,258,2018,https://api.odcloud.kr/api/15072696/v1/uddi:ef2810b1-0856-4b7e-aa78-88e3c58c1a38,대구광역시,일반
남자,대구광역시,일반,2등급,509,2018,https://api.odcloud.kr/api/15072696/v1/uddi:ef2810b1-0856-4b7e-aa78-88e3c58c1a38,대구광역시,일반
남자,대구광역시,일반,3등급,1386,2018,https://api.odcloud.kr/api/15072696/v1/uddi:ef2810b1-0856-4b7e-aa78-88e3c58c1a38,대구광역시,일반
남자,대구광역시,일반,4등급,1358,2018,https://api.odcloud.kr/api/15072696/v1/uddi:ef2810b1-0856-4b7e-aa78-88e3c58c1a38,대구광역시,일반
남자,대구광역시,일반,5등급,375,2018,https://api.odcloud.kr/api/15072696/v1/uddi:ef2810b1-0856-4b7e-aa78-88e3c58c1a38,대구광역시,일반
남자,대구광역시,일반,등급외,1156,2018,https://api.odcloud.kr/api/15072696/v1/uddi:ef2810b1-0856-4b7e-aa78-88e3c58c1a38,대구광역시,일반
남자,대구광역시,감경,1등급,175,2018,https://api.odcloud.kr/api/15072696/v1/uddi:ef2810b1-0856-4b7e-aa78-88e3c58c1a38,대구광역시,경감
남자,대구광역시,감경,2등급,351,2018,https://api.odcloud.kr/api/15072696/v1/uddi:ef2810b1-0856-4b7e-aa78-88e3c58c1a38,대구광역시,경감
남자,대구광역시,감경,3등급,820,2018,https://api.odcloud.kr/api/15072696/v1/uddi:ef2810b1-0856-4b7e-aa78-88e3c58c1a38,대구광역시,경감
남자,대구광역시,감경,4등급,858,2018,https://api.odcloud.kr/api/15072696/v1/uddi:ef2810b1-0856-4b7e-aa78-88e3c58c1a38,대구광역시,경감
남자,대구광역시,감경,5등급,168,2018,https://api.odcloud.kr/api/15072696/v1/uddi:ef2810b1-0856-4b7e-aa78-88e3c58c1a38,대구광역시,경감
남자,대구광역시,감경,등급외,63,2018,https://api.odcloud.kr/api/15072696/v1/uddi:ef2810b1-0856-4b7e-aa78-88e3c58c1a38,대구광역시,경감
남자,대구광역시,의료급여,1등급,7,2018,https://api.odcloud.kr/api/15072696/v1/uddi:ef2810b1-0856-4b7e-aa78-88e3c58c1a38,대구광역시,의료급여
남자,대구광역시,의료급여,2등급,10,2018,https://api.odcloud.kr/api/15072696/v1/uddi:ef2810b1-0856-4b7e-aa78-88e3c58c1a38,대구광역시,의료급여
남자,대구광역시,의료급여,3등급,42,2018,https://api.odcloud.kr/api/15072696/v1/uddi:ef2810b1-0856-4b7e-aa78-88e3c58c1a38,대구광역시,의료급여
남자,대구광역시,의료급여,4등급,47,2018,https://api.odcloud.kr/api/15072696/v1/uddi:ef2810b1-0856-4b7e-aa78-88e3c58c1a38,대구광역시,의료급여
남자,대구광역시,의료급여,5등급,13,2018,https://api.odcloud.kr/api/15072696/v1/uddi:ef2810b1-0856-4b7e-aa78-88e3c58c1a38,대구광역시,의료급여
남자,대구광역시,의료급여,등급외,36,2018,https://api.odcloud.kr/api/15072696/v1/uddi:ef2810b1-0856-4b7e-aa78-88e3c58c1a38,대구광역시,의료급여
남자,대구광역시,기초수급,1등급,78,2018,https://api.odcloud.kr/api/15072696/v1/uddi:ef2810b1-0856-4b7e-aa78-88e3c58c1a38,대구광역시,기초수급
남자,대구광역시,기초수급,2등급,172,2018,https://api.odcloud.kr/api/15072696/v1/uddi:ef2810b1-0856-4b7e-aa78-88e3c58c1a38,대구광역시,기초수급
남자,대구광역시,기초수급,3등급,425,2018,https://api.odcloud.kr/api/15072696/v1/uddi:ef2810b1-0856-4b7e-aa78-88e3c58c1a38,대구광역시,기초수급
남자,대구광역시,기초수급,4등급,530,2018,https://api.odcloud.kr/api/15072696/v1/uddi:ef2810b1-0856-4b7e-aa78-88e3c58c1a38,대구광역시,기초수급
남자,대구광역시,기초수급,5등급,111,2018,https://api.odcloud.kr/api/15072696/v1/uddi:ef2810b1-0856-4b7e-aa78-88e3c58c1a38,대구광역시,기초수급
남자,대구광역시,기초수급,등급외,737,2018,https://api.odcloud.kr/api/15072696/v1/uddi:ef2810b1-0856-4b7e-aa78-88e3c58c1a38,대구광역시,기초수급
여자,대구광역시,일반,1등급,590,2018,https://api.odcloud.kr/api/15072696/v1/uddi:ef2810b1-0856-4b7e-aa78-88e3c58c1a38,대구광역시,일반
여자,대구광역시,일반,2등급,1244,2018,https://api.odcloud.kr/api/15072696/v1/uddi:ef2810b1-0856-4b7e-aa78-88e3c58c1a38,대구광역시,일반
여자,대구광역시,일반,3등급,3070,2018,https://api.odcloud.kr/api/15072696/v1/uddi:ef2810b1-0856-4b7e-aa78-88e3c58c1a38,대구광역시,일반
여자,대구광역시,일반,4등급,3671,2018,https://api.odcloud.kr/api/15072696/v1/uddi:ef2810b1-0856-4b7e-aa78-88e3c58c1a38,대구광역시,일반
여자,대구광역시,일반,5등급,934,2018,https://api.odcloud.kr/api/15072696/v1/uddi:ef2810b1-0856-4b7e-aa78-88e3c58c1a38,대구광역시,일반
여자,대구광역시,일반,등급외,2948,2018,https://api.odcloud.kr/api/15072696/v1/uddi:ef2810b1-0856-4b7e-aa78-88e3c58c1a38,대구광역시,일반
여자,대구광역시,감경,1등급,410,2018,https://api.odcloud.kr/api/15072696/v1/uddi:ef2810b1-0856-4b7e-aa78-88e3c58c1a38,대구광역시,경감
여자,대구광역시,감경,2등급,1004,2018,https://api.odcloud.kr/api/15072696/v1/uddi:ef2810b1-0856-4b7e-aa78-88e3c58c1a38,대구광역시,경감
여자,대구광역시,감경,3등급,2306,2018,https://api.odcloud.kr/api/15072696/v1/uddi:ef2810b1-0856-4b7e-aa78-88e3c58c1a38,대구광역시,경감
여자,대구광역시,감경,4등급,2526,2018,https://api.odcloud.kr/api/15072696/v1/uddi:ef2810b1-0856-4b7e-aa78-88e3c58c1a38,대구광역시,경감
여자,대구광역시,감경,5등급,596,2018,https://api.odcloud.kr/api/15072696/v1/uddi:ef2810b1-0856-4b7e-aa78-88e3c58c1a38,대구광역시,경감
여자,대구광역시,감경,등급외,191,2018,https://api.odcloud.kr/api/15072696/v1/uddi:ef2810b1-0856-4b7e-aa78-88e3c58c1a38,대구광역시,경감
여자,대구광역시,의료급여,1등급,25,2018,https://api.odcloud.kr/api/15072696/v1/uddi:ef2810b1-0856-4b7e-aa78-88e3c58c1a38,대구광역시,의료급여
여자,대구광역시,의료급여,2등급,52,2018,https://api.odcloud.kr/api/15072696/v1/uddi:ef2810b1-0856-4b7e-aa78-88e3c58c1a38,대구광역시,의료급여
여자,대구광역시,의료급여,3등급,97,2018,https://api.odcloud.kr/api/15072696/v1/uddi:ef2810b1-0856-4b7e-aa78-88e3c58c1a38,대구광역시,의료급여
여자,대구광역시,의료급여,4등급,139,2018,https://api.odcloud.kr/api/15072696/v1/uddi:ef2810b1-0856-4b7e-aa78-88e3c58c1a38,대구광역시,의료급여
여자,대구광역시,의료급여,5등급,25,2018,https://api.odcloud.kr/api/15072696/v1/uddi:ef2810b1-0856-4b7e-aa78-88e3c58c1a38,대구광역시,의료급여
여자,대구광역시,의료급여,등급외,76,2018,https://api.odcloud.kr/api/15072696/v1/uddi:ef2810b1-0856-4b7e-aa78-88e3c58c1a38,대구광역시,의료급여
여자,대구광역시,기초수급,1등급,273,2018,https://api.odcloud.kr/api/15072696/v1/uddi:ef2810b1-0856-4b7e-aa78-88e3c58c1a38,대구광역시,기초수급
여자,대구광역시,기초수급,2등급,498,2018,https://api.odcloud.kr/api/15072696/v1/uddi:ef2810b1-0856-4b7e-aa78-88e3c58c1a38,대구광역시,기초수급
여자,대구광역시,기초수급,3등급,1132,2018,https://api.odcloud.kr/api/15072696/v1/uddi:ef2810b1-0856-4b7e-aa78-88e3c58c1a38,대구광역시,기초수급
여자,대구광역시,기초수급,4등급,1602,2018,https://api.odcloud.kr/api/15072696/v1/uddi:ef2810b1-0856-4b7e-aa78-88e3c58c1a38,대구광역시,기초수급
여자,대구광역시,기초수급,5등급,353,2018,https://api.odcloud.kr/api/15072696/v1/uddi:ef2810b1-0856-4b7e-aa78-88e3c58c1a38,대구광역시,기초수급
여자,대구광역시,기초수급,등급외,1490,2018,https://api.odcloud.kr/api/15072696/v1/uddi:ef2810b1-0856-4b7e-aa78-88e3c58c1a38,대구광역시,기초수급
남자,인천광역시,일반,1등급,274,2018,https://api.odcloud.kr/api/15072696/v1/uddi:ef2810b1-0856-4b7e-aa78-88e3c58c1a38,인천광역시,일반
남자,인천광역시,일반,2등급,530,2018,https://api.odcloud.kr/api/15072696/v1/uddi:ef2810b1-0856-4b7e-aa78-88e3c58c1a38,인천광역시,일반
남자,인천광역시,일반,3등급,1543,2018,https://api.odcloud.kr/api/15072696/v1/uddi:ef2810b1-0856-4b7e-aa78-88e3c58c1a38,인천광역시,일반
남자,인천광역시,일반,4등급,1617,2018,https://api.odcloud.kr/api/15072696/v1/uddi:ef2810b1-0856-4b7e-aa78-88e3c58c1a38,인천광역시,일반
남자,인천광역시,일반,5등급,313,2018,https://api.odcloud.kr/api/15072696/v1/uddi:ef2810b1-0856-4b7e-aa78-88e3c58c1a38,인천광역시,일반
남자,인천광역시,일반,등급외,1206,2018,https://api.odcloud.kr/api/15072696/v1/uddi:ef2810b1-0856-4b7e-aa78-88e3c58c1a38,인천광역시,일반
남자,인천광역시,감경,1등급,242,2018,https://api.odcloud.kr/api/15072696/v1/uddi:ef2810b1-0856-4b7e-aa78-88e3c58c1a38,인천광역시,경감
남자,인천광역시,감경,2등급,432,2018,https://api.odcloud.kr/api/15072696/v1/uddi:ef2810b1-0856-4b7e-aa78-88e3c58c1a38,인천광역시,경감
남자,인천광역시,감경,3등급,1303,2018,https://api.odcloud.kr/api/15072696/v1/uddi:ef2810b1-0856-4b7e-aa78-88e3c58c1a38,인천광역시,경감
남자,인천광역시,감경,4등급,1220,2018,https://api.odcloud.kr/api/15072696/v1/uddi:ef2810b1-0856-4b7e-aa78-88e3c58c1a38,인천광역시,경감
남자,인천광역시,감경,5등급,219,2018,https://api.odcloud.kr/api/15072696/v1/uddi:ef2810b1-0856-4b7e-aa78-88e3c58c1a38,인천광역시,경감
남자,인천광역시,감경,등급외,49,2018,https://api.odcloud.kr/api/15072696/v1/uddi:ef2810b1-0856-4b7e-aa78-88e3c58c1a38,인천광역시,경감
남자,인천광역시,의료급여,1등급,14,2018,https://api.odcloud.kr/api/15072696/v1/uddi:ef2810b1-0856-4b7e-aa78-88e3c58c1a38,인천광역시,의료급여
남자,인천광역시,의료급여,2등급,11,2018,https://api.odcloud.kr/api/15072696/v1/uddi:ef2810b1-0856-4b7e-aa78-88e3c58c1a38,인천광역시,의료급여
남자,인천광역시,의료급여,3등급,31,2018,https://api.odcloud.kr/api/15072696/v1/uddi:ef2810b1-0856-4b7e-aa78-88e3c58c1a38,인천광역시,의료급여
남자,인천광역시,의료급여,4등급,50,2018,https://api.odcloud.kr/api/15072696/v1/uddi:ef2810b1-0856-4b7e-aa78-88e3c58c1a38,인천광역시,의료급여
남자,인천광역시,의료급여,5등급,9,2018,https://api.odcloud.kr/api/15072696/v1/uddi:ef2810b1-0856-4b7e-aa78-88e3c58c1a38,인천광역시,의료급여
남자,인천광역시,의료급여,등급외,20,2018,https://api.odcloud.kr/api/15072696/v1/uddi:ef2810b1-0856-4b7e-aa78-88e3c58c1a38,인천광역시,의료급여
남자,인천광역시,기초수급,1등급,149,2018,https://api.odcloud.kr/api/15072696/v1/uddi:ef2810b1-0856-4b7e-aa78-88e3c58c1a38,인천광역시,기초수급
남자,인천광역시,기초수급,2등급,230,2018,https://api.odcloud.kr/api/15072696/v1/uddi:ef2810b1-0856-4b7e-aa78-88e3c58c1a38,인천광역시,기초수급
남자,인천광역시,기초수급,3등급,671,2018,https://api.odcloud.kr/api/15072696/v1/uddi:ef2810b1-0856-4b7e-aa78-88e3c58c1a38,인천광역시,기초수급
남자,인천광역시,기초수급,4등급,990,2018,https://api.odcloud.kr/api/15072696/v1/uddi:ef2810b1-0856-4b7e-aa78-88e3c58c1a38,인천광역시,기초수급
남자,인천광역시,기초수급,5등급,127,2018,https://api.odcloud.kr/api/15072696/v1/uddi:ef2810b1-0856-4b7e-aa78-88e3c58c1a38,인천광역시,기초수급
남자,인천광역시,기초수급,등급외,779,2018,https://api.odcloud.kr/api/15072696/v1/uddi:ef2810b1-0856-4b7e-aa78-88e3c58c1a38,인천광역시,기초수급
여자,인천광역시,일반,1등급,692,2018,https://api.odcloud.kr/api/15072696/v1/uddi:ef2810b1-0856-4b7e-aa78-88e3c58c1a38,인천광역시,일반
여자,인천광역시,일반,2등급,1454,2018,https://api.odcloud.kr/api/15072696/v1/uddi:ef2810b1-0856-4b7e-aa78-88e3c58c1a38,인천광역시,일반
여자,인천광역시,일반,3등급,3784,2018,https://api.odcloud.kr/api/15072696/v1/uddi:ef2810b1-0856-4b7e-aa78-88e3c58c1a38,인천광역시,일반
여자,인천광역시,일반,4등급,4420,2018,https://api.odcloud.kr/api/15072696/v1/uddi:ef2810b1-0856-4b7e-aa78-88e3c58c1a38,인천광역시,일반
여자,인천광역시,일반,5등급,756,2018,https://api.odcloud.kr/api/15072696/v1/uddi:ef2810b1-0856-4b7e-aa78-88e3c58c1a38,인천광역시,일반
여자,인천광역시,일반,등급외,3117,2018,https://api.odcloud.kr/api/15072696/v1/uddi:ef2810b1-0856-4b7e-aa78-88e3c58c1a38,인천광역시,일반
여자,인천광역시,감경,1등급,556,2018,https://api.odcloud.kr/api/15072696/v1/uddi:ef2810b1-0856-4b7e-aa78-88e3c58c1a38,인천광역시,경감
여자,인천광역시,감경,2등급,1395,2018,https://api.odcloud.kr/api/15072696/v1/uddi:ef2810b1-0856-4b7e-aa78-88e3c58c1a38,인천광역시,경감
여자,인천광역시,감경,3등급,3329,2018,https://api.odcloud.kr/api/15072696/v1/uddi:ef2810b1-0856-4b7e-aa78-88e3c58c1a38,인천광역시,경감
여자,인천광역시,감경,4등급,3528,2018,https://api.odcloud.kr/api/15072696/v1/uddi:ef2810b1-0856-4b7e-aa78-88e3c58c1a38,인천광역시,경감
여자,인천광역시,감경,5등급,539,2018,https://api.odcloud.kr/api/15072696/v1/uddi:ef2810b1-0856-4b7e-aa78-88e3c58c1a38,인천광역시,경감
여자,인천광역시,감경,등급외,131,2018,https://api.odcloud.kr/api/15072696/v1/uddi:ef2810b1-0856-4b7e-aa78-88e3c58c1a38,인천광역시,경감
여자,인천광역시,의료급여,1등급,18,2018,https://api.odcloud.kr/api/15072696/v1/uddi:ef2810b1-0856-4b7e-aa78-88e3c58c1a38,인천광역시,의료급여
여자,인천광역시,의료급여,2등급,33,2018,https://api.odcloud.kr/api/15072696/v1/uddi:ef2810b1-0856-4b7e-aa78-88e3c58c1a38,인천광역시,의료급여
여자,인천광역시,의료급여,3등급,80,2018,https://api.odcloud.kr/api/15072696/v1/uddi:ef2810b1-0856-4b7e-aa78-88e3c58c1a38,인천광역시,의료급여
여자,인천광역시,의료급여,4등급,120,2018,https://api.odcloud.kr/api/15072696/v1/uddi:ef2810b1-0856-4b7e-aa78-88e3c58c1a38,인천광역시,의료급여
여자,인천광역시,의료급여,5등급,23,2018,https://api.odcloud.kr/api/15072696/v1/uddi:ef2810b1-0856-4b7e-aa78-88e3c58c1a38,인천광역시,의료급여
여자,인천광역시,의료급여,등급외,52,2018,https://api.odcloud.kr/api/15072696/v1/uddi:ef2810b1-0856-4b7e-aa78-88e3c58c1a38,인천광역시,의료급여
여자,인천광역시,기초수급,1등급,342,2018,https://api.odcloud.kr/api/15072696/v1/uddi:ef2810b1-0856-4b7e-aa78-88e3c58c1a38,인천광역시,기초수급
여자,인천광역시,기초수급,2등급,683,2018,https://api.odcloud.kr/api/15072696/v1/uddi:ef2810b1-0856-4b7e-aa78-88e3c58c1a38,인천광역시,기초수급
여자,인천광역시,기초수급,3등급,1660,2018,https://api.odcloud.kr/api/15072696/v1/uddi:ef2810b1-0856-4b7e-aa78-88e3c58c1a38,인천광역시,기초수급
여자,인천광역시,기초수급,4등급,2360,2018,https://api.odcloud.kr/api/15072696/v1/uddi:ef2810b1-0856-4b7e-aa78-88e3c58c1a38,인천광역시,기초수급
여자,인천광역시,기초수급,5등급,293,2018,https://api.odcloud.kr/api/15072696/v1/uddi:ef2810b1-0856-4b7e-aa78-88e3c58c1a38,인천광역시,기초수급
여자,인천광역시,기초수급,등급외,1449,2018,https://api.odcloud.kr/api/15072696/v1/uddi:ef2810b1-0856-4b7e-aa78-88e3c58c1a38,인천광역시,기초수급
남자,광주광역시,일반,1등급,126,2018,https://api.odcloud.kr/api/15072696/v1/uddi:ef2810b1-0856-4b7e-aa78-88e3c58c1a38,광주광역시,일반
남자,광주광역시,일반,2등급,236,2018,https://api.odcloud.kr/api/15072696/v1/uddi:ef2810b1-0856-4b7e-aa78-88e3c58c1a38,광주광역시,일반
남자,광주광역시,일반,3등급,758,2018,https://api.odcloud.kr/api/15072696/v1/uddi:ef2810b1-0856-4b7e-aa78-88e3c58c1a38,광주광역시,일반
남자,광주광역시,일반,4등급,1116,2018,https://api.odcloud.kr/api/15072696/v1/uddi:ef2810b1-0856-4b7e-aa78-88e3c58c1a38,광주광역시,일반
남자,광주광역시,일반,5등급,217,2018,https://api.odcloud.kr/api/15072696/v1/uddi:ef2810b1-0856-4b7e-aa78-88e3c58c1a38,광주광역시,일반
남자,광주광역시,일반,등급외,1114,2018,https://api.odcloud.kr/api/15072696/v1/uddi:ef2810b1-0856-4b7e-aa78-88e3c58c1a38,광주광역시,일반
남자,광주광역시,감경,1등급,77,2018,https://api.odcloud.kr/api/15072696/v1/uddi:ef2810b1-0856-4b7e-aa78-88e3c58c1a38,광주광역시,경감
남자,광주광역시,감경,2등급,105,2018,https://api.odcloud.kr/api/15072696/v1/uddi:ef2810b1-0856-4b7e-aa78-88e3c58c1a38,광주광역시,경감
남자,광주광역시,감경,3등급,442,2018,https://api.odcloud.kr/api/15072696/v1/uddi:ef2810b1-0856-4b7e-aa78-88e3c58c1a38,광주광역시,경감
남자,광주광역시,감경,4등급,587,2018,https://api.odcloud.kr/api/15072696/v1/uddi:ef2810b1-0856-4b7e-aa78-88e3c58c1a38,광주광역시,경감
남자,광주광역시,감경,5등급,107,2018,https://api.odcloud.kr/api/15072696/v1/uddi:ef2810b1-0856-4b7e-aa78-88e3c58c1a38,광주광역시,경감
남자,광주광역시,감경,등급외,68,2018,https://api.odcloud.kr/api/15072696/v1/uddi:ef2810b1-0856-4b7e-aa78-88e3c58c1a38,광주광역시,경감
남자,광주광역시,의료급여,1등급,6,2018,https://api.odcloud.kr/api/15072696/v1/uddi:ef2810b1-0856-4b7e-aa78-88e3c58c1a38,광주광역시,의료급여
남자,광주광역시,의료급여,2등급,10,2018,https://api.odcloud.kr/api/15072696/v1/uddi:ef2810b1-0856-4b7e-aa78-88e3c58c1a38,광주광역시,의료급여
남자,광주광역시,의료급여,3등급,25,2018,https://api.odcloud.kr/api/15072696/v1/uddi:ef2810b1-0856-4b7e-aa78-88e3c58c1a38,광주광역시,의료급여
남자,광주광역시,의료급여,4등급,44,2018,https://api.odcloud.kr/api/15072696/v1/uddi:ef2810b1-0856-4b7e-aa78-88e3c58c1a38,광주광역시,의료급여
남자,광주광역시,의료급여,5등급,12,2018,https://api.odcloud.kr/api/15072696/v1/uddi:ef2810b1-0856-4b7e-aa78-88e3c58c1a38,광주광역시,의료급여
남자,광주광역시,의료급여,등급외,31,2018,https://api.odcloud.kr/api/15072696/v1/uddi:ef2810b1-0856-4b7e-aa78-88e3c58c1a38,광주광역시,의료급여
남자,광주광역시,기초수급,1등급,37,2018,https://api.odcloud.kr/api/15072696/v1/uddi:ef2810b1-0856-4b7e-aa78-88e3c58c1a38,광주광역시,기초수급
남자,광주광역시,기초수급,2등급,51,2018,https://api.odcloud.kr/api/15072696/v1/uddi:ef2810b1-0856-4b7e-aa78-88e3c58c1a38,광주광역시,기초수급
남자,광주광역시,기초수급,3등급,193,2018,https://api.odcloud.kr/api/15072696/v1/uddi:ef2810b1-0856-4b7e-aa78-88e3c58c1a38,광주광역시,기초수급
남자,광주광역시,기초수급,4등급,339,2018,https://api.odcloud.kr/api/15072696/v1/uddi:ef2810b1-0856-4b7e-aa78-88e3c58c1a38,광주광역시,기초수급
남자,광주광역시,기초수급,5등급,62,2018,https://api.odcloud.kr/api/15072696/v1/uddi:ef2810b1-0856-4b7e-aa78-88e3c58c1a38,광주광역시,기초수급
남자,광주광역시,기초수급,등급외,679,2018,https://api.odcloud.kr/api/15072696/v1/uddi:ef2810b1-0856-4b7e-aa78-88e3c58c1a38,광주광역시,기초수급
여자,광주광역시,일반,1등급,343,2018,https://api.odcloud.kr/api/15072696/v1/uddi:ef2810b1-0856-4b7e-aa78-88e3c58c1a38,광주광역시,일반
여자,광주광역시,일반,2등급,621,2018,https://api.odcloud.kr/api/15072696/v1/uddi:ef2810b1-0856-4b7e-aa78-88e3c58c1a38,광주광역시,일반
여자,광주광역시,일반,3등급,1808,2018,https://api.odcloud.kr/api/15072696/v1/uddi:ef2810b1-0856-4b7e-aa78-88e3c58c1a38,광주광역시,일반
여자,광주광역시,일반,4등급,3020,2018,https://api.odcloud.kr/api/15072696/v1/uddi:ef2810b1-0856-4b7e-aa78-88e3c58c1a38,광주광역시,일반
여자,광주광역시,일반,5등급,584,2018,https://api.odcloud.kr/api/15072696/v1/uddi:ef2810b1-0856-4b7e-aa78-88e3c58c1a38,광주광역시,일반
여자,광주광역시,일반,등급외,3316,2018,https://api.odcloud.kr/api/15072696/v1/uddi:ef2810b1-0856-4b7e-aa78-88e3c58c1a38,광주광역시,일반
여자,광주광역시,감경,1등급,228,2018,https://api.odcloud.kr/api/15072696/v1/uddi:ef2810b1-0856-4b7e-aa78-88e3c58c1a38,광주광역시,경감
여자,광주광역시,감경,2등급,403,2018,https://api.odcloud.kr/api/15072696/v1/uddi:ef2810b1-0856-4b7e-aa78-88e3c58c1a38,광주광역시,경감
여자,광주광역시,감경,3등급,1165,2018,https://api.odcloud.kr/api/15072696/v1/uddi:ef2810b1-0856-4b7e-aa78-88e3c58c1a38,광주광역시,경감
여자,광주광역시,감경,4등급,1803,2018,https://api.odcloud.kr/api/15072696/v1/uddi:ef2810b1-0856-4b7e-aa78-88e3c58c1a38,광주광역시,경감
여자,광주광역시,감경,5등급,316,2018,https://api.odcloud.kr/api/15072696/v1/uddi:ef2810b1-0856-4b7e-aa78-88e3c58c1a38,광주광역시,경감
여자,광주광역시,감경,등급외,213,2018,https://api.odcloud.kr/api/15072696/v1/uddi:ef2810b1-0856-4b7e-aa78-88e3c58c1a38,광주광역시,경감
여자,광주광역시,의료급여,1등급,11,2018,https://api.odcloud.kr/api/15072696/v1/uddi:ef2810b1-0856-4b7e-aa78-88e3c58c1a38,광주광역시,의료급여
여자,광주광역시,의료급여,2등급,22,2018,https://api.odcloud.kr/api/15072696/v1/uddi:ef2810b1-0856-4b7e-aa78-88e3c58c1a38,광주광역시,의료급여
여자,광주광역시,의료급여,3등급,78,2018,https://api.odcloud.kr/api/15072696/v1/uddi:ef2810b1-0856-4b7e-aa78-88e3c58c1a38,광주광역시,의료급여
여자,광주광역시,의료급여,4등급,142,2018,https://api.odcloud.kr/api/15072696/v1/uddi:ef2810b1-0856-4b7e-aa78-88e3c58c1a38,광주광역시,의료급여
여자,광주광역시,의료급여,5등급,17,2018,https://api.odcloud.kr/api/15072696/v1/uddi:ef2810b1-0856-4b7e-aa78-88e3c58c1a38,광주광역시,의료급여
여자,광주광역시,의료급여,등급외,85,2018,https://api.odcloud.kr/api/15072696/v1/uddi:ef2810b1-0856-4b7e-aa78-88e3c58c1a38,광주광역시,의료급여
여자,광주광역시,기초수급,1등급,92,2018,https://api.odcloud.kr/api/15072696/v1/uddi:ef2810b1-0856-4b7e-aa78-88e3c58c1a38,광주광역시,기초수급
여자,광주광역시,기초수급,2등급,174,2018,https://api.odcloud.kr/api/15072696/v1/uddi:ef2810b1-0856-4b7e-aa78-88e3c58c1a38,광주광역시,기초수급
여자,광주광역시,기초수급,3등급,569,2018,https://api.odcloud.kr/api/15072696/v1/uddi:ef2810b1-0856-4b7e-aa78-88e3c58c1a38,광주광역시,기초수급
여자,광주광역시,기초수급,4등급,1024,2018,https://api.odcloud.kr/api/15072696/v1/uddi:ef2810b1-0856-4b7e-aa78-88e3c58c1a38,광주광역시,기초수급
여자,광주광역시,기초수급,5등급,188,2018,https://api.odcloud.kr/api/15072696/v1/uddi:ef2810b1-0856-4b7e-aa78-88e3c58c1a38,광주광역시,기초수급
여자,광주광역시,기초수급,등급외,1571,2018,https://api.odcloud.kr/api/15072696/v1/uddi:ef2810b1-0856-4b7e-aa78-88e3c58c1a38,광주광역시,기초수급
남자,대전광역시,일반,1등급,161,2018,https://api.odcloud.kr/api/15072696/v1/uddi:ef2810b1-0856-4b7e-aa78-88e3c58c1a38,대전광역시,일반
남자,대전광역시,일반,2등급,250,2018,https://api.odcloud.kr/api/15072696/v1/uddi:ef2810b1-0856-4b7e-aa78-88e3c58c1a38,대전광역시,일반
남자,대전광역시,일반,3등급,826,2018,https://api.odcloud.kr/api/15072696/v1/uddi:ef2810b1-0856-4b7e-aa78-88e3c58c1a38,대전광역시,일반
남자,대전광역시,일반,4등급,978,2018,https://api.odcloud.kr/api/15072696/v1/uddi:ef2810b1-0856-4b7e-aa78-88e3c58c1a38,대전광역시,일반
남자,대전광역시,일반,5등급,293,2018,https://api.odcloud.kr/api/15072696/v1/uddi:ef2810b1-0856-4b7e-aa78-88e3c58c1a38,대전광역시,일반
남자,대전광역시,일반,등급외,809,2018,https://api.odcloud.kr/api/15072696/v1/uddi:ef2810b1-0856-4b7e-aa78-88e3c58c1a38,대전광역시,일반
남자,대전광역시,감경,1등급,106,2018,https://api.odcloud.kr/api/15072696/v1/uddi:ef2810b1-0856-4b7e-aa78-88e3c58c1a38,대전광역시,경감
남자,대전광역시,감경,2등급,163,2018,https://api.odcloud.kr/api/15072696/v1/uddi:ef2810b1-0856-4b7e-aa78-88e3c58c1a38,대전광역시,경감
남자,대전광역시,감경,3등급,487,2018,https://api.odcloud.kr/api/15072696/v1/uddi:ef2810b1-0856-4b7e-aa78-88e3c58c1a38,대전광역시,경감
남자,대전광역시,감경,4등급,610,2018,https://api.odcloud.kr/api/15072696/v1/uddi:ef2810b1-0856-4b7e-aa78-88e3c58c1a38,대전광역시,경감
남자,대전광역시,감경,5등급,157,2018,https://api.odcloud.kr/api/15072696/v1/uddi:ef2810b1-0856-4b7e-aa78-88e3c58c1a38,대전광역시,경감
남자,대전광역시,감경,등급외,34,2018,https://api.odcloud.kr/api/15072696/v1/uddi:ef2810b1-0856-4b7e-aa78-88e3c58c1a38,대전광역시,경감
남자,대전광역시,의료급여,1등급,6,2018,https://api.odcloud.kr/api/15072696/v1/uddi:ef2810b1-0856-4b7e-aa78-88e3c58c1a38,대전광역시,의료급여
남자,대전광역시,의료급여,2등급,7,2018,https://api.odcloud.kr/api/15072696/v1/uddi:ef2810b1-0856-4b7e-aa78-88e3c58c1a38,대전광역시,의료급여
남자,대전광역시,의료급여,3등급,17,2018,https://api.odcloud.kr/api/15072696/v1/uddi:ef2810b1-0856-4b7e-aa78-88e3c58c1a38,대전광역시,의료급여
남자,대전광역시,의료급여,4등급,35,2018,https://api.odcloud.kr/api/15072696/v1/uddi:ef2810b1-0856-4b7e-aa78-88e3c58c1a38,대전광역시,의료급여
남자,대전광역시,의료급여,5등급,4,2018,https://api.odcloud.kr/api/15072696/v1/uddi:ef2810b1-0856-4b7e-aa78-88e3c58c1a38,대전광역시,의료급여
남자,대전광역시,의료급여,등급외,22,2018,https://api.odcloud.kr/api/15072696/v1/uddi:ef2810b1-0856-4b7e-aa78-88e3c58c1a38,대전광역시,의료급여
남자,대전광역시,기초수급,1등급,46,2018,https://api.odcloud.kr/api/15072696/v1/uddi:ef2810b1-0856-4b7e-aa78-88e3c58c1a38,대전광역시,기초수급
남자,대전광역시,기초수급,2등급,84,2018,https://api.odcloud.kr/api/15072696/v1/uddi:ef2810b1-0856-4b7e-aa78-88e3c58c1a38,대전광역시,기초수급
남자,대전광역시,기초수급,3등급,233,2018,https://api.odcloud.kr/api/15072696/v1/uddi:ef2810b1-0856-4b7e-aa78-88e3c58c1a38,대전광역시,기초수급
남자,대전광역시,기초수급,4등급,345,2018,https://api.odcloud.kr/api/15072696/v1/uddi:ef2810b1-0856-4b7e-aa78-88e3c58c1a38,대전광역시,기초수급
남자,대전광역시,기초수급,5등급,50,2018,https://api.odcloud.kr/api/15072696/v1/uddi:ef2810b1-0856-4b7e-aa78-88e3c58c1a38,대전광역시,기초수급
남자,대전광역시,기초수급,등급외,553,2018,https://api.odcloud.kr/api/15072696/v1/uddi:ef2810b1-0856-4b7e-aa78-88e3c58c1a38,대전광역시,기초수급
여자,대전광역시,일반,1등급,434,2018,https://api.odcloud.kr/api/15072696/v1/uddi:ef2810b1-0856-4b7e-aa78-88e3c58c1a38,대전광역시,일반
여자,대전광역시,일반,2등급,743,2018,https://api.odcloud.kr/api/15072696/v1/uddi:ef2810b1-0856-4b7e-aa78-88e3c58c1a38,대전광역시,일반
여자,대전광역시,일반,3등급,1895,2018,https://api.odcloud.kr/api/15072696/v1/uddi:ef2810b1-0856-4b7e-aa78-88e3c58c1a38,대전광역시,일반
여자,대전광역시,일반,4등급,2478,2018,https://api.odcloud.kr/api/15072696/v1/uddi:ef2810b1-0856-4b7e-aa78-88e3c58c1a38,대전광역시,일반
여자,대전광역시,일반,5등급,672,2018,https://api.odcloud.kr/api/15072696/v1/uddi:ef2810b1-0856-4b7e-aa78-88e3c58c1a38,대전광역시,일반
여자,대전광역시,일반,등급외,2151,2018,https://api.odcloud.kr/api/15072696/v1/uddi:ef2810b1-0856-4b7e-aa78-88e3c58c1a38,대전광역시,일반
여자,대전광역시,감경,1등급,287,2018,https://api.odcloud.kr/api/15072696/v1/uddi:ef2810b1-0856-4b7e-aa78-88e3c58c1a38,대전광역시,경감
여자,대전광역시,감경,2등급,558,2018,https://api.odcloud.kr/api/15072696/v1/uddi:ef2810b1-0856-4b7e-aa78-88e3c58c1a38,대전광역시,경감
여자,대전광역시,감경,3등급,1410,2018,https://api.odcloud.kr/api/15072696/v1/uddi:ef2810b1-0856-4b7e-aa78-88e3c58c1a38,대전광역시,경감
여자,대전광역시,감경,4등급,1638,2018,https://api.odcloud.kr/api/15072696/v1/uddi:ef2810b1-0856-4b7e-aa78-88e3c58c1a38,대전광역시,경감
여자,대전광역시,감경,5등급,391,2018,https://api.odcloud.kr/api/15072696/v1/uddi:ef2810b1-0856-4b7e-aa78-88e3c58c1a38,대전광역시,경감
여자,대전광역시,감경,등급외,113,2018,https://api.odcloud.kr/api/15072696/v1/uddi:ef2810b1-0856-4b7e-aa78-88e3c58c1a38,대전광역시,경감
여자,대전광역시,의료급여,1등급,12,2018,https://api.odcloud.kr/api/15072696/v1/uddi:ef2810b1-0856-4b7e-aa78-88e3c58c1a38,대전광역시,의료급여
여자,대전광역시,의료급여,2등급,22,2018,https://api.odcloud.kr/api/15072696/v1/uddi:ef2810b1-0856-4b7e-aa78-88e3c58c1a38,대전광역시,의료급여
여자,대전광역시,의료급여,3등급,51,2018,https://api.odcloud.kr/api/15072696/v1/uddi:ef2810b1-0856-4b7e-aa78-88e3c58c1a38,대전광역시,의료급여
여자,대전광역시,의료급여,4등급,77,2018,https://api.odcloud.kr/api/15072696/v1/uddi:ef2810b1-0856-4b7e-aa78-88e3c58c1a38,대전광역시,의료급여
여자,대전광역시,의료급여,5등급,17,2018,https://api.odcloud.kr/api/15072696/v1/uddi:ef2810b1-0856-4b7e-aa78-88e3c58c1a38,대전광역시,의료급여
여자,대전광역시,의료급여,등급외,36,2018,https://api.odcloud.kr/api/15072696/v1/uddi:ef2810b1-0856-4b7e-aa78-88e3c58c1a38,대전광역시,의료급여
여자,대전광역시,기초수급,1등급,124,2018,https://api.odcloud.kr/api/15072696/v1/uddi:ef2810b1-0856-4b7e-aa78-88e3c58c1a38,대전광역시,기초수급
여자,대전광역시,기초수급,2등급,274,2018,https://api.odcloud.kr/api/15072696/v1/uddi:ef2810b1-0856-4b7e-aa78-88e3c58c1a38,대전광역시,기초수급
여자,대전광역시,기초수급,3등급,557,2018,https://api.odcloud.kr/api/15072696/v1/uddi:ef2810b1-0856-4b7e-aa78-88e3c58c1a38,대전광역시,기초수급
여자,대전광역시,기초수급,4등급,905,2018,https://api.odcloud.kr/api/15072696/v1/uddi:ef2810b1-0856-4b7e-aa78-88e3c58c1a38,대전광역시,기초수급
여자,대전광역시,기초수급,5등급,171,2018,https://api.odcloud.kr/api/15072696/v1/uddi:ef2810b1-0856-4b7e-aa78-88e3c58c1a38,대전광역시,기초수급
여자,대전광역시,기초수급,등급외,936,2018,https://api.odcloud.kr/api/15072696/v1/uddi:ef2810b1-0856-4b7e-aa78-88e3c58c1a38,대전광역시,기초수급
남자,울산광역시,일반,1등급,152,2018,https://api.odcloud.kr/api/15072696/v1/uddi:ef2810b1-0856-4b7e-aa78-88e3c58c1a38,울산광역시,일반
남자,울산광역시,일반,2등급,207,2018,https://api.odcloud.kr/api/15072696/v1/uddi:ef2810b1-0856-4b7e-aa78-88e3c58c1a38,울산광역시,일반
남자,울산광역시,일반,3등급,581,2018,https://api.odcloud.kr/api/15072696/v1/uddi:ef2810b1-0856-4b7e-aa78-88e3c58c1a38,울산광역시,일반
남자,울산광역시,일반,4등급,477,2018,https://api.odcloud.kr/api/15072696/v1/uddi:ef2810b1-0856-4b7e-aa78-88e3c58c1a38,울산광역시,일반
남자,울산광역시,일반,5등급,63,2018,https://api.odcloud.kr/api/15072696/v1/uddi:ef2810b1-0856-4b7e-aa78-88e3c58c1a38,울산광역시,일반
남자,울산광역시,일반,등급외,306,2018,https://api.odcloud.kr/api/15072696/v1/uddi:ef2810b1-0856-4b7e-aa78-88e3c58c1a38,울산광역시,일반
남자,울산광역시,감경,1등급,44,2018,https://api.odcloud.kr/api/15072696/v1/uddi:ef2810b1-0856-4b7e-aa78-88e3c58c1a38,울산광역시,경감
남자,울산광역시,감경,2등급,96,2018,https://api.odcloud.kr/api/15072696/v1/uddi:ef2810b1-0856-4b7e-aa78-88e3c58c1a38,울산광역시,경감
남자,울산광역시,감경,3등급,262,2018,https://api.odcloud.kr/api/15072696/v1/uddi:ef2810b1-0856-4b7e-aa78-88e3c58c1a38,울산광역시,경감
남자,울산광역시,감경,4등급,213,2018,https://api.odcloud.kr/api/15072696/v1/uddi:ef2810b1-0856-4b7e-aa78-88e3c58c1a38,울산광역시,경감
남자,울산광역시,감경,5등급,26,2018,https://api.odcloud.kr/api/15072696/v1/uddi:ef2810b1-0856-4b7e-aa78-88e3c58c1a38,울산광역시,경감
남자,울산광역시,감경,등급외,6,2018,https://api.odcloud.kr/api/15072696/v1/uddi:ef2810b1-0856-4b7e-aa78-88e3c58c1a38,울산광역시,경감
남자,울산광역시,의료급여,2등급,3,2018,https://api.odcloud.kr/api/15072696/v1/uddi:ef2810b1-0856-4b7e-aa78-88e3c58c1a38,울산광역시,의료급여
남자,울산광역시,의료급여,3등급,3,2018,https://api.odcloud.kr/api/15072696/v1/uddi:ef2810b1-0856-4b7e-aa78-88e3c58c1a38,울산광역시,의료급여
남자,울산광역시,의료급여,4등급,8,2018,https://api.odcloud.kr/api/15072696/v1/uddi:ef2810b1-0856-4b7e-aa78-88e3c58c1a38,울산광역시,의료급여
남자,울산광역시,의료급여,5등급,2,2018,https://api.odcloud.kr/api/15072696/v1/uddi:ef2810b1-0856-4b7e-aa78-88e3c58c1a38,울산광역시,의료급여
남자,울산광역시,의료급여,등급외,8,2018,https://api.odcloud.kr/api/15072696/v1/uddi:ef2810b1-0856-4b7e-aa78-88e3c58c1a38,울산광역시,의료급여
남자,울산광역시,기초수급,1등급,24,2018,https://api.odcloud.kr/api/15072696/v1/uddi:ef2810b1-0856-4b7e-aa78-88e3c58c1a38,울산광역시,기초수급
남자,울산광역시,기초수급,2등급,40,2018,https://api.odcloud.kr/api/15072696/v1/uddi:ef2810b1-0856-4b7e-aa78-88e3c58c1a38,울산광역시,기초수급
남자,울산광역시,기초수급,3등급,137,2018,https://api.odcloud.kr/api/15072696/v1/uddi:ef2810b1-0856-4b7e-aa78-88e3c58c1a38,울산광역시,기초수급
남자,울산광역시,기초수급,4등급,197,2018,https://api.odcloud.kr/api/15072696/v1/uddi:ef2810b1-0856-4b7e-aa78-88e3c58c1a38,울산광역시,기초수급
남자,울산광역시,기초수급,5등급,20,2018,https://api.odcloud.kr/api/15072696/v1/uddi:ef2810b1-0856-4b7e-aa78-88e3c58c1a38,울산광역시,기초수급
남자,울산광역시,기초수급,등급외,203,2018,https://api.odcloud.kr/api/15072696/v1/uddi:ef2810b1-0856-4b7e-aa78-88e3c58c1a38,울산광역시,기초수급
여자,울산광역시,일반,1등급,337,2018,https://api.odcloud.kr/api/15072696/v1/uddi:ef2810b1-0856-4b7e-aa78-88e3c58c1a38,울산광역시,일반
여자,울산광역시,일반,2등급,583,2018,https://api.odcloud.kr/api/15072696/v1/uddi:ef2810b1-0856-4b7e-aa78-88e3c58c1a38,울산광역시,일반
여자,울산광역시,일반,3등급,1438,2018,https://api.odcloud.kr/api/15072696/v1/uddi:ef2810b1-0856-4b7e-aa78-88e3c58c1a38,울산광역시,일반
여자,울산광역시,일반,4등급,1384,2018,https://api.odcloud.kr/api/15072696/v1/uddi:ef2810b1-0856-4b7e-aa78-88e3c58c1a38,울산광역시,일반
여자,울산광역시,일반,5등급,226,2018,https://api.odcloud.kr/api/15072696/v1/uddi:ef2810b1-0856-4b7e-aa78-88e3c58c1a38,울산광역시,일반
여자,울산광역시,일반,등급외,811,2018,https://api.odcloud.kr/api/15072696/v1/uddi:ef2810b1-0856-4b7e-aa78-88e3c58c1a38,울산광역시,일반
여자,울산광역시,감경,1등급,142,2018,https://api.odcloud.kr/api/15072696/v1/uddi:ef2810b1-0856-4b7e-aa78-88e3c58c1a38,울산광역시,경감
여자,울산광역시,감경,2등급,267,2018,https://api.odcloud.kr/api/15072696/v1/uddi:ef2810b1-0856-4b7e-aa78-88e3c58c1a38,울산광역시,경감
여자,울산광역시,감경,3등급,638,2018,https://api.odcloud.kr/api/15072696/v1/uddi:ef2810b1-0856-4b7e-aa78-88e3c58c1a38,울산광역시,경감
여자,울산광역시,감경,4등급,546,2018,https://api.odcloud.kr/api/15072696/v1/uddi:ef2810b1-0856-4b7e-aa78-88e3c58c1a38,울산광역시,경감
여자,울산광역시,감경,5등급,102,2018,https://api.odcloud.kr/api/15072696/v1/uddi:ef2810b1-0856-4b7e-aa78-88e3c58c1a38,울산광역시,경감
여자,울산광역시,감경,등급외,13,2018,https://api.odcloud.kr/api/15072696/v1/uddi:ef2810b1-0856-4b7e-aa78-88e3c58c1a38,울산광역시,경감
여자,울산광역시,의료급여,1등급,5,2018,https://api.odcloud.kr/api/15072696/v1/uddi:ef2810b1-0856-4b7e-aa78-88e3c58c1a38,울산광역시,의료급여
여자,울산광역시,의료급여,2등급,12,2018,https://api.odcloud.kr/api/15072696/v1/uddi:ef2810b1-0856-4b7e-aa78-88e3c58c1a38,울산광역시,의료급여
여자,울산광역시,의료급여,3등급,29,2018,https://api.odcloud.kr/api/15072696/v1/uddi:ef2810b1-0856-4b7e-aa78-88e3c58c1a38,울산광역시,의료급여
여자,울산광역시,의료급여,4등급,14,2018,https://api.odcloud.kr/api/15072696/v1/uddi:ef2810b1-0856-4b7e-aa78-88e3c58c1a38,울산광역시,의료급여
여자,울산광역시,의료급여,5등급,7,2018,https://api.odcloud.kr/api/15072696/v1/uddi:ef2810b1-0856-4b7e-aa78-88e3c58c1a38,울산광역시,의료급여
여자,울산광역시,의료급여,등급외,12,2018,https://api.odcloud.kr/api/15072696/v1/uddi:ef2810b1-0856-4b7e-aa78-88e3c58c1a38,울산광역시,의료급여
여자,울산광역시,기초수급,1등급,52,2018,https://api.odcloud.kr/api/15072696/v1/uddi:ef2810b1-0856-4b7e-aa78-88e3c58c1a38,울산광역시,기초수급
여자,울산광역시,기초수급,2등급,127,2018,https://api.odcloud.kr/api/15072696/v1/uddi:ef2810b1-0856-4b7e-aa78-88e3c58c1a38,울산광역시,기초수급
여자,울산광역시,기초수급,3등급,307,2018,https://api.odcloud.kr/api/15072696/v1/uddi:ef2810b1-0856-4b7e-aa78-88e3c58c1a38,울산광역시,기초수급
여자,울산광역시,기초수급,4등급,389,2018,https://api.odcloud.kr/api/15072696/v1/uddi:ef2810b1-0856-4b7e-aa78-88e3c58c1a38,울산광역시,기초수급
여자,울산광역시,기초수급,5등급,50,2018,https://api.odcloud.kr/api/15072696/v1/uddi:ef2810b1-0856-4b7e-aa78-88e3c58c1a38,울산광역시,기초수급
여자,울산광역시,기초수급,등급외,363,2018,https://api.odcloud.kr/api/15072696/v1/uddi:ef2810b1-0856-4b7e-aa78-88e3c58c1a38,울산광역시,기초수급
남자,세종특별자치시,일반,1등급,32,2018,https://api.odcloud.kr/api/15072696/v1/uddi:ef2810b1-0856-4b7e-aa78-88e3c58c1a38,세종특별자치시,일반
남자,세종특별자치시,일반,2등급,63,2018,https://api.odcloud.kr/api/15072696/v1/uddi:ef2810b1-0856-4b7e-aa78-88e3c58c1a38,세종특별자치시,일반
남자,세종특별자치시,일반,3등급,142,2018,https://api.odcloud.kr/api/15072696/v1/uddi:ef2810b1-0856-4b7e-aa78-88e3c58c1a38,세종특별자치시,일반
남자,세종특별자치시,일반,4등급,184,2018,https://api.odcloud.kr/api/15072696/v1/uddi:ef2810b1-0856-4b7e-aa78-88e3c58c1a38,세종특별자치시,일반
남자,세종특별자치시,일반,5등급,46,2018,https://api.odcloud.kr/api/15072696/v1/uddi:ef2810b1-0856-4b7e-aa78-88e3c58c1a38,세종특별자치시,일반
남자,세종특별자치시,일반,등급외,94,2018,https://api.odcloud.kr/api/15072696/v1/uddi:ef2810b1-0856-4b7e-aa78-88e3c58c1a38,세종특별자치시,일반
남자,세종특별자치시,감경,1등급,14,2018,https://api.odcloud.kr/api/15072696/v1/uddi:ef2810b1-0856-4b7e-aa78-88e3c58c1a38,세종특별자치시,경감
남자,세종특별자치시,감경,2등급,32,2018,https://api.odcloud.kr/api/15072696/v1/uddi:ef2810b1-0856-4b7e-aa78-88e3c58c1a38,세종특별자치시,경감
남자,세종특별자치시,감경,3등급,57,2018,https://api.odcloud.kr/api/15072696/v1/uddi:ef2810b1-0856-4b7e-aa78-88e3c58c1a38,세종특별자치시,경감
남자,세종특별자치시,감경,4등급,77,2018,https://api.odcloud.kr/api/15072696/v1/uddi:ef2810b1-0856-4b7e-aa78-88e3c58c1a38,세종특별자치시,경감
남자,세종특별자치시,감경,5등급,13,2018,https://api.odcloud.kr/api/15072696/v1/uddi:ef2810b1-0856-4b7e-aa78-88e3c58c1a38,세종특별자치시,경감
남자,세종특별자치시,감경,등급외,5,2018,https://api.odcloud.kr/api/15072696/v1/uddi:ef2810b1-0856-4b7e-aa78-88e3c58c1a38,세종특별자치시,경감
남자,세종특별자치시,의료급여,1등급,1,2018,https://api.odcloud.kr/api/15072696/v1/uddi:ef2810b1-0856-4b7e-aa78-88e3c58c1a38,세종특별자치시,의료급여
남자,세종특별자치시,의료급여,2등급,3,2018,https://api.odcloud.kr/api/15072696/v1/uddi:ef2810b1-0856-4b7e-aa78-88e3c58c1a38,세종특별자치시,의료급여
남자,세종특별자치시,의료급여,3등급,5,2018,https://api.odcloud.kr/api/15072696/v1/uddi:ef2810b1-0856-4b7e-aa78-88e3c58c1a38,세종특별자치시,의료급여
남자,세종특별자치시,의료급여,4등급,2,2018,https://api.odcloud.kr/api/15072696/v1/uddi:ef2810b1-0856-4b7e-aa78-88e3c58c1a38,세종특별자치시,의료급여
남자,세종특별자치시,의료급여,등급외,0,2018,https://api.odcloud.kr/api/15072696/v1/uddi:ef2810b1-0856-4b7e-aa78-88e3c58c1a38,세종특별자치시,의료급여
남자,세종특별자치시,기초수급,1등급,4,2018,https://api.odcloud.kr/api/15072696/v1/uddi:ef2810b1-0856-4b7e-aa78-88e3c58c1a38,세종특별자치시,기초수급
남자,세종특별자치시,기초수급,2등급,11,2018,https://api.odcloud.kr/api/15072696/v1/uddi:ef2810b1-0856-4b7e-aa78-88e3c58c1a38,세종특별자치시,기초수급
남자,세종특별자치시,기초수급,3등급,18,2018,https://api.odcloud.kr/api/15072696/v1/uddi:ef2810b1-0856-4b7e-aa78-88e3c58c1a38,세종특별자치시,기초수급
남자,세종특별자치시,기초수급,4등급,34,2018,https://api.odcloud.kr/api/15072696/v1/uddi:ef2810b1-0856-4b7e-aa78-88e3c58c1a38,세종특별자치시,기초수급
남자,세종특별자치시,기초수급,5등급,1,2018,https://api.odcloud.kr/api/15072696/v1/uddi:ef2810b1-0856-4b7e-aa78-88e3c58c1a38,세종특별자치시,기초수급
남자,세종특별자치시,기초수급,등급외,33,2018,https://api.odcloud.kr/api/15072696/v1/uddi:ef2810b1-0856-4b7e-aa78-88e3c58c1a38,세종특별자치시,기초수급
여자,세종특별자치시,일반,1등급,75,2018,https://api.odcloud.kr/api/15072696/v1/uddi:ef2810b1-0856-4b7e-aa78-88e3c58c1a38,세종특별자치시,일반
여자,세종특별자치시,일반,2등급,150,2018,https://api.odcloud.kr/api/15072696/v1/uddi:ef2810b1-0856-4b7e-aa78-88e3c58c1a38,세종특별자치시,일반
여자,세종특별자치시,일반,3등급,361,2018,https://api.odcloud.kr/api/15072696/v1/uddi:ef2810b1-0856-4b7e-aa78-88e3c58c1a38,세종특별자치시,일반
여자,세종특별자치시,일반,4등급,484,2018,https://api.odcloud.kr/api/15072696/v1/uddi:ef2810b1-0856-4b7e-aa78-88e3c58c1a38,세종특별자치시,일반
여자,세종특별자치시,일반,5등급,114,2018,https://api.odcloud.kr/api/15072696/v1/uddi:ef2810b1-0856-4b7e-aa78-88e3c58c1a38,세종특별자치시,일반
여자,세종특별자치시,일반,등급외,261,2018,https://api.odcloud.kr/api/15072696/v1/uddi:ef2810b1-0856-4b7e-aa78-88e3c58c1a38,세종특별자치시,일반
여자,세종특별자치시,감경,1등급,39,2018,https://api.odcloud.kr/api/15072696/v1/uddi:ef2810b1-0856-4b7e-aa78-88e3c58c1a38,세종특별자치시,경감
여자,세종특별자치시,감경,2등급,94,2018,https://api.odcloud.kr/api/15072696/v1/uddi:ef2810b1-0856-4b7e-aa78-88e3c58c1a38,세종특별자치시,경감
여자,세종특별자치시,감경,3등급,208,2018,https://api.odcloud.kr/api/15072696/v1/uddi:ef2810b1-0856-4b7e-aa78-88e3c58c1a38,세종특별자치시,경감
여자,세종특별자치시,감경,4등급,202,2018,https://api.odcloud.kr/api/15072696/v1/uddi:ef2810b1-0856-4b7e-aa78-88e3c58c1a38,세종특별자치시,경감
여자,세종특별자치시,감경,5등급,53,2018,https://api.odcloud.kr/api/15072696/v1/uddi:ef2810b1-0856-4b7e-aa78-88e3c58c1a38,세종특별자치시,경감
여자,세종특별자치시,감경,등급외,13,2018,https://api.odcloud.kr/api/15072696/v1/uddi:ef2810b1-0856-4b7e-aa78-88e3c58c1a38,세종특별자치시,경감
여자,세종특별자치시,의료급여,2등급,3,2018,https://api.odcloud.kr/api/15072696/v1/uddi:ef2810b1-0856-4b7e-aa78-88e3c58c1a38,세종특별자치시,의료급여
여자,세종특별자치시,의료급여,3등급,8,2018,https://api.odcloud.kr/api/15072696/v1/uddi:ef2810b1-0856-4b7e-aa78-88e3c58c1a38,세종특별자치시,의료급여
여자,세종특별자치시,의료급여,4등급,8,2018,https://api.odcloud.kr/api/15072696/v1/uddi:ef2810b1-0856-4b7e-aa78-88e3c58c1a38,세종특별자치시,의료급여
여자,세종특별자치시,의료급여,5등급,0,2018,https://api.odcloud.kr/api/15072696/v1/uddi:ef2810b1-0856-4b7e-aa78-88e3c58c1a38,세종특별자치시,의료급여
여자,세종특별자치시,의료급여,등급외,6,2018,https://api.odcloud.kr/api/15072696/v1/uddi:ef2810b1-0856-4b7e-aa78-88e3c58c1a38,세종특별자치시,의료급여
여자,세종특별자치시,기초수급,1등급,16,2018,https://api.odcloud.kr/api/15072696/v1/uddi:ef2810b1-0856-4b7e-aa78-88e3c58c1a38,세종특별자치시,기초수급
여자,세종특별자치시,기초수급,2등급,24,2018,https://api.odcloud.kr/api/15072696/v1/uddi:ef2810b1-0856-4b7e-aa78-88e3c58c1a38,세종특별자치시,기초수급
여자,세종특별자치시,기초수급,3등급,52,2018,https://api.odcloud.kr/api/15072696/v1/uddi:ef2810b1-0856-4b7e-aa78-88e3c58c1a38,세종특별자치시,기초수급
여자,세종특별자치시,기초수급,4등급,60,2018,https://api.odcloud.kr/api/15072696/v1/uddi:ef2810b1-0856-4b7e-aa78-88e3c58c1a38,세종특별자치시,기초수급
여자,세종특별자치시,기초수급,5등급,10,2018,https://api.odcloud.kr/api/15072696/v1/uddi:ef2810b1-0856-4b7e-aa78-88e3c58c1a38,세종특별자치시,기초수급
여자,세종특별자치시,기초수급,등급외,75,2018,https://api.odcloud.kr/api/15072696/v1/uddi:ef2810b1-0856-4b7e-aa78-88e3c58c1a38,세종특별자치시,기초수급
남자,경기도,일반,1등급,1534,2018,https://api.odcloud.kr/api/15072696/v1/uddi:ef2810b1-0856-4b7e-aa78-88e3c58c1a38,경기도,일반
남자,경기도,일반,2등급,2396,2018,https://api.odcloud.kr/api/15072696/v1/uddi:ef2810b1-0856-4b7e-aa78-88e3c58c1a38,경기도,일반
남자,경기도,일반,3등급,7099,2018,https://api.odcloud.kr/api/15072696/v1/uddi:ef2810b1-0856-4b7e-aa78-88e3c58c1a38,경기도,일반
남자,경기도,일반,4등급,7333,2018,https://api.odcloud.kr/api/15072696/v1/uddi:ef2810b1-0856-4b7e-aa78-88e3c58c1a38,경기도,일반
남자,경기도,일반,5등급,1728,2018,https://api.odcloud.kr/api/15072696/v1/uddi:ef2810b1-0856-4b7e-aa78-88e3c58c1a38,경기도,일반
남자,경기도,일반,등급외,4829,2018,https://api.odcloud.kr/api/15072696/v1/uddi:ef2810b1-0856-4b7e-aa78-88e3c58c1a38,경기도,일반
남자,경기도,감경,1등급,891,2018,https://api.odcloud.kr/api/15072696/v1/uddi:ef2810b1-0856-4b7e-aa78-88e3c58c1a38,경기도,경감
남자,경기도,감경,2등급,1581,2018,https://api.odcloud.kr/api/15072696/v1/uddi:ef2810b1-0856-4b7e-aa78-88e3c58c1a38,경기도,경감
남자,경기도,감경,3등급,4602,2018,https://api.odcloud.kr/api/15072696/v1/uddi:ef2810b1-0856-4b7e-aa78-88e3c58c1a38,경기도,경감
남자,경기도,감경,4등급,4646,2018,https://api.odcloud.kr/api/15072696/v1/uddi:ef2810b1-0856-4b7e-aa78-88e3c58c1a38,경기도,경감
남자,경기도,감경,5등급,1074,2018,https://api.odcloud.kr/api/15072696/v1/uddi:ef2810b1-0856-4b7e-aa78-88e3c58c1a38,경기도,경감
남자,경기도,감경,등급외,228,2018,https://api.odcloud.kr/api/15072696/v1/uddi:ef2810b1-0856-4b7e-aa78-88e3c58c1a38,경기도,경감
남자,경기도,의료급여,1등급,26,2018,https://api.odcloud.kr/api/15072696/v1/uddi:ef2810b1-0856-4b7e-aa78-88e3c58c1a38,경기도,의료급여
남자,경기도,의료급여,2등급,55,2018,https://api.odcloud.kr/api/15072696/v1/uddi:ef2810b1-0856-4b7e-aa78-88e3c58c1a38,경기도,의료급여
남자,경기도,의료급여,3등급,135,2018,https://api.odcloud.kr/api/15072696/v1/uddi:ef2810b1-0856-4b7e-aa78-88e3c58c1a38,경기도,의료급여
남자,경기도,의료급여,4등급,150,2018,https://api.odcloud.kr/api/15072696/v1/uddi:ef2810b1-0856-4b7e-aa78-88e3c58c1a38,경기도,의료급여
남자,경기도,의료급여,5등급,40,2018,https://api.odcloud.kr/api/15072696/v1/uddi:ef2810b1-0856-4b7e-aa78-88e3c58c1a38,경기도,의료급여
남자,경기도,의료급여,등급외,92,2018,https://api.odcloud.kr/api/15072696/v1/uddi:ef2810b1-0856-4b7e-aa78-88e3c58c1a38,경기도,의료급여
남자,경기도,기초수급,1등급,420,2018,https://api.odcloud.kr/api/15072696/v1/uddi:ef2810b1-0856-4b7e-aa78-88e3c58c1a38,경기도,기초수급
남자,경기도,기초수급,2등급,649,2018,https://api.odcloud.kr/api/15072696/v1/uddi:ef2810b1-0856-4b7e-aa78-88e3c58c1a38,경기도,기초수급
남자,경기도,기초수급,3등급,1968,2018,https://api.odcloud.kr/api/15072696/v1/uddi:ef2810b1-0856-4b7e-aa78-88e3c58c1a38,경기도,기초수급
남자,경기도,기초수급,4등급,2515,2018,https://api.odcloud.kr/api/15072696/v1/uddi:ef2810b1-0856-4b7e-aa78-88e3c58c1a38,경기도,기초수급
남자,경기도,기초수급,5등급,496,2018,https://api.odcloud.kr/api/15072696/v1/uddi:ef2810b1-0856-4b7e-aa78-88e3c58c1a38,경기도,기초수급
남자,경기도,기초수급,등급외,2361,2018,https://api.odcloud.kr/api/15072696/v1/uddi:ef2810b1-0856-4b7e-aa78-88e3c58c1a38,경기도,기초수급
여자,경기도,일반,1등급,3723,2018,https://api.odcloud.kr/api/15072696/v1/uddi:ef2810b1-0856-4b7e-aa78-88e3c58c1a38,경기도,일반
여자,경기도,일반,2등급,6474,2018,https://api.odcloud.kr/api/15072696/v1/uddi:ef2810b1-0856-4b7e-aa78-88e3c58c1a38,경기도,일반
여자,경기도,일반,3등급,16789,2018,https://api.odcloud.kr/api/15072696/v1/uddi:ef2810b1-0856-4b7e-aa78-88e3c58c1a38,경기도,일반
여자,경기도,일반,4등급,18104,2018,https://api.odcloud.kr/api/15072696/v1/uddi:ef2810b1-0856-4b7e-aa78-88e3c58c1a38,경기도,일반
여자,경기도,일반,5등급,4409,2018,https://api.odcloud.kr/api/15072696/v1/uddi:ef2810b1-0856-4b7e-aa78-88e3c58c1a38,경기도,일반
여자,경기도,일반,등급외,12418,2018,https://api.odcloud.kr/api/15072696/v1/uddi:ef2810b1-0856-4b7e-aa78-88e3c58c1a38,경기도,일반
여자,경기도,감경,1등급,2537,2018,https://api.odcloud.kr/api/15072696/v1/uddi:ef2810b1-0856-4b7e-aa78-88e3c58c1a38,경기도,경감
여자,경기도,감경,2등급,4984,2018,https://api.odcloud.kr/api/15072696/v1/uddi:ef2810b1-0856-4b7e-aa78-88e3c58c1a38,경기도,경감
여자,경기도,감경,3등급,12277,2018,https://api.odcloud.kr/api/15072696/v1/uddi:ef2810b1-0856-4b7e-aa78-88e3c58c1a38,경기도,경감
여자,경기도,감경,4등급,12323,2018,https://api.odcloud.kr/api/15072696/v1/uddi:ef2810b1-0856-4b7e-aa78-88e3c58c1a38,경기도,경감
여자,경기도,감경,5등급,2853,2018,https://api.odcloud.kr/api/15072696/v1/uddi:ef2810b1-0856-4b7e-aa78-88e3c58c1a38,경기도,경감
여자,경기도,감경,등급외,531,2018,https://api.odcloud.kr/api/15072696/v1/uddi:ef2810b1-0856-4b7e-aa78-88e3c58c1a38,경기도,경감
여자,경기도,의료급여,1등급,61,2018,https://api.odcloud.kr/api/15072696/v1/uddi:ef2810b1-0856-4b7e-aa78-88e3c58c1a38,경기도,의료급여
여자,경기도,의료급여,2등급,152,2018,https://api.odcloud.kr/api/15072696/v1/uddi:ef2810b1-0856-4b7e-aa78-88e3c58c1a38,경기도,의료급여
여자,경기도,의료급여,3등급,423,2018,https://api.odcloud.kr/api/15072696/v1/uddi:ef2810b1-0856-4b7e-aa78-88e3c58c1a38,경기도,의료급여
여자,경기도,의료급여,4등급,420,2018,https://api.odcloud.kr/api/15072696/v1/uddi:ef2810b1-0856-4b7e-aa78-88e3c58c1a38,경기도,의료급여
여자,경기도,의료급여,5등급,76,2018,https://api.odcloud.kr/api/15072696/v1/uddi:ef2810b1-0856-4b7e-aa78-88e3c58c1a38,경기도,의료급여
여자,경기도,의료급여,등급외,167,2018,https://api.odcloud.kr/api/15072696/v1/uddi:ef2810b1-0856-4b7e-aa78-88e3c58c1a38,경기도,의료급여
여자,경기도,기초수급,1등급,1124,2018,https://api.odcloud.kr/api/15072696/v1/uddi:ef2810b1-0856-4b7e-aa78-88e3c58c1a38,경기도,기초수급
여자,경기도,기초수급,2등급,1963,2018,https://api.odcloud.kr/api/15072696/v1/uddi:ef2810b1-0856-4b7e-aa78-88e3c58c1a38,경기도,기초수급
여자,경기도,기초수급,3등급,4869,2018,https://api.odcloud.kr/api/15072696/v1/uddi:ef2810b1-0856-4b7e-aa78-88e3c58c1a38,경기도,기초수급
여자,경기도,기초수급,4등급,6032,2018,https://api.odcloud.kr/api/15072696/v1/uddi:ef2810b1-0856-4b7e-aa78-88e3c58c1a38,경기도,기초수급
여자,경기도,기초수급,5등급,1162,2018,https://api.odcloud.kr/api/15072696/v1/uddi:ef2810b1-0856-4b7e-aa78-88e3c58c1a38,경기도,기초수급
여자,경기도,기초수급,등급외,4725,2018,https://api.odcloud.kr/api/15072696/v1/uddi:ef2810b1-0856-4b7e-aa78-88e3c58c1a38,경기도,기초수급
남자,강원특별자치도,일반,1등급,303,2018,https://api.odcloud.kr/api/15072696/v1/uddi:ef2810b1-0856-4b7e-aa78-88e3c58c1a38,강원도,일반
남자,강원특별자치도,일반,2등급,561,2018,https://api.odcloud.kr/api/15072696/v1/uddi:ef2810b1-0856-4b7e-aa78-88e3c58c1a38,강원도,일반
남자,강원특별자치도,일반,3등급,1251,2018,https://api.odcloud.kr/api/15072696/v1/uddi:ef2810b1-0856-4b7e-aa78-88e3c58c1a38,강원도,일반
남자,강원특별자치도,일반,4등급,1119,2018,https://api.odcloud.kr/api/15072696/v1/uddi:ef2810b1-0856-4b7e-aa78-88e3c58c1a38,강원도,일반
남자,강원특별자치도,일반,5등급,210,2018,https://api.odcloud.kr/api/15072696/v1/uddi:ef2810b1-0856-4b7e-aa78-88e3c58c1a38,강원도,일반
남자,강원특별자치도,일반,등급외,1196,2018,https://api.odcloud.kr/api/15072696/v1/uddi:ef2810b1-0856-4b7e-aa78-88e3c58c1a38,강원도,일반
남자,강원특별자치도,감경,1등급,242,2018,https://api.odcloud.kr/api/15072696/v1/uddi:ef2810b1-0856-4b7e-aa78-88e3c58c1a38,강원도,경감
남자,강원특별자치도,감경,2등급,419,2018,https://api.odcloud.kr/api/15072696/v1/uddi:ef2810b1-0856-4b7e-aa78-88e3c58c1a38,강원도,경감
남자,강원특별자치도,감경,3등급,1017,2018,https://api.odcloud.kr/api/15072696/v1/uddi:ef2810b1-0856-4b7e-aa78-88e3c58c1a38,강원도,경감
남자,강원특별자치도,감경,4등급,782,2018,https://api.odcloud.kr/api/15072696/v1/uddi:ef2810b1-0856-4b7e-aa78-88e3c58c1a38,강원도,경감
남자,강원특별자치도,감경,5등급,125,2018,https://api.odcloud.kr/api/15072696/v1/uddi:ef2810b1-0856-4b7e-aa78-88e3c58c1a38,강원도,경감
남자,강원특별자치도,감경,등급외,70,2018,https://api.odcloud.kr/api/15072696/v1/uddi:ef2810b1-0856-4b7e-aa78-88e3c58c1a38,강원도,경감
남자,강원특별자치도,의료급여,1등급,11,2018,https://api.odcloud.kr/api/15072696/v1/uddi:ef2810b1-0856-4b7e-aa78-88e3c58c1a38,강원도,의료급여
남자,강원특별자치도,의료급여,2등급,24,2018,https://api.odcloud.kr/api/15072696/v1/uddi:ef2810b1-0856-4b7e-aa78-88e3c58c1a38,강원도,의료급여
남자,강원특별자치도,의료급여,3등급,37,2018,https://api.odcloud.kr/api/15072696/v1/uddi:ef2810b1-0856-4b7e-aa78-88e3c58c1a38,강원도,의료급여
남자,강원특별자치도,의료급여,4등급,44,2018,https://api.odcloud.kr/api/15072696/v1/uddi:ef2810b1-0856-4b7e-aa78-88e3c58c1a38,강원도,의료급여
남자,강원특별자치도,의료급여,5등급,3,2018,https://api.odcloud.kr/api/15072696/v1/uddi:ef2810b1-0856-4b7e-aa78-88e3c58c1a38,강원도,의료급여
남자,강원특별자치도,의료급여,등급외,26,2018,https://api.odcloud.kr/api/15072696/v1/uddi:ef2810b1-0856-4b7e-aa78-88e3c58c1a38,강원도,의료급여
남자,강원특별자치도,기초수급,1등급,142,2018,https://api.odcloud.kr/api/15072696/v1/uddi:ef2810b1-0856-4b7e-aa78-88e3c58c1a38,강원도,기초수급
남자,강원특별자치도,기초수급,2등급,203,2018,https://api.odcloud.kr/api/15072696/v1/uddi:ef2810b1-0856-4b7e-aa78-88e3c58c1a38,강원도,기초수급
남자,강원특별자치도,기초수급,3등급,518,2018,https://api.odcloud.kr/api/15072696/v1/uddi:ef2810b1-0856-4b7e-aa78-88e3c58c1a38,강원도,기초수급
남자,강원특별자치도,기초수급,4등급,574,2018,https://api.odcloud.kr/api/15072696/v1/uddi:ef2810b1-0856-4b7e-aa78-88e3c58c1a38,강원도,기초수급
남자,강원특별자치도,기초수급,5등급,66,2018,https://api.odcloud.kr/api/15072696/v1/uddi:ef2810b1-0856-4b7e-aa78-88e3c58c1a38,강원도,기초수급
남자,강원특별자치도,기초수급,등급외,641,2018,https://api.odcloud.kr/api/15072696/v1/uddi:ef2810b1-0856-4b7e-aa78-88e3c58c1a38,강원도,기초수급
여자,강원특별자치도,일반,1등급,707,2018,https://api.odcloud.kr/api/15072696/v1/uddi:ef2810b1-0856-4b7e-aa78-88e3c58c1a38,강원도,일반
여자,강원특별자치도,일반,2등급,1330,2018,https://api.odcloud.kr/api/15072696/v1/uddi:ef2810b1-0856-4b7e-aa78-88e3c58c1a38,강원도,일반
여자,강원특별자치도,일반,3등급,2899,2018,https://api.odcloud.kr/api/15072696/v1/uddi:ef2810b1-0856-4b7e-aa78-88e3c58c1a38,강원도,일반
여자,강원특별자치도,일반,4등급,2869,2018,https://api.odcloud.kr/api/15072696/v1/uddi:ef2810b1-0856-4b7e-aa78-88e3c58c1a38,강원도,일반
여자,강원특별자치도,일반,5등급,530,2018,https://api.odcloud.kr/api/15072696/v1/uddi:ef2810b1-0856-4b7e-aa78-88e3c58c1a38,강원도,일반
여자,강원특별자치도,일반,등급외,2930,2018,https://api.odcloud.kr/api/15072696/v1/uddi:ef2810b1-0856-4b7e-aa78-88e3c58c1a38,강원도,일반
여자,강원특별자치도,감경,1등급,657,2018,https://api.odcloud.kr/api/15072696/v1/uddi:ef2810b1-0856-4b7e-aa78-88e3c58c1a38,강원도,경감
여자,강원특별자치도,감경,2등급,1201,2018,https://api.odcloud.kr/api/15072696/v1/uddi:ef2810b1-0856-4b7e-aa78-88e3c58c1a38,강원도,경감
여자,강원특별자치도,감경,3등급,2640,2018,https://api.odcloud.kr/api/15072696/v1/uddi:ef2810b1-0856-4b7e-aa78-88e3c58c1a38,강원도,경감
여자,강원특별자치도,감경,4등급,2484,2018,https://api.odcloud.kr/api/15072696/v1/uddi:ef2810b1-0856-4b7e-aa78-88e3c58c1a38,강원도,경감
여자,강원특별자치도,감경,5등급,437,2018,https://api.odcloud.kr/api/15072696/v1/uddi:ef2810b1-0856-4b7e-aa78-88e3c58c1a38,강원도,경감
여자,강원특별자치도,감경,등급외,178,2018,https://api.odcloud.kr/api/15072696/v1/uddi:ef2810b1-0856-4b7e-aa78-88e3c58c1a38,강원도,경감
여자,강원특별자치도,의료급여,1등급,19,2018,https://api.odcloud.kr/api/15072696/v1/uddi:ef2810b1-0856-4b7e-aa78-88e3c58c1a38,강원도,의료급여
여자,강원특별자치도,의료급여,2등급,53,2018,https://api.odcloud.kr/api/15072696/v1/uddi:ef2810b1-0856-4b7e-aa78-88e3c58c1a38,강원도,의료급여
여자,강원특별자치도,의료급여,3등급,117,2018,https://api.odcloud.kr/api/15072696/v1/uddi:ef2810b1-0856-4b7e-aa78-88e3c58c1a38,강원도,의료급여
여자,강원특별자치도,의료급여,4등급,119,2018,https://api.odcloud.kr/api/15072696/v1/uddi:ef2810b1-0856-4b7e-aa78-88e3c58c1a38,강원도,의료급여
여자,강원특별자치도,의료급여,5등급,19,2018,https://api.odcloud.kr/api/15072696/v1/uddi:ef2810b1-0856-4b7e-aa78-88e3c58c1a38,강원도,의료급여
여자,강원특별자치도,의료급여,등급외,85,2018,https://api.odcloud.kr/api/15072696/v1/uddi:ef2810b1-0856-4b7e-aa78-88e3c58c1a38,강원도,의료급여
여자,강원특별자치도,기초수급,1등급,347,2018,https://api.odcloud.kr/api/15072696/v1/uddi:ef2810b1-0856-4b7e-aa78-88e3c58c1a38,강원도,기초수급
여자,강원특별자치도,기초수급,2등급,585,2018,https://api.odcloud.kr/api/15072696/v1/uddi:ef2810b1-0856-4b7e-aa78-88e3c58c1a38,강원도,기초수급
여자,강원특별자치도,기초수급,3등급,1262,2018,https://api.odcloud.kr/api/15072696/v1/uddi:ef2810b1-0856-4b7e-aa78-88e3c58c1a38,강원도,기초수급
여자,강원특별자치도,기초수급,4등급,1237,2018,https://api.odcloud.kr/api/15072696/v1/uddi:ef2810b1-0856-4b7e-aa78-88e3c58c1a38,강원도,기초수급
여자,강원특별자치도,기초수급,5등급,163,2018,https://api.odcloud.kr/api/15072696/v1/uddi:ef2810b1-0856-4b7e-aa78-88e3c58c1a38,강원도,기초수급
여자,강원특별자치도,기초수급,등급외,1302,2018,https://api.odcloud.kr/api/15072696/v1/uddi:ef2810b1-0856-4b7e-aa78-88e3c58c1a38,강원도,기초수급
남자,충청북도,일반,1등급,230,2018,https://api.odcloud.kr/api/15072696/v1/uddi:ef2810b1-0856-4b7e-aa78-88e3c58c1a38,충청북도,일반
남자,충청북도,일반,2등급,438,2018,https://api.odcloud.kr/api/15072696/v1/uddi:ef2810b1-0856-4b7e-aa78-88e3c58c1a38,충청북도,일반
남자,충청북도,일반,3등급,1028,2018,https://api.odcloud.kr/api/15072696/v1/uddi:ef2810b1-0856-4b7e-aa78-88e3c58c1a38,충청북도,일반
남자,충청북도,일반,4등급,1134,2018,https://api.odcloud.kr/api/15072696/v1/uddi:ef2810b1-0856-4b7e-aa78-88e3c58c1a38,충청북도,일반
남자,충청북도,일반,5등급,292,2018,https://api.odcloud.kr/api/15072696/v1/uddi:ef2810b1-0856-4b7e-aa78-88e3c58c1a38,충청북도,일반
남자,충청북도,일반,등급외,1042,2018,https://api.odcloud.kr/api/15072696/v1/uddi:ef2810b1-0856-4b7e-aa78-88e3c58c1a38,충청북도,일반
남자,충청북도,감경,1등급,137,2018,https://api.odcloud.kr/api/15072696/v1/uddi:ef2810b1-0856-4b7e-aa78-88e3c58c1a38,충청북도,경감
남자,충청북도,감경,2등급,343,2018,https://api.odcloud.kr/api/15072696/v1/uddi:ef2810b1-0856-4b7e-aa78-88e3c58c1a38,충청북도,경감
남자,충청북도,감경,3등급,727,2018,https://api.odcloud.kr/api/15072696/v1/uddi:ef2810b1-0856-4b7e-aa78-88e3c58c1a38,충청북도,경감
남자,충청북도,감경,4등급,770,2018,https://api.odcloud.kr/api/15072696/v1/uddi:ef2810b1-0856-4b7e-aa78-88e3c58c1a38,충청북도,경감
남자,충청북도,감경,5등급,164,2018,https://api.odcloud.kr/api/15072696/v1/uddi:ef2810b1-0856-4b7e-aa78-88e3c58c1a38,충청북도,경감
남자,충청북도,감경,등급외,38,2018,https://api.odcloud.kr/api/15072696/v1/uddi:ef2810b1-0856-4b7e-aa78-88e3c58c1a38,충청북도,경감
남자,충청북도,의료급여,1등급,4,2018,https://api.odcloud.kr/api/15072696/v1/uddi:ef2810b1-0856-4b7e-aa78-88e3c58c1a38,충청북도,의료급여
남자,충청북도,의료급여,2등급,12,2018,https://api.odcloud.kr/api/15072696/v1/uddi:ef2810b1-0856-4b7e-aa78-88e3c58c1a38,충청북도,의료급여
남자,충청북도,의료급여,3등급,35,2018,https://api.odcloud.kr/api/15072696/v1/uddi:ef2810b1-0856-4b7e-aa78-88e3c58c1a38,충청북도,의료급여
남자,충청북도,의료급여,4등급,34,2018,https://api.odcloud.kr/api/15072696/v1/uddi:ef2810b1-0856-4b7e-aa78-88e3c58c1a38,충청북도,의료급여
남자,충청북도,의료급여,5등급,8,2018,https://api.odcloud.kr/api/15072696/v1/uddi:ef2810b1-0856-4b7e-aa78-88e3c58c1a38,충청북도,의료급여
남자,충청북도,의료급여,등급외,24,2018,https://api.odcloud.kr/api/15072696/v1/uddi:ef2810b1-0856-4b7e-aa78-88e3c58c1a38,충청북도,의료급여
남자,충청북도,기초수급,1등급,107,2018,https://api.odcloud.kr/api/15072696/v1/uddi:ef2810b1-0856-4b7e-aa78-88e3c58c1a38,충청북도,기초수급
남자,충청북도,기초수급,2등급,135,2018,https://api.odcloud.kr/api/15072696/v1/uddi:ef2810b1-0856-4b7e-aa78-88e3c58c1a38,충청북도,기초수급
남자,충청북도,기초수급,3등급,331,2018,https://api.odcloud.kr/api/15072696/v1/uddi:ef2810b1-0856-4b7e-aa78-88e3c58c1a38,충청북도,기초수급
남자,충청북도,기초수급,4등급,417,2018,https://api.odcloud.kr/api/15072696/v1/uddi:ef2810b1-0856-4b7e-aa78-88e3c58c1a38,충청북도,기초수급
남자,충청북도,기초수급,5등급,61,2018,https://api.odcloud.kr/api/15072696/v1/uddi:ef2810b1-0856-4b7e-aa78-88e3c58c1a38,충청북도,기초수급
남자,충청북도,기초수급,등급외,480,2018,https://api.odcloud.kr/api/15072696/v1/uddi:ef2810b1-0856-4b7e-aa78-88e3c58c1a38,충청북도,기초수급
여자,충청북도,일반,1등급,598,2018,https://api.odcloud.kr/api/15072696/v1/uddi:ef2810b1-0856-4b7e-aa78-88e3c58c1a38,충청북도,일반
여자,충청북도,일반,2등급,1243,2018,https://api.odcloud.kr/api/15072696/v1/uddi:ef2810b1-0856-4b7e-aa78-88e3c58c1a38,충청북도,일반
여자,충청북도,일반,3등급,2743,2018,https://api.odcloud.kr/api/15072696/v1/uddi:ef2810b1-0856-4b7e-aa78-88e3c58c1a38,충청북도,일반
여자,충청북도,일반,4등급,3057,2018,https://api.odcloud.kr/api/15072696/v1/uddi:ef2810b1-0856-4b7e-aa78-88e3c58c1a38,충청북도,일반
여자,충청북도,일반,5등급,707,2018,https://api.odcloud.kr/api/15072696/v1/uddi:ef2810b1-0856-4b7e-aa78-88e3c58c1a38,충청북도,일반
여자,충청북도,일반,등급외,2498,2018,https://api.odcloud.kr/api/15072696/v1/uddi:ef2810b1-0856-4b7e-aa78-88e3c58c1a38,충청북도,일반
여자,충청북도,감경,1등급,462,2018,https://api.odcloud.kr/api/15072696/v1/uddi:ef2810b1-0856-4b7e-aa78-88e3c58c1a38,충청북도,경감
여자,충청북도,감경,2등급,1146,2018,https://api.odcloud.kr/api/15072696/v1/uddi:ef2810b1-0856-4b7e-aa78-88e3c58c1a38,충청북도,경감
여자,충청북도,감경,3등급,2311,2018,https://api.odcloud.kr/api/15072696/v1/uddi:ef2810b1-0856-4b7e-aa78-88e3c58c1a38,충청북도,경감
여자,충청북도,감경,4등급,2369,2018,https://api.odcloud.kr/api/15072696/v1/uddi:ef2810b1-0856-4b7e-aa78-88e3c58c1a38,충청북도,경감
여자,충청북도,감경,5등급,532,2018,https://api.odcloud.kr/api/15072696/v1/uddi:ef2810b1-0856-4b7e-aa78-88e3c58c1a38,충청북도,경감
여자,충청북도,감경,등급외,117,2018,https://api.odcloud.kr/api/15072696/v1/uddi:ef2810b1-0856-4b7e-aa78-88e3c58c1a38,충청북도,경감
여자,충청북도,의료급여,1등급,24,2018,https://api.odcloud.kr/api/15072696/v1/uddi:ef2810b1-0856-4b7e-aa78-88e3c58c1a38,충청북도,의료급여
여자,충청북도,의료급여,2등급,41,2018,https://api.odcloud.kr/api/15072696/v1/uddi:ef2810b1-0856-4b7e-aa78-88e3c58c1a38,충청북도,의료급여
여자,충청북도,의료급여,3등급,83,2018,https://api.odcloud.kr/api/15072696/v1/uddi:ef2810b1-0856-4b7e-aa78-88e3c58c1a38,충청북도,의료급여
여자,충청북도,의료급여,4등급,91,2018,https://api.odcloud.kr/api/15072696/v1/uddi:ef2810b1-0856-4b7e-aa78-88e3c58c1a38,충청북도,의료급여
여자,충청북도,의료급여,5등급,23,2018,https://api.odcloud.kr/api/15072696/v1/uddi:ef2810b1-0856-4b7e-aa78-88e3c58c1a38,충청북도,의료급여
여자,충청북도,의료급여,등급외,42,2018,https://api.odcloud.kr/api/15072696/v1/uddi:ef2810b1-0856-4b7e-aa78-88e3c58c1a38,충청북도,의료급여
여자,충청북도,기초수급,1등급,218,2018,https://api.odcloud.kr/api/15072696/v1/uddi:ef2810b1-0856-4b7e-aa78-88e3c58c1a38,충청북도,기초수급
여자,충청북도,기초수급,2등급,423,2018,https://api.odcloud.kr/api/15072696/v1/uddi:ef2810b1-0856-4b7e-aa78-88e3c58c1a38,충청북도,기초수급
여자,충청북도,기초수급,3등급,816,2018,https://api.odcloud.kr/api/15072696/v1/uddi:ef2810b1-0856-4b7e-aa78-88e3c58c1a38,충청북도,기초수급
여자,충청북도,기초수급,4등급,966,2018,https://api.odcloud.kr/api/15072696/v1/uddi:ef2810b1-0856-4b7e-aa78-88e3c58c1a38,충청북도,기초수급
여자,충청북도,기초수급,5등급,178,2018,https://api.odcloud.kr/api/15072696/v1/uddi:ef2810b1-0856-4b7e-aa78-88e3c58c1a38,충청북도,기초수급
여자,충청북도,기초수급,등급외,889,2018,https://api.odcloud.kr/api/15072696/v1/uddi:ef2810b1-0856-4b7e-aa78-88e3c58c1a38,충청북도,기초수급
남자,충청남도,일반,1등급,301,2018,https://api.odcloud.kr/api/15072696/v1/uddi:ef2810b1-0856-4b7e-aa78-88e3c58c1a38,충청남도,일반
남자,충청남도,일반,2등급,681,2018,https://api.odcloud.kr/api/15072696/v1/uddi:ef2810b1-0856-4b7e-aa78-88e3c58c1a38,충청남도,일반
남자,충청남도,일반,3등급,1677,2018,https://api.odcloud.kr/api/15072696/v1/uddi:ef2810b1-0856-4b7e-aa78-88e3c58c1a38,충청남도,일반
남자,충청남도,일반,4등급,2317,2018,https://api.odcloud.kr/api/15072696/v1/uddi:ef2810b1-0856-4b7e-aa78-88e3c58c1a38,충청남도,일반
남자,충청남도,일반,5등급,478,2018,https://api.odcloud.kr/api/15072696/v1/uddi:ef2810b1-0856-4b7e-aa78-88e3c58c1a38,충청남도,일반
남자,충청남도,일반,등급외,1956,2018,https://api.odcloud.kr/api/15072696/v1/uddi:ef2810b1-0856-4b7e-aa78-88e3c58c1a38,충청남도,일반
남자,충청남도,감경,1등급,222,2018,https://api.odcloud.kr/api/15072696/v1/uddi:ef2810b1-0856-4b7e-aa78-88e3c58c1a38,충청남도,경감
남자,충청남도,감경,2등급,481,2018,https://api.odcloud.kr/api/15072696/v1/uddi:ef2810b1-0856-4b7e-aa78-88e3c58c1a38,충청남도,경감
남자,충청남도,감경,3등급,1084,2018,https://api.odcloud.kr/api/15072696/v1/uddi:ef2810b1-0856-4b7e-aa78-88e3c58c1a38,충청남도,경감
남자,충청남도,감경,4등급,1386,2018,https://api.odcloud.kr/api/15072696/v1/uddi:ef2810b1-0856-4b7e-aa78-88e3c58c1a38,충청남도,경감
남자,충청남도,감경,5등급,270,2018,https://api.odcloud.kr/api/15072696/v1/uddi:ef2810b1-0856-4b7e-aa78-88e3c58c1a38,충청남도,경감
남자,충청남도,감경,등급외,68,2018,https://api.odcloud.kr/api/15072696/v1/uddi:ef2810b1-0856-4b7e-aa78-88e3c58c1a38,충청남도,경감
남자,충청남도,의료급여,1등급,4,2018,https://api.odcloud.kr/api/15072696/v1/uddi:ef2810b1-0856-4b7e-aa78-88e3c58c1a38,충청남도,의료급여
남자,충청남도,의료급여,2등급,10,2018,https://api.odcloud.kr/api/15072696/v1/uddi:ef2810b1-0856-4b7e-aa78-88e3c58c1a38,충청남도,의료급여
남자,충청남도,의료급여,3등급,24,2018,https://api.odcloud.kr/api/15072696/v1/uddi:ef2810b1-0856-4b7e-aa78-88e3c58c1a38,충청남도,의료급여
남자,충청남도,의료급여,4등급,41,2018,https://api.odcloud.kr/api/15072696/v1/uddi:ef2810b1-0856-4b7e-aa78-88e3c58c1a38,충청남도,의료급여
남자,충청남도,의료급여,5등급,11,2018,https://api.odcloud.kr/api/15072696/v1/uddi:ef2810b1-0856-4b7e-aa78-88e3c58c1a38,충청남도,의료급여
남자,충청남도,의료급여,등급외,32,2018,https://api.odcloud.kr/api/15072696/v1/uddi:ef2810b1-0856-4b7e-aa78-88e3c58c1a38,충청남도,의료급여
남자,충청남도,기초수급,1등급,83,2018,https://api.odcloud.kr/api/15072696/v1/uddi:ef2810b1-0856-4b7e-aa78-88e3c58c1a38,충청남도,기초수급
남자,충청남도,기초수급,2등급,160,2018,https://api.odcloud.kr/api/15072696/v1/uddi:ef2810b1-0856-4b7e-aa78-88e3c58c1a38,충청남도,기초수급
남자,충청남도,기초수급,3등급,344,2018,https://api.odcloud.kr/api/15072696/v1/uddi:ef2810b1-0856-4b7e-aa78-88e3c58c1a38,충청남도,기초수급
남자,충청남도,기초수급,4등급,577,2018,https://api.odcloud.kr/api/15072696/v1/uddi:ef2810b1-0856-4b7e-aa78-88e3c58c1a38,충청남도,기초수급
남자,충청남도,기초수급,5등급,90,2018,https://api.odcloud.kr/api/15072696/v1/uddi:ef2810b1-0856-4b7e-aa78-88e3c58c1a38,충청남도,기초수급
남자,충청남도,기초수급,등급외,610,2018,https://api.odcloud.kr/api/15072696/v1/uddi:ef2810b1-0856-4b7e-aa78-88e3c58c1a38,충청남도,기초수급
여자,충청남도,일반,1등급,777,2018,https://api.odcloud.kr/api/15072696/v1/uddi:ef2810b1-0856-4b7e-aa78-88e3c58c1a38,충청남도,일반
여자,충청남도,일반,2등급,1733,2018,https://api.odcloud.kr/api/15072696/v1/uddi:ef2810b1-0856-4b7e-aa78-88e3c58c1a38,충청남도,일반
여자,충청남도,일반,3등급,3847,2018,https://api.odcloud.kr/api/15072696/v1/uddi:ef2810b1-0856-4b7e-aa78-88e3c58c1a38,충청남도,일반
여자,충청남도,일반,4등급,5702,2018,https://api.odcloud.kr/api/15072696/v1/uddi:ef2810b1-0856-4b7e-aa78-88e3c58c1a38,충청남도,일반
여자,충청남도,일반,5등급,1346,2018,https://api.odcloud.kr/api/15072696/v1/uddi:ef2810b1-0856-4b7e-aa78-88e3c58c1a38,충청남도,일반
여자,충청남도,일반,등급외,4744,2018,https://api.odcloud.kr/api/15072696/v1/uddi:ef2810b1-0856-4b7e-aa78-88e3c58c1a38,충청남도,일반
여자,충청남도,감경,1등급,654,2018,https://api.odcloud.kr/api/15072696/v1/uddi:ef2810b1-0856-4b7e-aa78-88e3c58c1a38,충청남도,경감
여자,충청남도,감경,2등급,1488,2018,https://api.odcloud.kr/api/15072696/v1/uddi:ef2810b1-0856-4b7e-aa78-88e3c58c1a38,충청남도,경감
여자,충청남도,감경,3등급,3204,2018,https://api.odcloud.kr/api/15072696/v1/uddi:ef2810b1-0856-4b7e-aa78-88e3c58c1a38,충청남도,경감
여자,충청남도,감경,4등급,4207,2018,https://api.odcloud.kr/api/15072696/v1/uddi:ef2810b1-0856-4b7e-aa78-88e3c58c1a38,충청남도,경감
여자,충청남도,감경,5등급,891,2018,https://api.odcloud.kr/api/15072696/v1/uddi:ef2810b1-0856-4b7e-aa78-88e3c58c1a38,충청남도,경감
여자,충청남도,감경,등급외,197,2018,https://api.odcloud.kr/api/15072696/v1/uddi:ef2810b1-0856-4b7e-aa78-88e3c58c1a38,충청남도,경감
여자,충청남도,의료급여,1등급,13,2018,https://api.odcloud.kr/api/15072696/v1/uddi:ef2810b1-0856-4b7e-aa78-88e3c58c1a38,충청남도,의료급여
여자,충청남도,의료급여,2등급,38,2018,https://api.odcloud.kr/api/15072696/v1/uddi:ef2810b1-0856-4b7e-aa78-88e3c58c1a38,충청남도,의료급여
여자,충청남도,의료급여,3등급,74,2018,https://api.odcloud.kr/api/15072696/v1/uddi:ef2810b1-0856-4b7e-aa78-88e3c58c1a38,충청남도,의료급여
여자,충청남도,의료급여,4등급,100,2018,https://api.odcloud.kr/api/15072696/v1/uddi:ef2810b1-0856-4b7e-aa78-88e3c58c1a38,충청남도,의료급여
여자,충청남도,의료급여,5등급,26,2018,https://api.odcloud.kr/api/15072696/v1/uddi:ef2810b1-0856-4b7e-aa78-88e3c58c1a38,충청남도,의료급여
여자,충청남도,의료급여,등급외,48,2018,https://api.odcloud.kr/api/15072696/v1/uddi:ef2810b1-0856-4b7e-aa78-88e3c58c1a38,충청남도,의료급여
여자,충청남도,기초수급,1등급,208,2018,https://api.odcloud.kr/api/15072696/v1/uddi:ef2810b1-0856-4b7e-aa78-88e3c58c1a38,충청남도,기초수급
여자,충청남도,기초수급,2등급,455,2018,https://api.odcloud.kr/api/15072696/v1/uddi:ef2810b1-0856-4b7e-aa78-88e3c58c1a38,충청남도,기초수급
여자,충청남도,기초수급,3등급,922,2018,https://api.odcloud.kr/api/15072696/v1/uddi:ef2810b1-0856-4b7e-aa78-88e3c58c1a38,충청남도,기초수급
여자,충청남도,기초수급,4등급,1425,2018,https://api.odcloud.kr/api/15072696/v1/uddi:ef2810b1-0856-4b7e-aa78-88e3c58c1a38,충청남도,기초수급
여자,충청남도,기초수급,5등급,250,2018,https://api.odcloud.kr/api/15072696/v1/uddi:ef2810b1-0856-4b7e-aa78-88e3c58c1a38,충청남도,기초수급
여자,충청남도,기초수급,등급외,1201,2018,https://api.odcloud.kr/api/15072696/v1/uddi:ef2810b1-0856-4b7e-aa78-88e3c58c1a38,충청남도,기초수급
남자,전북특별자치도,일반,1등급,198,2018,https://api.odcloud.kr/api/15072696/v1/uddi:ef2810b1-0856-4b7e-aa78-88e3c58c1a38,전라북도,일반
남자,전북특별자치도,일반,2등급,363,2018,https://api.odcloud.kr/api/15072696/v1/uddi:ef2810b1-0856-4b7e-aa78-88e3c58c1a38,전라북도,일반
남자,전북특별자치도,일반,3등급,1286,2018,https://api.odcloud.kr/api/15072696/v1/uddi:ef2810b1-0856-4b7e-aa78-88e3c58c1a38,전라북도,일반
남자,전북특별자치도,일반,4등급,2067,2018,https://api.odcloud.kr/api/15072696/v1/uddi:ef2810b1-0856-4b7e-aa78-88e3c58c1a38,전라북도,일반
남자,전북특별자치도,일반,5등급,501,2018,https://api.odcloud.kr/api/15072696/v1/uddi:ef2810b1-0856-4b7e-aa78-88e3c58c1a38,전라북도,일반
남자,전북특별자치도,일반,등급외,2259,2018,https://api.odcloud.kr/api/15072696/v1/uddi:ef2810b1-0856-4b7e-aa78-88e3c58c1a38,전라북도,일반
남자,전북특별자치도,감경,1등급,185,2018,https://api.odcloud.kr/api/15072696/v1/uddi:ef2810b1-0856-4b7e-aa78-88e3c58c1a38,전라북도,경감
남자,전북특별자치도,감경,2등급,290,2018,https://api.odcloud.kr/api/15072696/v1/uddi:ef2810b1-0856-4b7e-aa78-88e3c58c1a38,전라북도,경감
남자,전북특별자치도,감경,3등급,901,2018,https://api.odcloud.kr/api/15072696/v1/uddi:ef2810b1-0856-4b7e-aa78-88e3c58c1a38,전라북도,경감
남자,전북특별자치도,감경,4등급,1472,2018,https://api.odcloud.kr/api/15072696/v1/uddi:ef2810b1-0856-4b7e-aa78-88e3c58c1a38,전라북도,경감
남자,전북특별자치도,감경,5등급,351,2018,https://api.odcloud.kr/api/15072696/v1/uddi:ef2810b1-0856-4b7e-aa78-88e3c58c1a38,전라북도,경감
남자,전북특별자치도,감경,등급외,166,2018,https://api.odcloud.kr/api/15072696/v1/uddi:ef2810b1-0856-4b7e-aa78-88e3c58c1a38,전라북도,경감
남자,전북특별자치도,의료급여,1등급,5,2018,https://api.odcloud.kr/api/15072696/v1/uddi:ef2810b1-0856-4b7e-aa78-88e3c58c1a38,전라북도,의료급여
남자,전북특별자치도,의료급여,2등급,14,2018,https://api.odcloud.kr/api/15072696/v1/uddi:ef2810b1-0856-4b7e-aa78-88e3c58c1a38,전라북도,의료급여
남자,전북특별자치도,의료급여,3등급,32,2018,https://api.odcloud.kr/api/15072696/v1/uddi:ef2810b1-0856-4b7e-aa78-88e3c58c1a38,전라북도,의료급여
남자,전북특별자치도,의료급여,4등급,68,2018,https://api.odcloud.kr/api/15072696/v1/uddi:ef2810b1-0856-4b7e-aa78-88e3c58c1a38,전라북도,의료급여
남자,전북특별자치도,의료급여,5등급,20,2018,https://api.odcloud.kr/api/15072696/v1/uddi:ef2810b1-0856-4b7e-aa78-88e3c58c1a38,전라북도,의료급여
남자,전북특별자치도,의료급여,등급외,48,2018,https://api.odcloud.kr/api/15072696/v1/uddi:ef2810b1-0856-4b7e-aa78-88e3c58c1a38,전라북도,의료급여
남자,전북특별자치도,기초수급,1등급,62,2018,https://api.odcloud.kr/api/15072696/v1/uddi:ef2810b1-0856-4b7e-aa78-88e3c58c1a38,전라북도,기초수급
남자,전북특별자치도,기초수급,2등급,130,2018,https://api.odcloud.kr/api/15072696/v1/uddi:ef2810b1-0856-4b7e-aa78-88e3c58c1a38,전라북도,기초수급
남자,전북특별자치도,기초수급,3등급,466,2018,https://api.odcloud.kr/api/15072696/v1/uddi:ef2810b1-0856-4b7e-aa78-88e3c58c1a38,전라북도,기초수급
남자,전북특별자치도,기초수급,4등급,788,2018,https://api.odcloud.kr/api/15072696/v1/uddi:ef2810b1-0856-4b7e-aa78-88e3c58c1a38,전라북도,기초수급
남자,전북특별자치도,기초수급,5등급,151,2018,https://api.odcloud.kr/api/15072696/v1/uddi:ef2810b1-0856-4b7e-aa78-88e3c58c1a38,전라북도,기초수급
남자,전북특별자치도,기초수급,등급외,1421,2018,https://api.odcloud.kr/api/15072696/v1/uddi:ef2810b1-0856-4b7e-aa78-88e3c58c1a38,전라북도,기초수급
여자,전북특별자치도,일반,1등급,507,2018,https://api.odcloud.kr/api/15072696/v1/uddi:ef2810b1-0856-4b7e-aa78-88e3c58c1a38,전라북도,일반
여자,전북특별자치도,일반,2등급,1128,2018,https://api.odcloud.kr/api/15072696/v1/uddi:ef2810b1-0856-4b7e-aa78-88e3c58c1a38,전라북도,일반
여자,전북특별자치도,일반,3등급,2945,2018,https://api.odcloud.kr/api/15072696/v1/uddi:ef2810b1-0856-4b7e-aa78-88e3c58c1a38,전라북도,일반
여자,전북특별자치도,일반,4등급,5666,2018,https://api.odcloud.kr/api/15072696/v1/uddi:ef2810b1-0856-4b7e-aa78-88e3c58c1a38,전라북도,일반
여자,전북특별자치도,일반,5등급,1475,2018,https://api.odcloud.kr/api/15072696/v1/uddi:ef2810b1-0856-4b7e-aa78-88e3c58c1a38,전라북도,일반
여자,전북특별자치도,일반,등급외,6605,2018,https://api.odcloud.kr/api/15072696/v1/uddi:ef2810b1-0856-4b7e-aa78-88e3c58c1a38,전라북도,일반
여자,전북특별자치도,감경,1등급,445,2018,https://api.odcloud.kr/api/15072696/v1/uddi:ef2810b1-0856-4b7e-aa78-88e3c58c1a38,전라북도,경감
여자,전북특별자치도,감경,2등급,1102,2018,https://api.odcloud.kr/api/15072696/v1/uddi:ef2810b1-0856-4b7e-aa78-88e3c58c1a38,전라북도,경감
여자,전북특별자치도,감경,3등급,2759,2018,https://api.odcloud.kr/api/15072696/v1/uddi:ef2810b1-0856-4b7e-aa78-88e3c58c1a38,전라북도,경감
여자,전북특별자치도,감경,4등급,4789,2018,https://api.odcloud.kr/api/15072696/v1/uddi:ef2810b1-0856-4b7e-aa78-88e3c58c1a38,전라북도,경감
여자,전북특별자치도,감경,5등급,1108,2018,https://api.odcloud.kr/api/15072696/v1/uddi:ef2810b1-0856-4b7e-aa78-88e3c58c1a38,전라북도,경감
여자,전북특별자치도,감경,등급외,768,2018,https://api.odcloud.kr/api/15072696/v1/uddi:ef2810b1-0856-4b7e-aa78-88e3c58c1a38,전라북도,경감
여자,전북특별자치도,의료급여,1등급,19,2018,https://api.odcloud.kr/api/15072696/v1/uddi:ef2810b1-0856-4b7e-aa78-88e3c58c1a38,전라북도,의료급여
여자,전북특별자치도,의료급여,2등급,36,2018,https://api.odcloud.kr/api/15072696/v1/uddi:ef2810b1-0856-4b7e-aa78-88e3c58c1a38,전라북도,의료급여
여자,전북특별자치도,의료급여,3등급,78,2018,https://api.odcloud.kr/api/15072696/v1/uddi:ef2810b1-0856-4b7e-aa78-88e3c58c1a38,전라북도,의료급여
여자,전북특별자치도,의료급여,4등급,154,2018,https://api.odcloud.kr/api/15072696/v1/uddi:ef2810b1-0856-4b7e-aa78-88e3c58c1a38,전라북도,의료급여
여자,전북특별자치도,의료급여,5등급,50,2018,https://api.odcloud.kr/api/15072696/v1/uddi:ef2810b1-0856-4b7e-aa78-88e3c58c1a38,전라북도,의료급여
여자,전북특별자치도,의료급여,등급외,147,2018,https://api.odcloud.kr/api/15072696/v1/uddi:ef2810b1-0856-4b7e-aa78-88e3c58c1a38,전라북도,의료급여
여자,전북특별자치도,기초수급,1등급,188,2018,https://api.odcloud.kr/api/15072696/v1/uddi:ef2810b1-0856-4b7e-aa78-88e3c58c1a38,전라북도,기초수급
여자,전북특별자치도,기초수급,2등급,430,2018,https://api.odcloud.kr/api/15072696/v1/uddi:ef2810b1-0856-4b7e-aa78-88e3c58c1a38,전라북도,기초수급
여자,전북특별자치도,기초수급,3등급,1154,2018,https://api.odcloud.kr/api/15072696/v1/uddi:ef2810b1-0856-4b7e-aa78-88e3c58c1a38,전라북도,기초수급
여자,전북특별자치도,기초수급,4등급,2171,2018,https://api.odcloud.kr/api/15072696/v1/uddi:ef2810b1-0856-4b7e-aa78-88e3c58c1a38,전라북도,기초수급
여자,전북특별자치도,기초수급,5등급,461,2018,https://api.odcloud.kr/api/15072696/v1/uddi:ef2810b1-0856-4b7e-aa78-88e3c58c1a38,전라북도,기초수급
여자,전북특별자치도,기초수급,등급외,3374,2018,https://api.odcloud.kr/api/15072696/v1/uddi:ef2810b1-0856-4b7e-aa78-88e3c58c1a38,전라북도,기초수급
남자,전라남도,일반,1등급,210,2018,https://api.odcloud.kr/api/15072696/v1/uddi:ef2810b1-0856-4b7e-aa78-88e3c58c1a38,전라남도,일반
남자,전라남도,일반,2등급,493,2018,https://api.odcloud.kr/api/15072696/v1/uddi:ef2810b1-0856-4b7e-aa78-88e3c58c1a38,전라남도,일반
남자,전라남도,일반,3등급,1294,2018,https://api.odcloud.kr/api/15072696/v1/uddi:ef2810b1-0856-4b7e-aa78-88e3c58c1a38,전라남도,일반
남자,전라남도,일반,4등급,2057,2018,https://api.odcloud.kr/api/15072696/v1/uddi:ef2810b1-0856-4b7e-aa78-88e3c58c1a38,전라남도,일반
남자,전라남도,일반,5등급,362,2018,https://api.odcloud.kr/api/15072696/v1/uddi:ef2810b1-0856-4b7e-aa78-88e3c58c1a38,전라남도,일반
남자,전라남도,일반,등급외,2706,2018,https://api.odcloud.kr/api/15072696/v1/uddi:ef2810b1-0856-4b7e-aa78-88e3c58c1a38,전라남도,일반
남자,전라남도,감경,1등급,190,2018,https://api.odcloud.kr/api/15072696/v1/uddi:ef2810b1-0856-4b7e-aa78-88e3c58c1a38,전라남도,경감
남자,전라남도,감경,2등급,442,2018,https://api.odcloud.kr/api/15072696/v1/uddi:ef2810b1-0856-4b7e-aa78-88e3c58c1a38,전라남도,경감
남자,전라남도,감경,3등급,1183,2018,https://api.odcloud.kr/api/15072696/v1/uddi:ef2810b1-0856-4b7e-aa78-88e3c58c1a38,전라남도,경감
남자,전라남도,감경,4등급,1687,2018,https://api.odcloud.kr/api/15072696/v1/uddi:ef2810b1-0856-4b7e-aa78-88e3c58c1a38,전라남도,경감
남자,전라남도,감경,5등급,291,2018,https://api.odcloud.kr/api/15072696/v1/uddi:ef2810b1-0856-4b7e-aa78-88e3c58c1a38,전라남도,경감
남자,전라남도,감경,등급외,146,2018,https://api.odcloud.kr/api/15072696/v1/uddi:ef2810b1-0856-4b7e-aa78-88e3c58c1a38,전라남도,경감
남자,전라남도,의료급여,1등급,9,2018,https://api.odcloud.kr/api/15072696/v1/uddi:ef2810b1-0856-4b7e-aa78-88e3c58c1a38,전라남도,의료급여
남자,전라남도,의료급여,2등급,18,2018,https://api.odcloud.kr/api/15072696/v1/uddi:ef2810b1-0856-4b7e-aa78-88e3c58c1a38,전라남도,의료급여
남자,전라남도,의료급여,3등급,37,2018,https://api.odcloud.kr/api/15072696/v1/uddi:ef2810b1-0856-4b7e-aa78-88e3c58c1a38,전라남도,의료급여
남자,전라남도,의료급여,4등급,74,2018,https://api.odcloud.kr/api/15072696/v1/uddi:ef2810b1-0856-4b7e-aa78-88e3c58c1a38,전라남도,의료급여
남자,전라남도,의료급여,5등급,14,2018,https://api.odcloud.kr/api/15072696/v1/uddi:ef2810b1-0856-4b7e-aa78-88e3c58c1a38,전라남도,의료급여
남자,전라남도,의료급여,등급외,57,2018,https://api.odcloud.kr/api/15072696/v1/uddi:ef2810b1-0856-4b7e-aa78-88e3c58c1a38,전라남도,의료급여
남자,전라남도,기초수급,1등급,74,2018,https://api.odcloud.kr/api/15072696/v1/uddi:ef2810b1-0856-4b7e-aa78-88e3c58c1a38,전라남도,기초수급
남자,전라남도,기초수급,2등급,177,2018,https://api.odcloud.kr/api/15072696/v1/uddi:ef2810b1-0856-4b7e-aa78-88e3c58c1a38,전라남도,기초수급
남자,전라남도,기초수급,3등급,422,2018,https://api.odcloud.kr/api/15072696/v1/uddi:ef2810b1-0856-4b7e-aa78-88e3c58c1a38,전라남도,기초수급
남자,전라남도,기초수급,4등급,681,2018,https://api.odcloud.kr/api/15072696/v1/uddi:ef2810b1-0856-4b7e-aa78-88e3c58c1a38,전라남도,기초수급
남자,전라남도,기초수급,5등급,74,2018,https://api.odcloud.kr/api/15072696/v1/uddi:ef2810b1-0856-4b7e-aa78-88e3c58c1a38,전라남도,기초수급
남자,전라남도,기초수급,등급외,970,2018,https://api.odcloud.kr/api/15072696/v1/uddi:ef2810b1-0856-4b7e-aa78-88e3c58c1a38,전라남도,기초수급
여자,전라남도,일반,1등급,531,2018,https://api.odcloud.kr/api/15072696/v1/uddi:ef2810b1-0856-4b7e-aa78-88e3c58c1a38,전라남도,일반
여자,전라남도,일반,2등급,1313,2018,https://api.odcloud.kr/api/15072696/v1/uddi:ef2810b1-0856-4b7e-aa78-88e3c58c1a38,전라남도,일반
여자,전라남도,일반,3등급,3246,2018,https://api.odcloud.kr/api/15072696/v1/uddi:ef2810b1-0856-4b7e-aa78-88e3c58c1a38,전라남도,일반
여자,전라남도,일반,4등급,6496,2018,https://api.odcloud.kr/api/15072696/v1/uddi:ef2810b1-0856-4b7e-aa78-88e3c58c1a38,전라남도,일반
여자,전라남도,일반,5등급,1199,2018,https://api.odcloud.kr/api/15072696/v1/uddi:ef2810b1-0856-4b7e-aa78-88e3c58c1a38,전라남도,일반
여자,전라남도,일반,등급외,8351,2018,https://api.odcloud.kr/api/15072696/v1/uddi:ef2810b1-0856-4b7e-aa78-88e3c58c1a38,전라남도,일반
여자,전라남도,감경,1등급,583,2018,https://api.odcloud.kr/api/15072696/v1/uddi:ef2810b1-0856-4b7e-aa78-88e3c58c1a38,전라남도,경감
여자,전라남도,감경,2등급,1616,2018,https://api.odcloud.kr/api/15072696/v1/uddi:ef2810b1-0856-4b7e-aa78-88e3c58c1a38,전라남도,경감
여자,전라남도,감경,3등급,3715,2018,https://api.odcloud.kr/api/15072696/v1/uddi:ef2810b1-0856-4b7e-aa78-88e3c58c1a38,전라남도,경감
여자,전라남도,감경,4등급,6421,2018,https://api.odcloud.kr/api/15072696/v1/uddi:ef2810b1-0856-4b7e-aa78-88e3c58c1a38,전라남도,경감
여자,전라남도,감경,5등급,1059,2018,https://api.odcloud.kr/api/15072696/v1/uddi:ef2810b1-0856-4b7e-aa78-88e3c58c1a38,전라남도,경감
여자,전라남도,감경,등급외,693,2018,https://api.odcloud.kr/api/15072696/v1/uddi:ef2810b1-0856-4b7e-aa78-88e3c58c1a38,전라남도,경감
여자,전라남도,의료급여,1등급,21,2018,https://api.odcloud.kr/api/15072696/v1/uddi:ef2810b1-0856-4b7e-aa78-88e3c58c1a38,전라남도,의료급여
여자,전라남도,의료급여,2등급,41,2018,https://api.odcloud.kr/api/15072696/v1/uddi:ef2810b1-0856-4b7e-aa78-88e3c58c1a38,전라남도,의료급여
여자,전라남도,의료급여,3등급,134,2018,https://api.odcloud.kr/api/15072696/v1/uddi:ef2810b1-0856-4b7e-aa78-88e3c58c1a38,전라남도,의료급여
여자,전라남도,의료급여,4등급,225,2018,https://api.odcloud.kr/api/15072696/v1/uddi:ef2810b1-0856-4b7e-aa78-88e3c58c1a38,전라남도,의료급여
여자,전라남도,의료급여,5등급,36,2018,https://api.odcloud.kr/api/15072696/v1/uddi:ef2810b1-0856-4b7e-aa78-88e3c58c1a38,전라남도,의료급여
여자,전라남도,의료급여,등급외,182,2018,https://api.odcloud.kr/api/15072696/v1/uddi:ef2810b1-0856-4b7e-aa78-88e3c58c1a38,전라남도,의료급여
여자,전라남도,기초수급,1등급,221,2018,https://api.odcloud.kr/api/15072696/v1/uddi:ef2810b1-0856-4b7e-aa78-88e3c58c1a38,전라남도,기초수급
여자,전라남도,기초수급,2등급,529,2018,https://api.odcloud.kr/api/15072696/v1/uddi:ef2810b1-0856-4b7e-aa78-88e3c58c1a38,전라남도,기초수급
여자,전라남도,기초수급,3등급,1184,2018,https://api.odcloud.kr/api/15072696/v1/uddi:ef2810b1-0856-4b7e-aa78-88e3c58c1a38,전라남도,기초수급
여자,전라남도,기초수급,4등급,2282,2018,https://api.odcloud.kr/api/15072696/v1/uddi:ef2810b1-0856-4b7e-aa78-88e3c58c1a38,전라남도,기초수급
여자,전라남도,기초수급,5등급,330,2018,https://api.odcloud.kr/api/15072696/v1/uddi:ef2810b1-0856-4b7e-aa78-88e3c58c1a38,전라남도,기초수급
여자,전라남도,기초수급,등급외,2563,2018,https://api.odcloud.kr/api/15072696/v1/uddi:ef2810b1-0856-4b7e-aa78-88e3c58c1a38,전라남도,기초수급
남자,경상북도,일반,1등급,337,2018,https://api.odcloud.kr/api/15072696/v1/uddi:ef2810b1-0856-4b7e-aa78-88e3c58c1a38,경상북도,일반
남자,경상북도,일반,2등급,680,2018,https://api.odcloud.kr/api/15072696/v1/uddi:ef2810b1-0856-4b7e-aa78-88e3c58c1a38,경상북도,일반
남자,경상북도,일반,3등급,2130,2018,https://api.odcloud.kr/api/15072696/v1/uddi:ef2810b1-0856-4b7e-aa78-88e3c58c1a38,경상북도,일반
남자,경상북도,일반,4등급,2666,2018,https://api.odcloud.kr/api/15072696/v1/uddi:ef2810b1-0856-4b7e-aa78-88e3c58c1a38,경상북도,일반
남자,경상북도,일반,5등급,540,2018,https://api.odcloud.kr/api/15072696/v1/uddi:ef2810b1-0856-4b7e-aa78-88e3c58c1a38,경상북도,일반
남자,경상북도,일반,등급외,2763,2018,https://api.odcloud.kr/api/15072696/v1/uddi:ef2810b1-0856-4b7e-aa78-88e3c58c1a38,경상북도,일반
남자,경상북도,감경,1등급,243,2018,https://api.odcloud.kr/api/15072696/v1/uddi:ef2810b1-0856-4b7e-aa78-88e3c58c1a38,경상북도,경감
남자,경상북도,감경,2등급,578,2018,https://api.odcloud.kr/api/15072696/v1/uddi:ef2810b1-0856-4b7e-aa78-88e3c58c1a38,경상북도,경감
남자,경상북도,감경,3등급,1482,2018,https://api.odcloud.kr/api/15072696/v1/uddi:ef2810b1-0856-4b7e-aa78-88e3c58c1a38,경상북도,경감
남자,경상북도,감경,4등급,1818,2018,https://api.odcloud.kr/api/15072696/v1/uddi:ef2810b1-0856-4b7e-aa78-88e3c58c1a38,경상북도,경감
남자,경상북도,감경,5등급,311,2018,https://api.odcloud.kr/api/15072696/v1/uddi:ef2810b1-0856-4b7e-aa78-88e3c58c1a38,경상북도,경감
남자,경상북도,감경,등급외,98,2018,https://api.odcloud.kr/api/15072696/v1/uddi:ef2810b1-0856-4b7e-aa78-88e3c58c1a38,경상북도,경감
남자,경상북도,의료급여,1등급,5,2018,https://api.odcloud.kr/api/15072696/v1/uddi:ef2810b1-0856-4b7e-aa78-88e3c58c1a38,경상북도,의료급여
남자,경상북도,의료급여,2등급,14,2018,https://api.odcloud.kr/api/15072696/v1/uddi:ef2810b1-0856-4b7e-aa78-88e3c58c1a38,경상북도,의료급여
남자,경상북도,의료급여,3등급,45,2018,https://api.odcloud.kr/api/15072696/v1/uddi:ef2810b1-0856-4b7e-aa78-88e3c58c1a38,경상북도,의료급여
남자,경상북도,의료급여,4등급,48,2018,https://api.odcloud.kr/api/15072696/v1/uddi:ef2810b1-0856-4b7e-aa78-88e3c58c1a38,경상북도,의료급여
남자,경상북도,의료급여,5등급,14,2018,https://api.odcloud.kr/api/15072696/v1/uddi:ef2810b1-0856-4b7e-aa78-88e3c58c1a38,경상북도,의료급여
남자,경상북도,의료급여,등급외,51,2018,https://api.odcloud.kr/api/15072696/v1/uddi:ef2810b1-0856-4b7e-aa78-88e3c58c1a38,경상북도,의료급여
남자,경상북도,기초수급,1등급,106,2018,https://api.odcloud.kr/api/15072696/v1/uddi:ef2810b1-0856-4b7e-aa78-88e3c58c1a38,경상북도,기초수급
남자,경상북도,기초수급,2등급,189,2018,https://api.odcloud.kr/api/15072696/v1/uddi:ef2810b1-0856-4b7e-aa78-88e3c58c1a38,경상북도,기초수급
남자,경상북도,기초수급,3등급,565,2018,https://api.odcloud.kr/api/15072696/v1/uddi:ef2810b1-0856-4b7e-aa78-88e3c58c1a38,경상북도,기초수급
남자,경상북도,기초수급,4등급,759,2018,https://api.odcloud.kr/api/15072696/v1/uddi:ef2810b1-0856-4b7e-aa78-88e3c58c1a38,경상북도,기초수급
남자,경상북도,기초수급,5등급,135,2018,https://api.odcloud.kr/api/15072696/v1/uddi:ef2810b1-0856-4b7e-aa78-88e3c58c1a38,경상북도,기초수급
남자,경상북도,기초수급,등급외,1049,2018,https://api.odcloud.kr/api/15072696/v1/uddi:ef2810b1-0856-4b7e-aa78-88e3c58c1a38,경상북도,기초수급
여자,경상북도,일반,1등급,813,2018,https://api.odcloud.kr/api/15072696/v1/uddi:ef2810b1-0856-4b7e-aa78-88e3c58c1a38,경상북도,일반
여자,경상북도,일반,2등급,1674,2018,https://api.odcloud.kr/api/15072696/v1/uddi:ef2810b1-0856-4b7e-aa78-88e3c58c1a38,경상북도,일반
여자,경상북도,일반,3등급,4729,2018,https://api.odcloud.kr/api/15072696/v1/uddi:ef2810b1-0856-4b7e-aa78-88e3c58c1a38,경상북도,일반
여자,경상북도,일반,4등급,7557,2018,https://api.odcloud.kr/api/15072696/v1/uddi:ef2810b1-0856-4b7e-aa78-88e3c58c1a38,경상북도,일반
여자,경상북도,일반,5등급,1772,2018,https://api.odcloud.kr/api/15072696/v1/uddi:ef2810b1-0856-4b7e-aa78-88e3c58c1a38,경상북도,일반
여자,경상북도,일반,등급외,7025,2018,https://api.odcloud.kr/api/15072696/v1/uddi:ef2810b1-0856-4b7e-aa78-88e3c58c1a38,경상북도,일반
여자,경상북도,감경,1등급,724,2018,https://api.odcloud.kr/api/15072696/v1/uddi:ef2810b1-0856-4b7e-aa78-88e3c58c1a38,경상북도,경감
여자,경상북도,감경,2등급,1681,2018,https://api.odcloud.kr/api/15072696/v1/uddi:ef2810b1-0856-4b7e-aa78-88e3c58c1a38,경상북도,경감
여자,경상북도,감경,3등급,4429,2018,https://api.odcloud.kr/api/15072696/v1/uddi:ef2810b1-0856-4b7e-aa78-88e3c58c1a38,경상북도,경감
여자,경상북도,감경,4등급,5890,2018,https://api.odcloud.kr/api/15072696/v1/uddi:ef2810b1-0856-4b7e-aa78-88e3c58c1a38,경상북도,경감
여자,경상북도,감경,5등급,1307,2018,https://api.odcloud.kr/api/15072696/v1/uddi:ef2810b1-0856-4b7e-aa78-88e3c58c1a38,경상북도,경감
여자,경상북도,감경,등급외,386,2018,https://api.odcloud.kr/api/15072696/v1/uddi:ef2810b1-0856-4b7e-aa78-88e3c58c1a38,경상북도,경감
여자,경상북도,의료급여,1등급,15,2018,https://api.odcloud.kr/api/15072696/v1/uddi:ef2810b1-0856-4b7e-aa78-88e3c58c1a38,경상북도,의료급여
여자,경상북도,의료급여,2등급,38,2018,https://api.odcloud.kr/api/15072696/v1/uddi:ef2810b1-0856-4b7e-aa78-88e3c58c1a38,경상북도,의료급여
여자,경상북도,의료급여,3등급,118,2018,https://api.odcloud.kr/api/15072696/v1/uddi:ef2810b1-0856-4b7e-aa78-88e3c58c1a38,경상북도,의료급여
여자,경상북도,의료급여,4등급,195,2018,https://api.odcloud.kr/api/15072696/v1/uddi:ef2810b1-0856-4b7e-aa78-88e3c58c1a38,경상북도,의료급여
여자,경상북도,의료급여,5등급,49,2018,https://api.odcloud.kr/api/15072696/v1/uddi:ef2810b1-0856-4b7e-aa78-88e3c58c1a38,경상북도,의료급여
여자,경상북도,의료급여,등급외,126,2018,https://api.odcloud.kr/api/15072696/v1/uddi:ef2810b1-0856-4b7e-aa78-88e3c58c1a38,경상북도,의료급여
여자,경상북도,기초수급,1등급,311,2018,https://api.odcloud.kr/api/15072696/v1/uddi:ef2810b1-0856-4b7e-aa78-88e3c58c1a38,경상북도,기초수급
여자,경상북도,기초수급,2등급,594,2018,https://api.odcloud.kr/api/15072696/v1/uddi:ef2810b1-0856-4b7e-aa78-88e3c58c1a38,경상북도,기초수급
여자,경상북도,기초수급,3등급,1424,2018,https://api.odcloud.kr/api/15072696/v1/uddi:ef2810b1-0856-4b7e-aa78-88e3c58c1a38,경상북도,기초수급
여자,경상북도,기초수급,4등급,2421,2018,https://api.odcloud.kr/api/15072696/v1/uddi:ef2810b1-0856-4b7e-aa78-88e3c58c1a38,경상북도,기초수급
여자,경상북도,기초수급,5등급,450,2018,https://api.odcloud.kr/api/15072696/v1/uddi:ef2810b1-0856-4b7e-aa78-88e3c58c1a38,경상북도,기초수급
여자,경상북도,기초수급,등급외,2663,2018,https://api.odcloud.kr/api/15072696/v1/uddi:ef2810b1-0856-4b7e-aa78-88e3c58c1a38,경상북도,기초수급
남자,경상남도,일반,1등급,330,2018,https://api.odcloud.kr/api/15072696/v1/uddi:ef2810b1-0856-4b7e-aa78-88e3c58c1a38,경상남도,일반
남자,경상남도,일반,2등급,671,2018,https://api.odcloud.kr/api/15072696/v1/uddi:ef2810b1-0856-4b7e-aa78-88e3c58c1a38,경상남도,일반
남자,경상남도,일반,3등급,1720,2018,https://api.odcloud.kr/api/15072696/v1/uddi:ef2810b1-0856-4b7e-aa78-88e3c58c1a38,경상남도,일반
남자,경상남도,일반,4등급,2600,2018,https://api.odcloud.kr/api/15072696/v1/uddi:ef2810b1-0856-4b7e-aa78-88e3c58c1a38,경상남도,일반
남자,경상남도,일반,5등급,520,2018,https://api.odcloud.kr/api/15072696/v1/uddi:ef2810b1-0856-4b7e-aa78-88e3c58c1a38,경상남도,일반
남자,경상남도,일반,등급외,2725,2018,https://api.odcloud.kr/api/15072696/v1/uddi:ef2810b1-0856-4b7e-aa78-88e3c58c1a38,경상남도,일반
남자,경상남도,감경,1등급,224,2018,https://api.odcloud.kr/api/15072696/v1/uddi:ef2810b1-0856-4b7e-aa78-88e3c58c1a38,경상남도,경감
남자,경상남도,감경,2등급,450,2018,https://api.odcloud.kr/api/15072696/v1/uddi:ef2810b1-0856-4b7e-aa78-88e3c58c1a38,경상남도,경감
남자,경상남도,감경,3등급,1221,2018,https://api.odcloud.kr/api/15072696/v1/uddi:ef2810b1-0856-4b7e-aa78-88e3c58c1a38,경상남도,경감
남자,경상남도,감경,4등급,1671,2018,https://api.odcloud.kr/api/15072696/v1/uddi:ef2810b1-0856-4b7e-aa78-88e3c58c1a38,경상남도,경감
남자,경상남도,감경,5등급,255,2018,https://api.odcloud.kr/api/15072696/v1/uddi:ef2810b1-0856-4b7e-aa78-88e3c58c1a38,경상남도,경감
남자,경상남도,감경,등급외,105,2018,https://api.odcloud.kr/api/15072696/v1/uddi:ef2810b1-0856-4b7e-aa78-88e3c58c1a38,경상남도,경감
남자,경상남도,의료급여,1등급,7,2018,https://api.odcloud.kr/api/15072696/v1/uddi:ef2810b1-0856-4b7e-aa78-88e3c58c1a38,경상남도,의료급여
남자,경상남도,의료급여,2등급,12,2018,https://api.odcloud.kr/api/15072696/v1/uddi:ef2810b1-0856-4b7e-aa78-88e3c58c1a38,경상남도,의료급여
남자,경상남도,의료급여,3등급,27,2018,https://api.odcloud.kr/api/15072696/v1/uddi:ef2810b1-0856-4b7e-aa78-88e3c58c1a38,경상남도,의료급여
남자,경상남도,의료급여,4등급,55,2018,https://api.odcloud.kr/api/15072696/v1/uddi:ef2810b1-0856-4b7e-aa78-88e3c58c1a38,경상남도,의료급여
남자,경상남도,의료급여,5등급,6,2018,https://api.odcloud.kr/api/15072696/v1/uddi:ef2810b1-0856-4b7e-aa78-88e3c58c1a38,경상남도,의료급여
남자,경상남도,의료급여,등급외,51,2018,https://api.odcloud.kr/api/15072696/v1/uddi:ef2810b1-0856-4b7e-aa78-88e3c58c1a38,경상남도,의료급여
남자,경상남도,기초수급,1등급,83,2018,https://api.odcloud.kr/api/15072696/v1/uddi:ef2810b1-0856-4b7e-aa78-88e3c58c1a38,경상남도,기초수급
남자,경상남도,기초수급,2등급,156,2018,https://api.odcloud.kr/api/15072696/v1/uddi:ef2810b1-0856-4b7e-aa78-88e3c58c1a38,경상남도,기초수급
남자,경상남도,기초수급,3등급,447,2018,https://api.odcloud.kr/api/15072696/v1/uddi:ef2810b1-0856-4b7e-aa78-88e3c58c1a38,경상남도,기초수급
남자,경상남도,기초수급,4등급,718,2018,https://api.odcloud.kr/api/15072696/v1/uddi:ef2810b1-0856-4b7e-aa78-88e3c58c1a38,경상남도,기초수급
남자,경상남도,기초수급,5등급,104,2018,https://api.odcloud.kr/api/15072696/v1/uddi:ef2810b1-0856-4b7e-aa78-88e3c58c1a38,경상남도,기초수급
남자,경상남도,기초수급,등급외,968,2018,https://api.odcloud.kr/api/15072696/v1/uddi:ef2810b1-0856-4b7e-aa78-88e3c58c1a38,경상남도,기초수급
여자,경상남도,일반,1등급,850,2018,https://api.odcloud.kr/api/15072696/v1/uddi:ef2810b1-0856-4b7e-aa78-88e3c58c1a38,경상남도,일반
여자,경상남도,일반,2등급,1801,2018,https://api.odcloud.kr/api/15072696/v1/uddi:ef2810b1-0856-4b7e-aa78-88e3c58c1a38,경상남도,일반
여자,경상남도,일반,3등급,4541,2018,https://api.odcloud.kr/api/15072696/v1/uddi:ef2810b1-0856-4b7e-aa78-88e3c58c1a38,경상남도,일반
여자,경상남도,일반,4등급,7889,2018,https://api.odcloud.kr/api/15072696/v1/uddi:ef2810b1-0856-4b7e-aa78-88e3c58c1a38,경상남도,일반
여자,경상남도,일반,5등급,1616,2018,https://api.odcloud.kr/api/15072696/v1/uddi:ef2810b1-0856-4b7e-aa78-88e3c58c1a38,경상남도,일반
여자,경상남도,일반,등급외,7679,2018,https://api.odcloud.kr/api/15072696/v1/uddi:ef2810b1-0856-4b7e-aa78-88e3c58c1a38,경상남도,일반
여자,경상남도,감경,1등급,722,2018,https://api.odcloud.kr/api/15072696/v1/uddi:ef2810b1-0856-4b7e-aa78-88e3c58c1a38,경상남도,경감
여자,경상남도,감경,2등급,1596,2018,https://api.odcloud.kr/api/15072696/v1/uddi:ef2810b1-0856-4b7e-aa78-88e3c58c1a38,경상남도,경감
여자,경상남도,감경,3등급,3865,2018,https://api.odcloud.kr/api/15072696/v1/uddi:ef2810b1-0856-4b7e-aa78-88e3c58c1a38,경상남도,경감
여자,경상남도,감경,4등급,5932,2018,https://api.odcloud.kr/api/15072696/v1/uddi:ef2810b1-0856-4b7e-aa78-88e3c58c1a38,경상남도,경감
여자,경상남도,감경,5등급,1112,2018,https://api.odcloud.kr/api/15072696/v1/uddi:ef2810b1-0856-4b7e-aa78-88e3c58c1a38,경상남도,경감
여자,경상남도,감경,등급외,330,2018,https://api.odcloud.kr/api/15072696/v1/uddi:ef2810b1-0856-4b7e-aa78-88e3c58c1a38,경상남도,경감
여자,경상남도,의료급여,1등급,15,2018,https://api.odcloud.kr/api/15072696/v1/uddi:ef2810b1-0856-4b7e-aa78-88e3c58c1a38,경상남도,의료급여
여자,경상남도,의료급여,2등급,46,2018,https://api.odcloud.kr/api/15072696/v1/uddi:ef2810b1-0856-4b7e-aa78-88e3c58c1a38,경상남도,의료급여
여자,경상남도,의료급여,3등급,131,2018,https://api.odcloud.kr/api/15072696/v1/uddi:ef2810b1-0856-4b7e-aa78-88e3c58c1a38,경상남도,의료급여
여자,경상남도,의료급여,4등급,202,2018,https://api.odcloud.kr/api/15072696/v1/uddi:ef2810b1-0856-4b7e-aa78-88e3c58c1a38,경상남도,의료급여
여자,경상남도,의료급여,5등급,40,2018,https://api.odcloud.kr/api/15072696/v1/uddi:ef2810b1-0856-4b7e-aa78-88e3c58c1a38,경상남도,의료급여
여자,경상남도,의료급여,등급외,145,2018,https://api.odcloud.kr/api/15072696/v1/uddi:ef2810b1-0856-4b7e-aa78-88e3c58c1a38,경상남도,의료급여
여자,경상남도,기초수급,1등급,289,2018,https://api.odcloud.kr/api/15072696/v1/uddi:ef2810b1-0856-4b7e-aa78-88e3c58c1a38,경상남도,기초수급
여자,경상남도,기초수급,2등급,558,2018,https://api.odcloud.kr/api/15072696/v1/uddi:ef2810b1-0856-4b7e-aa78-88e3c58c1a38,경상남도,기초수급
여자,경상남도,기초수급,3등급,1262,2018,https://api.odcloud.kr/api/15072696/v1/uddi:ef2810b1-0856-4b7e-aa78-88e3c58c1a38,경상남도,기초수급
여자,경상남도,기초수급,4등급,2351,2018,https://api.odcloud.kr/api/15072696/v1/uddi:ef2810b1-0856-4b7e-aa78-88e3c58c1a38,경상남도,기초수급
여자,경상남도,기초수급,5등급,418,2018,https://api.odcloud.kr/api/15072696/v1/uddi:ef2810b1-0856-4b7e-aa78-88e3c58c1a38,경상남도,기초수급
여자,경상남도,기초수급,등급외,2401,2018,https://api.odcloud.kr/api/15072696/v1/uddi:ef2810b1-0856-4b7e-aa78-88e3c58c1a38,경상남도,기초수급
남자,제주특별자치도,일반,1등급,114,2018,https://api.odcloud.kr/api/15072696/v1/uddi:ef2810b1-0856-4b7e-aa78-88e3c58c1a38,제주특별자치도,일반
남자,제주특별자치도,일반,2등급,132,2018,https://api.odcloud.kr/api/15072696/v1/uddi:ef2810b1-0856-4b7e-aa78-88e3c58c1a38,제주특별자치도,일반
남자,제주특별자치도,일반,3등급,379,2018,https://api.odcloud.kr/api/15072696/v1/uddi:ef2810b1-0856-4b7e-aa78-88e3c58c1a38,제주특별자치도,일반
남자,제주특별자치도,일반,4등급,348,2018,https://api.odcloud.kr/api/15072696/v1/uddi:ef2810b1-0856-4b7e-aa78-88e3c58c1a38,제주특별자치도,일반
남자,제주특별자치도,일반,5등급,74,2018,https://api.odcloud.kr/api/15072696/v1/uddi:ef2810b1-0856-4b7e-aa78-88e3c58c1a38,제주특별자치도,일반
남자,제주특별자치도,일반,등급외,303,2018,https://api.odcloud.kr/api/15072696/v1/uddi:ef2810b1-0856-4b7e-aa78-88e3c58c1a38,제주특별자치도,일반
남자,제주특별자치도,감경,1등급,66,2018,https://api.odcloud.kr/api/15072696/v1/uddi:ef2810b1-0856-4b7e-aa78-88e3c58c1a38,제주특별자치도,경감
남자,제주특별자치도,감경,2등급,90,2018,https://api.odcloud.kr/api/15072696/v1/uddi:ef2810b1-0856-4b7e-aa78-88e3c58c1a38,제주특별자치도,경감
남자,제주특별자치도,감경,3등급,217,2018,https://api.odcloud.kr/api/15072696/v1/uddi:ef2810b1-0856-4b7e-aa78-88e3c58c1a38,제주특별자치도,경감
남자,제주특별자치도,감경,4등급,225,2018,https://api.odcloud.kr/api/15072696/v1/uddi:ef2810b1-0856-4b7e-aa78-88e3c58c1a38,제주특별자치도,경감
남자,제주특별자치도,감경,5등급,56,2018,https://api.odcloud.kr/api/15072696/v1/uddi:ef2810b1-0856-4b7e-aa78-88e3c58c1a38,제주특별자치도,경감
남자,제주특별자치도,감경,등급외,13,2018,https://api.odcloud.kr/api/15072696/v1/uddi:ef2810b1-0856-4b7e-aa78-88e3c58c1a38,제주특별자치도,경감
남자,제주특별자치도,의료급여,1등급,3,2018,https://api.odcloud.kr/api/15072696/v1/uddi:ef2810b1-0856-4b7e-aa78-88e3c58c1a38,제주특별자치도,의료급여
남자,제주특별자치도,의료급여,2등급,3,2018,https://api.odcloud.kr/api/15072696/v1/uddi:ef2810b1-0856-4b7e-aa78-88e3c58c1a38,제주특별자치도,의료급여
남자,제주특별자치도,의료급여,3등급,16,2018,https://api.odcloud.kr/api/15072696/v1/uddi:ef2810b1-0856-4b7e-aa78-88e3c58c1a38,제주특별자치도,의료급여
남자,제주특별자치도,의료급여,4등급,13,2018,https://api.odcloud.kr/api/15072696/v1/uddi:ef2810b1-0856-4b7e-aa78-88e3c58c1a38,제주특별자치도,의료급여
남자,제주특별자치도,의료급여,5등급,3,2018,https://api.odcloud.kr/api/15072696/v1/uddi:ef2810b1-0856-4b7e-aa78-88e3c58c1a38,제주특별자치도,의료급여
남자,제주특별자치도,의료급여,등급외,6,2018,https://api.odcloud.kr/api/15072696/v1/uddi:ef2810b1-0856-4b7e-aa78-88e3c58c1a38,제주특별자치도,의료급여
남자,제주특별자치도,기초수급,1등급,32,2018,https://api.odcloud.kr/api/15072696/v1/uddi:ef2810b1-0856-4b7e-aa78-88e3c58c1a38,제주특별자치도,기초수급
남자,제주특별자치도,기초수급,2등급,51,2018,https://api.odcloud.kr/api/15072696/v1/uddi:ef2810b1-0856-4b7e-aa78-88e3c58c1a38,제주특별자치도,기초수급
남자,제주특별자치도,기초수급,3등급,112,2018,https://api.odcloud.kr/api/15072696/v1/uddi:ef2810b1-0856-4b7e-aa78-88e3c58c1a38,제주특별자치도,기초수급
남자,제주특별자치도,기초수급,4등급,124,2018,https://api.odcloud.kr/api/15072696/v1/uddi:ef2810b1-0856-4b7e-aa78-88e3c58c1a38,제주특별자치도,기초수급
남자,제주특별자치도,기초수급,5등급,22,2018,https://api.odcloud.kr/api/15072696/v1/uddi:ef2810b1-0856-4b7e-aa78-88e3c58c1a38,제주특별자치도,기초수급
남자,제주특별자치도,기초수급,등급외,165,2018,https://api.odcloud.kr/api/15072696/v1/uddi:ef2810b1-0856-4b7e-aa78-88e3c58c1a38,제주특별자치도,기초수급
여자,제주특별자치도,일반,1등급,276,2018,https://api.odcloud.kr/api/15072696/v1/uddi:ef2810b1-0856-4b7e-aa78-88e3c58c1a38,제주특별자치도,일반
여자,제주특별자치도,일반,2등급,441,2018,https://api.odcloud.kr/api/15072696/v1/uddi:ef2810b1-0856-4b7e-aa78-88e3c58c1a38,제주특별자치도,일반
여자,제주특별자치도,일반,3등급,956,2018,https://api.odcloud.kr/api/15072696/v1/uddi:ef2810b1-0856-4b7e-aa78-88e3c58c1a38,제주특별자치도,일반
여자,제주특별자치도,일반,4등급,894,2018,https://api.odcloud.kr/api/15072696/v1/uddi:ef2810b1-0856-4b7e-aa78-88e3c58c1a38,제주특별자치도,일반
여자,제주특별자치도,일반,5등급,225,2018,https://api.odcloud.kr/api/15072696/v1/uddi:ef2810b1-0856-4b7e-aa78-88e3c58c1a38,제주특별자치도,일반
여자,제주특별자치도,일반,등급외,887,2018,https://api.odcloud.kr/api/15072696/v1/uddi:ef2810b1-0856-4b7e-aa78-88e3c58c1a38,제주특별자치도,일반
여자,제주특별자치도,감경,1등급,248,2018,https://api.odcloud.kr/api/15072696/v1/uddi:ef2810b1-0856-4b7e-aa78-88e3c58c1a38,제주특별자치도,경감
여자,제주특별자치도,감경,2등급,339,2018,https://api.odcloud.kr/api/15072696/v1/uddi:ef2810b1-0856-4b7e-aa78-88e3c58c1a38,제주특별자치도,경감
여자,제주특별자치도,감경,3등급,799,2018,https://api.odcloud.kr/api/15072696/v1/uddi:ef2810b1-0856-4b7e-aa78-88e3c58c1a38,제주특별자치도,경감
여자,제주특별자치도,감경,4등급,694,2018,https://api.odcloud.kr/api/15072696/v1/uddi:ef2810b1-0856-4b7e-aa78-88e3c58c1a38,제주특별자치도,경감
여자,제주특별자치도,감경,5등급,162,2018,https://api.odcloud.kr/api/15072696/v1/uddi:ef2810b1-0856-4b7e-aa78-88e3c58c1a38,제주특별자치도,경감
여자,제주특별자치도,감경,등급외,45,2018,https://api.odcloud.kr/api/15072696/v1/uddi:ef2810b1-0856-4b7e-aa78-88e3c58c1a38,제주특별자치도,경감
여자,제주특별자치도,의료급여,1등급,7,2018,https://api.odcloud.kr/api/15072696/v1/uddi:ef2810b1-0856-4b7e-aa78-88e3c58c1a38,제주특별자치도,의료급여
여자,제주특별자치도,의료급여,2등급,20,2018,https://api.odcloud.kr/api/15072696/v1/uddi:ef2810b1-0856-4b7e-aa78-88e3c58c1a38,제주특별자치도,의료급여
여자,제주특별자치도,의료급여,3등급,53,2018,https://api.odcloud.kr/api/15072696/v1/uddi:ef2810b1-0856-4b7e-aa78-88e3c58c1a38,제주특별자치도,의료급여
여자,제주특별자치도,의료급여,4등급,35,2018,https://api.odcloud.kr/api/15072696/v1/uddi:ef2810b1-0856-4b7e-aa78-88e3c58c1a38,제주특별자치도,의료급여
여자,제주특별자치도,의료급여,5등급,11,2018,https://api.odcloud.kr/api/15072696/v1/uddi:ef2810b1-0856-4b7e-aa78-88e3c58c1a38,제주특별자치도,의료급여
여자,제주특별자치도,의료급여,등급외,12,2018,https://api.odcloud.kr/api/15072696/v1/uddi:ef2810b1-0856-4b7e-aa78-88e3c58c1a38,제주특별자치도,의료급여
여자,제주특별자치도,기초수급,1등급,135,2018,https://api.odcloud.kr/api/15072696/v1/uddi:ef2810b1-0856-4b7e-aa78-88e3c58c1a38,제주특별자치도,기초수급
여자,제주특별자치도,기초수급,2등급,191,2018,https://api.odcloud.kr/api/15072696/v1/uddi:ef2810b1-0856-4b7e-aa78-88e3c58c1a38,제주특별자치도,기초수급
여자,제주특별자치도,기초수급,3등급,377,2018,https://api.odcloud.kr/api/15072696/v1/uddi:ef2810b1-0856-4b7e-aa78-88e3c58c1a38,제주특별자치도,기초수급
여자,제주특별자치도,기초수급,4등급,436,2018,https://api.odcloud.kr/api/15072696/v1/uddi:ef2810b1-0856-4b7e-aa78-88e3c58c1a38,제주특별자치도,기초수급
여자,제주특별자치도,기초수급,5등급,73,2018,https://api.odcloud.kr/api/15072696/v1/uddi:ef2810b1-0856-4b7e-aa78-88e3c58c1a38,제주특별자치도,기초수급
여자,제주특별자치도,기초수급,등급외,412,2018,https://api.odcloud.kr/api/15072696/v1/uddi:ef2810b1-0856-4b7e-aa78-88e3c58c1a38,제주특별자치도,기초수급
남자,서울특별시,일반,1등급,1836,2019,https://api.odcloud.kr/api/15072696/v1/uddi:b85af1c8-a290-42e1-b57f-ac91e5604e1a,서울특별시,일반
남자,서울특별시,일반,2등급,2380,2019,https://api.odcloud.kr/api/15072696/v1/uddi:b85af1c8-a290-42e1-b57f-ac91e5604e1a,서울특별시,일반
남자,서울특별시,일반,3등급,6299,2019,https://api.odcloud.kr/api/15072696/v1/uddi:b85af1c8-a290-42e1-b57f-ac91e5604e1a,서울특별시,일반
남자,서울특별시,일반,4등급,6927,2019,https://api.odcloud.kr/api/15072696/v1/uddi:b85af1c8-a290-42e1-b57f-ac91e5604e1a,서울특별시,일반
남자,서울특별시,일반,5등급,1654,2019,https://api.odcloud.kr/api/15072696/v1/uddi:b85af1c8-a290-42e1-b57f-ac91e5604e1a,서울특별시,일반
남자,서울특별시,일반,등급외,3255,2019,https://api.odcloud.kr/api/15072696/v1/uddi:b85af1c8-a290-42e1-b57f-ac91e5604e1a,서울특별시,일반
남자,서울특별시,감경,1등급,645,2019,https://api.odcloud.kr/api/15072696/v1/uddi:b85af1c8-a290-42e1-b57f-ac91e5604e1a,서울특별시,경감
남자,서울특별시,감경,2등급,1068,2019,https://api.odcloud.kr/api/15072696/v1/uddi:b85af1c8-a290-42e1-b57f-ac91e5604e1a,서울특별시,경감
남자,서울특별시,감경,3등급,2869,2019,https://api.odcloud.kr/api/15072696/v1/uddi:b85af1c8-a290-42e1-b57f-ac91e5604e1a,서울특별시,경감
남자,서울특별시,감경,4등급,3177,2019,https://api.odcloud.kr/api/15072696/v1/uddi:b85af1c8-a290-42e1-b57f-ac91e5604e1a,서울특별시,경감
남자,서울특별시,감경,5등급,696,2019,https://api.odcloud.kr/api/15072696/v1/uddi:b85af1c8-a290-42e1-b57f-ac91e5604e1a,서울특별시,경감
남자,서울특별시,감경,등급외,190,2019,https://api.odcloud.kr/api/15072696/v1/uddi:b85af1c8-a290-42e1-b57f-ac91e5604e1a,서울특별시,경감
남자,서울특별시,의료급여,1등급,15,2019,https://api.odcloud.kr/api/15072696/v1/uddi:b85af1c8-a290-42e1-b57f-ac91e5604e1a,서울특별시,의료급여
남자,서울특별시,의료급여,2등급,27,2019,https://api.odcloud.kr/api/15072696/v1/uddi:b85af1c8-a290-42e1-b57f-ac91e5604e1a,서울특별시,의료급여
남자,서울특별시,의료급여,3등급,81,2019,https://api.odcloud.kr/api/15072696/v1/uddi:b85af1c8-a290-42e1-b57f-ac91e5604e1a,서울특별시,의료급여
남자,서울특별시,의료급여,4등급,93,2019,https://api.odcloud.kr/api/15072696/v1/uddi:b85af1c8-a290-42e1-b57f-ac91e5604e1a,서울특별시,의료급여
남자,서울특별시,의료급여,5등급,19,2019,https://api.odcloud.kr/api/15072696/v1/uddi:b85af1c8-a290-42e1-b57f-ac91e5604e1a,서울특별시,의료급여
남자,서울특별시,의료급여,등급외,60,2019,https://api.odcloud.kr/api/15072696/v1/uddi:b85af1c8-a290-42e1-b57f-ac91e5604e1a,서울특별시,의료급여
남자,서울특별시,기초수급,1등급,295,2019,https://api.odcloud.kr/api/15072696/v1/uddi:b85af1c8-a290-42e1-b57f-ac91e5604e1a,서울특별시,기초수급
남자,서울특별시,기초수급,2등급,433,2019,https://api.odcloud.kr/api/15072696/v1/uddi:b85af1c8-a290-42e1-b57f-ac91e5604e1a,서울특별시,기초수급
남자,서울특별시,기초수급,3등급,1235,2019,https://api.odcloud.kr/api/15072696/v1/uddi:b85af1c8-a290-42e1-b57f-ac91e5604e1a,서울특별시,기초수급
남자,서울특별시,기초수급,4등급,2012,2019,https://api.odcloud.kr/api/15072696/v1/uddi:b85af1c8-a290-42e1-b57f-ac91e5604e1a,서울특별시,기초수급
남자,서울특별시,기초수급,5등급,396,2019,https://api.odcloud.kr/api/15072696/v1/uddi:b85af1c8-a290-42e1-b57f-ac91e5604e1a,서울특별시,기초수급
남자,서울특별시,기초수급,등급외,1830,2019,https://api.odcloud.kr/api/15072696/v1/uddi:b85af1c8-a290-42e1-b57f-ac91e5604e1a,서울특별시,기초수급
여자,서울특별시,일반,1등급,3303,2019,https://api.odcloud.kr/api/15072696/v1/uddi:b85af1c8-a290-42e1-b57f-ac91e5604e1a,서울특별시,일반
여자,서울특별시,일반,2등급,5765,2019,https://api.odcloud.kr/api/15072696/v1/uddi:b85af1c8-a290-42e1-b57f-ac91e5604e1a,서울특별시,일반
여자,서울특별시,일반,3등급,13325,2019,https://api.odcloud.kr/api/15072696/v1/uddi:b85af1c8-a290-42e1-b57f-ac91e5604e1a,서울특별시,일반
여자,서울특별시,일반,4등급,15945,2019,https://api.odcloud.kr/api/15072696/v1/uddi:b85af1c8-a290-42e1-b57f-ac91e5604e1a,서울특별시,일반
여자,서울특별시,일반,5등급,3834,2019,https://api.odcloud.kr/api/15072696/v1/uddi:b85af1c8-a290-42e1-b57f-ac91e5604e1a,서울특별시,일반
여자,서울특별시,일반,등급외,7446,2019,https://api.odcloud.kr/api/15072696/v1/uddi:b85af1c8-a290-42e1-b57f-ac91e5604e1a,서울특별시,일반
여자,서울특별시,감경,1등급,1591,2019,https://api.odcloud.kr/api/15072696/v1/uddi:b85af1c8-a290-42e1-b57f-ac91e5604e1a,서울특별시,경감
여자,서울특별시,감경,2등급,3072,2019,https://api.odcloud.kr/api/15072696/v1/uddi:b85af1c8-a290-42e1-b57f-ac91e5604e1a,서울특별시,경감
여자,서울특별시,감경,3등급,7299,2019,https://api.odcloud.kr/api/15072696/v1/uddi:b85af1c8-a290-42e1-b57f-ac91e5604e1a,서울특별시,경감
여자,서울특별시,감경,4등급,8192,2019,https://api.odcloud.kr/api/15072696/v1/uddi:b85af1c8-a290-42e1-b57f-ac91e5604e1a,서울특별시,경감
여자,서울특별시,감경,5등급,1689,2019,https://api.odcloud.kr/api/15072696/v1/uddi:b85af1c8-a290-42e1-b57f-ac91e5604e1a,서울특별시,경감
여자,서울특별시,감경,등급외,357,2019,https://api.odcloud.kr/api/15072696/v1/uddi:b85af1c8-a290-42e1-b57f-ac91e5604e1a,서울특별시,경감
여자,서울특별시,의료급여,1등급,50,2019,https://api.odcloud.kr/api/15072696/v1/uddi:b85af1c8-a290-42e1-b57f-ac91e5604e1a,서울특별시,의료급여
여자,서울특별시,의료급여,2등급,99,2019,https://api.odcloud.kr/api/15072696/v1/uddi:b85af1c8-a290-42e1-b57f-ac91e5604e1a,서울특별시,의료급여
여자,서울특별시,의료급여,3등급,213,2019,https://api.odcloud.kr/api/15072696/v1/uddi:b85af1c8-a290-42e1-b57f-ac91e5604e1a,서울특별시,의료급여
여자,서울특별시,의료급여,4등급,276,2019,https://api.odcloud.kr/api/15072696/v1/uddi:b85af1c8-a290-42e1-b57f-ac91e5604e1a,서울특별시,의료급여
여자,서울특별시,의료급여,5등급,41,2019,https://api.odcloud.kr/api/15072696/v1/uddi:b85af1c8-a290-42e1-b57f-ac91e5604e1a,서울특별시,의료급여
여자,서울특별시,의료급여,등급외,94,2019,https://api.odcloud.kr/api/15072696/v1/uddi:b85af1c8-a290-42e1-b57f-ac91e5604e1a,서울특별시,의료급여
여자,서울특별시,기초수급,1등급,797,2019,https://api.odcloud.kr/api/15072696/v1/uddi:b85af1c8-a290-42e1-b57f-ac91e5604e1a,서울특별시,기초수급
여자,서울특별시,기초수급,2등급,1350,2019,https://api.odcloud.kr/api/15072696/v1/uddi:b85af1c8-a290-42e1-b57f-ac91e5604e1a,서울특별시,기초수급
여자,서울특별시,기초수급,3등급,3279,2019,https://api.odcloud.kr/api/15072696/v1/uddi:b85af1c8-a290-42e1-b57f-ac91e5604e1a,서울특별시,기초수급
여자,서울특별시,기초수급,4등급,5384,2019,https://api.odcloud.kr/api/15072696/v1/uddi:b85af1c8-a290-42e1-b57f-ac91e5604e1a,서울특별시,기초수급
여자,서울특별시,기초수급,5등급,967,2019,https://api.odcloud.kr/api/15072696/v1/uddi:b85af1c8-a290-42e1-b57f-ac91e5604e1a,서울특별시,기초수급
여자,서울특별시,기초수급,등급외,3091,2019,https://api.odcloud.kr/api/15072696/v1/uddi:b85af1c8-a290-42e1-b57f-ac91e5604e1a,서울특별시,기초수급
남자,부산광역시,일반,1등급,424,2019,https://api.odcloud.kr/api/15072696/v1/uddi:b85af1c8-a290-42e1-b57f-ac91e5604e1a,부산광역시,일반
남자,부산광역시,일반,2등급,739,2019,https://api.odcloud.kr/api/15072696/v1/uddi:b85af1c8-a290-42e1-b57f-ac91e5604e1a,부산광역시,일반
남자,부산광역시,일반,3등급,2259,2019,https://api.odcloud.kr/api/15072696/v1/uddi:b85af1c8-a290-42e1-b57f-ac91e5604e1a,부산광역시,일반
남자,부산광역시,일반,4등급,2849,2019,https://api.odcloud.kr/api/15072696/v1/uddi:b85af1c8-a290-42e1-b57f-ac91e5604e1a,부산광역시,일반
남자,부산광역시,일반,5등급,456,2019,https://api.odcloud.kr/api/15072696/v1/uddi:b85af1c8-a290-42e1-b57f-ac91e5604e1a,부산광역시,일반
남자,부산광역시,일반,등급외,2000,2019,https://api.odcloud.kr/api/15072696/v1/uddi:b85af1c8-a290-42e1-b57f-ac91e5604e1a,부산광역시,일반
남자,부산광역시,감경,1등급,271,2019,https://api.odcloud.kr/api/15072696/v1/uddi:b85af1c8-a290-42e1-b57f-ac91e5604e1a,부산광역시,경감
남자,부산광역시,감경,2등급,495,2019,https://api.odcloud.kr/api/15072696/v1/uddi:b85af1c8-a290-42e1-b57f-ac91e5604e1a,부산광역시,경감
남자,부산광역시,감경,3등급,1412,2019,https://api.odcloud.kr/api/15072696/v1/uddi:b85af1c8-a290-42e1-b57f-ac91e5604e1a,부산광역시,경감
남자,부산광역시,감경,4등급,1792,2019,https://api.odcloud.kr/api/15072696/v1/uddi:b85af1c8-a290-42e1-b57f-ac91e5604e1a,부산광역시,경감
남자,부산광역시,감경,5등급,292,2019,https://api.odcloud.kr/api/15072696/v1/uddi:b85af1c8-a290-42e1-b57f-ac91e5604e1a,부산광역시,경감
남자,부산광역시,감경,등급외,101,2019,https://api.odcloud.kr/api/15072696/v1/uddi:b85af1c8-a290-42e1-b57f-ac91e5604e1a,부산광역시,경감
남자,부산광역시,의료급여,1등급,12,2019,https://api.odcloud.kr/api/15072696/v1/uddi:b85af1c8-a290-42e1-b57f-ac91e5604e1a,부산광역시,의료급여
남자,부산광역시,의료급여,2등급,16,2019,https://api.odcloud.kr/api/15072696/v1/uddi:b85af1c8-a290-42e1-b57f-ac91e5604e1a,부산광역시,의료급여
남자,부산광역시,의료급여,3등급,34,2019,https://api.odcloud.kr/api/15072696/v1/uddi:b85af1c8-a290-42e1-b57f-ac91e5604e1a,부산광역시,의료급여
남자,부산광역시,의료급여,4등급,51,2019,https://api.odcloud.kr/api/15072696/v1/uddi:b85af1c8-a290-42e1-b57f-ac91e5604e1a,부산광역시,의료급여
남자,부산광역시,의료급여,5등급,5,2019,https://api.odcloud.kr/api/15072696/v1/uddi:b85af1c8-a290-42e1-b57f-ac91e5604e1a,부산광역시,의료급여
남자,부산광역시,의료급여,등급외,30,2019,https://api.odcloud.kr/api/15072696/v1/uddi:b85af1c8-a290-42e1-b57f-ac91e5604e1a,부산광역시,의료급여
남자,부산광역시,기초수급,1등급,114,2019,https://api.odcloud.kr/api/15072696/v1/uddi:b85af1c8-a290-42e1-b57f-ac91e5604e1a,부산광역시,기초수급
남자,부산광역시,기초수급,2등급,228,2019,https://api.odcloud.kr/api/15072696/v1/uddi:b85af1c8-a290-42e1-b57f-ac91e5604e1a,부산광역시,기초수급
남자,부산광역시,기초수급,3등급,716,2019,https://api.odcloud.kr/api/15072696/v1/uddi:b85af1c8-a290-42e1-b57f-ac91e5604e1a,부산광역시,기초수급
남자,부산광역시,기초수급,4등급,1319,2019,https://api.odcloud.kr/api/15072696/v1/uddi:b85af1c8-a290-42e1-b57f-ac91e5604e1a,부산광역시,기초수급
남자,부산광역시,기초수급,5등급,175,2019,https://api.odcloud.kr/api/15072696/v1/uddi:b85af1c8-a290-42e1-b57f-ac91e5604e1a,부산광역시,기초수급
남자,부산광역시,기초수급,등급외,1320,2019,https://api.odcloud.kr/api/15072696/v1/uddi:b85af1c8-a290-42e1-b57f-ac91e5604e1a,부산광역시,기초수급
여자,부산광역시,일반,1등급,1042,2019,https://api.odcloud.kr/api/15072696/v1/uddi:b85af1c8-a290-42e1-b57f-ac91e5604e1a,부산광역시,일반
여자,부산광역시,일반,2등급,1760,2019,https://api.odcloud.kr/api/15072696/v1/uddi:b85af1c8-a290-42e1-b57f-ac91e5604e1a,부산광역시,일반
여자,부산광역시,일반,3등급,4647,2019,https://api.odcloud.kr/api/15072696/v1/uddi:b85af1c8-a290-42e1-b57f-ac91e5604e1a,부산광역시,일반
여자,부산광역시,일반,4등급,7202,2019,https://api.odcloud.kr/api/15072696/v1/uddi:b85af1c8-a290-42e1-b57f-ac91e5604e1a,부산광역시,일반
여자,부산광역시,일반,5등급,1235,2019,https://api.odcloud.kr/api/15072696/v1/uddi:b85af1c8-a290-42e1-b57f-ac91e5604e1a,부산광역시,일반
여자,부산광역시,일반,등급외,4793,2019,https://api.odcloud.kr/api/15072696/v1/uddi:b85af1c8-a290-42e1-b57f-ac91e5604e1a,부산광역시,일반
여자,부산광역시,감경,1등급,743,2019,https://api.odcloud.kr/api/15072696/v1/uddi:b85af1c8-a290-42e1-b57f-ac91e5604e1a,부산광역시,경감
여자,부산광역시,감경,2등급,1323,2019,https://api.odcloud.kr/api/15072696/v1/uddi:b85af1c8-a290-42e1-b57f-ac91e5604e1a,부산광역시,경감
여자,부산광역시,감경,3등급,3365,2019,https://api.odcloud.kr/api/15072696/v1/uddi:b85af1c8-a290-42e1-b57f-ac91e5604e1a,부산광역시,경감
여자,부산광역시,감경,4등급,4703,2019,https://api.odcloud.kr/api/15072696/v1/uddi:b85af1c8-a290-42e1-b57f-ac91e5604e1a,부산광역시,경감
여자,부산광역시,감경,5등급,700,2019,https://api.odcloud.kr/api/15072696/v1/uddi:b85af1c8-a290-42e1-b57f-ac91e5604e1a,부산광역시,경감
여자,부산광역시,감경,등급외,279,2019,https://api.odcloud.kr/api/15072696/v1/uddi:b85af1c8-a290-42e1-b57f-ac91e5604e1a,부산광역시,경감
여자,부산광역시,의료급여,1등급,34,2019,https://api.odcloud.kr/api/15072696/v1/uddi:b85af1c8-a290-42e1-b57f-ac91e5604e1a,부산광역시,의료급여
여자,부산광역시,의료급여,2등급,43,2019,https://api.odcloud.kr/api/15072696/v1/uddi:b85af1c8-a290-42e1-b57f-ac91e5604e1a,부산광역시,의료급여
여자,부산광역시,의료급여,3등급,103,2019,https://api.odcloud.kr/api/15072696/v1/uddi:b85af1c8-a290-42e1-b57f-ac91e5604e1a,부산광역시,의료급여
여자,부산광역시,의료급여,4등급,165,2019,https://api.odcloud.kr/api/15072696/v1/uddi:b85af1c8-a290-42e1-b57f-ac91e5604e1a,부산광역시,의료급여
여자,부산광역시,의료급여,5등급,22,2019,https://api.odcloud.kr/api/15072696/v1/uddi:b85af1c8-a290-42e1-b57f-ac91e5604e1a,부산광역시,의료급여
여자,부산광역시,의료급여,등급외,86,2019,https://api.odcloud.kr/api/15072696/v1/uddi:b85af1c8-a290-42e1-b57f-ac91e5604e1a,부산광역시,의료급여
여자,부산광역시,기초수급,1등급,333,2019,https://api.odcloud.kr/api/15072696/v1/uddi:b85af1c8-a290-42e1-b57f-ac91e5604e1a,부산광역시,기초수급
여자,부산광역시,기초수급,2등급,662,2019,https://api.odcloud.kr/api/15072696/v1/uddi:b85af1c8-a290-42e1-b57f-ac91e5604e1a,부산광역시,기초수급
여자,부산광역시,기초수급,3등급,1709,2019,https://api.odcloud.kr/api/15072696/v1/uddi:b85af1c8-a290-42e1-b57f-ac91e5604e1a,부산광역시,기초수급
여자,부산광역시,기초수급,4등급,3671,2019,https://api.odcloud.kr/api/15072696/v1/uddi:b85af1c8-a290-42e1-b57f-ac91e5604e1a,부산광역시,기초수급
여자,부산광역시,기초수급,5등급,391,2019,https://api.odcloud.kr/api/15072696/v1/uddi:b85af1c8-a290-42e1-b57f-ac91e5604e1a,부산광역시,기초수급
여자,부산광역시,기초수급,등급외,2416,2019,https://api.odcloud.kr/api/15072696/v1/uddi:b85af1c8-a290-42e1-b57f-ac91e5604e1a,부산광역시,기초수급
남자,대구광역시,일반,1등급,254,2019,https://api.odcloud.kr/api/15072696/v1/uddi:b85af1c8-a290-42e1-b57f-ac91e5604e1a,대구광역시,일반
남자,대구광역시,일반,2등급,529,2019,https://api.odcloud.kr/api/15072696/v1/uddi:b85af1c8-a290-42e1-b57f-ac91e5604e1a,대구광역시,일반
남자,대구광역시,일반,3등급,1426,2019,https://api.odcloud.kr/api/15072696/v1/uddi:b85af1c8-a290-42e1-b57f-ac91e5604e1a,대구광역시,일반
남자,대구광역시,일반,4등급,1764,2019,https://api.odcloud.kr/api/15072696/v1/uddi:b85af1c8-a290-42e1-b57f-ac91e5604e1a,대구광역시,일반
남자,대구광역시,일반,5등급,498,2019,https://api.odcloud.kr/api/15072696/v1/uddi:b85af1c8-a290-42e1-b57f-ac91e5604e1a,대구광역시,일반
남자,대구광역시,일반,등급외,1235,2019,https://api.odcloud.kr/api/15072696/v1/uddi:b85af1c8-a290-42e1-b57f-ac91e5604e1a,대구광역시,일반
남자,대구광역시,감경,1등급,163,2019,https://api.odcloud.kr/api/15072696/v1/uddi:b85af1c8-a290-42e1-b57f-ac91e5604e1a,대구광역시,경감
남자,대구광역시,감경,2등급,344,2019,https://api.odcloud.kr/api/15072696/v1/uddi:b85af1c8-a290-42e1-b57f-ac91e5604e1a,대구광역시,경감
남자,대구광역시,감경,3등급,892,2019,https://api.odcloud.kr/api/15072696/v1/uddi:b85af1c8-a290-42e1-b57f-ac91e5604e1a,대구광역시,경감
남자,대구광역시,감경,4등급,1066,2019,https://api.odcloud.kr/api/15072696/v1/uddi:b85af1c8-a290-42e1-b57f-ac91e5604e1a,대구광역시,경감
남자,대구광역시,감경,5등급,262,2019,https://api.odcloud.kr/api/15072696/v1/uddi:b85af1c8-a290-42e1-b57f-ac91e5604e1a,대구광역시,경감
남자,대구광역시,감경,등급외,54,2019,https://api.odcloud.kr/api/15072696/v1/uddi:b85af1c8-a290-42e1-b57f-ac91e5604e1a,대구광역시,경감
남자,대구광역시,의료급여,1등급,8,2019,https://api.odcloud.kr/api/15072696/v1/uddi:b85af1c8-a290-42e1-b57f-ac91e5604e1a,대구광역시,의료급여
남자,대구광역시,의료급여,2등급,10,2019,https://api.odcloud.kr/api/15072696/v1/uddi:b85af1c8-a290-42e1-b57f-ac91e5604e1a,대구광역시,의료급여
남자,대구광역시,의료급여,3등급,44,2019,https://api.odcloud.kr/api/15072696/v1/uddi:b85af1c8-a290-42e1-b57f-ac91e5604e1a,대구광역시,의료급여
남자,대구광역시,의료급여,4등급,67,2019,https://api.odcloud.kr/api/15072696/v1/uddi:b85af1c8-a290-42e1-b57f-ac91e5604e1a,대구광역시,의료급여
남자,대구광역시,의료급여,5등급,15,2019,https://api.odcloud.kr/api/15072696/v1/uddi:b85af1c8-a290-42e1-b57f-ac91e5604e1a,대구광역시,의료급여
남자,대구광역시,의료급여,등급외,30,2019,https://api.odcloud.kr/api/15072696/v1/uddi:b85af1c8-a290-42e1-b57f-ac91e5604e1a,대구광역시,의료급여
남자,대구광역시,기초수급,1등급,70,2019,https://api.odcloud.kr/api/15072696/v1/uddi:b85af1c8-a290-42e1-b57f-ac91e5604e1a,대구광역시,기초수급
남자,대구광역시,기초수급,2등급,171,2019,https://api.odcloud.kr/api/15072696/v1/uddi:b85af1c8-a290-42e1-b57f-ac91e5604e1a,대구광역시,기초수급
남자,대구광역시,기초수급,3등급,487,2019,https://api.odcloud.kr/api/15072696/v1/uddi:b85af1c8-a290-42e1-b57f-ac91e5604e1a,대구광역시,기초수급
남자,대구광역시,기초수급,4등급,695,2019,https://api.odcloud.kr/api/15072696/v1/uddi:b85af1c8-a290-42e1-b57f-ac91e5604e1a,대구광역시,기초수급
남자,대구광역시,기초수급,5등급,168,2019,https://api.odcloud.kr/api/15072696/v1/uddi:b85af1c8-a290-42e1-b57f-ac91e5604e1a,대구광역시,기초수급
남자,대구광역시,기초수급,등급외,774,2019,https://api.odcloud.kr/api/15072696/v1/uddi:b85af1c8-a290-42e1-b57f-ac91e5604e1a,대구광역시,기초수급
여자,대구광역시,일반,1등급,563,2019,https://api.odcloud.kr/api/15072696/v1/uddi:b85af1c8-a290-42e1-b57f-ac91e5604e1a,대구광역시,일반
여자,대구광역시,일반,2등급,1281,2019,https://api.odcloud.kr/api/15072696/v1/uddi:b85af1c8-a290-42e1-b57f-ac91e5604e1a,대구광역시,일반
여자,대구광역시,일반,3등급,3254,2019,https://api.odcloud.kr/api/15072696/v1/uddi:b85af1c8-a290-42e1-b57f-ac91e5604e1a,대구광역시,일반
여자,대구광역시,일반,4등급,4548,2019,https://api.odcloud.kr/api/15072696/v1/uddi:b85af1c8-a290-42e1-b57f-ac91e5604e1a,대구광역시,일반
여자,대구광역시,일반,5등급,1237,2019,https://api.odcloud.kr/api/15072696/v1/uddi:b85af1c8-a290-42e1-b57f-ac91e5604e1a,대구광역시,일반
여자,대구광역시,일반,등급외,2946,2019,https://api.odcloud.kr/api/15072696/v1/uddi:b85af1c8-a290-42e1-b57f-ac91e5604e1a,대구광역시,일반
여자,대구광역시,감경,1등급,429,2019,https://api.odcloud.kr/api/15072696/v1/uddi:b85af1c8-a290-42e1-b57f-ac91e5604e1a,대구광역시,경감
여자,대구광역시,감경,2등급,990,2019,https://api.odcloud.kr/api/15072696/v1/uddi:b85af1c8-a290-42e1-b57f-ac91e5604e1a,대구광역시,경감
여자,대구광역시,감경,3등급,2580,2019,https://api.odcloud.kr/api/15072696/v1/uddi:b85af1c8-a290-42e1-b57f-ac91e5604e1a,대구광역시,경감
여자,대구광역시,감경,4등급,3187,2019,https://api.odcloud.kr/api/15072696/v1/uddi:b85af1c8-a290-42e1-b57f-ac91e5604e1a,대구광역시,경감
여자,대구광역시,감경,5등급,744,2019,https://api.odcloud.kr/api/15072696/v1/uddi:b85af1c8-a290-42e1-b57f-ac91e5604e1a,대구광역시,경감
여자,대구광역시,감경,등급외,189,2019,https://api.odcloud.kr/api/15072696/v1/uddi:b85af1c8-a290-42e1-b57f-ac91e5604e1a,대구광역시,경감
여자,대구광역시,의료급여,1등급,27,2019,https://api.odcloud.kr/api/15072696/v1/uddi:b85af1c8-a290-42e1-b57f-ac91e5604e1a,대구광역시,의료급여
여자,대구광역시,의료급여,2등급,52,2019,https://api.odcloud.kr/api/15072696/v1/uddi:b85af1c8-a290-42e1-b57f-ac91e5604e1a,대구광역시,의료급여
여자,대구광역시,의료급여,3등급,99,2019,https://api.odcloud.kr/api/15072696/v1/uddi:b85af1c8-a290-42e1-b57f-ac91e5604e1a,대구광역시,의료급여
여자,대구광역시,의료급여,4등급,167,2019,https://api.odcloud.kr/api/15072696/v1/uddi:b85af1c8-a290-42e1-b57f-ac91e5604e1a,대구광역시,의료급여
여자,대구광역시,의료급여,5등급,45,2019,https://api.odcloud.kr/api/15072696/v1/uddi:b85af1c8-a290-42e1-b57f-ac91e5604e1a,대구광역시,의료급여
여자,대구광역시,의료급여,등급외,75,2019,https://api.odcloud.kr/api/15072696/v1/uddi:b85af1c8-a290-42e1-b57f-ac91e5604e1a,대구광역시,의료급여
여자,대구광역시,기초수급,1등급,247,2019,https://api.odcloud.kr/api/15072696/v1/uddi:b85af1c8-a290-42e1-b57f-ac91e5604e1a,대구광역시,기초수급
여자,대구광역시,기초수급,2등급,516,2019,https://api.odcloud.kr/api/15072696/v1/uddi:b85af1c8-a290-42e1-b57f-ac91e5604e1a,대구광역시,기초수급
여자,대구광역시,기초수급,3등급,1239,2019,https://api.odcloud.kr/api/15072696/v1/uddi:b85af1c8-a290-42e1-b57f-ac91e5604e1a,대구광역시,기초수급
여자,대구광역시,기초수급,4등급,1972,2019,https://api.odcloud.kr/api/15072696/v1/uddi:b85af1c8-a290-42e1-b57f-ac91e5604e1a,대구광역시,기초수급
여자,대구광역시,기초수급,5등급,519,2019,https://api.odcloud.kr/api/15072696/v1/uddi:b85af1c8-a290-42e1-b57f-ac91e5604e1a,대구광역시,기초수급
여자,대구광역시,기초수급,등급외,1385,2019,https://api.odcloud.kr/api/15072696/v1/uddi:b85af1c8-a290-42e1-b57f-ac91e5604e1a,대구광역시,기초수급
남자,인천광역시,일반,1등급,296,2019,https://api.odcloud.kr/api/15072696/v1/uddi:b85af1c8-a290-42e1-b57f-ac91e5604e1a,인천광역시,일반
남자,인천광역시,일반,2등급,540,2019,https://api.odcloud.kr/api/15072696/v1/uddi:b85af1c8-a290-42e1-b57f-ac91e5604e1a,인천광역시,일반
남자,인천광역시,일반,3등급,1644,2019,https://api.odcloud.kr/api/15072696/v1/uddi:b85af1c8-a290-42e1-b57f-ac91e5604e1a,인천광역시,일반
남자,인천광역시,일반,4등급,1990,2019,https://api.odcloud.kr/api/15072696/v1/uddi:b85af1c8-a290-42e1-b57f-ac91e5604e1a,인천광역시,일반
남자,인천광역시,일반,5등급,376,2019,https://api.odcloud.kr/api/15072696/v1/uddi:b85af1c8-a290-42e1-b57f-ac91e5604e1a,인천광역시,일반
남자,인천광역시,일반,등급외,1216,2019,https://api.odcloud.kr/api/15072696/v1/uddi:b85af1c8-a290-42e1-b57f-ac91e5604e1a,인천광역시,일반
남자,인천광역시,감경,1등급,228,2019,https://api.odcloud.kr/api/15072696/v1/uddi:b85af1c8-a290-42e1-b57f-ac91e5604e1a,인천광역시,경감
남자,인천광역시,감경,2등급,442,2019,https://api.odcloud.kr/api/15072696/v1/uddi:b85af1c8-a290-42e1-b57f-ac91e5604e1a,인천광역시,경감
남자,인천광역시,감경,3등급,1272,2019,https://api.odcloud.kr/api/15072696/v1/uddi:b85af1c8-a290-42e1-b57f-ac91e5604e1a,인천광역시,경감
남자,인천광역시,감경,4등급,1539,2019,https://api.odcloud.kr/api/15072696/v1/uddi:b85af1c8-a290-42e1-b57f-ac91e5604e1a,인천광역시,경감
남자,인천광역시,감경,5등급,292,2019,https://api.odcloud.kr/api/15072696/v1/uddi:b85af1c8-a290-42e1-b57f-ac91e5604e1a,인천광역시,경감
남자,인천광역시,감경,등급외,54,2019,https://api.odcloud.kr/api/15072696/v1/uddi:b85af1c8-a290-42e1-b57f-ac91e5604e1a,인천광역시,경감
남자,인천광역시,의료급여,1등급,13,2019,https://api.odcloud.kr/api/15072696/v1/uddi:b85af1c8-a290-42e1-b57f-ac91e5604e1a,인천광역시,의료급여
남자,인천광역시,의료급여,2등급,17,2019,https://api.odcloud.kr/api/15072696/v1/uddi:b85af1c8-a290-42e1-b57f-ac91e5604e1a,인천광역시,의료급여
남자,인천광역시,의료급여,3등급,37,2019,https://api.odcloud.kr/api/15072696/v1/uddi:b85af1c8-a290-42e1-b57f-ac91e5604e1a,인천광역시,의료급여
남자,인천광역시,의료급여,4등급,71,2019,https://api.odcloud.kr/api/15072696/v1/uddi:b85af1c8-a290-42e1-b57f-ac91e5604e1a,인천광역시,의료급여
남자,인천광역시,의료급여,5등급,17,2019,https://api.odcloud.kr/api/15072696/v1/uddi:b85af1c8-a290-42e1-b57f-ac91e5604e1a,인천광역시,의료급여
남자,인천광역시,의료급여,등급외,26,2019,https://api.odcloud.kr/api/15072696/v1/uddi:b85af1c8-a290-42e1-b57f-ac91e5604e1a,인천광역시,의료급여
남자,인천광역시,기초수급,1등급,147,2019,https://api.odcloud.kr/api/15072696/v1/uddi:b85af1c8-a290-42e1-b57f-ac91e5604e1a,인천광역시,기초수급
남자,인천광역시,기초수급,2등급,236,2019,https://api.odcloud.kr/api/15072696/v1/uddi:b85af1c8-a290-42e1-b57f-ac91e5604e1a,인천광역시,기초수급
남자,인천광역시,기초수급,3등급,769,2019,https://api.odcloud.kr/api/15072696/v1/uddi:b85af1c8-a290-42e1-b57f-ac91e5604e1a,인천광역시,기초수급
남자,인천광역시,기초수급,4등급,1263,2019,https://api.odcloud.kr/api/15072696/v1/uddi:b85af1c8-a290-42e1-b57f-ac91e5604e1a,인천광역시,기초수급
남자,인천광역시,기초수급,5등급,181,2019,https://api.odcloud.kr/api/15072696/v1/uddi:b85af1c8-a290-42e1-b57f-ac91e5604e1a,인천광역시,기초수급
남자,인천광역시,기초수급,등급외,813,2019,https://api.odcloud.kr/api/15072696/v1/uddi:b85af1c8-a290-42e1-b57f-ac91e5604e1a,인천광역시,기초수급
여자,인천광역시,일반,1등급,675,2019,https://api.odcloud.kr/api/15072696/v1/uddi:b85af1c8-a290-42e1-b57f-ac91e5604e1a,인천광역시,일반
여자,인천광역시,일반,2등급,1430,2019,https://api.odcloud.kr/api/15072696/v1/uddi:b85af1c8-a290-42e1-b57f-ac91e5604e1a,인천광역시,일반
여자,인천광역시,일반,3등급,4005,2019,https://api.odcloud.kr/api/15072696/v1/uddi:b85af1c8-a290-42e1-b57f-ac91e5604e1a,인천광역시,일반
여자,인천광역시,일반,4등급,5425,2019,https://api.odcloud.kr/api/15072696/v1/uddi:b85af1c8-a290-42e1-b57f-ac91e5604e1a,인천광역시,일반
여자,인천광역시,일반,5등급,991,2019,https://api.odcloud.kr/api/15072696/v1/uddi:b85af1c8-a290-42e1-b57f-ac91e5604e1a,인천광역시,일반
여자,인천광역시,일반,등급외,3014,2019,https://api.odcloud.kr/api/15072696/v1/uddi:b85af1c8-a290-42e1-b57f-ac91e5604e1a,인천광역시,일반
여자,인천광역시,감경,1등급,593,2019,https://api.odcloud.kr/api/15072696/v1/uddi:b85af1c8-a290-42e1-b57f-ac91e5604e1a,인천광역시,경감
여자,인천광역시,감경,2등급,1408,2019,https://api.odcloud.kr/api/15072696/v1/uddi:b85af1c8-a290-42e1-b57f-ac91e5604e1a,인천광역시,경감
여자,인천광역시,감경,3등급,3615,2019,https://api.odcloud.kr/api/15072696/v1/uddi:b85af1c8-a290-42e1-b57f-ac91e5604e1a,인천광역시,경감
여자,인천광역시,감경,4등급,4284,2019,https://api.odcloud.kr/api/15072696/v1/uddi:b85af1c8-a290-42e1-b57f-ac91e5604e1a,인천광역시,경감
여자,인천광역시,감경,5등급,668,2019,https://api.odcloud.kr/api/15072696/v1/uddi:b85af1c8-a290-42e1-b57f-ac91e5604e1a,인천광역시,경감
여자,인천광역시,감경,등급외,138,2019,https://api.odcloud.kr/api/15072696/v1/uddi:b85af1c8-a290-42e1-b57f-ac91e5604e1a,인천광역시,경감
여자,인천광역시,의료급여,1등급,16,2019,https://api.odcloud.kr/api/15072696/v1/uddi:b85af1c8-a290-42e1-b57f-ac91e5604e1a,인천광역시,의료급여
여자,인천광역시,의료급여,2등급,49,2019,https://api.odcloud.kr/api/15072696/v1/uddi:b85af1c8-a290-42e1-b57f-ac91e5604e1a,인천광역시,의료급여
여자,인천광역시,의료급여,3등급,106,2019,https://api.odcloud.kr/api/15072696/v1/uddi:b85af1c8-a290-42e1-b57f-ac91e5604e1a,인천광역시,의료급여
여자,인천광역시,의료급여,4등급,174,2019,https://api.odcloud.kr/api/15072696/v1/uddi:b85af1c8-a290-42e1-b57f-ac91e5604e1a,인천광역시,의료급여
여자,인천광역시,의료급여,5등급,33,2019,https://api.odcloud.kr/api/15072696/v1/uddi:b85af1c8-a290-42e1-b57f-ac91e5604e1a,인천광역시,의료급여
여자,인천광역시,의료급여,등급외,47,2019,https://api.odcloud.kr/api/15072696/v1/uddi:b85af1c8-a290-42e1-b57f-ac91e5604e1a,인천광역시,의료급여
여자,인천광역시,기초수급,1등급,343,2019,https://api.odcloud.kr/api/15072696/v1/uddi:b85af1c8-a290-42e1-b57f-ac91e5604e1a,인천광역시,기초수급
여자,인천광역시,기초수급,2등급,704,2019,https://api.odcloud.kr/api/15072696/v1/uddi:b85af1c8-a290-42e1-b57f-ac91e5604e1a,인천광역시,기초수급
여자,인천광역시,기초수급,3등급,1727,2019,https://api.odcloud.kr/api/15072696/v1/uddi:b85af1c8-a290-42e1-b57f-ac91e5604e1a,인천광역시,기초수급
여자,인천광역시,기초수급,4등급,2937,2019,https://api.odcloud.kr/api/15072696/v1/uddi:b85af1c8-a290-42e1-b57f-ac91e5604e1a,인천광역시,기초수급
여자,인천광역시,기초수급,5등급,424,2019,https://api.odcloud.kr/api/15072696/v1/uddi:b85af1c8-a290-42e1-b57f-ac91e5604e1a,인천광역시,기초수급
여자,인천광역시,기초수급,등급외,1323,2019,https://api.odcloud.kr/api/15072696/v1/uddi:b85af1c8-a290-42e1-b57f-ac91e5604e1a,인천광역시,기초수급
남자,광주광역시,일반,1등급,144,2019,https://api.odcloud.kr/api/15072696/v1/uddi:b85af1c8-a290-42e1-b57f-ac91e5604e1a,광주광역시,일반
남자,광주광역시,일반,2등급,237,2019,https://api.odcloud.kr/api/15072696/v1/uddi:b85af1c8-a290-42e1-b57f-ac91e5604e1a,광주광역시,일반
남자,광주광역시,일반,3등급,832,2019,https://api.odcloud.kr/api/15072696/v1/uddi:b85af1c8-a290-42e1-b57f-ac91e5604e1a,광주광역시,일반
남자,광주광역시,일반,4등급,1339,2019,https://api.odcloud.kr/api/15072696/v1/uddi:b85af1c8-a290-42e1-b57f-ac91e5604e1a,광주광역시,일반
남자,광주광역시,일반,5등급,311,2019,https://api.odcloud.kr/api/15072696/v1/uddi:b85af1c8-a290-42e1-b57f-ac91e5604e1a,광주광역시,일반
남자,광주광역시,일반,등급외,1180,2019,https://api.odcloud.kr/api/15072696/v1/uddi:b85af1c8-a290-42e1-b57f-ac91e5604e1a,광주광역시,일반
남자,광주광역시,감경,1등급,92,2019,https://api.odcloud.kr/api/15072696/v1/uddi:b85af1c8-a290-42e1-b57f-ac91e5604e1a,광주광역시,경감
남자,광주광역시,감경,2등급,140,2019,https://api.odcloud.kr/api/15072696/v1/uddi:b85af1c8-a290-42e1-b57f-ac91e5604e1a,광주광역시,경감
남자,광주광역시,감경,3등급,481,2019,https://api.odcloud.kr/api/15072696/v1/uddi:b85af1c8-a290-42e1-b57f-ac91e5604e1a,광주광역시,경감
남자,광주광역시,감경,4등급,724,2019,https://api.odcloud.kr/api/15072696/v1/uddi:b85af1c8-a290-42e1-b57f-ac91e5604e1a,광주광역시,경감
남자,광주광역시,감경,5등급,149,2019,https://api.odcloud.kr/api/15072696/v1/uddi:b85af1c8-a290-42e1-b57f-ac91e5604e1a,광주광역시,경감
남자,광주광역시,감경,등급외,68,2019,https://api.odcloud.kr/api/15072696/v1/uddi:b85af1c8-a290-42e1-b57f-ac91e5604e1a,광주광역시,경감
남자,광주광역시,의료급여,1등급,6,2019,https://api.odcloud.kr/api/15072696/v1/uddi:b85af1c8-a290-42e1-b57f-ac91e5604e1a,광주광역시,의료급여
남자,광주광역시,의료급여,2등급,14,2019,https://api.odcloud.kr/api/15072696/v1/uddi:b85af1c8-a290-42e1-b57f-ac91e5604e1a,광주광역시,의료급여
남자,광주광역시,의료급여,3등급,31,2019,https://api.odcloud.kr/api/15072696/v1/uddi:b85af1c8-a290-42e1-b57f-ac91e5604e1a,광주광역시,의료급여
남자,광주광역시,의료급여,4등급,51,2019,https://api.odcloud.kr/api/15072696/v1/uddi:b85af1c8-a290-42e1-b57f-ac91e5604e1a,광주광역시,의료급여
남자,광주광역시,의료급여,5등급,12,2019,https://api.odcloud.kr/api/15072696/v1/uddi:b85af1c8-a290-42e1-b57f-ac91e5604e1a,광주광역시,의료급여
남자,광주광역시,의료급여,등급외,31,2019,https://api.odcloud.kr/api/15072696/v1/uddi:b85af1c8-a290-42e1-b57f-ac91e5604e1a,광주광역시,의료급여
남자,광주광역시,기초수급,1등급,40,2019,https://api.odcloud.kr/api/15072696/v1/uddi:b85af1c8-a290-42e1-b57f-ac91e5604e1a,광주광역시,기초수급
남자,광주광역시,기초수급,2등급,54,2019,https://api.odcloud.kr/api/15072696/v1/uddi:b85af1c8-a290-42e1-b57f-ac91e5604e1a,광주광역시,기초수급
남자,광주광역시,기초수급,3등급,213,2019,https://api.odcloud.kr/api/15072696/v1/uddi:b85af1c8-a290-42e1-b57f-ac91e5604e1a,광주광역시,기초수급
남자,광주광역시,기초수급,4등급,436,2019,https://api.odcloud.kr/api/15072696/v1/uddi:b85af1c8-a290-42e1-b57f-ac91e5604e1a,광주광역시,기초수급
남자,광주광역시,기초수급,5등급,90,2019,https://api.odcloud.kr/api/15072696/v1/uddi:b85af1c8-a290-42e1-b57f-ac91e5604e1a,광주광역시,기초수급
남자,광주광역시,기초수급,등급외,701,2019,https://api.odcloud.kr/api/15072696/v1/uddi:b85af1c8-a290-42e1-b57f-ac91e5604e1a,광주광역시,기초수급
여자,광주광역시,일반,1등급,350,2019,https://api.odcloud.kr/api/15072696/v1/uddi:b85af1c8-a290-42e1-b57f-ac91e5604e1a,광주광역시,일반
여자,광주광역시,일반,2등급,623,2019,https://api.odcloud.kr/api/15072696/v1/uddi:b85af1c8-a290-42e1-b57f-ac91e5604e1a,광주광역시,일반
여자,광주광역시,일반,3등급,1853,2019,https://api.odcloud.kr/api/15072696/v1/uddi:b85af1c8-a290-42e1-b57f-ac91e5604e1a,광주광역시,일반
여자,광주광역시,일반,4등급,3664,2019,https://api.odcloud.kr/api/15072696/v1/uddi:b85af1c8-a290-42e1-b57f-ac91e5604e1a,광주광역시,일반
여자,광주광역시,일반,5등급,737,2019,https://api.odcloud.kr/api/15072696/v1/uddi:b85af1c8-a290-42e1-b57f-ac91e5604e1a,광주광역시,일반
여자,광주광역시,일반,등급외,3201,2019,https://api.odcloud.kr/api/15072696/v1/uddi:b85af1c8-a290-42e1-b57f-ac91e5604e1a,광주광역시,일반
여자,광주광역시,감경,1등급,248,2019,https://api.odcloud.kr/api/15072696/v1/uddi:b85af1c8-a290-42e1-b57f-ac91e5604e1a,광주광역시,경감
여자,광주광역시,감경,2등급,451,2019,https://api.odcloud.kr/api/15072696/v1/uddi:b85af1c8-a290-42e1-b57f-ac91e5604e1a,광주광역시,경감
여자,광주광역시,감경,3등급,1330,2019,https://api.odcloud.kr/api/15072696/v1/uddi:b85af1c8-a290-42e1-b57f-ac91e5604e1a,광주광역시,경감
여자,광주광역시,감경,4등급,2206,2019,https://api.odcloud.kr/api/15072696/v1/uddi:b85af1c8-a290-42e1-b57f-ac91e5604e1a,광주광역시,경감
여자,광주광역시,감경,5등급,430,2019,https://api.odcloud.kr/api/15072696/v1/uddi:b85af1c8-a290-42e1-b57f-ac91e5604e1a,광주광역시,경감
여자,광주광역시,감경,등급외,212,2019,https://api.odcloud.kr/api/15072696/v1/uddi:b85af1c8-a290-42e1-b57f-ac91e5604e1a,광주광역시,경감
여자,광주광역시,의료급여,1등급,13,2019,https://api.odcloud.kr/api/15072696/v1/uddi:b85af1c8-a290-42e1-b57f-ac91e5604e1a,광주광역시,의료급여
여자,광주광역시,의료급여,2등급,19,2019,https://api.odcloud.kr/api/15072696/v1/uddi:b85af1c8-a290-42e1-b57f-ac91e5604e1a,광주광역시,의료급여
여자,광주광역시,의료급여,3등급,86,2019,https://api.odcloud.kr/api/15072696/v1/uddi:b85af1c8-a290-42e1-b57f-ac91e5604e1a,광주광역시,의료급여
여자,광주광역시,의료급여,4등급,167,2019,https://api.odcloud.kr/api/15072696/v1/uddi:b85af1c8-a290-42e1-b57f-ac91e5604e1a,광주광역시,의료급여
여자,광주광역시,의료급여,5등급,30,2019,https://api.odcloud.kr/api/15072696/v1/uddi:b85af1c8-a290-42e1-b57f-ac91e5604e1a,광주광역시,의료급여
여자,광주광역시,의료급여,등급외,77,2019,https://api.odcloud.kr/api/15072696/v1/uddi:b85af1c8-a290-42e1-b57f-ac91e5604e1a,광주광역시,의료급여
여자,광주광역시,기초수급,1등급,92,2019,https://api.odcloud.kr/api/15072696/v1/uddi:b85af1c8-a290-42e1-b57f-ac91e5604e1a,광주광역시,기초수급
여자,광주광역시,기초수급,2등급,187,2019,https://api.odcloud.kr/api/15072696/v1/uddi:b85af1c8-a290-42e1-b57f-ac91e5604e1a,광주광역시,기초수급
여자,광주광역시,기초수급,3등급,603,2019,https://api.odcloud.kr/api/15072696/v1/uddi:b85af1c8-a290-42e1-b57f-ac91e5604e1a,광주광역시,기초수급
여자,광주광역시,기초수급,4등급,1204,2019,https://api.odcloud.kr/api/15072696/v1/uddi:b85af1c8-a290-42e1-b57f-ac91e5604e1a,광주광역시,기초수급
여자,광주광역시,기초수급,5등급,290,2019,https://api.odcloud.kr/api/15072696/v1/uddi:b85af1c8-a290-42e1-b57f-ac91e5604e1a,광주광역시,기초수급
여자,광주광역시,기초수급,등급외,1401,2019,https://api.odcloud.kr/api/15072696/v1/uddi:b85af1c8-a290-42e1-b57f-ac91e5604e1a,광주광역시,기초수급
남자,대전광역시,일반,1등급,168,2019,https://api.odcloud.kr/api/15072696/v1/uddi:b85af1c8-a290-42e1-b57f-ac91e5604e1a,대전광역시,일반
남자,대전광역시,일반,2등급,241,2019,https://api.odcloud.kr/api/15072696/v1/uddi:b85af1c8-a290-42e1-b57f-ac91e5604e1a,대전광역시,일반
남자,대전광역시,일반,3등급,864,2019,https://api.odcloud.kr/api/15072696/v1/uddi:b85af1c8-a290-42e1-b57f-ac91e5604e1a,대전광역시,일반
남자,대전광역시,일반,4등급,1289,2019,https://api.odcloud.kr/api/15072696/v1/uddi:b85af1c8-a290-42e1-b57f-ac91e5604e1a,대전광역시,일반
남자,대전광역시,일반,5등급,393,2019,https://api.odcloud.kr/api/15072696/v1/uddi:b85af1c8-a290-42e1-b57f-ac91e5604e1a,대전광역시,일반
남자,대전광역시,일반,등급외,840,2019,https://api.odcloud.kr/api/15072696/v1/uddi:b85af1c8-a290-42e1-b57f-ac91e5604e1a,대전광역시,일반
남자,대전광역시,감경,1등급,101,2019,https://api.odcloud.kr/api/15072696/v1/uddi:b85af1c8-a290-42e1-b57f-ac91e5604e1a,대전광역시,경감
남자,대전광역시,감경,2등급,202,2019,https://api.odcloud.kr/api/15072696/v1/uddi:b85af1c8-a290-42e1-b57f-ac91e5604e1a,대전광역시,경감
남자,대전광역시,감경,3등급,530,2019,https://api.odcloud.kr/api/15072696/v1/uddi:b85af1c8-a290-42e1-b57f-ac91e5604e1a,대전광역시,경감
남자,대전광역시,감경,4등급,760,2019,https://api.odcloud.kr/api/15072696/v1/uddi:b85af1c8-a290-42e1-b57f-ac91e5604e1a,대전광역시,경감
남자,대전광역시,감경,5등급,179,2019,https://api.odcloud.kr/api/15072696/v1/uddi:b85af1c8-a290-42e1-b57f-ac91e5604e1a,대전광역시,경감
남자,대전광역시,감경,등급외,36,2019,https://api.odcloud.kr/api/15072696/v1/uddi:b85af1c8-a290-42e1-b57f-ac91e5604e1a,대전광역시,경감
남자,대전광역시,의료급여,1등급,3,2019,https://api.odcloud.kr/api/15072696/v1/uddi:b85af1c8-a290-42e1-b57f-ac91e5604e1a,대전광역시,의료급여
남자,대전광역시,의료급여,2등급,6,2019,https://api.odcloud.kr/api/15072696/v1/uddi:b85af1c8-a290-42e1-b57f-ac91e5604e1a,대전광역시,의료급여
남자,대전광역시,의료급여,3등급,18,2019,https://api.odcloud.kr/api/15072696/v1/uddi:b85af1c8-a290-42e1-b57f-ac91e5604e1a,대전광역시,의료급여
남자,대전광역시,의료급여,4등급,34,2019,https://api.odcloud.kr/api/15072696/v1/uddi:b85af1c8-a290-42e1-b57f-ac91e5604e1a,대전광역시,의료급여
남자,대전광역시,의료급여,5등급,6,2019,https://api.odcloud.kr/api/15072696/v1/uddi:b85af1c8-a290-42e1-b57f-ac91e5604e1a,대전광역시,의료급여
남자,대전광역시,의료급여,등급외,16,2019,https://api.odcloud.kr/api/15072696/v1/uddi:b85af1c8-a290-42e1-b57f-ac91e5604e1a,대전광역시,의료급여
남자,대전광역시,기초수급,1등급,37,2019,https://api.odcloud.kr/api/15072696/v1/uddi:b85af1c8-a290-42e1-b57f-ac91e5604e1a,대전광역시,기초수급
남자,대전광역시,기초수급,2등급,107,2019,https://api.odcloud.kr/api/15072696/v1/uddi:b85af1c8-a290-42e1-b57f-ac91e5604e1a,대전광역시,기초수급
남자,대전광역시,기초수급,3등급,258,2019,https://api.odcloud.kr/api/15072696/v1/uddi:b85af1c8-a290-42e1-b57f-ac91e5604e1a,대전광역시,기초수급
남자,대전광역시,기초수급,4등급,479,2019,https://api.odcloud.kr/api/15072696/v1/uddi:b85af1c8-a290-42e1-b57f-ac91e5604e1a,대전광역시,기초수급
남자,대전광역시,기초수급,5등급,100,2019,https://api.odcloud.kr/api/15072696/v1/uddi:b85af1c8-a290-42e1-b57f-ac91e5604e1a,대전광역시,기초수급
남자,대전광역시,기초수급,등급외,540,2019,https://api.odcloud.kr/api/15072696/v1/uddi:b85af1c8-a290-42e1-b57f-ac91e5604e1a,대전광역시,기초수급
여자,대전광역시,일반,1등급,379,2019,https://api.odcloud.kr/api/15072696/v1/uddi:b85af1c8-a290-42e1-b57f-ac91e5604e1a,대전광역시,일반
여자,대전광역시,일반,2등급,765,2019,https://api.odcloud.kr/api/15072696/v1/uddi:b85af1c8-a290-42e1-b57f-ac91e5604e1a,대전광역시,일반
여자,대전광역시,일반,3등급,1986,2019,https://api.odcloud.kr/api/15072696/v1/uddi:b85af1c8-a290-42e1-b57f-ac91e5604e1a,대전광역시,일반
여자,대전광역시,일반,4등급,3079,2019,https://api.odcloud.kr/api/15072696/v1/uddi:b85af1c8-a290-42e1-b57f-ac91e5604e1a,대전광역시,일반
여자,대전광역시,일반,5등급,859,2019,https://api.odcloud.kr/api/15072696/v1/uddi:b85af1c8-a290-42e1-b57f-ac91e5604e1a,대전광역시,일반
여자,대전광역시,일반,등급외,2017,2019,https://api.odcloud.kr/api/15072696/v1/uddi:b85af1c8-a290-42e1-b57f-ac91e5604e1a,대전광역시,일반
여자,대전광역시,감경,1등급,277,2019,https://api.odcloud.kr/api/15072696/v1/uddi:b85af1c8-a290-42e1-b57f-ac91e5604e1a,대전광역시,경감
여자,대전광역시,감경,2등급,582,2019,https://api.odcloud.kr/api/15072696/v1/uddi:b85af1c8-a290-42e1-b57f-ac91e5604e1a,대전광역시,경감
여자,대전광역시,감경,3등급,1511,2019,https://api.odcloud.kr/api/15072696/v1/uddi:b85af1c8-a290-42e1-b57f-ac91e5604e1a,대전광역시,경감
여자,대전광역시,감경,4등급,2074,2019,https://api.odcloud.kr/api/15072696/v1/uddi:b85af1c8-a290-42e1-b57f-ac91e5604e1a,대전광역시,경감
여자,대전광역시,감경,5등급,524,2019,https://api.odcloud.kr/api/15072696/v1/uddi:b85af1c8-a290-42e1-b57f-ac91e5604e1a,대전광역시,경감
여자,대전광역시,감경,등급외,103,2019,https://api.odcloud.kr/api/15072696/v1/uddi:b85af1c8-a290-42e1-b57f-ac91e5604e1a,대전광역시,경감
여자,대전광역시,의료급여,1등급,13,2019,https://api.odcloud.kr/api/15072696/v1/uddi:b85af1c8-a290-42e1-b57f-ac91e5604e1a,대전광역시,의료급여
여자,대전광역시,의료급여,2등급,29,2019,https://api.odcloud.kr/api/15072696/v1/uddi:b85af1c8-a290-42e1-b57f-ac91e5604e1a,대전광역시,의료급여
여자,대전광역시,의료급여,3등급,60,2019,https://api.odcloud.kr/api/15072696/v1/uddi:b85af1c8-a290-42e1-b57f-ac91e5604e1a,대전광역시,의료급여
여자,대전광역시,의료급여,4등급,78,2019,https://api.odcloud.kr/api/15072696/v1/uddi:b85af1c8-a290-42e1-b57f-ac91e5604e1a,대전광역시,의료급여
여자,대전광역시,의료급여,5등급,24,2019,https://api.odcloud.kr/api/15072696/v1/uddi:b85af1c8-a290-42e1-b57f-ac91e5604e1a,대전광역시,의료급여
여자,대전광역시,의료급여,등급외,35,2019,https://api.odcloud.kr/api/15072696/v1/uddi:b85af1c8-a290-42e1-b57f-ac91e5604e1a,대전광역시,의료급여
여자,대전광역시,기초수급,1등급,137,2019,https://api.odcloud.kr/api/15072696/v1/uddi:b85af1c8-a290-42e1-b57f-ac91e5604e1a,대전광역시,기초수급
여자,대전광역시,기초수급,2등급,274,2019,https://api.odcloud.kr/api/15072696/v1/uddi:b85af1c8-a290-42e1-b57f-ac91e5604e1a,대전광역시,기초수급
여자,대전광역시,기초수급,3등급,632,2019,https://api.odcloud.kr/api/15072696/v1/uddi:b85af1c8-a290-42e1-b57f-ac91e5604e1a,대전광역시,기초수급
여자,대전광역시,기초수급,4등급,1133,2019,https://api.odcloud.kr/api/15072696/v1/uddi:b85af1c8-a290-42e1-b57f-ac91e5604e1a,대전광역시,기초수급
여자,대전광역시,기초수급,5등급,240,2019,https://api.odcloud.kr/api/15072696/v1/uddi:b85af1c8-a290-42e1-b57f-ac91e5604e1a,대전광역시,기초수급
여자,대전광역시,기초수급,등급외,833,2019,https://api.odcloud.kr/api/15072696/v1/uddi:b85af1c8-a290-42e1-b57f-ac91e5604e1a,대전광역시,기초수급
남자,울산광역시,일반,1등급,143,2019,https://api.odcloud.kr/api/15072696/v1/uddi:b85af1c8-a290-42e1-b57f-ac91e5604e1a,울산광역시,일반
남자,울산광역시,일반,2등급,203,2019,https://api.odcloud.kr/api/15072696/v1/uddi:b85af1c8-a290-42e1-b57f-ac91e5604e1a,울산광역시,일반
남자,울산광역시,일반,3등급,632,2019,https://api.odcloud.kr/api/15072696/v1/uddi:b85af1c8-a290-42e1-b57f-ac91e5604e1a,울산광역시,일반
남자,울산광역시,일반,4등급,610,2019,https://api.odcloud.kr/api/15072696/v1/uddi:b85af1c8-a290-42e1-b57f-ac91e5604e1a,울산광역시,일반
남자,울산광역시,일반,5등급,80,2019,https://api.odcloud.kr/api/15072696/v1/uddi:b85af1c8-a290-42e1-b57f-ac91e5604e1a,울산광역시,일반
남자,울산광역시,일반,등급외,312,2019,https://api.odcloud.kr/api/15072696/v1/uddi:b85af1c8-a290-42e1-b57f-ac91e5604e1a,울산광역시,일반
남자,울산광역시,감경,1등급,59,2019,https://api.odcloud.kr/api/15072696/v1/uddi:b85af1c8-a290-42e1-b57f-ac91e5604e1a,울산광역시,경감
남자,울산광역시,감경,2등급,86,2019,https://api.odcloud.kr/api/15072696/v1/uddi:b85af1c8-a290-42e1-b57f-ac91e5604e1a,울산광역시,경감
남자,울산광역시,감경,3등급,280,2019,https://api.odcloud.kr/api/15072696/v1/uddi:b85af1c8-a290-42e1-b57f-ac91e5604e1a,울산광역시,경감
남자,울산광역시,감경,4등급,294,2019,https://api.odcloud.kr/api/15072696/v1/uddi:b85af1c8-a290-42e1-b57f-ac91e5604e1a,울산광역시,경감
남자,울산광역시,감경,5등급,41,2019,https://api.odcloud.kr/api/15072696/v1/uddi:b85af1c8-a290-42e1-b57f-ac91e5604e1a,울산광역시,경감
남자,울산광역시,감경,등급외,9,2019,https://api.odcloud.kr/api/15072696/v1/uddi:b85af1c8-a290-42e1-b57f-ac91e5604e1a,울산광역시,경감
남자,울산광역시,의료급여,2등급,2,2019,https://api.odcloud.kr/api/15072696/v1/uddi:b85af1c8-a290-42e1-b57f-ac91e5604e1a,울산광역시,의료급여
남자,울산광역시,의료급여,3등급,6,2019,https://api.odcloud.kr/api/15072696/v1/uddi:b85af1c8-a290-42e1-b57f-ac91e5604e1a,울산광역시,의료급여
남자,울산광역시,의료급여,4등급,10,2019,https://api.odcloud.kr/api/15072696/v1/uddi:b85af1c8-a290-42e1-b57f-ac91e5604e1a,울산광역시,의료급여
남자,울산광역시,의료급여,5등급,0,2019,https://api.odcloud.kr/api/15072696/v1/uddi:b85af1c8-a290-42e1-b57f-ac91e5604e1a,울산광역시,의료급여
남자,울산광역시,의료급여,등급외,7,2019,https://api.odcloud.kr/api/15072696/v1/uddi:b85af1c8-a290-42e1-b57f-ac91e5604e1a,울산광역시,의료급여
남자,울산광역시,기초수급,1등급,29,2019,https://api.odcloud.kr/api/15072696/v1/uddi:b85af1c8-a290-42e1-b57f-ac91e5604e1a,울산광역시,기초수급
남자,울산광역시,기초수급,2등급,50,2019,https://api.odcloud.kr/api/15072696/v1/uddi:b85af1c8-a290-42e1-b57f-ac91e5604e1a,울산광역시,기초수급
남자,울산광역시,기초수급,3등급,170,2019,https://api.odcloud.kr/api/15072696/v1/uddi:b85af1c8-a290-42e1-b57f-ac91e5604e1a,울산광역시,기초수급
남자,울산광역시,기초수급,4등급,250,2019,https://api.odcloud.kr/api/15072696/v1/uddi:b85af1c8-a290-42e1-b57f-ac91e5604e1a,울산광역시,기초수급
남자,울산광역시,기초수급,5등급,35,2019,https://api.odcloud.kr/api/15072696/v1/uddi:b85af1c8-a290-42e1-b57f-ac91e5604e1a,울산광역시,기초수급
남자,울산광역시,기초수급,등급외,209,2019,https://api.odcloud.kr/api/15072696/v1/uddi:b85af1c8-a290-42e1-b57f-ac91e5604e1a,울산광역시,기초수급
여자,울산광역시,일반,1등급,358,2019,https://api.odcloud.kr/api/15072696/v1/uddi:b85af1c8-a290-42e1-b57f-ac91e5604e1a,울산광역시,일반
여자,울산광역시,일반,2등급,594,2019,https://api.odcloud.kr/api/15072696/v1/uddi:b85af1c8-a290-42e1-b57f-ac91e5604e1a,울산광역시,일반
여자,울산광역시,일반,3등급,1589,2019,https://api.odcloud.kr/api/15072696/v1/uddi:b85af1c8-a290-42e1-b57f-ac91e5604e1a,울산광역시,일반
여자,울산광역시,일반,4등급,1791,2019,https://api.odcloud.kr/api/15072696/v1/uddi:b85af1c8-a290-42e1-b57f-ac91e5604e1a,울산광역시,일반
여자,울산광역시,일반,5등급,301,2019,https://api.odcloud.kr/api/15072696/v1/uddi:b85af1c8-a290-42e1-b57f-ac91e5604e1a,울산광역시,일반
여자,울산광역시,일반,등급외,797,2019,https://api.odcloud.kr/api/15072696/v1/uddi:b85af1c8-a290-42e1-b57f-ac91e5604e1a,울산광역시,일반
여자,울산광역시,감경,1등급,137,2019,https://api.odcloud.kr/api/15072696/v1/uddi:b85af1c8-a290-42e1-b57f-ac91e5604e1a,울산광역시,경감
여자,울산광역시,감경,2등급,293,2019,https://api.odcloud.kr/api/15072696/v1/uddi:b85af1c8-a290-42e1-b57f-ac91e5604e1a,울산광역시,경감
여자,울산광역시,감경,3등급,733,2019,https://api.odcloud.kr/api/15072696/v1/uddi:b85af1c8-a290-42e1-b57f-ac91e5604e1a,울산광역시,경감
여자,울산광역시,감경,4등급,716,2019,https://api.odcloud.kr/api/15072696/v1/uddi:b85af1c8-a290-42e1-b57f-ac91e5604e1a,울산광역시,경감
여자,울산광역시,감경,5등급,132,2019,https://api.odcloud.kr/api/15072696/v1/uddi:b85af1c8-a290-42e1-b57f-ac91e5604e1a,울산광역시,경감
여자,울산광역시,감경,등급외,11,2019,https://api.odcloud.kr/api/15072696/v1/uddi:b85af1c8-a290-42e1-b57f-ac91e5604e1a,울산광역시,경감
여자,울산광역시,의료급여,1등급,6,2019,https://api.odcloud.kr/api/15072696/v1/uddi:b85af1c8-a290-42e1-b57f-ac91e5604e1a,울산광역시,의료급여
여자,울산광역시,의료급여,2등급,12,2019,https://api.odcloud.kr/api/15072696/v1/uddi:b85af1c8-a290-42e1-b57f-ac91e5604e1a,울산광역시,의료급여
여자,울산광역시,의료급여,3등급,32,2019,https://api.odcloud.kr/api/15072696/v1/uddi:b85af1c8-a290-42e1-b57f-ac91e5604e1a,울산광역시,의료급여
여자,울산광역시,의료급여,4등급,18,2019,https://api.odcloud.kr/api/15072696/v1/uddi:b85af1c8-a290-42e1-b57f-ac91e5604e1a,울산광역시,의료급여
여자,울산광역시,의료급여,5등급,7,2019,https://api.odcloud.kr/api/15072696/v1/uddi:b85af1c8-a290-42e1-b57f-ac91e5604e1a,울산광역시,의료급여
여자,울산광역시,의료급여,등급외,14,2019,https://api.odcloud.kr/api/15072696/v1/uddi:b85af1c8-a290-42e1-b57f-ac91e5604e1a,울산광역시,의료급여
여자,울산광역시,기초수급,1등급,57,2019,https://api.odcloud.kr/api/15072696/v1/uddi:b85af1c8-a290-42e1-b57f-ac91e5604e1a,울산광역시,기초수급
여자,울산광역시,기초수급,2등급,126,2019,https://api.odcloud.kr/api/15072696/v1/uddi:b85af1c8-a290-42e1-b57f-ac91e5604e1a,울산광역시,기초수급
여자,울산광역시,기초수급,3등급,347,2019,https://api.odcloud.kr/api/15072696/v1/uddi:b85af1c8-a290-42e1-b57f-ac91e5604e1a,울산광역시,기초수급
여자,울산광역시,기초수급,4등급,513,2019,https://api.odcloud.kr/api/15072696/v1/uddi:b85af1c8-a290-42e1-b57f-ac91e5604e1a,울산광역시,기초수급
여자,울산광역시,기초수급,5등급,82,2019,https://api.odcloud.kr/api/15072696/v1/uddi:b85af1c8-a290-42e1-b57f-ac91e5604e1a,울산광역시,기초수급
여자,울산광역시,기초수급,등급외,324,2019,https://api.odcloud.kr/api/15072696/v1/uddi:b85af1c8-a290-42e1-b57f-ac91e5604e1a,울산광역시,기초수급
남자,세종특별자치시,일반,1등급,29,2019,https://api.odcloud.kr/api/15072696/v1/uddi:b85af1c8-a290-42e1-b57f-ac91e5604e1a,세종특별자치시,일반
남자,세종특별자치시,일반,2등급,76,2019,https://api.odcloud.kr/api/15072696/v1/uddi:b85af1c8-a290-42e1-b57f-ac91e5604e1a,세종특별자치시,일반
남자,세종특별자치시,일반,3등급,168,2019,https://api.odcloud.kr/api/15072696/v1/uddi:b85af1c8-a290-42e1-b57f-ac91e5604e1a,세종특별자치시,일반
남자,세종특별자치시,일반,4등급,205,2019,https://api.odcloud.kr/api/15072696/v1/uddi:b85af1c8-a290-42e1-b57f-ac91e5604e1a,세종특별자치시,일반
남자,세종특별자치시,일반,5등급,64,2019,https://api.odcloud.kr/api/15072696/v1/uddi:b85af1c8-a290-42e1-b57f-ac91e5604e1a,세종특별자치시,일반
남자,세종특별자치시,일반,등급외,121,2019,https://api.odcloud.kr/api/15072696/v1/uddi:b85af1c8-a290-42e1-b57f-ac91e5604e1a,세종특별자치시,일반
남자,세종특별자치시,감경,1등급,12,2019,https://api.odcloud.kr/api/15072696/v1/uddi:b85af1c8-a290-42e1-b57f-ac91e5604e1a,세종특별자치시,경감
남자,세종특별자치시,감경,2등급,22,2019,https://api.odcloud.kr/api/15072696/v1/uddi:b85af1c8-a290-42e1-b57f-ac91e5604e1a,세종특별자치시,경감
남자,세종특별자치시,감경,3등급,78,2019,https://api.odcloud.kr/api/15072696/v1/uddi:b85af1c8-a290-42e1-b57f-ac91e5604e1a,세종특별자치시,경감
남자,세종특별자치시,감경,4등급,110,2019,https://api.odcloud.kr/api/15072696/v1/uddi:b85af1c8-a290-42e1-b57f-ac91e5604e1a,세종특별자치시,경감
남자,세종특별자치시,감경,5등급,25,2019,https://api.odcloud.kr/api/15072696/v1/uddi:b85af1c8-a290-42e1-b57f-ac91e5604e1a,세종특별자치시,경감
남자,세종특별자치시,감경,등급외,6,2019,https://api.odcloud.kr/api/15072696/v1/uddi:b85af1c8-a290-42e1-b57f-ac91e5604e1a,세종특별자치시,경감
남자,세종특별자치시,의료급여,1등급,2,2019,https://api.odcloud.kr/api/15072696/v1/uddi:b85af1c8-a290-42e1-b57f-ac91e5604e1a,세종특별자치시,의료급여
남자,세종특별자치시,의료급여,2등급,2,2019,https://api.odcloud.kr/api/15072696/v1/uddi:b85af1c8-a290-42e1-b57f-ac91e5604e1a,세종특별자치시,의료급여
남자,세종특별자치시,의료급여,3등급,1,2019,https://api.odcloud.kr/api/15072696/v1/uddi:b85af1c8-a290-42e1-b57f-ac91e5604e1a,세종특별자치시,의료급여
남자,세종특별자치시,의료급여,4등급,5,2019,https://api.odcloud.kr/api/15072696/v1/uddi:b85af1c8-a290-42e1-b57f-ac91e5604e1a,세종특별자치시,의료급여
남자,세종특별자치시,의료급여,등급외,0,2019,https://api.odcloud.kr/api/15072696/v1/uddi:b85af1c8-a290-42e1-b57f-ac91e5604e1a,세종특별자치시,의료급여
남자,세종특별자치시,기초수급,1등급,6,2019,https://api.odcloud.kr/api/15072696/v1/uddi:b85af1c8-a290-42e1-b57f-ac91e5604e1a,세종특별자치시,기초수급
남자,세종특별자치시,기초수급,2등급,11,2019,https://api.odcloud.kr/api/15072696/v1/uddi:b85af1c8-a290-42e1-b57f-ac91e5604e1a,세종특별자치시,기초수급
남자,세종특별자치시,기초수급,3등급,23,2019,https://api.odcloud.kr/api/15072696/v1/uddi:b85af1c8-a290-42e1-b57f-ac91e5604e1a,세종특별자치시,기초수급
남자,세종특별자치시,기초수급,4등급,40,2019,https://api.odcloud.kr/api/15072696/v1/uddi:b85af1c8-a290-42e1-b57f-ac91e5604e1a,세종특별자치시,기초수급
남자,세종특별자치시,기초수급,5등급,5,2019,https://api.odcloud.kr/api/15072696/v1/uddi:b85af1c8-a290-42e1-b57f-ac91e5604e1a,세종특별자치시,기초수급
남자,세종특별자치시,기초수급,등급외,32,2019,https://api.odcloud.kr/api/15072696/v1/uddi:b85af1c8-a290-42e1-b57f-ac91e5604e1a,세종특별자치시,기초수급
여자,세종특별자치시,일반,1등급,79,2019,https://api.odcloud.kr/api/15072696/v1/uddi:b85af1c8-a290-42e1-b57f-ac91e5604e1a,세종특별자치시,일반
여자,세종특별자치시,일반,2등급,169,2019,https://api.odcloud.kr/api/15072696/v1/uddi:b85af1c8-a290-42e1-b57f-ac91e5604e1a,세종특별자치시,일반
여자,세종특별자치시,일반,3등급,390,2019,https://api.odcloud.kr/api/15072696/v1/uddi:b85af1c8-a290-42e1-b57f-ac91e5604e1a,세종특별자치시,일반
여자,세종특별자치시,일반,4등급,586,2019,https://api.odcloud.kr/api/15072696/v1/uddi:b85af1c8-a290-42e1-b57f-ac91e5604e1a,세종특별자치시,일반
여자,세종특별자치시,일반,5등급,158,2019,https://api.odcloud.kr/api/15072696/v1/uddi:b85af1c8-a290-42e1-b57f-ac91e5604e1a,세종특별자치시,일반
여자,세종특별자치시,일반,등급외,311,2019,https://api.odcloud.kr/api/15072696/v1/uddi:b85af1c8-a290-42e1-b57f-ac91e5604e1a,세종특별자치시,일반
여자,세종특별자치시,감경,1등급,43,2019,https://api.odcloud.kr/api/15072696/v1/uddi:b85af1c8-a290-42e1-b57f-ac91e5604e1a,세종특별자치시,경감
여자,세종특별자치시,감경,2등급,102,2019,https://api.odcloud.kr/api/15072696/v1/uddi:b85af1c8-a290-42e1-b57f-ac91e5604e1a,세종특별자치시,경감
여자,세종특별자치시,감경,3등급,230,2019,https://api.odcloud.kr/api/15072696/v1/uddi:b85af1c8-a290-42e1-b57f-ac91e5604e1a,세종특별자치시,경감
여자,세종특별자치시,감경,4등급,251,2019,https://api.odcloud.kr/api/15072696/v1/uddi:b85af1c8-a290-42e1-b57f-ac91e5604e1a,세종특별자치시,경감
여자,세종특별자치시,감경,5등급,82,2019,https://api.odcloud.kr/api/15072696/v1/uddi:b85af1c8-a290-42e1-b57f-ac91e5604e1a,세종특별자치시,경감
여자,세종특별자치시,감경,등급외,11,2019,https://api.odcloud.kr/api/15072696/v1/uddi:b85af1c8-a290-42e1-b57f-ac91e5604e1a,세종특별자치시,경감
여자,세종특별자치시,의료급여,2등급,5,2019,https://api.odcloud.kr/api/15072696/v1/uddi:b85af1c8-a290-42e1-b57f-ac91e5604e1a,세종특별자치시,의료급여
여자,세종특별자치시,의료급여,3등급,9,2019,https://api.odcloud.kr/api/15072696/v1/uddi:b85af1c8-a290-42e1-b57f-ac91e5604e1a,세종특별자치시,의료급여
여자,세종특별자치시,의료급여,4등급,7,2019,https://api.odcloud.kr/api/15072696/v1/uddi:b85af1c8-a290-42e1-b57f-ac91e5604e1a,세종특별자치시,의료급여
여자,세종특별자치시,의료급여,5등급,1,2019,https://api.odcloud.kr/api/15072696/v1/uddi:b85af1c8-a290-42e1-b57f-ac91e5604e1a,세종특별자치시,의료급여
여자,세종특별자치시,의료급여,등급외,7,2019,https://api.odcloud.kr/api/15072696/v1/uddi:b85af1c8-a290-42e1-b57f-ac91e5604e1a,세종특별자치시,의료급여
여자,세종특별자치시,기초수급,1등급,8,2019,https://api.odcloud.kr/api/15072696/v1/uddi:b85af1c8-a290-42e1-b57f-ac91e5604e1a,세종특별자치시,기초수급
여자,세종특별자치시,기초수급,2등급,20,2019,https://api.odcloud.kr/api/15072696/v1/uddi:b85af1c8-a290-42e1-b57f-ac91e5604e1a,세종특별자치시,기초수급
여자,세종특별자치시,기초수급,3등급,56,2019,https://api.odcloud.kr/api/15072696/v1/uddi:b85af1c8-a290-42e1-b57f-ac91e5604e1a,세종특별자치시,기초수급
여자,세종특별자치시,기초수급,4등급,92,2019,https://api.odcloud.kr/api/15072696/v1/uddi:b85af1c8-a290-42e1-b57f-ac91e5604e1a,세종특별자치시,기초수급
여자,세종특별자치시,기초수급,5등급,15,2019,https://api.odcloud.kr/api/15072696/v1/uddi:b85af1c8-a290-42e1-b57f-ac91e5604e1a,세종특별자치시,기초수급
여자,세종특별자치시,기초수급,등급외,75,2019,https://api.odcloud.kr/api/15072696/v1/uddi:b85af1c8-a290-42e1-b57f-ac91e5604e1a,세종특별자치시,기초수급
남자,경기도,일반,1등급,1603,2019,https://api.odcloud.kr/api/15072696/v1/uddi:b85af1c8-a290-42e1-b57f-ac91e5604e1a,경기도,일반
남자,경기도,일반,2등급,2503,2019,https://api.odcloud.kr/api/15072696/v1/uddi:b85af1c8-a290-42e1-b57f-ac91e5604e1a,경기도,일반
남자,경기도,일반,3등급,7664,2019,https://api.odcloud.kr/api/15072696/v1/uddi:b85af1c8-a290-42e1-b57f-ac91e5604e1a,경기도,일반
남자,경기도,일반,4등급,9130,2019,https://api.odcloud.kr/api/15072696/v1/uddi:b85af1c8-a290-42e1-b57f-ac91e5604e1a,경기도,일반
남자,경기도,일반,5등급,2190,2019,https://api.odcloud.kr/api/15072696/v1/uddi:b85af1c8-a290-42e1-b57f-ac91e5604e1a,경기도,일반
남자,경기도,일반,등급외,5334,2019,https://api.odcloud.kr/api/15072696/v1/uddi:b85af1c8-a290-42e1-b57f-ac91e5604e1a,경기도,일반
남자,경기도,감경,1등급,904,2019,https://api.odcloud.kr/api/15072696/v1/uddi:b85af1c8-a290-42e1-b57f-ac91e5604e1a,경기도,경감
남자,경기도,감경,2등급,1493,2019,https://api.odcloud.kr/api/15072696/v1/uddi:b85af1c8-a290-42e1-b57f-ac91e5604e1a,경기도,경감
남자,경기도,감경,3등급,4961,2019,https://api.odcloud.kr/api/15072696/v1/uddi:b85af1c8-a290-42e1-b57f-ac91e5604e1a,경기도,경감
남자,경기도,감경,4등급,5615,2019,https://api.odcloud.kr/api/15072696/v1/uddi:b85af1c8-a290-42e1-b57f-ac91e5604e1a,경기도,경감
남자,경기도,감경,5등급,1395,2019,https://api.odcloud.kr/api/15072696/v1/uddi:b85af1c8-a290-42e1-b57f-ac91e5604e1a,경기도,경감
남자,경기도,감경,등급외,258,2019,https://api.odcloud.kr/api/15072696/v1/uddi:b85af1c8-a290-42e1-b57f-ac91e5604e1a,경기도,경감
남자,경기도,의료급여,1등급,17,2019,https://api.odcloud.kr/api/15072696/v1/uddi:b85af1c8-a290-42e1-b57f-ac91e5604e1a,경기도,의료급여
남자,경기도,의료급여,2등급,46,2019,https://api.odcloud.kr/api/15072696/v1/uddi:b85af1c8-a290-42e1-b57f-ac91e5604e1a,경기도,의료급여
남자,경기도,의료급여,3등급,131,2019,https://api.odcloud.kr/api/15072696/v1/uddi:b85af1c8-a290-42e1-b57f-ac91e5604e1a,경기도,의료급여
남자,경기도,의료급여,4등급,186,2019,https://api.odcloud.kr/api/15072696/v1/uddi:b85af1c8-a290-42e1-b57f-ac91e5604e1a,경기도,의료급여
남자,경기도,의료급여,5등급,42,2019,https://api.odcloud.kr/api/15072696/v1/uddi:b85af1c8-a290-42e1-b57f-ac91e5604e1a,경기도,의료급여
남자,경기도,의료급여,등급외,74,2019,https://api.odcloud.kr/api/15072696/v1/uddi:b85af1c8-a290-42e1-b57f-ac91e5604e1a,경기도,의료급여
남자,경기도,기초수급,1등급,445,2019,https://api.odcloud.kr/api/15072696/v1/uddi:b85af1c8-a290-42e1-b57f-ac91e5604e1a,경기도,기초수급
남자,경기도,기초수급,2등급,692,2019,https://api.odcloud.kr/api/15072696/v1/uddi:b85af1c8-a290-42e1-b57f-ac91e5604e1a,경기도,기초수급
남자,경기도,기초수급,3등급,2158,2019,https://api.odcloud.kr/api/15072696/v1/uddi:b85af1c8-a290-42e1-b57f-ac91e5604e1a,경기도,기초수급
남자,경기도,기초수급,4등급,3203,2019,https://api.odcloud.kr/api/15072696/v1/uddi:b85af1c8-a290-42e1-b57f-ac91e5604e1a,경기도,기초수급
남자,경기도,기초수급,5등급,732,2019,https://api.odcloud.kr/api/15072696/v1/uddi:b85af1c8-a290-42e1-b57f-ac91e5604e1a,경기도,기초수급
남자,경기도,기초수급,등급외,2313,2019,https://api.odcloud.kr/api/15072696/v1/uddi:b85af1c8-a290-42e1-b57f-ac91e5604e1a,경기도,기초수급
여자,경기도,일반,1등급,3700,2019,https://api.odcloud.kr/api/15072696/v1/uddi:b85af1c8-a290-42e1-b57f-ac91e5604e1a,경기도,일반
여자,경기도,일반,2등급,6562,2019,https://api.odcloud.kr/api/15072696/v1/uddi:b85af1c8-a290-42e1-b57f-ac91e5604e1a,경기도,일반
여자,경기도,일반,3등급,17872,2019,https://api.odcloud.kr/api/15072696/v1/uddi:b85af1c8-a290-42e1-b57f-ac91e5604e1a,경기도,일반
여자,경기도,일반,4등급,22240,2019,https://api.odcloud.kr/api/15072696/v1/uddi:b85af1c8-a290-42e1-b57f-ac91e5604e1a,경기도,일반
여자,경기도,일반,5등급,5762,2019,https://api.odcloud.kr/api/15072696/v1/uddi:b85af1c8-a290-42e1-b57f-ac91e5604e1a,경기도,일반
여자,경기도,일반,등급외,12547,2019,https://api.odcloud.kr/api/15072696/v1/uddi:b85af1c8-a290-42e1-b57f-ac91e5604e1a,경기도,일반
여자,경기도,감경,1등급,2515,2019,https://api.odcloud.kr/api/15072696/v1/uddi:b85af1c8-a290-42e1-b57f-ac91e5604e1a,경기도,경감
여자,경기도,감경,2등급,5191,2019,https://api.odcloud.kr/api/15072696/v1/uddi:b85af1c8-a290-42e1-b57f-ac91e5604e1a,경기도,경감
여자,경기도,감경,3등급,13233,2019,https://api.odcloud.kr/api/15072696/v1/uddi:b85af1c8-a290-42e1-b57f-ac91e5604e1a,경기도,경감
여자,경기도,감경,4등급,14747,2019,https://api.odcloud.kr/api/15072696/v1/uddi:b85af1c8-a290-42e1-b57f-ac91e5604e1a,경기도,경감
여자,경기도,감경,5등급,3568,2019,https://api.odcloud.kr/api/15072696/v1/uddi:b85af1c8-a290-42e1-b57f-ac91e5604e1a,경기도,경감
여자,경기도,감경,등급외,563,2019,https://api.odcloud.kr/api/15072696/v1/uddi:b85af1c8-a290-42e1-b57f-ac91e5604e1a,경기도,경감
여자,경기도,의료급여,1등급,61,2019,https://api.odcloud.kr/api/15072696/v1/uddi:b85af1c8-a290-42e1-b57f-ac91e5604e1a,경기도,의료급여
여자,경기도,의료급여,2등급,153,2019,https://api.odcloud.kr/api/15072696/v1/uddi:b85af1c8-a290-42e1-b57f-ac91e5604e1a,경기도,의료급여
여자,경기도,의료급여,3등급,432,2019,https://api.odcloud.kr/api/15072696/v1/uddi:b85af1c8-a290-42e1-b57f-ac91e5604e1a,경기도,의료급여
여자,경기도,의료급여,4등급,529,2019,https://api.odcloud.kr/api/15072696/v1/uddi:b85af1c8-a290-42e1-b57f-ac91e5604e1a,경기도,의료급여
여자,경기도,의료급여,5등급,91,2019,https://api.odcloud.kr/api/15072696/v1/uddi:b85af1c8-a290-42e1-b57f-ac91e5604e1a,경기도,의료급여
여자,경기도,의료급여,등급외,165,2019,https://api.odcloud.kr/api/15072696/v1/uddi:b85af1c8-a290-42e1-b57f-ac91e5604e1a,경기도,의료급여
여자,경기도,기초수급,1등급,1086,2019,https://api.odcloud.kr/api/15072696/v1/uddi:b85af1c8-a290-42e1-b57f-ac91e5604e1a,경기도,기초수급
여자,경기도,기초수급,2등급,2028,2019,https://api.odcloud.kr/api/15072696/v1/uddi:b85af1c8-a290-42e1-b57f-ac91e5604e1a,경기도,기초수급
여자,경기도,기초수급,3등급,5198,2019,https://api.odcloud.kr/api/15072696/v1/uddi:b85af1c8-a290-42e1-b57f-ac91e5604e1a,경기도,기초수급
여자,경기도,기초수급,4등급,7402,2019,https://api.odcloud.kr/api/15072696/v1/uddi:b85af1c8-a290-42e1-b57f-ac91e5604e1a,경기도,기초수급
여자,경기도,기초수급,5등급,1623,2019,https://api.odcloud.kr/api/15072696/v1/uddi:b85af1c8-a290-42e1-b57f-ac91e5604e1a,경기도,기초수급
여자,경기도,기초수급,등급외,4198,2019,https://api.odcloud.kr/api/15072696/v1/uddi:b85af1c8-a290-42e1-b57f-ac91e5604e1a,경기도,기초수급
남자,강원특별자치도,일반,1등급,281,2019,https://api.odcloud.kr/api/15072696/v1/uddi:b85af1c8-a290-42e1-b57f-ac91e5604e1a,강원도,일반
남자,강원특별자치도,일반,2등급,586,2019,https://api.odcloud.kr/api/15072696/v1/uddi:b85af1c8-a290-42e1-b57f-ac91e5604e1a,강원도,일반
남자,강원특별자치도,일반,3등급,1337,2019,https://api.odcloud.kr/api/15072696/v1/uddi:b85af1c8-a290-42e1-b57f-ac91e5604e1a,강원도,일반
남자,강원특별자치도,일반,4등급,1363,2019,https://api.odcloud.kr/api/15072696/v1/uddi:b85af1c8-a290-42e1-b57f-ac91e5604e1a,강원도,일반
남자,강원특별자치도,일반,5등급,282,2019,https://api.odcloud.kr/api/15072696/v1/uddi:b85af1c8-a290-42e1-b57f-ac91e5604e1a,강원도,일반
남자,강원특별자치도,일반,등급외,1268,2019,https://api.odcloud.kr/api/15072696/v1/uddi:b85af1c8-a290-42e1-b57f-ac91e5604e1a,강원도,일반
남자,강원특별자치도,감경,1등급,225,2019,https://api.odcloud.kr/api/15072696/v1/uddi:b85af1c8-a290-42e1-b57f-ac91e5604e1a,강원도,경감
남자,강원특별자치도,감경,2등급,393,2019,https://api.odcloud.kr/api/15072696/v1/uddi:b85af1c8-a290-42e1-b57f-ac91e5604e1a,강원도,경감
남자,강원특별자치도,감경,3등급,1056,2019,https://api.odcloud.kr/api/15072696/v1/uddi:b85af1c8-a290-42e1-b57f-ac91e5604e1a,강원도,경감
남자,강원특별자치도,감경,4등급,987,2019,https://api.odcloud.kr/api/15072696/v1/uddi:b85af1c8-a290-42e1-b57f-ac91e5604e1a,강원도,경감
남자,강원특별자치도,감경,5등급,186,2019,https://api.odcloud.kr/api/15072696/v1/uddi:b85af1c8-a290-42e1-b57f-ac91e5604e1a,강원도,경감
남자,강원특별자치도,감경,등급외,77,2019,https://api.odcloud.kr/api/15072696/v1/uddi:b85af1c8-a290-42e1-b57f-ac91e5604e1a,강원도,경감
남자,강원특별자치도,의료급여,1등급,14,2019,https://api.odcloud.kr/api/15072696/v1/uddi:b85af1c8-a290-42e1-b57f-ac91e5604e1a,강원도,의료급여
남자,강원특별자치도,의료급여,2등급,24,2019,https://api.odcloud.kr/api/15072696/v1/uddi:b85af1c8-a290-42e1-b57f-ac91e5604e1a,강원도,의료급여
남자,강원특별자치도,의료급여,3등급,55,2019,https://api.odcloud.kr/api/15072696/v1/uddi:b85af1c8-a290-42e1-b57f-ac91e5604e1a,강원도,의료급여
남자,강원특별자치도,의료급여,4등급,40,2019,https://api.odcloud.kr/api/15072696/v1/uddi:b85af1c8-a290-42e1-b57f-ac91e5604e1a,강원도,의료급여
남자,강원특별자치도,의료급여,5등급,8,2019,https://api.odcloud.kr/api/15072696/v1/uddi:b85af1c8-a290-42e1-b57f-ac91e5604e1a,강원도,의료급여
남자,강원특별자치도,의료급여,등급외,24,2019,https://api.odcloud.kr/api/15072696/v1/uddi:b85af1c8-a290-42e1-b57f-ac91e5604e1a,강원도,의료급여
남자,강원특별자치도,기초수급,1등급,143,2019,https://api.odcloud.kr/api/15072696/v1/uddi:b85af1c8-a290-42e1-b57f-ac91e5604e1a,강원도,기초수급
남자,강원특별자치도,기초수급,2등급,210,2019,https://api.odcloud.kr/api/15072696/v1/uddi:b85af1c8-a290-42e1-b57f-ac91e5604e1a,강원도,기초수급
남자,강원특별자치도,기초수급,3등급,564,2019,https://api.odcloud.kr/api/15072696/v1/uddi:b85af1c8-a290-42e1-b57f-ac91e5604e1a,강원도,기초수급
남자,강원특별자치도,기초수급,4등급,658,2019,https://api.odcloud.kr/api/15072696/v1/uddi:b85af1c8-a290-42e1-b57f-ac91e5604e1a,강원도,기초수급
남자,강원특별자치도,기초수급,5등급,84,2019,https://api.odcloud.kr/api/15072696/v1/uddi:b85af1c8-a290-42e1-b57f-ac91e5604e1a,강원도,기초수급
남자,강원특별자치도,기초수급,등급외,653,2019,https://api.odcloud.kr/api/15072696/v1/uddi:b85af1c8-a290-42e1-b57f-ac91e5604e1a,강원도,기초수급
여자,강원특별자치도,일반,1등급,664,2019,https://api.odcloud.kr/api/15072696/v1/uddi:b85af1c8-a290-42e1-b57f-ac91e5604e1a,강원도,일반
여자,강원특별자치도,일반,2등급,1326,2019,https://api.odcloud.kr/api/15072696/v1/uddi:b85af1c8-a290-42e1-b57f-ac91e5604e1a,강원도,일반
여자,강원특별자치도,일반,3등급,3027,2019,https://api.odcloud.kr/api/15072696/v1/uddi:b85af1c8-a290-42e1-b57f-ac91e5604e1a,강원도,일반
여자,강원특별자치도,일반,4등급,3426,2019,https://api.odcloud.kr/api/15072696/v1/uddi:b85af1c8-a290-42e1-b57f-ac91e5604e1a,강원도,일반
여자,강원특별자치도,일반,5등급,651,2019,https://api.odcloud.kr/api/15072696/v1/uddi:b85af1c8-a290-42e1-b57f-ac91e5604e1a,강원도,일반
여자,강원특별자치도,일반,등급외,2906,2019,https://api.odcloud.kr/api/15072696/v1/uddi:b85af1c8-a290-42e1-b57f-ac91e5604e1a,강원도,일반
여자,강원특별자치도,감경,1등급,672,2019,https://api.odcloud.kr/api/15072696/v1/uddi:b85af1c8-a290-42e1-b57f-ac91e5604e1a,강원도,경감
여자,강원특별자치도,감경,2등급,1366,2019,https://api.odcloud.kr/api/15072696/v1/uddi:b85af1c8-a290-42e1-b57f-ac91e5604e1a,강원도,경감
여자,강원특별자치도,감경,3등급,2882,2019,https://api.odcloud.kr/api/15072696/v1/uddi:b85af1c8-a290-42e1-b57f-ac91e5604e1a,강원도,경감
여자,강원특별자치도,감경,4등급,3004,2019,https://api.odcloud.kr/api/15072696/v1/uddi:b85af1c8-a290-42e1-b57f-ac91e5604e1a,강원도,경감
여자,강원특별자치도,감경,5등급,597,2019,https://api.odcloud.kr/api/15072696/v1/uddi:b85af1c8-a290-42e1-b57f-ac91e5604e1a,강원도,경감
여자,강원특별자치도,감경,등급외,175,2019,https://api.odcloud.kr/api/15072696/v1/uddi:b85af1c8-a290-42e1-b57f-ac91e5604e1a,강원도,경감
여자,강원특별자치도,의료급여,1등급,25,2019,https://api.odcloud.kr/api/15072696/v1/uddi:b85af1c8-a290-42e1-b57f-ac91e5604e1a,강원도,의료급여
여자,강원특별자치도,의료급여,2등급,53,2019,https://api.odcloud.kr/api/15072696/v1/uddi:b85af1c8-a290-42e1-b57f-ac91e5604e1a,강원도,의료급여
여자,강원특별자치도,의료급여,3등급,140,2019,https://api.odcloud.kr/api/15072696/v1/uddi:b85af1c8-a290-42e1-b57f-ac91e5604e1a,강원도,의료급여
여자,강원특별자치도,의료급여,4등급,163,2019,https://api.odcloud.kr/api/15072696/v1/uddi:b85af1c8-a290-42e1-b57f-ac91e5604e1a,강원도,의료급여
여자,강원특별자치도,의료급여,5등급,25,2019,https://api.odcloud.kr/api/15072696/v1/uddi:b85af1c8-a290-42e1-b57f-ac91e5604e1a,강원도,의료급여
여자,강원특별자치도,의료급여,등급외,84,2019,https://api.odcloud.kr/api/15072696/v1/uddi:b85af1c8-a290-42e1-b57f-ac91e5604e1a,강원도,의료급여
여자,강원특별자치도,기초수급,1등급,329,2019,https://api.odcloud.kr/api/15072696/v1/uddi:b85af1c8-a290-42e1-b57f-ac91e5604e1a,강원도,기초수급
여자,강원특별자치도,기초수급,2등급,596,2019,https://api.odcloud.kr/api/15072696/v1/uddi:b85af1c8-a290-42e1-b57f-ac91e5604e1a,강원도,기초수급
여자,강원특별자치도,기초수급,3등급,1297,2019,https://api.odcloud.kr/api/15072696/v1/uddi:b85af1c8-a290-42e1-b57f-ac91e5604e1a,강원도,기초수급
여자,강원특별자치도,기초수급,4등급,1508,2019,https://api.odcloud.kr/api/15072696/v1/uddi:b85af1c8-a290-42e1-b57f-ac91e5604e1a,강원도,기초수급
여자,강원특별자치도,기초수급,5등급,204,2019,https://api.odcloud.kr/api/15072696/v1/uddi:b85af1c8-a290-42e1-b57f-ac91e5604e1a,강원도,기초수급
여자,강원특별자치도,기초수급,등급외,1173,2019,https://api.odcloud.kr/api/15072696/v1/uddi:b85af1c8-a290-42e1-b57f-ac91e5604e1a,강원도,기초수급
남자,충청북도,일반,1등급,193,2019,https://api.odcloud.kr/api/15072696/v1/uddi:b85af1c8-a290-42e1-b57f-ac91e5604e1a,충청북도,일반
남자,충청북도,일반,2등급,436,2019,https://api.odcloud.kr/api/15072696/v1/uddi:b85af1c8-a290-42e1-b57f-ac91e5604e1a,충청북도,일반
남자,충청북도,일반,3등급,1154,2019,https://api.odcloud.kr/api/15072696/v1/uddi:b85af1c8-a290-42e1-b57f-ac91e5604e1a,충청북도,일반
남자,충청북도,일반,4등급,1528,2019,https://api.odcloud.kr/api/15072696/v1/uddi:b85af1c8-a290-42e1-b57f-ac91e5604e1a,충청북도,일반
남자,충청북도,일반,5등급,402,2019,https://api.odcloud.kr/api/15072696/v1/uddi:b85af1c8-a290-42e1-b57f-ac91e5604e1a,충청북도,일반
남자,충청북도,일반,등급외,1075,2019,https://api.odcloud.kr/api/15072696/v1/uddi:b85af1c8-a290-42e1-b57f-ac91e5604e1a,충청북도,일반
남자,충청북도,감경,1등급,136,2019,https://api.odcloud.kr/api/15072696/v1/uddi:b85af1c8-a290-42e1-b57f-ac91e5604e1a,충청북도,경감
남자,충청북도,감경,2등급,315,2019,https://api.odcloud.kr/api/15072696/v1/uddi:b85af1c8-a290-42e1-b57f-ac91e5604e1a,충청북도,경감
남자,충청북도,감경,3등급,862,2019,https://api.odcloud.kr/api/15072696/v1/uddi:b85af1c8-a290-42e1-b57f-ac91e5604e1a,충청북도,경감
남자,충청북도,감경,4등급,1000,2019,https://api.odcloud.kr/api/15072696/v1/uddi:b85af1c8-a290-42e1-b57f-ac91e5604e1a,충청북도,경감
남자,충청북도,감경,5등급,253,2019,https://api.odcloud.kr/api/15072696/v1/uddi:b85af1c8-a290-42e1-b57f-ac91e5604e1a,충청북도,경감
남자,충청북도,감경,등급외,39,2019,https://api.odcloud.kr/api/15072696/v1/uddi:b85af1c8-a290-42e1-b57f-ac91e5604e1a,충청북도,경감
남자,충청북도,의료급여,1등급,5,2019,https://api.odcloud.kr/api/15072696/v1/uddi:b85af1c8-a290-42e1-b57f-ac91e5604e1a,충청북도,의료급여
남자,충청북도,의료급여,2등급,11,2019,https://api.odcloud.kr/api/15072696/v1/uddi:b85af1c8-a290-42e1-b57f-ac91e5604e1a,충청북도,의료급여
남자,충청북도,의료급여,3등급,31,2019,https://api.odcloud.kr/api/15072696/v1/uddi:b85af1c8-a290-42e1-b57f-ac91e5604e1a,충청북도,의료급여
남자,충청북도,의료급여,4등급,41,2019,https://api.odcloud.kr/api/15072696/v1/uddi:b85af1c8-a290-42e1-b57f-ac91e5604e1a,충청북도,의료급여
남자,충청북도,의료급여,5등급,10,2019,https://api.odcloud.kr/api/15072696/v1/uddi:b85af1c8-a290-42e1-b57f-ac91e5604e1a,충청북도,의료급여
남자,충청북도,의료급여,등급외,22,2019,https://api.odcloud.kr/api/15072696/v1/uddi:b85af1c8-a290-42e1-b57f-ac91e5604e1a,충청북도,의료급여
남자,충청북도,기초수급,1등급,102,2019,https://api.odcloud.kr/api/15072696/v1/uddi:b85af1c8-a290-42e1-b57f-ac91e5604e1a,충청북도,기초수급
남자,충청북도,기초수급,2등급,169,2019,https://api.odcloud.kr/api/15072696/v1/uddi:b85af1c8-a290-42e1-b57f-ac91e5604e1a,충청북도,기초수급
남자,충청북도,기초수급,3등급,383,2019,https://api.odcloud.kr/api/15072696/v1/uddi:b85af1c8-a290-42e1-b57f-ac91e5604e1a,충청북도,기초수급
남자,충청북도,기초수급,4등급,552,2019,https://api.odcloud.kr/api/15072696/v1/uddi:b85af1c8-a290-42e1-b57f-ac91e5604e1a,충청북도,기초수급
남자,충청북도,기초수급,5등급,100,2019,https://api.odcloud.kr/api/15072696/v1/uddi:b85af1c8-a290-42e1-b57f-ac91e5604e1a,충청북도,기초수급
남자,충청북도,기초수급,등급외,486,2019,https://api.odcloud.kr/api/15072696/v1/uddi:b85af1c8-a290-42e1-b57f-ac91e5604e1a,충청북도,기초수급
여자,충청북도,일반,1등급,536,2019,https://api.odcloud.kr/api/15072696/v1/uddi:b85af1c8-a290-42e1-b57f-ac91e5604e1a,충청북도,일반
여자,충청북도,일반,2등급,1252,2019,https://api.odcloud.kr/api/15072696/v1/uddi:b85af1c8-a290-42e1-b57f-ac91e5604e1a,충청북도,일반
여자,충청북도,일반,3등급,2998,2019,https://api.odcloud.kr/api/15072696/v1/uddi:b85af1c8-a290-42e1-b57f-ac91e5604e1a,충청북도,일반
여자,충청북도,일반,4등급,3834,2019,https://api.odcloud.kr/api/15072696/v1/uddi:b85af1c8-a290-42e1-b57f-ac91e5604e1a,충청북도,일반
여자,충청북도,일반,5등급,1002,2019,https://api.odcloud.kr/api/15072696/v1/uddi:b85af1c8-a290-42e1-b57f-ac91e5604e1a,충청북도,일반
여자,충청북도,일반,등급외,2383,2019,https://api.odcloud.kr/api/15072696/v1/uddi:b85af1c8-a290-42e1-b57f-ac91e5604e1a,충청북도,일반
여자,충청북도,감경,1등급,446,2019,https://api.odcloud.kr/api/15072696/v1/uddi:b85af1c8-a290-42e1-b57f-ac91e5604e1a,충청북도,경감
여자,충청북도,감경,2등급,1217,2019,https://api.odcloud.kr/api/15072696/v1/uddi:b85af1c8-a290-42e1-b57f-ac91e5604e1a,충청북도,경감
여자,충청북도,감경,3등급,2545,2019,https://api.odcloud.kr/api/15072696/v1/uddi:b85af1c8-a290-42e1-b57f-ac91e5604e1a,충청북도,경감
여자,충청북도,감경,4등급,3151,2019,https://api.odcloud.kr/api/15072696/v1/uddi:b85af1c8-a290-42e1-b57f-ac91e5604e1a,충청북도,경감
여자,충청북도,감경,5등급,687,2019,https://api.odcloud.kr/api/15072696/v1/uddi:b85af1c8-a290-42e1-b57f-ac91e5604e1a,충청북도,경감
여자,충청북도,감경,등급외,105,2019,https://api.odcloud.kr/api/15072696/v1/uddi:b85af1c8-a290-42e1-b57f-ac91e5604e1a,충청북도,경감
여자,충청북도,의료급여,1등급,14,2019,https://api.odcloud.kr/api/15072696/v1/uddi:b85af1c8-a290-42e1-b57f-ac91e5604e1a,충청북도,의료급여
여자,충청북도,의료급여,2등급,37,2019,https://api.odcloud.kr/api/15072696/v1/uddi:b85af1c8-a290-42e1-b57f-ac91e5604e1a,충청북도,의료급여
여자,충청북도,의료급여,3등급,79,2019,https://api.odcloud.kr/api/15072696/v1/uddi:b85af1c8-a290-42e1-b57f-ac91e5604e1a,충청북도,의료급여
여자,충청북도,의료급여,4등급,114,2019,https://api.odcloud.kr/api/15072696/v1/uddi:b85af1c8-a290-42e1-b57f-ac91e5604e1a,충청북도,의료급여
여자,충청북도,의료급여,5등급,39,2019,https://api.odcloud.kr/api/15072696/v1/uddi:b85af1c8-a290-42e1-b57f-ac91e5604e1a,충청북도,의료급여
여자,충청북도,의료급여,등급외,43,2019,https://api.odcloud.kr/api/15072696/v1/uddi:b85af1c8-a290-42e1-b57f-ac91e5604e1a,충청북도,의료급여
여자,충청북도,기초수급,1등급,225,2019,https://api.odcloud.kr/api/15072696/v1/uddi:b85af1c8-a290-42e1-b57f-ac91e5604e1a,충청북도,기초수급
여자,충청북도,기초수급,2등급,413,2019,https://api.odcloud.kr/api/15072696/v1/uddi:b85af1c8-a290-42e1-b57f-ac91e5604e1a,충청북도,기초수급
여자,충청북도,기초수급,3등급,878,2019,https://api.odcloud.kr/api/15072696/v1/uddi:b85af1c8-a290-42e1-b57f-ac91e5604e1a,충청북도,기초수급
여자,충청북도,기초수급,4등급,1212,2019,https://api.odcloud.kr/api/15072696/v1/uddi:b85af1c8-a290-42e1-b57f-ac91e5604e1a,충청북도,기초수급
여자,충청북도,기초수급,5등급,264,2019,https://api.odcloud.kr/api/15072696/v1/uddi:b85af1c8-a290-42e1-b57f-ac91e5604e1a,충청북도,기초수급
여자,충청북도,기초수급,등급외,790,2019,https://api.odcloud.kr/api/15072696/v1/uddi:b85af1c8-a290-42e1-b57f-ac91e5604e1a,충청북도,기초수급
남자,충청남도,일반,1등급,340,2019,https://api.odcloud.kr/api/15072696/v1/uddi:b85af1c8-a290-42e1-b57f-ac91e5604e1a,충청남도,일반
남자,충청남도,일반,2등급,625,2019,https://api.odcloud.kr/api/15072696/v1/uddi:b85af1c8-a290-42e1-b57f-ac91e5604e1a,충청남도,일반
남자,충청남도,일반,3등급,1798,2019,https://api.odcloud.kr/api/15072696/v1/uddi:b85af1c8-a290-42e1-b57f-ac91e5604e1a,충청남도,일반
남자,충청남도,일반,4등급,2790,2019,https://api.odcloud.kr/api/15072696/v1/uddi:b85af1c8-a290-42e1-b57f-ac91e5604e1a,충청남도,일반
남자,충청남도,일반,5등급,699,2019,https://api.odcloud.kr/api/15072696/v1/uddi:b85af1c8-a290-42e1-b57f-ac91e5604e1a,충청남도,일반
남자,충청남도,일반,등급외,2064,2019,https://api.odcloud.kr/api/15072696/v1/uddi:b85af1c8-a290-42e1-b57f-ac91e5604e1a,충청남도,일반
남자,충청남도,감경,1등급,223,2019,https://api.odcloud.kr/api/15072696/v1/uddi:b85af1c8-a290-42e1-b57f-ac91e5604e1a,충청남도,경감
남자,충청남도,감경,2등급,464,2019,https://api.odcloud.kr/api/15072696/v1/uddi:b85af1c8-a290-42e1-b57f-ac91e5604e1a,충청남도,경감
남자,충청남도,감경,3등급,1194,2019,https://api.odcloud.kr/api/15072696/v1/uddi:b85af1c8-a290-42e1-b57f-ac91e5604e1a,충청남도,경감
남자,충청남도,감경,4등급,1726,2019,https://api.odcloud.kr/api/15072696/v1/uddi:b85af1c8-a290-42e1-b57f-ac91e5604e1a,충청남도,경감
남자,충청남도,감경,5등급,398,2019,https://api.odcloud.kr/api/15072696/v1/uddi:b85af1c8-a290-42e1-b57f-ac91e5604e1a,충청남도,경감
남자,충청남도,감경,등급외,72,2019,https://api.odcloud.kr/api/15072696/v1/uddi:b85af1c8-a290-42e1-b57f-ac91e5604e1a,충청남도,경감
남자,충청남도,의료급여,1등급,2,2019,https://api.odcloud.kr/api/15072696/v1/uddi:b85af1c8-a290-42e1-b57f-ac91e5604e1a,충청남도,의료급여
남자,충청남도,의료급여,2등급,13,2019,https://api.odcloud.kr/api/15072696/v1/uddi:b85af1c8-a290-42e1-b57f-ac91e5604e1a,충청남도,의료급여
남자,충청남도,의료급여,3등급,24,2019,https://api.odcloud.kr/api/15072696/v1/uddi:b85af1c8-a290-42e1-b57f-ac91e5604e1a,충청남도,의료급여
남자,충청남도,의료급여,4등급,50,2019,https://api.odcloud.kr/api/15072696/v1/uddi:b85af1c8-a290-42e1-b57f-ac91e5604e1a,충청남도,의료급여
남자,충청남도,의료급여,5등급,12,2019,https://api.odcloud.kr/api/15072696/v1/uddi:b85af1c8-a290-42e1-b57f-ac91e5604e1a,충청남도,의료급여
남자,충청남도,의료급여,등급외,33,2019,https://api.odcloud.kr/api/15072696/v1/uddi:b85af1c8-a290-42e1-b57f-ac91e5604e1a,충청남도,의료급여
남자,충청남도,기초수급,1등급,88,2019,https://api.odcloud.kr/api/15072696/v1/uddi:b85af1c8-a290-42e1-b57f-ac91e5604e1a,충청남도,기초수급
남자,충청남도,기초수급,2등급,156,2019,https://api.odcloud.kr/api/15072696/v1/uddi:b85af1c8-a290-42e1-b57f-ac91e5604e1a,충청남도,기초수급
남자,충청남도,기초수급,3등급,386,2019,https://api.odcloud.kr/api/15072696/v1/uddi:b85af1c8-a290-42e1-b57f-ac91e5604e1a,충청남도,기초수급
남자,충청남도,기초수급,4등급,739,2019,https://api.odcloud.kr/api/15072696/v1/uddi:b85af1c8-a290-42e1-b57f-ac91e5604e1a,충청남도,기초수급
남자,충청남도,기초수급,5등급,142,2019,https://api.odcloud.kr/api/15072696/v1/uddi:b85af1c8-a290-42e1-b57f-ac91e5604e1a,충청남도,기초수급
남자,충청남도,기초수급,등급외,614,2019,https://api.odcloud.kr/api/15072696/v1/uddi:b85af1c8-a290-42e1-b57f-ac91e5604e1a,충청남도,기초수급
여자,충청남도,일반,1등급,774,2019,https://api.odcloud.kr/api/15072696/v1/uddi:b85af1c8-a290-42e1-b57f-ac91e5604e1a,충청남도,일반
여자,충청남도,일반,2등급,1684,2019,https://api.odcloud.kr/api/15072696/v1/uddi:b85af1c8-a290-42e1-b57f-ac91e5604e1a,충청남도,일반
여자,충청남도,일반,3등급,4137,2019,https://api.odcloud.kr/api/15072696/v1/uddi:b85af1c8-a290-42e1-b57f-ac91e5604e1a,충청남도,일반
여자,충청남도,일반,4등급,7034,2019,https://api.odcloud.kr/api/15072696/v1/uddi:b85af1c8-a290-42e1-b57f-ac91e5604e1a,충청남도,일반
여자,충청남도,일반,5등급,1781,2019,https://api.odcloud.kr/api/15072696/v1/uddi:b85af1c8-a290-42e1-b57f-ac91e5604e1a,충청남도,일반
여자,충청남도,일반,등급외,4539,2019,https://api.odcloud.kr/api/15072696/v1/uddi:b85af1c8-a290-42e1-b57f-ac91e5604e1a,충청남도,일반
여자,충청남도,감경,1등급,638,2019,https://api.odcloud.kr/api/15072696/v1/uddi:b85af1c8-a290-42e1-b57f-ac91e5604e1a,충청남도,경감
여자,충청남도,감경,2등급,1532,2019,https://api.odcloud.kr/api/15072696/v1/uddi:b85af1c8-a290-42e1-b57f-ac91e5604e1a,충청남도,경감
여자,충청남도,감경,3등급,3525,2019,https://api.odcloud.kr/api/15072696/v1/uddi:b85af1c8-a290-42e1-b57f-ac91e5604e1a,충청남도,경감
여자,충청남도,감경,4등급,5207,2019,https://api.odcloud.kr/api/15072696/v1/uddi:b85af1c8-a290-42e1-b57f-ac91e5604e1a,충청남도,경감
여자,충청남도,감경,5등급,1205,2019,https://api.odcloud.kr/api/15072696/v1/uddi:b85af1c8-a290-42e1-b57f-ac91e5604e1a,충청남도,경감
여자,충청남도,감경,등급외,186,2019,https://api.odcloud.kr/api/15072696/v1/uddi:b85af1c8-a290-42e1-b57f-ac91e5604e1a,충청남도,경감
여자,충청남도,의료급여,1등급,10,2019,https://api.odcloud.kr/api/15072696/v1/uddi:b85af1c8-a290-42e1-b57f-ac91e5604e1a,충청남도,의료급여
여자,충청남도,의료급여,2등급,42,2019,https://api.odcloud.kr/api/15072696/v1/uddi:b85af1c8-a290-42e1-b57f-ac91e5604e1a,충청남도,의료급여
여자,충청남도,의료급여,3등급,79,2019,https://api.odcloud.kr/api/15072696/v1/uddi:b85af1c8-a290-42e1-b57f-ac91e5604e1a,충청남도,의료급여
여자,충청남도,의료급여,4등급,119,2019,https://api.odcloud.kr/api/15072696/v1/uddi:b85af1c8-a290-42e1-b57f-ac91e5604e1a,충청남도,의료급여
여자,충청남도,의료급여,5등급,35,2019,https://api.odcloud.kr/api/15072696/v1/uddi:b85af1c8-a290-42e1-b57f-ac91e5604e1a,충청남도,의료급여
여자,충청남도,의료급여,등급외,40,2019,https://api.odcloud.kr/api/15072696/v1/uddi:b85af1c8-a290-42e1-b57f-ac91e5604e1a,충청남도,의료급여
여자,충청남도,기초수급,1등급,197,2019,https://api.odcloud.kr/api/15072696/v1/uddi:b85af1c8-a290-42e1-b57f-ac91e5604e1a,충청남도,기초수급
여자,충청남도,기초수급,2등급,445,2019,https://api.odcloud.kr/api/15072696/v1/uddi:b85af1c8-a290-42e1-b57f-ac91e5604e1a,충청남도,기초수급
여자,충청남도,기초수급,3등급,967,2019,https://api.odcloud.kr/api/15072696/v1/uddi:b85af1c8-a290-42e1-b57f-ac91e5604e1a,충청남도,기초수급
여자,충청남도,기초수급,4등급,1658,2019,https://api.odcloud.kr/api/15072696/v1/uddi:b85af1c8-a290-42e1-b57f-ac91e5604e1a,충청남도,기초수급
여자,충청남도,기초수급,5등급,356,2019,https://api.odcloud.kr/api/15072696/v1/uddi:b85af1c8-a290-42e1-b57f-ac91e5604e1a,충청남도,기초수급
여자,충청남도,기초수급,등급외,1050,2019,https://api.odcloud.kr/api/15072696/v1/uddi:b85af1c8-a290-42e1-b57f-ac91e5604e1a,충청남도,기초수급
남자,전북특별자치도,일반,1등급,194,2019,https://api.odcloud.kr/api/15072696/v1/uddi:b85af1c8-a290-42e1-b57f-ac91e5604e1a,전라북도,일반
남자,전북특별자치도,일반,2등급,394,2019,https://api.odcloud.kr/api/15072696/v1/uddi:b85af1c8-a290-42e1-b57f-ac91e5604e1a,전라북도,일반
남자,전북특별자치도,일반,3등급,1354,2019,https://api.odcloud.kr/api/15072696/v1/uddi:b85af1c8-a290-42e1-b57f-ac91e5604e1a,전라북도,일반
남자,전북특별자치도,일반,4등급,2559,2019,https://api.odcloud.kr/api/15072696/v1/uddi:b85af1c8-a290-42e1-b57f-ac91e5604e1a,전라북도,일반
남자,전북특별자치도,일반,5등급,695,2019,https://api.odcloud.kr/api/15072696/v1/uddi:b85af1c8-a290-42e1-b57f-ac91e5604e1a,전라북도,일반
남자,전북특별자치도,일반,등급외,2295,2019,https://api.odcloud.kr/api/15072696/v1/uddi:b85af1c8-a290-42e1-b57f-ac91e5604e1a,전라북도,일반
남자,전북특별자치도,감경,1등급,178,2019,https://api.odcloud.kr/api/15072696/v1/uddi:b85af1c8-a290-42e1-b57f-ac91e5604e1a,전라북도,경감
남자,전북특별자치도,감경,2등급,316,2019,https://api.odcloud.kr/api/15072696/v1/uddi:b85af1c8-a290-42e1-b57f-ac91e5604e1a,전라북도,경감
남자,전북특별자치도,감경,3등급,935,2019,https://api.odcloud.kr/api/15072696/v1/uddi:b85af1c8-a290-42e1-b57f-ac91e5604e1a,전라북도,경감
남자,전북특별자치도,감경,4등급,1899,2019,https://api.odcloud.kr/api/15072696/v1/uddi:b85af1c8-a290-42e1-b57f-ac91e5604e1a,전라북도,경감
남자,전북특별자치도,감경,5등급,478,2019,https://api.odcloud.kr/api/15072696/v1/uddi:b85af1c8-a290-42e1-b57f-ac91e5604e1a,전라북도,경감
남자,전북특별자치도,감경,등급외,152,2019,https://api.odcloud.kr/api/15072696/v1/uddi:b85af1c8-a290-42e1-b57f-ac91e5604e1a,전라북도,경감
남자,전북특별자치도,의료급여,1등급,3,2019,https://api.odcloud.kr/api/15072696/v1/uddi:b85af1c8-a290-42e1-b57f-ac91e5604e1a,전라북도,의료급여
남자,전북특별자치도,의료급여,2등급,12,2019,https://api.odcloud.kr/api/15072696/v1/uddi:b85af1c8-a290-42e1-b57f-ac91e5604e1a,전라북도,의료급여
남자,전북특별자치도,의료급여,3등급,31,2019,https://api.odcloud.kr/api/15072696/v1/uddi:b85af1c8-a290-42e1-b57f-ac91e5604e1a,전라북도,의료급여
남자,전북특별자치도,의료급여,4등급,72,2019,https://api.odcloud.kr/api/15072696/v1/uddi:b85af1c8-a290-42e1-b57f-ac91e5604e1a,전라북도,의료급여
남자,전북특별자치도,의료급여,5등급,21,2019,https://api.odcloud.kr/api/15072696/v1/uddi:b85af1c8-a290-42e1-b57f-ac91e5604e1a,전라북도,의료급여
남자,전북특별자치도,의료급여,등급외,49,2019,https://api.odcloud.kr/api/15072696/v1/uddi:b85af1c8-a290-42e1-b57f-ac91e5604e1a,전라북도,의료급여
남자,전북특별자치도,기초수급,1등급,74,2019,https://api.odcloud.kr/api/15072696/v1/uddi:b85af1c8-a290-42e1-b57f-ac91e5604e1a,전라북도,기초수급
남자,전북특별자치도,기초수급,2등급,136,2019,https://api.odcloud.kr/api/15072696/v1/uddi:b85af1c8-a290-42e1-b57f-ac91e5604e1a,전라북도,기초수급
남자,전북특별자치도,기초수급,3등급,500,2019,https://api.odcloud.kr/api/15072696/v1/uddi:b85af1c8-a290-42e1-b57f-ac91e5604e1a,전라북도,기초수급
남자,전북특별자치도,기초수급,4등급,1006,2019,https://api.odcloud.kr/api/15072696/v1/uddi:b85af1c8-a290-42e1-b57f-ac91e5604e1a,전라북도,기초수급
남자,전북특별자치도,기초수급,5등급,221,2019,https://api.odcloud.kr/api/15072696/v1/uddi:b85af1c8-a290-42e1-b57f-ac91e5604e1a,전라북도,기초수급
남자,전북특별자치도,기초수급,등급외,1360,2019,https://api.odcloud.kr/api/15072696/v1/uddi:b85af1c8-a290-42e1-b57f-ac91e5604e1a,전라북도,기초수급
여자,전북특별자치도,일반,1등급,517,2019,https://api.odcloud.kr/api/15072696/v1/uddi:b85af1c8-a290-42e1-b57f-ac91e5604e1a,전라북도,일반
여자,전북특별자치도,일반,2등급,1163,2019,https://api.odcloud.kr/api/15072696/v1/uddi:b85af1c8-a290-42e1-b57f-ac91e5604e1a,전라북도,일반
여자,전북특별자치도,일반,3등급,3025,2019,https://api.odcloud.kr/api/15072696/v1/uddi:b85af1c8-a290-42e1-b57f-ac91e5604e1a,전라북도,일반
여자,전북특별자치도,일반,4등급,6872,2019,https://api.odcloud.kr/api/15072696/v1/uddi:b85af1c8-a290-42e1-b57f-ac91e5604e1a,전라북도,일반
여자,전북특별자치도,일반,5등급,2051,2019,https://api.odcloud.kr/api/15072696/v1/uddi:b85af1c8-a290-42e1-b57f-ac91e5604e1a,전라북도,일반
여자,전북특별자치도,일반,등급외,6090,2019,https://api.odcloud.kr/api/15072696/v1/uddi:b85af1c8-a290-42e1-b57f-ac91e5604e1a,전라북도,일반
여자,전북특별자치도,감경,1등급,518,2019,https://api.odcloud.kr/api/15072696/v1/uddi:b85af1c8-a290-42e1-b57f-ac91e5604e1a,전라북도,경감
여자,전북특별자치도,감경,2등급,1174,2019,https://api.odcloud.kr/api/15072696/v1/uddi:b85af1c8-a290-42e1-b57f-ac91e5604e1a,전라북도,경감
여자,전북특별자치도,감경,3등급,2900,2019,https://api.odcloud.kr/api/15072696/v1/uddi:b85af1c8-a290-42e1-b57f-ac91e5604e1a,전라북도,경감
여자,전북특별자치도,감경,4등급,6090,2019,https://api.odcloud.kr/api/15072696/v1/uddi:b85af1c8-a290-42e1-b57f-ac91e5604e1a,전라북도,경감
여자,전북특별자치도,감경,5등급,1611,2019,https://api.odcloud.kr/api/15072696/v1/uddi:b85af1c8-a290-42e1-b57f-ac91e5604e1a,전라북도,경감
여자,전북특별자치도,감경,등급외,700,2019,https://api.odcloud.kr/api/15072696/v1/uddi:b85af1c8-a290-42e1-b57f-ac91e5604e1a,전라북도,경감
여자,전북특별자치도,의료급여,1등급,17,2019,https://api.odcloud.kr/api/15072696/v1/uddi:b85af1c8-a290-42e1-b57f-ac91e5604e1a,전라북도,의료급여
여자,전북특별자치도,의료급여,2등급,39,2019,https://api.odcloud.kr/api/15072696/v1/uddi:b85af1c8-a290-42e1-b57f-ac91e5604e1a,전라북도,의료급여
여자,전북특별자치도,의료급여,3등급,86,2019,https://api.odcloud.kr/api/15072696/v1/uddi:b85af1c8-a290-42e1-b57f-ac91e5604e1a,전라북도,의료급여
여자,전북특별자치도,의료급여,4등급,201,2019,https://api.odcloud.kr/api/15072696/v1/uddi:b85af1c8-a290-42e1-b57f-ac91e5604e1a,전라북도,의료급여
여자,전북특별자치도,의료급여,5등급,64,2019,https://api.odcloud.kr/api/15072696/v1/uddi:b85af1c8-a290-42e1-b57f-ac91e5604e1a,전라북도,의료급여
여자,전북특별자치도,의료급여,등급외,128,2019,https://api.odcloud.kr/api/15072696/v1/uddi:b85af1c8-a290-42e1-b57f-ac91e5604e1a,전라북도,의료급여
여자,전북특별자치도,기초수급,1등급,175,2019,https://api.odcloud.kr/api/15072696/v1/uddi:b85af1c8-a290-42e1-b57f-ac91e5604e1a,전라북도,기초수급
여자,전북특별자치도,기초수급,2등급,427,2019,https://api.odcloud.kr/api/15072696/v1/uddi:b85af1c8-a290-42e1-b57f-ac91e5604e1a,전라북도,기초수급
여자,전북특별자치도,기초수급,3등급,1114,2019,https://api.odcloud.kr/api/15072696/v1/uddi:b85af1c8-a290-42e1-b57f-ac91e5604e1a,전라북도,기초수급
여자,전북특별자치도,기초수급,4등급,2579,2019,https://api.odcloud.kr/api/15072696/v1/uddi:b85af1c8-a290-42e1-b57f-ac91e5604e1a,전라북도,기초수급
여자,전북특별자치도,기초수급,5등급,699,2019,https://api.odcloud.kr/api/15072696/v1/uddi:b85af1c8-a290-42e1-b57f-ac91e5604e1a,전라북도,기초수급
여자,전북특별자치도,기초수급,등급외,2836,2019,https://api.odcloud.kr/api/15072696/v1/uddi:b85af1c8-a290-42e1-b57f-ac91e5604e1a,전라북도,기초수급
남자,전라남도,일반,1등급,203,2019,https://api.odcloud.kr/api/15072696/v1/uddi:b85af1c8-a290-42e1-b57f-ac91e5604e1a,전라남도,일반
남자,전라남도,일반,2등급,497,2019,https://api.odcloud.kr/api/15072696/v1/uddi:b85af1c8-a290-42e1-b57f-ac91e5604e1a,전라남도,일반
남자,전라남도,일반,3등급,1366,2019,https://api.odcloud.kr/api/15072696/v1/uddi:b85af1c8-a290-42e1-b57f-ac91e5604e1a,전라남도,일반
남자,전라남도,일반,4등급,2467,2019,https://api.odcloud.kr/api/15072696/v1/uddi:b85af1c8-a290-42e1-b57f-ac91e5604e1a,전라남도,일반
남자,전라남도,일반,5등급,527,2019,https://api.odcloud.kr/api/15072696/v1/uddi:b85af1c8-a290-42e1-b57f-ac91e5604e1a,전라남도,일반
남자,전라남도,일반,등급외,2709,2019,https://api.odcloud.kr/api/15072696/v1/uddi:b85af1c8-a290-42e1-b57f-ac91e5604e1a,전라남도,일반
남자,전라남도,감경,1등급,202,2019,https://api.odcloud.kr/api/15072696/v1/uddi:b85af1c8-a290-42e1-b57f-ac91e5604e1a,전라남도,경감
남자,전라남도,감경,2등급,503,2019,https://api.odcloud.kr/api/15072696/v1/uddi:b85af1c8-a290-42e1-b57f-ac91e5604e1a,전라남도,경감
남자,전라남도,감경,3등급,1227,2019,https://api.odcloud.kr/api/15072696/v1/uddi:b85af1c8-a290-42e1-b57f-ac91e5604e1a,전라남도,경감
남자,전라남도,감경,4등급,2018,2019,https://api.odcloud.kr/api/15072696/v1/uddi:b85af1c8-a290-42e1-b57f-ac91e5604e1a,전라남도,경감
남자,전라남도,감경,5등급,407,2019,https://api.odcloud.kr/api/15072696/v1/uddi:b85af1c8-a290-42e1-b57f-ac91e5604e1a,전라남도,경감
남자,전라남도,감경,등급외,139,2019,https://api.odcloud.kr/api/15072696/v1/uddi:b85af1c8-a290-42e1-b57f-ac91e5604e1a,전라남도,경감
남자,전라남도,의료급여,1등급,10,2019,https://api.odcloud.kr/api/15072696/v1/uddi:b85af1c8-a290-42e1-b57f-ac91e5604e1a,전라남도,의료급여
남자,전라남도,의료급여,2등급,17,2019,https://api.odcloud.kr/api/15072696/v1/uddi:b85af1c8-a290-42e1-b57f-ac91e5604e1a,전라남도,의료급여
남자,전라남도,의료급여,3등급,45,2019,https://api.odcloud.kr/api/15072696/v1/uddi:b85af1c8-a290-42e1-b57f-ac91e5604e1a,전라남도,의료급여
남자,전라남도,의료급여,4등급,90,2019,https://api.odcloud.kr/api/15072696/v1/uddi:b85af1c8-a290-42e1-b57f-ac91e5604e1a,전라남도,의료급여
남자,전라남도,의료급여,5등급,18,2019,https://api.odcloud.kr/api/15072696/v1/uddi:b85af1c8-a290-42e1-b57f-ac91e5604e1a,전라남도,의료급여
남자,전라남도,의료급여,등급외,46,2019,https://api.odcloud.kr/api/15072696/v1/uddi:b85af1c8-a290-42e1-b57f-ac91e5604e1a,전라남도,의료급여
남자,전라남도,기초수급,1등급,83,2019,https://api.odcloud.kr/api/15072696/v1/uddi:b85af1c8-a290-42e1-b57f-ac91e5604e1a,전라남도,기초수급
남자,전라남도,기초수급,2등급,167,2019,https://api.odcloud.kr/api/15072696/v1/uddi:b85af1c8-a290-42e1-b57f-ac91e5604e1a,전라남도,기초수급
남자,전라남도,기초수급,3등급,457,2019,https://api.odcloud.kr/api/15072696/v1/uddi:b85af1c8-a290-42e1-b57f-ac91e5604e1a,전라남도,기초수급
남자,전라남도,기초수급,4등급,782,2019,https://api.odcloud.kr/api/15072696/v1/uddi:b85af1c8-a290-42e1-b57f-ac91e5604e1a,전라남도,기초수급
남자,전라남도,기초수급,5등급,120,2019,https://api.odcloud.kr/api/15072696/v1/uddi:b85af1c8-a290-42e1-b57f-ac91e5604e1a,전라남도,기초수급
남자,전라남도,기초수급,등급외,971,2019,https://api.odcloud.kr/api/15072696/v1/uddi:b85af1c8-a290-42e1-b57f-ac91e5604e1a,전라남도,기초수급
여자,전라남도,일반,1등급,483,2019,https://api.odcloud.kr/api/15072696/v1/uddi:b85af1c8-a290-42e1-b57f-ac91e5604e1a,전라남도,일반
여자,전라남도,일반,2등급,1261,2019,https://api.odcloud.kr/api/15072696/v1/uddi:b85af1c8-a290-42e1-b57f-ac91e5604e1a,전라남도,일반
여자,전라남도,일반,3등급,3387,2019,https://api.odcloud.kr/api/15072696/v1/uddi:b85af1c8-a290-42e1-b57f-ac91e5604e1a,전라남도,일반
여자,전라남도,일반,4등급,7541,2019,https://api.odcloud.kr/api/15072696/v1/uddi:b85af1c8-a290-42e1-b57f-ac91e5604e1a,전라남도,일반
여자,전라남도,일반,5등급,1722,2019,https://api.odcloud.kr/api/15072696/v1/uddi:b85af1c8-a290-42e1-b57f-ac91e5604e1a,전라남도,일반
여자,전라남도,일반,등급외,7772,2019,https://api.odcloud.kr/api/15072696/v1/uddi:b85af1c8-a290-42e1-b57f-ac91e5604e1a,전라남도,일반
여자,전라남도,감경,1등급,620,2019,https://api.odcloud.kr/api/15072696/v1/uddi:b85af1c8-a290-42e1-b57f-ac91e5604e1a,전라남도,경감
여자,전라남도,감경,2등급,1730,2019,https://api.odcloud.kr/api/15072696/v1/uddi:b85af1c8-a290-42e1-b57f-ac91e5604e1a,전라남도,경감
여자,전라남도,감경,3등급,3979,2019,https://api.odcloud.kr/api/15072696/v1/uddi:b85af1c8-a290-42e1-b57f-ac91e5604e1a,전라남도,경감
여자,전라남도,감경,4등급,7950,2019,https://api.odcloud.kr/api/15072696/v1/uddi:b85af1c8-a290-42e1-b57f-ac91e5604e1a,전라남도,경감
여자,전라남도,감경,5등급,1557,2019,https://api.odcloud.kr/api/15072696/v1/uddi:b85af1c8-a290-42e1-b57f-ac91e5604e1a,전라남도,경감
여자,전라남도,감경,등급외,615,2019,https://api.odcloud.kr/api/15072696/v1/uddi:b85af1c8-a290-42e1-b57f-ac91e5604e1a,전라남도,경감
여자,전라남도,의료급여,1등급,25,2019,https://api.odcloud.kr/api/15072696/v1/uddi:b85af1c8-a290-42e1-b57f-ac91e5604e1a,전라남도,의료급여
여자,전라남도,의료급여,2등급,49,2019,https://api.odcloud.kr/api/15072696/v1/uddi:b85af1c8-a290-42e1-b57f-ac91e5604e1a,전라남도,의료급여
여자,전라남도,의료급여,3등급,143,2019,https://api.odcloud.kr/api/15072696/v1/uddi:b85af1c8-a290-42e1-b57f-ac91e5604e1a,전라남도,의료급여
여자,전라남도,의료급여,4등급,266,2019,https://api.odcloud.kr/api/15072696/v1/uddi:b85af1c8-a290-42e1-b57f-ac91e5604e1a,전라남도,의료급여
여자,전라남도,의료급여,5등급,57,2019,https://api.odcloud.kr/api/15072696/v1/uddi:b85af1c8-a290-42e1-b57f-ac91e5604e1a,전라남도,의료급여
여자,전라남도,의료급여,등급외,163,2019,https://api.odcloud.kr/api/15072696/v1/uddi:b85af1c8-a290-42e1-b57f-ac91e5604e1a,전라남도,의료급여
여자,전라남도,기초수급,1등급,181,2019,https://api.odcloud.kr/api/15072696/v1/uddi:b85af1c8-a290-42e1-b57f-ac91e5604e1a,전라남도,기초수급
여자,전라남도,기초수급,2등급,485,2019,https://api.odcloud.kr/api/15072696/v1/uddi:b85af1c8-a290-42e1-b57f-ac91e5604e1a,전라남도,기초수급
여자,전라남도,기초수급,3등급,1182,2019,https://api.odcloud.kr/api/15072696/v1/uddi:b85af1c8-a290-42e1-b57f-ac91e5604e1a,전라남도,기초수급
여자,전라남도,기초수급,4등급,2574,2019,https://api.odcloud.kr/api/15072696/v1/uddi:b85af1c8-a290-42e1-b57f-ac91e5604e1a,전라남도,기초수급
여자,전라남도,기초수급,5등급,442,2019,https://api.odcloud.kr/api/15072696/v1/uddi:b85af1c8-a290-42e1-b57f-ac91e5604e1a,전라남도,기초수급
여자,전라남도,기초수급,등급외,2159,2019,https://api.odcloud.kr/api/15072696/v1/uddi:b85af1c8-a290-42e1-b57f-ac91e5604e1a,전라남도,기초수급
남자,경상북도,일반,1등급,320,2019,https://api.odcloud.kr/api/15072696/v1/uddi:b85af1c8-a290-42e1-b57f-ac91e5604e1a,경상북도,일반
남자,경상북도,일반,2등급,756,2019,https://api.odcloud.kr/api/15072696/v1/uddi:b85af1c8-a290-42e1-b57f-ac91e5604e1a,경상북도,일반
남자,경상북도,일반,3등급,2270,2019,https://api.odcloud.kr/api/15072696/v1/uddi:b85af1c8-a290-42e1-b57f-ac91e5604e1a,경상북도,일반
남자,경상북도,일반,4등급,3276,2019,https://api.odcloud.kr/api/15072696/v1/uddi:b85af1c8-a290-42e1-b57f-ac91e5604e1a,경상북도,일반
남자,경상북도,일반,5등급,830,2019,https://api.odcloud.kr/api/15072696/v1/uddi:b85af1c8-a290-42e1-b57f-ac91e5604e1a,경상북도,일반
남자,경상북도,일반,등급외,2776,2019,https://api.odcloud.kr/api/15072696/v1/uddi:b85af1c8-a290-42e1-b57f-ac91e5604e1a,경상북도,일반
남자,경상북도,감경,1등급,231,2019,https://api.odcloud.kr/api/15072696/v1/uddi:b85af1c8-a290-42e1-b57f-ac91e5604e1a,경상북도,경감
남자,경상북도,감경,2등급,581,2019,https://api.odcloud.kr/api/15072696/v1/uddi:b85af1c8-a290-42e1-b57f-ac91e5604e1a,경상북도,경감
남자,경상북도,감경,3등급,1588,2019,https://api.odcloud.kr/api/15072696/v1/uddi:b85af1c8-a290-42e1-b57f-ac91e5604e1a,경상북도,경감
남자,경상북도,감경,4등급,2228,2019,https://api.odcloud.kr/api/15072696/v1/uddi:b85af1c8-a290-42e1-b57f-ac91e5604e1a,경상북도,경감
남자,경상북도,감경,5등급,513,2019,https://api.odcloud.kr/api/15072696/v1/uddi:b85af1c8-a290-42e1-b57f-ac91e5604e1a,경상북도,경감
남자,경상북도,감경,등급외,99,2019,https://api.odcloud.kr/api/15072696/v1/uddi:b85af1c8-a290-42e1-b57f-ac91e5604e1a,경상북도,경감
남자,경상북도,의료급여,1등급,6,2019,https://api.odcloud.kr/api/15072696/v1/uddi:b85af1c8-a290-42e1-b57f-ac91e5604e1a,경상북도,의료급여
남자,경상북도,의료급여,2등급,11,2019,https://api.odcloud.kr/api/15072696/v1/uddi:b85af1c8-a290-42e1-b57f-ac91e5604e1a,경상북도,의료급여
남자,경상북도,의료급여,3등급,50,2019,https://api.odcloud.kr/api/15072696/v1/uddi:b85af1c8-a290-42e1-b57f-ac91e5604e1a,경상북도,의료급여
남자,경상북도,의료급여,4등급,67,2019,https://api.odcloud.kr/api/15072696/v1/uddi:b85af1c8-a290-42e1-b57f-ac91e5604e1a,경상북도,의료급여
남자,경상북도,의료급여,5등급,12,2019,https://api.odcloud.kr/api/15072696/v1/uddi:b85af1c8-a290-42e1-b57f-ac91e5604e1a,경상북도,의료급여
남자,경상북도,의료급여,등급외,57,2019,https://api.odcloud.kr/api/15072696/v1/uddi:b85af1c8-a290-42e1-b57f-ac91e5604e1a,경상북도,의료급여
남자,경상북도,기초수급,1등급,113,2019,https://api.odcloud.kr/api/15072696/v1/uddi:b85af1c8-a290-42e1-b57f-ac91e5604e1a,경상북도,기초수급
남자,경상북도,기초수급,2등급,196,2019,https://api.odcloud.kr/api/15072696/v1/uddi:b85af1c8-a290-42e1-b57f-ac91e5604e1a,경상북도,기초수급
남자,경상북도,기초수급,3등급,596,2019,https://api.odcloud.kr/api/15072696/v1/uddi:b85af1c8-a290-42e1-b57f-ac91e5604e1a,경상북도,기초수급
남자,경상북도,기초수급,4등급,964,2019,https://api.odcloud.kr/api/15072696/v1/uddi:b85af1c8-a290-42e1-b57f-ac91e5604e1a,경상북도,기초수급
남자,경상북도,기초수급,5등급,195,2019,https://api.odcloud.kr/api/15072696/v1/uddi:b85af1c8-a290-42e1-b57f-ac91e5604e1a,경상북도,기초수급
남자,경상북도,기초수급,등급외,1039,2019,https://api.odcloud.kr/api/15072696/v1/uddi:b85af1c8-a290-42e1-b57f-ac91e5604e1a,경상북도,기초수급
여자,경상북도,일반,1등급,793,2019,https://api.odcloud.kr/api/15072696/v1/uddi:b85af1c8-a290-42e1-b57f-ac91e5604e1a,경상북도,일반
여자,경상북도,일반,2등급,1679,2019,https://api.odcloud.kr/api/15072696/v1/uddi:b85af1c8-a290-42e1-b57f-ac91e5604e1a,경상북도,일반
여자,경상북도,일반,3등급,4944,2019,https://api.odcloud.kr/api/15072696/v1/uddi:b85af1c8-a290-42e1-b57f-ac91e5604e1a,경상북도,일반
여자,경상북도,일반,4등급,9089,2019,https://api.odcloud.kr/api/15072696/v1/uddi:b85af1c8-a290-42e1-b57f-ac91e5604e1a,경상북도,일반
여자,경상북도,일반,5등급,2502,2019,https://api.odcloud.kr/api/15072696/v1/uddi:b85af1c8-a290-42e1-b57f-ac91e5604e1a,경상북도,일반
여자,경상북도,일반,등급외,6796,2019,https://api.odcloud.kr/api/15072696/v1/uddi:b85af1c8-a290-42e1-b57f-ac91e5604e1a,경상북도,일반
여자,경상북도,감경,1등급,740,2019,https://api.odcloud.kr/api/15072696/v1/uddi:b85af1c8-a290-42e1-b57f-ac91e5604e1a,경상북도,경감
여자,경상북도,감경,2등급,1707,2019,https://api.odcloud.kr/api/15072696/v1/uddi:b85af1c8-a290-42e1-b57f-ac91e5604e1a,경상북도,경감
여자,경상북도,감경,3등급,4781,2019,https://api.odcloud.kr/api/15072696/v1/uddi:b85af1c8-a290-42e1-b57f-ac91e5604e1a,경상북도,경감
여자,경상북도,감경,4등급,7327,2019,https://api.odcloud.kr/api/15072696/v1/uddi:b85af1c8-a290-42e1-b57f-ac91e5604e1a,경상북도,경감
여자,경상북도,감경,5등급,1846,2019,https://api.odcloud.kr/api/15072696/v1/uddi:b85af1c8-a290-42e1-b57f-ac91e5604e1a,경상북도,경감
여자,경상북도,감경,등급외,335,2019,https://api.odcloud.kr/api/15072696/v1/uddi:b85af1c8-a290-42e1-b57f-ac91e5604e1a,경상북도,경감
여자,경상북도,의료급여,1등급,21,2019,https://api.odcloud.kr/api/15072696/v1/uddi:b85af1c8-a290-42e1-b57f-ac91e5604e1a,경상북도,의료급여
여자,경상북도,의료급여,2등급,41,2019,https://api.odcloud.kr/api/15072696/v1/uddi:b85af1c8-a290-42e1-b57f-ac91e5604e1a,경상북도,의료급여
여자,경상북도,의료급여,3등급,131,2019,https://api.odcloud.kr/api/15072696/v1/uddi:b85af1c8-a290-42e1-b57f-ac91e5604e1a,경상북도,의료급여
여자,경상북도,의료급여,4등급,255,2019,https://api.odcloud.kr/api/15072696/v1/uddi:b85af1c8-a290-42e1-b57f-ac91e5604e1a,경상북도,의료급여
여자,경상북도,의료급여,5등급,72,2019,https://api.odcloud.kr/api/15072696/v1/uddi:b85af1c8-a290-42e1-b57f-ac91e5604e1a,경상북도,의료급여
여자,경상북도,의료급여,등급외,117,2019,https://api.odcloud.kr/api/15072696/v1/uddi:b85af1c8-a290-42e1-b57f-ac91e5604e1a,경상북도,의료급여
여자,경상북도,기초수급,1등급,281,2019,https://api.odcloud.kr/api/15072696/v1/uddi:b85af1c8-a290-42e1-b57f-ac91e5604e1a,경상북도,기초수급
여자,경상북도,기초수급,2등급,599,2019,https://api.odcloud.kr/api/15072696/v1/uddi:b85af1c8-a290-42e1-b57f-ac91e5604e1a,경상북도,기초수급
여자,경상북도,기초수급,3등급,1497,2019,https://api.odcloud.kr/api/15072696/v1/uddi:b85af1c8-a290-42e1-b57f-ac91e5604e1a,경상북도,기초수급
여자,경상북도,기초수급,4등급,2974,2019,https://api.odcloud.kr/api/15072696/v1/uddi:b85af1c8-a290-42e1-b57f-ac91e5604e1a,경상북도,기초수급
여자,경상북도,기초수급,5등급,674,2019,https://api.odcloud.kr/api/15072696/v1/uddi:b85af1c8-a290-42e1-b57f-ac91e5604e1a,경상북도,기초수급
여자,경상북도,기초수급,등급외,2321,2019,https://api.odcloud.kr/api/15072696/v1/uddi:b85af1c8-a290-42e1-b57f-ac91e5604e1a,경상북도,기초수급
남자,경상남도,일반,1등급,301,2019,https://api.odcloud.kr/api/15072696/v1/uddi:b85af1c8-a290-42e1-b57f-ac91e5604e1a,경상남도,일반
남자,경상남도,일반,2등급,670,2019,https://api.odcloud.kr/api/15072696/v1/uddi:b85af1c8-a290-42e1-b57f-ac91e5604e1a,경상남도,일반
남자,경상남도,일반,3등급,1989,2019,https://api.odcloud.kr/api/15072696/v1/uddi:b85af1c8-a290-42e1-b57f-ac91e5604e1a,경상남도,일반
남자,경상남도,일반,4등급,3315,2019,https://api.odcloud.kr/api/15072696/v1/uddi:b85af1c8-a290-42e1-b57f-ac91e5604e1a,경상남도,일반
남자,경상남도,일반,5등급,743,2019,https://api.odcloud.kr/api/15072696/v1/uddi:b85af1c8-a290-42e1-b57f-ac91e5604e1a,경상남도,일반
남자,경상남도,일반,등급외,2854,2019,https://api.odcloud.kr/api/15072696/v1/uddi:b85af1c8-a290-42e1-b57f-ac91e5604e1a,경상남도,일반
남자,경상남도,감경,1등급,221,2019,https://api.odcloud.kr/api/15072696/v1/uddi:b85af1c8-a290-42e1-b57f-ac91e5604e1a,경상남도,경감
남자,경상남도,감경,2등급,467,2019,https://api.odcloud.kr/api/15072696/v1/uddi:b85af1c8-a290-42e1-b57f-ac91e5604e1a,경상남도,경감
남자,경상남도,감경,3등급,1380,2019,https://api.odcloud.kr/api/15072696/v1/uddi:b85af1c8-a290-42e1-b57f-ac91e5604e1a,경상남도,경감
남자,경상남도,감경,4등급,2184,2019,https://api.odcloud.kr/api/15072696/v1/uddi:b85af1c8-a290-42e1-b57f-ac91e5604e1a,경상남도,경감
남자,경상남도,감경,5등급,405,2019,https://api.odcloud.kr/api/15072696/v1/uddi:b85af1c8-a290-42e1-b57f-ac91e5604e1a,경상남도,경감
남자,경상남도,감경,등급외,116,2019,https://api.odcloud.kr/api/15072696/v1/uddi:b85af1c8-a290-42e1-b57f-ac91e5604e1a,경상남도,경감
남자,경상남도,의료급여,1등급,2,2019,https://api.odcloud.kr/api/15072696/v1/uddi:b85af1c8-a290-42e1-b57f-ac91e5604e1a,경상남도,의료급여
남자,경상남도,의료급여,2등급,12,2019,https://api.odcloud.kr/api/15072696/v1/uddi:b85af1c8-a290-42e1-b57f-ac91e5604e1a,경상남도,의료급여
남자,경상남도,의료급여,3등급,33,2019,https://api.odcloud.kr/api/15072696/v1/uddi:b85af1c8-a290-42e1-b57f-ac91e5604e1a,경상남도,의료급여
남자,경상남도,의료급여,4등급,76,2019,https://api.odcloud.kr/api/15072696/v1/uddi:b85af1c8-a290-42e1-b57f-ac91e5604e1a,경상남도,의료급여
남자,경상남도,의료급여,5등급,8,2019,https://api.odcloud.kr/api/15072696/v1/uddi:b85af1c8-a290-42e1-b57f-ac91e5604e1a,경상남도,의료급여
남자,경상남도,의료급여,등급외,44,2019,https://api.odcloud.kr/api/15072696/v1/uddi:b85af1c8-a290-42e1-b57f-ac91e5604e1a,경상남도,의료급여
남자,경상남도,기초수급,1등급,79,2019,https://api.odcloud.kr/api/15072696/v1/uddi:b85af1c8-a290-42e1-b57f-ac91e5604e1a,경상남도,기초수급
남자,경상남도,기초수급,2등급,179,2019,https://api.odcloud.kr/api/15072696/v1/uddi:b85af1c8-a290-42e1-b57f-ac91e5604e1a,경상남도,기초수급
남자,경상남도,기초수급,3등급,495,2019,https://api.odcloud.kr/api/15072696/v1/uddi:b85af1c8-a290-42e1-b57f-ac91e5604e1a,경상남도,기초수급
남자,경상남도,기초수급,4등급,926,2019,https://api.odcloud.kr/api/15072696/v1/uddi:b85af1c8-a290-42e1-b57f-ac91e5604e1a,경상남도,기초수급
남자,경상남도,기초수급,5등급,172,2019,https://api.odcloud.kr/api/15072696/v1/uddi:b85af1c8-a290-42e1-b57f-ac91e5604e1a,경상남도,기초수급
남자,경상남도,기초수급,등급외,978,2019,https://api.odcloud.kr/api/15072696/v1/uddi:b85af1c8-a290-42e1-b57f-ac91e5604e1a,경상남도,기초수급
여자,경상남도,일반,1등급,847,2019,https://api.odcloud.kr/api/15072696/v1/uddi:b85af1c8-a290-42e1-b57f-ac91e5604e1a,경상남도,일반
여자,경상남도,일반,2등급,1813,2019,https://api.odcloud.kr/api/15072696/v1/uddi:b85af1c8-a290-42e1-b57f-ac91e5604e1a,경상남도,일반
여자,경상남도,일반,3등급,4907,2019,https://api.odcloud.kr/api/15072696/v1/uddi:b85af1c8-a290-42e1-b57f-ac91e5604e1a,경상남도,일반
여자,경상남도,일반,4등급,9973,2019,https://api.odcloud.kr/api/15072696/v1/uddi:b85af1c8-a290-42e1-b57f-ac91e5604e1a,경상남도,일반
여자,경상남도,일반,5등급,2226,2019,https://api.odcloud.kr/api/15072696/v1/uddi:b85af1c8-a290-42e1-b57f-ac91e5604e1a,경상남도,일반
여자,경상남도,일반,등급외,7221,2019,https://api.odcloud.kr/api/15072696/v1/uddi:b85af1c8-a290-42e1-b57f-ac91e5604e1a,경상남도,일반
여자,경상남도,감경,1등급,744,2019,https://api.odcloud.kr/api/15072696/v1/uddi:b85af1c8-a290-42e1-b57f-ac91e5604e1a,경상남도,경감
여자,경상남도,감경,2등급,1711,2019,https://api.odcloud.kr/api/15072696/v1/uddi:b85af1c8-a290-42e1-b57f-ac91e5604e1a,경상남도,경감
여자,경상남도,감경,3등급,4279,2019,https://api.odcloud.kr/api/15072696/v1/uddi:b85af1c8-a290-42e1-b57f-ac91e5604e1a,경상남도,경감
여자,경상남도,감경,4등급,7751,2019,https://api.odcloud.kr/api/15072696/v1/uddi:b85af1c8-a290-42e1-b57f-ac91e5604e1a,경상남도,경감
여자,경상남도,감경,5등급,1661,2019,https://api.odcloud.kr/api/15072696/v1/uddi:b85af1c8-a290-42e1-b57f-ac91e5604e1a,경상남도,경감
여자,경상남도,감경,등급외,312,2019,https://api.odcloud.kr/api/15072696/v1/uddi:b85af1c8-a290-42e1-b57f-ac91e5604e1a,경상남도,경감
여자,경상남도,의료급여,1등급,18,2019,https://api.odcloud.kr/api/15072696/v1/uddi:b85af1c8-a290-42e1-b57f-ac91e5604e1a,경상남도,의료급여
여자,경상남도,의료급여,2등급,55,2019,https://api.odcloud.kr/api/15072696/v1/uddi:b85af1c8-a290-42e1-b57f-ac91e5604e1a,경상남도,의료급여
여자,경상남도,의료급여,3등급,137,2019,https://api.odcloud.kr/api/15072696/v1/uddi:b85af1c8-a290-42e1-b57f-ac91e5604e1a,경상남도,의료급여
여자,경상남도,의료급여,4등급,263,2019,https://api.odcloud.kr/api/15072696/v1/uddi:b85af1c8-a290-42e1-b57f-ac91e5604e1a,경상남도,의료급여
여자,경상남도,의료급여,5등급,58,2019,https://api.odcloud.kr/api/15072696/v1/uddi:b85af1c8-a290-42e1-b57f-ac91e5604e1a,경상남도,의료급여
여자,경상남도,의료급여,등급외,126,2019,https://api.odcloud.kr/api/15072696/v1/uddi:b85af1c8-a290-42e1-b57f-ac91e5604e1a,경상남도,의료급여
여자,경상남도,기초수급,1등급,257,2019,https://api.odcloud.kr/api/15072696/v1/uddi:b85af1c8-a290-42e1-b57f-ac91e5604e1a,경상남도,기초수급
여자,경상남도,기초수급,2등급,587,2019,https://api.odcloud.kr/api/15072696/v1/uddi:b85af1c8-a290-42e1-b57f-ac91e5604e1a,경상남도,기초수급
여자,경상남도,기초수급,3등급,1311,2019,https://api.odcloud.kr/api/15072696/v1/uddi:b85af1c8-a290-42e1-b57f-ac91e5604e1a,경상남도,기초수급
여자,경상남도,기초수급,4등급,2927,2019,https://api.odcloud.kr/api/15072696/v1/uddi:b85af1c8-a290-42e1-b57f-ac91e5604e1a,경상남도,기초수급
여자,경상남도,기초수급,5등급,615,2019,https://api.odcloud.kr/api/15072696/v1/uddi:b85af1c8-a290-42e1-b57f-ac91e5604e1a,경상남도,기초수급
여자,경상남도,기초수급,등급외,2012,2019,https://api.odcloud.kr/api/15072696/v1/uddi:b85af1c8-a290-42e1-b57f-ac91e5604e1a,경상남도,기초수급
남자,제주특별자치도,일반,1등급,97,2019,https://api.odcloud.kr/api/15072696/v1/uddi:b85af1c8-a290-42e1-b57f-ac91e5604e1a,제주특별자치도,일반
남자,제주특별자치도,일반,2등급,173,2019,https://api.odcloud.kr/api/15072696/v1/uddi:b85af1c8-a290-42e1-b57f-ac91e5604e1a,제주특별자치도,일반
남자,제주특별자치도,일반,3등급,393,2019,https://api.odcloud.kr/api/15072696/v1/uddi:b85af1c8-a290-42e1-b57f-ac91e5604e1a,제주특별자치도,일반
남자,제주특별자치도,일반,4등급,425,2019,https://api.odcloud.kr/api/15072696/v1/uddi:b85af1c8-a290-42e1-b57f-ac91e5604e1a,제주특별자치도,일반
남자,제주특별자치도,일반,5등급,108,2019,https://api.odcloud.kr/api/15072696/v1/uddi:b85af1c8-a290-42e1-b57f-ac91e5604e1a,제주특별자치도,일반
남자,제주특별자치도,일반,등급외,305,2019,https://api.odcloud.kr/api/15072696/v1/uddi:b85af1c8-a290-42e1-b57f-ac91e5604e1a,제주특별자치도,일반
남자,제주특별자치도,감경,1등급,49,2019,https://api.odcloud.kr/api/15072696/v1/uddi:b85af1c8-a290-42e1-b57f-ac91e5604e1a,제주특별자치도,경감
남자,제주특별자치도,감경,2등급,95,2019,https://api.odcloud.kr/api/15072696/v1/uddi:b85af1c8-a290-42e1-b57f-ac91e5604e1a,제주특별자치도,경감
남자,제주특별자치도,감경,3등급,218,2019,https://api.odcloud.kr/api/15072696/v1/uddi:b85af1c8-a290-42e1-b57f-ac91e5604e1a,제주특별자치도,경감
남자,제주특별자치도,감경,4등급,241,2019,https://api.odcloud.kr/api/15072696/v1/uddi:b85af1c8-a290-42e1-b57f-ac91e5604e1a,제주특별자치도,경감
남자,제주특별자치도,감경,5등급,74,2019,https://api.odcloud.kr/api/15072696/v1/uddi:b85af1c8-a290-42e1-b57f-ac91e5604e1a,제주특별자치도,경감
남자,제주특별자치도,감경,등급외,12,2019,https://api.odcloud.kr/api/15072696/v1/uddi:b85af1c8-a290-42e1-b57f-ac91e5604e1a,제주특별자치도,경감
남자,제주특별자치도,의료급여,1등급,5,2019,https://api.odcloud.kr/api/15072696/v1/uddi:b85af1c8-a290-42e1-b57f-ac91e5604e1a,제주특별자치도,의료급여
남자,제주특별자치도,의료급여,2등급,5,2019,https://api.odcloud.kr/api/15072696/v1/uddi:b85af1c8-a290-42e1-b57f-ac91e5604e1a,제주특별자치도,의료급여
남자,제주특별자치도,의료급여,3등급,18,2019,https://api.odcloud.kr/api/15072696/v1/uddi:b85af1c8-a290-42e1-b57f-ac91e5604e1a,제주특별자치도,의료급여
남자,제주특별자치도,의료급여,4등급,16,2019,https://api.odcloud.kr/api/15072696/v1/uddi:b85af1c8-a290-42e1-b57f-ac91e5604e1a,제주특별자치도,의료급여
남자,제주특별자치도,의료급여,5등급,4,2019,https://api.odcloud.kr/api/15072696/v1/uddi:b85af1c8-a290-42e1-b57f-ac91e5604e1a,제주특별자치도,의료급여
남자,제주특별자치도,의료급여,등급외,5,2019,https://api.odcloud.kr/api/15072696/v1/uddi:b85af1c8-a290-42e1-b57f-ac91e5604e1a,제주특별자치도,의료급여
남자,제주특별자치도,기초수급,1등급,25,2019,https://api.odcloud.kr/api/15072696/v1/uddi:b85af1c8-a290-42e1-b57f-ac91e5604e1a,제주특별자치도,기초수급
남자,제주특별자치도,기초수급,2등급,48,2019,https://api.odcloud.kr/api/15072696/v1/uddi:b85af1c8-a290-42e1-b57f-ac91e5604e1a,제주특별자치도,기초수급
남자,제주특별자치도,기초수급,3등급,116,2019,https://api.odcloud.kr/api/15072696/v1/uddi:b85af1c8-a290-42e1-b57f-ac91e5604e1a,제주특별자치도,기초수급
남자,제주특별자치도,기초수급,4등급,174,2019,https://api.odcloud.kr/api/15072696/v1/uddi:b85af1c8-a290-42e1-b57f-ac91e5604e1a,제주특별자치도,기초수급
남자,제주특별자치도,기초수급,5등급,25,2019,https://api.odcloud.kr/api/15072696/v1/uddi:b85af1c8-a290-42e1-b57f-ac91e5604e1a,제주특별자치도,기초수급
남자,제주특별자치도,기초수급,등급외,179,2019,https://api.odcloud.kr/api/15072696/v1/uddi:b85af1c8-a290-42e1-b57f-ac91e5604e1a,제주특별자치도,기초수급
여자,제주특별자치도,일반,1등급,278,2019,https://api.odcloud.kr/api/15072696/v1/uddi:b85af1c8-a290-42e1-b57f-ac91e5604e1a,제주특별자치도,일반
여자,제주특별자치도,일반,2등급,441,2019,https://api.odcloud.kr/api/15072696/v1/uddi:b85af1c8-a290-42e1-b57f-ac91e5604e1a,제주특별자치도,일반
여자,제주특별자치도,일반,3등급,960,2019,https://api.odcloud.kr/api/15072696/v1/uddi:b85af1c8-a290-42e1-b57f-ac91e5604e1a,제주특별자치도,일반
여자,제주특별자치도,일반,4등급,1078,2019,https://api.odcloud.kr/api/15072696/v1/uddi:b85af1c8-a290-42e1-b57f-ac91e5604e1a,제주특별자치도,일반
여자,제주특별자치도,일반,5등급,306,2019,https://api.odcloud.kr/api/15072696/v1/uddi:b85af1c8-a290-42e1-b57f-ac91e5604e1a,제주특별자치도,일반
여자,제주특별자치도,일반,등급외,909,2019,https://api.odcloud.kr/api/15072696/v1/uddi:b85af1c8-a290-42e1-b57f-ac91e5604e1a,제주특별자치도,일반
여자,제주특별자치도,감경,1등급,210,2019,https://api.odcloud.kr/api/15072696/v1/uddi:b85af1c8-a290-42e1-b57f-ac91e5604e1a,제주특별자치도,경감
여자,제주특별자치도,감경,2등급,372,2019,https://api.odcloud.kr/api/15072696/v1/uddi:b85af1c8-a290-42e1-b57f-ac91e5604e1a,제주특별자치도,경감
여자,제주특별자치도,감경,3등급,810,2019,https://api.odcloud.kr/api/15072696/v1/uddi:b85af1c8-a290-42e1-b57f-ac91e5604e1a,제주특별자치도,경감
여자,제주특별자치도,감경,4등급,813,2019,https://api.odcloud.kr/api/15072696/v1/uddi:b85af1c8-a290-42e1-b57f-ac91e5604e1a,제주특별자치도,경감
여자,제주특별자치도,감경,5등급,187,2019,https://api.odcloud.kr/api/15072696/v1/uddi:b85af1c8-a290-42e1-b57f-ac91e5604e1a,제주특별자치도,경감
여자,제주특별자치도,감경,등급외,46,2019,https://api.odcloud.kr/api/15072696/v1/uddi:b85af1c8-a290-42e1-b57f-ac91e5604e1a,제주특별자치도,경감
여자,제주특별자치도,의료급여,1등급,10,2019,https://api.odcloud.kr/api/15072696/v1/uddi:b85af1c8-a290-42e1-b57f-ac91e5604e1a,제주특별자치도,의료급여
여자,제주특별자치도,의료급여,2등급,24,2019,https://api.odcloud.kr/api/15072696/v1/uddi:b85af1c8-a290-42e1-b57f-ac91e5604e1a,제주특별자치도,의료급여
여자,제주특별자치도,의료급여,3등급,56,2019,https://api.odcloud.kr/api/15072696/v1/uddi:b85af1c8-a290-42e1-b57f-ac91e5604e1a,제주특별자치도,의료급여
여자,제주특별자치도,의료급여,4등급,38,2019,https://api.odcloud.kr/api/15072696/v1/uddi:b85af1c8-a290-42e1-b57f-ac91e5604e1a,제주특별자치도,의료급여
여자,제주특별자치도,의료급여,5등급,6,2019,https://api.odcloud.kr/api/15072696/v1/uddi:b85af1c8-a290-42e1-b57f-ac91e5604e1a,제주특별자치도,의료급여
여자,제주특별자치도,의료급여,등급외,15,2019,https://api.odcloud.kr/api/15072696/v1/uddi:b85af1c8-a290-42e1-b57f-ac91e5604e1a,제주특별자치도,의료급여
여자,제주특별자치도,기초수급,1등급,115,2019,https://api.odcloud.kr/api/15072696/v1/uddi:b85af1c8-a290-42e1-b57f-ac91e5604e1a,제주특별자치도,기초수급
여자,제주특별자치도,기초수급,2등급,170,2019,https://api.odcloud.kr/api/15072696/v1/uddi:b85af1c8-a290-42e1-b57f-ac91e5604e1a,제주특별자치도,기초수급
여자,제주특별자치도,기초수급,3등급,372,2019,https://api.odcloud.kr/api/15072696/v1/uddi:b85af1c8-a290-42e1-b57f-ac91e5604e1a,제주특별자치도,기초수급
여자,제주특별자치도,기초수급,4등급,477,2019,https://api.odcloud.kr/api/15072696/v1/uddi:b85af1c8-a290-42e1-b57f-ac91e5604e1a,제주특별자치도,기초수급
여자,제주특별자치도,기초수급,5등급,93,2019,https://api.odcloud.kr/api/15072696/v1/uddi:b85af1c8-a290-42e1-b57f-ac91e5604e1a,제주특별자치도,기초수급
여자,제주특별자치도,기초수급,등급외,382,2019,https://api.odcloud.kr/api/15072696/v1/uddi:b85af1c8-a290-42e1-b57f-ac91e5604e1a,제주특별자치도,기초수급
남자,서울특별시,일반,1등급,1685,2020,https://api.odcloud.kr/api/15072696/v1/uddi:872f15c4-7f70-4c68-a8c9-8f22d2f79bcc,서울특별시,일반
남자,서울특별시,일반,2등급,2381,2020,https://api.odcloud.kr/api/15072696/v1/uddi:872f15c4-7f70-4c68-a8c9-8f22d2f79bcc,서울특별시,일반
남자,서울특별시,일반,3등급,6624,2020,https://api.odcloud.kr/api/15072696/v1/uddi:872f15c4-7f70-4c68-a8c9-8f22d2f79bcc,서울특별시,일반
남자,서울특별시,일반,4등급,8078,2020,https://api.odcloud.kr/api/15072696/v1/uddi:872f15c4-7f70-4c68-a8c9-8f22d2f79bcc,서울특별시,일반
남자,서울특별시,일반,5등급,1913,2020,https://api.odcloud.kr/api/15072696/v1/uddi:872f15c4-7f70-4c68-a8c9-8f22d2f79bcc,서울특별시,일반
남자,서울특별시,일반,인지지원등급,487,2020,https://api.odcloud.kr/api/15072696/v1/uddi:872f15c4-7f70-4c68-a8c9-8f22d2f79bcc,서울특별시,일반
남자,서울특별시,일반,등급외,3424,2020,https://api.odcloud.kr/api/15072696/v1/uddi:872f15c4-7f70-4c68-a8c9-8f22d2f79bcc,서울특별시,일반
남자,서울특별시,감경,1등급,571,2020,https://api.odcloud.kr/api/15072696/v1/uddi:872f15c4-7f70-4c68-a8c9-8f22d2f79bcc,서울특별시,감경
남자,서울특별시,감경,2등급,966,2020,https://api.odcloud.kr/api/15072696/v1/uddi:872f15c4-7f70-4c68-a8c9-8f22d2f79bcc,서울특별시,감경
남자,서울특별시,감경,3등급,2884,2020,https://api.odcloud.kr/api/15072696/v1/uddi:872f15c4-7f70-4c68-a8c9-8f22d2f79bcc,서울특별시,감경
남자,서울특별시,감경,4등급,3349,2020,https://api.odcloud.kr/api/15072696/v1/uddi:872f15c4-7f70-4c68-a8c9-8f22d2f79bcc,서울특별시,감경
남자,서울특별시,감경,5등급,768,2020,https://api.odcloud.kr/api/15072696/v1/uddi:872f15c4-7f70-4c68-a8c9-8f22d2f79bcc,서울특별시,감경
남자,서울특별시,감경,인지지원등급,196,2020,https://api.odcloud.kr/api/15072696/v1/uddi:872f15c4-7f70-4c68-a8c9-8f22d2f79bcc,서울특별시,감경
남자,서울특별시,감경,등급외,187,2020,https://api.odcloud.kr/api/15072696/v1/uddi:872f15c4-7f70-4c68-a8c9-8f22d2f79bcc,서울특별시,감경
남자,서울특별시,의료급여,1등급,15,2020,https://api.odcloud.kr/api/15072696/v1/uddi:872f15c4-7f70-4c68-a8c9-8f22d2f79bcc,서울특별시,의료급여
남자,서울특별시,의료급여,2등급,26,2020,https://api.odcloud.kr/api/15072696/v1/uddi:872f15c4-7f70-4c68-a8c9-8f22d2f79bcc,서울특별시,의료급여
남자,서울특별시,의료급여,3등급,81,2020,https://api.odcloud.kr/api/15072696/v1/uddi:872f15c4-7f70-4c68-a8c9-8f22d2f79bcc,서울특별시,의료급여
남자,서울특별시,의료급여,4등급,105,2020,https://api.odcloud.kr/api/15072696/v1/uddi:872f15c4-7f70-4c68-a8c9-8f22d2f79bcc,서울특별시,의료급여
남자,서울특별시,의료급여,5등급,24,2020,https://api.odcloud.kr/api/15072696/v1/uddi:872f15c4-7f70-4c68-a8c9-8f22d2f79bcc,서울특별시,의료급여
남자,서울특별시,의료급여,인지지원등급,3,2020,https://api.odcloud.kr/api/15072696/v1/uddi:872f15c4-7f70-4c68-a8c9-8f22d2f79bcc,서울특별시,의료급여
남자,서울특별시,의료급여,등급외,60,2020,https://api.odcloud.kr/api/15072696/v1/uddi:872f15c4-7f70-4c68-a8c9-8f22d2f79bcc,서울특별시,의료급여
남자,서울특별시,기초수급,1등급,306,2020,https://api.odcloud.kr/api/15072696/v1/uddi:872f15c4-7f70-4c68-a8c9-8f22d2f79bcc,서울특별시,기초수급
남자,서울특별시,기초수급,2등급,458,2020,https://api.odcloud.kr/api/15072696/v1/uddi:872f15c4-7f70-4c68-a8c9-8f22d2f79bcc,서울특별시,기초수급
남자,서울특별시,기초수급,3등급,1343,2020,https://api.odcloud.kr/api/15072696/v1/uddi:872f15c4-7f70-4c68-a8c9-8f22d2f79bcc,서울특별시,기초수급
남자,서울특별시,기초수급,4등급,2460,2020,https://api.odcloud.kr/api/15072696/v1/uddi:872f15c4-7f70-4c68-a8c9-8f22d2f79bcc,서울특별시,기초수급
남자,서울특별시,기초수급,5등급,481,2020,https://api.odcloud.kr/api/15072696/v1/uddi:872f15c4-7f70-4c68-a8c9-8f22d2f79bcc,서울특별시,기초수급
남자,서울특별시,기초수급,인지지원등급,138,2020,https://api.odcloud.kr/api/15072696/v1/uddi:872f15c4-7f70-4c68-a8c9-8f22d2f79bcc,서울특별시,기초수급
남자,서울특별시,기초수급,등급외,1877,2020,https://api.odcloud.kr/api/15072696/v1/uddi:872f15c4-7f70-4c68-a8c9-8f22d2f79bcc,서울특별시,기초수급
여자,서울특별시,일반,1등급,3320,2020,https://api.odcloud.kr/api/15072696/v1/uddi:872f15c4-7f70-4c68-a8c9-8f22d2f79bcc,서울특별시,일반
여자,서울특별시,일반,2등급,5852,2020,https://api.odcloud.kr/api/15072696/v1/uddi:872f15c4-7f70-4c68-a8c9-8f22d2f79bcc,서울특별시,일반
여자,서울특별시,일반,3등급,14059,2020,https://api.odcloud.kr/api/15072696/v1/uddi:872f15c4-7f70-4c68-a8c9-8f22d2f79bcc,서울특별시,일반
여자,서울특별시,일반,4등급,18419,2020,https://api.odcloud.kr/api/15072696/v1/uddi:872f15c4-7f70-4c68-a8c9-8f22d2f79bcc,서울특별시,일반
여자,서울특별시,일반,5등급,4525,2020,https://api.odcloud.kr/api/15072696/v1/uddi:872f15c4-7f70-4c68-a8c9-8f22d2f79bcc,서울특별시,일반
여자,서울특별시,일반,인지지원등급,1111,2020,https://api.odcloud.kr/api/15072696/v1/uddi:872f15c4-7f70-4c68-a8c9-8f22d2f79bcc,서울특별시,일반
여자,서울특별시,일반,등급외,7637,2020,https://api.odcloud.kr/api/15072696/v1/uddi:872f15c4-7f70-4c68-a8c9-8f22d2f79bcc,서울특별시,일반
여자,서울특별시,감경,1등급,1435,2020,https://api.odcloud.kr/api/15072696/v1/uddi:872f15c4-7f70-4c68-a8c9-8f22d2f79bcc,서울특별시,감경
여자,서울특별시,감경,2등급,2962,2020,https://api.odcloud.kr/api/15072696/v1/uddi:872f15c4-7f70-4c68-a8c9-8f22d2f79bcc,서울특별시,감경
여자,서울특별시,감경,3등급,7154,2020,https://api.odcloud.kr/api/15072696/v1/uddi:872f15c4-7f70-4c68-a8c9-8f22d2f79bcc,서울특별시,감경
여자,서울특별시,감경,4등급,8851,2020,https://api.odcloud.kr/api/15072696/v1/uddi:872f15c4-7f70-4c68-a8c9-8f22d2f79bcc,서울특별시,감경
여자,서울특별시,감경,5등급,1856,2020,https://api.odcloud.kr/api/15072696/v1/uddi:872f15c4-7f70-4c68-a8c9-8f22d2f79bcc,서울특별시,감경
여자,서울특별시,감경,인지지원등급,405,2020,https://api.odcloud.kr/api/15072696/v1/uddi:872f15c4-7f70-4c68-a8c9-8f22d2f79bcc,서울특별시,감경
여자,서울특별시,감경,등급외,374,2020,https://api.odcloud.kr/api/15072696/v1/uddi:872f15c4-7f70-4c68-a8c9-8f22d2f79bcc,서울특별시,감경
여자,서울특별시,의료급여,1등급,57,2020,https://api.odcloud.kr/api/15072696/v1/uddi:872f15c4-7f70-4c68-a8c9-8f22d2f79bcc,서울특별시,의료급여
여자,서울특별시,의료급여,2등급,91,2020,https://api.odcloud.kr/api/15072696/v1/uddi:872f15c4-7f70-4c68-a8c9-8f22d2f79bcc,서울특별시,의료급여
여자,서울특별시,의료급여,3등급,228,2020,https://api.odcloud.kr/api/15072696/v1/uddi:872f15c4-7f70-4c68-a8c9-8f22d2f79bcc,서울특별시,의료급여
여자,서울특별시,의료급여,4등급,293,2020,https://api.odcloud.kr/api/15072696/v1/uddi:872f15c4-7f70-4c68-a8c9-8f22d2f79bcc,서울특별시,의료급여
여자,서울특별시,의료급여,5등급,54,2020,https://api.odcloud.kr/api/15072696/v1/uddi:872f15c4-7f70-4c68-a8c9-8f22d2f79bcc,서울특별시,의료급여
여자,서울특별시,의료급여,인지지원등급,13,2020,https://api.odcloud.kr/api/15072696/v1/uddi:872f15c4-7f70-4c68-a8c9-8f22d2f79bcc,서울특별시,의료급여
여자,서울특별시,의료급여,등급외,96,2020,https://api.odcloud.kr/api/15072696/v1/uddi:872f15c4-7f70-4c68-a8c9-8f22d2f79bcc,서울특별시,의료급여
여자,서울특별시,기초수급,1등급,790,2020,https://api.odcloud.kr/api/15072696/v1/uddi:872f15c4-7f70-4c68-a8c9-8f22d2f79bcc,서울특별시,기초수급
여자,서울특별시,기초수급,2등급,1353,2020,https://api.odcloud.kr/api/15072696/v1/uddi:872f15c4-7f70-4c68-a8c9-8f22d2f79bcc,서울특별시,기초수급
여자,서울특별시,기초수급,3등급,3534,2020,https://api.odcloud.kr/api/15072696/v1/uddi:872f15c4-7f70-4c68-a8c9-8f22d2f79bcc,서울특별시,기초수급
여자,서울특별시,기초수급,4등급,6245,2020,https://api.odcloud.kr/api/15072696/v1/uddi:872f15c4-7f70-4c68-a8c9-8f22d2f79bcc,서울특별시,기초수급
여자,서울특별시,기초수급,5등급,1166,2020,https://api.odcloud.kr/api/15072696/v1/uddi:872f15c4-7f70-4c68-a8c9-8f22d2f79bcc,서울특별시,기초수급
여자,서울특별시,기초수급,인지지원등급,267,2020,https://api.odcloud.kr/api/15072696/v1/uddi:872f15c4-7f70-4c68-a8c9-8f22d2f79bcc,서울특별시,기초수급
여자,서울특별시,기초수급,등급외,2939,2020,https://api.odcloud.kr/api/15072696/v1/uddi:872f15c4-7f70-4c68-a8c9-8f22d2f79bcc,서울특별시,기초수급
남자,부산광역시,일반,1등급,417,2020,https://api.odcloud.kr/api/15072696/v1/uddi:872f15c4-7f70-4c68-a8c9-8f22d2f79bcc,부산광역시,일반
남자,부산광역시,일반,2등급,755,2020,https://api.odcloud.kr/api/15072696/v1/uddi:872f15c4-7f70-4c68-a8c9-8f22d2f79bcc,부산광역시,일반
남자,부산광역시,일반,3등급,2413,2020,https://api.odcloud.kr/api/15072696/v1/uddi:872f15c4-7f70-4c68-a8c9-8f22d2f79bcc,부산광역시,일반
남자,부산광역시,일반,4등급,3515,2020,https://api.odcloud.kr/api/15072696/v1/uddi:872f15c4-7f70-4c68-a8c9-8f22d2f79bcc,부산광역시,일반
남자,부산광역시,일반,5등급,638,2020,https://api.odcloud.kr/api/15072696/v1/uddi:872f15c4-7f70-4c68-a8c9-8f22d2f79bcc,부산광역시,일반
남자,부산광역시,일반,인지지원등급,145,2020,https://api.odcloud.kr/api/15072696/v1/uddi:872f15c4-7f70-4c68-a8c9-8f22d2f79bcc,부산광역시,일반
남자,부산광역시,일반,등급외,2092,2020,https://api.odcloud.kr/api/15072696/v1/uddi:872f15c4-7f70-4c68-a8c9-8f22d2f79bcc,부산광역시,일반
남자,부산광역시,감경,1등급,254,2020,https://api.odcloud.kr/api/15072696/v1/uddi:872f15c4-7f70-4c68-a8c9-8f22d2f79bcc,부산광역시,감경
남자,부산광역시,감경,2등급,479,2020,https://api.odcloud.kr/api/15072696/v1/uddi:872f15c4-7f70-4c68-a8c9-8f22d2f79bcc,부산광역시,감경
남자,부산광역시,감경,3등급,1481,2020,https://api.odcloud.kr/api/15072696/v1/uddi:872f15c4-7f70-4c68-a8c9-8f22d2f79bcc,부산광역시,감경
남자,부산광역시,감경,4등급,2142,2020,https://api.odcloud.kr/api/15072696/v1/uddi:872f15c4-7f70-4c68-a8c9-8f22d2f79bcc,부산광역시,감경
남자,부산광역시,감경,5등급,367,2020,https://api.odcloud.kr/api/15072696/v1/uddi:872f15c4-7f70-4c68-a8c9-8f22d2f79bcc,부산광역시,감경
남자,부산광역시,감경,인지지원등급,78,2020,https://api.odcloud.kr/api/15072696/v1/uddi:872f15c4-7f70-4c68-a8c9-8f22d2f79bcc,부산광역시,감경
남자,부산광역시,감경,등급외,93,2020,https://api.odcloud.kr/api/15072696/v1/uddi:872f15c4-7f70-4c68-a8c9-8f22d2f79bcc,부산광역시,감경
남자,부산광역시,의료급여,1등급,9,2020,https://api.odcloud.kr/api/15072696/v1/uddi:872f15c4-7f70-4c68-a8c9-8f22d2f79bcc,부산광역시,의료급여
남자,부산광역시,의료급여,2등급,14,2020,https://api.odcloud.kr/api/15072696/v1/uddi:872f15c4-7f70-4c68-a8c9-8f22d2f79bcc,부산광역시,의료급여
남자,부산광역시,의료급여,3등급,42,2020,https://api.odcloud.kr/api/15072696/v1/uddi:872f15c4-7f70-4c68-a8c9-8f22d2f79bcc,부산광역시,의료급여
남자,부산광역시,의료급여,4등급,74,2020,https://api.odcloud.kr/api/15072696/v1/uddi:872f15c4-7f70-4c68-a8c9-8f22d2f79bcc,부산광역시,의료급여
남자,부산광역시,의료급여,5등급,4,2020,https://api.odcloud.kr/api/15072696/v1/uddi:872f15c4-7f70-4c68-a8c9-8f22d2f79bcc,부산광역시,의료급여
남자,부산광역시,의료급여,인지지원등급,1,2020,https://api.odcloud.kr/api/15072696/v1/uddi:872f15c4-7f70-4c68-a8c9-8f22d2f79bcc,부산광역시,의료급여
남자,부산광역시,의료급여,등급외,23,2020,https://api.odcloud.kr/api/15072696/v1/uddi:872f15c4-7f70-4c68-a8c9-8f22d2f79bcc,부산광역시,의료급여
남자,부산광역시,기초수급,1등급,106,2020,https://api.odcloud.kr/api/15072696/v1/uddi:872f15c4-7f70-4c68-a8c9-8f22d2f79bcc,부산광역시,기초수급
남자,부산광역시,기초수급,2등급,212,2020,https://api.odcloud.kr/api/15072696/v1/uddi:872f15c4-7f70-4c68-a8c9-8f22d2f79bcc,부산광역시,기초수급
남자,부산광역시,기초수급,3등급,769,2020,https://api.odcloud.kr/api/15072696/v1/uddi:872f15c4-7f70-4c68-a8c9-8f22d2f79bcc,부산광역시,기초수급
남자,부산광역시,기초수급,4등급,1630,2020,https://api.odcloud.kr/api/15072696/v1/uddi:872f15c4-7f70-4c68-a8c9-8f22d2f79bcc,부산광역시,기초수급
남자,부산광역시,기초수급,5등급,261,2020,https://api.odcloud.kr/api/15072696/v1/uddi:872f15c4-7f70-4c68-a8c9-8f22d2f79bcc,부산광역시,기초수급
남자,부산광역시,기초수급,인지지원등급,67,2020,https://api.odcloud.kr/api/15072696/v1/uddi:872f15c4-7f70-4c68-a8c9-8f22d2f79bcc,부산광역시,기초수급
남자,부산광역시,기초수급,등급외,1317,2020,https://api.odcloud.kr/api/15072696/v1/uddi:872f15c4-7f70-4c68-a8c9-8f22d2f79bcc,부산광역시,기초수급
여자,부산광역시,일반,1등급,955,2020,https://api.odcloud.kr/api/15072696/v1/uddi:872f15c4-7f70-4c68-a8c9-8f22d2f79bcc,부산광역시,일반
여자,부산광역시,일반,2등급,1708,2020,https://api.odcloud.kr/api/15072696/v1/uddi:872f15c4-7f70-4c68-a8c9-8f22d2f79bcc,부산광역시,일반
여자,부산광역시,일반,3등급,4970,2020,https://api.odcloud.kr/api/15072696/v1/uddi:872f15c4-7f70-4c68-a8c9-8f22d2f79bcc,부산광역시,일반
여자,부산광역시,일반,4등급,8760,2020,https://api.odcloud.kr/api/15072696/v1/uddi:872f15c4-7f70-4c68-a8c9-8f22d2f79bcc,부산광역시,일반
여자,부산광역시,일반,5등급,1668,2020,https://api.odcloud.kr/api/15072696/v1/uddi:872f15c4-7f70-4c68-a8c9-8f22d2f79bcc,부산광역시,일반
여자,부산광역시,일반,인지지원등급,375,2020,https://api.odcloud.kr/api/15072696/v1/uddi:872f15c4-7f70-4c68-a8c9-8f22d2f79bcc,부산광역시,일반
여자,부산광역시,일반,등급외,4804,2020,https://api.odcloud.kr/api/15072696/v1/uddi:872f15c4-7f70-4c68-a8c9-8f22d2f79bcc,부산광역시,일반
여자,부산광역시,감경,1등급,681,2020,https://api.odcloud.kr/api/15072696/v1/uddi:872f15c4-7f70-4c68-a8c9-8f22d2f79bcc,부산광역시,감경
여자,부산광역시,감경,2등급,1312,2020,https://api.odcloud.kr/api/15072696/v1/uddi:872f15c4-7f70-4c68-a8c9-8f22d2f79bcc,부산광역시,감경
여자,부산광역시,감경,3등급,3500,2020,https://api.odcloud.kr/api/15072696/v1/uddi:872f15c4-7f70-4c68-a8c9-8f22d2f79bcc,부산광역시,감경
여자,부산광역시,감경,4등급,5425,2020,https://api.odcloud.kr/api/15072696/v1/uddi:872f15c4-7f70-4c68-a8c9-8f22d2f79bcc,부산광역시,감경
여자,부산광역시,감경,5등급,906,2020,https://api.odcloud.kr/api/15072696/v1/uddi:872f15c4-7f70-4c68-a8c9-8f22d2f79bcc,부산광역시,감경
여자,부산광역시,감경,인지지원등급,201,2020,https://api.odcloud.kr/api/15072696/v1/uddi:872f15c4-7f70-4c68-a8c9-8f22d2f79bcc,부산광역시,감경
여자,부산광역시,감경,등급외,283,2020,https://api.odcloud.kr/api/15072696/v1/uddi:872f15c4-7f70-4c68-a8c9-8f22d2f79bcc,부산광역시,감경
여자,부산광역시,의료급여,1등급,34,2020,https://api.odcloud.kr/api/15072696/v1/uddi:872f15c4-7f70-4c68-a8c9-8f22d2f79bcc,부산광역시,의료급여
여자,부산광역시,의료급여,2등급,38,2020,https://api.odcloud.kr/api/15072696/v1/uddi:872f15c4-7f70-4c68-a8c9-8f22d2f79bcc,부산광역시,의료급여
여자,부산광역시,의료급여,3등급,113,2020,https://api.odcloud.kr/api/15072696/v1/uddi:872f15c4-7f70-4c68-a8c9-8f22d2f79bcc,부산광역시,의료급여
여자,부산광역시,의료급여,4등급,181,2020,https://api.odcloud.kr/api/15072696/v1/uddi:872f15c4-7f70-4c68-a8c9-8f22d2f79bcc,부산광역시,의료급여
여자,부산광역시,의료급여,5등급,30,2020,https://api.odcloud.kr/api/15072696/v1/uddi:872f15c4-7f70-4c68-a8c9-8f22d2f79bcc,부산광역시,의료급여
여자,부산광역시,의료급여,인지지원등급,5,2020,https://api.odcloud.kr/api/15072696/v1/uddi:872f15c4-7f70-4c68-a8c9-8f22d2f79bcc,부산광역시,의료급여
여자,부산광역시,의료급여,등급외,82,2020,https://api.odcloud.kr/api/15072696/v1/uddi:872f15c4-7f70-4c68-a8c9-8f22d2f79bcc,부산광역시,의료급여
여자,부산광역시,기초수급,1등급,334,2020,https://api.odcloud.kr/api/15072696/v1/uddi:872f15c4-7f70-4c68-a8c9-8f22d2f79bcc,부산광역시,기초수급
여자,부산광역시,기초수급,2등급,673,2020,https://api.odcloud.kr/api/15072696/v1/uddi:872f15c4-7f70-4c68-a8c9-8f22d2f79bcc,부산광역시,기초수급
여자,부산광역시,기초수급,3등급,1869,2020,https://api.odcloud.kr/api/15072696/v1/uddi:872f15c4-7f70-4c68-a8c9-8f22d2f79bcc,부산광역시,기초수급
여자,부산광역시,기초수급,4등급,4427,2020,https://api.odcloud.kr/api/15072696/v1/uddi:872f15c4-7f70-4c68-a8c9-8f22d2f79bcc,부산광역시,기초수급
여자,부산광역시,기초수급,5등급,557,2020,https://api.odcloud.kr/api/15072696/v1/uddi:872f15c4-7f70-4c68-a8c9-8f22d2f79bcc,부산광역시,기초수급
여자,부산광역시,기초수급,인지지원등급,117,2020,https://api.odcloud.kr/api/15072696/v1/uddi:872f15c4-7f70-4c68-a8c9-8f22d2f79bcc,부산광역시,기초수급
여자,부산광역시,기초수급,등급외,2241,2020,https://api.odcloud.kr/api/15072696/v1/uddi:872f15c4-7f70-4c68-a8c9-8f22d2f79bcc,부산광역시,기초수급
남자,대구광역시,일반,1등급,224,2020,https://api.odcloud.kr/api/15072696/v1/uddi:872f15c4-7f70-4c68-a8c9-8f22d2f79bcc,대구광역시,일반
남자,대구광역시,일반,2등급,537,2020,https://api.odcloud.kr/api/15072696/v1/uddi:872f15c4-7f70-4c68-a8c9-8f22d2f79bcc,대구광역시,일반
남자,대구광역시,일반,3등급,1545,2020,https://api.odcloud.kr/api/15072696/v1/uddi:872f15c4-7f70-4c68-a8c9-8f22d2f79bcc,대구광역시,일반
남자,대구광역시,일반,4등급,2171,2020,https://api.odcloud.kr/api/15072696/v1/uddi:872f15c4-7f70-4c68-a8c9-8f22d2f79bcc,대구광역시,일반
남자,대구광역시,일반,5등급,648,2020,https://api.odcloud.kr/api/15072696/v1/uddi:872f15c4-7f70-4c68-a8c9-8f22d2f79bcc,대구광역시,일반
남자,대구광역시,일반,인지지원등급,114,2020,https://api.odcloud.kr/api/15072696/v1/uddi:872f15c4-7f70-4c68-a8c9-8f22d2f79bcc,대구광역시,일반
남자,대구광역시,일반,등급외,1168,2020,https://api.odcloud.kr/api/15072696/v1/uddi:872f15c4-7f70-4c68-a8c9-8f22d2f79bcc,대구광역시,일반
남자,대구광역시,감경,1등급,162,2020,https://api.odcloud.kr/api/15072696/v1/uddi:872f15c4-7f70-4c68-a8c9-8f22d2f79bcc,대구광역시,감경
남자,대구광역시,감경,2등급,346,2020,https://api.odcloud.kr/api/15072696/v1/uddi:872f15c4-7f70-4c68-a8c9-8f22d2f79bcc,대구광역시,감경
남자,대구광역시,감경,3등급,936,2020,https://api.odcloud.kr/api/15072696/v1/uddi:872f15c4-7f70-4c68-a8c9-8f22d2f79bcc,대구광역시,감경
남자,대구광역시,감경,4등급,1208,2020,https://api.odcloud.kr/api/15072696/v1/uddi:872f15c4-7f70-4c68-a8c9-8f22d2f79bcc,대구광역시,감경
남자,대구광역시,감경,5등급,307,2020,https://api.odcloud.kr/api/15072696/v1/uddi:872f15c4-7f70-4c68-a8c9-8f22d2f79bcc,대구광역시,감경
남자,대구광역시,감경,인지지원등급,49,2020,https://api.odcloud.kr/api/15072696/v1/uddi:872f15c4-7f70-4c68-a8c9-8f22d2f79bcc,대구광역시,감경
남자,대구광역시,감경,등급외,51,2020,https://api.odcloud.kr/api/15072696/v1/uddi:872f15c4-7f70-4c68-a8c9-8f22d2f79bcc,대구광역시,감경
남자,대구광역시,의료급여,1등급,8,2020,https://api.odcloud.kr/api/15072696/v1/uddi:872f15c4-7f70-4c68-a8c9-8f22d2f79bcc,대구광역시,의료급여
남자,대구광역시,의료급여,2등급,11,2020,https://api.odcloud.kr/api/15072696/v1/uddi:872f15c4-7f70-4c68-a8c9-8f22d2f79bcc,대구광역시,의료급여
남자,대구광역시,의료급여,3등급,49,2020,https://api.odcloud.kr/api/15072696/v1/uddi:872f15c4-7f70-4c68-a8c9-8f22d2f79bcc,대구광역시,의료급여
남자,대구광역시,의료급여,4등급,63,2020,https://api.odcloud.kr/api/15072696/v1/uddi:872f15c4-7f70-4c68-a8c9-8f22d2f79bcc,대구광역시,의료급여
남자,대구광역시,의료급여,5등급,19,2020,https://api.odcloud.kr/api/15072696/v1/uddi:872f15c4-7f70-4c68-a8c9-8f22d2f79bcc,대구광역시,의료급여
남자,대구광역시,의료급여,인지지원등급,1,2020,https://api.odcloud.kr/api/15072696/v1/uddi:872f15c4-7f70-4c68-a8c9-8f22d2f79bcc,대구광역시,의료급여
남자,대구광역시,의료급여,등급외,19,2020,https://api.odcloud.kr/api/15072696/v1/uddi:872f15c4-7f70-4c68-a8c9-8f22d2f79bcc,대구광역시,의료급여
남자,대구광역시,기초수급,1등급,86,2020,https://api.odcloud.kr/api/15072696/v1/uddi:872f15c4-7f70-4c68-a8c9-8f22d2f79bcc,대구광역시,기초수급
남자,대구광역시,기초수급,2등급,178,2020,https://api.odcloud.kr/api/15072696/v1/uddi:872f15c4-7f70-4c68-a8c9-8f22d2f79bcc,대구광역시,기초수급
남자,대구광역시,기초수급,3등급,516,2020,https://api.odcloud.kr/api/15072696/v1/uddi:872f15c4-7f70-4c68-a8c9-8f22d2f79bcc,대구광역시,기초수급
남자,대구광역시,기초수급,4등급,857,2020,https://api.odcloud.kr/api/15072696/v1/uddi:872f15c4-7f70-4c68-a8c9-8f22d2f79bcc,대구광역시,기초수급
남자,대구광역시,기초수급,5등급,255,2020,https://api.odcloud.kr/api/15072696/v1/uddi:872f15c4-7f70-4c68-a8c9-8f22d2f79bcc,대구광역시,기초수급
남자,대구광역시,기초수급,인지지원등급,46,2020,https://api.odcloud.kr/api/15072696/v1/uddi:872f15c4-7f70-4c68-a8c9-8f22d2f79bcc,대구광역시,기초수급
남자,대구광역시,기초수급,등급외,758,2020,https://api.odcloud.kr/api/15072696/v1/uddi:872f15c4-7f70-4c68-a8c9-8f22d2f79bcc,대구광역시,기초수급
여자,대구광역시,일반,1등급,560,2020,https://api.odcloud.kr/api/15072696/v1/uddi:872f15c4-7f70-4c68-a8c9-8f22d2f79bcc,대구광역시,일반
여자,대구광역시,일반,2등급,1281,2020,https://api.odcloud.kr/api/15072696/v1/uddi:872f15c4-7f70-4c68-a8c9-8f22d2f79bcc,대구광역시,일반
여자,대구광역시,일반,3등급,3568,2020,https://api.odcloud.kr/api/15072696/v1/uddi:872f15c4-7f70-4c68-a8c9-8f22d2f79bcc,대구광역시,일반
여자,대구광역시,일반,4등급,5286,2020,https://api.odcloud.kr/api/15072696/v1/uddi:872f15c4-7f70-4c68-a8c9-8f22d2f79bcc,대구광역시,일반
여자,대구광역시,일반,5등급,1597,2020,https://api.odcloud.kr/api/15072696/v1/uddi:872f15c4-7f70-4c68-a8c9-8f22d2f79bcc,대구광역시,일반
여자,대구광역시,일반,인지지원등급,258,2020,https://api.odcloud.kr/api/15072696/v1/uddi:872f15c4-7f70-4c68-a8c9-8f22d2f79bcc,대구광역시,일반
여자,대구광역시,일반,등급외,2770,2020,https://api.odcloud.kr/api/15072696/v1/uddi:872f15c4-7f70-4c68-a8c9-8f22d2f79bcc,대구광역시,일반
여자,대구광역시,감경,1등급,391,2020,https://api.odcloud.kr/api/15072696/v1/uddi:872f15c4-7f70-4c68-a8c9-8f22d2f79bcc,대구광역시,감경
여자,대구광역시,감경,2등급,1032,2020,https://api.odcloud.kr/api/15072696/v1/uddi:872f15c4-7f70-4c68-a8c9-8f22d2f79bcc,대구광역시,감경
여자,대구광역시,감경,3등급,2652,2020,https://api.odcloud.kr/api/15072696/v1/uddi:872f15c4-7f70-4c68-a8c9-8f22d2f79bcc,대구광역시,감경
여자,대구광역시,감경,4등급,3590,2020,https://api.odcloud.kr/api/15072696/v1/uddi:872f15c4-7f70-4c68-a8c9-8f22d2f79bcc,대구광역시,감경
여자,대구광역시,감경,5등급,922,2020,https://api.odcloud.kr/api/15072696/v1/uddi:872f15c4-7f70-4c68-a8c9-8f22d2f79bcc,대구광역시,감경
여자,대구광역시,감경,인지지원등급,129,2020,https://api.odcloud.kr/api/15072696/v1/uddi:872f15c4-7f70-4c68-a8c9-8f22d2f79bcc,대구광역시,감경
여자,대구광역시,감경,등급외,180,2020,https://api.odcloud.kr/api/15072696/v1/uddi:872f15c4-7f70-4c68-a8c9-8f22d2f79bcc,대구광역시,감경
여자,대구광역시,의료급여,1등급,26,2020,https://api.odcloud.kr/api/15072696/v1/uddi:872f15c4-7f70-4c68-a8c9-8f22d2f79bcc,대구광역시,의료급여
여자,대구광역시,의료급여,2등급,51,2020,https://api.odcloud.kr/api/15072696/v1/uddi:872f15c4-7f70-4c68-a8c9-8f22d2f79bcc,대구광역시,의료급여
여자,대구광역시,의료급여,3등급,126,2020,https://api.odcloud.kr/api/15072696/v1/uddi:872f15c4-7f70-4c68-a8c9-8f22d2f79bcc,대구광역시,의료급여
여자,대구광역시,의료급여,4등급,198,2020,https://api.odcloud.kr/api/15072696/v1/uddi:872f15c4-7f70-4c68-a8c9-8f22d2f79bcc,대구광역시,의료급여
여자,대구광역시,의료급여,5등급,58,2020,https://api.odcloud.kr/api/15072696/v1/uddi:872f15c4-7f70-4c68-a8c9-8f22d2f79bcc,대구광역시,의료급여
여자,대구광역시,의료급여,인지지원등급,4,2020,https://api.odcloud.kr/api/15072696/v1/uddi:872f15c4-7f70-4c68-a8c9-8f22d2f79bcc,대구광역시,의료급여
여자,대구광역시,의료급여,등급외,69,2020,https://api.odcloud.kr/api/15072696/v1/uddi:872f15c4-7f70-4c68-a8c9-8f22d2f79bcc,대구광역시,의료급여
여자,대구광역시,기초수급,1등급,243,2020,https://api.odcloud.kr/api/15072696/v1/uddi:872f15c4-7f70-4c68-a8c9-8f22d2f79bcc,대구광역시,기초수급
여자,대구광역시,기초수급,2등급,527,2020,https://api.odcloud.kr/api/15072696/v1/uddi:872f15c4-7f70-4c68-a8c9-8f22d2f79bcc,대구광역시,기초수급
여자,대구광역시,기초수급,3등급,1380,2020,https://api.odcloud.kr/api/15072696/v1/uddi:872f15c4-7f70-4c68-a8c9-8f22d2f79bcc,대구광역시,기초수급
여자,대구광역시,기초수급,4등급,2318,2020,https://api.odcloud.kr/api/15072696/v1/uddi:872f15c4-7f70-4c68-a8c9-8f22d2f79bcc,대구광역시,기초수급
여자,대구광역시,기초수급,5등급,719,2020,https://api.odcloud.kr/api/15072696/v1/uddi:872f15c4-7f70-4c68-a8c9-8f22d2f79bcc,대구광역시,기초수급
여자,대구광역시,기초수급,인지지원등급,80,2020,https://api.odcloud.kr/api/15072696/v1/uddi:872f15c4-7f70-4c68-a8c9-8f22d2f79bcc,대구광역시,기초수급
여자,대구광역시,기초수급,등급외,1198,2020,https://api.odcloud.kr/api/15072696/v1/uddi:872f15c4-7f70-4c68-a8c9-8f22d2f79bcc,대구광역시,기초수급
남자,인천광역시,일반,1등급,284,2020,https://api.odcloud.kr/api/15072696/v1/uddi:872f15c4-7f70-4c68-a8c9-8f22d2f79bcc,인천광역시,일반
남자,인천광역시,일반,2등급,544,2020,https://api.odcloud.kr/api/15072696/v1/uddi:872f15c4-7f70-4c68-a8c9-8f22d2f79bcc,인천광역시,일반
남자,인천광역시,일반,3등급,1778,2020,https://api.odcloud.kr/api/15072696/v1/uddi:872f15c4-7f70-4c68-a8c9-8f22d2f79bcc,인천광역시,일반
남자,인천광역시,일반,4등급,2388,2020,https://api.odcloud.kr/api/15072696/v1/uddi:872f15c4-7f70-4c68-a8c9-8f22d2f79bcc,인천광역시,일반
남자,인천광역시,일반,5등급,466,2020,https://api.odcloud.kr/api/15072696/v1/uddi:872f15c4-7f70-4c68-a8c9-8f22d2f79bcc,인천광역시,일반
남자,인천광역시,일반,인지지원등급,107,2020,https://api.odcloud.kr/api/15072696/v1/uddi:872f15c4-7f70-4c68-a8c9-8f22d2f79bcc,인천광역시,일반
남자,인천광역시,일반,등급외,1202,2020,https://api.odcloud.kr/api/15072696/v1/uddi:872f15c4-7f70-4c68-a8c9-8f22d2f79bcc,인천광역시,일반
남자,인천광역시,감경,1등급,210,2020,https://api.odcloud.kr/api/15072696/v1/uddi:872f15c4-7f70-4c68-a8c9-8f22d2f79bcc,인천광역시,감경
남자,인천광역시,감경,2등급,387,2020,https://api.odcloud.kr/api/15072696/v1/uddi:872f15c4-7f70-4c68-a8c9-8f22d2f79bcc,인천광역시,감경
남자,인천광역시,감경,3등급,1283,2020,https://api.odcloud.kr/api/15072696/v1/uddi:872f15c4-7f70-4c68-a8c9-8f22d2f79bcc,인천광역시,감경
남자,인천광역시,감경,4등급,1796,2020,https://api.odcloud.kr/api/15072696/v1/uddi:872f15c4-7f70-4c68-a8c9-8f22d2f79bcc,인천광역시,감경
남자,인천광역시,감경,5등급,319,2020,https://api.odcloud.kr/api/15072696/v1/uddi:872f15c4-7f70-4c68-a8c9-8f22d2f79bcc,인천광역시,감경
남자,인천광역시,감경,인지지원등급,57,2020,https://api.odcloud.kr/api/15072696/v1/uddi:872f15c4-7f70-4c68-a8c9-8f22d2f79bcc,인천광역시,감경
남자,인천광역시,감경,등급외,63,2020,https://api.odcloud.kr/api/15072696/v1/uddi:872f15c4-7f70-4c68-a8c9-8f22d2f79bcc,인천광역시,감경
남자,인천광역시,의료급여,1등급,7,2020,https://api.odcloud.kr/api/15072696/v1/uddi:872f15c4-7f70-4c68-a8c9-8f22d2f79bcc,인천광역시,의료급여
남자,인천광역시,의료급여,2등급,9,2020,https://api.odcloud.kr/api/15072696/v1/uddi:872f15c4-7f70-4c68-a8c9-8f22d2f79bcc,인천광역시,의료급여
남자,인천광역시,의료급여,3등급,36,2020,https://api.odcloud.kr/api/15072696/v1/uddi:872f15c4-7f70-4c68-a8c9-8f22d2f79bcc,인천광역시,의료급여
남자,인천광역시,의료급여,4등급,73,2020,https://api.odcloud.kr/api/15072696/v1/uddi:872f15c4-7f70-4c68-a8c9-8f22d2f79bcc,인천광역시,의료급여
남자,인천광역시,의료급여,5등급,13,2020,https://api.odcloud.kr/api/15072696/v1/uddi:872f15c4-7f70-4c68-a8c9-8f22d2f79bcc,인천광역시,의료급여
남자,인천광역시,의료급여,인지지원등급,1,2020,https://api.odcloud.kr/api/15072696/v1/uddi:872f15c4-7f70-4c68-a8c9-8f22d2f79bcc,인천광역시,의료급여
남자,인천광역시,의료급여,등급외,28,2020,https://api.odcloud.kr/api/15072696/v1/uddi:872f15c4-7f70-4c68-a8c9-8f22d2f79bcc,인천광역시,의료급여
남자,인천광역시,기초수급,1등급,150,2020,https://api.odcloud.kr/api/15072696/v1/uddi:872f15c4-7f70-4c68-a8c9-8f22d2f79bcc,인천광역시,기초수급
남자,인천광역시,기초수급,2등급,252,2020,https://api.odcloud.kr/api/15072696/v1/uddi:872f15c4-7f70-4c68-a8c9-8f22d2f79bcc,인천광역시,기초수급
남자,인천광역시,기초수급,3등급,846,2020,https://api.odcloud.kr/api/15072696/v1/uddi:872f15c4-7f70-4c68-a8c9-8f22d2f79bcc,인천광역시,기초수급
남자,인천광역시,기초수급,4등급,1556,2020,https://api.odcloud.kr/api/15072696/v1/uddi:872f15c4-7f70-4c68-a8c9-8f22d2f79bcc,인천광역시,기초수급
남자,인천광역시,기초수급,5등급,230,2020,https://api.odcloud.kr/api/15072696/v1/uddi:872f15c4-7f70-4c68-a8c9-8f22d2f79bcc,인천광역시,기초수급
남자,인천광역시,기초수급,인지지원등급,56,2020,https://api.odcloud.kr/api/15072696/v1/uddi:872f15c4-7f70-4c68-a8c9-8f22d2f79bcc,인천광역시,기초수급
남자,인천광역시,기초수급,등급외,830,2020,https://api.odcloud.kr/api/15072696/v1/uddi:872f15c4-7f70-4c68-a8c9-8f22d2f79bcc,인천광역시,기초수급
여자,인천광역시,일반,1등급,672,2020,https://api.odcloud.kr/api/15072696/v1/uddi:872f15c4-7f70-4c68-a8c9-8f22d2f79bcc,인천광역시,일반
여자,인천광역시,일반,2등급,1448,2020,https://api.odcloud.kr/api/15072696/v1/uddi:872f15c4-7f70-4c68-a8c9-8f22d2f79bcc,인천광역시,일반
여자,인천광역시,일반,3등급,4376,2020,https://api.odcloud.kr/api/15072696/v1/uddi:872f15c4-7f70-4c68-a8c9-8f22d2f79bcc,인천광역시,일반
여자,인천광역시,일반,4등급,6361,2020,https://api.odcloud.kr/api/15072696/v1/uddi:872f15c4-7f70-4c68-a8c9-8f22d2f79bcc,인천광역시,일반
여자,인천광역시,일반,5등급,1210,2020,https://api.odcloud.kr/api/15072696/v1/uddi:872f15c4-7f70-4c68-a8c9-8f22d2f79bcc,인천광역시,일반
여자,인천광역시,일반,인지지원등급,241,2020,https://api.odcloud.kr/api/15072696/v1/uddi:872f15c4-7f70-4c68-a8c9-8f22d2f79bcc,인천광역시,일반
여자,인천광역시,일반,등급외,2879,2020,https://api.odcloud.kr/api/15072696/v1/uddi:872f15c4-7f70-4c68-a8c9-8f22d2f79bcc,인천광역시,일반
여자,인천광역시,감경,1등급,549,2020,https://api.odcloud.kr/api/15072696/v1/uddi:872f15c4-7f70-4c68-a8c9-8f22d2f79bcc,인천광역시,감경
여자,인천광역시,감경,2등급,1364,2020,https://api.odcloud.kr/api/15072696/v1/uddi:872f15c4-7f70-4c68-a8c9-8f22d2f79bcc,인천광역시,감경
여자,인천광역시,감경,3등급,3674,2020,https://api.odcloud.kr/api/15072696/v1/uddi:872f15c4-7f70-4c68-a8c9-8f22d2f79bcc,인천광역시,감경
여자,인천광역시,감경,4등급,4795,2020,https://api.odcloud.kr/api/15072696/v1/uddi:872f15c4-7f70-4c68-a8c9-8f22d2f79bcc,인천광역시,감경
여자,인천광역시,감경,5등급,781,2020,https://api.odcloud.kr/api/15072696/v1/uddi:872f15c4-7f70-4c68-a8c9-8f22d2f79bcc,인천광역시,감경
여자,인천광역시,감경,인지지원등급,154,2020,https://api.odcloud.kr/api/15072696/v1/uddi:872f15c4-7f70-4c68-a8c9-8f22d2f79bcc,인천광역시,감경
여자,인천광역시,감경,등급외,130,2020,https://api.odcloud.kr/api/15072696/v1/uddi:872f15c4-7f70-4c68-a8c9-8f22d2f79bcc,인천광역시,감경
여자,인천광역시,의료급여,1등급,21,2020,https://api.odcloud.kr/api/15072696/v1/uddi:872f15c4-7f70-4c68-a8c9-8f22d2f79bcc,인천광역시,의료급여
여자,인천광역시,의료급여,2등급,40,2020,https://api.odcloud.kr/api/15072696/v1/uddi:872f15c4-7f70-4c68-a8c9-8f22d2f79bcc,인천광역시,의료급여
여자,인천광역시,의료급여,3등급,112,2020,https://api.odcloud.kr/api/15072696/v1/uddi:872f15c4-7f70-4c68-a8c9-8f22d2f79bcc,인천광역시,의료급여
여자,인천광역시,의료급여,4등급,163,2020,https://api.odcloud.kr/api/15072696/v1/uddi:872f15c4-7f70-4c68-a8c9-8f22d2f79bcc,인천광역시,의료급여
여자,인천광역시,의료급여,5등급,29,2020,https://api.odcloud.kr/api/15072696/v1/uddi:872f15c4-7f70-4c68-a8c9-8f22d2f79bcc,인천광역시,의료급여
여자,인천광역시,의료급여,인지지원등급,2,2020,https://api.odcloud.kr/api/15072696/v1/uddi:872f15c4-7f70-4c68-a8c9-8f22d2f79bcc,인천광역시,의료급여
여자,인천광역시,의료급여,등급외,48,2020,https://api.odcloud.kr/api/15072696/v1/uddi:872f15c4-7f70-4c68-a8c9-8f22d2f79bcc,인천광역시,의료급여
여자,인천광역시,기초수급,1등급,347,2020,https://api.odcloud.kr/api/15072696/v1/uddi:872f15c4-7f70-4c68-a8c9-8f22d2f79bcc,인천광역시,기초수급
여자,인천광역시,기초수급,2등급,734,2020,https://api.odcloud.kr/api/15072696/v1/uddi:872f15c4-7f70-4c68-a8c9-8f22d2f79bcc,인천광역시,기초수급
여자,인천광역시,기초수급,3등급,1923,2020,https://api.odcloud.kr/api/15072696/v1/uddi:872f15c4-7f70-4c68-a8c9-8f22d2f79bcc,인천광역시,기초수급
여자,인천광역시,기초수급,4등급,3543,2020,https://api.odcloud.kr/api/15072696/v1/uddi:872f15c4-7f70-4c68-a8c9-8f22d2f79bcc,인천광역시,기초수급
여자,인천광역시,기초수급,5등급,546,2020,https://api.odcloud.kr/api/15072696/v1/uddi:872f15c4-7f70-4c68-a8c9-8f22d2f79bcc,인천광역시,기초수급
여자,인천광역시,기초수급,인지지원등급,60,2020,https://api.odcloud.kr/api/15072696/v1/uddi:872f15c4-7f70-4c68-a8c9-8f22d2f79bcc,인천광역시,기초수급
여자,인천광역시,기초수급,등급외,1222,2020,https://api.odcloud.kr/api/15072696/v1/uddi:872f15c4-7f70-4c68-a8c9-8f22d2f79bcc,인천광역시,기초수급
남자,광주광역시,일반,1등급,144,2020,https://api.odcloud.kr/api/15072696/v1/uddi:872f15c4-7f70-4c68-a8c9-8f22d2f79bcc,광주광역시,일반
남자,광주광역시,일반,2등급,249,2020,https://api.odcloud.kr/api/15072696/v1/uddi:872f15c4-7f70-4c68-a8c9-8f22d2f79bcc,광주광역시,일반
남자,광주광역시,일반,3등급,920,2020,https://api.odcloud.kr/api/15072696/v1/uddi:872f15c4-7f70-4c68-a8c9-8f22d2f79bcc,광주광역시,일반
남자,광주광역시,일반,4등급,1538,2020,https://api.odcloud.kr/api/15072696/v1/uddi:872f15c4-7f70-4c68-a8c9-8f22d2f79bcc,광주광역시,일반
남자,광주광역시,일반,5등급,367,2020,https://api.odcloud.kr/api/15072696/v1/uddi:872f15c4-7f70-4c68-a8c9-8f22d2f79bcc,광주광역시,일반
남자,광주광역시,일반,인지지원등급,95,2020,https://api.odcloud.kr/api/15072696/v1/uddi:872f15c4-7f70-4c68-a8c9-8f22d2f79bcc,광주광역시,일반
남자,광주광역시,일반,등급외,1141,2020,https://api.odcloud.kr/api/15072696/v1/uddi:872f15c4-7f70-4c68-a8c9-8f22d2f79bcc,광주광역시,일반
남자,광주광역시,감경,1등급,89,2020,https://api.odcloud.kr/api/15072696/v1/uddi:872f15c4-7f70-4c68-a8c9-8f22d2f79bcc,광주광역시,감경
남자,광주광역시,감경,2등급,128,2020,https://api.odcloud.kr/api/15072696/v1/uddi:872f15c4-7f70-4c68-a8c9-8f22d2f79bcc,광주광역시,감경
남자,광주광역시,감경,3등급,490,2020,https://api.odcloud.kr/api/15072696/v1/uddi:872f15c4-7f70-4c68-a8c9-8f22d2f79bcc,광주광역시,감경
남자,광주광역시,감경,4등급,794,2020,https://api.odcloud.kr/api/15072696/v1/uddi:872f15c4-7f70-4c68-a8c9-8f22d2f79bcc,광주광역시,감경
남자,광주광역시,감경,5등급,167,2020,https://api.odcloud.kr/api/15072696/v1/uddi:872f15c4-7f70-4c68-a8c9-8f22d2f79bcc,광주광역시,감경
남자,광주광역시,감경,인지지원등급,44,2020,https://api.odcloud.kr/api/15072696/v1/uddi:872f15c4-7f70-4c68-a8c9-8f22d2f79bcc,광주광역시,감경
남자,광주광역시,감경,등급외,70,2020,https://api.odcloud.kr/api/15072696/v1/uddi:872f15c4-7f70-4c68-a8c9-8f22d2f79bcc,광주광역시,감경
남자,광주광역시,의료급여,1등급,4,2020,https://api.odcloud.kr/api/15072696/v1/uddi:872f15c4-7f70-4c68-a8c9-8f22d2f79bcc,광주광역시,의료급여
남자,광주광역시,의료급여,2등급,13,2020,https://api.odcloud.kr/api/15072696/v1/uddi:872f15c4-7f70-4c68-a8c9-8f22d2f79bcc,광주광역시,의료급여
남자,광주광역시,의료급여,3등급,31,2020,https://api.odcloud.kr/api/15072696/v1/uddi:872f15c4-7f70-4c68-a8c9-8f22d2f79bcc,광주광역시,의료급여
남자,광주광역시,의료급여,4등급,60,2020,https://api.odcloud.kr/api/15072696/v1/uddi:872f15c4-7f70-4c68-a8c9-8f22d2f79bcc,광주광역시,의료급여
남자,광주광역시,의료급여,5등급,10,2020,https://api.odcloud.kr/api/15072696/v1/uddi:872f15c4-7f70-4c68-a8c9-8f22d2f79bcc,광주광역시,의료급여
남자,광주광역시,의료급여,인지지원등급,6,2020,https://api.odcloud.kr/api/15072696/v1/uddi:872f15c4-7f70-4c68-a8c9-8f22d2f79bcc,광주광역시,의료급여
남자,광주광역시,의료급여,등급외,32,2020,https://api.odcloud.kr/api/15072696/v1/uddi:872f15c4-7f70-4c68-a8c9-8f22d2f79bcc,광주광역시,의료급여
남자,광주광역시,기초수급,1등급,42,2020,https://api.odcloud.kr/api/15072696/v1/uddi:872f15c4-7f70-4c68-a8c9-8f22d2f79bcc,광주광역시,기초수급
남자,광주광역시,기초수급,2등급,56,2020,https://api.odcloud.kr/api/15072696/v1/uddi:872f15c4-7f70-4c68-a8c9-8f22d2f79bcc,광주광역시,기초수급
남자,광주광역시,기초수급,3등급,241,2020,https://api.odcloud.kr/api/15072696/v1/uddi:872f15c4-7f70-4c68-a8c9-8f22d2f79bcc,광주광역시,기초수급
남자,광주광역시,기초수급,4등급,510,2020,https://api.odcloud.kr/api/15072696/v1/uddi:872f15c4-7f70-4c68-a8c9-8f22d2f79bcc,광주광역시,기초수급
남자,광주광역시,기초수급,5등급,121,2020,https://api.odcloud.kr/api/15072696/v1/uddi:872f15c4-7f70-4c68-a8c9-8f22d2f79bcc,광주광역시,기초수급
남자,광주광역시,기초수급,인지지원등급,37,2020,https://api.odcloud.kr/api/15072696/v1/uddi:872f15c4-7f70-4c68-a8c9-8f22d2f79bcc,광주광역시,기초수급
남자,광주광역시,기초수급,등급외,683,2020,https://api.odcloud.kr/api/15072696/v1/uddi:872f15c4-7f70-4c68-a8c9-8f22d2f79bcc,광주광역시,기초수급
여자,광주광역시,일반,1등급,332,2020,https://api.odcloud.kr/api/15072696/v1/uddi:872f15c4-7f70-4c68-a8c9-8f22d2f79bcc,광주광역시,일반
여자,광주광역시,일반,2등급,604,2020,https://api.odcloud.kr/api/15072696/v1/uddi:872f15c4-7f70-4c68-a8c9-8f22d2f79bcc,광주광역시,일반
여자,광주광역시,일반,3등급,1990,2020,https://api.odcloud.kr/api/15072696/v1/uddi:872f15c4-7f70-4c68-a8c9-8f22d2f79bcc,광주광역시,일반
여자,광주광역시,일반,4등급,4059,2020,https://api.odcloud.kr/api/15072696/v1/uddi:872f15c4-7f70-4c68-a8c9-8f22d2f79bcc,광주광역시,일반
여자,광주광역시,일반,5등급,932,2020,https://api.odcloud.kr/api/15072696/v1/uddi:872f15c4-7f70-4c68-a8c9-8f22d2f79bcc,광주광역시,일반
여자,광주광역시,일반,인지지원등급,209,2020,https://api.odcloud.kr/api/15072696/v1/uddi:872f15c4-7f70-4c68-a8c9-8f22d2f79bcc,광주광역시,일반
여자,광주광역시,일반,등급외,3002,2020,https://api.odcloud.kr/api/15072696/v1/uddi:872f15c4-7f70-4c68-a8c9-8f22d2f79bcc,광주광역시,일반
여자,광주광역시,감경,1등급,255,2020,https://api.odcloud.kr/api/15072696/v1/uddi:872f15c4-7f70-4c68-a8c9-8f22d2f79bcc,광주광역시,감경
여자,광주광역시,감경,2등급,437,2020,https://api.odcloud.kr/api/15072696/v1/uddi:872f15c4-7f70-4c68-a8c9-8f22d2f79bcc,광주광역시,감경
여자,광주광역시,감경,3등급,1334,2020,https://api.odcloud.kr/api/15072696/v1/uddi:872f15c4-7f70-4c68-a8c9-8f22d2f79bcc,광주광역시,감경
여자,광주광역시,감경,4등급,2451,2020,https://api.odcloud.kr/api/15072696/v1/uddi:872f15c4-7f70-4c68-a8c9-8f22d2f79bcc,광주광역시,감경
여자,광주광역시,감경,5등급,515,2020,https://api.odcloud.kr/api/15072696/v1/uddi:872f15c4-7f70-4c68-a8c9-8f22d2f79bcc,광주광역시,감경
여자,광주광역시,감경,인지지원등급,117,2020,https://api.odcloud.kr/api/15072696/v1/uddi:872f15c4-7f70-4c68-a8c9-8f22d2f79bcc,광주광역시,감경
여자,광주광역시,감경,등급외,175,2020,https://api.odcloud.kr/api/15072696/v1/uddi:872f15c4-7f70-4c68-a8c9-8f22d2f79bcc,광주광역시,감경
여자,광주광역시,의료급여,1등급,11,2020,https://api.odcloud.kr/api/15072696/v1/uddi:872f15c4-7f70-4c68-a8c9-8f22d2f79bcc,광주광역시,의료급여
여자,광주광역시,의료급여,2등급,19,2020,https://api.odcloud.kr/api/15072696/v1/uddi:872f15c4-7f70-4c68-a8c9-8f22d2f79bcc,광주광역시,의료급여
여자,광주광역시,의료급여,3등급,102,2020,https://api.odcloud.kr/api/15072696/v1/uddi:872f15c4-7f70-4c68-a8c9-8f22d2f79bcc,광주광역시,의료급여
여자,광주광역시,의료급여,4등급,180,2020,https://api.odcloud.kr/api/15072696/v1/uddi:872f15c4-7f70-4c68-a8c9-8f22d2f79bcc,광주광역시,의료급여
여자,광주광역시,의료급여,5등급,40,2020,https://api.odcloud.kr/api/15072696/v1/uddi:872f15c4-7f70-4c68-a8c9-8f22d2f79bcc,광주광역시,의료급여
여자,광주광역시,의료급여,인지지원등급,6,2020,https://api.odcloud.kr/api/15072696/v1/uddi:872f15c4-7f70-4c68-a8c9-8f22d2f79bcc,광주광역시,의료급여
여자,광주광역시,의료급여,등급외,65,2020,https://api.odcloud.kr/api/15072696/v1/uddi:872f15c4-7f70-4c68-a8c9-8f22d2f79bcc,광주광역시,의료급여
여자,광주광역시,기초수급,1등급,94,2020,https://api.odcloud.kr/api/15072696/v1/uddi:872f15c4-7f70-4c68-a8c9-8f22d2f79bcc,광주광역시,기초수급
여자,광주광역시,기초수급,2등급,168,2020,https://api.odcloud.kr/api/15072696/v1/uddi:872f15c4-7f70-4c68-a8c9-8f22d2f79bcc,광주광역시,기초수급
여자,광주광역시,기초수급,3등급,622,2020,https://api.odcloud.kr/api/15072696/v1/uddi:872f15c4-7f70-4c68-a8c9-8f22d2f79bcc,광주광역시,기초수급
여자,광주광역시,기초수급,4등급,1400,2020,https://api.odcloud.kr/api/15072696/v1/uddi:872f15c4-7f70-4c68-a8c9-8f22d2f79bcc,광주광역시,기초수급
여자,광주광역시,기초수급,5등급,398,2020,https://api.odcloud.kr/api/15072696/v1/uddi:872f15c4-7f70-4c68-a8c9-8f22d2f79bcc,광주광역시,기초수급
여자,광주광역시,기초수급,인지지원등급,72,2020,https://api.odcloud.kr/api/15072696/v1/uddi:872f15c4-7f70-4c68-a8c9-8f22d2f79bcc,광주광역시,기초수급
여자,광주광역시,기초수급,등급외,1224,2020,https://api.odcloud.kr/api/15072696/v1/uddi:872f15c4-7f70-4c68-a8c9-8f22d2f79bcc,광주광역시,기초수급
남자,대전광역시,일반,1등급,166,2020,https://api.odcloud.kr/api/15072696/v1/uddi:872f15c4-7f70-4c68-a8c9-8f22d2f79bcc,대전광역시,일반
남자,대전광역시,일반,2등급,236,2020,https://api.odcloud.kr/api/15072696/v1/uddi:872f15c4-7f70-4c68-a8c9-8f22d2f79bcc,대전광역시,일반
남자,대전광역시,일반,3등급,918,2020,https://api.odcloud.kr/api/15072696/v1/uddi:872f15c4-7f70-4c68-a8c9-8f22d2f79bcc,대전광역시,일반
남자,대전광역시,일반,4등급,1498,2020,https://api.odcloud.kr/api/15072696/v1/uddi:872f15c4-7f70-4c68-a8c9-8f22d2f79bcc,대전광역시,일반
남자,대전광역시,일반,5등급,455,2020,https://api.odcloud.kr/api/15072696/v1/uddi:872f15c4-7f70-4c68-a8c9-8f22d2f79bcc,대전광역시,일반
남자,대전광역시,일반,인지지원등급,81,2020,https://api.odcloud.kr/api/15072696/v1/uddi:872f15c4-7f70-4c68-a8c9-8f22d2f79bcc,대전광역시,일반
남자,대전광역시,일반,등급외,822,2020,https://api.odcloud.kr/api/15072696/v1/uddi:872f15c4-7f70-4c68-a8c9-8f22d2f79bcc,대전광역시,일반
남자,대전광역시,감경,1등급,89,2020,https://api.odcloud.kr/api/15072696/v1/uddi:872f15c4-7f70-4c68-a8c9-8f22d2f79bcc,대전광역시,감경
남자,대전광역시,감경,2등급,184,2020,https://api.odcloud.kr/api/15072696/v1/uddi:872f15c4-7f70-4c68-a8c9-8f22d2f79bcc,대전광역시,감경
남자,대전광역시,감경,3등급,540,2020,https://api.odcloud.kr/api/15072696/v1/uddi:872f15c4-7f70-4c68-a8c9-8f22d2f79bcc,대전광역시,감경
남자,대전광역시,감경,4등급,786,2020,https://api.odcloud.kr/api/15072696/v1/uddi:872f15c4-7f70-4c68-a8c9-8f22d2f79bcc,대전광역시,감경
남자,대전광역시,감경,5등급,215,2020,https://api.odcloud.kr/api/15072696/v1/uddi:872f15c4-7f70-4c68-a8c9-8f22d2f79bcc,대전광역시,감경
남자,대전광역시,감경,인지지원등급,36,2020,https://api.odcloud.kr/api/15072696/v1/uddi:872f15c4-7f70-4c68-a8c9-8f22d2f79bcc,대전광역시,감경
남자,대전광역시,감경,등급외,31,2020,https://api.odcloud.kr/api/15072696/v1/uddi:872f15c4-7f70-4c68-a8c9-8f22d2f79bcc,대전광역시,감경
남자,대전광역시,의료급여,1등급,5,2020,https://api.odcloud.kr/api/15072696/v1/uddi:872f15c4-7f70-4c68-a8c9-8f22d2f79bcc,대전광역시,의료급여
남자,대전광역시,의료급여,2등급,7,2020,https://api.odcloud.kr/api/15072696/v1/uddi:872f15c4-7f70-4c68-a8c9-8f22d2f79bcc,대전광역시,의료급여
남자,대전광역시,의료급여,3등급,23,2020,https://api.odcloud.kr/api/15072696/v1/uddi:872f15c4-7f70-4c68-a8c9-8f22d2f79bcc,대전광역시,의료급여
남자,대전광역시,의료급여,4등급,32,2020,https://api.odcloud.kr/api/15072696/v1/uddi:872f15c4-7f70-4c68-a8c9-8f22d2f79bcc,대전광역시,의료급여
남자,대전광역시,의료급여,5등급,9,2020,https://api.odcloud.kr/api/15072696/v1/uddi:872f15c4-7f70-4c68-a8c9-8f22d2f79bcc,대전광역시,의료급여
남자,대전광역시,의료급여,인지지원등급,3,2020,https://api.odcloud.kr/api/15072696/v1/uddi:872f15c4-7f70-4c68-a8c9-8f22d2f79bcc,대전광역시,의료급여
남자,대전광역시,의료급여,등급외,14,2020,https://api.odcloud.kr/api/15072696/v1/uddi:872f15c4-7f70-4c68-a8c9-8f22d2f79bcc,대전광역시,의료급여
남자,대전광역시,기초수급,1등급,36,2020,https://api.odcloud.kr/api/15072696/v1/uddi:872f15c4-7f70-4c68-a8c9-8f22d2f79bcc,대전광역시,기초수급
남자,대전광역시,기초수급,2등급,105,2020,https://api.odcloud.kr/api/15072696/v1/uddi:872f15c4-7f70-4c68-a8c9-8f22d2f79bcc,대전광역시,기초수급
남자,대전광역시,기초수급,3등급,270,2020,https://api.odcloud.kr/api/15072696/v1/uddi:872f15c4-7f70-4c68-a8c9-8f22d2f79bcc,대전광역시,기초수급
남자,대전광역시,기초수급,4등급,563,2020,https://api.odcloud.kr/api/15072696/v1/uddi:872f15c4-7f70-4c68-a8c9-8f22d2f79bcc,대전광역시,기초수급
남자,대전광역시,기초수급,5등급,130,2020,https://api.odcloud.kr/api/15072696/v1/uddi:872f15c4-7f70-4c68-a8c9-8f22d2f79bcc,대전광역시,기초수급
남자,대전광역시,기초수급,인지지원등급,31,2020,https://api.odcloud.kr/api/15072696/v1/uddi:872f15c4-7f70-4c68-a8c9-8f22d2f79bcc,대전광역시,기초수급
남자,대전광역시,기초수급,등급외,514,2020,https://api.odcloud.kr/api/15072696/v1/uddi:872f15c4-7f70-4c68-a8c9-8f22d2f79bcc,대전광역시,기초수급
여자,대전광역시,일반,1등급,375,2020,https://api.odcloud.kr/api/15072696/v1/uddi:872f15c4-7f70-4c68-a8c9-8f22d2f79bcc,대전광역시,일반
여자,대전광역시,일반,2등급,788,2020,https://api.odcloud.kr/api/15072696/v1/uddi:872f15c4-7f70-4c68-a8c9-8f22d2f79bcc,대전광역시,일반
여자,대전광역시,일반,3등급,2143,2020,https://api.odcloud.kr/api/15072696/v1/uddi:872f15c4-7f70-4c68-a8c9-8f22d2f79bcc,대전광역시,일반
여자,대전광역시,일반,4등급,3545,2020,https://api.odcloud.kr/api/15072696/v1/uddi:872f15c4-7f70-4c68-a8c9-8f22d2f79bcc,대전광역시,일반
여자,대전광역시,일반,5등급,1031,2020,https://api.odcloud.kr/api/15072696/v1/uddi:872f15c4-7f70-4c68-a8c9-8f22d2f79bcc,대전광역시,일반
여자,대전광역시,일반,인지지원등급,172,2020,https://api.odcloud.kr/api/15072696/v1/uddi:872f15c4-7f70-4c68-a8c9-8f22d2f79bcc,대전광역시,일반
여자,대전광역시,일반,등급외,1891,2020,https://api.odcloud.kr/api/15072696/v1/uddi:872f15c4-7f70-4c68-a8c9-8f22d2f79bcc,대전광역시,일반
여자,대전광역시,감경,1등급,229,2020,https://api.odcloud.kr/api/15072696/v1/uddi:872f15c4-7f70-4c68-a8c9-8f22d2f79bcc,대전광역시,감경
여자,대전광역시,감경,2등급,563,2020,https://api.odcloud.kr/api/15072696/v1/uddi:872f15c4-7f70-4c68-a8c9-8f22d2f79bcc,대전광역시,감경
여자,대전광역시,감경,3등급,1476,2020,https://api.odcloud.kr/api/15072696/v1/uddi:872f15c4-7f70-4c68-a8c9-8f22d2f79bcc,대전광역시,감경
여자,대전광역시,감경,4등급,2246,2020,https://api.odcloud.kr/api/15072696/v1/uddi:872f15c4-7f70-4c68-a8c9-8f22d2f79bcc,대전광역시,감경
여자,대전광역시,감경,5등급,595,2020,https://api.odcloud.kr/api/15072696/v1/uddi:872f15c4-7f70-4c68-a8c9-8f22d2f79bcc,대전광역시,감경
여자,대전광역시,감경,인지지원등급,83,2020,https://api.odcloud.kr/api/15072696/v1/uddi:872f15c4-7f70-4c68-a8c9-8f22d2f79bcc,대전광역시,감경
여자,대전광역시,감경,등급외,107,2020,https://api.odcloud.kr/api/15072696/v1/uddi:872f15c4-7f70-4c68-a8c9-8f22d2f79bcc,대전광역시,감경
여자,대전광역시,의료급여,1등급,11,2020,https://api.odcloud.kr/api/15072696/v1/uddi:872f15c4-7f70-4c68-a8c9-8f22d2f79bcc,대전광역시,의료급여
여자,대전광역시,의료급여,2등급,28,2020,https://api.odcloud.kr/api/15072696/v1/uddi:872f15c4-7f70-4c68-a8c9-8f22d2f79bcc,대전광역시,의료급여
여자,대전광역시,의료급여,3등급,60,2020,https://api.odcloud.kr/api/15072696/v1/uddi:872f15c4-7f70-4c68-a8c9-8f22d2f79bcc,대전광역시,의료급여
여자,대전광역시,의료급여,4등급,84,2020,https://api.odcloud.kr/api/15072696/v1/uddi:872f15c4-7f70-4c68-a8c9-8f22d2f79bcc,대전광역시,의료급여
여자,대전광역시,의료급여,5등급,28,2020,https://api.odcloud.kr/api/15072696/v1/uddi:872f15c4-7f70-4c68-a8c9-8f22d2f79bcc,대전광역시,의료급여
여자,대전광역시,의료급여,인지지원등급,6,2020,https://api.odcloud.kr/api/15072696/v1/uddi:872f15c4-7f70-4c68-a8c9-8f22d2f79bcc,대전광역시,의료급여
여자,대전광역시,의료급여,등급외,37,2020,https://api.odcloud.kr/api/15072696/v1/uddi:872f15c4-7f70-4c68-a8c9-8f22d2f79bcc,대전광역시,의료급여
여자,대전광역시,기초수급,1등급,137,2020,https://api.odcloud.kr/api/15072696/v1/uddi:872f15c4-7f70-4c68-a8c9-8f22d2f79bcc,대전광역시,기초수급
여자,대전광역시,기초수급,2등급,289,2020,https://api.odcloud.kr/api/15072696/v1/uddi:872f15c4-7f70-4c68-a8c9-8f22d2f79bcc,대전광역시,기초수급
여자,대전광역시,기초수급,3등급,628,2020,https://api.odcloud.kr/api/15072696/v1/uddi:872f15c4-7f70-4c68-a8c9-8f22d2f79bcc,대전광역시,기초수급
여자,대전광역시,기초수급,4등급,1283,2020,https://api.odcloud.kr/api/15072696/v1/uddi:872f15c4-7f70-4c68-a8c9-8f22d2f79bcc,대전광역시,기초수급
여자,대전광역시,기초수급,5등급,308,2020,https://api.odcloud.kr/api/15072696/v1/uddi:872f15c4-7f70-4c68-a8c9-8f22d2f79bcc,대전광역시,기초수급
여자,대전광역시,기초수급,인지지원등급,58,2020,https://api.odcloud.kr/api/15072696/v1/uddi:872f15c4-7f70-4c68-a8c9-8f22d2f79bcc,대전광역시,기초수급
여자,대전광역시,기초수급,등급외,771,2020,https://api.odcloud.kr/api/15072696/v1/uddi:872f15c4-7f70-4c68-a8c9-8f22d2f79bcc,대전광역시,기초수급
남자,울산광역시,일반,1등급,136,2020,https://api.odcloud.kr/api/15072696/v1/uddi:872f15c4-7f70-4c68-a8c9-8f22d2f79bcc,울산광역시,일반
남자,울산광역시,일반,2등급,222,2020,https://api.odcloud.kr/api/15072696/v1/uddi:872f15c4-7f70-4c68-a8c9-8f22d2f79bcc,울산광역시,일반
남자,울산광역시,일반,3등급,696,2020,https://api.odcloud.kr/api/15072696/v1/uddi:872f15c4-7f70-4c68-a8c9-8f22d2f79bcc,울산광역시,일반
남자,울산광역시,일반,4등급,749,2020,https://api.odcloud.kr/api/15072696/v1/uddi:872f15c4-7f70-4c68-a8c9-8f22d2f79bcc,울산광역시,일반
남자,울산광역시,일반,5등급,112,2020,https://api.odcloud.kr/api/15072696/v1/uddi:872f15c4-7f70-4c68-a8c9-8f22d2f79bcc,울산광역시,일반
남자,울산광역시,일반,인지지원등급,22,2020,https://api.odcloud.kr/api/15072696/v1/uddi:872f15c4-7f70-4c68-a8c9-8f22d2f79bcc,울산광역시,일반
남자,울산광역시,일반,등급외,342,2020,https://api.odcloud.kr/api/15072696/v1/uddi:872f15c4-7f70-4c68-a8c9-8f22d2f79bcc,울산광역시,일반
남자,울산광역시,감경,1등급,57,2020,https://api.odcloud.kr/api/15072696/v1/uddi:872f15c4-7f70-4c68-a8c9-8f22d2f79bcc,울산광역시,감경
남자,울산광역시,감경,2등급,83,2020,https://api.odcloud.kr/api/15072696/v1/uddi:872f15c4-7f70-4c68-a8c9-8f22d2f79bcc,울산광역시,감경
남자,울산광역시,감경,3등급,320,2020,https://api.odcloud.kr/api/15072696/v1/uddi:872f15c4-7f70-4c68-a8c9-8f22d2f79bcc,울산광역시,감경
남자,울산광역시,감경,4등급,329,2020,https://api.odcloud.kr/api/15072696/v1/uddi:872f15c4-7f70-4c68-a8c9-8f22d2f79bcc,울산광역시,감경
남자,울산광역시,감경,5등급,53,2020,https://api.odcloud.kr/api/15072696/v1/uddi:872f15c4-7f70-4c68-a8c9-8f22d2f79bcc,울산광역시,감경
남자,울산광역시,감경,인지지원등급,10,2020,https://api.odcloud.kr/api/15072696/v1/uddi:872f15c4-7f70-4c68-a8c9-8f22d2f79bcc,울산광역시,감경
남자,울산광역시,감경,등급외,9,2020,https://api.odcloud.kr/api/15072696/v1/uddi:872f15c4-7f70-4c68-a8c9-8f22d2f79bcc,울산광역시,감경
남자,울산광역시,의료급여,2등급,2,2020,https://api.odcloud.kr/api/15072696/v1/uddi:872f15c4-7f70-4c68-a8c9-8f22d2f79bcc,울산광역시,의료급여
남자,울산광역시,의료급여,3등급,9,2020,https://api.odcloud.kr/api/15072696/v1/uddi:872f15c4-7f70-4c68-a8c9-8f22d2f79bcc,울산광역시,의료급여
남자,울산광역시,의료급여,4등급,12,2020,https://api.odcloud.kr/api/15072696/v1/uddi:872f15c4-7f70-4c68-a8c9-8f22d2f79bcc,울산광역시,의료급여
남자,울산광역시,의료급여,등급외,6,2020,https://api.odcloud.kr/api/15072696/v1/uddi:872f15c4-7f70-4c68-a8c9-8f22d2f79bcc,울산광역시,의료급여
남자,울산광역시,기초수급,1등급,32,2020,https://api.odcloud.kr/api/15072696/v1/uddi:872f15c4-7f70-4c68-a8c9-8f22d2f79bcc,울산광역시,기초수급
남자,울산광역시,기초수급,2등급,56,2020,https://api.odcloud.kr/api/15072696/v1/uddi:872f15c4-7f70-4c68-a8c9-8f22d2f79bcc,울산광역시,기초수급
남자,울산광역시,기초수급,3등급,175,2020,https://api.odcloud.kr/api/15072696/v1/uddi:872f15c4-7f70-4c68-a8c9-8f22d2f79bcc,울산광역시,기초수급
남자,울산광역시,기초수급,4등급,334,2020,https://api.odcloud.kr/api/15072696/v1/uddi:872f15c4-7f70-4c68-a8c9-8f22d2f79bcc,울산광역시,기초수급
남자,울산광역시,기초수급,5등급,45,2020,https://api.odcloud.kr/api/15072696/v1/uddi:872f15c4-7f70-4c68-a8c9-8f22d2f79bcc,울산광역시,기초수급
남자,울산광역시,기초수급,인지지원등급,10,2020,https://api.odcloud.kr/api/15072696/v1/uddi:872f15c4-7f70-4c68-a8c9-8f22d2f79bcc,울산광역시,기초수급
남자,울산광역시,기초수급,등급외,182,2020,https://api.odcloud.kr/api/15072696/v1/uddi:872f15c4-7f70-4c68-a8c9-8f22d2f79bcc,울산광역시,기초수급
여자,울산광역시,일반,1등급,303,2020,https://api.odcloud.kr/api/15072696/v1/uddi:872f15c4-7f70-4c68-a8c9-8f22d2f79bcc,울산광역시,일반
여자,울산광역시,일반,2등급,611,2020,https://api.odcloud.kr/api/15072696/v1/uddi:872f15c4-7f70-4c68-a8c9-8f22d2f79bcc,울산광역시,일반
여자,울산광역시,일반,3등급,1697,2020,https://api.odcloud.kr/api/15072696/v1/uddi:872f15c4-7f70-4c68-a8c9-8f22d2f79bcc,울산광역시,일반
여자,울산광역시,일반,4등급,2260,2020,https://api.odcloud.kr/api/15072696/v1/uddi:872f15c4-7f70-4c68-a8c9-8f22d2f79bcc,울산광역시,일반
여자,울산광역시,일반,5등급,398,2020,https://api.odcloud.kr/api/15072696/v1/uddi:872f15c4-7f70-4c68-a8c9-8f22d2f79bcc,울산광역시,일반
여자,울산광역시,일반,인지지원등급,69,2020,https://api.odcloud.kr/api/15072696/v1/uddi:872f15c4-7f70-4c68-a8c9-8f22d2f79bcc,울산광역시,일반
여자,울산광역시,일반,등급외,768,2020,https://api.odcloud.kr/api/15072696/v1/uddi:872f15c4-7f70-4c68-a8c9-8f22d2f79bcc,울산광역시,일반
여자,울산광역시,감경,1등급,147,2020,https://api.odcloud.kr/api/15072696/v1/uddi:872f15c4-7f70-4c68-a8c9-8f22d2f79bcc,울산광역시,감경
여자,울산광역시,감경,2등급,295,2020,https://api.odcloud.kr/api/15072696/v1/uddi:872f15c4-7f70-4c68-a8c9-8f22d2f79bcc,울산광역시,감경
여자,울산광역시,감경,3등급,776,2020,https://api.odcloud.kr/api/15072696/v1/uddi:872f15c4-7f70-4c68-a8c9-8f22d2f79bcc,울산광역시,감경
여자,울산광역시,감경,4등급,870,2020,https://api.odcloud.kr/api/15072696/v1/uddi:872f15c4-7f70-4c68-a8c9-8f22d2f79bcc,울산광역시,감경
여자,울산광역시,감경,5등급,165,2020,https://api.odcloud.kr/api/15072696/v1/uddi:872f15c4-7f70-4c68-a8c9-8f22d2f79bcc,울산광역시,감경
여자,울산광역시,감경,인지지원등급,23,2020,https://api.odcloud.kr/api/15072696/v1/uddi:872f15c4-7f70-4c68-a8c9-8f22d2f79bcc,울산광역시,감경
여자,울산광역시,감경,등급외,11,2020,https://api.odcloud.kr/api/15072696/v1/uddi:872f15c4-7f70-4c68-a8c9-8f22d2f79bcc,울산광역시,감경
여자,울산광역시,의료급여,1등급,6,2020,https://api.odcloud.kr/api/15072696/v1/uddi:872f15c4-7f70-4c68-a8c9-8f22d2f79bcc,울산광역시,의료급여
여자,울산광역시,의료급여,2등급,12,2020,https://api.odcloud.kr/api/15072696/v1/uddi:872f15c4-7f70-4c68-a8c9-8f22d2f79bcc,울산광역시,의료급여
여자,울산광역시,의료급여,3등급,41,2020,https://api.odcloud.kr/api/15072696/v1/uddi:872f15c4-7f70-4c68-a8c9-8f22d2f79bcc,울산광역시,의료급여
여자,울산광역시,의료급여,4등급,33,2020,https://api.odcloud.kr/api/15072696/v1/uddi:872f15c4-7f70-4c68-a8c9-8f22d2f79bcc,울산광역시,의료급여
여자,울산광역시,의료급여,5등급,13,2020,https://api.odcloud.kr/api/15072696/v1/uddi:872f15c4-7f70-4c68-a8c9-8f22d2f79bcc,울산광역시,의료급여
여자,울산광역시,의료급여,인지지원등급,0,2020,https://api.odcloud.kr/api/15072696/v1/uddi:872f15c4-7f70-4c68-a8c9-8f22d2f79bcc,울산광역시,의료급여
여자,울산광역시,의료급여,등급외,10,2020,https://api.odcloud.kr/api/15072696/v1/uddi:872f15c4-7f70-4c68-a8c9-8f22d2f79bcc,울산광역시,의료급여
여자,울산광역시,기초수급,1등급,59,2020,https://api.odcloud.kr/api/15072696/v1/uddi:872f15c4-7f70-4c68-a8c9-8f22d2f79bcc,울산광역시,기초수급
여자,울산광역시,기초수급,2등급,131,2020,https://api.odcloud.kr/api/15072696/v1/uddi:872f15c4-7f70-4c68-a8c9-8f22d2f79bcc,울산광역시,기초수급
여자,울산광역시,기초수급,3등급,363,2020,https://api.odcloud.kr/api/15072696/v1/uddi:872f15c4-7f70-4c68-a8c9-8f22d2f79bcc,울산광역시,기초수급
여자,울산광역시,기초수급,4등급,712,2020,https://api.odcloud.kr/api/15072696/v1/uddi:872f15c4-7f70-4c68-a8c9-8f22d2f79bcc,울산광역시,기초수급
여자,울산광역시,기초수급,5등급,84,2020,https://api.odcloud.kr/api/15072696/v1/uddi:872f15c4-7f70-4c68-a8c9-8f22d2f79bcc,울산광역시,기초수급
여자,울산광역시,기초수급,인지지원등급,12,2020,https://api.odcloud.kr/api/15072696/v1/uddi:872f15c4-7f70-4c68-a8c9-8f22d2f79bcc,울산광역시,기초수급
여자,울산광역시,기초수급,등급외,276,2020,https://api.odcloud.kr/api/15072696/v1/uddi:872f15c4-7f70-4c68-a8c9-8f22d2f79bcc,울산광역시,기초수급
남자,세종특별자치시,일반,1등급,28,2020,https://api.odcloud.kr/api/15072696/v1/uddi:872f15c4-7f70-4c68-a8c9-8f22d2f79bcc,세종특별자치시,일반
남자,세종특별자치시,일반,2등급,67,2020,https://api.odcloud.kr/api/15072696/v1/uddi:872f15c4-7f70-4c68-a8c9-8f22d2f79bcc,세종특별자치시,일반
남자,세종특별자치시,일반,3등급,193,2020,https://api.odcloud.kr/api/15072696/v1/uddi:872f15c4-7f70-4c68-a8c9-8f22d2f79bcc,세종특별자치시,일반
남자,세종특별자치시,일반,4등급,263,2020,https://api.odcloud.kr/api/15072696/v1/uddi:872f15c4-7f70-4c68-a8c9-8f22d2f79bcc,세종특별자치시,일반
남자,세종특별자치시,일반,5등급,86,2020,https://api.odcloud.kr/api/15072696/v1/uddi:872f15c4-7f70-4c68-a8c9-8f22d2f79bcc,세종특별자치시,일반
남자,세종특별자치시,일반,인지지원등급,19,2020,https://api.odcloud.kr/api/15072696/v1/uddi:872f15c4-7f70-4c68-a8c9-8f22d2f79bcc,세종특별자치시,일반
남자,세종특별자치시,일반,등급외,113,2020,https://api.odcloud.kr/api/15072696/v1/uddi:872f15c4-7f70-4c68-a8c9-8f22d2f79bcc,세종특별자치시,일반
남자,세종특별자치시,감경,1등급,8,2020,https://api.odcloud.kr/api/15072696/v1/uddi:872f15c4-7f70-4c68-a8c9-8f22d2f79bcc,세종특별자치시,감경
남자,세종특별자치시,감경,2등급,26,2020,https://api.odcloud.kr/api/15072696/v1/uddi:872f15c4-7f70-4c68-a8c9-8f22d2f79bcc,세종특별자치시,감경
남자,세종특별자치시,감경,3등급,79,2020,https://api.odcloud.kr/api/15072696/v1/uddi:872f15c4-7f70-4c68-a8c9-8f22d2f79bcc,세종특별자치시,감경
남자,세종특별자치시,감경,4등급,120,2020,https://api.odcloud.kr/api/15072696/v1/uddi:872f15c4-7f70-4c68-a8c9-8f22d2f79bcc,세종특별자치시,감경
남자,세종특별자치시,감경,5등급,30,2020,https://api.odcloud.kr/api/15072696/v1/uddi:872f15c4-7f70-4c68-a8c9-8f22d2f79bcc,세종특별자치시,감경
남자,세종특별자치시,감경,인지지원등급,4,2020,https://api.odcloud.kr/api/15072696/v1/uddi:872f15c4-7f70-4c68-a8c9-8f22d2f79bcc,세종특별자치시,감경
남자,세종특별자치시,감경,등급외,8,2020,https://api.odcloud.kr/api/15072696/v1/uddi:872f15c4-7f70-4c68-a8c9-8f22d2f79bcc,세종특별자치시,감경
남자,세종특별자치시,의료급여,1등급,0,2020,https://api.odcloud.kr/api/15072696/v1/uddi:872f15c4-7f70-4c68-a8c9-8f22d2f79bcc,세종특별자치시,의료급여
남자,세종특별자치시,의료급여,2등급,3,2020,https://api.odcloud.kr/api/15072696/v1/uddi:872f15c4-7f70-4c68-a8c9-8f22d2f79bcc,세종특별자치시,의료급여
남자,세종특별자치시,의료급여,3등급,1,2020,https://api.odcloud.kr/api/15072696/v1/uddi:872f15c4-7f70-4c68-a8c9-8f22d2f79bcc,세종특별자치시,의료급여
남자,세종특별자치시,의료급여,4등급,4,2020,https://api.odcloud.kr/api/15072696/v1/uddi:872f15c4-7f70-4c68-a8c9-8f22d2f79bcc,세종특별자치시,의료급여
남자,세종특별자치시,의료급여,인지지원등급,1,2020,https://api.odcloud.kr/api/15072696/v1/uddi:872f15c4-7f70-4c68-a8c9-8f22d2f79bcc,세종특별자치시,의료급여
남자,세종특별자치시,의료급여,등급외,1,2020,https://api.odcloud.kr/api/15072696/v1/uddi:872f15c4-7f70-4c68-a8c9-8f22d2f79bcc,세종특별자치시,의료급여
남자,세종특별자치시,기초수급,1등급,7,2020,https://api.odcloud.kr/api/15072696/v1/uddi:872f15c4-7f70-4c68-a8c9-8f22d2f79bcc,세종특별자치시,기초수급
남자,세종특별자치시,기초수급,2등급,9,2020,https://api.odcloud.kr/api/15072696/v1/uddi:872f15c4-7f70-4c68-a8c9-8f22d2f79bcc,세종특별자치시,기초수급
남자,세종특별자치시,기초수급,3등급,32,2020,https://api.odcloud.kr/api/15072696/v1/uddi:872f15c4-7f70-4c68-a8c9-8f22d2f79bcc,세종특별자치시,기초수급
남자,세종특별자치시,기초수급,4등급,55,2020,https://api.odcloud.kr/api/15072696/v1/uddi:872f15c4-7f70-4c68-a8c9-8f22d2f79bcc,세종특별자치시,기초수급
남자,세종특별자치시,기초수급,5등급,10,2020,https://api.odcloud.kr/api/15072696/v1/uddi:872f15c4-7f70-4c68-a8c9-8f22d2f79bcc,세종특별자치시,기초수급
남자,세종특별자치시,기초수급,인지지원등급,3,2020,https://api.odcloud.kr/api/15072696/v1/uddi:872f15c4-7f70-4c68-a8c9-8f22d2f79bcc,세종특별자치시,기초수급
남자,세종특별자치시,기초수급,등급외,25,2020,https://api.odcloud.kr/api/15072696/v1/uddi:872f15c4-7f70-4c68-a8c9-8f22d2f79bcc,세종특별자치시,기초수급
여자,세종특별자치시,일반,1등급,79,2020,https://api.odcloud.kr/api/15072696/v1/uddi:872f15c4-7f70-4c68-a8c9-8f22d2f79bcc,세종특별자치시,일반
여자,세종특별자치시,일반,2등급,191,2020,https://api.odcloud.kr/api/15072696/v1/uddi:872f15c4-7f70-4c68-a8c9-8f22d2f79bcc,세종특별자치시,일반
여자,세종특별자치시,일반,3등급,408,2020,https://api.odcloud.kr/api/15072696/v1/uddi:872f15c4-7f70-4c68-a8c9-8f22d2f79bcc,세종특별자치시,일반
여자,세종특별자치시,일반,4등급,686,2020,https://api.odcloud.kr/api/15072696/v1/uddi:872f15c4-7f70-4c68-a8c9-8f22d2f79bcc,세종특별자치시,일반
여자,세종특별자치시,일반,5등급,201,2020,https://api.odcloud.kr/api/15072696/v1/uddi:872f15c4-7f70-4c68-a8c9-8f22d2f79bcc,세종특별자치시,일반
여자,세종특별자치시,일반,인지지원등급,54,2020,https://api.odcloud.kr/api/15072696/v1/uddi:872f15c4-7f70-4c68-a8c9-8f22d2f79bcc,세종특별자치시,일반
여자,세종특별자치시,일반,등급외,281,2020,https://api.odcloud.kr/api/15072696/v1/uddi:872f15c4-7f70-4c68-a8c9-8f22d2f79bcc,세종특별자치시,일반
여자,세종특별자치시,감경,1등급,41,2020,https://api.odcloud.kr/api/15072696/v1/uddi:872f15c4-7f70-4c68-a8c9-8f22d2f79bcc,세종특별자치시,감경
여자,세종특별자치시,감경,2등급,85,2020,https://api.odcloud.kr/api/15072696/v1/uddi:872f15c4-7f70-4c68-a8c9-8f22d2f79bcc,세종특별자치시,감경
여자,세종특별자치시,감경,3등급,222,2020,https://api.odcloud.kr/api/15072696/v1/uddi:872f15c4-7f70-4c68-a8c9-8f22d2f79bcc,세종특별자치시,감경
여자,세종특별자치시,감경,4등급,315,2020,https://api.odcloud.kr/api/15072696/v1/uddi:872f15c4-7f70-4c68-a8c9-8f22d2f79bcc,세종특별자치시,감경
여자,세종특별자치시,감경,5등급,103,2020,https://api.odcloud.kr/api/15072696/v1/uddi:872f15c4-7f70-4c68-a8c9-8f22d2f79bcc,세종특별자치시,감경
여자,세종특별자치시,감경,인지지원등급,12,2020,https://api.odcloud.kr/api/15072696/v1/uddi:872f15c4-7f70-4c68-a8c9-8f22d2f79bcc,세종특별자치시,감경
여자,세종특별자치시,감경,등급외,9,2020,https://api.odcloud.kr/api/15072696/v1/uddi:872f15c4-7f70-4c68-a8c9-8f22d2f79bcc,세종특별자치시,감경
여자,세종특별자치시,의료급여,1등급,0,2020,https://api.odcloud.kr/api/15072696/v1/uddi:872f15c4-7f70-4c68-a8c9-8f22d2f79bcc,세종특별자치시,의료급여
여자,세종특별자치시,의료급여,2등급,2,2020,https://api.odcloud.kr/api/15072696/v1/uddi:872f15c4-7f70-4c68-a8c9-8f22d2f79bcc,세종특별자치시,의료급여
여자,세종특별자치시,의료급여,3등급,10,2020,https://api.odcloud.kr/api/15072696/v1/uddi:872f15c4-7f70-4c68-a8c9-8f22d2f79bcc,세종특별자치시,의료급여
여자,세종특별자치시,의료급여,4등급,8,2020,https://api.odcloud.kr/api/15072696/v1/uddi:872f15c4-7f70-4c68-a8c9-8f22d2f79bcc,세종특별자치시,의료급여
여자,세종특별자치시,의료급여,5등급,4,2020,https://api.odcloud.kr/api/15072696/v1/uddi:872f15c4-7f70-4c68-a8c9-8f22d2f79bcc,세종특별자치시,의료급여
여자,세종특별자치시,의료급여,등급외,6,2020,https://api.odcloud.kr/api/15072696/v1/uddi:872f15c4-7f70-4c68-a8c9-8f22d2f79bcc,세종특별자치시,의료급여
여자,세종특별자치시,기초수급,1등급,10,2020,https://api.odcloud.kr/api/15072696/v1/uddi:872f15c4-7f70-4c68-a8c9-8f22d2f79bcc,세종특별자치시,기초수급
여자,세종특별자치시,기초수급,2등급,22,2020,https://api.odcloud.kr/api/15072696/v1/uddi:872f15c4-7f70-4c68-a8c9-8f22d2f79bcc,세종특별자치시,기초수급
여자,세종특별자치시,기초수급,3등급,62,2020,https://api.odcloud.kr/api/15072696/v1/uddi:872f15c4-7f70-4c68-a8c9-8f22d2f79bcc,세종특별자치시,기초수급
여자,세종특별자치시,기초수급,4등급,122,2020,https://api.odcloud.kr/api/15072696/v1/uddi:872f15c4-7f70-4c68-a8c9-8f22d2f79bcc,세종특별자치시,기초수급
여자,세종특별자치시,기초수급,5등급,23,2020,https://api.odcloud.kr/api/15072696/v1/uddi:872f15c4-7f70-4c68-a8c9-8f22d2f79bcc,세종특별자치시,기초수급
여자,세종특별자치시,기초수급,인지지원등급,5,2020,https://api.odcloud.kr/api/15072696/v1/uddi:872f15c4-7f70-4c68-a8c9-8f22d2f79bcc,세종특별자치시,기초수급
여자,세종특별자치시,기초수급,등급외,60,2020,https://api.odcloud.kr/api/15072696/v1/uddi:872f15c4-7f70-4c68-a8c9-8f22d2f79bcc,세종특별자치시,기초수급
남자,경기도,일반,1등급,1538,2020,https://api.odcloud.kr/api/15072696/v1/uddi:872f15c4-7f70-4c68-a8c9-8f22d2f79bcc,경기도,일반
남자,경기도,일반,2등급,2466,2020,https://api.odcloud.kr/api/15072696/v1/uddi:872f15c4-7f70-4c68-a8c9-8f22d2f79bcc,경기도,일반
남자,경기도,일반,3등급,8213,2020,https://api.odcloud.kr/api/15072696/v1/uddi:872f15c4-7f70-4c68-a8c9-8f22d2f79bcc,경기도,일반
남자,경기도,일반,4등급,10772,2020,https://api.odcloud.kr/api/15072696/v1/uddi:872f15c4-7f70-4c68-a8c9-8f22d2f79bcc,경기도,일반
남자,경기도,일반,5등급,2760,2020,https://api.odcloud.kr/api/15072696/v1/uddi:872f15c4-7f70-4c68-a8c9-8f22d2f79bcc,경기도,일반
남자,경기도,일반,인지지원등급,756,2020,https://api.odcloud.kr/api/15072696/v1/uddi:872f15c4-7f70-4c68-a8c9-8f22d2f79bcc,경기도,일반
남자,경기도,일반,등급외,5483,2020,https://api.odcloud.kr/api/15072696/v1/uddi:872f15c4-7f70-4c68-a8c9-8f22d2f79bcc,경기도,일반
남자,경기도,감경,1등급,806,2020,https://api.odcloud.kr/api/15072696/v1/uddi:872f15c4-7f70-4c68-a8c9-8f22d2f79bcc,경기도,감경
남자,경기도,감경,2등급,1456,2020,https://api.odcloud.kr/api/15072696/v1/uddi:872f15c4-7f70-4c68-a8c9-8f22d2f79bcc,경기도,감경
남자,경기도,감경,3등급,4937,2020,https://api.odcloud.kr/api/15072696/v1/uddi:872f15c4-7f70-4c68-a8c9-8f22d2f79bcc,경기도,감경
남자,경기도,감경,4등급,6202,2020,https://api.odcloud.kr/api/15072696/v1/uddi:872f15c4-7f70-4c68-a8c9-8f22d2f79bcc,경기도,감경
남자,경기도,감경,5등급,1616,2020,https://api.odcloud.kr/api/15072696/v1/uddi:872f15c4-7f70-4c68-a8c9-8f22d2f79bcc,경기도,감경
남자,경기도,감경,인지지원등급,403,2020,https://api.odcloud.kr/api/15072696/v1/uddi:872f15c4-7f70-4c68-a8c9-8f22d2f79bcc,경기도,감경
남자,경기도,감경,등급외,245,2020,https://api.odcloud.kr/api/15072696/v1/uddi:872f15c4-7f70-4c68-a8c9-8f22d2f79bcc,경기도,감경
남자,경기도,의료급여,1등급,16,2020,https://api.odcloud.kr/api/15072696/v1/uddi:872f15c4-7f70-4c68-a8c9-8f22d2f79bcc,경기도,의료급여
남자,경기도,의료급여,2등급,41,2020,https://api.odcloud.kr/api/15072696/v1/uddi:872f15c4-7f70-4c68-a8c9-8f22d2f79bcc,경기도,의료급여
남자,경기도,의료급여,3등급,143,2020,https://api.odcloud.kr/api/15072696/v1/uddi:872f15c4-7f70-4c68-a8c9-8f22d2f79bcc,경기도,의료급여
남자,경기도,의료급여,4등급,215,2020,https://api.odcloud.kr/api/15072696/v1/uddi:872f15c4-7f70-4c68-a8c9-8f22d2f79bcc,경기도,의료급여
남자,경기도,의료급여,5등급,41,2020,https://api.odcloud.kr/api/15072696/v1/uddi:872f15c4-7f70-4c68-a8c9-8f22d2f79bcc,경기도,의료급여
남자,경기도,의료급여,인지지원등급,10,2020,https://api.odcloud.kr/api/15072696/v1/uddi:872f15c4-7f70-4c68-a8c9-8f22d2f79bcc,경기도,의료급여
남자,경기도,의료급여,등급외,70,2020,https://api.odcloud.kr/api/15072696/v1/uddi:872f15c4-7f70-4c68-a8c9-8f22d2f79bcc,경기도,의료급여
남자,경기도,기초수급,1등급,448,2020,https://api.odcloud.kr/api/15072696/v1/uddi:872f15c4-7f70-4c68-a8c9-8f22d2f79bcc,경기도,기초수급
남자,경기도,기초수급,2등급,731,2020,https://api.odcloud.kr/api/15072696/v1/uddi:872f15c4-7f70-4c68-a8c9-8f22d2f79bcc,경기도,기초수급
남자,경기도,기초수급,3등급,2299,2020,https://api.odcloud.kr/api/15072696/v1/uddi:872f15c4-7f70-4c68-a8c9-8f22d2f79bcc,경기도,기초수급
남자,경기도,기초수급,4등급,3817,2020,https://api.odcloud.kr/api/15072696/v1/uddi:872f15c4-7f70-4c68-a8c9-8f22d2f79bcc,경기도,기초수급
남자,경기도,기초수급,5등급,910,2020,https://api.odcloud.kr/api/15072696/v1/uddi:872f15c4-7f70-4c68-a8c9-8f22d2f79bcc,경기도,기초수급
남자,경기도,기초수급,인지지원등급,248,2020,https://api.odcloud.kr/api/15072696/v1/uddi:872f15c4-7f70-4c68-a8c9-8f22d2f79bcc,경기도,기초수급
남자,경기도,기초수급,등급외,2292,2020,https://api.odcloud.kr/api/15072696/v1/uddi:872f15c4-7f70-4c68-a8c9-8f22d2f79bcc,경기도,기초수급
여자,경기도,일반,1등급,3696,2020,https://api.odcloud.kr/api/15072696/v1/uddi:872f15c4-7f70-4c68-a8c9-8f22d2f79bcc,경기도,일반
여자,경기도,일반,2등급,6863,2020,https://api.odcloud.kr/api/15072696/v1/uddi:872f15c4-7f70-4c68-a8c9-8f22d2f79bcc,경기도,일반
여자,경기도,일반,3등급,19351,2020,https://api.odcloud.kr/api/15072696/v1/uddi:872f15c4-7f70-4c68-a8c9-8f22d2f79bcc,경기도,일반
여자,경기도,일반,4등급,26369,2020,https://api.odcloud.kr/api/15072696/v1/uddi:872f15c4-7f70-4c68-a8c9-8f22d2f79bcc,경기도,일반
여자,경기도,일반,5등급,7126,2020,https://api.odcloud.kr/api/15072696/v1/uddi:872f15c4-7f70-4c68-a8c9-8f22d2f79bcc,경기도,일반
여자,경기도,일반,인지지원등급,1849,2020,https://api.odcloud.kr/api/15072696/v1/uddi:872f15c4-7f70-4c68-a8c9-8f22d2f79bcc,경기도,일반
여자,경기도,일반,등급외,12317,2020,https://api.odcloud.kr/api/15072696/v1/uddi:872f15c4-7f70-4c68-a8c9-8f22d2f79bcc,경기도,일반
여자,경기도,감경,1등급,2366,2020,https://api.odcloud.kr/api/15072696/v1/uddi:872f15c4-7f70-4c68-a8c9-8f22d2f79bcc,경기도,감경
여자,경기도,감경,2등급,4840,2020,https://api.odcloud.kr/api/15072696/v1/uddi:872f15c4-7f70-4c68-a8c9-8f22d2f79bcc,경기도,감경
여자,경기도,감경,3등급,13158,2020,https://api.odcloud.kr/api/15072696/v1/uddi:872f15c4-7f70-4c68-a8c9-8f22d2f79bcc,경기도,감경
여자,경기도,감경,4등급,16476,2020,https://api.odcloud.kr/api/15072696/v1/uddi:872f15c4-7f70-4c68-a8c9-8f22d2f79bcc,경기도,감경
여자,경기도,감경,5등급,4107,2020,https://api.odcloud.kr/api/15072696/v1/uddi:872f15c4-7f70-4c68-a8c9-8f22d2f79bcc,경기도,감경
여자,경기도,감경,인지지원등급,920,2020,https://api.odcloud.kr/api/15072696/v1/uddi:872f15c4-7f70-4c68-a8c9-8f22d2f79bcc,경기도,감경
여자,경기도,감경,등급외,535,2020,https://api.odcloud.kr/api/15072696/v1/uddi:872f15c4-7f70-4c68-a8c9-8f22d2f79bcc,경기도,감경
여자,경기도,의료급여,1등급,68,2020,https://api.odcloud.kr/api/15072696/v1/uddi:872f15c4-7f70-4c68-a8c9-8f22d2f79bcc,경기도,의료급여
여자,경기도,의료급여,2등급,155,2020,https://api.odcloud.kr/api/15072696/v1/uddi:872f15c4-7f70-4c68-a8c9-8f22d2f79bcc,경기도,의료급여
여자,경기도,의료급여,3등급,456,2020,https://api.odcloud.kr/api/15072696/v1/uddi:872f15c4-7f70-4c68-a8c9-8f22d2f79bcc,경기도,의료급여
여자,경기도,의료급여,4등급,602,2020,https://api.odcloud.kr/api/15072696/v1/uddi:872f15c4-7f70-4c68-a8c9-8f22d2f79bcc,경기도,의료급여
여자,경기도,의료급여,5등급,124,2020,https://api.odcloud.kr/api/15072696/v1/uddi:872f15c4-7f70-4c68-a8c9-8f22d2f79bcc,경기도,의료급여
여자,경기도,의료급여,인지지원등급,19,2020,https://api.odcloud.kr/api/15072696/v1/uddi:872f15c4-7f70-4c68-a8c9-8f22d2f79bcc,경기도,의료급여
여자,경기도,의료급여,등급외,174,2020,https://api.odcloud.kr/api/15072696/v1/uddi:872f15c4-7f70-4c68-a8c9-8f22d2f79bcc,경기도,의료급여
여자,경기도,기초수급,1등급,1109,2020,https://api.odcloud.kr/api/15072696/v1/uddi:872f15c4-7f70-4c68-a8c9-8f22d2f79bcc,경기도,기초수급
여자,경기도,기초수급,2등급,2094,2020,https://api.odcloud.kr/api/15072696/v1/uddi:872f15c4-7f70-4c68-a8c9-8f22d2f79bcc,경기도,기초수급
여자,경기도,기초수급,3등급,5597,2020,https://api.odcloud.kr/api/15072696/v1/uddi:872f15c4-7f70-4c68-a8c9-8f22d2f79bcc,경기도,기초수급
여자,경기도,기초수급,4등급,8458,2020,https://api.odcloud.kr/api/15072696/v1/uddi:872f15c4-7f70-4c68-a8c9-8f22d2f79bcc,경기도,기초수급
여자,경기도,기초수급,5등급,2005,2020,https://api.odcloud.kr/api/15072696/v1/uddi:872f15c4-7f70-4c68-a8c9-8f22d2f79bcc,경기도,기초수급
여자,경기도,기초수급,인지지원등급,398,2020,https://api.odcloud.kr/api/15072696/v1/uddi:872f15c4-7f70-4c68-a8c9-8f22d2f79bcc,경기도,기초수급
여자,경기도,기초수급,등급외,3854,2020,https://api.odcloud.kr/api/15072696/v1/uddi:872f15c4-7f70-4c68-a8c9-8f22d2f79bcc,경기도,기초수급
남자,강원특별자치도,일반,1등급,282,2020,https://api.odcloud.kr/api/15072696/v1/uddi:872f15c4-7f70-4c68-a8c9-8f22d2f79bcc,강원도,일반
남자,강원특별자치도,일반,2등급,594,2020,https://api.odcloud.kr/api/15072696/v1/uddi:872f15c4-7f70-4c68-a8c9-8f22d2f79bcc,강원도,일반
남자,강원특별자치도,일반,3등급,1467,2020,https://api.odcloud.kr/api/15072696/v1/uddi:872f15c4-7f70-4c68-a8c9-8f22d2f79bcc,강원도,일반
남자,강원특별자치도,일반,4등급,1574,2020,https://api.odcloud.kr/api/15072696/v1/uddi:872f15c4-7f70-4c68-a8c9-8f22d2f79bcc,강원도,일반
남자,강원특별자치도,일반,5등급,326,2020,https://api.odcloud.kr/api/15072696/v1/uddi:872f15c4-7f70-4c68-a8c9-8f22d2f79bcc,강원도,일반
남자,강원특별자치도,일반,인지지원등급,114,2020,https://api.odcloud.kr/api/15072696/v1/uddi:872f15c4-7f70-4c68-a8c9-8f22d2f79bcc,강원도,일반
남자,강원특별자치도,일반,등급외,1217,2020,https://api.odcloud.kr/api/15072696/v1/uddi:872f15c4-7f70-4c68-a8c9-8f22d2f79bcc,강원도,일반
남자,강원특별자치도,감경,1등급,213,2020,https://api.odcloud.kr/api/15072696/v1/uddi:872f15c4-7f70-4c68-a8c9-8f22d2f79bcc,강원도,감경
남자,강원특별자치도,감경,2등급,422,2020,https://api.odcloud.kr/api/15072696/v1/uddi:872f15c4-7f70-4c68-a8c9-8f22d2f79bcc,강원도,감경
남자,강원특별자치도,감경,3등급,1100,2020,https://api.odcloud.kr/api/15072696/v1/uddi:872f15c4-7f70-4c68-a8c9-8f22d2f79bcc,강원도,감경
남자,강원특별자치도,감경,4등급,1166,2020,https://api.odcloud.kr/api/15072696/v1/uddi:872f15c4-7f70-4c68-a8c9-8f22d2f79bcc,강원도,감경
남자,강원특별자치도,감경,5등급,200,2020,https://api.odcloud.kr/api/15072696/v1/uddi:872f15c4-7f70-4c68-a8c9-8f22d2f79bcc,강원도,감경
남자,강원특별자치도,감경,인지지원등급,61,2020,https://api.odcloud.kr/api/15072696/v1/uddi:872f15c4-7f70-4c68-a8c9-8f22d2f79bcc,강원도,감경
남자,강원특별자치도,감경,등급외,73,2020,https://api.odcloud.kr/api/15072696/v1/uddi:872f15c4-7f70-4c68-a8c9-8f22d2f79bcc,강원도,감경
남자,강원특별자치도,의료급여,1등급,14,2020,https://api.odcloud.kr/api/15072696/v1/uddi:872f15c4-7f70-4c68-a8c9-8f22d2f79bcc,강원도,의료급여
남자,강원특별자치도,의료급여,2등급,16,2020,https://api.odcloud.kr/api/15072696/v1/uddi:872f15c4-7f70-4c68-a8c9-8f22d2f79bcc,강원도,의료급여
남자,강원특별자치도,의료급여,3등급,44,2020,https://api.odcloud.kr/api/15072696/v1/uddi:872f15c4-7f70-4c68-a8c9-8f22d2f79bcc,강원도,의료급여
남자,강원특별자치도,의료급여,4등급,44,2020,https://api.odcloud.kr/api/15072696/v1/uddi:872f15c4-7f70-4c68-a8c9-8f22d2f79bcc,강원도,의료급여
남자,강원특별자치도,의료급여,5등급,9,2020,https://api.odcloud.kr/api/15072696/v1/uddi:872f15c4-7f70-4c68-a8c9-8f22d2f79bcc,강원도,의료급여
남자,강원특별자치도,의료급여,인지지원등급,0,2020,https://api.odcloud.kr/api/15072696/v1/uddi:872f15c4-7f70-4c68-a8c9-8f22d2f79bcc,강원도,의료급여
남자,강원특별자치도,의료급여,등급외,18,2020,https://api.odcloud.kr/api/15072696/v1/uddi:872f15c4-7f70-4c68-a8c9-8f22d2f79bcc,강원도,의료급여
남자,강원특별자치도,기초수급,1등급,159,2020,https://api.odcloud.kr/api/15072696/v1/uddi:872f15c4-7f70-4c68-a8c9-8f22d2f79bcc,강원도,기초수급
남자,강원특별자치도,기초수급,2등급,227,2020,https://api.odcloud.kr/api/15072696/v1/uddi:872f15c4-7f70-4c68-a8c9-8f22d2f79bcc,강원도,기초수급
남자,강원특별자치도,기초수급,3등급,623,2020,https://api.odcloud.kr/api/15072696/v1/uddi:872f15c4-7f70-4c68-a8c9-8f22d2f79bcc,강원도,기초수급
남자,강원특별자치도,기초수급,4등급,786,2020,https://api.odcloud.kr/api/15072696/v1/uddi:872f15c4-7f70-4c68-a8c9-8f22d2f79bcc,강원도,기초수급
남자,강원특별자치도,기초수급,5등급,103,2020,https://api.odcloud.kr/api/15072696/v1/uddi:872f15c4-7f70-4c68-a8c9-8f22d2f79bcc,강원도,기초수급
남자,강원특별자치도,기초수급,인지지원등급,48,2020,https://api.odcloud.kr/api/15072696/v1/uddi:872f15c4-7f70-4c68-a8c9-8f22d2f79bcc,강원도,기초수급
남자,강원특별자치도,기초수급,등급외,600,2020,https://api.odcloud.kr/api/15072696/v1/uddi:872f15c4-7f70-4c68-a8c9-8f22d2f79bcc,강원도,기초수급
여자,강원특별자치도,일반,1등급,660,2020,https://api.odcloud.kr/api/15072696/v1/uddi:872f15c4-7f70-4c68-a8c9-8f22d2f79bcc,강원도,일반
여자,강원특별자치도,일반,2등급,1386,2020,https://api.odcloud.kr/api/15072696/v1/uddi:872f15c4-7f70-4c68-a8c9-8f22d2f79bcc,강원도,일반
여자,강원특별자치도,일반,3등급,3260,2020,https://api.odcloud.kr/api/15072696/v1/uddi:872f15c4-7f70-4c68-a8c9-8f22d2f79bcc,강원도,일반
여자,강원특별자치도,일반,4등급,3967,2020,https://api.odcloud.kr/api/15072696/v1/uddi:872f15c4-7f70-4c68-a8c9-8f22d2f79bcc,강원도,일반
여자,강원특별자치도,일반,5등급,845,2020,https://api.odcloud.kr/api/15072696/v1/uddi:872f15c4-7f70-4c68-a8c9-8f22d2f79bcc,강원도,일반
여자,강원특별자치도,일반,인지지원등급,243,2020,https://api.odcloud.kr/api/15072696/v1/uddi:872f15c4-7f70-4c68-a8c9-8f22d2f79bcc,강원도,일반
여자,강원특별자치도,일반,등급외,2631,2020,https://api.odcloud.kr/api/15072696/v1/uddi:872f15c4-7f70-4c68-a8c9-8f22d2f79bcc,강원도,일반
여자,강원특별자치도,감경,1등급,670,2020,https://api.odcloud.kr/api/15072696/v1/uddi:872f15c4-7f70-4c68-a8c9-8f22d2f79bcc,강원도,감경
여자,강원특별자치도,감경,2등급,1329,2020,https://api.odcloud.kr/api/15072696/v1/uddi:872f15c4-7f70-4c68-a8c9-8f22d2f79bcc,강원도,감경
여자,강원특별자치도,감경,3등급,3100,2020,https://api.odcloud.kr/api/15072696/v1/uddi:872f15c4-7f70-4c68-a8c9-8f22d2f79bcc,강원도,감경
여자,강원특별자치도,감경,4등급,3354,2020,https://api.odcloud.kr/api/15072696/v1/uddi:872f15c4-7f70-4c68-a8c9-8f22d2f79bcc,강원도,감경
여자,강원특별자치도,감경,5등급,641,2020,https://api.odcloud.kr/api/15072696/v1/uddi:872f15c4-7f70-4c68-a8c9-8f22d2f79bcc,강원도,감경
여자,강원특별자치도,감경,인지지원등급,152,2020,https://api.odcloud.kr/api/15072696/v1/uddi:872f15c4-7f70-4c68-a8c9-8f22d2f79bcc,강원도,감경
여자,강원특별자치도,감경,등급외,168,2020,https://api.odcloud.kr/api/15072696/v1/uddi:872f15c4-7f70-4c68-a8c9-8f22d2f79bcc,강원도,감경
여자,강원특별자치도,의료급여,1등급,20,2020,https://api.odcloud.kr/api/15072696/v1/uddi:872f15c4-7f70-4c68-a8c9-8f22d2f79bcc,강원도,의료급여
여자,강원특별자치도,의료급여,2등급,60,2020,https://api.odcloud.kr/api/15072696/v1/uddi:872f15c4-7f70-4c68-a8c9-8f22d2f79bcc,강원도,의료급여
여자,강원특별자치도,의료급여,3등급,141,2020,https://api.odcloud.kr/api/15072696/v1/uddi:872f15c4-7f70-4c68-a8c9-8f22d2f79bcc,강원도,의료급여
여자,강원특별자치도,의료급여,4등급,157,2020,https://api.odcloud.kr/api/15072696/v1/uddi:872f15c4-7f70-4c68-a8c9-8f22d2f79bcc,강원도,의료급여
여자,강원특별자치도,의료급여,5등급,34,2020,https://api.odcloud.kr/api/15072696/v1/uddi:872f15c4-7f70-4c68-a8c9-8f22d2f79bcc,강원도,의료급여
여자,강원특별자치도,의료급여,인지지원등급,11,2020,https://api.odcloud.kr/api/15072696/v1/uddi:872f15c4-7f70-4c68-a8c9-8f22d2f79bcc,강원도,의료급여
여자,강원특별자치도,의료급여,등급외,66,2020,https://api.odcloud.kr/api/15072696/v1/uddi:872f15c4-7f70-4c68-a8c9-8f22d2f79bcc,강원도,의료급여
여자,강원특별자치도,기초수급,1등급,340,2020,https://api.odcloud.kr/api/15072696/v1/uddi:872f15c4-7f70-4c68-a8c9-8f22d2f79bcc,강원도,기초수급
여자,강원특별자치도,기초수급,2등급,602,2020,https://api.odcloud.kr/api/15072696/v1/uddi:872f15c4-7f70-4c68-a8c9-8f22d2f79bcc,강원도,기초수급
여자,강원특별자치도,기초수급,3등급,1363,2020,https://api.odcloud.kr/api/15072696/v1/uddi:872f15c4-7f70-4c68-a8c9-8f22d2f79bcc,강원도,기초수급
여자,강원특별자치도,기초수급,4등급,1740,2020,https://api.odcloud.kr/api/15072696/v1/uddi:872f15c4-7f70-4c68-a8c9-8f22d2f79bcc,강원도,기초수급
여자,강원특별자치도,기초수급,5등급,277,2020,https://api.odcloud.kr/api/15072696/v1/uddi:872f15c4-7f70-4c68-a8c9-8f22d2f79bcc,강원도,기초수급
여자,강원특별자치도,기초수급,인지지원등급,86,2020,https://api.odcloud.kr/api/15072696/v1/uddi:872f15c4-7f70-4c68-a8c9-8f22d2f79bcc,강원도,기초수급
여자,강원특별자치도,기초수급,등급외,1015,2020,https://api.odcloud.kr/api/15072696/v1/uddi:872f15c4-7f70-4c68-a8c9-8f22d2f79bcc,강원도,기초수급
남자,충청북도,일반,1등급,175,2020,https://api.odcloud.kr/api/15072696/v1/uddi:872f15c4-7f70-4c68-a8c9-8f22d2f79bcc,충청북도,일반
남자,충청북도,일반,2등급,454,2020,https://api.odcloud.kr/api/15072696/v1/uddi:872f15c4-7f70-4c68-a8c9-8f22d2f79bcc,충청북도,일반
남자,충청북도,일반,3등급,1273,2020,https://api.odcloud.kr/api/15072696/v1/uddi:872f15c4-7f70-4c68-a8c9-8f22d2f79bcc,충청북도,일반
남자,충청북도,일반,4등급,1775,2020,https://api.odcloud.kr/api/15072696/v1/uddi:872f15c4-7f70-4c68-a8c9-8f22d2f79bcc,충청북도,일반
남자,충청북도,일반,5등급,558,2020,https://api.odcloud.kr/api/15072696/v1/uddi:872f15c4-7f70-4c68-a8c9-8f22d2f79bcc,충청북도,일반
남자,충청북도,일반,인지지원등급,123,2020,https://api.odcloud.kr/api/15072696/v1/uddi:872f15c4-7f70-4c68-a8c9-8f22d2f79bcc,충청북도,일반
남자,충청북도,일반,등급외,1081,2020,https://api.odcloud.kr/api/15072696/v1/uddi:872f15c4-7f70-4c68-a8c9-8f22d2f79bcc,충청북도,일반
남자,충청북도,감경,1등급,134,2020,https://api.odcloud.kr/api/15072696/v1/uddi:872f15c4-7f70-4c68-a8c9-8f22d2f79bcc,충청북도,감경
남자,충청북도,감경,2등급,329,2020,https://api.odcloud.kr/api/15072696/v1/uddi:872f15c4-7f70-4c68-a8c9-8f22d2f79bcc,충청북도,감경
남자,충청북도,감경,3등급,870,2020,https://api.odcloud.kr/api/15072696/v1/uddi:872f15c4-7f70-4c68-a8c9-8f22d2f79bcc,충청북도,감경
남자,충청북도,감경,4등급,1213,2020,https://api.odcloud.kr/api/15072696/v1/uddi:872f15c4-7f70-4c68-a8c9-8f22d2f79bcc,충청북도,감경
남자,충청북도,감경,5등급,316,2020,https://api.odcloud.kr/api/15072696/v1/uddi:872f15c4-7f70-4c68-a8c9-8f22d2f79bcc,충청북도,감경
남자,충청북도,감경,인지지원등급,73,2020,https://api.odcloud.kr/api/15072696/v1/uddi:872f15c4-7f70-4c68-a8c9-8f22d2f79bcc,충청북도,감경
남자,충청북도,감경,등급외,41,2020,https://api.odcloud.kr/api/15072696/v1/uddi:872f15c4-7f70-4c68-a8c9-8f22d2f79bcc,충청북도,감경
남자,충청북도,의료급여,1등급,7,2020,https://api.odcloud.kr/api/15072696/v1/uddi:872f15c4-7f70-4c68-a8c9-8f22d2f79bcc,충청북도,의료급여
남자,충청북도,의료급여,2등급,21,2020,https://api.odcloud.kr/api/15072696/v1/uddi:872f15c4-7f70-4c68-a8c9-8f22d2f79bcc,충청북도,의료급여
남자,충청북도,의료급여,3등급,29,2020,https://api.odcloud.kr/api/15072696/v1/uddi:872f15c4-7f70-4c68-a8c9-8f22d2f79bcc,충청북도,의료급여
남자,충청북도,의료급여,4등급,56,2020,https://api.odcloud.kr/api/15072696/v1/uddi:872f15c4-7f70-4c68-a8c9-8f22d2f79bcc,충청북도,의료급여
남자,충청북도,의료급여,5등급,11,2020,https://api.odcloud.kr/api/15072696/v1/uddi:872f15c4-7f70-4c68-a8c9-8f22d2f79bcc,충청북도,의료급여
남자,충청북도,의료급여,인지지원등급,5,2020,https://api.odcloud.kr/api/15072696/v1/uddi:872f15c4-7f70-4c68-a8c9-8f22d2f79bcc,충청북도,의료급여
남자,충청북도,의료급여,등급외,19,2020,https://api.odcloud.kr/api/15072696/v1/uddi:872f15c4-7f70-4c68-a8c9-8f22d2f79bcc,충청북도,의료급여
남자,충청북도,기초수급,1등급,115,2020,https://api.odcloud.kr/api/15072696/v1/uddi:872f15c4-7f70-4c68-a8c9-8f22d2f79bcc,충청북도,기초수급
남자,충청북도,기초수급,2등급,163,2020,https://api.odcloud.kr/api/15072696/v1/uddi:872f15c4-7f70-4c68-a8c9-8f22d2f79bcc,충청북도,기초수급
남자,충청북도,기초수급,3등급,395,2020,https://api.odcloud.kr/api/15072696/v1/uddi:872f15c4-7f70-4c68-a8c9-8f22d2f79bcc,충청북도,기초수급
남자,충청북도,기초수급,4등급,643,2020,https://api.odcloud.kr/api/15072696/v1/uddi:872f15c4-7f70-4c68-a8c9-8f22d2f79bcc,충청북도,기초수급
남자,충청북도,기초수급,5등급,156,2020,https://api.odcloud.kr/api/15072696/v1/uddi:872f15c4-7f70-4c68-a8c9-8f22d2f79bcc,충청북도,기초수급
남자,충청북도,기초수급,인지지원등급,49,2020,https://api.odcloud.kr/api/15072696/v1/uddi:872f15c4-7f70-4c68-a8c9-8f22d2f79bcc,충청북도,기초수급
남자,충청북도,기초수급,등급외,459,2020,https://api.odcloud.kr/api/15072696/v1/uddi:872f15c4-7f70-4c68-a8c9-8f22d2f79bcc,충청북도,기초수급
여자,충청북도,일반,1등급,469,2020,https://api.odcloud.kr/api/15072696/v1/uddi:872f15c4-7f70-4c68-a8c9-8f22d2f79bcc,충청북도,일반
여자,충청북도,일반,2등급,1289,2020,https://api.odcloud.kr/api/15072696/v1/uddi:872f15c4-7f70-4c68-a8c9-8f22d2f79bcc,충청북도,일반
여자,충청북도,일반,3등급,3113,2020,https://api.odcloud.kr/api/15072696/v1/uddi:872f15c4-7f70-4c68-a8c9-8f22d2f79bcc,충청북도,일반
여자,충청북도,일반,4등급,4760,2020,https://api.odcloud.kr/api/15072696/v1/uddi:872f15c4-7f70-4c68-a8c9-8f22d2f79bcc,충청북도,일반
여자,충청북도,일반,5등급,1372,2020,https://api.odcloud.kr/api/15072696/v1/uddi:872f15c4-7f70-4c68-a8c9-8f22d2f79bcc,충청북도,일반
여자,충청북도,일반,인지지원등급,306,2020,https://api.odcloud.kr/api/15072696/v1/uddi:872f15c4-7f70-4c68-a8c9-8f22d2f79bcc,충청북도,일반
여자,충청북도,일반,등급외,2306,2020,https://api.odcloud.kr/api/15072696/v1/uddi:872f15c4-7f70-4c68-a8c9-8f22d2f79bcc,충청북도,일반
여자,충청북도,감경,1등급,428,2020,https://api.odcloud.kr/api/15072696/v1/uddi:872f15c4-7f70-4c68-a8c9-8f22d2f79bcc,충청북도,감경
여자,충청북도,감경,2등급,1169,2020,https://api.odcloud.kr/api/15072696/v1/uddi:872f15c4-7f70-4c68-a8c9-8f22d2f79bcc,충청북도,감경
여자,충청북도,감경,3등급,2703,2020,https://api.odcloud.kr/api/15072696/v1/uddi:872f15c4-7f70-4c68-a8c9-8f22d2f79bcc,충청북도,감경
여자,충청북도,감경,4등급,3670,2020,https://api.odcloud.kr/api/15072696/v1/uddi:872f15c4-7f70-4c68-a8c9-8f22d2f79bcc,충청북도,감경
여자,충청북도,감경,5등급,921,2020,https://api.odcloud.kr/api/15072696/v1/uddi:872f15c4-7f70-4c68-a8c9-8f22d2f79bcc,충청북도,감경
여자,충청북도,감경,인지지원등급,190,2020,https://api.odcloud.kr/api/15072696/v1/uddi:872f15c4-7f70-4c68-a8c9-8f22d2f79bcc,충청북도,감경
여자,충청북도,감경,등급외,90,2020,https://api.odcloud.kr/api/15072696/v1/uddi:872f15c4-7f70-4c68-a8c9-8f22d2f79bcc,충청북도,감경
여자,충청북도,의료급여,1등급,11,2020,https://api.odcloud.kr/api/15072696/v1/uddi:872f15c4-7f70-4c68-a8c9-8f22d2f79bcc,충청북도,의료급여
여자,충청북도,의료급여,2등급,39,2020,https://api.odcloud.kr/api/15072696/v1/uddi:872f15c4-7f70-4c68-a8c9-8f22d2f79bcc,충청북도,의료급여
여자,충청북도,의료급여,3등급,92,2020,https://api.odcloud.kr/api/15072696/v1/uddi:872f15c4-7f70-4c68-a8c9-8f22d2f79bcc,충청북도,의료급여
여자,충청북도,의료급여,4등급,145,2020,https://api.odcloud.kr/api/15072696/v1/uddi:872f15c4-7f70-4c68-a8c9-8f22d2f79bcc,충청북도,의료급여
여자,충청북도,의료급여,5등급,42,2020,https://api.odcloud.kr/api/15072696/v1/uddi:872f15c4-7f70-4c68-a8c9-8f22d2f79bcc,충청북도,의료급여
여자,충청북도,의료급여,인지지원등급,10,2020,https://api.odcloud.kr/api/15072696/v1/uddi:872f15c4-7f70-4c68-a8c9-8f22d2f79bcc,충청북도,의료급여
여자,충청북도,의료급여,등급외,45,2020,https://api.odcloud.kr/api/15072696/v1/uddi:872f15c4-7f70-4c68-a8c9-8f22d2f79bcc,충청북도,의료급여
여자,충청북도,기초수급,1등급,219,2020,https://api.odcloud.kr/api/15072696/v1/uddi:872f15c4-7f70-4c68-a8c9-8f22d2f79bcc,충청북도,기초수급
여자,충청북도,기초수급,2등급,416,2020,https://api.odcloud.kr/api/15072696/v1/uddi:872f15c4-7f70-4c68-a8c9-8f22d2f79bcc,충청북도,기초수급
여자,충청북도,기초수급,3등급,909,2020,https://api.odcloud.kr/api/15072696/v1/uddi:872f15c4-7f70-4c68-a8c9-8f22d2f79bcc,충청북도,기초수급
여자,충청북도,기초수급,4등급,1393,2020,https://api.odcloud.kr/api/15072696/v1/uddi:872f15c4-7f70-4c68-a8c9-8f22d2f79bcc,충청북도,기초수급
여자,충청북도,기초수급,5등급,372,2020,https://api.odcloud.kr/api/15072696/v1/uddi:872f15c4-7f70-4c68-a8c9-8f22d2f79bcc,충청북도,기초수급
여자,충청북도,기초수급,인지지원등급,80,2020,https://api.odcloud.kr/api/15072696/v1/uddi:872f15c4-7f70-4c68-a8c9-8f22d2f79bcc,충청북도,기초수급
여자,충청북도,기초수급,등급외,714,2020,https://api.odcloud.kr/api/15072696/v1/uddi:872f15c4-7f70-4c68-a8c9-8f22d2f79bcc,충청북도,기초수급
남자,충청남도,일반,1등급,311,2020,https://api.odcloud.kr/api/15072696/v1/uddi:872f15c4-7f70-4c68-a8c9-8f22d2f79bcc,충청남도,일반
남자,충청남도,일반,2등급,670,2020,https://api.odcloud.kr/api/15072696/v1/uddi:872f15c4-7f70-4c68-a8c9-8f22d2f79bcc,충청남도,일반
남자,충청남도,일반,3등급,1893,2020,https://api.odcloud.kr/api/15072696/v1/uddi:872f15c4-7f70-4c68-a8c9-8f22d2f79bcc,충청남도,일반
남자,충청남도,일반,4등급,3164,2020,https://api.odcloud.kr/api/15072696/v1/uddi:872f15c4-7f70-4c68-a8c9-8f22d2f79bcc,충청남도,일반
남자,충청남도,일반,5등급,878,2020,https://api.odcloud.kr/api/15072696/v1/uddi:872f15c4-7f70-4c68-a8c9-8f22d2f79bcc,충청남도,일반
남자,충청남도,일반,인지지원등급,250,2020,https://api.odcloud.kr/api/15072696/v1/uddi:872f15c4-7f70-4c68-a8c9-8f22d2f79bcc,충청남도,일반
남자,충청남도,일반,등급외,2046,2020,https://api.odcloud.kr/api/15072696/v1/uddi:872f15c4-7f70-4c68-a8c9-8f22d2f79bcc,충청남도,일반
남자,충청남도,감경,1등급,217,2020,https://api.odcloud.kr/api/15072696/v1/uddi:872f15c4-7f70-4c68-a8c9-8f22d2f79bcc,충청남도,감경
남자,충청남도,감경,2등급,423,2020,https://api.odcloud.kr/api/15072696/v1/uddi:872f15c4-7f70-4c68-a8c9-8f22d2f79bcc,충청남도,감경
남자,충청남도,감경,3등급,1221,2020,https://api.odcloud.kr/api/15072696/v1/uddi:872f15c4-7f70-4c68-a8c9-8f22d2f79bcc,충청남도,감경
남자,충청남도,감경,4등급,1919,2020,https://api.odcloud.kr/api/15072696/v1/uddi:872f15c4-7f70-4c68-a8c9-8f22d2f79bcc,충청남도,감경
남자,충청남도,감경,5등급,518,2020,https://api.odcloud.kr/api/15072696/v1/uddi:872f15c4-7f70-4c68-a8c9-8f22d2f79bcc,충청남도,감경
남자,충청남도,감경,인지지원등급,97,2020,https://api.odcloud.kr/api/15072696/v1/uddi:872f15c4-7f70-4c68-a8c9-8f22d2f79bcc,충청남도,감경
남자,충청남도,감경,등급외,72,2020,https://api.odcloud.kr/api/15072696/v1/uddi:872f15c4-7f70-4c68-a8c9-8f22d2f79bcc,충청남도,감경
남자,충청남도,의료급여,1등급,2,2020,https://api.odcloud.kr/api/15072696/v1/uddi:872f15c4-7f70-4c68-a8c9-8f22d2f79bcc,충청남도,의료급여
남자,충청남도,의료급여,2등급,6,2020,https://api.odcloud.kr/api/15072696/v1/uddi:872f15c4-7f70-4c68-a8c9-8f22d2f79bcc,충청남도,의료급여
남자,충청남도,의료급여,3등급,29,2020,https://api.odcloud.kr/api/15072696/v1/uddi:872f15c4-7f70-4c68-a8c9-8f22d2f79bcc,충청남도,의료급여
남자,충청남도,의료급여,4등급,53,2020,https://api.odcloud.kr/api/15072696/v1/uddi:872f15c4-7f70-4c68-a8c9-8f22d2f79bcc,충청남도,의료급여
남자,충청남도,의료급여,5등급,14,2020,https://api.odcloud.kr/api/15072696/v1/uddi:872f15c4-7f70-4c68-a8c9-8f22d2f79bcc,충청남도,의료급여
남자,충청남도,의료급여,인지지원등급,8,2020,https://api.odcloud.kr/api/15072696/v1/uddi:872f15c4-7f70-4c68-a8c9-8f22d2f79bcc,충청남도,의료급여
남자,충청남도,의료급여,등급외,28,2020,https://api.odcloud.kr/api/15072696/v1/uddi:872f15c4-7f70-4c68-a8c9-8f22d2f79bcc,충청남도,의료급여
남자,충청남도,기초수급,1등급,96,2020,https://api.odcloud.kr/api/15072696/v1/uddi:872f15c4-7f70-4c68-a8c9-8f22d2f79bcc,충청남도,기초수급
남자,충청남도,기초수급,2등급,166,2020,https://api.odcloud.kr/api/15072696/v1/uddi:872f15c4-7f70-4c68-a8c9-8f22d2f79bcc,충청남도,기초수급
남자,충청남도,기초수급,3등급,430,2020,https://api.odcloud.kr/api/15072696/v1/uddi:872f15c4-7f70-4c68-a8c9-8f22d2f79bcc,충청남도,기초수급
남자,충청남도,기초수급,4등급,844,2020,https://api.odcloud.kr/api/15072696/v1/uddi:872f15c4-7f70-4c68-a8c9-8f22d2f79bcc,충청남도,기초수급
남자,충청남도,기초수급,5등급,188,2020,https://api.odcloud.kr/api/15072696/v1/uddi:872f15c4-7f70-4c68-a8c9-8f22d2f79bcc,충청남도,기초수급
남자,충청남도,기초수급,인지지원등급,56,2020,https://api.odcloud.kr/api/15072696/v1/uddi:872f15c4-7f70-4c68-a8c9-8f22d2f79bcc,충청남도,기초수급
남자,충청남도,기초수급,등급외,598,2020,https://api.odcloud.kr/api/15072696/v1/uddi:872f15c4-7f70-4c68-a8c9-8f22d2f79bcc,충청남도,기초수급
여자,충청남도,일반,1등급,727,2020,https://api.odcloud.kr/api/15072696/v1/uddi:872f15c4-7f70-4c68-a8c9-8f22d2f79bcc,충청남도,일반
여자,충청남도,일반,2등급,1726,2020,https://api.odcloud.kr/api/15072696/v1/uddi:872f15c4-7f70-4c68-a8c9-8f22d2f79bcc,충청남도,일반
여자,충청남도,일반,3등급,4517,2020,https://api.odcloud.kr/api/15072696/v1/uddi:872f15c4-7f70-4c68-a8c9-8f22d2f79bcc,충청남도,일반
여자,충청남도,일반,4등급,8119,2020,https://api.odcloud.kr/api/15072696/v1/uddi:872f15c4-7f70-4c68-a8c9-8f22d2f79bcc,충청남도,일반
여자,충청남도,일반,5등급,2267,2020,https://api.odcloud.kr/api/15072696/v1/uddi:872f15c4-7f70-4c68-a8c9-8f22d2f79bcc,충청남도,일반
여자,충청남도,일반,인지지원등급,499,2020,https://api.odcloud.kr/api/15072696/v1/uddi:872f15c4-7f70-4c68-a8c9-8f22d2f79bcc,충청남도,일반
여자,충청남도,일반,등급외,4428,2020,https://api.odcloud.kr/api/15072696/v1/uddi:872f15c4-7f70-4c68-a8c9-8f22d2f79bcc,충청남도,일반
여자,충청남도,감경,1등급,615,2020,https://api.odcloud.kr/api/15072696/v1/uddi:872f15c4-7f70-4c68-a8c9-8f22d2f79bcc,충청남도,감경
여자,충청남도,감경,2등급,1504,2020,https://api.odcloud.kr/api/15072696/v1/uddi:872f15c4-7f70-4c68-a8c9-8f22d2f79bcc,충청남도,감경
여자,충청남도,감경,3등급,3611,2020,https://api.odcloud.kr/api/15072696/v1/uddi:872f15c4-7f70-4c68-a8c9-8f22d2f79bcc,충청남도,감경
여자,충청남도,감경,4등급,5951,2020,https://api.odcloud.kr/api/15072696/v1/uddi:872f15c4-7f70-4c68-a8c9-8f22d2f79bcc,충청남도,감경
여자,충청남도,감경,5등급,1554,2020,https://api.odcloud.kr/api/15072696/v1/uddi:872f15c4-7f70-4c68-a8c9-8f22d2f79bcc,충청남도,감경
여자,충청남도,감경,인지지원등급,300,2020,https://api.odcloud.kr/api/15072696/v1/uddi:872f15c4-7f70-4c68-a8c9-8f22d2f79bcc,충청남도,감경
여자,충청남도,감경,등급외,169,2020,https://api.odcloud.kr/api/15072696/v1/uddi:872f15c4-7f70-4c68-a8c9-8f22d2f79bcc,충청남도,감경
여자,충청남도,의료급여,1등급,9,2020,https://api.odcloud.kr/api/15072696/v1/uddi:872f15c4-7f70-4c68-a8c9-8f22d2f79bcc,충청남도,의료급여
여자,충청남도,의료급여,2등급,33,2020,https://api.odcloud.kr/api/15072696/v1/uddi:872f15c4-7f70-4c68-a8c9-8f22d2f79bcc,충청남도,의료급여
여자,충청남도,의료급여,3등급,81,2020,https://api.odcloud.kr/api/15072696/v1/uddi:872f15c4-7f70-4c68-a8c9-8f22d2f79bcc,충청남도,의료급여
여자,충청남도,의료급여,4등급,144,2020,https://api.odcloud.kr/api/15072696/v1/uddi:872f15c4-7f70-4c68-a8c9-8f22d2f79bcc,충청남도,의료급여
여자,충청남도,의료급여,5등급,40,2020,https://api.odcloud.kr/api/15072696/v1/uddi:872f15c4-7f70-4c68-a8c9-8f22d2f79bcc,충청남도,의료급여
여자,충청남도,의료급여,인지지원등급,9,2020,https://api.odcloud.kr/api/15072696/v1/uddi:872f15c4-7f70-4c68-a8c9-8f22d2f79bcc,충청남도,의료급여
여자,충청남도,의료급여,등급외,41,2020,https://api.odcloud.kr/api/15072696/v1/uddi:872f15c4-7f70-4c68-a8c9-8f22d2f79bcc,충청남도,의료급여
여자,충청남도,기초수급,1등급,215,2020,https://api.odcloud.kr/api/15072696/v1/uddi:872f15c4-7f70-4c68-a8c9-8f22d2f79bcc,충청남도,기초수급
여자,충청남도,기초수급,2등급,458,2020,https://api.odcloud.kr/api/15072696/v1/uddi:872f15c4-7f70-4c68-a8c9-8f22d2f79bcc,충청남도,기초수급
여자,충청남도,기초수급,3등급,943,2020,https://api.odcloud.kr/api/15072696/v1/uddi:872f15c4-7f70-4c68-a8c9-8f22d2f79bcc,충청남도,기초수급
여자,충청남도,기초수급,4등급,1905,2020,https://api.odcloud.kr/api/15072696/v1/uddi:872f15c4-7f70-4c68-a8c9-8f22d2f79bcc,충청남도,기초수급
여자,충청남도,기초수급,5등급,494,2020,https://api.odcloud.kr/api/15072696/v1/uddi:872f15c4-7f70-4c68-a8c9-8f22d2f79bcc,충청남도,기초수급
여자,충청남도,기초수급,인지지원등급,104,2020,https://api.odcloud.kr/api/15072696/v1/uddi:872f15c4-7f70-4c68-a8c9-8f22d2f79bcc,충청남도,기초수급
여자,충청남도,기초수급,등급외,973,2020,https://api.odcloud.kr/api/15072696/v1/uddi:872f15c4-7f70-4c68-a8c9-8f22d2f79bcc,충청남도,기초수급
남자,전북특별자치도,일반,1등급,193,2020,https://api.odcloud.kr/api/15072696/v1/uddi:872f15c4-7f70-4c68-a8c9-8f22d2f79bcc,전라북도,일반
남자,전북특별자치도,일반,2등급,453,2020,https://api.odcloud.kr/api/15072696/v1/uddi:872f15c4-7f70-4c68-a8c9-8f22d2f79bcc,전라북도,일반
남자,전북특별자치도,일반,3등급,1384,2020,https://api.odcloud.kr/api/15072696/v1/uddi:872f15c4-7f70-4c68-a8c9-8f22d2f79bcc,전라북도,일반
남자,전북특별자치도,일반,4등급,2884,2020,https://api.odcloud.kr/api/15072696/v1/uddi:872f15c4-7f70-4c68-a8c9-8f22d2f79bcc,전라북도,일반
남자,전북특별자치도,일반,5등급,907,2020,https://api.odcloud.kr/api/15072696/v1/uddi:872f15c4-7f70-4c68-a8c9-8f22d2f79bcc,전라북도,일반
남자,전북특별자치도,일반,인지지원등급,190,2020,https://api.odcloud.kr/api/15072696/v1/uddi:872f15c4-7f70-4c68-a8c9-8f22d2f79bcc,전라북도,일반
남자,전북특별자치도,일반,등급외,2186,2020,https://api.odcloud.kr/api/15072696/v1/uddi:872f15c4-7f70-4c68-a8c9-8f22d2f79bcc,전라북도,일반
남자,전북특별자치도,감경,1등급,160,2020,https://api.odcloud.kr/api/15072696/v1/uddi:872f15c4-7f70-4c68-a8c9-8f22d2f79bcc,전라북도,감경
남자,전북특별자치도,감경,2등급,307,2020,https://api.odcloud.kr/api/15072696/v1/uddi:872f15c4-7f70-4c68-a8c9-8f22d2f79bcc,전라북도,감경
남자,전북특별자치도,감경,3등급,1018,2020,https://api.odcloud.kr/api/15072696/v1/uddi:872f15c4-7f70-4c68-a8c9-8f22d2f79bcc,전라북도,감경
남자,전북특별자치도,감경,4등급,2169,2020,https://api.odcloud.kr/api/15072696/v1/uddi:872f15c4-7f70-4c68-a8c9-8f22d2f79bcc,전라북도,감경
남자,전북특별자치도,감경,5등급,600,2020,https://api.odcloud.kr/api/15072696/v1/uddi:872f15c4-7f70-4c68-a8c9-8f22d2f79bcc,전라북도,감경
남자,전북특별자치도,감경,인지지원등급,92,2020,https://api.odcloud.kr/api/15072696/v1/uddi:872f15c4-7f70-4c68-a8c9-8f22d2f79bcc,전라북도,감경
남자,전북특별자치도,감경,등급외,145,2020,https://api.odcloud.kr/api/15072696/v1/uddi:872f15c4-7f70-4c68-a8c9-8f22d2f79bcc,전라북도,감경
남자,전북특별자치도,의료급여,1등급,4,2020,https://api.odcloud.kr/api/15072696/v1/uddi:872f15c4-7f70-4c68-a8c9-8f22d2f79bcc,전라북도,의료급여
남자,전북특별자치도,의료급여,2등급,10,2020,https://api.odcloud.kr/api/15072696/v1/uddi:872f15c4-7f70-4c68-a8c9-8f22d2f79bcc,전라북도,의료급여
남자,전북특별자치도,의료급여,3등급,31,2020,https://api.odcloud.kr/api/15072696/v1/uddi:872f15c4-7f70-4c68-a8c9-8f22d2f79bcc,전라북도,의료급여
남자,전북특별자치도,의료급여,4등급,75,2020,https://api.odcloud.kr/api/15072696/v1/uddi:872f15c4-7f70-4c68-a8c9-8f22d2f79bcc,전라북도,의료급여
남자,전북특별자치도,의료급여,5등급,26,2020,https://api.odcloud.kr/api/15072696/v1/uddi:872f15c4-7f70-4c68-a8c9-8f22d2f79bcc,전라북도,의료급여
남자,전북특별자치도,의료급여,인지지원등급,3,2020,https://api.odcloud.kr/api/15072696/v1/uddi:872f15c4-7f70-4c68-a8c9-8f22d2f79bcc,전라북도,의료급여
남자,전북특별자치도,의료급여,등급외,49,2020,https://api.odcloud.kr/api/15072696/v1/uddi:872f15c4-7f70-4c68-a8c9-8f22d2f79bcc,전라북도,의료급여
남자,전북특별자치도,기초수급,1등급,79,2020,https://api.odcloud.kr/api/15072696/v1/uddi:872f15c4-7f70-4c68-a8c9-8f22d2f79bcc,전라북도,기초수급
남자,전북특별자치도,기초수급,2등급,145,2020,https://api.odcloud.kr/api/15072696/v1/uddi:872f15c4-7f70-4c68-a8c9-8f22d2f79bcc,전라북도,기초수급
남자,전북특별자치도,기초수급,3등급,494,2020,https://api.odcloud.kr/api/15072696/v1/uddi:872f15c4-7f70-4c68-a8c9-8f22d2f79bcc,전라북도,기초수급
남자,전북특별자치도,기초수급,4등급,1147,2020,https://api.odcloud.kr/api/15072696/v1/uddi:872f15c4-7f70-4c68-a8c9-8f22d2f79bcc,전라북도,기초수급
남자,전북특별자치도,기초수급,5등급,346,2020,https://api.odcloud.kr/api/15072696/v1/uddi:872f15c4-7f70-4c68-a8c9-8f22d2f79bcc,전라북도,기초수급
남자,전북특별자치도,기초수급,인지지원등급,70,2020,https://api.odcloud.kr/api/15072696/v1/uddi:872f15c4-7f70-4c68-a8c9-8f22d2f79bcc,전라북도,기초수급
남자,전북특별자치도,기초수급,등급외,1291,2020,https://api.odcloud.kr/api/15072696/v1/uddi:872f15c4-7f70-4c68-a8c9-8f22d2f79bcc,전라북도,기초수급
여자,전북특별자치도,일반,1등급,495,2020,https://api.odcloud.kr/api/15072696/v1/uddi:872f15c4-7f70-4c68-a8c9-8f22d2f79bcc,전라북도,일반
여자,전북특별자치도,일반,2등급,1169,2020,https://api.odcloud.kr/api/15072696/v1/uddi:872f15c4-7f70-4c68-a8c9-8f22d2f79bcc,전라북도,일반
여자,전북특별자치도,일반,3등급,3188,2020,https://api.odcloud.kr/api/15072696/v1/uddi:872f15c4-7f70-4c68-a8c9-8f22d2f79bcc,전라북도,일반
여자,전북특별자치도,일반,4등급,7928,2020,https://api.odcloud.kr/api/15072696/v1/uddi:872f15c4-7f70-4c68-a8c9-8f22d2f79bcc,전라북도,일반
여자,전북특별자치도,일반,5등급,2565,2020,https://api.odcloud.kr/api/15072696/v1/uddi:872f15c4-7f70-4c68-a8c9-8f22d2f79bcc,전라북도,일반
여자,전북특별자치도,일반,인지지원등급,397,2020,https://api.odcloud.kr/api/15072696/v1/uddi:872f15c4-7f70-4c68-a8c9-8f22d2f79bcc,전라북도,일반
여자,전북특별자치도,일반,등급외,5557,2020,https://api.odcloud.kr/api/15072696/v1/uddi:872f15c4-7f70-4c68-a8c9-8f22d2f79bcc,전라북도,일반
여자,전북특별자치도,감경,1등급,471,2020,https://api.odcloud.kr/api/15072696/v1/uddi:872f15c4-7f70-4c68-a8c9-8f22d2f79bcc,전라북도,감경
여자,전북특별자치도,감경,2등급,1220,2020,https://api.odcloud.kr/api/15072696/v1/uddi:872f15c4-7f70-4c68-a8c9-8f22d2f79bcc,전라북도,감경
여자,전북특별자치도,감경,3등급,3080,2020,https://api.odcloud.kr/api/15072696/v1/uddi:872f15c4-7f70-4c68-a8c9-8f22d2f79bcc,전라북도,감경
여자,전북특별자치도,감경,4등급,7092,2020,https://api.odcloud.kr/api/15072696/v1/uddi:872f15c4-7f70-4c68-a8c9-8f22d2f79bcc,전라북도,감경
여자,전북특별자치도,감경,5등급,2091,2020,https://api.odcloud.kr/api/15072696/v1/uddi:872f15c4-7f70-4c68-a8c9-8f22d2f79bcc,전라북도,감경
여자,전북특별자치도,감경,인지지원등급,238,2020,https://api.odcloud.kr/api/15072696/v1/uddi:872f15c4-7f70-4c68-a8c9-8f22d2f79bcc,전라북도,감경
여자,전북특별자치도,감경,등급외,624,2020,https://api.odcloud.kr/api/15072696/v1/uddi:872f15c4-7f70-4c68-a8c9-8f22d2f79bcc,전라북도,감경
여자,전북특별자치도,의료급여,1등급,14,2020,https://api.odcloud.kr/api/15072696/v1/uddi:872f15c4-7f70-4c68-a8c9-8f22d2f79bcc,전라북도,의료급여
여자,전북특별자치도,의료급여,2등급,47,2020,https://api.odcloud.kr/api/15072696/v1/uddi:872f15c4-7f70-4c68-a8c9-8f22d2f79bcc,전라북도,의료급여
여자,전북특별자치도,의료급여,3등급,96,2020,https://api.odcloud.kr/api/15072696/v1/uddi:872f15c4-7f70-4c68-a8c9-8f22d2f79bcc,전라북도,의료급여
여자,전북특별자치도,의료급여,4등급,227,2020,https://api.odcloud.kr/api/15072696/v1/uddi:872f15c4-7f70-4c68-a8c9-8f22d2f79bcc,전라북도,의료급여
여자,전북특별자치도,의료급여,5등급,69,2020,https://api.odcloud.kr/api/15072696/v1/uddi:872f15c4-7f70-4c68-a8c9-8f22d2f79bcc,전라북도,의료급여
여자,전북특별자치도,의료급여,인지지원등급,8,2020,https://api.odcloud.kr/api/15072696/v1/uddi:872f15c4-7f70-4c68-a8c9-8f22d2f79bcc,전라북도,의료급여
여자,전북특별자치도,의료급여,등급외,116,2020,https://api.odcloud.kr/api/15072696/v1/uddi:872f15c4-7f70-4c68-a8c9-8f22d2f79bcc,전라북도,의료급여
여자,전북특별자치도,기초수급,1등급,177,2020,https://api.odcloud.kr/api/15072696/v1/uddi:872f15c4-7f70-4c68-a8c9-8f22d2f79bcc,전라북도,기초수급
여자,전북특별자치도,기초수급,2등급,472,2020,https://api.odcloud.kr/api/15072696/v1/uddi:872f15c4-7f70-4c68-a8c9-8f22d2f79bcc,전라북도,기초수급
여자,전북특별자치도,기초수급,3등급,1169,2020,https://api.odcloud.kr/api/15072696/v1/uddi:872f15c4-7f70-4c68-a8c9-8f22d2f79bcc,전라북도,기초수급
여자,전북특별자치도,기초수급,4등급,2802,2020,https://api.odcloud.kr/api/15072696/v1/uddi:872f15c4-7f70-4c68-a8c9-8f22d2f79bcc,전라북도,기초수급
여자,전북특별자치도,기초수급,5등급,982,2020,https://api.odcloud.kr/api/15072696/v1/uddi:872f15c4-7f70-4c68-a8c9-8f22d2f79bcc,전라북도,기초수급
여자,전북특별자치도,기초수급,인지지원등급,130,2020,https://api.odcloud.kr/api/15072696/v1/uddi:872f15c4-7f70-4c68-a8c9-8f22d2f79bcc,전라북도,기초수급
여자,전북특별자치도,기초수급,등급외,2461,2020,https://api.odcloud.kr/api/15072696/v1/uddi:872f15c4-7f70-4c68-a8c9-8f22d2f79bcc,전라북도,기초수급
남자,전라남도,일반,1등급,207,2020,https://api.odcloud.kr/api/15072696/v1/uddi:872f15c4-7f70-4c68-a8c9-8f22d2f79bcc,전라남도,일반
남자,전라남도,일반,2등급,495,2020,https://api.odcloud.kr/api/15072696/v1/uddi:872f15c4-7f70-4c68-a8c9-8f22d2f79bcc,전라남도,일반
남자,전라남도,일반,3등급,1424,2020,https://api.odcloud.kr/api/15072696/v1/uddi:872f15c4-7f70-4c68-a8c9-8f22d2f79bcc,전라남도,일반
남자,전라남도,일반,4등급,2862,2020,https://api.odcloud.kr/api/15072696/v1/uddi:872f15c4-7f70-4c68-a8c9-8f22d2f79bcc,전라남도,일반
남자,전라남도,일반,5등급,712,2020,https://api.odcloud.kr/api/15072696/v1/uddi:872f15c4-7f70-4c68-a8c9-8f22d2f79bcc,전라남도,일반
남자,전라남도,일반,인지지원등급,186,2020,https://api.odcloud.kr/api/15072696/v1/uddi:872f15c4-7f70-4c68-a8c9-8f22d2f79bcc,전라남도,일반
남자,전라남도,일반,등급외,2587,2020,https://api.odcloud.kr/api/15072696/v1/uddi:872f15c4-7f70-4c68-a8c9-8f22d2f79bcc,전라남도,일반
남자,전라남도,감경,1등급,196,2020,https://api.odcloud.kr/api/15072696/v1/uddi:872f15c4-7f70-4c68-a8c9-8f22d2f79bcc,전라남도,감경
남자,전라남도,감경,2등급,494,2020,https://api.odcloud.kr/api/15072696/v1/uddi:872f15c4-7f70-4c68-a8c9-8f22d2f79bcc,전라남도,감경
남자,전라남도,감경,3등급,1249,2020,https://api.odcloud.kr/api/15072696/v1/uddi:872f15c4-7f70-4c68-a8c9-8f22d2f79bcc,전라남도,감경
남자,전라남도,감경,4등급,2255,2020,https://api.odcloud.kr/api/15072696/v1/uddi:872f15c4-7f70-4c68-a8c9-8f22d2f79bcc,전라남도,감경
남자,전라남도,감경,5등급,501,2020,https://api.odcloud.kr/api/15072696/v1/uddi:872f15c4-7f70-4c68-a8c9-8f22d2f79bcc,전라남도,감경
남자,전라남도,감경,인지지원등급,157,2020,https://api.odcloud.kr/api/15072696/v1/uddi:872f15c4-7f70-4c68-a8c9-8f22d2f79bcc,전라남도,감경
남자,전라남도,감경,등급외,132,2020,https://api.odcloud.kr/api/15072696/v1/uddi:872f15c4-7f70-4c68-a8c9-8f22d2f79bcc,전라남도,감경
남자,전라남도,의료급여,1등급,9,2020,https://api.odcloud.kr/api/15072696/v1/uddi:872f15c4-7f70-4c68-a8c9-8f22d2f79bcc,전라남도,의료급여
남자,전라남도,의료급여,2등급,10,2020,https://api.odcloud.kr/api/15072696/v1/uddi:872f15c4-7f70-4c68-a8c9-8f22d2f79bcc,전라남도,의료급여
남자,전라남도,의료급여,3등급,47,2020,https://api.odcloud.kr/api/15072696/v1/uddi:872f15c4-7f70-4c68-a8c9-8f22d2f79bcc,전라남도,의료급여
남자,전라남도,의료급여,4등급,103,2020,https://api.odcloud.kr/api/15072696/v1/uddi:872f15c4-7f70-4c68-a8c9-8f22d2f79bcc,전라남도,의료급여
남자,전라남도,의료급여,5등급,28,2020,https://api.odcloud.kr/api/15072696/v1/uddi:872f15c4-7f70-4c68-a8c9-8f22d2f79bcc,전라남도,의료급여
남자,전라남도,의료급여,인지지원등급,5,2020,https://api.odcloud.kr/api/15072696/v1/uddi:872f15c4-7f70-4c68-a8c9-8f22d2f79bcc,전라남도,의료급여
남자,전라남도,의료급여,등급외,45,2020,https://api.odcloud.kr/api/15072696/v1/uddi:872f15c4-7f70-4c68-a8c9-8f22d2f79bcc,전라남도,의료급여
남자,전라남도,기초수급,1등급,95,2020,https://api.odcloud.kr/api/15072696/v1/uddi:872f15c4-7f70-4c68-a8c9-8f22d2f79bcc,전라남도,기초수급
남자,전라남도,기초수급,2등급,171,2020,https://api.odcloud.kr/api/15072696/v1/uddi:872f15c4-7f70-4c68-a8c9-8f22d2f79bcc,전라남도,기초수급
남자,전라남도,기초수급,3등급,459,2020,https://api.odcloud.kr/api/15072696/v1/uddi:872f15c4-7f70-4c68-a8c9-8f22d2f79bcc,전라남도,기초수급
남자,전라남도,기초수급,4등급,921,2020,https://api.odcloud.kr/api/15072696/v1/uddi:872f15c4-7f70-4c68-a8c9-8f22d2f79bcc,전라남도,기초수급
남자,전라남도,기초수급,5등급,187,2020,https://api.odcloud.kr/api/15072696/v1/uddi:872f15c4-7f70-4c68-a8c9-8f22d2f79bcc,전라남도,기초수급
남자,전라남도,기초수급,인지지원등급,46,2020,https://api.odcloud.kr/api/15072696/v1/uddi:872f15c4-7f70-4c68-a8c9-8f22d2f79bcc,전라남도,기초수급
남자,전라남도,기초수급,등급외,944,2020,https://api.odcloud.kr/api/15072696/v1/uddi:872f15c4-7f70-4c68-a8c9-8f22d2f79bcc,전라남도,기초수급
여자,전라남도,일반,1등급,513,2020,https://api.odcloud.kr/api/15072696/v1/uddi:872f15c4-7f70-4c68-a8c9-8f22d2f79bcc,전라남도,일반
여자,전라남도,일반,2등급,1295,2020,https://api.odcloud.kr/api/15072696/v1/uddi:872f15c4-7f70-4c68-a8c9-8f22d2f79bcc,전라남도,일반
여자,전라남도,일반,3등급,3622,2020,https://api.odcloud.kr/api/15072696/v1/uddi:872f15c4-7f70-4c68-a8c9-8f22d2f79bcc,전라남도,일반
여자,전라남도,일반,4등급,8586,2020,https://api.odcloud.kr/api/15072696/v1/uddi:872f15c4-7f70-4c68-a8c9-8f22d2f79bcc,전라남도,일반
여자,전라남도,일반,5등급,2181,2020,https://api.odcloud.kr/api/15072696/v1/uddi:872f15c4-7f70-4c68-a8c9-8f22d2f79bcc,전라남도,일반
여자,전라남도,일반,인지지원등급,531,2020,https://api.odcloud.kr/api/15072696/v1/uddi:872f15c4-7f70-4c68-a8c9-8f22d2f79bcc,전라남도,일반
여자,전라남도,일반,등급외,7309,2020,https://api.odcloud.kr/api/15072696/v1/uddi:872f15c4-7f70-4c68-a8c9-8f22d2f79bcc,전라남도,일반
여자,전라남도,감경,1등급,598,2020,https://api.odcloud.kr/api/15072696/v1/uddi:872f15c4-7f70-4c68-a8c9-8f22d2f79bcc,전라남도,감경
여자,전라남도,감경,2등급,1706,2020,https://api.odcloud.kr/api/15072696/v1/uddi:872f15c4-7f70-4c68-a8c9-8f22d2f79bcc,전라남도,감경
여자,전라남도,감경,3등급,4256,2020,https://api.odcloud.kr/api/15072696/v1/uddi:872f15c4-7f70-4c68-a8c9-8f22d2f79bcc,전라남도,감경
여자,전라남도,감경,4등급,9048,2020,https://api.odcloud.kr/api/15072696/v1/uddi:872f15c4-7f70-4c68-a8c9-8f22d2f79bcc,전라남도,감경
여자,전라남도,감경,5등급,2000,2020,https://api.odcloud.kr/api/15072696/v1/uddi:872f15c4-7f70-4c68-a8c9-8f22d2f79bcc,전라남도,감경
여자,전라남도,감경,인지지원등급,401,2020,https://api.odcloud.kr/api/15072696/v1/uddi:872f15c4-7f70-4c68-a8c9-8f22d2f79bcc,전라남도,감경
여자,전라남도,감경,등급외,558,2020,https://api.odcloud.kr/api/15072696/v1/uddi:872f15c4-7f70-4c68-a8c9-8f22d2f79bcc,전라남도,감경
여자,전라남도,의료급여,1등급,30,2020,https://api.odcloud.kr/api/15072696/v1/uddi:872f15c4-7f70-4c68-a8c9-8f22d2f79bcc,전라남도,의료급여
여자,전라남도,의료급여,2등급,47,2020,https://api.odcloud.kr/api/15072696/v1/uddi:872f15c4-7f70-4c68-a8c9-8f22d2f79bcc,전라남도,의료급여
여자,전라남도,의료급여,3등급,142,2020,https://api.odcloud.kr/api/15072696/v1/uddi:872f15c4-7f70-4c68-a8c9-8f22d2f79bcc,전라남도,의료급여
여자,전라남도,의료급여,4등급,330,2020,https://api.odcloud.kr/api/15072696/v1/uddi:872f15c4-7f70-4c68-a8c9-8f22d2f79bcc,전라남도,의료급여
여자,전라남도,의료급여,5등급,80,2020,https://api.odcloud.kr/api/15072696/v1/uddi:872f15c4-7f70-4c68-a8c9-8f22d2f79bcc,전라남도,의료급여
여자,전라남도,의료급여,인지지원등급,19,2020,https://api.odcloud.kr/api/15072696/v1/uddi:872f15c4-7f70-4c68-a8c9-8f22d2f79bcc,전라남도,의료급여
여자,전라남도,의료급여,등급외,136,2020,https://api.odcloud.kr/api/15072696/v1/uddi:872f15c4-7f70-4c68-a8c9-8f22d2f79bcc,전라남도,의료급여
여자,전라남도,기초수급,1등급,183,2020,https://api.odcloud.kr/api/15072696/v1/uddi:872f15c4-7f70-4c68-a8c9-8f22d2f79bcc,전라남도,기초수급
여자,전라남도,기초수급,2등급,495,2020,https://api.odcloud.kr/api/15072696/v1/uddi:872f15c4-7f70-4c68-a8c9-8f22d2f79bcc,전라남도,기초수급
여자,전라남도,기초수급,3등급,1222,2020,https://api.odcloud.kr/api/15072696/v1/uddi:872f15c4-7f70-4c68-a8c9-8f22d2f79bcc,전라남도,기초수급
여자,전라남도,기초수급,4등급,2887,2020,https://api.odcloud.kr/api/15072696/v1/uddi:872f15c4-7f70-4c68-a8c9-8f22d2f79bcc,전라남도,기초수급
여자,전라남도,기초수급,5등급,598,2020,https://api.odcloud.kr/api/15072696/v1/uddi:872f15c4-7f70-4c68-a8c9-8f22d2f79bcc,전라남도,기초수급
여자,전라남도,기초수급,인지지원등급,138,2020,https://api.odcloud.kr/api/15072696/v1/uddi:872f15c4-7f70-4c68-a8c9-8f22d2f79bcc,전라남도,기초수급
여자,전라남도,기초수급,등급외,1941,2020,https://api.odcloud.kr/api/15072696/v1/uddi:872f15c4-7f70-4c68-a8c9-8f22d2f79bcc,전라남도,기초수급
남자,경상북도,일반,1등급,318,2020,https://api.odcloud.kr/api/15072696/v1/uddi:872f15c4-7f70-4c68-a8c9-8f22d2f79bcc,경상북도,일반
남자,경상북도,일반,2등급,746,2020,https://api.odcloud.kr/api/15072696/v1/uddi:872f15c4-7f70-4c68-a8c9-8f22d2f79bcc,경상북도,일반
남자,경상북도,일반,3등급,2340,2020,https://api.odcloud.kr/api/15072696/v1/uddi:872f15c4-7f70-4c68-a8c9-8f22d2f79bcc,경상북도,일반
남자,경상북도,일반,4등급,3920,2020,https://api.odcloud.kr/api/15072696/v1/uddi:872f15c4-7f70-4c68-a8c9-8f22d2f79bcc,경상북도,일반
남자,경상북도,일반,5등급,1117,2020,https://api.odcloud.kr/api/15072696/v1/uddi:872f15c4-7f70-4c68-a8c9-8f22d2f79bcc,경상북도,일반
남자,경상북도,일반,인지지원등급,208,2020,https://api.odcloud.kr/api/15072696/v1/uddi:872f15c4-7f70-4c68-a8c9-8f22d2f79bcc,경상북도,일반
남자,경상북도,일반,등급외,2621,2020,https://api.odcloud.kr/api/15072696/v1/uddi:872f15c4-7f70-4c68-a8c9-8f22d2f79bcc,경상북도,일반
남자,경상북도,감경,1등급,209,2020,https://api.odcloud.kr/api/15072696/v1/uddi:872f15c4-7f70-4c68-a8c9-8f22d2f79bcc,경상북도,감경
남자,경상북도,감경,2등급,549,2020,https://api.odcloud.kr/api/15072696/v1/uddi:872f15c4-7f70-4c68-a8c9-8f22d2f79bcc,경상북도,감경
남자,경상북도,감경,3등급,1691,2020,https://api.odcloud.kr/api/15072696/v1/uddi:872f15c4-7f70-4c68-a8c9-8f22d2f79bcc,경상북도,감경
남자,경상북도,감경,4등급,2609,2020,https://api.odcloud.kr/api/15072696/v1/uddi:872f15c4-7f70-4c68-a8c9-8f22d2f79bcc,경상북도,감경
남자,경상북도,감경,5등급,666,2020,https://api.odcloud.kr/api/15072696/v1/uddi:872f15c4-7f70-4c68-a8c9-8f22d2f79bcc,경상북도,감경
남자,경상북도,감경,인지지원등급,106,2020,https://api.odcloud.kr/api/15072696/v1/uddi:872f15c4-7f70-4c68-a8c9-8f22d2f79bcc,경상북도,감경
남자,경상북도,감경,등급외,90,2020,https://api.odcloud.kr/api/15072696/v1/uddi:872f15c4-7f70-4c68-a8c9-8f22d2f79bcc,경상북도,감경
남자,경상북도,의료급여,1등급,6,2020,https://api.odcloud.kr/api/15072696/v1/uddi:872f15c4-7f70-4c68-a8c9-8f22d2f79bcc,경상북도,의료급여
남자,경상북도,의료급여,2등급,13,2020,https://api.odcloud.kr/api/15072696/v1/uddi:872f15c4-7f70-4c68-a8c9-8f22d2f79bcc,경상북도,의료급여
남자,경상북도,의료급여,3등급,52,2020,https://api.odcloud.kr/api/15072696/v1/uddi:872f15c4-7f70-4c68-a8c9-8f22d2f79bcc,경상북도,의료급여
남자,경상북도,의료급여,4등급,73,2020,https://api.odcloud.kr/api/15072696/v1/uddi:872f15c4-7f70-4c68-a8c9-8f22d2f79bcc,경상북도,의료급여
남자,경상북도,의료급여,5등급,18,2020,https://api.odcloud.kr/api/15072696/v1/uddi:872f15c4-7f70-4c68-a8c9-8f22d2f79bcc,경상북도,의료급여
남자,경상북도,의료급여,인지지원등급,1,2020,https://api.odcloud.kr/api/15072696/v1/uddi:872f15c4-7f70-4c68-a8c9-8f22d2f79bcc,경상북도,의료급여
남자,경상북도,의료급여,등급외,59,2020,https://api.odcloud.kr/api/15072696/v1/uddi:872f15c4-7f70-4c68-a8c9-8f22d2f79bcc,경상북도,의료급여
남자,경상북도,기초수급,1등급,126,2020,https://api.odcloud.kr/api/15072696/v1/uddi:872f15c4-7f70-4c68-a8c9-8f22d2f79bcc,경상북도,기초수급
남자,경상북도,기초수급,2등급,200,2020,https://api.odcloud.kr/api/15072696/v1/uddi:872f15c4-7f70-4c68-a8c9-8f22d2f79bcc,경상북도,기초수급
남자,경상북도,기초수급,3등급,580,2020,https://api.odcloud.kr/api/15072696/v1/uddi:872f15c4-7f70-4c68-a8c9-8f22d2f79bcc,경상북도,기초수급
남자,경상북도,기초수급,4등급,1200,2020,https://api.odcloud.kr/api/15072696/v1/uddi:872f15c4-7f70-4c68-a8c9-8f22d2f79bcc,경상북도,기초수급
남자,경상북도,기초수급,5등급,315,2020,https://api.odcloud.kr/api/15072696/v1/uddi:872f15c4-7f70-4c68-a8c9-8f22d2f79bcc,경상북도,기초수급
남자,경상북도,기초수급,인지지원등급,60,2020,https://api.odcloud.kr/api/15072696/v1/uddi:872f15c4-7f70-4c68-a8c9-8f22d2f79bcc,경상북도,기초수급
남자,경상북도,기초수급,등급외,963,2020,https://api.odcloud.kr/api/15072696/v1/uddi:872f15c4-7f70-4c68-a8c9-8f22d2f79bcc,경상북도,기초수급
여자,경상북도,일반,1등급,803,2020,https://api.odcloud.kr/api/15072696/v1/uddi:872f15c4-7f70-4c68-a8c9-8f22d2f79bcc,경상북도,일반
여자,경상북도,일반,2등급,1757,2020,https://api.odcloud.kr/api/15072696/v1/uddi:872f15c4-7f70-4c68-a8c9-8f22d2f79bcc,경상북도,일반
여자,경상북도,일반,3등급,5474,2020,https://api.odcloud.kr/api/15072696/v1/uddi:872f15c4-7f70-4c68-a8c9-8f22d2f79bcc,경상북도,일반
여자,경상북도,일반,4등급,10562,2020,https://api.odcloud.kr/api/15072696/v1/uddi:872f15c4-7f70-4c68-a8c9-8f22d2f79bcc,경상북도,일반
여자,경상북도,일반,5등급,3221,2020,https://api.odcloud.kr/api/15072696/v1/uddi:872f15c4-7f70-4c68-a8c9-8f22d2f79bcc,경상북도,일반
여자,경상북도,일반,인지지원등급,506,2020,https://api.odcloud.kr/api/15072696/v1/uddi:872f15c4-7f70-4c68-a8c9-8f22d2f79bcc,경상북도,일반
여자,경상북도,일반,등급외,6101,2020,https://api.odcloud.kr/api/15072696/v1/uddi:872f15c4-7f70-4c68-a8c9-8f22d2f79bcc,경상북도,일반
여자,경상북도,감경,1등급,739,2020,https://api.odcloud.kr/api/15072696/v1/uddi:872f15c4-7f70-4c68-a8c9-8f22d2f79bcc,경상북도,감경
여자,경상북도,감경,2등급,1780,2020,https://api.odcloud.kr/api/15072696/v1/uddi:872f15c4-7f70-4c68-a8c9-8f22d2f79bcc,경상북도,감경
여자,경상북도,감경,3등급,5015,2020,https://api.odcloud.kr/api/15072696/v1/uddi:872f15c4-7f70-4c68-a8c9-8f22d2f79bcc,경상북도,감경
여자,경상북도,감경,4등급,8694,2020,https://api.odcloud.kr/api/15072696/v1/uddi:872f15c4-7f70-4c68-a8c9-8f22d2f79bcc,경상북도,감경
여자,경상북도,감경,5등급,2328,2020,https://api.odcloud.kr/api/15072696/v1/uddi:872f15c4-7f70-4c68-a8c9-8f22d2f79bcc,경상북도,감경
여자,경상북도,감경,인지지원등급,316,2020,https://api.odcloud.kr/api/15072696/v1/uddi:872f15c4-7f70-4c68-a8c9-8f22d2f79bcc,경상북도,감경
여자,경상북도,감경,등급외,285,2020,https://api.odcloud.kr/api/15072696/v1/uddi:872f15c4-7f70-4c68-a8c9-8f22d2f79bcc,경상북도,감경
여자,경상북도,의료급여,1등급,26,2020,https://api.odcloud.kr/api/15072696/v1/uddi:872f15c4-7f70-4c68-a8c9-8f22d2f79bcc,경상북도,의료급여
여자,경상북도,의료급여,2등급,41,2020,https://api.odcloud.kr/api/15072696/v1/uddi:872f15c4-7f70-4c68-a8c9-8f22d2f79bcc,경상북도,의료급여
여자,경상북도,의료급여,3등급,153,2020,https://api.odcloud.kr/api/15072696/v1/uddi:872f15c4-7f70-4c68-a8c9-8f22d2f79bcc,경상북도,의료급여
여자,경상북도,의료급여,4등급,289,2020,https://api.odcloud.kr/api/15072696/v1/uddi:872f15c4-7f70-4c68-a8c9-8f22d2f79bcc,경상북도,의료급여
여자,경상북도,의료급여,5등급,83,2020,https://api.odcloud.kr/api/15072696/v1/uddi:872f15c4-7f70-4c68-a8c9-8f22d2f79bcc,경상북도,의료급여
여자,경상북도,의료급여,인지지원등급,13,2020,https://api.odcloud.kr/api/15072696/v1/uddi:872f15c4-7f70-4c68-a8c9-8f22d2f79bcc,경상북도,의료급여
여자,경상북도,의료급여,등급외,99,2020,https://api.odcloud.kr/api/15072696/v1/uddi:872f15c4-7f70-4c68-a8c9-8f22d2f79bcc,경상북도,의료급여
여자,경상북도,기초수급,1등급,279,2020,https://api.odcloud.kr/api/15072696/v1/uddi:872f15c4-7f70-4c68-a8c9-8f22d2f79bcc,경상북도,기초수급
여자,경상북도,기초수급,2등급,570,2020,https://api.odcloud.kr/api/15072696/v1/uddi:872f15c4-7f70-4c68-a8c9-8f22d2f79bcc,경상북도,기초수급
여자,경상북도,기초수급,3등급,1650,2020,https://api.odcloud.kr/api/15072696/v1/uddi:872f15c4-7f70-4c68-a8c9-8f22d2f79bcc,경상북도,기초수급
여자,경상북도,기초수급,4등급,3473,2020,https://api.odcloud.kr/api/15072696/v1/uddi:872f15c4-7f70-4c68-a8c9-8f22d2f79bcc,경상북도,기초수급
여자,경상북도,기초수급,5등급,922,2020,https://api.odcloud.kr/api/15072696/v1/uddi:872f15c4-7f70-4c68-a8c9-8f22d2f79bcc,경상북도,기초수급
여자,경상북도,기초수급,인지지원등급,112,2020,https://api.odcloud.kr/api/15072696/v1/uddi:872f15c4-7f70-4c68-a8c9-8f22d2f79bcc,경상북도,기초수급
여자,경상북도,기초수급,등급외,1986,2020,https://api.odcloud.kr/api/15072696/v1/uddi:872f15c4-7f70-4c68-a8c9-8f22d2f79bcc,경상북도,기초수급
남자,경상남도,일반,1등급,305,2020,https://api.odcloud.kr/api/15072696/v1/uddi:872f15c4-7f70-4c68-a8c9-8f22d2f79bcc,경상남도,일반
남자,경상남도,일반,2등급,660,2020,https://api.odcloud.kr/api/15072696/v1/uddi:872f15c4-7f70-4c68-a8c9-8f22d2f79bcc,경상남도,일반
남자,경상남도,일반,3등급,2150,2020,https://api.odcloud.kr/api/15072696/v1/uddi:872f15c4-7f70-4c68-a8c9-8f22d2f79bcc,경상남도,일반
남자,경상남도,일반,4등급,4004,2020,https://api.odcloud.kr/api/15072696/v1/uddi:872f15c4-7f70-4c68-a8c9-8f22d2f79bcc,경상남도,일반
남자,경상남도,일반,5등급,969,2020,https://api.odcloud.kr/api/15072696/v1/uddi:872f15c4-7f70-4c68-a8c9-8f22d2f79bcc,경상남도,일반
남자,경상남도,일반,인지지원등급,201,2020,https://api.odcloud.kr/api/15072696/v1/uddi:872f15c4-7f70-4c68-a8c9-8f22d2f79bcc,경상남도,일반
남자,경상남도,일반,등급외,2770,2020,https://api.odcloud.kr/api/15072696/v1/uddi:872f15c4-7f70-4c68-a8c9-8f22d2f79bcc,경상남도,일반
남자,경상남도,감경,1등급,195,2020,https://api.odcloud.kr/api/15072696/v1/uddi:872f15c4-7f70-4c68-a8c9-8f22d2f79bcc,경상남도,감경
남자,경상남도,감경,2등급,487,2020,https://api.odcloud.kr/api/15072696/v1/uddi:872f15c4-7f70-4c68-a8c9-8f22d2f79bcc,경상남도,감경
남자,경상남도,감경,3등급,1431,2020,https://api.odcloud.kr/api/15072696/v1/uddi:872f15c4-7f70-4c68-a8c9-8f22d2f79bcc,경상남도,감경
남자,경상남도,감경,4등급,2558,2020,https://api.odcloud.kr/api/15072696/v1/uddi:872f15c4-7f70-4c68-a8c9-8f22d2f79bcc,경상남도,감경
남자,경상남도,감경,5등급,544,2020,https://api.odcloud.kr/api/15072696/v1/uddi:872f15c4-7f70-4c68-a8c9-8f22d2f79bcc,경상남도,감경
남자,경상남도,감경,인지지원등급,89,2020,https://api.odcloud.kr/api/15072696/v1/uddi:872f15c4-7f70-4c68-a8c9-8f22d2f79bcc,경상남도,감경
남자,경상남도,감경,등급외,114,2020,https://api.odcloud.kr/api/15072696/v1/uddi:872f15c4-7f70-4c68-a8c9-8f22d2f79bcc,경상남도,감경
남자,경상남도,의료급여,1등급,5,2020,https://api.odcloud.kr/api/15072696/v1/uddi:872f15c4-7f70-4c68-a8c9-8f22d2f79bcc,경상남도,의료급여
남자,경상남도,의료급여,2등급,13,2020,https://api.odcloud.kr/api/15072696/v1/uddi:872f15c4-7f70-4c68-a8c9-8f22d2f79bcc,경상남도,의료급여
남자,경상남도,의료급여,3등급,38,2020,https://api.odcloud.kr/api/15072696/v1/uddi:872f15c4-7f70-4c68-a8c9-8f22d2f79bcc,경상남도,의료급여
남자,경상남도,의료급여,4등급,79,2020,https://api.odcloud.kr/api/15072696/v1/uddi:872f15c4-7f70-4c68-a8c9-8f22d2f79bcc,경상남도,의료급여
남자,경상남도,의료급여,5등급,12,2020,https://api.odcloud.kr/api/15072696/v1/uddi:872f15c4-7f70-4c68-a8c9-8f22d2f79bcc,경상남도,의료급여
남자,경상남도,의료급여,인지지원등급,3,2020,https://api.odcloud.kr/api/15072696/v1/uddi:872f15c4-7f70-4c68-a8c9-8f22d2f79bcc,경상남도,의료급여
남자,경상남도,의료급여,등급외,44,2020,https://api.odcloud.kr/api/15072696/v1/uddi:872f15c4-7f70-4c68-a8c9-8f22d2f79bcc,경상남도,의료급여
남자,경상남도,기초수급,1등급,87,2020,https://api.odcloud.kr/api/15072696/v1/uddi:872f15c4-7f70-4c68-a8c9-8f22d2f79bcc,경상남도,기초수급
남자,경상남도,기초수급,2등급,173,2020,https://api.odcloud.kr/api/15072696/v1/uddi:872f15c4-7f70-4c68-a8c9-8f22d2f79bcc,경상남도,기초수급
남자,경상남도,기초수급,3등급,536,2020,https://api.odcloud.kr/api/15072696/v1/uddi:872f15c4-7f70-4c68-a8c9-8f22d2f79bcc,경상남도,기초수급
남자,경상남도,기초수급,4등급,1126,2020,https://api.odcloud.kr/api/15072696/v1/uddi:872f15c4-7f70-4c68-a8c9-8f22d2f79bcc,경상남도,기초수급
남자,경상남도,기초수급,5등급,252,2020,https://api.odcloud.kr/api/15072696/v1/uddi:872f15c4-7f70-4c68-a8c9-8f22d2f79bcc,경상남도,기초수급
남자,경상남도,기초수급,인지지원등급,78,2020,https://api.odcloud.kr/api/15072696/v1/uddi:872f15c4-7f70-4c68-a8c9-8f22d2f79bcc,경상남도,기초수급
남자,경상남도,기초수급,등급외,999,2020,https://api.odcloud.kr/api/15072696/v1/uddi:872f15c4-7f70-4c68-a8c9-8f22d2f79bcc,경상남도,기초수급
여자,경상남도,일반,1등급,774,2020,https://api.odcloud.kr/api/15072696/v1/uddi:872f15c4-7f70-4c68-a8c9-8f22d2f79bcc,경상남도,일반
여자,경상남도,일반,2등급,1838,2020,https://api.odcloud.kr/api/15072696/v1/uddi:872f15c4-7f70-4c68-a8c9-8f22d2f79bcc,경상남도,일반
여자,경상남도,일반,3등급,5363,2020,https://api.odcloud.kr/api/15072696/v1/uddi:872f15c4-7f70-4c68-a8c9-8f22d2f79bcc,경상남도,일반
여자,경상남도,일반,4등급,11885,2020,https://api.odcloud.kr/api/15072696/v1/uddi:872f15c4-7f70-4c68-a8c9-8f22d2f79bcc,경상남도,일반
여자,경상남도,일반,5등급,2873,2020,https://api.odcloud.kr/api/15072696/v1/uddi:872f15c4-7f70-4c68-a8c9-8f22d2f79bcc,경상남도,일반
여자,경상남도,일반,인지지원등급,490,2020,https://api.odcloud.kr/api/15072696/v1/uddi:872f15c4-7f70-4c68-a8c9-8f22d2f79bcc,경상남도,일반
여자,경상남도,일반,등급외,6625,2020,https://api.odcloud.kr/api/15072696/v1/uddi:872f15c4-7f70-4c68-a8c9-8f22d2f79bcc,경상남도,일반
여자,경상남도,감경,1등급,730,2020,https://api.odcloud.kr/api/15072696/v1/uddi:872f15c4-7f70-4c68-a8c9-8f22d2f79bcc,경상남도,감경
여자,경상남도,감경,2등급,1752,2020,https://api.odcloud.kr/api/15072696/v1/uddi:872f15c4-7f70-4c68-a8c9-8f22d2f79bcc,경상남도,감경
여자,경상남도,감경,3등급,4580,2020,https://api.odcloud.kr/api/15072696/v1/uddi:872f15c4-7f70-4c68-a8c9-8f22d2f79bcc,경상남도,감경
여자,경상남도,감경,4등급,9201,2020,https://api.odcloud.kr/api/15072696/v1/uddi:872f15c4-7f70-4c68-a8c9-8f22d2f79bcc,경상남도,감경
여자,경상남도,감경,5등급,2154,2020,https://api.odcloud.kr/api/15072696/v1/uddi:872f15c4-7f70-4c68-a8c9-8f22d2f79bcc,경상남도,감경
여자,경상남도,감경,인지지원등급,278,2020,https://api.odcloud.kr/api/15072696/v1/uddi:872f15c4-7f70-4c68-a8c9-8f22d2f79bcc,경상남도,감경
여자,경상남도,감경,등급외,282,2020,https://api.odcloud.kr/api/15072696/v1/uddi:872f15c4-7f70-4c68-a8c9-8f22d2f79bcc,경상남도,감경
여자,경상남도,의료급여,1등급,18,2020,https://api.odcloud.kr/api/15072696/v1/uddi:872f15c4-7f70-4c68-a8c9-8f22d2f79bcc,경상남도,의료급여
여자,경상남도,의료급여,2등급,58,2020,https://api.odcloud.kr/api/15072696/v1/uddi:872f15c4-7f70-4c68-a8c9-8f22d2f79bcc,경상남도,의료급여
여자,경상남도,의료급여,3등급,145,2020,https://api.odcloud.kr/api/15072696/v1/uddi:872f15c4-7f70-4c68-a8c9-8f22d2f79bcc,경상남도,의료급여
여자,경상남도,의료급여,4등급,317,2020,https://api.odcloud.kr/api/15072696/v1/uddi:872f15c4-7f70-4c68-a8c9-8f22d2f79bcc,경상남도,의료급여
여자,경상남도,의료급여,5등급,67,2020,https://api.odcloud.kr/api/15072696/v1/uddi:872f15c4-7f70-4c68-a8c9-8f22d2f79bcc,경상남도,의료급여
여자,경상남도,의료급여,인지지원등급,3,2020,https://api.odcloud.kr/api/15072696/v1/uddi:872f15c4-7f70-4c68-a8c9-8f22d2f79bcc,경상남도,의료급여
여자,경상남도,의료급여,등급외,111,2020,https://api.odcloud.kr/api/15072696/v1/uddi:872f15c4-7f70-4c68-a8c9-8f22d2f79bcc,경상남도,의료급여
여자,경상남도,기초수급,1등급,248,2020,https://api.odcloud.kr/api/15072696/v1/uddi:872f15c4-7f70-4c68-a8c9-8f22d2f79bcc,경상남도,기초수급
여자,경상남도,기초수급,2등급,581,2020,https://api.odcloud.kr/api/15072696/v1/uddi:872f15c4-7f70-4c68-a8c9-8f22d2f79bcc,경상남도,기초수급
여자,경상남도,기초수급,3등급,1425,2020,https://api.odcloud.kr/api/15072696/v1/uddi:872f15c4-7f70-4c68-a8c9-8f22d2f79bcc,경상남도,기초수급
여자,경상남도,기초수급,4등급,3459,2020,https://api.odcloud.kr/api/15072696/v1/uddi:872f15c4-7f70-4c68-a8c9-8f22d2f79bcc,경상남도,기초수급
여자,경상남도,기초수급,5등급,842,2020,https://api.odcloud.kr/api/15072696/v1/uddi:872f15c4-7f70-4c68-a8c9-8f22d2f79bcc,경상남도,기초수급
여자,경상남도,기초수급,인지지원등급,117,2020,https://api.odcloud.kr/api/15072696/v1/uddi:872f15c4-7f70-4c68-a8c9-8f22d2f79bcc,경상남도,기초수급
여자,경상남도,기초수급,등급외,1794,2020,https://api.odcloud.kr/api/15072696/v1/uddi:872f15c4-7f70-4c68-a8c9-8f22d2f79bcc,경상남도,기초수급
남자,제주특별자치도,일반,1등급,111,2020,https://api.odcloud.kr/api/15072696/v1/uddi:872f15c4-7f70-4c68-a8c9-8f22d2f79bcc,제주특별자치도,일반
남자,제주특별자치도,일반,2등급,175,2020,https://api.odcloud.kr/api/15072696/v1/uddi:872f15c4-7f70-4c68-a8c9-8f22d2f79bcc,제주특별자치도,일반
남자,제주특별자치도,일반,3등급,412,2020,https://api.odcloud.kr/api/15072696/v1/uddi:872f15c4-7f70-4c68-a8c9-8f22d2f79bcc,제주특별자치도,일반
남자,제주특별자치도,일반,4등급,514,2020,https://api.odcloud.kr/api/15072696/v1/uddi:872f15c4-7f70-4c68-a8c9-8f22d2f79bcc,제주특별자치도,일반
남자,제주특별자치도,일반,5등급,121,2020,https://api.odcloud.kr/api/15072696/v1/uddi:872f15c4-7f70-4c68-a8c9-8f22d2f79bcc,제주특별자치도,일반
남자,제주특별자치도,일반,인지지원등급,30,2020,https://api.odcloud.kr/api/15072696/v1/uddi:872f15c4-7f70-4c68-a8c9-8f22d2f79bcc,제주특별자치도,일반
남자,제주특별자치도,일반,등급외,296,2020,https://api.odcloud.kr/api/15072696/v1/uddi:872f15c4-7f70-4c68-a8c9-8f22d2f79bcc,제주특별자치도,일반
남자,제주특별자치도,감경,1등급,50,2020,https://api.odcloud.kr/api/15072696/v1/uddi:872f15c4-7f70-4c68-a8c9-8f22d2f79bcc,제주특별자치도,감경
남자,제주특별자치도,감경,2등급,101,2020,https://api.odcloud.kr/api/15072696/v1/uddi:872f15c4-7f70-4c68-a8c9-8f22d2f79bcc,제주특별자치도,감경
남자,제주특별자치도,감경,3등급,214,2020,https://api.odcloud.kr/api/15072696/v1/uddi:872f15c4-7f70-4c68-a8c9-8f22d2f79bcc,제주특별자치도,감경
남자,제주특별자치도,감경,4등급,252,2020,https://api.odcloud.kr/api/15072696/v1/uddi:872f15c4-7f70-4c68-a8c9-8f22d2f79bcc,제주특별자치도,감경
남자,제주특별자치도,감경,5등급,78,2020,https://api.odcloud.kr/api/15072696/v1/uddi:872f15c4-7f70-4c68-a8c9-8f22d2f79bcc,제주특별자치도,감경
남자,제주특별자치도,감경,인지지원등급,17,2020,https://api.odcloud.kr/api/15072696/v1/uddi:872f15c4-7f70-4c68-a8c9-8f22d2f79bcc,제주특별자치도,감경
남자,제주특별자치도,감경,등급외,10,2020,https://api.odcloud.kr/api/15072696/v1/uddi:872f15c4-7f70-4c68-a8c9-8f22d2f79bcc,제주특별자치도,감경
남자,제주특별자치도,의료급여,1등급,8,2020,https://api.odcloud.kr/api/15072696/v1/uddi:872f15c4-7f70-4c68-a8c9-8f22d2f79bcc,제주특별자치도,의료급여
남자,제주특별자치도,의료급여,2등급,2,2020,https://api.odcloud.kr/api/15072696/v1/uddi:872f15c4-7f70-4c68-a8c9-8f22d2f79bcc,제주특별자치도,의료급여
남자,제주특별자치도,의료급여,3등급,18,2020,https://api.odcloud.kr/api/15072696/v1/uddi:872f15c4-7f70-4c68-a8c9-8f22d2f79bcc,제주특별자치도,의료급여
남자,제주특별자치도,의료급여,4등급,15,2020,https://api.odcloud.kr/api/15072696/v1/uddi:872f15c4-7f70-4c68-a8c9-8f22d2f79bcc,제주특별자치도,의료급여
남자,제주특별자치도,의료급여,5등급,4,2020,https://api.odcloud.kr/api/15072696/v1/uddi:872f15c4-7f70-4c68-a8c9-8f22d2f79bcc,제주특별자치도,의료급여
남자,제주특별자치도,의료급여,인지지원등급,1,2020,https://api.odcloud.kr/api/15072696/v1/uddi:872f15c4-7f70-4c68-a8c9-8f22d2f79bcc,제주특별자치도,의료급여
남자,제주특별자치도,의료급여,등급외,3,2020,https://api.odcloud.kr/api/15072696/v1/uddi:872f15c4-7f70-4c68-a8c9-8f22d2f79bcc,제주특별자치도,의료급여
남자,제주특별자치도,기초수급,1등급,24,2020,https://api.odcloud.kr/api/15072696/v1/uddi:872f15c4-7f70-4c68-a8c9-8f22d2f79bcc,제주특별자치도,기초수급
남자,제주특별자치도,기초수급,2등급,49,2020,https://api.odcloud.kr/api/15072696/v1/uddi:872f15c4-7f70-4c68-a8c9-8f22d2f79bcc,제주특별자치도,기초수급
남자,제주특별자치도,기초수급,3등급,119,2020,https://api.odcloud.kr/api/15072696/v1/uddi:872f15c4-7f70-4c68-a8c9-8f22d2f79bcc,제주특별자치도,기초수급
남자,제주특별자치도,기초수급,4등급,204,2020,https://api.odcloud.kr/api/15072696/v1/uddi:872f15c4-7f70-4c68-a8c9-8f22d2f79bcc,제주특별자치도,기초수급
남자,제주특별자치도,기초수급,5등급,41,2020,https://api.odcloud.kr/api/15072696/v1/uddi:872f15c4-7f70-4c68-a8c9-8f22d2f79bcc,제주특별자치도,기초수급
남자,제주특별자치도,기초수급,인지지원등급,18,2020,https://api.odcloud.kr/api/15072696/v1/uddi:872f15c4-7f70-4c68-a8c9-8f22d2f79bcc,제주특별자치도,기초수급
남자,제주특별자치도,기초수급,등급외,159,2020,https://api.odcloud.kr/api/15072696/v1/uddi:872f15c4-7f70-4c68-a8c9-8f22d2f79bcc,제주특별자치도,기초수급
여자,제주특별자치도,일반,1등급,260,2020,https://api.odcloud.kr/api/15072696/v1/uddi:872f15c4-7f70-4c68-a8c9-8f22d2f79bcc,제주특별자치도,일반
여자,제주특별자치도,일반,2등급,474,2020,https://api.odcloud.kr/api/15072696/v1/uddi:872f15c4-7f70-4c68-a8c9-8f22d2f79bcc,제주특별자치도,일반
여자,제주특별자치도,일반,3등급,1020,2020,https://api.odcloud.kr/api/15072696/v1/uddi:872f15c4-7f70-4c68-a8c9-8f22d2f79bcc,제주특별자치도,일반
여자,제주특별자치도,일반,4등급,1270,2020,https://api.odcloud.kr/api/15072696/v1/uddi:872f15c4-7f70-4c68-a8c9-8f22d2f79bcc,제주특별자치도,일반
여자,제주특별자치도,일반,5등급,353,2020,https://api.odcloud.kr/api/15072696/v1/uddi:872f15c4-7f70-4c68-a8c9-8f22d2f79bcc,제주특별자치도,일반
여자,제주특별자치도,일반,인지지원등급,87,2020,https://api.odcloud.kr/api/15072696/v1/uddi:872f15c4-7f70-4c68-a8c9-8f22d2f79bcc,제주특별자치도,일반
여자,제주특별자치도,일반,등급외,838,2020,https://api.odcloud.kr/api/15072696/v1/uddi:872f15c4-7f70-4c68-a8c9-8f22d2f79bcc,제주특별자치도,일반
여자,제주특별자치도,감경,1등급,188,2020,https://api.odcloud.kr/api/15072696/v1/uddi:872f15c4-7f70-4c68-a8c9-8f22d2f79bcc,제주특별자치도,감경
여자,제주특별자치도,감경,2등급,381,2020,https://api.odcloud.kr/api/15072696/v1/uddi:872f15c4-7f70-4c68-a8c9-8f22d2f79bcc,제주특별자치도,감경
여자,제주특별자치도,감경,3등급,864,2020,https://api.odcloud.kr/api/15072696/v1/uddi:872f15c4-7f70-4c68-a8c9-8f22d2f79bcc,제주특별자치도,감경
여자,제주특별자치도,감경,4등급,891,2020,https://api.odcloud.kr/api/15072696/v1/uddi:872f15c4-7f70-4c68-a8c9-8f22d2f79bcc,제주특별자치도,감경
여자,제주특별자치도,감경,5등급,195,2020,https://api.odcloud.kr/api/15072696/v1/uddi:872f15c4-7f70-4c68-a8c9-8f22d2f79bcc,제주특별자치도,감경
여자,제주특별자치도,감경,인지지원등급,45,2020,https://api.odcloud.kr/api/15072696/v1/uddi:872f15c4-7f70-4c68-a8c9-8f22d2f79bcc,제주특별자치도,감경
여자,제주특별자치도,감경,등급외,47,2020,https://api.odcloud.kr/api/15072696/v1/uddi:872f15c4-7f70-4c68-a8c9-8f22d2f79bcc,제주특별자치도,감경
여자,제주특별자치도,의료급여,1등급,9,2020,https://api.odcloud.kr/api/15072696/v1/uddi:872f15c4-7f70-4c68-a8c9-8f22d2f79bcc,제주특별자치도,의료급여
여자,제주특별자치도,의료급여,2등급,27,2020,https://api.odcloud.kr/api/15072696/v1/uddi:872f15c4-7f70-4c68-a8c9-8f22d2f79bcc,제주특별자치도,의료급여
여자,제주특별자치도,의료급여,3등급,59,2020,https://api.odcloud.kr/api/15072696/v1/uddi:872f15c4-7f70-4c68-a8c9-8f22d2f79bcc,제주특별자치도,의료급여
여자,제주특별자치도,의료급여,4등급,39,2020,https://api.odcloud.kr/api/15072696/v1/uddi:872f15c4-7f70-4c68-a8c9-8f22d2f79bcc,제주특별자치도,의료급여
여자,제주특별자치도,의료급여,5등급,12,2020,https://api.odcloud.kr/api/15072696/v1/uddi:872f15c4-7f70-4c68-a8c9-8f22d2f79bcc,제주특별자치도,의료급여
여자,제주특별자치도,의료급여,인지지원등급,2,2020,https://api.odcloud.kr/api/15072696/v1/uddi:872f15c4-7f70-4c68-a8c9-8f22d2f79bcc,제주특별자치도,의료급여
여자,제주특별자치도,의료급여,등급외,14,2020,https://api.odcloud.kr/api/15072696/v1/uddi:872f15c4-7f70-4c68-a8c9-8f22d2f79bcc,제주특별자치도,의료급여
여자,제주특별자치도,기초수급,1등급,102,2020,https://api.odcloud.kr/api/15072696/v1/uddi:872f15c4-7f70-4c68-a8c9-8f22d2f79bcc,제주특별자치도,기초수급
여자,제주특별자치도,기초수급,2등급,175,2020,https://api.odcloud.kr/api/15072696/v1/uddi:872f15c4-7f70-4c68-a8c9-8f22d2f79bcc,제주특별자치도,기초수급
여자,제주특별자치도,기초수급,3등급,390,2020,https://api.odcloud.kr/api/15072696/v1/uddi:872f15c4-7f70-4c68-a8c9-8f22d2f79bcc,제주특별자치도,기초수급
여자,제주특별자치도,기초수급,4등급,502,2020,https://api.odcloud.kr/api/15072696/v1/uddi:872f15c4-7f70-4c68-a8c9-8f22d2f79bcc,제주특별자치도,기초수급
여자,제주특별자치도,기초수급,5등급,90,2020,https://api.odcloud.kr/api/15072696/v1/uddi:872f15c4-7f70-4c68-a8c9-8f22d2f79bcc,제주특별자치도,기초수급
여자,제주특별자치도,기초수급,인지지원등급,26,2020,https://api.odcloud.kr/api/15072696/v1/uddi:872f15c4-7f70-4c68-a8c9-8f22d2f79bcc,제주특별자치도,기초수급
여자,제주특별자치도,기초수급,등급외,350,2020,https://api.odcloud.kr/api/15072696/v1/uddi:872f15c4-7f70-4c68-a8c9-8f22d2f79bcc,제주특별자치도,기초수급
남자,서울특별시,일반,1등급,1744,2021,https://api.odcloud.kr/api/15072696/v1/uddi:63aa9ab2-863b-4a63-85cf-e9b43dccb240,서울특별시,일반
남자,서울특별시,일반,2등급,2514,2021,https://api.odcloud.kr/api/15072696/v1/uddi:63aa9ab2-863b-4a63-85cf-e9b43dccb240,서울특별시,일반
남자,서울특별시,일반,3등급,7127,2021,https://api.odcloud.kr/api/15072696/v1/uddi:63aa9ab2-863b-4a63-85cf-e9b43dccb240,서울특별시,일반
남자,서울특별시,일반,4등급,9087,2021,https://api.odcloud.kr/api/15072696/v1/uddi:63aa9ab2-863b-4a63-85cf-e9b43dccb240,서울특별시,일반
남자,서울특별시,일반,5등급,2107,2021,https://api.odcloud.kr/api/15072696/v1/uddi:63aa9ab2-863b-4a63-85cf-e9b43dccb240,서울특별시,일반
남자,서울특별시,일반,인지지원등급,545,2021,https://api.odcloud.kr/api/15072696/v1/uddi:63aa9ab2-863b-4a63-85cf-e9b43dccb240,서울특별시,일반
남자,서울특별시,일반,등급외,3518,2021,https://api.odcloud.kr/api/15072696/v1/uddi:63aa9ab2-863b-4a63-85cf-e9b43dccb240,서울특별시,일반
여자,서울특별시,일반,1등급,3499,2021,https://api.odcloud.kr/api/15072696/v1/uddi:63aa9ab2-863b-4a63-85cf-e9b43dccb240,서울특별시,일반
여자,서울특별시,일반,2등급,5871,2021,https://api.odcloud.kr/api/15072696/v1/uddi:63aa9ab2-863b-4a63-85cf-e9b43dccb240,서울특별시,일반
여자,서울특별시,일반,3등급,14904,2021,https://api.odcloud.kr/api/15072696/v1/uddi:63aa9ab2-863b-4a63-85cf-e9b43dccb240,서울특별시,일반
여자,서울특별시,일반,4등급,20192,2021,https://api.odcloud.kr/api/15072696/v1/uddi:63aa9ab2-863b-4a63-85cf-e9b43dccb240,서울특별시,일반
여자,서울특별시,일반,5등급,4833,2021,https://api.odcloud.kr/api/15072696/v1/uddi:63aa9ab2-863b-4a63-85cf-e9b43dccb240,서울특별시,일반
여자,서울특별시,일반,인지지원등급,1339,2021,https://api.odcloud.kr/api/15072696/v1/uddi:63aa9ab2-863b-4a63-85cf-e9b43dccb240,서울특별시,일반
여자,서울특별시,일반,등급외,7553,2021,https://api.odcloud.kr/api/15072696/v1/uddi:63aa9ab2-863b-4a63-85cf-e9b43dccb240,서울특별시,일반
남자,부산광역시,일반,1등급,368,2021,https://api.odcloud.kr/api/15072696/v1/uddi:63aa9ab2-863b-4a63-85cf-e9b43dccb240,부산광역시,일반
남자,부산광역시,일반,2등급,741,2021,https://api.odcloud.kr/api/15072696/v1/uddi:63aa9ab2-863b-4a63-85cf-e9b43dccb240,부산광역시,일반
남자,부산광역시,일반,3등급,2469,2021,https://api.odcloud.kr/api/15072696/v1/uddi:63aa9ab2-863b-4a63-85cf-e9b43dccb240,부산광역시,일반
남자,부산광역시,일반,4등급,3916,2021,https://api.odcloud.kr/api/15072696/v1/uddi:63aa9ab2-863b-4a63-85cf-e9b43dccb240,부산광역시,일반
남자,부산광역시,일반,5등급,783,2021,https://api.odcloud.kr/api/15072696/v1/uddi:63aa9ab2-863b-4a63-85cf-e9b43dccb240,부산광역시,일반
남자,부산광역시,일반,인지지원등급,162,2021,https://api.odcloud.kr/api/15072696/v1/uddi:63aa9ab2-863b-4a63-85cf-e9b43dccb240,부산광역시,일반
남자,부산광역시,일반,등급외,2226,2021,https://api.odcloud.kr/api/15072696/v1/uddi:63aa9ab2-863b-4a63-85cf-e9b43dccb240,부산광역시,일반
여자,부산광역시,일반,1등급,964,2021,https://api.odcloud.kr/api/15072696/v1/uddi:63aa9ab2-863b-4a63-85cf-e9b43dccb240,부산광역시,일반
여자,부산광역시,일반,2등급,1674,2021,https://api.odcloud.kr/api/15072696/v1/uddi:63aa9ab2-863b-4a63-85cf-e9b43dccb240,부산광역시,일반
여자,부산광역시,일반,3등급,5213,2021,https://api.odcloud.kr/api/15072696/v1/uddi:63aa9ab2-863b-4a63-85cf-e9b43dccb240,부산광역시,일반
여자,부산광역시,일반,4등급,9415,2021,https://api.odcloud.kr/api/15072696/v1/uddi:63aa9ab2-863b-4a63-85cf-e9b43dccb240,부산광역시,일반
여자,부산광역시,일반,5등급,1847,2021,https://api.odcloud.kr/api/15072696/v1/uddi:63aa9ab2-863b-4a63-85cf-e9b43dccb240,부산광역시,일반
여자,부산광역시,일반,인지지원등급,414,2021,https://api.odcloud.kr/api/15072696/v1/uddi:63aa9ab2-863b-4a63-85cf-e9b43dccb240,부산광역시,일반
여자,부산광역시,일반,등급외,4730,2021,https://api.odcloud.kr/api/15072696/v1/uddi:63aa9ab2-863b-4a63-85cf-e9b43dccb240,부산광역시,일반
남자,대구광역시,일반,1등급,232,2021,https://api.odcloud.kr/api/15072696/v1/uddi:63aa9ab2-863b-4a63-85cf-e9b43dccb240,대구광역시,일반
남자,대구광역시,일반,2등급,534,2021,https://api.odcloud.kr/api/15072696/v1/uddi:63aa9ab2-863b-4a63-85cf-e9b43dccb240,대구광역시,일반
남자,대구광역시,일반,3등급,1692,2021,https://api.odcloud.kr/api/15072696/v1/uddi:63aa9ab2-863b-4a63-85cf-e9b43dccb240,대구광역시,일반
남자,대구광역시,일반,4등급,2448,2021,https://api.odcloud.kr/api/15072696/v1/uddi:63aa9ab2-863b-4a63-85cf-e9b43dccb240,대구광역시,일반
남자,대구광역시,일반,5등급,729,2021,https://api.odcloud.kr/api/15072696/v1/uddi:63aa9ab2-863b-4a63-85cf-e9b43dccb240,대구광역시,일반
남자,대구광역시,일반,인지지원등급,103,2021,https://api.odcloud.kr/api/15072696/v1/uddi:63aa9ab2-863b-4a63-85cf-e9b43dccb240,대구광역시,일반
남자,대구광역시,일반,등급외,1153,2021,https://api.odcloud.kr/api/15072696/v1/uddi:63aa9ab2-863b-4a63-85cf-e9b43dccb240,대구광역시,일반
여자,대구광역시,일반,1등급,597,2021,https://api.odcloud.kr/api/15072696/v1/uddi:63aa9ab2-863b-4a63-85cf-e9b43dccb240,대구광역시,일반
여자,대구광역시,일반,2등급,1373,2021,https://api.odcloud.kr/api/15072696/v1/uddi:63aa9ab2-863b-4a63-85cf-e9b43dccb240,대구광역시,일반
여자,대구광역시,일반,3등급,3792,2021,https://api.odcloud.kr/api/15072696/v1/uddi:63aa9ab2-863b-4a63-85cf-e9b43dccb240,대구광역시,일반
여자,대구광역시,일반,4등급,5746,2021,https://api.odcloud.kr/api/15072696/v1/uddi:63aa9ab2-863b-4a63-85cf-e9b43dccb240,대구광역시,일반
여자,대구광역시,일반,5등급,1594,2021,https://api.odcloud.kr/api/15072696/v1/uddi:63aa9ab2-863b-4a63-85cf-e9b43dccb240,대구광역시,일반
여자,대구광역시,일반,인지지원등급,304,2021,https://api.odcloud.kr/api/15072696/v1/uddi:63aa9ab2-863b-4a63-85cf-e9b43dccb240,대구광역시,일반
여자,대구광역시,일반,등급외,2703,2021,https://api.odcloud.kr/api/15072696/v1/uddi:63aa9ab2-863b-4a63-85cf-e9b43dccb240,대구광역시,일반
남자,인천광역시,일반,1등급,265,2021,https://api.odcloud.kr/api/15072696/v1/uddi:63aa9ab2-863b-4a63-85cf-e9b43dccb240,인천광역시,일반
남자,인천광역시,일반,2등급,504,2021,https://api.odcloud.kr/api/15072696/v1/uddi:63aa9ab2-863b-4a63-85cf-e9b43dccb240,인천광역시,일반
남자,인천광역시,일반,3등급,1770,2021,https://api.odcloud.kr/api/15072696/v1/uddi:63aa9ab2-863b-4a63-85cf-e9b43dccb240,인천광역시,일반
남자,인천광역시,일반,4등급,2670,2021,https://api.odcloud.kr/api/15072696/v1/uddi:63aa9ab2-863b-4a63-85cf-e9b43dccb240,인천광역시,일반
남자,인천광역시,일반,5등급,508,2021,https://api.odcloud.kr/api/15072696/v1/uddi:63aa9ab2-863b-4a63-85cf-e9b43dccb240,인천광역시,일반
남자,인천광역시,일반,인지지원등급,113,2021,https://api.odcloud.kr/api/15072696/v1/uddi:63aa9ab2-863b-4a63-85cf-e9b43dccb240,인천광역시,일반
남자,인천광역시,일반,등급외,1240,2021,https://api.odcloud.kr/api/15072696/v1/uddi:63aa9ab2-863b-4a63-85cf-e9b43dccb240,인천광역시,일반
여자,인천광역시,일반,1등급,682,2021,https://api.odcloud.kr/api/15072696/v1/uddi:63aa9ab2-863b-4a63-85cf-e9b43dccb240,인천광역시,일반
여자,인천광역시,일반,2등급,1458,2021,https://api.odcloud.kr/api/15072696/v1/uddi:63aa9ab2-863b-4a63-85cf-e9b43dccb240,인천광역시,일반
여자,인천광역시,일반,3등급,4442,2021,https://api.odcloud.kr/api/15072696/v1/uddi:63aa9ab2-863b-4a63-85cf-e9b43dccb240,인천광역시,일반
여자,인천광역시,일반,4등급,6646,2021,https://api.odcloud.kr/api/15072696/v1/uddi:63aa9ab2-863b-4a63-85cf-e9b43dccb240,인천광역시,일반
여자,인천광역시,일반,5등급,1262,2021,https://api.odcloud.kr/api/15072696/v1/uddi:63aa9ab2-863b-4a63-85cf-e9b43dccb240,인천광역시,일반
여자,인천광역시,일반,인지지원등급,266,2021,https://api.odcloud.kr/api/15072696/v1/uddi:63aa9ab2-863b-4a63-85cf-e9b43dccb240,인천광역시,일반
여자,인천광역시,일반,등급외,2814,2021,https://api.odcloud.kr/api/15072696/v1/uddi:63aa9ab2-863b-4a63-85cf-e9b43dccb240,인천광역시,일반
남자,광주광역시,일반,1등급,161,2021,https://api.odcloud.kr/api/15072696/v1/uddi:63aa9ab2-863b-4a63-85cf-e9b43dccb240,광주광역시,일반
남자,광주광역시,일반,2등급,266,2021,https://api.odcloud.kr/api/15072696/v1/uddi:63aa9ab2-863b-4a63-85cf-e9b43dccb240,광주광역시,일반
남자,광주광역시,일반,3등급,972,2021,https://api.odcloud.kr/api/15072696/v1/uddi:63aa9ab2-863b-4a63-85cf-e9b43dccb240,광주광역시,일반
남자,광주광역시,일반,4등급,1652,2021,https://api.odcloud.kr/api/15072696/v1/uddi:63aa9ab2-863b-4a63-85cf-e9b43dccb240,광주광역시,일반
남자,광주광역시,일반,5등급,394,2021,https://api.odcloud.kr/api/15072696/v1/uddi:63aa9ab2-863b-4a63-85cf-e9b43dccb240,광주광역시,일반
남자,광주광역시,일반,인지지원등급,128,2021,https://api.odcloud.kr/api/15072696/v1/uddi:63aa9ab2-863b-4a63-85cf-e9b43dccb240,광주광역시,일반
남자,광주광역시,일반,등급외,1126,2021,https://api.odcloud.kr/api/15072696/v1/uddi:63aa9ab2-863b-4a63-85cf-e9b43dccb240,광주광역시,일반
여자,광주광역시,일반,1등급,373,2021,https://api.odcloud.kr/api/15072696/v1/uddi:63aa9ab2-863b-4a63-85cf-e9b43dccb240,광주광역시,일반
여자,광주광역시,일반,2등급,607,2021,https://api.odcloud.kr/api/15072696/v1/uddi:63aa9ab2-863b-4a63-85cf-e9b43dccb240,광주광역시,일반
여자,광주광역시,일반,3등급,2067,2021,https://api.odcloud.kr/api/15072696/v1/uddi:63aa9ab2-863b-4a63-85cf-e9b43dccb240,광주광역시,일반
여자,광주광역시,일반,4등급,4143,2021,https://api.odcloud.kr/api/15072696/v1/uddi:63aa9ab2-863b-4a63-85cf-e9b43dccb240,광주광역시,일반
여자,광주광역시,일반,5등급,940,2021,https://api.odcloud.kr/api/15072696/v1/uddi:63aa9ab2-863b-4a63-85cf-e9b43dccb240,광주광역시,일반
여자,광주광역시,일반,인지지원등급,235,2021,https://api.odcloud.kr/api/15072696/v1/uddi:63aa9ab2-863b-4a63-85cf-e9b43dccb240,광주광역시,일반
여자,광주광역시,일반,등급외,2814,2021,https://api.odcloud.kr/api/15072696/v1/uddi:63aa9ab2-863b-4a63-85cf-e9b43dccb240,광주광역시,일반
남자,대전광역시,일반,1등급,144,2021,https://api.odcloud.kr/api/15072696/v1/uddi:63aa9ab2-863b-4a63-85cf-e9b43dccb240,대전광역시,일반
남자,대전광역시,일반,2등급,247,2021,https://api.odcloud.kr/api/15072696/v1/uddi:63aa9ab2-863b-4a63-85cf-e9b43dccb240,대전광역시,일반
남자,대전광역시,일반,3등급,901,2021,https://api.odcloud.kr/api/15072696/v1/uddi:63aa9ab2-863b-4a63-85cf-e9b43dccb240,대전광역시,일반
남자,대전광역시,일반,4등급,1593,2021,https://api.odcloud.kr/api/15072696/v1/uddi:63aa9ab2-863b-4a63-85cf-e9b43dccb240,대전광역시,일반
남자,대전광역시,일반,5등급,491,2021,https://api.odcloud.kr/api/15072696/v1/uddi:63aa9ab2-863b-4a63-85cf-e9b43dccb240,대전광역시,일반
남자,대전광역시,일반,인지지원등급,92,2021,https://api.odcloud.kr/api/15072696/v1/uddi:63aa9ab2-863b-4a63-85cf-e9b43dccb240,대전광역시,일반
남자,대전광역시,일반,등급외,804,2021,https://api.odcloud.kr/api/15072696/v1/uddi:63aa9ab2-863b-4a63-85cf-e9b43dccb240,대전광역시,일반
여자,대전광역시,일반,1등급,389,2021,https://api.odcloud.kr/api/15072696/v1/uddi:63aa9ab2-863b-4a63-85cf-e9b43dccb240,대전광역시,일반
여자,대전광역시,일반,2등급,746,2021,https://api.odcloud.kr/api/15072696/v1/uddi:63aa9ab2-863b-4a63-85cf-e9b43dccb240,대전광역시,일반
여자,대전광역시,일반,3등급,2234,2021,https://api.odcloud.kr/api/15072696/v1/uddi:63aa9ab2-863b-4a63-85cf-e9b43dccb240,대전광역시,일반
여자,대전광역시,일반,4등급,3593,2021,https://api.odcloud.kr/api/15072696/v1/uddi:63aa9ab2-863b-4a63-85cf-e9b43dccb240,대전광역시,일반
여자,대전광역시,일반,5등급,1100,2021,https://api.odcloud.kr/api/15072696/v1/uddi:63aa9ab2-863b-4a63-85cf-e9b43dccb240,대전광역시,일반
여자,대전광역시,일반,인지지원등급,199,2021,https://api.odcloud.kr/api/15072696/v1/uddi:63aa9ab2-863b-4a63-85cf-e9b43dccb240,대전광역시,일반
여자,대전광역시,일반,등급외,1835,2021,https://api.odcloud.kr/api/15072696/v1/uddi:63aa9ab2-863b-4a63-85cf-e9b43dccb240,대전광역시,일반
남자,울산광역시,일반,1등급,142,2021,https://api.odcloud.kr/api/15072696/v1/uddi:63aa9ab2-863b-4a63-85cf-e9b43dccb240,울산광역시,일반
남자,울산광역시,일반,2등급,218,2021,https://api.odcloud.kr/api/15072696/v1/uddi:63aa9ab2-863b-4a63-85cf-e9b43dccb240,울산광역시,일반
남자,울산광역시,일반,3등급,751,2021,https://api.odcloud.kr/api/15072696/v1/uddi:63aa9ab2-863b-4a63-85cf-e9b43dccb240,울산광역시,일반
남자,울산광역시,일반,4등급,847,2021,https://api.odcloud.kr/api/15072696/v1/uddi:63aa9ab2-863b-4a63-85cf-e9b43dccb240,울산광역시,일반
남자,울산광역시,일반,5등급,130,2021,https://api.odcloud.kr/api/15072696/v1/uddi:63aa9ab2-863b-4a63-85cf-e9b43dccb240,울산광역시,일반
남자,울산광역시,일반,인지지원등급,24,2021,https://api.odcloud.kr/api/15072696/v1/uddi:63aa9ab2-863b-4a63-85cf-e9b43dccb240,울산광역시,일반
남자,울산광역시,일반,등급외,382,2021,https://api.odcloud.kr/api/15072696/v1/uddi:63aa9ab2-863b-4a63-85cf-e9b43dccb240,울산광역시,일반
여자,울산광역시,일반,1등급,337,2021,https://api.odcloud.kr/api/15072696/v1/uddi:63aa9ab2-863b-4a63-85cf-e9b43dccb240,울산광역시,일반
여자,울산광역시,일반,2등급,612,2021,https://api.odcloud.kr/api/15072696/v1/uddi:63aa9ab2-863b-4a63-85cf-e9b43dccb240,울산광역시,일반
여자,울산광역시,일반,3등급,1777,2021,https://api.odcloud.kr/api/15072696/v1/uddi:63aa9ab2-863b-4a63-85cf-e9b43dccb240,울산광역시,일반
여자,울산광역시,일반,4등급,2360,2021,https://api.odcloud.kr/api/15072696/v1/uddi:63aa9ab2-863b-4a63-85cf-e9b43dccb240,울산광역시,일반
여자,울산광역시,일반,5등급,446,2021,https://api.odcloud.kr/api/15072696/v1/uddi:63aa9ab2-863b-4a63-85cf-e9b43dccb240,울산광역시,일반
여자,울산광역시,일반,인지지원등급,92,2021,https://api.odcloud.kr/api/15072696/v1/uddi:63aa9ab2-863b-4a63-85cf-e9b43dccb240,울산광역시,일반
여자,울산광역시,일반,등급외,825,2021,https://api.odcloud.kr/api/15072696/v1/uddi:63aa9ab2-863b-4a63-85cf-e9b43dccb240,울산광역시,일반
남자,세종특별자치시,일반,1등급,36,2021,https://api.odcloud.kr/api/15072696/v1/uddi:63aa9ab2-863b-4a63-85cf-e9b43dccb240,세종특별자치시,일반
남자,세종특별자치시,일반,2등급,68,2021,https://api.odcloud.kr/api/15072696/v1/uddi:63aa9ab2-863b-4a63-85cf-e9b43dccb240,세종특별자치시,일반
남자,세종특별자치시,일반,3등급,196,2021,https://api.odcloud.kr/api/15072696/v1/uddi:63aa9ab2-863b-4a63-85cf-e9b43dccb240,세종특별자치시,일반
남자,세종특별자치시,일반,4등급,299,2021,https://api.odcloud.kr/api/15072696/v1/uddi:63aa9ab2-863b-4a63-85cf-e9b43dccb240,세종특별자치시,일반
남자,세종특별자치시,일반,5등급,110,2021,https://api.odcloud.kr/api/15072696/v1/uddi:63aa9ab2-863b-4a63-85cf-e9b43dccb240,세종특별자치시,일반
남자,세종특별자치시,일반,인지지원등급,21,2021,https://api.odcloud.kr/api/15072696/v1/uddi:63aa9ab2-863b-4a63-85cf-e9b43dccb240,세종특별자치시,일반
남자,세종특별자치시,일반,등급외,119,2021,https://api.odcloud.kr/api/15072696/v1/uddi:63aa9ab2-863b-4a63-85cf-e9b43dccb240,세종특별자치시,일반
여자,세종특별자치시,일반,1등급,98,2021,https://api.odcloud.kr/api/15072696/v1/uddi:63aa9ab2-863b-4a63-85cf-e9b43dccb240,세종특별자치시,일반
여자,세종특별자치시,일반,2등급,207,2021,https://api.odcloud.kr/api/15072696/v1/uddi:63aa9ab2-863b-4a63-85cf-e9b43dccb240,세종특별자치시,일반
여자,세종특별자치시,일반,3등급,469,2021,https://api.odcloud.kr/api/15072696/v1/uddi:63aa9ab2-863b-4a63-85cf-e9b43dccb240,세종특별자치시,일반
여자,세종특별자치시,일반,4등급,781,2021,https://api.odcloud.kr/api/15072696/v1/uddi:63aa9ab2-863b-4a63-85cf-e9b43dccb240,세종특별자치시,일반
여자,세종특별자치시,일반,5등급,214,2021,https://api.odcloud.kr/api/15072696/v1/uddi:63aa9ab2-863b-4a63-85cf-e9b43dccb240,세종특별자치시,일반
여자,세종특별자치시,일반,인지지원등급,38,2021,https://api.odcloud.kr/api/15072696/v1/uddi:63aa9ab2-863b-4a63-85cf-e9b43dccb240,세종특별자치시,일반
여자,세종특별자치시,일반,등급외,251,2021,https://api.odcloud.kr/api/15072696/v1/uddi:63aa9ab2-863b-4a63-85cf-e9b43dccb240,세종특별자치시,일반
남자,경기도,일반,1등급,1550,2021,https://api.odcloud.kr/api/15072696/v1/uddi:63aa9ab2-863b-4a63-85cf-e9b43dccb240,경기도,일반
남자,경기도,일반,2등급,2585,2021,https://api.odcloud.kr/api/15072696/v1/uddi:63aa9ab2-863b-4a63-85cf-e9b43dccb240,경기도,일반
남자,경기도,일반,3등급,8713,2021,https://api.odcloud.kr/api/15072696/v1/uddi:63aa9ab2-863b-4a63-85cf-e9b43dccb240,경기도,일반
남자,경기도,일반,4등급,11784,2021,https://api.odcloud.kr/api/15072696/v1/uddi:63aa9ab2-863b-4a63-85cf-e9b43dccb240,경기도,일반
남자,경기도,일반,5등급,3120,2021,https://api.odcloud.kr/api/15072696/v1/uddi:63aa9ab2-863b-4a63-85cf-e9b43dccb240,경기도,일반
남자,경기도,일반,인지지원등급,886,2021,https://api.odcloud.kr/api/15072696/v1/uddi:63aa9ab2-863b-4a63-85cf-e9b43dccb240,경기도,일반
남자,경기도,일반,등급외,5544,2021,https://api.odcloud.kr/api/15072696/v1/uddi:63aa9ab2-863b-4a63-85cf-e9b43dccb240,경기도,일반
여자,경기도,일반,1등급,3941,2021,https://api.odcloud.kr/api/15072696/v1/uddi:63aa9ab2-863b-4a63-85cf-e9b43dccb240,경기도,일반
여자,경기도,일반,2등급,7003,2021,https://api.odcloud.kr/api/15072696/v1/uddi:63aa9ab2-863b-4a63-85cf-e9b43dccb240,경기도,일반
여자,경기도,일반,3등급,20271,2021,https://api.odcloud.kr/api/15072696/v1/uddi:63aa9ab2-863b-4a63-85cf-e9b43dccb240,경기도,일반
여자,경기도,일반,4등급,28436,2021,https://api.odcloud.kr/api/15072696/v1/uddi:63aa9ab2-863b-4a63-85cf-e9b43dccb240,경기도,일반
여자,경기도,일반,5등급,7746,2021,https://api.odcloud.kr/api/15072696/v1/uddi:63aa9ab2-863b-4a63-85cf-e9b43dccb240,경기도,일반
여자,경기도,일반,인지지원등급,2087,2021,https://api.odcloud.kr/api/15072696/v1/uddi:63aa9ab2-863b-4a63-85cf-e9b43dccb240,경기도,일반
여자,경기도,일반,등급외,11826,2021,https://api.odcloud.kr/api/15072696/v1/uddi:63aa9ab2-863b-4a63-85cf-e9b43dccb240,경기도,일반
남자,강원특별자치도,일반,1등급,286,2021,https://api.odcloud.kr/api/15072696/v1/uddi:63aa9ab2-863b-4a63-85cf-e9b43dccb240,강원도,일반
남자,강원특별자치도,일반,2등급,562,2021,https://api.odcloud.kr/api/15072696/v1/uddi:63aa9ab2-863b-4a63-85cf-e9b43dccb240,강원도,일반
남자,강원특별자치도,일반,3등급,1484,2021,https://api.odcloud.kr/api/15072696/v1/uddi:63aa9ab2-863b-4a63-85cf-e9b43dccb240,강원도,일반
남자,강원특별자치도,일반,4등급,1633,2021,https://api.odcloud.kr/api/15072696/v1/uddi:63aa9ab2-863b-4a63-85cf-e9b43dccb240,강원도,일반
남자,강원특별자치도,일반,5등급,350,2021,https://api.odcloud.kr/api/15072696/v1/uddi:63aa9ab2-863b-4a63-85cf-e9b43dccb240,강원도,일반
남자,강원특별자치도,일반,인지지원등급,111,2021,https://api.odcloud.kr/api/15072696/v1/uddi:63aa9ab2-863b-4a63-85cf-e9b43dccb240,강원도,일반
남자,강원특별자치도,일반,등급외,1122,2021,https://api.odcloud.kr/api/15072696/v1/uddi:63aa9ab2-863b-4a63-85cf-e9b43dccb240,강원도,일반
여자,강원특별자치도,일반,1등급,701,2021,https://api.odcloud.kr/api/15072696/v1/uddi:63aa9ab2-863b-4a63-85cf-e9b43dccb240,강원도,일반
여자,강원특별자치도,일반,2등급,1372,2021,https://api.odcloud.kr/api/15072696/v1/uddi:63aa9ab2-863b-4a63-85cf-e9b43dccb240,강원도,일반
여자,강원특별자치도,일반,3등급,3341,2021,https://api.odcloud.kr/api/15072696/v1/uddi:63aa9ab2-863b-4a63-85cf-e9b43dccb240,강원도,일반
여자,강원특별자치도,일반,4등급,4148,2021,https://api.odcloud.kr/api/15072696/v1/uddi:63aa9ab2-863b-4a63-85cf-e9b43dccb240,강원도,일반
여자,강원특별자치도,일반,5등급,871,2021,https://api.odcloud.kr/api/15072696/v1/uddi:63aa9ab2-863b-4a63-85cf-e9b43dccb240,강원도,일반
여자,강원특별자치도,일반,인지지원등급,258,2021,https://api.odcloud.kr/api/15072696/v1/uddi:63aa9ab2-863b-4a63-85cf-e9b43dccb240,강원도,일반
여자,강원특별자치도,일반,등급외,2336,2021,https://api.odcloud.kr/api/15072696/v1/uddi:63aa9ab2-863b-4a63-85cf-e9b43dccb240,강원도,일반
남자,충청북도,일반,1등급,181,2021,https://api.odcloud.kr/api/15072696/v1/uddi:63aa9ab2-863b-4a63-85cf-e9b43dccb240,충청북도,일반
남자,충청북도,일반,2등급,435,2021,https://api.odcloud.kr/api/15072696/v1/uddi:63aa9ab2-863b-4a63-85cf-e9b43dccb240,충청북도,일반
남자,충청북도,일반,3등급,1260,2021,https://api.odcloud.kr/api/15072696/v1/uddi:63aa9ab2-863b-4a63-85cf-e9b43dccb240,충청북도,일반
남자,충청북도,일반,4등급,2004,2021,https://api.odcloud.kr/api/15072696/v1/uddi:63aa9ab2-863b-4a63-85cf-e9b43dccb240,충청북도,일반
남자,충청북도,일반,5등급,592,2021,https://api.odcloud.kr/api/15072696/v1/uddi:63aa9ab2-863b-4a63-85cf-e9b43dccb240,충청북도,일반
남자,충청북도,일반,인지지원등급,161,2021,https://api.odcloud.kr/api/15072696/v1/uddi:63aa9ab2-863b-4a63-85cf-e9b43dccb240,충청북도,일반
남자,충청북도,일반,등급외,1067,2021,https://api.odcloud.kr/api/15072696/v1/uddi:63aa9ab2-863b-4a63-85cf-e9b43dccb240,충청북도,일반
여자,충청북도,일반,1등급,495,2021,https://api.odcloud.kr/api/15072696/v1/uddi:63aa9ab2-863b-4a63-85cf-e9b43dccb240,충청북도,일반
여자,충청북도,일반,2등급,1233,2021,https://api.odcloud.kr/api/15072696/v1/uddi:63aa9ab2-863b-4a63-85cf-e9b43dccb240,충청북도,일반
여자,충청북도,일반,3등급,3131,2021,https://api.odcloud.kr/api/15072696/v1/uddi:63aa9ab2-863b-4a63-85cf-e9b43dccb240,충청북도,일반
여자,충청북도,일반,4등급,4977,2021,https://api.odcloud.kr/api/15072696/v1/uddi:63aa9ab2-863b-4a63-85cf-e9b43dccb240,충청북도,일반
여자,충청북도,일반,5등급,1497,2021,https://api.odcloud.kr/api/15072696/v1/uddi:63aa9ab2-863b-4a63-85cf-e9b43dccb240,충청북도,일반
여자,충청북도,일반,인지지원등급,327,2021,https://api.odcloud.kr/api/15072696/v1/uddi:63aa9ab2-863b-4a63-85cf-e9b43dccb240,충청북도,일반
여자,충청북도,일반,등급외,2239,2021,https://api.odcloud.kr/api/15072696/v1/uddi:63aa9ab2-863b-4a63-85cf-e9b43dccb240,충청북도,일반
남자,충청남도,일반,1등급,311,2021,https://api.odcloud.kr/api/15072696/v1/uddi:63aa9ab2-863b-4a63-85cf-e9b43dccb240,충청남도,일반
남자,충청남도,일반,2등급,649,2021,https://api.odcloud.kr/api/15072696/v1/uddi:63aa9ab2-863b-4a63-85cf-e9b43dccb240,충청남도,일반
남자,충청남도,일반,3등급,1924,2021,https://api.odcloud.kr/api/15072696/v1/uddi:63aa9ab2-863b-4a63-85cf-e9b43dccb240,충청남도,일반
남자,충청남도,일반,4등급,3379,2021,https://api.odcloud.kr/api/15072696/v1/uddi:63aa9ab2-863b-4a63-85cf-e9b43dccb240,충청남도,일반
남자,충청남도,일반,5등급,981,2021,https://api.odcloud.kr/api/15072696/v1/uddi:63aa9ab2-863b-4a63-85cf-e9b43dccb240,충청남도,일반
남자,충청남도,일반,인지지원등급,271,2021,https://api.odcloud.kr/api/15072696/v1/uddi:63aa9ab2-863b-4a63-85cf-e9b43dccb240,충청남도,일반
남자,충청남도,일반,등급외,2046,2021,https://api.odcloud.kr/api/15072696/v1/uddi:63aa9ab2-863b-4a63-85cf-e9b43dccb240,충청남도,일반
여자,충청남도,일반,1등급,803,2021,https://api.odcloud.kr/api/15072696/v1/uddi:63aa9ab2-863b-4a63-85cf-e9b43dccb240,충청남도,일반
여자,충청남도,일반,2등급,1693,2021,https://api.odcloud.kr/api/15072696/v1/uddi:63aa9ab2-863b-4a63-85cf-e9b43dccb240,충청남도,일반
여자,충청남도,일반,3등급,4606,2021,https://api.odcloud.kr/api/15072696/v1/uddi:63aa9ab2-863b-4a63-85cf-e9b43dccb240,충청남도,일반
여자,충청남도,일반,4등급,8576,2021,https://api.odcloud.kr/api/15072696/v1/uddi:63aa9ab2-863b-4a63-85cf-e9b43dccb240,충청남도,일반
여자,충청남도,일반,5등급,2452,2021,https://api.odcloud.kr/api/15072696/v1/uddi:63aa9ab2-863b-4a63-85cf-e9b43dccb240,충청남도,일반
여자,충청남도,일반,인지지원등급,541,2021,https://api.odcloud.kr/api/15072696/v1/uddi:63aa9ab2-863b-4a63-85cf-e9b43dccb240,충청남도,일반
여자,충청남도,일반,등급외,4263,2021,https://api.odcloud.kr/api/15072696/v1/uddi:63aa9ab2-863b-4a63-85cf-e9b43dccb240,충청남도,일반
남자,전북특별자치도,일반,1등급,187,2021,https://api.odcloud.kr/api/15072696/v1/uddi:63aa9ab2-863b-4a63-85cf-e9b43dccb240,전라북도,일반
남자,전북특별자치도,일반,2등급,437,2021,https://api.odcloud.kr/api/15072696/v1/uddi:63aa9ab2-863b-4a63-85cf-e9b43dccb240,전라북도,일반
남자,전북특별자치도,일반,3등급,1362,2021,https://api.odcloud.kr/api/15072696/v1/uddi:63aa9ab2-863b-4a63-85cf-e9b43dccb240,전라북도,일반
남자,전북특별자치도,일반,4등급,3096,2021,https://api.odcloud.kr/api/15072696/v1/uddi:63aa9ab2-863b-4a63-85cf-e9b43dccb240,전라북도,일반
남자,전북특별자치도,일반,5등급,1102,2021,https://api.odcloud.kr/api/15072696/v1/uddi:63aa9ab2-863b-4a63-85cf-e9b43dccb240,전라북도,일반
남자,전북특별자치도,일반,인지지원등급,196,2021,https://api.odcloud.kr/api/15072696/v1/uddi:63aa9ab2-863b-4a63-85cf-e9b43dccb240,전라북도,일반
남자,전북특별자치도,일반,등급외,2108,2021,https://api.odcloud.kr/api/15072696/v1/uddi:63aa9ab2-863b-4a63-85cf-e9b43dccb240,전라북도,일반
여자,전북특별자치도,일반,1등급,528,2021,https://api.odcloud.kr/api/15072696/v1/uddi:63aa9ab2-863b-4a63-85cf-e9b43dccb240,전라북도,일반
여자,전북특별자치도,일반,2등급,1158,2021,https://api.odcloud.kr/api/15072696/v1/uddi:63aa9ab2-863b-4a63-85cf-e9b43dccb240,전라북도,일반
여자,전북특별자치도,일반,3등급,3284,2021,https://api.odcloud.kr/api/15072696/v1/uddi:63aa9ab2-863b-4a63-85cf-e9b43dccb240,전라북도,일반
여자,전북특별자치도,일반,4등급,8269,2021,https://api.odcloud.kr/api/15072696/v1/uddi:63aa9ab2-863b-4a63-85cf-e9b43dccb240,전라북도,일반
여자,전북특별자치도,일반,5등급,2858,2021,https://api.odcloud.kr/api/15072696/v1/uddi:63aa9ab2-863b-4a63-85cf-e9b43dccb240,전라북도,일반
여자,전북특별자치도,일반,인지지원등급,408,2021,https://api.odcloud.kr/api/15072696/v1/uddi:63aa9ab2-863b-4a63-85cf-e9b43dccb240,전라북도,일반
여자,전북특별자치도,일반,등급외,5093,2021,https://api.odcloud.kr/api/15072696/v1/uddi:63aa9ab2-863b-4a63-85cf-e9b43dccb240,전라북도,일반
남자,전라남도,일반,1등급,206,2021,https://api.odcloud.kr/api/15072696/v1/uddi:63aa9ab2-863b-4a63-85cf-e9b43dccb240,전라남도,일반
남자,전라남도,일반,2등급,473,2021,https://api.odcloud.kr/api/15072696/v1/uddi:63aa9ab2-863b-4a63-85cf-e9b43dccb240,전라남도,일반
남자,전라남도,일반,3등급,1393,2021,https://api.odcloud.kr/api/15072696/v1/uddi:63aa9ab2-863b-4a63-85cf-e9b43dccb240,전라남도,일반
남자,전라남도,일반,4등급,3038,2021,https://api.odcloud.kr/api/15072696/v1/uddi:63aa9ab2-863b-4a63-85cf-e9b43dccb240,전라남도,일반
남자,전라남도,일반,5등급,816,2021,https://api.odcloud.kr/api/15072696/v1/uddi:63aa9ab2-863b-4a63-85cf-e9b43dccb240,전라남도,일반
남자,전라남도,일반,인지지원등급,236,2021,https://api.odcloud.kr/api/15072696/v1/uddi:63aa9ab2-863b-4a63-85cf-e9b43dccb240,전라남도,일반
남자,전라남도,일반,등급외,2575,2021,https://api.odcloud.kr/api/15072696/v1/uddi:63aa9ab2-863b-4a63-85cf-e9b43dccb240,전라남도,일반
여자,전라남도,일반,1등급,522,2021,https://api.odcloud.kr/api/15072696/v1/uddi:63aa9ab2-863b-4a63-85cf-e9b43dccb240,전라남도,일반
여자,전라남도,일반,2등급,1251,2021,https://api.odcloud.kr/api/15072696/v1/uddi:63aa9ab2-863b-4a63-85cf-e9b43dccb240,전라남도,일반
여자,전라남도,일반,3등급,3573,2021,https://api.odcloud.kr/api/15072696/v1/uddi:63aa9ab2-863b-4a63-85cf-e9b43dccb240,전라남도,일반
여자,전라남도,일반,4등급,8771,2021,https://api.odcloud.kr/api/15072696/v1/uddi:63aa9ab2-863b-4a63-85cf-e9b43dccb240,전라남도,일반
여자,전라남도,일반,5등급,2386,2021,https://api.odcloud.kr/api/15072696/v1/uddi:63aa9ab2-863b-4a63-85cf-e9b43dccb240,전라남도,일반
여자,전라남도,일반,인지지원등급,547,2021,https://api.odcloud.kr/api/15072696/v1/uddi:63aa9ab2-863b-4a63-85cf-e9b43dccb240,전라남도,일반
여자,전라남도,일반,등급외,6836,2021,https://api.odcloud.kr/api/15072696/v1/uddi:63aa9ab2-863b-4a63-85cf-e9b43dccb240,전라남도,일반
남자,경상북도,일반,1등급,363,2021,https://api.odcloud.kr/api/15072696/v1/uddi:63aa9ab2-863b-4a63-85cf-e9b43dccb240,경상북도,일반
남자,경상북도,일반,2등급,677,2021,https://api.odcloud.kr/api/15072696/v1/uddi:63aa9ab2-863b-4a63-85cf-e9b43dccb240,경상북도,일반
남자,경상북도,일반,3등급,2366,2021,https://api.odcloud.kr/api/15072696/v1/uddi:63aa9ab2-863b-4a63-85cf-e9b43dccb240,경상북도,일반
남자,경상북도,일반,4등급,4186,2021,https://api.odcloud.kr/api/15072696/v1/uddi:63aa9ab2-863b-4a63-85cf-e9b43dccb240,경상북도,일반
남자,경상북도,일반,5등급,1221,2021,https://api.odcloud.kr/api/15072696/v1/uddi:63aa9ab2-863b-4a63-85cf-e9b43dccb240,경상북도,일반
남자,경상북도,일반,인지지원등급,232,2021,https://api.odcloud.kr/api/15072696/v1/uddi:63aa9ab2-863b-4a63-85cf-e9b43dccb240,경상북도,일반
남자,경상북도,일반,등급외,2591,2021,https://api.odcloud.kr/api/15072696/v1/uddi:63aa9ab2-863b-4a63-85cf-e9b43dccb240,경상북도,일반
여자,경상북도,일반,1등급,793,2021,https://api.odcloud.kr/api/15072696/v1/uddi:63aa9ab2-863b-4a63-85cf-e9b43dccb240,경상북도,일반
여자,경상북도,일반,2등급,1729,2021,https://api.odcloud.kr/api/15072696/v1/uddi:63aa9ab2-863b-4a63-85cf-e9b43dccb240,경상북도,일반
여자,경상북도,일반,3등급,5567,2021,https://api.odcloud.kr/api/15072696/v1/uddi:63aa9ab2-863b-4a63-85cf-e9b43dccb240,경상북도,일반
여자,경상북도,일반,4등급,11083,2021,https://api.odcloud.kr/api/15072696/v1/uddi:63aa9ab2-863b-4a63-85cf-e9b43dccb240,경상북도,일반
여자,경상북도,일반,5등급,3378,2021,https://api.odcloud.kr/api/15072696/v1/uddi:63aa9ab2-863b-4a63-85cf-e9b43dccb240,경상북도,일반
여자,경상북도,일반,인지지원등급,528,2021,https://api.odcloud.kr/api/15072696/v1/uddi:63aa9ab2-863b-4a63-85cf-e9b43dccb240,경상북도,일반
여자,경상북도,일반,등급외,5705,2021,https://api.odcloud.kr/api/15072696/v1/uddi:63aa9ab2-863b-4a63-85cf-e9b43dccb240,경상북도,일반
남자,경상남도,일반,1등급,310,2021,https://api.odcloud.kr/api/15072696/v1/uddi:63aa9ab2-863b-4a63-85cf-e9b43dccb240,경상남도,일반
남자,경상남도,일반,2등급,676,2021,https://api.odcloud.kr/api/15072696/v1/uddi:63aa9ab2-863b-4a63-85cf-e9b43dccb240,경상남도,일반
남자,경상남도,일반,3등급,2269,2021,https://api.odcloud.kr/api/15072696/v1/uddi:63aa9ab2-863b-4a63-85cf-e9b43dccb240,경상남도,일반
남자,경상남도,일반,4등급,4292,2021,https://api.odcloud.kr/api/15072696/v1/uddi:63aa9ab2-863b-4a63-85cf-e9b43dccb240,경상남도,일반
남자,경상남도,일반,5등급,1101,2021,https://api.odcloud.kr/api/15072696/v1/uddi:63aa9ab2-863b-4a63-85cf-e9b43dccb240,경상남도,일반
남자,경상남도,일반,인지지원등급,218,2021,https://api.odcloud.kr/api/15072696/v1/uddi:63aa9ab2-863b-4a63-85cf-e9b43dccb240,경상남도,일반
남자,경상남도,일반,등급외,2790,2021,https://api.odcloud.kr/api/15072696/v1/uddi:63aa9ab2-863b-4a63-85cf-e9b43dccb240,경상남도,일반
여자,경상남도,일반,1등급,863,2021,https://api.odcloud.kr/api/15072696/v1/uddi:63aa9ab2-863b-4a63-85cf-e9b43dccb240,경상남도,일반
여자,경상남도,일반,2등급,1872,2021,https://api.odcloud.kr/api/15072696/v1/uddi:63aa9ab2-863b-4a63-85cf-e9b43dccb240,경상남도,일반
여자,경상남도,일반,3등급,5467,2021,https://api.odcloud.kr/api/15072696/v1/uddi:63aa9ab2-863b-4a63-85cf-e9b43dccb240,경상남도,일반
여자,경상남도,일반,4등급,12180,2021,https://api.odcloud.kr/api/15072696/v1/uddi:63aa9ab2-863b-4a63-85cf-e9b43dccb240,경상남도,일반
여자,경상남도,일반,5등급,3185,2021,https://api.odcloud.kr/api/15072696/v1/uddi:63aa9ab2-863b-4a63-85cf-e9b43dccb240,경상남도,일반
여자,경상남도,일반,인지지원등급,581,2021,https://api.odcloud.kr/api/15072696/v1/uddi:63aa9ab2-863b-4a63-85cf-e9b43dccb240,경상남도,일반
여자,경상남도,일반,등급외,6300,2021,https://api.odcloud.kr/api/15072696/v1/uddi:63aa9ab2-863b-4a63-85cf-e9b43dccb240,경상남도,일반
남자,제주특별자치도,일반,1등급,131,2021,https://api.odcloud.kr/api/15072696/v1/uddi:63aa9ab2-863b-4a63-85cf-e9b43dccb240,제주특별자치도,일반
남자,제주특별자치도,일반,2등급,174,2021,https://api.odcloud.kr/api/15072696/v1/uddi:63aa9ab2-863b-4a63-85cf-e9b43dccb240,제주특별자치도,일반
남자,제주특별자치도,일반,3등급,419,2021,https://api.odcloud.kr/api/15072696/v1/uddi:63aa9ab2-863b-4a63-85cf-e9b43dccb240,제주특별자치도,일반
남자,제주특별자치도,일반,4등급,543,2021,https://api.odcloud.kr/api/15072696/v1/uddi:63aa9ab2-863b-4a63-85cf-e9b43dccb240,제주특별자치도,일반
남자,제주특별자치도,일반,5등급,127,2021,https://api.odcloud.kr/api/15072696/v1/uddi:63aa9ab2-863b-4a63-85cf-e9b43dccb240,제주특별자치도,일반
남자,제주특별자치도,일반,인지지원등급,31,2021,https://api.odcloud.kr/api/15072696/v1/uddi:63aa9ab2-863b-4a63-85cf-e9b43dccb240,제주특별자치도,일반
남자,제주특별자치도,일반,등급외,298,2021,https://api.odcloud.kr/api/15072696/v1/uddi:63aa9ab2-863b-4a63-85cf-e9b43dccb240,제주특별자치도,일반
여자,제주특별자치도,일반,1등급,304,2021,https://api.odcloud.kr/api/15072696/v1/uddi:63aa9ab2-863b-4a63-85cf-e9b43dccb240,제주특별자치도,일반
여자,제주특별자치도,일반,2등급,490,2021,https://api.odcloud.kr/api/15072696/v1/uddi:63aa9ab2-863b-4a63-85cf-e9b43dccb240,제주특별자치도,일반
여자,제주특별자치도,일반,3등급,1031,2021,https://api.odcloud.kr/api/15072696/v1/uddi:63aa9ab2-863b-4a63-85cf-e9b43dccb240,제주특별자치도,일반
여자,제주특별자치도,일반,4등급,1320,2021,https://api.odcloud.kr/api/15072696/v1/uddi:63aa9ab2-863b-4a63-85cf-e9b43dccb240,제주특별자치도,일반
여자,제주특별자치도,일반,5등급,336,2021,https://api.odcloud.kr/api/15072696/v1/uddi:63aa9ab2-863b-4a63-85cf-e9b43dccb240,제주특별자치도,일반
여자,제주특별자치도,일반,인지지원등급,96,2021,https://api.odcloud.kr/api/15072696/v1/uddi:63aa9ab2-863b-4a63-85cf-e9b43dccb240,제주특별자치도,일반
여자,제주특별자치도,일반,등급외,770,2021,https://api.odcloud.kr/api/15072696/v1/uddi:63aa9ab2-863b-4a63-85cf-e9b43dccb240,제주특별자치도,일반
남자,서울특별시,기초수급,1등급,295,2021,https://api.odcloud.kr/api/15072696/v1/uddi:63aa9ab2-863b-4a63-85cf-e9b43dccb240,서울특별시,기초
남자,서울특별시,기초수급,2등급,471,2021,https://api.odcloud.kr/api/15072696/v1/uddi:63aa9ab2-863b-4a63-85cf-e9b43dccb240,서울특별시,기초
남자,서울특별시,기초수급,3등급,1463,2021,https://api.odcloud.kr/api/15072696/v1/uddi:63aa9ab2-863b-4a63-85cf-e9b43dccb240,서울특별시,기초
남자,서울특별시,기초수급,4등급,2838,2021,https://api.odcloud.kr/api/15072696/v1/uddi:63aa9ab2-863b-4a63-85cf-e9b43dccb240,서울특별시,기초
남자,서울특별시,기초수급,5등급,603,2021,https://api.odcloud.kr/api/15072696/v1/uddi:63aa9ab2-863b-4a63-85cf-e9b43dccb240,서울특별시,기초
남자,서울특별시,기초수급,인지지원등급,169,2021,https://api.odcloud.kr/api/15072696/v1/uddi:63aa9ab2-863b-4a63-85cf-e9b43dccb240,서울특별시,기초
남자,서울특별시,기초수급,등급외,1899,2021,https://api.odcloud.kr/api/15072696/v1/uddi:63aa9ab2-863b-4a63-85cf-e9b43dccb240,서울특별시,기초
여자,서울특별시,기초수급,1등급,878,2021,https://api.odcloud.kr/api/15072696/v1/uddi:63aa9ab2-863b-4a63-85cf-e9b43dccb240,서울특별시,기초
여자,서울특별시,기초수급,2등급,1425,2021,https://api.odcloud.kr/api/15072696/v1/uddi:63aa9ab2-863b-4a63-85cf-e9b43dccb240,서울특별시,기초
여자,서울특별시,기초수급,3등급,3760,2021,https://api.odcloud.kr/api/15072696/v1/uddi:63aa9ab2-863b-4a63-85cf-e9b43dccb240,서울특별시,기초
여자,서울특별시,기초수급,4등급,6910,2021,https://api.odcloud.kr/api/15072696/v1/uddi:63aa9ab2-863b-4a63-85cf-e9b43dccb240,서울특별시,기초
여자,서울특별시,기초수급,5등급,1192,2021,https://api.odcloud.kr/api/15072696/v1/uddi:63aa9ab2-863b-4a63-85cf-e9b43dccb240,서울특별시,기초
여자,서울특별시,기초수급,인지지원등급,314,2021,https://api.odcloud.kr/api/15072696/v1/uddi:63aa9ab2-863b-4a63-85cf-e9b43dccb240,서울특별시,기초
여자,서울특별시,기초수급,등급외,2754,2021,https://api.odcloud.kr/api/15072696/v1/uddi:63aa9ab2-863b-4a63-85cf-e9b43dccb240,서울특별시,기초
남자,부산광역시,기초수급,1등급,115,2021,https://api.odcloud.kr/api/15072696/v1/uddi:63aa9ab2-863b-4a63-85cf-e9b43dccb240,부산광역시,기초
남자,부산광역시,기초수급,2등급,224,2021,https://api.odcloud.kr/api/15072696/v1/uddi:63aa9ab2-863b-4a63-85cf-e9b43dccb240,부산광역시,기초
남자,부산광역시,기초수급,3등급,849,2021,https://api.odcloud.kr/api/15072696/v1/uddi:63aa9ab2-863b-4a63-85cf-e9b43dccb240,부산광역시,기초
남자,부산광역시,기초수급,4등급,1794,2021,https://api.odcloud.kr/api/15072696/v1/uddi:63aa9ab2-863b-4a63-85cf-e9b43dccb240,부산광역시,기초
남자,부산광역시,기초수급,5등급,325,2021,https://api.odcloud.kr/api/15072696/v1/uddi:63aa9ab2-863b-4a63-85cf-e9b43dccb240,부산광역시,기초
남자,부산광역시,기초수급,인지지원등급,73,2021,https://api.odcloud.kr/api/15072696/v1/uddi:63aa9ab2-863b-4a63-85cf-e9b43dccb240,부산광역시,기초
남자,부산광역시,기초수급,등급외,1354,2021,https://api.odcloud.kr/api/15072696/v1/uddi:63aa9ab2-863b-4a63-85cf-e9b43dccb240,부산광역시,기초
여자,부산광역시,기초수급,1등급,382,2021,https://api.odcloud.kr/api/15072696/v1/uddi:63aa9ab2-863b-4a63-85cf-e9b43dccb240,부산광역시,기초
여자,부산광역시,기초수급,2등급,716,2021,https://api.odcloud.kr/api/15072696/v1/uddi:63aa9ab2-863b-4a63-85cf-e9b43dccb240,부산광역시,기초
여자,부산광역시,기초수급,3등급,2025,2021,https://api.odcloud.kr/api/15072696/v1/uddi:63aa9ab2-863b-4a63-85cf-e9b43dccb240,부산광역시,기초
여자,부산광역시,기초수급,4등급,4693,2021,https://api.odcloud.kr/api/15072696/v1/uddi:63aa9ab2-863b-4a63-85cf-e9b43dccb240,부산광역시,기초
여자,부산광역시,기초수급,5등급,689,2021,https://api.odcloud.kr/api/15072696/v1/uddi:63aa9ab2-863b-4a63-85cf-e9b43dccb240,부산광역시,기초
여자,부산광역시,기초수급,인지지원등급,130,2021,https://api.odcloud.kr/api/15072696/v1/uddi:63aa9ab2-863b-4a63-85cf-e9b43dccb240,부산광역시,기초
여자,부산광역시,기초수급,등급외,2200,2021,https://api.odcloud.kr/api/15072696/v1/uddi:63aa9ab2-863b-4a63-85cf-e9b43dccb240,부산광역시,기초
남자,대구광역시,기초수급,1등급,90,2021,https://api.odcloud.kr/api/15072696/v1/uddi:63aa9ab2-863b-4a63-85cf-e9b43dccb240,대구광역시,기초
남자,대구광역시,기초수급,2등급,192,2021,https://api.odcloud.kr/api/15072696/v1/uddi:63aa9ab2-863b-4a63-85cf-e9b43dccb240,대구광역시,기초
남자,대구광역시,기초수급,3등급,574,2021,https://api.odcloud.kr/api/15072696/v1/uddi:63aa9ab2-863b-4a63-85cf-e9b43dccb240,대구광역시,기초
남자,대구광역시,기초수급,4등급,1017,2021,https://api.odcloud.kr/api/15072696/v1/uddi:63aa9ab2-863b-4a63-85cf-e9b43dccb240,대구광역시,기초
남자,대구광역시,기초수급,5등급,356,2021,https://api.odcloud.kr/api/15072696/v1/uddi:63aa9ab2-863b-4a63-85cf-e9b43dccb240,대구광역시,기초
남자,대구광역시,기초수급,인지지원등급,50,2021,https://api.odcloud.kr/api/15072696/v1/uddi:63aa9ab2-863b-4a63-85cf-e9b43dccb240,대구광역시,기초
남자,대구광역시,기초수급,등급외,709,2021,https://api.odcloud.kr/api/15072696/v1/uddi:63aa9ab2-863b-4a63-85cf-e9b43dccb240,대구광역시,기초
여자,대구광역시,기초수급,1등급,280,2021,https://api.odcloud.kr/api/15072696/v1/uddi:63aa9ab2-863b-4a63-85cf-e9b43dccb240,대구광역시,기초
여자,대구광역시,기초수급,2등급,603,2021,https://api.odcloud.kr/api/15072696/v1/uddi:63aa9ab2-863b-4a63-85cf-e9b43dccb240,대구광역시,기초
여자,대구광역시,기초수급,3등급,1499,2021,https://api.odcloud.kr/api/15072696/v1/uddi:63aa9ab2-863b-4a63-85cf-e9b43dccb240,대구광역시,기초
여자,대구광역시,기초수급,4등급,2555,2021,https://api.odcloud.kr/api/15072696/v1/uddi:63aa9ab2-863b-4a63-85cf-e9b43dccb240,대구광역시,기초
여자,대구광역시,기초수급,5등급,817,2021,https://api.odcloud.kr/api/15072696/v1/uddi:63aa9ab2-863b-4a63-85cf-e9b43dccb240,대구광역시,기초
여자,대구광역시,기초수급,인지지원등급,106,2021,https://api.odcloud.kr/api/15072696/v1/uddi:63aa9ab2-863b-4a63-85cf-e9b43dccb240,대구광역시,기초
여자,대구광역시,기초수급,등급외,1166,2021,https://api.odcloud.kr/api/15072696/v1/uddi:63aa9ab2-863b-4a63-85cf-e9b43dccb240,대구광역시,기초
남자,인천광역시,기초수급,1등급,161,2021,https://api.odcloud.kr/api/15072696/v1/uddi:63aa9ab2-863b-4a63-85cf-e9b43dccb240,인천광역시,기초
남자,인천광역시,기초수급,2등급,279,2021,https://api.odcloud.kr/api/15072696/v1/uddi:63aa9ab2-863b-4a63-85cf-e9b43dccb240,인천광역시,기초
남자,인천광역시,기초수급,3등급,947,2021,https://api.odcloud.kr/api/15072696/v1/uddi:63aa9ab2-863b-4a63-85cf-e9b43dccb240,인천광역시,기초
남자,인천광역시,기초수급,4등급,1777,2021,https://api.odcloud.kr/api/15072696/v1/uddi:63aa9ab2-863b-4a63-85cf-e9b43dccb240,인천광역시,기초
남자,인천광역시,기초수급,5등급,264,2021,https://api.odcloud.kr/api/15072696/v1/uddi:63aa9ab2-863b-4a63-85cf-e9b43dccb240,인천광역시,기초
남자,인천광역시,기초수급,인지지원등급,54,2021,https://api.odcloud.kr/api/15072696/v1/uddi:63aa9ab2-863b-4a63-85cf-e9b43dccb240,인천광역시,기초
남자,인천광역시,기초수급,등급외,843,2021,https://api.odcloud.kr/api/15072696/v1/uddi:63aa9ab2-863b-4a63-85cf-e9b43dccb240,인천광역시,기초
여자,인천광역시,기초수급,1등급,378,2021,https://api.odcloud.kr/api/15072696/v1/uddi:63aa9ab2-863b-4a63-85cf-e9b43dccb240,인천광역시,기초
여자,인천광역시,기초수급,2등급,792,2021,https://api.odcloud.kr/api/15072696/v1/uddi:63aa9ab2-863b-4a63-85cf-e9b43dccb240,인천광역시,기초
여자,인천광역시,기초수급,3등급,2146,2021,https://api.odcloud.kr/api/15072696/v1/uddi:63aa9ab2-863b-4a63-85cf-e9b43dccb240,인천광역시,기초
여자,인천광역시,기초수급,4등급,3904,2021,https://api.odcloud.kr/api/15072696/v1/uddi:63aa9ab2-863b-4a63-85cf-e9b43dccb240,인천광역시,기초
여자,인천광역시,기초수급,5등급,586,2021,https://api.odcloud.kr/api/15072696/v1/uddi:63aa9ab2-863b-4a63-85cf-e9b43dccb240,인천광역시,기초
여자,인천광역시,기초수급,인지지원등급,67,2021,https://api.odcloud.kr/api/15072696/v1/uddi:63aa9ab2-863b-4a63-85cf-e9b43dccb240,인천광역시,기초
여자,인천광역시,기초수급,등급외,1173,2021,https://api.odcloud.kr/api/15072696/v1/uddi:63aa9ab2-863b-4a63-85cf-e9b43dccb240,인천광역시,기초
남자,광주광역시,기초수급,1등급,48,2021,https://api.odcloud.kr/api/15072696/v1/uddi:63aa9ab2-863b-4a63-85cf-e9b43dccb240,광주광역시,기초
남자,광주광역시,기초수급,2등급,57,2021,https://api.odcloud.kr/api/15072696/v1/uddi:63aa9ab2-863b-4a63-85cf-e9b43dccb240,광주광역시,기초
남자,광주광역시,기초수급,3등급,248,2021,https://api.odcloud.kr/api/15072696/v1/uddi:63aa9ab2-863b-4a63-85cf-e9b43dccb240,광주광역시,기초
남자,광주광역시,기초수급,4등급,550,2021,https://api.odcloud.kr/api/15072696/v1/uddi:63aa9ab2-863b-4a63-85cf-e9b43dccb240,광주광역시,기초
남자,광주광역시,기초수급,5등급,152,2021,https://api.odcloud.kr/api/15072696/v1/uddi:63aa9ab2-863b-4a63-85cf-e9b43dccb240,광주광역시,기초
남자,광주광역시,기초수급,인지지원등급,38,2021,https://api.odcloud.kr/api/15072696/v1/uddi:63aa9ab2-863b-4a63-85cf-e9b43dccb240,광주광역시,기초
남자,광주광역시,기초수급,등급외,648,2021,https://api.odcloud.kr/api/15072696/v1/uddi:63aa9ab2-863b-4a63-85cf-e9b43dccb240,광주광역시,기초
여자,광주광역시,기초수급,1등급,114,2021,https://api.odcloud.kr/api/15072696/v1/uddi:63aa9ab2-863b-4a63-85cf-e9b43dccb240,광주광역시,기초
여자,광주광역시,기초수급,2등급,184,2021,https://api.odcloud.kr/api/15072696/v1/uddi:63aa9ab2-863b-4a63-85cf-e9b43dccb240,광주광역시,기초
여자,광주광역시,기초수급,3등급,675,2021,https://api.odcloud.kr/api/15072696/v1/uddi:63aa9ab2-863b-4a63-85cf-e9b43dccb240,광주광역시,기초
여자,광주광역시,기초수급,4등급,1457,2021,https://api.odcloud.kr/api/15072696/v1/uddi:63aa9ab2-863b-4a63-85cf-e9b43dccb240,광주광역시,기초
여자,광주광역시,기초수급,5등급,412,2021,https://api.odcloud.kr/api/15072696/v1/uddi:63aa9ab2-863b-4a63-85cf-e9b43dccb240,광주광역시,기초
여자,광주광역시,기초수급,인지지원등급,79,2021,https://api.odcloud.kr/api/15072696/v1/uddi:63aa9ab2-863b-4a63-85cf-e9b43dccb240,광주광역시,기초
여자,광주광역시,기초수급,등급외,1078,2021,https://api.odcloud.kr/api/15072696/v1/uddi:63aa9ab2-863b-4a63-85cf-e9b43dccb240,광주광역시,기초
남자,대전광역시,기초수급,1등급,43,2021,https://api.odcloud.kr/api/15072696/v1/uddi:63aa9ab2-863b-4a63-85cf-e9b43dccb240,대전광역시,기초
남자,대전광역시,기초수급,2등급,107,2021,https://api.odcloud.kr/api/15072696/v1/uddi:63aa9ab2-863b-4a63-85cf-e9b43dccb240,대전광역시,기초
남자,대전광역시,기초수급,3등급,284,2021,https://api.odcloud.kr/api/15072696/v1/uddi:63aa9ab2-863b-4a63-85cf-e9b43dccb240,대전광역시,기초
남자,대전광역시,기초수급,4등급,626,2021,https://api.odcloud.kr/api/15072696/v1/uddi:63aa9ab2-863b-4a63-85cf-e9b43dccb240,대전광역시,기초
남자,대전광역시,기초수급,5등급,153,2021,https://api.odcloud.kr/api/15072696/v1/uddi:63aa9ab2-863b-4a63-85cf-e9b43dccb240,대전광역시,기초
남자,대전광역시,기초수급,인지지원등급,31,2021,https://api.odcloud.kr/api/15072696/v1/uddi:63aa9ab2-863b-4a63-85cf-e9b43dccb240,대전광역시,기초
남자,대전광역시,기초수급,등급외,529,2021,https://api.odcloud.kr/api/15072696/v1/uddi:63aa9ab2-863b-4a63-85cf-e9b43dccb240,대전광역시,기초
여자,대전광역시,기초수급,1등급,168,2021,https://api.odcloud.kr/api/15072696/v1/uddi:63aa9ab2-863b-4a63-85cf-e9b43dccb240,대전광역시,기초
여자,대전광역시,기초수급,2등급,296,2021,https://api.odcloud.kr/api/15072696/v1/uddi:63aa9ab2-863b-4a63-85cf-e9b43dccb240,대전광역시,기초
여자,대전광역시,기초수급,3등급,682,2021,https://api.odcloud.kr/api/15072696/v1/uddi:63aa9ab2-863b-4a63-85cf-e9b43dccb240,대전광역시,기초
여자,대전광역시,기초수급,4등급,1331,2021,https://api.odcloud.kr/api/15072696/v1/uddi:63aa9ab2-863b-4a63-85cf-e9b43dccb240,대전광역시,기초
여자,대전광역시,기초수급,5등급,361,2021,https://api.odcloud.kr/api/15072696/v1/uddi:63aa9ab2-863b-4a63-85cf-e9b43dccb240,대전광역시,기초
여자,대전광역시,기초수급,인지지원등급,58,2021,https://api.odcloud.kr/api/15072696/v1/uddi:63aa9ab2-863b-4a63-85cf-e9b43dccb240,대전광역시,기초
여자,대전광역시,기초수급,등급외,738,2021,https://api.odcloud.kr/api/15072696/v1/uddi:63aa9ab2-863b-4a63-85cf-e9b43dccb240,대전광역시,기초
남자,울산광역시,기초수급,1등급,31,2021,https://api.odcloud.kr/api/15072696/v1/uddi:63aa9ab2-863b-4a63-85cf-e9b43dccb240,울산광역시,기초
남자,울산광역시,기초수급,2등급,56,2021,https://api.odcloud.kr/api/15072696/v1/uddi:63aa9ab2-863b-4a63-85cf-e9b43dccb240,울산광역시,기초
남자,울산광역시,기초수급,3등급,183,2021,https://api.odcloud.kr/api/15072696/v1/uddi:63aa9ab2-863b-4a63-85cf-e9b43dccb240,울산광역시,기초
남자,울산광역시,기초수급,4등급,383,2021,https://api.odcloud.kr/api/15072696/v1/uddi:63aa9ab2-863b-4a63-85cf-e9b43dccb240,울산광역시,기초
남자,울산광역시,기초수급,5등급,56,2021,https://api.odcloud.kr/api/15072696/v1/uddi:63aa9ab2-863b-4a63-85cf-e9b43dccb240,울산광역시,기초
남자,울산광역시,기초수급,인지지원등급,13,2021,https://api.odcloud.kr/api/15072696/v1/uddi:63aa9ab2-863b-4a63-85cf-e9b43dccb240,울산광역시,기초
남자,울산광역시,기초수급,등급외,189,2021,https://api.odcloud.kr/api/15072696/v1/uddi:63aa9ab2-863b-4a63-85cf-e9b43dccb240,울산광역시,기초
여자,울산광역시,기초수급,1등급,66,2021,https://api.odcloud.kr/api/15072696/v1/uddi:63aa9ab2-863b-4a63-85cf-e9b43dccb240,울산광역시,기초
여자,울산광역시,기초수급,2등급,147,2021,https://api.odcloud.kr/api/15072696/v1/uddi:63aa9ab2-863b-4a63-85cf-e9b43dccb240,울산광역시,기초
여자,울산광역시,기초수급,3등급,410,2021,https://api.odcloud.kr/api/15072696/v1/uddi:63aa9ab2-863b-4a63-85cf-e9b43dccb240,울산광역시,기초
여자,울산광역시,기초수급,4등급,740,2021,https://api.odcloud.kr/api/15072696/v1/uddi:63aa9ab2-863b-4a63-85cf-e9b43dccb240,울산광역시,기초
여자,울산광역시,기초수급,5등급,97,2021,https://api.odcloud.kr/api/15072696/v1/uddi:63aa9ab2-863b-4a63-85cf-e9b43dccb240,울산광역시,기초
여자,울산광역시,기초수급,인지지원등급,16,2021,https://api.odcloud.kr/api/15072696/v1/uddi:63aa9ab2-863b-4a63-85cf-e9b43dccb240,울산광역시,기초
여자,울산광역시,기초수급,등급외,261,2021,https://api.odcloud.kr/api/15072696/v1/uddi:63aa9ab2-863b-4a63-85cf-e9b43dccb240,울산광역시,기초
남자,세종특별자치시,기초수급,1등급,5,2021,https://api.odcloud.kr/api/15072696/v1/uddi:63aa9ab2-863b-4a63-85cf-e9b43dccb240,세종특별자치시,기초
남자,세종특별자치시,기초수급,2등급,4,2021,https://api.odcloud.kr/api/15072696/v1/uddi:63aa9ab2-863b-4a63-85cf-e9b43dccb240,세종특별자치시,기초
남자,세종특별자치시,기초수급,3등급,36,2021,https://api.odcloud.kr/api/15072696/v1/uddi:63aa9ab2-863b-4a63-85cf-e9b43dccb240,세종특별자치시,기초
남자,세종특별자치시,기초수급,4등급,48,2021,https://api.odcloud.kr/api/15072696/v1/uddi:63aa9ab2-863b-4a63-85cf-e9b43dccb240,세종특별자치시,기초
남자,세종특별자치시,기초수급,5등급,10,2021,https://api.odcloud.kr/api/15072696/v1/uddi:63aa9ab2-863b-4a63-85cf-e9b43dccb240,세종특별자치시,기초
남자,세종특별자치시,기초수급,인지지원등급,2,2021,https://api.odcloud.kr/api/15072696/v1/uddi:63aa9ab2-863b-4a63-85cf-e9b43dccb240,세종특별자치시,기초
남자,세종특별자치시,기초수급,등급외,26,2021,https://api.odcloud.kr/api/15072696/v1/uddi:63aa9ab2-863b-4a63-85cf-e9b43dccb240,세종특별자치시,기초
여자,세종특별자치시,기초수급,1등급,20,2021,https://api.odcloud.kr/api/15072696/v1/uddi:63aa9ab2-863b-4a63-85cf-e9b43dccb240,세종특별자치시,기초
여자,세종특별자치시,기초수급,2등급,22,2021,https://api.odcloud.kr/api/15072696/v1/uddi:63aa9ab2-863b-4a63-85cf-e9b43dccb240,세종특별자치시,기초
여자,세종특별자치시,기초수급,3등급,71,2021,https://api.odcloud.kr/api/15072696/v1/uddi:63aa9ab2-863b-4a63-85cf-e9b43dccb240,세종특별자치시,기초
여자,세종특별자치시,기초수급,4등급,135,2021,https://api.odcloud.kr/api/15072696/v1/uddi:63aa9ab2-863b-4a63-85cf-e9b43dccb240,세종특별자치시,기초
여자,세종특별자치시,기초수급,5등급,26,2021,https://api.odcloud.kr/api/15072696/v1/uddi:63aa9ab2-863b-4a63-85cf-e9b43dccb240,세종특별자치시,기초
여자,세종특별자치시,기초수급,인지지원등급,6,2021,https://api.odcloud.kr/api/15072696/v1/uddi:63aa9ab2-863b-4a63-85cf-e9b43dccb240,세종특별자치시,기초
여자,세종특별자치시,기초수급,등급외,51,2021,https://api.odcloud.kr/api/15072696/v1/uddi:63aa9ab2-863b-4a63-85cf-e9b43dccb240,세종특별자치시,기초
남자,경기도,기초수급,1등급,495,2021,https://api.odcloud.kr/api/15072696/v1/uddi:63aa9ab2-863b-4a63-85cf-e9b43dccb240,경기도,기초
남자,경기도,기초수급,2등급,801,2021,https://api.odcloud.kr/api/15072696/v1/uddi:63aa9ab2-863b-4a63-85cf-e9b43dccb240,경기도,기초
남자,경기도,기초수급,3등급,2489,2021,https://api.odcloud.kr/api/15072696/v1/uddi:63aa9ab2-863b-4a63-85cf-e9b43dccb240,경기도,기초
남자,경기도,기초수급,4등급,4278,2021,https://api.odcloud.kr/api/15072696/v1/uddi:63aa9ab2-863b-4a63-85cf-e9b43dccb240,경기도,기초
남자,경기도,기초수급,5등급,1024,2021,https://api.odcloud.kr/api/15072696/v1/uddi:63aa9ab2-863b-4a63-85cf-e9b43dccb240,경기도,기초
남자,경기도,기초수급,인지지원등급,282,2021,https://api.odcloud.kr/api/15072696/v1/uddi:63aa9ab2-863b-4a63-85cf-e9b43dccb240,경기도,기초
남자,경기도,기초수급,등급외,2297,2021,https://api.odcloud.kr/api/15072696/v1/uddi:63aa9ab2-863b-4a63-85cf-e9b43dccb240,경기도,기초
여자,경기도,기초수급,1등급,1271,2021,https://api.odcloud.kr/api/15072696/v1/uddi:63aa9ab2-863b-4a63-85cf-e9b43dccb240,경기도,기초
여자,경기도,기초수급,2등급,2238,2021,https://api.odcloud.kr/api/15072696/v1/uddi:63aa9ab2-863b-4a63-85cf-e9b43dccb240,경기도,기초
여자,경기도,기초수급,3등급,5933,2021,https://api.odcloud.kr/api/15072696/v1/uddi:63aa9ab2-863b-4a63-85cf-e9b43dccb240,경기도,기초
여자,경기도,기초수급,4등급,9145,2021,https://api.odcloud.kr/api/15072696/v1/uddi:63aa9ab2-863b-4a63-85cf-e9b43dccb240,경기도,기초
여자,경기도,기초수급,5등급,2249,2021,https://api.odcloud.kr/api/15072696/v1/uddi:63aa9ab2-863b-4a63-85cf-e9b43dccb240,경기도,기초
여자,경기도,기초수급,인지지원등급,433,2021,https://api.odcloud.kr/api/15072696/v1/uddi:63aa9ab2-863b-4a63-85cf-e9b43dccb240,경기도,기초
여자,경기도,기초수급,등급외,3476,2021,https://api.odcloud.kr/api/15072696/v1/uddi:63aa9ab2-863b-4a63-85cf-e9b43dccb240,경기도,기초
남자,강원특별자치도,기초수급,1등급,160,2021,https://api.odcloud.kr/api/15072696/v1/uddi:63aa9ab2-863b-4a63-85cf-e9b43dccb240,강원도,기초
남자,강원특별자치도,기초수급,2등급,249,2021,https://api.odcloud.kr/api/15072696/v1/uddi:63aa9ab2-863b-4a63-85cf-e9b43dccb240,강원도,기초
남자,강원특별자치도,기초수급,3등급,682,2021,https://api.odcloud.kr/api/15072696/v1/uddi:63aa9ab2-863b-4a63-85cf-e9b43dccb240,강원도,기초
남자,강원특별자치도,기초수급,4등급,811,2021,https://api.odcloud.kr/api/15072696/v1/uddi:63aa9ab2-863b-4a63-85cf-e9b43dccb240,강원도,기초
남자,강원특별자치도,기초수급,5등급,138,2021,https://api.odcloud.kr/api/15072696/v1/uddi:63aa9ab2-863b-4a63-85cf-e9b43dccb240,강원도,기초
남자,강원특별자치도,기초수급,인지지원등급,51,2021,https://api.odcloud.kr/api/15072696/v1/uddi:63aa9ab2-863b-4a63-85cf-e9b43dccb240,강원도,기초
남자,강원특별자치도,기초수급,등급외,582,2021,https://api.odcloud.kr/api/15072696/v1/uddi:63aa9ab2-863b-4a63-85cf-e9b43dccb240,강원도,기초
여자,강원특별자치도,기초수급,1등급,380,2021,https://api.odcloud.kr/api/15072696/v1/uddi:63aa9ab2-863b-4a63-85cf-e9b43dccb240,강원도,기초
여자,강원특별자치도,기초수급,2등급,658,2021,https://api.odcloud.kr/api/15072696/v1/uddi:63aa9ab2-863b-4a63-85cf-e9b43dccb240,강원도,기초
여자,강원특별자치도,기초수급,3등급,1502,2021,https://api.odcloud.kr/api/15072696/v1/uddi:63aa9ab2-863b-4a63-85cf-e9b43dccb240,강원도,기초
여자,강원특별자치도,기초수급,4등급,1781,2021,https://api.odcloud.kr/api/15072696/v1/uddi:63aa9ab2-863b-4a63-85cf-e9b43dccb240,강원도,기초
여자,강원특별자치도,기초수급,5등급,316,2021,https://api.odcloud.kr/api/15072696/v1/uddi:63aa9ab2-863b-4a63-85cf-e9b43dccb240,강원도,기초
여자,강원특별자치도,기초수급,인지지원등급,83,2021,https://api.odcloud.kr/api/15072696/v1/uddi:63aa9ab2-863b-4a63-85cf-e9b43dccb240,강원도,기초
여자,강원특별자치도,기초수급,등급외,904,2021,https://api.odcloud.kr/api/15072696/v1/uddi:63aa9ab2-863b-4a63-85cf-e9b43dccb240,강원도,기초
남자,충청북도,기초수급,1등급,120,2021,https://api.odcloud.kr/api/15072696/v1/uddi:63aa9ab2-863b-4a63-85cf-e9b43dccb240,충청북도,기초
남자,충청북도,기초수급,2등급,176,2021,https://api.odcloud.kr/api/15072696/v1/uddi:63aa9ab2-863b-4a63-85cf-e9b43dccb240,충청북도,기초
남자,충청북도,기초수급,3등급,444,2021,https://api.odcloud.kr/api/15072696/v1/uddi:63aa9ab2-863b-4a63-85cf-e9b43dccb240,충청북도,기초
남자,충청북도,기초수급,4등급,694,2021,https://api.odcloud.kr/api/15072696/v1/uddi:63aa9ab2-863b-4a63-85cf-e9b43dccb240,충청북도,기초
남자,충청북도,기초수급,5등급,189,2021,https://api.odcloud.kr/api/15072696/v1/uddi:63aa9ab2-863b-4a63-85cf-e9b43dccb240,충청북도,기초
남자,충청북도,기초수급,인지지원등급,56,2021,https://api.odcloud.kr/api/15072696/v1/uddi:63aa9ab2-863b-4a63-85cf-e9b43dccb240,충청북도,기초
남자,충청북도,기초수급,등급외,449,2021,https://api.odcloud.kr/api/15072696/v1/uddi:63aa9ab2-863b-4a63-85cf-e9b43dccb240,충청북도,기초
여자,충청북도,기초수급,1등급,250,2021,https://api.odcloud.kr/api/15072696/v1/uddi:63aa9ab2-863b-4a63-85cf-e9b43dccb240,충청북도,기초
여자,충청북도,기초수급,2등급,448,2021,https://api.odcloud.kr/api/15072696/v1/uddi:63aa9ab2-863b-4a63-85cf-e9b43dccb240,충청북도,기초
여자,충청북도,기초수급,3등급,966,2021,https://api.odcloud.kr/api/15072696/v1/uddi:63aa9ab2-863b-4a63-85cf-e9b43dccb240,충청북도,기초
여자,충청북도,기초수급,4등급,1491,2021,https://api.odcloud.kr/api/15072696/v1/uddi:63aa9ab2-863b-4a63-85cf-e9b43dccb240,충청북도,기초
여자,충청북도,기초수급,5등급,400,2021,https://api.odcloud.kr/api/15072696/v1/uddi:63aa9ab2-863b-4a63-85cf-e9b43dccb240,충청북도,기초
여자,충청북도,기초수급,인지지원등급,100,2021,https://api.odcloud.kr/api/15072696/v1/uddi:63aa9ab2-863b-4a63-85cf-e9b43dccb240,충청북도,기초
여자,충청북도,기초수급,등급외,679,2021,https://api.odcloud.kr/api/15072696/v1/uddi:63aa9ab2-863b-4a63-85cf-e9b43dccb240,충청북도,기초
남자,충청남도,기초수급,1등급,106,2021,https://api.odcloud.kr/api/15072696/v1/uddi:63aa9ab2-863b-4a63-85cf-e9b43dccb240,충청남도,기초
남자,충청남도,기초수급,2등급,185,2021,https://api.odcloud.kr/api/15072696/v1/uddi:63aa9ab2-863b-4a63-85cf-e9b43dccb240,충청남도,기초
남자,충청남도,기초수급,3등급,475,2021,https://api.odcloud.kr/api/15072696/v1/uddi:63aa9ab2-863b-4a63-85cf-e9b43dccb240,충청남도,기초
남자,충청남도,기초수급,4등급,916,2021,https://api.odcloud.kr/api/15072696/v1/uddi:63aa9ab2-863b-4a63-85cf-e9b43dccb240,충청남도,기초
남자,충청남도,기초수급,5등급,232,2021,https://api.odcloud.kr/api/15072696/v1/uddi:63aa9ab2-863b-4a63-85cf-e9b43dccb240,충청남도,기초
남자,충청남도,기초수급,인지지원등급,78,2021,https://api.odcloud.kr/api/15072696/v1/uddi:63aa9ab2-863b-4a63-85cf-e9b43dccb240,충청남도,기초
남자,충청남도,기초수급,등급외,604,2021,https://api.odcloud.kr/api/15072696/v1/uddi:63aa9ab2-863b-4a63-85cf-e9b43dccb240,충청남도,기초
여자,충청남도,기초수급,1등급,236,2021,https://api.odcloud.kr/api/15072696/v1/uddi:63aa9ab2-863b-4a63-85cf-e9b43dccb240,충청남도,기초
여자,충청남도,기초수급,2등급,453,2021,https://api.odcloud.kr/api/15072696/v1/uddi:63aa9ab2-863b-4a63-85cf-e9b43dccb240,충청남도,기초
여자,충청남도,기초수급,3등급,1049,2021,https://api.odcloud.kr/api/15072696/v1/uddi:63aa9ab2-863b-4a63-85cf-e9b43dccb240,충청남도,기초
여자,충청남도,기초수급,4등급,1975,2021,https://api.odcloud.kr/api/15072696/v1/uddi:63aa9ab2-863b-4a63-85cf-e9b43dccb240,충청남도,기초
여자,충청남도,기초수급,5등급,533,2021,https://api.odcloud.kr/api/15072696/v1/uddi:63aa9ab2-863b-4a63-85cf-e9b43dccb240,충청남도,기초
여자,충청남도,기초수급,인지지원등급,127,2021,https://api.odcloud.kr/api/15072696/v1/uddi:63aa9ab2-863b-4a63-85cf-e9b43dccb240,충청남도,기초
여자,충청남도,기초수급,등급외,931,2021,https://api.odcloud.kr/api/15072696/v1/uddi:63aa9ab2-863b-4a63-85cf-e9b43dccb240,충청남도,기초
남자,전북특별자치도,기초수급,1등급,75,2021,https://api.odcloud.kr/api/15072696/v1/uddi:63aa9ab2-863b-4a63-85cf-e9b43dccb240,전라북도,기초
남자,전북특별자치도,기초수급,2등급,159,2021,https://api.odcloud.kr/api/15072696/v1/uddi:63aa9ab2-863b-4a63-85cf-e9b43dccb240,전라북도,기초
남자,전북특별자치도,기초수급,3등급,479,2021,https://api.odcloud.kr/api/15072696/v1/uddi:63aa9ab2-863b-4a63-85cf-e9b43dccb240,전라북도,기초
남자,전북특별자치도,기초수급,4등급,1255,2021,https://api.odcloud.kr/api/15072696/v1/uddi:63aa9ab2-863b-4a63-85cf-e9b43dccb240,전라북도,기초
남자,전북특별자치도,기초수급,5등급,424,2021,https://api.odcloud.kr/api/15072696/v1/uddi:63aa9ab2-863b-4a63-85cf-e9b43dccb240,전라북도,기초
남자,전북특별자치도,기초수급,인지지원등급,93,2021,https://api.odcloud.kr/api/15072696/v1/uddi:63aa9ab2-863b-4a63-85cf-e9b43dccb240,전라북도,기초
남자,전북특별자치도,기초수급,등급외,1236,2021,https://api.odcloud.kr/api/15072696/v1/uddi:63aa9ab2-863b-4a63-85cf-e9b43dccb240,전라북도,기초
여자,전북특별자치도,기초수급,1등급,198,2021,https://api.odcloud.kr/api/15072696/v1/uddi:63aa9ab2-863b-4a63-85cf-e9b43dccb240,전라북도,기초
여자,전북특별자치도,기초수급,2등급,476,2021,https://api.odcloud.kr/api/15072696/v1/uddi:63aa9ab2-863b-4a63-85cf-e9b43dccb240,전라북도,기초
여자,전북특별자치도,기초수급,3등급,1182,2021,https://api.odcloud.kr/api/15072696/v1/uddi:63aa9ab2-863b-4a63-85cf-e9b43dccb240,전라북도,기초
여자,전북특별자치도,기초수급,4등급,2909,2021,https://api.odcloud.kr/api/15072696/v1/uddi:63aa9ab2-863b-4a63-85cf-e9b43dccb240,전라북도,기초
여자,전북특별자치도,기초수급,5등급,1032,2021,https://api.odcloud.kr/api/15072696/v1/uddi:63aa9ab2-863b-4a63-85cf-e9b43dccb240,전라북도,기초
여자,전북특별자치도,기초수급,인지지원등급,154,2021,https://api.odcloud.kr/api/15072696/v1/uddi:63aa9ab2-863b-4a63-85cf-e9b43dccb240,전라북도,기초
여자,전북특별자치도,기초수급,등급외,2137,2021,https://api.odcloud.kr/api/15072696/v1/uddi:63aa9ab2-863b-4a63-85cf-e9b43dccb240,전라북도,기초
남자,전라남도,기초수급,1등급,95,2021,https://api.odcloud.kr/api/15072696/v1/uddi:63aa9ab2-863b-4a63-85cf-e9b43dccb240,전라남도,기초
남자,전라남도,기초수급,2등급,171,2021,https://api.odcloud.kr/api/15072696/v1/uddi:63aa9ab2-863b-4a63-85cf-e9b43dccb240,전라남도,기초
남자,전라남도,기초수급,3등급,459,2021,https://api.odcloud.kr/api/15072696/v1/uddi:63aa9ab2-863b-4a63-85cf-e9b43dccb240,전라남도,기초
남자,전라남도,기초수급,4등급,988,2021,https://api.odcloud.kr/api/15072696/v1/uddi:63aa9ab2-863b-4a63-85cf-e9b43dccb240,전라남도,기초
남자,전라남도,기초수급,5등급,234,2021,https://api.odcloud.kr/api/15072696/v1/uddi:63aa9ab2-863b-4a63-85cf-e9b43dccb240,전라남도,기초
남자,전라남도,기초수급,인지지원등급,63,2021,https://api.odcloud.kr/api/15072696/v1/uddi:63aa9ab2-863b-4a63-85cf-e9b43dccb240,전라남도,기초
남자,전라남도,기초수급,등급외,917,2021,https://api.odcloud.kr/api/15072696/v1/uddi:63aa9ab2-863b-4a63-85cf-e9b43dccb240,전라남도,기초
여자,전라남도,기초수급,1등급,223,2021,https://api.odcloud.kr/api/15072696/v1/uddi:63aa9ab2-863b-4a63-85cf-e9b43dccb240,전라남도,기초
여자,전라남도,기초수급,2등급,566,2021,https://api.odcloud.kr/api/15072696/v1/uddi:63aa9ab2-863b-4a63-85cf-e9b43dccb240,전라남도,기초
여자,전라남도,기초수급,3등급,1202,2021,https://api.odcloud.kr/api/15072696/v1/uddi:63aa9ab2-863b-4a63-85cf-e9b43dccb240,전라남도,기초
여자,전라남도,기초수급,4등급,2814,2021,https://api.odcloud.kr/api/15072696/v1/uddi:63aa9ab2-863b-4a63-85cf-e9b43dccb240,전라남도,기초
여자,전라남도,기초수급,5등급,623,2021,https://api.odcloud.kr/api/15072696/v1/uddi:63aa9ab2-863b-4a63-85cf-e9b43dccb240,전라남도,기초
여자,전라남도,기초수급,인지지원등급,141,2021,https://api.odcloud.kr/api/15072696/v1/uddi:63aa9ab2-863b-4a63-85cf-e9b43dccb240,전라남도,기초
여자,전라남도,기초수급,등급외,1728,2021,https://api.odcloud.kr/api/15072696/v1/uddi:63aa9ab2-863b-4a63-85cf-e9b43dccb240,전라남도,기초
남자,경상북도,기초수급,1등급,118,2021,https://api.odcloud.kr/api/15072696/v1/uddi:63aa9ab2-863b-4a63-85cf-e9b43dccb240,경상북도,기초
남자,경상북도,기초수급,2등급,222,2021,https://api.odcloud.kr/api/15072696/v1/uddi:63aa9ab2-863b-4a63-85cf-e9b43dccb240,경상북도,기초
남자,경상북도,기초수급,3등급,633,2021,https://api.odcloud.kr/api/15072696/v1/uddi:63aa9ab2-863b-4a63-85cf-e9b43dccb240,경상북도,기초
남자,경상북도,기초수급,4등급,1407,2021,https://api.odcloud.kr/api/15072696/v1/uddi:63aa9ab2-863b-4a63-85cf-e9b43dccb240,경상북도,기초
남자,경상북도,기초수급,5등급,385,2021,https://api.odcloud.kr/api/15072696/v1/uddi:63aa9ab2-863b-4a63-85cf-e9b43dccb240,경상북도,기초
남자,경상북도,기초수급,인지지원등급,82,2021,https://api.odcloud.kr/api/15072696/v1/uddi:63aa9ab2-863b-4a63-85cf-e9b43dccb240,경상북도,기초
남자,경상북도,기초수급,등급외,926,2021,https://api.odcloud.kr/api/15072696/v1/uddi:63aa9ab2-863b-4a63-85cf-e9b43dccb240,경상북도,기초
여자,경상북도,기초수급,1등급,326,2021,https://api.odcloud.kr/api/15072696/v1/uddi:63aa9ab2-863b-4a63-85cf-e9b43dccb240,경상북도,기초
여자,경상북도,기초수급,2등급,620,2021,https://api.odcloud.kr/api/15072696/v1/uddi:63aa9ab2-863b-4a63-85cf-e9b43dccb240,경상북도,기초
여자,경상북도,기초수급,3등급,1815,2021,https://api.odcloud.kr/api/15072696/v1/uddi:63aa9ab2-863b-4a63-85cf-e9b43dccb240,경상북도,기초
여자,경상북도,기초수급,4등급,3663,2021,https://api.odcloud.kr/api/15072696/v1/uddi:63aa9ab2-863b-4a63-85cf-e9b43dccb240,경상북도,기초
여자,경상북도,기초수급,5등급,1075,2021,https://api.odcloud.kr/api/15072696/v1/uddi:63aa9ab2-863b-4a63-85cf-e9b43dccb240,경상북도,기초
여자,경상북도,기초수급,인지지원등급,123,2021,https://api.odcloud.kr/api/15072696/v1/uddi:63aa9ab2-863b-4a63-85cf-e9b43dccb240,경상북도,기초
여자,경상북도,기초수급,등급외,1753,2021,https://api.odcloud.kr/api/15072696/v1/uddi:63aa9ab2-863b-4a63-85cf-e9b43dccb240,경상북도,기초
남자,경상남도,기초수급,1등급,96,2021,https://api.odcloud.kr/api/15072696/v1/uddi:63aa9ab2-863b-4a63-85cf-e9b43dccb240,경상남도,기초
남자,경상남도,기초수급,2등급,164,2021,https://api.odcloud.kr/api/15072696/v1/uddi:63aa9ab2-863b-4a63-85cf-e9b43dccb240,경상남도,기초
남자,경상남도,기초수급,3등급,588,2021,https://api.odcloud.kr/api/15072696/v1/uddi:63aa9ab2-863b-4a63-85cf-e9b43dccb240,경상남도,기초
남자,경상남도,기초수급,4등급,1333,2021,https://api.odcloud.kr/api/15072696/v1/uddi:63aa9ab2-863b-4a63-85cf-e9b43dccb240,경상남도,기초
남자,경상남도,기초수급,5등급,302,2021,https://api.odcloud.kr/api/15072696/v1/uddi:63aa9ab2-863b-4a63-85cf-e9b43dccb240,경상남도,기초
남자,경상남도,기초수급,인지지원등급,100,2021,https://api.odcloud.kr/api/15072696/v1/uddi:63aa9ab2-863b-4a63-85cf-e9b43dccb240,경상남도,기초
남자,경상남도,기초수급,등급외,1039,2021,https://api.odcloud.kr/api/15072696/v1/uddi:63aa9ab2-863b-4a63-85cf-e9b43dccb240,경상남도,기초
여자,경상남도,기초수급,1등급,282,2021,https://api.odcloud.kr/api/15072696/v1/uddi:63aa9ab2-863b-4a63-85cf-e9b43dccb240,경상남도,기초
여자,경상남도,기초수급,2등급,643,2021,https://api.odcloud.kr/api/15072696/v1/uddi:63aa9ab2-863b-4a63-85cf-e9b43dccb240,경상남도,기초
여자,경상남도,기초수급,3등급,1550,2021,https://api.odcloud.kr/api/15072696/v1/uddi:63aa9ab2-863b-4a63-85cf-e9b43dccb240,경상남도,기초
여자,경상남도,기초수급,4등급,3742,2021,https://api.odcloud.kr/api/15072696/v1/uddi:63aa9ab2-863b-4a63-85cf-e9b43dccb240,경상남도,기초
여자,경상남도,기초수급,5등급,949,2021,https://api.odcloud.kr/api/15072696/v1/uddi:63aa9ab2-863b-4a63-85cf-e9b43dccb240,경상남도,기초
여자,경상남도,기초수급,인지지원등급,142,2021,https://api.odcloud.kr/api/15072696/v1/uddi:63aa9ab2-863b-4a63-85cf-e9b43dccb240,경상남도,기초
여자,경상남도,기초수급,등급외,1709,2021,https://api.odcloud.kr/api/15072696/v1/uddi:63aa9ab2-863b-4a63-85cf-e9b43dccb240,경상남도,기초
남자,제주특별자치도,기초수급,1등급,33,2021,https://api.odcloud.kr/api/15072696/v1/uddi:63aa9ab2-863b-4a63-85cf-e9b43dccb240,제주특별자치도,기초
남자,제주특별자치도,기초수급,2등급,59,2021,https://api.odcloud.kr/api/15072696/v1/uddi:63aa9ab2-863b-4a63-85cf-e9b43dccb240,제주특별자치도,기초
남자,제주특별자치도,기초수급,3등급,125,2021,https://api.odcloud.kr/api/15072696/v1/uddi:63aa9ab2-863b-4a63-85cf-e9b43dccb240,제주특별자치도,기초
남자,제주특별자치도,기초수급,4등급,207,2021,https://api.odcloud.kr/api/15072696/v1/uddi:63aa9ab2-863b-4a63-85cf-e9b43dccb240,제주특별자치도,기초
남자,제주특별자치도,기초수급,5등급,45,2021,https://api.odcloud.kr/api/15072696/v1/uddi:63aa9ab2-863b-4a63-85cf-e9b43dccb240,제주특별자치도,기초
남자,제주특별자치도,기초수급,인지지원등급,15,2021,https://api.odcloud.kr/api/15072696/v1/uddi:63aa9ab2-863b-4a63-85cf-e9b43dccb240,제주특별자치도,기초
남자,제주특별자치도,기초수급,등급외,149,2021,https://api.odcloud.kr/api/15072696/v1/uddi:63aa9ab2-863b-4a63-85cf-e9b43dccb240,제주특별자치도,기초
여자,제주특별자치도,기초수급,1등급,139,2021,https://api.odcloud.kr/api/15072696/v1/uddi:63aa9ab2-863b-4a63-85cf-e9b43dccb240,제주특별자치도,기초
여자,제주특별자치도,기초수급,2등급,184,2021,https://api.odcloud.kr/api/15072696/v1/uddi:63aa9ab2-863b-4a63-85cf-e9b43dccb240,제주특별자치도,기초
여자,제주특별자치도,기초수급,3등급,414,2021,https://api.odcloud.kr/api/15072696/v1/uddi:63aa9ab2-863b-4a63-85cf-e9b43dccb240,제주특별자치도,기초
여자,제주특별자치도,기초수급,4등급,510,2021,https://api.odcloud.kr/api/15072696/v1/uddi:63aa9ab2-863b-4a63-85cf-e9b43dccb240,제주특별자치도,기초
여자,제주특별자치도,기초수급,5등급,112,2021,https://api.odcloud.kr/api/15072696/v1/uddi:63aa9ab2-863b-4a63-85cf-e9b43dccb240,제주특별자치도,기초
여자,제주특별자치도,기초수급,인지지원등급,25,2021,https://api.odcloud.kr/api/15072696/v1/uddi:63aa9ab2-863b-4a63-85cf-e9b43dccb240,제주특별자치도,기초
여자,제주특별자치도,기초수급,등급외,310,2021,https://api.odcloud.kr/api/15072696/v1/uddi:63aa9ab2-863b-4a63-85cf-e9b43dccb240,제주특별자치도,기초
남자,서울특별시,의료급여,1등급,14,2021,https://api.odcloud.kr/api/15072696/v1/uddi:63aa9ab2-863b-4a63-85cf-e9b43dccb240,서울특별시,의료급여
남자,서울특별시,의료급여,2등급,23,2021,https://api.odcloud.kr/api/15072696/v1/uddi:63aa9ab2-863b-4a63-85cf-e9b43dccb240,서울특별시,의료급여
남자,서울특별시,의료급여,3등급,75,2021,https://api.odcloud.kr/api/15072696/v1/uddi:63aa9ab2-863b-4a63-85cf-e9b43dccb240,서울특별시,의료급여
남자,서울특별시,의료급여,4등급,122,2021,https://api.odcloud.kr/api/15072696/v1/uddi:63aa9ab2-863b-4a63-85cf-e9b43dccb240,서울특별시,의료급여
남자,서울특별시,의료급여,5등급,27,2021,https://api.odcloud.kr/api/15072696/v1/uddi:63aa9ab2-863b-4a63-85cf-e9b43dccb240,서울특별시,의료급여
남자,서울특별시,의료급여,인지지원등급,6,2021,https://api.odcloud.kr/api/15072696/v1/uddi:63aa9ab2-863b-4a63-85cf-e9b43dccb240,서울특별시,의료급여
남자,서울특별시,의료급여,등급외,45,2021,https://api.odcloud.kr/api/15072696/v1/uddi:63aa9ab2-863b-4a63-85cf-e9b43dccb240,서울특별시,의료급여
여자,서울특별시,의료급여,1등급,50,2021,https://api.odcloud.kr/api/15072696/v1/uddi:63aa9ab2-863b-4a63-85cf-e9b43dccb240,서울특별시,의료급여
여자,서울특별시,의료급여,2등급,90,2021,https://api.odcloud.kr/api/15072696/v1/uddi:63aa9ab2-863b-4a63-85cf-e9b43dccb240,서울특별시,의료급여
여자,서울특별시,의료급여,3등급,229,2021,https://api.odcloud.kr/api/15072696/v1/uddi:63aa9ab2-863b-4a63-85cf-e9b43dccb240,서울특별시,의료급여
여자,서울특별시,의료급여,4등급,315,2021,https://api.odcloud.kr/api/15072696/v1/uddi:63aa9ab2-863b-4a63-85cf-e9b43dccb240,서울특별시,의료급여
여자,서울특별시,의료급여,5등급,64,2021,https://api.odcloud.kr/api/15072696/v1/uddi:63aa9ab2-863b-4a63-85cf-e9b43dccb240,서울특별시,의료급여
여자,서울특별시,의료급여,인지지원등급,18,2021,https://api.odcloud.kr/api/15072696/v1/uddi:63aa9ab2-863b-4a63-85cf-e9b43dccb240,서울특별시,의료급여
여자,서울특별시,의료급여,등급외,105,2021,https://api.odcloud.kr/api/15072696/v1/uddi:63aa9ab2-863b-4a63-85cf-e9b43dccb240,서울특별시,의료급여
남자,부산광역시,의료급여,1등급,10,2021,https://api.odcloud.kr/api/15072696/v1/uddi:63aa9ab2-863b-4a63-85cf-e9b43dccb240,부산광역시,의료급여
남자,부산광역시,의료급여,2등급,8,2021,https://api.odcloud.kr/api/15072696/v1/uddi:63aa9ab2-863b-4a63-85cf-e9b43dccb240,부산광역시,의료급여
남자,부산광역시,의료급여,3등급,46,2021,https://api.odcloud.kr/api/15072696/v1/uddi:63aa9ab2-863b-4a63-85cf-e9b43dccb240,부산광역시,의료급여
남자,부산광역시,의료급여,4등급,74,2021,https://api.odcloud.kr/api/15072696/v1/uddi:63aa9ab2-863b-4a63-85cf-e9b43dccb240,부산광역시,의료급여
남자,부산광역시,의료급여,5등급,4,2021,https://api.odcloud.kr/api/15072696/v1/uddi:63aa9ab2-863b-4a63-85cf-e9b43dccb240,부산광역시,의료급여
남자,부산광역시,의료급여,인지지원등급,2,2021,https://api.odcloud.kr/api/15072696/v1/uddi:63aa9ab2-863b-4a63-85cf-e9b43dccb240,부산광역시,의료급여
남자,부산광역시,의료급여,등급외,23,2021,https://api.odcloud.kr/api/15072696/v1/uddi:63aa9ab2-863b-4a63-85cf-e9b43dccb240,부산광역시,의료급여
여자,부산광역시,의료급여,1등급,38,2021,https://api.odcloud.kr/api/15072696/v1/uddi:63aa9ab2-863b-4a63-85cf-e9b43dccb240,부산광역시,의료급여
여자,부산광역시,의료급여,2등급,31,2021,https://api.odcloud.kr/api/15072696/v1/uddi:63aa9ab2-863b-4a63-85cf-e9b43dccb240,부산광역시,의료급여
여자,부산광역시,의료급여,3등급,120,2021,https://api.odcloud.kr/api/15072696/v1/uddi:63aa9ab2-863b-4a63-85cf-e9b43dccb240,부산광역시,의료급여
여자,부산광역시,의료급여,4등급,215,2021,https://api.odcloud.kr/api/15072696/v1/uddi:63aa9ab2-863b-4a63-85cf-e9b43dccb240,부산광역시,의료급여
여자,부산광역시,의료급여,5등급,27,2021,https://api.odcloud.kr/api/15072696/v1/uddi:63aa9ab2-863b-4a63-85cf-e9b43dccb240,부산광역시,의료급여
여자,부산광역시,의료급여,인지지원등급,9,2021,https://api.odcloud.kr/api/15072696/v1/uddi:63aa9ab2-863b-4a63-85cf-e9b43dccb240,부산광역시,의료급여
여자,부산광역시,의료급여,등급외,70,2021,https://api.odcloud.kr/api/15072696/v1/uddi:63aa9ab2-863b-4a63-85cf-e9b43dccb240,부산광역시,의료급여
남자,대구광역시,의료급여,1등급,6,2021,https://api.odcloud.kr/api/15072696/v1/uddi:63aa9ab2-863b-4a63-85cf-e9b43dccb240,대구광역시,의료급여
남자,대구광역시,의료급여,2등급,11,2021,https://api.odcloud.kr/api/15072696/v1/uddi:63aa9ab2-863b-4a63-85cf-e9b43dccb240,대구광역시,의료급여
남자,대구광역시,의료급여,3등급,58,2021,https://api.odcloud.kr/api/15072696/v1/uddi:63aa9ab2-863b-4a63-85cf-e9b43dccb240,대구광역시,의료급여
남자,대구광역시,의료급여,4등급,69,2021,https://api.odcloud.kr/api/15072696/v1/uddi:63aa9ab2-863b-4a63-85cf-e9b43dccb240,대구광역시,의료급여
남자,대구광역시,의료급여,5등급,21,2021,https://api.odcloud.kr/api/15072696/v1/uddi:63aa9ab2-863b-4a63-85cf-e9b43dccb240,대구광역시,의료급여
남자,대구광역시,의료급여,인지지원등급,2,2021,https://api.odcloud.kr/api/15072696/v1/uddi:63aa9ab2-863b-4a63-85cf-e9b43dccb240,대구광역시,의료급여
남자,대구광역시,의료급여,등급외,25,2021,https://api.odcloud.kr/api/15072696/v1/uddi:63aa9ab2-863b-4a63-85cf-e9b43dccb240,대구광역시,의료급여
여자,대구광역시,의료급여,1등급,36,2021,https://api.odcloud.kr/api/15072696/v1/uddi:63aa9ab2-863b-4a63-85cf-e9b43dccb240,대구광역시,의료급여
여자,대구광역시,의료급여,2등급,59,2021,https://api.odcloud.kr/api/15072696/v1/uddi:63aa9ab2-863b-4a63-85cf-e9b43dccb240,대구광역시,의료급여
여자,대구광역시,의료급여,3등급,141,2021,https://api.odcloud.kr/api/15072696/v1/uddi:63aa9ab2-863b-4a63-85cf-e9b43dccb240,대구광역시,의료급여
여자,대구광역시,의료급여,4등급,224,2021,https://api.odcloud.kr/api/15072696/v1/uddi:63aa9ab2-863b-4a63-85cf-e9b43dccb240,대구광역시,의료급여
여자,대구광역시,의료급여,5등급,62,2021,https://api.odcloud.kr/api/15072696/v1/uddi:63aa9ab2-863b-4a63-85cf-e9b43dccb240,대구광역시,의료급여
여자,대구광역시,의료급여,인지지원등급,3,2021,https://api.odcloud.kr/api/15072696/v1/uddi:63aa9ab2-863b-4a63-85cf-e9b43dccb240,대구광역시,의료급여
여자,대구광역시,의료급여,등급외,61,2021,https://api.odcloud.kr/api/15072696/v1/uddi:63aa9ab2-863b-4a63-85cf-e9b43dccb240,대구광역시,의료급여
남자,인천광역시,의료급여,1등급,3,2021,https://api.odcloud.kr/api/15072696/v1/uddi:63aa9ab2-863b-4a63-85cf-e9b43dccb240,인천광역시,의료급여
남자,인천광역시,의료급여,2등급,14,2021,https://api.odcloud.kr/api/15072696/v1/uddi:63aa9ab2-863b-4a63-85cf-e9b43dccb240,인천광역시,의료급여
남자,인천광역시,의료급여,3등급,43,2021,https://api.odcloud.kr/api/15072696/v1/uddi:63aa9ab2-863b-4a63-85cf-e9b43dccb240,인천광역시,의료급여
남자,인천광역시,의료급여,4등급,83,2021,https://api.odcloud.kr/api/15072696/v1/uddi:63aa9ab2-863b-4a63-85cf-e9b43dccb240,인천광역시,의료급여
남자,인천광역시,의료급여,5등급,9,2021,https://api.odcloud.kr/api/15072696/v1/uddi:63aa9ab2-863b-4a63-85cf-e9b43dccb240,인천광역시,의료급여
남자,인천광역시,의료급여,인지지원등급,2,2021,https://api.odcloud.kr/api/15072696/v1/uddi:63aa9ab2-863b-4a63-85cf-e9b43dccb240,인천광역시,의료급여
남자,인천광역시,의료급여,등급외,16,2021,https://api.odcloud.kr/api/15072696/v1/uddi:63aa9ab2-863b-4a63-85cf-e9b43dccb240,인천광역시,의료급여
여자,인천광역시,의료급여,1등급,29,2021,https://api.odcloud.kr/api/15072696/v1/uddi:63aa9ab2-863b-4a63-85cf-e9b43dccb240,인천광역시,의료급여
여자,인천광역시,의료급여,2등급,43,2021,https://api.odcloud.kr/api/15072696/v1/uddi:63aa9ab2-863b-4a63-85cf-e9b43dccb240,인천광역시,의료급여
여자,인천광역시,의료급여,3등급,106,2021,https://api.odcloud.kr/api/15072696/v1/uddi:63aa9ab2-863b-4a63-85cf-e9b43dccb240,인천광역시,의료급여
여자,인천광역시,의료급여,4등급,170,2021,https://api.odcloud.kr/api/15072696/v1/uddi:63aa9ab2-863b-4a63-85cf-e9b43dccb240,인천광역시,의료급여
여자,인천광역시,의료급여,5등급,30,2021,https://api.odcloud.kr/api/15072696/v1/uddi:63aa9ab2-863b-4a63-85cf-e9b43dccb240,인천광역시,의료급여
여자,인천광역시,의료급여,인지지원등급,1,2021,https://api.odcloud.kr/api/15072696/v1/uddi:63aa9ab2-863b-4a63-85cf-e9b43dccb240,인천광역시,의료급여
여자,인천광역시,의료급여,등급외,42,2021,https://api.odcloud.kr/api/15072696/v1/uddi:63aa9ab2-863b-4a63-85cf-e9b43dccb240,인천광역시,의료급여
남자,광주광역시,의료급여,1등급,7,2021,https://api.odcloud.kr/api/15072696/v1/uddi:63aa9ab2-863b-4a63-85cf-e9b43dccb240,광주광역시,의료급여
남자,광주광역시,의료급여,2등급,10,2021,https://api.odcloud.kr/api/15072696/v1/uddi:63aa9ab2-863b-4a63-85cf-e9b43dccb240,광주광역시,의료급여
남자,광주광역시,의료급여,3등급,32,2021,https://api.odcloud.kr/api/15072696/v1/uddi:63aa9ab2-863b-4a63-85cf-e9b43dccb240,광주광역시,의료급여
남자,광주광역시,의료급여,4등급,66,2021,https://api.odcloud.kr/api/15072696/v1/uddi:63aa9ab2-863b-4a63-85cf-e9b43dccb240,광주광역시,의료급여
남자,광주광역시,의료급여,5등급,13,2021,https://api.odcloud.kr/api/15072696/v1/uddi:63aa9ab2-863b-4a63-85cf-e9b43dccb240,광주광역시,의료급여
남자,광주광역시,의료급여,인지지원등급,5,2021,https://api.odcloud.kr/api/15072696/v1/uddi:63aa9ab2-863b-4a63-85cf-e9b43dccb240,광주광역시,의료급여
남자,광주광역시,의료급여,등급외,27,2021,https://api.odcloud.kr/api/15072696/v1/uddi:63aa9ab2-863b-4a63-85cf-e9b43dccb240,광주광역시,의료급여
여자,광주광역시,의료급여,1등급,21,2021,https://api.odcloud.kr/api/15072696/v1/uddi:63aa9ab2-863b-4a63-85cf-e9b43dccb240,광주광역시,의료급여
여자,광주광역시,의료급여,2등급,22,2021,https://api.odcloud.kr/api/15072696/v1/uddi:63aa9ab2-863b-4a63-85cf-e9b43dccb240,광주광역시,의료급여
여자,광주광역시,의료급여,3등급,90,2021,https://api.odcloud.kr/api/15072696/v1/uddi:63aa9ab2-863b-4a63-85cf-e9b43dccb240,광주광역시,의료급여
여자,광주광역시,의료급여,4등급,190,2021,https://api.odcloud.kr/api/15072696/v1/uddi:63aa9ab2-863b-4a63-85cf-e9b43dccb240,광주광역시,의료급여
여자,광주광역시,의료급여,5등급,46,2021,https://api.odcloud.kr/api/15072696/v1/uddi:63aa9ab2-863b-4a63-85cf-e9b43dccb240,광주광역시,의료급여
여자,광주광역시,의료급여,인지지원등급,7,2021,https://api.odcloud.kr/api/15072696/v1/uddi:63aa9ab2-863b-4a63-85cf-e9b43dccb240,광주광역시,의료급여
여자,광주광역시,의료급여,등급외,61,2021,https://api.odcloud.kr/api/15072696/v1/uddi:63aa9ab2-863b-4a63-85cf-e9b43dccb240,광주광역시,의료급여
남자,대전광역시,의료급여,1등급,9,2021,https://api.odcloud.kr/api/15072696/v1/uddi:63aa9ab2-863b-4a63-85cf-e9b43dccb240,대전광역시,의료급여
남자,대전광역시,의료급여,2등급,5,2021,https://api.odcloud.kr/api/15072696/v1/uddi:63aa9ab2-863b-4a63-85cf-e9b43dccb240,대전광역시,의료급여
남자,대전광역시,의료급여,3등급,20,2021,https://api.odcloud.kr/api/15072696/v1/uddi:63aa9ab2-863b-4a63-85cf-e9b43dccb240,대전광역시,의료급여
남자,대전광역시,의료급여,4등급,33,2021,https://api.odcloud.kr/api/15072696/v1/uddi:63aa9ab2-863b-4a63-85cf-e9b43dccb240,대전광역시,의료급여
남자,대전광역시,의료급여,5등급,13,2021,https://api.odcloud.kr/api/15072696/v1/uddi:63aa9ab2-863b-4a63-85cf-e9b43dccb240,대전광역시,의료급여
남자,대전광역시,의료급여,인지지원등급,0,2021,https://api.odcloud.kr/api/15072696/v1/uddi:63aa9ab2-863b-4a63-85cf-e9b43dccb240,대전광역시,의료급여
남자,대전광역시,의료급여,등급외,12,2021,https://api.odcloud.kr/api/15072696/v1/uddi:63aa9ab2-863b-4a63-85cf-e9b43dccb240,대전광역시,의료급여
여자,대전광역시,의료급여,1등급,15,2021,https://api.odcloud.kr/api/15072696/v1/uddi:63aa9ab2-863b-4a63-85cf-e9b43dccb240,대전광역시,의료급여
여자,대전광역시,의료급여,2등급,27,2021,https://api.odcloud.kr/api/15072696/v1/uddi:63aa9ab2-863b-4a63-85cf-e9b43dccb240,대전광역시,의료급여
여자,대전광역시,의료급여,3등급,66,2021,https://api.odcloud.kr/api/15072696/v1/uddi:63aa9ab2-863b-4a63-85cf-e9b43dccb240,대전광역시,의료급여
여자,대전광역시,의료급여,4등급,91,2021,https://api.odcloud.kr/api/15072696/v1/uddi:63aa9ab2-863b-4a63-85cf-e9b43dccb240,대전광역시,의료급여
여자,대전광역시,의료급여,5등급,30,2021,https://api.odcloud.kr/api/15072696/v1/uddi:63aa9ab2-863b-4a63-85cf-e9b43dccb240,대전광역시,의료급여
여자,대전광역시,의료급여,인지지원등급,5,2021,https://api.odcloud.kr/api/15072696/v1/uddi:63aa9ab2-863b-4a63-85cf-e9b43dccb240,대전광역시,의료급여
여자,대전광역시,의료급여,등급외,33,2021,https://api.odcloud.kr/api/15072696/v1/uddi:63aa9ab2-863b-4a63-85cf-e9b43dccb240,대전광역시,의료급여
남자,울산광역시,의료급여,2등급,3,2021,https://api.odcloud.kr/api/15072696/v1/uddi:63aa9ab2-863b-4a63-85cf-e9b43dccb240,울산광역시,의료급여
남자,울산광역시,의료급여,3등급,11,2021,https://api.odcloud.kr/api/15072696/v1/uddi:63aa9ab2-863b-4a63-85cf-e9b43dccb240,울산광역시,의료급여
남자,울산광역시,의료급여,4등급,14,2021,https://api.odcloud.kr/api/15072696/v1/uddi:63aa9ab2-863b-4a63-85cf-e9b43dccb240,울산광역시,의료급여
남자,울산광역시,의료급여,5등급,1,2021,https://api.odcloud.kr/api/15072696/v1/uddi:63aa9ab2-863b-4a63-85cf-e9b43dccb240,울산광역시,의료급여
남자,울산광역시,의료급여,등급외,5,2021,https://api.odcloud.kr/api/15072696/v1/uddi:63aa9ab2-863b-4a63-85cf-e9b43dccb240,울산광역시,의료급여
여자,울산광역시,의료급여,1등급,9,2021,https://api.odcloud.kr/api/15072696/v1/uddi:63aa9ab2-863b-4a63-85cf-e9b43dccb240,울산광역시,의료급여
여자,울산광역시,의료급여,2등급,9,2021,https://api.odcloud.kr/api/15072696/v1/uddi:63aa9ab2-863b-4a63-85cf-e9b43dccb240,울산광역시,의료급여
여자,울산광역시,의료급여,3등급,43,2021,https://api.odcloud.kr/api/15072696/v1/uddi:63aa9ab2-863b-4a63-85cf-e9b43dccb240,울산광역시,의료급여
여자,울산광역시,의료급여,4등급,45,2021,https://api.odcloud.kr/api/15072696/v1/uddi:63aa9ab2-863b-4a63-85cf-e9b43dccb240,울산광역시,의료급여
여자,울산광역시,의료급여,5등급,12,2021,https://api.odcloud.kr/api/15072696/v1/uddi:63aa9ab2-863b-4a63-85cf-e9b43dccb240,울산광역시,의료급여
여자,울산광역시,의료급여,인지지원등급,0,2021,https://api.odcloud.kr/api/15072696/v1/uddi:63aa9ab2-863b-4a63-85cf-e9b43dccb240,울산광역시,의료급여
여자,울산광역시,의료급여,등급외,14,2021,https://api.odcloud.kr/api/15072696/v1/uddi:63aa9ab2-863b-4a63-85cf-e9b43dccb240,울산광역시,의료급여
남자,세종특별자치시,의료급여,1등급,1,2021,https://api.odcloud.kr/api/15072696/v1/uddi:63aa9ab2-863b-4a63-85cf-e9b43dccb240,세종특별자치시,의료급여
남자,세종특별자치시,의료급여,2등급,2,2021,https://api.odcloud.kr/api/15072696/v1/uddi:63aa9ab2-863b-4a63-85cf-e9b43dccb240,세종특별자치시,의료급여
남자,세종특별자치시,의료급여,3등급,1,2021,https://api.odcloud.kr/api/15072696/v1/uddi:63aa9ab2-863b-4a63-85cf-e9b43dccb240,세종특별자치시,의료급여
남자,세종특별자치시,의료급여,4등급,5,2021,https://api.odcloud.kr/api/15072696/v1/uddi:63aa9ab2-863b-4a63-85cf-e9b43dccb240,세종특별자치시,의료급여
남자,세종특별자치시,의료급여,인지지원등급,0,2021,https://api.odcloud.kr/api/15072696/v1/uddi:63aa9ab2-863b-4a63-85cf-e9b43dccb240,세종특별자치시,의료급여
남자,세종특별자치시,의료급여,등급외,2,2021,https://api.odcloud.kr/api/15072696/v1/uddi:63aa9ab2-863b-4a63-85cf-e9b43dccb240,세종특별자치시,의료급여
여자,세종특별자치시,의료급여,1등급,2,2021,https://api.odcloud.kr/api/15072696/v1/uddi:63aa9ab2-863b-4a63-85cf-e9b43dccb240,세종특별자치시,의료급여
여자,세종특별자치시,의료급여,2등급,3,2021,https://api.odcloud.kr/api/15072696/v1/uddi:63aa9ab2-863b-4a63-85cf-e9b43dccb240,세종특별자치시,의료급여
여자,세종특별자치시,의료급여,3등급,10,2021,https://api.odcloud.kr/api/15072696/v1/uddi:63aa9ab2-863b-4a63-85cf-e9b43dccb240,세종특별자치시,의료급여
여자,세종특별자치시,의료급여,4등급,12,2021,https://api.odcloud.kr/api/15072696/v1/uddi:63aa9ab2-863b-4a63-85cf-e9b43dccb240,세종특별자치시,의료급여
여자,세종특별자치시,의료급여,5등급,3,2021,https://api.odcloud.kr/api/15072696/v1/uddi:63aa9ab2-863b-4a63-85cf-e9b43dccb240,세종특별자치시,의료급여
여자,세종특별자치시,의료급여,인지지원등급,1,2021,https://api.odcloud.kr/api/15072696/v1/uddi:63aa9ab2-863b-4a63-85cf-e9b43dccb240,세종특별자치시,의료급여
여자,세종특별자치시,의료급여,등급외,5,2021,https://api.odcloud.kr/api/15072696/v1/uddi:63aa9ab2-863b-4a63-85cf-e9b43dccb240,세종특별자치시,의료급여
남자,경기도,의료급여,1등급,14,2021,https://api.odcloud.kr/api/15072696/v1/uddi:63aa9ab2-863b-4a63-85cf-e9b43dccb240,경기도,의료급여
남자,경기도,의료급여,2등급,50,2021,https://api.odcloud.kr/api/15072696/v1/uddi:63aa9ab2-863b-4a63-85cf-e9b43dccb240,경기도,의료급여
남자,경기도,의료급여,3등급,148,2021,https://api.odcloud.kr/api/15072696/v1/uddi:63aa9ab2-863b-4a63-85cf-e9b43dccb240,경기도,의료급여
남자,경기도,의료급여,4등급,205,2021,https://api.odcloud.kr/api/15072696/v1/uddi:63aa9ab2-863b-4a63-85cf-e9b43dccb240,경기도,의료급여
남자,경기도,의료급여,5등급,47,2021,https://api.odcloud.kr/api/15072696/v1/uddi:63aa9ab2-863b-4a63-85cf-e9b43dccb240,경기도,의료급여
남자,경기도,의료급여,인지지원등급,14,2021,https://api.odcloud.kr/api/15072696/v1/uddi:63aa9ab2-863b-4a63-85cf-e9b43dccb240,경기도,의료급여
남자,경기도,의료급여,등급외,66,2021,https://api.odcloud.kr/api/15072696/v1/uddi:63aa9ab2-863b-4a63-85cf-e9b43dccb240,경기도,의료급여
여자,경기도,의료급여,1등급,84,2021,https://api.odcloud.kr/api/15072696/v1/uddi:63aa9ab2-863b-4a63-85cf-e9b43dccb240,경기도,의료급여
여자,경기도,의료급여,2등급,151,2021,https://api.odcloud.kr/api/15072696/v1/uddi:63aa9ab2-863b-4a63-85cf-e9b43dccb240,경기도,의료급여
여자,경기도,의료급여,3등급,474,2021,https://api.odcloud.kr/api/15072696/v1/uddi:63aa9ab2-863b-4a63-85cf-e9b43dccb240,경기도,의료급여
여자,경기도,의료급여,4등급,659,2021,https://api.odcloud.kr/api/15072696/v1/uddi:63aa9ab2-863b-4a63-85cf-e9b43dccb240,경기도,의료급여
여자,경기도,의료급여,5등급,150,2021,https://api.odcloud.kr/api/15072696/v1/uddi:63aa9ab2-863b-4a63-85cf-e9b43dccb240,경기도,의료급여
여자,경기도,의료급여,인지지원등급,24,2021,https://api.odcloud.kr/api/15072696/v1/uddi:63aa9ab2-863b-4a63-85cf-e9b43dccb240,경기도,의료급여
여자,경기도,의료급여,등급외,155,2021,https://api.odcloud.kr/api/15072696/v1/uddi:63aa9ab2-863b-4a63-85cf-e9b43dccb240,경기도,의료급여
남자,강원특별자치도,의료급여,1등급,12,2021,https://api.odcloud.kr/api/15072696/v1/uddi:63aa9ab2-863b-4a63-85cf-e9b43dccb240,강원도,의료급여
남자,강원특별자치도,의료급여,2등급,9,2021,https://api.odcloud.kr/api/15072696/v1/uddi:63aa9ab2-863b-4a63-85cf-e9b43dccb240,강원도,의료급여
남자,강원특별자치도,의료급여,3등급,47,2021,https://api.odcloud.kr/api/15072696/v1/uddi:63aa9ab2-863b-4a63-85cf-e9b43dccb240,강원도,의료급여
남자,강원특별자치도,의료급여,4등급,44,2021,https://api.odcloud.kr/api/15072696/v1/uddi:63aa9ab2-863b-4a63-85cf-e9b43dccb240,강원도,의료급여
남자,강원특별자치도,의료급여,5등급,13,2021,https://api.odcloud.kr/api/15072696/v1/uddi:63aa9ab2-863b-4a63-85cf-e9b43dccb240,강원도,의료급여
남자,강원특별자치도,의료급여,인지지원등급,2,2021,https://api.odcloud.kr/api/15072696/v1/uddi:63aa9ab2-863b-4a63-85cf-e9b43dccb240,강원도,의료급여
남자,강원특별자치도,의료급여,등급외,21,2021,https://api.odcloud.kr/api/15072696/v1/uddi:63aa9ab2-863b-4a63-85cf-e9b43dccb240,강원도,의료급여
여자,강원특별자치도,의료급여,1등급,25,2021,https://api.odcloud.kr/api/15072696/v1/uddi:63aa9ab2-863b-4a63-85cf-e9b43dccb240,강원도,의료급여
여자,강원특별자치도,의료급여,2등급,65,2021,https://api.odcloud.kr/api/15072696/v1/uddi:63aa9ab2-863b-4a63-85cf-e9b43dccb240,강원도,의료급여
여자,강원특별자치도,의료급여,3등급,158,2021,https://api.odcloud.kr/api/15072696/v1/uddi:63aa9ab2-863b-4a63-85cf-e9b43dccb240,강원도,의료급여
여자,강원특별자치도,의료급여,4등급,185,2021,https://api.odcloud.kr/api/15072696/v1/uddi:63aa9ab2-863b-4a63-85cf-e9b43dccb240,강원도,의료급여
여자,강원특별자치도,의료급여,5등급,39,2021,https://api.odcloud.kr/api/15072696/v1/uddi:63aa9ab2-863b-4a63-85cf-e9b43dccb240,강원도,의료급여
여자,강원특별자치도,의료급여,인지지원등급,7,2021,https://api.odcloud.kr/api/15072696/v1/uddi:63aa9ab2-863b-4a63-85cf-e9b43dccb240,강원도,의료급여
여자,강원특별자치도,의료급여,등급외,51,2021,https://api.odcloud.kr/api/15072696/v1/uddi:63aa9ab2-863b-4a63-85cf-e9b43dccb240,강원도,의료급여
남자,충청북도,의료급여,1등급,5,2021,https://api.odcloud.kr/api/15072696/v1/uddi:63aa9ab2-863b-4a63-85cf-e9b43dccb240,충청북도,의료급여
남자,충청북도,의료급여,2등급,12,2021,https://api.odcloud.kr/api/15072696/v1/uddi:63aa9ab2-863b-4a63-85cf-e9b43dccb240,충청북도,의료급여
남자,충청북도,의료급여,3등급,30,2021,https://api.odcloud.kr/api/15072696/v1/uddi:63aa9ab2-863b-4a63-85cf-e9b43dccb240,충청북도,의료급여
남자,충청북도,의료급여,4등급,57,2021,https://api.odcloud.kr/api/15072696/v1/uddi:63aa9ab2-863b-4a63-85cf-e9b43dccb240,충청북도,의료급여
남자,충청북도,의료급여,5등급,12,2021,https://api.odcloud.kr/api/15072696/v1/uddi:63aa9ab2-863b-4a63-85cf-e9b43dccb240,충청북도,의료급여
남자,충청북도,의료급여,인지지원등급,1,2021,https://api.odcloud.kr/api/15072696/v1/uddi:63aa9ab2-863b-4a63-85cf-e9b43dccb240,충청북도,의료급여
남자,충청북도,의료급여,등급외,20,2021,https://api.odcloud.kr/api/15072696/v1/uddi:63aa9ab2-863b-4a63-85cf-e9b43dccb240,충청북도,의료급여
여자,충청북도,의료급여,1등급,15,2021,https://api.odcloud.kr/api/15072696/v1/uddi:63aa9ab2-863b-4a63-85cf-e9b43dccb240,충청북도,의료급여
여자,충청북도,의료급여,2등급,42,2021,https://api.odcloud.kr/api/15072696/v1/uddi:63aa9ab2-863b-4a63-85cf-e9b43dccb240,충청북도,의료급여
여자,충청북도,의료급여,3등급,99,2021,https://api.odcloud.kr/api/15072696/v1/uddi:63aa9ab2-863b-4a63-85cf-e9b43dccb240,충청북도,의료급여
여자,충청북도,의료급여,4등급,148,2021,https://api.odcloud.kr/api/15072696/v1/uddi:63aa9ab2-863b-4a63-85cf-e9b43dccb240,충청북도,의료급여
여자,충청북도,의료급여,5등급,44,2021,https://api.odcloud.kr/api/15072696/v1/uddi:63aa9ab2-863b-4a63-85cf-e9b43dccb240,충청북도,의료급여
여자,충청북도,의료급여,인지지원등급,8,2021,https://api.odcloud.kr/api/15072696/v1/uddi:63aa9ab2-863b-4a63-85cf-e9b43dccb240,충청북도,의료급여
여자,충청북도,의료급여,등급외,47,2021,https://api.odcloud.kr/api/15072696/v1/uddi:63aa9ab2-863b-4a63-85cf-e9b43dccb240,충청북도,의료급여
남자,충청남도,의료급여,1등급,3,2021,https://api.odcloud.kr/api/15072696/v1/uddi:63aa9ab2-863b-4a63-85cf-e9b43dccb240,충청남도,의료급여
남자,충청남도,의료급여,2등급,5,2021,https://api.odcloud.kr/api/15072696/v1/uddi:63aa9ab2-863b-4a63-85cf-e9b43dccb240,충청남도,의료급여
남자,충청남도,의료급여,3등급,31,2021,https://api.odcloud.kr/api/15072696/v1/uddi:63aa9ab2-863b-4a63-85cf-e9b43dccb240,충청남도,의료급여
남자,충청남도,의료급여,4등급,57,2021,https://api.odcloud.kr/api/15072696/v1/uddi:63aa9ab2-863b-4a63-85cf-e9b43dccb240,충청남도,의료급여
남자,충청남도,의료급여,5등급,14,2021,https://api.odcloud.kr/api/15072696/v1/uddi:63aa9ab2-863b-4a63-85cf-e9b43dccb240,충청남도,의료급여
남자,충청남도,의료급여,인지지원등급,6,2021,https://api.odcloud.kr/api/15072696/v1/uddi:63aa9ab2-863b-4a63-85cf-e9b43dccb240,충청남도,의료급여
남자,충청남도,의료급여,등급외,23,2021,https://api.odcloud.kr/api/15072696/v1/uddi:63aa9ab2-863b-4a63-85cf-e9b43dccb240,충청남도,의료급여
여자,충청남도,의료급여,1등급,6,2021,https://api.odcloud.kr/api/15072696/v1/uddi:63aa9ab2-863b-4a63-85cf-e9b43dccb240,충청남도,의료급여
여자,충청남도,의료급여,2등급,35,2021,https://api.odcloud.kr/api/15072696/v1/uddi:63aa9ab2-863b-4a63-85cf-e9b43dccb240,충청남도,의료급여
여자,충청남도,의료급여,3등급,86,2021,https://api.odcloud.kr/api/15072696/v1/uddi:63aa9ab2-863b-4a63-85cf-e9b43dccb240,충청남도,의료급여
여자,충청남도,의료급여,4등급,166,2021,https://api.odcloud.kr/api/15072696/v1/uddi:63aa9ab2-863b-4a63-85cf-e9b43dccb240,충청남도,의료급여
여자,충청남도,의료급여,5등급,36,2021,https://api.odcloud.kr/api/15072696/v1/uddi:63aa9ab2-863b-4a63-85cf-e9b43dccb240,충청남도,의료급여
여자,충청남도,의료급여,인지지원등급,4,2021,https://api.odcloud.kr/api/15072696/v1/uddi:63aa9ab2-863b-4a63-85cf-e9b43dccb240,충청남도,의료급여
여자,충청남도,의료급여,등급외,38,2021,https://api.odcloud.kr/api/15072696/v1/uddi:63aa9ab2-863b-4a63-85cf-e9b43dccb240,충청남도,의료급여
남자,전북특별자치도,의료급여,1등급,4,2021,https://api.odcloud.kr/api/15072696/v1/uddi:63aa9ab2-863b-4a63-85cf-e9b43dccb240,전라북도,의료급여
남자,전북특별자치도,의료급여,2등급,6,2021,https://api.odcloud.kr/api/15072696/v1/uddi:63aa9ab2-863b-4a63-85cf-e9b43dccb240,전라북도,의료급여
남자,전북특별자치도,의료급여,3등급,39,2021,https://api.odcloud.kr/api/15072696/v1/uddi:63aa9ab2-863b-4a63-85cf-e9b43dccb240,전라북도,의료급여
남자,전북특별자치도,의료급여,4등급,90,2021,https://api.odcloud.kr/api/15072696/v1/uddi:63aa9ab2-863b-4a63-85cf-e9b43dccb240,전라북도,의료급여
남자,전북특별자치도,의료급여,5등급,24,2021,https://api.odcloud.kr/api/15072696/v1/uddi:63aa9ab2-863b-4a63-85cf-e9b43dccb240,전라북도,의료급여
남자,전북특별자치도,의료급여,인지지원등급,3,2021,https://api.odcloud.kr/api/15072696/v1/uddi:63aa9ab2-863b-4a63-85cf-e9b43dccb240,전라북도,의료급여
남자,전북특별자치도,의료급여,등급외,38,2021,https://api.odcloud.kr/api/15072696/v1/uddi:63aa9ab2-863b-4a63-85cf-e9b43dccb240,전라북도,의료급여
여자,전북특별자치도,의료급여,1등급,16,2021,https://api.odcloud.kr/api/15072696/v1/uddi:63aa9ab2-863b-4a63-85cf-e9b43dccb240,전라북도,의료급여
여자,전북특별자치도,의료급여,2등급,45,2021,https://api.odcloud.kr/api/15072696/v1/uddi:63aa9ab2-863b-4a63-85cf-e9b43dccb240,전라북도,의료급여
여자,전북특별자치도,의료급여,3등급,103,2021,https://api.odcloud.kr/api/15072696/v1/uddi:63aa9ab2-863b-4a63-85cf-e9b43dccb240,전라북도,의료급여
여자,전북특별자치도,의료급여,4등급,266,2021,https://api.odcloud.kr/api/15072696/v1/uddi:63aa9ab2-863b-4a63-85cf-e9b43dccb240,전라북도,의료급여
여자,전북특별자치도,의료급여,5등급,95,2021,https://api.odcloud.kr/api/15072696/v1/uddi:63aa9ab2-863b-4a63-85cf-e9b43dccb240,전라북도,의료급여
여자,전북특별자치도,의료급여,인지지원등급,8,2021,https://api.odcloud.kr/api/15072696/v1/uddi:63aa9ab2-863b-4a63-85cf-e9b43dccb240,전라북도,의료급여
여자,전북특별자치도,의료급여,등급외,100,2021,https://api.odcloud.kr/api/15072696/v1/uddi:63aa9ab2-863b-4a63-85cf-e9b43dccb240,전라북도,의료급여
남자,전라남도,의료급여,1등급,7,2021,https://api.odcloud.kr/api/15072696/v1/uddi:63aa9ab2-863b-4a63-85cf-e9b43dccb240,전라남도,의료급여
남자,전라남도,의료급여,2등급,12,2021,https://api.odcloud.kr/api/15072696/v1/uddi:63aa9ab2-863b-4a63-85cf-e9b43dccb240,전라남도,의료급여
남자,전라남도,의료급여,3등급,55,2021,https://api.odcloud.kr/api/15072696/v1/uddi:63aa9ab2-863b-4a63-85cf-e9b43dccb240,전라남도,의료급여
남자,전라남도,의료급여,4등급,101,2021,https://api.odcloud.kr/api/15072696/v1/uddi:63aa9ab2-863b-4a63-85cf-e9b43dccb240,전라남도,의료급여
남자,전라남도,의료급여,5등급,23,2021,https://api.odcloud.kr/api/15072696/v1/uddi:63aa9ab2-863b-4a63-85cf-e9b43dccb240,전라남도,의료급여
남자,전라남도,의료급여,인지지원등급,3,2021,https://api.odcloud.kr/api/15072696/v1/uddi:63aa9ab2-863b-4a63-85cf-e9b43dccb240,전라남도,의료급여
남자,전라남도,의료급여,등급외,44,2021,https://api.odcloud.kr/api/15072696/v1/uddi:63aa9ab2-863b-4a63-85cf-e9b43dccb240,전라남도,의료급여
여자,전라남도,의료급여,1등급,32,2021,https://api.odcloud.kr/api/15072696/v1/uddi:63aa9ab2-863b-4a63-85cf-e9b43dccb240,전라남도,의료급여
여자,전라남도,의료급여,2등급,51,2021,https://api.odcloud.kr/api/15072696/v1/uddi:63aa9ab2-863b-4a63-85cf-e9b43dccb240,전라남도,의료급여
여자,전라남도,의료급여,3등급,158,2021,https://api.odcloud.kr/api/15072696/v1/uddi:63aa9ab2-863b-4a63-85cf-e9b43dccb240,전라남도,의료급여
여자,전라남도,의료급여,4등급,354,2021,https://api.odcloud.kr/api/15072696/v1/uddi:63aa9ab2-863b-4a63-85cf-e9b43dccb240,전라남도,의료급여
여자,전라남도,의료급여,5등급,92,2021,https://api.odcloud.kr/api/15072696/v1/uddi:63aa9ab2-863b-4a63-85cf-e9b43dccb240,전라남도,의료급여
여자,전라남도,의료급여,인지지원등급,16,2021,https://api.odcloud.kr/api/15072696/v1/uddi:63aa9ab2-863b-4a63-85cf-e9b43dccb240,전라남도,의료급여
여자,전라남도,의료급여,등급외,121,2021,https://api.odcloud.kr/api/15072696/v1/uddi:63aa9ab2-863b-4a63-85cf-e9b43dccb240,전라남도,의료급여
남자,경상북도,의료급여,1등급,5,2021,https://api.odcloud.kr/api/15072696/v1/uddi:63aa9ab2-863b-4a63-85cf-e9b43dccb240,경상북도,의료급여
남자,경상북도,의료급여,2등급,15,2021,https://api.odcloud.kr/api/15072696/v1/uddi:63aa9ab2-863b-4a63-85cf-e9b43dccb240,경상북도,의료급여
남자,경상북도,의료급여,3등급,53,2021,https://api.odcloud.kr/api/15072696/v1/uddi:63aa9ab2-863b-4a63-85cf-e9b43dccb240,경상북도,의료급여
남자,경상북도,의료급여,4등급,95,2021,https://api.odcloud.kr/api/15072696/v1/uddi:63aa9ab2-863b-4a63-85cf-e9b43dccb240,경상북도,의료급여
남자,경상북도,의료급여,5등급,18,2021,https://api.odcloud.kr/api/15072696/v1/uddi:63aa9ab2-863b-4a63-85cf-e9b43dccb240,경상북도,의료급여
남자,경상북도,의료급여,인지지원등급,3,2021,https://api.odcloud.kr/api/15072696/v1/uddi:63aa9ab2-863b-4a63-85cf-e9b43dccb240,경상북도,의료급여
남자,경상북도,의료급여,등급외,51,2021,https://api.odcloud.kr/api/15072696/v1/uddi:63aa9ab2-863b-4a63-85cf-e9b43dccb240,경상북도,의료급여
여자,경상북도,의료급여,1등급,25,2021,https://api.odcloud.kr/api/15072696/v1/uddi:63aa9ab2-863b-4a63-85cf-e9b43dccb240,경상북도,의료급여
여자,경상북도,의료급여,2등급,56,2021,https://api.odcloud.kr/api/15072696/v1/uddi:63aa9ab2-863b-4a63-85cf-e9b43dccb240,경상북도,의료급여
여자,경상북도,의료급여,3등급,162,2021,https://api.odcloud.kr/api/15072696/v1/uddi:63aa9ab2-863b-4a63-85cf-e9b43dccb240,경상북도,의료급여
여자,경상북도,의료급여,4등급,320,2021,https://api.odcloud.kr/api/15072696/v1/uddi:63aa9ab2-863b-4a63-85cf-e9b43dccb240,경상북도,의료급여
여자,경상북도,의료급여,5등급,83,2021,https://api.odcloud.kr/api/15072696/v1/uddi:63aa9ab2-863b-4a63-85cf-e9b43dccb240,경상북도,의료급여
여자,경상북도,의료급여,인지지원등급,11,2021,https://api.odcloud.kr/api/15072696/v1/uddi:63aa9ab2-863b-4a63-85cf-e9b43dccb240,경상북도,의료급여
여자,경상북도,의료급여,등급외,77,2021,https://api.odcloud.kr/api/15072696/v1/uddi:63aa9ab2-863b-4a63-85cf-e9b43dccb240,경상북도,의료급여
남자,경상남도,의료급여,1등급,7,2021,https://api.odcloud.kr/api/15072696/v1/uddi:63aa9ab2-863b-4a63-85cf-e9b43dccb240,경상남도,의료급여
남자,경상남도,의료급여,2등급,16,2021,https://api.odcloud.kr/api/15072696/v1/uddi:63aa9ab2-863b-4a63-85cf-e9b43dccb240,경상남도,의료급여
남자,경상남도,의료급여,3등급,37,2021,https://api.odcloud.kr/api/15072696/v1/uddi:63aa9ab2-863b-4a63-85cf-e9b43dccb240,경상남도,의료급여
남자,경상남도,의료급여,4등급,78,2021,https://api.odcloud.kr/api/15072696/v1/uddi:63aa9ab2-863b-4a63-85cf-e9b43dccb240,경상남도,의료급여
남자,경상남도,의료급여,5등급,12,2021,https://api.odcloud.kr/api/15072696/v1/uddi:63aa9ab2-863b-4a63-85cf-e9b43dccb240,경상남도,의료급여
남자,경상남도,의료급여,인지지원등급,6,2021,https://api.odcloud.kr/api/15072696/v1/uddi:63aa9ab2-863b-4a63-85cf-e9b43dccb240,경상남도,의료급여
남자,경상남도,의료급여,등급외,53,2021,https://api.odcloud.kr/api/15072696/v1/uddi:63aa9ab2-863b-4a63-85cf-e9b43dccb240,경상남도,의료급여
여자,경상남도,의료급여,1등급,26,2021,https://api.odcloud.kr/api/15072696/v1/uddi:63aa9ab2-863b-4a63-85cf-e9b43dccb240,경상남도,의료급여
여자,경상남도,의료급여,2등급,71,2021,https://api.odcloud.kr/api/15072696/v1/uddi:63aa9ab2-863b-4a63-85cf-e9b43dccb240,경상남도,의료급여
여자,경상남도,의료급여,3등급,177,2021,https://api.odcloud.kr/api/15072696/v1/uddi:63aa9ab2-863b-4a63-85cf-e9b43dccb240,경상남도,의료급여
여자,경상남도,의료급여,4등급,347,2021,https://api.odcloud.kr/api/15072696/v1/uddi:63aa9ab2-863b-4a63-85cf-e9b43dccb240,경상남도,의료급여
여자,경상남도,의료급여,5등급,76,2021,https://api.odcloud.kr/api/15072696/v1/uddi:63aa9ab2-863b-4a63-85cf-e9b43dccb240,경상남도,의료급여
여자,경상남도,의료급여,인지지원등급,8,2021,https://api.odcloud.kr/api/15072696/v1/uddi:63aa9ab2-863b-4a63-85cf-e9b43dccb240,경상남도,의료급여
여자,경상남도,의료급여,등급외,87,2021,https://api.odcloud.kr/api/15072696/v1/uddi:63aa9ab2-863b-4a63-85cf-e9b43dccb240,경상남도,의료급여
남자,제주특별자치도,의료급여,1등급,7,2021,https://api.odcloud.kr/api/15072696/v1/uddi:63aa9ab2-863b-4a63-85cf-e9b43dccb240,제주특별자치도,의료급여
남자,제주특별자치도,의료급여,2등급,4,2021,https://api.odcloud.kr/api/15072696/v1/uddi:63aa9ab2-863b-4a63-85cf-e9b43dccb240,제주특별자치도,의료급여
남자,제주특별자치도,의료급여,3등급,17,2021,https://api.odcloud.kr/api/15072696/v1/uddi:63aa9ab2-863b-4a63-85cf-e9b43dccb240,제주특별자치도,의료급여
남자,제주특별자치도,의료급여,4등급,15,2021,https://api.odcloud.kr/api/15072696/v1/uddi:63aa9ab2-863b-4a63-85cf-e9b43dccb240,제주특별자치도,의료급여
남자,제주특별자치도,의료급여,5등급,4,2021,https://api.odcloud.kr/api/15072696/v1/uddi:63aa9ab2-863b-4a63-85cf-e9b43dccb240,제주특별자치도,의료급여
남자,제주특별자치도,의료급여,인지지원등급,0,2021,https://api.odcloud.kr/api/15072696/v1/uddi:63aa9ab2-863b-4a63-85cf-e9b43dccb240,제주특별자치도,의료급여
남자,제주특별자치도,의료급여,등급외,3,2021,https://api.odcloud.kr/api/15072696/v1/uddi:63aa9ab2-863b-4a63-85cf-e9b43dccb240,제주특별자치도,의료급여
여자,제주특별자치도,의료급여,1등급,10,2021,https://api.odcloud.kr/api/15072696/v1/uddi:63aa9ab2-863b-4a63-85cf-e9b43dccb240,제주특별자치도,의료급여
여자,제주특별자치도,의료급여,2등급,28,2021,https://api.odcloud.kr/api/15072696/v1/uddi:63aa9ab2-863b-4a63-85cf-e9b43dccb240,제주특별자치도,의료급여
여자,제주특별자치도,의료급여,3등급,60,2021,https://api.odcloud.kr/api/15072696/v1/uddi:63aa9ab2-863b-4a63-85cf-e9b43dccb240,제주특별자치도,의료급여
여자,제주특별자치도,의료급여,4등급,40,2021,https://api.odcloud.kr/api/15072696/v1/uddi:63aa9ab2-863b-4a63-85cf-e9b43dccb240,제주특별자치도,의료급여
여자,제주특별자치도,의료급여,5등급,11,2021,https://api.odcloud.kr/api/15072696/v1/uddi:63aa9ab2-863b-4a63-85cf-e9b43dccb240,제주특별자치도,의료급여
여자,제주특별자치도,의료급여,인지지원등급,0,2021,https://api.odcloud.kr/api/15072696/v1/uddi:63aa9ab2-863b-4a63-85cf-e9b43dccb240,제주특별자치도,의료급여
여자,제주특별자치도,의료급여,등급외,13,2021,https://api.odcloud.kr/api/15072696/v1/uddi:63aa9ab2-863b-4a63-85cf-e9b43dccb240,제주특별자치도,의료급여
남자,서울특별시,감경,1등급,602,2021,https://api.odcloud.kr/api/15072696/v1/uddi:63aa9ab2-863b-4a63-85cf-e9b43dccb240,서울특별시,경감
남자,서울특별시,감경,2등급,1032,2021,https://api.odcloud.kr/api/15072696/v1/uddi:63aa9ab2-863b-4a63-85cf-e9b43dccb240,서울특별시,경감
남자,서울특별시,감경,3등급,3255,2021,https://api.odcloud.kr/api/15072696/v1/uddi:63aa9ab2-863b-4a63-85cf-e9b43dccb240,서울특별시,경감
남자,서울특별시,감경,4등급,4028,2021,https://api.odcloud.kr/api/15072696/v1/uddi:63aa9ab2-863b-4a63-85cf-e9b43dccb240,서울특별시,경감
남자,서울특별시,감경,5등급,900,2021,https://api.odcloud.kr/api/15072696/v1/uddi:63aa9ab2-863b-4a63-85cf-e9b43dccb240,서울특별시,경감
남자,서울특별시,감경,인지지원등급,230,2021,https://api.odcloud.kr/api/15072696/v1/uddi:63aa9ab2-863b-4a63-85cf-e9b43dccb240,서울특별시,경감
남자,서울특별시,감경,등급외,196,2021,https://api.odcloud.kr/api/15072696/v1/uddi:63aa9ab2-863b-4a63-85cf-e9b43dccb240,서울특별시,경감
여자,서울특별시,감경,1등급,1630,2021,https://api.odcloud.kr/api/15072696/v1/uddi:63aa9ab2-863b-4a63-85cf-e9b43dccb240,서울특별시,경감
여자,서울특별시,감경,2등급,3224,2021,https://api.odcloud.kr/api/15072696/v1/uddi:63aa9ab2-863b-4a63-85cf-e9b43dccb240,서울특별시,경감
여자,서울특별시,감경,3등급,7888,2021,https://api.odcloud.kr/api/15072696/v1/uddi:63aa9ab2-863b-4a63-85cf-e9b43dccb240,서울특별시,경감
여자,서울특별시,감경,4등급,10408,2021,https://api.odcloud.kr/api/15072696/v1/uddi:63aa9ab2-863b-4a63-85cf-e9b43dccb240,서울특별시,경감
여자,서울특별시,감경,5등급,2103,2021,https://api.odcloud.kr/api/15072696/v1/uddi:63aa9ab2-863b-4a63-85cf-e9b43dccb240,서울특별시,경감
여자,서울특별시,감경,인지지원등급,525,2021,https://api.odcloud.kr/api/15072696/v1/uddi:63aa9ab2-863b-4a63-85cf-e9b43dccb240,서울특별시,경감
여자,서울특별시,감경,등급외,393,2021,https://api.odcloud.kr/api/15072696/v1/uddi:63aa9ab2-863b-4a63-85cf-e9b43dccb240,서울특별시,경감
남자,부산광역시,감경,1등급,296,2021,https://api.odcloud.kr/api/15072696/v1/uddi:63aa9ab2-863b-4a63-85cf-e9b43dccb240,부산광역시,경감
남자,부산광역시,감경,2등급,588,2021,https://api.odcloud.kr/api/15072696/v1/uddi:63aa9ab2-863b-4a63-85cf-e9b43dccb240,부산광역시,경감
남자,부산광역시,감경,3등급,1841,2021,https://api.odcloud.kr/api/15072696/v1/uddi:63aa9ab2-863b-4a63-85cf-e9b43dccb240,부산광역시,경감
남자,부산광역시,감경,4등급,2752,2021,https://api.odcloud.kr/api/15072696/v1/uddi:63aa9ab2-863b-4a63-85cf-e9b43dccb240,부산광역시,경감
남자,부산광역시,감경,5등급,509,2021,https://api.odcloud.kr/api/15072696/v1/uddi:63aa9ab2-863b-4a63-85cf-e9b43dccb240,부산광역시,경감
남자,부산광역시,감경,인지지원등급,99,2021,https://api.odcloud.kr/api/15072696/v1/uddi:63aa9ab2-863b-4a63-85cf-e9b43dccb240,부산광역시,경감
남자,부산광역시,감경,등급외,119,2021,https://api.odcloud.kr/api/15072696/v1/uddi:63aa9ab2-863b-4a63-85cf-e9b43dccb240,부산광역시,경감
여자,부산광역시,감경,1등급,805,2021,https://api.odcloud.kr/api/15072696/v1/uddi:63aa9ab2-863b-4a63-85cf-e9b43dccb240,부산광역시,경감
여자,부산광역시,감경,2등급,1487,2021,https://api.odcloud.kr/api/15072696/v1/uddi:63aa9ab2-863b-4a63-85cf-e9b43dccb240,부산광역시,경감
여자,부산광역시,감경,3등급,4211,2021,https://api.odcloud.kr/api/15072696/v1/uddi:63aa9ab2-863b-4a63-85cf-e9b43dccb240,부산광역시,경감
여자,부산광역시,감경,4등급,6703,2021,https://api.odcloud.kr/api/15072696/v1/uddi:63aa9ab2-863b-4a63-85cf-e9b43dccb240,부산광역시,경감
여자,부산광역시,감경,5등급,1214,2021,https://api.odcloud.kr/api/15072696/v1/uddi:63aa9ab2-863b-4a63-85cf-e9b43dccb240,부산광역시,경감
여자,부산광역시,감경,인지지원등급,259,2021,https://api.odcloud.kr/api/15072696/v1/uddi:63aa9ab2-863b-4a63-85cf-e9b43dccb240,부산광역시,경감
여자,부산광역시,감경,등급외,291,2021,https://api.odcloud.kr/api/15072696/v1/uddi:63aa9ab2-863b-4a63-85cf-e9b43dccb240,부산광역시,경감
남자,대구광역시,감경,1등급,171,2021,https://api.odcloud.kr/api/15072696/v1/uddi:63aa9ab2-863b-4a63-85cf-e9b43dccb240,대구광역시,경감
남자,대구광역시,감경,2등급,381,2021,https://api.odcloud.kr/api/15072696/v1/uddi:63aa9ab2-863b-4a63-85cf-e9b43dccb240,대구광역시,경감
남자,대구광역시,감경,3등급,1121,2021,https://api.odcloud.kr/api/15072696/v1/uddi:63aa9ab2-863b-4a63-85cf-e9b43dccb240,대구광역시,경감
남자,대구광역시,감경,4등급,1509,2021,https://api.odcloud.kr/api/15072696/v1/uddi:63aa9ab2-863b-4a63-85cf-e9b43dccb240,대구광역시,경감
남자,대구광역시,감경,5등급,451,2021,https://api.odcloud.kr/api/15072696/v1/uddi:63aa9ab2-863b-4a63-85cf-e9b43dccb240,대구광역시,경감
남자,대구광역시,감경,인지지원등급,75,2021,https://api.odcloud.kr/api/15072696/v1/uddi:63aa9ab2-863b-4a63-85cf-e9b43dccb240,대구광역시,경감
남자,대구광역시,감경,등급외,62,2021,https://api.odcloud.kr/api/15072696/v1/uddi:63aa9ab2-863b-4a63-85cf-e9b43dccb240,대구광역시,경감
여자,대구광역시,감경,1등급,487,2021,https://api.odcloud.kr/api/15072696/v1/uddi:63aa9ab2-863b-4a63-85cf-e9b43dccb240,대구광역시,경감
여자,대구광역시,감경,2등급,1160,2021,https://api.odcloud.kr/api/15072696/v1/uddi:63aa9ab2-863b-4a63-85cf-e9b43dccb240,대구광역시,경감
여자,대구광역시,감경,3등급,3136,2021,https://api.odcloud.kr/api/15072696/v1/uddi:63aa9ab2-863b-4a63-85cf-e9b43dccb240,대구광역시,경감
여자,대구광역시,감경,4등급,4326,2021,https://api.odcloud.kr/api/15072696/v1/uddi:63aa9ab2-863b-4a63-85cf-e9b43dccb240,대구광역시,경감
여자,대구광역시,감경,5등급,1174,2021,https://api.odcloud.kr/api/15072696/v1/uddi:63aa9ab2-863b-4a63-85cf-e9b43dccb240,대구광역시,경감
여자,대구광역시,감경,인지지원등급,160,2021,https://api.odcloud.kr/api/15072696/v1/uddi:63aa9ab2-863b-4a63-85cf-e9b43dccb240,대구광역시,경감
여자,대구광역시,감경,등급외,182,2021,https://api.odcloud.kr/api/15072696/v1/uddi:63aa9ab2-863b-4a63-85cf-e9b43dccb240,대구광역시,경감
남자,인천광역시,감경,1등급,240,2021,https://api.odcloud.kr/api/15072696/v1/uddi:63aa9ab2-863b-4a63-85cf-e9b43dccb240,인천광역시,경감
남자,인천광역시,감경,2등급,467,2021,https://api.odcloud.kr/api/15072696/v1/uddi:63aa9ab2-863b-4a63-85cf-e9b43dccb240,인천광역시,경감
남자,인천광역시,감경,3등급,1544,2021,https://api.odcloud.kr/api/15072696/v1/uddi:63aa9ab2-863b-4a63-85cf-e9b43dccb240,인천광역시,경감
남자,인천광역시,감경,4등급,2225,2021,https://api.odcloud.kr/api/15072696/v1/uddi:63aa9ab2-863b-4a63-85cf-e9b43dccb240,인천광역시,경감
남자,인천광역시,감경,5등급,376,2021,https://api.odcloud.kr/api/15072696/v1/uddi:63aa9ab2-863b-4a63-85cf-e9b43dccb240,인천광역시,경감
남자,인천광역시,감경,인지지원등급,75,2021,https://api.odcloud.kr/api/15072696/v1/uddi:63aa9ab2-863b-4a63-85cf-e9b43dccb240,인천광역시,경감
남자,인천광역시,감경,등급외,62,2021,https://api.odcloud.kr/api/15072696/v1/uddi:63aa9ab2-863b-4a63-85cf-e9b43dccb240,인천광역시,경감
여자,인천광역시,감경,1등급,655,2021,https://api.odcloud.kr/api/15072696/v1/uddi:63aa9ab2-863b-4a63-85cf-e9b43dccb240,인천광역시,경감
여자,인천광역시,감경,2등급,1577,2021,https://api.odcloud.kr/api/15072696/v1/uddi:63aa9ab2-863b-4a63-85cf-e9b43dccb240,인천광역시,경감
여자,인천광역시,감경,3등급,4245,2021,https://api.odcloud.kr/api/15072696/v1/uddi:63aa9ab2-863b-4a63-85cf-e9b43dccb240,인천광역시,경감
여자,인천광역시,감경,4등급,5976,2021,https://api.odcloud.kr/api/15072696/v1/uddi:63aa9ab2-863b-4a63-85cf-e9b43dccb240,인천광역시,경감
여자,인천광역시,감경,5등급,916,2021,https://api.odcloud.kr/api/15072696/v1/uddi:63aa9ab2-863b-4a63-85cf-e9b43dccb240,인천광역시,경감
여자,인천광역시,감경,인지지원등급,171,2021,https://api.odcloud.kr/api/15072696/v1/uddi:63aa9ab2-863b-4a63-85cf-e9b43dccb240,인천광역시,경감
여자,인천광역시,감경,등급외,134,2021,https://api.odcloud.kr/api/15072696/v1/uddi:63aa9ab2-863b-4a63-85cf-e9b43dccb240,인천광역시,경감
남자,광주광역시,감경,1등급,103,2021,https://api.odcloud.kr/api/15072696/v1/uddi:63aa9ab2-863b-4a63-85cf-e9b43dccb240,광주광역시,경감
남자,광주광역시,감경,2등급,158,2021,https://api.odcloud.kr/api/15072696/v1/uddi:63aa9ab2-863b-4a63-85cf-e9b43dccb240,광주광역시,경감
남자,광주광역시,감경,3등급,629,2021,https://api.odcloud.kr/api/15072696/v1/uddi:63aa9ab2-863b-4a63-85cf-e9b43dccb240,광주광역시,경감
남자,광주광역시,감경,4등급,963,2021,https://api.odcloud.kr/api/15072696/v1/uddi:63aa9ab2-863b-4a63-85cf-e9b43dccb240,광주광역시,경감
남자,광주광역시,감경,5등급,210,2021,https://api.odcloud.kr/api/15072696/v1/uddi:63aa9ab2-863b-4a63-85cf-e9b43dccb240,광주광역시,경감
남자,광주광역시,감경,인지지원등급,62,2021,https://api.odcloud.kr/api/15072696/v1/uddi:63aa9ab2-863b-4a63-85cf-e9b43dccb240,광주광역시,경감
남자,광주광역시,감경,등급외,66,2021,https://api.odcloud.kr/api/15072696/v1/uddi:63aa9ab2-863b-4a63-85cf-e9b43dccb240,광주광역시,경감
여자,광주광역시,감경,1등급,304,2021,https://api.odcloud.kr/api/15072696/v1/uddi:63aa9ab2-863b-4a63-85cf-e9b43dccb240,광주광역시,경감
여자,광주광역시,감경,2등급,558,2021,https://api.odcloud.kr/api/15072696/v1/uddi:63aa9ab2-863b-4a63-85cf-e9b43dccb240,광주광역시,경감
여자,광주광역시,감경,3등급,1591,2021,https://api.odcloud.kr/api/15072696/v1/uddi:63aa9ab2-863b-4a63-85cf-e9b43dccb240,광주광역시,경감
여자,광주광역시,감경,4등급,2850,2021,https://api.odcloud.kr/api/15072696/v1/uddi:63aa9ab2-863b-4a63-85cf-e9b43dccb240,광주광역시,경감
여자,광주광역시,감경,5등급,666,2021,https://api.odcloud.kr/api/15072696/v1/uddi:63aa9ab2-863b-4a63-85cf-e9b43dccb240,광주광역시,경감
여자,광주광역시,감경,인지지원등급,129,2021,https://api.odcloud.kr/api/15072696/v1/uddi:63aa9ab2-863b-4a63-85cf-e9b43dccb240,광주광역시,경감
여자,광주광역시,감경,등급외,152,2021,https://api.odcloud.kr/api/15072696/v1/uddi:63aa9ab2-863b-4a63-85cf-e9b43dccb240,광주광역시,경감
남자,대전광역시,감경,1등급,103,2021,https://api.odcloud.kr/api/15072696/v1/uddi:63aa9ab2-863b-4a63-85cf-e9b43dccb240,대전광역시,경감
남자,대전광역시,감경,2등급,203,2021,https://api.odcloud.kr/api/15072696/v1/uddi:63aa9ab2-863b-4a63-85cf-e9b43dccb240,대전광역시,경감
남자,대전광역시,감경,3등급,638,2021,https://api.odcloud.kr/api/15072696/v1/uddi:63aa9ab2-863b-4a63-85cf-e9b43dccb240,대전광역시,경감
남자,대전광역시,감경,4등급,974,2021,https://api.odcloud.kr/api/15072696/v1/uddi:63aa9ab2-863b-4a63-85cf-e9b43dccb240,대전광역시,경감
남자,대전광역시,감경,5등급,267,2021,https://api.odcloud.kr/api/15072696/v1/uddi:63aa9ab2-863b-4a63-85cf-e9b43dccb240,대전광역시,경감
남자,대전광역시,감경,인지지원등급,46,2021,https://api.odcloud.kr/api/15072696/v1/uddi:63aa9ab2-863b-4a63-85cf-e9b43dccb240,대전광역시,경감
남자,대전광역시,감경,등급외,37,2021,https://api.odcloud.kr/api/15072696/v1/uddi:63aa9ab2-863b-4a63-85cf-e9b43dccb240,대전광역시,경감
여자,대전광역시,감경,1등급,312,2021,https://api.odcloud.kr/api/15072696/v1/uddi:63aa9ab2-863b-4a63-85cf-e9b43dccb240,대전광역시,경감
여자,대전광역시,감경,2등급,647,2021,https://api.odcloud.kr/api/15072696/v1/uddi:63aa9ab2-863b-4a63-85cf-e9b43dccb240,대전광역시,경감
여자,대전광역시,감경,3등급,1660,2021,https://api.odcloud.kr/api/15072696/v1/uddi:63aa9ab2-863b-4a63-85cf-e9b43dccb240,대전광역시,경감
여자,대전광역시,감경,4등급,2631,2021,https://api.odcloud.kr/api/15072696/v1/uddi:63aa9ab2-863b-4a63-85cf-e9b43dccb240,대전광역시,경감
여자,대전광역시,감경,5등급,712,2021,https://api.odcloud.kr/api/15072696/v1/uddi:63aa9ab2-863b-4a63-85cf-e9b43dccb240,대전광역시,경감
여자,대전광역시,감경,인지지원등급,114,2021,https://api.odcloud.kr/api/15072696/v1/uddi:63aa9ab2-863b-4a63-85cf-e9b43dccb240,대전광역시,경감
여자,대전광역시,감경,등급외,101,2021,https://api.odcloud.kr/api/15072696/v1/uddi:63aa9ab2-863b-4a63-85cf-e9b43dccb240,대전광역시,경감
남자,울산광역시,감경,1등급,68,2021,https://api.odcloud.kr/api/15072696/v1/uddi:63aa9ab2-863b-4a63-85cf-e9b43dccb240,울산광역시,경감
남자,울산광역시,감경,2등급,117,2021,https://api.odcloud.kr/api/15072696/v1/uddi:63aa9ab2-863b-4a63-85cf-e9b43dccb240,울산광역시,경감
남자,울산광역시,감경,3등급,425,2021,https://api.odcloud.kr/api/15072696/v1/uddi:63aa9ab2-863b-4a63-85cf-e9b43dccb240,울산광역시,경감
남자,울산광역시,감경,4등급,421,2021,https://api.odcloud.kr/api/15072696/v1/uddi:63aa9ab2-863b-4a63-85cf-e9b43dccb240,울산광역시,경감
남자,울산광역시,감경,5등급,74,2021,https://api.odcloud.kr/api/15072696/v1/uddi:63aa9ab2-863b-4a63-85cf-e9b43dccb240,울산광역시,경감
남자,울산광역시,감경,인지지원등급,20,2021,https://api.odcloud.kr/api/15072696/v1/uddi:63aa9ab2-863b-4a63-85cf-e9b43dccb240,울산광역시,경감
남자,울산광역시,감경,등급외,7,2021,https://api.odcloud.kr/api/15072696/v1/uddi:63aa9ab2-863b-4a63-85cf-e9b43dccb240,울산광역시,경감
여자,울산광역시,감경,1등급,172,2021,https://api.odcloud.kr/api/15072696/v1/uddi:63aa9ab2-863b-4a63-85cf-e9b43dccb240,울산광역시,경감
여자,울산광역시,감경,2등급,341,2021,https://api.odcloud.kr/api/15072696/v1/uddi:63aa9ab2-863b-4a63-85cf-e9b43dccb240,울산광역시,경감
여자,울산광역시,감경,3등급,967,2021,https://api.odcloud.kr/api/15072696/v1/uddi:63aa9ab2-863b-4a63-85cf-e9b43dccb240,울산광역시,경감
여자,울산광역시,감경,4등급,1180,2021,https://api.odcloud.kr/api/15072696/v1/uddi:63aa9ab2-863b-4a63-85cf-e9b43dccb240,울산광역시,경감
여자,울산광역시,감경,5등급,216,2021,https://api.odcloud.kr/api/15072696/v1/uddi:63aa9ab2-863b-4a63-85cf-e9b43dccb240,울산광역시,경감
여자,울산광역시,감경,인지지원등급,40,2021,https://api.odcloud.kr/api/15072696/v1/uddi:63aa9ab2-863b-4a63-85cf-e9b43dccb240,울산광역시,경감
여자,울산광역시,감경,등급외,21,2021,https://api.odcloud.kr/api/15072696/v1/uddi:63aa9ab2-863b-4a63-85cf-e9b43dccb240,울산광역시,경감
남자,세종특별자치시,감경,1등급,15,2021,https://api.odcloud.kr/api/15072696/v1/uddi:63aa9ab2-863b-4a63-85cf-e9b43dccb240,세종특별자치시,경감
남자,세종특별자치시,감경,2등급,22,2021,https://api.odcloud.kr/api/15072696/v1/uddi:63aa9ab2-863b-4a63-85cf-e9b43dccb240,세종특별자치시,경감
남자,세종특별자치시,감경,3등급,76,2021,https://api.odcloud.kr/api/15072696/v1/uddi:63aa9ab2-863b-4a63-85cf-e9b43dccb240,세종특별자치시,경감
남자,세종특별자치시,감경,4등급,133,2021,https://api.odcloud.kr/api/15072696/v1/uddi:63aa9ab2-863b-4a63-85cf-e9b43dccb240,세종특별자치시,경감
남자,세종특별자치시,감경,5등급,39,2021,https://api.odcloud.kr/api/15072696/v1/uddi:63aa9ab2-863b-4a63-85cf-e9b43dccb240,세종특별자치시,경감
남자,세종특별자치시,감경,인지지원등급,3,2021,https://api.odcloud.kr/api/15072696/v1/uddi:63aa9ab2-863b-4a63-85cf-e9b43dccb240,세종특별자치시,경감
남자,세종특별자치시,감경,등급외,7,2021,https://api.odcloud.kr/api/15072696/v1/uddi:63aa9ab2-863b-4a63-85cf-e9b43dccb240,세종특별자치시,경감
여자,세종특별자치시,감경,1등급,64,2021,https://api.odcloud.kr/api/15072696/v1/uddi:63aa9ab2-863b-4a63-85cf-e9b43dccb240,세종특별자치시,경감
여자,세종특별자치시,감경,2등급,109,2021,https://api.odcloud.kr/api/15072696/v1/uddi:63aa9ab2-863b-4a63-85cf-e9b43dccb240,세종특별자치시,경감
여자,세종특별자치시,감경,3등급,253,2021,https://api.odcloud.kr/api/15072696/v1/uddi:63aa9ab2-863b-4a63-85cf-e9b43dccb240,세종특별자치시,경감
여자,세종특별자치시,감경,4등급,384,2021,https://api.odcloud.kr/api/15072696/v1/uddi:63aa9ab2-863b-4a63-85cf-e9b43dccb240,세종특별자치시,경감
여자,세종특별자치시,감경,5등급,106,2021,https://api.odcloud.kr/api/15072696/v1/uddi:63aa9ab2-863b-4a63-85cf-e9b43dccb240,세종특별자치시,경감
여자,세종특별자치시,감경,인지지원등급,14,2021,https://api.odcloud.kr/api/15072696/v1/uddi:63aa9ab2-863b-4a63-85cf-e9b43dccb240,세종특별자치시,경감
여자,세종특별자치시,감경,등급외,9,2021,https://api.odcloud.kr/api/15072696/v1/uddi:63aa9ab2-863b-4a63-85cf-e9b43dccb240,세종특별자치시,경감
남자,경기도,감경,1등급,909,2021,https://api.odcloud.kr/api/15072696/v1/uddi:63aa9ab2-863b-4a63-85cf-e9b43dccb240,경기도,경감
남자,경기도,감경,2등급,1649,2021,https://api.odcloud.kr/api/15072696/v1/uddi:63aa9ab2-863b-4a63-85cf-e9b43dccb240,경기도,경감
남자,경기도,감경,3등급,5794,2021,https://api.odcloud.kr/api/15072696/v1/uddi:63aa9ab2-863b-4a63-85cf-e9b43dccb240,경기도,경감
남자,경기도,감경,4등급,7787,2021,https://api.odcloud.kr/api/15072696/v1/uddi:63aa9ab2-863b-4a63-85cf-e9b43dccb240,경기도,경감
남자,경기도,감경,5등급,2058,2021,https://api.odcloud.kr/api/15072696/v1/uddi:63aa9ab2-863b-4a63-85cf-e9b43dccb240,경기도,경감
남자,경기도,감경,인지지원등급,531,2021,https://api.odcloud.kr/api/15072696/v1/uddi:63aa9ab2-863b-4a63-85cf-e9b43dccb240,경기도,경감
남자,경기도,감경,등급외,238,2021,https://api.odcloud.kr/api/15072696/v1/uddi:63aa9ab2-863b-4a63-85cf-e9b43dccb240,경기도,경감
여자,경기도,감경,1등급,2829,2021,https://api.odcloud.kr/api/15072696/v1/uddi:63aa9ab2-863b-4a63-85cf-e9b43dccb240,경기도,경감
여자,경기도,감경,2등급,5464,2021,https://api.odcloud.kr/api/15072696/v1/uddi:63aa9ab2-863b-4a63-85cf-e9b43dccb240,경기도,경감
여자,경기도,감경,3등급,15371,2021,https://api.odcloud.kr/api/15072696/v1/uddi:63aa9ab2-863b-4a63-85cf-e9b43dccb240,경기도,경감
여자,경기도,감경,4등급,19960,2021,https://api.odcloud.kr/api/15072696/v1/uddi:63aa9ab2-863b-4a63-85cf-e9b43dccb240,경기도,경감
여자,경기도,감경,5등급,5174,2021,https://api.odcloud.kr/api/15072696/v1/uddi:63aa9ab2-863b-4a63-85cf-e9b43dccb240,경기도,경감
여자,경기도,감경,인지지원등급,1181,2021,https://api.odcloud.kr/api/15072696/v1/uddi:63aa9ab2-863b-4a63-85cf-e9b43dccb240,경기도,경감
여자,경기도,감경,등급외,522,2021,https://api.odcloud.kr/api/15072696/v1/uddi:63aa9ab2-863b-4a63-85cf-e9b43dccb240,경기도,경감
남자,강원특별자치도,감경,1등급,241,2021,https://api.odcloud.kr/api/15072696/v1/uddi:63aa9ab2-863b-4a63-85cf-e9b43dccb240,강원도,경감
남자,강원특별자치도,감경,2등급,515,2021,https://api.odcloud.kr/api/15072696/v1/uddi:63aa9ab2-863b-4a63-85cf-e9b43dccb240,강원도,경감
남자,강원특별자치도,감경,3등급,1355,2021,https://api.odcloud.kr/api/15072696/v1/uddi:63aa9ab2-863b-4a63-85cf-e9b43dccb240,강원도,경감
남자,강원특별자치도,감경,4등급,1396,2021,https://api.odcloud.kr/api/15072696/v1/uddi:63aa9ab2-863b-4a63-85cf-e9b43dccb240,강원도,경감
남자,강원특별자치도,감경,5등급,229,2021,https://api.odcloud.kr/api/15072696/v1/uddi:63aa9ab2-863b-4a63-85cf-e9b43dccb240,강원도,경감
남자,강원특별자치도,감경,인지지원등급,74,2021,https://api.odcloud.kr/api/15072696/v1/uddi:63aa9ab2-863b-4a63-85cf-e9b43dccb240,강원도,경감
남자,강원특별자치도,감경,등급외,58,2021,https://api.odcloud.kr/api/15072696/v1/uddi:63aa9ab2-863b-4a63-85cf-e9b43dccb240,강원도,경감
여자,강원특별자치도,감경,1등급,820,2021,https://api.odcloud.kr/api/15072696/v1/uddi:63aa9ab2-863b-4a63-85cf-e9b43dccb240,강원도,경감
여자,강원특별자치도,감경,2등급,1552,2021,https://api.odcloud.kr/api/15072696/v1/uddi:63aa9ab2-863b-4a63-85cf-e9b43dccb240,강원도,경감
여자,강원특별자치도,감경,3등급,3692,2021,https://api.odcloud.kr/api/15072696/v1/uddi:63aa9ab2-863b-4a63-85cf-e9b43dccb240,강원도,경감
여자,강원특별자치도,감경,4등급,4047,2021,https://api.odcloud.kr/api/15072696/v1/uddi:63aa9ab2-863b-4a63-85cf-e9b43dccb240,강원도,경감
여자,강원특별자치도,감경,5등급,744,2021,https://api.odcloud.kr/api/15072696/v1/uddi:63aa9ab2-863b-4a63-85cf-e9b43dccb240,강원도,경감
여자,강원특별자치도,감경,인지지원등급,186,2021,https://api.odcloud.kr/api/15072696/v1/uddi:63aa9ab2-863b-4a63-85cf-e9b43dccb240,강원도,경감
여자,강원특별자치도,감경,등급외,161,2021,https://api.odcloud.kr/api/15072696/v1/uddi:63aa9ab2-863b-4a63-85cf-e9b43dccb240,강원도,경감
남자,충청북도,감경,1등급,153,2021,https://api.odcloud.kr/api/15072696/v1/uddi:63aa9ab2-863b-4a63-85cf-e9b43dccb240,충청북도,경감
남자,충청북도,감경,2등급,383,2021,https://api.odcloud.kr/api/15072696/v1/uddi:63aa9ab2-863b-4a63-85cf-e9b43dccb240,충청북도,경감
남자,충청북도,감경,3등급,1032,2021,https://api.odcloud.kr/api/15072696/v1/uddi:63aa9ab2-863b-4a63-85cf-e9b43dccb240,충청북도,경감
남자,충청북도,감경,4등급,1485,2021,https://api.odcloud.kr/api/15072696/v1/uddi:63aa9ab2-863b-4a63-85cf-e9b43dccb240,충청북도,경감
남자,충청북도,감경,5등급,451,2021,https://api.odcloud.kr/api/15072696/v1/uddi:63aa9ab2-863b-4a63-85cf-e9b43dccb240,충청북도,경감
남자,충청북도,감경,인지지원등급,95,2021,https://api.odcloud.kr/api/15072696/v1/uddi:63aa9ab2-863b-4a63-85cf-e9b43dccb240,충청북도,경감
남자,충청북도,감경,등급외,42,2021,https://api.odcloud.kr/api/15072696/v1/uddi:63aa9ab2-863b-4a63-85cf-e9b43dccb240,충청북도,경감
여자,충청북도,감경,1등급,544,2021,https://api.odcloud.kr/api/15072696/v1/uddi:63aa9ab2-863b-4a63-85cf-e9b43dccb240,충청북도,경감
여자,충청북도,감경,2등급,1356,2021,https://api.odcloud.kr/api/15072696/v1/uddi:63aa9ab2-863b-4a63-85cf-e9b43dccb240,충청북도,경감
여자,충청북도,감경,3등급,3103,2021,https://api.odcloud.kr/api/15072696/v1/uddi:63aa9ab2-863b-4a63-85cf-e9b43dccb240,충청북도,경감
여자,충청북도,감경,4등급,4560,2021,https://api.odcloud.kr/api/15072696/v1/uddi:63aa9ab2-863b-4a63-85cf-e9b43dccb240,충청북도,경감
여자,충청북도,감경,5등급,1234,2021,https://api.odcloud.kr/api/15072696/v1/uddi:63aa9ab2-863b-4a63-85cf-e9b43dccb240,충청북도,경감
여자,충청북도,감경,인지지원등급,228,2021,https://api.odcloud.kr/api/15072696/v1/uddi:63aa9ab2-863b-4a63-85cf-e9b43dccb240,충청북도,경감
여자,충청북도,감경,등급외,96,2021,https://api.odcloud.kr/api/15072696/v1/uddi:63aa9ab2-863b-4a63-85cf-e9b43dccb240,충청북도,경감
남자,충청남도,감경,1등급,256,2021,https://api.odcloud.kr/api/15072696/v1/uddi:63aa9ab2-863b-4a63-85cf-e9b43dccb240,충청남도,경감
남자,충청남도,감경,2등급,447,2021,https://api.odcloud.kr/api/15072696/v1/uddi:63aa9ab2-863b-4a63-85cf-e9b43dccb240,충청남도,경감
남자,충청남도,감경,3등급,1470,2021,https://api.odcloud.kr/api/15072696/v1/uddi:63aa9ab2-863b-4a63-85cf-e9b43dccb240,충청남도,경감
남자,충청남도,감경,4등급,2427,2021,https://api.odcloud.kr/api/15072696/v1/uddi:63aa9ab2-863b-4a63-85cf-e9b43dccb240,충청남도,경감
남자,충청남도,감경,5등급,669,2021,https://api.odcloud.kr/api/15072696/v1/uddi:63aa9ab2-863b-4a63-85cf-e9b43dccb240,충청남도,경감
남자,충청남도,감경,인지지원등급,167,2021,https://api.odcloud.kr/api/15072696/v1/uddi:63aa9ab2-863b-4a63-85cf-e9b43dccb240,충청남도,경감
남자,충청남도,감경,등급외,73,2021,https://api.odcloud.kr/api/15072696/v1/uddi:63aa9ab2-863b-4a63-85cf-e9b43dccb240,충청남도,경감
여자,충청남도,감경,1등급,773,2021,https://api.odcloud.kr/api/15072696/v1/uddi:63aa9ab2-863b-4a63-85cf-e9b43dccb240,충청남도,경감
여자,충청남도,감경,2등급,1652,2021,https://api.odcloud.kr/api/15072696/v1/uddi:63aa9ab2-863b-4a63-85cf-e9b43dccb240,충청남도,경감
여자,충청남도,감경,3등급,4330,2021,https://api.odcloud.kr/api/15072696/v1/uddi:63aa9ab2-863b-4a63-85cf-e9b43dccb240,충청남도,경감
여자,충청남도,감경,4등급,7214,2021,https://api.odcloud.kr/api/15072696/v1/uddi:63aa9ab2-863b-4a63-85cf-e9b43dccb240,충청남도,경감
여자,충청남도,감경,5등급,1953,2021,https://api.odcloud.kr/api/15072696/v1/uddi:63aa9ab2-863b-4a63-85cf-e9b43dccb240,충청남도,경감
여자,충청남도,감경,인지지원등급,404,2021,https://api.odcloud.kr/api/15072696/v1/uddi:63aa9ab2-863b-4a63-85cf-e9b43dccb240,충청남도,경감
여자,충청남도,감경,등급외,169,2021,https://api.odcloud.kr/api/15072696/v1/uddi:63aa9ab2-863b-4a63-85cf-e9b43dccb240,충청남도,경감
남자,전북특별자치도,감경,1등급,202,2021,https://api.odcloud.kr/api/15072696/v1/uddi:63aa9ab2-863b-4a63-85cf-e9b43dccb240,전라북도,경감
남자,전북특별자치도,감경,2등급,337,2021,https://api.odcloud.kr/api/15072696/v1/uddi:63aa9ab2-863b-4a63-85cf-e9b43dccb240,전라북도,경감
남자,전북특별자치도,감경,3등급,1220,2021,https://api.odcloud.kr/api/15072696/v1/uddi:63aa9ab2-863b-4a63-85cf-e9b43dccb240,전라북도,경감
남자,전북특별자치도,감경,4등급,2615,2021,https://api.odcloud.kr/api/15072696/v1/uddi:63aa9ab2-863b-4a63-85cf-e9b43dccb240,전라북도,경감
남자,전북특별자치도,감경,5등급,772,2021,https://api.odcloud.kr/api/15072696/v1/uddi:63aa9ab2-863b-4a63-85cf-e9b43dccb240,전라북도,경감
남자,전북특별자치도,감경,인지지원등급,120,2021,https://api.odcloud.kr/api/15072696/v1/uddi:63aa9ab2-863b-4a63-85cf-e9b43dccb240,전라북도,경감
남자,전북특별자치도,감경,등급외,161,2021,https://api.odcloud.kr/api/15072696/v1/uddi:63aa9ab2-863b-4a63-85cf-e9b43dccb240,전라북도,경감
여자,전북특별자치도,감경,1등급,579,2021,https://api.odcloud.kr/api/15072696/v1/uddi:63aa9ab2-863b-4a63-85cf-e9b43dccb240,전라북도,경감
여자,전북특별자치도,감경,2등급,1371,2021,https://api.odcloud.kr/api/15072696/v1/uddi:63aa9ab2-863b-4a63-85cf-e9b43dccb240,전라북도,경감
여자,전북특별자치도,감경,3등급,3771,2021,https://api.odcloud.kr/api/15072696/v1/uddi:63aa9ab2-863b-4a63-85cf-e9b43dccb240,전라북도,경감
여자,전북특별자치도,감경,4등급,8489,2021,https://api.odcloud.kr/api/15072696/v1/uddi:63aa9ab2-863b-4a63-85cf-e9b43dccb240,전라북도,경감
여자,전북특별자치도,감경,5등급,2631,2021,https://api.odcloud.kr/api/15072696/v1/uddi:63aa9ab2-863b-4a63-85cf-e9b43dccb240,전라북도,경감
여자,전북특별자치도,감경,인지지원등급,295,2021,https://api.odcloud.kr/api/15072696/v1/uddi:63aa9ab2-863b-4a63-85cf-e9b43dccb240,전라북도,경감
여자,전북특별자치도,감경,등급외,560,2021,https://api.odcloud.kr/api/15072696/v1/uddi:63aa9ab2-863b-4a63-85cf-e9b43dccb240,전라북도,경감
남자,전라남도,감경,1등급,225,2021,https://api.odcloud.kr/api/15072696/v1/uddi:63aa9ab2-863b-4a63-85cf-e9b43dccb240,전라남도,경감
남자,전라남도,감경,2등급,533,2021,https://api.odcloud.kr/api/15072696/v1/uddi:63aa9ab2-863b-4a63-85cf-e9b43dccb240,전라남도,경감
남자,전라남도,감경,3등급,1496,2021,https://api.odcloud.kr/api/15072696/v1/uddi:63aa9ab2-863b-4a63-85cf-e9b43dccb240,전라남도,경감
남자,전라남도,감경,4등급,2888,2021,https://api.odcloud.kr/api/15072696/v1/uddi:63aa9ab2-863b-4a63-85cf-e9b43dccb240,전라남도,경감
남자,전라남도,감경,5등급,722,2021,https://api.odcloud.kr/api/15072696/v1/uddi:63aa9ab2-863b-4a63-85cf-e9b43dccb240,전라남도,경감
남자,전라남도,감경,인지지원등급,208,2021,https://api.odcloud.kr/api/15072696/v1/uddi:63aa9ab2-863b-4a63-85cf-e9b43dccb240,전라남도,경감
남자,전라남도,감경,등급외,135,2021,https://api.odcloud.kr/api/15072696/v1/uddi:63aa9ab2-863b-4a63-85cf-e9b43dccb240,전라남도,경감
여자,전라남도,감경,1등급,795,2021,https://api.odcloud.kr/api/15072696/v1/uddi:63aa9ab2-863b-4a63-85cf-e9b43dccb240,전라남도,경감
여자,전라남도,감경,2등급,1992,2021,https://api.odcloud.kr/api/15072696/v1/uddi:63aa9ab2-863b-4a63-85cf-e9b43dccb240,전라남도,경감
여자,전라남도,감경,3등급,5086,2021,https://api.odcloud.kr/api/15072696/v1/uddi:63aa9ab2-863b-4a63-85cf-e9b43dccb240,전라남도,경감
여자,전라남도,감경,4등급,10815,2021,https://api.odcloud.kr/api/15072696/v1/uddi:63aa9ab2-863b-4a63-85cf-e9b43dccb240,전라남도,경감
여자,전라남도,감경,5등급,2626,2021,https://api.odcloud.kr/api/15072696/v1/uddi:63aa9ab2-863b-4a63-85cf-e9b43dccb240,전라남도,경감
여자,전라남도,감경,인지지원등급,482,2021,https://api.odcloud.kr/api/15072696/v1/uddi:63aa9ab2-863b-4a63-85cf-e9b43dccb240,전라남도,경감
여자,전라남도,감경,등급외,487,2021,https://api.odcloud.kr/api/15072696/v1/uddi:63aa9ab2-863b-4a63-85cf-e9b43dccb240,전라남도,경감
남자,경상북도,감경,1등급,274,2021,https://api.odcloud.kr/api/15072696/v1/uddi:63aa9ab2-863b-4a63-85cf-e9b43dccb240,경상북도,경감
남자,경상북도,감경,2등급,627,2021,https://api.odcloud.kr/api/15072696/v1/uddi:63aa9ab2-863b-4a63-85cf-e9b43dccb240,경상북도,경감
남자,경상북도,감경,3등급,1984,2021,https://api.odcloud.kr/api/15072696/v1/uddi:63aa9ab2-863b-4a63-85cf-e9b43dccb240,경상북도,경감
남자,경상북도,감경,4등급,3257,2021,https://api.odcloud.kr/api/15072696/v1/uddi:63aa9ab2-863b-4a63-85cf-e9b43dccb240,경상북도,경감
남자,경상북도,감경,5등급,884,2021,https://api.odcloud.kr/api/15072696/v1/uddi:63aa9ab2-863b-4a63-85cf-e9b43dccb240,경상북도,경감
남자,경상북도,감경,인지지원등급,140,2021,https://api.odcloud.kr/api/15072696/v1/uddi:63aa9ab2-863b-4a63-85cf-e9b43dccb240,경상북도,경감
남자,경상북도,감경,등급외,83,2021,https://api.odcloud.kr/api/15072696/v1/uddi:63aa9ab2-863b-4a63-85cf-e9b43dccb240,경상북도,경감
여자,경상북도,감경,1등급,942,2021,https://api.odcloud.kr/api/15072696/v1/uddi:63aa9ab2-863b-4a63-85cf-e9b43dccb240,경상북도,경감
여자,경상북도,감경,2등급,2121,2021,https://api.odcloud.kr/api/15072696/v1/uddi:63aa9ab2-863b-4a63-85cf-e9b43dccb240,경상북도,경감
여자,경상북도,감경,3등급,6114,2021,https://api.odcloud.kr/api/15072696/v1/uddi:63aa9ab2-863b-4a63-85cf-e9b43dccb240,경상북도,경감
여자,경상북도,감경,4등급,10508,2021,https://api.odcloud.kr/api/15072696/v1/uddi:63aa9ab2-863b-4a63-85cf-e9b43dccb240,경상북도,경감
여자,경상북도,감경,5등급,3116,2021,https://api.odcloud.kr/api/15072696/v1/uddi:63aa9ab2-863b-4a63-85cf-e9b43dccb240,경상북도,경감
여자,경상북도,감경,인지지원등급,408,2021,https://api.odcloud.kr/api/15072696/v1/uddi:63aa9ab2-863b-4a63-85cf-e9b43dccb240,경상북도,경감
여자,경상북도,감경,등급외,290,2021,https://api.odcloud.kr/api/15072696/v1/uddi:63aa9ab2-863b-4a63-85cf-e9b43dccb240,경상북도,경감
남자,경상남도,감경,1등급,259,2021,https://api.odcloud.kr/api/15072696/v1/uddi:63aa9ab2-863b-4a63-85cf-e9b43dccb240,경상남도,경감
남자,경상남도,감경,2등급,582,2021,https://api.odcloud.kr/api/15072696/v1/uddi:63aa9ab2-863b-4a63-85cf-e9b43dccb240,경상남도,경감
남자,경상남도,감경,3등급,1746,2021,https://api.odcloud.kr/api/15072696/v1/uddi:63aa9ab2-863b-4a63-85cf-e9b43dccb240,경상남도,경감
남자,경상남도,감경,4등급,3281,2021,https://api.odcloud.kr/api/15072696/v1/uddi:63aa9ab2-863b-4a63-85cf-e9b43dccb240,경상남도,경감
남자,경상남도,감경,5등급,744,2021,https://api.odcloud.kr/api/15072696/v1/uddi:63aa9ab2-863b-4a63-85cf-e9b43dccb240,경상남도,경감
남자,경상남도,감경,인지지원등급,170,2021,https://api.odcloud.kr/api/15072696/v1/uddi:63aa9ab2-863b-4a63-85cf-e9b43dccb240,경상남도,경감
남자,경상남도,감경,등급외,119,2021,https://api.odcloud.kr/api/15072696/v1/uddi:63aa9ab2-863b-4a63-85cf-e9b43dccb240,경상남도,경감
여자,경상남도,감경,1등급,923,2021,https://api.odcloud.kr/api/15072696/v1/uddi:63aa9ab2-863b-4a63-85cf-e9b43dccb240,경상남도,경감
여자,경상남도,감경,2등급,2085,2021,https://api.odcloud.kr/api/15072696/v1/uddi:63aa9ab2-863b-4a63-85cf-e9b43dccb240,경상남도,경감
여자,경상남도,감경,3등급,5710,2021,https://api.odcloud.kr/api/15072696/v1/uddi:63aa9ab2-863b-4a63-85cf-e9b43dccb240,경상남도,경감
여자,경상남도,감경,4등급,11307,2021,https://api.odcloud.kr/api/15072696/v1/uddi:63aa9ab2-863b-4a63-85cf-e9b43dccb240,경상남도,경감
여자,경상남도,감경,5등급,2718,2021,https://api.odcloud.kr/api/15072696/v1/uddi:63aa9ab2-863b-4a63-85cf-e9b43dccb240,경상남도,경감
여자,경상남도,감경,인지지원등급,374,2021,https://api.odcloud.kr/api/15072696/v1/uddi:63aa9ab2-863b-4a63-85cf-e9b43dccb240,경상남도,경감
여자,경상남도,감경,등급외,268,2021,https://api.odcloud.kr/api/15072696/v1/uddi:63aa9ab2-863b-4a63-85cf-e9b43dccb240,경상남도,경감
남자,제주특별자치도,감경,1등급,67,2021,https://api.odcloud.kr/api/15072696/v1/uddi:63aa9ab2-863b-4a63-85cf-e9b43dccb240,제주특별자치도,경감
남자,제주특별자치도,감경,2등급,108,2021,https://api.odcloud.kr/api/15072696/v1/uddi:63aa9ab2-863b-4a63-85cf-e9b43dccb240,제주특별자치도,경감
남자,제주특별자치도,감경,3등급,265,2021,https://api.odcloud.kr/api/15072696/v1/uddi:63aa9ab2-863b-4a63-85cf-e9b43dccb240,제주특별자치도,경감
남자,제주특별자치도,감경,4등급,346,2021,https://api.odcloud.kr/api/15072696/v1/uddi:63aa9ab2-863b-4a63-85cf-e9b43dccb240,제주특별자치도,경감
남자,제주특별자치도,감경,5등급,87,2021,https://api.odcloud.kr/api/15072696/v1/uddi:63aa9ab2-863b-4a63-85cf-e9b43dccb240,제주특별자치도,경감
남자,제주특별자치도,감경,인지지원등급,25,2021,https://api.odcloud.kr/api/15072696/v1/uddi:63aa9ab2-863b-4a63-85cf-e9b43dccb240,제주특별자치도,경감
남자,제주특별자치도,감경,등급외,9,2021,https://api.odcloud.kr/api/15072696/v1/uddi:63aa9ab2-863b-4a63-85cf-e9b43dccb240,제주특별자치도,경감
여자,제주특별자치도,감경,1등급,246,2021,https://api.odcloud.kr/api/15072696/v1/uddi:63aa9ab2-863b-4a63-85cf-e9b43dccb240,제주특별자치도,경감
여자,제주특별자치도,감경,2등급,427,2021,https://api.odcloud.kr/api/15072696/v1/uddi:63aa9ab2-863b-4a63-85cf-e9b43dccb240,제주특별자치도,경감
여자,제주특별자치도,감경,3등급,927,2021,https://api.odcloud.kr/api/15072696/v1/uddi:63aa9ab2-863b-4a63-85cf-e9b43dccb240,제주특별자치도,경감
여자,제주특별자치도,감경,4등급,1015,2021,https://api.odcloud.kr/api/15072696/v1/uddi:63aa9ab2-863b-4a63-85cf-e9b43dccb240,제주특별자치도,경감
여자,제주특별자치도,감경,5등급,239,2021,https://api.odcloud.kr/api/15072696/v1/uddi:63aa9ab2-863b-4a63-85cf-e9b43dccb240,제주특별자치도,경감
여자,제주특별자치도,감경,인지지원등급,62,2021,https://api.odcloud.kr/api/15072696/v1/uddi:63aa9ab2-863b-4a63-85cf-e9b43dccb240,제주특별자치도,경감
여자,제주특별자치도,감경,등급외,41,2021,https://api.odcloud.kr/api/15072696/v1/uddi:63aa9ab2-863b-4a63-85cf-e9b43dccb240,제주특별자치도,경감
남자,서울특별시,일반,1등급,1642,2022,https://api.odcloud.kr/api/15072696/v1/uddi:0131eccc-8fe1-4dd1-b83d-bc8824f6e939,서울,일반
남자,서울특별시,일반,2등급,2619,2022,https://api.odcloud.kr/api/15072696/v1/uddi:0131eccc-8fe1-4dd1-b83d-bc8824f6e939,서울,일반
남자,서울특별시,일반,3등급,7584,2022,https://api.odcloud.kr/api/15072696/v1/uddi:0131eccc-8fe1-4dd1-b83d-bc8824f6e939,서울,일반
남자,서울특별시,일반,4등급,9789,2022,https://api.odcloud.kr/api/15072696/v1/uddi:0131eccc-8fe1-4dd1-b83d-bc8824f6e939,서울,일반
남자,서울특별시,일반,5등급,2296,2022,https://api.odcloud.kr/api/15072696/v1/uddi:0131eccc-8fe1-4dd1-b83d-bc8824f6e939,서울,일반
남자,서울특별시,일반,인지지원등급,564,2022,https://api.odcloud.kr/api/15072696/v1/uddi:0131eccc-8fe1-4dd1-b83d-bc8824f6e939,서울,일반
남자,서울특별시,일반,등급외,3746,2022,https://api.odcloud.kr/api/15072696/v1/uddi:0131eccc-8fe1-4dd1-b83d-bc8824f6e939,서울,일반
남자,서울특별시,감경,1등급,637,2022,https://api.odcloud.kr/api/15072696/v1/uddi:0131eccc-8fe1-4dd1-b83d-bc8824f6e939,서울,감경
남자,서울특별시,감경,2등급,1033,2022,https://api.odcloud.kr/api/15072696/v1/uddi:0131eccc-8fe1-4dd1-b83d-bc8824f6e939,서울,감경
남자,서울특별시,감경,3등급,3527,2022,https://api.odcloud.kr/api/15072696/v1/uddi:0131eccc-8fe1-4dd1-b83d-bc8824f6e939,서울,감경
남자,서울특별시,감경,4등급,4650,2022,https://api.odcloud.kr/api/15072696/v1/uddi:0131eccc-8fe1-4dd1-b83d-bc8824f6e939,서울,감경
남자,서울특별시,감경,5등급,1012,2022,https://api.odcloud.kr/api/15072696/v1/uddi:0131eccc-8fe1-4dd1-b83d-bc8824f6e939,서울,감경
남자,서울특별시,감경,인지지원등급,226,2022,https://api.odcloud.kr/api/15072696/v1/uddi:0131eccc-8fe1-4dd1-b83d-bc8824f6e939,서울,감경
남자,서울특별시,감경,등급외,206,2022,https://api.odcloud.kr/api/15072696/v1/uddi:0131eccc-8fe1-4dd1-b83d-bc8824f6e939,서울,감경
남자,서울특별시,의료급여,1등급,18,2022,https://api.odcloud.kr/api/15072696/v1/uddi:0131eccc-8fe1-4dd1-b83d-bc8824f6e939,서울,의료급여
남자,서울특별시,의료급여,2등급,26,2022,https://api.odcloud.kr/api/15072696/v1/uddi:0131eccc-8fe1-4dd1-b83d-bc8824f6e939,서울,의료급여
남자,서울특별시,의료급여,3등급,79,2022,https://api.odcloud.kr/api/15072696/v1/uddi:0131eccc-8fe1-4dd1-b83d-bc8824f6e939,서울,의료급여
남자,서울특별시,의료급여,4등급,113,2022,https://api.odcloud.kr/api/15072696/v1/uddi:0131eccc-8fe1-4dd1-b83d-bc8824f6e939,서울,의료급여
남자,서울특별시,의료급여,5등급,26,2022,https://api.odcloud.kr/api/15072696/v1/uddi:0131eccc-8fe1-4dd1-b83d-bc8824f6e939,서울,의료급여
남자,서울특별시,의료급여,인지지원등급,2,2022,https://api.odcloud.kr/api/15072696/v1/uddi:0131eccc-8fe1-4dd1-b83d-bc8824f6e939,서울,의료급여
남자,서울특별시,의료급여,등급외,45,2022,https://api.odcloud.kr/api/15072696/v1/uddi:0131eccc-8fe1-4dd1-b83d-bc8824f6e939,서울,의료급여
남자,서울특별시,기초수급,1등급,322,2022,https://api.odcloud.kr/api/15072696/v1/uddi:0131eccc-8fe1-4dd1-b83d-bc8824f6e939,서울,기초
남자,서울특별시,기초수급,2등급,488,2022,https://api.odcloud.kr/api/15072696/v1/uddi:0131eccc-8fe1-4dd1-b83d-bc8824f6e939,서울,기초
남자,서울특별시,기초수급,3등급,1607,2022,https://api.odcloud.kr/api/15072696/v1/uddi:0131eccc-8fe1-4dd1-b83d-bc8824f6e939,서울,기초
남자,서울특별시,기초수급,4등급,3211,2022,https://api.odcloud.kr/api/15072696/v1/uddi:0131eccc-8fe1-4dd1-b83d-bc8824f6e939,서울,기초
남자,서울특별시,기초수급,5등급,658,2022,https://api.odcloud.kr/api/15072696/v1/uddi:0131eccc-8fe1-4dd1-b83d-bc8824f6e939,서울,기초
남자,서울특별시,기초수급,인지지원등급,178,2022,https://api.odcloud.kr/api/15072696/v1/uddi:0131eccc-8fe1-4dd1-b83d-bc8824f6e939,서울,기초
남자,서울특별시,기초수급,등급외,1961,2022,https://api.odcloud.kr/api/15072696/v1/uddi:0131eccc-8fe1-4dd1-b83d-bc8824f6e939,서울,기초
여자,서울특별시,일반,1등급,3727,2022,https://api.odcloud.kr/api/15072696/v1/uddi:0131eccc-8fe1-4dd1-b83d-bc8824f6e939,서울,일반
여자,서울특별시,일반,2등급,5943,2022,https://api.odcloud.kr/api/15072696/v1/uddi:0131eccc-8fe1-4dd1-b83d-bc8824f6e939,서울,일반
여자,서울특별시,일반,3등급,15368,2022,https://api.odcloud.kr/api/15072696/v1/uddi:0131eccc-8fe1-4dd1-b83d-bc8824f6e939,서울,일반
여자,서울특별시,일반,4등급,21700,2022,https://api.odcloud.kr/api/15072696/v1/uddi:0131eccc-8fe1-4dd1-b83d-bc8824f6e939,서울,일반
여자,서울특별시,일반,5등급,5043,2022,https://api.odcloud.kr/api/15072696/v1/uddi:0131eccc-8fe1-4dd1-b83d-bc8824f6e939,서울,일반
여자,서울특별시,일반,인지지원등급,1369,2022,https://api.odcloud.kr/api/15072696/v1/uddi:0131eccc-8fe1-4dd1-b83d-bc8824f6e939,서울,일반
여자,서울특별시,일반,등급외,7622,2022,https://api.odcloud.kr/api/15072696/v1/uddi:0131eccc-8fe1-4dd1-b83d-bc8824f6e939,서울,일반
여자,서울특별시,감경,1등급,1797,2022,https://api.odcloud.kr/api/15072696/v1/uddi:0131eccc-8fe1-4dd1-b83d-bc8824f6e939,서울,감경
여자,서울특별시,감경,2등급,3390,2022,https://api.odcloud.kr/api/15072696/v1/uddi:0131eccc-8fe1-4dd1-b83d-bc8824f6e939,서울,감경
여자,서울특별시,감경,3등급,8713,2022,https://api.odcloud.kr/api/15072696/v1/uddi:0131eccc-8fe1-4dd1-b83d-bc8824f6e939,서울,감경
여자,서울특별시,감경,4등급,11805,2022,https://api.odcloud.kr/api/15072696/v1/uddi:0131eccc-8fe1-4dd1-b83d-bc8824f6e939,서울,감경
여자,서울특별시,감경,5등급,2278,2022,https://api.odcloud.kr/api/15072696/v1/uddi:0131eccc-8fe1-4dd1-b83d-bc8824f6e939,서울,감경
여자,서울특별시,감경,인지지원등급,567,2022,https://api.odcloud.kr/api/15072696/v1/uddi:0131eccc-8fe1-4dd1-b83d-bc8824f6e939,서울,감경
여자,서울특별시,감경,등급외,412,2022,https://api.odcloud.kr/api/15072696/v1/uddi:0131eccc-8fe1-4dd1-b83d-bc8824f6e939,서울,감경
여자,서울특별시,의료급여,1등급,64,2022,https://api.odcloud.kr/api/15072696/v1/uddi:0131eccc-8fe1-4dd1-b83d-bc8824f6e939,서울,의료급여
여자,서울특별시,의료급여,2등급,88,2022,https://api.odcloud.kr/api/15072696/v1/uddi:0131eccc-8fe1-4dd1-b83d-bc8824f6e939,서울,의료급여
여자,서울특별시,의료급여,3등급,237,2022,https://api.odcloud.kr/api/15072696/v1/uddi:0131eccc-8fe1-4dd1-b83d-bc8824f6e939,서울,의료급여
여자,서울특별시,의료급여,4등급,318,2022,https://api.odcloud.kr/api/15072696/v1/uddi:0131eccc-8fe1-4dd1-b83d-bc8824f6e939,서울,의료급여
여자,서울특별시,의료급여,5등급,63,2022,https://api.odcloud.kr/api/15072696/v1/uddi:0131eccc-8fe1-4dd1-b83d-bc8824f6e939,서울,의료급여
여자,서울특별시,의료급여,인지지원등급,11,2022,https://api.odcloud.kr/api/15072696/v1/uddi:0131eccc-8fe1-4dd1-b83d-bc8824f6e939,서울,의료급여
여자,서울특별시,의료급여,등급외,86,2022,https://api.odcloud.kr/api/15072696/v1/uddi:0131eccc-8fe1-4dd1-b83d-bc8824f6e939,서울,의료급여
여자,서울특별시,기초수급,1등급,878,2022,https://api.odcloud.kr/api/15072696/v1/uddi:0131eccc-8fe1-4dd1-b83d-bc8824f6e939,서울,기초
여자,서울특별시,기초수급,2등급,1528,2022,https://api.odcloud.kr/api/15072696/v1/uddi:0131eccc-8fe1-4dd1-b83d-bc8824f6e939,서울,기초
여자,서울특별시,기초수급,3등급,3978,2022,https://api.odcloud.kr/api/15072696/v1/uddi:0131eccc-8fe1-4dd1-b83d-bc8824f6e939,서울,기초
여자,서울특별시,기초수급,4등급,7292,2022,https://api.odcloud.kr/api/15072696/v1/uddi:0131eccc-8fe1-4dd1-b83d-bc8824f6e939,서울,기초
여자,서울특별시,기초수급,5등급,1209,2022,https://api.odcloud.kr/api/15072696/v1/uddi:0131eccc-8fe1-4dd1-b83d-bc8824f6e939,서울,기초
여자,서울특별시,기초수급,인지지원등급,292,2022,https://api.odcloud.kr/api/15072696/v1/uddi:0131eccc-8fe1-4dd1-b83d-bc8824f6e939,서울,기초
여자,서울특별시,기초수급,등급외,2702,2022,https://api.odcloud.kr/api/15072696/v1/uddi:0131eccc-8fe1-4dd1-b83d-bc8824f6e939,서울,기초
남자,부산광역시,일반,1등급,394,2022,https://api.odcloud.kr/api/15072696/v1/uddi:0131eccc-8fe1-4dd1-b83d-bc8824f6e939,부산,일반
남자,부산광역시,일반,2등급,731,2022,https://api.odcloud.kr/api/15072696/v1/uddi:0131eccc-8fe1-4dd1-b83d-bc8824f6e939,부산,일반
남자,부산광역시,일반,3등급,2703,2022,https://api.odcloud.kr/api/15072696/v1/uddi:0131eccc-8fe1-4dd1-b83d-bc8824f6e939,부산,일반
남자,부산광역시,일반,4등급,4229,2022,https://api.odcloud.kr/api/15072696/v1/uddi:0131eccc-8fe1-4dd1-b83d-bc8824f6e939,부산,일반
남자,부산광역시,일반,5등급,781,2022,https://api.odcloud.kr/api/15072696/v1/uddi:0131eccc-8fe1-4dd1-b83d-bc8824f6e939,부산,일반
남자,부산광역시,일반,인지지원등급,168,2022,https://api.odcloud.kr/api/15072696/v1/uddi:0131eccc-8fe1-4dd1-b83d-bc8824f6e939,부산,일반
남자,부산광역시,일반,등급외,2384,2022,https://api.odcloud.kr/api/15072696/v1/uddi:0131eccc-8fe1-4dd1-b83d-bc8824f6e939,부산,일반
남자,부산광역시,감경,1등급,310,2022,https://api.odcloud.kr/api/15072696/v1/uddi:0131eccc-8fe1-4dd1-b83d-bc8824f6e939,부산,감경
남자,부산광역시,감경,2등급,616,2022,https://api.odcloud.kr/api/15072696/v1/uddi:0131eccc-8fe1-4dd1-b83d-bc8824f6e939,부산,감경
남자,부산광역시,감경,3등급,2022,2022,https://api.odcloud.kr/api/15072696/v1/uddi:0131eccc-8fe1-4dd1-b83d-bc8824f6e939,부산,감경
남자,부산광역시,감경,4등급,3212,2022,https://api.odcloud.kr/api/15072696/v1/uddi:0131eccc-8fe1-4dd1-b83d-bc8824f6e939,부산,감경
남자,부산광역시,감경,5등급,554,2022,https://api.odcloud.kr/api/15072696/v1/uddi:0131eccc-8fe1-4dd1-b83d-bc8824f6e939,부산,감경
남자,부산광역시,감경,인지지원등급,118,2022,https://api.odcloud.kr/api/15072696/v1/uddi:0131eccc-8fe1-4dd1-b83d-bc8824f6e939,부산,감경
남자,부산광역시,감경,등급외,142,2022,https://api.odcloud.kr/api/15072696/v1/uddi:0131eccc-8fe1-4dd1-b83d-bc8824f6e939,부산,감경
남자,부산광역시,의료급여,1등급,6,2022,https://api.odcloud.kr/api/15072696/v1/uddi:0131eccc-8fe1-4dd1-b83d-bc8824f6e939,부산,의료급여
남자,부산광역시,의료급여,2등급,14,2022,https://api.odcloud.kr/api/15072696/v1/uddi:0131eccc-8fe1-4dd1-b83d-bc8824f6e939,부산,의료급여
남자,부산광역시,의료급여,3등급,47,2022,https://api.odcloud.kr/api/15072696/v1/uddi:0131eccc-8fe1-4dd1-b83d-bc8824f6e939,부산,의료급여
남자,부산광역시,의료급여,4등급,85,2022,https://api.odcloud.kr/api/15072696/v1/uddi:0131eccc-8fe1-4dd1-b83d-bc8824f6e939,부산,의료급여
남자,부산광역시,의료급여,5등급,9,2022,https://api.odcloud.kr/api/15072696/v1/uddi:0131eccc-8fe1-4dd1-b83d-bc8824f6e939,부산,의료급여
남자,부산광역시,의료급여,인지지원등급,1,2022,https://api.odcloud.kr/api/15072696/v1/uddi:0131eccc-8fe1-4dd1-b83d-bc8824f6e939,부산,의료급여
남자,부산광역시,의료급여,등급외,27,2022,https://api.odcloud.kr/api/15072696/v1/uddi:0131eccc-8fe1-4dd1-b83d-bc8824f6e939,부산,의료급여
남자,부산광역시,기초수급,1등급,118,2022,https://api.odcloud.kr/api/15072696/v1/uddi:0131eccc-8fe1-4dd1-b83d-bc8824f6e939,부산,기초
남자,부산광역시,기초수급,2등급,230,2022,https://api.odcloud.kr/api/15072696/v1/uddi:0131eccc-8fe1-4dd1-b83d-bc8824f6e939,부산,기초
남자,부산광역시,기초수급,3등급,894,2022,https://api.odcloud.kr/api/15072696/v1/uddi:0131eccc-8fe1-4dd1-b83d-bc8824f6e939,부산,기초
남자,부산광역시,기초수급,4등급,1957,2022,https://api.odcloud.kr/api/15072696/v1/uddi:0131eccc-8fe1-4dd1-b83d-bc8824f6e939,부산,기초
남자,부산광역시,기초수급,5등급,374,2022,https://api.odcloud.kr/api/15072696/v1/uddi:0131eccc-8fe1-4dd1-b83d-bc8824f6e939,부산,기초
남자,부산광역시,기초수급,인지지원등급,98,2022,https://api.odcloud.kr/api/15072696/v1/uddi:0131eccc-8fe1-4dd1-b83d-bc8824f6e939,부산,기초
남자,부산광역시,기초수급,등급외,1442,2022,https://api.odcloud.kr/api/15072696/v1/uddi:0131eccc-8fe1-4dd1-b83d-bc8824f6e939,부산,기초
여자,부산광역시,일반,1등급,1033,2022,https://api.odcloud.kr/api/15072696/v1/uddi:0131eccc-8fe1-4dd1-b83d-bc8824f6e939,부산,일반
여자,부산광역시,일반,2등급,1685,2022,https://api.odcloud.kr/api/15072696/v1/uddi:0131eccc-8fe1-4dd1-b83d-bc8824f6e939,부산,일반
여자,부산광역시,일반,3등급,5543,2022,https://api.odcloud.kr/api/15072696/v1/uddi:0131eccc-8fe1-4dd1-b83d-bc8824f6e939,부산,일반
여자,부산광역시,일반,4등급,9943,2022,https://api.odcloud.kr/api/15072696/v1/uddi:0131eccc-8fe1-4dd1-b83d-bc8824f6e939,부산,일반
여자,부산광역시,일반,5등급,1920,2022,https://api.odcloud.kr/api/15072696/v1/uddi:0131eccc-8fe1-4dd1-b83d-bc8824f6e939,부산,일반
여자,부산광역시,일반,인지지원등급,418,2022,https://api.odcloud.kr/api/15072696/v1/uddi:0131eccc-8fe1-4dd1-b83d-bc8824f6e939,부산,일반
여자,부산광역시,일반,등급외,4652,2022,https://api.odcloud.kr/api/15072696/v1/uddi:0131eccc-8fe1-4dd1-b83d-bc8824f6e939,부산,일반
여자,부산광역시,감경,1등급,892,2022,https://api.odcloud.kr/api/15072696/v1/uddi:0131eccc-8fe1-4dd1-b83d-bc8824f6e939,부산,감경
여자,부산광역시,감경,2등급,1614,2022,https://api.odcloud.kr/api/15072696/v1/uddi:0131eccc-8fe1-4dd1-b83d-bc8824f6e939,부산,감경
여자,부산광역시,감경,3등급,4769,2022,https://api.odcloud.kr/api/15072696/v1/uddi:0131eccc-8fe1-4dd1-b83d-bc8824f6e939,부산,감경
여자,부산광역시,감경,4등급,7787,2022,https://api.odcloud.kr/api/15072696/v1/uddi:0131eccc-8fe1-4dd1-b83d-bc8824f6e939,부산,감경
여자,부산광역시,감경,5등급,1418,2022,https://api.odcloud.kr/api/15072696/v1/uddi:0131eccc-8fe1-4dd1-b83d-bc8824f6e939,부산,감경
여자,부산광역시,감경,인지지원등급,289,2022,https://api.odcloud.kr/api/15072696/v1/uddi:0131eccc-8fe1-4dd1-b83d-bc8824f6e939,부산,감경
여자,부산광역시,감경,등급외,318,2022,https://api.odcloud.kr/api/15072696/v1/uddi:0131eccc-8fe1-4dd1-b83d-bc8824f6e939,부산,감경
여자,부산광역시,의료급여,1등급,31,2022,https://api.odcloud.kr/api/15072696/v1/uddi:0131eccc-8fe1-4dd1-b83d-bc8824f6e939,부산,의료급여
여자,부산광역시,의료급여,2등급,47,2022,https://api.odcloud.kr/api/15072696/v1/uddi:0131eccc-8fe1-4dd1-b83d-bc8824f6e939,부산,의료급여
여자,부산광역시,의료급여,3등급,145,2022,https://api.odcloud.kr/api/15072696/v1/uddi:0131eccc-8fe1-4dd1-b83d-bc8824f6e939,부산,의료급여
여자,부산광역시,의료급여,4등급,227,2022,https://api.odcloud.kr/api/15072696/v1/uddi:0131eccc-8fe1-4dd1-b83d-bc8824f6e939,부산,의료급여
여자,부산광역시,의료급여,5등급,23,2022,https://api.odcloud.kr/api/15072696/v1/uddi:0131eccc-8fe1-4dd1-b83d-bc8824f6e939,부산,의료급여
여자,부산광역시,의료급여,인지지원등급,5,2022,https://api.odcloud.kr/api/15072696/v1/uddi:0131eccc-8fe1-4dd1-b83d-bc8824f6e939,부산,의료급여
여자,부산광역시,의료급여,등급외,64,2022,https://api.odcloud.kr/api/15072696/v1/uddi:0131eccc-8fe1-4dd1-b83d-bc8824f6e939,부산,의료급여
여자,부산광역시,기초수급,1등급,415,2022,https://api.odcloud.kr/api/15072696/v1/uddi:0131eccc-8fe1-4dd1-b83d-bc8824f6e939,부산,기초
여자,부산광역시,기초수급,2등급,774,2022,https://api.odcloud.kr/api/15072696/v1/uddi:0131eccc-8fe1-4dd1-b83d-bc8824f6e939,부산,기초
여자,부산광역시,기초수급,3등급,2247,2022,https://api.odcloud.kr/api/15072696/v1/uddi:0131eccc-8fe1-4dd1-b83d-bc8824f6e939,부산,기초
여자,부산광역시,기초수급,4등급,5017,2022,https://api.odcloud.kr/api/15072696/v1/uddi:0131eccc-8fe1-4dd1-b83d-bc8824f6e939,부산,기초
여자,부산광역시,기초수급,5등급,740,2022,https://api.odcloud.kr/api/15072696/v1/uddi:0131eccc-8fe1-4dd1-b83d-bc8824f6e939,부산,기초
여자,부산광역시,기초수급,인지지원등급,137,2022,https://api.odcloud.kr/api/15072696/v1/uddi:0131eccc-8fe1-4dd1-b83d-bc8824f6e939,부산,기초
여자,부산광역시,기초수급,등급외,2102,2022,https://api.odcloud.kr/api/15072696/v1/uddi:0131eccc-8fe1-4dd1-b83d-bc8824f6e939,부산,기초
남자,대구광역시,일반,1등급,222,2022,https://api.odcloud.kr/api/15072696/v1/uddi:0131eccc-8fe1-4dd1-b83d-bc8824f6e939,대구,일반
남자,대구광역시,일반,2등급,482,2022,https://api.odcloud.kr/api/15072696/v1/uddi:0131eccc-8fe1-4dd1-b83d-bc8824f6e939,대구,일반
남자,대구광역시,일반,3등급,1807,2022,https://api.odcloud.kr/api/15072696/v1/uddi:0131eccc-8fe1-4dd1-b83d-bc8824f6e939,대구,일반
남자,대구광역시,일반,4등급,2691,2022,https://api.odcloud.kr/api/15072696/v1/uddi:0131eccc-8fe1-4dd1-b83d-bc8824f6e939,대구,일반
남자,대구광역시,일반,5등급,787,2022,https://api.odcloud.kr/api/15072696/v1/uddi:0131eccc-8fe1-4dd1-b83d-bc8824f6e939,대구,일반
남자,대구광역시,일반,인지지원등급,145,2022,https://api.odcloud.kr/api/15072696/v1/uddi:0131eccc-8fe1-4dd1-b83d-bc8824f6e939,대구,일반
남자,대구광역시,일반,등급외,1196,2022,https://api.odcloud.kr/api/15072696/v1/uddi:0131eccc-8fe1-4dd1-b83d-bc8824f6e939,대구,일반
남자,대구광역시,감경,1등급,156,2022,https://api.odcloud.kr/api/15072696/v1/uddi:0131eccc-8fe1-4dd1-b83d-bc8824f6e939,대구,감경
남자,대구광역시,감경,2등급,368,2022,https://api.odcloud.kr/api/15072696/v1/uddi:0131eccc-8fe1-4dd1-b83d-bc8824f6e939,대구,감경
남자,대구광역시,감경,3등급,1172,2022,https://api.odcloud.kr/api/15072696/v1/uddi:0131eccc-8fe1-4dd1-b83d-bc8824f6e939,대구,감경
남자,대구광역시,감경,4등급,1798,2022,https://api.odcloud.kr/api/15072696/v1/uddi:0131eccc-8fe1-4dd1-b83d-bc8824f6e939,대구,감경
남자,대구광역시,감경,5등급,513,2022,https://api.odcloud.kr/api/15072696/v1/uddi:0131eccc-8fe1-4dd1-b83d-bc8824f6e939,대구,감경
남자,대구광역시,감경,인지지원등급,95,2022,https://api.odcloud.kr/api/15072696/v1/uddi:0131eccc-8fe1-4dd1-b83d-bc8824f6e939,대구,감경
남자,대구광역시,감경,등급외,77,2022,https://api.odcloud.kr/api/15072696/v1/uddi:0131eccc-8fe1-4dd1-b83d-bc8824f6e939,대구,감경
남자,대구광역시,의료급여,1등급,10,2022,https://api.odcloud.kr/api/15072696/v1/uddi:0131eccc-8fe1-4dd1-b83d-bc8824f6e939,대구,의료급여
남자,대구광역시,의료급여,2등급,15,2022,https://api.odcloud.kr/api/15072696/v1/uddi:0131eccc-8fe1-4dd1-b83d-bc8824f6e939,대구,의료급여
남자,대구광역시,의료급여,3등급,49,2022,https://api.odcloud.kr/api/15072696/v1/uddi:0131eccc-8fe1-4dd1-b83d-bc8824f6e939,대구,의료급여
남자,대구광역시,의료급여,4등급,87,2022,https://api.odcloud.kr/api/15072696/v1/uddi:0131eccc-8fe1-4dd1-b83d-bc8824f6e939,대구,의료급여
남자,대구광역시,의료급여,5등급,20,2022,https://api.odcloud.kr/api/15072696/v1/uddi:0131eccc-8fe1-4dd1-b83d-bc8824f6e939,대구,의료급여
남자,대구광역시,의료급여,인지지원등급,5,2022,https://api.odcloud.kr/api/15072696/v1/uddi:0131eccc-8fe1-4dd1-b83d-bc8824f6e939,대구,의료급여
남자,대구광역시,의료급여,등급외,28,2022,https://api.odcloud.kr/api/15072696/v1/uddi:0131eccc-8fe1-4dd1-b83d-bc8824f6e939,대구,의료급여
남자,대구광역시,기초수급,1등급,81,2022,https://api.odcloud.kr/api/15072696/v1/uddi:0131eccc-8fe1-4dd1-b83d-bc8824f6e939,대구,기초
남자,대구광역시,기초수급,2등급,183,2022,https://api.odcloud.kr/api/15072696/v1/uddi:0131eccc-8fe1-4dd1-b83d-bc8824f6e939,대구,기초
남자,대구광역시,기초수급,3등급,598,2022,https://api.odcloud.kr/api/15072696/v1/uddi:0131eccc-8fe1-4dd1-b83d-bc8824f6e939,대구,기초
남자,대구광역시,기초수급,4등급,1116,2022,https://api.odcloud.kr/api/15072696/v1/uddi:0131eccc-8fe1-4dd1-b83d-bc8824f6e939,대구,기초
남자,대구광역시,기초수급,5등급,414,2022,https://api.odcloud.kr/api/15072696/v1/uddi:0131eccc-8fe1-4dd1-b83d-bc8824f6e939,대구,기초
남자,대구광역시,기초수급,인지지원등급,58,2022,https://api.odcloud.kr/api/15072696/v1/uddi:0131eccc-8fe1-4dd1-b83d-bc8824f6e939,대구,기초
남자,대구광역시,기초수급,등급외,697,2022,https://api.odcloud.kr/api/15072696/v1/uddi:0131eccc-8fe1-4dd1-b83d-bc8824f6e939,대구,기초
여자,대구광역시,일반,1등급,594,2022,https://api.odcloud.kr/api/15072696/v1/uddi:0131eccc-8fe1-4dd1-b83d-bc8824f6e939,대구,일반
여자,대구광역시,일반,2등급,1273,2022,https://api.odcloud.kr/api/15072696/v1/uddi:0131eccc-8fe1-4dd1-b83d-bc8824f6e939,대구,일반
여자,대구광역시,일반,3등급,3816,2022,https://api.odcloud.kr/api/15072696/v1/uddi:0131eccc-8fe1-4dd1-b83d-bc8824f6e939,대구,일반
여자,대구광역시,일반,4등급,6065,2022,https://api.odcloud.kr/api/15072696/v1/uddi:0131eccc-8fe1-4dd1-b83d-bc8824f6e939,대구,일반
여자,대구광역시,일반,5등급,1775,2022,https://api.odcloud.kr/api/15072696/v1/uddi:0131eccc-8fe1-4dd1-b83d-bc8824f6e939,대구,일반
여자,대구광역시,일반,인지지원등급,315,2022,https://api.odcloud.kr/api/15072696/v1/uddi:0131eccc-8fe1-4dd1-b83d-bc8824f6e939,대구,일반
여자,대구광역시,일반,등급외,2615,2022,https://api.odcloud.kr/api/15072696/v1/uddi:0131eccc-8fe1-4dd1-b83d-bc8824f6e939,대구,일반
여자,대구광역시,감경,1등급,496,2022,https://api.odcloud.kr/api/15072696/v1/uddi:0131eccc-8fe1-4dd1-b83d-bc8824f6e939,대구,감경
여자,대구광역시,감경,2등급,1229,2022,https://api.odcloud.kr/api/15072696/v1/uddi:0131eccc-8fe1-4dd1-b83d-bc8824f6e939,대구,감경
여자,대구광역시,감경,3등급,3378,2022,https://api.odcloud.kr/api/15072696/v1/uddi:0131eccc-8fe1-4dd1-b83d-bc8824f6e939,대구,감경
여자,대구광역시,감경,4등급,4961,2022,https://api.odcloud.kr/api/15072696/v1/uddi:0131eccc-8fe1-4dd1-b83d-bc8824f6e939,대구,감경
여자,대구광역시,감경,5등급,1348,2022,https://api.odcloud.kr/api/15072696/v1/uddi:0131eccc-8fe1-4dd1-b83d-bc8824f6e939,대구,감경
여자,대구광역시,감경,인지지원등급,212,2022,https://api.odcloud.kr/api/15072696/v1/uddi:0131eccc-8fe1-4dd1-b83d-bc8824f6e939,대구,감경
여자,대구광역시,감경,등급외,184,2022,https://api.odcloud.kr/api/15072696/v1/uddi:0131eccc-8fe1-4dd1-b83d-bc8824f6e939,대구,감경
여자,대구광역시,의료급여,1등급,33,2022,https://api.odcloud.kr/api/15072696/v1/uddi:0131eccc-8fe1-4dd1-b83d-bc8824f6e939,대구,의료급여
여자,대구광역시,의료급여,2등급,62,2022,https://api.odcloud.kr/api/15072696/v1/uddi:0131eccc-8fe1-4dd1-b83d-bc8824f6e939,대구,의료급여
여자,대구광역시,의료급여,3등급,157,2022,https://api.odcloud.kr/api/15072696/v1/uddi:0131eccc-8fe1-4dd1-b83d-bc8824f6e939,대구,의료급여
여자,대구광역시,의료급여,4등급,237,2022,https://api.odcloud.kr/api/15072696/v1/uddi:0131eccc-8fe1-4dd1-b83d-bc8824f6e939,대구,의료급여
여자,대구광역시,의료급여,5등급,58,2022,https://api.odcloud.kr/api/15072696/v1/uddi:0131eccc-8fe1-4dd1-b83d-bc8824f6e939,대구,의료급여
여자,대구광역시,의료급여,인지지원등급,5,2022,https://api.odcloud.kr/api/15072696/v1/uddi:0131eccc-8fe1-4dd1-b83d-bc8824f6e939,대구,의료급여
여자,대구광역시,의료급여,등급외,55,2022,https://api.odcloud.kr/api/15072696/v1/uddi:0131eccc-8fe1-4dd1-b83d-bc8824f6e939,대구,의료급여
여자,대구광역시,기초수급,1등급,287,2022,https://api.odcloud.kr/api/15072696/v1/uddi:0131eccc-8fe1-4dd1-b83d-bc8824f6e939,대구,기초
여자,대구광역시,기초수급,2등급,589,2022,https://api.odcloud.kr/api/15072696/v1/uddi:0131eccc-8fe1-4dd1-b83d-bc8824f6e939,대구,기초
여자,대구광역시,기초수급,3등급,1553,2022,https://api.odcloud.kr/api/15072696/v1/uddi:0131eccc-8fe1-4dd1-b83d-bc8824f6e939,대구,기초
여자,대구광역시,기초수급,4등급,2796,2022,https://api.odcloud.kr/api/15072696/v1/uddi:0131eccc-8fe1-4dd1-b83d-bc8824f6e939,대구,기초
여자,대구광역시,기초수급,5등급,840,2022,https://api.odcloud.kr/api/15072696/v1/uddi:0131eccc-8fe1-4dd1-b83d-bc8824f6e939,대구,기초
여자,대구광역시,기초수급,인지지원등급,111,2022,https://api.odcloud.kr/api/15072696/v1/uddi:0131eccc-8fe1-4dd1-b83d-bc8824f6e939,대구,기초
여자,대구광역시,기초수급,등급외,1072,2022,https://api.odcloud.kr/api/15072696/v1/uddi:0131eccc-8fe1-4dd1-b83d-bc8824f6e939,대구,기초
남자,인천광역시,일반,1등급,263,2022,https://api.odcloud.kr/api/15072696/v1/uddi:0131eccc-8fe1-4dd1-b83d-bc8824f6e939,인천,일반
남자,인천광역시,일반,2등급,531,2022,https://api.odcloud.kr/api/15072696/v1/uddi:0131eccc-8fe1-4dd1-b83d-bc8824f6e939,인천,일반
남자,인천광역시,일반,3등급,1876,2022,https://api.odcloud.kr/api/15072696/v1/uddi:0131eccc-8fe1-4dd1-b83d-bc8824f6e939,인천,일반
남자,인천광역시,일반,4등급,2906,2022,https://api.odcloud.kr/api/15072696/v1/uddi:0131eccc-8fe1-4dd1-b83d-bc8824f6e939,인천,일반
남자,인천광역시,일반,5등급,557,2022,https://api.odcloud.kr/api/15072696/v1/uddi:0131eccc-8fe1-4dd1-b83d-bc8824f6e939,인천,일반
남자,인천광역시,일반,인지지원등급,117,2022,https://api.odcloud.kr/api/15072696/v1/uddi:0131eccc-8fe1-4dd1-b83d-bc8824f6e939,인천,일반
남자,인천광역시,일반,등급외,1316,2022,https://api.odcloud.kr/api/15072696/v1/uddi:0131eccc-8fe1-4dd1-b83d-bc8824f6e939,인천,일반
남자,인천광역시,감경,1등급,241,2022,https://api.odcloud.kr/api/15072696/v1/uddi:0131eccc-8fe1-4dd1-b83d-bc8824f6e939,인천,감경
남자,인천광역시,감경,2등급,493,2022,https://api.odcloud.kr/api/15072696/v1/uddi:0131eccc-8fe1-4dd1-b83d-bc8824f6e939,인천,감경
남자,인천광역시,감경,3등급,1658,2022,https://api.odcloud.kr/api/15072696/v1/uddi:0131eccc-8fe1-4dd1-b83d-bc8824f6e939,인천,감경
남자,인천광역시,감경,4등급,2460,2022,https://api.odcloud.kr/api/15072696/v1/uddi:0131eccc-8fe1-4dd1-b83d-bc8824f6e939,인천,감경
남자,인천광역시,감경,5등급,416,2022,https://api.odcloud.kr/api/15072696/v1/uddi:0131eccc-8fe1-4dd1-b83d-bc8824f6e939,인천,감경
남자,인천광역시,감경,인지지원등급,68,2022,https://api.odcloud.kr/api/15072696/v1/uddi:0131eccc-8fe1-4dd1-b83d-bc8824f6e939,인천,감경
남자,인천광역시,감경,등급외,85,2022,https://api.odcloud.kr/api/15072696/v1/uddi:0131eccc-8fe1-4dd1-b83d-bc8824f6e939,인천,감경
남자,인천광역시,의료급여,1등급,4,2022,https://api.odcloud.kr/api/15072696/v1/uddi:0131eccc-8fe1-4dd1-b83d-bc8824f6e939,인천,의료급여
남자,인천광역시,의료급여,2등급,20,2022,https://api.odcloud.kr/api/15072696/v1/uddi:0131eccc-8fe1-4dd1-b83d-bc8824f6e939,인천,의료급여
남자,인천광역시,의료급여,3등급,49,2022,https://api.odcloud.kr/api/15072696/v1/uddi:0131eccc-8fe1-4dd1-b83d-bc8824f6e939,인천,의료급여
남자,인천광역시,의료급여,4등급,68,2022,https://api.odcloud.kr/api/15072696/v1/uddi:0131eccc-8fe1-4dd1-b83d-bc8824f6e939,인천,의료급여
남자,인천광역시,의료급여,5등급,9,2022,https://api.odcloud.kr/api/15072696/v1/uddi:0131eccc-8fe1-4dd1-b83d-bc8824f6e939,인천,의료급여
남자,인천광역시,의료급여,인지지원등급,3,2022,https://api.odcloud.kr/api/15072696/v1/uddi:0131eccc-8fe1-4dd1-b83d-bc8824f6e939,인천,의료급여
남자,인천광역시,의료급여,등급외,16,2022,https://api.odcloud.kr/api/15072696/v1/uddi:0131eccc-8fe1-4dd1-b83d-bc8824f6e939,인천,의료급여
남자,인천광역시,기초수급,1등급,170,2022,https://api.odcloud.kr/api/15072696/v1/uddi:0131eccc-8fe1-4dd1-b83d-bc8824f6e939,인천,기초
남자,인천광역시,기초수급,2등급,300,2022,https://api.odcloud.kr/api/15072696/v1/uddi:0131eccc-8fe1-4dd1-b83d-bc8824f6e939,인천,기초
남자,인천광역시,기초수급,3등급,1006,2022,https://api.odcloud.kr/api/15072696/v1/uddi:0131eccc-8fe1-4dd1-b83d-bc8824f6e939,인천,기초
남자,인천광역시,기초수급,4등급,1964,2022,https://api.odcloud.kr/api/15072696/v1/uddi:0131eccc-8fe1-4dd1-b83d-bc8824f6e939,인천,기초
남자,인천광역시,기초수급,5등급,327,2022,https://api.odcloud.kr/api/15072696/v1/uddi:0131eccc-8fe1-4dd1-b83d-bc8824f6e939,인천,기초
남자,인천광역시,기초수급,인지지원등급,64,2022,https://api.odcloud.kr/api/15072696/v1/uddi:0131eccc-8fe1-4dd1-b83d-bc8824f6e939,인천,기초
남자,인천광역시,기초수급,등급외,879,2022,https://api.odcloud.kr/api/15072696/v1/uddi:0131eccc-8fe1-4dd1-b83d-bc8824f6e939,인천,기초
여자,인천광역시,일반,1등급,716,2022,https://api.odcloud.kr/api/15072696/v1/uddi:0131eccc-8fe1-4dd1-b83d-bc8824f6e939,인천,일반
여자,인천광역시,일반,2등급,1518,2022,https://api.odcloud.kr/api/15072696/v1/uddi:0131eccc-8fe1-4dd1-b83d-bc8824f6e939,인천,일반
여자,인천광역시,일반,3등급,4511,2022,https://api.odcloud.kr/api/15072696/v1/uddi:0131eccc-8fe1-4dd1-b83d-bc8824f6e939,인천,일반
여자,인천광역시,일반,4등급,6908,2022,https://api.odcloud.kr/api/15072696/v1/uddi:0131eccc-8fe1-4dd1-b83d-bc8824f6e939,인천,일반
여자,인천광역시,일반,5등급,1244,2022,https://api.odcloud.kr/api/15072696/v1/uddi:0131eccc-8fe1-4dd1-b83d-bc8824f6e939,인천,일반
여자,인천광역시,일반,인지지원등급,243,2022,https://api.odcloud.kr/api/15072696/v1/uddi:0131eccc-8fe1-4dd1-b83d-bc8824f6e939,인천,일반
여자,인천광역시,일반,등급외,2856,2022,https://api.odcloud.kr/api/15072696/v1/uddi:0131eccc-8fe1-4dd1-b83d-bc8824f6e939,인천,일반
여자,인천광역시,감경,1등급,718,2022,https://api.odcloud.kr/api/15072696/v1/uddi:0131eccc-8fe1-4dd1-b83d-bc8824f6e939,인천,감경
여자,인천광역시,감경,2등급,1627,2022,https://api.odcloud.kr/api/15072696/v1/uddi:0131eccc-8fe1-4dd1-b83d-bc8824f6e939,인천,감경
여자,인천광역시,감경,3등급,4665,2022,https://api.odcloud.kr/api/15072696/v1/uddi:0131eccc-8fe1-4dd1-b83d-bc8824f6e939,인천,감경
여자,인천광역시,감경,4등급,6539,2022,https://api.odcloud.kr/api/15072696/v1/uddi:0131eccc-8fe1-4dd1-b83d-bc8824f6e939,인천,감경
여자,인천광역시,감경,5등급,986,2022,https://api.odcloud.kr/api/15072696/v1/uddi:0131eccc-8fe1-4dd1-b83d-bc8824f6e939,인천,감경
여자,인천광역시,감경,인지지원등급,178,2022,https://api.odcloud.kr/api/15072696/v1/uddi:0131eccc-8fe1-4dd1-b83d-bc8824f6e939,인천,감경
여자,인천광역시,감경,등급외,153,2022,https://api.odcloud.kr/api/15072696/v1/uddi:0131eccc-8fe1-4dd1-b83d-bc8824f6e939,인천,감경
여자,인천광역시,의료급여,1등급,23,2022,https://api.odcloud.kr/api/15072696/v1/uddi:0131eccc-8fe1-4dd1-b83d-bc8824f6e939,인천,의료급여
여자,인천광역시,의료급여,2등급,53,2022,https://api.odcloud.kr/api/15072696/v1/uddi:0131eccc-8fe1-4dd1-b83d-bc8824f6e939,인천,의료급여
여자,인천광역시,의료급여,3등급,101,2022,https://api.odcloud.kr/api/15072696/v1/uddi:0131eccc-8fe1-4dd1-b83d-bc8824f6e939,인천,의료급여
여자,인천광역시,의료급여,4등급,184,2022,https://api.odcloud.kr/api/15072696/v1/uddi:0131eccc-8fe1-4dd1-b83d-bc8824f6e939,인천,의료급여
여자,인천광역시,의료급여,5등급,23,2022,https://api.odcloud.kr/api/15072696/v1/uddi:0131eccc-8fe1-4dd1-b83d-bc8824f6e939,인천,의료급여
여자,인천광역시,의료급여,인지지원등급,1,2022,https://api.odcloud.kr/api/15072696/v1/uddi:0131eccc-8fe1-4dd1-b83d-bc8824f6e939,인천,의료급여
여자,인천광역시,의료급여,등급외,41,2022,https://api.odcloud.kr/api/15072696/v1/uddi:0131eccc-8fe1-4dd1-b83d-bc8824f6e939,인천,의료급여
여자,인천광역시,기초수급,1등급,439,2022,https://api.odcloud.kr/api/15072696/v1/uddi:0131eccc-8fe1-4dd1-b83d-bc8824f6e939,인천,기초
여자,인천광역시,기초수급,2등급,811,2022,https://api.odcloud.kr/api/15072696/v1/uddi:0131eccc-8fe1-4dd1-b83d-bc8824f6e939,인천,기초
여자,인천광역시,기초수급,3등급,2397,2022,https://api.odcloud.kr/api/15072696/v1/uddi:0131eccc-8fe1-4dd1-b83d-bc8824f6e939,인천,기초
여자,인천광역시,기초수급,4등급,4129,2022,https://api.odcloud.kr/api/15072696/v1/uddi:0131eccc-8fe1-4dd1-b83d-bc8824f6e939,인천,기초
여자,인천광역시,기초수급,5등급,575,2022,https://api.odcloud.kr/api/15072696/v1/uddi:0131eccc-8fe1-4dd1-b83d-bc8824f6e939,인천,기초
여자,인천광역시,기초수급,인지지원등급,73,2022,https://api.odcloud.kr/api/15072696/v1/uddi:0131eccc-8fe1-4dd1-b83d-bc8824f6e939,인천,기초
여자,인천광역시,기초수급,등급외,1151,2022,https://api.odcloud.kr/api/15072696/v1/uddi:0131eccc-8fe1-4dd1-b83d-bc8824f6e939,인천,기초
남자,광주광역시,일반,1등급,149,2022,https://api.odcloud.kr/api/15072696/v1/uddi:0131eccc-8fe1-4dd1-b83d-bc8824f6e939,광주,일반
남자,광주광역시,일반,2등급,258,2022,https://api.odcloud.kr/api/15072696/v1/uddi:0131eccc-8fe1-4dd1-b83d-bc8824f6e939,광주,일반
남자,광주광역시,일반,3등급,1027,2022,https://api.odcloud.kr/api/15072696/v1/uddi:0131eccc-8fe1-4dd1-b83d-bc8824f6e939,광주,일반
남자,광주광역시,일반,4등급,1707,2022,https://api.odcloud.kr/api/15072696/v1/uddi:0131eccc-8fe1-4dd1-b83d-bc8824f6e939,광주,일반
남자,광주광역시,일반,5등급,399,2022,https://api.odcloud.kr/api/15072696/v1/uddi:0131eccc-8fe1-4dd1-b83d-bc8824f6e939,광주,일반
남자,광주광역시,일반,인지지원등급,103,2022,https://api.odcloud.kr/api/15072696/v1/uddi:0131eccc-8fe1-4dd1-b83d-bc8824f6e939,광주,일반
남자,광주광역시,일반,등급외,1138,2022,https://api.odcloud.kr/api/15072696/v1/uddi:0131eccc-8fe1-4dd1-b83d-bc8824f6e939,광주,일반
남자,광주광역시,감경,1등급,114,2022,https://api.odcloud.kr/api/15072696/v1/uddi:0131eccc-8fe1-4dd1-b83d-bc8824f6e939,광주,감경
남자,광주광역시,감경,2등급,187,2022,https://api.odcloud.kr/api/15072696/v1/uddi:0131eccc-8fe1-4dd1-b83d-bc8824f6e939,광주,감경
남자,광주광역시,감경,3등급,681,2022,https://api.odcloud.kr/api/15072696/v1/uddi:0131eccc-8fe1-4dd1-b83d-bc8824f6e939,광주,감경
남자,광주광역시,감경,4등급,1080,2022,https://api.odcloud.kr/api/15072696/v1/uddi:0131eccc-8fe1-4dd1-b83d-bc8824f6e939,광주,감경
남자,광주광역시,감경,5등급,242,2022,https://api.odcloud.kr/api/15072696/v1/uddi:0131eccc-8fe1-4dd1-b83d-bc8824f6e939,광주,감경
남자,광주광역시,감경,인지지원등급,69,2022,https://api.odcloud.kr/api/15072696/v1/uddi:0131eccc-8fe1-4dd1-b83d-bc8824f6e939,광주,감경
남자,광주광역시,감경,등급외,74,2022,https://api.odcloud.kr/api/15072696/v1/uddi:0131eccc-8fe1-4dd1-b83d-bc8824f6e939,광주,감경
남자,광주광역시,의료급여,1등급,7,2022,https://api.odcloud.kr/api/15072696/v1/uddi:0131eccc-8fe1-4dd1-b83d-bc8824f6e939,광주,의료급여
남자,광주광역시,의료급여,2등급,11,2022,https://api.odcloud.kr/api/15072696/v1/uddi:0131eccc-8fe1-4dd1-b83d-bc8824f6e939,광주,의료급여
남자,광주광역시,의료급여,3등급,33,2022,https://api.odcloud.kr/api/15072696/v1/uddi:0131eccc-8fe1-4dd1-b83d-bc8824f6e939,광주,의료급여
남자,광주광역시,의료급여,4등급,67,2022,https://api.odcloud.kr/api/15072696/v1/uddi:0131eccc-8fe1-4dd1-b83d-bc8824f6e939,광주,의료급여
남자,광주광역시,의료급여,5등급,19,2022,https://api.odcloud.kr/api/15072696/v1/uddi:0131eccc-8fe1-4dd1-b83d-bc8824f6e939,광주,의료급여
남자,광주광역시,의료급여,인지지원등급,4,2022,https://api.odcloud.kr/api/15072696/v1/uddi:0131eccc-8fe1-4dd1-b83d-bc8824f6e939,광주,의료급여
남자,광주광역시,의료급여,등급외,24,2022,https://api.odcloud.kr/api/15072696/v1/uddi:0131eccc-8fe1-4dd1-b83d-bc8824f6e939,광주,의료급여
남자,광주광역시,기초수급,1등급,42,2022,https://api.odcloud.kr/api/15072696/v1/uddi:0131eccc-8fe1-4dd1-b83d-bc8824f6e939,광주,기초
남자,광주광역시,기초수급,2등급,61,2022,https://api.odcloud.kr/api/15072696/v1/uddi:0131eccc-8fe1-4dd1-b83d-bc8824f6e939,광주,기초
남자,광주광역시,기초수급,3등급,274,2022,https://api.odcloud.kr/api/15072696/v1/uddi:0131eccc-8fe1-4dd1-b83d-bc8824f6e939,광주,기초
남자,광주광역시,기초수급,4등급,637,2022,https://api.odcloud.kr/api/15072696/v1/uddi:0131eccc-8fe1-4dd1-b83d-bc8824f6e939,광주,기초
남자,광주광역시,기초수급,5등급,178,2022,https://api.odcloud.kr/api/15072696/v1/uddi:0131eccc-8fe1-4dd1-b83d-bc8824f6e939,광주,기초
남자,광주광역시,기초수급,인지지원등급,37,2022,https://api.odcloud.kr/api/15072696/v1/uddi:0131eccc-8fe1-4dd1-b83d-bc8824f6e939,광주,기초
남자,광주광역시,기초수급,등급외,623,2022,https://api.odcloud.kr/api/15072696/v1/uddi:0131eccc-8fe1-4dd1-b83d-bc8824f6e939,광주,기초
여자,광주광역시,일반,1등급,357,2022,https://api.odcloud.kr/api/15072696/v1/uddi:0131eccc-8fe1-4dd1-b83d-bc8824f6e939,광주,일반
여자,광주광역시,일반,2등급,585,2022,https://api.odcloud.kr/api/15072696/v1/uddi:0131eccc-8fe1-4dd1-b83d-bc8824f6e939,광주,일반
여자,광주광역시,일반,3등급,2136,2022,https://api.odcloud.kr/api/15072696/v1/uddi:0131eccc-8fe1-4dd1-b83d-bc8824f6e939,광주,일반
여자,광주광역시,일반,4등급,4184,2022,https://api.odcloud.kr/api/15072696/v1/uddi:0131eccc-8fe1-4dd1-b83d-bc8824f6e939,광주,일반
여자,광주광역시,일반,5등급,891,2022,https://api.odcloud.kr/api/15072696/v1/uddi:0131eccc-8fe1-4dd1-b83d-bc8824f6e939,광주,일반
여자,광주광역시,일반,인지지원등급,235,2022,https://api.odcloud.kr/api/15072696/v1/uddi:0131eccc-8fe1-4dd1-b83d-bc8824f6e939,광주,일반
여자,광주광역시,일반,등급외,2696,2022,https://api.odcloud.kr/api/15072696/v1/uddi:0131eccc-8fe1-4dd1-b83d-bc8824f6e939,광주,일반
여자,광주광역시,감경,1등급,317,2022,https://api.odcloud.kr/api/15072696/v1/uddi:0131eccc-8fe1-4dd1-b83d-bc8824f6e939,광주,감경
여자,광주광역시,감경,2등급,577,2022,https://api.odcloud.kr/api/15072696/v1/uddi:0131eccc-8fe1-4dd1-b83d-bc8824f6e939,광주,감경
여자,광주광역시,감경,3등급,1841,2022,https://api.odcloud.kr/api/15072696/v1/uddi:0131eccc-8fe1-4dd1-b83d-bc8824f6e939,광주,감경
여자,광주광역시,감경,4등급,3213,2022,https://api.odcloud.kr/api/15072696/v1/uddi:0131eccc-8fe1-4dd1-b83d-bc8824f6e939,광주,감경
여자,광주광역시,감경,5등급,704,2022,https://api.odcloud.kr/api/15072696/v1/uddi:0131eccc-8fe1-4dd1-b83d-bc8824f6e939,광주,감경
여자,광주광역시,감경,인지지원등급,129,2022,https://api.odcloud.kr/api/15072696/v1/uddi:0131eccc-8fe1-4dd1-b83d-bc8824f6e939,광주,감경
여자,광주광역시,감경,등급외,159,2022,https://api.odcloud.kr/api/15072696/v1/uddi:0131eccc-8fe1-4dd1-b83d-bc8824f6e939,광주,감경
여자,광주광역시,의료급여,1등급,20,2022,https://api.odcloud.kr/api/15072696/v1/uddi:0131eccc-8fe1-4dd1-b83d-bc8824f6e939,광주,의료급여
여자,광주광역시,의료급여,2등급,24,2022,https://api.odcloud.kr/api/15072696/v1/uddi:0131eccc-8fe1-4dd1-b83d-bc8824f6e939,광주,의료급여
여자,광주광역시,의료급여,3등급,93,2022,https://api.odcloud.kr/api/15072696/v1/uddi:0131eccc-8fe1-4dd1-b83d-bc8824f6e939,광주,의료급여
여자,광주광역시,의료급여,4등급,204,2022,https://api.odcloud.kr/api/15072696/v1/uddi:0131eccc-8fe1-4dd1-b83d-bc8824f6e939,광주,의료급여
여자,광주광역시,의료급여,5등급,40,2022,https://api.odcloud.kr/api/15072696/v1/uddi:0131eccc-8fe1-4dd1-b83d-bc8824f6e939,광주,의료급여
여자,광주광역시,의료급여,인지지원등급,4,2022,https://api.odcloud.kr/api/15072696/v1/uddi:0131eccc-8fe1-4dd1-b83d-bc8824f6e939,광주,의료급여
여자,광주광역시,의료급여,등급외,57,2022,https://api.odcloud.kr/api/15072696/v1/uddi:0131eccc-8fe1-4dd1-b83d-bc8824f6e939,광주,의료급여
여자,광주광역시,기초수급,1등급,114,2022,https://api.odcloud.kr/api/15072696/v1/uddi:0131eccc-8fe1-4dd1-b83d-bc8824f6e939,광주,기초
여자,광주광역시,기초수급,2등급,193,2022,https://api.odcloud.kr/api/15072696/v1/uddi:0131eccc-8fe1-4dd1-b83d-bc8824f6e939,광주,기초
여자,광주광역시,기초수급,3등급,731,2022,https://api.odcloud.kr/api/15072696/v1/uddi:0131eccc-8fe1-4dd1-b83d-bc8824f6e939,광주,기초
여자,광주광역시,기초수급,4등급,1544,2022,https://api.odcloud.kr/api/15072696/v1/uddi:0131eccc-8fe1-4dd1-b83d-bc8824f6e939,광주,기초
여자,광주광역시,기초수급,5등급,420,2022,https://api.odcloud.kr/api/15072696/v1/uddi:0131eccc-8fe1-4dd1-b83d-bc8824f6e939,광주,기초
여자,광주광역시,기초수급,인지지원등급,85,2022,https://api.odcloud.kr/api/15072696/v1/uddi:0131eccc-8fe1-4dd1-b83d-bc8824f6e939,광주,기초
여자,광주광역시,기초수급,등급외,955,2022,https://api.odcloud.kr/api/15072696/v1/uddi:0131eccc-8fe1-4dd1-b83d-bc8824f6e939,광주,기초
남자,대전광역시,일반,1등급,174,2022,https://api.odcloud.kr/api/15072696/v1/uddi:0131eccc-8fe1-4dd1-b83d-bc8824f6e939,대전,일반
남자,대전광역시,일반,2등급,246,2022,https://api.odcloud.kr/api/15072696/v1/uddi:0131eccc-8fe1-4dd1-b83d-bc8824f6e939,대전,일반
남자,대전광역시,일반,3등급,1012,2022,https://api.odcloud.kr/api/15072696/v1/uddi:0131eccc-8fe1-4dd1-b83d-bc8824f6e939,대전,일반
남자,대전광역시,일반,4등급,1637,2022,https://api.odcloud.kr/api/15072696/v1/uddi:0131eccc-8fe1-4dd1-b83d-bc8824f6e939,대전,일반
남자,대전광역시,일반,5등급,498,2022,https://api.odcloud.kr/api/15072696/v1/uddi:0131eccc-8fe1-4dd1-b83d-bc8824f6e939,대전,일반
남자,대전광역시,일반,인지지원등급,74,2022,https://api.odcloud.kr/api/15072696/v1/uddi:0131eccc-8fe1-4dd1-b83d-bc8824f6e939,대전,일반
남자,대전광역시,일반,등급외,841,2022,https://api.odcloud.kr/api/15072696/v1/uddi:0131eccc-8fe1-4dd1-b83d-bc8824f6e939,대전,일반
남자,대전광역시,감경,1등급,88,2022,https://api.odcloud.kr/api/15072696/v1/uddi:0131eccc-8fe1-4dd1-b83d-bc8824f6e939,대전,감경
남자,대전광역시,감경,2등급,195,2022,https://api.odcloud.kr/api/15072696/v1/uddi:0131eccc-8fe1-4dd1-b83d-bc8824f6e939,대전,감경
남자,대전광역시,감경,3등급,713,2022,https://api.odcloud.kr/api/15072696/v1/uddi:0131eccc-8fe1-4dd1-b83d-bc8824f6e939,대전,감경
남자,대전광역시,감경,4등급,1070,2022,https://api.odcloud.kr/api/15072696/v1/uddi:0131eccc-8fe1-4dd1-b83d-bc8824f6e939,대전,감경
남자,대전광역시,감경,5등급,288,2022,https://api.odcloud.kr/api/15072696/v1/uddi:0131eccc-8fe1-4dd1-b83d-bc8824f6e939,대전,감경
남자,대전광역시,감경,인지지원등급,58,2022,https://api.odcloud.kr/api/15072696/v1/uddi:0131eccc-8fe1-4dd1-b83d-bc8824f6e939,대전,감경
남자,대전광역시,감경,등급외,41,2022,https://api.odcloud.kr/api/15072696/v1/uddi:0131eccc-8fe1-4dd1-b83d-bc8824f6e939,대전,감경
남자,대전광역시,의료급여,1등급,4,2022,https://api.odcloud.kr/api/15072696/v1/uddi:0131eccc-8fe1-4dd1-b83d-bc8824f6e939,대전,의료급여
남자,대전광역시,의료급여,2등급,10,2022,https://api.odcloud.kr/api/15072696/v1/uddi:0131eccc-8fe1-4dd1-b83d-bc8824f6e939,대전,의료급여
남자,대전광역시,의료급여,3등급,19,2022,https://api.odcloud.kr/api/15072696/v1/uddi:0131eccc-8fe1-4dd1-b83d-bc8824f6e939,대전,의료급여
남자,대전광역시,의료급여,4등급,38,2022,https://api.odcloud.kr/api/15072696/v1/uddi:0131eccc-8fe1-4dd1-b83d-bc8824f6e939,대전,의료급여
남자,대전광역시,의료급여,5등급,9,2022,https://api.odcloud.kr/api/15072696/v1/uddi:0131eccc-8fe1-4dd1-b83d-bc8824f6e939,대전,의료급여
남자,대전광역시,의료급여,인지지원등급,2,2022,https://api.odcloud.kr/api/15072696/v1/uddi:0131eccc-8fe1-4dd1-b83d-bc8824f6e939,대전,의료급여
남자,대전광역시,의료급여,등급외,12,2022,https://api.odcloud.kr/api/15072696/v1/uddi:0131eccc-8fe1-4dd1-b83d-bc8824f6e939,대전,의료급여
남자,대전광역시,기초수급,1등급,55,2022,https://api.odcloud.kr/api/15072696/v1/uddi:0131eccc-8fe1-4dd1-b83d-bc8824f6e939,대전,기초
남자,대전광역시,기초수급,2등급,104,2022,https://api.odcloud.kr/api/15072696/v1/uddi:0131eccc-8fe1-4dd1-b83d-bc8824f6e939,대전,기초
남자,대전광역시,기초수급,3등급,314,2022,https://api.odcloud.kr/api/15072696/v1/uddi:0131eccc-8fe1-4dd1-b83d-bc8824f6e939,대전,기초
남자,대전광역시,기초수급,4등급,687,2022,https://api.odcloud.kr/api/15072696/v1/uddi:0131eccc-8fe1-4dd1-b83d-bc8824f6e939,대전,기초
남자,대전광역시,기초수급,5등급,183,2022,https://api.odcloud.kr/api/15072696/v1/uddi:0131eccc-8fe1-4dd1-b83d-bc8824f6e939,대전,기초
남자,대전광역시,기초수급,인지지원등급,35,2022,https://api.odcloud.kr/api/15072696/v1/uddi:0131eccc-8fe1-4dd1-b83d-bc8824f6e939,대전,기초
남자,대전광역시,기초수급,등급외,546,2022,https://api.odcloud.kr/api/15072696/v1/uddi:0131eccc-8fe1-4dd1-b83d-bc8824f6e939,대전,기초
여자,대전광역시,일반,1등급,372,2022,https://api.odcloud.kr/api/15072696/v1/uddi:0131eccc-8fe1-4dd1-b83d-bc8824f6e939,대전,일반
여자,대전광역시,일반,2등급,696,2022,https://api.odcloud.kr/api/15072696/v1/uddi:0131eccc-8fe1-4dd1-b83d-bc8824f6e939,대전,일반
여자,대전광역시,일반,3등급,2314,2022,https://api.odcloud.kr/api/15072696/v1/uddi:0131eccc-8fe1-4dd1-b83d-bc8824f6e939,대전,일반
여자,대전광역시,일반,4등급,3767,2022,https://api.odcloud.kr/api/15072696/v1/uddi:0131eccc-8fe1-4dd1-b83d-bc8824f6e939,대전,일반
여자,대전광역시,일반,5등급,1070,2022,https://api.odcloud.kr/api/15072696/v1/uddi:0131eccc-8fe1-4dd1-b83d-bc8824f6e939,대전,일반
여자,대전광역시,일반,인지지원등급,203,2022,https://api.odcloud.kr/api/15072696/v1/uddi:0131eccc-8fe1-4dd1-b83d-bc8824f6e939,대전,일반
여자,대전광역시,일반,등급외,1739,2022,https://api.odcloud.kr/api/15072696/v1/uddi:0131eccc-8fe1-4dd1-b83d-bc8824f6e939,대전,일반
여자,대전광역시,감경,1등급,352,2022,https://api.odcloud.kr/api/15072696/v1/uddi:0131eccc-8fe1-4dd1-b83d-bc8824f6e939,대전,감경
여자,대전광역시,감경,2등급,670,2022,https://api.odcloud.kr/api/15072696/v1/uddi:0131eccc-8fe1-4dd1-b83d-bc8824f6e939,대전,감경
여자,대전광역시,감경,3등급,1881,2022,https://api.odcloud.kr/api/15072696/v1/uddi:0131eccc-8fe1-4dd1-b83d-bc8824f6e939,대전,감경
여자,대전광역시,감경,4등급,2897,2022,https://api.odcloud.kr/api/15072696/v1/uddi:0131eccc-8fe1-4dd1-b83d-bc8824f6e939,대전,감경
여자,대전광역시,감경,5등급,740,2022,https://api.odcloud.kr/api/15072696/v1/uddi:0131eccc-8fe1-4dd1-b83d-bc8824f6e939,대전,감경
여자,대전광역시,감경,인지지원등급,123,2022,https://api.odcloud.kr/api/15072696/v1/uddi:0131eccc-8fe1-4dd1-b83d-bc8824f6e939,대전,감경
여자,대전광역시,감경,등급외,92,2022,https://api.odcloud.kr/api/15072696/v1/uddi:0131eccc-8fe1-4dd1-b83d-bc8824f6e939,대전,감경
여자,대전광역시,의료급여,1등급,15,2022,https://api.odcloud.kr/api/15072696/v1/uddi:0131eccc-8fe1-4dd1-b83d-bc8824f6e939,대전,의료급여
여자,대전광역시,의료급여,2등급,26,2022,https://api.odcloud.kr/api/15072696/v1/uddi:0131eccc-8fe1-4dd1-b83d-bc8824f6e939,대전,의료급여
여자,대전광역시,의료급여,3등급,71,2022,https://api.odcloud.kr/api/15072696/v1/uddi:0131eccc-8fe1-4dd1-b83d-bc8824f6e939,대전,의료급여
여자,대전광역시,의료급여,4등급,86,2022,https://api.odcloud.kr/api/15072696/v1/uddi:0131eccc-8fe1-4dd1-b83d-bc8824f6e939,대전,의료급여
여자,대전광역시,의료급여,5등급,27,2022,https://api.odcloud.kr/api/15072696/v1/uddi:0131eccc-8fe1-4dd1-b83d-bc8824f6e939,대전,의료급여
여자,대전광역시,의료급여,인지지원등급,2,2022,https://api.odcloud.kr/api/15072696/v1/uddi:0131eccc-8fe1-4dd1-b83d-bc8824f6e939,대전,의료급여
여자,대전광역시,의료급여,등급외,24,2022,https://api.odcloud.kr/api/15072696/v1/uddi:0131eccc-8fe1-4dd1-b83d-bc8824f6e939,대전,의료급여
여자,대전광역시,기초수급,1등급,173,2022,https://api.odcloud.kr/api/15072696/v1/uddi:0131eccc-8fe1-4dd1-b83d-bc8824f6e939,대전,기초
여자,대전광역시,기초수급,2등급,284,2022,https://api.odcloud.kr/api/15072696/v1/uddi:0131eccc-8fe1-4dd1-b83d-bc8824f6e939,대전,기초
여자,대전광역시,기초수급,3등급,796,2022,https://api.odcloud.kr/api/15072696/v1/uddi:0131eccc-8fe1-4dd1-b83d-bc8824f6e939,대전,기초
여자,대전광역시,기초수급,4등급,1456,2022,https://api.odcloud.kr/api/15072696/v1/uddi:0131eccc-8fe1-4dd1-b83d-bc8824f6e939,대전,기초
여자,대전광역시,기초수급,5등급,386,2022,https://api.odcloud.kr/api/15072696/v1/uddi:0131eccc-8fe1-4dd1-b83d-bc8824f6e939,대전,기초
여자,대전광역시,기초수급,인지지원등급,38,2022,https://api.odcloud.kr/api/15072696/v1/uddi:0131eccc-8fe1-4dd1-b83d-bc8824f6e939,대전,기초
여자,대전광역시,기초수급,등급외,673,2022,https://api.odcloud.kr/api/15072696/v1/uddi:0131eccc-8fe1-4dd1-b83d-bc8824f6e939,대전,기초
남자,울산광역시,일반,1등급,137,2022,https://api.odcloud.kr/api/15072696/v1/uddi:0131eccc-8fe1-4dd1-b83d-bc8824f6e939,울산,일반
남자,울산광역시,일반,2등급,218,2022,https://api.odcloud.kr/api/15072696/v1/uddi:0131eccc-8fe1-4dd1-b83d-bc8824f6e939,울산,일반
남자,울산광역시,일반,3등급,778,2022,https://api.odcloud.kr/api/15072696/v1/uddi:0131eccc-8fe1-4dd1-b83d-bc8824f6e939,울산,일반
남자,울산광역시,일반,4등급,981,2022,https://api.odcloud.kr/api/15072696/v1/uddi:0131eccc-8fe1-4dd1-b83d-bc8824f6e939,울산,일반
남자,울산광역시,일반,5등급,166,2022,https://api.odcloud.kr/api/15072696/v1/uddi:0131eccc-8fe1-4dd1-b83d-bc8824f6e939,울산,일반
남자,울산광역시,일반,인지지원등급,40,2022,https://api.odcloud.kr/api/15072696/v1/uddi:0131eccc-8fe1-4dd1-b83d-bc8824f6e939,울산,일반
남자,울산광역시,일반,등급외,417,2022,https://api.odcloud.kr/api/15072696/v1/uddi:0131eccc-8fe1-4dd1-b83d-bc8824f6e939,울산,일반
남자,울산광역시,감경,1등급,84,2022,https://api.odcloud.kr/api/15072696/v1/uddi:0131eccc-8fe1-4dd1-b83d-bc8824f6e939,울산,감경
남자,울산광역시,감경,2등급,133,2022,https://api.odcloud.kr/api/15072696/v1/uddi:0131eccc-8fe1-4dd1-b83d-bc8824f6e939,울산,감경
남자,울산광역시,감경,3등급,450,2022,https://api.odcloud.kr/api/15072696/v1/uddi:0131eccc-8fe1-4dd1-b83d-bc8824f6e939,울산,감경
남자,울산광역시,감경,4등급,535,2022,https://api.odcloud.kr/api/15072696/v1/uddi:0131eccc-8fe1-4dd1-b83d-bc8824f6e939,울산,감경
남자,울산광역시,감경,5등급,99,2022,https://api.odcloud.kr/api/15072696/v1/uddi:0131eccc-8fe1-4dd1-b83d-bc8824f6e939,울산,감경
남자,울산광역시,감경,인지지원등급,23,2022,https://api.odcloud.kr/api/15072696/v1/uddi:0131eccc-8fe1-4dd1-b83d-bc8824f6e939,울산,감경
남자,울산광역시,감경,등급외,9,2022,https://api.odcloud.kr/api/15072696/v1/uddi:0131eccc-8fe1-4dd1-b83d-bc8824f6e939,울산,감경
남자,울산광역시,의료급여,1등급,1,2022,https://api.odcloud.kr/api/15072696/v1/uddi:0131eccc-8fe1-4dd1-b83d-bc8824f6e939,울산,의료급여
남자,울산광역시,의료급여,2등급,3,2022,https://api.odcloud.kr/api/15072696/v1/uddi:0131eccc-8fe1-4dd1-b83d-bc8824f6e939,울산,의료급여
남자,울산광역시,의료급여,3등급,11,2022,https://api.odcloud.kr/api/15072696/v1/uddi:0131eccc-8fe1-4dd1-b83d-bc8824f6e939,울산,의료급여
남자,울산광역시,의료급여,4등급,14,2022,https://api.odcloud.kr/api/15072696/v1/uddi:0131eccc-8fe1-4dd1-b83d-bc8824f6e939,울산,의료급여
남자,울산광역시,의료급여,5등급,4,2022,https://api.odcloud.kr/api/15072696/v1/uddi:0131eccc-8fe1-4dd1-b83d-bc8824f6e939,울산,의료급여
남자,울산광역시,의료급여,인지지원등급,0,2022,https://api.odcloud.kr/api/15072696/v1/uddi:0131eccc-8fe1-4dd1-b83d-bc8824f6e939,울산,의료급여
남자,울산광역시,의료급여,등급외,6,2022,https://api.odcloud.kr/api/15072696/v1/uddi:0131eccc-8fe1-4dd1-b83d-bc8824f6e939,울산,의료급여
남자,울산광역시,기초수급,1등급,37,2022,https://api.odcloud.kr/api/15072696/v1/uddi:0131eccc-8fe1-4dd1-b83d-bc8824f6e939,울산,기초
남자,울산광역시,기초수급,2등급,59,2022,https://api.odcloud.kr/api/15072696/v1/uddi:0131eccc-8fe1-4dd1-b83d-bc8824f6e939,울산,기초
남자,울산광역시,기초수급,3등급,197,2022,https://api.odcloud.kr/api/15072696/v1/uddi:0131eccc-8fe1-4dd1-b83d-bc8824f6e939,울산,기초
남자,울산광역시,기초수급,4등급,440,2022,https://api.odcloud.kr/api/15072696/v1/uddi:0131eccc-8fe1-4dd1-b83d-bc8824f6e939,울산,기초
남자,울산광역시,기초수급,5등급,74,2022,https://api.odcloud.kr/api/15072696/v1/uddi:0131eccc-8fe1-4dd1-b83d-bc8824f6e939,울산,기초
남자,울산광역시,기초수급,인지지원등급,21,2022,https://api.odcloud.kr/api/15072696/v1/uddi:0131eccc-8fe1-4dd1-b83d-bc8824f6e939,울산,기초
남자,울산광역시,기초수급,등급외,216,2022,https://api.odcloud.kr/api/15072696/v1/uddi:0131eccc-8fe1-4dd1-b83d-bc8824f6e939,울산,기초
여자,울산광역시,일반,1등급,348,2022,https://api.odcloud.kr/api/15072696/v1/uddi:0131eccc-8fe1-4dd1-b83d-bc8824f6e939,울산,일반
여자,울산광역시,일반,2등급,573,2022,https://api.odcloud.kr/api/15072696/v1/uddi:0131eccc-8fe1-4dd1-b83d-bc8824f6e939,울산,일반
여자,울산광역시,일반,3등급,1820,2022,https://api.odcloud.kr/api/15072696/v1/uddi:0131eccc-8fe1-4dd1-b83d-bc8824f6e939,울산,일반
여자,울산광역시,일반,4등급,2511,2022,https://api.odcloud.kr/api/15072696/v1/uddi:0131eccc-8fe1-4dd1-b83d-bc8824f6e939,울산,일반
여자,울산광역시,일반,5등급,500,2022,https://api.odcloud.kr/api/15072696/v1/uddi:0131eccc-8fe1-4dd1-b83d-bc8824f6e939,울산,일반
여자,울산광역시,일반,인지지원등급,120,2022,https://api.odcloud.kr/api/15072696/v1/uddi:0131eccc-8fe1-4dd1-b83d-bc8824f6e939,울산,일반
여자,울산광역시,일반,등급외,885,2022,https://api.odcloud.kr/api/15072696/v1/uddi:0131eccc-8fe1-4dd1-b83d-bc8824f6e939,울산,일반
여자,울산광역시,감경,1등급,184,2022,https://api.odcloud.kr/api/15072696/v1/uddi:0131eccc-8fe1-4dd1-b83d-bc8824f6e939,울산,감경
여자,울산광역시,감경,2등급,383,2022,https://api.odcloud.kr/api/15072696/v1/uddi:0131eccc-8fe1-4dd1-b83d-bc8824f6e939,울산,감경
여자,울산광역시,감경,3등급,1055,2022,https://api.odcloud.kr/api/15072696/v1/uddi:0131eccc-8fe1-4dd1-b83d-bc8824f6e939,울산,감경
여자,울산광역시,감경,4등급,1388,2022,https://api.odcloud.kr/api/15072696/v1/uddi:0131eccc-8fe1-4dd1-b83d-bc8824f6e939,울산,감경
여자,울산광역시,감경,5등급,287,2022,https://api.odcloud.kr/api/15072696/v1/uddi:0131eccc-8fe1-4dd1-b83d-bc8824f6e939,울산,감경
여자,울산광역시,감경,인지지원등급,60,2022,https://api.odcloud.kr/api/15072696/v1/uddi:0131eccc-8fe1-4dd1-b83d-bc8824f6e939,울산,감경
여자,울산광역시,감경,등급외,19,2022,https://api.odcloud.kr/api/15072696/v1/uddi:0131eccc-8fe1-4dd1-b83d-bc8824f6e939,울산,감경
여자,울산광역시,의료급여,1등급,12,2022,https://api.odcloud.kr/api/15072696/v1/uddi:0131eccc-8fe1-4dd1-b83d-bc8824f6e939,울산,의료급여
여자,울산광역시,의료급여,2등급,12,2022,https://api.odcloud.kr/api/15072696/v1/uddi:0131eccc-8fe1-4dd1-b83d-bc8824f6e939,울산,의료급여
여자,울산광역시,의료급여,3등급,43,2022,https://api.odcloud.kr/api/15072696/v1/uddi:0131eccc-8fe1-4dd1-b83d-bc8824f6e939,울산,의료급여
여자,울산광역시,의료급여,4등급,50,2022,https://api.odcloud.kr/api/15072696/v1/uddi:0131eccc-8fe1-4dd1-b83d-bc8824f6e939,울산,의료급여
여자,울산광역시,의료급여,5등급,13,2022,https://api.odcloud.kr/api/15072696/v1/uddi:0131eccc-8fe1-4dd1-b83d-bc8824f6e939,울산,의료급여
여자,울산광역시,의료급여,인지지원등급,1,2022,https://api.odcloud.kr/api/15072696/v1/uddi:0131eccc-8fe1-4dd1-b83d-bc8824f6e939,울산,의료급여
여자,울산광역시,의료급여,등급외,12,2022,https://api.odcloud.kr/api/15072696/v1/uddi:0131eccc-8fe1-4dd1-b83d-bc8824f6e939,울산,의료급여
여자,울산광역시,기초수급,1등급,76,2022,https://api.odcloud.kr/api/15072696/v1/uddi:0131eccc-8fe1-4dd1-b83d-bc8824f6e939,울산,기초
여자,울산광역시,기초수급,2등급,165,2022,https://api.odcloud.kr/api/15072696/v1/uddi:0131eccc-8fe1-4dd1-b83d-bc8824f6e939,울산,기초
여자,울산광역시,기초수급,3등급,468,2022,https://api.odcloud.kr/api/15072696/v1/uddi:0131eccc-8fe1-4dd1-b83d-bc8824f6e939,울산,기초
여자,울산광역시,기초수급,4등급,796,2022,https://api.odcloud.kr/api/15072696/v1/uddi:0131eccc-8fe1-4dd1-b83d-bc8824f6e939,울산,기초
여자,울산광역시,기초수급,5등급,120,2022,https://api.odcloud.kr/api/15072696/v1/uddi:0131eccc-8fe1-4dd1-b83d-bc8824f6e939,울산,기초
여자,울산광역시,기초수급,인지지원등급,26,2022,https://api.odcloud.kr/api/15072696/v1/uddi:0131eccc-8fe1-4dd1-b83d-bc8824f6e939,울산,기초
여자,울산광역시,기초수급,등급외,286,2022,https://api.odcloud.kr/api/15072696/v1/uddi:0131eccc-8fe1-4dd1-b83d-bc8824f6e939,울산,기초
남자,세종특별자치시,일반,1등급,46,2022,https://api.odcloud.kr/api/15072696/v1/uddi:0131eccc-8fe1-4dd1-b83d-bc8824f6e939,세종,일반
남자,세종특별자치시,일반,2등급,72,2022,https://api.odcloud.kr/api/15072696/v1/uddi:0131eccc-8fe1-4dd1-b83d-bc8824f6e939,세종,일반
남자,세종특별자치시,일반,3등급,191,2022,https://api.odcloud.kr/api/15072696/v1/uddi:0131eccc-8fe1-4dd1-b83d-bc8824f6e939,세종,일반
남자,세종특별자치시,일반,4등급,347,2022,https://api.odcloud.kr/api/15072696/v1/uddi:0131eccc-8fe1-4dd1-b83d-bc8824f6e939,세종,일반
남자,세종특별자치시,일반,5등급,118,2022,https://api.odcloud.kr/api/15072696/v1/uddi:0131eccc-8fe1-4dd1-b83d-bc8824f6e939,세종,일반
남자,세종특별자치시,일반,인지지원등급,21,2022,https://api.odcloud.kr/api/15072696/v1/uddi:0131eccc-8fe1-4dd1-b83d-bc8824f6e939,세종,일반
남자,세종특별자치시,일반,등급외,128,2022,https://api.odcloud.kr/api/15072696/v1/uddi:0131eccc-8fe1-4dd1-b83d-bc8824f6e939,세종,일반
남자,세종특별자치시,감경,1등급,17,2022,https://api.odcloud.kr/api/15072696/v1/uddi:0131eccc-8fe1-4dd1-b83d-bc8824f6e939,세종,감경
남자,세종특별자치시,감경,2등급,32,2022,https://api.odcloud.kr/api/15072696/v1/uddi:0131eccc-8fe1-4dd1-b83d-bc8824f6e939,세종,감경
남자,세종특별자치시,감경,3등급,89,2022,https://api.odcloud.kr/api/15072696/v1/uddi:0131eccc-8fe1-4dd1-b83d-bc8824f6e939,세종,감경
남자,세종특별자치시,감경,4등급,147,2022,https://api.odcloud.kr/api/15072696/v1/uddi:0131eccc-8fe1-4dd1-b83d-bc8824f6e939,세종,감경
남자,세종특별자치시,감경,5등급,47,2022,https://api.odcloud.kr/api/15072696/v1/uddi:0131eccc-8fe1-4dd1-b83d-bc8824f6e939,세종,감경
남자,세종특별자치시,감경,인지지원등급,4,2022,https://api.odcloud.kr/api/15072696/v1/uddi:0131eccc-8fe1-4dd1-b83d-bc8824f6e939,세종,감경
남자,세종특별자치시,감경,등급외,6,2022,https://api.odcloud.kr/api/15072696/v1/uddi:0131eccc-8fe1-4dd1-b83d-bc8824f6e939,세종,감경
남자,세종특별자치시,의료급여,1등급,1,2022,https://api.odcloud.kr/api/15072696/v1/uddi:0131eccc-8fe1-4dd1-b83d-bc8824f6e939,세종,의료급여
남자,세종특별자치시,의료급여,2등급,1,2022,https://api.odcloud.kr/api/15072696/v1/uddi:0131eccc-8fe1-4dd1-b83d-bc8824f6e939,세종,의료급여
남자,세종특별자치시,의료급여,3등급,1,2022,https://api.odcloud.kr/api/15072696/v1/uddi:0131eccc-8fe1-4dd1-b83d-bc8824f6e939,세종,의료급여
남자,세종특별자치시,의료급여,4등급,3,2022,https://api.odcloud.kr/api/15072696/v1/uddi:0131eccc-8fe1-4dd1-b83d-bc8824f6e939,세종,의료급여
남자,세종특별자치시,의료급여,5등급,1,2022,https://api.odcloud.kr/api/15072696/v1/uddi:0131eccc-8fe1-4dd1-b83d-bc8824f6e939,세종,의료급여
남자,세종특별자치시,의료급여,인지지원등급,0,2022,https://api.odcloud.kr/api/15072696/v1/uddi:0131eccc-8fe1-4dd1-b83d-bc8824f6e939,세종,의료급여
남자,세종특별자치시,의료급여,등급외,2,2022,https://api.odcloud.kr/api/15072696/v1/uddi:0131eccc-8fe1-4dd1-b83d-bc8824f6e939,세종,의료급여
남자,세종특별자치시,기초수급,1등급,8,2022,https://api.odcloud.kr/api/15072696/v1/uddi:0131eccc-8fe1-4dd1-b83d-bc8824f6e939,세종,기초
남자,세종특별자치시,기초수급,2등급,8,2022,https://api.odcloud.kr/api/15072696/v1/uddi:0131eccc-8fe1-4dd1-b83d-bc8824f6e939,세종,기초
남자,세종특별자치시,기초수급,3등급,36,2022,https://api.odcloud.kr/api/15072696/v1/uddi:0131eccc-8fe1-4dd1-b83d-bc8824f6e939,세종,기초
남자,세종특별자치시,기초수급,4등급,51,2022,https://api.odcloud.kr/api/15072696/v1/uddi:0131eccc-8fe1-4dd1-b83d-bc8824f6e939,세종,기초
남자,세종특별자치시,기초수급,5등급,11,2022,https://api.odcloud.kr/api/15072696/v1/uddi:0131eccc-8fe1-4dd1-b83d-bc8824f6e939,세종,기초
남자,세종특별자치시,기초수급,인지지원등급,3,2022,https://api.odcloud.kr/api/15072696/v1/uddi:0131eccc-8fe1-4dd1-b83d-bc8824f6e939,세종,기초
남자,세종특별자치시,기초수급,등급외,29,2022,https://api.odcloud.kr/api/15072696/v1/uddi:0131eccc-8fe1-4dd1-b83d-bc8824f6e939,세종,기초
여자,세종특별자치시,일반,1등급,103,2022,https://api.odcloud.kr/api/15072696/v1/uddi:0131eccc-8fe1-4dd1-b83d-bc8824f6e939,세종,일반
여자,세종특별자치시,일반,2등급,219,2022,https://api.odcloud.kr/api/15072696/v1/uddi:0131eccc-8fe1-4dd1-b83d-bc8824f6e939,세종,일반
여자,세종특별자치시,일반,3등급,506,2022,https://api.odcloud.kr/api/15072696/v1/uddi:0131eccc-8fe1-4dd1-b83d-bc8824f6e939,세종,일반
여자,세종특별자치시,일반,4등급,793,2022,https://api.odcloud.kr/api/15072696/v1/uddi:0131eccc-8fe1-4dd1-b83d-bc8824f6e939,세종,일반
여자,세종특별자치시,일반,5등급,248,2022,https://api.odcloud.kr/api/15072696/v1/uddi:0131eccc-8fe1-4dd1-b83d-bc8824f6e939,세종,일반
여자,세종특별자치시,일반,인지지원등급,41,2022,https://api.odcloud.kr/api/15072696/v1/uddi:0131eccc-8fe1-4dd1-b83d-bc8824f6e939,세종,일반
여자,세종특별자치시,일반,등급외,231,2022,https://api.odcloud.kr/api/15072696/v1/uddi:0131eccc-8fe1-4dd1-b83d-bc8824f6e939,세종,일반
여자,세종특별자치시,감경,1등급,64,2022,https://api.odcloud.kr/api/15072696/v1/uddi:0131eccc-8fe1-4dd1-b83d-bc8824f6e939,세종,감경
여자,세종특별자치시,감경,2등급,112,2022,https://api.odcloud.kr/api/15072696/v1/uddi:0131eccc-8fe1-4dd1-b83d-bc8824f6e939,세종,감경
여자,세종특별자치시,감경,3등급,295,2022,https://api.odcloud.kr/api/15072696/v1/uddi:0131eccc-8fe1-4dd1-b83d-bc8824f6e939,세종,감경
여자,세종특별자치시,감경,4등급,436,2022,https://api.odcloud.kr/api/15072696/v1/uddi:0131eccc-8fe1-4dd1-b83d-bc8824f6e939,세종,감경
여자,세종특별자치시,감경,5등급,109,2022,https://api.odcloud.kr/api/15072696/v1/uddi:0131eccc-8fe1-4dd1-b83d-bc8824f6e939,세종,감경
여자,세종특별자치시,감경,인지지원등급,18,2022,https://api.odcloud.kr/api/15072696/v1/uddi:0131eccc-8fe1-4dd1-b83d-bc8824f6e939,세종,감경
여자,세종특별자치시,감경,등급외,11,2022,https://api.odcloud.kr/api/15072696/v1/uddi:0131eccc-8fe1-4dd1-b83d-bc8824f6e939,세종,감경
여자,세종특별자치시,의료급여,1등급,2,2022,https://api.odcloud.kr/api/15072696/v1/uddi:0131eccc-8fe1-4dd1-b83d-bc8824f6e939,세종,의료급여
여자,세종특별자치시,의료급여,2등급,3,2022,https://api.odcloud.kr/api/15072696/v1/uddi:0131eccc-8fe1-4dd1-b83d-bc8824f6e939,세종,의료급여
여자,세종특별자치시,의료급여,3등급,11,2022,https://api.odcloud.kr/api/15072696/v1/uddi:0131eccc-8fe1-4dd1-b83d-bc8824f6e939,세종,의료급여
여자,세종특별자치시,의료급여,4등급,13,2022,https://api.odcloud.kr/api/15072696/v1/uddi:0131eccc-8fe1-4dd1-b83d-bc8824f6e939,세종,의료급여
여자,세종특별자치시,의료급여,5등급,3,2022,https://api.odcloud.kr/api/15072696/v1/uddi:0131eccc-8fe1-4dd1-b83d-bc8824f6e939,세종,의료급여
여자,세종특별자치시,의료급여,인지지원등급,1,2022,https://api.odcloud.kr/api/15072696/v1/uddi:0131eccc-8fe1-4dd1-b83d-bc8824f6e939,세종,의료급여
여자,세종특별자치시,의료급여,등급외,4,2022,https://api.odcloud.kr/api/15072696/v1/uddi:0131eccc-8fe1-4dd1-b83d-bc8824f6e939,세종,의료급여
여자,세종특별자치시,기초수급,1등급,19,2022,https://api.odcloud.kr/api/15072696/v1/uddi:0131eccc-8fe1-4dd1-b83d-bc8824f6e939,세종,기초
여자,세종특별자치시,기초수급,2등급,24,2022,https://api.odcloud.kr/api/15072696/v1/uddi:0131eccc-8fe1-4dd1-b83d-bc8824f6e939,세종,기초
여자,세종특별자치시,기초수급,3등급,84,2022,https://api.odcloud.kr/api/15072696/v1/uddi:0131eccc-8fe1-4dd1-b83d-bc8824f6e939,세종,기초
여자,세종특별자치시,기초수급,4등급,146,2022,https://api.odcloud.kr/api/15072696/v1/uddi:0131eccc-8fe1-4dd1-b83d-bc8824f6e939,세종,기초
여자,세종특별자치시,기초수급,5등급,28,2022,https://api.odcloud.kr/api/15072696/v1/uddi:0131eccc-8fe1-4dd1-b83d-bc8824f6e939,세종,기초
여자,세종특별자치시,기초수급,인지지원등급,4,2022,https://api.odcloud.kr/api/15072696/v1/uddi:0131eccc-8fe1-4dd1-b83d-bc8824f6e939,세종,기초
여자,세종특별자치시,기초수급,등급외,51,2022,https://api.odcloud.kr/api/15072696/v1/uddi:0131eccc-8fe1-4dd1-b83d-bc8824f6e939,세종,기초
남자,경기도,일반,1등급,1647,2022,https://api.odcloud.kr/api/15072696/v1/uddi:0131eccc-8fe1-4dd1-b83d-bc8824f6e939,경기,일반
남자,경기도,일반,2등급,2687,2022,https://api.odcloud.kr/api/15072696/v1/uddi:0131eccc-8fe1-4dd1-b83d-bc8824f6e939,경기,일반
남자,경기도,일반,3등급,9301,2022,https://api.odcloud.kr/api/15072696/v1/uddi:0131eccc-8fe1-4dd1-b83d-bc8824f6e939,경기,일반
남자,경기도,일반,4등급,13095,2022,https://api.odcloud.kr/api/15072696/v1/uddi:0131eccc-8fe1-4dd1-b83d-bc8824f6e939,경기,일반
남자,경기도,일반,5등급,3507,2022,https://api.odcloud.kr/api/15072696/v1/uddi:0131eccc-8fe1-4dd1-b83d-bc8824f6e939,경기,일반
남자,경기도,일반,인지지원등급,909,2022,https://api.odcloud.kr/api/15072696/v1/uddi:0131eccc-8fe1-4dd1-b83d-bc8824f6e939,경기,일반
남자,경기도,일반,등급외,5748,2022,https://api.odcloud.kr/api/15072696/v1/uddi:0131eccc-8fe1-4dd1-b83d-bc8824f6e939,경기,일반
남자,경기도,감경,1등급,934,2022,https://api.odcloud.kr/api/15072696/v1/uddi:0131eccc-8fe1-4dd1-b83d-bc8824f6e939,경기,감경
남자,경기도,감경,2등급,1655,2022,https://api.odcloud.kr/api/15072696/v1/uddi:0131eccc-8fe1-4dd1-b83d-bc8824f6e939,경기,감경
남자,경기도,감경,3등급,6168,2022,https://api.odcloud.kr/api/15072696/v1/uddi:0131eccc-8fe1-4dd1-b83d-bc8824f6e939,경기,감경
남자,경기도,감경,4등급,8725,2022,https://api.odcloud.kr/api/15072696/v1/uddi:0131eccc-8fe1-4dd1-b83d-bc8824f6e939,경기,감경
남자,경기도,감경,5등급,2265,2022,https://api.odcloud.kr/api/15072696/v1/uddi:0131eccc-8fe1-4dd1-b83d-bc8824f6e939,경기,감경
남자,경기도,감경,인지지원등급,546,2022,https://api.odcloud.kr/api/15072696/v1/uddi:0131eccc-8fe1-4dd1-b83d-bc8824f6e939,경기,감경
남자,경기도,감경,등급외,261,2022,https://api.odcloud.kr/api/15072696/v1/uddi:0131eccc-8fe1-4dd1-b83d-bc8824f6e939,경기,감경
남자,경기도,의료급여,1등급,16,2022,https://api.odcloud.kr/api/15072696/v1/uddi:0131eccc-8fe1-4dd1-b83d-bc8824f6e939,경기,의료급여
남자,경기도,의료급여,2등급,43,2022,https://api.odcloud.kr/api/15072696/v1/uddi:0131eccc-8fe1-4dd1-b83d-bc8824f6e939,경기,의료급여
남자,경기도,의료급여,3등급,157,2022,https://api.odcloud.kr/api/15072696/v1/uddi:0131eccc-8fe1-4dd1-b83d-bc8824f6e939,경기,의료급여
남자,경기도,의료급여,4등급,203,2022,https://api.odcloud.kr/api/15072696/v1/uddi:0131eccc-8fe1-4dd1-b83d-bc8824f6e939,경기,의료급여
남자,경기도,의료급여,5등급,47,2022,https://api.odcloud.kr/api/15072696/v1/uddi:0131eccc-8fe1-4dd1-b83d-bc8824f6e939,경기,의료급여
남자,경기도,의료급여,인지지원등급,14,2022,https://api.odcloud.kr/api/15072696/v1/uddi:0131eccc-8fe1-4dd1-b83d-bc8824f6e939,경기,의료급여
남자,경기도,의료급여,등급외,66,2022,https://api.odcloud.kr/api/15072696/v1/uddi:0131eccc-8fe1-4dd1-b83d-bc8824f6e939,경기,의료급여
남자,경기도,기초수급,1등급,558,2022,https://api.odcloud.kr/api/15072696/v1/uddi:0131eccc-8fe1-4dd1-b83d-bc8824f6e939,경기,기초
남자,경기도,기초수급,2등급,917,2022,https://api.odcloud.kr/api/15072696/v1/uddi:0131eccc-8fe1-4dd1-b83d-bc8824f6e939,경기,기초
남자,경기도,기초수급,3등급,2766,2022,https://api.odcloud.kr/api/15072696/v1/uddi:0131eccc-8fe1-4dd1-b83d-bc8824f6e939,경기,기초
남자,경기도,기초수급,4등급,4798,2022,https://api.odcloud.kr/api/15072696/v1/uddi:0131eccc-8fe1-4dd1-b83d-bc8824f6e939,경기,기초
남자,경기도,기초수급,5등급,1171,2022,https://api.odcloud.kr/api/15072696/v1/uddi:0131eccc-8fe1-4dd1-b83d-bc8824f6e939,경기,기초
남자,경기도,기초수급,인지지원등급,302,2022,https://api.odcloud.kr/api/15072696/v1/uddi:0131eccc-8fe1-4dd1-b83d-bc8824f6e939,경기,기초
남자,경기도,기초수급,등급외,2321,2022,https://api.odcloud.kr/api/15072696/v1/uddi:0131eccc-8fe1-4dd1-b83d-bc8824f6e939,경기,기초
여자,경기도,일반,1등급,4198,2022,https://api.odcloud.kr/api/15072696/v1/uddi:0131eccc-8fe1-4dd1-b83d-bc8824f6e939,경기,일반
여자,경기도,일반,2등급,7140,2022,https://api.odcloud.kr/api/15072696/v1/uddi:0131eccc-8fe1-4dd1-b83d-bc8824f6e939,경기,일반
여자,경기도,일반,3등급,21359,2022,https://api.odcloud.kr/api/15072696/v1/uddi:0131eccc-8fe1-4dd1-b83d-bc8824f6e939,경기,일반
여자,경기도,일반,4등급,30169,2022,https://api.odcloud.kr/api/15072696/v1/uddi:0131eccc-8fe1-4dd1-b83d-bc8824f6e939,경기,일반
여자,경기도,일반,5등급,7912,2022,https://api.odcloud.kr/api/15072696/v1/uddi:0131eccc-8fe1-4dd1-b83d-bc8824f6e939,경기,일반
여자,경기도,일반,인지지원등급,2026,2022,https://api.odcloud.kr/api/15072696/v1/uddi:0131eccc-8fe1-4dd1-b83d-bc8824f6e939,경기,일반
여자,경기도,일반,등급외,11841,2022,https://api.odcloud.kr/api/15072696/v1/uddi:0131eccc-8fe1-4dd1-b83d-bc8824f6e939,경기,일반
여자,경기도,감경,1등급,3115,2022,https://api.odcloud.kr/api/15072696/v1/uddi:0131eccc-8fe1-4dd1-b83d-bc8824f6e939,경기,감경
여자,경기도,감경,2등급,5793,2022,https://api.odcloud.kr/api/15072696/v1/uddi:0131eccc-8fe1-4dd1-b83d-bc8824f6e939,경기,감경
여자,경기도,감경,3등급,16808,2022,https://api.odcloud.kr/api/15072696/v1/uddi:0131eccc-8fe1-4dd1-b83d-bc8824f6e939,경기,감경
여자,경기도,감경,4등급,21963,2022,https://api.odcloud.kr/api/15072696/v1/uddi:0131eccc-8fe1-4dd1-b83d-bc8824f6e939,경기,감경
여자,경기도,감경,5등급,5544,2022,https://api.odcloud.kr/api/15072696/v1/uddi:0131eccc-8fe1-4dd1-b83d-bc8824f6e939,경기,감경
여자,경기도,감경,인지지원등급,1220,2022,https://api.odcloud.kr/api/15072696/v1/uddi:0131eccc-8fe1-4dd1-b83d-bc8824f6e939,경기,감경
여자,경기도,감경,등급외,549,2022,https://api.odcloud.kr/api/15072696/v1/uddi:0131eccc-8fe1-4dd1-b83d-bc8824f6e939,경기,감경
여자,경기도,의료급여,1등급,89,2022,https://api.odcloud.kr/api/15072696/v1/uddi:0131eccc-8fe1-4dd1-b83d-bc8824f6e939,경기,의료급여
여자,경기도,의료급여,2등급,158,2022,https://api.odcloud.kr/api/15072696/v1/uddi:0131eccc-8fe1-4dd1-b83d-bc8824f6e939,경기,의료급여
여자,경기도,의료급여,3등급,484,2022,https://api.odcloud.kr/api/15072696/v1/uddi:0131eccc-8fe1-4dd1-b83d-bc8824f6e939,경기,의료급여
여자,경기도,의료급여,4등급,653,2022,https://api.odcloud.kr/api/15072696/v1/uddi:0131eccc-8fe1-4dd1-b83d-bc8824f6e939,경기,의료급여
여자,경기도,의료급여,5등급,144,2022,https://api.odcloud.kr/api/15072696/v1/uddi:0131eccc-8fe1-4dd1-b83d-bc8824f6e939,경기,의료급여
여자,경기도,의료급여,인지지원등급,27,2022,https://api.odcloud.kr/api/15072696/v1/uddi:0131eccc-8fe1-4dd1-b83d-bc8824f6e939,경기,의료급여
여자,경기도,의료급여,등급외,154,2022,https://api.odcloud.kr/api/15072696/v1/uddi:0131eccc-8fe1-4dd1-b83d-bc8824f6e939,경기,의료급여
여자,경기도,기초수급,1등급,1421,2022,https://api.odcloud.kr/api/15072696/v1/uddi:0131eccc-8fe1-4dd1-b83d-bc8824f6e939,경기,기초
여자,경기도,기초수급,2등급,2331,2022,https://api.odcloud.kr/api/15072696/v1/uddi:0131eccc-8fe1-4dd1-b83d-bc8824f6e939,경기,기초
여자,경기도,기초수급,3등급,6526,2022,https://api.odcloud.kr/api/15072696/v1/uddi:0131eccc-8fe1-4dd1-b83d-bc8824f6e939,경기,기초
여자,경기도,기초수급,4등급,9787,2022,https://api.odcloud.kr/api/15072696/v1/uddi:0131eccc-8fe1-4dd1-b83d-bc8824f6e939,경기,기초
여자,경기도,기초수급,5등급,2341,2022,https://api.odcloud.kr/api/15072696/v1/uddi:0131eccc-8fe1-4dd1-b83d-bc8824f6e939,경기,기초
여자,경기도,기초수급,인지지원등급,405,2022,https://api.odcloud.kr/api/15072696/v1/uddi:0131eccc-8fe1-4dd1-b83d-bc8824f6e939,경기,기초
여자,경기도,기초수급,등급외,3257,2022,https://api.odcloud.kr/api/15072696/v1/uddi:0131eccc-8fe1-4dd1-b83d-bc8824f6e939,경기,기초
남자,강원특별자치도,일반,1등급,269,2022,https://api.odcloud.kr/api/15072696/v1/uddi:0131eccc-8fe1-4dd1-b83d-bc8824f6e939,강원,일반
남자,강원특별자치도,일반,2등급,535,2022,https://api.odcloud.kr/api/15072696/v1/uddi:0131eccc-8fe1-4dd1-b83d-bc8824f6e939,강원,일반
남자,강원특별자치도,일반,3등급,1516,2022,https://api.odcloud.kr/api/15072696/v1/uddi:0131eccc-8fe1-4dd1-b83d-bc8824f6e939,강원,일반
남자,강원특별자치도,일반,4등급,1807,2022,https://api.odcloud.kr/api/15072696/v1/uddi:0131eccc-8fe1-4dd1-b83d-bc8824f6e939,강원,일반
남자,강원특별자치도,일반,5등급,352,2022,https://api.odcloud.kr/api/15072696/v1/uddi:0131eccc-8fe1-4dd1-b83d-bc8824f6e939,강원,일반
남자,강원특별자치도,일반,인지지원등급,85,2022,https://api.odcloud.kr/api/15072696/v1/uddi:0131eccc-8fe1-4dd1-b83d-bc8824f6e939,강원,일반
남자,강원특별자치도,일반,등급외,1066,2022,https://api.odcloud.kr/api/15072696/v1/uddi:0131eccc-8fe1-4dd1-b83d-bc8824f6e939,강원,일반
남자,강원특별자치도,감경,1등급,248,2022,https://api.odcloud.kr/api/15072696/v1/uddi:0131eccc-8fe1-4dd1-b83d-bc8824f6e939,강원,감경
남자,강원특별자치도,감경,2등급,522,2022,https://api.odcloud.kr/api/15072696/v1/uddi:0131eccc-8fe1-4dd1-b83d-bc8824f6e939,강원,감경
남자,강원특별자치도,감경,3등급,1437,2022,https://api.odcloud.kr/api/15072696/v1/uddi:0131eccc-8fe1-4dd1-b83d-bc8824f6e939,강원,감경
남자,강원특별자치도,감경,4등급,1547,2022,https://api.odcloud.kr/api/15072696/v1/uddi:0131eccc-8fe1-4dd1-b83d-bc8824f6e939,강원,감경
남자,강원특별자치도,감경,5등급,260,2022,https://api.odcloud.kr/api/15072696/v1/uddi:0131eccc-8fe1-4dd1-b83d-bc8824f6e939,강원,감경
남자,강원특별자치도,감경,인지지원등급,88,2022,https://api.odcloud.kr/api/15072696/v1/uddi:0131eccc-8fe1-4dd1-b83d-bc8824f6e939,강원,감경
남자,강원특별자치도,감경,등급외,55,2022,https://api.odcloud.kr/api/15072696/v1/uddi:0131eccc-8fe1-4dd1-b83d-bc8824f6e939,강원,감경
남자,강원특별자치도,의료급여,1등급,10,2022,https://api.odcloud.kr/api/15072696/v1/uddi:0131eccc-8fe1-4dd1-b83d-bc8824f6e939,강원,의료급여
남자,강원특별자치도,의료급여,2등급,12,2022,https://api.odcloud.kr/api/15072696/v1/uddi:0131eccc-8fe1-4dd1-b83d-bc8824f6e939,강원,의료급여
남자,강원특별자치도,의료급여,3등급,37,2022,https://api.odcloud.kr/api/15072696/v1/uddi:0131eccc-8fe1-4dd1-b83d-bc8824f6e939,강원,의료급여
남자,강원특별자치도,의료급여,4등급,37,2022,https://api.odcloud.kr/api/15072696/v1/uddi:0131eccc-8fe1-4dd1-b83d-bc8824f6e939,강원,의료급여
남자,강원특별자치도,의료급여,5등급,16,2022,https://api.odcloud.kr/api/15072696/v1/uddi:0131eccc-8fe1-4dd1-b83d-bc8824f6e939,강원,의료급여
남자,강원특별자치도,의료급여,인지지원등급,1,2022,https://api.odcloud.kr/api/15072696/v1/uddi:0131eccc-8fe1-4dd1-b83d-bc8824f6e939,강원,의료급여
남자,강원특별자치도,의료급여,등급외,19,2022,https://api.odcloud.kr/api/15072696/v1/uddi:0131eccc-8fe1-4dd1-b83d-bc8824f6e939,강원,의료급여
남자,강원특별자치도,기초수급,1등급,143,2022,https://api.odcloud.kr/api/15072696/v1/uddi:0131eccc-8fe1-4dd1-b83d-bc8824f6e939,강원,기초
남자,강원특별자치도,기초수급,2등급,252,2022,https://api.odcloud.kr/api/15072696/v1/uddi:0131eccc-8fe1-4dd1-b83d-bc8824f6e939,강원,기초
남자,강원특별자치도,기초수급,3등급,716,2022,https://api.odcloud.kr/api/15072696/v1/uddi:0131eccc-8fe1-4dd1-b83d-bc8824f6e939,강원,기초
남자,강원특별자치도,기초수급,4등급,891,2022,https://api.odcloud.kr/api/15072696/v1/uddi:0131eccc-8fe1-4dd1-b83d-bc8824f6e939,강원,기초
남자,강원특별자치도,기초수급,5등급,144,2022,https://api.odcloud.kr/api/15072696/v1/uddi:0131eccc-8fe1-4dd1-b83d-bc8824f6e939,강원,기초
남자,강원특별자치도,기초수급,인지지원등급,45,2022,https://api.odcloud.kr/api/15072696/v1/uddi:0131eccc-8fe1-4dd1-b83d-bc8824f6e939,강원,기초
남자,강원특별자치도,기초수급,등급외,569,2022,https://api.odcloud.kr/api/15072696/v1/uddi:0131eccc-8fe1-4dd1-b83d-bc8824f6e939,강원,기초
여자,강원특별자치도,일반,1등급,706,2022,https://api.odcloud.kr/api/15072696/v1/uddi:0131eccc-8fe1-4dd1-b83d-bc8824f6e939,강원,일반
여자,강원특별자치도,일반,2등급,1324,2022,https://api.odcloud.kr/api/15072696/v1/uddi:0131eccc-8fe1-4dd1-b83d-bc8824f6e939,강원,일반
여자,강원특별자치도,일반,3등급,3465,2022,https://api.odcloud.kr/api/15072696/v1/uddi:0131eccc-8fe1-4dd1-b83d-bc8824f6e939,강원,일반
여자,강원특별자치도,일반,4등급,4222,2022,https://api.odcloud.kr/api/15072696/v1/uddi:0131eccc-8fe1-4dd1-b83d-bc8824f6e939,강원,일반
여자,강원특별자치도,일반,5등급,885,2022,https://api.odcloud.kr/api/15072696/v1/uddi:0131eccc-8fe1-4dd1-b83d-bc8824f6e939,강원,일반
여자,강원특별자치도,일반,인지지원등급,245,2022,https://api.odcloud.kr/api/15072696/v1/uddi:0131eccc-8fe1-4dd1-b83d-bc8824f6e939,강원,일반
여자,강원특별자치도,일반,등급외,2225,2022,https://api.odcloud.kr/api/15072696/v1/uddi:0131eccc-8fe1-4dd1-b83d-bc8824f6e939,강원,일반
여자,강원특별자치도,감경,1등급,816,2022,https://api.odcloud.kr/api/15072696/v1/uddi:0131eccc-8fe1-4dd1-b83d-bc8824f6e939,강원,감경
여자,강원특별자치도,감경,2등급,1605,2022,https://api.odcloud.kr/api/15072696/v1/uddi:0131eccc-8fe1-4dd1-b83d-bc8824f6e939,강원,감경
여자,강원특별자치도,감경,3등급,4072,2022,https://api.odcloud.kr/api/15072696/v1/uddi:0131eccc-8fe1-4dd1-b83d-bc8824f6e939,강원,감경
여자,강원특별자치도,감경,4등급,4546,2022,https://api.odcloud.kr/api/15072696/v1/uddi:0131eccc-8fe1-4dd1-b83d-bc8824f6e939,강원,감경
여자,강원특별자치도,감경,5등급,813,2022,https://api.odcloud.kr/api/15072696/v1/uddi:0131eccc-8fe1-4dd1-b83d-bc8824f6e939,강원,감경
여자,강원특별자치도,감경,인지지원등급,215,2022,https://api.odcloud.kr/api/15072696/v1/uddi:0131eccc-8fe1-4dd1-b83d-bc8824f6e939,강원,감경
여자,강원특별자치도,감경,등급외,145,2022,https://api.odcloud.kr/api/15072696/v1/uddi:0131eccc-8fe1-4dd1-b83d-bc8824f6e939,강원,감경
여자,강원특별자치도,의료급여,1등급,29,2022,https://api.odcloud.kr/api/15072696/v1/uddi:0131eccc-8fe1-4dd1-b83d-bc8824f6e939,강원,의료급여
여자,강원특별자치도,의료급여,2등급,67,2022,https://api.odcloud.kr/api/15072696/v1/uddi:0131eccc-8fe1-4dd1-b83d-bc8824f6e939,강원,의료급여
여자,강원특별자치도,의료급여,3등급,161,2022,https://api.odcloud.kr/api/15072696/v1/uddi:0131eccc-8fe1-4dd1-b83d-bc8824f6e939,강원,의료급여
여자,강원특별자치도,의료급여,4등급,169,2022,https://api.odcloud.kr/api/15072696/v1/uddi:0131eccc-8fe1-4dd1-b83d-bc8824f6e939,강원,의료급여
여자,강원특별자치도,의료급여,5등급,35,2022,https://api.odcloud.kr/api/15072696/v1/uddi:0131eccc-8fe1-4dd1-b83d-bc8824f6e939,강원,의료급여
여자,강원특별자치도,의료급여,인지지원등급,5,2022,https://api.odcloud.kr/api/15072696/v1/uddi:0131eccc-8fe1-4dd1-b83d-bc8824f6e939,강원,의료급여
여자,강원특별자치도,의료급여,등급외,52,2022,https://api.odcloud.kr/api/15072696/v1/uddi:0131eccc-8fe1-4dd1-b83d-bc8824f6e939,강원,의료급여
여자,강원특별자치도,기초수급,1등급,410,2022,https://api.odcloud.kr/api/15072696/v1/uddi:0131eccc-8fe1-4dd1-b83d-bc8824f6e939,강원,기초
여자,강원특별자치도,기초수급,2등급,630,2022,https://api.odcloud.kr/api/15072696/v1/uddi:0131eccc-8fe1-4dd1-b83d-bc8824f6e939,강원,기초
여자,강원특별자치도,기초수급,3등급,1534,2022,https://api.odcloud.kr/api/15072696/v1/uddi:0131eccc-8fe1-4dd1-b83d-bc8824f6e939,강원,기초
여자,강원특별자치도,기초수급,4등급,1831,2022,https://api.odcloud.kr/api/15072696/v1/uddi:0131eccc-8fe1-4dd1-b83d-bc8824f6e939,강원,기초
여자,강원특별자치도,기초수급,5등급,289,2022,https://api.odcloud.kr/api/15072696/v1/uddi:0131eccc-8fe1-4dd1-b83d-bc8824f6e939,강원,기초
여자,강원특별자치도,기초수급,인지지원등급,86,2022,https://api.odcloud.kr/api/15072696/v1/uddi:0131eccc-8fe1-4dd1-b83d-bc8824f6e939,강원,기초
여자,강원특별자치도,기초수급,등급외,810,2022,https://api.odcloud.kr/api/15072696/v1/uddi:0131eccc-8fe1-4dd1-b83d-bc8824f6e939,강원,기초
남자,충청북도,일반,1등급,181,2022,https://api.odcloud.kr/api/15072696/v1/uddi:0131eccc-8fe1-4dd1-b83d-bc8824f6e939,충북,일반
남자,충청북도,일반,2등급,397,2022,https://api.odcloud.kr/api/15072696/v1/uddi:0131eccc-8fe1-4dd1-b83d-bc8824f6e939,충북,일반
남자,충청북도,일반,3등급,1300,2022,https://api.odcloud.kr/api/15072696/v1/uddi:0131eccc-8fe1-4dd1-b83d-bc8824f6e939,충북,일반
남자,충청북도,일반,4등급,2080,2022,https://api.odcloud.kr/api/15072696/v1/uddi:0131eccc-8fe1-4dd1-b83d-bc8824f6e939,충북,일반
남자,충청북도,일반,5등급,637,2022,https://api.odcloud.kr/api/15072696/v1/uddi:0131eccc-8fe1-4dd1-b83d-bc8824f6e939,충북,일반
남자,충청북도,일반,인지지원등급,142,2022,https://api.odcloud.kr/api/15072696/v1/uddi:0131eccc-8fe1-4dd1-b83d-bc8824f6e939,충북,일반
남자,충청북도,일반,등급외,1102,2022,https://api.odcloud.kr/api/15072696/v1/uddi:0131eccc-8fe1-4dd1-b83d-bc8824f6e939,충북,일반
남자,충청북도,감경,1등급,161,2022,https://api.odcloud.kr/api/15072696/v1/uddi:0131eccc-8fe1-4dd1-b83d-bc8824f6e939,충북,감경
남자,충청북도,감경,2등급,354,2022,https://api.odcloud.kr/api/15072696/v1/uddi:0131eccc-8fe1-4dd1-b83d-bc8824f6e939,충북,감경
남자,충청북도,감경,3등급,1133,2022,https://api.odcloud.kr/api/15072696/v1/uddi:0131eccc-8fe1-4dd1-b83d-bc8824f6e939,충북,감경
남자,충청북도,감경,4등급,1737,2022,https://api.odcloud.kr/api/15072696/v1/uddi:0131eccc-8fe1-4dd1-b83d-bc8824f6e939,충북,감경
남자,충청북도,감경,5등급,503,2022,https://api.odcloud.kr/api/15072696/v1/uddi:0131eccc-8fe1-4dd1-b83d-bc8824f6e939,충북,감경
남자,충청북도,감경,인지지원등급,113,2022,https://api.odcloud.kr/api/15072696/v1/uddi:0131eccc-8fe1-4dd1-b83d-bc8824f6e939,충북,감경
남자,충청북도,감경,등급외,42,2022,https://api.odcloud.kr/api/15072696/v1/uddi:0131eccc-8fe1-4dd1-b83d-bc8824f6e939,충북,감경
남자,충청북도,의료급여,1등급,7,2022,https://api.odcloud.kr/api/15072696/v1/uddi:0131eccc-8fe1-4dd1-b83d-bc8824f6e939,충북,의료급여
남자,충청북도,의료급여,2등급,12,2022,https://api.odcloud.kr/api/15072696/v1/uddi:0131eccc-8fe1-4dd1-b83d-bc8824f6e939,충북,의료급여
남자,충청북도,의료급여,3등급,22,2022,https://api.odcloud.kr/api/15072696/v1/uddi:0131eccc-8fe1-4dd1-b83d-bc8824f6e939,충북,의료급여
남자,충청북도,의료급여,4등급,53,2022,https://api.odcloud.kr/api/15072696/v1/uddi:0131eccc-8fe1-4dd1-b83d-bc8824f6e939,충북,의료급여
남자,충청북도,의료급여,5등급,7,2022,https://api.odcloud.kr/api/15072696/v1/uddi:0131eccc-8fe1-4dd1-b83d-bc8824f6e939,충북,의료급여
남자,충청북도,의료급여,인지지원등급,2,2022,https://api.odcloud.kr/api/15072696/v1/uddi:0131eccc-8fe1-4dd1-b83d-bc8824f6e939,충북,의료급여
남자,충청북도,의료급여,등급외,18,2022,https://api.odcloud.kr/api/15072696/v1/uddi:0131eccc-8fe1-4dd1-b83d-bc8824f6e939,충북,의료급여
남자,충청북도,기초수급,1등급,134,2022,https://api.odcloud.kr/api/15072696/v1/uddi:0131eccc-8fe1-4dd1-b83d-bc8824f6e939,충북,기초
남자,충청북도,기초수급,2등급,173,2022,https://api.odcloud.kr/api/15072696/v1/uddi:0131eccc-8fe1-4dd1-b83d-bc8824f6e939,충북,기초
남자,충청북도,기초수급,3등급,458,2022,https://api.odcloud.kr/api/15072696/v1/uddi:0131eccc-8fe1-4dd1-b83d-bc8824f6e939,충북,기초
남자,충청북도,기초수급,4등급,780,2022,https://api.odcloud.kr/api/15072696/v1/uddi:0131eccc-8fe1-4dd1-b83d-bc8824f6e939,충북,기초
남자,충청북도,기초수급,5등급,248,2022,https://api.odcloud.kr/api/15072696/v1/uddi:0131eccc-8fe1-4dd1-b83d-bc8824f6e939,충북,기초
남자,충청북도,기초수급,인지지원등급,63,2022,https://api.odcloud.kr/api/15072696/v1/uddi:0131eccc-8fe1-4dd1-b83d-bc8824f6e939,충북,기초
남자,충청북도,기초수급,등급외,442,2022,https://api.odcloud.kr/api/15072696/v1/uddi:0131eccc-8fe1-4dd1-b83d-bc8824f6e939,충북,기초
여자,충청북도,일반,1등급,518,2022,https://api.odcloud.kr/api/15072696/v1/uddi:0131eccc-8fe1-4dd1-b83d-bc8824f6e939,충북,일반
여자,충청북도,일반,2등급,1156,2022,https://api.odcloud.kr/api/15072696/v1/uddi:0131eccc-8fe1-4dd1-b83d-bc8824f6e939,충북,일반
여자,충청북도,일반,3등급,3192,2022,https://api.odcloud.kr/api/15072696/v1/uddi:0131eccc-8fe1-4dd1-b83d-bc8824f6e939,충북,일반
여자,충청북도,일반,4등급,5107,2022,https://api.odcloud.kr/api/15072696/v1/uddi:0131eccc-8fe1-4dd1-b83d-bc8824f6e939,충북,일반
여자,충청북도,일반,5등급,1513,2022,https://api.odcloud.kr/api/15072696/v1/uddi:0131eccc-8fe1-4dd1-b83d-bc8824f6e939,충북,일반
여자,충청북도,일반,인지지원등급,350,2022,https://api.odcloud.kr/api/15072696/v1/uddi:0131eccc-8fe1-4dd1-b83d-bc8824f6e939,충북,일반
여자,충청북도,일반,등급외,2191,2022,https://api.odcloud.kr/api/15072696/v1/uddi:0131eccc-8fe1-4dd1-b83d-bc8824f6e939,충북,일반
여자,충청북도,감경,1등급,589,2022,https://api.odcloud.kr/api/15072696/v1/uddi:0131eccc-8fe1-4dd1-b83d-bc8824f6e939,충북,감경
여자,충청북도,감경,2등급,1381,2022,https://api.odcloud.kr/api/15072696/v1/uddi:0131eccc-8fe1-4dd1-b83d-bc8824f6e939,충북,감경
여자,충청북도,감경,3등급,3447,2022,https://api.odcloud.kr/api/15072696/v1/uddi:0131eccc-8fe1-4dd1-b83d-bc8824f6e939,충북,감경
여자,충청북도,감경,4등급,5263,2022,https://api.odcloud.kr/api/15072696/v1/uddi:0131eccc-8fe1-4dd1-b83d-bc8824f6e939,충북,감경
여자,충청북도,감경,5등급,1340,2022,https://api.odcloud.kr/api/15072696/v1/uddi:0131eccc-8fe1-4dd1-b83d-bc8824f6e939,충북,감경
여자,충청북도,감경,인지지원등급,307,2022,https://api.odcloud.kr/api/15072696/v1/uddi:0131eccc-8fe1-4dd1-b83d-bc8824f6e939,충북,감경
여자,충청북도,감경,등급외,98,2022,https://api.odcloud.kr/api/15072696/v1/uddi:0131eccc-8fe1-4dd1-b83d-bc8824f6e939,충북,감경
여자,충청북도,의료급여,1등급,13,2022,https://api.odcloud.kr/api/15072696/v1/uddi:0131eccc-8fe1-4dd1-b83d-bc8824f6e939,충북,의료급여
여자,충청북도,의료급여,2등급,40,2022,https://api.odcloud.kr/api/15072696/v1/uddi:0131eccc-8fe1-4dd1-b83d-bc8824f6e939,충북,의료급여
여자,충청북도,의료급여,3등급,108,2022,https://api.odcloud.kr/api/15072696/v1/uddi:0131eccc-8fe1-4dd1-b83d-bc8824f6e939,충북,의료급여
여자,충청북도,의료급여,4등급,155,2022,https://api.odcloud.kr/api/15072696/v1/uddi:0131eccc-8fe1-4dd1-b83d-bc8824f6e939,충북,의료급여
여자,충청북도,의료급여,5등급,39,2022,https://api.odcloud.kr/api/15072696/v1/uddi:0131eccc-8fe1-4dd1-b83d-bc8824f6e939,충북,의료급여
여자,충청북도,의료급여,인지지원등급,5,2022,https://api.odcloud.kr/api/15072696/v1/uddi:0131eccc-8fe1-4dd1-b83d-bc8824f6e939,충북,의료급여
여자,충청북도,의료급여,등급외,37,2022,https://api.odcloud.kr/api/15072696/v1/uddi:0131eccc-8fe1-4dd1-b83d-bc8824f6e939,충북,의료급여
여자,충청북도,기초수급,1등급,247,2022,https://api.odcloud.kr/api/15072696/v1/uddi:0131eccc-8fe1-4dd1-b83d-bc8824f6e939,충북,기초
여자,충청북도,기초수급,2등급,403,2022,https://api.odcloud.kr/api/15072696/v1/uddi:0131eccc-8fe1-4dd1-b83d-bc8824f6e939,충북,기초
여자,충청북도,기초수급,3등급,1032,2022,https://api.odcloud.kr/api/15072696/v1/uddi:0131eccc-8fe1-4dd1-b83d-bc8824f6e939,충북,기초
여자,충청북도,기초수급,4등급,1632,2022,https://api.odcloud.kr/api/15072696/v1/uddi:0131eccc-8fe1-4dd1-b83d-bc8824f6e939,충북,기초
여자,충청북도,기초수급,5등급,401,2022,https://api.odcloud.kr/api/15072696/v1/uddi:0131eccc-8fe1-4dd1-b83d-bc8824f6e939,충북,기초
여자,충청북도,기초수급,인지지원등급,97,2022,https://api.odcloud.kr/api/15072696/v1/uddi:0131eccc-8fe1-4dd1-b83d-bc8824f6e939,충북,기초
여자,충청북도,기초수급,등급외,638,2022,https://api.odcloud.kr/api/15072696/v1/uddi:0131eccc-8fe1-4dd1-b83d-bc8824f6e939,충북,기초
남자,충청남도,일반,1등급,314,2022,https://api.odcloud.kr/api/15072696/v1/uddi:0131eccc-8fe1-4dd1-b83d-bc8824f6e939,충남,일반
남자,충청남도,일반,2등급,587,2022,https://api.odcloud.kr/api/15072696/v1/uddi:0131eccc-8fe1-4dd1-b83d-bc8824f6e939,충남,일반
남자,충청남도,일반,3등급,1990,2022,https://api.odcloud.kr/api/15072696/v1/uddi:0131eccc-8fe1-4dd1-b83d-bc8824f6e939,충남,일반
남자,충청남도,일반,4등급,3555,2022,https://api.odcloud.kr/api/15072696/v1/uddi:0131eccc-8fe1-4dd1-b83d-bc8824f6e939,충남,일반
남자,충청남도,일반,5등급,1077,2022,https://api.odcloud.kr/api/15072696/v1/uddi:0131eccc-8fe1-4dd1-b83d-bc8824f6e939,충남,일반
남자,충청남도,일반,인지지원등급,296,2022,https://api.odcloud.kr/api/15072696/v1/uddi:0131eccc-8fe1-4dd1-b83d-bc8824f6e939,충남,일반
남자,충청남도,일반,등급외,2044,2022,https://api.odcloud.kr/api/15072696/v1/uddi:0131eccc-8fe1-4dd1-b83d-bc8824f6e939,충남,일반
남자,충청남도,감경,1등급,212,2022,https://api.odcloud.kr/api/15072696/v1/uddi:0131eccc-8fe1-4dd1-b83d-bc8824f6e939,충남,감경
남자,충청남도,감경,2등급,440,2022,https://api.odcloud.kr/api/15072696/v1/uddi:0131eccc-8fe1-4dd1-b83d-bc8824f6e939,충남,감경
남자,충청남도,감경,3등급,1562,2022,https://api.odcloud.kr/api/15072696/v1/uddi:0131eccc-8fe1-4dd1-b83d-bc8824f6e939,충남,감경
남자,충청남도,감경,4등급,2642,2022,https://api.odcloud.kr/api/15072696/v1/uddi:0131eccc-8fe1-4dd1-b83d-bc8824f6e939,충남,감경
남자,충청남도,감경,5등급,774,2022,https://api.odcloud.kr/api/15072696/v1/uddi:0131eccc-8fe1-4dd1-b83d-bc8824f6e939,충남,감경
남자,충청남도,감경,인지지원등급,191,2022,https://api.odcloud.kr/api/15072696/v1/uddi:0131eccc-8fe1-4dd1-b83d-bc8824f6e939,충남,감경
남자,충청남도,감경,등급외,86,2022,https://api.odcloud.kr/api/15072696/v1/uddi:0131eccc-8fe1-4dd1-b83d-bc8824f6e939,충남,감경
남자,충청남도,의료급여,1등급,3,2022,https://api.odcloud.kr/api/15072696/v1/uddi:0131eccc-8fe1-4dd1-b83d-bc8824f6e939,충남,의료급여
남자,충청남도,의료급여,2등급,8,2022,https://api.odcloud.kr/api/15072696/v1/uddi:0131eccc-8fe1-4dd1-b83d-bc8824f6e939,충남,의료급여
남자,충청남도,의료급여,3등급,28,2022,https://api.odcloud.kr/api/15072696/v1/uddi:0131eccc-8fe1-4dd1-b83d-bc8824f6e939,충남,의료급여
남자,충청남도,의료급여,4등급,48,2022,https://api.odcloud.kr/api/15072696/v1/uddi:0131eccc-8fe1-4dd1-b83d-bc8824f6e939,충남,의료급여
남자,충청남도,의료급여,5등급,13,2022,https://api.odcloud.kr/api/15072696/v1/uddi:0131eccc-8fe1-4dd1-b83d-bc8824f6e939,충남,의료급여
남자,충청남도,의료급여,인지지원등급,8,2022,https://api.odcloud.kr/api/15072696/v1/uddi:0131eccc-8fe1-4dd1-b83d-bc8824f6e939,충남,의료급여
남자,충청남도,의료급여,등급외,27,2022,https://api.odcloud.kr/api/15072696/v1/uddi:0131eccc-8fe1-4dd1-b83d-bc8824f6e939,충남,의료급여
남자,충청남도,기초수급,1등급,107,2022,https://api.odcloud.kr/api/15072696/v1/uddi:0131eccc-8fe1-4dd1-b83d-bc8824f6e939,충남,기초
남자,충청남도,기초수급,2등급,214,2022,https://api.odcloud.kr/api/15072696/v1/uddi:0131eccc-8fe1-4dd1-b83d-bc8824f6e939,충남,기초
남자,충청남도,기초수급,3등급,497,2022,https://api.odcloud.kr/api/15072696/v1/uddi:0131eccc-8fe1-4dd1-b83d-bc8824f6e939,충남,기초
남자,충청남도,기초수급,4등급,974,2022,https://api.odcloud.kr/api/15072696/v1/uddi:0131eccc-8fe1-4dd1-b83d-bc8824f6e939,충남,기초
남자,충청남도,기초수급,5등급,276,2022,https://api.odcloud.kr/api/15072696/v1/uddi:0131eccc-8fe1-4dd1-b83d-bc8824f6e939,충남,기초
남자,충청남도,기초수급,인지지원등급,79,2022,https://api.odcloud.kr/api/15072696/v1/uddi:0131eccc-8fe1-4dd1-b83d-bc8824f6e939,충남,기초
남자,충청남도,기초수급,등급외,614,2022,https://api.odcloud.kr/api/15072696/v1/uddi:0131eccc-8fe1-4dd1-b83d-bc8824f6e939,충남,기초
여자,충청남도,일반,1등급,796,2022,https://api.odcloud.kr/api/15072696/v1/uddi:0131eccc-8fe1-4dd1-b83d-bc8824f6e939,충남,일반
여자,충청남도,일반,2등급,1613,2022,https://api.odcloud.kr/api/15072696/v1/uddi:0131eccc-8fe1-4dd1-b83d-bc8824f6e939,충남,일반
여자,충청남도,일반,3등급,4731,2022,https://api.odcloud.kr/api/15072696/v1/uddi:0131eccc-8fe1-4dd1-b83d-bc8824f6e939,충남,일반
여자,충청남도,일반,4등급,8900,2022,https://api.odcloud.kr/api/15072696/v1/uddi:0131eccc-8fe1-4dd1-b83d-bc8824f6e939,충남,일반
여자,충청남도,일반,5등급,2444,2022,https://api.odcloud.kr/api/15072696/v1/uddi:0131eccc-8fe1-4dd1-b83d-bc8824f6e939,충남,일반
여자,충청남도,일반,인지지원등급,571,2022,https://api.odcloud.kr/api/15072696/v1/uddi:0131eccc-8fe1-4dd1-b83d-bc8824f6e939,충남,일반
여자,충청남도,일반,등급외,4199,2022,https://api.odcloud.kr/api/15072696/v1/uddi:0131eccc-8fe1-4dd1-b83d-bc8824f6e939,충남,일반
여자,충청남도,감경,1등급,801,2022,https://api.odcloud.kr/api/15072696/v1/uddi:0131eccc-8fe1-4dd1-b83d-bc8824f6e939,충남,감경
여자,충청남도,감경,2등급,1680,2022,https://api.odcloud.kr/api/15072696/v1/uddi:0131eccc-8fe1-4dd1-b83d-bc8824f6e939,충남,감경
여자,충청남도,감경,3등급,4758,2022,https://api.odcloud.kr/api/15072696/v1/uddi:0131eccc-8fe1-4dd1-b83d-bc8824f6e939,충남,감경
여자,충청남도,감경,4등급,8082,2022,https://api.odcloud.kr/api/15072696/v1/uddi:0131eccc-8fe1-4dd1-b83d-bc8824f6e939,충남,감경
여자,충청남도,감경,5등급,2126,2022,https://api.odcloud.kr/api/15072696/v1/uddi:0131eccc-8fe1-4dd1-b83d-bc8824f6e939,충남,감경
여자,충청남도,감경,인지지원등급,431,2022,https://api.odcloud.kr/api/15072696/v1/uddi:0131eccc-8fe1-4dd1-b83d-bc8824f6e939,충남,감경
여자,충청남도,감경,등급외,157,2022,https://api.odcloud.kr/api/15072696/v1/uddi:0131eccc-8fe1-4dd1-b83d-bc8824f6e939,충남,감경
여자,충청남도,의료급여,1등급,13,2022,https://api.odcloud.kr/api/15072696/v1/uddi:0131eccc-8fe1-4dd1-b83d-bc8824f6e939,충남,의료급여
여자,충청남도,의료급여,2등급,29,2022,https://api.odcloud.kr/api/15072696/v1/uddi:0131eccc-8fe1-4dd1-b83d-bc8824f6e939,충남,의료급여
여자,충청남도,의료급여,3등급,89,2022,https://api.odcloud.kr/api/15072696/v1/uddi:0131eccc-8fe1-4dd1-b83d-bc8824f6e939,충남,의료급여
여자,충청남도,의료급여,4등급,165,2022,https://api.odcloud.kr/api/15072696/v1/uddi:0131eccc-8fe1-4dd1-b83d-bc8824f6e939,충남,의료급여
여자,충청남도,의료급여,5등급,38,2022,https://api.odcloud.kr/api/15072696/v1/uddi:0131eccc-8fe1-4dd1-b83d-bc8824f6e939,충남,의료급여
여자,충청남도,의료급여,인지지원등급,8,2022,https://api.odcloud.kr/api/15072696/v1/uddi:0131eccc-8fe1-4dd1-b83d-bc8824f6e939,충남,의료급여
여자,충청남도,의료급여,등급외,45,2022,https://api.odcloud.kr/api/15072696/v1/uddi:0131eccc-8fe1-4dd1-b83d-bc8824f6e939,충남,의료급여
여자,충청남도,기초수급,1등급,245,2022,https://api.odcloud.kr/api/15072696/v1/uddi:0131eccc-8fe1-4dd1-b83d-bc8824f6e939,충남,기초
여자,충청남도,기초수급,2등급,448,2022,https://api.odcloud.kr/api/15072696/v1/uddi:0131eccc-8fe1-4dd1-b83d-bc8824f6e939,충남,기초
여자,충청남도,기초수급,3등급,1157,2022,https://api.odcloud.kr/api/15072696/v1/uddi:0131eccc-8fe1-4dd1-b83d-bc8824f6e939,충남,기초
여자,충청남도,기초수급,4등급,2060,2022,https://api.odcloud.kr/api/15072696/v1/uddi:0131eccc-8fe1-4dd1-b83d-bc8824f6e939,충남,기초
여자,충청남도,기초수급,5등급,557,2022,https://api.odcloud.kr/api/15072696/v1/uddi:0131eccc-8fe1-4dd1-b83d-bc8824f6e939,충남,기초
여자,충청남도,기초수급,인지지원등급,131,2022,https://api.odcloud.kr/api/15072696/v1/uddi:0131eccc-8fe1-4dd1-b83d-bc8824f6e939,충남,기초
여자,충청남도,기초수급,등급외,879,2022,https://api.odcloud.kr/api/15072696/v1/uddi:0131eccc-8fe1-4dd1-b83d-bc8824f6e939,충남,기초
남자,전북특별자치도,일반,1등급,184,2022,https://api.odcloud.kr/api/15072696/v1/uddi:0131eccc-8fe1-4dd1-b83d-bc8824f6e939,전북,일반
남자,전북특별자치도,일반,2등급,409,2022,https://api.odcloud.kr/api/15072696/v1/uddi:0131eccc-8fe1-4dd1-b83d-bc8824f6e939,전북,일반
남자,전북특별자치도,일반,3등급,1357,2022,https://api.odcloud.kr/api/15072696/v1/uddi:0131eccc-8fe1-4dd1-b83d-bc8824f6e939,전북,일반
남자,전북특별자치도,일반,4등급,3248,2022,https://api.odcloud.kr/api/15072696/v1/uddi:0131eccc-8fe1-4dd1-b83d-bc8824f6e939,전북,일반
남자,전북특별자치도,일반,5등급,1174,2022,https://api.odcloud.kr/api/15072696/v1/uddi:0131eccc-8fe1-4dd1-b83d-bc8824f6e939,전북,일반
남자,전북특별자치도,일반,인지지원등급,186,2022,https://api.odcloud.kr/api/15072696/v1/uddi:0131eccc-8fe1-4dd1-b83d-bc8824f6e939,전북,일반
남자,전북특별자치도,일반,등급외,2112,2022,https://api.odcloud.kr/api/15072696/v1/uddi:0131eccc-8fe1-4dd1-b83d-bc8824f6e939,전북,일반
남자,전북특별자치도,감경,1등급,206,2022,https://api.odcloud.kr/api/15072696/v1/uddi:0131eccc-8fe1-4dd1-b83d-bc8824f6e939,전북,감경
남자,전북특별자치도,감경,2등급,343,2022,https://api.odcloud.kr/api/15072696/v1/uddi:0131eccc-8fe1-4dd1-b83d-bc8824f6e939,전북,감경
남자,전북특별자치도,감경,3등급,1294,2022,https://api.odcloud.kr/api/15072696/v1/uddi:0131eccc-8fe1-4dd1-b83d-bc8824f6e939,전북,감경
남자,전북특별자치도,감경,4등급,2867,2022,https://api.odcloud.kr/api/15072696/v1/uddi:0131eccc-8fe1-4dd1-b83d-bc8824f6e939,전북,감경
남자,전북특별자치도,감경,5등급,935,2022,https://api.odcloud.kr/api/15072696/v1/uddi:0131eccc-8fe1-4dd1-b83d-bc8824f6e939,전북,감경
남자,전북특별자치도,감경,인지지원등급,142,2022,https://api.odcloud.kr/api/15072696/v1/uddi:0131eccc-8fe1-4dd1-b83d-bc8824f6e939,전북,감경
남자,전북특별자치도,감경,등급외,150,2022,https://api.odcloud.kr/api/15072696/v1/uddi:0131eccc-8fe1-4dd1-b83d-bc8824f6e939,전북,감경
남자,전북특별자치도,의료급여,1등급,8,2022,https://api.odcloud.kr/api/15072696/v1/uddi:0131eccc-8fe1-4dd1-b83d-bc8824f6e939,전북,의료급여
남자,전북특별자치도,의료급여,2등급,8,2022,https://api.odcloud.kr/api/15072696/v1/uddi:0131eccc-8fe1-4dd1-b83d-bc8824f6e939,전북,의료급여
남자,전북특별자치도,의료급여,3등급,45,2022,https://api.odcloud.kr/api/15072696/v1/uddi:0131eccc-8fe1-4dd1-b83d-bc8824f6e939,전북,의료급여
남자,전북특별자치도,의료급여,4등급,81,2022,https://api.odcloud.kr/api/15072696/v1/uddi:0131eccc-8fe1-4dd1-b83d-bc8824f6e939,전북,의료급여
남자,전북특별자치도,의료급여,5등급,24,2022,https://api.odcloud.kr/api/15072696/v1/uddi:0131eccc-8fe1-4dd1-b83d-bc8824f6e939,전북,의료급여
남자,전북특별자치도,의료급여,인지지원등급,4,2022,https://api.odcloud.kr/api/15072696/v1/uddi:0131eccc-8fe1-4dd1-b83d-bc8824f6e939,전북,의료급여
남자,전북특별자치도,의료급여,등급외,35,2022,https://api.odcloud.kr/api/15072696/v1/uddi:0131eccc-8fe1-4dd1-b83d-bc8824f6e939,전북,의료급여
남자,전북특별자치도,기초수급,1등급,73,2022,https://api.odcloud.kr/api/15072696/v1/uddi:0131eccc-8fe1-4dd1-b83d-bc8824f6e939,전북,기초
남자,전북특별자치도,기초수급,2등급,155,2022,https://api.odcloud.kr/api/15072696/v1/uddi:0131eccc-8fe1-4dd1-b83d-bc8824f6e939,전북,기초
남자,전북특별자치도,기초수급,3등급,469,2022,https://api.odcloud.kr/api/15072696/v1/uddi:0131eccc-8fe1-4dd1-b83d-bc8824f6e939,전북,기초
남자,전북특별자치도,기초수급,4등급,1344,2022,https://api.odcloud.kr/api/15072696/v1/uddi:0131eccc-8fe1-4dd1-b83d-bc8824f6e939,전북,기초
남자,전북특별자치도,기초수급,5등급,491,2022,https://api.odcloud.kr/api/15072696/v1/uddi:0131eccc-8fe1-4dd1-b83d-bc8824f6e939,전북,기초
남자,전북특별자치도,기초수급,인지지원등급,106,2022,https://api.odcloud.kr/api/15072696/v1/uddi:0131eccc-8fe1-4dd1-b83d-bc8824f6e939,전북,기초
남자,전북특별자치도,기초수급,등급외,1197,2022,https://api.odcloud.kr/api/15072696/v1/uddi:0131eccc-8fe1-4dd1-b83d-bc8824f6e939,전북,기초
여자,전북특별자치도,일반,1등급,537,2022,https://api.odcloud.kr/api/15072696/v1/uddi:0131eccc-8fe1-4dd1-b83d-bc8824f6e939,전북,일반
여자,전북특별자치도,일반,2등급,1047,2022,https://api.odcloud.kr/api/15072696/v1/uddi:0131eccc-8fe1-4dd1-b83d-bc8824f6e939,전북,일반
여자,전북특별자치도,일반,3등급,3189,2022,https://api.odcloud.kr/api/15072696/v1/uddi:0131eccc-8fe1-4dd1-b83d-bc8824f6e939,전북,일반
여자,전북특별자치도,일반,4등급,8351,2022,https://api.odcloud.kr/api/15072696/v1/uddi:0131eccc-8fe1-4dd1-b83d-bc8824f6e939,전북,일반
여자,전북특별자치도,일반,5등급,3017,2022,https://api.odcloud.kr/api/15072696/v1/uddi:0131eccc-8fe1-4dd1-b83d-bc8824f6e939,전북,일반
여자,전북특별자치도,일반,인지지원등급,396,2022,https://api.odcloud.kr/api/15072696/v1/uddi:0131eccc-8fe1-4dd1-b83d-bc8824f6e939,전북,일반
여자,전북특별자치도,일반,등급외,4810,2022,https://api.odcloud.kr/api/15072696/v1/uddi:0131eccc-8fe1-4dd1-b83d-bc8824f6e939,전북,일반
여자,전북특별자치도,감경,1등급,628,2022,https://api.odcloud.kr/api/15072696/v1/uddi:0131eccc-8fe1-4dd1-b83d-bc8824f6e939,전북,감경
여자,전북특별자치도,감경,2등급,1488,2022,https://api.odcloud.kr/api/15072696/v1/uddi:0131eccc-8fe1-4dd1-b83d-bc8824f6e939,전북,감경
여자,전북특별자치도,감경,3등급,4114,2022,https://api.odcloud.kr/api/15072696/v1/uddi:0131eccc-8fe1-4dd1-b83d-bc8824f6e939,전북,감경
여자,전북특별자치도,감경,4등급,9629,2022,https://api.odcloud.kr/api/15072696/v1/uddi:0131eccc-8fe1-4dd1-b83d-bc8824f6e939,전북,감경
여자,전북특별자치도,감경,5등급,3038,2022,https://api.odcloud.kr/api/15072696/v1/uddi:0131eccc-8fe1-4dd1-b83d-bc8824f6e939,전북,감경
여자,전북특별자치도,감경,인지지원등급,342,2022,https://api.odcloud.kr/api/15072696/v1/uddi:0131eccc-8fe1-4dd1-b83d-bc8824f6e939,전북,감경
여자,전북특별자치도,감경,등급외,520,2022,https://api.odcloud.kr/api/15072696/v1/uddi:0131eccc-8fe1-4dd1-b83d-bc8824f6e939,전북,감경
여자,전북특별자치도,의료급여,1등급,18,2022,https://api.odcloud.kr/api/15072696/v1/uddi:0131eccc-8fe1-4dd1-b83d-bc8824f6e939,전북,의료급여
여자,전북특별자치도,의료급여,2등급,38,2022,https://api.odcloud.kr/api/15072696/v1/uddi:0131eccc-8fe1-4dd1-b83d-bc8824f6e939,전북,의료급여
여자,전북특별자치도,의료급여,3등급,108,2022,https://api.odcloud.kr/api/15072696/v1/uddi:0131eccc-8fe1-4dd1-b83d-bc8824f6e939,전북,의료급여
여자,전북특별자치도,의료급여,4등급,300,2022,https://api.odcloud.kr/api/15072696/v1/uddi:0131eccc-8fe1-4dd1-b83d-bc8824f6e939,전북,의료급여
여자,전북특별자치도,의료급여,5등급,91,2022,https://api.odcloud.kr/api/15072696/v1/uddi:0131eccc-8fe1-4dd1-b83d-bc8824f6e939,전북,의료급여
여자,전북특별자치도,의료급여,인지지원등급,7,2022,https://api.odcloud.kr/api/15072696/v1/uddi:0131eccc-8fe1-4dd1-b83d-bc8824f6e939,전북,의료급여
여자,전북특별자치도,의료급여,등급외,87,2022,https://api.odcloud.kr/api/15072696/v1/uddi:0131eccc-8fe1-4dd1-b83d-bc8824f6e939,전북,의료급여
여자,전북특별자치도,기초수급,1등급,180,2022,https://api.odcloud.kr/api/15072696/v1/uddi:0131eccc-8fe1-4dd1-b83d-bc8824f6e939,전북,기초
여자,전북특별자치도,기초수급,2등급,447,2022,https://api.odcloud.kr/api/15072696/v1/uddi:0131eccc-8fe1-4dd1-b83d-bc8824f6e939,전북,기초
여자,전북특별자치도,기초수급,3등급,1176,2022,https://api.odcloud.kr/api/15072696/v1/uddi:0131eccc-8fe1-4dd1-b83d-bc8824f6e939,전북,기초
여자,전북특별자치도,기초수급,4등급,3077,2022,https://api.odcloud.kr/api/15072696/v1/uddi:0131eccc-8fe1-4dd1-b83d-bc8824f6e939,전북,기초
여자,전북특별자치도,기초수급,5등급,1104,2022,https://api.odcloud.kr/api/15072696/v1/uddi:0131eccc-8fe1-4dd1-b83d-bc8824f6e939,전북,기초
여자,전북특별자치도,기초수급,인지지원등급,169,2022,https://api.odcloud.kr/api/15072696/v1/uddi:0131eccc-8fe1-4dd1-b83d-bc8824f6e939,전북,기초
여자,전북특별자치도,기초수급,등급외,1879,2022,https://api.odcloud.kr/api/15072696/v1/uddi:0131eccc-8fe1-4dd1-b83d-bc8824f6e939,전북,기초
남자,전라남도,일반,1등급,191,2022,https://api.odcloud.kr/api/15072696/v1/uddi:0131eccc-8fe1-4dd1-b83d-bc8824f6e939,전남,일반
남자,전라남도,일반,2등급,453,2022,https://api.odcloud.kr/api/15072696/v1/uddi:0131eccc-8fe1-4dd1-b83d-bc8824f6e939,전남,일반
남자,전라남도,일반,3등급,1424,2022,https://api.odcloud.kr/api/15072696/v1/uddi:0131eccc-8fe1-4dd1-b83d-bc8824f6e939,전남,일반
남자,전라남도,일반,4등급,3155,2022,https://api.odcloud.kr/api/15072696/v1/uddi:0131eccc-8fe1-4dd1-b83d-bc8824f6e939,전남,일반
남자,전라남도,일반,5등급,851,2022,https://api.odcloud.kr/api/15072696/v1/uddi:0131eccc-8fe1-4dd1-b83d-bc8824f6e939,전남,일반
남자,전라남도,일반,인지지원등급,222,2022,https://api.odcloud.kr/api/15072696/v1/uddi:0131eccc-8fe1-4dd1-b83d-bc8824f6e939,전남,일반
남자,전라남도,일반,등급외,2612,2022,https://api.odcloud.kr/api/15072696/v1/uddi:0131eccc-8fe1-4dd1-b83d-bc8824f6e939,전남,일반
남자,전라남도,감경,1등급,217,2022,https://api.odcloud.kr/api/15072696/v1/uddi:0131eccc-8fe1-4dd1-b83d-bc8824f6e939,전남,감경
남자,전라남도,감경,2등급,512,2022,https://api.odcloud.kr/api/15072696/v1/uddi:0131eccc-8fe1-4dd1-b83d-bc8824f6e939,전남,감경
남자,전라남도,감경,3등급,1578,2022,https://api.odcloud.kr/api/15072696/v1/uddi:0131eccc-8fe1-4dd1-b83d-bc8824f6e939,전남,감경
남자,전라남도,감경,4등급,3243,2022,https://api.odcloud.kr/api/15072696/v1/uddi:0131eccc-8fe1-4dd1-b83d-bc8824f6e939,전남,감경
남자,전라남도,감경,5등급,870,2022,https://api.odcloud.kr/api/15072696/v1/uddi:0131eccc-8fe1-4dd1-b83d-bc8824f6e939,전남,감경
남자,전라남도,감경,인지지원등급,210,2022,https://api.odcloud.kr/api/15072696/v1/uddi:0131eccc-8fe1-4dd1-b83d-bc8824f6e939,전남,감경
남자,전라남도,감경,등급외,137,2022,https://api.odcloud.kr/api/15072696/v1/uddi:0131eccc-8fe1-4dd1-b83d-bc8824f6e939,전남,감경
남자,전라남도,의료급여,1등급,4,2022,https://api.odcloud.kr/api/15072696/v1/uddi:0131eccc-8fe1-4dd1-b83d-bc8824f6e939,전남,의료급여
남자,전라남도,의료급여,2등급,11,2022,https://api.odcloud.kr/api/15072696/v1/uddi:0131eccc-8fe1-4dd1-b83d-bc8824f6e939,전남,의료급여
남자,전라남도,의료급여,3등급,43,2022,https://api.odcloud.kr/api/15072696/v1/uddi:0131eccc-8fe1-4dd1-b83d-bc8824f6e939,전남,의료급여
남자,전라남도,의료급여,4등급,95,2022,https://api.odcloud.kr/api/15072696/v1/uddi:0131eccc-8fe1-4dd1-b83d-bc8824f6e939,전남,의료급여
남자,전라남도,의료급여,5등급,18,2022,https://api.odcloud.kr/api/15072696/v1/uddi:0131eccc-8fe1-4dd1-b83d-bc8824f6e939,전남,의료급여
남자,전라남도,의료급여,인지지원등급,3,2022,https://api.odcloud.kr/api/15072696/v1/uddi:0131eccc-8fe1-4dd1-b83d-bc8824f6e939,전남,의료급여
남자,전라남도,의료급여,등급외,43,2022,https://api.odcloud.kr/api/15072696/v1/uddi:0131eccc-8fe1-4dd1-b83d-bc8824f6e939,전남,의료급여
남자,전라남도,기초수급,1등급,83,2022,https://api.odcloud.kr/api/15072696/v1/uddi:0131eccc-8fe1-4dd1-b83d-bc8824f6e939,전남,기초
남자,전라남도,기초수급,2등급,173,2022,https://api.odcloud.kr/api/15072696/v1/uddi:0131eccc-8fe1-4dd1-b83d-bc8824f6e939,전남,기초
남자,전라남도,기초수급,3등급,463,2022,https://api.odcloud.kr/api/15072696/v1/uddi:0131eccc-8fe1-4dd1-b83d-bc8824f6e939,전남,기초
남자,전라남도,기초수급,4등급,1065,2022,https://api.odcloud.kr/api/15072696/v1/uddi:0131eccc-8fe1-4dd1-b83d-bc8824f6e939,전남,기초
남자,전라남도,기초수급,5등급,274,2022,https://api.odcloud.kr/api/15072696/v1/uddi:0131eccc-8fe1-4dd1-b83d-bc8824f6e939,전남,기초
남자,전라남도,기초수급,인지지원등급,81,2022,https://api.odcloud.kr/api/15072696/v1/uddi:0131eccc-8fe1-4dd1-b83d-bc8824f6e939,전남,기초
남자,전라남도,기초수급,등급외,932,2022,https://api.odcloud.kr/api/15072696/v1/uddi:0131eccc-8fe1-4dd1-b83d-bc8824f6e939,전남,기초
여자,전라남도,일반,1등급,521,2022,https://api.odcloud.kr/api/15072696/v1/uddi:0131eccc-8fe1-4dd1-b83d-bc8824f6e939,전남,일반
여자,전라남도,일반,2등급,1129,2022,https://api.odcloud.kr/api/15072696/v1/uddi:0131eccc-8fe1-4dd1-b83d-bc8824f6e939,전남,일반
여자,전라남도,일반,3등급,3584,2022,https://api.odcloud.kr/api/15072696/v1/uddi:0131eccc-8fe1-4dd1-b83d-bc8824f6e939,전남,일반
여자,전라남도,일반,4등급,8709,2022,https://api.odcloud.kr/api/15072696/v1/uddi:0131eccc-8fe1-4dd1-b83d-bc8824f6e939,전남,일반
여자,전라남도,일반,5등급,2421,2022,https://api.odcloud.kr/api/15072696/v1/uddi:0131eccc-8fe1-4dd1-b83d-bc8824f6e939,전남,일반
여자,전라남도,일반,인지지원등급,505,2022,https://api.odcloud.kr/api/15072696/v1/uddi:0131eccc-8fe1-4dd1-b83d-bc8824f6e939,전남,일반
여자,전라남도,일반,등급외,6442,2022,https://api.odcloud.kr/api/15072696/v1/uddi:0131eccc-8fe1-4dd1-b83d-bc8824f6e939,전남,일반
여자,전라남도,감경,1등급,820,2022,https://api.odcloud.kr/api/15072696/v1/uddi:0131eccc-8fe1-4dd1-b83d-bc8824f6e939,전남,감경
여자,전라남도,감경,2등급,2128,2022,https://api.odcloud.kr/api/15072696/v1/uddi:0131eccc-8fe1-4dd1-b83d-bc8824f6e939,전남,감경
여자,전라남도,감경,3등급,5573,2022,https://api.odcloud.kr/api/15072696/v1/uddi:0131eccc-8fe1-4dd1-b83d-bc8824f6e939,전남,감경
여자,전라남도,감경,4등급,12387,2022,https://api.odcloud.kr/api/15072696/v1/uddi:0131eccc-8fe1-4dd1-b83d-bc8824f6e939,전남,감경
여자,전라남도,감경,5등급,3156,2022,https://api.odcloud.kr/api/15072696/v1/uddi:0131eccc-8fe1-4dd1-b83d-bc8824f6e939,전남,감경
여자,전라남도,감경,인지지원등급,557,2022,https://api.odcloud.kr/api/15072696/v1/uddi:0131eccc-8fe1-4dd1-b83d-bc8824f6e939,전남,감경
여자,전라남도,감경,등급외,450,2022,https://api.odcloud.kr/api/15072696/v1/uddi:0131eccc-8fe1-4dd1-b83d-bc8824f6e939,전남,감경
여자,전라남도,의료급여,1등급,24,2022,https://api.odcloud.kr/api/15072696/v1/uddi:0131eccc-8fe1-4dd1-b83d-bc8824f6e939,전남,의료급여
여자,전라남도,의료급여,2등급,61,2022,https://api.odcloud.kr/api/15072696/v1/uddi:0131eccc-8fe1-4dd1-b83d-bc8824f6e939,전남,의료급여
여자,전라남도,의료급여,3등급,176,2022,https://api.odcloud.kr/api/15072696/v1/uddi:0131eccc-8fe1-4dd1-b83d-bc8824f6e939,전남,의료급여
여자,전라남도,의료급여,4등급,366,2022,https://api.odcloud.kr/api/15072696/v1/uddi:0131eccc-8fe1-4dd1-b83d-bc8824f6e939,전남,의료급여
여자,전라남도,의료급여,5등급,105,2022,https://api.odcloud.kr/api/15072696/v1/uddi:0131eccc-8fe1-4dd1-b83d-bc8824f6e939,전남,의료급여
여자,전라남도,의료급여,인지지원등급,20,2022,https://api.odcloud.kr/api/15072696/v1/uddi:0131eccc-8fe1-4dd1-b83d-bc8824f6e939,전남,의료급여
여자,전라남도,의료급여,등급외,111,2022,https://api.odcloud.kr/api/15072696/v1/uddi:0131eccc-8fe1-4dd1-b83d-bc8824f6e939,전남,의료급여
여자,전라남도,기초수급,1등급,232,2022,https://api.odcloud.kr/api/15072696/v1/uddi:0131eccc-8fe1-4dd1-b83d-bc8824f6e939,전남,기초
여자,전라남도,기초수급,2등급,515,2022,https://api.odcloud.kr/api/15072696/v1/uddi:0131eccc-8fe1-4dd1-b83d-bc8824f6e939,전남,기초
여자,전라남도,기초수급,3등급,1243,2022,https://api.odcloud.kr/api/15072696/v1/uddi:0131eccc-8fe1-4dd1-b83d-bc8824f6e939,전남,기초
여자,전라남도,기초수급,4등급,2987,2022,https://api.odcloud.kr/api/15072696/v1/uddi:0131eccc-8fe1-4dd1-b83d-bc8824f6e939,전남,기초
여자,전라남도,기초수급,5등급,698,2022,https://api.odcloud.kr/api/15072696/v1/uddi:0131eccc-8fe1-4dd1-b83d-bc8824f6e939,전남,기초
여자,전라남도,기초수급,인지지원등급,145,2022,https://api.odcloud.kr/api/15072696/v1/uddi:0131eccc-8fe1-4dd1-b83d-bc8824f6e939,전남,기초
여자,전라남도,기초수급,등급외,1599,2022,https://api.odcloud.kr/api/15072696/v1/uddi:0131eccc-8fe1-4dd1-b83d-bc8824f6e939,전남,기초
남자,경상북도,일반,1등급,302,2022,https://api.odcloud.kr/api/15072696/v1/uddi:0131eccc-8fe1-4dd1-b83d-bc8824f6e939,경북,일반
남자,경상북도,일반,2등급,656,2022,https://api.odcloud.kr/api/15072696/v1/uddi:0131eccc-8fe1-4dd1-b83d-bc8824f6e939,경북,일반
남자,경상북도,일반,3등급,2380,2022,https://api.odcloud.kr/api/15072696/v1/uddi:0131eccc-8fe1-4dd1-b83d-bc8824f6e939,경북,일반
남자,경상북도,일반,4등급,4453,2022,https://api.odcloud.kr/api/15072696/v1/uddi:0131eccc-8fe1-4dd1-b83d-bc8824f6e939,경북,일반
남자,경상북도,일반,5등급,1366,2022,https://api.odcloud.kr/api/15072696/v1/uddi:0131eccc-8fe1-4dd1-b83d-bc8824f6e939,경북,일반
남자,경상북도,일반,인지지원등급,256,2022,https://api.odcloud.kr/api/15072696/v1/uddi:0131eccc-8fe1-4dd1-b83d-bc8824f6e939,경북,일반
남자,경상북도,일반,등급외,2508,2022,https://api.odcloud.kr/api/15072696/v1/uddi:0131eccc-8fe1-4dd1-b83d-bc8824f6e939,경북,일반
남자,경상북도,감경,1등급,282,2022,https://api.odcloud.kr/api/15072696/v1/uddi:0131eccc-8fe1-4dd1-b83d-bc8824f6e939,경북,감경
남자,경상북도,감경,2등급,634,2022,https://api.odcloud.kr/api/15072696/v1/uddi:0131eccc-8fe1-4dd1-b83d-bc8824f6e939,경북,감경
남자,경상북도,감경,3등급,2138,2022,https://api.odcloud.kr/api/15072696/v1/uddi:0131eccc-8fe1-4dd1-b83d-bc8824f6e939,경북,감경
남자,경상북도,감경,4등급,3664,2022,https://api.odcloud.kr/api/15072696/v1/uddi:0131eccc-8fe1-4dd1-b83d-bc8824f6e939,경북,감경
남자,경상북도,감경,5등급,1046,2022,https://api.odcloud.kr/api/15072696/v1/uddi:0131eccc-8fe1-4dd1-b83d-bc8824f6e939,경북,감경
남자,경상북도,감경,인지지원등급,164,2022,https://api.odcloud.kr/api/15072696/v1/uddi:0131eccc-8fe1-4dd1-b83d-bc8824f6e939,경북,감경
남자,경상북도,감경,등급외,73,2022,https://api.odcloud.kr/api/15072696/v1/uddi:0131eccc-8fe1-4dd1-b83d-bc8824f6e939,경북,감경
남자,경상북도,의료급여,1등급,6,2022,https://api.odcloud.kr/api/15072696/v1/uddi:0131eccc-8fe1-4dd1-b83d-bc8824f6e939,경북,의료급여
남자,경상북도,의료급여,2등급,9,2022,https://api.odcloud.kr/api/15072696/v1/uddi:0131eccc-8fe1-4dd1-b83d-bc8824f6e939,경북,의료급여
남자,경상북도,의료급여,3등급,50,2022,https://api.odcloud.kr/api/15072696/v1/uddi:0131eccc-8fe1-4dd1-b83d-bc8824f6e939,경북,의료급여
남자,경상북도,의료급여,4등급,100,2022,https://api.odcloud.kr/api/15072696/v1/uddi:0131eccc-8fe1-4dd1-b83d-bc8824f6e939,경북,의료급여
남자,경상북도,의료급여,5등급,22,2022,https://api.odcloud.kr/api/15072696/v1/uddi:0131eccc-8fe1-4dd1-b83d-bc8824f6e939,경북,의료급여
남자,경상북도,의료급여,인지지원등급,3,2022,https://api.odcloud.kr/api/15072696/v1/uddi:0131eccc-8fe1-4dd1-b83d-bc8824f6e939,경북,의료급여
남자,경상북도,의료급여,등급외,46,2022,https://api.odcloud.kr/api/15072696/v1/uddi:0131eccc-8fe1-4dd1-b83d-bc8824f6e939,경북,의료급여
남자,경상북도,기초수급,1등급,101,2022,https://api.odcloud.kr/api/15072696/v1/uddi:0131eccc-8fe1-4dd1-b83d-bc8824f6e939,경북,기초
남자,경상북도,기초수급,2등급,216,2022,https://api.odcloud.kr/api/15072696/v1/uddi:0131eccc-8fe1-4dd1-b83d-bc8824f6e939,경북,기초
남자,경상북도,기초수급,3등급,711,2022,https://api.odcloud.kr/api/15072696/v1/uddi:0131eccc-8fe1-4dd1-b83d-bc8824f6e939,경북,기초
남자,경상북도,기초수급,4등급,1542,2022,https://api.odcloud.kr/api/15072696/v1/uddi:0131eccc-8fe1-4dd1-b83d-bc8824f6e939,경북,기초
남자,경상북도,기초수급,5등급,448,2022,https://api.odcloud.kr/api/15072696/v1/uddi:0131eccc-8fe1-4dd1-b83d-bc8824f6e939,경북,기초
남자,경상북도,기초수급,인지지원등급,84,2022,https://api.odcloud.kr/api/15072696/v1/uddi:0131eccc-8fe1-4dd1-b83d-bc8824f6e939,경북,기초
남자,경상북도,기초수급,등급외,910,2022,https://api.odcloud.kr/api/15072696/v1/uddi:0131eccc-8fe1-4dd1-b83d-bc8824f6e939,경북,기초
여자,경상북도,일반,1등급,826,2022,https://api.odcloud.kr/api/15072696/v1/uddi:0131eccc-8fe1-4dd1-b83d-bc8824f6e939,경북,일반
여자,경상북도,일반,2등급,1698,2022,https://api.odcloud.kr/api/15072696/v1/uddi:0131eccc-8fe1-4dd1-b83d-bc8824f6e939,경북,일반
여자,경상북도,일반,3등급,5666,2022,https://api.odcloud.kr/api/15072696/v1/uddi:0131eccc-8fe1-4dd1-b83d-bc8824f6e939,경북,일반
여자,경상북도,일반,4등급,11406,2022,https://api.odcloud.kr/api/15072696/v1/uddi:0131eccc-8fe1-4dd1-b83d-bc8824f6e939,경북,일반
여자,경상북도,일반,5등급,3411,2022,https://api.odcloud.kr/api/15072696/v1/uddi:0131eccc-8fe1-4dd1-b83d-bc8824f6e939,경북,일반
여자,경상북도,일반,인지지원등급,534,2022,https://api.odcloud.kr/api/15072696/v1/uddi:0131eccc-8fe1-4dd1-b83d-bc8824f6e939,경북,일반
여자,경상북도,일반,등급외,5440,2022,https://api.odcloud.kr/api/15072696/v1/uddi:0131eccc-8fe1-4dd1-b83d-bc8824f6e939,경북,일반
여자,경상북도,감경,1등급,957,2022,https://api.odcloud.kr/api/15072696/v1/uddi:0131eccc-8fe1-4dd1-b83d-bc8824f6e939,경북,감경
여자,경상북도,감경,2등급,2181,2022,https://api.odcloud.kr/api/15072696/v1/uddi:0131eccc-8fe1-4dd1-b83d-bc8824f6e939,경북,감경
여자,경상북도,감경,3등급,6676,2022,https://api.odcloud.kr/api/15072696/v1/uddi:0131eccc-8fe1-4dd1-b83d-bc8824f6e939,경북,감경
여자,경상북도,감경,4등급,12050,2022,https://api.odcloud.kr/api/15072696/v1/uddi:0131eccc-8fe1-4dd1-b83d-bc8824f6e939,경북,감경
여자,경상북도,감경,5등급,3467,2022,https://api.odcloud.kr/api/15072696/v1/uddi:0131eccc-8fe1-4dd1-b83d-bc8824f6e939,경북,감경
여자,경상북도,감경,인지지원등급,425,2022,https://api.odcloud.kr/api/15072696/v1/uddi:0131eccc-8fe1-4dd1-b83d-bc8824f6e939,경북,감경
여자,경상북도,감경,등급외,276,2022,https://api.odcloud.kr/api/15072696/v1/uddi:0131eccc-8fe1-4dd1-b83d-bc8824f6e939,경북,감경
여자,경상북도,의료급여,1등급,22,2022,https://api.odcloud.kr/api/15072696/v1/uddi:0131eccc-8fe1-4dd1-b83d-bc8824f6e939,경북,의료급여
여자,경상북도,의료급여,2등급,61,2022,https://api.odcloud.kr/api/15072696/v1/uddi:0131eccc-8fe1-4dd1-b83d-bc8824f6e939,경북,의료급여
여자,경상북도,의료급여,3등급,190,2022,https://api.odcloud.kr/api/15072696/v1/uddi:0131eccc-8fe1-4dd1-b83d-bc8824f6e939,경북,의료급여
여자,경상북도,의료급여,4등급,351,2022,https://api.odcloud.kr/api/15072696/v1/uddi:0131eccc-8fe1-4dd1-b83d-bc8824f6e939,경북,의료급여
여자,경상북도,의료급여,5등급,82,2022,https://api.odcloud.kr/api/15072696/v1/uddi:0131eccc-8fe1-4dd1-b83d-bc8824f6e939,경북,의료급여
여자,경상북도,의료급여,인지지원등급,13,2022,https://api.odcloud.kr/api/15072696/v1/uddi:0131eccc-8fe1-4dd1-b83d-bc8824f6e939,경북,의료급여
여자,경상북도,의료급여,등급외,66,2022,https://api.odcloud.kr/api/15072696/v1/uddi:0131eccc-8fe1-4dd1-b83d-bc8824f6e939,경북,의료급여
여자,경상북도,기초수급,1등급,337,2022,https://api.odcloud.kr/api/15072696/v1/uddi:0131eccc-8fe1-4dd1-b83d-bc8824f6e939,경북,기초
여자,경상북도,기초수급,2등급,640,2022,https://api.odcloud.kr/api/15072696/v1/uddi:0131eccc-8fe1-4dd1-b83d-bc8824f6e939,경북,기초
여자,경상북도,기초수급,3등급,1962,2022,https://api.odcloud.kr/api/15072696/v1/uddi:0131eccc-8fe1-4dd1-b83d-bc8824f6e939,경북,기초
여자,경상북도,기초수급,4등급,3965,2022,https://api.odcloud.kr/api/15072696/v1/uddi:0131eccc-8fe1-4dd1-b83d-bc8824f6e939,경북,기초
여자,경상북도,기초수급,5등급,1116,2022,https://api.odcloud.kr/api/15072696/v1/uddi:0131eccc-8fe1-4dd1-b83d-bc8824f6e939,경북,기초
여자,경상북도,기초수급,인지지원등급,143,2022,https://api.odcloud.kr/api/15072696/v1/uddi:0131eccc-8fe1-4dd1-b83d-bc8824f6e939,경북,기초
여자,경상북도,기초수급,등급외,1609,2022,https://api.odcloud.kr/api/15072696/v1/uddi:0131eccc-8fe1-4dd1-b83d-bc8824f6e939,경북,기초
남자,경상남도,일반,1등급,349,2022,https://api.odcloud.kr/api/15072696/v1/uddi:0131eccc-8fe1-4dd1-b83d-bc8824f6e939,경남,일반
남자,경상남도,일반,2등급,741,2022,https://api.odcloud.kr/api/15072696/v1/uddi:0131eccc-8fe1-4dd1-b83d-bc8824f6e939,경남,일반
남자,경상남도,일반,3등급,2375,2022,https://api.odcloud.kr/api/15072696/v1/uddi:0131eccc-8fe1-4dd1-b83d-bc8824f6e939,경남,일반
남자,경상남도,일반,4등급,4647,2022,https://api.odcloud.kr/api/15072696/v1/uddi:0131eccc-8fe1-4dd1-b83d-bc8824f6e939,경남,일반
남자,경상남도,일반,5등급,1137,2022,https://api.odcloud.kr/api/15072696/v1/uddi:0131eccc-8fe1-4dd1-b83d-bc8824f6e939,경남,일반
남자,경상남도,일반,인지지원등급,198,2022,https://api.odcloud.kr/api/15072696/v1/uddi:0131eccc-8fe1-4dd1-b83d-bc8824f6e939,경남,일반
남자,경상남도,일반,등급외,2795,2022,https://api.odcloud.kr/api/15072696/v1/uddi:0131eccc-8fe1-4dd1-b83d-bc8824f6e939,경남,일반
남자,경상남도,감경,1등급,298,2022,https://api.odcloud.kr/api/15072696/v1/uddi:0131eccc-8fe1-4dd1-b83d-bc8824f6e939,경남,감경
남자,경상남도,감경,2등급,639,2022,https://api.odcloud.kr/api/15072696/v1/uddi:0131eccc-8fe1-4dd1-b83d-bc8824f6e939,경남,감경
남자,경상남도,감경,3등급,1996,2022,https://api.odcloud.kr/api/15072696/v1/uddi:0131eccc-8fe1-4dd1-b83d-bc8824f6e939,경남,감경
남자,경상남도,감경,4등급,3813,2022,https://api.odcloud.kr/api/15072696/v1/uddi:0131eccc-8fe1-4dd1-b83d-bc8824f6e939,경남,감경
남자,경상남도,감경,5등급,889,2022,https://api.odcloud.kr/api/15072696/v1/uddi:0131eccc-8fe1-4dd1-b83d-bc8824f6e939,경남,감경
남자,경상남도,감경,인지지원등급,170,2022,https://api.odcloud.kr/api/15072696/v1/uddi:0131eccc-8fe1-4dd1-b83d-bc8824f6e939,경남,감경
남자,경상남도,감경,등급외,126,2022,https://api.odcloud.kr/api/15072696/v1/uddi:0131eccc-8fe1-4dd1-b83d-bc8824f6e939,경남,감경
남자,경상남도,의료급여,1등급,7,2022,https://api.odcloud.kr/api/15072696/v1/uddi:0131eccc-8fe1-4dd1-b83d-bc8824f6e939,경남,의료급여
남자,경상남도,의료급여,2등급,19,2022,https://api.odcloud.kr/api/15072696/v1/uddi:0131eccc-8fe1-4dd1-b83d-bc8824f6e939,경남,의료급여
남자,경상남도,의료급여,3등급,42,2022,https://api.odcloud.kr/api/15072696/v1/uddi:0131eccc-8fe1-4dd1-b83d-bc8824f6e939,경남,의료급여
남자,경상남도,의료급여,4등급,82,2022,https://api.odcloud.kr/api/15072696/v1/uddi:0131eccc-8fe1-4dd1-b83d-bc8824f6e939,경남,의료급여
남자,경상남도,의료급여,5등급,20,2022,https://api.odcloud.kr/api/15072696/v1/uddi:0131eccc-8fe1-4dd1-b83d-bc8824f6e939,경남,의료급여
남자,경상남도,의료급여,인지지원등급,3,2022,https://api.odcloud.kr/api/15072696/v1/uddi:0131eccc-8fe1-4dd1-b83d-bc8824f6e939,경남,의료급여
남자,경상남도,의료급여,등급외,43,2022,https://api.odcloud.kr/api/15072696/v1/uddi:0131eccc-8fe1-4dd1-b83d-bc8824f6e939,경남,의료급여
남자,경상남도,기초수급,1등급,98,2022,https://api.odcloud.kr/api/15072696/v1/uddi:0131eccc-8fe1-4dd1-b83d-bc8824f6e939,경남,기초
남자,경상남도,기초수급,2등급,180,2022,https://api.odcloud.kr/api/15072696/v1/uddi:0131eccc-8fe1-4dd1-b83d-bc8824f6e939,경남,기초
남자,경상남도,기초수급,3등급,619,2022,https://api.odcloud.kr/api/15072696/v1/uddi:0131eccc-8fe1-4dd1-b83d-bc8824f6e939,경남,기초
남자,경상남도,기초수급,4등급,1527,2022,https://api.odcloud.kr/api/15072696/v1/uddi:0131eccc-8fe1-4dd1-b83d-bc8824f6e939,경남,기초
남자,경상남도,기초수급,5등급,412,2022,https://api.odcloud.kr/api/15072696/v1/uddi:0131eccc-8fe1-4dd1-b83d-bc8824f6e939,경남,기초
남자,경상남도,기초수급,인지지원등급,102,2022,https://api.odcloud.kr/api/15072696/v1/uddi:0131eccc-8fe1-4dd1-b83d-bc8824f6e939,경남,기초
남자,경상남도,기초수급,등급외,1070,2022,https://api.odcloud.kr/api/15072696/v1/uddi:0131eccc-8fe1-4dd1-b83d-bc8824f6e939,경남,기초
여자,경상남도,일반,1등급,913,2022,https://api.odcloud.kr/api/15072696/v1/uddi:0131eccc-8fe1-4dd1-b83d-bc8824f6e939,경남,일반
여자,경상남도,일반,2등급,1889,2022,https://api.odcloud.kr/api/15072696/v1/uddi:0131eccc-8fe1-4dd1-b83d-bc8824f6e939,경남,일반
여자,경상남도,일반,3등급,5664,2022,https://api.odcloud.kr/api/15072696/v1/uddi:0131eccc-8fe1-4dd1-b83d-bc8824f6e939,경남,일반
여자,경상남도,일반,4등급,12483,2022,https://api.odcloud.kr/api/15072696/v1/uddi:0131eccc-8fe1-4dd1-b83d-bc8824f6e939,경남,일반
여자,경상남도,일반,5등급,3220,2022,https://api.odcloud.kr/api/15072696/v1/uddi:0131eccc-8fe1-4dd1-b83d-bc8824f6e939,경남,일반
여자,경상남도,일반,인지지원등급,521,2022,https://api.odcloud.kr/api/15072696/v1/uddi:0131eccc-8fe1-4dd1-b83d-bc8824f6e939,경남,일반
여자,경상남도,일반,등급외,6070,2022,https://api.odcloud.kr/api/15072696/v1/uddi:0131eccc-8fe1-4dd1-b83d-bc8824f6e939,경남,일반
여자,경상남도,감경,1등급,1050,2022,https://api.odcloud.kr/api/15072696/v1/uddi:0131eccc-8fe1-4dd1-b83d-bc8824f6e939,경남,감경
여자,경상남도,감경,2등급,2375,2022,https://api.odcloud.kr/api/15072696/v1/uddi:0131eccc-8fe1-4dd1-b83d-bc8824f6e939,경남,감경
여자,경상남도,감경,3등급,6570,2022,https://api.odcloud.kr/api/15072696/v1/uddi:0131eccc-8fe1-4dd1-b83d-bc8824f6e939,경남,감경
여자,경상남도,감경,4등급,12889,2022,https://api.odcloud.kr/api/15072696/v1/uddi:0131eccc-8fe1-4dd1-b83d-bc8824f6e939,경남,감경
여자,경상남도,감경,5등급,3051,2022,https://api.odcloud.kr/api/15072696/v1/uddi:0131eccc-8fe1-4dd1-b83d-bc8824f6e939,경남,감경
여자,경상남도,감경,인지지원등급,403,2022,https://api.odcloud.kr/api/15072696/v1/uddi:0131eccc-8fe1-4dd1-b83d-bc8824f6e939,경남,감경
여자,경상남도,감경,등급외,275,2022,https://api.odcloud.kr/api/15072696/v1/uddi:0131eccc-8fe1-4dd1-b83d-bc8824f6e939,경남,감경
여자,경상남도,의료급여,1등급,32,2022,https://api.odcloud.kr/api/15072696/v1/uddi:0131eccc-8fe1-4dd1-b83d-bc8824f6e939,경남,의료급여
여자,경상남도,의료급여,2등급,81,2022,https://api.odcloud.kr/api/15072696/v1/uddi:0131eccc-8fe1-4dd1-b83d-bc8824f6e939,경남,의료급여
여자,경상남도,의료급여,3등급,178,2022,https://api.odcloud.kr/api/15072696/v1/uddi:0131eccc-8fe1-4dd1-b83d-bc8824f6e939,경남,의료급여
여자,경상남도,의료급여,4등급,359,2022,https://api.odcloud.kr/api/15072696/v1/uddi:0131eccc-8fe1-4dd1-b83d-bc8824f6e939,경남,의료급여
여자,경상남도,의료급여,5등급,84,2022,https://api.odcloud.kr/api/15072696/v1/uddi:0131eccc-8fe1-4dd1-b83d-bc8824f6e939,경남,의료급여
여자,경상남도,의료급여,인지지원등급,6,2022,https://api.odcloud.kr/api/15072696/v1/uddi:0131eccc-8fe1-4dd1-b83d-bc8824f6e939,경남,의료급여
여자,경상남도,의료급여,등급외,83,2022,https://api.odcloud.kr/api/15072696/v1/uddi:0131eccc-8fe1-4dd1-b83d-bc8824f6e939,경남,의료급여
여자,경상남도,기초수급,1등급,285,2022,https://api.odcloud.kr/api/15072696/v1/uddi:0131eccc-8fe1-4dd1-b83d-bc8824f6e939,경남,기초
여자,경상남도,기초수급,2등급,703,2022,https://api.odcloud.kr/api/15072696/v1/uddi:0131eccc-8fe1-4dd1-b83d-bc8824f6e939,경남,기초
여자,경상남도,기초수급,3등급,1763,2022,https://api.odcloud.kr/api/15072696/v1/uddi:0131eccc-8fe1-4dd1-b83d-bc8824f6e939,경남,기초
여자,경상남도,기초수급,4등급,4158,2022,https://api.odcloud.kr/api/15072696/v1/uddi:0131eccc-8fe1-4dd1-b83d-bc8824f6e939,경남,기초
여자,경상남도,기초수급,5등급,944,2022,https://api.odcloud.kr/api/15072696/v1/uddi:0131eccc-8fe1-4dd1-b83d-bc8824f6e939,경남,기초
여자,경상남도,기초수급,인지지원등급,134,2022,https://api.odcloud.kr/api/15072696/v1/uddi:0131eccc-8fe1-4dd1-b83d-bc8824f6e939,경남,기초
여자,경상남도,기초수급,등급외,1601,2022,https://api.odcloud.kr/api/15072696/v1/uddi:0131eccc-8fe1-4dd1-b83d-bc8824f6e939,경남,기초
남자,제주특별자치도,일반,1등급,126,2022,https://api.odcloud.kr/api/15072696/v1/uddi:0131eccc-8fe1-4dd1-b83d-bc8824f6e939,제주,일반
남자,제주특별자치도,일반,2등급,149,2022,https://api.odcloud.kr/api/15072696/v1/uddi:0131eccc-8fe1-4dd1-b83d-bc8824f6e939,제주,일반
남자,제주특별자치도,일반,3등급,462,2022,https://api.odcloud.kr/api/15072696/v1/uddi:0131eccc-8fe1-4dd1-b83d-bc8824f6e939,제주,일반
남자,제주특별자치도,일반,4등급,566,2022,https://api.odcloud.kr/api/15072696/v1/uddi:0131eccc-8fe1-4dd1-b83d-bc8824f6e939,제주,일반
남자,제주특별자치도,일반,5등급,142,2022,https://api.odcloud.kr/api/15072696/v1/uddi:0131eccc-8fe1-4dd1-b83d-bc8824f6e939,제주,일반
남자,제주특별자치도,일반,인지지원등급,45,2022,https://api.odcloud.kr/api/15072696/v1/uddi:0131eccc-8fe1-4dd1-b83d-bc8824f6e939,제주,일반
남자,제주특별자치도,일반,등급외,282,2022,https://api.odcloud.kr/api/15072696/v1/uddi:0131eccc-8fe1-4dd1-b83d-bc8824f6e939,제주,일반
남자,제주특별자치도,감경,1등급,66,2022,https://api.odcloud.kr/api/15072696/v1/uddi:0131eccc-8fe1-4dd1-b83d-bc8824f6e939,제주,감경
남자,제주특별자치도,감경,2등급,112,2022,https://api.odcloud.kr/api/15072696/v1/uddi:0131eccc-8fe1-4dd1-b83d-bc8824f6e939,제주,감경
남자,제주특별자치도,감경,3등급,297,2022,https://api.odcloud.kr/api/15072696/v1/uddi:0131eccc-8fe1-4dd1-b83d-bc8824f6e939,제주,감경
남자,제주특별자치도,감경,4등급,356,2022,https://api.odcloud.kr/api/15072696/v1/uddi:0131eccc-8fe1-4dd1-b83d-bc8824f6e939,제주,감경
남자,제주특별자치도,감경,5등급,87,2022,https://api.odcloud.kr/api/15072696/v1/uddi:0131eccc-8fe1-4dd1-b83d-bc8824f6e939,제주,감경
남자,제주특별자치도,감경,인지지원등급,30,2022,https://api.odcloud.kr/api/15072696/v1/uddi:0131eccc-8fe1-4dd1-b83d-bc8824f6e939,제주,감경
남자,제주특별자치도,감경,등급외,12,2022,https://api.odcloud.kr/api/15072696/v1/uddi:0131eccc-8fe1-4dd1-b83d-bc8824f6e939,제주,감경
남자,제주특별자치도,의료급여,1등급,3,2022,https://api.odcloud.kr/api/15072696/v1/uddi:0131eccc-8fe1-4dd1-b83d-bc8824f6e939,제주,의료급여
남자,제주특별자치도,의료급여,2등급,4,2022,https://api.odcloud.kr/api/15072696/v1/uddi:0131eccc-8fe1-4dd1-b83d-bc8824f6e939,제주,의료급여
남자,제주특별자치도,의료급여,3등급,17,2022,https://api.odcloud.kr/api/15072696/v1/uddi:0131eccc-8fe1-4dd1-b83d-bc8824f6e939,제주,의료급여
남자,제주특별자치도,의료급여,4등급,16,2022,https://api.odcloud.kr/api/15072696/v1/uddi:0131eccc-8fe1-4dd1-b83d-bc8824f6e939,제주,의료급여
남자,제주특별자치도,의료급여,5등급,4,2022,https://api.odcloud.kr/api/15072696/v1/uddi:0131eccc-8fe1-4dd1-b83d-bc8824f6e939,제주,의료급여
남자,제주특별자치도,의료급여,인지지원등급,0,2022,https://api.odcloud.kr/api/15072696/v1/uddi:0131eccc-8fe1-4dd1-b83d-bc8824f6e939,제주,의료급여
남자,제주특별자치도,의료급여,등급외,2,2022,https://api.odcloud.kr/api/15072696/v1/uddi:0131eccc-8fe1-4dd1-b83d-bc8824f6e939,제주,의료급여
남자,제주특별자치도,기초수급,1등급,46,2022,https://api.odcloud.kr/api/15072696/v1/uddi:0131eccc-8fe1-4dd1-b83d-bc8824f6e939,제주,기초
남자,제주특별자치도,기초수급,2등급,63,2022,https://api.odcloud.kr/api/15072696/v1/uddi:0131eccc-8fe1-4dd1-b83d-bc8824f6e939,제주,기초
남자,제주특별자치도,기초수급,3등급,138,2022,https://api.odcloud.kr/api/15072696/v1/uddi:0131eccc-8fe1-4dd1-b83d-bc8824f6e939,제주,기초
남자,제주특별자치도,기초수급,4등급,227,2022,https://api.odcloud.kr/api/15072696/v1/uddi:0131eccc-8fe1-4dd1-b83d-bc8824f6e939,제주,기초
남자,제주특별자치도,기초수급,5등급,39,2022,https://api.odcloud.kr/api/15072696/v1/uddi:0131eccc-8fe1-4dd1-b83d-bc8824f6e939,제주,기초
남자,제주특별자치도,기초수급,인지지원등급,15,2022,https://api.odcloud.kr/api/15072696/v1/uddi:0131eccc-8fe1-4dd1-b83d-bc8824f6e939,제주,기초
남자,제주특별자치도,기초수급,등급외,138,2022,https://api.odcloud.kr/api/15072696/v1/uddi:0131eccc-8fe1-4dd1-b83d-bc8824f6e939,제주,기초
여자,제주특별자치도,일반,1등급,322,2022,https://api.odcloud.kr/api/15072696/v1/uddi:0131eccc-8fe1-4dd1-b83d-bc8824f6e939,제주,일반
여자,제주특별자치도,일반,2등급,487,2022,https://api.odcloud.kr/api/15072696/v1/uddi:0131eccc-8fe1-4dd1-b83d-bc8824f6e939,제주,일반
여자,제주특별자치도,일반,3등급,1092,2022,https://api.odcloud.kr/api/15072696/v1/uddi:0131eccc-8fe1-4dd1-b83d-bc8824f6e939,제주,일반
여자,제주특별자치도,일반,4등급,1339,2022,https://api.odcloud.kr/api/15072696/v1/uddi:0131eccc-8fe1-4dd1-b83d-bc8824f6e939,제주,일반
여자,제주특별자치도,일반,5등급,281,2022,https://api.odcloud.kr/api/15072696/v1/uddi:0131eccc-8fe1-4dd1-b83d-bc8824f6e939,제주,일반
여자,제주특별자치도,일반,인지지원등급,113,2022,https://api.odcloud.kr/api/15072696/v1/uddi:0131eccc-8fe1-4dd1-b83d-bc8824f6e939,제주,일반
여자,제주특별자치도,일반,등급외,736,2022,https://api.odcloud.kr/api/15072696/v1/uddi:0131eccc-8fe1-4dd1-b83d-bc8824f6e939,제주,일반
여자,제주특별자치도,감경,1등급,252,2022,https://api.odcloud.kr/api/15072696/v1/uddi:0131eccc-8fe1-4dd1-b83d-bc8824f6e939,제주,감경
여자,제주특별자치도,감경,2등급,442,2022,https://api.odcloud.kr/api/15072696/v1/uddi:0131eccc-8fe1-4dd1-b83d-bc8824f6e939,제주,감경
여자,제주특별자치도,감경,3등급,997,2022,https://api.odcloud.kr/api/15072696/v1/uddi:0131eccc-8fe1-4dd1-b83d-bc8824f6e939,제주,감경
여자,제주특별자치도,감경,4등급,1072,2022,https://api.odcloud.kr/api/15072696/v1/uddi:0131eccc-8fe1-4dd1-b83d-bc8824f6e939,제주,감경
여자,제주특별자치도,감경,5등급,258,2022,https://api.odcloud.kr/api/15072696/v1/uddi:0131eccc-8fe1-4dd1-b83d-bc8824f6e939,제주,감경
여자,제주특별자치도,감경,인지지원등급,51,2022,https://api.odcloud.kr/api/15072696/v1/uddi:0131eccc-8fe1-4dd1-b83d-bc8824f6e939,제주,감경
여자,제주특별자치도,감경,등급외,33,2022,https://api.odcloud.kr/api/15072696/v1/uddi:0131eccc-8fe1-4dd1-b83d-bc8824f6e939,제주,감경
여자,제주특별자치도,의료급여,1등급,12,2022,https://api.odcloud.kr/api/15072696/v1/uddi:0131eccc-8fe1-4dd1-b83d-bc8824f6e939,제주,의료급여
여자,제주특별자치도,의료급여,2등급,26,2022,https://api.odcloud.kr/api/15072696/v1/uddi:0131eccc-8fe1-4dd1-b83d-bc8824f6e939,제주,의료급여
여자,제주특별자치도,의료급여,3등급,52,2022,https://api.odcloud.kr/api/15072696/v1/uddi:0131eccc-8fe1-4dd1-b83d-bc8824f6e939,제주,의료급여
여자,제주특별자치도,의료급여,4등급,33,2022,https://api.odcloud.kr/api/15072696/v1/uddi:0131eccc-8fe1-4dd1-b83d-bc8824f6e939,제주,의료급여
여자,제주특별자치도,의료급여,5등급,8,2022,https://api.odcloud.kr/api/15072696/v1/uddi:0131eccc-8fe1-4dd1-b83d-bc8824f6e939,제주,의료급여
여자,제주특별자치도,의료급여,인지지원등급,0,2022,https://api.odcloud.kr/api/15072696/v1/uddi:0131eccc-8fe1-4dd1-b83d-bc8824f6e939,제주,의료급여
여자,제주특별자치도,의료급여,등급외,15,2022,https://api.odcloud.kr/api/15072696/v1/uddi:0131eccc-8fe1-4dd1-b83d-bc8824f6e939,제주,의료급여
여자,제주특별자치도,기초수급,1등급,149,2022,https://api.odcloud.kr/api/15072696/v1/uddi:0131eccc-8fe1-4dd1-b83d-bc8824f6e939,제주,기초
여자,제주특별자치도,기초수급,2등급,181,2022,https://api.odcloud.kr/api/15072696/v1/uddi:0131eccc-8fe1-4dd1-b83d-bc8824f6e939,제주,기초
여자,제주특별자치도,기초수급,3등급,411,2022,https://api.odcloud.kr/api/15072696/v1/uddi:0131eccc-8fe1-4dd1-b83d-bc8824f6e939,제주,기초
여자,제주특별자치도,기초수급,4등급,469,2022,https://api.odcloud.kr/api/15072696/v1/uddi:0131eccc-8fe1-4dd1-b83d-bc8824f6e939,제주,기초
여자,제주특별자치도,기초수급,5등급,105,2022,https://api.odcloud.kr/api/15072696/v1/uddi:0131eccc-8fe1-4dd1-b83d-bc8824f6e939,제주,기초
여자,제주특별자치도,기초수급,인지지원등급,32,2022,https://api.odcloud.kr/api/15072696/v1/uddi:0131eccc-8fe1-4dd1-b83d-bc8824f6e939,제주,기초
여자,제주특별자치도,기초수급,등급외,300,2022,https://api.odcloud.kr/api/15072696/v1/uddi:0131eccc-8fe1-4dd1-b83d-bc8824f6e939,제주,기초
남자,서울특별시,일반,1등급,1794,2024,https://api.odcloud.kr/api/15072696/v1/uddi:130307ee-0834-4fc9-b557-d74af9424e8b,서울,일반
남자,서울특별시,일반,2등급,2705,2024,https://api.odcloud.kr/api/15072696/v1/uddi:130307ee-0834-4fc9-b557-d74af9424e8b,서울,일반
남자,서울특별시,일반,3등급,8227,2024,https://api.odcloud.kr/api/15072696/v1/uddi:130307ee-0834-4fc9-b557-d74af9424e8b,서울,일반
남자,서울특별시,일반,4등급,10946,2024,https://api.odcloud.kr/api/15072696/v1/uddi:130307ee-0834-4fc9-b557-d74af9424e8b,서울,일반
남자,서울특별시,일반,5등급,2533,2024,https://api.odcloud.kr/api/15072696/v1/uddi:130307ee-0834-4fc9-b557-d74af9424e8b,서울,일반
남자,서울특별시,일반,인지지원등급,595,2024,https://api.odcloud.kr/api/15072696/v1/uddi:130307ee-0834-4fc9-b557-d74af9424e8b,서울,일반
남자,서울특별시,일반,등급외,4054,2024,https://api.odcloud.kr/api/15072696/v1/uddi:130307ee-0834-4fc9-b557-d74af9424e8b,서울,일반
남자,서울특별시,감경,1등급,652,2024,https://api.odcloud.kr/api/15072696/v1/uddi:130307ee-0834-4fc9-b557-d74af9424e8b,서울,감경
남자,서울특별시,감경,2등급,1223,2024,https://api.odcloud.kr/api/15072696/v1/uddi:130307ee-0834-4fc9-b557-d74af9424e8b,서울,감경
남자,서울특별시,감경,3등급,3863,2024,https://api.odcloud.kr/api/15072696/v1/uddi:130307ee-0834-4fc9-b557-d74af9424e8b,서울,감경
남자,서울특별시,감경,4등급,5332,2024,https://api.odcloud.kr/api/15072696/v1/uddi:130307ee-0834-4fc9-b557-d74af9424e8b,서울,감경
남자,서울특별시,감경,5등급,1229,2024,https://api.odcloud.kr/api/15072696/v1/uddi:130307ee-0834-4fc9-b557-d74af9424e8b,서울,감경
남자,서울특별시,감경,인지지원등급,260,2024,https://api.odcloud.kr/api/15072696/v1/uddi:130307ee-0834-4fc9-b557-d74af9424e8b,서울,감경
남자,서울특별시,감경,등급외,214,2024,https://api.odcloud.kr/api/15072696/v1/uddi:130307ee-0834-4fc9-b557-d74af9424e8b,서울,감경
남자,서울특별시,의료급여,1등급,12,2024,https://api.odcloud.kr/api/15072696/v1/uddi:130307ee-0834-4fc9-b557-d74af9424e8b,서울,의료급여
남자,서울특별시,의료급여,2등급,28,2024,https://api.odcloud.kr/api/15072696/v1/uddi:130307ee-0834-4fc9-b557-d74af9424e8b,서울,의료급여
남자,서울특별시,의료급여,3등급,83,2024,https://api.odcloud.kr/api/15072696/v1/uddi:130307ee-0834-4fc9-b557-d74af9424e8b,서울,의료급여
남자,서울특별시,의료급여,4등급,112,2024,https://api.odcloud.kr/api/15072696/v1/uddi:130307ee-0834-4fc9-b557-d74af9424e8b,서울,의료급여
남자,서울특별시,의료급여,5등급,21,2024,https://api.odcloud.kr/api/15072696/v1/uddi:130307ee-0834-4fc9-b557-d74af9424e8b,서울,의료급여
남자,서울특별시,의료급여,인지지원등급,2,2024,https://api.odcloud.kr/api/15072696/v1/uddi:130307ee-0834-4fc9-b557-d74af9424e8b,서울,의료급여
남자,서울특별시,의료급여,등급외,43,2024,https://api.odcloud.kr/api/15072696/v1/uddi:130307ee-0834-4fc9-b557-d74af9424e8b,서울,의료급여
남자,서울특별시,기초수급,1등급,317,2024,https://api.odcloud.kr/api/15072696/v1/uddi:130307ee-0834-4fc9-b557-d74af9424e8b,서울,기초
남자,서울특별시,기초수급,2등급,499,2024,https://api.odcloud.kr/api/15072696/v1/uddi:130307ee-0834-4fc9-b557-d74af9424e8b,서울,기초
남자,서울특별시,기초수급,3등급,1714,2024,https://api.odcloud.kr/api/15072696/v1/uddi:130307ee-0834-4fc9-b557-d74af9424e8b,서울,기초
남자,서울특별시,기초수급,4등급,3505,2024,https://api.odcloud.kr/api/15072696/v1/uddi:130307ee-0834-4fc9-b557-d74af9424e8b,서울,기초
남자,서울특별시,기초수급,5등급,717,2024,https://api.odcloud.kr/api/15072696/v1/uddi:130307ee-0834-4fc9-b557-d74af9424e8b,서울,기초
남자,서울특별시,기초수급,인지지원등급,205,2024,https://api.odcloud.kr/api/15072696/v1/uddi:130307ee-0834-4fc9-b557-d74af9424e8b,서울,기초
남자,서울특별시,기초수급,등급외,2028,2024,https://api.odcloud.kr/api/15072696/v1/uddi:130307ee-0834-4fc9-b557-d74af9424e8b,서울,기초
여자,서울특별시,일반,1등급,3912,2024,https://api.odcloud.kr/api/15072696/v1/uddi:130307ee-0834-4fc9-b557-d74af9424e8b,서울,일반
여자,서울특별시,일반,2등급,6269,2024,https://api.odcloud.kr/api/15072696/v1/uddi:130307ee-0834-4fc9-b557-d74af9424e8b,서울,일반
여자,서울특별시,일반,3등급,16198,2024,https://api.odcloud.kr/api/15072696/v1/uddi:130307ee-0834-4fc9-b557-d74af9424e8b,서울,일반
여자,서울특별시,일반,4등급,23724,2024,https://api.odcloud.kr/api/15072696/v1/uddi:130307ee-0834-4fc9-b557-d74af9424e8b,서울,일반
여자,서울특별시,일반,5등급,5426,2024,https://api.odcloud.kr/api/15072696/v1/uddi:130307ee-0834-4fc9-b557-d74af9424e8b,서울,일반
여자,서울특별시,일반,인지지원등급,1403,2024,https://api.odcloud.kr/api/15072696/v1/uddi:130307ee-0834-4fc9-b557-d74af9424e8b,서울,일반
여자,서울특별시,일반,등급외,7784,2024,https://api.odcloud.kr/api/15072696/v1/uddi:130307ee-0834-4fc9-b557-d74af9424e8b,서울,일반
여자,서울특별시,감경,1등급,1914,2024,https://api.odcloud.kr/api/15072696/v1/uddi:130307ee-0834-4fc9-b557-d74af9424e8b,서울,감경
여자,서울특별시,감경,2등급,3610,2024,https://api.odcloud.kr/api/15072696/v1/uddi:130307ee-0834-4fc9-b557-d74af9424e8b,서울,감경
여자,서울특별시,감경,3등급,9541,2024,https://api.odcloud.kr/api/15072696/v1/uddi:130307ee-0834-4fc9-b557-d74af9424e8b,서울,감경
여자,서울특별시,감경,4등급,13078,2024,https://api.odcloud.kr/api/15072696/v1/uddi:130307ee-0834-4fc9-b557-d74af9424e8b,서울,감경
여자,서울특별시,감경,5등급,2526,2024,https://api.odcloud.kr/api/15072696/v1/uddi:130307ee-0834-4fc9-b557-d74af9424e8b,서울,감경
여자,서울특별시,감경,인지지원등급,640,2024,https://api.odcloud.kr/api/15072696/v1/uddi:130307ee-0834-4fc9-b557-d74af9424e8b,서울,감경
여자,서울특별시,감경,등급외,456,2024,https://api.odcloud.kr/api/15072696/v1/uddi:130307ee-0834-4fc9-b557-d74af9424e8b,서울,감경
여자,서울특별시,의료급여,1등급,54,2024,https://api.odcloud.kr/api/15072696/v1/uddi:130307ee-0834-4fc9-b557-d74af9424e8b,서울,의료급여
여자,서울특별시,의료급여,2등급,82,2024,https://api.odcloud.kr/api/15072696/v1/uddi:130307ee-0834-4fc9-b557-d74af9424e8b,서울,의료급여
여자,서울특별시,의료급여,3등급,223,2024,https://api.odcloud.kr/api/15072696/v1/uddi:130307ee-0834-4fc9-b557-d74af9424e8b,서울,의료급여
여자,서울특별시,의료급여,4등급,321,2024,https://api.odcloud.kr/api/15072696/v1/uddi:130307ee-0834-4fc9-b557-d74af9424e8b,서울,의료급여
여자,서울특별시,의료급여,5등급,57,2024,https://api.odcloud.kr/api/15072696/v1/uddi:130307ee-0834-4fc9-b557-d74af9424e8b,서울,의료급여
여자,서울특별시,의료급여,인지지원등급,10,2024,https://api.odcloud.kr/api/15072696/v1/uddi:130307ee-0834-4fc9-b557-d74af9424e8b,서울,의료급여
여자,서울특별시,의료급여,등급외,79,2024,https://api.odcloud.kr/api/15072696/v1/uddi:130307ee-0834-4fc9-b557-d74af9424e8b,서울,의료급여
여자,서울특별시,기초수급,1등급,841,2024,https://api.odcloud.kr/api/15072696/v1/uddi:130307ee-0834-4fc9-b557-d74af9424e8b,서울,기초
여자,서울특별시,기초수급,2등급,1509,2024,https://api.odcloud.kr/api/15072696/v1/uddi:130307ee-0834-4fc9-b557-d74af9424e8b,서울,기초
여자,서울특별시,기초수급,3등급,4113,2024,https://api.odcloud.kr/api/15072696/v1/uddi:130307ee-0834-4fc9-b557-d74af9424e8b,서울,기초
여자,서울특별시,기초수급,4등급,7424,2024,https://api.odcloud.kr/api/15072696/v1/uddi:130307ee-0834-4fc9-b557-d74af9424e8b,서울,기초
여자,서울특별시,기초수급,5등급,1320,2024,https://api.odcloud.kr/api/15072696/v1/uddi:130307ee-0834-4fc9-b557-d74af9424e8b,서울,기초
여자,서울특별시,기초수급,인지지원등급,296,2024,https://api.odcloud.kr/api/15072696/v1/uddi:130307ee-0834-4fc9-b557-d74af9424e8b,서울,기초
여자,서울특별시,기초수급,등급외,2638,2024,https://api.odcloud.kr/api/15072696/v1/uddi:130307ee-0834-4fc9-b557-d74af9424e8b,서울,기초
남자,부산광역시,일반,1등급,408,2024,https://api.odcloud.kr/api/15072696/v1/uddi:130307ee-0834-4fc9-b557-d74af9424e8b,부산,일반
남자,부산광역시,일반,2등급,789,2024,https://api.odcloud.kr/api/15072696/v1/uddi:130307ee-0834-4fc9-b557-d74af9424e8b,부산,일반
남자,부산광역시,일반,3등급,2943,2024,https://api.odcloud.kr/api/15072696/v1/uddi:130307ee-0834-4fc9-b557-d74af9424e8b,부산,일반
남자,부산광역시,일반,4등급,4675,2024,https://api.odcloud.kr/api/15072696/v1/uddi:130307ee-0834-4fc9-b557-d74af9424e8b,부산,일반
남자,부산광역시,일반,5등급,931,2024,https://api.odcloud.kr/api/15072696/v1/uddi:130307ee-0834-4fc9-b557-d74af9424e8b,부산,일반
남자,부산광역시,일반,인지지원등급,189,2024,https://api.odcloud.kr/api/15072696/v1/uddi:130307ee-0834-4fc9-b557-d74af9424e8b,부산,일반
남자,부산광역시,일반,등급외,2583,2024,https://api.odcloud.kr/api/15072696/v1/uddi:130307ee-0834-4fc9-b557-d74af9424e8b,부산,일반
남자,부산광역시,감경,1등급,308,2024,https://api.odcloud.kr/api/15072696/v1/uddi:130307ee-0834-4fc9-b557-d74af9424e8b,부산,감경
남자,부산광역시,감경,2등급,616,2024,https://api.odcloud.kr/api/15072696/v1/uddi:130307ee-0834-4fc9-b557-d74af9424e8b,부산,감경
남자,부산광역시,감경,3등급,2218,2024,https://api.odcloud.kr/api/15072696/v1/uddi:130307ee-0834-4fc9-b557-d74af9424e8b,부산,감경
남자,부산광역시,감경,4등급,3779,2024,https://api.odcloud.kr/api/15072696/v1/uddi:130307ee-0834-4fc9-b557-d74af9424e8b,부산,감경
남자,부산광역시,감경,5등급,656,2024,https://api.odcloud.kr/api/15072696/v1/uddi:130307ee-0834-4fc9-b557-d74af9424e8b,부산,감경
남자,부산광역시,감경,인지지원등급,145,2024,https://api.odcloud.kr/api/15072696/v1/uddi:130307ee-0834-4fc9-b557-d74af9424e8b,부산,감경
남자,부산광역시,감경,등급외,158,2024,https://api.odcloud.kr/api/15072696/v1/uddi:130307ee-0834-4fc9-b557-d74af9424e8b,부산,감경
남자,부산광역시,의료급여,1등급,5,2024,https://api.odcloud.kr/api/15072696/v1/uddi:130307ee-0834-4fc9-b557-d74af9424e8b,부산,의료급여
남자,부산광역시,의료급여,2등급,13,2024,https://api.odcloud.kr/api/15072696/v1/uddi:130307ee-0834-4fc9-b557-d74af9424e8b,부산,의료급여
남자,부산광역시,의료급여,3등급,52,2024,https://api.odcloud.kr/api/15072696/v1/uddi:130307ee-0834-4fc9-b557-d74af9424e8b,부산,의료급여
남자,부산광역시,의료급여,4등급,84,2024,https://api.odcloud.kr/api/15072696/v1/uddi:130307ee-0834-4fc9-b557-d74af9424e8b,부산,의료급여
남자,부산광역시,의료급여,5등급,8,2024,https://api.odcloud.kr/api/15072696/v1/uddi:130307ee-0834-4fc9-b557-d74af9424e8b,부산,의료급여
남자,부산광역시,의료급여,인지지원등급,1,2024,https://api.odcloud.kr/api/15072696/v1/uddi:130307ee-0834-4fc9-b557-d74af9424e8b,부산,의료급여
남자,부산광역시,의료급여,등급외,25,2024,https://api.odcloud.kr/api/15072696/v1/uddi:130307ee-0834-4fc9-b557-d74af9424e8b,부산,의료급여
남자,부산광역시,기초수급,1등급,125,2024,https://api.odcloud.kr/api/15072696/v1/uddi:130307ee-0834-4fc9-b557-d74af9424e8b,부산,기초
남자,부산광역시,기초수급,2등급,236,2024,https://api.odcloud.kr/api/15072696/v1/uddi:130307ee-0834-4fc9-b557-d74af9424e8b,부산,기초
남자,부산광역시,기초수급,3등급,901,2024,https://api.odcloud.kr/api/15072696/v1/uddi:130307ee-0834-4fc9-b557-d74af9424e8b,부산,기초
남자,부산광역시,기초수급,4등급,2134,2024,https://api.odcloud.kr/api/15072696/v1/uddi:130307ee-0834-4fc9-b557-d74af9424e8b,부산,기초
남자,부산광역시,기초수급,5등급,464,2024,https://api.odcloud.kr/api/15072696/v1/uddi:130307ee-0834-4fc9-b557-d74af9424e8b,부산,기초
남자,부산광역시,기초수급,인지지원등급,108,2024,https://api.odcloud.kr/api/15072696/v1/uddi:130307ee-0834-4fc9-b557-d74af9424e8b,부산,기초
남자,부산광역시,기초수급,등급외,1528,2024,https://api.odcloud.kr/api/15072696/v1/uddi:130307ee-0834-4fc9-b557-d74af9424e8b,부산,기초
여자,부산광역시,일반,1등급,1037,2024,https://api.odcloud.kr/api/15072696/v1/uddi:130307ee-0834-4fc9-b557-d74af9424e8b,부산,일반
여자,부산광역시,일반,2등급,1853,2024,https://api.odcloud.kr/api/15072696/v1/uddi:130307ee-0834-4fc9-b557-d74af9424e8b,부산,일반
여자,부산광역시,일반,3등급,5869,2024,https://api.odcloud.kr/api/15072696/v1/uddi:130307ee-0834-4fc9-b557-d74af9424e8b,부산,일반
여자,부산광역시,일반,4등급,10526,2024,https://api.odcloud.kr/api/15072696/v1/uddi:130307ee-0834-4fc9-b557-d74af9424e8b,부산,일반
여자,부산광역시,일반,5등급,2113,2024,https://api.odcloud.kr/api/15072696/v1/uddi:130307ee-0834-4fc9-b557-d74af9424e8b,부산,일반
여자,부산광역시,일반,인지지원등급,483,2024,https://api.odcloud.kr/api/15072696/v1/uddi:130307ee-0834-4fc9-b557-d74af9424e8b,부산,일반
여자,부산광역시,일반,등급외,4807,2024,https://api.odcloud.kr/api/15072696/v1/uddi:130307ee-0834-4fc9-b557-d74af9424e8b,부산,일반
여자,부산광역시,감경,1등급,981,2024,https://api.odcloud.kr/api/15072696/v1/uddi:130307ee-0834-4fc9-b557-d74af9424e8b,부산,감경
여자,부산광역시,감경,2등급,1761,2024,https://api.odcloud.kr/api/15072696/v1/uddi:130307ee-0834-4fc9-b557-d74af9424e8b,부산,감경
여자,부산광역시,감경,3등급,5341,2024,https://api.odcloud.kr/api/15072696/v1/uddi:130307ee-0834-4fc9-b557-d74af9424e8b,부산,감경
여자,부산광역시,감경,4등급,8832,2024,https://api.odcloud.kr/api/15072696/v1/uddi:130307ee-0834-4fc9-b557-d74af9424e8b,부산,감경
여자,부산광역시,감경,5등급,1581,2024,https://api.odcloud.kr/api/15072696/v1/uddi:130307ee-0834-4fc9-b557-d74af9424e8b,부산,감경
여자,부산광역시,감경,인지지원등급,327,2024,https://api.odcloud.kr/api/15072696/v1/uddi:130307ee-0834-4fc9-b557-d74af9424e8b,부산,감경
여자,부산광역시,감경,등급외,353,2024,https://api.odcloud.kr/api/15072696/v1/uddi:130307ee-0834-4fc9-b557-d74af9424e8b,부산,감경
여자,부산광역시,의료급여,1등급,19,2024,https://api.odcloud.kr/api/15072696/v1/uddi:130307ee-0834-4fc9-b557-d74af9424e8b,부산,의료급여
여자,부산광역시,의료급여,2등급,56,2024,https://api.odcloud.kr/api/15072696/v1/uddi:130307ee-0834-4fc9-b557-d74af9424e8b,부산,의료급여
여자,부산광역시,의료급여,3등급,143,2024,https://api.odcloud.kr/api/15072696/v1/uddi:130307ee-0834-4fc9-b557-d74af9424e8b,부산,의료급여
여자,부산광역시,의료급여,4등급,218,2024,https://api.odcloud.kr/api/15072696/v1/uddi:130307ee-0834-4fc9-b557-d74af9424e8b,부산,의료급여
여자,부산광역시,의료급여,5등급,28,2024,https://api.odcloud.kr/api/15072696/v1/uddi:130307ee-0834-4fc9-b557-d74af9424e8b,부산,의료급여
여자,부산광역시,의료급여,인지지원등급,7,2024,https://api.odcloud.kr/api/15072696/v1/uddi:130307ee-0834-4fc9-b557-d74af9424e8b,부산,의료급여
여자,부산광역시,의료급여,등급외,69,2024,https://api.odcloud.kr/api/15072696/v1/uddi:130307ee-0834-4fc9-b557-d74af9424e8b,부산,의료급여
여자,부산광역시,기초수급,1등급,411,2024,https://api.odcloud.kr/api/15072696/v1/uddi:130307ee-0834-4fc9-b557-d74af9424e8b,부산,기초
여자,부산광역시,기초수급,2등급,794,2024,https://api.odcloud.kr/api/15072696/v1/uddi:130307ee-0834-4fc9-b557-d74af9424e8b,부산,기초
여자,부산광역시,기초수급,3등급,2259,2024,https://api.odcloud.kr/api/15072696/v1/uddi:130307ee-0834-4fc9-b557-d74af9424e8b,부산,기초
여자,부산광역시,기초수급,4등급,5172,2024,https://api.odcloud.kr/api/15072696/v1/uddi:130307ee-0834-4fc9-b557-d74af9424e8b,부산,기초
여자,부산광역시,기초수급,5등급,808,2024,https://api.odcloud.kr/api/15072696/v1/uddi:130307ee-0834-4fc9-b557-d74af9424e8b,부산,기초
여자,부산광역시,기초수급,인지지원등급,152,2024,https://api.odcloud.kr/api/15072696/v1/uddi:130307ee-0834-4fc9-b557-d74af9424e8b,부산,기초
여자,부산광역시,기초수급,등급외,2085,2024,https://api.odcloud.kr/api/15072696/v1/uddi:130307ee-0834-4fc9-b557-d74af9424e8b,부산,기초
남자,대구광역시,일반,1등급,237,2024,https://api.odcloud.kr/api/15072696/v1/uddi:130307ee-0834-4fc9-b557-d74af9424e8b,대구,일반
남자,대구광역시,일반,2등급,531,2024,https://api.odcloud.kr/api/15072696/v1/uddi:130307ee-0834-4fc9-b557-d74af9424e8b,대구,일반
남자,대구광역시,일반,3등급,2013,2024,https://api.odcloud.kr/api/15072696/v1/uddi:130307ee-0834-4fc9-b557-d74af9424e8b,대구,일반
남자,대구광역시,일반,4등급,3072,2024,https://api.odcloud.kr/api/15072696/v1/uddi:130307ee-0834-4fc9-b557-d74af9424e8b,대구,일반
남자,대구광역시,일반,5등급,849,2024,https://api.odcloud.kr/api/15072696/v1/uddi:130307ee-0834-4fc9-b557-d74af9424e8b,대구,일반
남자,대구광역시,일반,인지지원등급,173,2024,https://api.odcloud.kr/api/15072696/v1/uddi:130307ee-0834-4fc9-b557-d74af9424e8b,대구,일반
남자,대구광역시,일반,등급외,1313,2024,https://api.odcloud.kr/api/15072696/v1/uddi:130307ee-0834-4fc9-b557-d74af9424e8b,대구,일반
남자,대구광역시,감경,1등급,172,2024,https://api.odcloud.kr/api/15072696/v1/uddi:130307ee-0834-4fc9-b557-d74af9424e8b,대구,감경
남자,대구광역시,감경,2등급,400,2024,https://api.odcloud.kr/api/15072696/v1/uddi:130307ee-0834-4fc9-b557-d74af9424e8b,대구,감경
남자,대구광역시,감경,3등급,1358,2024,https://api.odcloud.kr/api/15072696/v1/uddi:130307ee-0834-4fc9-b557-d74af9424e8b,대구,감경
남자,대구광역시,감경,4등급,2197,2024,https://api.odcloud.kr/api/15072696/v1/uddi:130307ee-0834-4fc9-b557-d74af9424e8b,대구,감경
남자,대구광역시,감경,5등급,600,2024,https://api.odcloud.kr/api/15072696/v1/uddi:130307ee-0834-4fc9-b557-d74af9424e8b,대구,감경
남자,대구광역시,감경,인지지원등급,115,2024,https://api.odcloud.kr/api/15072696/v1/uddi:130307ee-0834-4fc9-b557-d74af9424e8b,대구,감경
남자,대구광역시,감경,등급외,86,2024,https://api.odcloud.kr/api/15072696/v1/uddi:130307ee-0834-4fc9-b557-d74af9424e8b,대구,감경
남자,대구광역시,의료급여,1등급,8,2024,https://api.odcloud.kr/api/15072696/v1/uddi:130307ee-0834-4fc9-b557-d74af9424e8b,대구,의료급여
남자,대구광역시,의료급여,2등급,15,2024,https://api.odcloud.kr/api/15072696/v1/uddi:130307ee-0834-4fc9-b557-d74af9424e8b,대구,의료급여
남자,대구광역시,의료급여,3등급,50,2024,https://api.odcloud.kr/api/15072696/v1/uddi:130307ee-0834-4fc9-b557-d74af9424e8b,대구,의료급여
남자,대구광역시,의료급여,4등급,92,2024,https://api.odcloud.kr/api/15072696/v1/uddi:130307ee-0834-4fc9-b557-d74af9424e8b,대구,의료급여
남자,대구광역시,의료급여,5등급,18,2024,https://api.odcloud.kr/api/15072696/v1/uddi:130307ee-0834-4fc9-b557-d74af9424e8b,대구,의료급여
남자,대구광역시,의료급여,인지지원등급,6,2024,https://api.odcloud.kr/api/15072696/v1/uddi:130307ee-0834-4fc9-b557-d74af9424e8b,대구,의료급여
남자,대구광역시,의료급여,등급외,30,2024,https://api.odcloud.kr/api/15072696/v1/uddi:130307ee-0834-4fc9-b557-d74af9424e8b,대구,의료급여
남자,대구광역시,기초수급,1등급,103,2024,https://api.odcloud.kr/api/15072696/v1/uddi:130307ee-0834-4fc9-b557-d74af9424e8b,대구,기초
남자,대구광역시,기초수급,2등급,188,2024,https://api.odcloud.kr/api/15072696/v1/uddi:130307ee-0834-4fc9-b557-d74af9424e8b,대구,기초
남자,대구광역시,기초수급,3등급,662,2024,https://api.odcloud.kr/api/15072696/v1/uddi:130307ee-0834-4fc9-b557-d74af9424e8b,대구,기초
남자,대구광역시,기초수급,4등급,1247,2024,https://api.odcloud.kr/api/15072696/v1/uddi:130307ee-0834-4fc9-b557-d74af9424e8b,대구,기초
남자,대구광역시,기초수급,5등급,451,2024,https://api.odcloud.kr/api/15072696/v1/uddi:130307ee-0834-4fc9-b557-d74af9424e8b,대구,기초
남자,대구광역시,기초수급,인지지원등급,77,2024,https://api.odcloud.kr/api/15072696/v1/uddi:130307ee-0834-4fc9-b557-d74af9424e8b,대구,기초
남자,대구광역시,기초수급,등급외,736,2024,https://api.odcloud.kr/api/15072696/v1/uddi:130307ee-0834-4fc9-b557-d74af9424e8b,대구,기초
여자,대구광역시,일반,1등급,629,2024,https://api.odcloud.kr/api/15072696/v1/uddi:130307ee-0834-4fc9-b557-d74af9424e8b,대구,일반
여자,대구광역시,일반,2등급,1422,2024,https://api.odcloud.kr/api/15072696/v1/uddi:130307ee-0834-4fc9-b557-d74af9424e8b,대구,일반
여자,대구광역시,일반,3등급,4100,2024,https://api.odcloud.kr/api/15072696/v1/uddi:130307ee-0834-4fc9-b557-d74af9424e8b,대구,일반
여자,대구광역시,일반,4등급,6826,2024,https://api.odcloud.kr/api/15072696/v1/uddi:130307ee-0834-4fc9-b557-d74af9424e8b,대구,일반
여자,대구광역시,일반,5등급,1976,2024,https://api.odcloud.kr/api/15072696/v1/uddi:130307ee-0834-4fc9-b557-d74af9424e8b,대구,일반
여자,대구광역시,일반,인지지원등급,346,2024,https://api.odcloud.kr/api/15072696/v1/uddi:130307ee-0834-4fc9-b557-d74af9424e8b,대구,일반
여자,대구광역시,일반,등급외,2728,2024,https://api.odcloud.kr/api/15072696/v1/uddi:130307ee-0834-4fc9-b557-d74af9424e8b,대구,일반
여자,대구광역시,감경,1등급,589,2024,https://api.odcloud.kr/api/15072696/v1/uddi:130307ee-0834-4fc9-b557-d74af9424e8b,대구,감경
여자,대구광역시,감경,2등급,1342,2024,https://api.odcloud.kr/api/15072696/v1/uddi:130307ee-0834-4fc9-b557-d74af9424e8b,대구,감경
여자,대구광역시,감경,3등급,3927,2024,https://api.odcloud.kr/api/15072696/v1/uddi:130307ee-0834-4fc9-b557-d74af9424e8b,대구,감경
여자,대구광역시,감경,4등급,5886,2024,https://api.odcloud.kr/api/15072696/v1/uddi:130307ee-0834-4fc9-b557-d74af9424e8b,대구,감경
여자,대구광역시,감경,5등급,1626,2024,https://api.odcloud.kr/api/15072696/v1/uddi:130307ee-0834-4fc9-b557-d74af9424e8b,대구,감경
여자,대구광역시,감경,인지지원등급,223,2024,https://api.odcloud.kr/api/15072696/v1/uddi:130307ee-0834-4fc9-b557-d74af9424e8b,대구,감경
여자,대구광역시,감경,등급외,203,2024,https://api.odcloud.kr/api/15072696/v1/uddi:130307ee-0834-4fc9-b557-d74af9424e8b,대구,감경
여자,대구광역시,의료급여,1등급,29,2024,https://api.odcloud.kr/api/15072696/v1/uddi:130307ee-0834-4fc9-b557-d74af9424e8b,대구,의료급여
여자,대구광역시,의료급여,2등급,55,2024,https://api.odcloud.kr/api/15072696/v1/uddi:130307ee-0834-4fc9-b557-d74af9424e8b,대구,의료급여
여자,대구광역시,의료급여,3등급,181,2024,https://api.odcloud.kr/api/15072696/v1/uddi:130307ee-0834-4fc9-b557-d74af9424e8b,대구,의료급여
여자,대구광역시,의료급여,4등급,249,2024,https://api.odcloud.kr/api/15072696/v1/uddi:130307ee-0834-4fc9-b557-d74af9424e8b,대구,의료급여
여자,대구광역시,의료급여,5등급,78,2024,https://api.odcloud.kr/api/15072696/v1/uddi:130307ee-0834-4fc9-b557-d74af9424e8b,대구,의료급여
여자,대구광역시,의료급여,인지지원등급,4,2024,https://api.odcloud.kr/api/15072696/v1/uddi:130307ee-0834-4fc9-b557-d74af9424e8b,대구,의료급여
여자,대구광역시,의료급여,등급외,45,2024,https://api.odcloud.kr/api/15072696/v1/uddi:130307ee-0834-4fc9-b557-d74af9424e8b,대구,의료급여
여자,대구광역시,기초수급,1등급,299,2024,https://api.odcloud.kr/api/15072696/v1/uddi:130307ee-0834-4fc9-b557-d74af9424e8b,대구,기초
여자,대구광역시,기초수급,2등급,572,2024,https://api.odcloud.kr/api/15072696/v1/uddi:130307ee-0834-4fc9-b557-d74af9424e8b,대구,기초
여자,대구광역시,기초수급,3등급,1665,2024,https://api.odcloud.kr/api/15072696/v1/uddi:130307ee-0834-4fc9-b557-d74af9424e8b,대구,기초
여자,대구광역시,기초수급,4등급,3009,2024,https://api.odcloud.kr/api/15072696/v1/uddi:130307ee-0834-4fc9-b557-d74af9424e8b,대구,기초
여자,대구광역시,기초수급,5등급,921,2024,https://api.odcloud.kr/api/15072696/v1/uddi:130307ee-0834-4fc9-b557-d74af9424e8b,대구,기초
여자,대구광역시,기초수급,인지지원등급,130,2024,https://api.odcloud.kr/api/15072696/v1/uddi:130307ee-0834-4fc9-b557-d74af9424e8b,대구,기초
여자,대구광역시,기초수급,등급외,1010,2024,https://api.odcloud.kr/api/15072696/v1/uddi:130307ee-0834-4fc9-b557-d74af9424e8b,대구,기초
남자,인천광역시,일반,1등급,306,2024,https://api.odcloud.kr/api/15072696/v1/uddi:130307ee-0834-4fc9-b557-d74af9424e8b,인천,일반
남자,인천광역시,일반,2등급,604,2024,https://api.odcloud.kr/api/15072696/v1/uddi:130307ee-0834-4fc9-b557-d74af9424e8b,인천,일반
남자,인천광역시,일반,3등급,2046,2024,https://api.odcloud.kr/api/15072696/v1/uddi:130307ee-0834-4fc9-b557-d74af9424e8b,인천,일반
남자,인천광역시,일반,4등급,3074,2024,https://api.odcloud.kr/api/15072696/v1/uddi:130307ee-0834-4fc9-b557-d74af9424e8b,인천,일반
남자,인천광역시,일반,5등급,639,2024,https://api.odcloud.kr/api/15072696/v1/uddi:130307ee-0834-4fc9-b557-d74af9424e8b,인천,일반
남자,인천광역시,일반,인지지원등급,111,2024,https://api.odcloud.kr/api/15072696/v1/uddi:130307ee-0834-4fc9-b557-d74af9424e8b,인천,일반
남자,인천광역시,일반,등급외,1398,2024,https://api.odcloud.kr/api/15072696/v1/uddi:130307ee-0834-4fc9-b557-d74af9424e8b,인천,일반
남자,인천광역시,감경,1등급,255,2024,https://api.odcloud.kr/api/15072696/v1/uddi:130307ee-0834-4fc9-b557-d74af9424e8b,인천,감경
남자,인천광역시,감경,2등급,559,2024,https://api.odcloud.kr/api/15072696/v1/uddi:130307ee-0834-4fc9-b557-d74af9424e8b,인천,감경
남자,인천광역시,감경,3등급,1890,2024,https://api.odcloud.kr/api/15072696/v1/uddi:130307ee-0834-4fc9-b557-d74af9424e8b,인천,감경
남자,인천광역시,감경,4등급,2864,2024,https://api.odcloud.kr/api/15072696/v1/uddi:130307ee-0834-4fc9-b557-d74af9424e8b,인천,감경
남자,인천광역시,감경,5등급,505,2024,https://api.odcloud.kr/api/15072696/v1/uddi:130307ee-0834-4fc9-b557-d74af9424e8b,인천,감경
남자,인천광역시,감경,인지지원등급,80,2024,https://api.odcloud.kr/api/15072696/v1/uddi:130307ee-0834-4fc9-b557-d74af9424e8b,인천,감경
남자,인천광역시,감경,등급외,80,2024,https://api.odcloud.kr/api/15072696/v1/uddi:130307ee-0834-4fc9-b557-d74af9424e8b,인천,감경
남자,인천광역시,의료급여,1등급,5,2024,https://api.odcloud.kr/api/15072696/v1/uddi:130307ee-0834-4fc9-b557-d74af9424e8b,인천,의료급여
남자,인천광역시,의료급여,2등급,12,2024,https://api.odcloud.kr/api/15072696/v1/uddi:130307ee-0834-4fc9-b557-d74af9424e8b,인천,의료급여
남자,인천광역시,의료급여,3등급,50,2024,https://api.odcloud.kr/api/15072696/v1/uddi:130307ee-0834-4fc9-b557-d74af9424e8b,인천,의료급여
남자,인천광역시,의료급여,4등급,69,2024,https://api.odcloud.kr/api/15072696/v1/uddi:130307ee-0834-4fc9-b557-d74af9424e8b,인천,의료급여
남자,인천광역시,의료급여,5등급,8,2024,https://api.odcloud.kr/api/15072696/v1/uddi:130307ee-0834-4fc9-b557-d74af9424e8b,인천,의료급여
남자,인천광역시,의료급여,인지지원등급,4,2024,https://api.odcloud.kr/api/15072696/v1/uddi:130307ee-0834-4fc9-b557-d74af9424e8b,인천,의료급여
남자,인천광역시,의료급여,등급외,15,2024,https://api.odcloud.kr/api/15072696/v1/uddi:130307ee-0834-4fc9-b557-d74af9424e8b,인천,의료급여
남자,인천광역시,기초수급,1등급,165,2024,https://api.odcloud.kr/api/15072696/v1/uddi:130307ee-0834-4fc9-b557-d74af9424e8b,인천,기초
남자,인천광역시,기초수급,2등급,325,2024,https://api.odcloud.kr/api/15072696/v1/uddi:130307ee-0834-4fc9-b557-d74af9424e8b,인천,기초
남자,인천광역시,기초수급,3등급,1090,2024,https://api.odcloud.kr/api/15072696/v1/uddi:130307ee-0834-4fc9-b557-d74af9424e8b,인천,기초
남자,인천광역시,기초수급,4등급,2223,2024,https://api.odcloud.kr/api/15072696/v1/uddi:130307ee-0834-4fc9-b557-d74af9424e8b,인천,기초
남자,인천광역시,기초수급,5등급,342,2024,https://api.odcloud.kr/api/15072696/v1/uddi:130307ee-0834-4fc9-b557-d74af9424e8b,인천,기초
남자,인천광역시,기초수급,인지지원등급,76,2024,https://api.odcloud.kr/api/15072696/v1/uddi:130307ee-0834-4fc9-b557-d74af9424e8b,인천,기초
남자,인천광역시,기초수급,등급외,921,2024,https://api.odcloud.kr/api/15072696/v1/uddi:130307ee-0834-4fc9-b557-d74af9424e8b,인천,기초
여자,인천광역시,일반,1등급,830,2024,https://api.odcloud.kr/api/15072696/v1/uddi:130307ee-0834-4fc9-b557-d74af9424e8b,인천,일반
여자,인천광역시,일반,2등급,1631,2024,https://api.odcloud.kr/api/15072696/v1/uddi:130307ee-0834-4fc9-b557-d74af9424e8b,인천,일반
여자,인천광역시,일반,3등급,4850,2024,https://api.odcloud.kr/api/15072696/v1/uddi:130307ee-0834-4fc9-b557-d74af9424e8b,인천,일반
여자,인천광역시,일반,4등급,7262,2024,https://api.odcloud.kr/api/15072696/v1/uddi:130307ee-0834-4fc9-b557-d74af9424e8b,인천,일반
여자,인천광역시,일반,5등급,1294,2024,https://api.odcloud.kr/api/15072696/v1/uddi:130307ee-0834-4fc9-b557-d74af9424e8b,인천,일반
여자,인천광역시,일반,인지지원등급,265,2024,https://api.odcloud.kr/api/15072696/v1/uddi:130307ee-0834-4fc9-b557-d74af9424e8b,인천,일반
여자,인천광역시,일반,등급외,2842,2024,https://api.odcloud.kr/api/15072696/v1/uddi:130307ee-0834-4fc9-b557-d74af9424e8b,인천,일반
여자,인천광역시,감경,1등급,834,2024,https://api.odcloud.kr/api/15072696/v1/uddi:130307ee-0834-4fc9-b557-d74af9424e8b,인천,감경
여자,인천광역시,감경,2등급,1844,2024,https://api.odcloud.kr/api/15072696/v1/uddi:130307ee-0834-4fc9-b557-d74af9424e8b,인천,감경
여자,인천광역시,감경,3등급,5263,2024,https://api.odcloud.kr/api/15072696/v1/uddi:130307ee-0834-4fc9-b557-d74af9424e8b,인천,감경
여자,인천광역시,감경,4등급,7111,2024,https://api.odcloud.kr/api/15072696/v1/uddi:130307ee-0834-4fc9-b557-d74af9424e8b,인천,감경
여자,인천광역시,감경,5등급,1081,2024,https://api.odcloud.kr/api/15072696/v1/uddi:130307ee-0834-4fc9-b557-d74af9424e8b,인천,감경
여자,인천광역시,감경,인지지원등급,173,2024,https://api.odcloud.kr/api/15072696/v1/uddi:130307ee-0834-4fc9-b557-d74af9424e8b,인천,감경
여자,인천광역시,감경,등급외,160,2024,https://api.odcloud.kr/api/15072696/v1/uddi:130307ee-0834-4fc9-b557-d74af9424e8b,인천,감경
여자,인천광역시,의료급여,1등급,22,2024,https://api.odcloud.kr/api/15072696/v1/uddi:130307ee-0834-4fc9-b557-d74af9424e8b,인천,의료급여
여자,인천광역시,의료급여,2등급,50,2024,https://api.odcloud.kr/api/15072696/v1/uddi:130307ee-0834-4fc9-b557-d74af9424e8b,인천,의료급여
여자,인천광역시,의료급여,3등급,105,2024,https://api.odcloud.kr/api/15072696/v1/uddi:130307ee-0834-4fc9-b557-d74af9424e8b,인천,의료급여
여자,인천광역시,의료급여,4등급,186,2024,https://api.odcloud.kr/api/15072696/v1/uddi:130307ee-0834-4fc9-b557-d74af9424e8b,인천,의료급여
여자,인천광역시,의료급여,5등급,17,2024,https://api.odcloud.kr/api/15072696/v1/uddi:130307ee-0834-4fc9-b557-d74af9424e8b,인천,의료급여
여자,인천광역시,의료급여,인지지원등급,2,2024,https://api.odcloud.kr/api/15072696/v1/uddi:130307ee-0834-4fc9-b557-d74af9424e8b,인천,의료급여
여자,인천광역시,의료급여,등급외,37,2024,https://api.odcloud.kr/api/15072696/v1/uddi:130307ee-0834-4fc9-b557-d74af9424e8b,인천,의료급여
여자,인천광역시,기초수급,1등급,465,2024,https://api.odcloud.kr/api/15072696/v1/uddi:130307ee-0834-4fc9-b557-d74af9424e8b,인천,기초
여자,인천광역시,기초수급,2등급,847,2024,https://api.odcloud.kr/api/15072696/v1/uddi:130307ee-0834-4fc9-b557-d74af9424e8b,인천,기초
여자,인천광역시,기초수급,3등급,2552,2024,https://api.odcloud.kr/api/15072696/v1/uddi:130307ee-0834-4fc9-b557-d74af9424e8b,인천,기초
여자,인천광역시,기초수급,4등급,4248,2024,https://api.odcloud.kr/api/15072696/v1/uddi:130307ee-0834-4fc9-b557-d74af9424e8b,인천,기초
여자,인천광역시,기초수급,5등급,613,2024,https://api.odcloud.kr/api/15072696/v1/uddi:130307ee-0834-4fc9-b557-d74af9424e8b,인천,기초
여자,인천광역시,기초수급,인지지원등급,74,2024,https://api.odcloud.kr/api/15072696/v1/uddi:130307ee-0834-4fc9-b557-d74af9424e8b,인천,기초
여자,인천광역시,기초수급,등급외,1116,2024,https://api.odcloud.kr/api/15072696/v1/uddi:130307ee-0834-4fc9-b557-d74af9424e8b,인천,기초
남자,대전광역시,일반,1등급,156,2024,https://api.odcloud.kr/api/15072696/v1/uddi:130307ee-0834-4fc9-b557-d74af9424e8b,대전,일반
남자,대전광역시,일반,2등급,258,2024,https://api.odcloud.kr/api/15072696/v1/uddi:130307ee-0834-4fc9-b557-d74af9424e8b,대전,일반
남자,대전광역시,일반,3등급,1176,2024,https://api.odcloud.kr/api/15072696/v1/uddi:130307ee-0834-4fc9-b557-d74af9424e8b,대전,일반
남자,대전광역시,일반,4등급,1929,2024,https://api.odcloud.kr/api/15072696/v1/uddi:130307ee-0834-4fc9-b557-d74af9424e8b,대전,일반
남자,대전광역시,일반,5등급,452,2024,https://api.odcloud.kr/api/15072696/v1/uddi:130307ee-0834-4fc9-b557-d74af9424e8b,대전,일반
남자,대전광역시,일반,인지지원등급,87,2024,https://api.odcloud.kr/api/15072696/v1/uddi:130307ee-0834-4fc9-b557-d74af9424e8b,대전,일반
남자,대전광역시,일반,등급외,1214,2024,https://api.odcloud.kr/api/15072696/v1/uddi:130307ee-0834-4fc9-b557-d74af9424e8b,대전,일반
남자,대전광역시,감경,1등급,118,2024,https://api.odcloud.kr/api/15072696/v1/uddi:130307ee-0834-4fc9-b557-d74af9424e8b,대전,감경
남자,대전광역시,감경,2등급,203,2024,https://api.odcloud.kr/api/15072696/v1/uddi:130307ee-0834-4fc9-b557-d74af9424e8b,대전,감경
남자,대전광역시,감경,3등급,720,2024,https://api.odcloud.kr/api/15072696/v1/uddi:130307ee-0834-4fc9-b557-d74af9424e8b,대전,감경
남자,대전광역시,감경,4등급,1251,2024,https://api.odcloud.kr/api/15072696/v1/uddi:130307ee-0834-4fc9-b557-d74af9424e8b,대전,감경
남자,대전광역시,감경,5등급,280,2024,https://api.odcloud.kr/api/15072696/v1/uddi:130307ee-0834-4fc9-b557-d74af9424e8b,대전,감경
남자,대전광역시,감경,인지지원등급,63,2024,https://api.odcloud.kr/api/15072696/v1/uddi:130307ee-0834-4fc9-b557-d74af9424e8b,대전,감경
남자,대전광역시,감경,등급외,78,2024,https://api.odcloud.kr/api/15072696/v1/uddi:130307ee-0834-4fc9-b557-d74af9424e8b,대전,감경
남자,대전광역시,의료급여,1등급,9,2024,https://api.odcloud.kr/api/15072696/v1/uddi:130307ee-0834-4fc9-b557-d74af9424e8b,대전,의료급여
남자,대전광역시,의료급여,2등급,9,2024,https://api.odcloud.kr/api/15072696/v1/uddi:130307ee-0834-4fc9-b557-d74af9424e8b,대전,의료급여
남자,대전광역시,의료급여,3등급,39,2024,https://api.odcloud.kr/api/15072696/v1/uddi:130307ee-0834-4fc9-b557-d74af9424e8b,대전,의료급여
남자,대전광역시,의료급여,4등급,68,2024,https://api.odcloud.kr/api/15072696/v1/uddi:130307ee-0834-4fc9-b557-d74af9424e8b,대전,의료급여
남자,대전광역시,의료급여,5등급,23,2024,https://api.odcloud.kr/api/15072696/v1/uddi:130307ee-0834-4fc9-b557-d74af9424e8b,대전,의료급여
남자,대전광역시,의료급여,인지지원등급,2,2024,https://api.odcloud.kr/api/15072696/v1/uddi:130307ee-0834-4fc9-b557-d74af9424e8b,대전,의료급여
남자,대전광역시,의료급여,등급외,20,2024,https://api.odcloud.kr/api/15072696/v1/uddi:130307ee-0834-4fc9-b557-d74af9424e8b,대전,의료급여
남자,대전광역시,기초수급,1등급,33,2024,https://api.odcloud.kr/api/15072696/v1/uddi:130307ee-0834-4fc9-b557-d74af9424e8b,대전,기초
남자,대전광역시,기초수급,2등급,57,2024,https://api.odcloud.kr/api/15072696/v1/uddi:130307ee-0834-4fc9-b557-d74af9424e8b,대전,기초
남자,대전광역시,기초수급,3등급,295,2024,https://api.odcloud.kr/api/15072696/v1/uddi:130307ee-0834-4fc9-b557-d74af9424e8b,대전,기초
남자,대전광역시,기초수급,4등급,699,2024,https://api.odcloud.kr/api/15072696/v1/uddi:130307ee-0834-4fc9-b557-d74af9424e8b,대전,기초
남자,대전광역시,기초수급,5등급,200,2024,https://api.odcloud.kr/api/15072696/v1/uddi:130307ee-0834-4fc9-b557-d74af9424e8b,대전,기초
남자,대전광역시,기초수급,인지지원등급,38,2024,https://api.odcloud.kr/api/15072696/v1/uddi:130307ee-0834-4fc9-b557-d74af9424e8b,대전,기초
남자,대전광역시,기초수급,등급외,629,2024,https://api.odcloud.kr/api/15072696/v1/uddi:130307ee-0834-4fc9-b557-d74af9424e8b,대전,기초
여자,대전광역시,일반,1등급,385,2024,https://api.odcloud.kr/api/15072696/v1/uddi:130307ee-0834-4fc9-b557-d74af9424e8b,대전,일반
여자,대전광역시,일반,2등급,639,2024,https://api.odcloud.kr/api/15072696/v1/uddi:130307ee-0834-4fc9-b557-d74af9424e8b,대전,일반
여자,대전광역시,일반,3등급,2267,2024,https://api.odcloud.kr/api/15072696/v1/uddi:130307ee-0834-4fc9-b557-d74af9424e8b,대전,일반
여자,대전광역시,일반,4등급,4450,2024,https://api.odcloud.kr/api/15072696/v1/uddi:130307ee-0834-4fc9-b557-d74af9424e8b,대전,일반
여자,대전광역시,일반,5등급,939,2024,https://api.odcloud.kr/api/15072696/v1/uddi:130307ee-0834-4fc9-b557-d74af9424e8b,대전,일반
여자,대전광역시,일반,인지지원등급,214,2024,https://api.odcloud.kr/api/15072696/v1/uddi:130307ee-0834-4fc9-b557-d74af9424e8b,대전,일반
여자,대전광역시,일반,등급외,2536,2024,https://api.odcloud.kr/api/15072696/v1/uddi:130307ee-0834-4fc9-b557-d74af9424e8b,대전,일반
여자,대전광역시,감경,1등급,370,2024,https://api.odcloud.kr/api/15072696/v1/uddi:130307ee-0834-4fc9-b557-d74af9424e8b,대전,감경
여자,대전광역시,감경,2등급,632,2024,https://api.odcloud.kr/api/15072696/v1/uddi:130307ee-0834-4fc9-b557-d74af9424e8b,대전,감경
여자,대전광역시,감경,3등급,2100,2024,https://api.odcloud.kr/api/15072696/v1/uddi:130307ee-0834-4fc9-b557-d74af9424e8b,대전,감경
여자,대전광역시,감경,4등급,3589,2024,https://api.odcloud.kr/api/15072696/v1/uddi:130307ee-0834-4fc9-b557-d74af9424e8b,대전,감경
여자,대전광역시,감경,5등급,755,2024,https://api.odcloud.kr/api/15072696/v1/uddi:130307ee-0834-4fc9-b557-d74af9424e8b,대전,감경
여자,대전광역시,감경,인지지원등급,116,2024,https://api.odcloud.kr/api/15072696/v1/uddi:130307ee-0834-4fc9-b557-d74af9424e8b,대전,감경
여자,대전광역시,감경,등급외,135,2024,https://api.odcloud.kr/api/15072696/v1/uddi:130307ee-0834-4fc9-b557-d74af9424e8b,대전,감경
여자,대전광역시,의료급여,1등급,15,2024,https://api.odcloud.kr/api/15072696/v1/uddi:130307ee-0834-4fc9-b557-d74af9424e8b,대전,의료급여
여자,대전광역시,의료급여,2등급,27,2024,https://api.odcloud.kr/api/15072696/v1/uddi:130307ee-0834-4fc9-b557-d74af9424e8b,대전,의료급여
여자,대전광역시,의료급여,3등급,115,2024,https://api.odcloud.kr/api/15072696/v1/uddi:130307ee-0834-4fc9-b557-d74af9424e8b,대전,의료급여
여자,대전광역시,의료급여,4등급,217,2024,https://api.odcloud.kr/api/15072696/v1/uddi:130307ee-0834-4fc9-b557-d74af9424e8b,대전,의료급여
여자,대전광역시,의료급여,5등급,32,2024,https://api.odcloud.kr/api/15072696/v1/uddi:130307ee-0834-4fc9-b557-d74af9424e8b,대전,의료급여
여자,대전광역시,의료급여,인지지원등급,6,2024,https://api.odcloud.kr/api/15072696/v1/uddi:130307ee-0834-4fc9-b557-d74af9424e8b,대전,의료급여
여자,대전광역시,의료급여,등급외,46,2024,https://api.odcloud.kr/api/15072696/v1/uddi:130307ee-0834-4fc9-b557-d74af9424e8b,대전,의료급여
여자,대전광역시,기초수급,1등급,122,2024,https://api.odcloud.kr/api/15072696/v1/uddi:130307ee-0834-4fc9-b557-d74af9424e8b,대전,기초
여자,대전광역시,기초수급,2등급,201,2024,https://api.odcloud.kr/api/15072696/v1/uddi:130307ee-0834-4fc9-b557-d74af9424e8b,대전,기초
여자,대전광역시,기초수급,3등급,751,2024,https://api.odcloud.kr/api/15072696/v1/uddi:130307ee-0834-4fc9-b557-d74af9424e8b,대전,기초
여자,대전광역시,기초수급,4등급,1592,2024,https://api.odcloud.kr/api/15072696/v1/uddi:130307ee-0834-4fc9-b557-d74af9424e8b,대전,기초
여자,대전광역시,기초수급,5등급,398,2024,https://api.odcloud.kr/api/15072696/v1/uddi:130307ee-0834-4fc9-b557-d74af9424e8b,대전,기초
여자,대전광역시,기초수급,인지지원등급,61,2024,https://api.odcloud.kr/api/15072696/v1/uddi:130307ee-0834-4fc9-b557-d74af9424e8b,대전,기초
여자,대전광역시,기초수급,등급외,890,2024,https://api.odcloud.kr/api/15072696/v1/uddi:130307ee-0834-4fc9-b557-d74af9424e8b,대전,기초
남자,대전광역시,일반,1등급,198,2024,https://api.odcloud.kr/api/15072696/v1/uddi:130307ee-0834-4fc9-b557-d74af9424e8b,대전,일반
남자,대전광역시,일반,2등급,269,2024,https://api.odcloud.kr/api/15072696/v1/uddi:130307ee-0834-4fc9-b557-d74af9424e8b,대전,일반
남자,대전광역시,일반,3등급,1138,2024,https://api.odcloud.kr/api/15072696/v1/uddi:130307ee-0834-4fc9-b557-d74af9424e8b,대전,일반
남자,대전광역시,일반,4등급,1748,2024,https://api.odcloud.kr/api/15072696/v1/uddi:130307ee-0834-4fc9-b557-d74af9424e8b,대전,일반
남자,대전광역시,일반,5등급,497,2024,https://api.odcloud.kr/api/15072696/v1/uddi:130307ee-0834-4fc9-b557-d74af9424e8b,대전,일반
남자,대전광역시,일반,인지지원등급,104,2024,https://api.odcloud.kr/api/15072696/v1/uddi:130307ee-0834-4fc9-b557-d74af9424e8b,대전,일반
남자,대전광역시,일반,등급외,807,2024,https://api.odcloud.kr/api/15072696/v1/uddi:130307ee-0834-4fc9-b557-d74af9424e8b,대전,일반
남자,대전광역시,감경,1등급,114,2024,https://api.odcloud.kr/api/15072696/v1/uddi:130307ee-0834-4fc9-b557-d74af9424e8b,대전,감경
남자,대전광역시,감경,2등급,233,2024,https://api.odcloud.kr/api/15072696/v1/uddi:130307ee-0834-4fc9-b557-d74af9424e8b,대전,감경
남자,대전광역시,감경,3등급,818,2024,https://api.odcloud.kr/api/15072696/v1/uddi:130307ee-0834-4fc9-b557-d74af9424e8b,대전,감경
남자,대전광역시,감경,4등급,1261,2024,https://api.odcloud.kr/api/15072696/v1/uddi:130307ee-0834-4fc9-b557-d74af9424e8b,대전,감경
남자,대전광역시,감경,5등급,333,2024,https://api.odcloud.kr/api/15072696/v1/uddi:130307ee-0834-4fc9-b557-d74af9424e8b,대전,감경
남자,대전광역시,감경,인지지원등급,65,2024,https://api.odcloud.kr/api/15072696/v1/uddi:130307ee-0834-4fc9-b557-d74af9424e8b,대전,감경
남자,대전광역시,감경,등급외,44,2024,https://api.odcloud.kr/api/15072696/v1/uddi:130307ee-0834-4fc9-b557-d74af9424e8b,대전,감경
남자,대전광역시,의료급여,1등급,2,2024,https://api.odcloud.kr/api/15072696/v1/uddi:130307ee-0834-4fc9-b557-d74af9424e8b,대전,의료급여
남자,대전광역시,의료급여,2등급,10,2024,https://api.odcloud.kr/api/15072696/v1/uddi:130307ee-0834-4fc9-b557-d74af9424e8b,대전,의료급여
남자,대전광역시,의료급여,3등급,19,2024,https://api.odcloud.kr/api/15072696/v1/uddi:130307ee-0834-4fc9-b557-d74af9424e8b,대전,의료급여
남자,대전광역시,의료급여,4등급,28,2024,https://api.odcloud.kr/api/15072696/v1/uddi:130307ee-0834-4fc9-b557-d74af9424e8b,대전,의료급여
남자,대전광역시,의료급여,5등급,8,2024,https://api.odcloud.kr/api/15072696/v1/uddi:130307ee-0834-4fc9-b557-d74af9424e8b,대전,의료급여
남자,대전광역시,의료급여,등급외,11,2024,https://api.odcloud.kr/api/15072696/v1/uddi:130307ee-0834-4fc9-b557-d74af9424e8b,대전,의료급여
남자,대전광역시,기초수급,1등급,56,2024,https://api.odcloud.kr/api/15072696/v1/uddi:130307ee-0834-4fc9-b557-d74af9424e8b,대전,기초
남자,대전광역시,기초수급,2등급,114,2024,https://api.odcloud.kr/api/15072696/v1/uddi:130307ee-0834-4fc9-b557-d74af9424e8b,대전,기초
남자,대전광역시,기초수급,3등급,362,2024,https://api.odcloud.kr/api/15072696/v1/uddi:130307ee-0834-4fc9-b557-d74af9424e8b,대전,기초
남자,대전광역시,기초수급,4등급,772,2024,https://api.odcloud.kr/api/15072696/v1/uddi:130307ee-0834-4fc9-b557-d74af9424e8b,대전,기초
남자,대전광역시,기초수급,5등급,202,2024,https://api.odcloud.kr/api/15072696/v1/uddi:130307ee-0834-4fc9-b557-d74af9424e8b,대전,기초
남자,대전광역시,기초수급,등급외,535,2024,https://api.odcloud.kr/api/15072696/v1/uddi:130307ee-0834-4fc9-b557-d74af9424e8b,대전,기초
여자,대전광역시,일반,1등급,432,2024,https://api.odcloud.kr/api/15072696/v1/uddi:130307ee-0834-4fc9-b557-d74af9424e8b,대전,일반
여자,대전광역시,일반,2등급,737,2024,https://api.odcloud.kr/api/15072696/v1/uddi:130307ee-0834-4fc9-b557-d74af9424e8b,대전,일반
여자,대전광역시,일반,3등급,2396,2024,https://api.odcloud.kr/api/15072696/v1/uddi:130307ee-0834-4fc9-b557-d74af9424e8b,대전,일반
여자,대전광역시,일반,4등급,4026,2024,https://api.odcloud.kr/api/15072696/v1/uddi:130307ee-0834-4fc9-b557-d74af9424e8b,대전,일반
여자,대전광역시,일반,5등급,1107,2024,https://api.odcloud.kr/api/15072696/v1/uddi:130307ee-0834-4fc9-b557-d74af9424e8b,대전,일반
여자,대전광역시,일반,인지지원등급,221,2024,https://api.odcloud.kr/api/15072696/v1/uddi:130307ee-0834-4fc9-b557-d74af9424e8b,대전,일반
여자,대전광역시,일반,등급외,1659,2024,https://api.odcloud.kr/api/15072696/v1/uddi:130307ee-0834-4fc9-b557-d74af9424e8b,대전,일반
여자,대전광역시,감경,1등급,358,2024,https://api.odcloud.kr/api/15072696/v1/uddi:130307ee-0834-4fc9-b557-d74af9424e8b,대전,감경
여자,대전광역시,감경,2등급,741,2024,https://api.odcloud.kr/api/15072696/v1/uddi:130307ee-0834-4fc9-b557-d74af9424e8b,대전,감경
여자,대전광역시,감경,3등급,2142,2024,https://api.odcloud.kr/api/15072696/v1/uddi:130307ee-0834-4fc9-b557-d74af9424e8b,대전,감경
여자,대전광역시,감경,4등급,3276,2024,https://api.odcloud.kr/api/15072696/v1/uddi:130307ee-0834-4fc9-b557-d74af9424e8b,대전,감경
여자,대전광역시,감경,5등급,842,2024,https://api.odcloud.kr/api/15072696/v1/uddi:130307ee-0834-4fc9-b557-d74af9424e8b,대전,감경
여자,대전광역시,감경,인지지원등급,129,2024,https://api.odcloud.kr/api/15072696/v1/uddi:130307ee-0834-4fc9-b557-d74af9424e8b,대전,감경
여자,대전광역시,감경,등급외,88,2024,https://api.odcloud.kr/api/15072696/v1/uddi:130307ee-0834-4fc9-b557-d74af9424e8b,대전,감경
여자,대전광역시,의료급여,1등급,14,2024,https://api.odcloud.kr/api/15072696/v1/uddi:130307ee-0834-4fc9-b557-d74af9424e8b,대전,의료급여
여자,대전광역시,의료급여,3등급,64,2024,https://api.odcloud.kr/api/15072696/v1/uddi:130307ee-0834-4fc9-b557-d74af9424e8b,대전,의료급여
여자,대전광역시,의료급여,4등급,98,2024,https://api.odcloud.kr/api/15072696/v1/uddi:130307ee-0834-4fc9-b557-d74af9424e8b,대전,의료급여
여자,대전광역시,의료급여,5등급,24,2024,https://api.odcloud.kr/api/15072696/v1/uddi:130307ee-0834-4fc9-b557-d74af9424e8b,대전,의료급여
여자,대전광역시,의료급여,인지지원등급,2,2024,https://api.odcloud.kr/api/15072696/v1/uddi:130307ee-0834-4fc9-b557-d74af9424e8b,대전,의료급여
여자,대전광역시,의료급여,등급외,22,2024,https://api.odcloud.kr/api/15072696/v1/uddi:130307ee-0834-4fc9-b557-d74af9424e8b,대전,의료급여
여자,대전광역시,기초수급,1등급,172,2024,https://api.odcloud.kr/api/15072696/v1/uddi:130307ee-0834-4fc9-b557-d74af9424e8b,대전,기초
여자,대전광역시,기초수급,2등급,313,2024,https://api.odcloud.kr/api/15072696/v1/uddi:130307ee-0834-4fc9-b557-d74af9424e8b,대전,기초
여자,대전광역시,기초수급,3등급,800,2024,https://api.odcloud.kr/api/15072696/v1/uddi:130307ee-0834-4fc9-b557-d74af9424e8b,대전,기초
여자,대전광역시,기초수급,4등급,1554,2024,https://api.odcloud.kr/api/15072696/v1/uddi:130307ee-0834-4fc9-b557-d74af9424e8b,대전,기초
여자,대전광역시,기초수급,5등급,370,2024,https://api.odcloud.kr/api/15072696/v1/uddi:130307ee-0834-4fc9-b557-d74af9424e8b,대전,기초
여자,대전광역시,기초수급,인지지원등급,41,2024,https://api.odcloud.kr/api/15072696/v1/uddi:130307ee-0834-4fc9-b557-d74af9424e8b,대전,기초
여자,대전광역시,기초수급,등급외,627,2024,https://api.odcloud.kr/api/15072696/v1/uddi:130307ee-0834-4fc9-b557-d74af9424e8b,대전,기초
남자,울산광역시,일반,1등급,148,2024,https://api.odcloud.kr/api/15072696/v1/uddi:130307ee-0834-4fc9-b557-d74af9424e8b,울산,일반
남자,울산광역시,일반,2등급,230,2024,https://api.odcloud.kr/api/15072696/v1/uddi:130307ee-0834-4fc9-b557-d74af9424e8b,울산,일반
남자,울산광역시,일반,3등급,771,2024,https://api.odcloud.kr/api/15072696/v1/uddi:130307ee-0834-4fc9-b557-d74af9424e8b,울산,일반
남자,울산광역시,일반,4등급,1120,2024,https://api.odcloud.kr/api/15072696/v1/uddi:130307ee-0834-4fc9-b557-d74af9424e8b,울산,일반
남자,울산광역시,일반,5등급,217,2024,https://api.odcloud.kr/api/15072696/v1/uddi:130307ee-0834-4fc9-b557-d74af9424e8b,울산,일반
남자,울산광역시,일반,인지지원등급,59,2024,https://api.odcloud.kr/api/15072696/v1/uddi:130307ee-0834-4fc9-b557-d74af9424e8b,울산,일반
남자,울산광역시,일반,등급외,498,2024,https://api.odcloud.kr/api/15072696/v1/uddi:130307ee-0834-4fc9-b557-d74af9424e8b,울산,일반
남자,울산광역시,감경,1등급,90,2024,https://api.odcloud.kr/api/15072696/v1/uddi:130307ee-0834-4fc9-b557-d74af9424e8b,울산,감경
남자,울산광역시,감경,2등급,142,2024,https://api.odcloud.kr/api/15072696/v1/uddi:130307ee-0834-4fc9-b557-d74af9424e8b,울산,감경
남자,울산광역시,감경,3등급,464,2024,https://api.odcloud.kr/api/15072696/v1/uddi:130307ee-0834-4fc9-b557-d74af9424e8b,울산,감경
남자,울산광역시,감경,4등급,624,2024,https://api.odcloud.kr/api/15072696/v1/uddi:130307ee-0834-4fc9-b557-d74af9424e8b,울산,감경
남자,울산광역시,감경,5등급,125,2024,https://api.odcloud.kr/api/15072696/v1/uddi:130307ee-0834-4fc9-b557-d74af9424e8b,울산,감경
남자,울산광역시,감경,인지지원등급,34,2024,https://api.odcloud.kr/api/15072696/v1/uddi:130307ee-0834-4fc9-b557-d74af9424e8b,울산,감경
남자,울산광역시,감경,등급외,12,2024,https://api.odcloud.kr/api/15072696/v1/uddi:130307ee-0834-4fc9-b557-d74af9424e8b,울산,감경
남자,울산광역시,의료급여,1등급,0,2024,https://api.odcloud.kr/api/15072696/v1/uddi:130307ee-0834-4fc9-b557-d74af9424e8b,울산,의료급여
남자,울산광역시,의료급여,2등급,4,2024,https://api.odcloud.kr/api/15072696/v1/uddi:130307ee-0834-4fc9-b557-d74af9424e8b,울산,의료급여
남자,울산광역시,의료급여,3등급,11,2024,https://api.odcloud.kr/api/15072696/v1/uddi:130307ee-0834-4fc9-b557-d74af9424e8b,울산,의료급여
남자,울산광역시,의료급여,4등급,12,2024,https://api.odcloud.kr/api/15072696/v1/uddi:130307ee-0834-4fc9-b557-d74af9424e8b,울산,의료급여
남자,울산광역시,의료급여,5등급,6,2024,https://api.odcloud.kr/api/15072696/v1/uddi:130307ee-0834-4fc9-b557-d74af9424e8b,울산,의료급여
남자,울산광역시,의료급여,인지지원등급,2,2024,https://api.odcloud.kr/api/15072696/v1/uddi:130307ee-0834-4fc9-b557-d74af9424e8b,울산,의료급여
남자,울산광역시,의료급여,등급외,5,2024,https://api.odcloud.kr/api/15072696/v1/uddi:130307ee-0834-4fc9-b557-d74af9424e8b,울산,의료급여
남자,울산광역시,기초수급,1등급,34,2024,https://api.odcloud.kr/api/15072696/v1/uddi:130307ee-0834-4fc9-b557-d74af9424e8b,울산,기초
남자,울산광역시,기초수급,2등급,56,2024,https://api.odcloud.kr/api/15072696/v1/uddi:130307ee-0834-4fc9-b557-d74af9424e8b,울산,기초
남자,울산광역시,기초수급,3등급,186,2024,https://api.odcloud.kr/api/15072696/v1/uddi:130307ee-0834-4fc9-b557-d74af9424e8b,울산,기초
남자,울산광역시,기초수급,4등급,429,2024,https://api.odcloud.kr/api/15072696/v1/uddi:130307ee-0834-4fc9-b557-d74af9424e8b,울산,기초
남자,울산광역시,기초수급,5등급,95,2024,https://api.odcloud.kr/api/15072696/v1/uddi:130307ee-0834-4fc9-b557-d74af9424e8b,울산,기초
남자,울산광역시,기초수급,인지지원등급,45,2024,https://api.odcloud.kr/api/15072696/v1/uddi:130307ee-0834-4fc9-b557-d74af9424e8b,울산,기초
남자,울산광역시,기초수급,등급외,224,2024,https://api.odcloud.kr/api/15072696/v1/uddi:130307ee-0834-4fc9-b557-d74af9424e8b,울산,기초
여자,울산광역시,일반,1등급,345,2024,https://api.odcloud.kr/api/15072696/v1/uddi:130307ee-0834-4fc9-b557-d74af9424e8b,울산,일반
여자,울산광역시,일반,2등급,570,2024,https://api.odcloud.kr/api/15072696/v1/uddi:130307ee-0834-4fc9-b557-d74af9424e8b,울산,일반
여자,울산광역시,일반,3등급,1811,2024,https://api.odcloud.kr/api/15072696/v1/uddi:130307ee-0834-4fc9-b557-d74af9424e8b,울산,일반
여자,울산광역시,일반,4등급,2726,2024,https://api.odcloud.kr/api/15072696/v1/uddi:130307ee-0834-4fc9-b557-d74af9424e8b,울산,일반
여자,울산광역시,일반,5등급,598,2024,https://api.odcloud.kr/api/15072696/v1/uddi:130307ee-0834-4fc9-b557-d74af9424e8b,울산,일반
여자,울산광역시,일반,인지지원등급,153,2024,https://api.odcloud.kr/api/15072696/v1/uddi:130307ee-0834-4fc9-b557-d74af9424e8b,울산,일반
여자,울산광역시,일반,등급외,995,2024,https://api.odcloud.kr/api/15072696/v1/uddi:130307ee-0834-4fc9-b557-d74af9424e8b,울산,일반
여자,울산광역시,감경,1등급,211,2024,https://api.odcloud.kr/api/15072696/v1/uddi:130307ee-0834-4fc9-b557-d74af9424e8b,울산,감경
여자,울산광역시,감경,2등급,441,2024,https://api.odcloud.kr/api/15072696/v1/uddi:130307ee-0834-4fc9-b557-d74af9424e8b,울산,감경
여자,울산광역시,감경,3등급,1153,2024,https://api.odcloud.kr/api/15072696/v1/uddi:130307ee-0834-4fc9-b557-d74af9424e8b,울산,감경
여자,울산광역시,감경,4등급,1483,2024,https://api.odcloud.kr/api/15072696/v1/uddi:130307ee-0834-4fc9-b557-d74af9424e8b,울산,감경
여자,울산광역시,감경,5등급,330,2024,https://api.odcloud.kr/api/15072696/v1/uddi:130307ee-0834-4fc9-b557-d74af9424e8b,울산,감경
여자,울산광역시,감경,인지지원등급,82,2024,https://api.odcloud.kr/api/15072696/v1/uddi:130307ee-0834-4fc9-b557-d74af9424e8b,울산,감경
여자,울산광역시,감경,등급외,24,2024,https://api.odcloud.kr/api/15072696/v1/uddi:130307ee-0834-4fc9-b557-d74af9424e8b,울산,감경
여자,울산광역시,의료급여,1등급,8,2024,https://api.odcloud.kr/api/15072696/v1/uddi:130307ee-0834-4fc9-b557-d74af9424e8b,울산,의료급여
여자,울산광역시,의료급여,2등급,11,2024,https://api.odcloud.kr/api/15072696/v1/uddi:130307ee-0834-4fc9-b557-d74af9424e8b,울산,의료급여
여자,울산광역시,의료급여,3등급,35,2024,https://api.odcloud.kr/api/15072696/v1/uddi:130307ee-0834-4fc9-b557-d74af9424e8b,울산,의료급여
여자,울산광역시,의료급여,4등급,54,2024,https://api.odcloud.kr/api/15072696/v1/uddi:130307ee-0834-4fc9-b557-d74af9424e8b,울산,의료급여
여자,울산광역시,의료급여,5등급,6,2024,https://api.odcloud.kr/api/15072696/v1/uddi:130307ee-0834-4fc9-b557-d74af9424e8b,울산,의료급여
여자,울산광역시,의료급여,인지지원등급,2,2024,https://api.odcloud.kr/api/15072696/v1/uddi:130307ee-0834-4fc9-b557-d74af9424e8b,울산,의료급여
여자,울산광역시,의료급여,등급외,12,2024,https://api.odcloud.kr/api/15072696/v1/uddi:130307ee-0834-4fc9-b557-d74af9424e8b,울산,의료급여
여자,울산광역시,기초수급,1등급,76,2024,https://api.odcloud.kr/api/15072696/v1/uddi:130307ee-0834-4fc9-b557-d74af9424e8b,울산,기초
여자,울산광역시,기초수급,2등급,152,2024,https://api.odcloud.kr/api/15072696/v1/uddi:130307ee-0834-4fc9-b557-d74af9424e8b,울산,기초
여자,울산광역시,기초수급,3등급,453,2024,https://api.odcloud.kr/api/15072696/v1/uddi:130307ee-0834-4fc9-b557-d74af9424e8b,울산,기초
여자,울산광역시,기초수급,4등급,807,2024,https://api.odcloud.kr/api/15072696/v1/uddi:130307ee-0834-4fc9-b557-d74af9424e8b,울산,기초
여자,울산광역시,기초수급,5등급,140,2024,https://api.odcloud.kr/api/15072696/v1/uddi:130307ee-0834-4fc9-b557-d74af9424e8b,울산,기초
여자,울산광역시,기초수급,인지지원등급,45,2024,https://api.odcloud.kr/api/15072696/v1/uddi:130307ee-0834-4fc9-b557-d74af9424e8b,울산,기초
여자,울산광역시,기초수급,등급외,293,2024,https://api.odcloud.kr/api/15072696/v1/uddi:130307ee-0834-4fc9-b557-d74af9424e8b,울산,기초
남자,세종특별자치시,일반,1등급,35,2024,https://api.odcloud.kr/api/15072696/v1/uddi:130307ee-0834-4fc9-b557-d74af9424e8b,세종,일반
남자,세종특별자치시,일반,2등급,64,2024,https://api.odcloud.kr/api/15072696/v1/uddi:130307ee-0834-4fc9-b557-d74af9424e8b,세종,일반
남자,세종특별자치시,일반,3등급,212,2024,https://api.odcloud.kr/api/15072696/v1/uddi:130307ee-0834-4fc9-b557-d74af9424e8b,세종,일반
남자,세종특별자치시,일반,4등급,387,2024,https://api.odcloud.kr/api/15072696/v1/uddi:130307ee-0834-4fc9-b557-d74af9424e8b,세종,일반
남자,세종특별자치시,일반,5등급,134,2024,https://api.odcloud.kr/api/15072696/v1/uddi:130307ee-0834-4fc9-b557-d74af9424e8b,세종,일반
남자,세종특별자치시,일반,인지지원등급,23,2024,https://api.odcloud.kr/api/15072696/v1/uddi:130307ee-0834-4fc9-b557-d74af9424e8b,세종,일반
남자,세종특별자치시,일반,등급외,134,2024,https://api.odcloud.kr/api/15072696/v1/uddi:130307ee-0834-4fc9-b557-d74af9424e8b,세종,일반
남자,세종특별자치시,감경,1등급,15,2024,https://api.odcloud.kr/api/15072696/v1/uddi:130307ee-0834-4fc9-b557-d74af9424e8b,세종,감경
남자,세종특별자치시,감경,2등급,26,2024,https://api.odcloud.kr/api/15072696/v1/uddi:130307ee-0834-4fc9-b557-d74af9424e8b,세종,감경
남자,세종특별자치시,감경,3등급,98,2024,https://api.odcloud.kr/api/15072696/v1/uddi:130307ee-0834-4fc9-b557-d74af9424e8b,세종,감경
남자,세종특별자치시,감경,4등급,159,2024,https://api.odcloud.kr/api/15072696/v1/uddi:130307ee-0834-4fc9-b557-d74af9424e8b,세종,감경
남자,세종특별자치시,감경,5등급,54,2024,https://api.odcloud.kr/api/15072696/v1/uddi:130307ee-0834-4fc9-b557-d74af9424e8b,세종,감경
남자,세종특별자치시,감경,인지지원등급,9,2024,https://api.odcloud.kr/api/15072696/v1/uddi:130307ee-0834-4fc9-b557-d74af9424e8b,세종,감경
남자,세종특별자치시,감경,등급외,4,2024,https://api.odcloud.kr/api/15072696/v1/uddi:130307ee-0834-4fc9-b557-d74af9424e8b,세종,감경
남자,세종특별자치시,의료급여,1등급,1,2024,https://api.odcloud.kr/api/15072696/v1/uddi:130307ee-0834-4fc9-b557-d74af9424e8b,세종,의료급여
남자,세종특별자치시,의료급여,2등급,2,2024,https://api.odcloud.kr/api/15072696/v1/uddi:130307ee-0834-4fc9-b557-d74af9424e8b,세종,의료급여
남자,세종특별자치시,의료급여,3등급,2,2024,https://api.odcloud.kr/api/15072696/v1/uddi:130307ee-0834-4fc9-b557-d74af9424e8b,세종,의료급여
남자,세종특별자치시,의료급여,4등급,4,2024,https://api.odcloud.kr/api/15072696/v1/uddi:130307ee-0834-4fc9-b557-d74af9424e8b,세종,의료급여
남자,세종특별자치시,의료급여,5등급,2,2024,https://api.odcloud.kr/api/15072696/v1/uddi:130307ee-0834-4fc9-b557-d74af9424e8b,세종,의료급여
남자,세종특별자치시,의료급여,인지지원등급,0,2024,https://api.odcloud.kr/api/15072696/v1/uddi:130307ee-0834-4fc9-b557-d74af9424e8b,세종,의료급여
남자,세종특별자치시,의료급여,등급외,1,2024,https://api.odcloud.kr/api/15072696/v1/uddi:130307ee-0834-4fc9-b557-d74af9424e8b,세종,의료급여
남자,세종특별자치시,기초수급,1등급,4,2024,https://api.odcloud.kr/api/15072696/v1/uddi:130307ee-0834-4fc9-b557-d74af9424e8b,세종,기초
남자,세종특별자치시,기초수급,2등급,11,2024,https://api.odcloud.kr/api/15072696/v1/uddi:130307ee-0834-4fc9-b557-d74af9424e8b,세종,기초
남자,세종특별자치시,기초수급,3등급,32,2024,https://api.odcloud.kr/api/15072696/v1/uddi:130307ee-0834-4fc9-b557-d74af9424e8b,세종,기초
남자,세종특별자치시,기초수급,4등급,56,2024,https://api.odcloud.kr/api/15072696/v1/uddi:130307ee-0834-4fc9-b557-d74af9424e8b,세종,기초
남자,세종특별자치시,기초수급,5등급,15,2024,https://api.odcloud.kr/api/15072696/v1/uddi:130307ee-0834-4fc9-b557-d74af9424e8b,세종,기초
남자,세종특별자치시,기초수급,인지지원등급,3,2024,https://api.odcloud.kr/api/15072696/v1/uddi:130307ee-0834-4fc9-b557-d74af9424e8b,세종,기초
남자,세종특별자치시,기초수급,등급외,31,2024,https://api.odcloud.kr/api/15072696/v1/uddi:130307ee-0834-4fc9-b557-d74af9424e8b,세종,기초
여자,세종특별자치시,일반,1등급,108,2024,https://api.odcloud.kr/api/15072696/v1/uddi:130307ee-0834-4fc9-b557-d74af9424e8b,세종,일반
여자,세종특별자치시,일반,2등급,204,2024,https://api.odcloud.kr/api/15072696/v1/uddi:130307ee-0834-4fc9-b557-d74af9424e8b,세종,일반
여자,세종특별자치시,일반,3등급,503,2024,https://api.odcloud.kr/api/15072696/v1/uddi:130307ee-0834-4fc9-b557-d74af9424e8b,세종,일반
여자,세종특별자치시,일반,4등급,807,2024,https://api.odcloud.kr/api/15072696/v1/uddi:130307ee-0834-4fc9-b557-d74af9424e8b,세종,일반
여자,세종특별자치시,일반,5등급,272,2024,https://api.odcloud.kr/api/15072696/v1/uddi:130307ee-0834-4fc9-b557-d74af9424e8b,세종,일반
여자,세종특별자치시,일반,인지지원등급,50,2024,https://api.odcloud.kr/api/15072696/v1/uddi:130307ee-0834-4fc9-b557-d74af9424e8b,세종,일반
여자,세종특별자치시,일반,등급외,244,2024,https://api.odcloud.kr/api/15072696/v1/uddi:130307ee-0834-4fc9-b557-d74af9424e8b,세종,일반
여자,세종특별자치시,감경,1등급,60,2024,https://api.odcloud.kr/api/15072696/v1/uddi:130307ee-0834-4fc9-b557-d74af9424e8b,세종,감경
여자,세종특별자치시,감경,2등급,136,2024,https://api.odcloud.kr/api/15072696/v1/uddi:130307ee-0834-4fc9-b557-d74af9424e8b,세종,감경
여자,세종특별자치시,감경,3등급,324,2024,https://api.odcloud.kr/api/15072696/v1/uddi:130307ee-0834-4fc9-b557-d74af9424e8b,세종,감경
여자,세종특별자치시,감경,4등급,494,2024,https://api.odcloud.kr/api/15072696/v1/uddi:130307ee-0834-4fc9-b557-d74af9424e8b,세종,감경
여자,세종특별자치시,감경,5등급,147,2024,https://api.odcloud.kr/api/15072696/v1/uddi:130307ee-0834-4fc9-b557-d74af9424e8b,세종,감경
여자,세종특별자치시,감경,인지지원등급,21,2024,https://api.odcloud.kr/api/15072696/v1/uddi:130307ee-0834-4fc9-b557-d74af9424e8b,세종,감경
여자,세종특별자치시,감경,등급외,10,2024,https://api.odcloud.kr/api/15072696/v1/uddi:130307ee-0834-4fc9-b557-d74af9424e8b,세종,감경
여자,세종특별자치시,의료급여,1등급,2,2024,https://api.odcloud.kr/api/15072696/v1/uddi:130307ee-0834-4fc9-b557-d74af9424e8b,세종,의료급여
여자,세종특별자치시,의료급여,2등급,4,2024,https://api.odcloud.kr/api/15072696/v1/uddi:130307ee-0834-4fc9-b557-d74af9424e8b,세종,의료급여
여자,세종특별자치시,의료급여,3등급,12,2024,https://api.odcloud.kr/api/15072696/v1/uddi:130307ee-0834-4fc9-b557-d74af9424e8b,세종,의료급여
여자,세종특별자치시,의료급여,4등급,12,2024,https://api.odcloud.kr/api/15072696/v1/uddi:130307ee-0834-4fc9-b557-d74af9424e8b,세종,의료급여
여자,세종특별자치시,의료급여,5등급,5,2024,https://api.odcloud.kr/api/15072696/v1/uddi:130307ee-0834-4fc9-b557-d74af9424e8b,세종,의료급여
여자,세종특별자치시,의료급여,인지지원등급,0,2024,https://api.odcloud.kr/api/15072696/v1/uddi:130307ee-0834-4fc9-b557-d74af9424e8b,세종,의료급여
여자,세종특별자치시,의료급여,등급외,5,2024,https://api.odcloud.kr/api/15072696/v1/uddi:130307ee-0834-4fc9-b557-d74af9424e8b,세종,의료급여
여자,세종특별자치시,기초수급,1등급,14,2024,https://api.odcloud.kr/api/15072696/v1/uddi:130307ee-0834-4fc9-b557-d74af9424e8b,세종,기초
여자,세종특별자치시,기초수급,2등급,26,2024,https://api.odcloud.kr/api/15072696/v1/uddi:130307ee-0834-4fc9-b557-d74af9424e8b,세종,기초
여자,세종특별자치시,기초수급,3등급,85,2024,https://api.odcloud.kr/api/15072696/v1/uddi:130307ee-0834-4fc9-b557-d74af9424e8b,세종,기초
여자,세종특별자치시,기초수급,4등급,140,2024,https://api.odcloud.kr/api/15072696/v1/uddi:130307ee-0834-4fc9-b557-d74af9424e8b,세종,기초
여자,세종특별자치시,기초수급,5등급,28,2024,https://api.odcloud.kr/api/15072696/v1/uddi:130307ee-0834-4fc9-b557-d74af9424e8b,세종,기초
여자,세종특별자치시,기초수급,인지지원등급,9,2024,https://api.odcloud.kr/api/15072696/v1/uddi:130307ee-0834-4fc9-b557-d74af9424e8b,세종,기초
여자,세종특별자치시,기초수급,등급외,49,2024,https://api.odcloud.kr/api/15072696/v1/uddi:130307ee-0834-4fc9-b557-d74af9424e8b,세종,기초
남자,경기도,일반,1등급,1743,2024,https://api.odcloud.kr/api/15072696/v1/uddi:130307ee-0834-4fc9-b557-d74af9424e8b,경기,일반
남자,경기도,일반,2등급,2752,2024,https://api.odcloud.kr/api/15072696/v1/uddi:130307ee-0834-4fc9-b557-d74af9424e8b,경기,일반
남자,경기도,일반,3등급,10058,2024,https://api.odcloud.kr/api/15072696/v1/uddi:130307ee-0834-4fc9-b557-d74af9424e8b,경기,일반
남자,경기도,일반,4등급,14598,2024,https://api.odcloud.kr/api/15072696/v1/uddi:130307ee-0834-4fc9-b557-d74af9424e8b,경기,일반
남자,경기도,일반,5등급,3806,2024,https://api.odcloud.kr/api/15072696/v1/uddi:130307ee-0834-4fc9-b557-d74af9424e8b,경기,일반
남자,경기도,일반,인지지원등급,1050,2024,https://api.odcloud.kr/api/15072696/v1/uddi:130307ee-0834-4fc9-b557-d74af9424e8b,경기,일반
남자,경기도,일반,등급외,6029,2024,https://api.odcloud.kr/api/15072696/v1/uddi:130307ee-0834-4fc9-b557-d74af9424e8b,경기,일반
남자,경기도,감경,1등급,1044,2024,https://api.odcloud.kr/api/15072696/v1/uddi:130307ee-0834-4fc9-b557-d74af9424e8b,경기,감경
남자,경기도,감경,2등급,1845,2024,https://api.odcloud.kr/api/15072696/v1/uddi:130307ee-0834-4fc9-b557-d74af9424e8b,경기,감경
남자,경기도,감경,3등급,6967,2024,https://api.odcloud.kr/api/15072696/v1/uddi:130307ee-0834-4fc9-b557-d74af9424e8b,경기,감경
남자,경기도,감경,4등급,10188,2024,https://api.odcloud.kr/api/15072696/v1/uddi:130307ee-0834-4fc9-b557-d74af9424e8b,경기,감경
남자,경기도,감경,5등급,2544,2024,https://api.odcloud.kr/api/15072696/v1/uddi:130307ee-0834-4fc9-b557-d74af9424e8b,경기,감경
남자,경기도,감경,인지지원등급,636,2024,https://api.odcloud.kr/api/15072696/v1/uddi:130307ee-0834-4fc9-b557-d74af9424e8b,경기,감경
남자,경기도,감경,등급외,257,2024,https://api.odcloud.kr/api/15072696/v1/uddi:130307ee-0834-4fc9-b557-d74af9424e8b,경기,감경
남자,경기도,의료급여,1등급,19,2024,https://api.odcloud.kr/api/15072696/v1/uddi:130307ee-0834-4fc9-b557-d74af9424e8b,경기,의료급여
남자,경기도,의료급여,2등급,47,2024,https://api.odcloud.kr/api/15072696/v1/uddi:130307ee-0834-4fc9-b557-d74af9424e8b,경기,의료급여
남자,경기도,의료급여,3등급,147,2024,https://api.odcloud.kr/api/15072696/v1/uddi:130307ee-0834-4fc9-b557-d74af9424e8b,경기,의료급여
남자,경기도,의료급여,4등급,213,2024,https://api.odcloud.kr/api/15072696/v1/uddi:130307ee-0834-4fc9-b557-d74af9424e8b,경기,의료급여
남자,경기도,의료급여,5등급,55,2024,https://api.odcloud.kr/api/15072696/v1/uddi:130307ee-0834-4fc9-b557-d74af9424e8b,경기,의료급여
남자,경기도,의료급여,인지지원등급,9,2024,https://api.odcloud.kr/api/15072696/v1/uddi:130307ee-0834-4fc9-b557-d74af9424e8b,경기,의료급여
남자,경기도,의료급여,등급외,65,2024,https://api.odcloud.kr/api/15072696/v1/uddi:130307ee-0834-4fc9-b557-d74af9424e8b,경기,의료급여
남자,경기도,기초수급,1등급,602,2024,https://api.odcloud.kr/api/15072696/v1/uddi:130307ee-0834-4fc9-b557-d74af9424e8b,경기,기초
남자,경기도,기초수급,2등급,983,2024,https://api.odcloud.kr/api/15072696/v1/uddi:130307ee-0834-4fc9-b557-d74af9424e8b,경기,기초
남자,경기도,기초수급,3등급,3064,2024,https://api.odcloud.kr/api/15072696/v1/uddi:130307ee-0834-4fc9-b557-d74af9424e8b,경기,기초
남자,경기도,기초수급,4등급,5318,2024,https://api.odcloud.kr/api/15072696/v1/uddi:130307ee-0834-4fc9-b557-d74af9424e8b,경기,기초
남자,경기도,기초수급,5등급,1362,2024,https://api.odcloud.kr/api/15072696/v1/uddi:130307ee-0834-4fc9-b557-d74af9424e8b,경기,기초
남자,경기도,기초수급,인지지원등급,390,2024,https://api.odcloud.kr/api/15072696/v1/uddi:130307ee-0834-4fc9-b557-d74af9424e8b,경기,기초
남자,경기도,기초수급,등급외,2441,2024,https://api.odcloud.kr/api/15072696/v1/uddi:130307ee-0834-4fc9-b557-d74af9424e8b,경기,기초
여자,경기도,일반,1등급,4406,2024,https://api.odcloud.kr/api/15072696/v1/uddi:130307ee-0834-4fc9-b557-d74af9424e8b,경기,일반
여자,경기도,일반,2등급,7254,2024,https://api.odcloud.kr/api/15072696/v1/uddi:130307ee-0834-4fc9-b557-d74af9424e8b,경기,일반
여자,경기도,일반,3등급,22676,2024,https://api.odcloud.kr/api/15072696/v1/uddi:130307ee-0834-4fc9-b557-d74af9424e8b,경기,일반
여자,경기도,일반,4등급,32432,2024,https://api.odcloud.kr/api/15072696/v1/uddi:130307ee-0834-4fc9-b557-d74af9424e8b,경기,일반
여자,경기도,일반,5등급,8277,2024,https://api.odcloud.kr/api/15072696/v1/uddi:130307ee-0834-4fc9-b557-d74af9424e8b,경기,일반
여자,경기도,일반,인지지원등급,2299,2024,https://api.odcloud.kr/api/15072696/v1/uddi:130307ee-0834-4fc9-b557-d74af9424e8b,경기,일반
여자,경기도,일반,등급외,11943,2024,https://api.odcloud.kr/api/15072696/v1/uddi:130307ee-0834-4fc9-b557-d74af9424e8b,경기,일반
여자,경기도,감경,1등급,3444,2024,https://api.odcloud.kr/api/15072696/v1/uddi:130307ee-0834-4fc9-b557-d74af9424e8b,경기,감경
여자,경기도,감경,2등급,6249,2024,https://api.odcloud.kr/api/15072696/v1/uddi:130307ee-0834-4fc9-b557-d74af9424e8b,경기,감경
여자,경기도,감경,3등급,18501,2024,https://api.odcloud.kr/api/15072696/v1/uddi:130307ee-0834-4fc9-b557-d74af9424e8b,경기,감경
여자,경기도,감경,4등급,24992,2024,https://api.odcloud.kr/api/15072696/v1/uddi:130307ee-0834-4fc9-b557-d74af9424e8b,경기,감경
여자,경기도,감경,5등급,5946,2024,https://api.odcloud.kr/api/15072696/v1/uddi:130307ee-0834-4fc9-b557-d74af9424e8b,경기,감경
여자,경기도,감경,인지지원등급,1367,2024,https://api.odcloud.kr/api/15072696/v1/uddi:130307ee-0834-4fc9-b557-d74af9424e8b,경기,감경
여자,경기도,감경,등급외,564,2024,https://api.odcloud.kr/api/15072696/v1/uddi:130307ee-0834-4fc9-b557-d74af9424e8b,경기,감경
여자,경기도,의료급여,1등급,77,2024,https://api.odcloud.kr/api/15072696/v1/uddi:130307ee-0834-4fc9-b557-d74af9424e8b,경기,의료급여
여자,경기도,의료급여,2등급,139,2024,https://api.odcloud.kr/api/15072696/v1/uddi:130307ee-0834-4fc9-b557-d74af9424e8b,경기,의료급여
여자,경기도,의료급여,3등급,516,2024,https://api.odcloud.kr/api/15072696/v1/uddi:130307ee-0834-4fc9-b557-d74af9424e8b,경기,의료급여
여자,경기도,의료급여,4등급,679,2024,https://api.odcloud.kr/api/15072696/v1/uddi:130307ee-0834-4fc9-b557-d74af9424e8b,경기,의료급여
여자,경기도,의료급여,5등급,139,2024,https://api.odcloud.kr/api/15072696/v1/uddi:130307ee-0834-4fc9-b557-d74af9424e8b,경기,의료급여
여자,경기도,의료급여,인지지원등급,22,2024,https://api.odcloud.kr/api/15072696/v1/uddi:130307ee-0834-4fc9-b557-d74af9424e8b,경기,의료급여
여자,경기도,의료급여,등급외,130,2024,https://api.odcloud.kr/api/15072696/v1/uddi:130307ee-0834-4fc9-b557-d74af9424e8b,경기,의료급여
여자,경기도,기초수급,1등급,1431,2024,https://api.odcloud.kr/api/15072696/v1/uddi:130307ee-0834-4fc9-b557-d74af9424e8b,경기,기초
여자,경기도,기초수급,2등급,2382,2024,https://api.odcloud.kr/api/15072696/v1/uddi:130307ee-0834-4fc9-b557-d74af9424e8b,경기,기초
여자,경기도,기초수급,3등급,6806,2024,https://api.odcloud.kr/api/15072696/v1/uddi:130307ee-0834-4fc9-b557-d74af9424e8b,경기,기초
여자,경기도,기초수급,4등급,10406,2024,https://api.odcloud.kr/api/15072696/v1/uddi:130307ee-0834-4fc9-b557-d74af9424e8b,경기,기초
여자,경기도,기초수급,5등급,2437,2024,https://api.odcloud.kr/api/15072696/v1/uddi:130307ee-0834-4fc9-b557-d74af9424e8b,경기,기초
여자,경기도,기초수급,인지지원등급,447,2024,https://api.odcloud.kr/api/15072696/v1/uddi:130307ee-0834-4fc9-b557-d74af9424e8b,경기,기초
여자,경기도,기초수급,등급외,3152,2024,https://api.odcloud.kr/api/15072696/v1/uddi:130307ee-0834-4fc9-b557-d74af9424e8b,경기,기초
남자,강원특별자치도,일반,1등급,297,2024,https://api.odcloud.kr/api/15072696/v1/uddi:130307ee-0834-4fc9-b557-d74af9424e8b,강원,일반
남자,강원특별자치도,일반,2등급,533,2024,https://api.odcloud.kr/api/15072696/v1/uddi:130307ee-0834-4fc9-b557-d74af9424e8b,강원,일반
남자,강원특별자치도,일반,3등급,1572,2024,https://api.odcloud.kr/api/15072696/v1/uddi:130307ee-0834-4fc9-b557-d74af9424e8b,강원,일반
남자,강원특별자치도,일반,4등급,2014,2024,https://api.odcloud.kr/api/15072696/v1/uddi:130307ee-0834-4fc9-b557-d74af9424e8b,강원,일반
남자,강원특별자치도,일반,5등급,362,2024,https://api.odcloud.kr/api/15072696/v1/uddi:130307ee-0834-4fc9-b557-d74af9424e8b,강원,일반
남자,강원특별자치도,일반,인지지원등급,92,2024,https://api.odcloud.kr/api/15072696/v1/uddi:130307ee-0834-4fc9-b557-d74af9424e8b,강원,일반
남자,강원특별자치도,일반,등급외,1061,2024,https://api.odcloud.kr/api/15072696/v1/uddi:130307ee-0834-4fc9-b557-d74af9424e8b,강원,일반
남자,강원특별자치도,감경,1등급,283,2024,https://api.odcloud.kr/api/15072696/v1/uddi:130307ee-0834-4fc9-b557-d74af9424e8b,강원,감경
남자,강원특별자치도,감경,2등급,498,2024,https://api.odcloud.kr/api/15072696/v1/uddi:130307ee-0834-4fc9-b557-d74af9424e8b,강원,감경
남자,강원특별자치도,감경,3등급,1529,2024,https://api.odcloud.kr/api/15072696/v1/uddi:130307ee-0834-4fc9-b557-d74af9424e8b,강원,감경
남자,강원특별자치도,감경,4등급,1689,2024,https://api.odcloud.kr/api/15072696/v1/uddi:130307ee-0834-4fc9-b557-d74af9424e8b,강원,감경
남자,강원특별자치도,감경,5등급,286,2024,https://api.odcloud.kr/api/15072696/v1/uddi:130307ee-0834-4fc9-b557-d74af9424e8b,강원,감경
남자,강원특별자치도,감경,인지지원등급,92,2024,https://api.odcloud.kr/api/15072696/v1/uddi:130307ee-0834-4fc9-b557-d74af9424e8b,강원,감경
남자,강원특별자치도,감경,등급외,59,2024,https://api.odcloud.kr/api/15072696/v1/uddi:130307ee-0834-4fc9-b557-d74af9424e8b,강원,감경
남자,강원특별자치도,의료급여,1등급,9,2024,https://api.odcloud.kr/api/15072696/v1/uddi:130307ee-0834-4fc9-b557-d74af9424e8b,강원,의료급여
남자,강원특별자치도,의료급여,2등급,15,2024,https://api.odcloud.kr/api/15072696/v1/uddi:130307ee-0834-4fc9-b557-d74af9424e8b,강원,의료급여
남자,강원특별자치도,의료급여,3등급,29,2024,https://api.odcloud.kr/api/15072696/v1/uddi:130307ee-0834-4fc9-b557-d74af9424e8b,강원,의료급여
남자,강원특별자치도,의료급여,4등급,43,2024,https://api.odcloud.kr/api/15072696/v1/uddi:130307ee-0834-4fc9-b557-d74af9424e8b,강원,의료급여
남자,강원특별자치도,의료급여,5등급,11,2024,https://api.odcloud.kr/api/15072696/v1/uddi:130307ee-0834-4fc9-b557-d74af9424e8b,강원,의료급여
남자,강원특별자치도,의료급여,인지지원등급,1,2024,https://api.odcloud.kr/api/15072696/v1/uddi:130307ee-0834-4fc9-b557-d74af9424e8b,강원,의료급여
남자,강원특별자치도,의료급여,등급외,18,2024,https://api.odcloud.kr/api/15072696/v1/uddi:130307ee-0834-4fc9-b557-d74af9424e8b,강원,의료급여
남자,강원특별자치도,기초수급,1등급,147,2024,https://api.odcloud.kr/api/15072696/v1/uddi:130307ee-0834-4fc9-b557-d74af9424e8b,강원,기초
남자,강원특별자치도,기초수급,2등급,244,2024,https://api.odcloud.kr/api/15072696/v1/uddi:130307ee-0834-4fc9-b557-d74af9424e8b,강원,기초
남자,강원특별자치도,기초수급,3등급,741,2024,https://api.odcloud.kr/api/15072696/v1/uddi:130307ee-0834-4fc9-b557-d74af9424e8b,강원,기초
남자,강원특별자치도,기초수급,4등급,969,2024,https://api.odcloud.kr/api/15072696/v1/uddi:130307ee-0834-4fc9-b557-d74af9424e8b,강원,기초
남자,강원특별자치도,기초수급,5등급,147,2024,https://api.odcloud.kr/api/15072696/v1/uddi:130307ee-0834-4fc9-b557-d74af9424e8b,강원,기초
남자,강원특별자치도,기초수급,인지지원등급,50,2024,https://api.odcloud.kr/api/15072696/v1/uddi:130307ee-0834-4fc9-b557-d74af9424e8b,강원,기초
남자,강원특별자치도,기초수급,등급외,577,2024,https://api.odcloud.kr/api/15072696/v1/uddi:130307ee-0834-4fc9-b557-d74af9424e8b,강원,기초
여자,강원특별자치도,일반,1등급,717,2024,https://api.odcloud.kr/api/15072696/v1/uddi:130307ee-0834-4fc9-b557-d74af9424e8b,강원,일반
여자,강원특별자치도,일반,2등급,1363,2024,https://api.odcloud.kr/api/15072696/v1/uddi:130307ee-0834-4fc9-b557-d74af9424e8b,강원,일반
여자,강원특별자치도,일반,3등급,3615,2024,https://api.odcloud.kr/api/15072696/v1/uddi:130307ee-0834-4fc9-b557-d74af9424e8b,강원,일반
여자,강원특별자치도,일반,4등급,4615,2024,https://api.odcloud.kr/api/15072696/v1/uddi:130307ee-0834-4fc9-b557-d74af9424e8b,강원,일반
여자,강원특별자치도,일반,5등급,940,2024,https://api.odcloud.kr/api/15072696/v1/uddi:130307ee-0834-4fc9-b557-d74af9424e8b,강원,일반
여자,강원특별자치도,일반,인지지원등급,262,2024,https://api.odcloud.kr/api/15072696/v1/uddi:130307ee-0834-4fc9-b557-d74af9424e8b,강원,일반
여자,강원특별자치도,일반,등급외,2128,2024,https://api.odcloud.kr/api/15072696/v1/uddi:130307ee-0834-4fc9-b557-d74af9424e8b,강원,일반
여자,강원특별자치도,감경,1등급,913,2024,https://api.odcloud.kr/api/15072696/v1/uddi:130307ee-0834-4fc9-b557-d74af9424e8b,강원,감경
여자,강원특별자치도,감경,2등급,1722,2024,https://api.odcloud.kr/api/15072696/v1/uddi:130307ee-0834-4fc9-b557-d74af9424e8b,강원,감경
여자,강원특별자치도,감경,3등급,4449,2024,https://api.odcloud.kr/api/15072696/v1/uddi:130307ee-0834-4fc9-b557-d74af9424e8b,강원,감경
여자,강원특별자치도,감경,4등급,4832,2024,https://api.odcloud.kr/api/15072696/v1/uddi:130307ee-0834-4fc9-b557-d74af9424e8b,강원,감경
여자,강원특별자치도,감경,5등급,845,2024,https://api.odcloud.kr/api/15072696/v1/uddi:130307ee-0834-4fc9-b557-d74af9424e8b,강원,감경
여자,강원특별자치도,감경,인지지원등급,205,2024,https://api.odcloud.kr/api/15072696/v1/uddi:130307ee-0834-4fc9-b557-d74af9424e8b,강원,감경
여자,강원특별자치도,감경,등급외,137,2024,https://api.odcloud.kr/api/15072696/v1/uddi:130307ee-0834-4fc9-b557-d74af9424e8b,강원,감경
여자,강원특별자치도,의료급여,1등급,30,2024,https://api.odcloud.kr/api/15072696/v1/uddi:130307ee-0834-4fc9-b557-d74af9424e8b,강원,의료급여
여자,강원특별자치도,의료급여,2등급,62,2024,https://api.odcloud.kr/api/15072696/v1/uddi:130307ee-0834-4fc9-b557-d74af9424e8b,강원,의료급여
여자,강원특별자치도,의료급여,3등급,157,2024,https://api.odcloud.kr/api/15072696/v1/uddi:130307ee-0834-4fc9-b557-d74af9424e8b,강원,의료급여
여자,강원특별자치도,의료급여,4등급,190,2024,https://api.odcloud.kr/api/15072696/v1/uddi:130307ee-0834-4fc9-b557-d74af9424e8b,강원,의료급여
여자,강원특별자치도,의료급여,5등급,28,2024,https://api.odcloud.kr/api/15072696/v1/uddi:130307ee-0834-4fc9-b557-d74af9424e8b,강원,의료급여
여자,강원특별자치도,의료급여,인지지원등급,4,2024,https://api.odcloud.kr/api/15072696/v1/uddi:130307ee-0834-4fc9-b557-d74af9424e8b,강원,의료급여
여자,강원특별자치도,의료급여,등급외,40,2024,https://api.odcloud.kr/api/15072696/v1/uddi:130307ee-0834-4fc9-b557-d74af9424e8b,강원,의료급여
여자,강원특별자치도,기초수급,1등급,393,2024,https://api.odcloud.kr/api/15072696/v1/uddi:130307ee-0834-4fc9-b557-d74af9424e8b,강원,기초
여자,강원특별자치도,기초수급,2등급,596,2024,https://api.odcloud.kr/api/15072696/v1/uddi:130307ee-0834-4fc9-b557-d74af9424e8b,강원,기초
여자,강원특별자치도,기초수급,3등급,1493,2024,https://api.odcloud.kr/api/15072696/v1/uddi:130307ee-0834-4fc9-b557-d74af9424e8b,강원,기초
여자,강원특별자치도,기초수급,4등급,1863,2024,https://api.odcloud.kr/api/15072696/v1/uddi:130307ee-0834-4fc9-b557-d74af9424e8b,강원,기초
여자,강원특별자치도,기초수급,5등급,312,2024,https://api.odcloud.kr/api/15072696/v1/uddi:130307ee-0834-4fc9-b557-d74af9424e8b,강원,기초
여자,강원특별자치도,기초수급,인지지원등급,88,2024,https://api.odcloud.kr/api/15072696/v1/uddi:130307ee-0834-4fc9-b557-d74af9424e8b,강원,기초
여자,강원특별자치도,기초수급,등급외,736,2024,https://api.odcloud.kr/api/15072696/v1/uddi:130307ee-0834-4fc9-b557-d74af9424e8b,강원,기초
남자,충청북도,일반,1등급,210,2024,https://api.odcloud.kr/api/15072696/v1/uddi:130307ee-0834-4fc9-b557-d74af9424e8b,충북,일반
남자,충청북도,일반,2등급,369,2024,https://api.odcloud.kr/api/15072696/v1/uddi:130307ee-0834-4fc9-b557-d74af9424e8b,충북,일반
남자,충청북도,일반,3등급,1318,2024,https://api.odcloud.kr/api/15072696/v1/uddi:130307ee-0834-4fc9-b557-d74af9424e8b,충북,일반
남자,충청북도,일반,4등급,2307,2024,https://api.odcloud.kr/api/15072696/v1/uddi:130307ee-0834-4fc9-b557-d74af9424e8b,충북,일반
남자,충청북도,일반,5등급,747,2024,https://api.odcloud.kr/api/15072696/v1/uddi:130307ee-0834-4fc9-b557-d74af9424e8b,충북,일반
남자,충청북도,일반,인지지원등급,187,2024,https://api.odcloud.kr/api/15072696/v1/uddi:130307ee-0834-4fc9-b557-d74af9424e8b,충북,일반
남자,충청북도,일반,등급외,1134,2024,https://api.odcloud.kr/api/15072696/v1/uddi:130307ee-0834-4fc9-b557-d74af9424e8b,충북,일반
남자,충청북도,감경,1등급,154,2024,https://api.odcloud.kr/api/15072696/v1/uddi:130307ee-0834-4fc9-b557-d74af9424e8b,충북,감경
남자,충청북도,감경,2등급,388,2024,https://api.odcloud.kr/api/15072696/v1/uddi:130307ee-0834-4fc9-b557-d74af9424e8b,충북,감경
남자,충청북도,감경,3등급,1179,2024,https://api.odcloud.kr/api/15072696/v1/uddi:130307ee-0834-4fc9-b557-d74af9424e8b,충북,감경
남자,충청북도,감경,4등급,1919,2024,https://api.odcloud.kr/api/15072696/v1/uddi:130307ee-0834-4fc9-b557-d74af9424e8b,충북,감경
남자,충청북도,감경,5등급,620,2024,https://api.odcloud.kr/api/15072696/v1/uddi:130307ee-0834-4fc9-b557-d74af9424e8b,충북,감경
남자,충청북도,감경,인지지원등급,116,2024,https://api.odcloud.kr/api/15072696/v1/uddi:130307ee-0834-4fc9-b557-d74af9424e8b,충북,감경
남자,충청북도,감경,등급외,45,2024,https://api.odcloud.kr/api/15072696/v1/uddi:130307ee-0834-4fc9-b557-d74af9424e8b,충북,감경
남자,충청북도,의료급여,1등급,4,2024,https://api.odcloud.kr/api/15072696/v1/uddi:130307ee-0834-4fc9-b557-d74af9424e8b,충북,의료급여
남자,충청북도,의료급여,2등급,9,2024,https://api.odcloud.kr/api/15072696/v1/uddi:130307ee-0834-4fc9-b557-d74af9424e8b,충북,의료급여
남자,충청북도,의료급여,3등급,28,2024,https://api.odcloud.kr/api/15072696/v1/uddi:130307ee-0834-4fc9-b557-d74af9424e8b,충북,의료급여
남자,충청북도,의료급여,4등급,46,2024,https://api.odcloud.kr/api/15072696/v1/uddi:130307ee-0834-4fc9-b557-d74af9424e8b,충북,의료급여
남자,충청북도,의료급여,5등급,13,2024,https://api.odcloud.kr/api/15072696/v1/uddi:130307ee-0834-4fc9-b557-d74af9424e8b,충북,의료급여
남자,충청북도,의료급여,인지지원등급,3,2024,https://api.odcloud.kr/api/15072696/v1/uddi:130307ee-0834-4fc9-b557-d74af9424e8b,충북,의료급여
남자,충청북도,의료급여,등급외,16,2024,https://api.odcloud.kr/api/15072696/v1/uddi:130307ee-0834-4fc9-b557-d74af9424e8b,충북,의료급여
남자,충청북도,기초수급,1등급,144,2024,https://api.odcloud.kr/api/15072696/v1/uddi:130307ee-0834-4fc9-b557-d74af9424e8b,충북,기초
남자,충청북도,기초수급,2등급,167,2024,https://api.odcloud.kr/api/15072696/v1/uddi:130307ee-0834-4fc9-b557-d74af9424e8b,충북,기초
남자,충청북도,기초수급,3등급,440,2024,https://api.odcloud.kr/api/15072696/v1/uddi:130307ee-0834-4fc9-b557-d74af9424e8b,충북,기초
남자,충청북도,기초수급,4등급,843,2024,https://api.odcloud.kr/api/15072696/v1/uddi:130307ee-0834-4fc9-b557-d74af9424e8b,충북,기초
남자,충청북도,기초수급,5등급,276,2024,https://api.odcloud.kr/api/15072696/v1/uddi:130307ee-0834-4fc9-b557-d74af9424e8b,충북,기초
남자,충청북도,기초수급,인지지원등급,91,2024,https://api.odcloud.kr/api/15072696/v1/uddi:130307ee-0834-4fc9-b557-d74af9424e8b,충북,기초
남자,충청북도,기초수급,등급외,487,2024,https://api.odcloud.kr/api/15072696/v1/uddi:130307ee-0834-4fc9-b557-d74af9424e8b,충북,기초
여자,충청북도,일반,1등급,578,2024,https://api.odcloud.kr/api/15072696/v1/uddi:130307ee-0834-4fc9-b557-d74af9424e8b,충북,일반
여자,충청북도,일반,2등급,1103,2024,https://api.odcloud.kr/api/15072696/v1/uddi:130307ee-0834-4fc9-b557-d74af9424e8b,충북,일반
여자,충청북도,일반,3등급,3218,2024,https://api.odcloud.kr/api/15072696/v1/uddi:130307ee-0834-4fc9-b557-d74af9424e8b,충북,일반
여자,충청북도,일반,4등급,5471,2024,https://api.odcloud.kr/api/15072696/v1/uddi:130307ee-0834-4fc9-b557-d74af9424e8b,충북,일반
여자,충청북도,일반,5등급,1628,2024,https://api.odcloud.kr/api/15072696/v1/uddi:130307ee-0834-4fc9-b557-d74af9424e8b,충북,일반
여자,충청북도,일반,인지지원등급,389,2024,https://api.odcloud.kr/api/15072696/v1/uddi:130307ee-0834-4fc9-b557-d74af9424e8b,충북,일반
여자,충청북도,일반,등급외,2131,2024,https://api.odcloud.kr/api/15072696/v1/uddi:130307ee-0834-4fc9-b557-d74af9424e8b,충북,일반
여자,충청북도,감경,1등급,630,2024,https://api.odcloud.kr/api/15072696/v1/uddi:130307ee-0834-4fc9-b557-d74af9424e8b,충북,감경
여자,충청북도,감경,2등급,1368,2024,https://api.odcloud.kr/api/15072696/v1/uddi:130307ee-0834-4fc9-b557-d74af9424e8b,충북,감경
여자,충청북도,감경,3등급,3771,2024,https://api.odcloud.kr/api/15072696/v1/uddi:130307ee-0834-4fc9-b557-d74af9424e8b,충북,감경
여자,충청북도,감경,4등급,5792,2024,https://api.odcloud.kr/api/15072696/v1/uddi:130307ee-0834-4fc9-b557-d74af9424e8b,충북,감경
여자,충청북도,감경,5등급,1560,2024,https://api.odcloud.kr/api/15072696/v1/uddi:130307ee-0834-4fc9-b557-d74af9424e8b,충북,감경
여자,충청북도,감경,인지지원등급,311,2024,https://api.odcloud.kr/api/15072696/v1/uddi:130307ee-0834-4fc9-b557-d74af9424e8b,충북,감경
여자,충청북도,감경,등급외,105,2024,https://api.odcloud.kr/api/15072696/v1/uddi:130307ee-0834-4fc9-b557-d74af9424e8b,충북,감경
여자,충청북도,의료급여,1등급,10,2024,https://api.odcloud.kr/api/15072696/v1/uddi:130307ee-0834-4fc9-b557-d74af9424e8b,충북,의료급여
여자,충청북도,의료급여,2등급,30,2024,https://api.odcloud.kr/api/15072696/v1/uddi:130307ee-0834-4fc9-b557-d74af9424e8b,충북,의료급여
여자,충청북도,의료급여,3등급,120,2024,https://api.odcloud.kr/api/15072696/v1/uddi:130307ee-0834-4fc9-b557-d74af9424e8b,충북,의료급여
여자,충청북도,의료급여,4등급,150,2024,https://api.odcloud.kr/api/15072696/v1/uddi:130307ee-0834-4fc9-b557-d74af9424e8b,충북,의료급여
여자,충청북도,의료급여,5등급,34,2024,https://api.odcloud.kr/api/15072696/v1/uddi:130307ee-0834-4fc9-b557-d74af9424e8b,충북,의료급여
여자,충청북도,의료급여,인지지원등급,3,2024,https://api.odcloud.kr/api/15072696/v1/uddi:130307ee-0834-4fc9-b557-d74af9424e8b,충북,의료급여
여자,충청북도,의료급여,등급외,32,2024,https://api.odcloud.kr/api/15072696/v1/uddi:130307ee-0834-4fc9-b557-d74af9424e8b,충북,의료급여
여자,충청북도,기초수급,1등급,248,2024,https://api.odcloud.kr/api/15072696/v1/uddi:130307ee-0834-4fc9-b557-d74af9424e8b,충북,기초
여자,충청북도,기초수급,2등급,402,2024,https://api.odcloud.kr/api/15072696/v1/uddi:130307ee-0834-4fc9-b557-d74af9424e8b,충북,기초
여자,충청북도,기초수급,3등급,1023,2024,https://api.odcloud.kr/api/15072696/v1/uddi:130307ee-0834-4fc9-b557-d74af9424e8b,충북,기초
여자,충청북도,기초수급,4등급,1718,2024,https://api.odcloud.kr/api/15072696/v1/uddi:130307ee-0834-4fc9-b557-d74af9424e8b,충북,기초
여자,충청북도,기초수급,5등급,477,2024,https://api.odcloud.kr/api/15072696/v1/uddi:130307ee-0834-4fc9-b557-d74af9424e8b,충북,기초
여자,충청북도,기초수급,인지지원등급,101,2024,https://api.odcloud.kr/api/15072696/v1/uddi:130307ee-0834-4fc9-b557-d74af9424e8b,충북,기초
여자,충청북도,기초수급,등급외,594,2024,https://api.odcloud.kr/api/15072696/v1/uddi:130307ee-0834-4fc9-b557-d74af9424e8b,충북,기초
남자,충청남도,일반,1등급,321,2024,https://api.odcloud.kr/api/15072696/v1/uddi:130307ee-0834-4fc9-b557-d74af9424e8b,충남,일반
남자,충청남도,일반,2등급,585,2024,https://api.odcloud.kr/api/15072696/v1/uddi:130307ee-0834-4fc9-b557-d74af9424e8b,충남,일반
남자,충청남도,일반,3등급,2067,2024,https://api.odcloud.kr/api/15072696/v1/uddi:130307ee-0834-4fc9-b557-d74af9424e8b,충남,일반
남자,충청남도,일반,4등급,3813,2024,https://api.odcloud.kr/api/15072696/v1/uddi:130307ee-0834-4fc9-b557-d74af9424e8b,충남,일반
남자,충청남도,일반,5등급,1263,2024,https://api.odcloud.kr/api/15072696/v1/uddi:130307ee-0834-4fc9-b557-d74af9424e8b,충남,일반
남자,충청남도,일반,인지지원등급,317,2024,https://api.odcloud.kr/api/15072696/v1/uddi:130307ee-0834-4fc9-b557-d74af9424e8b,충남,일반
남자,충청남도,일반,등급외,2070,2024,https://api.odcloud.kr/api/15072696/v1/uddi:130307ee-0834-4fc9-b557-d74af9424e8b,충남,일반
남자,충청남도,감경,1등급,223,2024,https://api.odcloud.kr/api/15072696/v1/uddi:130307ee-0834-4fc9-b557-d74af9424e8b,충남,감경
남자,충청남도,감경,2등급,458,2024,https://api.odcloud.kr/api/15072696/v1/uddi:130307ee-0834-4fc9-b557-d74af9424e8b,충남,감경
남자,충청남도,감경,3등급,1683,2024,https://api.odcloud.kr/api/15072696/v1/uddi:130307ee-0834-4fc9-b557-d74af9424e8b,충남,감경
남자,충청남도,감경,4등급,2938,2024,https://api.odcloud.kr/api/15072696/v1/uddi:130307ee-0834-4fc9-b557-d74af9424e8b,충남,감경
남자,충청남도,감경,5등급,859,2024,https://api.odcloud.kr/api/15072696/v1/uddi:130307ee-0834-4fc9-b557-d74af9424e8b,충남,감경
남자,충청남도,감경,인지지원등급,221,2024,https://api.odcloud.kr/api/15072696/v1/uddi:130307ee-0834-4fc9-b557-d74af9424e8b,충남,감경
남자,충청남도,감경,등급외,85,2024,https://api.odcloud.kr/api/15072696/v1/uddi:130307ee-0834-4fc9-b557-d74af9424e8b,충남,감경
남자,충청남도,의료급여,1등급,1,2024,https://api.odcloud.kr/api/15072696/v1/uddi:130307ee-0834-4fc9-b557-d74af9424e8b,충남,의료급여
남자,충청남도,의료급여,2등급,7,2024,https://api.odcloud.kr/api/15072696/v1/uddi:130307ee-0834-4fc9-b557-d74af9424e8b,충남,의료급여
남자,충청남도,의료급여,3등급,21,2024,https://api.odcloud.kr/api/15072696/v1/uddi:130307ee-0834-4fc9-b557-d74af9424e8b,충남,의료급여
남자,충청남도,의료급여,4등급,50,2024,https://api.odcloud.kr/api/15072696/v1/uddi:130307ee-0834-4fc9-b557-d74af9424e8b,충남,의료급여
남자,충청남도,의료급여,5등급,10,2024,https://api.odcloud.kr/api/15072696/v1/uddi:130307ee-0834-4fc9-b557-d74af9424e8b,충남,의료급여
남자,충청남도,의료급여,인지지원등급,6,2024,https://api.odcloud.kr/api/15072696/v1/uddi:130307ee-0834-4fc9-b557-d74af9424e8b,충남,의료급여
남자,충청남도,의료급여,등급외,26,2024,https://api.odcloud.kr/api/15072696/v1/uddi:130307ee-0834-4fc9-b557-d74af9424e8b,충남,의료급여
남자,충청남도,기초수급,1등급,108,2024,https://api.odcloud.kr/api/15072696/v1/uddi:130307ee-0834-4fc9-b557-d74af9424e8b,충남,기초
남자,충청남도,기초수급,2등급,199,2024,https://api.odcloud.kr/api/15072696/v1/uddi:130307ee-0834-4fc9-b557-d74af9424e8b,충남,기초
남자,충청남도,기초수급,3등급,520,2024,https://api.odcloud.kr/api/15072696/v1/uddi:130307ee-0834-4fc9-b557-d74af9424e8b,충남,기초
남자,충청남도,기초수급,4등급,1047,2024,https://api.odcloud.kr/api/15072696/v1/uddi:130307ee-0834-4fc9-b557-d74af9424e8b,충남,기초
남자,충청남도,기초수급,5등급,334,2024,https://api.odcloud.kr/api/15072696/v1/uddi:130307ee-0834-4fc9-b557-d74af9424e8b,충남,기초
남자,충청남도,기초수급,인지지원등급,99,2024,https://api.odcloud.kr/api/15072696/v1/uddi:130307ee-0834-4fc9-b557-d74af9424e8b,충남,기초
남자,충청남도,기초수급,등급외,614,2024,https://api.odcloud.kr/api/15072696/v1/uddi:130307ee-0834-4fc9-b557-d74af9424e8b,충남,기초
여자,충청남도,일반,1등급,834,2024,https://api.odcloud.kr/api/15072696/v1/uddi:130307ee-0834-4fc9-b557-d74af9424e8b,충남,일반
여자,충청남도,일반,2등급,1570,2024,https://api.odcloud.kr/api/15072696/v1/uddi:130307ee-0834-4fc9-b557-d74af9424e8b,충남,일반
여자,충청남도,일반,3등급,4932,2024,https://api.odcloud.kr/api/15072696/v1/uddi:130307ee-0834-4fc9-b557-d74af9424e8b,충남,일반
여자,충청남도,일반,4등급,9190,2024,https://api.odcloud.kr/api/15072696/v1/uddi:130307ee-0834-4fc9-b557-d74af9424e8b,충남,일반
여자,충청남도,일반,5등급,2585,2024,https://api.odcloud.kr/api/15072696/v1/uddi:130307ee-0834-4fc9-b557-d74af9424e8b,충남,일반
여자,충청남도,일반,인지지원등급,616,2024,https://api.odcloud.kr/api/15072696/v1/uddi:130307ee-0834-4fc9-b557-d74af9424e8b,충남,일반
여자,충청남도,일반,등급외,3996,2024,https://api.odcloud.kr/api/15072696/v1/uddi:130307ee-0834-4fc9-b557-d74af9424e8b,충남,일반
여자,충청남도,감경,1등급,855,2024,https://api.odcloud.kr/api/15072696/v1/uddi:130307ee-0834-4fc9-b557-d74af9424e8b,충남,감경
여자,충청남도,감경,2등급,1816,2024,https://api.odcloud.kr/api/15072696/v1/uddi:130307ee-0834-4fc9-b557-d74af9424e8b,충남,감경
여자,충청남도,감경,3등급,5127,2024,https://api.odcloud.kr/api/15072696/v1/uddi:130307ee-0834-4fc9-b557-d74af9424e8b,충남,감경
여자,충청남도,감경,4등급,8778,2024,https://api.odcloud.kr/api/15072696/v1/uddi:130307ee-0834-4fc9-b557-d74af9424e8b,충남,감경
여자,충청남도,감경,5등급,2343,2024,https://api.odcloud.kr/api/15072696/v1/uddi:130307ee-0834-4fc9-b557-d74af9424e8b,충남,감경
여자,충청남도,감경,인지지원등급,474,2024,https://api.odcloud.kr/api/15072696/v1/uddi:130307ee-0834-4fc9-b557-d74af9424e8b,충남,감경
여자,충청남도,감경,등급외,144,2024,https://api.odcloud.kr/api/15072696/v1/uddi:130307ee-0834-4fc9-b557-d74af9424e8b,충남,감경
여자,충청남도,의료급여,1등급,18,2024,https://api.odcloud.kr/api/15072696/v1/uddi:130307ee-0834-4fc9-b557-d74af9424e8b,충남,의료급여
여자,충청남도,의료급여,2등급,26,2024,https://api.odcloud.kr/api/15072696/v1/uddi:130307ee-0834-4fc9-b557-d74af9424e8b,충남,의료급여
여자,충청남도,의료급여,3등급,102,2024,https://api.odcloud.kr/api/15072696/v1/uddi:130307ee-0834-4fc9-b557-d74af9424e8b,충남,의료급여
여자,충청남도,의료급여,4등급,153,2024,https://api.odcloud.kr/api/15072696/v1/uddi:130307ee-0834-4fc9-b557-d74af9424e8b,충남,의료급여
여자,충청남도,의료급여,5등급,33,2024,https://api.odcloud.kr/api/15072696/v1/uddi:130307ee-0834-4fc9-b557-d74af9424e8b,충남,의료급여
여자,충청남도,의료급여,인지지원등급,13,2024,https://api.odcloud.kr/api/15072696/v1/uddi:130307ee-0834-4fc9-b557-d74af9424e8b,충남,의료급여
여자,충청남도,의료급여,등급외,41,2024,https://api.odcloud.kr/api/15072696/v1/uddi:130307ee-0834-4fc9-b557-d74af9424e8b,충남,의료급여
여자,충청남도,기초수급,1등급,249,2024,https://api.odcloud.kr/api/15072696/v1/uddi:130307ee-0834-4fc9-b557-d74af9424e8b,충남,기초
여자,충청남도,기초수급,2등급,451,2024,https://api.odcloud.kr/api/15072696/v1/uddi:130307ee-0834-4fc9-b557-d74af9424e8b,충남,기초
여자,충청남도,기초수급,3등급,1156,2024,https://api.odcloud.kr/api/15072696/v1/uddi:130307ee-0834-4fc9-b557-d74af9424e8b,충남,기초
여자,충청남도,기초수급,4등급,2124,2024,https://api.odcloud.kr/api/15072696/v1/uddi:130307ee-0834-4fc9-b557-d74af9424e8b,충남,기초
여자,충청남도,기초수급,5등급,602,2024,https://api.odcloud.kr/api/15072696/v1/uddi:130307ee-0834-4fc9-b557-d74af9424e8b,충남,기초
여자,충청남도,기초수급,인지지원등급,138,2024,https://api.odcloud.kr/api/15072696/v1/uddi:130307ee-0834-4fc9-b557-d74af9424e8b,충남,기초
여자,충청남도,기초수급,등급외,820,2024,https://api.odcloud.kr/api/15072696/v1/uddi:130307ee-0834-4fc9-b557-d74af9424e8b,충남,기초
남자,전북특별자치도,일반,1등급,174,2024,https://api.odcloud.kr/api/15072696/v1/uddi:130307ee-0834-4fc9-b557-d74af9424e8b,전북,일반
남자,전북특별자치도,일반,2등급,355,2024,https://api.odcloud.kr/api/15072696/v1/uddi:130307ee-0834-4fc9-b557-d74af9424e8b,전북,일반
남자,전북특별자치도,일반,3등급,1378,2024,https://api.odcloud.kr/api/15072696/v1/uddi:130307ee-0834-4fc9-b557-d74af9424e8b,전북,일반
남자,전북특별자치도,일반,4등급,3499,2024,https://api.odcloud.kr/api/15072696/v1/uddi:130307ee-0834-4fc9-b557-d74af9424e8b,전북,일반
남자,전북특별자치도,일반,5등급,1294,2024,https://api.odcloud.kr/api/15072696/v1/uddi:130307ee-0834-4fc9-b557-d74af9424e8b,전북,일반
남자,전북특별자치도,일반,인지지원등급,241,2024,https://api.odcloud.kr/api/15072696/v1/uddi:130307ee-0834-4fc9-b557-d74af9424e8b,전북,일반
남자,전북특별자치도,일반,등급외,2107,2024,https://api.odcloud.kr/api/15072696/v1/uddi:130307ee-0834-4fc9-b557-d74af9424e8b,전북,일반
남자,전북특별자치도,감경,1등급,193,2024,https://api.odcloud.kr/api/15072696/v1/uddi:130307ee-0834-4fc9-b557-d74af9424e8b,전북,감경
남자,전북특별자치도,감경,2등급,361,2024,https://api.odcloud.kr/api/15072696/v1/uddi:130307ee-0834-4fc9-b557-d74af9424e8b,전북,감경
남자,전북특별자치도,감경,3등급,1386,2024,https://api.odcloud.kr/api/15072696/v1/uddi:130307ee-0834-4fc9-b557-d74af9424e8b,전북,감경
남자,전북특별자치도,감경,4등급,3191,2024,https://api.odcloud.kr/api/15072696/v1/uddi:130307ee-0834-4fc9-b557-d74af9424e8b,전북,감경
남자,전북특별자치도,감경,5등급,1058,2024,https://api.odcloud.kr/api/15072696/v1/uddi:130307ee-0834-4fc9-b557-d74af9424e8b,전북,감경
남자,전북특별자치도,감경,인지지원등급,175,2024,https://api.odcloud.kr/api/15072696/v1/uddi:130307ee-0834-4fc9-b557-d74af9424e8b,전북,감경
남자,전북특별자치도,감경,등급외,151,2024,https://api.odcloud.kr/api/15072696/v1/uddi:130307ee-0834-4fc9-b557-d74af9424e8b,전북,감경
남자,전북특별자치도,의료급여,1등급,5,2024,https://api.odcloud.kr/api/15072696/v1/uddi:130307ee-0834-4fc9-b557-d74af9424e8b,전북,의료급여
남자,전북특별자치도,의료급여,2등급,6,2024,https://api.odcloud.kr/api/15072696/v1/uddi:130307ee-0834-4fc9-b557-d74af9424e8b,전북,의료급여
남자,전북특별자치도,의료급여,3등급,38,2024,https://api.odcloud.kr/api/15072696/v1/uddi:130307ee-0834-4fc9-b557-d74af9424e8b,전북,의료급여
남자,전북특별자치도,의료급여,4등급,79,2024,https://api.odcloud.kr/api/15072696/v1/uddi:130307ee-0834-4fc9-b557-d74af9424e8b,전북,의료급여
남자,전북특별자치도,의료급여,5등급,26,2024,https://api.odcloud.kr/api/15072696/v1/uddi:130307ee-0834-4fc9-b557-d74af9424e8b,전북,의료급여
남자,전북특별자치도,의료급여,인지지원등급,3,2024,https://api.odcloud.kr/api/15072696/v1/uddi:130307ee-0834-4fc9-b557-d74af9424e8b,전북,의료급여
남자,전북특별자치도,의료급여,등급외,30,2024,https://api.odcloud.kr/api/15072696/v1/uddi:130307ee-0834-4fc9-b557-d74af9424e8b,전북,의료급여
남자,전북특별자치도,기초수급,1등급,78,2024,https://api.odcloud.kr/api/15072696/v1/uddi:130307ee-0834-4fc9-b557-d74af9424e8b,전북,기초
남자,전북특별자치도,기초수급,2등급,152,2024,https://api.odcloud.kr/api/15072696/v1/uddi:130307ee-0834-4fc9-b557-d74af9424e8b,전북,기초
남자,전북특별자치도,기초수급,3등급,470,2024,https://api.odcloud.kr/api/15072696/v1/uddi:130307ee-0834-4fc9-b557-d74af9424e8b,전북,기초
남자,전북특별자치도,기초수급,4등급,1350,2024,https://api.odcloud.kr/api/15072696/v1/uddi:130307ee-0834-4fc9-b557-d74af9424e8b,전북,기초
남자,전북특별자치도,기초수급,5등급,521,2024,https://api.odcloud.kr/api/15072696/v1/uddi:130307ee-0834-4fc9-b557-d74af9424e8b,전북,기초
남자,전북특별자치도,기초수급,인지지원등급,121,2024,https://api.odcloud.kr/api/15072696/v1/uddi:130307ee-0834-4fc9-b557-d74af9424e8b,전북,기초
남자,전북특별자치도,기초수급,등급외,1144,2024,https://api.odcloud.kr/api/15072696/v1/uddi:130307ee-0834-4fc9-b557-d74af9424e8b,전북,기초
여자,전북특별자치도,일반,1등급,524,2024,https://api.odcloud.kr/api/15072696/v1/uddi:130307ee-0834-4fc9-b557-d74af9424e8b,전북,일반
여자,전북특별자치도,일반,2등급,992,2024,https://api.odcloud.kr/api/15072696/v1/uddi:130307ee-0834-4fc9-b557-d74af9424e8b,전북,일반
여자,전북특별자치도,일반,3등급,3293,2024,https://api.odcloud.kr/api/15072696/v1/uddi:130307ee-0834-4fc9-b557-d74af9424e8b,전북,일반
여자,전북특별자치도,일반,4등급,8704,2024,https://api.odcloud.kr/api/15072696/v1/uddi:130307ee-0834-4fc9-b557-d74af9424e8b,전북,일반
여자,전북특별자치도,일반,5등급,3088,2024,https://api.odcloud.kr/api/15072696/v1/uddi:130307ee-0834-4fc9-b557-d74af9424e8b,전북,일반
여자,전북특별자치도,일반,인지지원등급,484,2024,https://api.odcloud.kr/api/15072696/v1/uddi:130307ee-0834-4fc9-b557-d74af9424e8b,전북,일반
여자,전북특별자치도,일반,등급외,4484,2024,https://api.odcloud.kr/api/15072696/v1/uddi:130307ee-0834-4fc9-b557-d74af9424e8b,전북,일반
여자,전북특별자치도,감경,1등급,736,2024,https://api.odcloud.kr/api/15072696/v1/uddi:130307ee-0834-4fc9-b557-d74af9424e8b,전북,감경
여자,전북특별자치도,감경,2등급,1580,2024,https://api.odcloud.kr/api/15072696/v1/uddi:130307ee-0834-4fc9-b557-d74af9424e8b,전북,감경
여자,전북특별자치도,감경,3등급,4374,2024,https://api.odcloud.kr/api/15072696/v1/uddi:130307ee-0834-4fc9-b557-d74af9424e8b,전북,감경
여자,전북특별자치도,감경,4등급,10606,2024,https://api.odcloud.kr/api/15072696/v1/uddi:130307ee-0834-4fc9-b557-d74af9424e8b,전북,감경
여자,전북특별자치도,감경,5등급,3343,2024,https://api.odcloud.kr/api/15072696/v1/uddi:130307ee-0834-4fc9-b557-d74af9424e8b,전북,감경
여자,전북특별자치도,감경,인지지원등급,357,2024,https://api.odcloud.kr/api/15072696/v1/uddi:130307ee-0834-4fc9-b557-d74af9424e8b,전북,감경
여자,전북특별자치도,감경,등급외,467,2024,https://api.odcloud.kr/api/15072696/v1/uddi:130307ee-0834-4fc9-b557-d74af9424e8b,전북,감경
여자,전북특별자치도,의료급여,1등급,17,2024,https://api.odcloud.kr/api/15072696/v1/uddi:130307ee-0834-4fc9-b557-d74af9424e8b,전북,의료급여
여자,전북특별자치도,의료급여,2등급,37,2024,https://api.odcloud.kr/api/15072696/v1/uddi:130307ee-0834-4fc9-b557-d74af9424e8b,전북,의료급여
여자,전북특별자치도,의료급여,3등급,114,2024,https://api.odcloud.kr/api/15072696/v1/uddi:130307ee-0834-4fc9-b557-d74af9424e8b,전북,의료급여
여자,전북특별자치도,의료급여,4등급,276,2024,https://api.odcloud.kr/api/15072696/v1/uddi:130307ee-0834-4fc9-b557-d74af9424e8b,전북,의료급여
여자,전북특별자치도,의료급여,5등급,97,2024,https://api.odcloud.kr/api/15072696/v1/uddi:130307ee-0834-4fc9-b557-d74af9424e8b,전북,의료급여
여자,전북특별자치도,의료급여,인지지원등급,5,2024,https://api.odcloud.kr/api/15072696/v1/uddi:130307ee-0834-4fc9-b557-d74af9424e8b,전북,의료급여
여자,전북특별자치도,의료급여,등급외,80,2024,https://api.odcloud.kr/api/15072696/v1/uddi:130307ee-0834-4fc9-b557-d74af9424e8b,전북,의료급여
여자,전북특별자치도,기초수급,1등급,171,2024,https://api.odcloud.kr/api/15072696/v1/uddi:130307ee-0834-4fc9-b557-d74af9424e8b,전북,기초
여자,전북특별자치도,기초수급,2등급,419,2024,https://api.odcloud.kr/api/15072696/v1/uddi:130307ee-0834-4fc9-b557-d74af9424e8b,전북,기초
여자,전북특별자치도,기초수급,3등급,1149,2024,https://api.odcloud.kr/api/15072696/v1/uddi:130307ee-0834-4fc9-b557-d74af9424e8b,전북,기초
여자,전북특별자치도,기초수급,4등급,2988,2024,https://api.odcloud.kr/api/15072696/v1/uddi:130307ee-0834-4fc9-b557-d74af9424e8b,전북,기초
여자,전북특별자치도,기초수급,5등급,1095,2024,https://api.odcloud.kr/api/15072696/v1/uddi:130307ee-0834-4fc9-b557-d74af9424e8b,전북,기초
여자,전북특별자치도,기초수급,인지지원등급,181,2024,https://api.odcloud.kr/api/15072696/v1/uddi:130307ee-0834-4fc9-b557-d74af9424e8b,전북,기초
여자,전북특별자치도,기초수급,등급외,1682,2024,https://api.odcloud.kr/api/15072696/v1/uddi:130307ee-0834-4fc9-b557-d74af9424e8b,전북,기초
남자,전라남도,일반,1등급,192,2024,https://api.odcloud.kr/api/15072696/v1/uddi:130307ee-0834-4fc9-b557-d74af9424e8b,전남,일반
남자,전라남도,일반,2등급,464,2024,https://api.odcloud.kr/api/15072696/v1/uddi:130307ee-0834-4fc9-b557-d74af9424e8b,전남,일반
남자,전라남도,일반,3등급,1496,2024,https://api.odcloud.kr/api/15072696/v1/uddi:130307ee-0834-4fc9-b557-d74af9424e8b,전남,일반
남자,전라남도,일반,4등급,3410,2024,https://api.odcloud.kr/api/15072696/v1/uddi:130307ee-0834-4fc9-b557-d74af9424e8b,전남,일반
남자,전라남도,일반,5등급,955,2024,https://api.odcloud.kr/api/15072696/v1/uddi:130307ee-0834-4fc9-b557-d74af9424e8b,전남,일반
남자,전라남도,일반,인지지원등급,217,2024,https://api.odcloud.kr/api/15072696/v1/uddi:130307ee-0834-4fc9-b557-d74af9424e8b,전남,일반
남자,전라남도,일반,등급외,2626,2024,https://api.odcloud.kr/api/15072696/v1/uddi:130307ee-0834-4fc9-b557-d74af9424e8b,전남,일반
남자,전라남도,감경,1등급,237,2024,https://api.odcloud.kr/api/15072696/v1/uddi:130307ee-0834-4fc9-b557-d74af9424e8b,전남,감경
남자,전라남도,감경,2등급,530,2024,https://api.odcloud.kr/api/15072696/v1/uddi:130307ee-0834-4fc9-b557-d74af9424e8b,전남,감경
남자,전라남도,감경,3등급,1836,2024,https://api.odcloud.kr/api/15072696/v1/uddi:130307ee-0834-4fc9-b557-d74af9424e8b,전남,감경
남자,전라남도,감경,4등급,3678,2024,https://api.odcloud.kr/api/15072696/v1/uddi:130307ee-0834-4fc9-b557-d74af9424e8b,전남,감경
남자,전라남도,감경,5등급,1070,2024,https://api.odcloud.kr/api/15072696/v1/uddi:130307ee-0834-4fc9-b557-d74af9424e8b,전남,감경
남자,전라남도,감경,인지지원등급,244,2024,https://api.odcloud.kr/api/15072696/v1/uddi:130307ee-0834-4fc9-b557-d74af9424e8b,전남,감경
남자,전라남도,감경,등급외,139,2024,https://api.odcloud.kr/api/15072696/v1/uddi:130307ee-0834-4fc9-b557-d74af9424e8b,전남,감경
남자,전라남도,의료급여,1등급,3,2024,https://api.odcloud.kr/api/15072696/v1/uddi:130307ee-0834-4fc9-b557-d74af9424e8b,전남,의료급여
남자,전라남도,의료급여,2등급,9,2024,https://api.odcloud.kr/api/15072696/v1/uddi:130307ee-0834-4fc9-b557-d74af9424e8b,전남,의료급여
남자,전라남도,의료급여,3등급,44,2024,https://api.odcloud.kr/api/15072696/v1/uddi:130307ee-0834-4fc9-b557-d74af9424e8b,전남,의료급여
남자,전라남도,의료급여,4등급,102,2024,https://api.odcloud.kr/api/15072696/v1/uddi:130307ee-0834-4fc9-b557-d74af9424e8b,전남,의료급여
남자,전라남도,의료급여,5등급,20,2024,https://api.odcloud.kr/api/15072696/v1/uddi:130307ee-0834-4fc9-b557-d74af9424e8b,전남,의료급여
남자,전라남도,의료급여,인지지원등급,6,2024,https://api.odcloud.kr/api/15072696/v1/uddi:130307ee-0834-4fc9-b557-d74af9424e8b,전남,의료급여
남자,전라남도,의료급여,등급외,42,2024,https://api.odcloud.kr/api/15072696/v1/uddi:130307ee-0834-4fc9-b557-d74af9424e8b,전남,의료급여
남자,전라남도,기초수급,1등급,80,2024,https://api.odcloud.kr/api/15072696/v1/uddi:130307ee-0834-4fc9-b557-d74af9424e8b,전남,기초
남자,전라남도,기초수급,2등급,156,2024,https://api.odcloud.kr/api/15072696/v1/uddi:130307ee-0834-4fc9-b557-d74af9424e8b,전남,기초
남자,전라남도,기초수급,3등급,465,2024,https://api.odcloud.kr/api/15072696/v1/uddi:130307ee-0834-4fc9-b557-d74af9424e8b,전남,기초
남자,전라남도,기초수급,4등급,1130,2024,https://api.odcloud.kr/api/15072696/v1/uddi:130307ee-0834-4fc9-b557-d74af9424e8b,전남,기초
남자,전라남도,기초수급,5등급,326,2024,https://api.odcloud.kr/api/15072696/v1/uddi:130307ee-0834-4fc9-b557-d74af9424e8b,전남,기초
남자,전라남도,기초수급,인지지원등급,104,2024,https://api.odcloud.kr/api/15072696/v1/uddi:130307ee-0834-4fc9-b557-d74af9424e8b,전남,기초
남자,전라남도,기초수급,등급외,939,2024,https://api.odcloud.kr/api/15072696/v1/uddi:130307ee-0834-4fc9-b557-d74af9424e8b,전남,기초
여자,전라남도,일반,1등급,566,2024,https://api.odcloud.kr/api/15072696/v1/uddi:130307ee-0834-4fc9-b557-d74af9424e8b,전남,일반
여자,전라남도,일반,2등급,1184,2024,https://api.odcloud.kr/api/15072696/v1/uddi:130307ee-0834-4fc9-b557-d74af9424e8b,전남,일반
여자,전라남도,일반,3등급,3628,2024,https://api.odcloud.kr/api/15072696/v1/uddi:130307ee-0834-4fc9-b557-d74af9424e8b,전남,일반
여자,전라남도,일반,4등급,9132,2024,https://api.odcloud.kr/api/15072696/v1/uddi:130307ee-0834-4fc9-b557-d74af9424e8b,전남,일반
여자,전라남도,일반,5등급,2609,2024,https://api.odcloud.kr/api/15072696/v1/uddi:130307ee-0834-4fc9-b557-d74af9424e8b,전남,일반
여자,전라남도,일반,인지지원등급,529,2024,https://api.odcloud.kr/api/15072696/v1/uddi:130307ee-0834-4fc9-b557-d74af9424e8b,전남,일반
여자,전라남도,일반,등급외,6034,2024,https://api.odcloud.kr/api/15072696/v1/uddi:130307ee-0834-4fc9-b557-d74af9424e8b,전남,일반
여자,전라남도,감경,1등급,925,2024,https://api.odcloud.kr/api/15072696/v1/uddi:130307ee-0834-4fc9-b557-d74af9424e8b,전남,감경
여자,전라남도,감경,2등급,2284,2024,https://api.odcloud.kr/api/15072696/v1/uddi:130307ee-0834-4fc9-b557-d74af9424e8b,전남,감경
여자,전라남도,감경,3등급,6084,2024,https://api.odcloud.kr/api/15072696/v1/uddi:130307ee-0834-4fc9-b557-d74af9424e8b,전남,감경
여자,전라남도,감경,4등급,13747,2024,https://api.odcloud.kr/api/15072696/v1/uddi:130307ee-0834-4fc9-b557-d74af9424e8b,전남,감경
여자,전라남도,감경,5등급,3546,2024,https://api.odcloud.kr/api/15072696/v1/uddi:130307ee-0834-4fc9-b557-d74af9424e8b,전남,감경
여자,전라남도,감경,인지지원등급,553,2024,https://api.odcloud.kr/api/15072696/v1/uddi:130307ee-0834-4fc9-b557-d74af9424e8b,전남,감경
여자,전라남도,감경,등급외,377,2024,https://api.odcloud.kr/api/15072696/v1/uddi:130307ee-0834-4fc9-b557-d74af9424e8b,전남,감경
여자,전라남도,의료급여,1등급,25,2024,https://api.odcloud.kr/api/15072696/v1/uddi:130307ee-0834-4fc9-b557-d74af9424e8b,전남,의료급여
여자,전라남도,의료급여,2등급,59,2024,https://api.odcloud.kr/api/15072696/v1/uddi:130307ee-0834-4fc9-b557-d74af9424e8b,전남,의료급여
여자,전라남도,의료급여,3등급,195,2024,https://api.odcloud.kr/api/15072696/v1/uddi:130307ee-0834-4fc9-b557-d74af9424e8b,전남,의료급여
여자,전라남도,의료급여,4등급,371,2024,https://api.odcloud.kr/api/15072696/v1/uddi:130307ee-0834-4fc9-b557-d74af9424e8b,전남,의료급여
여자,전라남도,의료급여,5등급,96,2024,https://api.odcloud.kr/api/15072696/v1/uddi:130307ee-0834-4fc9-b557-d74af9424e8b,전남,의료급여
여자,전라남도,의료급여,인지지원등급,13,2024,https://api.odcloud.kr/api/15072696/v1/uddi:130307ee-0834-4fc9-b557-d74af9424e8b,전남,의료급여
여자,전라남도,의료급여,등급외,102,2024,https://api.odcloud.kr/api/15072696/v1/uddi:130307ee-0834-4fc9-b557-d74af9424e8b,전남,의료급여
여자,전라남도,기초수급,1등급,214,2024,https://api.odcloud.kr/api/15072696/v1/uddi:130307ee-0834-4fc9-b557-d74af9424e8b,전남,기초
여자,전라남도,기초수급,2등급,482,2024,https://api.odcloud.kr/api/15072696/v1/uddi:130307ee-0834-4fc9-b557-d74af9424e8b,전남,기초
여자,전라남도,기초수급,3등급,1178,2024,https://api.odcloud.kr/api/15072696/v1/uddi:130307ee-0834-4fc9-b557-d74af9424e8b,전남,기초
여자,전라남도,기초수급,4등급,2831,2024,https://api.odcloud.kr/api/15072696/v1/uddi:130307ee-0834-4fc9-b557-d74af9424e8b,전남,기초
여자,전라남도,기초수급,5등급,707,2024,https://api.odcloud.kr/api/15072696/v1/uddi:130307ee-0834-4fc9-b557-d74af9424e8b,전남,기초
여자,전라남도,기초수급,인지지원등급,127,2024,https://api.odcloud.kr/api/15072696/v1/uddi:130307ee-0834-4fc9-b557-d74af9424e8b,전남,기초
여자,전라남도,기초수급,등급외,1423,2024,https://api.odcloud.kr/api/15072696/v1/uddi:130307ee-0834-4fc9-b557-d74af9424e8b,전남,기초
남자,경상북도,일반,1등급,322,2024,https://api.odcloud.kr/api/15072696/v1/uddi:130307ee-0834-4fc9-b557-d74af9424e8b,경북,일반
남자,경상북도,일반,2등급,642,2024,https://api.odcloud.kr/api/15072696/v1/uddi:130307ee-0834-4fc9-b557-d74af9424e8b,경북,일반
남자,경상북도,일반,3등급,2444,2024,https://api.odcloud.kr/api/15072696/v1/uddi:130307ee-0834-4fc9-b557-d74af9424e8b,경북,일반
남자,경상북도,일반,4등급,4738,2024,https://api.odcloud.kr/api/15072696/v1/uddi:130307ee-0834-4fc9-b557-d74af9424e8b,경북,일반
남자,경상북도,일반,5등급,1517,2024,https://api.odcloud.kr/api/15072696/v1/uddi:130307ee-0834-4fc9-b557-d74af9424e8b,경북,일반
남자,경상북도,일반,인지지원등급,264,2024,https://api.odcloud.kr/api/15072696/v1/uddi:130307ee-0834-4fc9-b557-d74af9424e8b,경북,일반
남자,경상북도,일반,등급외,2427,2024,https://api.odcloud.kr/api/15072696/v1/uddi:130307ee-0834-4fc9-b557-d74af9424e8b,경북,일반
남자,경상북도,감경,1등급,282,2024,https://api.odcloud.kr/api/15072696/v1/uddi:130307ee-0834-4fc9-b557-d74af9424e8b,경북,감경
남자,경상북도,감경,2등급,603,2024,https://api.odcloud.kr/api/15072696/v1/uddi:130307ee-0834-4fc9-b557-d74af9424e8b,경북,감경
남자,경상북도,감경,3등급,2245,2024,https://api.odcloud.kr/api/15072696/v1/uddi:130307ee-0834-4fc9-b557-d74af9424e8b,경북,감경
남자,경상북도,감경,4등급,4105,2024,https://api.odcloud.kr/api/15072696/v1/uddi:130307ee-0834-4fc9-b557-d74af9424e8b,경북,감경
남자,경상북도,감경,5등급,1159,2024,https://api.odcloud.kr/api/15072696/v1/uddi:130307ee-0834-4fc9-b557-d74af9424e8b,경북,감경
남자,경상북도,감경,인지지원등급,186,2024,https://api.odcloud.kr/api/15072696/v1/uddi:130307ee-0834-4fc9-b557-d74af9424e8b,경북,감경
남자,경상북도,감경,등급외,78,2024,https://api.odcloud.kr/api/15072696/v1/uddi:130307ee-0834-4fc9-b557-d74af9424e8b,경북,감경
남자,경상북도,의료급여,1등급,9,2024,https://api.odcloud.kr/api/15072696/v1/uddi:130307ee-0834-4fc9-b557-d74af9424e8b,경북,의료급여
남자,경상북도,의료급여,2등급,10,2024,https://api.odcloud.kr/api/15072696/v1/uddi:130307ee-0834-4fc9-b557-d74af9424e8b,경북,의료급여
남자,경상북도,의료급여,3등급,50,2024,https://api.odcloud.kr/api/15072696/v1/uddi:130307ee-0834-4fc9-b557-d74af9424e8b,경북,의료급여
남자,경상북도,의료급여,4등급,87,2024,https://api.odcloud.kr/api/15072696/v1/uddi:130307ee-0834-4fc9-b557-d74af9424e8b,경북,의료급여
남자,경상북도,의료급여,5등급,23,2024,https://api.odcloud.kr/api/15072696/v1/uddi:130307ee-0834-4fc9-b557-d74af9424e8b,경북,의료급여
남자,경상북도,의료급여,인지지원등급,2,2024,https://api.odcloud.kr/api/15072696/v1/uddi:130307ee-0834-4fc9-b557-d74af9424e8b,경북,의료급여
남자,경상북도,의료급여,등급외,41,2024,https://api.odcloud.kr/api/15072696/v1/uddi:130307ee-0834-4fc9-b557-d74af9424e8b,경북,의료급여
남자,경상북도,기초수급,1등급,96,2024,https://api.odcloud.kr/api/15072696/v1/uddi:130307ee-0834-4fc9-b557-d74af9424e8b,경북,기초
남자,경상북도,기초수급,2등급,216,2024,https://api.odcloud.kr/api/15072696/v1/uddi:130307ee-0834-4fc9-b557-d74af9424e8b,경북,기초
남자,경상북도,기초수급,3등급,706,2024,https://api.odcloud.kr/api/15072696/v1/uddi:130307ee-0834-4fc9-b557-d74af9424e8b,경북,기초
남자,경상북도,기초수급,4등급,1659,2024,https://api.odcloud.kr/api/15072696/v1/uddi:130307ee-0834-4fc9-b557-d74af9424e8b,경북,기초
남자,경상북도,기초수급,5등급,494,2024,https://api.odcloud.kr/api/15072696/v1/uddi:130307ee-0834-4fc9-b557-d74af9424e8b,경북,기초
남자,경상북도,기초수급,인지지원등급,94,2024,https://api.odcloud.kr/api/15072696/v1/uddi:130307ee-0834-4fc9-b557-d74af9424e8b,경북,기초
남자,경상북도,기초수급,등급외,918,2024,https://api.odcloud.kr/api/15072696/v1/uddi:130307ee-0834-4fc9-b557-d74af9424e8b,경북,기초
여자,경상북도,일반,1등급,834,2024,https://api.odcloud.kr/api/15072696/v1/uddi:130307ee-0834-4fc9-b557-d74af9424e8b,경북,일반
여자,경상북도,일반,2등급,1597,2024,https://api.odcloud.kr/api/15072696/v1/uddi:130307ee-0834-4fc9-b557-d74af9424e8b,경북,일반
여자,경상북도,일반,3등급,5599,2024,https://api.odcloud.kr/api/15072696/v1/uddi:130307ee-0834-4fc9-b557-d74af9424e8b,경북,일반
여자,경상북도,일반,4등급,11760,2024,https://api.odcloud.kr/api/15072696/v1/uddi:130307ee-0834-4fc9-b557-d74af9424e8b,경북,일반
여자,경상북도,일반,5등급,3492,2024,https://api.odcloud.kr/api/15072696/v1/uddi:130307ee-0834-4fc9-b557-d74af9424e8b,경북,일반
여자,경상북도,일반,인지지원등급,573,2024,https://api.odcloud.kr/api/15072696/v1/uddi:130307ee-0834-4fc9-b557-d74af9424e8b,경북,일반
여자,경상북도,일반,등급외,5007,2024,https://api.odcloud.kr/api/15072696/v1/uddi:130307ee-0834-4fc9-b557-d74af9424e8b,경북,일반
여자,경상북도,감경,1등급,1035,2024,https://api.odcloud.kr/api/15072696/v1/uddi:130307ee-0834-4fc9-b557-d74af9424e8b,경북,감경
여자,경상북도,감경,2등급,2316,2024,https://api.odcloud.kr/api/15072696/v1/uddi:130307ee-0834-4fc9-b557-d74af9424e8b,경북,감경
여자,경상북도,감경,3등급,7177,2024,https://api.odcloud.kr/api/15072696/v1/uddi:130307ee-0834-4fc9-b557-d74af9424e8b,경북,감경
여자,경상북도,감경,4등급,13361,2024,https://api.odcloud.kr/api/15072696/v1/uddi:130307ee-0834-4fc9-b557-d74af9424e8b,경북,감경
여자,경상북도,감경,5등급,3714,2024,https://api.odcloud.kr/api/15072696/v1/uddi:130307ee-0834-4fc9-b557-d74af9424e8b,경북,감경
여자,경상북도,감경,인지지원등급,477,2024,https://api.odcloud.kr/api/15072696/v1/uddi:130307ee-0834-4fc9-b557-d74af9424e8b,경북,감경
여자,경상북도,감경,등급외,253,2024,https://api.odcloud.kr/api/15072696/v1/uddi:130307ee-0834-4fc9-b557-d74af9424e8b,경북,감경
여자,경상북도,의료급여,1등급,20,2024,https://api.odcloud.kr/api/15072696/v1/uddi:130307ee-0834-4fc9-b557-d74af9424e8b,경북,의료급여
여자,경상북도,의료급여,2등급,55,2024,https://api.odcloud.kr/api/15072696/v1/uddi:130307ee-0834-4fc9-b557-d74af9424e8b,경북,의료급여
여자,경상북도,의료급여,3등급,189,2024,https://api.odcloud.kr/api/15072696/v1/uddi:130307ee-0834-4fc9-b557-d74af9424e8b,경북,의료급여
여자,경상북도,의료급여,4등급,350,2024,https://api.odcloud.kr/api/15072696/v1/uddi:130307ee-0834-4fc9-b557-d74af9424e8b,경북,의료급여
여자,경상북도,의료급여,5등급,73,2024,https://api.odcloud.kr/api/15072696/v1/uddi:130307ee-0834-4fc9-b557-d74af9424e8b,경북,의료급여
여자,경상북도,의료급여,인지지원등급,11,2024,https://api.odcloud.kr/api/15072696/v1/uddi:130307ee-0834-4fc9-b557-d74af9424e8b,경북,의료급여
여자,경상북도,의료급여,등급외,62,2024,https://api.odcloud.kr/api/15072696/v1/uddi:130307ee-0834-4fc9-b557-d74af9424e8b,경북,의료급여
여자,경상북도,기초수급,1등급,345,2024,https://api.odcloud.kr/api/15072696/v1/uddi:130307ee-0834-4fc9-b557-d74af9424e8b,경북,기초
여자,경상북도,기초수급,2등급,617,2024,https://api.odcloud.kr/api/15072696/v1/uddi:130307ee-0834-4fc9-b557-d74af9424e8b,경북,기초
여자,경상북도,기초수급,3등급,1840,2024,https://api.odcloud.kr/api/15072696/v1/uddi:130307ee-0834-4fc9-b557-d74af9424e8b,경북,기초
여자,경상북도,기초수급,4등급,4039,2024,https://api.odcloud.kr/api/15072696/v1/uddi:130307ee-0834-4fc9-b557-d74af9424e8b,경북,기초
여자,경상북도,기초수급,5등급,1107,2024,https://api.odcloud.kr/api/15072696/v1/uddi:130307ee-0834-4fc9-b557-d74af9424e8b,경북,기초
여자,경상북도,기초수급,인지지원등급,161,2024,https://api.odcloud.kr/api/15072696/v1/uddi:130307ee-0834-4fc9-b557-d74af9424e8b,경북,기초
여자,경상북도,기초수급,등급외,1506,2024,https://api.odcloud.kr/api/15072696/v1/uddi:130307ee-0834-4fc9-b557-d74af9424e8b,경북,기초
남자,경상남도,일반,1등급,372,2024,https://api.odcloud.kr/api/15072696/v1/uddi:130307ee-0834-4fc9-b557-d74af9424e8b,경남,일반
남자,경상남도,일반,2등급,728,2024,https://api.odcloud.kr/api/15072696/v1/uddi:130307ee-0834-4fc9-b557-d74af9424e8b,경남,일반
남자,경상남도,일반,3등급,2575,2024,https://api.odcloud.kr/api/15072696/v1/uddi:130307ee-0834-4fc9-b557-d74af9424e8b,경남,일반
남자,경상남도,일반,4등급,5171,2024,https://api.odcloud.kr/api/15072696/v1/uddi:130307ee-0834-4fc9-b557-d74af9424e8b,경남,일반
남자,경상남도,일반,5등급,1288,2024,https://api.odcloud.kr/api/15072696/v1/uddi:130307ee-0834-4fc9-b557-d74af9424e8b,경남,일반
남자,경상남도,일반,인지지원등급,248,2024,https://api.odcloud.kr/api/15072696/v1/uddi:130307ee-0834-4fc9-b557-d74af9424e8b,경남,일반
남자,경상남도,일반,등급외,2884,2024,https://api.odcloud.kr/api/15072696/v1/uddi:130307ee-0834-4fc9-b557-d74af9424e8b,경남,일반
남자,경상남도,감경,1등급,293,2024,https://api.odcloud.kr/api/15072696/v1/uddi:130307ee-0834-4fc9-b557-d74af9424e8b,경남,감경
남자,경상남도,감경,2등급,652,2024,https://api.odcloud.kr/api/15072696/v1/uddi:130307ee-0834-4fc9-b557-d74af9424e8b,경남,감경
남자,경상남도,감경,3등급,2157,2024,https://api.odcloud.kr/api/15072696/v1/uddi:130307ee-0834-4fc9-b557-d74af9424e8b,경남,감경
남자,경상남도,감경,4등급,4374,2024,https://api.odcloud.kr/api/15072696/v1/uddi:130307ee-0834-4fc9-b557-d74af9424e8b,경남,감경
남자,경상남도,감경,5등급,1023,2024,https://api.odcloud.kr/api/15072696/v1/uddi:130307ee-0834-4fc9-b557-d74af9424e8b,경남,감경
남자,경상남도,감경,인지지원등급,191,2024,https://api.odcloud.kr/api/15072696/v1/uddi:130307ee-0834-4fc9-b557-d74af9424e8b,경남,감경
남자,경상남도,감경,등급외,133,2024,https://api.odcloud.kr/api/15072696/v1/uddi:130307ee-0834-4fc9-b557-d74af9424e8b,경남,감경
남자,경상남도,의료급여,1등급,8,2024,https://api.odcloud.kr/api/15072696/v1/uddi:130307ee-0834-4fc9-b557-d74af9424e8b,경남,의료급여
남자,경상남도,의료급여,2등급,13,2024,https://api.odcloud.kr/api/15072696/v1/uddi:130307ee-0834-4fc9-b557-d74af9424e8b,경남,의료급여
남자,경상남도,의료급여,3등급,47,2024,https://api.odcloud.kr/api/15072696/v1/uddi:130307ee-0834-4fc9-b557-d74af9424e8b,경남,의료급여
남자,경상남도,의료급여,4등급,92,2024,https://api.odcloud.kr/api/15072696/v1/uddi:130307ee-0834-4fc9-b557-d74af9424e8b,경남,의료급여
남자,경상남도,의료급여,5등급,15,2024,https://api.odcloud.kr/api/15072696/v1/uddi:130307ee-0834-4fc9-b557-d74af9424e8b,경남,의료급여
남자,경상남도,의료급여,인지지원등급,4,2024,https://api.odcloud.kr/api/15072696/v1/uddi:130307ee-0834-4fc9-b557-d74af9424e8b,경남,의료급여
남자,경상남도,의료급여,등급외,33,2024,https://api.odcloud.kr/api/15072696/v1/uddi:130307ee-0834-4fc9-b557-d74af9424e8b,경남,의료급여
남자,경상남도,기초수급,1등급,105,2024,https://api.odcloud.kr/api/15072696/v1/uddi:130307ee-0834-4fc9-b557-d74af9424e8b,경남,기초
남자,경상남도,기초수급,2등급,197,2024,https://api.odcloud.kr/api/15072696/v1/uddi:130307ee-0834-4fc9-b557-d74af9424e8b,경남,기초
남자,경상남도,기초수급,3등급,657,2024,https://api.odcloud.kr/api/15072696/v1/uddi:130307ee-0834-4fc9-b557-d74af9424e8b,경남,기초
남자,경상남도,기초수급,4등급,1730,2024,https://api.odcloud.kr/api/15072696/v1/uddi:130307ee-0834-4fc9-b557-d74af9424e8b,경남,기초
남자,경상남도,기초수급,5등급,480,2024,https://api.odcloud.kr/api/15072696/v1/uddi:130307ee-0834-4fc9-b557-d74af9424e8b,경남,기초
남자,경상남도,기초수급,인지지원등급,110,2024,https://api.odcloud.kr/api/15072696/v1/uddi:130307ee-0834-4fc9-b557-d74af9424e8b,경남,기초
남자,경상남도,기초수급,등급외,1107,2024,https://api.odcloud.kr/api/15072696/v1/uddi:130307ee-0834-4fc9-b557-d74af9424e8b,경남,기초
여자,경상남도,일반,1등급,925,2024,https://api.odcloud.kr/api/15072696/v1/uddi:130307ee-0834-4fc9-b557-d74af9424e8b,경남,일반
여자,경상남도,일반,2등급,1856,2024,https://api.odcloud.kr/api/15072696/v1/uddi:130307ee-0834-4fc9-b557-d74af9424e8b,경남,일반
여자,경상남도,일반,3등급,6093,2024,https://api.odcloud.kr/api/15072696/v1/uddi:130307ee-0834-4fc9-b557-d74af9424e8b,경남,일반
여자,경상남도,일반,4등급,13172,2024,https://api.odcloud.kr/api/15072696/v1/uddi:130307ee-0834-4fc9-b557-d74af9424e8b,경남,일반
여자,경상남도,일반,5등급,3315,2024,https://api.odcloud.kr/api/15072696/v1/uddi:130307ee-0834-4fc9-b557-d74af9424e8b,경남,일반
여자,경상남도,일반,인지지원등급,532,2024,https://api.odcloud.kr/api/15072696/v1/uddi:130307ee-0834-4fc9-b557-d74af9424e8b,경남,일반
여자,경상남도,일반,등급외,5856,2024,https://api.odcloud.kr/api/15072696/v1/uddi:130307ee-0834-4fc9-b557-d74af9424e8b,경남,일반
여자,경상남도,감경,1등급,1128,2024,https://api.odcloud.kr/api/15072696/v1/uddi:130307ee-0834-4fc9-b557-d74af9424e8b,경남,감경
여자,경상남도,감경,2등급,2612,2024,https://api.odcloud.kr/api/15072696/v1/uddi:130307ee-0834-4fc9-b557-d74af9424e8b,경남,감경
여자,경상남도,감경,3등급,7306,2024,https://api.odcloud.kr/api/15072696/v1/uddi:130307ee-0834-4fc9-b557-d74af9424e8b,경남,감경
여자,경상남도,감경,4등급,14206,2024,https://api.odcloud.kr/api/15072696/v1/uddi:130307ee-0834-4fc9-b557-d74af9424e8b,경남,감경
여자,경상남도,감경,5등급,3407,2024,https://api.odcloud.kr/api/15072696/v1/uddi:130307ee-0834-4fc9-b557-d74af9424e8b,경남,감경
여자,경상남도,감경,인지지원등급,430,2024,https://api.odcloud.kr/api/15072696/v1/uddi:130307ee-0834-4fc9-b557-d74af9424e8b,경남,감경
여자,경상남도,감경,등급외,251,2024,https://api.odcloud.kr/api/15072696/v1/uddi:130307ee-0834-4fc9-b557-d74af9424e8b,경남,감경
여자,경상남도,의료급여,1등급,36,2024,https://api.odcloud.kr/api/15072696/v1/uddi:130307ee-0834-4fc9-b557-d74af9424e8b,경남,의료급여
여자,경상남도,의료급여,2등급,80,2024,https://api.odcloud.kr/api/15072696/v1/uddi:130307ee-0834-4fc9-b557-d74af9424e8b,경남,의료급여
여자,경상남도,의료급여,3등급,186,2024,https://api.odcloud.kr/api/15072696/v1/uddi:130307ee-0834-4fc9-b557-d74af9424e8b,경남,의료급여
여자,경상남도,의료급여,4등급,374,2024,https://api.odcloud.kr/api/15072696/v1/uddi:130307ee-0834-4fc9-b557-d74af9424e8b,경남,의료급여
여자,경상남도,의료급여,5등급,79,2024,https://api.odcloud.kr/api/15072696/v1/uddi:130307ee-0834-4fc9-b557-d74af9424e8b,경남,의료급여
여자,경상남도,의료급여,인지지원등급,10,2024,https://api.odcloud.kr/api/15072696/v1/uddi:130307ee-0834-4fc9-b557-d74af9424e8b,경남,의료급여
여자,경상남도,의료급여,등급외,71,2024,https://api.odcloud.kr/api/15072696/v1/uddi:130307ee-0834-4fc9-b557-d74af9424e8b,경남,의료급여
여자,경상남도,기초수급,1등급,302,2024,https://api.odcloud.kr/api/15072696/v1/uddi:130307ee-0834-4fc9-b557-d74af9424e8b,경남,기초
여자,경상남도,기초수급,2등급,709,2024,https://api.odcloud.kr/api/15072696/v1/uddi:130307ee-0834-4fc9-b557-d74af9424e8b,경남,기초
여자,경상남도,기초수급,3등급,1847,2024,https://api.odcloud.kr/api/15072696/v1/uddi:130307ee-0834-4fc9-b557-d74af9424e8b,경남,기초
여자,경상남도,기초수급,4등급,4312,2024,https://api.odcloud.kr/api/15072696/v1/uddi:130307ee-0834-4fc9-b557-d74af9424e8b,경남,기초
여자,경상남도,기초수급,5등급,967,2024,https://api.odcloud.kr/api/15072696/v1/uddi:130307ee-0834-4fc9-b557-d74af9424e8b,경남,기초
여자,경상남도,기초수급,인지지원등급,167,2024,https://api.odcloud.kr/api/15072696/v1/uddi:130307ee-0834-4fc9-b557-d74af9424e8b,경남,기초
여자,경상남도,기초수급,등급외,1529,2024,https://api.odcloud.kr/api/15072696/v1/uddi:130307ee-0834-4fc9-b557-d74af9424e8b,경남,기초
남자,제주특별자치도,일반,1등급,144,2024,https://api.odcloud.kr/api/15072696/v1/uddi:130307ee-0834-4fc9-b557-d74af9424e8b,제주,일반
남자,제주특별자치도,일반,2등급,186,2024,https://api.odcloud.kr/api/15072696/v1/uddi:130307ee-0834-4fc9-b557-d74af9424e8b,제주,일반
남자,제주특별자치도,일반,3등급,511,2024,https://api.odcloud.kr/api/15072696/v1/uddi:130307ee-0834-4fc9-b557-d74af9424e8b,제주,일반
남자,제주특별자치도,일반,4등급,601,2024,https://api.odcloud.kr/api/15072696/v1/uddi:130307ee-0834-4fc9-b557-d74af9424e8b,제주,일반
남자,제주특별자치도,일반,5등급,149,2024,https://api.odcloud.kr/api/15072696/v1/uddi:130307ee-0834-4fc9-b557-d74af9424e8b,제주,일반
남자,제주특별자치도,일반,인지지원등급,46,2024,https://api.odcloud.kr/api/15072696/v1/uddi:130307ee-0834-4fc9-b557-d74af9424e8b,제주,일반
남자,제주특별자치도,일반,등급외,265,2024,https://api.odcloud.kr/api/15072696/v1/uddi:130307ee-0834-4fc9-b557-d74af9424e8b,제주,일반
남자,제주특별자치도,감경,1등급,60,2024,https://api.odcloud.kr/api/15072696/v1/uddi:130307ee-0834-4fc9-b557-d74af9424e8b,제주,감경
남자,제주특별자치도,감경,2등급,103,2024,https://api.odcloud.kr/api/15072696/v1/uddi:130307ee-0834-4fc9-b557-d74af9424e8b,제주,감경
남자,제주특별자치도,감경,3등급,320,2024,https://api.odcloud.kr/api/15072696/v1/uddi:130307ee-0834-4fc9-b557-d74af9424e8b,제주,감경
남자,제주특별자치도,감경,4등급,371,2024,https://api.odcloud.kr/api/15072696/v1/uddi:130307ee-0834-4fc9-b557-d74af9424e8b,제주,감경
남자,제주특별자치도,감경,5등급,89,2024,https://api.odcloud.kr/api/15072696/v1/uddi:130307ee-0834-4fc9-b557-d74af9424e8b,제주,감경
남자,제주특별자치도,감경,인지지원등급,31,2024,https://api.odcloud.kr/api/15072696/v1/uddi:130307ee-0834-4fc9-b557-d74af9424e8b,제주,감경
남자,제주특별자치도,감경,등급외,15,2024,https://api.odcloud.kr/api/15072696/v1/uddi:130307ee-0834-4fc9-b557-d74af9424e8b,제주,감경
남자,제주특별자치도,의료급여,1등급,4,2024,https://api.odcloud.kr/api/15072696/v1/uddi:130307ee-0834-4fc9-b557-d74af9424e8b,제주,의료급여
남자,제주특별자치도,의료급여,2등급,2,2024,https://api.odcloud.kr/api/15072696/v1/uddi:130307ee-0834-4fc9-b557-d74af9424e8b,제주,의료급여
남자,제주특별자치도,의료급여,3등급,17,2024,https://api.odcloud.kr/api/15072696/v1/uddi:130307ee-0834-4fc9-b557-d74af9424e8b,제주,의료급여
남자,제주특별자치도,의료급여,4등급,15,2024,https://api.odcloud.kr/api/15072696/v1/uddi:130307ee-0834-4fc9-b557-d74af9424e8b,제주,의료급여
남자,제주특별자치도,의료급여,5등급,1,2024,https://api.odcloud.kr/api/15072696/v1/uddi:130307ee-0834-4fc9-b557-d74af9424e8b,제주,의료급여
남자,제주특별자치도,의료급여,인지지원등급,0,2024,https://api.odcloud.kr/api/15072696/v1/uddi:130307ee-0834-4fc9-b557-d74af9424e8b,제주,의료급여
남자,제주특별자치도,의료급여,등급외,1,2024,https://api.odcloud.kr/api/15072696/v1/uddi:130307ee-0834-4fc9-b557-d74af9424e8b,제주,의료급여
남자,제주특별자치도,기초수급,1등급,46,2024,https://api.odcloud.kr/api/15072696/v1/uddi:130307ee-0834-4fc9-b557-d74af9424e8b,제주,기초
남자,제주특별자치도,기초수급,2등급,57,2024,https://api.odcloud.kr/api/15072696/v1/uddi:130307ee-0834-4fc9-b557-d74af9424e8b,제주,기초
남자,제주특별자치도,기초수급,3등급,155,2024,https://api.odcloud.kr/api/15072696/v1/uddi:130307ee-0834-4fc9-b557-d74af9424e8b,제주,기초
남자,제주특별자치도,기초수급,4등급,246,2024,https://api.odcloud.kr/api/15072696/v1/uddi:130307ee-0834-4fc9-b557-d74af9424e8b,제주,기초
남자,제주특별자치도,기초수급,5등급,49,2024,https://api.odcloud.kr/api/15072696/v1/uddi:130307ee-0834-4fc9-b557-d74af9424e8b,제주,기초
남자,제주특별자치도,기초수급,인지지원등급,12,2024,https://api.odcloud.kr/api/15072696/v1/uddi:130307ee-0834-4fc9-b557-d74af9424e8b,제주,기초
남자,제주특별자치도,기초수급,등급외,138,2024,https://api.odcloud.kr/api/15072696/v1/uddi:130307ee-0834-4fc9-b557-d74af9424e8b,제주,기초
여자,제주특별자치도,일반,1등급,354,2024,https://api.odcloud.kr/api/15072696/v1/uddi:130307ee-0834-4fc9-b557-d74af9424e8b,제주,일반
여자,제주특별자치도,일반,2등급,456,2024,https://api.odcloud.kr/api/15072696/v1/uddi:130307ee-0834-4fc9-b557-d74af9424e8b,제주,일반
여자,제주특별자치도,일반,3등급,1175,2024,https://api.odcloud.kr/api/15072696/v1/uddi:130307ee-0834-4fc9-b557-d74af9424e8b,제주,일반
여자,제주특별자치도,일반,4등급,1356,2024,https://api.odcloud.kr/api/15072696/v1/uddi:130307ee-0834-4fc9-b557-d74af9424e8b,제주,일반
여자,제주특별자치도,일반,5등급,363,2024,https://api.odcloud.kr/api/15072696/v1/uddi:130307ee-0834-4fc9-b557-d74af9424e8b,제주,일반
여자,제주특별자치도,일반,인지지원등급,120,2024,https://api.odcloud.kr/api/15072696/v1/uddi:130307ee-0834-4fc9-b557-d74af9424e8b,제주,일반
여자,제주특별자치도,일반,등급외,700,2024,https://api.odcloud.kr/api/15072696/v1/uddi:130307ee-0834-4fc9-b557-d74af9424e8b,제주,일반
여자,제주특별자치도,감경,1등급,311,2024,https://api.odcloud.kr/api/15072696/v1/uddi:130307ee-0834-4fc9-b557-d74af9424e8b,제주,감경
여자,제주특별자치도,감경,2등급,433,2024,https://api.odcloud.kr/api/15072696/v1/uddi:130307ee-0834-4fc9-b557-d74af9424e8b,제주,감경
여자,제주특별자치도,감경,3등급,1039,2024,https://api.odcloud.kr/api/15072696/v1/uddi:130307ee-0834-4fc9-b557-d74af9424e8b,제주,감경
여자,제주특별자치도,감경,4등급,1121,2024,https://api.odcloud.kr/api/15072696/v1/uddi:130307ee-0834-4fc9-b557-d74af9424e8b,제주,감경
여자,제주특별자치도,감경,5등급,259,2024,https://api.odcloud.kr/api/15072696/v1/uddi:130307ee-0834-4fc9-b557-d74af9424e8b,제주,감경
여자,제주특별자치도,감경,인지지원등급,69,2024,https://api.odcloud.kr/api/15072696/v1/uddi:130307ee-0834-4fc9-b557-d74af9424e8b,제주,감경
여자,제주특별자치도,감경,등급외,28,2024,https://api.odcloud.kr/api/15072696/v1/uddi:130307ee-0834-4fc9-b557-d74af9424e8b,제주,감경
여자,제주특별자치도,의료급여,1등급,16,2024,https://api.odcloud.kr/api/15072696/v1/uddi:130307ee-0834-4fc9-b557-d74af9424e8b,제주,의료급여
여자,제주특별자치도,의료급여,2등급,21,2024,https://api.odcloud.kr/api/15072696/v1/uddi:130307ee-0834-4fc9-b557-d74af9424e8b,제주,의료급여
여자,제주특별자치도,의료급여,3등급,43,2024,https://api.odcloud.kr/api/15072696/v1/uddi:130307ee-0834-4fc9-b557-d74af9424e8b,제주,의료급여
여자,제주특별자치도,의료급여,4등급,36,2024,https://api.odcloud.kr/api/15072696/v1/uddi:130307ee-0834-4fc9-b557-d74af9424e8b,제주,의료급여
여자,제주특별자치도,의료급여,5등급,10,2024,https://api.odcloud.kr/api/15072696/v1/uddi:130307ee-0834-4fc9-b557-d74af9424e8b,제주,의료급여
여자,제주특별자치도,의료급여,인지지원등급,0,2024,https://api.odcloud.kr/api/15072696/v1/uddi:130307ee-0834-4fc9-b557-d74af9424e8b,제주,의료급여
여자,제주특별자치도,의료급여,등급외,13,2024,https://api.odcloud.kr/api/15072696/v1/uddi:130307ee-0834-4fc9-b557-d74af9424e8b,제주,의료급여
여자,제주특별자치도,기초수급,1등급,141,2024,https://api.odcloud.kr/api/15072696/v1/uddi:130307ee-0834-4fc9-b557-d74af9424e8b,제주,기초
여자,제주특별자치도,기초수급,2등급,163,2024,https://api.odcloud.kr/api/15072696/v1/uddi:130307ee-0834-4fc9-b557-d74af9424e8b,제주,기초
여자,제주특별자치도,기초수급,3등급,421,2024,https://api.odcloud.kr/api/15072696/v1/uddi:130307ee-0834-4fc9-b557-d74af9424e8b,제주,기초
여자,제주특별자치도,기초수급,4등급,485,2024,https://api.odcloud.kr/api/15072696/v1/uddi:130307ee-0834-4fc9-b557-d74af9424e8b,제주,기초
여자,제주특별자치도,기초수급,5등급,94,2024,https://api.odcloud.kr/api/15072696/v1/uddi:130307ee-0834-4fc9-b557-d74af9424e8b,제주,기초
여자,제주특별자치도,기초수급,인지지원등급,29,2024,https://api.odcloud.kr/api/15072696/v1/uddi:130307ee-0834-4fc9-b557-d74af9424e8b,제주,기초
여자,제주특별자치도,기초수급,등급외,256,2024,https://api.odcloud.kr/api/15072696/v1/uddi:130307ee-0834-4fc9-b557-d74af9424e8b,제주,기초
남자,서울특별시,일반,1등급,1749,2025,https://api.odcloud.kr/api/15072696/v1/uddi:d8b661ea-f3eb-4717-8ede-afff5eca1e8a,서울특별시,일반
남자,서울특별시,일반,2등급,2683,2025,https://api.odcloud.kr/api/15072696/v1/uddi:d8b661ea-f3eb-4717-8ede-afff5eca1e8a,서울특별시,일반
남자,서울특별시,일반,3등급,8690,2025,https://api.odcloud.kr/api/15072696/v1/uddi:d8b661ea-f3eb-4717-8ede-afff5eca1e8a,서울특별시,일반
남자,서울특별시,일반,4등급,12827,2025,https://api.odcloud.kr/api/15072696/v1/uddi:d8b661ea-f3eb-4717-8ede-afff5eca1e8a,서울특별시,일반
남자,서울특별시,일반,5등급,3003,2025,https://api.odcloud.kr/api/15072696/v1/uddi:d8b661ea-f3eb-4717-8ede-afff5eca1e8a,서울특별시,일반
남자,서울특별시,일반,인지지원등급,741,2025,https://api.odcloud.kr/api/15072696/v1/uddi:d8b661ea-f3eb-4717-8ede-afff5eca1e8a,서울특별시,일반
남자,서울특별시,일반,등급외,4607,2025,https://api.odcloud.kr/api/15072696/v1/uddi:d8b661ea-f3eb-4717-8ede-afff5eca1e8a,서울특별시,일반
남자,서울특별시,감경,1등급,680,2025,https://api.odcloud.kr/api/15072696/v1/uddi:d8b661ea-f3eb-4717-8ede-afff5eca1e8a,서울특별시,감경
남자,서울특별시,감경,2등급,1179,2025,https://api.odcloud.kr/api/15072696/v1/uddi:d8b661ea-f3eb-4717-8ede-afff5eca1e8a,서울특별시,감경
남자,서울특별시,감경,3등급,4299,2025,https://api.odcloud.kr/api/15072696/v1/uddi:d8b661ea-f3eb-4717-8ede-afff5eca1e8a,서울특별시,감경
남자,서울특별시,감경,4등급,6504,2025,https://api.odcloud.kr/api/15072696/v1/uddi:d8b661ea-f3eb-4717-8ede-afff5eca1e8a,서울특별시,감경
남자,서울특별시,감경,5등급,1391,2025,https://api.odcloud.kr/api/15072696/v1/uddi:d8b661ea-f3eb-4717-8ede-afff5eca1e8a,서울특별시,감경
남자,서울특별시,감경,인지지원등급,309,2025,https://api.odcloud.kr/api/15072696/v1/uddi:d8b661ea-f3eb-4717-8ede-afff5eca1e8a,서울특별시,감경
남자,서울특별시,감경,등급외,248,2025,https://api.odcloud.kr/api/15072696/v1/uddi:d8b661ea-f3eb-4717-8ede-afff5eca1e8a,서울특별시,감경
남자,서울특별시,의료급여,1등급,13,2025,https://api.odcloud.kr/api/15072696/v1/uddi:d8b661ea-f3eb-4717-8ede-afff5eca1e8a,서울특별시,의료급여
남자,서울특별시,의료급여,2등급,14,2025,https://api.odcloud.kr/api/15072696/v1/uddi:d8b661ea-f3eb-4717-8ede-afff5eca1e8a,서울특별시,의료급여
남자,서울특별시,의료급여,3등급,64,2025,https://api.odcloud.kr/api/15072696/v1/uddi:d8b661ea-f3eb-4717-8ede-afff5eca1e8a,서울특별시,의료급여
남자,서울특별시,의료급여,4등급,118,2025,https://api.odcloud.kr/api/15072696/v1/uddi:d8b661ea-f3eb-4717-8ede-afff5eca1e8a,서울특별시,의료급여
남자,서울특별시,의료급여,5등급,24,2025,https://api.odcloud.kr/api/15072696/v1/uddi:d8b661ea-f3eb-4717-8ede-afff5eca1e8a,서울특별시,의료급여
남자,서울특별시,의료급여,인지지원등급,2,2025,https://api.odcloud.kr/api/15072696/v1/uddi:d8b661ea-f3eb-4717-8ede-afff5eca1e8a,서울특별시,의료급여
남자,서울특별시,의료급여,등급외,44,2025,https://api.odcloud.kr/api/15072696/v1/uddi:d8b661ea-f3eb-4717-8ede-afff5eca1e8a,서울특별시,의료급여
남자,서울특별시,기초수급,1등급,345,2025,https://api.odcloud.kr/api/15072696/v1/uddi:d8b661ea-f3eb-4717-8ede-afff5eca1e8a,서울특별시,기초수급
남자,서울특별시,기초수급,2등급,575,2025,https://api.odcloud.kr/api/15072696/v1/uddi:d8b661ea-f3eb-4717-8ede-afff5eca1e8a,서울특별시,기초수급
남자,서울특별시,기초수급,3등급,1989,2025,https://api.odcloud.kr/api/15072696/v1/uddi:d8b661ea-f3eb-4717-8ede-afff5eca1e8a,서울특별시,기초수급
남자,서울특별시,기초수급,4등급,4377,2025,https://api.odcloud.kr/api/15072696/v1/uddi:d8b661ea-f3eb-4717-8ede-afff5eca1e8a,서울특별시,기초수급
남자,서울특별시,기초수급,5등급,989,2025,https://api.odcloud.kr/api/15072696/v1/uddi:d8b661ea-f3eb-4717-8ede-afff5eca1e8a,서울특별시,기초수급
남자,서울특별시,기초수급,인지지원등급,241,2025,https://api.odcloud.kr/api/15072696/v1/uddi:d8b661ea-f3eb-4717-8ede-afff5eca1e8a,서울특별시,기초수급
남자,서울특별시,기초수급,등급외,2245,2025,https://api.odcloud.kr/api/15072696/v1/uddi:d8b661ea-f3eb-4717-8ede-afff5eca1e8a,서울특별시,기초수급
여자,서울특별시,일반,1등급,4098,2025,https://api.odcloud.kr/api/15072696/v1/uddi:d8b661ea-f3eb-4717-8ede-afff5eca1e8a,서울특별시,일반
여자,서울특별시,일반,2등급,6209,2025,https://api.odcloud.kr/api/15072696/v1/uddi:d8b661ea-f3eb-4717-8ede-afff5eca1e8a,서울특별시,일반
여자,서울특별시,일반,3등급,16795,2025,https://api.odcloud.kr/api/15072696/v1/uddi:d8b661ea-f3eb-4717-8ede-afff5eca1e8a,서울특별시,일반
여자,서울특별시,일반,4등급,26397,2025,https://api.odcloud.kr/api/15072696/v1/uddi:d8b661ea-f3eb-4717-8ede-afff5eca1e8a,서울특별시,일반
여자,서울특별시,일반,5등급,6201,2025,https://api.odcloud.kr/api/15072696/v1/uddi:d8b661ea-f3eb-4717-8ede-afff5eca1e8a,서울특별시,일반
여자,서울특별시,일반,인지지원등급,1617,2025,https://api.odcloud.kr/api/15072696/v1/uddi:d8b661ea-f3eb-4717-8ede-afff5eca1e8a,서울특별시,일반
여자,서울특별시,일반,등급외,8226,2025,https://api.odcloud.kr/api/15072696/v1/uddi:d8b661ea-f3eb-4717-8ede-afff5eca1e8a,서울특별시,일반
여자,서울특별시,감경,1등급,2127,2025,https://api.odcloud.kr/api/15072696/v1/uddi:d8b661ea-f3eb-4717-8ede-afff5eca1e8a,서울특별시,감경
여자,서울특별시,감경,2등급,3791,2025,https://api.odcloud.kr/api/15072696/v1/uddi:d8b661ea-f3eb-4717-8ede-afff5eca1e8a,서울특별시,감경
여자,서울특별시,감경,3등급,10466,2025,https://api.odcloud.kr/api/15072696/v1/uddi:d8b661ea-f3eb-4717-8ede-afff5eca1e8a,서울특별시,감경
여자,서울특별시,감경,4등급,15434,2025,https://api.odcloud.kr/api/15072696/v1/uddi:d8b661ea-f3eb-4717-8ede-afff5eca1e8a,서울특별시,감경
여자,서울특별시,감경,5등급,3137,2025,https://api.odcloud.kr/api/15072696/v1/uddi:d8b661ea-f3eb-4717-8ede-afff5eca1e8a,서울특별시,감경
여자,서울특별시,감경,인지지원등급,785,2025,https://api.odcloud.kr/api/15072696/v1/uddi:d8b661ea-f3eb-4717-8ede-afff5eca1e8a,서울특별시,감경
여자,서울특별시,감경,등급외,497,2025,https://api.odcloud.kr/api/15072696/v1/uddi:d8b661ea-f3eb-4717-8ede-afff5eca1e8a,서울특별시,감경
여자,서울특별시,의료급여,1등급,50,2025,https://api.odcloud.kr/api/15072696/v1/uddi:d8b661ea-f3eb-4717-8ede-afff5eca1e8a,서울특별시,의료급여
여자,서울특별시,의료급여,2등급,87,2025,https://api.odcloud.kr/api/15072696/v1/uddi:d8b661ea-f3eb-4717-8ede-afff5eca1e8a,서울특별시,의료급여
여자,서울특별시,의료급여,3등급,196,2025,https://api.odcloud.kr/api/15072696/v1/uddi:d8b661ea-f3eb-4717-8ede-afff5eca1e8a,서울특별시,의료급여
여자,서울특별시,의료급여,4등급,332,2025,https://api.odcloud.kr/api/15072696/v1/uddi:d8b661ea-f3eb-4717-8ede-afff5eca1e8a,서울특별시,의료급여
여자,서울특별시,의료급여,5등급,54,2025,https://api.odcloud.kr/api/15072696/v1/uddi:d8b661ea-f3eb-4717-8ede-afff5eca1e8a,서울특별시,의료급여
여자,서울특별시,의료급여,인지지원등급,10,2025,https://api.odcloud.kr/api/15072696/v1/uddi:d8b661ea-f3eb-4717-8ede-afff5eca1e8a,서울특별시,의료급여
여자,서울특별시,의료급여,등급외,65,2025,https://api.odcloud.kr/api/15072696/v1/uddi:d8b661ea-f3eb-4717-8ede-afff5eca1e8a,서울특별시,의료급여
여자,서울특별시,기초수급,1등급,868,2025,https://api.odcloud.kr/api/15072696/v1/uddi:d8b661ea-f3eb-4717-8ede-afff5eca1e8a,서울특별시,기초수급
여자,서울특별시,기초수급,2등급,1578,2025,https://api.odcloud.kr/api/15072696/v1/uddi:d8b661ea-f3eb-4717-8ede-afff5eca1e8a,서울특별시,기초수급
여자,서울특별시,기초수급,3등급,4515,2025,https://api.odcloud.kr/api/15072696/v1/uddi:d8b661ea-f3eb-4717-8ede-afff5eca1e8a,서울특별시,기초수급
여자,서울특별시,기초수급,4등급,8511,2025,https://api.odcloud.kr/api/15072696/v1/uddi:d8b661ea-f3eb-4717-8ede-afff5eca1e8a,서울특별시,기초수급
여자,서울특별시,기초수급,5등급,1534,2025,https://api.odcloud.kr/api/15072696/v1/uddi:d8b661ea-f3eb-4717-8ede-afff5eca1e8a,서울특별시,기초수급
여자,서울특별시,기초수급,인지지원등급,333,2025,https://api.odcloud.kr/api/15072696/v1/uddi:d8b661ea-f3eb-4717-8ede-afff5eca1e8a,서울특별시,기초수급
여자,서울특별시,기초수급,등급외,2562,2025,https://api.odcloud.kr/api/15072696/v1/uddi:d8b661ea-f3eb-4717-8ede-afff5eca1e8a,서울특별시,기초수급
남자,부산광역시,일반,1등급,391,2025,https://api.odcloud.kr/api/15072696/v1/uddi:d8b661ea-f3eb-4717-8ede-afff5eca1e8a,부산광역시,일반
남자,부산광역시,일반,2등급,806,2025,https://api.odcloud.kr/api/15072696/v1/uddi:d8b661ea-f3eb-4717-8ede-afff5eca1e8a,부산광역시,일반
남자,부산광역시,일반,3등급,3053,2025,https://api.odcloud.kr/api/15072696/v1/uddi:d8b661ea-f3eb-4717-8ede-afff5eca1e8a,부산광역시,일반
남자,부산광역시,일반,4등급,5313,2025,https://api.odcloud.kr/api/15072696/v1/uddi:d8b661ea-f3eb-4717-8ede-afff5eca1e8a,부산광역시,일반
남자,부산광역시,일반,5등급,1102,2025,https://api.odcloud.kr/api/15072696/v1/uddi:d8b661ea-f3eb-4717-8ede-afff5eca1e8a,부산광역시,일반
남자,부산광역시,일반,인지지원등급,224,2025,https://api.odcloud.kr/api/15072696/v1/uddi:d8b661ea-f3eb-4717-8ede-afff5eca1e8a,부산광역시,일반
남자,부산광역시,일반,등급외,2771,2025,https://api.odcloud.kr/api/15072696/v1/uddi:d8b661ea-f3eb-4717-8ede-afff5eca1e8a,부산광역시,일반
남자,부산광역시,감경,1등급,344,2025,https://api.odcloud.kr/api/15072696/v1/uddi:d8b661ea-f3eb-4717-8ede-afff5eca1e8a,부산광역시,감경
남자,부산광역시,감경,2등급,647,2025,https://api.odcloud.kr/api/15072696/v1/uddi:d8b661ea-f3eb-4717-8ede-afff5eca1e8a,부산광역시,감경
남자,부산광역시,감경,3등급,2755,2025,https://api.odcloud.kr/api/15072696/v1/uddi:d8b661ea-f3eb-4717-8ede-afff5eca1e8a,부산광역시,감경
남자,부산광역시,감경,4등급,4913,2025,https://api.odcloud.kr/api/15072696/v1/uddi:d8b661ea-f3eb-4717-8ede-afff5eca1e8a,부산광역시,감경
남자,부산광역시,감경,5등급,1024,2025,https://api.odcloud.kr/api/15072696/v1/uddi:d8b661ea-f3eb-4717-8ede-afff5eca1e8a,부산광역시,감경
남자,부산광역시,감경,인지지원등급,206,2025,https://api.odcloud.kr/api/15072696/v1/uddi:d8b661ea-f3eb-4717-8ede-afff5eca1e8a,부산광역시,감경
남자,부산광역시,감경,등급외,178,2025,https://api.odcloud.kr/api/15072696/v1/uddi:d8b661ea-f3eb-4717-8ede-afff5eca1e8a,부산광역시,감경
남자,부산광역시,의료급여,1등급,5,2025,https://api.odcloud.kr/api/15072696/v1/uddi:d8b661ea-f3eb-4717-8ede-afff5eca1e8a,부산광역시,의료급여
남자,부산광역시,의료급여,2등급,10,2025,https://api.odcloud.kr/api/15072696/v1/uddi:d8b661ea-f3eb-4717-8ede-afff5eca1e8a,부산광역시,의료급여
남자,부산광역시,의료급여,3등급,52,2025,https://api.odcloud.kr/api/15072696/v1/uddi:d8b661ea-f3eb-4717-8ede-afff5eca1e8a,부산광역시,의료급여
남자,부산광역시,의료급여,4등급,84,2025,https://api.odcloud.kr/api/15072696/v1/uddi:d8b661ea-f3eb-4717-8ede-afff5eca1e8a,부산광역시,의료급여
남자,부산광역시,의료급여,5등급,20,2025,https://api.odcloud.kr/api/15072696/v1/uddi:d8b661ea-f3eb-4717-8ede-afff5eca1e8a,부산광역시,의료급여
남자,부산광역시,의료급여,인지지원등급,5,2025,https://api.odcloud.kr/api/15072696/v1/uddi:d8b661ea-f3eb-4717-8ede-afff5eca1e8a,부산광역시,의료급여
남자,부산광역시,의료급여,등급외,24,2025,https://api.odcloud.kr/api/15072696/v1/uddi:d8b661ea-f3eb-4717-8ede-afff5eca1e8a,부산광역시,의료급여
남자,부산광역시,기초수급,1등급,138,2025,https://api.odcloud.kr/api/15072696/v1/uddi:d8b661ea-f3eb-4717-8ede-afff5eca1e8a,부산광역시,기초수급
남자,부산광역시,기초수급,2등급,299,2025,https://api.odcloud.kr/api/15072696/v1/uddi:d8b661ea-f3eb-4717-8ede-afff5eca1e8a,부산광역시,기초수급
남자,부산광역시,기초수급,3등급,1067,2025,https://api.odcloud.kr/api/15072696/v1/uddi:d8b661ea-f3eb-4717-8ede-afff5eca1e8a,부산광역시,기초수급
남자,부산광역시,기초수급,4등급,2735,2025,https://api.odcloud.kr/api/15072696/v1/uddi:d8b661ea-f3eb-4717-8ede-afff5eca1e8a,부산광역시,기초수급
남자,부산광역시,기초수급,5등급,636,2025,https://api.odcloud.kr/api/15072696/v1/uddi:d8b661ea-f3eb-4717-8ede-afff5eca1e8a,부산광역시,기초수급
남자,부산광역시,기초수급,인지지원등급,152,2025,https://api.odcloud.kr/api/15072696/v1/uddi:d8b661ea-f3eb-4717-8ede-afff5eca1e8a,부산광역시,기초수급
남자,부산광역시,기초수급,등급외,1584,2025,https://api.odcloud.kr/api/15072696/v1/uddi:d8b661ea-f3eb-4717-8ede-afff5eca1e8a,부산광역시,기초수급
여자,부산광역시,일반,1등급,1020,2025,https://api.odcloud.kr/api/15072696/v1/uddi:d8b661ea-f3eb-4717-8ede-afff5eca1e8a,부산광역시,일반
여자,부산광역시,일반,2등급,1842,2025,https://api.odcloud.kr/api/15072696/v1/uddi:d8b661ea-f3eb-4717-8ede-afff5eca1e8a,부산광역시,일반
여자,부산광역시,일반,3등급,5815,2025,https://api.odcloud.kr/api/15072696/v1/uddi:d8b661ea-f3eb-4717-8ede-afff5eca1e8a,부산광역시,일반
여자,부산광역시,일반,4등급,11130,2025,https://api.odcloud.kr/api/15072696/v1/uddi:d8b661ea-f3eb-4717-8ede-afff5eca1e8a,부산광역시,일반
여자,부산광역시,일반,5등급,2200,2025,https://api.odcloud.kr/api/15072696/v1/uddi:d8b661ea-f3eb-4717-8ede-afff5eca1e8a,부산광역시,일반
여자,부산광역시,일반,인지지원등급,452,2025,https://api.odcloud.kr/api/15072696/v1/uddi:d8b661ea-f3eb-4717-8ede-afff5eca1e8a,부산광역시,일반
여자,부산광역시,일반,등급외,4673,2025,https://api.odcloud.kr/api/15072696/v1/uddi:d8b661ea-f3eb-4717-8ede-afff5eca1e8a,부산광역시,일반
여자,부산광역시,감경,1등급,1060,2025,https://api.odcloud.kr/api/15072696/v1/uddi:d8b661ea-f3eb-4717-8ede-afff5eca1e8a,부산광역시,감경
여자,부산광역시,감경,2등급,2117,2025,https://api.odcloud.kr/api/15072696/v1/uddi:d8b661ea-f3eb-4717-8ede-afff5eca1e8a,부산광역시,감경
여자,부산광역시,감경,3등급,6429,2025,https://api.odcloud.kr/api/15072696/v1/uddi:d8b661ea-f3eb-4717-8ede-afff5eca1e8a,부산광역시,감경
여자,부산광역시,감경,4등급,11390,2025,https://api.odcloud.kr/api/15072696/v1/uddi:d8b661ea-f3eb-4717-8ede-afff5eca1e8a,부산광역시,감경
여자,부산광역시,감경,5등급,2039,2025,https://api.odcloud.kr/api/15072696/v1/uddi:d8b661ea-f3eb-4717-8ede-afff5eca1e8a,부산광역시,감경
여자,부산광역시,감경,인지지원등급,395,2025,https://api.odcloud.kr/api/15072696/v1/uddi:d8b661ea-f3eb-4717-8ede-afff5eca1e8a,부산광역시,감경
여자,부산광역시,감경,등급외,376,2025,https://api.odcloud.kr/api/15072696/v1/uddi:d8b661ea-f3eb-4717-8ede-afff5eca1e8a,부산광역시,감경
여자,부산광역시,의료급여,1등급,23,2025,https://api.odcloud.kr/api/15072696/v1/uddi:d8b661ea-f3eb-4717-8ede-afff5eca1e8a,부산광역시,의료급여
여자,부산광역시,의료급여,2등급,52,2025,https://api.odcloud.kr/api/15072696/v1/uddi:d8b661ea-f3eb-4717-8ede-afff5eca1e8a,부산광역시,의료급여
여자,부산광역시,의료급여,3등급,153,2025,https://api.odcloud.kr/api/15072696/v1/uddi:d8b661ea-f3eb-4717-8ede-afff5eca1e8a,부산광역시,의료급여
여자,부산광역시,의료급여,4등급,249,2025,https://api.odcloud.kr/api/15072696/v1/uddi:d8b661ea-f3eb-4717-8ede-afff5eca1e8a,부산광역시,의료급여
여자,부산광역시,의료급여,5등급,29,2025,https://api.odcloud.kr/api/15072696/v1/uddi:d8b661ea-f3eb-4717-8ede-afff5eca1e8a,부산광역시,의료급여
여자,부산광역시,의료급여,인지지원등급,2,2025,https://api.odcloud.kr/api/15072696/v1/uddi:d8b661ea-f3eb-4717-8ede-afff5eca1e8a,부산광역시,의료급여
여자,부산광역시,의료급여,등급외,51,2025,https://api.odcloud.kr/api/15072696/v1/uddi:d8b661ea-f3eb-4717-8ede-afff5eca1e8a,부산광역시,의료급여
여자,부산광역시,기초수급,1등급,420,2025,https://api.odcloud.kr/api/15072696/v1/uddi:d8b661ea-f3eb-4717-8ede-afff5eca1e8a,부산광역시,기초수급
여자,부산광역시,기초수급,2등급,852,2025,https://api.odcloud.kr/api/15072696/v1/uddi:d8b661ea-f3eb-4717-8ede-afff5eca1e8a,부산광역시,기초수급
여자,부산광역시,기초수급,3등급,2596,2025,https://api.odcloud.kr/api/15072696/v1/uddi:d8b661ea-f3eb-4717-8ede-afff5eca1e8a,부산광역시,기초수급
여자,부산광역시,기초수급,4등급,5873,2025,https://api.odcloud.kr/api/15072696/v1/uddi:d8b661ea-f3eb-4717-8ede-afff5eca1e8a,부산광역시,기초수급
여자,부산광역시,기초수급,5등급,1131,2025,https://api.odcloud.kr/api/15072696/v1/uddi:d8b661ea-f3eb-4717-8ede-afff5eca1e8a,부산광역시,기초수급
여자,부산광역시,기초수급,인지지원등급,205,2025,https://api.odcloud.kr/api/15072696/v1/uddi:d8b661ea-f3eb-4717-8ede-afff5eca1e8a,부산광역시,기초수급
여자,부산광역시,기초수급,등급외,1874,2025,https://api.odcloud.kr/api/15072696/v1/uddi:d8b661ea-f3eb-4717-8ede-afff5eca1e8a,부산광역시,기초수급
남자,대구광역시,일반,1등급,247,2025,https://api.odcloud.kr/api/15072696/v1/uddi:d8b661ea-f3eb-4717-8ede-afff5eca1e8a,대구광역시,일반
남자,대구광역시,일반,2등급,531,2025,https://api.odcloud.kr/api/15072696/v1/uddi:d8b661ea-f3eb-4717-8ede-afff5eca1e8a,대구광역시,일반
남자,대구광역시,일반,3등급,2125,2025,https://api.odcloud.kr/api/15072696/v1/uddi:d8b661ea-f3eb-4717-8ede-afff5eca1e8a,대구광역시,일반
남자,대구광역시,일반,4등급,3553,2025,https://api.odcloud.kr/api/15072696/v1/uddi:d8b661ea-f3eb-4717-8ede-afff5eca1e8a,대구광역시,일반
남자,대구광역시,일반,5등급,1034,2025,https://api.odcloud.kr/api/15072696/v1/uddi:d8b661ea-f3eb-4717-8ede-afff5eca1e8a,대구광역시,일반
남자,대구광역시,일반,인지지원등급,152,2025,https://api.odcloud.kr/api/15072696/v1/uddi:d8b661ea-f3eb-4717-8ede-afff5eca1e8a,대구광역시,일반
남자,대구광역시,일반,등급외,1329,2025,https://api.odcloud.kr/api/15072696/v1/uddi:d8b661ea-f3eb-4717-8ede-afff5eca1e8a,대구광역시,일반
남자,대구광역시,감경,1등급,182,2025,https://api.odcloud.kr/api/15072696/v1/uddi:d8b661ea-f3eb-4717-8ede-afff5eca1e8a,대구광역시,감경
남자,대구광역시,감경,2등급,436,2025,https://api.odcloud.kr/api/15072696/v1/uddi:d8b661ea-f3eb-4717-8ede-afff5eca1e8a,대구광역시,감경
남자,대구광역시,감경,3등급,1903,2025,https://api.odcloud.kr/api/15072696/v1/uddi:d8b661ea-f3eb-4717-8ede-afff5eca1e8a,대구광역시,감경
남자,대구광역시,감경,4등급,2936,2025,https://api.odcloud.kr/api/15072696/v1/uddi:d8b661ea-f3eb-4717-8ede-afff5eca1e8a,대구광역시,감경
남자,대구광역시,감경,5등급,798,2025,https://api.odcloud.kr/api/15072696/v1/uddi:d8b661ea-f3eb-4717-8ede-afff5eca1e8a,대구광역시,감경
남자,대구광역시,감경,인지지원등급,125,2025,https://api.odcloud.kr/api/15072696/v1/uddi:d8b661ea-f3eb-4717-8ede-afff5eca1e8a,대구광역시,감경
남자,대구광역시,감경,등급외,93,2025,https://api.odcloud.kr/api/15072696/v1/uddi:d8b661ea-f3eb-4717-8ede-afff5eca1e8a,대구광역시,감경
남자,대구광역시,의료급여,1등급,10,2025,https://api.odcloud.kr/api/15072696/v1/uddi:d8b661ea-f3eb-4717-8ede-afff5eca1e8a,대구광역시,의료급여
남자,대구광역시,의료급여,2등급,16,2025,https://api.odcloud.kr/api/15072696/v1/uddi:d8b661ea-f3eb-4717-8ede-afff5eca1e8a,대구광역시,의료급여
남자,대구광역시,의료급여,3등급,58,2025,https://api.odcloud.kr/api/15072696/v1/uddi:d8b661ea-f3eb-4717-8ede-afff5eca1e8a,대구광역시,의료급여
남자,대구광역시,의료급여,4등급,98,2025,https://api.odcloud.kr/api/15072696/v1/uddi:d8b661ea-f3eb-4717-8ede-afff5eca1e8a,대구광역시,의료급여
남자,대구광역시,의료급여,5등급,29,2025,https://api.odcloud.kr/api/15072696/v1/uddi:d8b661ea-f3eb-4717-8ede-afff5eca1e8a,대구광역시,의료급여
남자,대구광역시,의료급여,인지지원등급,6,2025,https://api.odcloud.kr/api/15072696/v1/uddi:d8b661ea-f3eb-4717-8ede-afff5eca1e8a,대구광역시,의료급여
남자,대구광역시,의료급여,등급외,28,2025,https://api.odcloud.kr/api/15072696/v1/uddi:d8b661ea-f3eb-4717-8ede-afff5eca1e8a,대구광역시,의료급여
남자,대구광역시,기초수급,1등급,103,2025,https://api.odcloud.kr/api/15072696/v1/uddi:d8b661ea-f3eb-4717-8ede-afff5eca1e8a,대구광역시,기초수급
남자,대구광역시,기초수급,2등급,225,2025,https://api.odcloud.kr/api/15072696/v1/uddi:d8b661ea-f3eb-4717-8ede-afff5eca1e8a,대구광역시,기초수급
남자,대구광역시,기초수급,3등급,884,2025,https://api.odcloud.kr/api/15072696/v1/uddi:d8b661ea-f3eb-4717-8ede-afff5eca1e8a,대구광역시,기초수급
남자,대구광역시,기초수급,4등급,1741,2025,https://api.odcloud.kr/api/15072696/v1/uddi:d8b661ea-f3eb-4717-8ede-afff5eca1e8a,대구광역시,기초수급
남자,대구광역시,기초수급,5등급,715,2025,https://api.odcloud.kr/api/15072696/v1/uddi:d8b661ea-f3eb-4717-8ede-afff5eca1e8a,대구광역시,기초수급
남자,대구광역시,기초수급,인지지원등급,125,2025,https://api.odcloud.kr/api/15072696/v1/uddi:d8b661ea-f3eb-4717-8ede-afff5eca1e8a,대구광역시,기초수급
남자,대구광역시,기초수급,등급외,698,2025,https://api.odcloud.kr/api/15072696/v1/uddi:d8b661ea-f3eb-4717-8ede-afff5eca1e8a,대구광역시,기초수급
여자,대구광역시,일반,1등급,614,2025,https://api.odcloud.kr/api/15072696/v1/uddi:d8b661ea-f3eb-4717-8ede-afff5eca1e8a,대구광역시,일반
여자,대구광역시,일반,2등급,1250,2025,https://api.odcloud.kr/api/15072696/v1/uddi:d8b661ea-f3eb-4717-8ede-afff5eca1e8a,대구광역시,일반
여자,대구광역시,일반,3등급,4362,2025,https://api.odcloud.kr/api/15072696/v1/uddi:d8b661ea-f3eb-4717-8ede-afff5eca1e8a,대구광역시,일반
여자,대구광역시,일반,4등급,7274,2025,https://api.odcloud.kr/api/15072696/v1/uddi:d8b661ea-f3eb-4717-8ede-afff5eca1e8a,대구광역시,일반
여자,대구광역시,일반,5등급,2069,2025,https://api.odcloud.kr/api/15072696/v1/uddi:d8b661ea-f3eb-4717-8ede-afff5eca1e8a,대구광역시,일반
여자,대구광역시,일반,인지지원등급,320,2025,https://api.odcloud.kr/api/15072696/v1/uddi:d8b661ea-f3eb-4717-8ede-afff5eca1e8a,대구광역시,일반
여자,대구광역시,일반,등급외,2523,2025,https://api.odcloud.kr/api/15072696/v1/uddi:d8b661ea-f3eb-4717-8ede-afff5eca1e8a,대구광역시,일반
여자,대구광역시,감경,1등급,733,2025,https://api.odcloud.kr/api/15072696/v1/uddi:d8b661ea-f3eb-4717-8ede-afff5eca1e8a,대구광역시,감경
여자,대구광역시,감경,2등급,1579,2025,https://api.odcloud.kr/api/15072696/v1/uddi:d8b661ea-f3eb-4717-8ede-afff5eca1e8a,대구광역시,감경
여자,대구광역시,감경,3등급,5232,2025,https://api.odcloud.kr/api/15072696/v1/uddi:d8b661ea-f3eb-4717-8ede-afff5eca1e8a,대구광역시,감경
여자,대구광역시,감경,4등급,7610,2025,https://api.odcloud.kr/api/15072696/v1/uddi:d8b661ea-f3eb-4717-8ede-afff5eca1e8a,대구광역시,감경
여자,대구광역시,감경,5등급,1999,2025,https://api.odcloud.kr/api/15072696/v1/uddi:d8b661ea-f3eb-4717-8ede-afff5eca1e8a,대구광역시,감경
여자,대구광역시,감경,인지지원등급,276,2025,https://api.odcloud.kr/api/15072696/v1/uddi:d8b661ea-f3eb-4717-8ede-afff5eca1e8a,대구광역시,감경
여자,대구광역시,감경,등급외,170,2025,https://api.odcloud.kr/api/15072696/v1/uddi:d8b661ea-f3eb-4717-8ede-afff5eca1e8a,대구광역시,감경
여자,대구광역시,의료급여,1등급,23,2025,https://api.odcloud.kr/api/15072696/v1/uddi:d8b661ea-f3eb-4717-8ede-afff5eca1e8a,대구광역시,의료급여
여자,대구광역시,의료급여,2등급,58,2025,https://api.odcloud.kr/api/15072696/v1/uddi:d8b661ea-f3eb-4717-8ede-afff5eca1e8a,대구광역시,의료급여
여자,대구광역시,의료급여,3등급,190,2025,https://api.odcloud.kr/api/15072696/v1/uddi:d8b661ea-f3eb-4717-8ede-afff5eca1e8a,대구광역시,의료급여
여자,대구광역시,의료급여,4등급,294,2025,https://api.odcloud.kr/api/15072696/v1/uddi:d8b661ea-f3eb-4717-8ede-afff5eca1e8a,대구광역시,의료급여
여자,대구광역시,의료급여,5등급,66,2025,https://api.odcloud.kr/api/15072696/v1/uddi:d8b661ea-f3eb-4717-8ede-afff5eca1e8a,대구광역시,의료급여
여자,대구광역시,의료급여,인지지원등급,7,2025,https://api.odcloud.kr/api/15072696/v1/uddi:d8b661ea-f3eb-4717-8ede-afff5eca1e8a,대구광역시,의료급여
여자,대구광역시,의료급여,등급외,35,2025,https://api.odcloud.kr/api/15072696/v1/uddi:d8b661ea-f3eb-4717-8ede-afff5eca1e8a,대구광역시,의료급여
여자,대구광역시,기초수급,1등급,335,2025,https://api.odcloud.kr/api/15072696/v1/uddi:d8b661ea-f3eb-4717-8ede-afff5eca1e8a,대구광역시,기초수급
여자,대구광역시,기초수급,2등급,656,2025,https://api.odcloud.kr/api/15072696/v1/uddi:d8b661ea-f3eb-4717-8ede-afff5eca1e8a,대구광역시,기초수급
여자,대구광역시,기초수급,3등급,2176,2025,https://api.odcloud.kr/api/15072696/v1/uddi:d8b661ea-f3eb-4717-8ede-afff5eca1e8a,대구광역시,기초수급
여자,대구광역시,기초수급,4등급,3601,2025,https://api.odcloud.kr/api/15072696/v1/uddi:d8b661ea-f3eb-4717-8ede-afff5eca1e8a,대구광역시,기초수급
여자,대구광역시,기초수급,5등급,1096,2025,https://api.odcloud.kr/api/15072696/v1/uddi:d8b661ea-f3eb-4717-8ede-afff5eca1e8a,대구광역시,기초수급
여자,대구광역시,기초수급,인지지원등급,122,2025,https://api.odcloud.kr/api/15072696/v1/uddi:d8b661ea-f3eb-4717-8ede-afff5eca1e8a,대구광역시,기초수급
여자,대구광역시,기초수급,등급외,856,2025,https://api.odcloud.kr/api/15072696/v1/uddi:d8b661ea-f3eb-4717-8ede-afff5eca1e8a,대구광역시,기초수급
남자,인천광역시,일반,1등급,297,2025,https://api.odcloud.kr/api/15072696/v1/uddi:d8b661ea-f3eb-4717-8ede-afff5eca1e8a,인천광역시,일반
남자,인천광역시,일반,2등급,600,2025,https://api.odcloud.kr/api/15072696/v1/uddi:d8b661ea-f3eb-4717-8ede-afff5eca1e8a,인천광역시,일반
남자,인천광역시,일반,3등급,2226,2025,https://api.odcloud.kr/api/15072696/v1/uddi:d8b661ea-f3eb-4717-8ede-afff5eca1e8a,인천광역시,일반
남자,인천광역시,일반,4등급,3656,2025,https://api.odcloud.kr/api/15072696/v1/uddi:d8b661ea-f3eb-4717-8ede-afff5eca1e8a,인천광역시,일반
남자,인천광역시,일반,5등급,743,2025,https://api.odcloud.kr/api/15072696/v1/uddi:d8b661ea-f3eb-4717-8ede-afff5eca1e8a,인천광역시,일반
남자,인천광역시,일반,인지지원등급,138,2025,https://api.odcloud.kr/api/15072696/v1/uddi:d8b661ea-f3eb-4717-8ede-afff5eca1e8a,인천광역시,일반
남자,인천광역시,일반,등급외,1573,2025,https://api.odcloud.kr/api/15072696/v1/uddi:d8b661ea-f3eb-4717-8ede-afff5eca1e8a,인천광역시,일반
남자,인천광역시,감경,1등급,281,2025,https://api.odcloud.kr/api/15072696/v1/uddi:d8b661ea-f3eb-4717-8ede-afff5eca1e8a,인천광역시,감경
남자,인천광역시,감경,2등급,597,2025,https://api.odcloud.kr/api/15072696/v1/uddi:d8b661ea-f3eb-4717-8ede-afff5eca1e8a,인천광역시,감경
남자,인천광역시,감경,3등급,2269,2025,https://api.odcloud.kr/api/15072696/v1/uddi:d8b661ea-f3eb-4717-8ede-afff5eca1e8a,인천광역시,감경
남자,인천광역시,감경,4등급,3784,2025,https://api.odcloud.kr/api/15072696/v1/uddi:d8b661ea-f3eb-4717-8ede-afff5eca1e8a,인천광역시,감경
남자,인천광역시,감경,5등급,666,2025,https://api.odcloud.kr/api/15072696/v1/uddi:d8b661ea-f3eb-4717-8ede-afff5eca1e8a,인천광역시,감경
남자,인천광역시,감경,인지지원등급,121,2025,https://api.odcloud.kr/api/15072696/v1/uddi:d8b661ea-f3eb-4717-8ede-afff5eca1e8a,인천광역시,감경
남자,인천광역시,감경,등급외,122,2025,https://api.odcloud.kr/api/15072696/v1/uddi:d8b661ea-f3eb-4717-8ede-afff5eca1e8a,인천광역시,감경
남자,인천광역시,의료급여,1등급,4,2025,https://api.odcloud.kr/api/15072696/v1/uddi:d8b661ea-f3eb-4717-8ede-afff5eca1e8a,인천광역시,의료급여
남자,인천광역시,의료급여,2등급,16,2025,https://api.odcloud.kr/api/15072696/v1/uddi:d8b661ea-f3eb-4717-8ede-afff5eca1e8a,인천광역시,의료급여
남자,인천광역시,의료급여,3등급,41,2025,https://api.odcloud.kr/api/15072696/v1/uddi:d8b661ea-f3eb-4717-8ede-afff5eca1e8a,인천광역시,의료급여
남자,인천광역시,의료급여,4등급,69,2025,https://api.odcloud.kr/api/15072696/v1/uddi:d8b661ea-f3eb-4717-8ede-afff5eca1e8a,인천광역시,의료급여
남자,인천광역시,의료급여,5등급,7,2025,https://api.odcloud.kr/api/15072696/v1/uddi:d8b661ea-f3eb-4717-8ede-afff5eca1e8a,인천광역시,의료급여
남자,인천광역시,의료급여,인지지원등급,0,2025,https://api.odcloud.kr/api/15072696/v1/uddi:d8b661ea-f3eb-4717-8ede-afff5eca1e8a,인천광역시,의료급여
남자,인천광역시,의료급여,등급외,12,2025,https://api.odcloud.kr/api/15072696/v1/uddi:d8b661ea-f3eb-4717-8ede-afff5eca1e8a,인천광역시,의료급여
남자,인천광역시,기초수급,1등급,236,2025,https://api.odcloud.kr/api/15072696/v1/uddi:d8b661ea-f3eb-4717-8ede-afff5eca1e8a,인천광역시,기초수급
남자,인천광역시,기초수급,2등급,386,2025,https://api.odcloud.kr/api/15072696/v1/uddi:d8b661ea-f3eb-4717-8ede-afff5eca1e8a,인천광역시,기초수급
남자,인천광역시,기초수급,3등급,1375,2025,https://api.odcloud.kr/api/15072696/v1/uddi:d8b661ea-f3eb-4717-8ede-afff5eca1e8a,인천광역시,기초수급
남자,인천광역시,기초수급,4등급,2897,2025,https://api.odcloud.kr/api/15072696/v1/uddi:d8b661ea-f3eb-4717-8ede-afff5eca1e8a,인천광역시,기초수급
남자,인천광역시,기초수급,5등급,484,2025,https://api.odcloud.kr/api/15072696/v1/uddi:d8b661ea-f3eb-4717-8ede-afff5eca1e8a,인천광역시,기초수급
남자,인천광역시,기초수급,인지지원등급,106,2025,https://api.odcloud.kr/api/15072696/v1/uddi:d8b661ea-f3eb-4717-8ede-afff5eca1e8a,인천광역시,기초수급
남자,인천광역시,기초수급,등급외,971,2025,https://api.odcloud.kr/api/15072696/v1/uddi:d8b661ea-f3eb-4717-8ede-afff5eca1e8a,인천광역시,기초수급
여자,인천광역시,일반,1등급,763,2025,https://api.odcloud.kr/api/15072696/v1/uddi:d8b661ea-f3eb-4717-8ede-afff5eca1e8a,인천광역시,일반
여자,인천광역시,일반,2등급,1394,2025,https://api.odcloud.kr/api/15072696/v1/uddi:d8b661ea-f3eb-4717-8ede-afff5eca1e8a,인천광역시,일반
여자,인천광역시,일반,3등급,4897,2025,https://api.odcloud.kr/api/15072696/v1/uddi:d8b661ea-f3eb-4717-8ede-afff5eca1e8a,인천광역시,일반
여자,인천광역시,일반,4등급,7688,2025,https://api.odcloud.kr/api/15072696/v1/uddi:d8b661ea-f3eb-4717-8ede-afff5eca1e8a,인천광역시,일반
여자,인천광역시,일반,5등급,1428,2025,https://api.odcloud.kr/api/15072696/v1/uddi:d8b661ea-f3eb-4717-8ede-afff5eca1e8a,인천광역시,일반
여자,인천광역시,일반,인지지원등급,289,2025,https://api.odcloud.kr/api/15072696/v1/uddi:d8b661ea-f3eb-4717-8ede-afff5eca1e8a,인천광역시,일반
여자,인천광역시,일반,등급외,2846,2025,https://api.odcloud.kr/api/15072696/v1/uddi:d8b661ea-f3eb-4717-8ede-afff5eca1e8a,인천광역시,일반
여자,인천광역시,감경,1등급,952,2025,https://api.odcloud.kr/api/15072696/v1/uddi:d8b661ea-f3eb-4717-8ede-afff5eca1e8a,인천광역시,감경
여자,인천광역시,감경,2등급,1969,2025,https://api.odcloud.kr/api/15072696/v1/uddi:d8b661ea-f3eb-4717-8ede-afff5eca1e8a,인천광역시,감경
여자,인천광역시,감경,3등급,6155,2025,https://api.odcloud.kr/api/15072696/v1/uddi:d8b661ea-f3eb-4717-8ede-afff5eca1e8a,인천광역시,감경
여자,인천광역시,감경,4등급,9036,2025,https://api.odcloud.kr/api/15072696/v1/uddi:d8b661ea-f3eb-4717-8ede-afff5eca1e8a,인천광역시,감경
여자,인천광역시,감경,5등급,1386,2025,https://api.odcloud.kr/api/15072696/v1/uddi:d8b661ea-f3eb-4717-8ede-afff5eca1e8a,인천광역시,감경
여자,인천광역시,감경,인지지원등급,225,2025,https://api.odcloud.kr/api/15072696/v1/uddi:d8b661ea-f3eb-4717-8ede-afff5eca1e8a,인천광역시,감경
여자,인천광역시,감경,등급외,176,2025,https://api.odcloud.kr/api/15072696/v1/uddi:d8b661ea-f3eb-4717-8ede-afff5eca1e8a,인천광역시,감경
여자,인천광역시,의료급여,1등급,22,2025,https://api.odcloud.kr/api/15072696/v1/uddi:d8b661ea-f3eb-4717-8ede-afff5eca1e8a,인천광역시,의료급여
여자,인천광역시,의료급여,2등급,45,2025,https://api.odcloud.kr/api/15072696/v1/uddi:d8b661ea-f3eb-4717-8ede-afff5eca1e8a,인천광역시,의료급여
여자,인천광역시,의료급여,3등급,122,2025,https://api.odcloud.kr/api/15072696/v1/uddi:d8b661ea-f3eb-4717-8ede-afff5eca1e8a,인천광역시,의료급여
여자,인천광역시,의료급여,4등급,201,2025,https://api.odcloud.kr/api/15072696/v1/uddi:d8b661ea-f3eb-4717-8ede-afff5eca1e8a,인천광역시,의료급여
여자,인천광역시,의료급여,5등급,22,2025,https://api.odcloud.kr/api/15072696/v1/uddi:d8b661ea-f3eb-4717-8ede-afff5eca1e8a,인천광역시,의료급여
여자,인천광역시,의료급여,인지지원등급,3,2025,https://api.odcloud.kr/api/15072696/v1/uddi:d8b661ea-f3eb-4717-8ede-afff5eca1e8a,인천광역시,의료급여
여자,인천광역시,의료급여,등급외,31,2025,https://api.odcloud.kr/api/15072696/v1/uddi:d8b661ea-f3eb-4717-8ede-afff5eca1e8a,인천광역시,의료급여
여자,인천광역시,기초수급,1등급,516,2025,https://api.odcloud.kr/api/15072696/v1/uddi:d8b661ea-f3eb-4717-8ede-afff5eca1e8a,인천광역시,기초수급
여자,인천광역시,기초수급,2등급,985,2025,https://api.odcloud.kr/api/15072696/v1/uddi:d8b661ea-f3eb-4717-8ede-afff5eca1e8a,인천광역시,기초수급
여자,인천광역시,기초수급,3등급,2984,2025,https://api.odcloud.kr/api/15072696/v1/uddi:d8b661ea-f3eb-4717-8ede-afff5eca1e8a,인천광역시,기초수급
여자,인천광역시,기초수급,4등급,5319,2025,https://api.odcloud.kr/api/15072696/v1/uddi:d8b661ea-f3eb-4717-8ede-afff5eca1e8a,인천광역시,기초수급
여자,인천광역시,기초수급,5등급,707,2025,https://api.odcloud.kr/api/15072696/v1/uddi:d8b661ea-f3eb-4717-8ede-afff5eca1e8a,인천광역시,기초수급
여자,인천광역시,기초수급,인지지원등급,91,2025,https://api.odcloud.kr/api/15072696/v1/uddi:d8b661ea-f3eb-4717-8ede-afff5eca1e8a,인천광역시,기초수급
여자,인천광역시,기초수급,등급외,1085,2025,https://api.odcloud.kr/api/15072696/v1/uddi:d8b661ea-f3eb-4717-8ede-afff5eca1e8a,인천광역시,기초수급
남자,광주광역시,일반,1등급,167,2025,https://api.odcloud.kr/api/15072696/v1/uddi:d8b661ea-f3eb-4717-8ede-afff5eca1e8a,광주광역시,일반
남자,광주광역시,일반,2등급,284,2025,https://api.odcloud.kr/api/15072696/v1/uddi:d8b661ea-f3eb-4717-8ede-afff5eca1e8a,광주광역시,일반
남자,광주광역시,일반,3등급,1215,2025,https://api.odcloud.kr/api/15072696/v1/uddi:d8b661ea-f3eb-4717-8ede-afff5eca1e8a,광주광역시,일반
남자,광주광역시,일반,4등급,2172,2025,https://api.odcloud.kr/api/15072696/v1/uddi:d8b661ea-f3eb-4717-8ede-afff5eca1e8a,광주광역시,일반
남자,광주광역시,일반,5등급,517,2025,https://api.odcloud.kr/api/15072696/v1/uddi:d8b661ea-f3eb-4717-8ede-afff5eca1e8a,광주광역시,일반
남자,광주광역시,일반,인지지원등급,111,2025,https://api.odcloud.kr/api/15072696/v1/uddi:d8b661ea-f3eb-4717-8ede-afff5eca1e8a,광주광역시,일반
남자,광주광역시,일반,등급외,1234,2025,https://api.odcloud.kr/api/15072696/v1/uddi:d8b661ea-f3eb-4717-8ede-afff5eca1e8a,광주광역시,일반
남자,광주광역시,감경,1등급,99,2025,https://api.odcloud.kr/api/15072696/v1/uddi:d8b661ea-f3eb-4717-8ede-afff5eca1e8a,광주광역시,감경
남자,광주광역시,감경,2등급,224,2025,https://api.odcloud.kr/api/15072696/v1/uddi:d8b661ea-f3eb-4717-8ede-afff5eca1e8a,광주광역시,감경
남자,광주광역시,감경,3등급,906,2025,https://api.odcloud.kr/api/15072696/v1/uddi:d8b661ea-f3eb-4717-8ede-afff5eca1e8a,광주광역시,감경
남자,광주광역시,감경,4등급,1558,2025,https://api.odcloud.kr/api/15072696/v1/uddi:d8b661ea-f3eb-4717-8ede-afff5eca1e8a,광주광역시,감경
남자,광주광역시,감경,5등급,396,2025,https://api.odcloud.kr/api/15072696/v1/uddi:d8b661ea-f3eb-4717-8ede-afff5eca1e8a,광주광역시,감경
남자,광주광역시,감경,인지지원등급,83,2025,https://api.odcloud.kr/api/15072696/v1/uddi:d8b661ea-f3eb-4717-8ede-afff5eca1e8a,광주광역시,감경
남자,광주광역시,감경,등급외,76,2025,https://api.odcloud.kr/api/15072696/v1/uddi:d8b661ea-f3eb-4717-8ede-afff5eca1e8a,광주광역시,감경
남자,광주광역시,의료급여,1등급,7,2025,https://api.odcloud.kr/api/15072696/v1/uddi:d8b661ea-f3eb-4717-8ede-afff5eca1e8a,광주광역시,의료급여
남자,광주광역시,의료급여,2등급,17,2025,https://api.odcloud.kr/api/15072696/v1/uddi:d8b661ea-f3eb-4717-8ede-afff5eca1e8a,광주광역시,의료급여
남자,광주광역시,의료급여,3등급,48,2025,https://api.odcloud.kr/api/15072696/v1/uddi:d8b661ea-f3eb-4717-8ede-afff5eca1e8a,광주광역시,의료급여
남자,광주광역시,의료급여,4등급,66,2025,https://api.odcloud.kr/api/15072696/v1/uddi:d8b661ea-f3eb-4717-8ede-afff5eca1e8a,광주광역시,의료급여
남자,광주광역시,의료급여,5등급,23,2025,https://api.odcloud.kr/api/15072696/v1/uddi:d8b661ea-f3eb-4717-8ede-afff5eca1e8a,광주광역시,의료급여
남자,광주광역시,의료급여,인지지원등급,4,2025,https://api.odcloud.kr/api/15072696/v1/uddi:d8b661ea-f3eb-4717-8ede-afff5eca1e8a,광주광역시,의료급여
남자,광주광역시,의료급여,등급외,19,2025,https://api.odcloud.kr/api/15072696/v1/uddi:d8b661ea-f3eb-4717-8ede-afff5eca1e8a,광주광역시,의료급여
남자,광주광역시,기초수급,1등급,51,2025,https://api.odcloud.kr/api/15072696/v1/uddi:d8b661ea-f3eb-4717-8ede-afff5eca1e8a,광주광역시,기초수급
남자,광주광역시,기초수급,2등급,78,2025,https://api.odcloud.kr/api/15072696/v1/uddi:d8b661ea-f3eb-4717-8ede-afff5eca1e8a,광주광역시,기초수급
남자,광주광역시,기초수급,3등급,378,2025,https://api.odcloud.kr/api/15072696/v1/uddi:d8b661ea-f3eb-4717-8ede-afff5eca1e8a,광주광역시,기초수급
남자,광주광역시,기초수급,4등급,898,2025,https://api.odcloud.kr/api/15072696/v1/uddi:d8b661ea-f3eb-4717-8ede-afff5eca1e8a,광주광역시,기초수급
남자,광주광역시,기초수급,5등급,277,2025,https://api.odcloud.kr/api/15072696/v1/uddi:d8b661ea-f3eb-4717-8ede-afff5eca1e8a,광주광역시,기초수급
남자,광주광역시,기초수급,인지지원등급,96,2025,https://api.odcloud.kr/api/15072696/v1/uddi:d8b661ea-f3eb-4717-8ede-afff5eca1e8a,광주광역시,기초수급
남자,광주광역시,기초수급,등급외,676,2025,https://api.odcloud.kr/api/15072696/v1/uddi:d8b661ea-f3eb-4717-8ede-afff5eca1e8a,광주광역시,기초수급
여자,광주광역시,일반,1등급,373,2025,https://api.odcloud.kr/api/15072696/v1/uddi:d8b661ea-f3eb-4717-8ede-afff5eca1e8a,광주광역시,일반
여자,광주광역시,일반,2등급,601,2025,https://api.odcloud.kr/api/15072696/v1/uddi:d8b661ea-f3eb-4717-8ede-afff5eca1e8a,광주광역시,일반
여자,광주광역시,일반,3등급,2265,2025,https://api.odcloud.kr/api/15072696/v1/uddi:d8b661ea-f3eb-4717-8ede-afff5eca1e8a,광주광역시,일반
여자,광주광역시,일반,4등급,4512,2025,https://api.odcloud.kr/api/15072696/v1/uddi:d8b661ea-f3eb-4717-8ede-afff5eca1e8a,광주광역시,일반
여자,광주광역시,일반,5등급,1011,2025,https://api.odcloud.kr/api/15072696/v1/uddi:d8b661ea-f3eb-4717-8ede-afff5eca1e8a,광주광역시,일반
여자,광주광역시,일반,인지지원등급,244,2025,https://api.odcloud.kr/api/15072696/v1/uddi:d8b661ea-f3eb-4717-8ede-afff5eca1e8a,광주광역시,일반
여자,광주광역시,일반,등급외,2326,2025,https://api.odcloud.kr/api/15072696/v1/uddi:d8b661ea-f3eb-4717-8ede-afff5eca1e8a,광주광역시,일반
여자,광주광역시,감경,1등급,378,2025,https://api.odcloud.kr/api/15072696/v1/uddi:d8b661ea-f3eb-4717-8ede-afff5eca1e8a,광주광역시,감경
여자,광주광역시,감경,2등급,812,2025,https://api.odcloud.kr/api/15072696/v1/uddi:d8b661ea-f3eb-4717-8ede-afff5eca1e8a,광주광역시,감경
여자,광주광역시,감경,3등급,2446,2025,https://api.odcloud.kr/api/15072696/v1/uddi:d8b661ea-f3eb-4717-8ede-afff5eca1e8a,광주광역시,감경
여자,광주광역시,감경,4등급,4593,2025,https://api.odcloud.kr/api/15072696/v1/uddi:d8b661ea-f3eb-4717-8ede-afff5eca1e8a,광주광역시,감경
여자,광주광역시,감경,5등급,942,2025,https://api.odcloud.kr/api/15072696/v1/uddi:d8b661ea-f3eb-4717-8ede-afff5eca1e8a,광주광역시,감경
여자,광주광역시,감경,인지지원등급,153,2025,https://api.odcloud.kr/api/15072696/v1/uddi:d8b661ea-f3eb-4717-8ede-afff5eca1e8a,광주광역시,감경
여자,광주광역시,감경,등급외,134,2025,https://api.odcloud.kr/api/15072696/v1/uddi:d8b661ea-f3eb-4717-8ede-afff5eca1e8a,광주광역시,감경
여자,광주광역시,의료급여,1등급,14,2025,https://api.odcloud.kr/api/15072696/v1/uddi:d8b661ea-f3eb-4717-8ede-afff5eca1e8a,광주광역시,의료급여
여자,광주광역시,의료급여,2등급,34,2025,https://api.odcloud.kr/api/15072696/v1/uddi:d8b661ea-f3eb-4717-8ede-afff5eca1e8a,광주광역시,의료급여
여자,광주광역시,의료급여,3등급,136,2025,https://api.odcloud.kr/api/15072696/v1/uddi:d8b661ea-f3eb-4717-8ede-afff5eca1e8a,광주광역시,의료급여
여자,광주광역시,의료급여,4등급,236,2025,https://api.odcloud.kr/api/15072696/v1/uddi:d8b661ea-f3eb-4717-8ede-afff5eca1e8a,광주광역시,의료급여
여자,광주광역시,의료급여,5등급,49,2025,https://api.odcloud.kr/api/15072696/v1/uddi:d8b661ea-f3eb-4717-8ede-afff5eca1e8a,광주광역시,의료급여
여자,광주광역시,의료급여,인지지원등급,6,2025,https://api.odcloud.kr/api/15072696/v1/uddi:d8b661ea-f3eb-4717-8ede-afff5eca1e8a,광주광역시,의료급여
여자,광주광역시,의료급여,등급외,36,2025,https://api.odcloud.kr/api/15072696/v1/uddi:d8b661ea-f3eb-4717-8ede-afff5eca1e8a,광주광역시,의료급여
여자,광주광역시,기초수급,1등급,126,2025,https://api.odcloud.kr/api/15072696/v1/uddi:d8b661ea-f3eb-4717-8ede-afff5eca1e8a,광주광역시,기초수급
여자,광주광역시,기초수급,2등급,278,2025,https://api.odcloud.kr/api/15072696/v1/uddi:d8b661ea-f3eb-4717-8ede-afff5eca1e8a,광주광역시,기초수급
여자,광주광역시,기초수급,3등급,866,2025,https://api.odcloud.kr/api/15072696/v1/uddi:d8b661ea-f3eb-4717-8ede-afff5eca1e8a,광주광역시,기초수급
여자,광주광역시,기초수급,4등급,1849,2025,https://api.odcloud.kr/api/15072696/v1/uddi:d8b661ea-f3eb-4717-8ede-afff5eca1e8a,광주광역시,기초수급
여자,광주광역시,기초수급,5등급,413,2025,https://api.odcloud.kr/api/15072696/v1/uddi:d8b661ea-f3eb-4717-8ede-afff5eca1e8a,광주광역시,기초수급
여자,광주광역시,기초수급,인지지원등급,81,2025,https://api.odcloud.kr/api/15072696/v1/uddi:d8b661ea-f3eb-4717-8ede-afff5eca1e8a,광주광역시,기초수급
여자,광주광역시,기초수급,등급외,759,2025,https://api.odcloud.kr/api/15072696/v1/uddi:d8b661ea-f3eb-4717-8ede-afff5eca1e8a,광주광역시,기초수급
남자,대전광역시,일반,1등급,189,2025,https://api.odcloud.kr/api/15072696/v1/uddi:d8b661ea-f3eb-4717-8ede-afff5eca1e8a,대전광역시,일반
남자,대전광역시,일반,2등급,343,2025,https://api.odcloud.kr/api/15072696/v1/uddi:d8b661ea-f3eb-4717-8ede-afff5eca1e8a,대전광역시,일반
남자,대전광역시,일반,3등급,1234,2025,https://api.odcloud.kr/api/15072696/v1/uddi:d8b661ea-f3eb-4717-8ede-afff5eca1e8a,대전광역시,일반
남자,대전광역시,일반,4등급,2017,2025,https://api.odcloud.kr/api/15072696/v1/uddi:d8b661ea-f3eb-4717-8ede-afff5eca1e8a,대전광역시,일반
남자,대전광역시,일반,5등급,496,2025,https://api.odcloud.kr/api/15072696/v1/uddi:d8b661ea-f3eb-4717-8ede-afff5eca1e8a,대전광역시,일반
남자,대전광역시,일반,인지지원등급,98,2025,https://api.odcloud.kr/api/15072696/v1/uddi:d8b661ea-f3eb-4717-8ede-afff5eca1e8a,대전광역시,일반
남자,대전광역시,일반,등급외,849,2025,https://api.odcloud.kr/api/15072696/v1/uddi:d8b661ea-f3eb-4717-8ede-afff5eca1e8a,대전광역시,일반
남자,대전광역시,감경,1등급,117,2025,https://api.odcloud.kr/api/15072696/v1/uddi:d8b661ea-f3eb-4717-8ede-afff5eca1e8a,대전광역시,감경
남자,대전광역시,감경,2등급,252,2025,https://api.odcloud.kr/api/15072696/v1/uddi:d8b661ea-f3eb-4717-8ede-afff5eca1e8a,대전광역시,감경
남자,대전광역시,감경,3등급,986,2025,https://api.odcloud.kr/api/15072696/v1/uddi:d8b661ea-f3eb-4717-8ede-afff5eca1e8a,대전광역시,감경
남자,대전광역시,감경,4등급,1674,2025,https://api.odcloud.kr/api/15072696/v1/uddi:d8b661ea-f3eb-4717-8ede-afff5eca1e8a,대전광역시,감경
남자,대전광역시,감경,5등급,381,2025,https://api.odcloud.kr/api/15072696/v1/uddi:d8b661ea-f3eb-4717-8ede-afff5eca1e8a,대전광역시,감경
남자,대전광역시,감경,인지지원등급,67,2025,https://api.odcloud.kr/api/15072696/v1/uddi:d8b661ea-f3eb-4717-8ede-afff5eca1e8a,대전광역시,감경
남자,대전광역시,감경,등급외,59,2025,https://api.odcloud.kr/api/15072696/v1/uddi:d8b661ea-f3eb-4717-8ede-afff5eca1e8a,대전광역시,감경
남자,대전광역시,의료급여,1등급,3,2025,https://api.odcloud.kr/api/15072696/v1/uddi:d8b661ea-f3eb-4717-8ede-afff5eca1e8a,대전광역시,의료급여
남자,대전광역시,의료급여,2등급,5,2025,https://api.odcloud.kr/api/15072696/v1/uddi:d8b661ea-f3eb-4717-8ede-afff5eca1e8a,대전광역시,의료급여
남자,대전광역시,의료급여,3등급,19,2025,https://api.odcloud.kr/api/15072696/v1/uddi:d8b661ea-f3eb-4717-8ede-afff5eca1e8a,대전광역시,의료급여
남자,대전광역시,의료급여,4등급,29,2025,https://api.odcloud.kr/api/15072696/v1/uddi:d8b661ea-f3eb-4717-8ede-afff5eca1e8a,대전광역시,의료급여
남자,대전광역시,의료급여,5등급,8,2025,https://api.odcloud.kr/api/15072696/v1/uddi:d8b661ea-f3eb-4717-8ede-afff5eca1e8a,대전광역시,의료급여
남자,대전광역시,의료급여,인지지원등급,1,2025,https://api.odcloud.kr/api/15072696/v1/uddi:d8b661ea-f3eb-4717-8ede-afff5eca1e8a,대전광역시,의료급여
남자,대전광역시,의료급여,등급외,9,2025,https://api.odcloud.kr/api/15072696/v1/uddi:d8b661ea-f3eb-4717-8ede-afff5eca1e8a,대전광역시,의료급여
남자,대전광역시,기초수급,1등급,78,2025,https://api.odcloud.kr/api/15072696/v1/uddi:d8b661ea-f3eb-4717-8ede-afff5eca1e8a,대전광역시,기초수급
남자,대전광역시,기초수급,2등급,128,2025,https://api.odcloud.kr/api/15072696/v1/uddi:d8b661ea-f3eb-4717-8ede-afff5eca1e8a,대전광역시,기초수급
남자,대전광역시,기초수급,3등급,501,2025,https://api.odcloud.kr/api/15072696/v1/uddi:d8b661ea-f3eb-4717-8ede-afff5eca1e8a,대전광역시,기초수급
남자,대전광역시,기초수급,4등급,991,2025,https://api.odcloud.kr/api/15072696/v1/uddi:d8b661ea-f3eb-4717-8ede-afff5eca1e8a,대전광역시,기초수급
남자,대전광역시,기초수급,5등급,288,2025,https://api.odcloud.kr/api/15072696/v1/uddi:d8b661ea-f3eb-4717-8ede-afff5eca1e8a,대전광역시,기초수급
남자,대전광역시,기초수급,인지지원등급,67,2025,https://api.odcloud.kr/api/15072696/v1/uddi:d8b661ea-f3eb-4717-8ede-afff5eca1e8a,대전광역시,기초수급
남자,대전광역시,기초수급,등급외,510,2025,https://api.odcloud.kr/api/15072696/v1/uddi:d8b661ea-f3eb-4717-8ede-afff5eca1e8a,대전광역시,기초수급
여자,대전광역시,일반,1등급,396,2025,https://api.odcloud.kr/api/15072696/v1/uddi:d8b661ea-f3eb-4717-8ede-afff5eca1e8a,대전광역시,일반
여자,대전광역시,일반,2등급,760,2025,https://api.odcloud.kr/api/15072696/v1/uddi:d8b661ea-f3eb-4717-8ede-afff5eca1e8a,대전광역시,일반
여자,대전광역시,일반,3등급,2518,2025,https://api.odcloud.kr/api/15072696/v1/uddi:d8b661ea-f3eb-4717-8ede-afff5eca1e8a,대전광역시,일반
여자,대전광역시,일반,4등급,4285,2025,https://api.odcloud.kr/api/15072696/v1/uddi:d8b661ea-f3eb-4717-8ede-afff5eca1e8a,대전광역시,일반
여자,대전광역시,일반,5등급,1033,2025,https://api.odcloud.kr/api/15072696/v1/uddi:d8b661ea-f3eb-4717-8ede-afff5eca1e8a,대전광역시,일반
여자,대전광역시,일반,인지지원등급,215,2025,https://api.odcloud.kr/api/15072696/v1/uddi:d8b661ea-f3eb-4717-8ede-afff5eca1e8a,대전광역시,일반
여자,대전광역시,일반,등급외,1510,2025,https://api.odcloud.kr/api/15072696/v1/uddi:d8b661ea-f3eb-4717-8ede-afff5eca1e8a,대전광역시,일반
여자,대전광역시,감경,1등급,394,2025,https://api.odcloud.kr/api/15072696/v1/uddi:d8b661ea-f3eb-4717-8ede-afff5eca1e8a,대전광역시,감경
여자,대전광역시,감경,2등급,932,2025,https://api.odcloud.kr/api/15072696/v1/uddi:d8b661ea-f3eb-4717-8ede-afff5eca1e8a,대전광역시,감경
여자,대전광역시,감경,3등급,2706,2025,https://api.odcloud.kr/api/15072696/v1/uddi:d8b661ea-f3eb-4717-8ede-afff5eca1e8a,대전광역시,감경
여자,대전광역시,감경,4등급,4177,2025,https://api.odcloud.kr/api/15072696/v1/uddi:d8b661ea-f3eb-4717-8ede-afff5eca1e8a,대전광역시,감경
여자,대전광역시,감경,5등급,860,2025,https://api.odcloud.kr/api/15072696/v1/uddi:d8b661ea-f3eb-4717-8ede-afff5eca1e8a,대전광역시,감경
여자,대전광역시,감경,인지지원등급,139,2025,https://api.odcloud.kr/api/15072696/v1/uddi:d8b661ea-f3eb-4717-8ede-afff5eca1e8a,대전광역시,감경
여자,대전광역시,감경,등급외,91,2025,https://api.odcloud.kr/api/15072696/v1/uddi:d8b661ea-f3eb-4717-8ede-afff5eca1e8a,대전광역시,감경
여자,대전광역시,의료급여,1등급,14,2025,https://api.odcloud.kr/api/15072696/v1/uddi:d8b661ea-f3eb-4717-8ede-afff5eca1e8a,대전광역시,의료급여
여자,대전광역시,의료급여,2등급,30,2025,https://api.odcloud.kr/api/15072696/v1/uddi:d8b661ea-f3eb-4717-8ede-afff5eca1e8a,대전광역시,의료급여
여자,대전광역시,의료급여,3등급,76,2025,https://api.odcloud.kr/api/15072696/v1/uddi:d8b661ea-f3eb-4717-8ede-afff5eca1e8a,대전광역시,의료급여
여자,대전광역시,의료급여,4등급,97,2025,https://api.odcloud.kr/api/15072696/v1/uddi:d8b661ea-f3eb-4717-8ede-afff5eca1e8a,대전광역시,의료급여
여자,대전광역시,의료급여,5등급,16,2025,https://api.odcloud.kr/api/15072696/v1/uddi:d8b661ea-f3eb-4717-8ede-afff5eca1e8a,대전광역시,의료급여
여자,대전광역시,의료급여,인지지원등급,1,2025,https://api.odcloud.kr/api/15072696/v1/uddi:d8b661ea-f3eb-4717-8ede-afff5eca1e8a,대전광역시,의료급여
여자,대전광역시,의료급여,등급외,10,2025,https://api.odcloud.kr/api/15072696/v1/uddi:d8b661ea-f3eb-4717-8ede-afff5eca1e8a,대전광역시,의료급여
여자,대전광역시,기초수급,1등급,186,2025,https://api.odcloud.kr/api/15072696/v1/uddi:d8b661ea-f3eb-4717-8ede-afff5eca1e8a,대전광역시,기초수급
여자,대전광역시,기초수급,2등급,352,2025,https://api.odcloud.kr/api/15072696/v1/uddi:d8b661ea-f3eb-4717-8ede-afff5eca1e8a,대전광역시,기초수급
여자,대전광역시,기초수급,3등급,984,2025,https://api.odcloud.kr/api/15072696/v1/uddi:d8b661ea-f3eb-4717-8ede-afff5eca1e8a,대전광역시,기초수급
여자,대전광역시,기초수급,4등급,1855,2025,https://api.odcloud.kr/api/15072696/v1/uddi:d8b661ea-f3eb-4717-8ede-afff5eca1e8a,대전광역시,기초수급
여자,대전광역시,기초수급,5등급,402,2025,https://api.odcloud.kr/api/15072696/v1/uddi:d8b661ea-f3eb-4717-8ede-afff5eca1e8a,대전광역시,기초수급
여자,대전광역시,기초수급,인지지원등급,61,2025,https://api.odcloud.kr/api/15072696/v1/uddi:d8b661ea-f3eb-4717-8ede-afff5eca1e8a,대전광역시,기초수급
여자,대전광역시,기초수급,등급외,529,2025,https://api.odcloud.kr/api/15072696/v1/uddi:d8b661ea-f3eb-4717-8ede-afff5eca1e8a,대전광역시,기초수급
남자,울산광역시,일반,1등급,134,2025,https://api.odcloud.kr/api/15072696/v1/uddi:d8b661ea-f3eb-4717-8ede-afff5eca1e8a,울산광역시,일반
남자,울산광역시,일반,2등급,225,2025,https://api.odcloud.kr/api/15072696/v1/uddi:d8b661ea-f3eb-4717-8ede-afff5eca1e8a,울산광역시,일반
남자,울산광역시,일반,3등급,813,2025,https://api.odcloud.kr/api/15072696/v1/uddi:d8b661ea-f3eb-4717-8ede-afff5eca1e8a,울산광역시,일반
남자,울산광역시,일반,4등급,1296,2025,https://api.odcloud.kr/api/15072696/v1/uddi:d8b661ea-f3eb-4717-8ede-afff5eca1e8a,울산광역시,일반
남자,울산광역시,일반,5등급,366,2025,https://api.odcloud.kr/api/15072696/v1/uddi:d8b661ea-f3eb-4717-8ede-afff5eca1e8a,울산광역시,일반
남자,울산광역시,일반,인지지원등급,90,2025,https://api.odcloud.kr/api/15072696/v1/uddi:d8b661ea-f3eb-4717-8ede-afff5eca1e8a,울산광역시,일반
남자,울산광역시,일반,등급외,581,2025,https://api.odcloud.kr/api/15072696/v1/uddi:d8b661ea-f3eb-4717-8ede-afff5eca1e8a,울산광역시,일반
남자,울산광역시,감경,1등급,93,2025,https://api.odcloud.kr/api/15072696/v1/uddi:d8b661ea-f3eb-4717-8ede-afff5eca1e8a,울산광역시,감경
남자,울산광역시,감경,2등급,132,2025,https://api.odcloud.kr/api/15072696/v1/uddi:d8b661ea-f3eb-4717-8ede-afff5eca1e8a,울산광역시,감경
남자,울산광역시,감경,3등급,526,2025,https://api.odcloud.kr/api/15072696/v1/uddi:d8b661ea-f3eb-4717-8ede-afff5eca1e8a,울산광역시,감경
남자,울산광역시,감경,4등급,771,2025,https://api.odcloud.kr/api/15072696/v1/uddi:d8b661ea-f3eb-4717-8ede-afff5eca1e8a,울산광역시,감경
남자,울산광역시,감경,5등급,213,2025,https://api.odcloud.kr/api/15072696/v1/uddi:d8b661ea-f3eb-4717-8ede-afff5eca1e8a,울산광역시,감경
남자,울산광역시,감경,인지지원등급,48,2025,https://api.odcloud.kr/api/15072696/v1/uddi:d8b661ea-f3eb-4717-8ede-afff5eca1e8a,울산광역시,감경
남자,울산광역시,감경,등급외,19,2025,https://api.odcloud.kr/api/15072696/v1/uddi:d8b661ea-f3eb-4717-8ede-afff5eca1e8a,울산광역시,감경
남자,울산광역시,의료급여,1등급,0,2025,https://api.odcloud.kr/api/15072696/v1/uddi:d8b661ea-f3eb-4717-8ede-afff5eca1e8a,울산광역시,의료급여
남자,울산광역시,의료급여,2등급,3,2025,https://api.odcloud.kr/api/15072696/v1/uddi:d8b661ea-f3eb-4717-8ede-afff5eca1e8a,울산광역시,의료급여
남자,울산광역시,의료급여,3등급,13,2025,https://api.odcloud.kr/api/15072696/v1/uddi:d8b661ea-f3eb-4717-8ede-afff5eca1e8a,울산광역시,의료급여
남자,울산광역시,의료급여,4등급,17,2025,https://api.odcloud.kr/api/15072696/v1/uddi:d8b661ea-f3eb-4717-8ede-afff5eca1e8a,울산광역시,의료급여
남자,울산광역시,의료급여,5등급,9,2025,https://api.odcloud.kr/api/15072696/v1/uddi:d8b661ea-f3eb-4717-8ede-afff5eca1e8a,울산광역시,의료급여
남자,울산광역시,의료급여,인지지원등급,0,2025,https://api.odcloud.kr/api/15072696/v1/uddi:d8b661ea-f3eb-4717-8ede-afff5eca1e8a,울산광역시,의료급여
남자,울산광역시,의료급여,등급외,3,2025,https://api.odcloud.kr/api/15072696/v1/uddi:d8b661ea-f3eb-4717-8ede-afff5eca1e8a,울산광역시,의료급여
남자,울산광역시,기초수급,1등급,47,2025,https://api.odcloud.kr/api/15072696/v1/uddi:d8b661ea-f3eb-4717-8ede-afff5eca1e8a,울산광역시,기초수급
남자,울산광역시,기초수급,2등급,65,2025,https://api.odcloud.kr/api/15072696/v1/uddi:d8b661ea-f3eb-4717-8ede-afff5eca1e8a,울산광역시,기초수급
남자,울산광역시,기초수급,3등급,200,2025,https://api.odcloud.kr/api/15072696/v1/uddi:d8b661ea-f3eb-4717-8ede-afff5eca1e8a,울산광역시,기초수급
남자,울산광역시,기초수급,4등급,532,2025,https://api.odcloud.kr/api/15072696/v1/uddi:d8b661ea-f3eb-4717-8ede-afff5eca1e8a,울산광역시,기초수급
남자,울산광역시,기초수급,5등급,163,2025,https://api.odcloud.kr/api/15072696/v1/uddi:d8b661ea-f3eb-4717-8ede-afff5eca1e8a,울산광역시,기초수급
남자,울산광역시,기초수급,인지지원등급,44,2025,https://api.odcloud.kr/api/15072696/v1/uddi:d8b661ea-f3eb-4717-8ede-afff5eca1e8a,울산광역시,기초수급
남자,울산광역시,기초수급,등급외,256,2025,https://api.odcloud.kr/api/15072696/v1/uddi:d8b661ea-f3eb-4717-8ede-afff5eca1e8a,울산광역시,기초수급
여자,울산광역시,일반,1등급,308,2025,https://api.odcloud.kr/api/15072696/v1/uddi:d8b661ea-f3eb-4717-8ede-afff5eca1e8a,울산광역시,일반
여자,울산광역시,일반,2등급,530,2025,https://api.odcloud.kr/api/15072696/v1/uddi:d8b661ea-f3eb-4717-8ede-afff5eca1e8a,울산광역시,일반
여자,울산광역시,일반,3등급,1699,2025,https://api.odcloud.kr/api/15072696/v1/uddi:d8b661ea-f3eb-4717-8ede-afff5eca1e8a,울산광역시,일반
여자,울산광역시,일반,4등급,2868,2025,https://api.odcloud.kr/api/15072696/v1/uddi:d8b661ea-f3eb-4717-8ede-afff5eca1e8a,울산광역시,일반
여자,울산광역시,일반,5등급,756,2025,https://api.odcloud.kr/api/15072696/v1/uddi:d8b661ea-f3eb-4717-8ede-afff5eca1e8a,울산광역시,일반
여자,울산광역시,일반,인지지원등급,201,2025,https://api.odcloud.kr/api/15072696/v1/uddi:d8b661ea-f3eb-4717-8ede-afff5eca1e8a,울산광역시,일반
여자,울산광역시,일반,등급외,1022,2025,https://api.odcloud.kr/api/15072696/v1/uddi:d8b661ea-f3eb-4717-8ede-afff5eca1e8a,울산광역시,일반
여자,울산광역시,감경,1등급,264,2025,https://api.odcloud.kr/api/15072696/v1/uddi:d8b661ea-f3eb-4717-8ede-afff5eca1e8a,울산광역시,감경
여자,울산광역시,감경,2등급,459,2025,https://api.odcloud.kr/api/15072696/v1/uddi:d8b661ea-f3eb-4717-8ede-afff5eca1e8a,울산광역시,감경
여자,울산광역시,감경,3등급,1301,2025,https://api.odcloud.kr/api/15072696/v1/uddi:d8b661ea-f3eb-4717-8ede-afff5eca1e8a,울산광역시,감경
여자,울산광역시,감경,4등급,2006,2025,https://api.odcloud.kr/api/15072696/v1/uddi:d8b661ea-f3eb-4717-8ede-afff5eca1e8a,울산광역시,감경
여자,울산광역시,감경,5등급,503,2025,https://api.odcloud.kr/api/15072696/v1/uddi:d8b661ea-f3eb-4717-8ede-afff5eca1e8a,울산광역시,감경
여자,울산광역시,감경,인지지원등급,122,2025,https://api.odcloud.kr/api/15072696/v1/uddi:d8b661ea-f3eb-4717-8ede-afff5eca1e8a,울산광역시,감경
여자,울산광역시,감경,등급외,38,2025,https://api.odcloud.kr/api/15072696/v1/uddi:d8b661ea-f3eb-4717-8ede-afff5eca1e8a,울산광역시,감경
여자,울산광역시,의료급여,1등급,5,2025,https://api.odcloud.kr/api/15072696/v1/uddi:d8b661ea-f3eb-4717-8ede-afff5eca1e8a,울산광역시,의료급여
여자,울산광역시,의료급여,2등급,13,2025,https://api.odcloud.kr/api/15072696/v1/uddi:d8b661ea-f3eb-4717-8ede-afff5eca1e8a,울산광역시,의료급여
여자,울산광역시,의료급여,3등급,31,2025,https://api.odcloud.kr/api/15072696/v1/uddi:d8b661ea-f3eb-4717-8ede-afff5eca1e8a,울산광역시,의료급여
여자,울산광역시,의료급여,4등급,60,2025,https://api.odcloud.kr/api/15072696/v1/uddi:d8b661ea-f3eb-4717-8ede-afff5eca1e8a,울산광역시,의료급여
여자,울산광역시,의료급여,5등급,9,2025,https://api.odcloud.kr/api/15072696/v1/uddi:d8b661ea-f3eb-4717-8ede-afff5eca1e8a,울산광역시,의료급여
여자,울산광역시,의료급여,인지지원등급,4,2025,https://api.odcloud.kr/api/15072696/v1/uddi:d8b661ea-f3eb-4717-8ede-afff5eca1e8a,울산광역시,의료급여
여자,울산광역시,의료급여,등급외,7,2025,https://api.odcloud.kr/api/15072696/v1/uddi:d8b661ea-f3eb-4717-8ede-afff5eca1e8a,울산광역시,의료급여
여자,울산광역시,기초수급,1등급,78,2025,https://api.odcloud.kr/api/15072696/v1/uddi:d8b661ea-f3eb-4717-8ede-afff5eca1e8a,울산광역시,기초수급
여자,울산광역시,기초수급,2등급,173,2025,https://api.odcloud.kr/api/15072696/v1/uddi:d8b661ea-f3eb-4717-8ede-afff5eca1e8a,울산광역시,기초수급
여자,울산광역시,기초수급,3등급,455,2025,https://api.odcloud.kr/api/15072696/v1/uddi:d8b661ea-f3eb-4717-8ede-afff5eca1e8a,울산광역시,기초수급
여자,울산광역시,기초수급,4등급,960,2025,https://api.odcloud.kr/api/15072696/v1/uddi:d8b661ea-f3eb-4717-8ede-afff5eca1e8a,울산광역시,기초수급
여자,울산광역시,기초수급,5등급,215,2025,https://api.odcloud.kr/api/15072696/v1/uddi:d8b661ea-f3eb-4717-8ede-afff5eca1e8a,울산광역시,기초수급
여자,울산광역시,기초수급,인지지원등급,54,2025,https://api.odcloud.kr/api/15072696/v1/uddi:d8b661ea-f3eb-4717-8ede-afff5eca1e8a,울산광역시,기초수급
여자,울산광역시,기초수급,등급외,274,2025,https://api.odcloud.kr/api/15072696/v1/uddi:d8b661ea-f3eb-4717-8ede-afff5eca1e8a,울산광역시,기초수급
남자,세종특별자치시,일반,1등급,42,2025,https://api.odcloud.kr/api/15072696/v1/uddi:d8b661ea-f3eb-4717-8ede-afff5eca1e8a,세종특별자치시,일반
남자,세종특별자치시,일반,2등급,52,2025,https://api.odcloud.kr/api/15072696/v1/uddi:d8b661ea-f3eb-4717-8ede-afff5eca1e8a,세종특별자치시,일반
남자,세종특별자치시,일반,3등급,199,2025,https://api.odcloud.kr/api/15072696/v1/uddi:d8b661ea-f3eb-4717-8ede-afff5eca1e8a,세종특별자치시,일반
남자,세종특별자치시,일반,4등급,410,2025,https://api.odcloud.kr/api/15072696/v1/uddi:d8b661ea-f3eb-4717-8ede-afff5eca1e8a,세종특별자치시,일반
남자,세종특별자치시,일반,5등급,142,2025,https://api.odcloud.kr/api/15072696/v1/uddi:d8b661ea-f3eb-4717-8ede-afff5eca1e8a,세종특별자치시,일반
남자,세종특별자치시,일반,인지지원등급,29,2025,https://api.odcloud.kr/api/15072696/v1/uddi:d8b661ea-f3eb-4717-8ede-afff5eca1e8a,세종특별자치시,일반
남자,세종특별자치시,일반,등급외,148,2025,https://api.odcloud.kr/api/15072696/v1/uddi:d8b661ea-f3eb-4717-8ede-afff5eca1e8a,세종특별자치시,일반
남자,세종특별자치시,감경,1등급,13,2025,https://api.odcloud.kr/api/15072696/v1/uddi:d8b661ea-f3eb-4717-8ede-afff5eca1e8a,세종특별자치시,감경
남자,세종특별자치시,감경,2등급,37,2025,https://api.odcloud.kr/api/15072696/v1/uddi:d8b661ea-f3eb-4717-8ede-afff5eca1e8a,세종특별자치시,감경
남자,세종특별자치시,감경,3등급,119,2025,https://api.odcloud.kr/api/15072696/v1/uddi:d8b661ea-f3eb-4717-8ede-afff5eca1e8a,세종특별자치시,감경
남자,세종특별자치시,감경,4등급,197,2025,https://api.odcloud.kr/api/15072696/v1/uddi:d8b661ea-f3eb-4717-8ede-afff5eca1e8a,세종특별자치시,감경
남자,세종특별자치시,감경,5등급,63,2025,https://api.odcloud.kr/api/15072696/v1/uddi:d8b661ea-f3eb-4717-8ede-afff5eca1e8a,세종특별자치시,감경
남자,세종특별자치시,감경,인지지원등급,13,2025,https://api.odcloud.kr/api/15072696/v1/uddi:d8b661ea-f3eb-4717-8ede-afff5eca1e8a,세종특별자치시,감경
남자,세종특별자치시,감경,등급외,2,2025,https://api.odcloud.kr/api/15072696/v1/uddi:d8b661ea-f3eb-4717-8ede-afff5eca1e8a,세종특별자치시,감경
남자,세종특별자치시,의료급여,1등급,1,2025,https://api.odcloud.kr/api/15072696/v1/uddi:d8b661ea-f3eb-4717-8ede-afff5eca1e8a,세종특별자치시,의료급여
남자,세종특별자치시,의료급여,2등급,1,2025,https://api.odcloud.kr/api/15072696/v1/uddi:d8b661ea-f3eb-4717-8ede-afff5eca1e8a,세종특별자치시,의료급여
남자,세종특별자치시,의료급여,3등급,1,2025,https://api.odcloud.kr/api/15072696/v1/uddi:d8b661ea-f3eb-4717-8ede-afff5eca1e8a,세종특별자치시,의료급여
남자,세종특별자치시,의료급여,4등급,4,2025,https://api.odcloud.kr/api/15072696/v1/uddi:d8b661ea-f3eb-4717-8ede-afff5eca1e8a,세종특별자치시,의료급여
남자,세종특별자치시,의료급여,5등급,2,2025,https://api.odcloud.kr/api/15072696/v1/uddi:d8b661ea-f3eb-4717-8ede-afff5eca1e8a,세종특별자치시,의료급여
남자,세종특별자치시,의료급여,인지지원등급,0,2025,https://api.odcloud.kr/api/15072696/v1/uddi:d8b661ea-f3eb-4717-8ede-afff5eca1e8a,세종특별자치시,의료급여
남자,세종특별자치시,의료급여,등급외,0,2025,https://api.odcloud.kr/api/15072696/v1/uddi:d8b661ea-f3eb-4717-8ede-afff5eca1e8a,세종특별자치시,의료급여
남자,세종특별자치시,기초수급,1등급,6,2025,https://api.odcloud.kr/api/15072696/v1/uddi:d8b661ea-f3eb-4717-8ede-afff5eca1e8a,세종특별자치시,기초수급
남자,세종특별자치시,기초수급,2등급,10,2025,https://api.odcloud.kr/api/15072696/v1/uddi:d8b661ea-f3eb-4717-8ede-afff5eca1e8a,세종특별자치시,기초수급
남자,세종특별자치시,기초수급,3등급,36,2025,https://api.odcloud.kr/api/15072696/v1/uddi:d8b661ea-f3eb-4717-8ede-afff5eca1e8a,세종특별자치시,기초수급
남자,세종특별자치시,기초수급,4등급,67,2025,https://api.odcloud.kr/api/15072696/v1/uddi:d8b661ea-f3eb-4717-8ede-afff5eca1e8a,세종특별자치시,기초수급
남자,세종특별자치시,기초수급,5등급,19,2025,https://api.odcloud.kr/api/15072696/v1/uddi:d8b661ea-f3eb-4717-8ede-afff5eca1e8a,세종특별자치시,기초수급
남자,세종특별자치시,기초수급,인지지원등급,15,2025,https://api.odcloud.kr/api/15072696/v1/uddi:d8b661ea-f3eb-4717-8ede-afff5eca1e8a,세종특별자치시,기초수급
남자,세종특별자치시,기초수급,등급외,30,2025,https://api.odcloud.kr/api/15072696/v1/uddi:d8b661ea-f3eb-4717-8ede-afff5eca1e8a,세종특별자치시,기초수급
여자,세종특별자치시,일반,1등급,99,2025,https://api.odcloud.kr/api/15072696/v1/uddi:d8b661ea-f3eb-4717-8ede-afff5eca1e8a,세종특별자치시,일반
여자,세종특별자치시,일반,2등급,167,2025,https://api.odcloud.kr/api/15072696/v1/uddi:d8b661ea-f3eb-4717-8ede-afff5eca1e8a,세종특별자치시,일반
여자,세종특별자치시,일반,3등급,468,2025,https://api.odcloud.kr/api/15072696/v1/uddi:d8b661ea-f3eb-4717-8ede-afff5eca1e8a,세종특별자치시,일반
여자,세종특별자치시,일반,4등급,863,2025,https://api.odcloud.kr/api/15072696/v1/uddi:d8b661ea-f3eb-4717-8ede-afff5eca1e8a,세종특별자치시,일반
여자,세종특별자치시,일반,5등급,287,2025,https://api.odcloud.kr/api/15072696/v1/uddi:d8b661ea-f3eb-4717-8ede-afff5eca1e8a,세종특별자치시,일반
여자,세종특별자치시,일반,인지지원등급,61,2025,https://api.odcloud.kr/api/15072696/v1/uddi:d8b661ea-f3eb-4717-8ede-afff5eca1e8a,세종특별자치시,일반
여자,세종특별자치시,일반,등급외,248,2025,https://api.odcloud.kr/api/15072696/v1/uddi:d8b661ea-f3eb-4717-8ede-afff5eca1e8a,세종특별자치시,일반
여자,세종특별자치시,감경,1등급,71,2025,https://api.odcloud.kr/api/15072696/v1/uddi:d8b661ea-f3eb-4717-8ede-afff5eca1e8a,세종특별자치시,감경
여자,세종특별자치시,감경,2등급,120,2025,https://api.odcloud.kr/api/15072696/v1/uddi:d8b661ea-f3eb-4717-8ede-afff5eca1e8a,세종특별자치시,감경
여자,세종특별자치시,감경,3등급,336,2025,https://api.odcloud.kr/api/15072696/v1/uddi:d8b661ea-f3eb-4717-8ede-afff5eca1e8a,세종특별자치시,감경
여자,세종특별자치시,감경,4등급,588,2025,https://api.odcloud.kr/api/15072696/v1/uddi:d8b661ea-f3eb-4717-8ede-afff5eca1e8a,세종특별자치시,감경
여자,세종특별자치시,감경,5등급,176,2025,https://api.odcloud.kr/api/15072696/v1/uddi:d8b661ea-f3eb-4717-8ede-afff5eca1e8a,세종특별자치시,감경
여자,세종특별자치시,감경,인지지원등급,39,2025,https://api.odcloud.kr/api/15072696/v1/uddi:d8b661ea-f3eb-4717-8ede-afff5eca1e8a,세종특별자치시,감경
여자,세종특별자치시,감경,등급외,12,2025,https://api.odcloud.kr/api/15072696/v1/uddi:d8b661ea-f3eb-4717-8ede-afff5eca1e8a,세종특별자치시,감경
여자,세종특별자치시,의료급여,1등급,2,2025,https://api.odcloud.kr/api/15072696/v1/uddi:d8b661ea-f3eb-4717-8ede-afff5eca1e8a,세종특별자치시,의료급여
여자,세종특별자치시,의료급여,2등급,4,2025,https://api.odcloud.kr/api/15072696/v1/uddi:d8b661ea-f3eb-4717-8ede-afff5eca1e8a,세종특별자치시,의료급여
여자,세종특별자치시,의료급여,3등급,8,2025,https://api.odcloud.kr/api/15072696/v1/uddi:d8b661ea-f3eb-4717-8ede-afff5eca1e8a,세종특별자치시,의료급여
여자,세종특별자치시,의료급여,4등급,9,2025,https://api.odcloud.kr/api/15072696/v1/uddi:d8b661ea-f3eb-4717-8ede-afff5eca1e8a,세종특별자치시,의료급여
여자,세종특별자치시,의료급여,5등급,4,2025,https://api.odcloud.kr/api/15072696/v1/uddi:d8b661ea-f3eb-4717-8ede-afff5eca1e8a,세종특별자치시,의료급여
여자,세종특별자치시,의료급여,인지지원등급,0,2025,https://api.odcloud.kr/api/15072696/v1/uddi:d8b661ea-f3eb-4717-8ede-afff5eca1e8a,세종특별자치시,의료급여
여자,세종특별자치시,의료급여,등급외,2,2025,https://api.odcloud.kr/api/15072696/v1/uddi:d8b661ea-f3eb-4717-8ede-afff5eca1e8a,세종특별자치시,의료급여
여자,세종특별자치시,기초수급,1등급,7,2025,https://api.odcloud.kr/api/15072696/v1/uddi:d8b661ea-f3eb-4717-8ede-afff5eca1e8a,세종특별자치시,기초수급
여자,세종특별자치시,기초수급,2등급,40,2025,https://api.odcloud.kr/api/15072696/v1/uddi:d8b661ea-f3eb-4717-8ede-afff5eca1e8a,세종특별자치시,기초수급
여자,세종특별자치시,기초수급,3등급,74,2025,https://api.odcloud.kr/api/15072696/v1/uddi:d8b661ea-f3eb-4717-8ede-afff5eca1e8a,세종특별자치시,기초수급
여자,세종특별자치시,기초수급,4등급,147,2025,https://api.odcloud.kr/api/15072696/v1/uddi:d8b661ea-f3eb-4717-8ede-afff5eca1e8a,세종특별자치시,기초수급
여자,세종특별자치시,기초수급,5등급,50,2025,https://api.odcloud.kr/api/15072696/v1/uddi:d8b661ea-f3eb-4717-8ede-afff5eca1e8a,세종특별자치시,기초수급
여자,세종특별자치시,기초수급,인지지원등급,19,2025,https://api.odcloud.kr/api/15072696/v1/uddi:d8b661ea-f3eb-4717-8ede-afff5eca1e8a,세종특별자치시,기초수급
여자,세종특별자치시,기초수급,등급외,37,2025,https://api.odcloud.kr/api/15072696/v1/uddi:d8b661ea-f3eb-4717-8ede-afff5eca1e8a,세종특별자치시,기초수급
남자,경기도,일반,1등급,1823,2025,https://api.odcloud.kr/api/15072696/v1/uddi:d8b661ea-f3eb-4717-8ede-afff5eca1e8a,경기도,일반
남자,경기도,일반,2등급,2809,2025,https://api.odcloud.kr/api/15072696/v1/uddi:d8b661ea-f3eb-4717-8ede-afff5eca1e8a,경기도,일반
남자,경기도,일반,3등급,10795,2025,https://api.odcloud.kr/api/15072696/v1/uddi:d8b661ea-f3eb-4717-8ede-afff5eca1e8a,경기도,일반
남자,경기도,일반,4등급,17163,2025,https://api.odcloud.kr/api/15072696/v1/uddi:d8b661ea-f3eb-4717-8ede-afff5eca1e8a,경기도,일반
남자,경기도,일반,5등급,4597,2025,https://api.odcloud.kr/api/15072696/v1/uddi:d8b661ea-f3eb-4717-8ede-afff5eca1e8a,경기도,일반
남자,경기도,일반,인지지원등급,1201,2025,https://api.odcloud.kr/api/15072696/v1/uddi:d8b661ea-f3eb-4717-8ede-afff5eca1e8a,경기도,일반
남자,경기도,일반,등급외,6712,2025,https://api.odcloud.kr/api/15072696/v1/uddi:d8b661ea-f3eb-4717-8ede-afff5eca1e8a,경기도,일반
남자,경기도,감경,1등급,1136,2025,https://api.odcloud.kr/api/15072696/v1/uddi:d8b661ea-f3eb-4717-8ede-afff5eca1e8a,경기도,감경
남자,경기도,감경,2등급,1944,2025,https://api.odcloud.kr/api/15072696/v1/uddi:d8b661ea-f3eb-4717-8ede-afff5eca1e8a,경기도,감경
남자,경기도,감경,3등급,8103,2025,https://api.odcloud.kr/api/15072696/v1/uddi:d8b661ea-f3eb-4717-8ede-afff5eca1e8a,경기도,감경
남자,경기도,감경,4등급,12832,2025,https://api.odcloud.kr/api/15072696/v1/uddi:d8b661ea-f3eb-4717-8ede-afff5eca1e8a,경기도,감경
남자,경기도,감경,5등급,3520,2025,https://api.odcloud.kr/api/15072696/v1/uddi:d8b661ea-f3eb-4717-8ede-afff5eca1e8a,경기도,감경
남자,경기도,감경,인지지원등급,876,2025,https://api.odcloud.kr/api/15072696/v1/uddi:d8b661ea-f3eb-4717-8ede-afff5eca1e8a,경기도,감경
남자,경기도,감경,등급외,317,2025,https://api.odcloud.kr/api/15072696/v1/uddi:d8b661ea-f3eb-4717-8ede-afff5eca1e8a,경기도,감경
남자,경기도,의료급여,1등급,19,2025,https://api.odcloud.kr/api/15072696/v1/uddi:d8b661ea-f3eb-4717-8ede-afff5eca1e8a,경기도,의료급여
남자,경기도,의료급여,2등급,46,2025,https://api.odcloud.kr/api/15072696/v1/uddi:d8b661ea-f3eb-4717-8ede-afff5eca1e8a,경기도,의료급여
남자,경기도,의료급여,3등급,137,2025,https://api.odcloud.kr/api/15072696/v1/uddi:d8b661ea-f3eb-4717-8ede-afff5eca1e8a,경기도,의료급여
남자,경기도,의료급여,4등급,237,2025,https://api.odcloud.kr/api/15072696/v1/uddi:d8b661ea-f3eb-4717-8ede-afff5eca1e8a,경기도,의료급여
남자,경기도,의료급여,5등급,57,2025,https://api.odcloud.kr/api/15072696/v1/uddi:d8b661ea-f3eb-4717-8ede-afff5eca1e8a,경기도,의료급여
남자,경기도,의료급여,인지지원등급,10,2025,https://api.odcloud.kr/api/15072696/v1/uddi:d8b661ea-f3eb-4717-8ede-afff5eca1e8a,경기도,의료급여
남자,경기도,의료급여,등급외,61,2025,https://api.odcloud.kr/api/15072696/v1/uddi:d8b661ea-f3eb-4717-8ede-afff5eca1e8a,경기도,의료급여
남자,경기도,기초수급,1등급,718,2025,https://api.odcloud.kr/api/15072696/v1/uddi:d8b661ea-f3eb-4717-8ede-afff5eca1e8a,경기도,기초수급
남자,경기도,기초수급,2등급,1104,2025,https://api.odcloud.kr/api/15072696/v1/uddi:d8b661ea-f3eb-4717-8ede-afff5eca1e8a,경기도,기초수급
남자,경기도,기초수급,3등급,3705,2025,https://api.odcloud.kr/api/15072696/v1/uddi:d8b661ea-f3eb-4717-8ede-afff5eca1e8a,경기도,기초수급
남자,경기도,기초수급,4등급,6923,2025,https://api.odcloud.kr/api/15072696/v1/uddi:d8b661ea-f3eb-4717-8ede-afff5eca1e8a,경기도,기초수급
남자,경기도,기초수급,5등급,1995,2025,https://api.odcloud.kr/api/15072696/v1/uddi:d8b661ea-f3eb-4717-8ede-afff5eca1e8a,경기도,기초수급
남자,경기도,기초수급,인지지원등급,510,2025,https://api.odcloud.kr/api/15072696/v1/uddi:d8b661ea-f3eb-4717-8ede-afff5eca1e8a,경기도,기초수급
남자,경기도,기초수급,등급외,2633,2025,https://api.odcloud.kr/api/15072696/v1/uddi:d8b661ea-f3eb-4717-8ede-afff5eca1e8a,경기도,기초수급
여자,경기도,일반,1등급,4414,2025,https://api.odcloud.kr/api/15072696/v1/uddi:d8b661ea-f3eb-4717-8ede-afff5eca1e8a,경기도,일반
여자,경기도,일반,2등급,6964,2025,https://api.odcloud.kr/api/15072696/v1/uddi:d8b661ea-f3eb-4717-8ede-afff5eca1e8a,경기도,일반
여자,경기도,일반,3등급,22808,2025,https://api.odcloud.kr/api/15072696/v1/uddi:d8b661ea-f3eb-4717-8ede-afff5eca1e8a,경기도,일반
여자,경기도,일반,4등급,35791,2025,https://api.odcloud.kr/api/15072696/v1/uddi:d8b661ea-f3eb-4717-8ede-afff5eca1e8a,경기도,일반
여자,경기도,일반,5등급,9130,2025,https://api.odcloud.kr/api/15072696/v1/uddi:d8b661ea-f3eb-4717-8ede-afff5eca1e8a,경기도,일반
여자,경기도,일반,인지지원등급,2505,2025,https://api.odcloud.kr/api/15072696/v1/uddi:d8b661ea-f3eb-4717-8ede-afff5eca1e8a,경기도,일반
여자,경기도,일반,등급외,11977,2025,https://api.odcloud.kr/api/15072696/v1/uddi:d8b661ea-f3eb-4717-8ede-afff5eca1e8a,경기도,일반
여자,경기도,감경,1등급,3900,2025,https://api.odcloud.kr/api/15072696/v1/uddi:d8b661ea-f3eb-4717-8ede-afff5eca1e8a,경기도,감경
여자,경기도,감경,2등급,6807,2025,https://api.odcloud.kr/api/15072696/v1/uddi:d8b661ea-f3eb-4717-8ede-afff5eca1e8a,경기도,감경
여자,경기도,감경,3등급,21377,2025,https://api.odcloud.kr/api/15072696/v1/uddi:d8b661ea-f3eb-4717-8ede-afff5eca1e8a,경기도,감경
여자,경기도,감경,4등급,31429,2025,https://api.odcloud.kr/api/15072696/v1/uddi:d8b661ea-f3eb-4717-8ede-afff5eca1e8a,경기도,감경
여자,경기도,감경,5등급,7588,2025,https://api.odcloud.kr/api/15072696/v1/uddi:d8b661ea-f3eb-4717-8ede-afff5eca1e8a,경기도,감경
여자,경기도,감경,인지지원등급,1882,2025,https://api.odcloud.kr/api/15072696/v1/uddi:d8b661ea-f3eb-4717-8ede-afff5eca1e8a,경기도,감경
여자,경기도,감경,등급외,604,2025,https://api.odcloud.kr/api/15072696/v1/uddi:d8b661ea-f3eb-4717-8ede-afff5eca1e8a,경기도,감경
여자,경기도,의료급여,1등급,63,2025,https://api.odcloud.kr/api/15072696/v1/uddi:d8b661ea-f3eb-4717-8ede-afff5eca1e8a,경기도,의료급여
여자,경기도,의료급여,2등급,124,2025,https://api.odcloud.kr/api/15072696/v1/uddi:d8b661ea-f3eb-4717-8ede-afff5eca1e8a,경기도,의료급여
여자,경기도,의료급여,3등급,504,2025,https://api.odcloud.kr/api/15072696/v1/uddi:d8b661ea-f3eb-4717-8ede-afff5eca1e8a,경기도,의료급여
여자,경기도,의료급여,4등급,695,2025,https://api.odcloud.kr/api/15072696/v1/uddi:d8b661ea-f3eb-4717-8ede-afff5eca1e8a,경기도,의료급여
여자,경기도,의료급여,5등급,143,2025,https://api.odcloud.kr/api/15072696/v1/uddi:d8b661ea-f3eb-4717-8ede-afff5eca1e8a,경기도,의료급여
여자,경기도,의료급여,인지지원등급,32,2025,https://api.odcloud.kr/api/15072696/v1/uddi:d8b661ea-f3eb-4717-8ede-afff5eca1e8a,경기도,의료급여
여자,경기도,의료급여,등급외,92,2025,https://api.odcloud.kr/api/15072696/v1/uddi:d8b661ea-f3eb-4717-8ede-afff5eca1e8a,경기도,의료급여
여자,경기도,기초수급,1등급,1651,2025,https://api.odcloud.kr/api/15072696/v1/uddi:d8b661ea-f3eb-4717-8ede-afff5eca1e8a,경기도,기초수급
여자,경기도,기초수급,2등급,2638,2025,https://api.odcloud.kr/api/15072696/v1/uddi:d8b661ea-f3eb-4717-8ede-afff5eca1e8a,경기도,기초수급
여자,경기도,기초수급,3등급,7828,2025,https://api.odcloud.kr/api/15072696/v1/uddi:d8b661ea-f3eb-4717-8ede-afff5eca1e8a,경기도,기초수급
여자,경기도,기초수급,4등급,12720,2025,https://api.odcloud.kr/api/15072696/v1/uddi:d8b661ea-f3eb-4717-8ede-afff5eca1e8a,경기도,기초수급
여자,경기도,기초수급,5등급,3010,2025,https://api.odcloud.kr/api/15072696/v1/uddi:d8b661ea-f3eb-4717-8ede-afff5eca1e8a,경기도,기초수급
여자,경기도,기초수급,인지지원등급,610,2025,https://api.odcloud.kr/api/15072696/v1/uddi:d8b661ea-f3eb-4717-8ede-afff5eca1e8a,경기도,기초수급
여자,경기도,기초수급,등급외,2982,2025,https://api.odcloud.kr/api/15072696/v1/uddi:d8b661ea-f3eb-4717-8ede-afff5eca1e8a,경기도,기초수급
남자,강원특별자치도,일반,1등급,302,2025,https://api.odcloud.kr/api/15072696/v1/uddi:d8b661ea-f3eb-4717-8ede-afff5eca1e8a,강원특별자치도,일반
남자,강원특별자치도,일반,2등급,511,2025,https://api.odcloud.kr/api/15072696/v1/uddi:d8b661ea-f3eb-4717-8ede-afff5eca1e8a,강원특별자치도,일반
남자,강원특별자치도,일반,3등급,1726,2025,https://api.odcloud.kr/api/15072696/v1/uddi:d8b661ea-f3eb-4717-8ede-afff5eca1e8a,강원특별자치도,일반
남자,강원특별자치도,일반,4등급,2291,2025,https://api.odcloud.kr/api/15072696/v1/uddi:d8b661ea-f3eb-4717-8ede-afff5eca1e8a,강원특별자치도,일반
남자,강원특별자치도,일반,5등급,434,2025,https://api.odcloud.kr/api/15072696/v1/uddi:d8b661ea-f3eb-4717-8ede-afff5eca1e8a,강원특별자치도,일반
남자,강원특별자치도,일반,인지지원등급,114,2025,https://api.odcloud.kr/api/15072696/v1/uddi:d8b661ea-f3eb-4717-8ede-afff5eca1e8a,강원특별자치도,일반
남자,강원특별자치도,일반,등급외,1136,2025,https://api.odcloud.kr/api/15072696/v1/uddi:d8b661ea-f3eb-4717-8ede-afff5eca1e8a,강원특별자치도,일반
남자,강원특별자치도,감경,1등급,269,2025,https://api.odcloud.kr/api/15072696/v1/uddi:d8b661ea-f3eb-4717-8ede-afff5eca1e8a,강원특별자치도,감경
남자,강원특별자치도,감경,2등급,550,2025,https://api.odcloud.kr/api/15072696/v1/uddi:d8b661ea-f3eb-4717-8ede-afff5eca1e8a,강원특별자치도,감경
남자,강원특별자치도,감경,3등급,1692,2025,https://api.odcloud.kr/api/15072696/v1/uddi:d8b661ea-f3eb-4717-8ede-afff5eca1e8a,강원특별자치도,감경
남자,강원특별자치도,감경,4등급,2041,2025,https://api.odcloud.kr/api/15072696/v1/uddi:d8b661ea-f3eb-4717-8ede-afff5eca1e8a,강원특별자치도,감경
남자,강원특별자치도,감경,5등급,372,2025,https://api.odcloud.kr/api/15072696/v1/uddi:d8b661ea-f3eb-4717-8ede-afff5eca1e8a,강원특별자치도,감경
남자,강원특별자치도,감경,인지지원등급,104,2025,https://api.odcloud.kr/api/15072696/v1/uddi:d8b661ea-f3eb-4717-8ede-afff5eca1e8a,강원특별자치도,감경
남자,강원특별자치도,감경,등급외,58,2025,https://api.odcloud.kr/api/15072696/v1/uddi:d8b661ea-f3eb-4717-8ede-afff5eca1e8a,강원특별자치도,감경
남자,강원특별자치도,의료급여,1등급,6,2025,https://api.odcloud.kr/api/15072696/v1/uddi:d8b661ea-f3eb-4717-8ede-afff5eca1e8a,강원특별자치도,의료급여
남자,강원특별자치도,의료급여,2등급,8,2025,https://api.odcloud.kr/api/15072696/v1/uddi:d8b661ea-f3eb-4717-8ede-afff5eca1e8a,강원특별자치도,의료급여
남자,강원특별자치도,의료급여,3등급,29,2025,https://api.odcloud.kr/api/15072696/v1/uddi:d8b661ea-f3eb-4717-8ede-afff5eca1e8a,강원특별자치도,의료급여
남자,강원특별자치도,의료급여,4등급,49,2025,https://api.odcloud.kr/api/15072696/v1/uddi:d8b661ea-f3eb-4717-8ede-afff5eca1e8a,강원특별자치도,의료급여
남자,강원특별자치도,의료급여,5등급,11,2025,https://api.odcloud.kr/api/15072696/v1/uddi:d8b661ea-f3eb-4717-8ede-afff5eca1e8a,강원특별자치도,의료급여
남자,강원특별자치도,의료급여,인지지원등급,1,2025,https://api.odcloud.kr/api/15072696/v1/uddi:d8b661ea-f3eb-4717-8ede-afff5eca1e8a,강원특별자치도,의료급여
남자,강원특별자치도,의료급여,등급외,11,2025,https://api.odcloud.kr/api/15072696/v1/uddi:d8b661ea-f3eb-4717-8ede-afff5eca1e8a,강원특별자치도,의료급여
남자,강원특별자치도,기초수급,1등급,155,2025,https://api.odcloud.kr/api/15072696/v1/uddi:d8b661ea-f3eb-4717-8ede-afff5eca1e8a,강원특별자치도,기초수급
남자,강원특별자치도,기초수급,2등급,326,2025,https://api.odcloud.kr/api/15072696/v1/uddi:d8b661ea-f3eb-4717-8ede-afff5eca1e8a,강원특별자치도,기초수급
남자,강원특별자치도,기초수급,3등급,783,2025,https://api.odcloud.kr/api/15072696/v1/uddi:d8b661ea-f3eb-4717-8ede-afff5eca1e8a,강원특별자치도,기초수급
남자,강원특별자치도,기초수급,4등급,1178,2025,https://api.odcloud.kr/api/15072696/v1/uddi:d8b661ea-f3eb-4717-8ede-afff5eca1e8a,강원특별자치도,기초수급
남자,강원특별자치도,기초수급,5등급,208,2025,https://api.odcloud.kr/api/15072696/v1/uddi:d8b661ea-f3eb-4717-8ede-afff5eca1e8a,강원특별자치도,기초수급
남자,강원특별자치도,기초수급,인지지원등급,67,2025,https://api.odcloud.kr/api/15072696/v1/uddi:d8b661ea-f3eb-4717-8ede-afff5eca1e8a,강원특별자치도,기초수급
남자,강원특별자치도,기초수급,등급외,552,2025,https://api.odcloud.kr/api/15072696/v1/uddi:d8b661ea-f3eb-4717-8ede-afff5eca1e8a,강원특별자치도,기초수급
여자,강원특별자치도,일반,1등급,652,2025,https://api.odcloud.kr/api/15072696/v1/uddi:d8b661ea-f3eb-4717-8ede-afff5eca1e8a,강원특별자치도,일반
여자,강원특별자치도,일반,2등급,1217,2025,https://api.odcloud.kr/api/15072696/v1/uddi:d8b661ea-f3eb-4717-8ede-afff5eca1e8a,강원특별자치도,일반
여자,강원특별자치도,일반,3등급,3462,2025,https://api.odcloud.kr/api/15072696/v1/uddi:d8b661ea-f3eb-4717-8ede-afff5eca1e8a,강원특별자치도,일반
여자,강원특별자치도,일반,4등급,4682,2025,https://api.odcloud.kr/api/15072696/v1/uddi:d8b661ea-f3eb-4717-8ede-afff5eca1e8a,강원특별자치도,일반
여자,강원특별자치도,일반,5등급,982,2025,https://api.odcloud.kr/api/15072696/v1/uddi:d8b661ea-f3eb-4717-8ede-afff5eca1e8a,강원특별자치도,일반
여자,강원특별자치도,일반,인지지원등급,249,2025,https://api.odcloud.kr/api/15072696/v1/uddi:d8b661ea-f3eb-4717-8ede-afff5eca1e8a,강원특별자치도,일반
여자,강원특별자치도,일반,등급외,1962,2025,https://api.odcloud.kr/api/15072696/v1/uddi:d8b661ea-f3eb-4717-8ede-afff5eca1e8a,강원특별자치도,일반
여자,강원특별자치도,감경,1등급,945,2025,https://api.odcloud.kr/api/15072696/v1/uddi:d8b661ea-f3eb-4717-8ede-afff5eca1e8a,강원특별자치도,감경
여자,강원특별자치도,감경,2등급,1796,2025,https://api.odcloud.kr/api/15072696/v1/uddi:d8b661ea-f3eb-4717-8ede-afff5eca1e8a,강원특별자치도,감경
여자,강원특별자치도,감경,3등급,4836,2025,https://api.odcloud.kr/api/15072696/v1/uddi:d8b661ea-f3eb-4717-8ede-afff5eca1e8a,강원특별자치도,감경
여자,강원특별자치도,감경,4등급,5890,2025,https://api.odcloud.kr/api/15072696/v1/uddi:d8b661ea-f3eb-4717-8ede-afff5eca1e8a,강원특별자치도,감경
여자,강원특별자치도,감경,5등급,1014,2025,https://api.odcloud.kr/api/15072696/v1/uddi:d8b661ea-f3eb-4717-8ede-afff5eca1e8a,강원특별자치도,감경
여자,강원특별자치도,감경,인지지원등급,241,2025,https://api.odcloud.kr/api/15072696/v1/uddi:d8b661ea-f3eb-4717-8ede-afff5eca1e8a,강원특별자치도,감경
여자,강원특별자치도,감경,등급외,136,2025,https://api.odcloud.kr/api/15072696/v1/uddi:d8b661ea-f3eb-4717-8ede-afff5eca1e8a,강원특별자치도,감경
여자,강원특별자치도,의료급여,1등급,25,2025,https://api.odcloud.kr/api/15072696/v1/uddi:d8b661ea-f3eb-4717-8ede-afff5eca1e8a,강원특별자치도,의료급여
여자,강원특별자치도,의료급여,2등급,55,2025,https://api.odcloud.kr/api/15072696/v1/uddi:d8b661ea-f3eb-4717-8ede-afff5eca1e8a,강원특별자치도,의료급여
여자,강원특별자치도,의료급여,3등급,147,2025,https://api.odcloud.kr/api/15072696/v1/uddi:d8b661ea-f3eb-4717-8ede-afff5eca1e8a,강원특별자치도,의료급여
여자,강원특별자치도,의료급여,4등급,168,2025,https://api.odcloud.kr/api/15072696/v1/uddi:d8b661ea-f3eb-4717-8ede-afff5eca1e8a,강원특별자치도,의료급여
여자,강원특별자치도,의료급여,5등급,27,2025,https://api.odcloud.kr/api/15072696/v1/uddi:d8b661ea-f3eb-4717-8ede-afff5eca1e8a,강원특별자치도,의료급여
여자,강원특별자치도,의료급여,인지지원등급,7,2025,https://api.odcloud.kr/api/15072696/v1/uddi:d8b661ea-f3eb-4717-8ede-afff5eca1e8a,강원특별자치도,의료급여
여자,강원특별자치도,의료급여,등급외,33,2025,https://api.odcloud.kr/api/15072696/v1/uddi:d8b661ea-f3eb-4717-8ede-afff5eca1e8a,강원특별자치도,의료급여
여자,강원특별자치도,기초수급,1등급,381,2025,https://api.odcloud.kr/api/15072696/v1/uddi:d8b661ea-f3eb-4717-8ede-afff5eca1e8a,강원특별자치도,기초수급
여자,강원특별자치도,기초수급,2등급,605,2025,https://api.odcloud.kr/api/15072696/v1/uddi:d8b661ea-f3eb-4717-8ede-afff5eca1e8a,강원특별자치도,기초수급
여자,강원특별자치도,기초수급,3등급,1590,2025,https://api.odcloud.kr/api/15072696/v1/uddi:d8b661ea-f3eb-4717-8ede-afff5eca1e8a,강원특별자치도,기초수급
여자,강원특별자치도,기초수급,4등급,2119,2025,https://api.odcloud.kr/api/15072696/v1/uddi:d8b661ea-f3eb-4717-8ede-afff5eca1e8a,강원특별자치도,기초수급
여자,강원특별자치도,기초수급,5등급,385,2025,https://api.odcloud.kr/api/15072696/v1/uddi:d8b661ea-f3eb-4717-8ede-afff5eca1e8a,강원특별자치도,기초수급
여자,강원특별자치도,기초수급,인지지원등급,79,2025,https://api.odcloud.kr/api/15072696/v1/uddi:d8b661ea-f3eb-4717-8ede-afff5eca1e8a,강원특별자치도,기초수급
여자,강원특별자치도,기초수급,등급외,585,2025,https://api.odcloud.kr/api/15072696/v1/uddi:d8b661ea-f3eb-4717-8ede-afff5eca1e8a,강원특별자치도,기초수급
남자,충청북도,일반,1등급,225,2025,https://api.odcloud.kr/api/15072696/v1/uddi:d8b661ea-f3eb-4717-8ede-afff5eca1e8a,충청북도,일반
남자,충청북도,일반,2등급,346,2025,https://api.odcloud.kr/api/15072696/v1/uddi:d8b661ea-f3eb-4717-8ede-afff5eca1e8a,충청북도,일반
남자,충청북도,일반,3등급,1395,2025,https://api.odcloud.kr/api/15072696/v1/uddi:d8b661ea-f3eb-4717-8ede-afff5eca1e8a,충청북도,일반
남자,충청북도,일반,4등급,2554,2025,https://api.odcloud.kr/api/15072696/v1/uddi:d8b661ea-f3eb-4717-8ede-afff5eca1e8a,충청북도,일반
남자,충청북도,일반,5등급,859,2025,https://api.odcloud.kr/api/15072696/v1/uddi:d8b661ea-f3eb-4717-8ede-afff5eca1e8a,충청북도,일반
남자,충청북도,일반,인지지원등급,213,2025,https://api.odcloud.kr/api/15072696/v1/uddi:d8b661ea-f3eb-4717-8ede-afff5eca1e8a,충청북도,일반
남자,충청북도,일반,등급외,1092,2025,https://api.odcloud.kr/api/15072696/v1/uddi:d8b661ea-f3eb-4717-8ede-afff5eca1e8a,충청북도,일반
남자,충청북도,감경,1등급,214,2025,https://api.odcloud.kr/api/15072696/v1/uddi:d8b661ea-f3eb-4717-8ede-afff5eca1e8a,충청북도,감경
남자,충청북도,감경,2등급,420,2025,https://api.odcloud.kr/api/15072696/v1/uddi:d8b661ea-f3eb-4717-8ede-afff5eca1e8a,충청북도,감경
남자,충청북도,감경,3등급,1338,2025,https://api.odcloud.kr/api/15072696/v1/uddi:d8b661ea-f3eb-4717-8ede-afff5eca1e8a,충청북도,감경
남자,충청북도,감경,4등급,2411,2025,https://api.odcloud.kr/api/15072696/v1/uddi:d8b661ea-f3eb-4717-8ede-afff5eca1e8a,충청북도,감경
남자,충청북도,감경,5등급,766,2025,https://api.odcloud.kr/api/15072696/v1/uddi:d8b661ea-f3eb-4717-8ede-afff5eca1e8a,충청북도,감경
남자,충청북도,감경,인지지원등급,159,2025,https://api.odcloud.kr/api/15072696/v1/uddi:d8b661ea-f3eb-4717-8ede-afff5eca1e8a,충청북도,감경
남자,충청북도,감경,등급외,52,2025,https://api.odcloud.kr/api/15072696/v1/uddi:d8b661ea-f3eb-4717-8ede-afff5eca1e8a,충청북도,감경
남자,충청북도,의료급여,1등급,5,2025,https://api.odcloud.kr/api/15072696/v1/uddi:d8b661ea-f3eb-4717-8ede-afff5eca1e8a,충청북도,의료급여
남자,충청북도,의료급여,2등급,9,2025,https://api.odcloud.kr/api/15072696/v1/uddi:d8b661ea-f3eb-4717-8ede-afff5eca1e8a,충청북도,의료급여
남자,충청북도,의료급여,3등급,23,2025,https://api.odcloud.kr/api/15072696/v1/uddi:d8b661ea-f3eb-4717-8ede-afff5eca1e8a,충청북도,의료급여
남자,충청북도,의료급여,4등급,43,2025,https://api.odcloud.kr/api/15072696/v1/uddi:d8b661ea-f3eb-4717-8ede-afff5eca1e8a,충청북도,의료급여
남자,충청북도,의료급여,5등급,11,2025,https://api.odcloud.kr/api/15072696/v1/uddi:d8b661ea-f3eb-4717-8ede-afff5eca1e8a,충청북도,의료급여
남자,충청북도,의료급여,인지지원등급,2,2025,https://api.odcloud.kr/api/15072696/v1/uddi:d8b661ea-f3eb-4717-8ede-afff5eca1e8a,충청북도,의료급여
남자,충청북도,의료급여,등급외,12,2025,https://api.odcloud.kr/api/15072696/v1/uddi:d8b661ea-f3eb-4717-8ede-afff5eca1e8a,충청북도,의료급여
남자,충청북도,기초수급,1등급,132,2025,https://api.odcloud.kr/api/15072696/v1/uddi:d8b661ea-f3eb-4717-8ede-afff5eca1e8a,충청북도,기초수급
남자,충청북도,기초수급,2등급,192,2025,https://api.odcloud.kr/api/15072696/v1/uddi:d8b661ea-f3eb-4717-8ede-afff5eca1e8a,충청북도,기초수급
남자,충청북도,기초수급,3등급,527,2025,https://api.odcloud.kr/api/15072696/v1/uddi:d8b661ea-f3eb-4717-8ede-afff5eca1e8a,충청북도,기초수급
남자,충청북도,기초수급,4등급,1061,2025,https://api.odcloud.kr/api/15072696/v1/uddi:d8b661ea-f3eb-4717-8ede-afff5eca1e8a,충청북도,기초수급
남자,충청북도,기초수급,5등급,406,2025,https://api.odcloud.kr/api/15072696/v1/uddi:d8b661ea-f3eb-4717-8ede-afff5eca1e8a,충청북도,기초수급
남자,충청북도,기초수급,인지지원등급,130,2025,https://api.odcloud.kr/api/15072696/v1/uddi:d8b661ea-f3eb-4717-8ede-afff5eca1e8a,충청북도,기초수급
남자,충청북도,기초수급,등급외,427,2025,https://api.odcloud.kr/api/15072696/v1/uddi:d8b661ea-f3eb-4717-8ede-afff5eca1e8a,충청북도,기초수급
여자,충청북도,일반,1등급,513,2025,https://api.odcloud.kr/api/15072696/v1/uddi:d8b661ea-f3eb-4717-8ede-afff5eca1e8a,충청북도,일반
여자,충청북도,일반,2등급,947,2025,https://api.odcloud.kr/api/15072696/v1/uddi:d8b661ea-f3eb-4717-8ede-afff5eca1e8a,충청북도,일반
여자,충청북도,일반,3등급,3020,2025,https://api.odcloud.kr/api/15072696/v1/uddi:d8b661ea-f3eb-4717-8ede-afff5eca1e8a,충청북도,일반
여자,충청북도,일반,4등급,5494,2025,https://api.odcloud.kr/api/15072696/v1/uddi:d8b661ea-f3eb-4717-8ede-afff5eca1e8a,충청북도,일반
여자,충청북도,일반,5등급,1715,2025,https://api.odcloud.kr/api/15072696/v1/uddi:d8b661ea-f3eb-4717-8ede-afff5eca1e8a,충청북도,일반
여자,충청북도,일반,인지지원등급,396,2025,https://api.odcloud.kr/api/15072696/v1/uddi:d8b661ea-f3eb-4717-8ede-afff5eca1e8a,충청북도,일반
여자,충청북도,일반,등급외,1913,2025,https://api.odcloud.kr/api/15072696/v1/uddi:d8b661ea-f3eb-4717-8ede-afff5eca1e8a,충청북도,일반
여자,충청북도,감경,1등급,719,2025,https://api.odcloud.kr/api/15072696/v1/uddi:d8b661ea-f3eb-4717-8ede-afff5eca1e8a,충청북도,감경
여자,충청북도,감경,2등급,1565,2025,https://api.odcloud.kr/api/15072696/v1/uddi:d8b661ea-f3eb-4717-8ede-afff5eca1e8a,충청북도,감경
여자,충청북도,감경,3등급,4375,2025,https://api.odcloud.kr/api/15072696/v1/uddi:d8b661ea-f3eb-4717-8ede-afff5eca1e8a,충청북도,감경
여자,충청북도,감경,4등급,7090,2025,https://api.odcloud.kr/api/15072696/v1/uddi:d8b661ea-f3eb-4717-8ede-afff5eca1e8a,충청북도,감경
여자,충청북도,감경,5등급,1958,2025,https://api.odcloud.kr/api/15072696/v1/uddi:d8b661ea-f3eb-4717-8ede-afff5eca1e8a,충청북도,감경
여자,충청북도,감경,인지지원등급,394,2025,https://api.odcloud.kr/api/15072696/v1/uddi:d8b661ea-f3eb-4717-8ede-afff5eca1e8a,충청북도,감경
여자,충청북도,감경,등급외,107,2025,https://api.odcloud.kr/api/15072696/v1/uddi:d8b661ea-f3eb-4717-8ede-afff5eca1e8a,충청북도,감경
여자,충청북도,의료급여,1등급,14,2025,https://api.odcloud.kr/api/15072696/v1/uddi:d8b661ea-f3eb-4717-8ede-afff5eca1e8a,충청북도,의료급여
여자,충청북도,의료급여,2등급,46,2025,https://api.odcloud.kr/api/15072696/v1/uddi:d8b661ea-f3eb-4717-8ede-afff5eca1e8a,충청북도,의료급여
여자,충청북도,의료급여,3등급,103,2025,https://api.odcloud.kr/api/15072696/v1/uddi:d8b661ea-f3eb-4717-8ede-afff5eca1e8a,충청북도,의료급여
여자,충청북도,의료급여,4등급,144,2025,https://api.odcloud.kr/api/15072696/v1/uddi:d8b661ea-f3eb-4717-8ede-afff5eca1e8a,충청북도,의료급여
여자,충청북도,의료급여,5등급,32,2025,https://api.odcloud.kr/api/15072696/v1/uddi:d8b661ea-f3eb-4717-8ede-afff5eca1e8a,충청북도,의료급여
여자,충청북도,의료급여,인지지원등급,8,2025,https://api.odcloud.kr/api/15072696/v1/uddi:d8b661ea-f3eb-4717-8ede-afff5eca1e8a,충청북도,의료급여
여자,충청북도,의료급여,등급외,21,2025,https://api.odcloud.kr/api/15072696/v1/uddi:d8b661ea-f3eb-4717-8ede-afff5eca1e8a,충청북도,의료급여
여자,충청북도,기초수급,1등급,245,2025,https://api.odcloud.kr/api/15072696/v1/uddi:d8b661ea-f3eb-4717-8ede-afff5eca1e8a,충청북도,기초수급
여자,충청북도,기초수급,2등급,456,2025,https://api.odcloud.kr/api/15072696/v1/uddi:d8b661ea-f3eb-4717-8ede-afff5eca1e8a,충청북도,기초수급
여자,충청북도,기초수급,3등급,1126,2025,https://api.odcloud.kr/api/15072696/v1/uddi:d8b661ea-f3eb-4717-8ede-afff5eca1e8a,충청북도,기초수급
여자,충청북도,기초수급,4등급,2018,2025,https://api.odcloud.kr/api/15072696/v1/uddi:d8b661ea-f3eb-4717-8ede-afff5eca1e8a,충청북도,기초수급
여자,충청북도,기초수급,5등급,592,2025,https://api.odcloud.kr/api/15072696/v1/uddi:d8b661ea-f3eb-4717-8ede-afff5eca1e8a,충청북도,기초수급
여자,충청북도,기초수급,인지지원등급,150,2025,https://api.odcloud.kr/api/15072696/v1/uddi:d8b661ea-f3eb-4717-8ede-afff5eca1e8a,충청북도,기초수급
여자,충청북도,기초수급,등급외,457,2025,https://api.odcloud.kr/api/15072696/v1/uddi:d8b661ea-f3eb-4717-8ede-afff5eca1e8a,충청북도,기초수급
남자,충청남도,일반,1등급,278,2025,https://api.odcloud.kr/api/15072696/v1/uddi:d8b661ea-f3eb-4717-8ede-afff5eca1e8a,충청남도,일반
남자,충청남도,일반,2등급,536,2025,https://api.odcloud.kr/api/15072696/v1/uddi:d8b661ea-f3eb-4717-8ede-afff5eca1e8a,충청남도,일반
남자,충청남도,일반,3등급,2133,2025,https://api.odcloud.kr/api/15072696/v1/uddi:d8b661ea-f3eb-4717-8ede-afff5eca1e8a,충청남도,일반
남자,충청남도,일반,4등급,4304,2025,https://api.odcloud.kr/api/15072696/v1/uddi:d8b661ea-f3eb-4717-8ede-afff5eca1e8a,충청남도,일반
남자,충청남도,일반,5등급,1378,2025,https://api.odcloud.kr/api/15072696/v1/uddi:d8b661ea-f3eb-4717-8ede-afff5eca1e8a,충청남도,일반
남자,충청남도,일반,인지지원등급,376,2025,https://api.odcloud.kr/api/15072696/v1/uddi:d8b661ea-f3eb-4717-8ede-afff5eca1e8a,충청남도,일반
남자,충청남도,일반,등급외,1987,2025,https://api.odcloud.kr/api/15072696/v1/uddi:d8b661ea-f3eb-4717-8ede-afff5eca1e8a,충청남도,일반
남자,충청남도,감경,1등급,254,2025,https://api.odcloud.kr/api/15072696/v1/uddi:d8b661ea-f3eb-4717-8ede-afff5eca1e8a,충청남도,감경
남자,충청남도,감경,2등급,493,2025,https://api.odcloud.kr/api/15072696/v1/uddi:d8b661ea-f3eb-4717-8ede-afff5eca1e8a,충청남도,감경
남자,충청남도,감경,3등급,1945,2025,https://api.odcloud.kr/api/15072696/v1/uddi:d8b661ea-f3eb-4717-8ede-afff5eca1e8a,충청남도,감경
남자,충청남도,감경,4등급,3640,2025,https://api.odcloud.kr/api/15072696/v1/uddi:d8b661ea-f3eb-4717-8ede-afff5eca1e8a,충청남도,감경
남자,충청남도,감경,5등급,1081,2025,https://api.odcloud.kr/api/15072696/v1/uddi:d8b661ea-f3eb-4717-8ede-afff5eca1e8a,충청남도,감경
남자,충청남도,감경,인지지원등급,268,2025,https://api.odcloud.kr/api/15072696/v1/uddi:d8b661ea-f3eb-4717-8ede-afff5eca1e8a,충청남도,감경
남자,충청남도,감경,등급외,67,2025,https://api.odcloud.kr/api/15072696/v1/uddi:d8b661ea-f3eb-4717-8ede-afff5eca1e8a,충청남도,감경
남자,충청남도,의료급여,1등급,6,2025,https://api.odcloud.kr/api/15072696/v1/uddi:d8b661ea-f3eb-4717-8ede-afff5eca1e8a,충청남도,의료급여
남자,충청남도,의료급여,2등급,6,2025,https://api.odcloud.kr/api/15072696/v1/uddi:d8b661ea-f3eb-4717-8ede-afff5eca1e8a,충청남도,의료급여
남자,충청남도,의료급여,3등급,24,2025,https://api.odcloud.kr/api/15072696/v1/uddi:d8b661ea-f3eb-4717-8ede-afff5eca1e8a,충청남도,의료급여
남자,충청남도,의료급여,4등급,47,2025,https://api.odcloud.kr/api/15072696/v1/uddi:d8b661ea-f3eb-4717-8ede-afff5eca1e8a,충청남도,의료급여
남자,충청남도,의료급여,5등급,17,2025,https://api.odcloud.kr/api/15072696/v1/uddi:d8b661ea-f3eb-4717-8ede-afff5eca1e8a,충청남도,의료급여
남자,충청남도,의료급여,인지지원등급,7,2025,https://api.odcloud.kr/api/15072696/v1/uddi:d8b661ea-f3eb-4717-8ede-afff5eca1e8a,충청남도,의료급여
남자,충청남도,의료급여,등급외,22,2025,https://api.odcloud.kr/api/15072696/v1/uddi:d8b661ea-f3eb-4717-8ede-afff5eca1e8a,충청남도,의료급여
남자,충청남도,기초수급,1등급,124,2025,https://api.odcloud.kr/api/15072696/v1/uddi:d8b661ea-f3eb-4717-8ede-afff5eca1e8a,충청남도,기초수급
남자,충청남도,기초수급,2등급,220,2025,https://api.odcloud.kr/api/15072696/v1/uddi:d8b661ea-f3eb-4717-8ede-afff5eca1e8a,충청남도,기초수급
남자,충청남도,기초수급,3등급,623,2025,https://api.odcloud.kr/api/15072696/v1/uddi:d8b661ea-f3eb-4717-8ede-afff5eca1e8a,충청남도,기초수급
남자,충청남도,기초수급,4등급,1328,2025,https://api.odcloud.kr/api/15072696/v1/uddi:d8b661ea-f3eb-4717-8ede-afff5eca1e8a,충청남도,기초수급
남자,충청남도,기초수급,5등급,488,2025,https://api.odcloud.kr/api/15072696/v1/uddi:d8b661ea-f3eb-4717-8ede-afff5eca1e8a,충청남도,기초수급
남자,충청남도,기초수급,인지지원등급,131,2025,https://api.odcloud.kr/api/15072696/v1/uddi:d8b661ea-f3eb-4717-8ede-afff5eca1e8a,충청남도,기초수급
남자,충청남도,기초수급,등급외,614,2025,https://api.odcloud.kr/api/15072696/v1/uddi:d8b661ea-f3eb-4717-8ede-afff5eca1e8a,충청남도,기초수급
여자,충청남도,일반,1등급,755,2025,https://api.odcloud.kr/api/15072696/v1/uddi:d8b661ea-f3eb-4717-8ede-afff5eca1e8a,충청남도,일반
여자,충청남도,일반,2등급,1429,2025,https://api.odcloud.kr/api/15072696/v1/uddi:d8b661ea-f3eb-4717-8ede-afff5eca1e8a,충청남도,일반
여자,충청남도,일반,3등급,4862,2025,https://api.odcloud.kr/api/15072696/v1/uddi:d8b661ea-f3eb-4717-8ede-afff5eca1e8a,충청남도,일반
여자,충청남도,일반,4등급,9416,2025,https://api.odcloud.kr/api/15072696/v1/uddi:d8b661ea-f3eb-4717-8ede-afff5eca1e8a,충청남도,일반
여자,충청남도,일반,5등급,2617,2025,https://api.odcloud.kr/api/15072696/v1/uddi:d8b661ea-f3eb-4717-8ede-afff5eca1e8a,충청남도,일반
여자,충청남도,일반,인지지원등급,640,2025,https://api.odcloud.kr/api/15072696/v1/uddi:d8b661ea-f3eb-4717-8ede-afff5eca1e8a,충청남도,일반
여자,충청남도,일반,등급외,3449,2025,https://api.odcloud.kr/api/15072696/v1/uddi:d8b661ea-f3eb-4717-8ede-afff5eca1e8a,충청남도,일반
여자,충청남도,감경,1등급,969,2025,https://api.odcloud.kr/api/15072696/v1/uddi:d8b661ea-f3eb-4717-8ede-afff5eca1e8a,충청남도,감경
여자,충청남도,감경,2등급,1992,2025,https://api.odcloud.kr/api/15072696/v1/uddi:d8b661ea-f3eb-4717-8ede-afff5eca1e8a,충청남도,감경
여자,충청남도,감경,3등급,5955,2025,https://api.odcloud.kr/api/15072696/v1/uddi:d8b661ea-f3eb-4717-8ede-afff5eca1e8a,충청남도,감경
여자,충청남도,감경,4등급,10774,2025,https://api.odcloud.kr/api/15072696/v1/uddi:d8b661ea-f3eb-4717-8ede-afff5eca1e8a,충청남도,감경
여자,충청남도,감경,5등급,2857,2025,https://api.odcloud.kr/api/15072696/v1/uddi:d8b661ea-f3eb-4717-8ede-afff5eca1e8a,충청남도,감경
여자,충청남도,감경,인지지원등급,537,2025,https://api.odcloud.kr/api/15072696/v1/uddi:d8b661ea-f3eb-4717-8ede-afff5eca1e8a,충청남도,감경
여자,충청남도,감경,등급외,127,2025,https://api.odcloud.kr/api/15072696/v1/uddi:d8b661ea-f3eb-4717-8ede-afff5eca1e8a,충청남도,감경
여자,충청남도,의료급여,1등급,12,2025,https://api.odcloud.kr/api/15072696/v1/uddi:d8b661ea-f3eb-4717-8ede-afff5eca1e8a,충청남도,의료급여
여자,충청남도,의료급여,2등급,30,2025,https://api.odcloud.kr/api/15072696/v1/uddi:d8b661ea-f3eb-4717-8ede-afff5eca1e8a,충청남도,의료급여
여자,충청남도,의료급여,3등급,102,2025,https://api.odcloud.kr/api/15072696/v1/uddi:d8b661ea-f3eb-4717-8ede-afff5eca1e8a,충청남도,의료급여
여자,충청남도,의료급여,4등급,164,2025,https://api.odcloud.kr/api/15072696/v1/uddi:d8b661ea-f3eb-4717-8ede-afff5eca1e8a,충청남도,의료급여
여자,충청남도,의료급여,5등급,38,2025,https://api.odcloud.kr/api/15072696/v1/uddi:d8b661ea-f3eb-4717-8ede-afff5eca1e8a,충청남도,의료급여
여자,충청남도,의료급여,인지지원등급,8,2025,https://api.odcloud.kr/api/15072696/v1/uddi:d8b661ea-f3eb-4717-8ede-afff5eca1e8a,충청남도,의료급여
여자,충청남도,의료급여,등급외,32,2025,https://api.odcloud.kr/api/15072696/v1/uddi:d8b661ea-f3eb-4717-8ede-afff5eca1e8a,충청남도,의료급여
여자,충청남도,기초수급,1등급,274,2025,https://api.odcloud.kr/api/15072696/v1/uddi:d8b661ea-f3eb-4717-8ede-afff5eca1e8a,충청남도,기초수급
여자,충청남도,기초수급,2등급,523,2025,https://api.odcloud.kr/api/15072696/v1/uddi:d8b661ea-f3eb-4717-8ede-afff5eca1e8a,충청남도,기초수급
여자,충청남도,기초수급,3등급,1334,2025,https://api.odcloud.kr/api/15072696/v1/uddi:d8b661ea-f3eb-4717-8ede-afff5eca1e8a,충청남도,기초수급
여자,충청남도,기초수급,4등급,2563,2025,https://api.odcloud.kr/api/15072696/v1/uddi:d8b661ea-f3eb-4717-8ede-afff5eca1e8a,충청남도,기초수급
여자,충청남도,기초수급,5등급,704,2025,https://api.odcloud.kr/api/15072696/v1/uddi:d8b661ea-f3eb-4717-8ede-afff5eca1e8a,충청남도,기초수급
여자,충청남도,기초수급,인지지원등급,163,2025,https://api.odcloud.kr/api/15072696/v1/uddi:d8b661ea-f3eb-4717-8ede-afff5eca1e8a,충청남도,기초수급
여자,충청남도,기초수급,등급외,677,2025,https://api.odcloud.kr/api/15072696/v1/uddi:d8b661ea-f3eb-4717-8ede-afff5eca1e8a,충청남도,기초수급
남자,전북특별자치도,일반,1등급,206,2025,https://api.odcloud.kr/api/15072696/v1/uddi:d8b661ea-f3eb-4717-8ede-afff5eca1e8a,전북특별자치도,일반
남자,전북특별자치도,일반,2등급,335,2025,https://api.odcloud.kr/api/15072696/v1/uddi:d8b661ea-f3eb-4717-8ede-afff5eca1e8a,전북특별자치도,일반
남자,전북특별자치도,일반,3등급,1394,2025,https://api.odcloud.kr/api/15072696/v1/uddi:d8b661ea-f3eb-4717-8ede-afff5eca1e8a,전북특별자치도,일반
남자,전북특별자치도,일반,4등급,3618,2025,https://api.odcloud.kr/api/15072696/v1/uddi:d8b661ea-f3eb-4717-8ede-afff5eca1e8a,전북특별자치도,일반
남자,전북특별자치도,일반,5등급,1412,2025,https://api.odcloud.kr/api/15072696/v1/uddi:d8b661ea-f3eb-4717-8ede-afff5eca1e8a,전북특별자치도,일반
남자,전북특별자치도,일반,인지지원등급,244,2025,https://api.odcloud.kr/api/15072696/v1/uddi:d8b661ea-f3eb-4717-8ede-afff5eca1e8a,전북특별자치도,일반
남자,전북특별자치도,일반,등급외,2007,2025,https://api.odcloud.kr/api/15072696/v1/uddi:d8b661ea-f3eb-4717-8ede-afff5eca1e8a,전북특별자치도,일반
남자,전북특별자치도,감경,1등급,195,2025,https://api.odcloud.kr/api/15072696/v1/uddi:d8b661ea-f3eb-4717-8ede-afff5eca1e8a,전북특별자치도,감경
남자,전북특별자치도,감경,2등급,371,2025,https://api.odcloud.kr/api/15072696/v1/uddi:d8b661ea-f3eb-4717-8ede-afff5eca1e8a,전북특별자치도,감경
남자,전북특별자치도,감경,3등급,1630,2025,https://api.odcloud.kr/api/15072696/v1/uddi:d8b661ea-f3eb-4717-8ede-afff5eca1e8a,전북특별자치도,감경
남자,전북특별자치도,감경,4등급,3744,2025,https://api.odcloud.kr/api/15072696/v1/uddi:d8b661ea-f3eb-4717-8ede-afff5eca1e8a,전북특별자치도,감경
남자,전북특별자치도,감경,5등급,1402,2025,https://api.odcloud.kr/api/15072696/v1/uddi:d8b661ea-f3eb-4717-8ede-afff5eca1e8a,전북특별자치도,감경
남자,전북특별자치도,감경,인지지원등급,203,2025,https://api.odcloud.kr/api/15072696/v1/uddi:d8b661ea-f3eb-4717-8ede-afff5eca1e8a,전북특별자치도,감경
남자,전북특별자치도,감경,등급외,138,2025,https://api.odcloud.kr/api/15072696/v1/uddi:d8b661ea-f3eb-4717-8ede-afff5eca1e8a,전북특별자치도,감경
남자,전북특별자치도,의료급여,1등급,5,2025,https://api.odcloud.kr/api/15072696/v1/uddi:d8b661ea-f3eb-4717-8ede-afff5eca1e8a,전북특별자치도,의료급여
남자,전북특별자치도,의료급여,2등급,3,2025,https://api.odcloud.kr/api/15072696/v1/uddi:d8b661ea-f3eb-4717-8ede-afff5eca1e8a,전북특별자치도,의료급여
남자,전북특별자치도,의료급여,3등급,47,2025,https://api.odcloud.kr/api/15072696/v1/uddi:d8b661ea-f3eb-4717-8ede-afff5eca1e8a,전북특별자치도,의료급여
남자,전북특별자치도,의료급여,4등급,114,2025,https://api.odcloud.kr/api/15072696/v1/uddi:d8b661ea-f3eb-4717-8ede-afff5eca1e8a,전북특별자치도,의료급여
남자,전북특별자치도,의료급여,5등급,42,2025,https://api.odcloud.kr/api/15072696/v1/uddi:d8b661ea-f3eb-4717-8ede-afff5eca1e8a,전북특별자치도,의료급여
남자,전북특별자치도,의료급여,인지지원등급,5,2025,https://api.odcloud.kr/api/15072696/v1/uddi:d8b661ea-f3eb-4717-8ede-afff5eca1e8a,전북특별자치도,의료급여
남자,전북특별자치도,의료급여,등급외,17,2025,https://api.odcloud.kr/api/15072696/v1/uddi:d8b661ea-f3eb-4717-8ede-afff5eca1e8a,전북특별자치도,의료급여
남자,전북특별자치도,기초수급,1등급,96,2025,https://api.odcloud.kr/api/15072696/v1/uddi:d8b661ea-f3eb-4717-8ede-afff5eca1e8a,전북특별자치도,기초수급
남자,전북특별자치도,기초수급,2등급,185,2025,https://api.odcloud.kr/api/15072696/v1/uddi:d8b661ea-f3eb-4717-8ede-afff5eca1e8a,전북특별자치도,기초수급
남자,전북특별자치도,기초수급,3등급,513,2025,https://api.odcloud.kr/api/15072696/v1/uddi:d8b661ea-f3eb-4717-8ede-afff5eca1e8a,전북특별자치도,기초수급
남자,전북특별자치도,기초수급,4등급,1601,2025,https://api.odcloud.kr/api/15072696/v1/uddi:d8b661ea-f3eb-4717-8ede-afff5eca1e8a,전북특별자치도,기초수급
남자,전북특별자치도,기초수급,5등급,731,2025,https://api.odcloud.kr/api/15072696/v1/uddi:d8b661ea-f3eb-4717-8ede-afff5eca1e8a,전북특별자치도,기초수급
남자,전북특별자치도,기초수급,인지지원등급,212,2025,https://api.odcloud.kr/api/15072696/v1/uddi:d8b661ea-f3eb-4717-8ede-afff5eca1e8a,전북특별자치도,기초수급
남자,전북특별자치도,기초수급,등급외,1096,2025,https://api.odcloud.kr/api/15072696/v1/uddi:d8b661ea-f3eb-4717-8ede-afff5eca1e8a,전북특별자치도,기초수급
여자,전북특별자치도,일반,1등급,509,2025,https://api.odcloud.kr/api/15072696/v1/uddi:d8b661ea-f3eb-4717-8ede-afff5eca1e8a,전북특별자치도,일반
여자,전북특별자치도,일반,2등급,859,2025,https://api.odcloud.kr/api/15072696/v1/uddi:d8b661ea-f3eb-4717-8ede-afff5eca1e8a,전북특별자치도,일반
여자,전북특별자치도,일반,3등급,2971,2025,https://api.odcloud.kr/api/15072696/v1/uddi:d8b661ea-f3eb-4717-8ede-afff5eca1e8a,전북특별자치도,일반
여자,전북특별자치도,일반,4등급,8198,2025,https://api.odcloud.kr/api/15072696/v1/uddi:d8b661ea-f3eb-4717-8ede-afff5eca1e8a,전북특별자치도,일반
여자,전북특별자치도,일반,5등급,2896,2025,https://api.odcloud.kr/api/15072696/v1/uddi:d8b661ea-f3eb-4717-8ede-afff5eca1e8a,전북특별자치도,일반
여자,전북특별자치도,일반,인지지원등급,453,2025,https://api.odcloud.kr/api/15072696/v1/uddi:d8b661ea-f3eb-4717-8ede-afff5eca1e8a,전북특별자치도,일반
여자,전북특별자치도,일반,등급외,3825,2025,https://api.odcloud.kr/api/15072696/v1/uddi:d8b661ea-f3eb-4717-8ede-afff5eca1e8a,전북특별자치도,일반
여자,전북특별자치도,감경,1등급,768,2025,https://api.odcloud.kr/api/15072696/v1/uddi:d8b661ea-f3eb-4717-8ede-afff5eca1e8a,전북특별자치도,감경
여자,전북특별자치도,감경,2등급,1589,2025,https://api.odcloud.kr/api/15072696/v1/uddi:d8b661ea-f3eb-4717-8ede-afff5eca1e8a,전북특별자치도,감경
여자,전북특별자치도,감경,3등급,5128,2025,https://api.odcloud.kr/api/15072696/v1/uddi:d8b661ea-f3eb-4717-8ede-afff5eca1e8a,전북특별자치도,감경
여자,전북특별자치도,감경,4등급,12614,2025,https://api.odcloud.kr/api/15072696/v1/uddi:d8b661ea-f3eb-4717-8ede-afff5eca1e8a,전북특별자치도,감경
여자,전북특별자치도,감경,5등급,3742,2025,https://api.odcloud.kr/api/15072696/v1/uddi:d8b661ea-f3eb-4717-8ede-afff5eca1e8a,전북특별자치도,감경
여자,전북특별자치도,감경,인지지원등급,453,2025,https://api.odcloud.kr/api/15072696/v1/uddi:d8b661ea-f3eb-4717-8ede-afff5eca1e8a,전북특별자치도,감경
여자,전북특별자치도,감경,등급외,371,2025,https://api.odcloud.kr/api/15072696/v1/uddi:d8b661ea-f3eb-4717-8ede-afff5eca1e8a,전북특별자치도,감경
여자,전북특별자치도,의료급여,1등급,19,2025,https://api.odcloud.kr/api/15072696/v1/uddi:d8b661ea-f3eb-4717-8ede-afff5eca1e8a,전북특별자치도,의료급여
여자,전북특별자치도,의료급여,2등급,46,2025,https://api.odcloud.kr/api/15072696/v1/uddi:d8b661ea-f3eb-4717-8ede-afff5eca1e8a,전북특별자치도,의료급여
여자,전북특별자치도,의료급여,3등급,170,2025,https://api.odcloud.kr/api/15072696/v1/uddi:d8b661ea-f3eb-4717-8ede-afff5eca1e8a,전북특별자치도,의료급여
여자,전북특별자치도,의료급여,4등급,391,2025,https://api.odcloud.kr/api/15072696/v1/uddi:d8b661ea-f3eb-4717-8ede-afff5eca1e8a,전북특별자치도,의료급여
여자,전북특별자치도,의료급여,5등급,116,2025,https://api.odcloud.kr/api/15072696/v1/uddi:d8b661ea-f3eb-4717-8ede-afff5eca1e8a,전북특별자치도,의료급여
여자,전북특별자치도,의료급여,인지지원등급,16,2025,https://api.odcloud.kr/api/15072696/v1/uddi:d8b661ea-f3eb-4717-8ede-afff5eca1e8a,전북특별자치도,의료급여
여자,전북특별자치도,의료급여,등급외,52,2025,https://api.odcloud.kr/api/15072696/v1/uddi:d8b661ea-f3eb-4717-8ede-afff5eca1e8a,전북특별자치도,의료급여
여자,전북특별자치도,기초수급,1등급,222,2025,https://api.odcloud.kr/api/15072696/v1/uddi:d8b661ea-f3eb-4717-8ede-afff5eca1e8a,전북특별자치도,기초수급
여자,전북특별자치도,기초수급,2등급,436,2025,https://api.odcloud.kr/api/15072696/v1/uddi:d8b661ea-f3eb-4717-8ede-afff5eca1e8a,전북특별자치도,기초수급
여자,전북특별자치도,기초수급,3등급,1248,2025,https://api.odcloud.kr/api/15072696/v1/uddi:d8b661ea-f3eb-4717-8ede-afff5eca1e8a,전북특별자치도,기초수급
여자,전북특별자치도,기초수급,4등급,3269,2025,https://api.odcloud.kr/api/15072696/v1/uddi:d8b661ea-f3eb-4717-8ede-afff5eca1e8a,전북특별자치도,기초수급
여자,전북특별자치도,기초수급,5등급,1287,2025,https://api.odcloud.kr/api/15072696/v1/uddi:d8b661ea-f3eb-4717-8ede-afff5eca1e8a,전북특별자치도,기초수급
여자,전북특별자치도,기초수급,인지지원등급,203,2025,https://api.odcloud.kr/api/15072696/v1/uddi:d8b661ea-f3eb-4717-8ede-afff5eca1e8a,전북특별자치도,기초수급
여자,전북특별자치도,기초수급,등급외,1302,2025,https://api.odcloud.kr/api/15072696/v1/uddi:d8b661ea-f3eb-4717-8ede-afff5eca1e8a,전북특별자치도,기초수급
남자,전라남도,일반,1등급,197,2025,https://api.odcloud.kr/api/15072696/v1/uddi:d8b661ea-f3eb-4717-8ede-afff5eca1e8a,전라남도,일반
남자,전라남도,일반,2등급,404,2025,https://api.odcloud.kr/api/15072696/v1/uddi:d8b661ea-f3eb-4717-8ede-afff5eca1e8a,전라남도,일반
남자,전라남도,일반,3등급,1530,2025,https://api.odcloud.kr/api/15072696/v1/uddi:d8b661ea-f3eb-4717-8ede-afff5eca1e8a,전라남도,일반
남자,전라남도,일반,4등급,3742,2025,https://api.odcloud.kr/api/15072696/v1/uddi:d8b661ea-f3eb-4717-8ede-afff5eca1e8a,전라남도,일반
남자,전라남도,일반,5등급,1128,2025,https://api.odcloud.kr/api/15072696/v1/uddi:d8b661ea-f3eb-4717-8ede-afff5eca1e8a,전라남도,일반
남자,전라남도,일반,인지지원등급,227,2025,https://api.odcloud.kr/api/15072696/v1/uddi:d8b661ea-f3eb-4717-8ede-afff5eca1e8a,전라남도,일반
남자,전라남도,일반,등급외,2598,2025,https://api.odcloud.kr/api/15072696/v1/uddi:d8b661ea-f3eb-4717-8ede-afff5eca1e8a,전라남도,일반
남자,전라남도,감경,1등급,239,2025,https://api.odcloud.kr/api/15072696/v1/uddi:d8b661ea-f3eb-4717-8ede-afff5eca1e8a,전라남도,감경
남자,전라남도,감경,2등급,594,2025,https://api.odcloud.kr/api/15072696/v1/uddi:d8b661ea-f3eb-4717-8ede-afff5eca1e8a,전라남도,감경
남자,전라남도,감경,3등급,2028,2025,https://api.odcloud.kr/api/15072696/v1/uddi:d8b661ea-f3eb-4717-8ede-afff5eca1e8a,전라남도,감경
남자,전라남도,감경,4등급,4647,2025,https://api.odcloud.kr/api/15072696/v1/uddi:d8b661ea-f3eb-4717-8ede-afff5eca1e8a,전라남도,감경
남자,전라남도,감경,5등급,1334,2025,https://api.odcloud.kr/api/15072696/v1/uddi:d8b661ea-f3eb-4717-8ede-afff5eca1e8a,전라남도,감경
남자,전라남도,감경,인지지원등급,236,2025,https://api.odcloud.kr/api/15072696/v1/uddi:d8b661ea-f3eb-4717-8ede-afff5eca1e8a,전라남도,감경
남자,전라남도,감경,등급외,142,2025,https://api.odcloud.kr/api/15072696/v1/uddi:d8b661ea-f3eb-4717-8ede-afff5eca1e8a,전라남도,감경
남자,전라남도,의료급여,1등급,4,2025,https://api.odcloud.kr/api/15072696/v1/uddi:d8b661ea-f3eb-4717-8ede-afff5eca1e8a,전라남도,의료급여
남자,전라남도,의료급여,2등급,16,2025,https://api.odcloud.kr/api/15072696/v1/uddi:d8b661ea-f3eb-4717-8ede-afff5eca1e8a,전라남도,의료급여
남자,전라남도,의료급여,3등급,53,2025,https://api.odcloud.kr/api/15072696/v1/uddi:d8b661ea-f3eb-4717-8ede-afff5eca1e8a,전라남도,의료급여
남자,전라남도,의료급여,4등급,108,2025,https://api.odcloud.kr/api/15072696/v1/uddi:d8b661ea-f3eb-4717-8ede-afff5eca1e8a,전라남도,의료급여
남자,전라남도,의료급여,5등급,31,2025,https://api.odcloud.kr/api/15072696/v1/uddi:d8b661ea-f3eb-4717-8ede-afff5eca1e8a,전라남도,의료급여
남자,전라남도,의료급여,인지지원등급,6,2025,https://api.odcloud.kr/api/15072696/v1/uddi:d8b661ea-f3eb-4717-8ede-afff5eca1e8a,전라남도,의료급여
남자,전라남도,의료급여,등급외,28,2025,https://api.odcloud.kr/api/15072696/v1/uddi:d8b661ea-f3eb-4717-8ede-afff5eca1e8a,전라남도,의료급여
남자,전라남도,기초수급,1등급,85,2025,https://api.odcloud.kr/api/15072696/v1/uddi:d8b661ea-f3eb-4717-8ede-afff5eca1e8a,전라남도,기초수급
남자,전라남도,기초수급,2등급,184,2025,https://api.odcloud.kr/api/15072696/v1/uddi:d8b661ea-f3eb-4717-8ede-afff5eca1e8a,전라남도,기초수급
남자,전라남도,기초수급,3등급,560,2025,https://api.odcloud.kr/api/15072696/v1/uddi:d8b661ea-f3eb-4717-8ede-afff5eca1e8a,전라남도,기초수급
남자,전라남도,기초수급,4등급,1449,2025,https://api.odcloud.kr/api/15072696/v1/uddi:d8b661ea-f3eb-4717-8ede-afff5eca1e8a,전라남도,기초수급
남자,전라남도,기초수급,5등급,481,2025,https://api.odcloud.kr/api/15072696/v1/uddi:d8b661ea-f3eb-4717-8ede-afff5eca1e8a,전라남도,기초수급
남자,전라남도,기초수급,인지지원등급,139,2025,https://api.odcloud.kr/api/15072696/v1/uddi:d8b661ea-f3eb-4717-8ede-afff5eca1e8a,전라남도,기초수급
남자,전라남도,기초수급,등급외,882,2025,https://api.odcloud.kr/api/15072696/v1/uddi:d8b661ea-f3eb-4717-8ede-afff5eca1e8a,전라남도,기초수급
여자,전라남도,일반,1등급,499,2025,https://api.odcloud.kr/api/15072696/v1/uddi:d8b661ea-f3eb-4717-8ede-afff5eca1e8a,전라남도,일반
여자,전라남도,일반,2등급,1010,2025,https://api.odcloud.kr/api/15072696/v1/uddi:d8b661ea-f3eb-4717-8ede-afff5eca1e8a,전라남도,일반
여자,전라남도,일반,3등급,3366,2025,https://api.odcloud.kr/api/15072696/v1/uddi:d8b661ea-f3eb-4717-8ede-afff5eca1e8a,전라남도,일반
여자,전라남도,일반,4등급,8583,2025,https://api.odcloud.kr/api/15072696/v1/uddi:d8b661ea-f3eb-4717-8ede-afff5eca1e8a,전라남도,일반
여자,전라남도,일반,5등급,2484,2025,https://api.odcloud.kr/api/15072696/v1/uddi:d8b661ea-f3eb-4717-8ede-afff5eca1e8a,전라남도,일반
여자,전라남도,일반,인지지원등급,472,2025,https://api.odcloud.kr/api/15072696/v1/uddi:d8b661ea-f3eb-4717-8ede-afff5eca1e8a,전라남도,일반
여자,전라남도,일반,등급외,5115,2025,https://api.odcloud.kr/api/15072696/v1/uddi:d8b661ea-f3eb-4717-8ede-afff5eca1e8a,전라남도,일반
여자,전라남도,감경,1등급,1023,2025,https://api.odcloud.kr/api/15072696/v1/uddi:d8b661ea-f3eb-4717-8ede-afff5eca1e8a,전라남도,감경
여자,전라남도,감경,2등급,2437,2025,https://api.odcloud.kr/api/15072696/v1/uddi:d8b661ea-f3eb-4717-8ede-afff5eca1e8a,전라남도,감경
여자,전라남도,감경,3등급,7235,2025,https://api.odcloud.kr/api/15072696/v1/uddi:d8b661ea-f3eb-4717-8ede-afff5eca1e8a,전라남도,감경
여자,전라남도,감경,4등급,16348,2025,https://api.odcloud.kr/api/15072696/v1/uddi:d8b661ea-f3eb-4717-8ede-afff5eca1e8a,전라남도,감경
여자,전라남도,감경,5등급,4082,2025,https://api.odcloud.kr/api/15072696/v1/uddi:d8b661ea-f3eb-4717-8ede-afff5eca1e8a,전라남도,감경
여자,전라남도,감경,인지지원등급,566,2025,https://api.odcloud.kr/api/15072696/v1/uddi:d8b661ea-f3eb-4717-8ede-afff5eca1e8a,전라남도,감경
여자,전라남도,감경,등급외,328,2025,https://api.odcloud.kr/api/15072696/v1/uddi:d8b661ea-f3eb-4717-8ede-afff5eca1e8a,전라남도,감경
여자,전라남도,의료급여,1등급,26,2025,https://api.odcloud.kr/api/15072696/v1/uddi:d8b661ea-f3eb-4717-8ede-afff5eca1e8a,전라남도,의료급여
여자,전라남도,의료급여,2등급,60,2025,https://api.odcloud.kr/api/15072696/v1/uddi:d8b661ea-f3eb-4717-8ede-afff5eca1e8a,전라남도,의료급여
여자,전라남도,의료급여,3등급,188,2025,https://api.odcloud.kr/api/15072696/v1/uddi:d8b661ea-f3eb-4717-8ede-afff5eca1e8a,전라남도,의료급여
여자,전라남도,의료급여,4등급,432,2025,https://api.odcloud.kr/api/15072696/v1/uddi:d8b661ea-f3eb-4717-8ede-afff5eca1e8a,전라남도,의료급여
여자,전라남도,의료급여,5등급,88,2025,https://api.odcloud.kr/api/15072696/v1/uddi:d8b661ea-f3eb-4717-8ede-afff5eca1e8a,전라남도,의료급여
여자,전라남도,의료급여,인지지원등급,15,2025,https://api.odcloud.kr/api/15072696/v1/uddi:d8b661ea-f3eb-4717-8ede-afff5eca1e8a,전라남도,의료급여
여자,전라남도,의료급여,등급외,60,2025,https://api.odcloud.kr/api/15072696/v1/uddi:d8b661ea-f3eb-4717-8ede-afff5eca1e8a,전라남도,의료급여
여자,전라남도,기초수급,1등급,209,2025,https://api.odcloud.kr/api/15072696/v1/uddi:d8b661ea-f3eb-4717-8ede-afff5eca1e8a,전라남도,기초수급
여자,전라남도,기초수급,2등급,492,2025,https://api.odcloud.kr/api/15072696/v1/uddi:d8b661ea-f3eb-4717-8ede-afff5eca1e8a,전라남도,기초수급
여자,전라남도,기초수급,3등급,1271,2025,https://api.odcloud.kr/api/15072696/v1/uddi:d8b661ea-f3eb-4717-8ede-afff5eca1e8a,전라남도,기초수급
여자,전라남도,기초수급,4등급,3073,2025,https://api.odcloud.kr/api/15072696/v1/uddi:d8b661ea-f3eb-4717-8ede-afff5eca1e8a,전라남도,기초수급
여자,전라남도,기초수급,5등급,823,2025,https://api.odcloud.kr/api/15072696/v1/uddi:d8b661ea-f3eb-4717-8ede-afff5eca1e8a,전라남도,기초수급
여자,전라남도,기초수급,인지지원등급,153,2025,https://api.odcloud.kr/api/15072696/v1/uddi:d8b661ea-f3eb-4717-8ede-afff5eca1e8a,전라남도,기초수급
여자,전라남도,기초수급,등급외,1018,2025,https://api.odcloud.kr/api/15072696/v1/uddi:d8b661ea-f3eb-4717-8ede-afff5eca1e8a,전라남도,기초수급
남자,경상북도,일반,1등급,280,2025,https://api.odcloud.kr/api/15072696/v1/uddi:d8b661ea-f3eb-4717-8ede-afff5eca1e8a,경상북도,일반
남자,경상북도,일반,2등급,581,2025,https://api.odcloud.kr/api/15072696/v1/uddi:d8b661ea-f3eb-4717-8ede-afff5eca1e8a,경상북도,일반
남자,경상북도,일반,3등급,2465,2025,https://api.odcloud.kr/api/15072696/v1/uddi:d8b661ea-f3eb-4717-8ede-afff5eca1e8a,경상북도,일반
남자,경상북도,일반,4등급,5009,2025,https://api.odcloud.kr/api/15072696/v1/uddi:d8b661ea-f3eb-4717-8ede-afff5eca1e8a,경상북도,일반
남자,경상북도,일반,5등급,1658,2025,https://api.odcloud.kr/api/15072696/v1/uddi:d8b661ea-f3eb-4717-8ede-afff5eca1e8a,경상북도,일반
남자,경상북도,일반,인지지원등급,307,2025,https://api.odcloud.kr/api/15072696/v1/uddi:d8b661ea-f3eb-4717-8ede-afff5eca1e8a,경상북도,일반
남자,경상북도,일반,등급외,2328,2025,https://api.odcloud.kr/api/15072696/v1/uddi:d8b661ea-f3eb-4717-8ede-afff5eca1e8a,경상북도,일반
남자,경상북도,감경,1등급,321,2025,https://api.odcloud.kr/api/15072696/v1/uddi:d8b661ea-f3eb-4717-8ede-afff5eca1e8a,경상북도,감경
남자,경상북도,감경,2등급,589,2025,https://api.odcloud.kr/api/15072696/v1/uddi:d8b661ea-f3eb-4717-8ede-afff5eca1e8a,경상북도,감경
남자,경상북도,감경,3등급,2668,2025,https://api.odcloud.kr/api/15072696/v1/uddi:d8b661ea-f3eb-4717-8ede-afff5eca1e8a,경상북도,감경
남자,경상북도,감경,4등급,5013,2025,https://api.odcloud.kr/api/15072696/v1/uddi:d8b661ea-f3eb-4717-8ede-afff5eca1e8a,경상북도,감경
남자,경상북도,감경,5등급,1625,2025,https://api.odcloud.kr/api/15072696/v1/uddi:d8b661ea-f3eb-4717-8ede-afff5eca1e8a,경상북도,감경
남자,경상북도,감경,인지지원등급,217,2025,https://api.odcloud.kr/api/15072696/v1/uddi:d8b661ea-f3eb-4717-8ede-afff5eca1e8a,경상북도,감경
남자,경상북도,감경,등급외,96,2025,https://api.odcloud.kr/api/15072696/v1/uddi:d8b661ea-f3eb-4717-8ede-afff5eca1e8a,경상북도,감경
남자,경상북도,의료급여,1등급,13,2025,https://api.odcloud.kr/api/15072696/v1/uddi:d8b661ea-f3eb-4717-8ede-afff5eca1e8a,경상북도,의료급여
남자,경상북도,의료급여,2등급,6,2025,https://api.odcloud.kr/api/15072696/v1/uddi:d8b661ea-f3eb-4717-8ede-afff5eca1e8a,경상북도,의료급여
남자,경상북도,의료급여,3등급,42,2025,https://api.odcloud.kr/api/15072696/v1/uddi:d8b661ea-f3eb-4717-8ede-afff5eca1e8a,경상북도,의료급여
남자,경상북도,의료급여,4등급,87,2025,https://api.odcloud.kr/api/15072696/v1/uddi:d8b661ea-f3eb-4717-8ede-afff5eca1e8a,경상북도,의료급여
남자,경상북도,의료급여,5등급,20,2025,https://api.odcloud.kr/api/15072696/v1/uddi:d8b661ea-f3eb-4717-8ede-afff5eca1e8a,경상북도,의료급여
남자,경상북도,의료급여,인지지원등급,1,2025,https://api.odcloud.kr/api/15072696/v1/uddi:d8b661ea-f3eb-4717-8ede-afff5eca1e8a,경상북도,의료급여
남자,경상북도,의료급여,등급외,24,2025,https://api.odcloud.kr/api/15072696/v1/uddi:d8b661ea-f3eb-4717-8ede-afff5eca1e8a,경상북도,의료급여
남자,경상북도,기초수급,1등급,117,2025,https://api.odcloud.kr/api/15072696/v1/uddi:d8b661ea-f3eb-4717-8ede-afff5eca1e8a,경상북도,기초수급
남자,경상북도,기초수급,2등급,233,2025,https://api.odcloud.kr/api/15072696/v1/uddi:d8b661ea-f3eb-4717-8ede-afff5eca1e8a,경상북도,기초수급
남자,경상북도,기초수급,3등급,841,2025,https://api.odcloud.kr/api/15072696/v1/uddi:d8b661ea-f3eb-4717-8ede-afff5eca1e8a,경상북도,기초수급
남자,경상북도,기초수급,4등급,2027,2025,https://api.odcloud.kr/api/15072696/v1/uddi:d8b661ea-f3eb-4717-8ede-afff5eca1e8a,경상북도,기초수급
남자,경상북도,기초수급,5등급,690,2025,https://api.odcloud.kr/api/15072696/v1/uddi:d8b661ea-f3eb-4717-8ede-afff5eca1e8a,경상북도,기초수급
남자,경상북도,기초수급,인지지원등급,169,2025,https://api.odcloud.kr/api/15072696/v1/uddi:d8b661ea-f3eb-4717-8ede-afff5eca1e8a,경상북도,기초수급
남자,경상북도,기초수급,등급외,879,2025,https://api.odcloud.kr/api/15072696/v1/uddi:d8b661ea-f3eb-4717-8ede-afff5eca1e8a,경상북도,기초수급
여자,경상북도,일반,1등급,722,2025,https://api.odcloud.kr/api/15072696/v1/uddi:d8b661ea-f3eb-4717-8ede-afff5eca1e8a,경상북도,일반
여자,경상북도,일반,2등급,1388,2025,https://api.odcloud.kr/api/15072696/v1/uddi:d8b661ea-f3eb-4717-8ede-afff5eca1e8a,경상북도,일반
여자,경상북도,일반,3등급,5185,2025,https://api.odcloud.kr/api/15072696/v1/uddi:d8b661ea-f3eb-4717-8ede-afff5eca1e8a,경상북도,일반
여자,경상북도,일반,4등급,11211,2025,https://api.odcloud.kr/api/15072696/v1/uddi:d8b661ea-f3eb-4717-8ede-afff5eca1e8a,경상북도,일반
여자,경상북도,일반,5등급,3496,2025,https://api.odcloud.kr/api/15072696/v1/uddi:d8b661ea-f3eb-4717-8ede-afff5eca1e8a,경상북도,일반
여자,경상북도,일반,인지지원등급,557,2025,https://api.odcloud.kr/api/15072696/v1/uddi:d8b661ea-f3eb-4717-8ede-afff5eca1e8a,경상북도,일반
여자,경상북도,일반,등급외,4307,2025,https://api.odcloud.kr/api/15072696/v1/uddi:d8b661ea-f3eb-4717-8ede-afff5eca1e8a,경상북도,일반
여자,경상북도,감경,1등급,1127,2025,https://api.odcloud.kr/api/15072696/v1/uddi:d8b661ea-f3eb-4717-8ede-afff5eca1e8a,경상북도,감경
여자,경상북도,감경,2등급,2534,2025,https://api.odcloud.kr/api/15072696/v1/uddi:d8b661ea-f3eb-4717-8ede-afff5eca1e8a,경상북도,감경
여자,경상북도,감경,3등급,8575,2025,https://api.odcloud.kr/api/15072696/v1/uddi:d8b661ea-f3eb-4717-8ede-afff5eca1e8a,경상북도,감경
여자,경상북도,감경,4등급,16015,2025,https://api.odcloud.kr/api/15072696/v1/uddi:d8b661ea-f3eb-4717-8ede-afff5eca1e8a,경상북도,감경
여자,경상북도,감경,5등급,4294,2025,https://api.odcloud.kr/api/15072696/v1/uddi:d8b661ea-f3eb-4717-8ede-afff5eca1e8a,경상북도,감경
여자,경상북도,감경,인지지원등급,511,2025,https://api.odcloud.kr/api/15072696/v1/uddi:d8b661ea-f3eb-4717-8ede-afff5eca1e8a,경상북도,감경
여자,경상북도,감경,등급외,253,2025,https://api.odcloud.kr/api/15072696/v1/uddi:d8b661ea-f3eb-4717-8ede-afff5eca1e8a,경상북도,감경
여자,경상북도,의료급여,1등급,20,2025,https://api.odcloud.kr/api/15072696/v1/uddi:d8b661ea-f3eb-4717-8ede-afff5eca1e8a,경상북도,의료급여
여자,경상북도,의료급여,2등급,61,2025,https://api.odcloud.kr/api/15072696/v1/uddi:d8b661ea-f3eb-4717-8ede-afff5eca1e8a,경상북도,의료급여
여자,경상북도,의료급여,3등급,202,2025,https://api.odcloud.kr/api/15072696/v1/uddi:d8b661ea-f3eb-4717-8ede-afff5eca1e8a,경상북도,의료급여
여자,경상북도,의료급여,4등급,372,2025,https://api.odcloud.kr/api/15072696/v1/uddi:d8b661ea-f3eb-4717-8ede-afff5eca1e8a,경상북도,의료급여
여자,경상북도,의료급여,5등급,92,2025,https://api.odcloud.kr/api/15072696/v1/uddi:d8b661ea-f3eb-4717-8ede-afff5eca1e8a,경상북도,의료급여
여자,경상북도,의료급여,인지지원등급,7,2025,https://api.odcloud.kr/api/15072696/v1/uddi:d8b661ea-f3eb-4717-8ede-afff5eca1e8a,경상북도,의료급여
여자,경상북도,의료급여,등급외,37,2025,https://api.odcloud.kr/api/15072696/v1/uddi:d8b661ea-f3eb-4717-8ede-afff5eca1e8a,경상북도,의료급여
여자,경상북도,기초수급,1등급,341,2025,https://api.odcloud.kr/api/15072696/v1/uddi:d8b661ea-f3eb-4717-8ede-afff5eca1e8a,경상북도,기초수급
여자,경상북도,기초수급,2등급,681,2025,https://api.odcloud.kr/api/15072696/v1/uddi:d8b661ea-f3eb-4717-8ede-afff5eca1e8a,경상북도,기초수급
여자,경상북도,기초수급,3등급,2099,2025,https://api.odcloud.kr/api/15072696/v1/uddi:d8b661ea-f3eb-4717-8ede-afff5eca1e8a,경상북도,기초수급
여자,경상북도,기초수급,4등급,4657,2025,https://api.odcloud.kr/api/15072696/v1/uddi:d8b661ea-f3eb-4717-8ede-afff5eca1e8a,경상북도,기초수급
여자,경상북도,기초수급,5등급,1292,2025,https://api.odcloud.kr/api/15072696/v1/uddi:d8b661ea-f3eb-4717-8ede-afff5eca1e8a,경상북도,기초수급
여자,경상북도,기초수급,인지지원등급,176,2025,https://api.odcloud.kr/api/15072696/v1/uddi:d8b661ea-f3eb-4717-8ede-afff5eca1e8a,경상북도,기초수급
여자,경상북도,기초수급,등급외,1109,2025,https://api.odcloud.kr/api/15072696/v1/uddi:d8b661ea-f3eb-4717-8ede-afff5eca1e8a,경상북도,기초수급
남자,경상남도,일반,1등급,343,2025,https://api.odcloud.kr/api/15072696/v1/uddi:d8b661ea-f3eb-4717-8ede-afff5eca1e8a,경상남도,일반
남자,경상남도,일반,2등급,679,2025,https://api.odcloud.kr/api/15072696/v1/uddi:d8b661ea-f3eb-4717-8ede-afff5eca1e8a,경상남도,일반
남자,경상남도,일반,3등급,2593,2025,https://api.odcloud.kr/api/15072696/v1/uddi:d8b661ea-f3eb-4717-8ede-afff5eca1e8a,경상남도,일반
남자,경상남도,일반,4등급,5683,2025,https://api.odcloud.kr/api/15072696/v1/uddi:d8b661ea-f3eb-4717-8ede-afff5eca1e8a,경상남도,일반
남자,경상남도,일반,5등급,1573,2025,https://api.odcloud.kr/api/15072696/v1/uddi:d8b661ea-f3eb-4717-8ede-afff5eca1e8a,경상남도,일반
남자,경상남도,일반,인지지원등급,298,2025,https://api.odcloud.kr/api/15072696/v1/uddi:d8b661ea-f3eb-4717-8ede-afff5eca1e8a,경상남도,일반
남자,경상남도,일반,등급외,2932,2025,https://api.odcloud.kr/api/15072696/v1/uddi:d8b661ea-f3eb-4717-8ede-afff5eca1e8a,경상남도,일반
남자,경상남도,감경,1등급,303,2025,https://api.odcloud.kr/api/15072696/v1/uddi:d8b661ea-f3eb-4717-8ede-afff5eca1e8a,경상남도,감경
남자,경상남도,감경,2등급,652,2025,https://api.odcloud.kr/api/15072696/v1/uddi:d8b661ea-f3eb-4717-8ede-afff5eca1e8a,경상남도,감경
남자,경상남도,감경,3등급,2591,2025,https://api.odcloud.kr/api/15072696/v1/uddi:d8b661ea-f3eb-4717-8ede-afff5eca1e8a,경상남도,감경
남자,경상남도,감경,4등급,5451,2025,https://api.odcloud.kr/api/15072696/v1/uddi:d8b661ea-f3eb-4717-8ede-afff5eca1e8a,경상남도,감경
남자,경상남도,감경,5등급,1488,2025,https://api.odcloud.kr/api/15072696/v1/uddi:d8b661ea-f3eb-4717-8ede-afff5eca1e8a,경상남도,감경
남자,경상남도,감경,인지지원등급,229,2025,https://api.odcloud.kr/api/15072696/v1/uddi:d8b661ea-f3eb-4717-8ede-afff5eca1e8a,경상남도,감경
남자,경상남도,감경,등급외,140,2025,https://api.odcloud.kr/api/15072696/v1/uddi:d8b661ea-f3eb-4717-8ede-afff5eca1e8a,경상남도,감경
남자,경상남도,의료급여,1등급,10,2025,https://api.odcloud.kr/api/15072696/v1/uddi:d8b661ea-f3eb-4717-8ede-afff5eca1e8a,경상남도,의료급여
남자,경상남도,의료급여,2등급,14,2025,https://api.odcloud.kr/api/15072696/v1/uddi:d8b661ea-f3eb-4717-8ede-afff5eca1e8a,경상남도,의료급여
남자,경상남도,의료급여,3등급,41,2025,https://api.odcloud.kr/api/15072696/v1/uddi:d8b661ea-f3eb-4717-8ede-afff5eca1e8a,경상남도,의료급여
남자,경상남도,의료급여,4등급,107,2025,https://api.odcloud.kr/api/15072696/v1/uddi:d8b661ea-f3eb-4717-8ede-afff5eca1e8a,경상남도,의료급여
남자,경상남도,의료급여,5등급,24,2025,https://api.odcloud.kr/api/15072696/v1/uddi:d8b661ea-f3eb-4717-8ede-afff5eca1e8a,경상남도,의료급여
남자,경상남도,의료급여,인지지원등급,3,2025,https://api.odcloud.kr/api/15072696/v1/uddi:d8b661ea-f3eb-4717-8ede-afff5eca1e8a,경상남도,의료급여
남자,경상남도,의료급여,등급외,26,2025,https://api.odcloud.kr/api/15072696/v1/uddi:d8b661ea-f3eb-4717-8ede-afff5eca1e8a,경상남도,의료급여
남자,경상남도,기초수급,1등급,118,2025,https://api.odcloud.kr/api/15072696/v1/uddi:d8b661ea-f3eb-4717-8ede-afff5eca1e8a,경상남도,기초수급
남자,경상남도,기초수급,2등급,238,2025,https://api.odcloud.kr/api/15072696/v1/uddi:d8b661ea-f3eb-4717-8ede-afff5eca1e8a,경상남도,기초수급
남자,경상남도,기초수급,3등급,819,2025,https://api.odcloud.kr/api/15072696/v1/uddi:d8b661ea-f3eb-4717-8ede-afff5eca1e8a,경상남도,기초수급
남자,경상남도,기초수급,4등급,2317,2025,https://api.odcloud.kr/api/15072696/v1/uddi:d8b661ea-f3eb-4717-8ede-afff5eca1e8a,경상남도,기초수급
남자,경상남도,기초수급,5등급,811,2025,https://api.odcloud.kr/api/15072696/v1/uddi:d8b661ea-f3eb-4717-8ede-afff5eca1e8a,경상남도,기초수급
남자,경상남도,기초수급,인지지원등급,197,2025,https://api.odcloud.kr/api/15072696/v1/uddi:d8b661ea-f3eb-4717-8ede-afff5eca1e8a,경상남도,기초수급
남자,경상남도,기초수급,등급외,1173,2025,https://api.odcloud.kr/api/15072696/v1/uddi:d8b661ea-f3eb-4717-8ede-afff5eca1e8a,경상남도,기초수급
여자,경상남도,일반,1등급,814,2025,https://api.odcloud.kr/api/15072696/v1/uddi:d8b661ea-f3eb-4717-8ede-afff5eca1e8a,경상남도,일반
여자,경상남도,일반,2등급,1657,2025,https://api.odcloud.kr/api/15072696/v1/uddi:d8b661ea-f3eb-4717-8ede-afff5eca1e8a,경상남도,일반
여자,경상남도,일반,3등급,5666,2025,https://api.odcloud.kr/api/15072696/v1/uddi:d8b661ea-f3eb-4717-8ede-afff5eca1e8a,경상남도,일반
여자,경상남도,일반,4등급,12892,2025,https://api.odcloud.kr/api/15072696/v1/uddi:d8b661ea-f3eb-4717-8ede-afff5eca1e8a,경상남도,일반
여자,경상남도,일반,5등급,3377,2025,https://api.odcloud.kr/api/15072696/v1/uddi:d8b661ea-f3eb-4717-8ede-afff5eca1e8a,경상남도,일반
여자,경상남도,일반,인지지원등급,558,2025,https://api.odcloud.kr/api/15072696/v1/uddi:d8b661ea-f3eb-4717-8ede-afff5eca1e8a,경상남도,일반
여자,경상남도,일반,등급외,5327,2025,https://api.odcloud.kr/api/15072696/v1/uddi:d8b661ea-f3eb-4717-8ede-afff5eca1e8a,경상남도,일반
여자,경상남도,감경,1등급,1194,2025,https://api.odcloud.kr/api/15072696/v1/uddi:d8b661ea-f3eb-4717-8ede-afff5eca1e8a,경상남도,감경
여자,경상남도,감경,2등급,2743,2025,https://api.odcloud.kr/api/15072696/v1/uddi:d8b661ea-f3eb-4717-8ede-afff5eca1e8a,경상남도,감경
여자,경상남도,감경,3등급,8578,2025,https://api.odcloud.kr/api/15072696/v1/uddi:d8b661ea-f3eb-4717-8ede-afff5eca1e8a,경상남도,감경
여자,경상남도,감경,4등급,17469,2025,https://api.odcloud.kr/api/15072696/v1/uddi:d8b661ea-f3eb-4717-8ede-afff5eca1e8a,경상남도,감경
여자,경상남도,감경,5등급,4134,2025,https://api.odcloud.kr/api/15072696/v1/uddi:d8b661ea-f3eb-4717-8ede-afff5eca1e8a,경상남도,감경
여자,경상남도,감경,인지지원등급,540,2025,https://api.odcloud.kr/api/15072696/v1/uddi:d8b661ea-f3eb-4717-8ede-afff5eca1e8a,경상남도,감경
여자,경상남도,감경,등급외,259,2025,https://api.odcloud.kr/api/15072696/v1/uddi:d8b661ea-f3eb-4717-8ede-afff5eca1e8a,경상남도,감경
여자,경상남도,의료급여,1등급,37,2025,https://api.odcloud.kr/api/15072696/v1/uddi:d8b661ea-f3eb-4717-8ede-afff5eca1e8a,경상남도,의료급여
여자,경상남도,의료급여,2등급,64,2025,https://api.odcloud.kr/api/15072696/v1/uddi:d8b661ea-f3eb-4717-8ede-afff5eca1e8a,경상남도,의료급여
여자,경상남도,의료급여,3등급,198,2025,https://api.odcloud.kr/api/15072696/v1/uddi:d8b661ea-f3eb-4717-8ede-afff5eca1e8a,경상남도,의료급여
여자,경상남도,의료급여,4등급,392,2025,https://api.odcloud.kr/api/15072696/v1/uddi:d8b661ea-f3eb-4717-8ede-afff5eca1e8a,경상남도,의료급여
여자,경상남도,의료급여,5등급,93,2025,https://api.odcloud.kr/api/15072696/v1/uddi:d8b661ea-f3eb-4717-8ede-afff5eca1e8a,경상남도,의료급여
여자,경상남도,의료급여,인지지원등급,5,2025,https://api.odcloud.kr/api/15072696/v1/uddi:d8b661ea-f3eb-4717-8ede-afff5eca1e8a,경상남도,의료급여
여자,경상남도,의료급여,등급외,45,2025,https://api.odcloud.kr/api/15072696/v1/uddi:d8b661ea-f3eb-4717-8ede-afff5eca1e8a,경상남도,의료급여
여자,경상남도,기초수급,1등급,337,2025,https://api.odcloud.kr/api/15072696/v1/uddi:d8b661ea-f3eb-4717-8ede-afff5eca1e8a,경상남도,기초수급
여자,경상남도,기초수급,2등급,744,2025,https://api.odcloud.kr/api/15072696/v1/uddi:d8b661ea-f3eb-4717-8ede-afff5eca1e8a,경상남도,기초수급
여자,경상남도,기초수급,3등급,2163,2025,https://api.odcloud.kr/api/15072696/v1/uddi:d8b661ea-f3eb-4717-8ede-afff5eca1e8a,경상남도,기초수급
여자,경상남도,기초수급,4등급,5056,2025,https://api.odcloud.kr/api/15072696/v1/uddi:d8b661ea-f3eb-4717-8ede-afff5eca1e8a,경상남도,기초수급
여자,경상남도,기초수급,5등급,1316,2025,https://api.odcloud.kr/api/15072696/v1/uddi:d8b661ea-f3eb-4717-8ede-afff5eca1e8a,경상남도,기초수급
여자,경상남도,기초수급,인지지원등급,216,2025,https://api.odcloud.kr/api/15072696/v1/uddi:d8b661ea-f3eb-4717-8ede-afff5eca1e8a,경상남도,기초수급
여자,경상남도,기초수급,등급외,1260,2025,https://api.odcloud.kr/api/15072696/v1/uddi:d8b661ea-f3eb-4717-8ede-afff5eca1e8a,경상남도,기초수급
남자,제주특별자치도,일반,1등급,116,2025,https://api.odcloud.kr/api/15072696/v1/uddi:d8b661ea-f3eb-4717-8ede-afff5eca1e8a,제주특별자치도,일반
남자,제주특별자치도,일반,2등급,162,2025,https://api.odcloud.kr/api/15072696/v1/uddi:d8b661ea-f3eb-4717-8ede-afff5eca1e8a,제주특별자치도,일반
남자,제주특별자치도,일반,3등급,508,2025,https://api.odcloud.kr/api/15072696/v1/uddi:d8b661ea-f3eb-4717-8ede-afff5eca1e8a,제주특별자치도,일반
남자,제주특별자치도,일반,4등급,747,2025,https://api.odcloud.kr/api/15072696/v1/uddi:d8b661ea-f3eb-4717-8ede-afff5eca1e8a,제주특별자치도,일반
남자,제주특별자치도,일반,5등급,171,2025,https://api.odcloud.kr/api/15072696/v1/uddi:d8b661ea-f3eb-4717-8ede-afff5eca1e8a,제주특별자치도,일반
남자,제주특별자치도,일반,인지지원등급,43,2025,https://api.odcloud.kr/api/15072696/v1/uddi:d8b661ea-f3eb-4717-8ede-afff5eca1e8a,제주특별자치도,일반
남자,제주특별자치도,일반,등급외,360,2025,https://api.odcloud.kr/api/15072696/v1/uddi:d8b661ea-f3eb-4717-8ede-afff5eca1e8a,제주특별자치도,일반
남자,제주특별자치도,감경,1등급,61,2025,https://api.odcloud.kr/api/15072696/v1/uddi:d8b661ea-f3eb-4717-8ede-afff5eca1e8a,제주특별자치도,감경
남자,제주특별자치도,감경,2등급,126,2025,https://api.odcloud.kr/api/15072696/v1/uddi:d8b661ea-f3eb-4717-8ede-afff5eca1e8a,제주특별자치도,감경
남자,제주특별자치도,감경,3등급,363,2025,https://api.odcloud.kr/api/15072696/v1/uddi:d8b661ea-f3eb-4717-8ede-afff5eca1e8a,제주특별자치도,감경
남자,제주특별자치도,감경,4등급,467,2025,https://api.odcloud.kr/api/15072696/v1/uddi:d8b661ea-f3eb-4717-8ede-afff5eca1e8a,제주특별자치도,감경
남자,제주특별자치도,감경,5등급,119,2025,https://api.odcloud.kr/api/15072696/v1/uddi:d8b661ea-f3eb-4717-8ede-afff5eca1e8a,제주특별자치도,감경
남자,제주특별자치도,감경,인지지원등급,53,2025,https://api.odcloud.kr/api/15072696/v1/uddi:d8b661ea-f3eb-4717-8ede-afff5eca1e8a,제주특별자치도,감경
남자,제주특별자치도,감경,등급외,19,2025,https://api.odcloud.kr/api/15072696/v1/uddi:d8b661ea-f3eb-4717-8ede-afff5eca1e8a,제주특별자치도,감경
남자,제주특별자치도,의료급여,1등급,2,2025,https://api.odcloud.kr/api/15072696/v1/uddi:d8b661ea-f3eb-4717-8ede-afff5eca1e8a,제주특별자치도,의료급여
남자,제주특별자치도,의료급여,2등급,2,2025,https://api.odcloud.kr/api/15072696/v1/uddi:d8b661ea-f3eb-4717-8ede-afff5eca1e8a,제주특별자치도,의료급여
남자,제주특별자치도,의료급여,3등급,14,2025,https://api.odcloud.kr/api/15072696/v1/uddi:d8b661ea-f3eb-4717-8ede-afff5eca1e8a,제주특별자치도,의료급여
남자,제주특별자치도,의료급여,4등급,14,2025,https://api.odcloud.kr/api/15072696/v1/uddi:d8b661ea-f3eb-4717-8ede-afff5eca1e8a,제주특별자치도,의료급여
남자,제주특별자치도,의료급여,5등급,2,2025,https://api.odcloud.kr/api/15072696/v1/uddi:d8b661ea-f3eb-4717-8ede-afff5eca1e8a,제주특별자치도,의료급여
남자,제주특별자치도,의료급여,인지지원등급,0,2025,https://api.odcloud.kr/api/15072696/v1/uddi:d8b661ea-f3eb-4717-8ede-afff5eca1e8a,제주특별자치도,의료급여
남자,제주특별자치도,의료급여,등급외,3,2025,https://api.odcloud.kr/api/15072696/v1/uddi:d8b661ea-f3eb-4717-8ede-afff5eca1e8a,제주특별자치도,의료급여
남자,제주특별자치도,기초수급,1등급,49,2025,https://api.odcloud.kr/api/15072696/v1/uddi:d8b661ea-f3eb-4717-8ede-afff5eca1e8a,제주특별자치도,기초수급
남자,제주특별자치도,기초수급,2등급,67,2025,https://api.odcloud.kr/api/15072696/v1/uddi:d8b661ea-f3eb-4717-8ede-afff5eca1e8a,제주특별자치도,기초수급
남자,제주특별자치도,기초수급,3등급,189,2025,https://api.odcloud.kr/api/15072696/v1/uddi:d8b661ea-f3eb-4717-8ede-afff5eca1e8a,제주특별자치도,기초수급
남자,제주특별자치도,기초수급,4등급,303,2025,https://api.odcloud.kr/api/15072696/v1/uddi:d8b661ea-f3eb-4717-8ede-afff5eca1e8a,제주특별자치도,기초수급
남자,제주특별자치도,기초수급,5등급,51,2025,https://api.odcloud.kr/api/15072696/v1/uddi:d8b661ea-f3eb-4717-8ede-afff5eca1e8a,제주특별자치도,기초수급
남자,제주특별자치도,기초수급,인지지원등급,20,2025,https://api.odcloud.kr/api/15072696/v1/uddi:d8b661ea-f3eb-4717-8ede-afff5eca1e8a,제주특별자치도,기초수급
남자,제주특별자치도,기초수급,등급외,203,2025,https://api.odcloud.kr/api/15072696/v1/uddi:d8b661ea-f3eb-4717-8ede-afff5eca1e8a,제주특별자치도,기초수급
여자,제주특별자치도,일반,1등급,305,2025,https://api.odcloud.kr/api/15072696/v1/uddi:d8b661ea-f3eb-4717-8ede-afff5eca1e8a,제주특별자치도,일반
여자,제주특별자치도,일반,2등급,434,2025,https://api.odcloud.kr/api/15072696/v1/uddi:d8b661ea-f3eb-4717-8ede-afff5eca1e8a,제주특별자치도,일반
여자,제주특별자치도,일반,3등급,1078,2025,https://api.odcloud.kr/api/15072696/v1/uddi:d8b661ea-f3eb-4717-8ede-afff5eca1e8a,제주특별자치도,일반
여자,제주특별자치도,일반,4등급,1379,2025,https://api.odcloud.kr/api/15072696/v1/uddi:d8b661ea-f3eb-4717-8ede-afff5eca1e8a,제주특별자치도,일반
여자,제주특별자치도,일반,5등급,406,2025,https://api.odcloud.kr/api/15072696/v1/uddi:d8b661ea-f3eb-4717-8ede-afff5eca1e8a,제주특별자치도,일반
여자,제주특별자치도,일반,인지지원등급,147,2025,https://api.odcloud.kr/api/15072696/v1/uddi:d8b661ea-f3eb-4717-8ede-afff5eca1e8a,제주특별자치도,일반
여자,제주특별자치도,일반,등급외,715,2025,https://api.odcloud.kr/api/15072696/v1/uddi:d8b661ea-f3eb-4717-8ede-afff5eca1e8a,제주특별자치도,일반
여자,제주특별자치도,감경,1등급,309,2025,https://api.odcloud.kr/api/15072696/v1/uddi:d8b661ea-f3eb-4717-8ede-afff5eca1e8a,제주특별자치도,감경
여자,제주특별자치도,감경,2등급,452,2025,https://api.odcloud.kr/api/15072696/v1/uddi:d8b661ea-f3eb-4717-8ede-afff5eca1e8a,제주특별자치도,감경
여자,제주특별자치도,감경,3등급,1064,2025,https://api.odcloud.kr/api/15072696/v1/uddi:d8b661ea-f3eb-4717-8ede-afff5eca1e8a,제주특별자치도,감경
여자,제주특별자치도,감경,4등급,1359,2025,https://api.odcloud.kr/api/15072696/v1/uddi:d8b661ea-f3eb-4717-8ede-afff5eca1e8a,제주특별자치도,감경
여자,제주특별자치도,감경,5등급,302,2025,https://api.odcloud.kr/api/15072696/v1/uddi:d8b661ea-f3eb-4717-8ede-afff5eca1e8a,제주특별자치도,감경
여자,제주특별자치도,감경,인지지원등급,114,2025,https://api.odcloud.kr/api/15072696/v1/uddi:d8b661ea-f3eb-4717-8ede-afff5eca1e8a,제주특별자치도,감경
여자,제주특별자치도,감경,등급외,33,2025,https://api.odcloud.kr/api/15072696/v1/uddi:d8b661ea-f3eb-4717-8ede-afff5eca1e8a,제주특별자치도,감경
여자,제주특별자치도,의료급여,1등급,17,2025,https://api.odcloud.kr/api/15072696/v1/uddi:d8b661ea-f3eb-4717-8ede-afff5eca1e8a,제주특별자치도,의료급여
여자,제주특별자치도,의료급여,2등급,24,2025,https://api.odcloud.kr/api/15072696/v1/uddi:d8b661ea-f3eb-4717-8ede-afff5eca1e8a,제주특별자치도,의료급여
여자,제주특별자치도,의료급여,3등급,47,2025,https://api.odcloud.kr/api/15072696/v1/uddi:d8b661ea-f3eb-4717-8ede-afff5eca1e8a,제주특별자치도,의료급여
여자,제주특별자치도,의료급여,4등급,54,2025,https://api.odcloud.kr/api/15072696/v1/uddi:d8b661ea-f3eb-4717-8ede-afff5eca1e8a,제주특별자치도,의료급여
여자,제주특별자치도,의료급여,5등급,6,2025,https://api.odcloud.kr/api/15072696/v1/uddi:d8b661ea-f3eb-4717-8ede-afff5eca1e8a,제주특별자치도,의료급여
여자,제주특별자치도,의료급여,인지지원등급,1,2025,https://api.odcloud.kr/api/15072696/v1/uddi:d8b661ea-f3eb-4717-8ede-afff5eca1e8a,제주특별자치도,의료급여
여자,제주특별자치도,의료급여,등급외,15,2025,https://api.odcloud.kr/api/15072696/v1/uddi:d8b661ea-f3eb-4717-8ede-afff5eca1e8a,제주특별자치도,의료급여
여자,제주특별자치도,기초수급,1등급,132,2025,https://api.odcloud.kr/api/15072696/v1/uddi:d8b661ea-f3eb-4717-8ede-afff5eca1e8a,제주특별자치도,기초수급
여자,제주특별자치도,기초수급,2등급,175,2025,https://api.odcloud.kr/api/15072696/v1/uddi:d8b661ea-f3eb-4717-8ede-afff5eca1e8a,제주특별자치도,기초수급
여자,제주특별자치도,기초수급,3등급,437,2025,https://api.odcloud.kr/api/15072696/v1/uddi:d8b661ea-f3eb-4717-8ede-afff5eca1e8a,제주특별자치도,기초수급
여자,제주특별자치도,기초수급,4등급,553,2025,https://api.odcloud.kr/api/15072696/v1/uddi:d8b661ea-f3eb-4717-8ede-afff5eca1e8a,제주특별자치도,기초수급
여자,제주특별자치도,기초수급,5등급,125,2025,https://api.odcloud.kr/api/15072696/v1/uddi:d8b661ea-f3eb-4717-8ede-afff5eca1e8a,제주특별자치도,기초수급
여자,제주특별자치도,기초수급,인지지원등급,46,2025,https://api.odcloud.kr/api/15072696/v1/uddi:d8b661ea-f3eb-4717-8ede-afff5eca1e8a,제주특별자치도,기초수급
여자,제주특별자치도,기초수급,등급외,245,2025,https://api.odcloud.kr/api/15072696/v1/uddi:d8b661ea-f3eb-4717-8ede-afff5eca1e8a,제주특별자치도,기초수급
