title,labels,split
양산재가노인복지센터 노인맞춤돌봄서비스 특화전담사회복지사 긴급채용,"[""CARE_TASK""]",train
[시화공단] 회사 미화원 모집,"[""CLEANING_TASK""]",train
반도보라빌 아파트 미화원 구인,"[""CLEANING_TASK"", ""WALKING""]",train
[북한산 힐스테이트 3차 내.외부 미화원 구인],"[""CLEANING_TASK""]",train
(주)고암 인제대학교부산백병원 시설 전기팀 야간근무자 채용공고,"[""NIGHT_SHIFT""]",train
[동패동] GTX 운정역 금강펜테리움 센트럴파크 실내 미화원 모집,"[""CLEANING_TASK""]",train
[공군 항공안전단] 공무지근로자(시설관리원 설비/영선담당) 채용 공고,"[""FACILITY_MAINTENANCE""]",train
제약회사 미화직 모집,"[""CLEANING_TASK""]",train
원주시가족센터 직원 채용 공고 (청소년 상담사),"[""CLEANING_TASK""]",train
[김량장동] 은행 미화원 구인,"[""CLEANING_TASK""]",train
[고양동] 우방유쉘 아파트 미화원 모집,"[""CLEANING_TASK""]",train
2022년 제2회 노원구어르신돌봄지원센터 직원채용 모집(전담사회복지사),"[""CARE_TASK""]",train
아파트공사현장 야외화장실 미화원 채용,"[""CLEANING_TASK""]",train
[신문동] 더샵신문그리니티1차 미화원 모집,"[""CLEANING_TASK""]",train
아파트  청소원 구인,"[""CLEANING_TASK""]",train
김포 한강 한라비발디아파트 미화원 구인합니다.(장애인등록증 또는 장애인복지카드 소지자 우대),"[""CLEANING_TASK""]",train
건물 청소 미화원 모집,"[""CLEANING_TASK""]",train
"[수내역도보 5분] 대명상가 시설과장 모집(월급270, 주5일, 기계설비유지관리자 중급필수)","[""WALKING""]",train
한우리노인복지센터 사봉면 마성리 요양보호사 모집,"[""CARE_TASK""]",train
[안성시 발화동] 가온고등학교 미화사원 채용합니다(복지카드 소지자 우대),"[""CLEANING_TASK""]",train
[2024년 사상구 희망+채용박람회간접참가업체] 신규직원 요양보호사 채용 공고,"[""CARE_TASK""]",train
고양시 아이돌봄지원사업 직원채용 공고(육아휴직 대체자),"[""CARE_TASK""]",train
남태령역 인근 군부대 숙소청소 미화원 모집(급구),"[""CLEANING_TASK""]",train
식사동 위시티 일산자이1단지 청소원 모집,"[""CLEANING_TASK""]",train
[숭실대입구역 부근] 힐스테이트상도센트럴파크 아파트 /커뮤니티미화원 모집,"[""CLEANING_TASK""]",train
[용계동] 4등급 여자어르신 방문요양 요양보호사 구인,"[""CARE_TASK""]",train
자재관리 및 운송,"[""DRIVING""]",train
택시 운전 기사 모집,"[""DRIVING""]",train
동대문구시설관리공단 이문체육문화센터 한시적 근로자 채용공고 (골프지도 및 회원관리),"[""FACILITY_MAINTENANCE""]",train
[용인시]아파트 청소원(외곽)모집_에이스카운티아파트,"[""CLEANING_TASK""]",train
사무실 청소원 구함,"[""CLEANING_TASK""]",train
요양보호사 구인(주주야야휴휴) / 주간,"[""CARE_TASK""]",train
명지 신도시 아파트 미화원 모집,"[""CLEANING_TASK""]",train
상동효성센트럴타운 내부 미화원 구인 (복지카드 우대),"[""CLEANING_TASK""]",train
(북구 침산동 침산청구타운) 미화원 채용,"[""CLEANING_TASK""]",train
흑석동 우리유앤미 아파트 미화원 채용합니다.(장애인등록증·복지카드 또는 상이등급 1~3급 우대),"[""CLEANING_TASK""]",train
대화동 성저마을4단지 아파트 미화원 모집,"[""CLEANING_TASK""]",train
4등급할머니 재가요양보호사 구인,"[""CARE_TASK""]",train
우장산 롯데캐슬아파트 내부청소원 채용.(장애인등록증 또는 장애인복지카드 소지자 우대),"[""CLEANING_TASK""]",train
[대구 범어빌딩] 미화원  모집,"[""CLEANING_TASK""]",train
덕소주공2단지아파트 미화원 구인,"[""CLEANING_TASK""]",train
전선 일진전기 미화원  모집,"[""CLEANING_TASK""]",train
[서천동] 영통로 효성해링턴플레이스아파트 미화원 구인,"[""CLEANING_TASK""]",train
[용산구] 이태원1동 동사무소 청소,"[""CLEANING_TASK""]",train
미화원 채용 (세영프라자),"[""CLEANING_TASK""]",train
아현실버데이케어센터 주간 요양보호사 모집,"[""CARE_TASK""]",train
강남구청역 인근 빌딩 미화원 구인 공고,"[""CLEANING_TASK""]",train
[수성구 중동] 방문요양보호사님 모집합니다.,"[""CARE_TASK""]",train
[인천 동구] 일당직 미화원 모집,"[""CLEANING_TASK""]",train
판교원한림풀에버 아파트 미화원 채용,"[""CLEANING_TASK""]",train
충남아산 배방한라비발디 아파트 미화원 모집,"[""CLEANING_TASK""]",train
[화정동] 별빛마을 9단지 아파트 내부청소원 구인,"[""CLEANING_TASK""]",train
방화5단지 아파트 미화원 구인,"[""CLEANING_TASK""]",train
2025 제천시립치매전담요양？주야간보호센터 직원(간호(조무)사) 채용 공고,"[""NIGHT_SHIFT""]",train
한국석유관리원 본사(성남) 업무지원직(미화) 채용,"[""CLEANING_TASK""]",train
충북지체장애인협회 신규 직원 채용(장애인특별운송 차량 사업),"[""DRIVING""]",train
라이프타운아파트(쌍용동) 외곽미화원 모집,"[""CLEANING_TASK""]",train
경비청소용역업체 관리자 채용공고,"[""CLEANING_TASK""]",train
원흥동 삼송리슈빌센트럴파크 외곽청소원 모집,"[""CLEANING_TASK""]",train
팔달노인복지관 직원 채용 공고 - 노인맞춤돌봄서비스(특화사업) 전담사회복지사,"[""CARE_TASK""]",train
옥동 3주공 아파트 미화원 채용합니다.,"[""CLEANING_TASK""]",train
[수지구] 은행 미화원 구인,"[""CLEANING_TASK""]",train
부여 대형마트 운전기사원 모집,"[""DRIVING""]",train
[상일동] 고덕센트럴아이파크아파트 내부미화원 구인,"[""CLEANING_TASK""]",train
[서천동] 서천마을 휴먼시아 2단지 아파트 외곽미화원 모집,"[""CLEANING_TASK""]",train
[세계빌딩] 강남역 도보1분 *주말반* 미화원 (1명),"[""CLEANING_TASK"", ""WALKING""]",train
[성형외과] 압구정로데오역 인근 *세탁담당 미화* 모집 (1명),"[""CLEANING_TASK""]",train
[화성시 남양읍] 아파트 미화원 구인(복지카드 우대),"[""CLEANING_TASK""]",train
[애오개역] 애오개아이파크 미화원 구인,"[""CLEANING_TASK""]",train
[야당동] 한빛마을 4단지 실내 청소미화원 모집,"[""CLEANING_TASK""]",train
[송파구 장지동] 문현중학교 주간 시설관리(업무보조/청소등) 사원모집 (복지카드 소지자 우대),"[""CLEANING_TASK"", ""FACILITY_MAINTENANCE""]",train
홍성축협 배합사료 공장 지게차 운전원 및 노무직 모집,"[""DRIVING""]",train
아파트 청소원 모집- 양평 경남 2차아파트/복지카드우대,"[""CLEANING_TASK""]",train
김포 진흥 흥화아파트  미화원 모집,"[""CLEANING_TASK""]",train
경기광주 장시간 요양보호사 구인,"[""CARE_TASK""]",train
화성 원광종합병원 미화원 모집,"[""CLEANING_TASK""]",train
아파트외곽 미화원 모집,"[""CLEANING_TASK""]",train
기간제 요양보호사 채용 공고,"[""CARE_TASK""]",train
아이돌봄지원사업 행정지원인력 채용 공고,"[""CARE_TASK""]",train
아파트 외부 미화원 구인(주안동),"[""CLEANING_TASK""]",train
(동탄)영천동 퍼스트 파크 아파트 미화원 채용,"[""CLEANING_TASK""]",train
렉스텔 객실청소원,"[""CLEANING_TASK""]",train
[강남구청 구인기업초대의날 현장면접] 학교 야간 경비원 모집,"[""NIGHT_SHIFT""]",train
원흥동 삼송리슈빌센트럴파크 미화원 모집,"[""CLEANING_TASK""]",train
[안산/주간/주5] 물류센터 미화원 채용,"[""CLEANING_TASK""]",train
[목동 현대하이페리온] 아파트 내부 미화원 모집 (복지카드소지자 우대),"[""CLEANING_TASK""]",train
[채용대행] 가람마을4단지아파트 미화원 모집,"[""CLEANING_TASK""]",train
신풍역 상가 미화원 채용,"[""CLEANING_TASK""]",train
가재마을 2단지 아파트 외곽청소원 모집,"[""CLEANING_TASK""]",train
[증미역] 우림블루나인비즈니스센터 미화원 구인광고,"[""CLEANING_TASK""]",train
(9월27일)전남 동부권 일자리박람회_(주)광양교통 시내버스 운전기사 모집,"[""DRIVING""]",train
[뷰티플타워] 당산역 도보1분  건물*외곽*청소 미화원 1명,"[""CLEANING_TASK"", ""WALKING""]",train
[면목동 면목현대아파트] 내부 미화원 채용공고,"[""CLEANING_TASK""]",train
환경미화원 채용 -장애인 가능-,"[""CLEANING_TASK""]",train
"벽적골주공9단지 아파트 반장,실내 미화원 채용(복지카드 우대)","[""CLEANING_TASK""]",train
중동계룡아파트 실내미화원을 모집합니다.,"[""CLEANING_TASK""]",train
[초롱꽃마을 10단지외곽 미화원 모집],"[""CLEANING_TASK""]",train
"(하대원동, 현대아파트) 미화원 모집","[""CLEANING_TASK""]",train
이천 육종 시설관리/교배수 모집,"[""FACILITY_MAINTENANCE""]",train
송산그린시티 반도유보라아이비파크 미화원 구인 (복지카드 우대),"[""CLEANING_TASK""]",train
향남부영 3단지 아파트 미화원 모집 (11월 3일 출근 가능자),"[""CLEANING_TASK""]",train
[전포동] 서면세종그랑시아 미화원 모집,"[""CLEANING_TASK""]",train
"에이치플러스재활자립병원 간호간병통합서비스 재활지원(3교대),병동지원 인원 모집","[""CARE_TASK""]",train
[이담외과의원] 압구정 인근 미화원 구인,"[""CLEANING_TASK""]",train
[불교티비] 방배역 (듬직한 미화반장님) 1명 모집,"[""CLEANING_TASK""]",train
예울FMC 미화직 채용,"[""CLEANING_TASK""]",train
아파트 외곽 미화원(조경경험자),"[""CLEANING_TASK""]",train
[운양동] 소아병원 미화반장 채용,"[""CLEANING_TASK""]",train
김포마송 3단지 미화원 모집,"[""CLEANING_TASK""]",train
물류 및 자재관리 지게차운전원 모집,"[""DRIVING""]",train
벽적골주공9단지 아파트 내부 미화원 채용(복지카드 우대),"[""CLEANING_TASK""]",train
[신봉동 동일하이빌 2단지 ] 미화원 채용,"[""CLEANING_TASK""]",train
청량리역 롯데캐슬SKY L65 환경미화원 구인[복지카드우대],"[""CLEANING_TASK""]",train
내부 미화원 구인 합니다.,"[""CLEANING_TASK""]",train
평택도곡초등학교 특수운영직군 시설미화원 구인,"[""CLEANING_TASK""]",train
북한산 푸르지오 아파트 외곽 미화원 채용합니다.(장애인등록증 또는 장애인복지카드 소지자 우대),"[""CLEANING_TASK""]",train
부평동 요양보호사님 모십니다.,"[""CARE_TASK""]",train
연수건영아파트 내부 미화원 채용합니다.,"[""CLEANING_TASK""]",train
한양대학교 구리병원 미화원 오전조/오후조 모집,"[""CLEANING_TASK""]",train
[아산초원설화타운3차아파트] 미화원 모집,"[""CLEANING_TASK""]",train
[운정]한빛마을4단지 아파트 미화원 모집,"[""CLEANING_TASK""]",train
상암월드컵파크 6단지 아파트 미화원 모집합니다.(장애인등록증·복지카드 또는 상이등급 1~3급 우대),"[""CLEANING_TASK""]",train
[정자동] 분당파크뷰 아파트 외곽청소 미화원 모집,"[""CLEANING_TASK""]",train
[주4일 근무] 잠실동 교회 미화원 구인,"[""CLEANING_TASK""]",train
[미앤느여성의원] 덕소역 인근 7층병원 미화원 1명 모집,"[""CLEANING_TASK""]",train
일산태영아파트미화 구인(복지카드 카드),"[""CLEANING_TASK""]",train
운서SK뷰스카이시티2단지 미화원 모집,"[""CLEANING_TASK""]",train
안산파크푸르지오아파트 미화원 채용합니다.(장애인등록증 또는 장애인복지카드 소지자 우대),"[""CLEANING_TASK""]",train
디엠씨 롯데캐슬더퍼스트 청소원 (외곽/내부)-외곽 채용완료,"[""CLEANING_TASK""]",train
양주서희스타힐스 아파트 청소미화원 채용,"[""CLEANING_TASK""]",train
[죽전] 벽산1단지 아파트 미화원 채용,"[""CLEANING_TASK""]",train
지케이엘위드(외국인전용카지노) 채용 공고 - 서울 드래곤시티점(미화) 부문,"[""CLEANING_TASK""]",train
에덴재가복지센터 요양보호사 구인(부귀면),"[""CARE_TASK""]",train
[감일 힐스테이트포웰시티] 외곽 미화원 구인,"[""CLEANING_TASK""]",train
[호계2동] 신도브래뉴아파트 미화원,"[""CLEANING_TASK""]",train
[긴급] 구립 송정동데이케어센터 오후 운전원 채용,"[""DRIVING""]",train
평택 한일 아파트 외곽 청소원 모집,"[""CLEANING_TASK""]",train
세탁원 모집 (운전면허 소지자 우대),"[""DRIVING""]",train
[장애인/보훈대상자만 지원 가능] 두산건설 거제송정위브현장 사무실 청소 직원 채용,"[""CLEANING_TASK""]",train
해운대 아이파크 미화 구인,"[""CLEANING_TASK""]",train
시흥센트럴헤센 미화원 모집(시흥시 월곶),"[""CLEANING_TASK""]",train
[수지]죽전퍼스트하임 아파트 미화원 채용(복지카드 우대),"[""CLEANING_TASK""]",train
파주 문산선유3단지 아파트 미화원 채용합니다.(장애인등록증 또는 장애인복지카드 소지자 우대)],"[""CLEANING_TASK""]",train
[부성빌딩] 중구청 인근 시설관리원 모집,"[""FACILITY_MAINTENANCE""]",train
[인크루트회사] 서울역인근 청소미화원 모집,"[""CLEANING_TASK""]",train
[남천동] 우성보라아파트 미화원 채용,"[""CLEANING_TASK""]",train
백석동 흰돌마을 2단지 아파트 미화원 모집,"[""CLEANING_TASK""]",train
속초 생활숙박시설 시설관리 현장소장(전기안전관리자) 채용,"[""FACILITY_MAINTENANCE""]",train
서면 삼정타워 미화 부문 구인 모집,"[""CLEANING_TASK""]",train
[화성시 새솔동] 아파트 외곽 미화원 구인,"[""CLEANING_TASK""]",train
힐스테이트원주레스티지아파트 외곽미화원을 모집합니다.,"[""CLEANING_TASK""]",train
운송배차사무원,"[""DRIVING""]",train
동백 동일 하이빌[실내 스포츠센터 탕청소]해주실 분 모집,"[""CLEANING_TASK""]",train
함평군교통약자이동지원센터 직원(운전원) 채용 공고(2차),"[""DRIVING""]",train
[포스코휴먼스] 광양 클리닝 배송 계약직 채용 *장애인 우대,"[""DRIVING""]",train
아파트 외곽 청소 관리원 모집,"[""CLEANING_TASK""]",train
동아쇼핑점 시설관리_본점 녹정빌딩 시설관리,"[""FACILITY_MAINTENANCE""]",train
호반써밋서초파크  아파트 미화원 구인,"[""CLEANING_TASK""]",train
[분당]신성이엔지 단기(1개월)  여미화원 모집합니다. (주5일 근무),"[""CLEANING_TASK""]",train
부개뉴서울아파트 미화원 모집,"[""CLEANING_TASK""]",train
신봉마을 동부센트레빌5단지 아파트 미화 구인,"[""CLEANING_TASK""]",train
[갈매동] 갈매한라비발디아파트 실내 미화원 구인,"[""CLEANING_TASK""]",train
[평내호평역] KCC스위첸아파트 외곽미화원 모집합니다.,"[""CLEANING_TASK""]",train
밝고 명랑하신 요양보호사 구인합니다.,"[""CARE_TASK""]",train
유성중학교 미화원 채용,"[""CLEANING_TASK""]",train
[신동백 서해그랑블2차]아파트 미화원 구인(복지카드 소지자우대),"[""CLEANING_TASK""]",train
하나로TNS 사조센터 야간 시설직원 구인,"[""NIGHT_SHIFT""]",train
&lt;오산롯데캐슬스카이파크&gt; 아파트  미화원 모집 (복지카드 우대),"[""CLEANING_TASK""]",train
철산 13단지 아파트 청소원 모집-복지카드소지 우대,"[""CLEANING_TASK""]",train
동편마을2단지 외곽 미화원 모집,"[""CLEANING_TASK""]",train
[성석동] 청원네이처빌 아파트 미화원 모집,"[""CLEANING_TASK""]",train
서호지구체육시설 관리사원 채용공고,"[""FACILITY_MAINTENANCE""]",train
운암동 중외공원 모아미래도 아파트 외곽 미화원 모집,"[""CLEANING_TASK""]",train
[양주시] 신양주모아엘가니케아파트 미화원 모집,"[""CLEANING_TASK""]",train
아파트 미화원 모집 - 금호벽산아파트,"[""CLEANING_TASK""]",train
부천 상동역 인근 야간경비원 모집(일근직/ 야간경비/ 월급여 120만/ 상동역 도보2분거리/ 부천새롬프라자),"[""NIGHT_SHIFT"", ""WALKING""]",train
우리W타워 미화 야간반(여자화장실 청소 등) 모십니다.,"[""CLEANING_TASK"", ""NIGHT_SHIFT""]",train
천안 쌍용마을 뜨란채 아파트 미화원 구인합니다.,"[""CLEANING_TASK""]",train
창녕군치매전담요양원 요양보호사님 구인합니다.,"[""CARE_TASK""]",train
사무보조원 모집,"[""OFFICE_TASK""]",train
향남부영 3단지 아파트 미화원 모집,"[""CLEANING_TASK""]",train
경남 창원시 교보생명 마산사옥 시설관리(기계설비) 담당 모집,"[""FACILITY_MAINTENANCE""]",train
건물 청소 미화원 구인(월. 수. 금  오전4시간 파트타임),"[""CLEANING_TASK""]",train
[평내동] 아파트 미화원 채용,"[""CLEANING_TASK""]",train
영종자이 내부 미화,"[""CLEANING_TASK""]",train
[은행동] 미림프라자 미화원 채용,"[""CLEANING_TASK""]",train
구서동 협성그린타운아파트 미화원 채용,"[""CLEANING_TASK""]",train
충무로 영상센터 시설관리 (전기) 모집,"[""FACILITY_MAINTENANCE""]",train
{해솔마을 3단지] 아파트 내부 청소원 모집,"[""CLEANING_TASK""]",train
[제니하우스] 압구정로데오역 인근 건물 미화 1명,"[""CLEANING_TASK""]",train
[잠원동]아파트 청소원(외곽/청소차)모집_래미안신반포리오센트 아파트,"[""CLEANING_TASK""]",train
[인희빌딩] 청담역 인근 미화원 ***추가 모집***,"[""CLEANING_TASK""]",train
진주 프라임병원 미화직원 채용공고!!!,"[""CLEANING_TASK""]",train
동대문구시설관리공단 이문체육문화센터 시니어인턴 채용,"[""FACILITY_MAINTENANCE""]",train
"[삼구아이앤씨] 삼성스토어 홍성점 청소, 미화원 모집","[""CLEANING_TASK""]",train
아파트 내부 미화원 채용,"[""CLEANING_TASK""]",train
공무직근로자(시설관리원-조경) 채용,"[""FACILITY_MAINTENANCE""]",train
초원한양아파트 실내미화원 채용합니다.,"[""CLEANING_TASK""]",train
"[현장면접 구인공고] 빌딩 미화원, 빌딩시설관리원, 호텔 객실룸메이드 모집","[""CLEANING_TASK"", ""FACILITY_MAINTENANCE""]",train
[여주썬밸리호텔] 룸메이드(객실청소) 채용,"[""CLEANING_TASK""]",train
과천시노인복지관(본관) 주간보호센터 요양보호사(계약직) 모집 공고,"[""CARE_TASK""]",train
환경미화직원 채용,"[""CLEANING_TASK""]",train
"[압구정역 3번출구 도보 1분] 이소니프라자 주차 관리원 모집( 격일제, 월급 237만원)","[""WALKING""]",train
관광버스 운전직 모집,"[""DRIVING""]",train
[채용대행] 풍동 은행마을 1단지 아파트 내부 미화원 모집,"[""CLEANING_TASK""]",train
(주)코웍스 5월 직원채용(미화),"[""CLEANING_TASK""]",train
천안부성LH행복주택1단지아파트 실내미화원 모집,"[""CLEANING_TASK""]",train
공무직근로자(청소관리원) 채용,"[""CLEANING_TASK""]",train
"시내버스 운전원 모집(무료 기숙사,10월 민영제 노선 공영제 전환 확정)","[""DRIVING""]",train
아파트 미화원 - 화성 반월나노시티,"[""CLEANING_TASK""]",train
세종 더샵센트럴시티 아파트 외곽 미화원 채용합니다.,"[""CLEANING_TASK""]",train
광산구 월곡동 일신 아파트 미화원 모집,"[""CLEANING_TASK""]",train
감일파크센트레빌 미화원 구함(복지카드소지자우대),"[""CLEANING_TASK""]",train
[향남부영3단지] 아파트 내부 미화원 모집 (8월 18일 근무 가능자 우대),"[""CLEANING_TASK""]",train
2025 제천시립치매전담요양？주야간보호센터 직원(사회복지사) 채용 공고,"[""NIGHT_SHIFT""]",train
[마두동] 강촌마을2단지 아파트 청소원 모집,"[""CLEANING_TASK""]",train
간석동 /아파트 미화원 구인,"[""CLEANING_TASK""]",train
[기흥구 보정동] 솔뫼마을 현대홈타운 아파트 외곽/내부 미화원(주5일) 채용,"[""CLEANING_TASK""]",train
샬롬노인종합센터 긴급돌봄 사회복지사 채용공고,"[""CARE_TASK""]",train
[은계 호반 써밋플레이스 아파트] 미화원 1명 구인,"[""CLEANING_TASK""]",train
아파트(신주있음) 미화원 모집,"[""CLEANING_TASK""]",train
효성동 아파트 미화원 모집,"[""CLEANING_TASK""]",train
[잠실 오피스텔] 미화원 3명 모집,"[""CLEANING_TASK""]",train
[전포동] 서면세종그랑시아 아파트 미화원 채용,"[""CLEANING_TASK""]",train
마을버스 운전직 기사모집,"[""DRIVING""]",train
(양천구)목동롯데캐슬위너 아파트 내부 미화원 구인(복지카드 우대),"[""CLEANING_TASK""]",train
[광진구] 은행 미화원 구인,"[""CLEANING_TASK""]",train
군포 물류터미널 미화원(외곽청소 등) 구인,"[""CLEANING_TASK""]",train
한울1단지 아파트 실내청소원 모집,"[""CLEANING_TASK""]",train
국립중앙청소년수련원 기간제 직원 채용(설비관리),"[""CLEANING_TASK"", ""FACILITY_MAINTENANCE""]",train
김포한강LH솔터마을3단지 아파트 내부미화원 채용합니다.,"[""CLEANING_TASK""]",train
행신동 행신1차 SK VIEW (에스케이 뷰) 아파트 미화원 모집,"[""CLEANING_TASK""]",train
안산 고잔5차푸르지오 아파트 실내미화원,"[""CLEANING_TASK""]",train
[ 다산지금 경기행복주택아파트 ] 실내미화원 구인,"[""CLEANING_TASK""]",train
운정신도시 아이파크 아파트 실내청소 모집,"[""CLEANING_TASK""]",train
송파시그니처 롯데캐슬 아파트 내부 미화원 채용합니다.(장애인등록증 또는 장애인 복지카드 소지자 우대),"[""CLEANING_TASK""]",train
[대구죽전점] (주)쥬비스다이어트 미화원/청소 채용(정규직전환가능),"[""CLEANING_TASK""]",train
오피스텔 시설관리반장,"[""FACILITY_MAINTENANCE""]",train
"마곡 서울M플러스센터 미화직원 모집(마곡산업단지)--이력서 메일,팩스 접수","[""CLEANING_TASK""]",train
양천상가 미화원 구인,"[""CLEANING_TASK""]",train
한강파크뷰 우방아이유쉘 미화원 구인,"[""CLEANING_TASK""]",train
시범우남퍼스트빌아파트 미화 구인(복지카드 우대),"[""CLEANING_TASK""]",train
증평주공4단지아파트미화원 채용공고,"[""CLEANING_TASK""]",train
[채용대행] 운정 상가 미화원 모집,"[""CLEANING_TASK""]",train
"영통동, 두산.우성.한신아파트 미화원 모집","[""CLEANING_TASK""]",train
[부천 상동 행복한 마을 서해아파트 ] 아파트 미화원  구인,"[""CLEANING_TASK""]",train
[청라동]아파트 청소원 구인(복지카드 우대),"[""CLEANING_TASK""]",train
[상현동]아파트(외곽)청소원 모집-광교레이크포레,"[""CLEANING_TASK""]",train
[잠실 오피스텔] 미화반장님 1명 모집,"[""CLEANING_TASK""]",train
군산 타워써미트 아파트 미화원 채용합니다.,"[""CLEANING_TASK""]",train
(은행동)아란트리아파트 내부미화원 구인,"[""CLEANING_TASK""]",train
병원건물미화원,"[""CLEANING_TASK""]",train
[송파구 잠실동] 아파트 미화원 구인,"[""CLEANING_TASK""]",train
경북육아종합지원센터 시설관리자 채용,"[""FACILITY_MAINTENANCE""]",train
천안 계성원연수원 시설관리(기계설비) 담당 모집,"[""FACILITY_MAINTENANCE""]",train
[고양시 장항동]건설현장 야간경비원 모집,"[""NIGHT_SHIFT""]",train
일죽 ic 타운 아파트 외곽 미화원 모집합니다.,"[""CLEANING_TASK""]",train
신정마을 성지아파트 미화원,"[""CLEANING_TASK""]",train
"군자주공 9,10단지 아파트 외곽 미화원 구인","[""CLEANING_TASK""]",train
버스 운전직 구인,"[""DRIVING""]",train
[아산시외버스터미널 복합시설] 환경미화팀(청소원) 구인 - 주말근무가능자,"[""CLEANING_TASK""]",train
거제고등학교 기간제 교육공무직원(청소원) 채용 재공고(4차),"[""CLEANING_TASK""]",train
경주우성한빛타운1차 미화원 채용합니다.,"[""CLEANING_TASK""]",train
HD현대 중공업    미화원 채용,"[""CLEANING_TASK""]",train
아파트 청소원 모집의 건,"[""CLEANING_TASK""]",train
(하남시) 미사역 인근 CGV 미화원 모집합니다.,"[""CLEANING_TASK""]",train
아카데미센터(호계동) 건물 미화원 모집[한달만 근무],"[""CLEANING_TASK""]",train
시범우남퍼스트빌아파트 외곽미화 구인,"[""CLEANING_TASK""]",train
군산 수송2차 오투그란데 아파트 미화원 구인,"[""CLEANING_TASK""]",train
풍무동 길훈아파트 미화원 모집,"[""CLEANING_TASK""]",train
[북구 구암동] 4등급 재가요양보호사 구인,"[""CARE_TASK""]",train
평택 롯데캐슬 외곽미화원 채용합니다.,"[""CLEANING_TASK""]",train
빌딩 주차시설관리인 모집,"[""FACILITY_MAINTENANCE""]",train
남가좌동DMC 센트레빌 아파트 미화 모집,"[""CLEANING_TASK""]",train
2021년 노인맞춤돌봄서비스 생활지원사 채용 공고,"[""CARE_TASK""]",train
테라스가든 시설관리원,"[""FACILITY_MAINTENANCE""]",train
[강남벤처랜드] 삼성역 도보2분 *건물관리원* 모집,"[""WALKING""]",train
과천푸르지오 벨라르테 미화원 구인,"[""CLEANING_TASK""]",train
[서울 청계산입구역 도보 3분] 내곡 드림씨티 보안원 모집,"[""WALKING""]",train
[백석동] 백송마을7단지 아파트 미화원 모집,"[""CLEANING_TASK""]",train
[효성동] 아파트 내부 미화원 모집,"[""CLEANING_TASK""]",train
[천호동] 은행 미화원 구인,"[""CLEANING_TASK""]",train
리프트장착 승합차 운전원 채용,"[""DRIVING""]",train
국립현대미술관 청주 미술품수장센터 공무직 근로자 [시설관리원(영선)] 채용 공고,"[""FACILITY_MAINTENANCE""]",train
영종베르힐 스카이시티 외곽미화원 구인,"[""CLEANING_TASK""]",train
마곡엠시그니처 빌딩 미화원 구인,"[""CLEANING_TASK""]",train
강일리버파크9단지아파트 내부 청소원 모집,"[""CLEANING_TASK""]",train
사무보조 인력 채용,"[""OFFICE_TASK""]",train
우장산아이파크아파트 미화원 모집,"[""CLEANING_TASK""]",train
(의)예산종합병원 행정직(시설관리과) 채용,"[""FACILITY_MAINTENANCE""]",train
교보생명 울산사옥 시설관리(설비) 담당 모집,"[""FACILITY_MAINTENANCE""]",train
[한국앰코] 지게차운전원 계약직 채용(1년근무 보너스 지급-퇴직금 별도),"[""DRIVING""]",train
해태그린아파트 미화원 구인,"[""CLEANING_TASK""]",train
더샵판교포레스트12단지 내부미화원 채용합니다.(장애인등록증 또는 장애인복지카드 소지자 우대),"[""CLEANING_TASK""]",train
정암마을뜨란체 외곽미화원,"[""CLEANING_TASK""]",train
성남 수진역 인근 요양보호사 모집,"[""CARE_TASK""]",train
작전삼보아파트 미화원 모집,"[""CLEANING_TASK""]",train
지축동 LH 4단지 미화원 모집,"[""CLEANING_TASK""]",train
[해운대구 좌동] 해운대 엘지아파트 미화원 모집,"[""CLEANING_TASK""]",train
하남위례도서관 미화원 모집,"[""CLEANING_TASK""]",train
여의도 빌딩 미화반장 모집(복지카드소지자),"[""CLEANING_TASK""]",train
호텔 공용지역 청소원(미화원),"[""CLEANING_TASK""]",train
[일룸/강동 아이파크 더리버점]  일룸직영매장 강동 아이파크점 주6일 미화직 채용,"[""CLEANING_TASK""]",train
(급구) 기장군 정관읍 아파트 청소원 채용 (장애인 우대),"[""CLEANING_TASK""]",train
청라동 아파트 실내 미화원 구인,"[""CLEANING_TASK""]",train
[화도읍] 마석역신도브래뉴3차 아파트 미화원 (외곽포함) 구인,"[""CLEANING_TASK""]",train
철산 13단지 아파트 청소원 모집,"[""CLEANING_TASK""]",train
아파트 외곽청소원(백운밸리 제일풍경채 2단지) /,"[""CLEANING_TASK""]",train
더샵판교포레스트12단지 미화원 채용합니다.,"[""CLEANING_TASK""]",train
주안 더월드스테이트 외부 미화원 구인,"[""CLEANING_TASK""]",train
[HLB제약] 화성시 미화원 (2인) 모집,"[""CLEANING_TASK""]",train
[해병대군수단] 공무직 근로자 채용&lt;시설관리원-전기&gt;,"[""FACILITY_MAINTENANCE""]",train
"평택 삼성반도체 P1 외곽,라인청소 채용 ""서정동행정복지센터 상설면접 채용행사 예정 ""","[""CLEANING_TASK""]",train
진산마을 성원상테빌아파트 미화원 모집(복지카드소지자 우대),"[""CLEANING_TASK""]",train
신대방동 경남아파트 미화원 구인,"[""CLEANING_TASK""]",train
원주운전면허시험장 안전관리반장 정규직 채용공고,"[""DRIVING""]",train
화서역 푸르지오 브리시엘 청소원 모집(수원시),"[""CLEANING_TASK""]",train
[기흥 마북동] 현대모비스기술연구소 내 문서 수발(배송)업무,"[""DRIVING""]",train
"산곡우성 1,2,3차아파트 미화","[""CLEANING_TASK""]",train
고양 은빛마을6단지 프라웰아파트 외곽미화원 모집합니다.(장애인등록증 또는 장애인복지카드 소지자 우대),"[""CLEANING_TASK""]",train
아현실버데이케어센터 운전원모집(긴급),"[""DRIVING""]",train
원주 푸른숨LH9단지 미화원 모집 (복지카드 소지자 우대),"[""CLEANING_TASK""]",train
버스내부청소원 모집,"[""CLEANING_TASK""]",train
[화정동] 달빛마을 3단지신안 아파트 내부 미화원 구인 (복지카드 필수),"[""CLEANING_TASK""]",train
[긴급] 구립송정동데이케어센터 오전 운전원 채용,"[""DRIVING""]",train
동탄역 신안인스빌리베라 아파트 외곽미화원 모집(복지카드소지자 우대),"[""CLEANING_TASK""]",train
원주시가족센터 직원 (아이돌봄지원사업-사회복지사) 채용,"[""CARE_TASK""]",train
[서희스타힐스아파트] 서울대입구 인근 *외곽청소* 미화원 (1명) 모집,"[""CLEANING_TASK""]",train
▶ 동구 효목동 ◀ 재가요양보호사 채용,"[""CARE_TASK""]",train
[배곧2동] 배곧호반써밋플레이스C2아파트 미화원 채용,"[""CLEANING_TASK""]",train
[행신동] 아파트 청소원 모집,"[""CLEANING_TASK""]",train
거제 더샵블루시티아파트 내부 미화원 채용합니다.(장애인등록증 또는 장애인복지카드 소지자 우대),"[""CLEANING_TASK""]",train
백석동 현대밀라트 오피스텔 헬스장 미화원 모집,"[""CLEANING_TASK""]",train
한우리노인복지센터 강남동 요양보호사 모집,"[""CARE_TASK""]",train
김포 풍무 꿈에그린더포레듀5단지아파트 미화원 모집,"[""CLEANING_TASK""]",train
"평택 삼성반도체 P1 외곽,스막,라인청소 채용 ""5/28(수)13시 서정동행정복지센터 상설면접 채용행사 ""","[""CLEANING_TASK""]",train
오피스텔 건물 미화원 채용,"[""CLEANING_TASK""]",train
[분평주공3단지A] 미화원 채용,"[""CLEANING_TASK""]",train
더위크앤리조트 시설관리 직원 모집(기숙사운영),"[""FACILITY_MAINTENANCE""]",train
과천 린파밀리에아파트(입주) 미화원 구인,"[""CLEANING_TASK""]",train
직원(시설관리) 채용,"[""FACILITY_MAINTENANCE""]",train
[도로교통공단 울산경남지부(창원)] 실무계약직 채용 공고_시설관리,"[""FACILITY_MAINTENANCE""]",train
고덕래미안힐스테이트 주차장 미화원 모집,"[""CLEANING_TASK""]",train
[한솔솔파크] 아파트 청소원 모집,"[""CLEANING_TASK""]",train
미화원 모집(신평동 소재 건물),"[""CLEANING_TASK""]",train
(급 구) 다산한양수자인리버팰리스아파트 미화원 / 복지카드 소지자 우대,"[""CLEANING_TASK""]",train
[한강로3가] 용산센트럴파크 건물미화원 구인,"[""CLEANING_TASK""]",train
"[반포역, 잠원동아] 아파트 실내청소 모집","[""CLEANING_TASK""]",train
[미사강변 리버뷰자이] 아파트 청소원 모집,"[""CLEANING_TASK""]",train
(서현동) 상가건물 미화원 채용,"[""CLEANING_TASK""]",train
[김량장동] 삼환 나우빌 외곽 청소원 모집,"[""CLEANING_TASK""]",train
사무보조 및 C/S업무 담당 직원 채용합니다,"[""OFFICE_TASK""]",train
[채용대행] 나눔과 행복병원 미화 구인,"[""CLEANING_TASK""]",train
[동자동] 동부센트레빌 아스테리움 아파트 주차장 미화원 구인,"[""CLEANING_TASK""]",train
[흑석동] 흑석자이아파트 실내 미화원 구인,"[""CLEANING_TASK""]",train
정현중보들 테니스센터(중보들공원 체육시설) 관리사원(안내 및 미화) 채용공고,"[""CLEANING_TASK""]",train
천안 라이프타운 아파트 실내미화원을 모집합니다.,"[""CLEANING_TASK""]",train
식품회사 시설미화원/청소직 모집,"[""CLEANING_TASK""]",train
주식회사 부성 미화직 사원 모집(대학교 청소),"[""CLEANING_TASK""]",train
(재)경주화백컨벤션뷰로 2026년 직원 공개채용(2차) - 시설관리(소방),"[""FACILITY_MAINTENANCE""]",train
일산동 후곡마을2단지 아파트 미화원 모집,"[""CLEANING_TASK""]",train
송파시그니처 롯데캐슬 아파트 미화반장님 채용합니다.(장애인등록증 또는 장애인 복지카드 소지자 우대),"[""CLEANING_TASK""]",train
교통약자 특별교통수단 운전원 모집,"[""DRIVING""]",train
대흥1차아파트 실내 미화원을 모집합니다.,"[""CLEANING_TASK""]",train
구리덕현아파트 미화원 모집(복지카드 소지자 우대합니다.),"[""CLEANING_TASK""]",train
삼송동 삼송2차 아이파크 아파트 미화원 모집,"[""CLEANING_TASK""]",train
[이천] 증포 대원칸타빌2차 더테라스아파트 청소원 모집,"[""CLEANING_TASK""]",train
힐스테이트원주레스티지아파트 실내 미화원 채용,"[""CLEANING_TASK""]",train
과천 아파트 미화원 구인,"[""CLEANING_TASK""]",train
하늘마을4단지 아파트 청소원 모집,"[""CLEANING_TASK""]",train
열매마을7단지 아파트 미화원 구인,"[""CLEANING_TASK""]",train
"장전지구대, 부곡지구대 2곳 근무할 미화원 모집","[""CLEANING_TASK""]",train
안산 고잔동 상가청소 미화원 구인,"[""CLEANING_TASK""]",train
성남 무지개마을  신한건영아파트 내부 미화원 채용합니다.(장애인등록증 또는 장애인 복지카드 소지자 우대),"[""CLEANING_TASK""]",train
힐스테이트 리버시티1단지 아파트 내부 미화원 구인합니다.,"[""CLEANING_TASK""]",train
[용인동백] 병원 청소원 모집,"[""CLEANING_TASK""]",train
[상봉동 태영데시앙] 미화원 구인,"[""CLEANING_TASK""]",train
고덕래미안힐스테이트 아파트 외곽청소원 모집,"[""CLEANING_TASK""]",train
[덕풍KCC스위첸 ] 아파트 외부 미화원 구인,"[""CLEANING_TASK""]",train
원주시가족센터 직원 (아이돌봄 전문인력) 채용,"[""CARE_TASK""]",train
하남 감일 제일풍경채아파트 내부 미화원 채용,"[""CLEANING_TASK""]",train
[시흥1차에이스아파트]  미화원 모집,"[""CLEANING_TASK""]",train
미화원 모집(안산 중흥S-클래스더퍼스트 아파트),"[""CLEANING_TASK""]",train
[채용대행] 식사동 위시티일산자이2단지 아파트 내부 미화원 모집,"[""CLEANING_TASK""]",train
[삼성스토어 세종점] 미화 직원 모집,"[""CLEANING_TASK""]",train
[동수원엘지빌리지 2차] 아파트(실내) 미화원 채용합니다.,"[""CLEANING_TASK""]",train
이천한솔 아파트 미화원 구인(복지카드우대),"[""CLEANING_TASK""]",train
경기광주역 금호리첸시아 아파트 미화원 모집,"[""CLEANING_TASK""]",train
『2025.6.18(수) 계양구 상반기 채용의 날 직접참여업체』 인천공항 화물터미널 화물조업 및 지게차 운전(조업병행) 담당자 모집,"[""DRIVING""]",train
미화원 모집 (현대프라자-능곡),"[""CLEANING_TASK""]",train
[공세동] 대주피오레 2단지 아파트 외곽미화원 모집,"[""CLEANING_TASK""]",train
[평촌자이아이파크]미화원 구인,"[""CLEANING_TASK""]",train
★서울 장충빌딩에서 미화사원을 모집합니다.★,"[""CLEANING_TASK""]",train
중식 배달 정직원과  시간제 파트타임 직원 구해요,"[""DRIVING""]",train
신보운영관리(주) 신용보증기금 의정부지점 시설관리직 반장 정규직 채용,"[""FACILITY_MAINTENANCE""]",train
수기마을힐스테이트2단지아파트 외곽미화원 채용(복지카드소지자우대),"[""CLEANING_TASK""]",train
[봉담읍] 아파트 실내 미화원 모집,"[""CLEANING_TASK""]",train
사무보조(서류정리) 및 인터넷기사작성자 모집,"[""OFFICE_TASK""]",train
아파트 미화원 구함-철산 래미안자이아파트,"[""CLEANING_TASK""]",train
청라 센트럴에일린의뜰 아파트 커뮤니티센터 미화원 구인,"[""CLEANING_TASK""]",train
미트얌 식품회사 배송 납품 운전원 채용 공고,"[""DRIVING""]",train
SPC삼립 미래창조원  미화직 모집,"[""CLEANING_TASK""]",train
소래포구역 논현푸르지오 더퍼스트 아파트 미화원 채용합니다.(장애인등록증 또는 장애인복지카드 소지자 우대),"[""CLEANING_TASK""]",train
[도봉구 쌍문동] 선덕중학교 [격일제] 야간 경비원 채용(복지카드소지자 우대),"[""NIGHT_SHIFT""]",train
둔산동 둥지아파트 청소원/미화원 모집,"[""CLEANING_TASK""]",train
덕유마을 주공4단지아파트 (내부)미화,"[""CLEANING_TASK""]",train
경남 창원시 성산구 상남동 모델하우스 미화원 모집,"[""CLEANING_TASK""]",train
[행신동] 동문 아파트 내부청소원 모집,"[""CLEANING_TASK""]",train
롯데몰 광명점 미화관리 소장 모집,"[""CLEANING_TASK""]",train
[급구]풀무원양지물류센터 미화직 구인 194만 이상 중식제공,"[""CLEANING_TASK""]",train
원당 래미안휴레스트 아파트 미화원 모집,"[""CLEANING_TASK""]",train
(주)코엔서비스 남동본사사업소 미화직(청소_경노무원) 채용,"[""CLEANING_TASK""]",train
시화공단 회사 단시간 미화원 모집,"[""CLEANING_TASK""]",train
[성산동/오전] 5등급 어르신 요양보호사 구인,"[""CARE_TASK""]",train
영통동 경기수원외국인학교 미화원,"[""CLEANING_TASK""]",train
수내동 양지마을 금호3단지 아파트내 미화원 구인,"[""CLEANING_TASK""]",train
조경미화원 모집,"[""CLEANING_TASK""]",train
[수지구 성복역]롯데캐슬골드타운 아파트 미화원 모집,"[""CLEANING_TASK""]",train
2022년 목포시노인복지관 노인맞춤돌봄서비스사업 수행인력(생활지원사) 채용,"[""CARE_TASK""]",train
한화에코메트로5단지아파트 외곽 미화원 모집,"[""CLEANING_TASK""]",train
식품업체 현장 지게차 운전/창고 지게차 운전자 채용,"[""DRIVING""]",train
아파트(상가형 오피스텔) 미화원 채용,"[""CLEANING_TASK""]",train
대전 유성구 전민동 인근 연구소 미화원 모집(태광산업중앙연구소),"[""CLEANING_TASK""]",train
2024년 노인맞춤돌봄사업 생활지원서(계약직) 채용공고,"[""CARE_TASK""]",train
청소 및 재료 소분작업(단순노무),"[""CLEANING_TASK""]",train
지웰시티자이1단지아파트 미화원 모집,"[""CLEANING_TASK""]",train
행신동 햇빛마을19단지 미화원 모집,"[""CLEANING_TASK""]",train
▶ 동구 신기동  ◀ 재가요양보호사 구인,"[""CARE_TASK""]",train
여주 신도브래뉴 아파트 미화원 구인,"[""CLEANING_TASK""]",train
[ 호평동 ] KCC스위첸 아파트   외곽청소원 구인,"[""CLEANING_TASK""]",train
영업용 카카오 콜택시 운전원,"[""DRIVING""]",train
원주삼성아파트 실내미화원을 모집합니다.,"[""CLEANING_TASK""]",train
[용인 기흥]파크시엘 아파트 외곽미화원 구인(복지카드우대),"[""CLEANING_TASK""]",train
[일룸/데스커] 데스커시그니처스토어(신사동) 매장 미화직원 모집,"[""CLEANING_TASK""]",train
강동구도시관리공단 상용직 직원 채용(시설관리/안내/주차관리 통합직군),"[""FACILITY_MAINTENANCE""]",train
[분당]신성이엔지 미화원 급구 (주5일 근무),"[""CLEANING_TASK""]",train
인천 용현서해아파트 실내 미화원 채용합니다.(장애인등록증·복지카드 또는 상이등급 1~3급 우대),"[""CLEANING_TASK""]",train
2022년도 제3회 연천군시설관리공단  공개채용(기간제-청년인턴 사무보조원),"[""FACILITY_MAINTENANCE"", ""OFFICE_TASK""]",train
[일산동] 일산3차 현대홈타운 아파트 외곽청소원 모집,"[""CLEANING_TASK""]",train
"평택 삼성반도체 P1 건물청소,야간청소,외곽청소 미화원 채용 "" 10/28일 13시 서정동행정복지센터 상설면접 채용행사  ""","[""CLEANING_TASK"", ""NIGHT_SHIFT""]",train
[산수빌딩] 서초 양재역 인근 건물 미화원 구인,"[""CLEANING_TASK""]",train
광교지구체육시설 관리사원 채용공고,"[""FACILITY_MAINTENANCE""]",train
[원흥동] LH12단지  아파트 미화원 모집,"[""CLEANING_TASK""]",train
2022년 고양시 공공기관 직원 통합채용 공고(고양시청소년재단),"[""CLEANING_TASK""]",train
경남문화재돌봄센터(동부권역) 직원(3개월 계약직) 채용 공고,"[""CARE_TASK""]",train
스타디움센트럴시티아파트 미화원 구인,"[""CLEANING_TASK""]",train
탄현동 탄현마을10단지 아파트 미화원 모집,"[""CLEANING_TASK""]",train
[마북동] 현대모비스 기술연구소 사내 어린이집 시설관리원 모집,"[""FACILITY_MAINTENANCE""]",train
연제구 요양보호사 모십니다,"[""CARE_TASK""]",train
은평스카이뷰자이 내부 청소원 모집,"[""CLEANING_TASK""]",train
초롱꽃 마을10단지 아파트 미화원 모집,"[""CLEANING_TASK""]",train
안화주공7단지 아파트 외곽 미화원 구인,"[""CLEANING_TASK""]",train
"[성남교통] 배차관리, 배차사무, 운송사무원, 관리직 모집","[""DRIVING""]",train
[청주 오송] 바이넥스 미화원 구인,"[""CLEANING_TASK""]",train
[고양동] 푸른마을10단지 아파트 미화원 모집,"[""CLEANING_TASK""]",train
구월동/ 아파트  외곽미화원 모집,"[""CLEANING_TASK""]",train
금호동 아파트 청소원 및  채용,"[""CLEANING_TASK""]",train
간병인 모집(자택 소아암 환아 돌봄 및 간병서비스 지원),"[""CARE_TASK""]",train
가재마을 2단지 아파트 미화원 모집,"[""CLEANING_TASK""]",train
용인 한보라마을 휴먼시아6단지 아파트 미화원 채용합니다.(장애인등록증 또는 장애인복지카드 소지자 우대),"[""CLEANING_TASK""]",train
원흥아이제일병원 미화직 채용,"[""CLEANING_TASK""]",train
반월공단 회사 단시간 미화원 모집,"[""CLEANING_TASK""]",train
송산그린시티 반도유보라아이비파크 외곽미화원(청소차운행가능자) 구인,"[""CLEANING_TASK""]",train
2023년 2차 고양시 아이돌봄지원사업 아이돌보미 모집,"[""CARE_TASK""]",train
[하남힐즈파크3단지] 아파트 실내미화원 모집,"[""CLEANING_TASK""]",train
[망포동] 영통SK VIEW 아파트 미화원 채용,"[""CLEANING_TASK""]",train
안산 반월공단 회사 미화원 구인,"[""CLEANING_TASK""]",train
지게차 운전원 모집 - 지게차운전교육 이수증 필수(3t 미만),"[""DRIVING""]",train
[대전새일센터채용대행] 케이엠손해사정 중부권심사본부 사무환경 클린매니저(환경미화)구인,"[""CLEANING_TASK""]",train
광양시 광양장애인복지관 직원(시설관리자) 채용,"[""FACILITY_MAINTENANCE""]",train
요양병원 실내청소원모집(가리봉동),"[""CLEANING_TASK""]",train
LH미추홀퍼스트아파트 청소차미화원모집,"[""CLEANING_TASK""]",train
영등포 양평삼성래미안 아파트 내부 미화원 채용합니다.(장애인등록증 또는 장애인복지카드 소지자 우대),"[""CLEANING_TASK""]",train
[기흥 중동] 동백역 경남아너스빌 아파트내부 미화원 채용(신주 없음),"[""CLEANING_TASK""]",train
[시흥 은계] 파크센트로 상가 미화원  구인,"[""CLEANING_TASK""]",train
2026년도 제2회 직원 공개채용 공고(청년인턴_사무보조),"[""OFFICE_TASK""]",train
[미사강변 호반써밋] 아파트 외곽청소원 모집,"[""CLEANING_TASK""]",train
반정 아이파크캐슬4단지 아파트 청소원 모집,"[""CLEANING_TASK""]",train
경상북도청소년육성재단(북부청소년성문화센터) 성교육 팀원(무기계약직) 채용공고,"[""CLEANING_TASK""]",train
(물류회사) 사무보조 및 C/S업무 담당 직원 채용합니다,"[""OFFICE_TASK""]",train
서창동 아파트  미화원 구인(외곽)*복지카드 우대*,"[""CLEANING_TASK""]",train
(사)경기도시각장애인연합회 평택시지회 운전원(계약직) 채용 공고,"[""DRIVING""]",train
수원 풍림신안 아파트 내부미화원 채용합니다.(장애인등록증 또는 장애인복지카드 소지자 우대),"[""CLEANING_TASK""]",train
[중산동] 중산마을 11단지 아파트 미화원 모집,"[""CLEANING_TASK""]",train
[다산동] 다산자이아이비플레이스 아파트 미화원 구인,"[""CLEANING_TASK""]",train
[남구 대명동] 3등급 재가요양보호사 구인,"[""CARE_TASK""]",train
상계동 포레나노원 아파트 실내 미화원 구인,"[""CLEANING_TASK""]",train
전남 전주시 교보생명 전주사옥 시설관리(설비) 담당 모집,"[""FACILITY_MAINTENANCE""]",train
미화직원 채용합니다,"[""CLEANING_TASK""]",train
국제성모병원 미화사업팀 미화원 모집,"[""CLEANING_TASK""]",train
[음성/주5일] 미화원 채용 (남녀무관),"[""CLEANING_TASK""]",train
미화원 모집(봇들마을3단지),"[""CLEANING_TASK""]",train
한우리노인복지센터 강남동 5등급 인지활동 요양보호사 모집,"[""CARE_TASK""]",train
[부천 새롬프라자 단시간 미화원 모집] (월92만원/부천시청역 인근 도보 3분거리/ 주6일/ 3시간),"[""CLEANING_TASK"", ""WALKING""]",train
일진제강 수원사업장 미화원모집,"[""CLEANING_TASK""]",train
힐데스하임5단지아파트 실내미화원 채용,"[""CLEANING_TASK""]",train
[제6335부대] 오성복지회관 청소관리원 기간제근로자 채용,"[""CLEANING_TASK""]",train
"(정자동, 상록마을우성아파트)  내부 미화원 모집","[""CLEANING_TASK""]",train
[일6시간] 계양구 시립요양병원 미화원 채용,"[""CLEANING_TASK""]",train
[효성동]아파트 미화원 2명 (e편한세상 계양 더프리미어 아파트),"[""CLEANING_TASK""]",train
한국선급 2022-제1차 공개채용 (건축설비 시설관리),"[""FACILITY_MAINTENANCE""]",train
[ 책향기 마을 14단지 외곽 미화원 구인],"[""CLEANING_TASK""]",train
[안성시 발화동] 가온고등학교 미화사원 채용 (복지카드 소지자 우대),"[""CLEANING_TASK""]",train
아파트 외부 미화원 채용(부평/청소차),"[""CLEANING_TASK""]",train
블록체인컴퍼니 미화원  구인(복지카드소지자우대),"[""CLEANING_TASK""]",train
가재울역트루엘에코시티아파트 미화원 채용,"[""CLEANING_TASK""]",train
[과천] 자이 아파트 미화,"[""CLEANING_TASK""]",train
[금촌동 새꽃마을 뜨란채] 내부 청소원,"[""CLEANING_TASK""]",train
신월동 벽산블루밍아파트 시설관리원 모집,"[""FACILITY_MAINTENANCE""]",train
완주군 장애인 콜택시 운전원 모집,"[""DRIVING""]",train
[잠실올림픽공원아이파크상가] 미화원 모집 공고,"[""CLEANING_TASK""]",train
한국전력국제원자력대학원대학교 신입 공무직원 채용공고(사무보조),"[""OFFICE_TASK""]",train
유노성형외과 미화원 모집(신논현역 7번 출구),"[""CLEANING_TASK""]",train
김해삼계동소재병원장례식장미화원구함,"[""CLEANING_TASK""]",train
아파트 미화원 2명 구인합니다.,"[""CLEANING_TASK""]",train
전남 구례군 구례읍 서시천로 모델하우스 미화원 모집,"[""CLEANING_TASK""]",train
달빛3단지신안 아파트 미화원 구인 (복지카드 우대),"[""CLEANING_TASK""]",train
[대학동 현대아파트] 미화원 채용(복지카드 우대),"[""CLEANING_TASK""]",train
2025년 한홀초등학교 특수운영직군(시설미화원) 신규 채용,"[""CLEANING_TASK""]",train
케어링 주간보호센터 부산 연제점 요양보호사 모집,"[""CARE_TASK""]",train
[장애인/보훈대상자 우대] 두산건설 공사 현장 청소원 채용(울산시 북구),"[""CLEANING_TASK""]",train
은평뉴타운 상림마을 12단지 아파트 미화원 채용,"[""CLEANING_TASK""]",train
안성맞춤 가사돌봄지원사업 가사돌보미 채용,"[""CARE_TASK""]",train
김포한강3차 푸르지오 외곽 미화원 모집,"[""CLEANING_TASK""]",train
[ 다산동 ] 다산반도유보라메이플타운 아파트  외곽청소원 구인,"[""CLEANING_TASK""]",train
미화원 - 쌍용 더플래티넘 범어 아파트,"[""CLEANING_TASK""]",train
[다산동] 다산 자이아이비플레이스 아파트 외곽 미화원 구인,"[""CLEANING_TASK""]",train
두산아트센터 시설관리 영선직 채용,"[""FACILITY_MAINTENANCE""]",train
[홍대입구역 인근] 빌딩 미화원 모십니다.,"[""CLEANING_TASK""]",train
신정마을 성지아파트 미화원 (반장),"[""CLEANING_TASK""]",train
아파트 미화원 구인 (소만마을3단지),"[""CLEANING_TASK""]",train
장안코오롱하늘채 아파트 미화원 모집,"[""CLEANING_TASK""]",train
"도래울파크뷰 아파트 내부미화원, 외곽미화원 모집(복지카드 우대)","[""CLEANING_TASK""]",train
[진접읍] 회사 야간 경비원 구인,"[""NIGHT_SHIFT""]",train
아파트  미화원 채용,"[""CLEANING_TASK""]",train
[풍덕천동/이편한세상수지아파트/내부미화원],"[""CLEANING_TASK""]",train
계룡건설 논산 상생역사문화교육원 건설 현장 미화원 채용,"[""CLEANING_TASK""]",train
샘터마을 2단지 아파트 미화원 구함,"[""CLEANING_TASK""]",train
[염창동] 염창1차 보람더하임 내부미화원 모집,"[""CLEANING_TASK""]",train
원주롯데캐슬골드파크 1차 미화원,"[""CLEANING_TASK""]",train
[동양동] 아파트 미화원 모집,"[""CLEANING_TASK""]",train
미화원 채용[순흥빌딩],"[""CLEANING_TASK""]",train
오피스텔 미화원 모집,"[""CLEANING_TASK""]",train
명지 에일린의뜰 아파트 미화원 모집공고,"[""CLEANING_TASK""]",train
(주)씨크루즈호텔 속초 건물 내 공용청소(퍼블릭) 모집,"[""CLEANING_TASK""]",train
더샵원주센트럴파크2단지아파트 외곽 미화원 채용,"[""CLEANING_TASK""]",train
[방배동] 방배 이편한세상아파트 내부청소원 모집,"[""CLEANING_TASK""]",train
[위례]힐스테이트위례 아파트 미화원 구인,"[""CLEANING_TASK""]",train
판교 크래프톤타워 미화사원모집,"[""CLEANING_TASK""]",train
하남 더샵센트럴뷰 아파트 미화원 채용합니다.(장애인등록증 또는 장애인복지카드 소지자 우대),"[""CLEANING_TASK""]",train
배송담당자 모집합니다.,"[""DRIVING""]",train
동탄센트럴포레스트 내부 미화원 구인,"[""CLEANING_TASK""]",train
"대장동, 힐스테이트 판교 엘포레 6블럭 미화원 모집","[""CLEANING_TASK""]",train
아파트 미화원(내부),"[""CLEANING_TASK""]",train
[덕이동] 아파트 실내 청소원 모집,"[""CLEANING_TASK""]",train
향동동 SM향동 센트럴타워 미화원 모집,"[""CLEANING_TASK""]",train
영통복합체육센터(영흥공원체육시설) 관리사원(안내 및 미화) 채용공고,"[""CLEANING_TASK""]",train
고덕대광로제비앙디아트아파트 실내미화원 모집,"[""CLEANING_TASK""]",train
(주)코엔서비스 영동사업소 미화직(청소_중노무원) 채용,"[""CLEANING_TASK""]",train
시설관리(3교대) 경력직 채용모집 - 안양 코오롱빌딩,"[""FACILITY_MAINTENANCE""]",train
(북구 칠곡 산호한양아파트) 미화원 채용,"[""CLEANING_TASK""]",train
계룡건설 학하6블럭 현장 사무보조 구인,"[""OFFICE_TASK""]",train
이마트 속초점 시설관리직 채용 (안전기술팀),"[""FACILITY_MAINTENANCE""]",train
힐스테이트 지제역 아파트 미화원 모집,"[""CLEANING_TASK""]",train
(5등급/여자) 하왕십리동 재가요양보호사 구인,"[""CARE_TASK""]",train
용인 영덕동 건설현장 미화원 모집,"[""CLEANING_TASK""]",train
아파트 미화요원 모집,"[""CLEANING_TASK""]",train
"[채용대행] 건물,사무동 관리등 청소원 모집","[""CLEANING_TASK""]",train
은평뉴타운구파발9-1아파트 미화원 구함. (복지카드 소지자 우대),"[""CLEANING_TASK""]",train
(강남구 청담동)사무실 빌딩 미화원 채용공고,"[""CLEANING_TASK""]",train
행신동 햇빛마을18-1단지 아파트 (반장)미화원 모집(복지카드 소지자 우대),"[""CLEANING_TASK""]",train
아파트 미화 모집,"[""CLEANING_TASK""]",train
가좌동 가좌마을1단지 아파트 미화원 모집,"[""CLEANING_TASK""]",train
♥노인주간보호센터에서 요양보호사(경력자) 선생님을 모집합니다.♥,"[""CARE_TASK""]",train
송파구 장지동 5등급 (여) 독거 요양보호사 모집,"[""CARE_TASK""]",train
원주시가족센터 직원 채용 공고 (아이돌봄 전담인력),"[""CARE_TASK""]",train
[야탑동] 사무실 미화원 모집 / 복지카드 소지자 우대,"[""CLEANING_TASK""]",train
세종 홍익대학교 실내미화원 모집(자차필수),"[""CLEANING_TASK""]",train
한국외대부설 용인외고 외곽미화원 채용,"[""CLEANING_TASK""]",train
[용인 기흥구/보정동] 아파트 외곽 미화원 구인(복지카드 우대),"[""CLEANING_TASK""]",train
"군자주공 9,10단지 아파트 미화원 구인","[""CLEANING_TASK""]",train
서신 한일동아아파트 미화원 구인,"[""CLEANING_TASK""]",train
송파구 거봉빌딩(제이타워빌딩) 미화사원 모집,"[""CLEANING_TASK""]",train
[목동동]산내마을6단지 외곽 미화원 모집,"[""CLEANING_TASK""]",train
[정자동] 분당파크뷰 아파트 외곽 청소원 구인,"[""CLEANING_TASK""]",train
염창동 아파트   청소원 채용,"[""CLEANING_TASK""]",train
[북구 침산동] 아파트 계단 청소원 채용,"[""CLEANING_TASK""]",train
과천자이아파트 외곽미화원 구인,"[""CLEANING_TASK""]",train
성남시 분당구 산운마을11단지아파트 실내 미화원 모집 공고,"[""CLEANING_TASK""]",train
수소 트랙터 운전원(울산) 계약직 채용,"[""DRIVING""]",train
[평택고덕] 생활형숙박시설 미화반장 모집,"[""CLEANING_TASK""]",train
영등포 양평삼성래미안 아파트 미화원 채용합니다. (장애인등록증 또는 장애인복지카드 소지자 우대),"[""CLEANING_TASK""]",train
목감레이크푸르지오아파트 외곽 미화원 채용합니다.,"[""CLEANING_TASK""]",train
"2023년 목포해양대학교 제14회 대학회계(환경미화원_외부환경관리, 종일제) 채용 공고","[""CLEANING_TASK""]",train
[기흥구 영덕동] 굿모닝한방병원 미화원 채용,"[""CLEANING_TASK""]",train
진영동문굿모닝힐미화원 모집,"[""CLEANING_TASK""]",train
[효성동]아파트 미화원 구인,"[""CLEANING_TASK""]",train
[해오름마을 12단지 휴아림] 외곽청소 모집,"[""CLEANING_TASK""]",train
아이돌보미 모집(자택 소아암 환아 돌봄 서비스 지원),"[""CARE_TASK""]",train
교통약자이동지원(중증 독거 장애인 및 독거 노인 이동지원) 운전원 모집,"[""DRIVING""]",train
고양 백송9단지 두산아파트 미화원 채용합니다.(장애인등록증 또는 장애인복지카드 소지자 우대),"[""CLEANING_TASK""]",train
"[양평읍, 양근리] ○○고등학교 기숙사 미화원 모집안내","[""CLEANING_TASK""]",train
[화서동]아파트 미화원 모집,"[""CLEANING_TASK""]",train
[안산소재 대학. 안산캠퍼스/월213만원] 미화 사원 모집(외곽청소 등),"[""CLEANING_TASK""]",train
"코바코연수원 시설관리(기계, 전기)직원","[""FACILITY_MAINTENANCE""]",train
양재리본타워2단지 아파트 미화원 채용합니다. (장애인등록증 또는 장애인복지카드 소지자 우대),"[""CLEANING_TASK""]",train
동탄파크자이아파트(영천동) 실내청소 미화원 모집,"[""CLEANING_TASK""]",train
주안 더월드스테이트 미화원 구인,"[""CLEANING_TASK""]",train
[미화팀장 채용] 비산동 평촌자이아이파크 미화업무 관리,"[""CLEANING_TASK""]",train
"한국선재 출고,운전직 모집(5톤화물차량)","[""DRIVING""]",train
[용인 한보라마을 휴먼시아6단지 아파트] 내부 미화원 채용합니다.(장애인등록증 또는 장애인복지카드 소지자 우대),"[""CLEANING_TASK""]",train
호송 경비원 및 운전원 구인,"[""DRIVING""]",train
채운휴먼시아 아파트 미화원 채용합니다.,"[""CLEANING_TASK""]",train
[신갈동 파크시엘]아파트 실내 미화원 구인(복지카드 소지자우대),"[""CLEANING_TASK""]",train
서동탄역 양우 내안애 아파트 실내미화원 모집 (화성시),"[""CLEANING_TASK""]",train
[육군 5779부대] 간부숙소 환경미화원 채용,"[""CLEANING_TASK""]",train
[수지구 성복역]롯데캐슬골드타운 미화원 모집,"[""CLEANING_TASK""]",train
[식사동] 동국대학교 일산병원 미화원 모집,"[""CLEANING_TASK""]",train
방서동중흥S클래스 아파트 미화원 채용합니다.,"[""CLEANING_TASK""]",train
[감일 힐스테이트포웰시티] 외곽 미화원 모집,"[""CLEANING_TASK""]",train
외곽미화원 채용,"[""CLEANING_TASK""]",train
2024년 세종특별자치시 1권역 노인맞춤돌봄서비스 수행인력(전담사회복지사) 공개채용 재공고(긴급),"[""CARE_TASK""]",train
[평내동] 평내마을 주공아파트 외곽미화원모집,"[""CLEANING_TASK""]",train
[2일간격 교대] 한강아이제일병원 미화원 채용,"[""CLEANING_TASK""]",train
제주원광재가노인복지센터 주야간보호 요양보호사 모집공고(주간근무),"[""CARE_TASK"", ""NIGHT_SHIFT""]",train
아파트 순환 미화원 구인,"[""CLEANING_TASK""]",train
남부경찰서 지구대 3곳에 근무할 미화원 모집,"[""CLEANING_TASK""]",train
사)울산광역시장애인복지서비스지원협회 직원(승합차운전) 기간제 채용,"[""DRIVING""]",train
도내동 고양원흥 동일스위트 아파트 미화원 모집,"[""CLEANING_TASK""]",train
사업장내 미화 직원,"[""CLEANING_TASK""]",train
민국상호저축은행 미화원 모집,"[""CLEANING_TASK""]",train
미래복지요양센터 요양보호사 모십니다.,"[""CARE_TASK""]",train
동대문 팀204 빌딩 미화근무자 모집,"[""CLEANING_TASK""]",train
케어링 커뮤니티케어 부산 진구점_ 주간보호 요양보호사 모집 공고(증원),"[""CARE_TASK""]",train
화장지  물류 배송직 1명 (경증장애인 우대) 채용합니다.,"[""DRIVING""]",train
목동 현대하이페리온 아파트 2차 미화원 채용합니다.,"[""CLEANING_TASK""]",train
2026년 군포시청소년재단 기간제계약직(청소년안전망) 채용 공고,"[""CLEANING_TASK""]",train
가꿈복지직업재활시설 배송기사 채용 공고 (장애인우대),"[""DRIVING""]",train
요양보호사 선생님 모집합니다,"[""CARE_TASK""]",train
심곡마을광교힐스테이트 아파트 외곽 청소 미화원 채용공고,"[""CLEANING_TASK""]",train
아파트 외곽청소 모집,"[""CLEANING_TASK""]",train
정왕동 시화유통상가 미화원 구인,"[""CLEANING_TASK""]",train
사무보조 및 데이터 관리 모집,"[""OFFICE_TASK""]",train
(월210 주5일 식사제공 대체휴일적용) 원주불로병원 간호간병통합병동 재활지원 요양보호사 채용합니다.,"[""CARE_TASK""]",train
[미사강변푸르지오2차] 실내 미화원 모집,"[""CLEANING_TASK""]",train
[수성뷰웰리버파크] 아파트청소원 구인공고,"[""CLEANING_TASK""]",train
[급구] 영종국제도시 화성파크드림아파트 미화원,"[""CLEANING_TASK""]",train
인주공단 공장 내 미화원 모집(긴급),"[""CLEANING_TASK""]",train
[ 별내동 ] 미리내마을  4-4단지 미화원 구인,"[""CLEANING_TASK""]",train
아파트 내부 미화원 모집,"[""CLEANING_TASK""]",train
★급구★ [ SK바이오사이언스 ] 미화원 모집,"[""CLEANING_TASK""]",train
청소인력 채용,"[""CLEANING_TASK""]",train
수원역푸르지오자이아파트 외곽 미화원 모집 (지하주차장 등 / 초보자환영),"[""CLEANING_TASK""]",train
중산동 중산마을 1단지 아파트 미화원 모집,"[""CLEANING_TASK""]",train
장애인 콜택시 운전원모집,"[""DRIVING""]",train
요양원  요양보호사 추가 모집,"[""CARE_TASK""]",train
[동구 청구고등학교 부근] 5등급 재가요양보호사 구인,"[""CARE_TASK""]",train
김포 썬앤빌더킹 상가.오피스텔 미화원 구인,"[""CLEANING_TASK""]",train
보라매SK뷰아파트 내부미화원,"[""CLEANING_TASK""]",train
삼우안전관리 아파트 현장 순회 미화원 채용,"[""CLEANING_TASK""]",train
김포 대명항 수산물 타운 시설관리 시설과장 채용,"[""FACILITY_MAINTENANCE""]",train
철산KBS우성아파트 외곽미화구인,"[""CLEANING_TASK""]",train
"고덕국제신도시양우내안에@ , 내부미화원, 구인","[""CLEANING_TASK""]",train
[행신동] 행신3차 SK뷰 아파트 내부미화원 모집,"[""CLEANING_TASK""]",train
[ 다산동 ] 반도유보라메이플타운 아파트 미화원 구인,"[""CLEANING_TASK""]",train
"이천  현대 성우 3,4단지아파트 실내미화원 모집합니다.","[""CLEANING_TASK""]",train
태백장애인종합복지관 회계사무보조원 채용 공고,"[""OFFICE_TASK""]",train
[궁동] 우신빌라 외곽 미화원 구인(복지카드우대),"[""CLEANING_TASK""]",train
회사 경비원(야간 격일) 모집,"[""NIGHT_SHIFT""]",train
"[하왕십리동] 아파트 미화원모집(08:40~15시 주5일 월 139만원, 복지카드 우대)","[""CLEANING_TASK""]",train
"카리타스보호작업장 자체생산품(복사용지, 화장지) 납품원 채용 (수동운전 필수) //장애인 병행 채용//","[""DRIVING""]",train
[월성푸르지오] 아파트청소원 구인공고,"[""CLEANING_TASK""]",train
강화 세광엔리치빌 2차 아파트 내부 미화원 구인(복지카드 우대),"[""CLEANING_TASK""]",train
경동대학교 메트로폴캠퍼스 미화원 모십니다.,"[""CLEANING_TASK""]",train
전북 익산시 오산면 송학리 모델하우스 미화원 모집,"[""CLEANING_TASK""]",train
[상봉태영데시앙아파트] 내부 미화원 채용공고,"[""CLEANING_TASK""]",train
동탄 파크자이아파트 외곽 미화원 구인,"[""CLEANING_TASK""]",train
[[ 수원 망포 ]] 영통아이파크캐슬1단지 실내미화원 구인,"[""CLEANING_TASK""]",train
아파트 청소원 모집 (장애인 병행 채용),"[""CLEANING_TASK""]",train
[해운대구 좌동] LG 아파트 미화원 채용,"[""CLEANING_TASK""]",train
이태원 미화원 구인(해밀톤 호텔) 퍼블릭 공용부분청소,"[""CLEANING_TASK""]",train
★ 강서구 지사동 요양보호사 구인합니다,"[""CARE_TASK""]",train
영통 벽적골 롯데아파트 계단 청소원 모집,"[""CLEANING_TASK""]",train
미화원 모집(경희궁 롯데캐슬 상가),"[""CLEANING_TASK""]",train
미시령터널 시설관리원(전기기능사) 모집,"[""FACILITY_MAINTENANCE""]",train
승합차운전원(계약직 직원모집),"[""DRIVING""]",train
양재우성아파트 미화원 모집,"[""CLEANING_TASK""]",train
[매탄동 현대힐스테이트 아파트]  청소원 채용,"[""CLEANING_TASK""]",train
[동패동] 한울마을7단지 삼부르네상스 아파트 내부미화원 구인,"[""CLEANING_TASK""]",train
남자 요양보호사 채용,"[""CARE_TASK""]",train
"[파호동, 성서우방유쉘]아파트 미화원 모집","[""CLEANING_TASK""]",train
한울1단지 아파트 실내청소 모집,"[""CLEANING_TASK""]",train
한양수자인1단지아파트  미화원모집,"[""CLEANING_TASK""]",train
기타 사무보조원,"[""OFFICE_TASK""]",train
[제1회 광양시 장애인일자리 박람회 참가기업]  (주)광양교통 시내버스 운전원 모집,"[""DRIVING""]",train
포레나북수원 아파트 미화원 (커뮤니티) 구인,"[""CLEANING_TASK""]",train
[흑석동] 흑석자이아파트 미화원 구인 / 실내,"[""CLEANING_TASK""]",train
아파트미화원 - 별내동,"[""CLEANING_TASK""]",train
[진접읍] 회사건물 미화원 모집,"[""CLEANING_TASK""]",train
다은마을 월드메르디앙 아파트 외곽 미화원 구인,"[""CLEANING_TASK""]",train
［삼송동］    아파트 실내미화원 모집,"[""CLEANING_TASK""]",train
양주 자이1단지 아파트 청소원 모집,"[""CLEANING_TASK""]",train
[신림한양아파트] 미화원 모집 (1명),"[""CLEANING_TASK""]",train
디엠씨 롯데캐슬더퍼스트 내부 미화원,"[""CLEANING_TASK""]",train
[광명]한진아파트 외곽청소원 모집,"[""CLEANING_TASK""]",train
[미사 리버뷰자이] 외곽아파트 청소원 모집,"[""CLEANING_TASK""]",train
[중계동] 중계그린 아파트 내부 미화원 구인,"[""CLEANING_TASK""]",train
[서면아이파크  미화원 채용],"[""CLEANING_TASK""]",train
개포주공6단지아파트 미화원 및 외곽미화원 구인 합니다. (복지카드 소지자 우대),"[""CLEANING_TASK""]",train
송산에이치이 굴삭기 운전원(육아휴직 대체) 모집합니다.,"[""DRIVING""]",train
부평삼익 아파트 미화원 구인 (복지카드 우대),"[""CLEANING_TASK""]",train
용산더힐센트럴파크뷰오피스텔 미화원 채용,"[""CLEANING_TASK""]",train
[동대구/주간/주5일] 물류센터 미화원 채용(월55만원),"[""CLEANING_TASK""]",train
덕이동 일산파밀리에2단지 아파트 미화원 모집,"[""CLEANING_TASK""]",train
서울 을지로입구역 소재 경기빌딩 미화감독 모집,"[""CLEANING_TASK""]",train
"설성식품 야간 정규직 사원 大 모집(자차필수) 보건증 필수, 누구나 지원 가능!!","[""NIGHT_SHIFT""]",train
[광주초월역 한라비발디 아파트] 미화원 채용,"[""CLEANING_TASK""]",train
요양병원 청소직원구인,"[""CLEANING_TASK""]",train
[의정부 신곡동] 아파트 미화원 구인(복지카드 우대),"[""CLEANING_TASK""]",train
[다율동] 해오름8단지 운정자이더퍼스트 아파트 실내 미화원 모집,"[""CLEANING_TASK""]",train
더？원주센트럴파크2단지 아파트 외곽 미화원 채용,"[""CLEANING_TASK""]",train
*계룡건설* 세종 5-1 생활권 L-9BL 공공주택 건설 현장(27.09월 준공) 미화원 채용,"[""CLEANING_TASK""]",train
해군3함대사령부 기간제근로자(청소원) 채용 공고(~ 채용시까지),"[""CLEANING_TASK""]",train
진천 자비원(공동생활가정)에서 요양보호사님을 모십니다.(퐁당당근무),"[""CARE_TASK""]",train
KT 민락빌딩 미화원 구인,"[""CLEANING_TASK""]",train
(자양동) 3등급할머니 재가요양보호사 구인,"[""CARE_TASK""]",train
[종로구] 미려빌딩 미화원 모집,"[""CLEANING_TASK""]",train
(문정동가든파이브) 잠실자생한방병원 미화원 구인,"[""CLEANING_TASK""]",train
국립중앙청소년수련원 신규직원 채용(설비관리),"[""CLEANING_TASK"", ""FACILITY_MAINTENANCE""]",train
아파트 미화원 구함,"[""CLEANING_TASK""]",train
일신주공 아파트 미화원 구인(복지카드우대),"[""CLEANING_TASK""]",train
당곡마을 현대아파트 미화원 모집,"[""CLEANING_TASK""]",train
[조리읍 효성해링턴] 내부 청소원 모집,"[""CLEANING_TASK""]",train
[별내]아파트청소원(실내/외곽)모집-별빛마을3단지,"[""CLEANING_TASK""]",train
[연산동]병원청소원,"[""CLEANING_TASK""]",train
[신봉동] 신봉자이 2차 외곽 미화원 모집,"[""CLEANING_TASK""]",train
미화원 1명 구인,"[""CLEANING_TASK""]",train
상현마을 쌍용A단지 아파트 미화원,"[""CLEANING_TASK""]",train
북구 진장동 아울렛 미화원(오후) 모집【울산양산경총 중장년내일센터】,"[""CLEANING_TASK""]",train
일산동 후곡마을16단지 아파트 미화원 모집,"[""CLEANING_TASK""]",train
[병점동] 안화동마을7단지 아파트 미화원 구인,"[""CLEANING_TASK""]",train
동두천 상패동 회사청소 미화원 구인,"[""CLEANING_TASK""]",train
[화성 봉담] 택배회사 미화원 모집안내,"[""CLEANING_TASK""]",train
[프랜시스파커 평택캠퍼스] 용이동 평택대 영어유치원  미화원 *1명*,"[""CLEANING_TASK""]",train
천안라이프타운아파트 실내 미화원 모집,"[""CLEANING_TASK""]",train
[ 다산동 ] 신안인스빌퍼스트포레  아파트미화원 구인,"[""CLEANING_TASK""]",train
평택센트럴자이 1단지 외곽 미화원 채용,"[""CLEANING_TASK""]",train
검암역로열파크씨티푸르지오 1단지 외곽청소(청소차운전 경력자) 채용,"[""CLEANING_TASK"", ""DRIVING""]",train
수원역푸르지오자이아파트 외곽 미화원 모집,"[""CLEANING_TASK""]",train
아파트 외곽미화원구인(궁동),"[""CLEANING_TASK""]",train
불로대림 이편한세상 아파트 미화원 구인,"[""CLEANING_TASK""]",train
미화원 모집,"[""CLEANING_TASK""]",train
일산아이파크5단지 아파트 외곽미화원 구인,"[""CLEANING_TASK""]",train
식사동 은행마을3단지 아파트 미화원 모집,"[""CLEANING_TASK""]",train
[급구] 경기도 안양시 아파트 청소원 채용 (복지카드 우대),"[""CLEANING_TASK""]",train
윗반송로 요양보호사님 모십니다.,"[""CARE_TASK""]",train
육군3사관학교 공무직근로자(전기시설관리원) 채용 재공고,"[""FACILITY_MAINTENANCE""]",train
논현휴먼시아 5단지 아파트 내부 미화원 구인,"[""CLEANING_TASK""]",train
▶ 수성구 만촌동 ◀ 재가요양보호사 채용,"[""CARE_TASK""]",train
장애인리프트차량 운전원 채용,"[""DRIVING""]",train
인천공항운영서비스(주) 직원 채용(셔틀버스 대형 운전 전일형),"[""DRIVING""]",train
NC서면점 시설관리 교대기사,"[""FACILITY_MAINTENANCE""]",train
풍무동 삼용아파트 미화원 모집,"[""CLEANING_TASK""]",train
태전동 태전우림필유 아파트 미화원 구인,"[""CLEANING_TASK""]",train
아파트 미화직 모집,"[""CLEANING_TASK""]",train
청사관리 미화원 채용공고,"[""CLEANING_TASK""]",train
동수원 자이2차 아파트 실내 미화원 채용합니다.(장애인등록증 또는 장애인 복지카드 소지자 우대),"[""CLEANING_TASK""]",train
김해 율하 LH 1단지 아파트 외곽미화원 구인,"[""CLEANING_TASK""]",train
부개지구보람 아파트 외곽 미화원 구인(복지카드 우대),"[""CLEANING_TASK""]",train
[온천동] 두비앙에코힐 아파트 미화원 채용,"[""CLEANING_TASK""]",train
롯데캐슬 골드포레 아파트 미화원 모집,"[""CLEANING_TASK""]",train
[와동동 ] 가람마을5단지 청소원 모집,"[""CLEANING_TASK""]",train
개포주공6단지아파트 미화원 구인 합니다. (복지카드 소지자 우대),"[""CLEANING_TASK""]",train
아파트 내부청소원 구인,"[""CLEANING_TASK""]",train
[위례롯데캐슬 아파트] 외곽 미화원 채용,"[""CLEANING_TASK""]",train
모텔 청소원 모집,"[""CLEANING_TASK""]",train
힐스테이트 뉴포레 아파트 외곽 미화원 모집 (관악구),"[""CLEANING_TASK""]",train
(복지카드소지자 우대)신개념 스포츠몰 동탄 그란비아스타 미화원 채용,"[""CLEANING_TASK""]",train
[2026-16호] 육군 제53사단 시설관리관 경력 채용 공고,"[""FACILITY_MAINTENANCE""]",train
병원 청소직원 모집,"[""CLEANING_TASK""]",train
야탑동 분당동원로얄듀크 아파트 미화원 구인,"[""CLEANING_TASK""]",train
？전라북도장애인복지관 직원 (시설관리원) 공개채용 재공고,"[""FACILITY_MAINTENANCE""]",train
시흥센트럴헤센 미화원 모집,"[""CLEANING_TASK""]",train
"광주서구장애인복지관 융합돌봄센터 직원(사회복지사, 언어재활사 등 행동치료사) 채용","[""CARE_TASK""]",train
[정규직] 합자회사 금강위생 직원(운전가능자) 모집,"[""DRIVING""]",train
동탄2 금강팬테리움 1차아파트 미화원 구인,"[""CLEANING_TASK""]",train
[성남분당] 내부  미화원  모집,"[""CLEANING_TASK""]",train
[대치동] 대치역 소재 오피스빌딩 미화원 모집,"[""CLEANING_TASK""]",train
평택시 시각장애인 등 생활지원센터 운전원(계약직) 채용 공고,"[""DRIVING""]",train
파크시엘 아파트 미화원 구인(복지카드우대),"[""CLEANING_TASK""]",train
[망포동] 영통SK VIEW 아파트 분리수거 미화원 모집,"[""CLEANING_TASK""]",train
아파트 미화원 모집(부평 창보아파트),"[""CLEANING_TASK""]",train
청라 지식산업센터 내부 미화원 채용,"[""CLEANING_TASK""]",train
(해솔마을7단지아파트)아파트어린이 카페청소,"[""CLEANING_TASK""]",train
사)안동자원봉사센터 노인맞춤돌봄서비스 생활지원사 (장애인우대) 공개채용 공고,"[""CARE_TASK""]",train
덕유마을 주공4단지아파트 미화,"[""CLEANING_TASK""]",train
[진접읍] 건물 미화원 구인,"[""CLEANING_TASK""]",train
구일 우성아파트 미화원  채용(장애인등록증 또는 장애인 복지카드 소지자 우대),"[""CLEANING_TASK""]",train
［홍천］ 금호어울림더퍼스트 청소원 모집,"[""CLEANING_TASK""]",train
(와동동) 미화원 모집/외곽청소,"[""CLEANING_TASK""]",train
파라다이스시티 호텔(영종도) 시설관리 사원 모집(기숙사운영),"[""FACILITY_MAINTENANCE""]",train
[중산동] 하늘마을1단지 아파트 미화원 모집,"[""CLEANING_TASK""]",train
[미화원급구] 무원마을6단지아파트 미화원(외곽청소) 모집,"[""CLEANING_TASK""]",train
[행신동] 소만마을6단지 아파트 미화원 모집,"[""CLEANING_TASK""]",train
"[반포,씨티21오피스텔] 아파트 미화원 모집(복지카드 소지자 우대합니다.)","[""CLEANING_TASK""]",train
더봄플러스(주) 미화원 채용,"[""CLEANING_TASK""]",train
(주)드림누리 야간 전문청소(카펫 세탁) 직원 모집,"[""CLEANING_TASK"", ""NIGHT_SHIFT""]",train
[어곡동] 공장 사무실 미화원 모집,"[""CLEANING_TASK""]",train
[수지 상현동] 만현마을 롯데캐슬아파트 내부/외부 미화원 채용,"[""CLEANING_TASK""]",train
사)안동자원봉사센터 노인맞춤돌봄서비스 생활지원사 (장애인우대) 채용 정정공고,"[""CARE_TASK""]",train
[재공고]2022년도 제2회 연천군시설관리공단 신규직원 공개채용(식당종사원),"[""FACILITY_MAINTENANCE""]",train
서대문장애인종합복지관 최중증발달장애인 통합돌봄서비스 팀장 채용공고,"[""CARE_TASK""]",train
장기동 고창마을 반도유보라 아파트 청소원 모집,"[""CLEANING_TASK""]",train
세종 첫마을4단지 아파트 미화원 채용합니다.,"[""CLEANING_TASK""]",train
도래울파크뷰 아파트 외곽미화원 모집(복지카드 우대),"[""CLEANING_TASK""]",train
화성 남양시티프라디움 4차 아파트 미화원 구인 (화성시),"[""CLEANING_TASK""]",train
경남 진주시 윤현빌딩 시설관리(기계설비) 모집,"[""FACILITY_MAINTENANCE""]",train
택시 운전자 모집,"[""DRIVING""]",train
신동탄포레자이 아파트 외곽 미화원 구인,"[""CLEANING_TASK""]",train
"삼성반도체 사내/외  외곽청소,건물청소,라인스막청소 미화원 채용 &quot;서정동행정복지센터 구인,구직만남의날 면접 예정&quot;","[""CLEANING_TASK""]",train
[한빛 2단지] 아파트청소원 모집,"[""CLEANING_TASK""]",train
분당 서현 효자촌 3등급 여자어르신 요양보호사 구인,"[""CARE_TASK""]",train
정관 동원로얄듀크1차 아파트 미화원(외곽) 모집,"[""CLEANING_TASK""]",train
분당구 정자동 한솔마을아파트 요양보호사 모집,"[""CARE_TASK""]",train
▶ 동구 신서동 ◀ 재가요양보호사 채용,"[""CARE_TASK""]",train
[신곡동 은하수] 아파트 미화원 구인,"[""CLEANING_TASK""]",train
화정동 옥빛마을 13단지 아파트 청소원 구인합니다,"[""CLEANING_TASK""]",train
삼성전자 실외 미화직,"[""CLEANING_TASK""]",train
판교원마을6단지아파트 대광로제비앙아파트  미화원 구인(복지카드소지자 우대),"[""CLEANING_TASK""]",train
송파꿈에그린 아파트 내부 미화원 구인 (복지카드 우대),"[""CLEANING_TASK""]",train
목동 현대하이페리온 2차 아파트 내부 미화원 채용합니다.(장애인등록증 또는 장애인복지카드 소지자 우대),"[""CLEANING_TASK""]",train
(장애인 병행 채용) 아파트 외곽미화원 모집,"[""CLEANING_TASK""]",train
[정자동]청솔마을 한라비발디아파트 미화원 구함(복지카드 소지자 우대),"[""CLEANING_TASK""]",train
아파트 청소모집의 건,"[""CLEANING_TASK""]",train
송파꿈에그린 아파트 외곽 미화원 구인 (복지카드 우대),"[""CLEANING_TASK""]",train
"야간 시설 관리(건물,경비,운전) 선생님을 모십니다.[격일근무]","[""DRIVING"", ""FACILITY_MAINTENANCE"", ""NIGHT_SHIFT""]",train
수유동 원봉빌딩 시설관리직 (2교대),"[""FACILITY_MAINTENANCE""]",train
[동구 신천동] 더팰리스트데시앙 입주단지 청소미화원 구인,"[""CLEANING_TASK""]",train
[방배동 동부센트레빌 아파트] 내부 미화원 채용,"[""CLEANING_TASK""]",train
석봉마을대동5단지 아파트 미화원 구인,"[""CLEANING_TASK""]",train
안양동 아파트  미화원 채용,"[""CLEANING_TASK""]",train
요양보호사 선생님을 모십니다,"[""CARE_TASK""]",train
[동탄]동탄2반도 유보라아이파크2차아파트미화직 모집안내,"[""CLEANING_TASK""]",train
[8월19일(수) 구인구직 만남의날 참여업체]  김포한강메트로자이1단지 커뮤니티 미화원 구인,"[""CLEANING_TASK""]",train
[창원] 방산/항공사업 사무보조 사원 모집-장애인 병행채용 [창원고용센터 일자리 찾아준데이 채용행사],"[""OFFICE_TASK""]",train
판교빌딩 빌딩시설관리(조경)담당 모집,"[""FACILITY_MAINTENANCE""]",train
목동현대아파트 미화원 구인(복지카드우대),"[""CLEANING_TASK""]",train
원주시 육아종합지원센터 청소원모집,"[""CLEANING_TASK""]",train
학교 미화원 모집 (양도중),"[""CLEANING_TASK""]",train
식품제조회사 청소직모집,"[""CLEANING_TASK""]",train
미화원 채용,"[""CLEANING_TASK""]",train
공덕동 마포현대 아파트 내부 미화원 채용합니다.(장애인등록증 또는 장애인복지카드 소지자 우대),"[""CLEANING_TASK""]",train
[서초동] 삼풍아파트 미화원 채용,"[""CLEANING_TASK""]",train
[동구 신암동] 신암뜨란채 아파트 미화원 모집,"[""CLEANING_TASK""]",train
방문요양보호사(논현범마을2),"[""CARE_TASK""]",train
제과재료 배송직 구인(격주 5일제),"[""DRIVING""]",train
영통황골주공1단지아파트 미화원 채용,"[""CLEANING_TASK""]",train
인천 만수한국아파트 미화원 채용합니다. (장애인등록증 또는 장애인복지카드 소지자 우대),"[""CLEANING_TASK""]",train
[행신동] 샘터마을1단지 아파트 외곽청소원 모집,"[""CLEANING_TASK""]",train
아크로리버뷰 신반포아파트 내부 미화원 1명 채용합니다.(장애인등록증  또는 장애인복지카드 소지자 우대),"[""CLEANING_TASK""]",train
시흥쿠팡물류센타 주간미화원 모집,"[""CLEANING_TASK""]",train
[풍덕천동 이편한세상수지아파트 내부미화원],"[""CLEANING_TASK""]",train
연수한양1차아파트 미화원 모집,"[""CLEANING_TASK""]",train
신촌숲아이파크]아파트 외곽청소 구인,"[""CLEANING_TASK""]",train
[목동] 현대하이페리온 커뮤니티 미화원 모집,"[""CLEANING_TASK""]",train
요양보호사선생님(재가 요양보호사)을 구합니다,"[""CARE_TASK""]",train
미화원 채용 (명지 플러스존1),"[""CLEANING_TASK""]",train
경기대 후문 (광교역)인근 사무실 등 미화원 모집합니다.,"[""CLEANING_TASK""]",train
안양 한라비발디 아파트 (내부) 미화원 모집,"[""CLEANING_TASK""]",train
안양극동아파트 미화원 모집,"[""CLEANING_TASK""]",train
[범천동]미화원 채용,"[""CLEANING_TASK""]",train
양평삼성래미안아파트 외곽미화원 채용합니다. (장애인등록증 또는 장애인복지카드 소지자 우대),"[""CLEANING_TASK""]",train
[다산동] 다산지금경기행복주택 실내 미화원 구인,"[""CLEANING_TASK""]",train
안양 수리산힐스테이트 아파트 외곽 미화원 채용합니다.(장애인등록증 또는 장애인복지카드 소지자 우대),"[""CLEANING_TASK""]",train
[송파역 - 헬리오시티] 아파트 청소  모집-실내청소원,"[""CLEANING_TASK""]",train
송산에이치이 단기 계약직 덤프운전원 모집합니다.,"[""DRIVING""]",train
동탄 비즈타워 미화원 모집(월급 175만원),"[""CLEANING_TASK""]",train
롯데건설(주) 서부내륙 1단계 5공구 현장 청소원 및 식당 보조원 채용,"[""CLEANING_TASK""]",train
"아파트 내부미화원 모집(남,결원보충)","[""CLEANING_TASK""]",train
인천 YWCA 요양원 요양보호사 모집&lt;&lt;주간&gt;&gt;,"[""CARE_TASK""]",train
[해운대구 좌동] 해운대 대동타운아파트 미화원 채용,"[""CLEANING_TASK""]",train
세종 한뜰마을2단지 더샵센트럴시티 아파트 미화원 채용(장애인등록증 또는 장애인복지카드 소지자 우대),"[""CLEANING_TASK""]",train
경기 광주 오포 아파트(오포롯데캐슬포레스트) 미화원 채용 공고,"[""CLEANING_TASK""]",train
한국폴리텍대학 바이오캠퍼스 무기계약직(대학운영직) 미화원 채용 공고,"[""CLEANING_TASK""]",train
청담현대3차아파트 미화,"[""CLEANING_TASK""]",train
강일리버파크7단지A 내부 미화원 급구,"[""CLEANING_TASK""]",train
[동막역]해송마을 동남아파트 청소원,"[""CLEANING_TASK""]",train
"[압구정역 3번출구 도보 1분] 이소니프라자 시설기사 모집( 격일제, 월급 250만원)","[""WALKING""]",train
[진접읍] 팔야리 회사 미화원 구인,"[""CLEANING_TASK""]",train
잠원 한신아파트 청소원 구인,"[""CLEANING_TASK""]",train
[화명동] 화명롯데캐슬카이저 아파트 미화원 채용,"[""CLEANING_TASK""]",train
독산1동] 아파트 청소,"[""CLEANING_TASK""]",train
성남시 수정구 산성동 4등급 독거남자어르신 요양보호사 구인,"[""CARE_TASK""]",train
환경미화(sk실트론내 근무-체인지룸청소업무),"[""CLEANING_TASK""]",train
sk북한산시티아파트 실내미화원  구인,"[""CLEANING_TASK""]",train
[은계]파크센트로 상가미화원  구인,"[""CLEANING_TASK""]",train
경주시시설관리공단 기간제 근로자 채용공고(2021-25호),"[""FACILITY_MAINTENANCE""]",train
[식사동] 위시티 블루밍3단지 아파트 미화원 모집,"[""CLEANING_TASK""]",train
부개동 아파트 미화원 구인,"[""CLEANING_TASK""]",train
[삼성스토어 순천] 미화 근무자 (1분) 모집,"[""CLEANING_TASK""]",train
육군3사관학교 공무직근로자(시설관리원) 채용 재공고,"[""FACILITY_MAINTENANCE""]",train
교보생명 중앙동사옥 빌딩시설관리(전기) 모집,"[""FACILITY_MAINTENANCE""]",train
[미화원급구] 무원마을6단지아파트 미화원(외곽청소) 모집 / 복지카드소지자우대,"[""CLEANING_TASK""]",train
교통약자 휠체어택시 서비스 전화 상담 및 사무보조 직원 채용,"[""OFFICE_TASK""]",train
산본 12단지 목련우방아파트 미화원 구인(복지카드소지자 우대),"[""CLEANING_TASK""]",train
간석동/ 미화원 구인(내부),"[""CLEANING_TASK""]",train
이천현대성우3.4단지 실내미화원 모집합니다,"[""CLEANING_TASK""]",train
"버스 운전원 모집(통근,관광)","[""DRIVING""]",train
광교역 힐스테이트 오피스텔 미화원 구인,"[""CLEANING_TASK""]",train
서울역인근 빌딩 미화원모집,"[""CLEANING_TASK""]",train
봄빛병원 부설 산후조리원 미화원 구인,"[""CLEANING_TASK""]",train
시화 청솔 아파트 미화원,"[""CLEANING_TASK""]",train
서초 한빛삼성아파트 내부 미화원 1명 채용합니다.(장애인등록증  또는 장애인복지카드 소지자 우대),"[""CLEANING_TASK""]",train
우리W타워 미화주간반(기계운용) 사원님 모십니다.,"[""CLEANING_TASK""]",train
공덕동 마포현대 아파트 외곽미화원 채용합니다.(장애인등록증 또는 장애인복지카드 소지자 우대),"[""CLEANING_TASK""]",train
[고덕동] 아파트 외곽 미화원 구인(복지카드 우대),"[""CLEANING_TASK""]",train
미화원 모집(상도1차 갑을명가 아파트),"[""CLEANING_TASK""]",train
[진천/광혜원/주5일/일4시간]외국계기업 미화직 채용,"[""CLEANING_TASK""]",train
한우리노인복지센터 강남동 입주요양보호사 모집,"[""CARE_TASK""]",train
성남여고 인근(수진역) 요양보호사 구인,"[""CARE_TASK""]",train
[동패동] 한울마을7단지 외곽 미화원 구인,"[""CLEANING_TASK""]",train
[초롱꽃마을 8단지] 운정중흥S-클래스 아파트 커뮤니티센터 미화원 구인,"[""CLEANING_TASK""]",train
[태전아이파크]아파트 미화원 채용,"[""CLEANING_TASK""]",train
교보생명 울산사옥 빌딩시설관리(설비) 모집,"[""FACILITY_MAINTENANCE""]",train
[[ 수원 망포 ]] 영통아이파크캐슬1단지 아파트 커뮤니티 남탕 샤워장 청소,"[""CLEANING_TASK""]",train
미화원 모집(내부),"[""CLEANING_TASK""]",train
[상대원동] 은행 미화원 모집,"[""CLEANING_TASK""]",train
[양주옥정]  아파트 미화원(외곽) 모집,"[""CLEANING_TASK""]",train
(수원당수현장) 사무보조 채용,"[""OFFICE_TASK""]",train
"[ 양주푸른힐요양원 ] 요양보호사 선생님 (퐁당당, 주간, 주주야야,야간전담) 모집합니다.","[""CARE_TASK"", ""NIGHT_SHIFT""]",train
[방배노인복지관] 사당역 인근 건물 미화원 1명,"[""CLEANING_TASK""]",train
길요양원 요양보호사 모집합니다(주간+주주야야),"[""CARE_TASK""]",train
시내버스 운전기사 모집,"[""DRIVING""]",train
[반포동] 쌍동빌딩 미화반장 모집,"[""CLEANING_TASK""]",train
샘터마을 2단지 아파트 미화원 구함(복지카드 소지자 우대),"[""CLEANING_TASK""]",train
미화원 구함 - 정자동 삼성아데나루체(외곽 및 분리수거),"[""CLEANING_TASK""]",train
[서구 비산5동] 3등급 재가요양보호사 구인,"[""CARE_TASK""]",train
(와동동) 아파트  미화원 모집/복지카드우대,"[""CLEANING_TASK""]",train
[2024년 김포시 채용박람회 참여 업체] 시내버스 운전원 모집(무료 기숙사),"[""DRIVING""]",train
분당 미금역 청솔마을 서광영남 아파트 미화원/주5일근무/신주청소없음,"[""CLEANING_TASK""]",train
고양동 우방유쉘 아파트 미화원 모집,"[""CLEANING_TASK""]",train
죽전동성1차 아파트 미화원 구인,"[""CLEANING_TASK""]",train
구일우성아파트 미화원 채용합니다.,"[""CLEANING_TASK""]",train
수유동 국제가스 건물 청소 미화원 모집,"[""CLEANING_TASK""]",train
[인천/서구] 사업장 경비원 모집 (야간 격일제),"[""NIGHT_SHIFT""]",train
[서구 비산동] 4등급 재가요양보호사 구인,"[""CARE_TASK""]",train
공무직 근로자(시설관리원)채용 공고,"[""FACILITY_MAINTENANCE""]",train
"이천선경1,2차아파트 미화원 채용","[""CLEANING_TASK""]",train
급구 [이천대신푸른마을아파트 미화원 구인],"[""CLEANING_TASK""]",train
배송.납품운전하실 분 모집합니다.,"[""DRIVING""]",train
재가 요양보호사 모집,"[""CARE_TASK""]",train
하단동 요양보호사님 모십니다.,"[""CARE_TASK""]",train
경기 화성시 오산동 모델하우스 미화원 모집,"[""CLEANING_TASK""]",train
(안산역)트리플렉스상가 외곽미화원 모집(복지카드 소지자 우대합니다.),"[""CLEANING_TASK""]",train
[채용공고] 부천시장애인생활이동지원센터 운전원 채용공고,"[""DRIVING""]",train
조달청 공무직(조달품질원 시설관리(기계)원) 공개경쟁 채용공고(제2021-170호),"[""FACILITY_MAINTENANCE""]",train
"(주)신독 건물시설관리, 청소 직무 채용의 건","[""CLEANING_TASK"", ""FACILITY_MAINTENANCE""]",train
신정뉴타운롯데캐슬아파트 외곽 미화원 구인 (복지카드 우대),"[""CLEANING_TASK""]",train
▶ 신암동 강남아파트 ◀ 재가요양보호사 채용,"[""CARE_TASK""]",train
[행신동]  아파트 청소원 모집,"[""CLEANING_TASK""]",train
토당동 대림아파트 미화원 모집,"[""CLEANING_TASK""]",train
[진접읍] 휴먼시아 16단지 미화원 구인,"[""CLEANING_TASK""]",train
[서울시 구로구 개봉동] 아파트 미화원 직원 모집 ^^*,"[""CLEANING_TASK""]",train
노인맞춤돌봄서비스 수행인력(사회복지사) 공개 채용의 건,"[""CARE_TASK""]",train
[수리산역 인근] 재가 요양보호사,"[""CARE_TASK""]",train
망포 늘푸른벽산 아파트 청소원 모집,"[""CLEANING_TASK""]",train
[비산동 평촌자이아이파크] 실내 미화원 채용,"[""CLEANING_TASK""]",train
신용보증기금 대구본점 시설관리직(교대전기기사) 계약직 채용,"[""FACILITY_MAINTENANCE""]",train
생산직 및 배송기사 구합니다.,"[""DRIVING""]",train
한가람중학교 미화원 구인,"[""CLEANING_TASK""]",train
[노량진] 실내 미화원 구인_노량진센타빌딩,"[""CLEANING_TASK""]",train
성남시 장애인 생활이동지원센터 직원(승합차 운전원) 채용 공고,"[""DRIVING""]",train
상대원동 레미콘 미화원 모집,"[""CLEANING_TASK""]",train
(산척동) 호반프라자 단시간 야간경비 채용,"[""NIGHT_SHIFT""]",train
새에덴교회 미화원 채용,"[""CLEANING_TASK""]",train
효성병원 내 미화원 모집,"[""CLEANING_TASK""]",train
창동북한산아이파크 청소 미화원 채용(복지카드 소지자 우대),"[""CLEANING_TASK""]",train
[신내역 프라디움더테라스 오피스텔] 미화원 모집,"[""CLEANING_TASK""]",train
"[개금 아이파크] 미화반장, 미화원 모집","[""CLEANING_TASK""]",train
신영통현대3단지아파트  미화원 모집,"[""CLEANING_TASK""]",train
분당구 미금역 4등급 여자어르신 요양보호사 구인,"[""CARE_TASK""]",train
과천시노인복지관(본관) 노인맞춤돌봄서비스 생활지원사 (계약직)모집 공고,"[""CARE_TASK""]",train
봉선시그니처휴튼 아파트 내부미화원 구인,"[""CLEANING_TASK""]",train
[염창동] 한마음삼성아파트 미화원 모집,"[""CLEANING_TASK""]",train
"[식사동] 위시티 일산자이1단지 아파트 외곽 미화원 (복지카드소지자 우대, 수당지급) 모집","[""CLEANING_TASK""]",train
공장 건물 청소 미화원 모집합니다 ^^,"[""CLEANING_TASK""]",train
과천 자이 아파트 실내 미화 구인,"[""CLEANING_TASK""]",train
[수성구 매호동] 아파트 청소원 구인,"[""CLEANING_TASK""]",train
상현동 광교SB타운 경비/시설관리원 구인(경비 이수증 무관),"[""FACILITY_MAINTENANCE""]",train
"[삼성전자 미래기술캠퍼스] 건물(사무실,실험실 등) 미화원 모집(복지카드 우대)","[""CLEANING_TASK""]",train
[금정구 구서동] 구서롯데1단지 미화원 채용,"[""CLEANING_TASK""]",train
[오산역] 은행 미화원 모집,"[""CLEANING_TASK""]",train
충북 진천군 광혜원면 소재 초등학교 미화원 구인,"[""CLEANING_TASK""]",train
[토당동] 능곡풍림아이원 아파트 미화원 모집,"[""CLEANING_TASK""]",train
[수지 죽전동] 꽃메마을 아이파크 2차 아파트 실내미화원 모집,"[""CLEANING_TASK""]",train
[학암동] 위례 롯데캐슬아파트 미화원 구인,"[""CLEANING_TASK""]",train
효성풍림아파트 청소 내부 미화원 모집 (신주 있음),"[""CLEANING_TASK""]",train
서동탄역 양우 내안애 아파트 미화원 모집 (화성시),"[""CLEANING_TASK""]",train
[전농동 래미안 크레시티 아파트 미화원 구인],"[""CLEANING_TASK""]",train
마산동 한강신도시 동일스위트 더파크뷰2단지 청소원 모집,"[""CLEANING_TASK""]",train
현장 미화원 모집 (파트타임),"[""CLEANING_TASK""]",train
(노원구 월계동 극동아파트 ) 요양보호사 모집 (4등급  남자어르신),"[""CARE_TASK""]",train
고산 리슈빌포레(3단지)아파트 미화원 채용,"[""CLEANING_TASK""]",train
명지 퀸덤 에디슨 타운 아파트 미화원 채용합니다.,"[""CLEANING_TASK""]",train
[채용대행] 송촌토파즈 아파트 실내 미화원 모집,"[""CLEANING_TASK""]",train
안양 석수 경남아너스빌아파트 청소원 모집,"[""CLEANING_TASK""]",train
향남 신명스카이뷰 아파트 미화원 모집,"[""CLEANING_TASK""]",train
[한국전력국제원자력대학원대학교] 기간제근로자(미화) 채용공고,"[""CLEANING_TASK""]",train
분당 상가건물 미화원 채용,"[""CLEANING_TASK""]",train
아파트  청소원구함-봇들마을9단지아파트(외곽 및 분리수거),"[""CLEANING_TASK""]",train
[11기동사단]공무직근로자(시설관리원) 채용,"[""FACILITY_MAINTENANCE""]",train
[은계 호반 써밋플레이스 아파트] 미화원 5명 구인,"[""CLEANING_TASK""]",train
미화원 채용[천호현대아파트],"[""CLEANING_TASK""]",train
[탄현동] 탄현마을10단지 아파트 미화원 모집,"[""CLEANING_TASK""]",train
[용인 기흥] 한보라 더힐아파트 실내 미화원 채용합니다.(장애인등록증 또는 장애인복지카드 소지자 우대)],"[""CLEANING_TASK""]",train
일광서울 병원건물미화원모집 (일광),"[""CLEANING_TASK""]",train
2026년도 제3회 직원 공개채용 공고(일반7급 운전),"[""DRIVING""]",train
사무보조및 제조 발주관리,"[""OFFICE_TASK""]",train
과천 아파트 외곽 미화원 구인,"[""CLEANING_TASK""]",train
금촌역더트루엘센트리지 미화원 모집,"[""CLEANING_TASK""]",train
힐스테이트 도안퍼스트 아파트 미화원 모집,"[""CLEANING_TASK""]",train
의정부 미술도서관 미화원 모집(복지카드 소지자 우대),"[""CLEANING_TASK""]",train
"[청량리역 한양수자인그라시엘] 내부미화 (월-금 8:30-15:00/ 토(격주)8:30-11:30 1,503,700원)","[""CLEANING_TASK""]",train
[양주옥정]  아파트 미화원(외곽)모집,"[""CLEANING_TASK""]",train
강남구 삼성도 풍림2차아파트 미화원 모집,"[""CLEANING_TASK""]",train
탑석자이아파트 내부 및 외부 미화원 구인,"[""CLEANING_TASK""]",train
경주 코오롱호텔 조경보조 및 미화업무 직원 구인(장애인구인희망),"[""CLEANING_TASK""]",train
오류한신플러스타운 아파트 미화원 구인(복지카드 우대),"[""CLEANING_TASK""]",train
미화원구인,"[""CLEANING_TASK""]",train
당하동 대성베르힐라프라미어아파트 미화원 구인,"[""CLEANING_TASK""]",train
공무직 근로자 레스텔 객실청소원 채용,"[""CLEANING_TASK""]",train
한우리노인복지센터 고성 영오면 영대리 요양보호사 모집,"[""CARE_TASK""]",train
아파트 내부 미화원 구인,"[""CLEANING_TASK""]",train
[관산동] 고양외국어고등학교 교육공무직원(시설미화) 채용공고,"[""CLEANING_TASK""]",train
[보광동] 한국폴리텍대학교 미화원 모집(복지카드 소지자 우대),"[""CLEANING_TASK""]",train
아파트 청소원 구인,"[""CLEANING_TASK""]",train
한보라마을6단지 외곽 미화원 채용합니다.,"[""CLEANING_TASK""]",train
육군 제1군수지원사령부 공무직 근로자(청소관리원) 채용,"[""CLEANING_TASK""]",train
오피스텔 외곽(외부) 미화원 채용(송도센트럴파크 오피스텔),"[""CLEANING_TASK""]",train
2022년 노인맞춤돌봄서비스 전담사회복지사 채용 [긴급],"[""CARE_TASK""]",train
2024년 1차 인천청사관리소 공무직 공개경쟁채용시험 공고(미화 장애인),"[""CLEANING_TASK""]",train
쿠팡 대구1센터 주간 외곽미화원 (주5일),"[""CLEANING_TASK""]",train
(봉화산역) 신내 엘리어트 하우스(오피스텔) 청소원 모집,"[""CLEANING_TASK""]",train
[대장동] 힐스테이트판교 엘포레6블럭 미화원 구인,"[""CLEANING_TASK""]",train
성서 보람타운 아파트 미화원 채용,"[""CLEANING_TASK""]",train
마곡 아파트 청소원 채용,"[""CLEANING_TASK""]",train
[중구 을지로3가역] 우리원헬스케어 미화원 모집,"[""CLEANING_TASK""]",train
[채용대행]행신동 햇빛마을21단지 아파트 외곽 미화원 모집,"[""CLEANING_TASK""]",train
쿠팡 이천2 물류센터 주간 미화원 모집,"[""CLEANING_TASK""]",train
"[부산진구 전포동] 서면아이파크 선별장 외곽, 지하주차장 미화원 채용","[""CLEANING_TASK""]",train
[동국실업] 외곽미화원,"[""CLEANING_TASK""]",train
다온마을 쌍용 스윗닷홈 아파트 외곽 미화원 구인 (복지카드 우대),"[""CLEANING_TASK""]",train
[서울/명동] 삼일로창고극장 미화원 모집,"[""CLEANING_TASK""]",train
[현대8차아파트] 압구정 인근 미화원 (1명) 모집,"[""CLEANING_TASK""]",train
로젠택배 이천터미널 청소직원 모집,"[""CLEANING_TASK""]",train
해동마을 신도브래뉴아파트 외곽미화원,"[""CLEANING_TASK""]",train
이동목욕 요양보호사 채용 공고,"[""CARE_TASK""]",train
더샵레이크파크 커뮤니티센터 청소원,"[""CLEANING_TASK""]",train
[ 관광마이스업 특별취업지원센터 채용대행 ] 벡스코시설관리(주)-전기파트 계약직 채용,"[""FACILITY_MAINTENANCE""]",train
덕양구 행신동 서정마을6단지 아파트 미화원 모집,"[""CLEANING_TASK""]",train
요양보호사구인 (1일3시간),"[""CARE_TASK""]",train
[동아시아연구원] 경복궁역 인근 미화원 모집 (1명),"[""CLEANING_TASK""]",train
[서천동]서천마을 휴먼시아 2단지 아파트 미화원 모집,"[""CLEANING_TASK""]",train
오산 원동 힐스테이트아파트 미화원 모집,"[""CLEANING_TASK""]",train
[동구 각산역 부근] 4등급 재가요양보호사 구인,"[""CARE_TASK""]",train
용인동백초당마을 3단지 아파트 미화원 구인 (복지카드 우대),"[""CLEANING_TASK""]",train
이천동 대봉초등학교 주변 재가 요양보호사님을 모십니다.,"[""CARE_TASK""]",train
경찰대학 무기계약직(환경미화 공무직)  채용 공고,"[""CLEANING_TASK""]",train
동국대 분당한방병원 내 미화원 구인,"[""CLEANING_TASK""]",train
경상북도청소년상담복지센터 계약직 직원채용 계획 공고(팀원 및 임상심리사),"[""CLEANING_TASK""]",train
아파트 내부 미화원 구인(주안 더샵아르테아파트),"[""CLEANING_TASK""]",train
케어링 주간보호센터 부산 금정점 요양보호사 모집,"[""CARE_TASK""]",train
(주)하엠 회사 외곽청소 미화원 경력자 구인,"[""CLEANING_TASK""]",train
에덴재가복지센터 요양보호사 구인(진안읍 연장리),"[""CARE_TASK""]",train
"[복지카드소지자 우대] 가든파이브 라이프 주간, 야간 보안사원 모집","[""NIGHT_SHIFT""]",train
갈산대동2차 아파트 미화원 구인,"[""CLEANING_TASK""]",train
[덕풍KCC스위첸 ] 아파트 미화원 구인,"[""CLEANING_TASK""]",train
상도2차두산위브트레지움 아파트 미화원 모집(복지카드우대),"[""CLEANING_TASK""]",train
장애인특별운송사업 휠체어택시 운전원 모집,"[""DRIVING""]",train
아파트 커뮤니티 미화원 구인,"[""CLEANING_TASK""]",train
과천 푸르지오써밋아파트 내부미화원 구인,"[""CLEANING_TASK""]",train
미화원모집,"[""CLEANING_TASK""]",train
육군항공사령부 공무직근로자(시설관리원-경기도 하남) 채용,"[""FACILITY_MAINTENANCE""]",train
대구 달서구 유천동 소재 초등학교 미화원 구인,"[""CLEANING_TASK""]",train
[수성구 범어동] 4등급 재가요양보호사 구인,"[""CARE_TASK""]",train
[더샵퍼스트시티/미화원],"[""CLEANING_TASK""]",train
[화성시 새솔동] 아파트 미화원 구인,"[""CLEANING_TASK""]",train
연산 엘지 요양보호사 모십니다,"[""CARE_TASK""]",train
정발산동 밤가시마을 7단지 아파트 미화원 구인,"[""CLEANING_TASK""]",train
[잠실동] 금비빌딩 격일 시설관리원 모집(월 230만 ~ ),"[""FACILITY_MAINTENANCE""]",train
본사 왁스머신 기계청소원 채용,"[""CLEANING_TASK""]",train
우방청운타운 미화원 모집,"[""CLEANING_TASK""]",train
*광주시)아파트 청소원 모집-송정대주파크빌 아파트,"[""CLEANING_TASK""]",train
[마북동]연원마을 엘지아파트 외곽미화원 구인,"[""CLEANING_TASK""]",train
3톤미만 지게차 운전자 채용(입식/리치운전자),"[""DRIVING"", ""STANDING""]",train
광성초등학교 야간경비 모집,"[""NIGHT_SHIFT""]",train
주안캐슬앤더샵에듀포레아파트 미화원 모집,"[""CLEANING_TASK""]",train
북수원자이렉스비아 아파트 외곽 및 주차장 청소원 모집.,"[""CLEANING_TASK""]",train
국립청소년우주센터 기간제 직원 채용(영양사),"[""CLEANING_TASK""]",train
"2024년 노인맞춤돌봄서비스사업 기간제 근로자(전담사회복지사, 생활지원사) 채용 공고","[""CARE_TASK""]",train
실내미화원,"[""CLEANING_TASK""]",train
카카오 GMC사옥 보안(야간) 채용공고,"[""NIGHT_SHIFT""]",train
혁신코오롱하늘채아파트 미화원 구인,"[""CLEANING_TASK""]",train
래미안 영통마크원 1단지 아파트 미화원모집,"[""CLEANING_TASK""]",train
운서동 영종풍림 6-1 아파트 내부 미화원 채용,"[""CLEANING_TASK""]",train
재가요양보호사 구인,"[""CARE_TASK""]",train
[강남구청 구인기업초대의날 현장면접] 학교 시설관리원 모집,"[""FACILITY_MAINTENANCE""]",train
[북한산 힐스테이트 3차 외부 미화원 구인],"[""CLEANING_TASK""]",train
용인 신정마을현대프라임 아파트 미화원 채용합니다.,"[""CLEANING_TASK""]",train
[서울/강서구] 평일 근무하실 미화원 모집합니다,"[""CLEANING_TASK""]",train
주5일 건설현장 사무실  미화원 모집,"[""CLEANING_TASK""]",train
[ 진접읍 ] 휴먼시아17단지 미화원 구인,"[""CLEANING_TASK""]",train
대륭테크노타운 8차 청소 미화원 구함(복지카드 소지자 우대),"[""CLEANING_TASK""]",train
[연산동] 연산자이 아파트 미화원 채용,"[""CLEANING_TASK""]",train
물류센터 청소원 채용,"[""CLEANING_TASK""]",train
군 간부숙소 환경미화원 모집,"[""CLEANING_TASK""]",train
★ 고용노동부 대구서부지청 기간제근로자(미화원 대체인력) 채용 공고 ★,"[""CLEANING_TASK""]",train
논현동 한화에코메트로 9단지 내부청소업무 구인,"[""CLEANING_TASK""]",train
삼산엠코타운아파트 미화원 모집,"[""CLEANING_TASK""]",train
(신봉동)동일하이빌4단지 미화원 구인,"[""CLEANING_TASK""]",train
덕풍동 아파트 청소원 모집,"[""CLEANING_TASK""]",train
밤가시마을9단지 드림팰리스 내부미화원 모집,"[""CLEANING_TASK""]",train
[진접읍] 진접해밀마을신안인스빌아파트 미화원 구인,"[""CLEANING_TASK""]",train
동탄역 경남아너스빌 아파트 외곽미화원 채용합니다.,"[""CLEANING_TASK""]",train
[은평 폭포동] 은평폭포4-4 미화원 구인,"[""CLEANING_TASK""]",train
[동천동]수진마을 써니밸리 아파트 미화원 모집,"[""CLEANING_TASK""]",train
[뷰티플타워] 당산역 도보1분 / 섬세 미화원 3명,"[""CLEANING_TASK"", ""WALKING""]",train
[인희빌딩] 청담역 인근 빌딩 청소미화원 (1명),"[""CLEANING_TASK""]",train
[급구]풀무원양지물류센터 미화직 구인 208만 이상 중식제공,"[""CLEANING_TASK""]",train
[삼성마을 THE 숲 내부 미화원 채용],"[""CLEANING_TASK""]",train
[동구 신암4동] 5등급 재가요양보호사 구인,"[""CARE_TASK""]",train
[동탄역] 아파트 실내미화원 모집-동탄역대방디엠시티더센텀 아파트,"[""CLEANING_TASK""]",train
진모루현대아파트 실내미화원을 모집합니다.,"[""CLEANING_TASK""]",train
(주)엠에스이 사무보조 모집 합니다.,"[""OFFICE_TASK""]",train
오송 제약회사 환경팀 청정관리(야간),"[""NIGHT_SHIFT""]",train
아파트 청소원 채용 (복지카드 우대),"[""CLEANING_TASK""]",train
우리W타워 미화 야간반 기사님 모십니다.,"[""CLEANING_TASK"", ""NIGHT_SHIFT""]",train
서희스타힐스3단지아파트 미화 구인,"[""CLEANING_TASK""]",train
[역북동] 푸르지오아파트 외곽미화 채용,"[""CLEANING_TASK""]",train
세탁물 배송기사(1톤탑차),"[""DRIVING""]",train
하동군 특별교통수단 콜택시 직원(운전원) 공개 채용,"[""DRIVING""]",train
태백장애인종합복지관 회계사무보조원 채용 공고(긴급),"[""OFFICE_TASK""]",train
성남 상가건물 미화원 구인,"[""CLEANING_TASK""]",train
(자양동) 4등급할머니 재가요양보호사 구인,"[""CARE_TASK""]",train
[경기/하남] 디지털도서관 미화원 모집,"[""CLEANING_TASK""]",train
정왕동 시화유통상가 외곽 미화원 및 운전원 구인,"[""CLEANING_TASK"", ""DRIVING""]",train
[급구]강동중흥s클래스 아파트 미화원 채용,"[""CLEANING_TASK""]",train
서초더샵포레아파트 외곽 청소미화원 구함.(복지카드 소지자 우대),"[""CLEANING_TASK""]",train
경주시시설관리공단 기간제 근로자 채용공고(2021-32호),"[""FACILITY_MAINTENANCE""]",train
고양지축 LH8단지 아파트 외곽 미화원 구인 (복지카드 우대),"[""CLEANING_TASK""]",train
한화에코메트로5단지아파트 외곽미화원 모집,"[""CLEANING_TASK""]",train
대동황토방아파트 미화원 모집,"[""CLEANING_TASK""]",train
힐스테이트 뉴포레 아파트 미화원 모집 (관악구-구로디지털단지역 부근),"[""CLEANING_TASK""]",train
청라동 아파트 외곽 미화원 구인,"[""CLEANING_TASK""]",train
아파트 청소원 모집-영등포구청역 인근 당산삼성2차아파트,"[""CLEANING_TASK""]",train
가족같이 일하실 요양보호사 선생님 모십니다.,"[""CARE_TASK""]",train
충남 공주시 유구읍 백교리 모델하우스 미화원 모집,"[""CLEANING_TASK""]",train
[진접읍 더샵퍼스트시티/ 실내미화원 모집],"[""CLEANING_TASK""]",train
[화정동]고양 별빛마을8단지 부영아파트 미화원 채용합니다.(장애인등록증 또는 장애인복지카드 소지자 우대),"[""CLEANING_TASK""]",train
[장애인/보훈대상자 우대] 두산건설 광주수박등 공사 현장 청소원 채용,"[""CLEANING_TASK""]",train
[야당동 한빛 2단지] 아파트청소원 모집,"[""CLEANING_TASK""]",train
[영등포구](양평동)초등학교 및 유치원 미화원 모집,"[""CLEANING_TASK""]",train
[세계빌딩] 강남역 도보1분 건물 *미화원* 모집,"[""CLEANING_TASK"", ""WALKING""]",train
창동북한산아이파크아파트 (복지카드 소지자우대) 미화원 구함,"[""CLEANING_TASK""]",train
다정한마을 금강KCC아파트 미화원,"[""CLEANING_TASK""]",train
잠실롯데캐슬골드 아파트  청소미화원 구함.(복지카드소지자 우대),"[""CLEANING_TASK""]",train
미화원모집 (월곶도서관),"[""CLEANING_TASK""]",train
상동효성센트럴타운  미화원 구인 (복지카드 우대),"[""CLEANING_TASK""]",train
이화신동아파밀리에 내부 청소 미화원 구인,"[""CLEANING_TASK""]",train
아파트 미화원(실내)모집-평내세종리젠시빌 아파트,"[""CLEANING_TASK""]",train
아파트 외곽 미화원 채용,"[""CLEANING_TASK""]",train
아크로리버뷰 신반포아파트 내부 미화원 1명 채용합니다.,"[""CLEANING_TASK""]",train
［동탄 영천동］코너원 미화원 모집(월급 175만원),"[""CLEANING_TASK""]",train
[2일간격 교대] 한강아이제일병원 미화직원 채용,"[""CLEANING_TASK""]",train
아파트 미화원 구합니다/시흥여성새일본부 채용 대행,"[""CLEANING_TASK""]",train
우리W타워 미화 야간반(여자화장실청소) 모십니다.,"[""CLEANING_TASK"", ""NIGHT_SHIFT""]",train
[향남읍] 에스텍파마 미화원 구인,"[""CLEANING_TASK""]",train
봇들마을 3단지 미화원 모집 (성남시 분당구),"[""CLEANING_TASK""]",train
야간 배차관리원(경비) 모집(기장),"[""NIGHT_SHIFT""]",train
사무실 청소원 구인,"[""CLEANING_TASK""]",train
교보생명 구리사옥 빌딩시설관리(전기선임) 모집,"[""FACILITY_MAINTENANCE""]",train
(급)아파트청소미화원 모집합니다.,"[""CLEANING_TASK""]",train
[용이동] 지웰푸르지오 아파트 외부미화원 모집,"[""CLEANING_TASK""]",train
아파트 미화원 채용,"[""CLEANING_TASK""]",train
대구 수성구 성 김대건성당 미화사원 모집,"[""CLEANING_TASK""]",train
경주교원드림센터 외곽미화원 모집,"[""CLEANING_TASK""]",train
시설관리 영선원(관리소장)을 모집합니다,"[""FACILITY_MAINTENANCE""]",train
벽산에어트리움 빌딩 미화원 채용합니다.,"[""CLEANING_TASK""]",train
육군항공사령부 공무직근로자(청소관리원-경기도 이천) 채용,"[""CLEANING_TASK""]",train
서재자이아파트 내부 미화원 채용,"[""CLEANING_TASK""]",train
아파트 청소원 모집- 양평역 대우미래사랑,"[""CLEANING_TASK""]",train
송도자이하버뷰아파트 외곽미화원(복지카드우대),"[""CLEANING_TASK""]",train
고양시 아이돌봄지원사업 전담인력 직원 채용,"[""CARE_TASK""]",train
송도풍림 3단지아파트 미화원 (복지카드우대),"[""CLEANING_TASK""]",train
[채용대행] 문산역2차 동문디이스트 아파트 미화원 모집,"[""CLEANING_TASK""]",train
재개발 건축사업현장 사무보조 모집(광명),"[""OFFICE_TASK""]",train
가양역 두산위브아파트 실내미화원 모집,"[""CLEANING_TASK""]",train
김포 한강 아이파크 아파트 외곽미화원 구인합니다.,"[""CLEANING_TASK""]",train
반정동 아이파크캐슬 5단지 미화원 모집,"[""CLEANING_TASK""]",train
에덴재가복지센터 중증어르신 요양보호사 구인(부귀면),"[""CARE_TASK""]",train
[육군 5779부대] 간부숙소 건물청소원 채용,"[""CLEANING_TASK""]",train
"수도권광역급행철도(GTX) A노선 (수서역, 성남역) 역사 및 전동차 청소원 모집","[""CLEANING_TASK""]",train
군산 나운동 동신아파트 미화원 구인,"[""CLEANING_TASK""]",train
"시내버스, 버스기사, 운전기사, 운행사원 모집","[""DRIVING""]",train
성실하신 요양보호사 선생님 모십니다. (복지카드소지자 지원가능),"[""CARE_TASK""]",train
용신중학교 지방공무원(시설관리) 대체인력 채용 공고,"[""FACILITY_MAINTENANCE""]",train
2022년 상반기 신입사원(시설미화 공무직) 채용,"[""CLEANING_TASK""]",train
북한강성원아파트 미화 반장 채용,"[""CLEANING_TASK""]",train
[안성시 죽산면] 한겨레중.고등학교 미화 근무자 채용합니다.,"[""CLEANING_TASK""]",train
진천군립 생거진천노인복지센터 운전원 채용공고 - 주간보호센터 (재공고),"[""DRIVING""]",train
［동탄 영천동］코너원 스마트타워미화원 모집,"[""CLEANING_TASK""]",train
[별내동] 별내푸르지오아파트 미화원 모집,"[""CLEANING_TASK""]",train
신영통 현대3단지아파트  미화원 모집,"[""CLEANING_TASK""]",train
[ 이촌동 ] 동부센트레빌 아파트 실내 미화원 구인,"[""CLEANING_TASK""]",train
"[압구정역 3번출구 도보 1분] 이소니프라자 미화반장 모집( 주6일, 월급 180만원)","[""CLEANING_TASK"", ""WALKING""]",train
[북구 대현동] 재가요양보호사 구인,"[""CARE_TASK""]",train
[행신동] 소만마을 7단지 아파트 청소원 모집,"[""CLEANING_TASK""]",train
코마화재특종손해사정 경영지원팀 경영지원사무보조 채용,"[""OFFICE_TASK""]",train
이수역 사당 우성3단지 아파트 내부 미화원 1명 채용합니다.,"[""CLEANING_TASK""]",train
상봉동 재가요양보호사 구인,"[""CARE_TASK""]",train
[보라매병원역 인근] 도시철도 신림선 본사 건물 미화원 모집,"[""CLEANING_TASK""]",train
동탄역 경남아너스빌 아파트 미화원 채용합니다.,"[""CLEANING_TASK""]",train
정든마을 동아2단지 아파트 청소원 채용,"[""CLEANING_TASK""]",train
황전실버타운 생활지도원(요양보호사) 채용 공고,"[""CARE_TASK""]",train
[삼구아이앤씨] 삼성스토어 송파점 미화(청소) 직원 모집 (일 4시간),"[""CLEANING_TASK""]",train
[부산진구청 채용대행] [전포동] 아파트미화원 모집,"[""CLEANING_TASK""]",train
경주시시설관리공단 기간제 근로자(국민체육센터-안전요원) 채용공고(2021-34호),"[""FACILITY_MAINTENANCE""]",train
[대화동] 성저마을2단지 아파트 미화원 모집,"[""CLEANING_TASK""]",train
서창 청광플러스원 아파트 미화원 구인,"[""CLEANING_TASK""]",train
용인 신정마을 현대프라임 아파트 미화원 채용(장애인등록증 또는 장애인복지카드 소지자 우대),"[""CLEANING_TASK""]",train
CJ계열사 시설관리. 경비보안 담당자  ★ 6.10(화) 채용박람회 현장면접 진행기업 (관악고용센터 채용대행) ★,"[""FACILITY_MAINTENANCE""]",train
덕이동 일산파밀리에 4단지 청소원 모집,"[""CLEANING_TASK""]",train
[강남역] 상가건물 미화원 채용,"[""CLEANING_TASK""]",train
미화반장 모집 (위생시설청소),"[""CLEANING_TASK""]",train
[세종 전동면] 공장 청소 및 과수관리,"[""CLEANING_TASK""]",train
학교법인 경안학원 사무직원(시설관리직) 공개전형 시행계획 공고,"[""FACILITY_MAINTENANCE""]",train
[동탄]이엠텍 미화원 구인,"[""CLEANING_TASK""]",train
행신동 행신1차SK 아파트 미화원 모집,"[""CLEANING_TASK""]",train
서울 성수동 도이치모터스 빌딩 미화원 구인 합니다.,"[""CLEANING_TASK""]",train
배송업무(퀵서비스) 모집,"[""DRIVING""]",train
(채용대행)산내마을2단지 센트럴리움 외곽청소원 모집,"[""CLEANING_TASK""]",train
평촌래미안푸르지오아파트 미화원  모집,"[""CLEANING_TASK""]",train
고등동 호반써밋판교밸리 외곽미화원 채용,"[""CLEANING_TASK""]",train
(단시간) 인천원예농협 본점 건물청소원,"[""CLEANING_TASK""]",train
경기광주 퇴촌 관음리 여자 요양보호사 구인,"[""CARE_TASK""]",train
[동천동] 더샵동천포레스트 아파트 미화원 구인,"[""CLEANING_TASK""]",train
경주 우성한빛타운1차 미화원 채용합니다.,"[""CLEANING_TASK""]",train
신정이펜하우스1단지아파트 외곽 미화원 채용,"[""CLEANING_TASK""]",train
{아파트 청소원 구인}천안부성LH행복주택1단지,"[""CLEANING_TASK""]",train
대륭테크노타운 8차 미화원 구함,"[""CLEANING_TASK""]",train
청소 및 세탁물 정리 하실 분 모십니다.,"[""CLEANING_TASK""]",train
"요양보호사구인 (1일6시간;오전3시간,오후3시간)","[""CARE_TASK""]",train
[산척동] 더레이크시티 부영3단지 내부미화원 구인,"[""CLEANING_TASK""]",train
[화정동] 2024 화정고등학교 시설미화원 채용 공고,"[""CLEANING_TASK""]",train
관광 호텔 시설관리원(영선원)을 모십니다.,"[""FACILITY_MAINTENANCE""]",train
[다산동] 다산한강 반도유보라 아파트 미화원 구인.,"[""CLEANING_TASK""]",train
"버스 운전원(수원1명, 성남1명, 동두천1명, 평택2명, 서울5명 셔틀버스 운전원)","[""DRIVING""]",train
[학익동] 아파트 외곽 미화원 모집,"[""CLEANING_TASK""]",train
(수원 권선구)고색2차태산아파트 외곽미화원 모집,"[""CLEANING_TASK""]",train
"한국폴리텍대학 인천캠퍼스 무기계약직(냉난방원, 미화원) 채용 공고","[""CLEANING_TASK""]",train
한우리노인복지센터 요양보호사 모집,"[""CARE_TASK""]",train
학원청소하실분,"[""CLEANING_TASK""]",train
성남 수진역 요양보호사 모집,"[""CARE_TASK""]",train
연수대우1차 아파트 외곽 미화원 구인(복지카드 우대),"[""CLEANING_TASK""]",train
사회복지사 채용(발달장애인주간활동 전담/ 제공/자립생활지원/야간순회사무 ),"[""NIGHT_SHIFT""]",train
경상북도 청소년 상담복지센터 기간제 직원 채용,"[""CLEANING_TASK""]",train
화명현대2차 아파트  미화원 모집,"[""CLEANING_TASK""]",train
아파트 청소원 모집 - 연수풍림,"[""CLEANING_TASK""]",train
"화장지 물류 배송직 1명 (경증장애인,지게차운전자 가능 우대) 채용합니다.","[""DRIVING""]",train
"[초량동]제품수거, 운전업무","[""DRIVING""]",train
시설관리팀 공무직(건축(영선)) 채용,"[""FACILITY_MAINTENANCE""]",train
[육군3사관학교] 기간제근로자(충성대회관 청소담당) 신규채용,"[""CLEANING_TASK""]",train
경주 금장로얄아파트 미화원 채용합니다.,"[""CLEANING_TASK""]",train
월 231 [오산역 오산쿠팡신선센터]야간파지원 주5일,"[""NIGHT_SHIFT""]",train
이천자이더파트아파트 실내미화원 모집합니다.,"[""CLEANING_TASK""]",train
[동탄]아파트 미화원 모집,"[""CLEANING_TASK""]",train
[[ 수원 망포 ]] 영통아이파크캐슬1단지 커뮤니티 남탕 샤워장 (외곽)미화원,"[""CLEANING_TASK""]",train
제일우성2단지 미화원 채용합니다.,"[""CLEANING_TASK""]",train
[초월읍] 은행 미화원 구인,"[""CLEANING_TASK""]",train
여주역푸르지오클라테르아파트 미화원 구인,"[""CLEANING_TASK""]",train
미화원 모집- e편한세상 반월 나노시티역,"[""CLEANING_TASK""]",train
평택] 아파트 미화원 모집 - 평택동산아파트,"[""CLEANING_TASK""]",train
아파트 미화원 구함-철산 래미안자이아파트-외곽청소및 분리수거,"[""CLEANING_TASK""]",train
화성 비봉LH5단지 아파트 내부미화원 구인,"[""CLEANING_TASK""]",train
화물차 운전원 모집,"[""DRIVING""]",train
[산내8단지] 아파트 외곽  청소원 모집,"[""CLEANING_TASK""]",train
경기 양주시 옥정동 모델하우스 미화원 모집,"[""CLEANING_TASK""]",train
[진접읍] 회사 건물 미화원 구인,"[""CLEANING_TASK""]",train
한화에코메트로5단지아파트 미화원 모집,"[""CLEANING_TASK""]",train
[역북동] 푸르지오아파트 외곽 청소원 모집,"[""CLEANING_TASK""]",train
불당호반센트로포레 아파트 내부 미화원 구인,"[""CLEANING_TASK""]",train
홍성2차부영 아파트 미화원 채용합니다.,"[""CLEANING_TASK""]",train
[육군 제25보병사단] 공무직근로자(청소관리원) 채용공고,"[""CLEANING_TASK""]",train
백마3단지 금호한양아파트 청소미화원(복지카드 소지자 우대)채용,"[""CLEANING_TASK""]",train
[미사강변골든센트로(28단지)] 외곽청소원 모집,"[""CLEANING_TASK""]",train
영통포레파크원아파트 미화원 모집,"[""CLEANING_TASK""]",train
KD운송그룹 이천시내버스 승무사원 모집,"[""DRIVING""]",train
신보운영관리(주) 신용보증기금 기업지원센터(남부) 시설관리직(반장) 정규직 채용,"[""FACILITY_MAINTENANCE""]",train
[인천시선거관리위원회]  행정사무보조직(선거여론조사 / 회계사무) 기간제 근로자 모집 공고,"[""OFFICE_TASK""]",train
아워홈 용인1공장 미화 직원 채용[단기근무가능],"[""CLEANING_TASK""]",train
[ 망포2동 ] 망포쌍용에듀파크아파트 미화원 모집,"[""CLEANING_TASK""]",train
미화원 채용[동천동 포레나수지동천],"[""CLEANING_TASK""]",train
[오토허브] 용인시 인근 미화원 모집,"[""CLEANING_TASK""]",train
[향동] DMC스타비즈 7ST 미화원 모집,"[""CLEANING_TASK""]",train
구월아시아드 외곽 청소원 모집,"[""CLEANING_TASK""]",train
현대프라힐스원주혁신아파트 미화원 모집 (복지카드 소지자 우대),"[""CLEANING_TASK""]",train
영통효성해링턴플레이스  아파트 외곽 미화원 구인(복지카드 우대),"[""CLEANING_TASK""]",train
은하마을주공1단지아파트 미화원 모집,"[""CLEANING_TASK""]",train
송도자이하버뷰 공용부 미화원,"[""CLEANING_TASK""]",train
봇들마을 3단지 미화원 모집(성남시 분당구),"[""CLEANING_TASK""]",train
[덕이동]자동차부품 배달기사 채용(경차로 배달),"[""DRIVING""]",train
길요양원 요양보호사 모집합니다(주주야야),"[""CARE_TASK""]",train
한신더휴캐널파크 아파트 외곽 미화원 모집,"[""CLEANING_TASK""]",train
[용마산역] 면목현대아파트 미화원 채용,"[""CLEANING_TASK""]",train
(중구청 채용대행) 대흥동 재가요양보호사 1명모집,"[""CARE_TASK""]",train
남원시장애인생활이동지원센터 운전원 채용,"[""DRIVING""]",train
서초구 방배신동아 아파트 내부미화원 채용합니다.(장애인등록증 또는 장애인복지카드 소지자 우대),"[""CLEANING_TASK""]",train
김포 강변마을 월드메르디앙 아파트 내부 미화원 모집합니다.(장애인등록증 또는 장애인복지카드 소지자 우대),"[""CLEANING_TASK""]",train
고등동 아파트 내부 미화원 모집,"[""CLEANING_TASK""]",train
2026년 군포시청소년재단 기간제계약직(청소년활동) 채용 공고,"[""CLEANING_TASK""]",train
올림픽공원 실내배드민턴장(권선지구체육시설) 관리사원(안내 및 미화) 채용공고,"[""CLEANING_TASK""]",train
다산한양수자인리버팰리스아파트 미화원 / 지하청소 / 복지카드 소지자 우대 (급구),"[""CLEANING_TASK""]",train
시범우남퍼스트빌아파트 미화 구인,"[""CLEANING_TASK""]",train
[수지 상현동] 만현마을 롯데캐슬아파트 내부 미화원 채용,"[""CLEANING_TASK""]",train
에덴재가복지센터 요양보호사 구인(마령면),"[""CARE_TASK""]",train
5925부대 공무직 근로자(청소관리원) 채용,"[""CLEANING_TASK""]",train
[행신동] 햇빛마을21단지 아파트 외곽청소원 모집,"[""CLEANING_TASK""]",train
목감 중흥S클래스레이크힐스아파트 외곽 미화인 구인,"[""CLEANING_TASK""]",train
[대치동] 한보미도아파트 실내미화원 모집,"[""CLEANING_TASK""]",train
대전화병원 미화원 구인합니다.,"[""CLEANING_TASK""]",train
[아파트 외곽미화] 수원 호매실역서희스타힐스 미화원 모집합니다.,"[""CLEANING_TASK""]",train
경기북부지역 교통약자 장애인 휠체어택시 헤이드 운전기사님 모집,"[""DRIVING""]",train
창신대학교 일반직 직원(사무처 시설관리팀) 채용,"[""FACILITY_MAINTENANCE""]",train
경상북도청소년육성재단(북부청소년성문화센터) 성교육 팀원(무기계약직) 채용 재공고,"[""CLEANING_TASK""]",train
▶ 동구 신서동  ◀ 재가요양보호사 구인,"[""CARE_TASK""]",train
기흥역] 기흥역지웰푸르지오 미화원(실내)구인,"[""CLEANING_TASK""]",train
일산 동구 하늘마을1단지 외곽 청소미화원 채용(복지카드소지자 우대),"[""CLEANING_TASK""]",train
공공조달컨설팅 사무보조 모집,"[""OFFICE_TASK""]",train
한국폴리텍대학 바이오캠퍼스 무기계약직(대학운영직) 운전원 채용 공고,"[""DRIVING""]",train
[의왕시]제일풍경채 4단지 청소원 모집,"[""CLEANING_TASK""]",train
[삼성스토어 경기광주점] 미화 근무자 (1분) 모집,"[""CLEANING_TASK""]",train
시설관리(기계) 신입 정규직 채용,"[""FACILITY_MAINTENANCE""]",train
(방화동) 아파트(공용부) 청소원 채용,"[""CLEANING_TASK""]",train
중랑구] 아파트 미화원,"[""CLEANING_TASK""]",train
중흥S클래스 아파트 외곽청소,"[""CLEANING_TASK""]",train
"(구미 산동읍 봉산리, 황상동) 한전 KDN구미지사 사무실 청소원 모집","[""CLEANING_TASK""]",train
[나라빌딩] 교대역인근 사무실 *미화원* 모집,"[""CLEANING_TASK""]",train
구월성문 아파트 미화원 모집,"[""CLEANING_TASK""]",train
수서1단지 SH빌 외곽 미화원 채용합니다.,"[""CLEANING_TASK""]",train
[수지구 성복역]롯데캐슬골드타운 아파트 실내 및 외곽 미화원 모집,"[""CLEANING_TASK""]",train
죽전동성 1차 아파트 미화원 구인,"[""CLEANING_TASK""]",train
"시설 관리자 모집(건물, 전기, 수도)","[""FACILITY_MAINTENANCE""]",train
부천동부센트레빌 아파트 아파트 미화원 구인(복지카드우대),"[""CLEANING_TASK""]",train
상가 미화원 구인합니다.,"[""CLEANING_TASK""]",train
[2026-24호] 육군 제53사단 시설관리원 채용 공고,"[""FACILITY_MAINTENANCE""]",train
동편마을2단지 미화원 모집(안양),"[""CLEANING_TASK""]",train
자동차부품 서열및지게차운전원 모집,"[""DRIVING""]",train
[이천 SKMS연구소]  미화원 모집,"[""CLEANING_TASK""]",train
[ 화도읍 ] 중흥에스클래스아파트 미화직 구인,"[""CLEANING_TASK""]",train
2022-01차 서초문화재단 직원 공개경쟁 채용(사서_야간),"[""NIGHT_SHIFT""]",train
평내1차 대주파크빌아파트 미화원 채용,"[""CLEANING_TASK""]",train
반달마을극동 아파트 미화원 구인(복지카드우대),"[""CLEANING_TASK""]",train
광안리 진로비치 아파트 청소원,"[""CLEANING_TASK""]",train
운전원,"[""DRIVING""]",train
부평자이아파트 미화원 구인(내부),"[""CLEANING_TASK""]",train
[덕풍KCC스위첸 ] 아파트 실내청소원 모집,"[""CLEANING_TASK""]",train
[삼성스토어 제천점] 미화 근무자(1분) 모집 4시간 근무,"[""CLEANING_TASK""]",train
아파트 미화원 모집 (양주 덕정동),"[""CLEANING_TASK""]",train
대신화물택배 구로 배달기사님 구합니다,"[""DRIVING""]",train
[장애인병행채용]장애인복지기관 (사무보조직) 모집,"[""OFFICE_TASK""]",train
요양보호사 채용[25.9.25(목) 13:00~채용설명회 및 현장면접진행]-사전접수 필수,"[""CARE_TASK""]",train
재가요양보호사 모집합니다.,"[""CARE_TASK""]",train
충북 진천군 소재 초등학교 미화원 구인,"[""CLEANING_TASK""]",train
태평동 아파트 외곽미화원 모집,"[""CLEANING_TASK""]",train
▶ 중구 동인동3가 ◀ 재가요양보호사 채용,"[""CARE_TASK""]",train
망포복합체육센터 관리사원(미화) 채용공고,"[""CLEANING_TASK""]",train
"평택 삼성반도체 P1 스막,라인청소 미화원 채용 "" 서정동행정복지센터 상설면접 채용행사 예정 ""","[""CLEANING_TASK""]",train
천안라이프타운아파트 신주 담당 미화원 모집,"[""CLEANING_TASK""]",train
"[삼성스토어 정읍] 미화 근무자(1분) 모집 (주 6일, 4시간 근무)","[""CLEANING_TASK""]",train
백석동 밀레니엄리젠시 오피스텔 미화원 모집,"[""CLEANING_TASK""]",train
여수 포레나 디아일랜드 외곽 미화원 채용합니다.,"[""CLEANING_TASK""]",train
[채용대행] 일산아이파크5단지 아파트 외곽미화원 구인,"[""CLEANING_TASK""]",train
[성별무관]영등포 양평삼성래미안 아파트 내부 미화원 채용합니다.(장애인등록증 또는 장애인복지카드 소지자 우대),"[""CLEANING_TASK""]",train
"동대문 팀204빌딩 시설관리 모집(주,당,비 근무/ 휴일 주간근무 시 휴무)","[""FACILITY_MAINTENANCE""]",train
2026년도 기간제 근로자 공개채용(사무보조-이동지원센터 상담원),"[""OFFICE_TASK""]",train
(신길동)신길한성아파트 내부미화원 모집,"[""CLEANING_TASK""]",train
케어링 주간보호센터 대구 서구점 요양보호사 모집,"[""CARE_TASK""]",train
[동양동] 아파트 내부 미화원 모집,"[""CLEANING_TASK""]",train
아파트 외곽청소원 구함- 삼선푸르지오아파트(지하주차장청소),"[""CLEANING_TASK""]",train
[다산동]플루리움 3단지 아파트 실내미화원 모집,"[""CLEANING_TASK""]",train
양평삼성래미안아파트 외곽미화원 1명 채용,"[""CLEANING_TASK""]",train
[삼성전자 디지털시티 수원사업장] 미화(청소)사원 모집_장애인복지카드 우대,"[""CLEANING_TASK""]",train
2026년도 제1회 직원 공개채용 공고(기간제근로자_시설관리),"[""FACILITY_MAINTENANCE""]",train
병원 내 미화원 구인,"[""CLEANING_TASK""]",train
서봉마을 모아엘가 아파트 미화원 구인,"[""CLEANING_TASK""]",train
방문목욕 요양보호사 채용 공고,"[""CARE_TASK""]",train
동대문 팀204빌딩 시설관리 모집(격일),"[""FACILITY_MAINTENANCE""]",train
[불광동] 북한산 힐스테이트3차 아파트 내부미화 구인,"[""CLEANING_TASK""]",train
여의도 미성아파트 미화원 구인,"[""CLEANING_TASK""]",train
[장애인/보훈대상자 우대] 울진읍남위브 현장 사무실 청소 직원 채용,"[""CLEANING_TASK""]",train
▶ 동구 율하동  ◀ 재가요양보호사 구인,"[""CARE_TASK""]",train
나노시티역롯데캐슬아파트 외곽미화원 구인,"[""CLEANING_TASK""]",train
(주)코엔서비스 진주 본사 일반관리직(소방시설관리사) 채용,"[""FACILITY_MAINTENANCE""]",train
동탄2 신안인스빌리베라 아파트 내부미화원 모집,"[""CLEANING_TASK""]",train
자동차부품 배달사원 모집,"[""DRIVING""]",train
제천노인복지센터 재가요양보호사 채용 공고,"[""CARE_TASK""]",train
[용인기흥구] 회사 청소원 모집,"[""CLEANING_TASK""]",train
신흥청구 아파트 미화원 구인(복지카드우대),"[""CLEANING_TASK""]",train
신보운영관리(주) 신용보증기금 인재개발센터 시설관리직(반장) 정규직 채용,"[""FACILITY_MAINTENANCE""]",train
[진접읍 더샵퍼스트시티/외곽미화원],"[""CLEANING_TASK""]",train
"[동국실업] 실내,외곽미화원","[""CLEANING_TASK""]",train
㉿ 케이앤디기공소   기공물 배달 직원  구합니다.,"[""DRIVING""]",train
쇼핑몰/정규직/물류관리/재고관리/화물운송운전 채용,"[""DRIVING""]",train
남원시장애인종합복지관 셔틀버스 운행 및 시설  관리 채용공고,"[""FACILITY_MAINTENANCE""]",train
아파트미화원-  도림동/쌍용플래티넘시티/복지카드우대,"[""CLEANING_TASK""]",train
은행동 대우2차아파트 내부 미화직 구인,"[""CLEANING_TASK""]",train
[호반베르디움센트럴포레] 아파트 내부 미화 구인 (신입가능/나이무관),"[""CLEANING_TASK""]",train
에덴재가복지센터 요양보호사 구인(주천면),"[""CARE_TASK""]",train
목동롯데캐슬위너 아파트 외곽 미화원 구인(복지카드 우대),"[""CLEANING_TASK""]",train
홍천 북방고령자복지주택아파트 미화원 구인,"[""CLEANING_TASK""]",train
통합돌봄 차량 운전원(레이승용차),"[""CARE_TASK"", ""DRIVING""]",train
청라웰카운티1차아파트 청소미화원 구함.(복지카드 소지자 우대),"[""CLEANING_TASK""]",train
중증장애인 재택근무 행정보조인력 모집,"[""OFFICE_TASK""]",train
[인스펙트] 양재역 8번출구 인근 미화원 모집,"[""CLEANING_TASK""]",train
평택 고덕 신동아파밀리에 아파트 외곽 미화원 모집,"[""CLEANING_TASK""]",train
성산2차 e편한세상 아파트 실내미화원 모집,"[""CLEANING_TASK""]",train
[용인 기흥 보라동 민속마을 쌍용아파트]내부 미화원,"[""CLEANING_TASK""]",train
[오토렉스 구어지점] 공장 및 사무실 환경미화 업무담당 모집,"[""CLEANING_TASK""]",train
실내배드민턴장 청소관리직원 모집합니다,"[""CLEANING_TASK""]",train
[미사강변 동원로얄듀크/미사22단지] 실내미화원 청소원 모집,"[""CLEANING_TASK""]",train
증포대우2차아파트 미화원,"[""CLEANING_TASK""]",train
고양시 덕양구 고양지축LH4단지 아파트 미화원 모집,"[""CLEANING_TASK""]",train
[서울 강남구] 포레스트요양병원 일근직 미화원 직원모집,"[""CLEANING_TASK""]",train
산본이편한세상 센트럴파크아파트 실내미화원 구인,"[""CLEANING_TASK""]",train
하림그룹 (주)한강식품 지게차 운전원모집(지게차면허 필수),"[""DRIVING""]",train
"[고양시 일산서구, 문촌마을애비뉴상가] 상가 미화원 모집(복지카드 소지자 우대합니다.)","[""CLEANING_TASK""]",train
과천 자이 아파트 실내 미화원 구인,"[""CLEANING_TASK""]",train
송산그린시티 반도유보라아이비파크 외곽미화원 구인 (복지카드 우대),"[""CLEANING_TASK""]",train
서초 한빛삼성아파트 내부 미화원 1명 채용합니다.,"[""CLEANING_TASK""]",train
가락동부센트레빌 아파트 미화원 모집(복지카드우대),"[""CLEANING_TASK""]",train
*[청담동] 청담아이파크아파트 실내미화원 모집,"[""CLEANING_TASK""]",train
안양동 삼성래미안 아파트 외곽청소원 모집,"[""CLEANING_TASK""]",train
[김해 진례면]미화원 모집,"[""CLEANING_TASK""]",train
"[동탄5동] 동탄역 이지더원 아파트 미화반장,외곽미화,실내미화원 모집합니다.","[""CLEANING_TASK""]",train
만성골드클래스아파트 미화원 구인,"[""CLEANING_TASK""]",train
부산장애인생활이동지원센터 운전직 직원 모집 공고,"[""DRIVING""]",train
[이천(부발읍) 삼성홈프레스티지]미화원 모집,"[""CLEANING_TASK""]",train
군산의료원 미화원 채용 재공고,"[""CLEANING_TASK""]",train
아파트 내부 미화원 채용(송도자이하버뷰),"[""CLEANING_TASK""]",train
오천천마타운 미화원 채용합니다.,"[""CLEANING_TASK""]",train
송산요진와이씨티 아파트 외곽 미화원 채용합니다.,"[""CLEANING_TASK""]",train
"신도림대림 1, 2차아파트 청소 외곽미화원 채용(복지카드 소지자 우대)","[""CLEANING_TASK""]",train
[사상구 주례동] 주례반도보라메머드타운 경비원 모집,"[""WALKING""]",train
운송 및 배송기사분 모집합니다.,"[""DRIVING""]",train
[창동 태영 데시앙아파트 미화원 구인],"[""CLEANING_TASK""]",train
한국석유관리원 업무지원직(운전) 채용공고(취업지원대상자 모집),"[""DRIVING""]",train
"재료 소분, 택배포장 및 공장 청소","[""CLEANING_TASK""]",train
[화성조암] 산호아파트 미화원 구인,"[""CLEANING_TASK""]",train
여주역휴먼빌아트라움아파트 미화원 구인,"[""CLEANING_TASK""]",train
공장 사무실 청소하실 정규직 직원 채용,"[""CLEANING_TASK""]",train
아파트 외곽  미화원 채용,"[""CLEANING_TASK""]",train
[주5일] 건설현장 사무실 미화원 모집,"[""CLEANING_TASK""]",train
[양정동] 대원칸타빌 아파트 미화원 채용,"[""CLEANING_TASK""]",train
시립구로청소년센터 업무지원팀 신규직원 채용 공고(안내데스크_일반경쟁),"[""CLEANING_TASK""]",train
의왕 내손 우미린 아파트 미화원 모집,"[""CLEANING_TASK""]",train
목동11단지아파트 청소 미화/외곽미화 채용(복지카드 소지자 우대),"[""CLEANING_TASK""]",train
위더스요양병원 환경미화직 채용(주6일 // 4시간 근무),"[""CLEANING_TASK""]",train
시내버스 운전기사,"[""DRIVING""]",train
봇들마을6단지 아파트 외곽 미화원 구인(복지카드우대),"[""CLEANING_TASK""]",train
[잠원동]래미안신반포리오센트 아파트 청소원(실내)모집,"[""CLEANING_TASK""]",train
[신사동] 컨템포 빌딩 시설관리 채용 / 나이무관,"[""FACILITY_MAINTENANCE""]",train
[음성 대소] 제약회사 미화직 모집,"[""CLEANING_TASK""]",train
역촌동 아파트 커뮤니티/내부 미화원,"[""CLEANING_TASK""]",train
판교원마을7단지 외곽미화원 모집,"[""CLEANING_TASK""]",train
한화생명보험 환경미화원 채용,"[""CLEANING_TASK""]",train
"[장지역- 가든파이브/복지카드우대] 조출B, 후출B, 야간고정 청소원 모집","[""CLEANING_TASK"", ""NIGHT_SHIFT""]",train
평택 고덕 호반써밋3차 미화원 구인,"[""CLEANING_TASK""]",train
아파트 내부 청소원 모집,"[""CLEANING_TASK""]",train
[구로구] 영등포-농협 하나로 마트 남구로역점 오토바이 배송원 모집,"[""DRIVING""]",train
은여울중학교 미화원 구인,"[""CLEANING_TASK""]",train
주안쌍용 아파트 여 미화원 구인(복지카드 우대),"[""CLEANING_TASK""]",train
사회적협동조합 종로돌봄센터 장애인활동지원 전담인력 채용 공고,"[""CARE_TASK""]",train
용인 신정마을 현대프라임 아파트 미화원 채용합니다.,"[""CLEANING_TASK""]",train
"시설관리주임(기계설비유지관리자, 중급) 모집","[""FACILITY_MAINTENANCE""]",train
토당동 능곡풍림아이원 아파트 미화원 모집,"[""CLEANING_TASK""]",train
오천천마타운 외곽미화원 채용합니다.,"[""CLEANING_TASK""]",train
한사랑실버밸리에서 요양보호사 선생님을 모십니다.,"[""CARE_TASK""]",train
부평4차경남 아파트 미화원 구인 (복지카드 우대),"[""CLEANING_TASK""]",train
능실마을21단지아파트 청소미화원 채용(복지카드 소지자 우대),"[""CLEANING_TASK""]",train
은평구 백련산SK뷰아이파크아파트 미화원,"[""CLEANING_TASK""]",train
미화원채용,"[""CLEANING_TASK""]",train
[채용대행] 산내마을5단지아파트 미화원 모집,"[""CLEANING_TASK""]",train
김포 양촌 자연앤데시앙아파트 실내 미화원 구인,"[""CLEANING_TASK""]",train
신독산 뉴포레 미화원 구인,"[""CLEANING_TASK""]",train
<오산롯데캐슬스카이파크> 아파트 외곽 미화원 모집 (복지카드 우대),"[""CLEANING_TASK""]",train
요양보호사 모집합니다.,"[""CARE_TASK""]",train
고색태산2차 아파트 미화원모집,"[""CLEANING_TASK""]",train
[과천 자이아파트 미화원 구인],"[""CLEANING_TASK""]",train
[식사동] 위시티일산자이2단지 아파트 외곽청소원 모집,"[""CLEANING_TASK""]",train
[목감동] 목감레이크푸르지오 아파트 외곽 미화원 모집,"[""CLEANING_TASK""]",train
송도더샵센트럴시티 아파트 청소원 구인,"[""CLEANING_TASK""]",train
사동 그랑시티자이1차 아파트 미화원 모집,"[""CLEANING_TASK""]",train
[ 시티오씨엘1단지 ] 아파트 주차장청소 미화원 모집,"[""CLEANING_TASK""]",train
[(주)인터아이코리아] 남부터미널역 인근 건물미화원 모집,"[""CLEANING_TASK""]",train
[동구 신천동 부근] 3등급 재가요양보호사 구인,"[""CARE_TASK""]",train
지케이엘위드(외국인전용카지노) 채용 공고 - 강남 코엑스점(미화) 부문,"[""CLEANING_TASK""]",train
[분당]신성이엔지  외곽미화원 급구,"[""CLEANING_TASK""]",train
월211만원 안성원곡 물류센터 주간미화원 구인,"[""CLEANING_TASK""]",train
상가 미화원 채용,"[""CLEANING_TASK""]",train
미화원 채용 (명지성광타워),"[""CLEANING_TASK""]",train
원주시가족센터 직원 (청소년 상담관련) 채용 공고,"[""CLEANING_TASK""]",train
판교원한림풀에버 아파트 외곽 미화원 채용(복지카드 소지자 우대),"[""CLEANING_TASK""]",train
광주 풍암캐슬온리뷰 오피스텔 미화원 모집,"[""CLEANING_TASK""]",train
센트럴코아루아파트 실내미화원을 모집합니다.,"[""CLEANING_TASK""]",train
대구 엑스코 미화원 모집(실내 청소 업무),"[""CLEANING_TASK""]",train
롯데마트맥스 영등포점 미화 직원 모집,"[""CLEANING_TASK""]",train
[장애인/보훈대상자만 지원 가능] 마산합성2구역 공사현장 청소미화원 채용,"[""CLEANING_TASK""]",train
2024년도 하반기 실무직 채용 (환경미화),"[""CLEANING_TASK""]",train
LG유플러스 진주국사 주간미화원 모집(월195만),"[""CLEANING_TASK""]",train
(명일동)아파트청소원 모집,"[""CLEANING_TASK""]",train
사)안동자원봉사센터 노인맞춤돌봄서비스 2022년 기간제 근로자(생활지원사) 채용 공고,"[""CARE_TASK""]",train
부산 강서구 명지동 모델하우스 미화원 모집,"[""CLEANING_TASK""]",train
고양지축 LH8단지 아파트 미화원 구인 (복지카드 우대),"[""CLEANING_TASK""]",train
서동탄역 양우 내안에 아파트 청소원 모집 (화성시),"[""CLEANING_TASK""]",train
구서동 롯데캐슬골드1단지 아파트 미화원 채용,"[""CLEANING_TASK""]",train
마포 서강쌍용예가아파트 청소 미화원 채용(복지카드 소지자 우대),"[""CLEANING_TASK""]",train
[삼구INC] 삼성스토어 서산점 미화원 모집 (일요일만),"[""CLEANING_TASK""]",train
지회 운전직 모집,"[""DRIVING""]",train
"안산중흥S클래스더퍼스트아파트 실내, 외곽 미화","[""CLEANING_TASK""]",train
[수성구 매호동] 아파트 청소원 채용,"[""CLEANING_TASK""]",train
잠실장미아파트 미화원 모집,"[""CLEANING_TASK""]",train
7호선 광명사거리역 예지원요양병원에서 함께 일하실 환경미화 선생님 충원합니다,"[""CLEANING_TASK""]",train
"송파꿈에그린 아파트 내부미화원, 외곽미화원 구인 (복지카드 우대)","[""CLEANING_TASK""]",train
이대종합사회복지관 무료급식배달 운전원 채용공고,"[""DRIVING""]",train
[행신동] 소만마을 8단지 아파트 청소원 모집,"[""CLEANING_TASK""]",train
간석동 정병원 내부 미화원 모집,"[""CLEANING_TASK""]",train
코바코파트너스 코바코연수원(경기도 양평군) 미화원 공개경쟁 채용,"[""CLEANING_TASK""]",train
[풍덕천동]신정마을 성지아파트 외곽미화원 채용,"[""CLEANING_TASK""]",train
한전KPS(주) 동탄사업소 22년도 동탄 O/H 단기노무원 채용(일반미화),"[""CLEANING_TASK""]",train
2022년도 제3회 연천군시설관리공단  공개채용(일반직-운전행정),"[""DRIVING"", ""FACILITY_MAINTENANCE""]",train
[남양주시 덕소리] 아파트 미화원 구인(복지카드 우대),"[""CLEANING_TASK""]",train
(은행동)아란트리아파트 내부 미화원 구인,"[""CLEANING_TASK""]",train
[기흥 영덕동] 흥덕힐스테이트 7단지 아파트 실내미화원 채용,"[""CLEANING_TASK""]",train
충북 음성군 금왕읍 유촌리 공장 미화원 모집,"[""CLEANING_TASK""]",train
[원흥동] 광양 프런티어밸리 6차 건물미화원 채용,"[""CLEANING_TASK""]",train
본사 사무실 사무보조원 모집,"[""OFFICE_TASK""]",train
시외버스 운전기사 모집,"[""DRIVING""]",train
아파트 실내 청소원 모집(온수동),"[""CLEANING_TASK""]",train
목감 대명아파트 미화원 모집,"[""CLEANING_TASK""]",train
[동양동] 아파트 내부 미화구인,"[""CLEANING_TASK""]",train
효성동 현대1차 아파트 미화원 모집,"[""CLEANING_TASK""]",train
배송 운전자 구인(장애인 우대),"[""DRIVING""]",train
동탄역 푸르지오아파트 외곽청소원 모집,"[""CLEANING_TASK""]",train
▶ 북구 산격동 ◀ 재가요양보호사 채용,"[""CARE_TASK""]",train
강진의료원 내 미화원 구인(경증장애인 우대),"[""CLEANING_TASK""]",train
"[양재동, 천지빌딩] 미화원 모집","[""CLEANING_TASK""]",train
장량휴먼시아1단지 미화원 채용합니다.,"[""CLEANING_TASK""]",train
★2026 대구 세대상생 공동 일자리박람회 9.9(수) 현장면접 참여업체★ 택시운전기사 모집,"[""DRIVING""]",train
한강메트로자이1단지 내부 미화원 모집,"[""CLEANING_TASK""]",train
"납품,배송 담당 정규직모집","[""DRIVING""]",train
인천 만수한국아파트 외곽 미화원 채용합니다.(장애인등록증 또는 장애인복지카드 소지자 우대),"[""CLEANING_TASK""]",train
빌딩 미화원(시청역 앞/을지로입구역 인근) 구인,"[""CLEANING_TASK""]",train
군포 금정 쌍용아파트 미화원 채용합니다.(장애인등록증 또는 장애인복지카드 소지자 우대),"[""CLEANING_TASK""]",train
[흑석동] 흑석자이아파트 외곽 미화원 구인,"[""CLEANING_TASK""]",train
기장군 정관읍 아파트 청소원 채용 (장애인 우대),"[""CLEANING_TASK""]",train
(강서구 내발산동) 수명중학교  미화원 채용,"[""CLEANING_TASK""]",train
[감일 힐스테이트포웰시티] 아파트 실내미화원 모집,"[""CLEANING_TASK""]",train
은빛마을6단지 미화원 모집,"[""CLEANING_TASK""]",train
[송도 크레셈] 지식정보단지 *(남녀무관)미화원* 모집,"[""CLEANING_TASK""]",train
"파주 장곡검문소 인근 (복도,화장실,사무실 등) 단시간 미화직원 채용","[""CLEANING_TASK""]",train
골프장(기흥cc) 건물/식당 미화원 모집,"[""CLEANING_TASK""]",train
다온마을 쌍용 스윗닷홈 아파트 미화원 구인 (복지카드 우대),"[""CLEANING_TASK""]",train
삼성동 봉은사역 모델하우스 미화원 모집,"[""CLEANING_TASK""]",train
[수성구 두산동] 4등급 재가요양보호사 구인,"[""CARE_TASK""]",train
남해군 아파트 청소원 채용 (복지카드 우대),"[""CLEANING_TASK""]",train
신대방동 주상복합 아파트 미화원 모집채용,"[""CLEANING_TASK""]",train
(채용대행)운정센트레빌 내부미화원 모집,"[""CLEANING_TASK""]",train
아란트리아파트 미화원 구인,"[""CLEANING_TASK""]",train
수원 영통구 병원 미화원 구인,"[""CLEANING_TASK""]",train
[역북동]푸르지오 아파트 실내 미화원,"[""CLEANING_TASK""]",train
[수지 상현동] 만현마을 롯데캐슬아파트 내부미화원 채용,"[""CLEANING_TASK""]",train
2026년도 제1회 직원 공개채용 공고(일반7급_ 시설관리_청년),"[""FACILITY_MAINTENANCE""]",train
2023년 안성시 아이돌봄지원사업 채용 공고,"[""CARE_TASK""]",train
(신봉동)동일하이빌4단지 미화원 채용,"[""CLEANING_TASK""]",train
부평대림아파트 외곽 미화원,"[""CLEANING_TASK""]",train
"안양시장애인지원센터 건물청소, 환경미화원 구인","[""CLEANING_TASK""]",train
문래대원 아파트 미화원 채용합니다.(장애인등록증 또는 장애인복지카드 소지자 우대),"[""CLEANING_TASK""]",train
[장애인/보훈대상자 우대] 두산건설 공사 현장 청소원 채용(전북 익산 동산동),"[""CLEANING_TASK""]",train
양주푸르지오아파트  실내 미화원 구인,"[""CLEANING_TASK""]",train
한신더휴캐널파크 아파트 미화원 모집(복지카드소지자우대),"[""CLEANING_TASK""]",train
디엠씨 롯데캐슬더퍼스트 청소원 (내부),"[""CLEANING_TASK""]",train
승합차운전원(복지콜차량운행_스타렉스) 모집공고,"[""DRIVING""]",train
옥정e편한세상(더퍼스트) 아파트  미화원 채용,"[""CLEANING_TASK""]",train
트리풀시티 5단지 미화원 채용합니다.,"[""CLEANING_TASK""]",train
(재공고)교통약자 특별교통수단 콜택시 운전원 모집,"[""DRIVING""]",train
청라 더샵레이크파크아파트 외곽 미화원 구인,"[""CLEANING_TASK""]",train
[용호동] W스퀘어 상가 미화원 채용,"[""CLEANING_TASK""]",train
[해운대구 좌동] 해운대 대동타운 아파트 미화원 채용,"[""CLEANING_TASK""]",train
원주 일산국제아파트 미화원 구인합니다.(장애인등록증 또는 장애인복지카드 소지자 우대),"[""CLEANING_TASK""]",train
노인맞춤돌봄서비스 사업 생활지원사 채용 공고,"[""CARE_TASK""]",train
고덕국제신도시미래도파밀리에 미화원 채용,"[""CLEANING_TASK""]",train
2026년 아이돌봄사 수시모집 [울주군 새일센터 채용대행],"[""CARE_TASK""]",train
포천 아이파크2차 미화원 구인,"[""CLEANING_TASK""]",train
신독산 솔리힐 미화원 구인,"[""CLEANING_TASK""]",train
한전산업개발(주) 동해사업처 발전운전원 채용,"[""DRIVING""]",train
아파트 미화원 - 일원동 푸른마을아파트/3호선 일원역인근,"[""CLEANING_TASK""]",train
외곽아파트 청소원 구인,"[""CLEANING_TASK""]",train
시설관리인 채용[25.9.25(목) 13:00~채용설명회 및 현장면접진행]-사전접수 필수,"[""FACILITY_MAINTENANCE""]",train
세탁물 배송기사 모집,"[""DRIVING""]",train
경기광주 경안동  독거남자 요양보호사 구인,"[""CARE_TASK""]",train
건물청소원 구인,"[""CLEANING_TASK""]",train
행신동 서정마을 3단지 미화원 모집,"[""CLEANING_TASK""]",train
다온마을 쌍용 스윗닷홈 아파트 내부 미화원 구인 (복지카드 우대),"[""CLEANING_TASK""]",train
<오산롯데캐슬스카이파크> 아파트  미화원 모집 (복지카드 우대),"[""CLEANING_TASK""]",train
광교두산위브 아파트 미화원 구인(복지카드 소지자 병행채용),"[""CLEANING_TASK""]",train
[처인구 삼가동] 두산위브3단지 외곽미화원 채용(복지카드소지자우대),"[""CLEANING_TASK""]",train
이천 사동6차 현대아파트 실내미화원을 모집합니다.,"[""CLEANING_TASK""]",train
마을버스운전기사 모집,"[""DRIVING""]",train
한국지능정보사회진흥원 무기계약직 운영직(미화) 채용,"[""CLEANING_TASK""]",train
3등급 재가요양보호사 구인,"[""CARE_TASK""]",train
[삼성 계열사 씨브이네트] 사무보조 계약직 채용 (장애인 우선 고려),"[""OFFICE_TASK""]",train
길음뉴타운11단지 롯데캐슬 골든힐스아파트 외곽 청소원 구인,"[""CLEANING_TASK""]",train
효성요양병원 내 미화원 모집,"[""CLEANING_TASK""]",train
빌딩외곽미화원 모집(장애인병행채용),"[""CLEANING_TASK""]",train
평택 가재우림필유 아파트 내부 미화원 채용합니다.(장애인등록증 또는 장애인 복지카드 소지자 우대),"[""CLEANING_TASK""]",train
한보라마을6단지 미화원 채용합니다.,"[""CLEANING_TASK""]",train
미화원 구인[송도소재(지식정보단지역) 오피스건물],"[""CLEANING_TASK""]",train
상가.오피스텔 미화원 구인(미사),"[""CLEANING_TASK""]",train
[재공고] 헌법재판소 기간제근로자(시설관리직-영선) 채용 공고,"[""FACILITY_MAINTENANCE""]",train
[상동 행복한마을 서해아파트 ]  미화원  구인,"[""CLEANING_TASK""]",train
재가요양보호사,"[""CARE_TASK""]",train
한울마을1단지 아파트 외곽미화원 모집,"[""CLEANING_TASK""]",train
미화원 구함 - 정자동 삼성아데나루체,"[""CLEANING_TASK""]",train
대형버스 운전원 모집,"[""DRIVING""]",train
아파트 청소원 모집- 배방5차한성필하우스아파트,"[""CLEANING_TASK""]",train
[인계동] 인계자이오피스텔 미화원 모집,"[""CLEANING_TASK""]",train
(주)듀델코리아 본사 현장관리자 채용 (아파트 경비/미화),"[""CLEANING_TASK""]",train
[유성구청채용대행]대덕테크노밸리5단지 아파트 미화원 채용합니다.(장애인복지카드 소지자 우대),"[""CLEANING_TASK""]",train
[등촌역] 인근 건물 미화원 구인,"[""CLEANING_TASK""]",train
[운중동]산운마을13단지 아파트 외곽미화원 모집(탑승보조),"[""CLEANING_TASK""]",train
(천호역)브라운스톤 건물 미화원 모집,"[""CLEANING_TASK""]",train
신풍역 인근 건물상가 미화원 채용,"[""CLEANING_TASK""]",train
[아워홈동서울] 실내청소원 채용(출퇴근 미화반장님 차량으로 픽업가능),"[""CLEANING_TASK""]",train
[인제] 한양이엔지 별장미화원 주3일 근무,"[""CLEANING_TASK""]",train
[군산] 중앙 중학교 미화원 채용,"[""CLEANING_TASK""]",train
헤이드 휠체어택시 이동 서비스 운전원 모집,"[""DRIVING""]",train
[원주보훈요양원] 시설관리(전기) 공개채용,"[""FACILITY_MAINTENANCE""]",train
[광명] 한진아파트 지하주차장 및 정화조 슬러시 청소원 모집,"[""CLEANING_TASK""]",train
책향기마을14단지 우남퍼스트빌아파트 실내 미화원 구인,"[""CLEANING_TASK""]",train
한국에너지공단 자동차연비센터(진천) 공무직(시설관리(전기)) 채용,"[""FACILITY_MAINTENANCE""]",train
[동대문구] 청량고 학교미화 근로자 채용,"[""CLEANING_TASK""]",train
[이천]아파트 청소원(실내)모집-증포대원칸타빌2차 더테라스,"[""CLEANING_TASK""]",train
"[도림동,영등포아트자이 아파트] 미화원 모집","[""CLEANING_TASK""]",train
[보라동/민속마을 쌍용아파트/내부 미화원],"[""CLEANING_TASK""]",train
[파주운정해솔마을6단지] 미화원 채용합니다.,"[""CLEANING_TASK""]",train
(주)삼원특수지 배송납품사원 모집,"[""DRIVING""]",train
평택21세기병원 미화원 모집합니다,"[""CLEANING_TASK""]",train
국립중앙극장 기간제(미화원) 채용 공고,"[""CLEANING_TASK""]",train
예당마을 롯데캐슬아파트 외곽청소원모집,"[""CLEANING_TASK""]",train
향남부영 3단지 아파트 외곽 미화원 모집 (즉시 출근 가능자),"[""CLEANING_TASK""]",train
"[현대클러스터 한강미사3차] 내, 외부 건물미화원 구인","[""CLEANING_TASK""]",train
[화정동] 달빛마을 3단지신안 아파트 내부 미화원 구인 (복지카드 우대),"[""CLEANING_TASK""]",train
요양보호사,"[""CARE_TASK""]",train
아파트 외곽 미화원  구인,"[""CLEANING_TASK""]",train
분당두산타워 시설관리 영선직(조경) 채용,"[""FACILITY_MAINTENANCE""]",train
행신동 햇빛마을21단지 아파트 외곽 미화원 모집,"[""CLEANING_TASK""]",train
롯데몰 은평 오후 미화원 모집,"[""CLEANING_TASK""]",train
부곡휴먼시아 아파트 미화원 모집,"[""CLEANING_TASK""]",train
아파트 미화원 구함- 송탄 미주3차아파트,"[""CLEANING_TASK""]",train
대전 대덕테크노밸리5단지 아파트 미화원 채용합니다.(장애인등록증 또는 장애인복지카드 소지자 우대),"[""CLEANING_TASK""]",train
미화원 구함-판교 봇들마을9단지아파트 미화원,"[""CLEANING_TASK""]",train
공릉비선아파트 미화원구인,"[""CLEANING_TASK""]",train
(장애인만 채용) 물류센터 셔틀버스 운전원 (중식제공/셔틀운행),"[""DRIVING""]",train
"청량리역 한양수자인그라시엘  내부미화원 모집[평일: 월~금 08:30-15:00(휴게시간 12~13시), 격주 토 8:30~11:00/ 복지카드 소지자 우대","[""CLEANING_TASK""]",train
수원선수촌 관리사원(환경미화) 채용공고(남1),"[""CLEANING_TASK""]",train
안평리 물류센터 미화원 모집,"[""CLEANING_TASK""]",train
송도풍림3단지 아파트 내부 미화원 구인 (복지카드우대),"[""CLEANING_TASK""]",train
[용인기흥구] 회사청소(단시간) 모집,"[""CLEANING_TASK""]",train
중산동 스카이시티자이 실내미화원 구인,"[""CLEANING_TASK""]",train
[경산]생활쓰레기 청소차량 운전원 모집,"[""CLEANING_TASK"", ""DRIVING""]",train
[더시그니처] 충무로역 인근 도보2분 건물  미화원,"[""CLEANING_TASK"", ""WALKING""]",train
송도 럭스오션SK 실내 미화원 구인,"[""CLEANING_TASK""]",train
가평군 편의시설 운전원 구인합니다.,"[""DRIVING""]",train
[강남운전면허시험장] 2025년도 실무직 공개채용 공고(환경관리),"[""DRIVING""]",train
신안1단지아파트 외곽 청소 미화원채용 (복지카드 소지자 우대),"[""CLEANING_TASK""]",train
송산에이치이 덤프 운전원 모집합니다.,"[""DRIVING""]",train
금강수목원 아파트 미화원 모집,"[""CLEANING_TASK""]",train
김해삼계동소재병원미화원구함,"[""CLEANING_TASK""]",train
아파트 외곽청소원 구인/복지카드소지자 우대,"[""CLEANING_TASK""]",train
용인경전철 시설관리 건축/영선직 채용,"[""FACILITY_MAINTENANCE""]",train
코바코파트너스 방송회관(목동) 미화원 공개경쟁 채용,"[""CLEANING_TASK""]",train
* 창동 태영 데시앙아파트 미화원 구인,"[""CLEANING_TASK""]",train
남녀무관] 파주 문산선유3단지 아파트 미화원 모집합니다.,"[""CLEANING_TASK""]",train
[을지로3가역 인근 병원] 미화원 1명 모집,"[""CLEANING_TASK""]",train
권선동 아파트 내부 청소원 모집,"[""CLEANING_TASK""]",train
우림루미아트 아파트 미화원 모집(관악구),"[""CLEANING_TASK""]",train
창원시 마산지회 장애인특별운송수단(휠체어택시) 기사 모집 공고,"[""DRIVING""]",train
세종 한뜰마을2단지 더샵센트럴시티아파트 내부 미화원 채용합니다. (장애인등록증 소지자 우대),"[""CLEANING_TASK""]",train
[서대신동2가] 대신해모로센트럴 아파트 외곽 미화원 / 미화 반장 채용,"[""CLEANING_TASK""]",train
온라인쇼핑몰 사무보조 / 청년디지털일자리,"[""OFFICE_TASK""]",train
신라스테이 구로점 공용미화 직원 모집,"[""CLEANING_TASK""]",train
여의도 한주빌딩 미화사원 모집,"[""CLEANING_TASK""]",train
장림 로얄베스토피아 미화원 구인,"[""CLEANING_TASK""]",train
청량리신현대아파트 미화원 모집,"[""CLEANING_TASK""]",train
아파트 미화원 (내부/ 외부) 모집,"[""CLEANING_TASK""]",train
"이천현대성우3,4단지 외곽미화원을 모집합니다.","[""CLEANING_TASK""]",train
아파트 내부미화원 채용(송도 랜드마크시티센트럴더샵아파트),"[""CLEANING_TASK""]",train
성수 삼표레미콘 *미화(잡부) 2명 모집*,"[""CLEANING_TASK""]",train
코바코파트너스 광고문화회관(잠실) 시설관리(기계) 정규직 직원 공개경쟁 채용,"[""FACILITY_MAINTENANCE""]",train
벽적골주공8 아파트 미화원 구인(복지카드우대),"[""CLEANING_TASK""]",train
호계럭키아파트 내부미화 채용,"[""CLEANING_TASK""]",train
병원건물 미화원 모집(장애인),"[""CLEANING_TASK""]",train
[긴급]노인맞춤돌봄서비스 생활지원사 장애인 채용 공고,"[""CARE_TASK""]",train
산호아파트 미화원 구인,"[""CLEANING_TASK""]",train
"건설현장 미화원(사무실,숙소 정리정돈외) 구인합니다[강원도 고성군]","[""CLEANING_TASK""]",train
가재울일신건영 아파트 미화원 구인(복지카드우대),"[""CLEANING_TASK""]",train
용인 신정마을 수지현대성우아파트 내부 미화원 채용합니다.(장애인등록증 또는 장애인복지카드 소지자 우대),"[""CLEANING_TASK""]",train
신동백롯데캐슬 에코1단지 청소원 모집,"[""CLEANING_TASK""]",train
광주 북구 동림동 운암산 대광로제비앙 아파트 외곽미화원 구인,"[""CLEANING_TASK""]",train
[채용] 과천시노인복지관(분관) 환경미화원(계약직) 모집 공고,"[""CLEANING_TASK""]",train
★★ [부산진구청 채용대행] 서면쌍용스윗홈스카이 미화반장 모집 ★★,"[""CLEANING_TASK""]",train
목동현대하이페리온아파트 내부 미화원 모집(복지카드소지자 우대),"[""CLEANING_TASK""]",train
양지마을 금호3단지 아파트 실내 미화원 모집,"[""CLEANING_TASK""]",train
(주)부성 미화직 사원모집 (대학교 내 일반건물 실내청소),"[""CLEANING_TASK""]",train
김포 학운단지 주 5일제 미화원 모집 /이젠몰 인근,"[""CLEANING_TASK""]",train
권선중앙체육관(권선지구체육시설) 관리사원(안내 및 미화) 채용공고,"[""CLEANING_TASK""]",train
[죽전동]꽃메마을 아이파크 2차 아파트 미화원 모집,"[""CLEANING_TASK""]",train
이매촌 청구 아파트 청소미화원구함(복지카드 소지자 우대),"[""CLEANING_TASK""]",train
내수 삼일아파트 미화원 모집,"[""CLEANING_TASK""]",train
흑석자이아파트 미화원 구인,"[""CLEANING_TASK""]",train
샘터마을 아파트 미화원,"[""CLEANING_TASK""]",train
[긴급]동구아름다운복지관 직원(운전원) 공개채용,"[""DRIVING""]",train
원흥아이제일병원 미화원 채용 (현재 임시코로나병동 운영),"[""CLEANING_TASK""]",train
울산운전면허시험장 안전관리반장 정규직 채용공고,"[""DRIVING""]",train
아파트 실내 미화원 모집,"[""CLEANING_TASK""]",train
[주엽동] 문촌마을8단지 아파트 미화원 모집,"[""CLEANING_TASK""]",train
[평택 청북읍] 중견기업 회사 당직 시설보안(청소)직원 모집_ 월250만 이상,"[""CLEANING_TASK""]",train
장수노인복지관 시설관리 및 운전원 모집,"[""DRIVING"", ""FACILITY_MAINTENANCE""]",train
동탄 자연앤데시앙 아파트 미화원 모집,"[""CLEANING_TASK""]",train
[JH제일의원 검진센터] 충무로역 5분 미화원 모집,"[""CLEANING_TASK""]",train
우림루미아트 아파트 미화원 모집,"[""CLEANING_TASK""]",train
[분당점] (주)쥬비스다이어트 미화원/청소 채용(정규직전환가능),"[""CLEANING_TASK""]",train
요양보호사 구인(주주야야휴휴),"[""CARE_TASK""]",train
[하남감일한라비발디] 아파트 외곽 미화원 채용,"[""CLEANING_TASK""]",train
지게차 운전원 모집,"[""DRIVING""]",train
(강일동)강동리버스트8단지아파트 내부청소원 모집,"[""CLEANING_TASK""]",train
제천 사옥 미화원 구인,"[""CLEANING_TASK""]",train
은동마을 덕정주공1단지아파트 미화원 구인,"[""CLEANING_TASK""]",train
수서역 인근 방문재가요양보호사 모집,"[""CARE_TASK""]",train
정신병동 야간 전담보호사 모집 안내,"[""NIGHT_SHIFT""]",train
[수지구]아파트(실내)청소원 모집-광교레이크포레,"[""CLEANING_TASK""]",train
효천대방노블랜드아파트 미화원 구인,"[""CLEANING_TASK""]",train
나주 빛가람LH1단지 아파트 미화원 채용합니다.,"[""CLEANING_TASK""]",train
해군 3함대사령부  3기지지원대대 기간제 근로자(시설관리원) 채용,"[""FACILITY_MAINTENANCE""]",train
부평신성미소지움아파트 미화원 모집,"[""CLEANING_TASK""]",train
송도 더？ 마스터뷰 1단지 아파트 미화원 모집,"[""CLEANING_TASK""]",train
위례아너스포레 아파트 외곽 미화원 채용합니다.(장애인등록증 또는 장애인복지카드 소지자 우대),"[""CLEANING_TASK""]",train
청라한신더휴 아파트 외곽 미화원 모집,"[""CLEANING_TASK""]",train
거제고등학교 기간제 교육공무직원(청소원) 채용 공고,"[""CLEANING_TASK""]",train
한신더휴캐널파크 아파트 외곽 미화원 청소차운행가능자 모집(복지카드소지자우대),"[""CLEANING_TASK""]",train
백석동 백송마을3단지 아파트 미화원 모집,"[""CLEANING_TASK""]",train
주엽동 강선마을 9단지 아파트 미화원 모집,"[""CLEANING_TASK""]",train
시화 삼환나우빌 미화원 구인(시흥),"[""CLEANING_TASK""]",train
아파트 실내 청소원 모집(고척2동),"[""CLEANING_TASK""]",train
과천 자이아파트 사우나 근무(탕청소 포함) 하실 분 모집,"[""CLEANING_TASK""]",train
[남동공단] 은행 미화원 구인,"[""CLEANING_TASK""]",train
2023년 안성시 아이돌봄지원사업 채용 공고 (장애인 및 자격소지자 수시채용 공고),"[""CARE_TASK""]",train
미화원,"[""CLEANING_TASK""]",train
경상북도청소년육성재단(북부청소년성문화센터) 성교육 시간제강사(계약직) 채용 재공고,"[""CLEANING_TASK""]",train
한국폴리텍대학 인천캠퍼스 무기계약직(미화원) 채용 공고,"[""CLEANING_TASK""]",train
매탄주공5단지아파트 청소미화원 구함(복지카드 소지자 우대),"[""CLEANING_TASK""]",train
상가.오피스텔 미화원 구인(청라),"[""CLEANING_TASK""]",train
함평군교통약자이동지원센터 직원(운전원) 채용 공고,"[""DRIVING""]",train
강동구청소년상담복지센터 직원(행정원) 채용 공고,"[""CLEANING_TASK""]",train
[달서구 월성동] 아파트 청소원 채용,"[""CLEANING_TASK""]",train
[화성남양] 뉴타운리젠시빈란트 아파트 미화원 구인,"[""CLEANING_TASK""]",train
[영덕동] 광교 풍경채어바니티 아파트 내부 미화원 구인,"[""CLEANING_TASK""]",train
강동구도시관리공단 기간제(어르신일자리) 직원 채용(청소),"[""CLEANING_TASK""]",train
빌딩 내부 미화원 채용합니다.,"[""CLEANING_TASK""]",train
[신장동 동신아파트] 청소원  모집,"[""CLEANING_TASK""]",train
용역업체 관리자 모집(청소용역 및 거래처 ),"[""CLEANING_TASK""]",train
원주시가족센터 직원 (아이돌봄 전담인력) 채용 공고,"[""CARE_TASK""]",train
"[2일간격 교대,한강아이제일병원 미화원  환자 증가에 따른 추가 채용]","[""CLEANING_TASK""]",train
[중산동] 중산마을5단지 아파트 미화원 모집,"[""CLEANING_TASK""]",train
[해병대군수단] 공무직 근로자 채용/시설관리원(건축) 1명★ 채용대행(포항시 일자리 종합센터) ★,"[""FACILITY_MAINTENANCE""]",train
"김포 고촌 캐슬앤파밀리에 2단지 커뮤니티 센터 주말 저녁 미화원 구인 (토,일,월)","[""CLEANING_TASK""]",train
미화원 구인(문정동),"[""CLEANING_TASK""]",train
"[안락동, LH부산 안락4휴먼시아] 미화원 모집 **장애인등록증 또는 장애인복지카드 소지자 우대**","[""CLEANING_TASK""]",train
버스운전원 채용,"[""DRIVING""]",train
[이매동] 동부코오롱 5단지 아파트 미화원구인,"[""CLEANING_TASK""]",train
광명역 파크자이 아파트 미화원/외곽미화원모집(복지카드 소지자 우대),"[""CLEANING_TASK""]",train
하늘도시 우미린1단지 외곽 미화원 채용,"[""CLEANING_TASK""]",train
시화공단 회사 미화원 모집,"[""CLEANING_TASK""]",train
대구 성서 보람타운 아파트 미화원 모집,"[""CLEANING_TASK""]",train
덕정주공1단지 아파트 실내 미화원,"[""CLEANING_TASK""]",train
평택 삼성전자 1차 협력사 (주)유현 필터교체 및 기계실 청소원  모집,"[""CLEANING_TASK""]",train
힐스테이트 리버시티1단지 아파트 외곽미화원 구인합니다.  (분류수거),"[""CLEANING_TASK""]",train
아파트 미화원 구함- 까치마을 롯데선경아파트,"[""CLEANING_TASK""]",train
"차량목욕 요양보호사 공개채용(차량목욕, 목욕차량 운전)","[""CARE_TASK"", ""DRIVING""]",train
2025년 상반기 국립국악원 청사관리 공무직(미화) 채용 공고,"[""CLEANING_TASK""]",train
SK바이오텍(세종) 미화원 모집,"[""CLEANING_TASK""]",train
"만석공체육시설 관리사원 채용공고(테니스장, 인조잔디구)","[""FACILITY_MAINTENANCE""]",train
정자동 상록마을보성임광아파트  미화원 모집,"[""CLEANING_TASK""]",train
[영주동아9블럭] 아파트 미화원 구인,"[""CLEANING_TASK""]",train
정릉꿈에그린아파트 미화원  채용합니다. (장애인등록증 또는 장애인 복지카드 소지자 우대),"[""CLEANING_TASK""]",train
[반찬 제조공장] 주야간 식품 제조 생산 근무자 모집,"[""NIGHT_SHIFT""]",train
아파트 내부 미화원(청라 반도유보라),"[""CLEANING_TASK""]",train
반월공단 회사 미화원 모집,"[""CLEANING_TASK""]",train
"평택 삼성반도체 P1 라인청소 ,스막청소 미화원 채용 ""서정동행정복지센터 상설면접 채용행사 예정""","[""CLEANING_TASK""]",train
하남시 장애인 생활이동 지원센터 직원(운전원) 채용공고,"[""DRIVING""]",train
[평내호평역] KCC스위첸아파트 실내미화원 모집합니다.,"[""CLEANING_TASK""]",train
[마곡벽산아파트] 청소원 구인,"[""CLEANING_TASK""]",train
식사동 위시티 블루밍3단지 아파트 미화원 모집,"[""CLEANING_TASK""]",train
"[삼성전자 미래기술캠퍼스] 건물(사무실,실험실 등) 미화원 모집","[""CLEANING_TASK""]",train
이천 아름수리아파트 미화원 모집,"[""CLEANING_TASK""]",train
지게차 운전원 모집-지게차운전교육이수증 필수(3t미만),"[""DRIVING""]",train
(안성시 죽산면) 한겨레중.고등학교 미화 근무자 채용합니다.,"[""CLEANING_TASK""]",train
청수행정타운금호어울림아파트 실내미화원을 모집합니다.,"[""CLEANING_TASK""]",train
국립평창청소년수련원 기간제 직원 채용,"[""CLEANING_TASK""]",train
작물재배 및 시설관리,"[""FACILITY_MAINTENANCE""]",train
[남서울힐스테이트] 아파트 청소,"[""CLEANING_TASK""]",train
벽적골주공9단지 아파트 실내 미화원 채용(복지카드 우대),"[""CLEANING_TASK""]",train
[율전동] 밤꽃마을 주공2단지 실내미화원,"[""CLEANING_TASK""]",train
법무법인 서연 법률사무보조원 채용,"[""OFFICE_TASK""]",train
[더샵동천포레스트 ]외곽 미화원 모집,"[""CLEANING_TASK""]",train
서창현대아파트 외곽미화원 모집,"[""CLEANING_TASK""]",train
반월공단 회사 외곽 및 현장 청소원 모집,"[""CLEANING_TASK""]",train
[공기업자회사/세븐럭카지노] 2024년 미화부문 수시채용(서울지역),"[""CLEANING_TASK""]",train
금오동 미화원 모집,"[""CLEANING_TASK""]",train
[호반베르디움센트럴포레] 아파트 내부 미화 반장 구인.,"[""CLEANING_TASK""]",train
송산에이치이 지게차 운전원(육아휴직 대체자) 모집합니다.,"[""DRIVING""]",train
[ 서면아이파크 아파트 외곽미화 채용 ],"[""CLEANING_TASK""]",train
[충남 논산/215만원] 미화원 채용,"[""CLEANING_TASK""]",train
목감 7단지 외곽청소원,"[""CLEANING_TASK""]",train
식사동 위시티 블루밍3단지 아파트 외곽청소원 모집,"[""CLEANING_TASK""]",train
계약직 사무보조원 채용합니다,"[""OFFICE_TASK""]",train
"평택 삼성반도체 P1 외곽,라인청소 채용 ""서정동행정복지센터 상설면접 채용행사 ""","[""CLEANING_TASK""]",train
[프랜시스파커 영어유치원] 대치동 미화 1명 모집,"[""CLEANING_TASK""]",train
마곡엠밸리 14단지아파트미화 구인,"[""CLEANING_TASK""]",train
아파트 미화원 (내부),"[""CLEANING_TASK""]",train
[별내동] 아파트 외곽 미화원 구인,"[""CLEANING_TASK""]",train
영종금호어울림1차아파트 청소원 구인,"[""CLEANING_TASK""]",train
원주시가족센터 아이돌봄사 채용 공고,"[""CARE_TASK""]",train
경기광주 경안동  독거여자 요양보호사 구인,"[""CARE_TASK""]",train
[동구청 채용대행] 대전보건대학교 미화원 구인,"[""CLEANING_TASK""]",train
[강남벤처랜드] 삼성역 도보2분 *미화원* 모집,"[""CLEANING_TASK"", ""WALKING""]",train
은평공영차고지 건물외부(공영주차장) 청소 구인,"[""CLEANING_TASK""]",train
논현동 어진마을6단지 아파트 미화원 모집,"[""CLEANING_TASK""]",train
호경빌딩 시설관리자(소방안전관리) 구인,"[""FACILITY_MAINTENANCE""]",train
평택] 아파트 실내미화원 모집-평택 동성한아름아파트,"[""CLEANING_TASK""]",train
벽적골주공9단지 아파트 미화원 채용(복지카드 우대),"[""CLEANING_TASK""]",train
구월성문 아파트 청소원 모집,"[""CLEANING_TASK""]",train
영통아이파크캐슬1단지 아파트 미화원 모집,"[""CLEANING_TASK""]",train
구지면 쿠팡대구3센터 주간미화원 모집,"[""CLEANING_TASK""]",train
창원사업장 청소미화(계약직),"[""CLEANING_TASK""]",train
원주시가족센터 직원 (사회복지사-아이돌봄지원사업) 채용 공고,"[""CARE_TASK""]",train
[음성/자차소지자채용] 미화원 채용 (남녀무관),"[""CLEANING_TASK""]",train
경기광주 퇴촌면 3등급 남자어르신 요양보호사 모집,"[""CARE_TASK""]",train
[부곡동] 부곡휴먼시아 아파트 미화원 모집,"[""CLEANING_TASK""]",train
논현동 모두병원 내부 미화원 모집,"[""CLEANING_TASK""]",train
내트럭(주) 인천사업소 청소원 모집,"[""CLEANING_TASK""]",train
[사당동롯데캐슬 골든포레아파트]외곽청소원구함,"[""CLEANING_TASK""]",train
라온프라이빗 아파트 청소원 구인,"[""CLEANING_TASK""]",train
버스운전원 모집,"[""DRIVING""]",train
[인천공항시설관리(주)] 2023년 제2차 정기채용,"[""FACILITY_MAINTENANCE""]",train
연신중학교 미화 용역근로자 채용(학교직접지원및 문의 불가),"[""CLEANING_TASK""]",train
(주)워터비스 사무보조원 모집,"[""OFFICE_TASK""]",train
경기 파주시 와동동 모델하우스 미화원 모집,"[""CLEANING_TASK""]",train
학교 야간경비원 모집,"[""NIGHT_SHIFT""]",train
단순생산직 모집(단순생산  주간고정  또는 야간고정 및 교대 경력無),"[""NIGHT_SHIFT""]",train
아파트 시설관리원(영선원) 모집,"[""FACILITY_MAINTENANCE""]",train
[행신동] 무원마을 8단지 아파트 청소원 모집,"[""CLEANING_TASK""]",train
옥수어울림더리버 아파트 미화원 구인 (복지카드소지자우대),"[""CLEANING_TASK""]",train
시흥신천삼환나우빌 아파트 미화원 모집,"[""CLEANING_TASK""]",train
[실내 미화원 구함],"[""CLEANING_TASK""]",train
에덴재가복지센터 요양보호사 구인(안천면),"[""CARE_TASK""]",train
에덴재가복지센터 요양보호사 팀장 구인,"[""CARE_TASK""]",train
오이도 철재유통상가(스틸랜드)건물 미화원모집,"[""CLEANING_TASK""]",train
신한1차아파트 실내미화원 모집합니다,"[""CLEANING_TASK""]",train
[잠실동] 금비빌딩 격일 시설관리원 모집 (월 240만 이상 ),"[""FACILITY_MAINTENANCE""]",train
[청주/주간/주5일/장애인우대] 공장 내 미화 직원 채용,"[""CLEANING_TASK""]",train
[상동 다정한 마을 삼성래미안아파트 ] 아파트 미화원  구인,"[""CLEANING_TASK""]",train
[고덕동] 아파트 미화원 구인(복지카드 우대),"[""CLEANING_TASK""]",train
[청라] 광명메이루즈아파트 아파트 청소원,"[""CLEANING_TASK""]",train
은동마을 덕정주공1단지아파트 미화원,"[""CLEANING_TASK""]",train
[10.30(목) 장수군일자리박람회 참여 업체] 시설관리 및 운전원 채용,"[""DRIVING"", ""FACILITY_MAINTENANCE""]",train
[진천역 현대2차] 아파트청소원 구인공고,"[""CLEANING_TASK""]",train
교보생명 의정부사옥 빌딩시설관리(설비) 담당 모집,"[""FACILITY_MAINTENANCE""]",train
월곶풍림2차 아파트 외곽미화원 모집,"[""CLEANING_TASK""]",train
[정자동] 분당파크뷰 아파트 외곽청소 미화원 모집(외곽청소 없고 집하장 분리수거업무),"[""CLEANING_TASK""]",train
[산본충무2차아파트내부 미화원 채용],"[""CLEANING_TASK""]",train
평택 고덕 신동아파밀리에 아파트 미화원 모집,"[""CLEANING_TASK""]",train
양천구 시설관리공단 셔틀버스 운전원,"[""DRIVING"", ""FACILITY_MAINTENANCE""]",train
자동차부품 생산(자동화)라인 직원 기계조작  정규직 사원 모집(야간),"[""NIGHT_SHIFT""]",train
배곧동 아파트 내부 미화원 채용,"[""CLEANING_TASK""]",train
신영통현대3단지아파트 미화원 모집,"[""CLEANING_TASK""]",train
오토캐드(Autocad) 설계자 및 사무보조(남녀 모집/초보자가능),"[""OFFICE_TASK""]",train
장유대동1단지(석봉10단지)미화원 모집,"[""CLEANING_TASK""]",train
[미사센트럴자이아파트]외곽 미화원 모집합니다,"[""CLEANING_TASK""]",train
[남양주보훈요양원] 제4차 2026년 요양보호직(정규직 전환 조건) 채용 공고,"[""CARE_TASK""]",train
남양우림그린빌리지 미화원 모집 (복지카드 소지자 우대),"[""CLEANING_TASK""]",train
우리W타워 미화주간반 반장님 모십니다.,"[""CLEANING_TASK""]",train
김해  한방병원 미화원 모집합니다(부원동),"[""CLEANING_TASK""]",train
상떼빌구성역플랫폼시티 미화원 구인,"[""CLEANING_TASK""]",train
광교호수아델리움 외곽 미화원 채용합니다.(장애인등록증 또는 장애인복지카드 소지자 우대),"[""CLEANING_TASK""]",train
삼신교통(주) 시내버스 차량 내부 청소원 (장애인 우선 채용),"[""CLEANING_TASK""]",train
[ 별내동 ] 푸르지오 아파트 미화원 구인,"[""CLEANING_TASK""]",train
신보운영관리(주) 신용보증기금 합숙소 시설관리직(교대기계기사) 정규직 채용,"[""FACILITY_MAINTENANCE""]",train
시립동대문청소년센터 직원(환경미화) 채용,"[""CLEANING_TASK""]",train
아파트 내부 미화원  구인,"[""CLEANING_TASK""]",train
경기광주 퇴촌  요양보호사 모집,"[""CARE_TASK""]",train
오산 라씨엘오피스텔 미화원 구인,"[""CLEANING_TASK""]",train
카카오택시운전기사 모집,"[""DRIVING""]",train
KD운송그룹 이천시내버스 승무사원 모집 [성별무관],"[""DRIVING""]",train
풍산센트레빌 아파트 외곽미화원 모집,"[""CLEANING_TASK""]",train
[동천동] 더샵사이드파크 아파트 외곽 미화원 구인,"[""CLEANING_TASK""]",train
"파주 장곡검문소 인근 (복도,화장실,사무실 등) 미화직원 채용","[""CLEANING_TASK""]",train
헌법재판소 (시설관리직-전기 주임) 채용,"[""FACILITY_MAINTENANCE""]",train
과천자이 아파트 미화원 구인,"[""CLEANING_TASK""]",train
[구래동] 은행 미화원 구인,"[""CLEANING_TASK""]",train
"[압구정역 3번출구 도보 1분] 이소니프라자 주차 관리원 모집( 격일제, 월급 188만원)","[""WALKING""]",train
[천안상록수현대아파트]미화원 (복지카드소지자우대) / 급구,"[""CLEANING_TASK""]",train
아파트 시설관리원 모집,"[""FACILITY_MAINTENANCE""]",train
김포길훈아파트 미화원 2명 구인,"[""CLEANING_TASK""]",train
[수성구 범물동] 범물신화에덴아파트 미화원 채용(26.03.02출근),"[""CLEANING_TASK""]",train
대화동 성저마을1단지 동익아파트 미화원 모집,"[""CLEANING_TASK""]",train
오산 금암마을 휴먼시아 3단지 아파트 미화원 채용합니다.,"[""CLEANING_TASK""]",train
"사회복지사, 요양보호사, 방문 간호사 모집","[""CARE_TASK""]",train
광양운전면허시험장 안전관리반장 정규직 채용공고,"[""DRIVING""]",train
[세곡동 리엔파크3단지]아파트청소원 모집,"[""CLEANING_TASK""]",train
[경산 진량읍] 삼주2차봉황타운 아파트 계단청소원 구인공고,"[""CLEANING_TASK""]",train
금천일자리주식회사 용역(미화) 사업 현장근로자 채용 공고,"[""CLEANING_TASK""]",train
청주 방서동 중흥S클래스아파트 미화원 채용합니다.(장애인등록증 또는 장애인복지카드 소지자 우대),"[""CLEANING_TASK""]",train
아파트 미화원(청소원) 모집,"[""CLEANING_TASK""]",train
군포 미화원(외곽청소 등) 구인,"[""CLEANING_TASK""]",train
노인요양원 선양시니어빌리지 (야간전담 및 주·야간) 요양보호사 모집,"[""CARE_TASK"", ""NIGHT_SHIFT""]",train
[매탄동] 매탄현대힐스테이트 아파트 신주전담미화원 구인,"[""CLEANING_TASK""]",train
목동 현대하이페리온 2차 아파트 외곽 미화원 채용합니다.(장애인등록증 또는 장애인복지카드 소지자 우대),"[""CLEANING_TASK""]",train
[동구] 태왕그린힐즈 미화원 구인,"[""CLEANING_TASK""]",train
서귀원광노인복지센터 직원채용(노인요양시설요양보호사),"[""CARE_TASK""]",train
환경미화원 모집,"[""CLEANING_TASK""]",train
육군3사관학교 기간제근로자(충성대회관 청소담당) 채용 공고,"[""CLEANING_TASK""]",train
[해운대구 좌동] 해운대 대동타운아파트 미화원 구인[긴급],"[""CLEANING_TASK""]",train
음성/대소) 회사 미화원 모십니다.....(정규직),"[""CLEANING_TASK""]",train
"(대평동, 협성휴포레 경산 대평) 아파트 미화원 모집","[""CLEANING_TASK""]",train
보문파크뷰자이 아파트 미화원 구함,"[""CLEANING_TASK""]",train
[주5일]개봉역앞 개봉삼호 아파트 내부 미화원 구인,"[""CLEANING_TASK""]",train
[일룸/대구]  일룸직영매장 대구점 주6일 미화직 채,"[""CLEANING_TASK""]",train
청라 아파트 미화원 구인,"[""CLEANING_TASK""]",train
수서역 인근 요양보호사 모집,"[""CARE_TASK""]",train
환경미화원 모집(장애 복지카드 소지자 가능),"[""CLEANING_TASK""]",train
가든파이브 라이프 보안사원 모집 [송파구/중장년 우대/주간.야간],"[""NIGHT_SHIFT""]",train
아파트 미화원 채용 공고,"[""CLEANING_TASK""]",train
[세종시/해밀마을] 아파트 미화원 구인(복지카드우대),"[""CLEANING_TASK""]",train
[미사강변해링턴플레이스(29단지)] 외곽 미화원 모집,"[""CLEANING_TASK""]",train
[덕양구 고양동] 고양일고 (격일제/야간)경비원 채용,"[""NIGHT_SHIFT""]",train
청소담당(돌돌이)  [광명일자리박람회 6.25.(수). 14시-17시],"[""CLEANING_TASK""]",train
서비스 전화 상담 및 기타 사무보조 직원 채용,"[""OFFICE_TASK""]",train
[채용대행] 화정동 아파트 외곽미화원 구인 (복지카드 우대),"[""CLEANING_TASK""]",train
옥정센트럴파크푸르지오 미화원 모집,"[""CLEANING_TASK""]",train
은천2단지 아파트 청소원 구인,"[""CLEANING_TASK""]",train
성남시 중원구 황송마을 여자독거요양보호사 구인,"[""CARE_TASK""]",train
[안성시 죽산면] 한겨레중.고등학교 시설관리 근무자 채용합니다.,"[""FACILITY_MAINTENANCE""]",train
[풍덕천동] 이편한세상수지아파트 외곽미화원 구인,"[""CLEANING_TASK""]",train
금정구장애인복지관 직원(시설관리기사) 채용 공고,"[""FACILITY_MAINTENANCE""]",train
군산 미장2차 아이파크 아파트 미화원 구인.,"[""CLEANING_TASK""]",train
청당벽산블루밍아파트 내부미화원 구인,"[""CLEANING_TASK""]",train
시흥1차에이스아파트  미화원 모집,"[""CLEANING_TASK""]",train
"평택 삼성반도체 P1 외곽,라인,스막청소 채용 ""서정동행정복지센터 상설면접 채용행사 예정 ""","[""CLEANING_TASK""]",train
창원시내버스 운전기사 모집,"[""DRIVING""]",train
(주)휴먼서플라이 롯데택배 군포터미널 현장 사무보조모집,"[""OFFICE_TASK""]",train
분당동원로얄듀크 아파트 미화원 구인,"[""CLEANING_TASK""]",train
호계 효성아파트 미화원 구인,"[""CLEANING_TASK""]",train
사하구 감천 아파트 청소원 채용 (장애인 우대),"[""CLEANING_TASK""]",train
대륭테크노타운 8차 미화 채용,"[""CLEANING_TASK""]",train
[금곡동]금곡신미주 아파트 미화원 구인(복지카드우대),"[""CLEANING_TASK""]",train
★범일동  출퇴근 요양보호사 구인합니다,"[""CARE_TASK""]",train
구성더포레스트 내부 미화원 구인(복지카드 우대),"[""CLEANING_TASK""]",train
아파트 청소원 (남)구인(안산시일자리센터채용대행),"[""CLEANING_TASK""]",train
김포마송 3단지 외곽 미화원 모집,"[""CLEANING_TASK""]",train
[별내동] 미리내4-4단지 실내청소(미화)원 구인,"[""CLEANING_TASK""]",train
[가람마을7단지] 한라비발디  미화원 구인,"[""CLEANING_TASK""]",train
(화서동) 한진현대아파트 외곽미화원 모집,"[""CLEANING_TASK""]",train
아파트 미화원 모집 - 성동구 성수동1가 성수현대아파트/복지카드소지자 우선채용,"[""CLEANING_TASK""]",train
채용대행**************[복지카드소지자 우대] 철산 한신아파트 청소원 모집-실내청소원,"[""CLEANING_TASK""]",train
[판교 삼평동] 은행 미화원 구인,"[""CLEANING_TASK""]",train
(파주 연풍리) 세경고등학교 청소 미화원 모집 (주5일_월205만),"[""CLEANING_TASK""]",train
[신계동] 용산이편한세상 아파트 외부 미화팀장 구인,"[""CLEANING_TASK""]",train
병원청소 미화 (단기),"[""CLEANING_TASK""]",train
"[상주시 취업지원센터 채용대행] 공장 지게차, 운전, 관리","[""DRIVING""]",train
신대방 현대아파트 청소미화원 채용(복지카드 소지자 우대),"[""CLEANING_TASK""]",train
(상일동)강동리엔파크11단지 아파트 미화원 모집,"[""CLEANING_TASK""]",train
풍무동 꿈에그린 더포레듀4단지 외곽미화원 구인합니다.,"[""CLEANING_TASK""]",train
"버스 운전원 모집 (통근,관광)","[""DRIVING""]",train
오이도역 부성파스텔아파트 내부 미화원 채용합니다.(장애인등록증·복지카드 또는 상이등급 1~3급 우대),"[""CLEANING_TASK""]",train
[삼성스토어 북대전] 미화 근무자 (1분) 모집,"[""CLEANING_TASK""]",train
삼송마을16단지 미화원 모집,"[""CLEANING_TASK""]",train
래미안프래비뉴 아파트 청소/미화 채용,"[""CLEANING_TASK""]",train
긴급)남원시장애인종합복지관 셔틀버스 운행 및 시설  관리 채용공고,"[""FACILITY_MAINTENANCE""]",train
[신동백 서해그랑블2차]아파트 외곽 미화원 구인(복지카드 소지자우대),"[""CLEANING_TASK""]",train
[동패동] 한울마을7단지 커뮤니티 미화원 구인,"[""CLEANING_TASK""]",train
안성 송정 그린빌아파트 미화원 채용합니다.,"[""CLEANING_TASK""]",train
[신개금LG] 재가요양보호사 모집,"[""CARE_TASK""]",train
목동현대하이페리온아파트 외곽 미화원 모집(복지카드소지자 우대),"[""CLEANING_TASK""]",train
분당베스트병원_미화파트 계약직 채용,"[""CLEANING_TASK""]",train
"국립중앙극장 공무직근로자(산업안전, 미화) 채용","[""CLEANING_TASK""]",train
더샵판교포레스트12단지 외곽 미화원 채용합니다.,"[""CLEANING_TASK""]",train
여주오학현진에버빌 미화원 구인,"[""CLEANING_TASK""]",train
"미화원(환경, 위생 관리 업무) 선생님을 모십니다.","[""CLEANING_TASK""]",train
미화원님 모십니다,"[""CLEANING_TASK""]",train
"천안 계성원연수원 시설관리(기계설비, 전기) 담당 모집","[""FACILITY_MAINTENANCE""]",train
[서울 구로구] 오피스텔 미화원 모집,"[""CLEANING_TASK""]",train
목동센트럴아이파크위브 아파트 외곽미화원,"[""CLEANING_TASK""]",train
국립현대미술관 청주 미술품수장센터 공무직 근로자 [시설관리원(기계)] 채용 공고,"[""FACILITY_MAINTENANCE""]",train
아파트 커뮤니티센터 미화원 구인,"[""CLEANING_TASK""]",train
대흥1차아파트 실내 미화원 채용,"[""CLEANING_TASK""]",train
성사동 영프라자 상가건물 미화원 모집,"[""CLEANING_TASK""]",train
광명역 파크자이 아파트 미화원 모집(복지카드 소지자 우대),"[""CLEANING_TASK""]",train
구로구 개봉두산 아파트 실내 미화원 채용합니다.(장애인등록증 또는 장애인 복지카드 소지자 우대),"[""CLEANING_TASK""]",train
인천주안역LH1단지 아파트 미화원 채용합니다.,"[""CLEANING_TASK""]",train
[선경오피스텔]  미화반장 모집,"[""CLEANING_TASK""]",train
서빙고 신동아 아파트  미화원 모집,"[""CLEANING_TASK""]",train
[S&S밸브] 밸브 포장 및 배송납품 사원 모집,"[""DRIVING""]",train
창원특례시 특별운송사업 휠체어택시 운전원 채용,"[""DRIVING""]",train
태전성원5단지 아파트 미화원 채용합니다.(장애인등록증 또는 장애인복지카드 소지자 우대),"[""CLEANING_TASK""]",train
일산국제아파트 미화원 구인합니다.,"[""CLEANING_TASK""]",train
원당래미안휴레스트 외곽청소원 모집,"[""CLEANING_TASK""]",train
이마트 이천후레쉬센터 시설관리직 채용 (기술운영팀),"[""FACILITY_MAINTENANCE""]",train
미화원 모집(아쿠아펫랜드),"[""CLEANING_TASK""]",train
군산 구암 현대아파트 미화원 구인,"[""CLEANING_TASK""]",train
고등동 아파트 외곽/주차장 미화원 모집,"[""CLEANING_TASK""]",train
쌍용더플래티넘오목천역 아파트 미화원 모집,"[""CLEANING_TASK""]",train
[인스펙트/서울검사] 양재역 8번출구 인근  미화원 모집,"[""CLEANING_TASK""]",train
공무직근로자 채용 (시설관리원) 채용,"[""FACILITY_MAINTENANCE""]",train
경주시시설관리공단 기간제근로자 채용공고(제2022-13호),"[""FACILITY_MAINTENANCE""]",train
[행신동] 소만마을7단지 아파트 청소원 모집,"[""CLEANING_TASK""]",train
[소초면] 공군부대 관사 미화원 채용,"[""CLEANING_TASK""]",train
[좌동] 해운대 대동타운 아파트 미화구인,"[""CLEANING_TASK""]",train
병점 신창2차 비바패밀리아파트 내부 미화원 모집(복지카드소지자 우대),"[""CLEANING_TASK""]",train
지축동 군주거시설 미화원 모집,"[""CLEANING_TASK""]",train
청소 청소원 모집,"[""CLEANING_TASK""]",train
[8월19일(수) 구인구직 만남의날 참여업체]  김포한강메트로자이1단지 외곽 미화 구인,"[""CLEANING_TASK""]",train
[송산동] 우남블루존아파트 미화원 구인(주5일),"[""CLEANING_TASK""]",train
[행신동] 햇빛마을21단지 외곽미화원 모집,"[""CLEANING_TASK""]",train
"천안물류센터 시설관리원  신입,경력 모집","[""FACILITY_MAINTENANCE""]",train
"김포 학운단지 주 5일제 청소,미화원 모집 /교통비 지원","[""CLEANING_TASK""]",train
[2026 강동구일자리매칭데이 현장면접 참여사업장] 요양보호사 채용공고 (상시) - 식사 제공,"[""CARE_TASK""]",train
부천 상동 써미트빌 청소 실내 미화원 채용(복지카드소지자 우대),"[""CLEANING_TASK""]",train
★울산 한라한빛타운 아파트 내부 미화원 채용합니다. [동구일자리지원센터 채용대행],"[""CLEANING_TASK""]",train
청주 방서동 중흥S클래스아파트 외곽미화원 채용합니다.(장애인등록증 또는 장애인복지카드 소지자 우대),"[""CLEANING_TASK""]",train
의왕 푸르지오포레움2블럭 아파트 미화원,"[""CLEANING_TASK""]",train
촉탁직 시내버스승무원 모집/노선버스 운전원,"[""DRIVING""]",train
평내메트로원e편한세상 미화원 모집(복지카드소지자 우대),"[""CLEANING_TASK""]",train
[분당러스크 재활병원] 정자역 도보 3분 미화원 (1명) 모집,"[""CLEANING_TASK"", ""WALKING""]",train
[남서울힐스테이트] 미화원 구인,"[""CLEANING_TASK""]",train
[용산구]  이촌제1동 동사무소 청소,"[""CLEANING_TASK""]",train
[동천동 ]아파트 미화원 모집,"[""CLEANING_TASK""]",train
과천자이아파트 여 미화원 구인,"[""CLEANING_TASK""]",train
[미사 리버스위트칸타빌] 외곽 미화원 모집,"[""CLEANING_TASK""]",train
카카오T블루 택시 운전원,"[""DRIVING""]",train
효령노인복지타운 노인맞춤돌봄서비스사업 수행인력(전담사회복지사) 공개채용 공고,"[""CARE_TASK""]",train
아파트 내부 미화원,"[""CLEANING_TASK""]",train
잡매니저(미화현장관리) 채용,"[""CLEANING_TASK""]",train
행당 한진타운 내부미화원 채용합니다. (장애인등록증 또는 장애인복지카드 소지자 우대),"[""CLEANING_TASK""]",train
[통근/주간교대 선택가능/성과급/하계휴가비/명절상여 별도] 3톤미만 지게차운전원 채용,"[""DRIVING""]",train
아파트 청소원 모집 [별내KCC스위첸],"[""CLEANING_TASK""]",train
[ 별내동 ] 별사랑마을 4-4단지 미화원 구인,"[""CLEANING_TASK""]",train
상가.오피스텔 미화원 구인(김포 구래동),"[""CLEANING_TASK""]",train
[행신동] 소만마을8단지 아파트 미화원 모집,"[""CLEANING_TASK""]",train
매탄주공5단지아파트 미화원 채용(복지카드 소지자 우대),"[""CLEANING_TASK""]",train
화성 송산대방노블랜드 리버스위트아파트 외곽 미화원 채용합니다. (장애인등록증 또는 장애인복지카드 소지자 우대),"[""CLEANING_TASK""]",train
강북구 노해로 25길 11 인근 4등급 여자어르신 요양보호사 채용,"[""CARE_TASK""]",train
[경기/이천] 회사 사옥 미화원 모집,"[""CLEANING_TASK""]",train
옥정 LH엘리프 아파트 미화,"[""CLEANING_TASK""]",train
[삼성스토어 구리점] 미화 근무자 (1분) 모집,"[""CLEANING_TASK""]",train
[행신동] 햇빛마을18-1단지 아파트 미화원 모집(복지카드 소지자 우대),"[""CLEANING_TASK""]",train
[양정동] 대원칸타빌 미화원 구인,"[""CLEANING_TASK""]",train
우방우성빌라 청소원 채용(복지카드 소지자 병행채용),"[""CLEANING_TASK""]",train
[실내미화원 채용] - 창동쌍용아파트,"[""CLEANING_TASK""]",train
흥덕마을 13단지 경남아너스빌 아파트 미화원 모집,"[""CLEANING_TASK""]",train
[신장동 백송한신] 아파트 청소원 모집,"[""CLEANING_TASK""]",train
특별운송사업팀 운전원 모집,"[""DRIVING""]",train
[해운대구 좌동] 해운대 엘지아파트 미화반장 모집,"[""CLEANING_TASK""]",train
[병원] 압구정로데오역 앞 병원 *오전미화 모집 (1명),"[""CLEANING_TASK""]",train
[채용대행] 대구테크노폴리스(진아리채아파트)/미화원 모집,"[""CLEANING_TASK""]",train
극동옥정아파트 미화원 채용합니다.(장애인등록증 또는 장애인복지카드 소지자 우대),"[""CLEANING_TASK""]",train
[부천 엔와이푸드] 신중동역 인근 빌딩 미화원 모집 (1명),"[""CLEANING_TASK""]",train
소형건물 미화원 모집(강남구청역 인근),"[""CLEANING_TASK""]",train
[남양주보훈요양원] 제3차 2026년 요양보호직(일반13명) 채용,"[""CARE_TASK""]",train
마두동 백마마을1단지 아파트 미화원 모집,"[""CLEANING_TASK""]",train
"김포 현대프리미엄 아울렛 시설관리(기계,전기,건축) 직원 모집","[""FACILITY_MAINTENANCE""]",train
매탄주공5단지아파트 외곽 및 청소미화원 채용(복지카드 소지자 우대),"[""CLEANING_TASK""]",train
[동구 신천동] e편한세상동대구역센텀스퀘어 입주단지 청소미화원 구인,"[""CLEANING_TASK""]",train
상가.오피스텔 미화원 구인(미사강변),"[""CLEANING_TASK""]",train
[힐즈파크푸르지오 2단지] 미화원 모집,"[""CLEANING_TASK""]",train
남대전e편한세상 아파트 외곽 미화원 채용합니다.,"[""CLEANING_TASK""]",train
동탄산업단지 회사 미화원 모집,"[""CLEANING_TASK""]",train
고양동 고양우방유셀 아파트 미화원 모집,"[""CLEANING_TASK""]",train
인천가정2 A-3BL 아파트 미화원 모집,"[""CLEANING_TASK""]",train
안성 송정 그린빌아파트 외곽 미화원 채용합니다.,"[""CLEANING_TASK""]",train
(급구)이천대신푸른마을아파트 미화원,"[""CLEANING_TASK""]",train
[2개월 대체직] 서울시 관악구 광신고등학교 미화원 구인,"[""CLEANING_TASK""]",train
화성 대방노블랜드리버스위트 아파트 외곽 미화원 모집,"[""CLEANING_TASK""]",train
천안시 북부스포츠센터 청소원 채용,"[""CLEANING_TASK""]",train
사회복지(장애인)시설 운전원 채용 공고,"[""DRIVING""]",train
[(주)일지테크] 시설관리직 채용 (준고령자 이상 채용)/경산진량,"[""FACILITY_MAINTENANCE""]",train
남태령역 인근 군 아파트(한울아파트) 외곽청소 미화원 모집(급구),"[""CLEANING_TASK""]",train
반정 아이파크캐슬 4단지 아파트 청소원 모집 (화성시),"[""CLEANING_TASK""]",train
▶ 동구 신암동  ◀ 재가요양보호사 구인,"[""CARE_TASK""]",train
[파주금촌대방노블랜드2차아파트]외곽미화 구인,"[""CLEANING_TASK""]",train
중공업 천장크레인 운전원 구인,"[""DRIVING""]",train
[대우한강베네시티아파트] 실내 미화원 모집,"[""CLEANING_TASK""]",train
재가요양보호사 채용,"[""CARE_TASK""]",train
서울 강서구 공항대로 모델하우스 미화원 모집,"[""CLEANING_TASK""]",train
병원 승합차량운전 및 관리 직원 채용,"[""DRIVING""]",train
오천 우방신세계 외곽청소원 채용합니다.,"[""CLEANING_TASK""]",train
[용인 기흥구] 병원 미화원 모집,"[""CLEANING_TASK""]",train
[단순 방역] 삼성전자내 미화업체 단순 방역업무 단기 방역원 모집,"[""CLEANING_TASK""]",train
[성복역] 롯데캐슬골드타운 내부 미화원 채용,"[""CLEANING_TASK""]",train
백영논현센터(논현동) 미화반장 모집,"[""CLEANING_TASK""]",train
청사관리 미화 감독(소장),"[""CLEANING_TASK""]",train
"미화원 모집, 흥국생명 연수원(기흥구)","[""CLEANING_TASK""]",train
남양읍 대광파인벨리1차 아파트 미화원 구인,"[""CLEANING_TASK""]",train
아파트 외곽미화원 구인합니다,"[""CLEANING_TASK""]",train
송산에이치이 굴삭기 운전원 모집합니다.,"[""DRIVING""]",train
(4등급/여자) 하왕십리동 재가요양보호사 구인,"[""CARE_TASK""]",train
[청담동] 은행 미화원 구인,"[""CLEANING_TASK""]",train
세종테크노파크 본관동(조치원읍) 미화원 모집,"[""CLEANING_TASK""]",train
[안산 단원구] 복지센터 단시간 미화원 모집,"[""CLEANING_TASK""]",train
교보생명 신촌사옥 시설관리(기계설비) 담당 모집,"[""FACILITY_MAINTENANCE""]",train
"신도림대림 1, 2차아파트 청소 실내미화원 채용(복지카드 소지자 우대)","[""CLEANING_TASK""]",train
"이천현대성우3,4단지 실내 미화원을 모집합니다.","[""CLEANING_TASK""]",train
향촌휴먼시아2단지 아파트 외곽미화원 구인(복지카드 우대),"[""CLEANING_TASK""]",train
힐스테이트원주레스티지아파트 실내미화원 채용,"[""CLEANING_TASK""]",train
성모윌병원에서 미화직원을 모집합니다.(복지카드 소지자 우대),"[""CLEANING_TASK""]",train
공무직근로자 채용 (시설관리원-기계설비),"[""FACILITY_MAINTENANCE""]",train
[금정타워] 미화사원 모집,"[""CLEANING_TASK""]",train
택시운전기사 모집(군포 안양 의왕 과천),"[""DRIVING""]",train
아파트 외곽청소원,"[""CLEANING_TASK""]",train
하대원성원초원 아파트 미화원 구인(복지카드 우대),"[""CLEANING_TASK""]",train
더위크앤리조트 시설관리 사원 모집(기숙사운영),"[""FACILITY_MAINTENANCE""]",train
정관 동일1차 아파트 미화원(지하주차장 담당) 모집,"[""CLEANING_TASK""]",train
평택고덕LH15단지 아파트 미화원 모집,"[""CLEANING_TASK""]",train
평택 고덕 금호아파트 미화원 모집,"[""CLEANING_TASK""]",train
[죽전] 벽산1단지 아파트 실내 미화원 채용,"[""CLEANING_TASK""]",train
건물 미화 관리,"[""CLEANING_TASK""]",train
[평촌두산벤처다임] 실내 미화원(청소원)모집,"[""CLEANING_TASK""]",train
[보라동/휴먼시아6단지/내부미화원 (장애인등록증 또는 장애인복지카드 소지자 우대)],"[""CLEANING_TASK""]",train
한강파크뷰 우방아이유쉘 내부 미화원 구인,"[""CLEANING_TASK""]",train
부평4차경남 아파트 미화원 구인(복지카드 우대),"[""CLEANING_TASK""]",train
[안산 초지역] 푸르지오 메트로 단지 미화 채용,"[""CLEANING_TASK""]",train
중공업 지게차 운전원 구인,"[""DRIVING""]",train
[[ 수원 망포 ]] 영통아이파크캐슬1단지 커뮤니티 샤워장 미화원,"[""CLEANING_TASK""]",train
더샵 레이크파크 커뮤니티센터 청소,"[""CLEANING_TASK""]",train
강북구 인수봉로 82길 인근 4등급 어르신 요양보호사 채용,"[""CARE_TASK""]",train
아파트 미화원,"[""CLEANING_TASK""]",train
[고등동] 현대지식산업센터 미화원 모집,"[""CLEANING_TASK""]",train
[목동 현대하이페리온] 아파트 내부 미화반장 및 미화원 모집 (복지카드소지자 우대),"[""CLEANING_TASK""]",train
[ 다산 지금동 ] 한화꿈에그린 아파트 미화원 구인,"[""CLEANING_TASK""]",train
아파트 외곽청소 미화원 모집,"[""CLEANING_TASK""]",train
상동효성센트럴타운 외곽 미화원 구인 (복지카드 우대),"[""CLEANING_TASK""]",train
작전동 현대2-2차 아파트 미화원 모집,"[""CLEANING_TASK""]",train
원흥동 원흥 호반베르디움 더퍼스트 아파트 미화원 모집,"[""CLEANING_TASK""]",train
재가 방문 요양보호사채용,"[""CARE_TASK""]",train
청수행정타운 금호어울림아파트 실내미화원을 모집합니다.,"[""CLEANING_TASK""]",train
[송파 위례] 아파트 외곽미화원 모집-위례호반써밋2단지 아파트,"[""CLEANING_TASK""]",train
서울 신한은행 사무실 청소원 (주5일),"[""CLEANING_TASK""]",train
인천청라 센텀대광로제비앙아파트 미화원 구인,"[""CLEANING_TASK""]",train
미화원모집 (시흥시중앙도서관),"[""CLEANING_TASK""]",train
경기 안양시 동안구 시민대로 모델하우스 미화원 모집,"[""CLEANING_TASK""]",train
"[시흥시 일자리센터 채용대행] 거모유호아파트 미화반장,","[""CLEANING_TASK""]",train
"[수내역 도보5분] 대명상가 미화원 모집(월급 165만원, 주6일 토요일 격주)","[""CLEANING_TASK"", ""WALKING""]",train
힐스테이트 명륜 트라디움 아파트 미화원 모집공고(동담당1명),"[""CLEANING_TASK""]",train
아파트 외곽청소원  모집,"[""CLEANING_TASK""]",train
화성 행복마을 참누리에듀파크 아파트 청소 미화원(내부),"[""CLEANING_TASK""]",train
[역북동] 푸르지오 외곽미화 채용,"[""CLEANING_TASK""]",train
[부평SKVIEW해모로 아파트] 미화직원 구인,"[""CLEANING_TASK""]",train
육군3사관학교 공무직근로자(시설관리원) 채용 공고,"[""FACILITY_MAINTENANCE""]",train
해병대 군수단 공무직 근로자 채용 공고&lt;시설관리원(기계·설비)&gt;,"[""FACILITY_MAINTENANCE""]",train
청라 아파트 외곽청소 구인,"[""CLEANING_TASK""]",train
충북지체장애인협회 신규 직원 채용(장애인특별운송 차량 운전),"[""DRIVING""]",train
도내동 원흥 도래울마을2단지 청소원 모집,"[""CLEANING_TASK""]",train
"[진안고속] 승무사원(버스운전직)모집(대구,경북 구미 지역)","[""DRIVING""]",train
[청주 오송] 바이넥스 미화원 구인 (급구),"[""CLEANING_TASK""]",train
임곡그린빌 아파트 외곽미화원 구인,"[""CLEANING_TASK""]",train
잠실) 레이크팰리스종합상가 미화원 구인,"[""CLEANING_TASK""]",train
[갈매동] 지식산업센터 미화원구인,"[""CLEANING_TASK""]",train
DGB대구은행본점 미화반장 구인,"[""CLEANING_TASK""]",train
미사강변하우스디더레이크 아파트 실내 미화원 채용합니다.(장애인등록증 또는 장애인복지카드 소지자 우대),"[""CLEANING_TASK""]",train
[육군 제7296부대]공무직 근로자(시설관리원)채용,"[""FACILITY_MAINTENANCE""]",train
동탄 코너원 미화원 모집,"[""CLEANING_TASK""]",train
[마두동] 백마마을1단지 아파트 미화원 모집,"[""CLEANING_TASK""]",train
DMC남가좌2차 래미안아파트  미화원 구인,"[""CLEANING_TASK""]",train
이매촌 동신3단지아파트  청소원 모집,"[""CLEANING_TASK""]",train
부평구 산곡5차현대아파트 미화원 구인,"[""CLEANING_TASK""]",train
[부산항시설관리센터] 별정계약직(전기) 채용 공고,"[""FACILITY_MAINTENANCE""]",train
노인맞춤돌봄서비스사업 생활지원사 모집,"[""CARE_TASK""]",train
교통약자이동지원  운전직 모집,"[""DRIVING""]",train
동탄38단지 외곽 미화원 모집,"[""CLEANING_TASK""]",train
불당호반센트로포레 아파트 외곽/내부 미화원 구인(복지카드소지자 우대),"[""CLEANING_TASK""]",train
아파트 지하주차장 청소차하실분 채용,"[""CLEANING_TASK""]",train
해태보라매타워 주상복합 지하주차장 외곽청소원 구인,"[""CLEANING_TASK""]",train
용이 푸르지오 1차 아파트 실내미화원을 모집합니다,"[""CLEANING_TASK""]",train
[급구] 부산동래역행복주택 미화직원 채용 (복지카드 우대),"[""CLEANING_TASK""]",train
[미화원] 다산한양수자인리버팰리스 미화원 모집/복지카드소지자우대,"[""CLEANING_TASK""]",train
중산동 스카이시티자이 내부 미화원 구인,"[""CLEANING_TASK""]",train
원주명륜성원 미화원 모집(복지카드소지자 우대),"[""CLEANING_TASK""]",train
[대구보훈요양원]2022년 제1차 요양보호사 공개채용,"[""CARE_TASK""]",train
"취약계층 우대 / 식판 배송, 식판세척 분야별 채용 공고","[""DRIVING""]",train
평택 가재 우림필유 아파트 내부/외곽 미화원 채용합니다.(장애인등록증 또는 장애인 복지카드 소지자 우대),"[""CLEANING_TASK""]",train
보라매SK뷰아파트 청소미화원,"[""CLEANING_TASK""]",train
안양 한라비발디 아파트 미화원 모집,"[""CLEANING_TASK""]",train
효천우미린더퍼스트아파트  미화원 구인,"[""CLEANING_TASK""]",train
성포예술인 아파트 미화원 구인 (복지카드 우대),"[""CLEANING_TASK""]",train
사)성남시장애인단체연합회 운전원 모집 공고,"[""DRIVING""]",train
한솔마을 아파트 외곽 청소미화원 채용(복지카드소지자우대),"[""CLEANING_TASK""]",train
[내방역인근 성령빌딩] 빌딩미화반장 모집,"[""CLEANING_TASK""]",train
[베스트손해사정] 사무실청소 미화원 시간제 직원 (장애인) 채용,"[""CLEANING_TASK""]",train
남구 부곡동 지게차운전원 모집【경총중장년내일센터 채용대행】,"[""DRIVING""]",train
부평역 화성파크드림 아파트 미화원 구인,"[""CLEANING_TASK""]",train
(다산동) 더리더스 타워 미화원 구인 / 중증장애인 채용,"[""CLEANING_TASK""]",train
[세종시/해밀마을] 아파트 외곽 및 내부미화원 구인(복지카드우대),"[""CLEANING_TASK""]",train
시내버스 운전 승무사원 채용,"[""DRIVING""]",train
[ 별내동 ] 육군 제5378부대(6113부대) 공무직 시설관리원채용,"[""FACILITY_MAINTENANCE""]",train
송도 산후조리원  미화원 구인,"[""CLEANING_TASK""]",train
◈ 인천공항 화물터미널 화물조업 및 지게차 운전(조업병행) 담당자 모집,"[""DRIVING""]",train
신한1차아파트 실내미화원 모집합니다.,"[""CLEANING_TASK""]",train
아파트 내부 미화원 구인합니다,"[""CLEANING_TASK""]",train
[해병대군수단] 시설관리 공무직 근로자(건축) 채용,"[""FACILITY_MAINTENANCE""]",train
[급구] 마두동 정발마을4단지 아파트 미화원 모집,"[""CLEANING_TASK""]",train
[동구 신천동] 5등급 재가요양보호사 구인,"[""CARE_TASK""]",train
청소원 채용,"[""CLEANING_TASK""]",train
2023년 안성시 아이돌봄지원사업 장애인 및 자격소지자 수시채용,"[""CARE_TASK""]",train
[잠실동] 잠실우성4차아파트 청소원 모집/복지카드소지자우대,"[""CLEANING_TASK""]",train
청수경남아너스빌 아파트 미화원 채용합니다.(장애인등록증 또는 장애인복지카드 소지자 우대),"[""CLEANING_TASK""]",train
[목감동] 목감레이크푸르지오 아파트 내부 미화원 모집,"[""CLEANING_TASK""]",train
백석읍 한승아파트 미화구인(반장),"[""CLEANING_TASK""]",train
(주)드제이 사무실 청소원 모집(장애인 병행 채용),"[""CLEANING_TASK""]",train
이편한세상 다산 아파트 외곽미화원 구인,"[""CLEANING_TASK""]",train
인천 YWCA 요양원 요양보호사 모집,"[""CARE_TASK""]",train
법동 한마음 아파트 미화원 채용합니다.,"[""CLEANING_TASK""]",train
[다산동] 다산지금경기행복주택 아파트 외곽 미화원 모집,"[""CLEANING_TASK""]",train
크로스143타워 시설관리 구인(강남역),"[""FACILITY_MAINTENANCE""]",train
전남 나주시 송월동 모델하우스 미화원 모집,"[""CLEANING_TASK""]",train
[자곡동]강남한양수자인아파트 외곽미화원 구인(복지카드소지자 우대),"[""CLEANING_TASK""]",train
미화원 구함 - 정자동 삼성아데나팰리스,"[""CLEANING_TASK""]",train
성이시돌요양원 요양보호사 채용,"[""CARE_TASK""]",train
[중흥S클래스프라디움아파트] 미화원 채용,"[""CLEANING_TASK""]",train
[인천/부평구] 평일 근무하실 미화원 모집합니다,"[""CLEANING_TASK""]",train
양평삼성래미안아파트 외곽미화원 채용합니다.(장애인등록증 또는 장애인복지카드 소지자 우대),"[""CLEANING_TASK""]",train
[백석동] 백송마을3단지 아파트 미화원 모집,"[""CLEANING_TASK""]",train
송파구 거봉빌딩(제이타워빌딩) 미화사원 채용,"[""CLEANING_TASK""]",train
"시설관리 및 순찰원 모집, 흥국생명연수원(기흥구)","[""FACILITY_MAINTENANCE"", ""WALKING""]",train
영등포동 토방트윈빌 오피스텔 시설관리원 모집 (지원 마감),"[""FACILITY_MAINTENANCE""]",train
안성시가족센터 2026년 아이돌봄지원사업 아이돌보미 수시모집 공고 1차,"[""CARE_TASK""]",train
진접 원일궁의문아파트_실내미화원 구인,"[""CLEANING_TASK""]",train
[공고] 국립진주박물관 공무직근로자(시설관리-기계) 채용 재공고,"[""FACILITY_MAINTENANCE""]",train
[백마역] 은행 미화원 구인,"[""CLEANING_TASK""]",train
강남 유노성형외과 미화원 모집 (신논현역 7번 출구),"[""CLEANING_TASK""]",train
심곡마을 광교힐스테이트 아파트 청소 미화원 채용(복지카드 소지자 우대),"[""CLEANING_TASK""]",train
"광주벧엘요양원 요양보호사(교대근무자,주간근무자)","[""CARE_TASK""]",train
강진의료원 내 미화원 모집합니다.,"[""CLEANING_TASK""]",train
[효자촌] 건물 미화원 구인,"[""CLEANING_TASK""]",train
구미동 무지개마을  신한건영아파트 내부미화원 채용합니다.(장애인등록증 또는 장애인 복지카드 소지자 우대),"[""CLEANING_TASK""]",train
2024년 노인맞춤돌봄사업 전담사회복지사(계약직) 채용공고,"[""CARE_TASK""]",train
[수내역 도보 5분 시설기사 모집] (월240만원/4대보험/수내역 도보 5분),"[""WALKING""]",train
서구 화정동 소재 광주화정골드클래스 아파트 분리수거장 및 상가 미화원 모집,"[""CLEANING_TASK""]",train
동편마을 2단지 아파트 미화원 모집 (안양시 동안구-인덕원역 인근),"[""CLEANING_TASK""]",train
동산동 e편한세상 시티삼송 1차 미화원 모집,"[""CLEANING_TASK""]",train
[동자동] 동부센트레빌 아스테리움 아파트 외부 미화원 구인,"[""CLEANING_TASK""]",train
[김포시 구래동] 아파트 미화원 구인,"[""CLEANING_TASK""]",train
2024년 국립국악원 청사관리 공무직(미화) 채용 공고,"[""CLEANING_TASK""]",train
등촌주공5단지아파트 미화원 구함.,"[""CLEANING_TASK""]",train
&lt;채용대행&gt; 단시간 병원청소 미화(야간),"[""CLEANING_TASK"", ""NIGHT_SHIFT""]",train
한우리노인복지센터 옥봉동 요양보호사 모집,"[""CARE_TASK""]",train
"광교복합체육센터 환경미화원 채용공고(남1, 여2)","[""CLEANING_TASK""]",train
★대연동 5등급 요양보호사 구인합니다,"[""CARE_TASK""]",train
안양동 삼성래미안 아파트 실내 청소원 모집,"[""CLEANING_TASK""]",train
[운정] 책향기마을14단지 외곽 미화원 구인,"[""CLEANING_TASK""]",train
[중동] 어정마을 서희삼정아파트 실내미화원 채용,"[""CLEANING_TASK""]",train
북한산 푸르지오 아파트 내부/외곽 미화원 채용합니다.(장애인등록증 또는 장애인복지카드 소지자 우대),"[""CLEANING_TASK""]",train
시흥 배곧 한라비발디 컴퍼스3차 아파트 실내미화반장,"[""CLEANING_TASK""]",train
(강북구 삼양로  현대백화점 인근) 재가요양보호사 모집,"[""CARE_TASK""]",train
분당구 삼평동  빌딩내부  미화원 구합니다,"[""CLEANING_TASK""]",train
"[압구정역 3번출구 도보 1분] 이소니프라자 주차 관리원 모집( 격일제, 월급 202만원)","[""WALKING""]",train
재가요양보호사 모집,"[""CARE_TASK""]",train
흑석롯데캐슬 에듀포레아파트 미화원 채용(복지카드소지자 우대),"[""CLEANING_TASK""]",train
[수지 동천동] 더샵동천포레스트 외곽 미화원 채용,"[""CLEANING_TASK""]",train
아파트 외곽미화원 모집,"[""CLEANING_TASK""]",train
아파트미화(실내)모집-신도림 동아1차아파트,"[""CLEANING_TASK""]",train
(급구) 본사 시설관리업무 관리감독 경력자 모집,"[""FACILITY_MAINTENANCE""]",train
시울시 근교 초중고 및 공공기관 미화원,"[""CLEANING_TASK""]",train
"김포 힐스테이트 리버시티2단지 (커뮤니티시설) 오전, 오후 미화담당자 구인합니다","[""CLEANING_TASK""]",train
[운정신도시 아이파크] 한울1단지 아파트 실내청소원 모집,"[""CLEANING_TASK""]",train
아파트 외부 미화원 채용(송도자이하버뷰),"[""CLEANING_TASK""]",train
아파트 외곽청소원 구인,"[""CLEANING_TASK""]",train
[진천/주간/주5일] 초평농공단지 공장 내 미화직 채용,"[""CLEANING_TASK""]",train
고잔동 상가청소 미화원 구인,"[""CLEANING_TASK""]",train
은평뉴타운 상림마을 6단지 청소원 모집,"[""CLEANING_TASK""]",train
화성 향남 신명스카이뷰아파트 미화원 모집합니다.(장애인등록증 또는 장애인복지카드 소지자 우대),"[""CLEANING_TASK""]",train
힐스테이트 뉴포레 아파트 미화원 모집 (관악구),"[""CLEANING_TASK""]",train
기흥구 청덕동 물푸레9단지아파트 미화원(반장) 구인,"[""CLEANING_TASK""]",train
(주)녹십자 건물 실내미화원 모집,"[""CLEANING_TASK""]",train
알로소 청담점  주6일 미화직 채용,"[""CLEANING_TASK""]",train
영등포 양평삼성래미안 아파트 미화원 채용합니다.(장애인등록증 또는 장애인복지카드 소지자 우대),"[""CLEANING_TASK""]",train
양덕삼구트리니엔2차 외곽청소원 채용합니다.,"[""CLEANING_TASK""]",train
한화유로 매트로 2단지 아파트 내부 미화원 구인합니다.,"[""CLEANING_TASK""]",train
재가요양보호사 구인(창동주공19단지),"[""CARE_TASK""]",train
[일산동] 후곡마을1단지 아파트 미화원 모집,"[""CLEANING_TASK""]",train
안양 초원한양아파트 미화원 채용합니다.(장애인등록증 또는 장애인복지카드 소지자 우대),"[""CLEANING_TASK""]",train
상암월드컵파크 6단지 아파트 미화원 모집합니다.(장애인등록증 또는 장애인복지카드 소지자 우대),"[""CLEANING_TASK""]",train
행당역 행당한진타운 아파트 내부미화원 채용합니다. (장애인등록증 또는 장애인복지카드 소지자 우대),"[""CLEANING_TASK""]",train
길요양원 요양보호사 모집합니다 (주간),"[""CARE_TASK""]",train
양평삼성래미안아파트 외곽미화원 채용합니다- 채용완료! 7/22처리예정,"[""CLEANING_TASK""]",train
[청라동]청라롯데캐슬 아파트 외곽 미화원 구인(복지카드우대),"[""CLEANING_TASK""]",train
건설현장 미화원 모집 (진흥기업 내포현장),"[""CLEANING_TASK""]",train
학익동 1차 하나아파트 미화원 구인,"[""CLEANING_TASK""]",train
한국관광공사 중문관광단지 및 골프장 시설관리 위탁사업 행정직 채용,"[""FACILITY_MAINTENANCE""]",train
학익태산 아파트 미화원 구인(복지카드우대),"[""CLEANING_TASK""]",train
[미화원] 무원마을6단지 미화원 모집 / 복지카드소지자우대,"[""CLEANING_TASK""]",train
아파트 미화원 모집(월배삼정그린코아 아파트),"[""CLEANING_TASK""]",train
[성복역] 롯데캐슬골드타운 외곽 미화원 오후 근무자 모집,"[""CLEANING_TASK""]",train
경기 광주 오포롯데캐슬포레스트아파트 미화원 구인,"[""CLEANING_TASK""]",train
분당 미금역 청솔마을 서광영남 아파트 미화외곽원/주5일근무/,"[""CLEANING_TASK""]",train
관악 부영 아파트 미화원 모집,"[""CLEANING_TASK""]",train
고덕래미안힐스테이트 실내미화원 모집,"[""CLEANING_TASK""]",train
교보생명 진주사옥 빌딩시설관리(설비) 모집,"[""FACILITY_MAINTENANCE""]",train
[향남 서봉마을]외곽 미화원 모집,"[""CLEANING_TASK""]",train
건설현장 사무보조 모집(광명),"[""OFFICE_TASK""]",train
가평자이 아파트 내부미화원 채용합니다.(장애인등록증 또는 장애인복지카드 소지자 우대),"[""CLEANING_TASK""]",train
웨딩홀 청소 미화 경력무관 채용,"[""CLEANING_TASK""]",train
[신길동] 보라매SK뷰아파트 내부청소원,"[""CLEANING_TASK""]",train
[이천동] 보성상아맨션 아파트 청소원 구인,"[""CLEANING_TASK""]",train
[감일 힐스테이트포웰시티] 아파트 미화원 모집,"[""CLEANING_TASK""]",train
[삼영기업]미화원 구인/주5일 7시간 180만원(식사제공)/1년/경기도 광주시 오포읍 문형동림길(문형리)건물,"[""CLEANING_TASK""]",train
[서울역] 동부센트레빌 아스테리움 미화원 모집,"[""CLEANING_TASK""]",train
가산면 재가요양보호사,"[""CARE_TASK""]",train
[인제] 한양이엔지 별장 미화원 급구,"[""CLEANING_TASK""]",train
[채용대행][초롱꽃마을 8단지] 운정중흥S-클래스커뮤니티 센터 미화원 구인,"[""CLEANING_TASK""]",train
도래울파크뷰 아파트 외곽 미화원 모집(복지카드 우대),"[""CLEANING_TASK""]",train
가재 우림필유 아파트 미화원 채용합니다.,"[""CLEANING_TASK""]",train
옥동 3주공 아파트 외곽 미화원 채용합니다.,"[""CLEANING_TASK""]",train
김포한강LH솔터마을3단지 아파트 미화원 채용,"[""CLEANING_TASK""]",train
대구 성서 보람타운 아파트 미화원 채용합니다. (장애인등록증 또는 장애인복지카드 소지자 우대),"[""CLEANING_TASK""]",train
금곡 동성아파트 미화원 채용,"[""CLEANING_TASK""]",train
영종도 아파트 외곽 미화원(복지카드 소지자),"[""CLEANING_TASK""]",train
[미사 힐즈파크푸르지오3단지] 실내 미화원 모집,"[""CLEANING_TASK""]",train
[동국실업] 외곽미화원 모집,"[""CLEANING_TASK""]",train
신한1차아파트 실내미화원 모집,"[""CLEANING_TASK""]",train
SK바이오텍 미화원 모집,"[""CLEANING_TASK""]",train
백현마을3단지 아파트 미화원,"[""CLEANING_TASK""]",train
수원시 동물보호센터 에서 미화원 모집합니다.,"[""CLEANING_TASK""]",train
[덕포동] 아파트 청소원 모집,"[""CLEANING_TASK""]",train
경상북도청소년남자쉼터 야간상담원(기간제) 채용공고,"[""CLEANING_TASK"", ""NIGHT_SHIFT""]",train
군포 두산아파트 미화원 구인,"[""CLEANING_TASK""]",train
계산한국아파트 미화원 모집,"[""CLEANING_TASK""]",train
[해솔1단지]외곽 미화원,"[""CLEANING_TASK""]",train
대화동 킨텍스아이파크 아파트 미화원 모집,"[""CLEANING_TASK""]",train
교통약자 장애인 휠체어택시 헤이드 운전기사님 모집,"[""DRIVING""]",train
대광운수(주) 카카오T블루 택시운전기사 모집,"[""DRIVING""]",train
미화원 구인,"[""CLEANING_TASK""]",train
[ 화도읍 ] 마석역신도브래뉴3차 아파트 미화원 구인,"[""CLEANING_TASK""]",train
[강동구 강일동] 강일고등학교 미화원 채용(복지카드 소지자 우대),"[""CLEANING_TASK""]",train
아파트 미화원(외곽청소) 모집,"[""CLEANING_TASK""]",train
"[기흥역]아파트 청소원(외곽,실외)모집-기흥역지웰푸르지오아파트","[""CLEANING_TASK""]",train
[명지]에일린의뜰 아파트_미화원 모집 ★해운대구청 채용대행★,"[""CLEANING_TASK""]",train
달음산자연휴양림 청소원 모집합니다.,"[""CLEANING_TASK""]",train
[다산동] 다산푸르지오 아파트 외곽 미화원 구인,"[""CLEANING_TASK""]",train
청주 하복대삼일 아파트 내부 미화원 채용합니다.(장애인등록증 또는 장애인복지카드 소지자 우대),"[""CLEANING_TASK""]",train
청라 자이아파트 청소원 구인,"[""CLEANING_TASK""]",train
진주옥봉LH아파트 미화원 채용합니다.,"[""CLEANING_TASK""]",train
주엽동 강선마을15단지 아파트 미화원 모집,"[""CLEANING_TASK""]",train
5등급 치매전문교육 이수 요양보호사 채용,"[""CARE_TASK""]",train
매탄다목적체육관(매탄공원체육시설) 관리사원(안내·미화) 채용공고,"[""CLEANING_TASK""]",train
국립중앙극장 공무직(미화원) 채용 공고,"[""CLEANING_TASK""]",train
화정동 달빛마을1단지 아파트 미화원 모집,"[""CLEANING_TASK""]",train
평촌목련2단지 아파트 미화원 채용 (복지카드 소지자 우대),"[""CLEANING_TASK""]",train
송림삼익아파트 미화원1명 모집합니다.,"[""CLEANING_TASK""]",train
마곡엠밸리 14단지아파트외곽미화 구인,"[""CLEANING_TASK""]",train
국민요양병원에서 요양보호사 모십니다.,"[""CARE_TASK""]",train
최중증발달장애인 통합 돌봄 서비스(제공인력) 직원 모집,"[""CARE_TASK""]",train
[문래동] 세미콜론 문래S타워 미화원 모집,"[""CLEANING_TASK""]",train
사무보조(디자인툴) 신입 구인,"[""OFFICE_TASK""]",train
쌍령2차현대모닝사이드 아파트 실내 미화원 모집,"[""CLEANING_TASK""]",train
"[수지구 성복역] 롯데캐슬골드타운 미화원 모집(내부 2명, 외곽 1명)","[""CLEANING_TASK""]",train
[삼평동] 삼환하이펙스상가 미화원 구인,"[""CLEANING_TASK""]",train
[장림동] 아파트 미화원 모집,"[""CLEANING_TASK""]",train
요양병원 미화원 채용,"[""CLEANING_TASK""]",train
진천 삼광식품 미화원 모집 [급구],"[""CLEANING_TASK""]",train
요양병원 청소원 구함,"[""CLEANING_TASK""]",train
수원시체육회관 관리사원 채용 공고(1명-안내 및 미화),"[""CLEANING_TASK""]",train
[수내쌍용B상가] 정자역 인근 미화원 (1명),"[""CLEANING_TASK""]",train
[삼구아이앤씨] 한샘 서청주점 미화(청소원) 직원 모집,"[""CLEANING_TASK""]",train
미화원 채용(서면 스위트엠 골드에비뉴),"[""CLEANING_TASK""]",train
물탱크청소 직원,"[""CLEANING_TASK""]",train
광진구 광남고등학교 미화 1인 구인,"[""CLEANING_TASK""]",train
[영덕2동] 신일아파트 미화원 모집,"[""CLEANING_TASK""]",train
경희궁 롯데캐슬 상가 미화원 모집,"[""CLEANING_TASK""]",train
디엠씨 롯데캐슬더퍼스트 미화원,"[""CLEANING_TASK""]",train
[한림면]사무실 건물청소원,"[""CLEANING_TASK""]",train
"평택 삼성반도체 P1 외곽청소 미화원 채용 『2025  평택시 중장년+ 경기도 5070일자리 채용박람회』 참여업체 ""11/05(수) 14시~, 이충문화체육센터“","[""CLEANING_TASK""]",train
시내버스 운전원 모집,"[""DRIVING""]",train
양주옥정 라피아노 스위첸 미화원 구인 합니다.,"[""CLEANING_TASK""]",train
한국바스프 여수공장 청소원 모집(차분한 성격 환영합니다.),"[""CLEANING_TASK""]",train
"’23년 3차 국립현대미술관 서울관 행정지원과 공무직(영선주임,영선·기계·방재기사,청소원) 변경 공고","[""CLEANING_TASK""]",train
동두천시지체장애인협회 장애인 특장차(승합) 운전원 채용 공고,"[""DRIVING""]",train
대전 갤러리아 타임월드 백화점 미화팀 사원 모집,"[""CLEANING_TASK""]",train
[화정동] 별빛마을 9단지 아파트 청소원 구인,"[""CLEANING_TASK""]",train
[수원 장안구] 병원 미화원 모집,"[""CLEANING_TASK""]",train
[행신동］행신동문아파트 미화원 모집,"[""CLEANING_TASK""]",train
내포이지더원 아파트 미화원 구인(복지카드우대),"[""CLEANING_TASK""]",train
일산현대요양병원 미화 직원분 모집합니다.,"[""CLEANING_TASK""]",train
미화원(청소원) 및 소독원 모집,"[""CLEANING_TASK""]",train
[동구 신암동] 3등급 재가요양보호사 구인,"[""CARE_TASK""]",train
문평동 대전공장 미화원 모집(격주 토요일근무),"[""CLEANING_TASK""]",train
[산내8단지] 아파트 내부미화원 채용,"[""CLEANING_TASK""]",train
신보운영관리(주) 신용보증기금 인천중앙지점 시설관리직 정규직 채용,"[""FACILITY_MAINTENANCE""]",train
"[부천] 마스크공장 2D마스크기계 오퍼레이터 모집(주간팀,야간팀)","[""NIGHT_SHIFT""]",train
백현마을1단지 판교푸르지오그랑블 아파트 내부미화원,"[""CLEANING_TASK""]",train
행신동 아파트 미화원 모집,"[""CLEANING_TASK""]",train
[급구] 상록수실버타운 시설 관리인 채용,"[""FACILITY_MAINTENANCE""]",train
◆ [마.창.진 중장년특화 버스운전원 일자리 수요데이! 참여업체] ◆,"[""DRIVING""]",train
아파트 미화원 모집(신동아 파밀리에),"[""CLEANING_TASK""]",train
"거모유호아파트 미화반장,미화원모집","[""CLEANING_TASK""]",train
영종하늘도시 KCC스위첸아파트 외곽 미화원 구인,"[""CLEANING_TASK""]",train
사)경기도지체장애인협회 파주시지회 행정사무 및 리프트 운전원 구인,"[""DRIVING""]",train
성석동 청원네이처빌 아파트 미화원 모집,"[""CLEANING_TASK""]",train
더샵레이크파크 커뮤니티센터 청소,"[""CLEANING_TASK""]",train
[현대해상 울산빌딩] 미화원(후출) 모집,"[""CLEANING_TASK""]",train
9.22.(월) [2025 하반기 일자리 박람회] 현장면접 참여기업 (주)케이디텍-학교 시설관리 모집,"[""FACILITY_MAINTENANCE""]",train
양천구 목동6단지아파트 내부미화원 채용합니다. (장애인등록증 또는 장애인복지카드 소지자 우대),"[""CLEANING_TASK""]",train
[오토허브] 용인시 건물청소 *외곽청소* (1명),"[""CLEANING_TASK""]",train
세종 한뜰마을2단지 더샵센트럴시티 아파트 외곽 미화원 채용합니다.,"[""CLEANING_TASK""]",train
2026년도 제1회 직원 공개채용 공고(청년인턴_사무보조),"[""OFFICE_TASK""]",train
동대문구시설관리공단 이문체육문화센터 한시적 근로자 채용공고,"[""FACILITY_MAINTENANCE""]",train
서대문장애인종합복지관 계약직 직원(환경미화) 채용 공고,"[""CLEANING_TASK""]",train
"야간 시설 관리(시설,경비,운전) 선생님을 모십니다.[격일근무]","[""DRIVING"", ""FACILITY_MAINTENANCE"", ""NIGHT_SHIFT""]",train
평택시 이충동 아파트 미화원모집,"[""CLEANING_TASK""]",train
김신요양병원 시설관리 채용,"[""FACILITY_MAINTENANCE""]",train
교통약자 특별교통수단 콜택시 운전원 모집,"[""DRIVING""]",train
행신동 소만마을7단지 아파트 미화원 모집,"[""CLEANING_TASK""]",train
사내 청소 및 정리,"[""CLEANING_TASK""]",train
담양군교통약자이동지원센터 특별운송차량 운전자 채용,"[""DRIVING""]",train
여주시장애인생활이동지원센터 운전원(정규직) 모집,"[""DRIVING""]",train
"(충무로역)더 솔라고 호텔 객실 청소 남,여(룸메이드) 모집","[""CLEANING_TASK""]",train
시설 요양보호사 채용,"[""CARE_TASK""]",train
태전지웰 아파트 미화원을 모집합니다.,"[""CLEANING_TASK""]",train
[ 이촌동 ] 아파트 미화원 구인,"[""CLEANING_TASK""]",train
현대중공업내 지게차 운전원 인원 모집,"[""DRIVING""]",train
더샵원주센트럴파크 아파트 미화원 구인,"[""CLEANING_TASK""]",train
[범방동]사무실 청소원,"[""CLEANING_TASK""]",train
서신동 제일비사벌아파트 미화원 구인,"[""CLEANING_TASK""]",train
당동주공3단지 아파트 미화원 채용합니다.,"[""CLEANING_TASK""]",train
"미래복지요양센터 요양보호사(남,여) 모십니다.","[""CARE_TASK""]",train
일산 에듀포레 푸르지오아파트 외곽청소원 모집,"[""CLEANING_TASK""]",train
"루원린스트라우스 린시티아파트 (커뮤니티시설) 오전, 오후 미화담당자 구인합니다","[""CLEANING_TASK""]",train
사)안동자원봉사센터 노인맞춤돌봄서비스 기간제 근로자 채용공고,"[""CARE_TASK""]",train
송도풍림 3단지아파트 내부 미화원 (복지카드우대),"[""CLEANING_TASK""]",train
[삼성스토어 대화점] 미화 근무자 (1분) 모집,"[""CLEANING_TASK""]",train
아파트 미화원 구인 (일산서구/파주),"[""CLEANING_TASK""]",train
신사라이프씨티 아파트 청소,"[""CLEANING_TASK""]",train
서정마을12단지 아파트 내부 미화원 채용합니다.(장애인등록증 또는 장애인복지카드 소지자 우대),"[""CLEANING_TASK""]",train
한국재활재단 최중증 발달장애인 통합돌봄 직원 채용 공고,"[""CARE_TASK""]",train
[ 관광마이스업 특별취업지원센터 채용대행 ] 벡스코시설관리(주)-기계파트 병가 대체 인력 계약직 채용공고,"[""FACILITY_MAINTENANCE""]",train
카카오택시운전기사 모집◎『2023 팔공취업한마당』참여기업◎,"[""DRIVING""]",train
[정자동] 분당파크뷰 아파트 외곽 및 주차장 청소원 구인,"[""CLEANING_TASK""]",train
현대중공업내 족장(비계) 안전시설 설치/해체 단순 보조 인원 모집(야간),"[""NIGHT_SHIFT""]",train
[미화원 구인] 광교레이크파크 한양수자인아파트,"[""CLEANING_TASK""]",train
관악파크푸르지오 아파트 미화원 구인,"[""CLEANING_TASK""]",train
[세계빌딩] 강남역 도보1분 *시설관리원* (1명),"[""FACILITY_MAINTENANCE"", ""WALKING""]",train
[아산배방 한라비발디아파트] 실내미화원 모집,"[""CLEANING_TASK""]",train
이충부영3단지아파트 미화원 모집,"[""CLEANING_TASK""]",train
1호선 관악역 석수e편한세상 아파트 실내미화원 구인,"[""CLEANING_TASK""]",train
충북지체장애인협회 신규 직원 채용(장애인특별운송 차량 사업) 연장공고,"[""DRIVING""]",train
iM뱅크 (DGB대구은행) 본점 미화반장 구인,"[""CLEANING_TASK""]",train
사무보조 채용 _ 계룡건설산업(주) 세종5-1생활권 L9BL 공동주택 신축공사,"[""OFFICE_TASK""]",train
[페이머스스튜디오] 성동구 성수역 미화원 구인,"[""CLEANING_TASK""]",train
(재)세종문화회관 안전전문직(미화) 직원 공개채용,"[""CLEANING_TASK""]",train
(안산역)트리플렉스상가 미화원 모집(복지카드 소지자 우대합니다.),"[""CLEANING_TASK""]",train
[와동동] 해솔마을7단지 아파트 커뮤니티 (캐슬리안) 내부 청소원 모집,"[""CLEANING_TASK""]",train
[덕이동] 동문3차 아파트 미화원 모집,"[""CLEANING_TASK""]",train
(주)씨크루즈호텔 속초 공용청소(퍼블릭) 모집,"[""CLEANING_TASK""]",train
초지역 푸르지오 메트로 단지 미화 채용,"[""CLEANING_TASK""]",train
목동롯데캐슬위너 아파트 외곽미화원 구인(복지카드 우대),"[""CLEANING_TASK""]",train
호계e편한세상아파트 미화원 채용,"[""CLEANING_TASK""]",train
인애복지재단 직원(행정보조인력) 채용,"[""OFFICE_TASK""]",train
헤이드 교통약자 휠체어 슬로프 차량 운전기사 모집,"[""DRIVING""]",train
이천 사동6차 현대아파트 실내미화원 모집합니다.,"[""CLEANING_TASK""]",train
일산동 에이스10차 아파트 외곽 청소원 모집,"[""CLEANING_TASK""]",train
[총신대입구(이수)역_이수힐스테이트 아파트] 내부 미화원 채용,"[""CLEANING_TASK""]",train
[지축역] 요양병원 미화원 채용공고.,"[""CLEANING_TASK""]",train
시흥장현포레미엘더파크 아파트 내부 미화원 구인(복지카드우대),"[""CLEANING_TASK""]",train
[별내역] 은행 미화원 모집,"[""CLEANING_TASK""]",train
(화성 정남면) 회사 청소 미화원 구인.,"[""CLEANING_TASK""]",train
[인천/검단] 평일 오전 근무하실 미화원 모집합니다,"[""CLEANING_TASK""]",train
거모동 동보아파트 미화원(청소),"[""CLEANING_TASK""]",train
동구 초량 아파트 청소반장 채용 (장애인 우대),"[""CLEANING_TASK""]",train
[ 화도읍 ] 아파트 미화직 구인,"[""CLEANING_TASK""]",train
(은행동)아란트리아파트 외곽 미화원 구인,"[""CLEANING_TASK""]",train
"청소원(실내)모집-기흥 힉스유타워 아파트,오피스텔,상가","[""CLEANING_TASK""]",train
청라 센트럴에일린의뜰 아파트 주차장 미화원 구인,"[""CLEANING_TASK""]",train
장암동 동아아파트 미화원 모집,"[""CLEANING_TASK""]",train
갑을명가 1차 아파트 미화원 모집 (동작구),"[""CLEANING_TASK""]",train
(주)리썸 S&S 삼성전자 총무지원(사내배송) 계약직 사원 채용,"[""DRIVING""]",train
[영천 금호읍] 청소 미화원모집,"[""CLEANING_TASK""]",train
남산동(남문시장 주변) 어르신 돌볼 요양보호사 구인합니다.,"[""CARE_TASK""]",train
건국대학교 해오름학사 시설관리자 채용공고,"[""FACILITY_MAINTENANCE""]",train
시흥 부성파스텔아파트 내부 미화원 채용합니다.(장애인등록증 또는 장애인복지카드 소지자 우대),"[""CLEANING_TASK""]",train
역북 지웰 푸르지오 아파트 외곽 청소원 모집,"[""CLEANING_TASK""]",train
광교복합체육센터 환경미화원 채용공고,"[""CLEANING_TASK""]",train
사무실 미화원 채용,"[""CLEANING_TASK""]",train
NC백화점 대전유성점(유성온천역 부근) 미화사원 모집,"[""CLEANING_TASK""]",train
[다산동] 다산반도유보라메이플타운 아파트 실내미화원 구인,"[""CLEANING_TASK""]",train
"시내버스 운전원 모집 (대형,중형)","[""DRIVING""]",train
지축동 중흥S-클래스 아파트 청소원 모집,"[""CLEANING_TASK""]",train
[이촌동] 아파트 외곽 미화원 채용,"[""CLEANING_TASK""]",train
서울 금천구 시흥동 모델하우스 미화원 모집,"[""CLEANING_TASK""]",train
[봉담읍 와우리교회] 미화원 급구,"[""CLEANING_TASK""]",train
[야동동]  아파트 미화원 모집,"[""CLEANING_TASK""]",train
아파트 (실내)미화원 구인 - 상수동래미안밤섬리베뉴2차 아파트,"[""CLEANING_TASK""]",train
송산에이치이 지게차 운전원 모집합니다.,"[""DRIVING""]",train
[LT소재_용인] 미화원 채용,"[""CLEANING_TASK""]",train
[ 와부읍 ] 덕소주공1단지아파트  미화원 구인,"[""CLEANING_TASK""]",train
365안심병동 간병사 채용,"[""CARE_TASK""]",train
아파트 청소원(백운밸리 제일풍경채 2단지) / 미화원 구인,"[""CLEANING_TASK""]",train
남대전e편한세상 아파트 미화원 채용합니다.,"[""CLEANING_TASK""]",train
[고양동] 푸른마을10단지 아파트 외곽청소원 모집,"[""CLEANING_TASK""]",train
대연동 푸르지오 아파트 미화원 채용합니다.,"[""CLEANING_TASK""]",train
해양요양병원 요양보호사 채용공고,"[""CARE_TASK""]",train
재가요양보호사 모집(남자 3등급 케어 하실 요양보호사 모집중입니다. )  어르신 건강은 양호합니다.  ㅎ,"[""CARE_TASK""]",train
신흥역 하늘채 랜더스원1단지 아파트 미화원 구인,"[""CLEANING_TASK""]",train
포천종합사회복지관 사무보조(계약직) 채용공고,"[""OFFICE_TASK""]",train
(고양지축LH4단지) 아파트 단지 내부청소 구인,"[""CLEANING_TASK""]",train
목동 현대하이페리온 아파트 2차 외곽 미화원 채용합니다.,"[""CLEANING_TASK""]",train
택시운전 기사 모집 (카카오콜 택시),"[""DRIVING""]",train
한국전력국제원자력대학원대학교 기간제근로자 채용공고(사무보조),"[""OFFICE_TASK""]",train
[고양동] 푸른마을3단지 동익아파트 미화원,"[""CLEANING_TASK""]",train
동탄 코너원 미화원 모집(월급 175만원),"[""CLEANING_TASK""]",train
[역삼동 사옥] (월122만원 / 주5일 / 오전근무)미화원모집,"[""CLEANING_TASK""]",train
"[식사동] 위시티 일산자이1단지 아파트 내부미화원 (복지카드소지자 우대, 수당지급) 모집","[""CLEANING_TASK""]",train
이천대신푸른마을아파트 미화원 구인,"[""CLEANING_TASK""]",train
"[긴급,달서구] 성서한빛마을 계단청소원 구인","[""CLEANING_TASK""]",train
[신원아침도시더퍼스트] 아파트 미화원 모집,"[""CLEANING_TASK""]",train
소래포구역 논현푸르지오 더퍼스트 아파트 내부미화원 채용합니다.(장애인등록증 또는 장애인복지카드 소지자 우대),"[""CLEANING_TASK""]",train
[잠원동]아파트 청소원(실내)모집_래미안신반포리오센트 아파트,"[""CLEANING_TASK""]",train
주5일] 레미콘 회사 미화원 모집,"[""CLEANING_TASK""]",train
[월배] 진천동 현대1차 아파트 청소원 구인,"[""CLEANING_TASK""]",train
[해솔1단지 두산위브]아파트 미화원 구함(실내),"[""CLEANING_TASK""]",train
★★ 서면아이파크  미화원 채용 ★★,"[""CLEANING_TASK""]",train
[연제구 연산동] 연산자이 아파트 미화원 채용,"[""CLEANING_TASK""]",train
[유성구청 채용대행]대전 죽동예미지 아파트 내부 미화원 채용합니다. (장애인등록증 또는 장애인복지카드 소지자 우대),"[""CLEANING_TASK""]",train
"힐스테이트 지제역 아파트 미화원 모집(외곽, 주차장)","[""CLEANING_TASK""]",train
고잔동 단원마을 미화원 구인(복지카드 우대),"[""CLEANING_TASK""]",train
건물 내부 청소원 모집,"[""CLEANING_TASK""]",train
검암역로열파크씨티푸르지오 2단지 미화원 채용,"[""CLEANING_TASK""]",train
송파레미니스2단지 아파트 외곽 미화원 채용합니다.,"[""CLEANING_TASK""]",train
미화 구인,"[""CLEANING_TASK""]",train
춘천시청 인근 건물/시설 관리원 모집,"[""FACILITY_MAINTENANCE""]",train
[호반베르디움센트럴포레] 아파트 커뮤니티 미화 구인 (신입가능/나이무관),"[""CLEANING_TASK""]",train
아파트 외곽 미화원 구인,"[""CLEANING_TASK""]",train
세종 한뜰마을2단지 더샵센트럴시티 아파트 외곽(2명) / 내부(1명) 미화원 채용합니다.,"[""CLEANING_TASK""]",train
롯데 아울렛 이천점 미화사원 채용,"[""CLEANING_TASK""]",train
일산동구 대우로얄마트 상가 외곽 청소원 급구,"[""CLEANING_TASK""]",train
[별내동] 아파트 실내미화원 구인,"[""CLEANING_TASK""]",train
원당래미안휴레스트 아파트 커뮤니티센터 미화원 모집,"[""CLEANING_TASK""]",train
덕이동 일산파밀리에 2단지 아파트 미화원 모집,"[""CLEANING_TASK""]",train
운영지원직 방재시설관리원(기계),"[""FACILITY_MAINTENANCE""]",train
효경복지공동체 요양보호사 채용 공고,"[""CARE_TASK""]",train
정릉 푸르지오 아파트 미화원 채용 공고,"[""CLEANING_TASK""]",train
아파트 미화직 채용,"[""CLEANING_TASK""]",train
"강동구청소년상담복지센터 직원(행정원, 전문상담인력) 채용 공고","[""CLEANING_TASK""]",train
[2동탄 청계동] 롯데캐슬 알바트로스 외곽미화원 구인(토요 격주),"[""CLEANING_TASK""]",train
관악동부센트레빌아파트] 실내 미화원 모집,"[""CLEANING_TASK""]",train
[민속마을 쌍용아파트]내부 미화원 채용,"[""CLEANING_TASK""]",train
[분당구]성남산운마을부영8단지 실내미화원 모집합니다.(업무수월),"[""CLEANING_TASK""]",train
삼익2차 미화원 1명 모집,"[""CLEANING_TASK""]",train
[코웨포서비스] 시설관리 채용 공고,"[""FACILITY_MAINTENANCE""]",train
아파트  휘트니스 청소원구함-봇들마을9단지아파트,"[""CLEANING_TASK""]",train
[관악동부센트레빌아파트] 실내 미화원 모집,"[""CLEANING_TASK""]",train
[대화동] 킨텍스아이파크 아파트 미화원 모집,"[""CLEANING_TASK""]",train
［동탄 영천동］코너원 스마트타워 미화원 모집,"[""CLEANING_TASK""]",train
[수지 동천동] 수진마을써니밸리 아파트 내부/외곽 미화원 모집,"[""CLEANING_TASK""]",train
우장산롯데캐슬아파트 외곽미화원 채용합니다.,"[""CLEANING_TASK""]",train
수원 영통 테라타워 지식산업센터 미화원,"[""CLEANING_TASK""]",train
샘마을 임광아파트 미화원을 모집합니다.,"[""CLEANING_TASK""]",train
[산본]산본4단지 한라1차 미화원 구인,"[""CLEANING_TASK""]",train
[반월동] 신동탄포레자이 아파트 커뮤니티공간 미화원 구인,"[""CLEANING_TASK""]",train
[새일여성본부 채용대행]미화원 모집 (군자도서관),"[""CLEANING_TASK""]",train
여수 포레나 디아일랜드 미화원 채용합니다.,"[""CLEANING_TASK""]",train
[서울 강동구] 포레스트한방병원 일근직 미화원 직원모집,"[""CLEANING_TASK""]",train
천안소재 공장 미화원 모집,"[""CLEANING_TASK""]",train
"신도림대림 1, 2차아파트 청소 미화원 채용(복지카드 소지자 우대)","[""CLEANING_TASK""]",train
안화동마을 주공7단지 아파트 내부 미화원 구인합니다,"[""CLEANING_TASK""]",train
"새터마을 죽전힐스테이트 아파트 외곽,일반 미화원","[""CLEANING_TASK""]",train
[망포동] 영통SK VIEW 아파트 지하주차장 미화원 채용,"[""CLEANING_TASK""]",train
구리시 장애인생활이동지원센터 운전원 모집,"[""DRIVING""]",train
대야동 회사 청소,"[""CLEANING_TASK""]",train
주엽동 강선마을8단지 아파트 외곽청소원 모집,"[""CLEANING_TASK""]",train
"제주노형동 예쁨주의쁨의원 주말(토,일) 미화원구함","[""CLEANING_TASK""]",train
봇들마을6단지 아파트 미화원 구인(복지카드우대),"[""CLEANING_TASK""]",train
"평택 삼성반도체 P1 라인청소,스막,외곽청소원 채용 "" 11/26일(화) 서정동행정복지센터 상설면접 채용행사   ""","[""CLEANING_TASK""]",train
해운대 대림1차 아파트 미화원 채용합니다.,"[""CLEANING_TASK""]",train
[부민통신 송내역점] 미화원 (1명) 모집,"[""CLEANING_TASK""]",train
사직노인복지센터 노인맞춤돌봄서비스 생활지원사 구인 공고,"[""CARE_TASK""]",train
(주)씨크루즈호텔 속초 공용청소(퍼블릭) 정규직 모집,"[""CLEANING_TASK""]",train
아파트 미화원 채용(송도자이하버뷰),"[""CLEANING_TASK""]",train
"[진안고속] 승무사원(버스운전직-경력직)모집(대구,경북 지역)","[""DRIVING""]",train
서울메디스테이트빌딩 미화원 모집,"[""CLEANING_TASK""]",train
◆ [마.창.진 중장년특화 버스운전원 일자리 수요데이! 참여업체] _창원시내버스 운전기사 모집,"[""DRIVING""]",train
양재리본타워2단지 아파트 청소 구인,"[""CLEANING_TASK""]",train
원주시가족센터 직원 (아이돌봄전담인력) 채용 재공고 [※대체인력 채용],"[""CARE_TASK""]",train
시흥 신천 삼환 나우빌 아파트 외곽 미화원 모집,"[""CLEANING_TASK""]",train
천안 쌍용마을 뜨란채아파트 내부 미화원 구인합니다.(장애인등록증 또는 장애인복지카드 소지자 우대),"[""CLEANING_TASK""]",train
[후곡마을 1단지] 아파트 미화원 모집,"[""CLEANING_TASK""]",train
모락산현대아파트 미화원 구인,"[""CLEANING_TASK""]",train
[긴급] 성동구립 송정동데이케어센터 오후 운전원 채용,"[""DRIVING""]",train
▶ 수성구 수성동4가  ◀ 재가요양보호사 구인,"[""CARE_TASK""]",train
[정자동]로얄팰리스아파트 미화원 구인,"[""CLEANING_TASK""]",train
[ 호평동 ] KCC스위첸 아파트 &lt;4개월 단기직&gt;  외곽청소원 구인,"[""CLEANING_TASK""]",train
이지더원 더 그레이스아파트 실내 미화원 채용 [원주여성새로일하기센터 채용대행],"[""CLEANING_TASK""]",train
하계종합사회복지관 미화원 채용 공고,"[""CLEANING_TASK""]",train
반정동 아이파크캐슬 5단지 외곽미화원 모집  (탑승식청소자 가능하신분),"[""CLEANING_TASK""]",train
마곡금호어울림아파트 내부 청소원 채용( 장애인복지카드 우대),"[""CLEANING_TASK""]",train
(동구 신암동 이안센트럴D 아파트) 미화원 채용,"[""CLEANING_TASK""]",train
화성 송산요진와이씨티 아파트 외곽 미화원 채용합니다.(장애인등록증 또는 장애인복지카드 소지자 우대),"[""CLEANING_TASK""]",train
한들물빛도시 3단지 아파트 미화원 채용합니다.,"[""CLEANING_TASK""]",train
고양 은빛마을6단지 프라웰아파트 미화원 모집합니다.(장애인등록증 또는 장애인복지카드 소지자 우대),"[""CLEANING_TASK""]",train
당산 현대3차아파트 실내/외곽미화원 채용(복지카드소지자우대),"[""CLEANING_TASK""]",train
남원시장애인종합복지관 시설안전관리자 및 시설관리 인력 채용,"[""FACILITY_MAINTENANCE""]",train
반달마을두산위브2단지 아파트 내부 미화원 구인(복지카드 우대),"[""CLEANING_TASK""]",train
[다산동] 다산푸르지오 아파트 실내 미화원 구인,"[""CLEANING_TASK""]",train
파란나라 어린이집 운전기사를 모집합니다.,"[""DRIVING""]",train
"[압구정역 3번출구 도보 1분] 이소니프라자 미화원 모집( 주6일, 월급 144만원)","[""CLEANING_TASK"", ""WALKING""]",train
횡성군장애인생활이동지원센터  운전원 채용재공고,"[""DRIVING""]",train
[포스코휴먼스] 광양 사무보조 반일제 계약직 채용 *장애인 우대,"[""OFFICE_TASK""]",train
[현풍]LH천년나무3단지 미화원 모집,"[""CLEANING_TASK""]",train
[월성푸르지오] 청소원 구인공고,"[""CLEANING_TASK""]",train
미추홀구 학익동 시티오씨엘 1단지 아파트 커뮤니티 청소,"[""CLEANING_TASK""]",train
주간보호 요양보호사 모집,"[""CARE_TASK""]",train
(주) 한울이엔지 사무보조 사무원 구인,"[""OFFICE_TASK""]",train
시설 총괄(야간),"[""NIGHT_SHIFT""]",train
목동현대아파트 미화원 구인(복지카드우대) / 채용확정,"[""CLEANING_TASK""]",train
"북수원 포레나 아파트 청소원 구인 (실내3명, 외곽1명)","[""CLEANING_TASK""]",train
(해솔마을 7단지 아파트) 미화원 모집,"[""CLEANING_TASK""]",train
2022년 제4회 노원구어르신돌봄지원센터 직원채용 모집(전담사회복지사),"[""CARE_TASK""]",train
우리W타워 미화주간반 사원님 모십니다.,"[""CLEANING_TASK""]",train
의왕시장애인생활이동지원센터 운전원모집 공고,"[""DRIVING""]",train
[야탑역]세신빌딩  미화원 채용,"[""CLEANING_TASK""]",train
아파트 청소반장 (부산 기장 정관읍),"[""CLEANING_TASK""]",train
위덕삼성타운아파트 미화원 모집,"[""CLEANING_TASK""]",train
미화원 모집 (안산제일교회),"[""CLEANING_TASK""]",train
[일신산업] 신림역 7번출구 도보5분 빌딩 미화원 1명 모집,"[""CLEANING_TASK"", ""WALKING""]",train
납품운전기사모집합니다.,"[""DRIVING""]",train
(사) 대전장애인단체총연합회 장애인특별운송사업 직원 채용 공고,"[""DRIVING""]",train
[수원 권선구 금곡동] 가온초등학교 미화근무자 구인(복지카드 소지자 우대),"[""CLEANING_TASK""]",train
[한강로3가] 아파트 미화원 구인,"[""CLEANING_TASK""]",train
초롱꽃 마을10단지 아파트 내부미화원 모집,"[""CLEANING_TASK""]",train
시설관리 및 운전원 채용,"[""DRIVING"", ""FACILITY_MAINTENANCE""]",train
"[급구] 이천선경1,2차아파트 미화원","[""CLEANING_TASK""]",train
(대치역)대치퍼스트빌딩 미화원 모집(복지카드 소지자 우대합니다.),"[""CLEANING_TASK""]",train
반포미도2차 아파트 실내미화원 모집,"[""CLEANING_TASK""]",train
경기도 광주시 신현동 요양보호사 구인(2등급),"[""CARE_TASK""]",train
해군 3함대사령부  공무직근로자(청소원) 채용,"[""CLEANING_TASK""]",train
우미이노스빌 5차 아파트 실내미화원 모집 합니다,"[""CLEANING_TASK""]",train
[효성동] 이편한 세상 아파트  실내 미화원,"[""CLEANING_TASK""]",train
2022년 노인맞춤돌봄서비스 전담 사회복지사 채용공고,"[""CARE_TASK""]",train
[마포구] 염리동 병설유치원 전체 미화 1명,"[""CLEANING_TASK""]",train
건물내 카페 스파 미화원 모집,"[""CLEANING_TASK""]",train
간호사(야간 근무자) 채용[25.9.25(목) 13:00~채용설명회 및 현장면접진행]-사전접수 필수,"[""NIGHT_SHIFT""]",train
[삼구아이앤씨] 삼성스토어 정읍점 미화(청소원) 직원 모집,"[""CLEANING_TASK""]",train
[용현동]아파트미화원,"[""CLEANING_TASK""]",train
[뷰티플타워] 당산역 도보1분 / 듬직한 미화반장님 1명,"[""CLEANING_TASK"", ""WALKING""]",train
논현동 로얄빌딩 미화반장 모집,"[""CLEANING_TASK""]",train
경기도 오포읍 아파트(오포롯데케슬 포레스트) 미화원(1명) 채용 공고,"[""CLEANING_TASK""]",train
삼송동 삼송2차 아이파크 아파트 외곽청소원 모집,"[""CLEANING_TASK""]",train
경기 용인  신갈 (새릉골)요양보호사 구인,"[""CARE_TASK""]",train
길요양원 요양보호사 모집합니다(주주야야비비),"[""CARE_TASK""]",train
그레이츠판교 빌딩 크래프톤 실내 미화 사원 모집,"[""CLEANING_TASK""]",train
"월곡동 하남금호타운(1,500세대) 미화원 모집","[""CLEANING_TASK""]",train
최중증 발달장애인 통합돌봄서비스 제공인력,"[""CARE_TASK""]",train
[장지동] 금호어울림레이크2차 아파트 내부미화원 구인 (복지카드 우대),"[""CLEANING_TASK""]",train
조달청 공무직(대전지방조달청 시설관리원 1명) 채용 공고,"[""FACILITY_MAINTENANCE""]",train
[염창동]  미화원구인-복지카드소지자 우대,"[""CLEANING_TASK""]",train
대천 파레브호텔 시설관리자 채용공고,"[""FACILITY_MAINTENANCE""]",train
광교두산위브 아파트 미화원 구인,"[""CLEANING_TASK""]",train
춘천 더샵 아파트 내부 미화원 채용합니다.(장애인등록증 또는 장애인복지카드 소지자 우대),"[""CLEANING_TASK""]",train
송도풍림 3단지아파트 외곽 미화원 (복지카드우대),"[""CLEANING_TASK""]",train
시설관리인 채용,"[""FACILITY_MAINTENANCE""]",train
[도촌동] 섬마을9단지 아파트 미화원 모집,"[""CLEANING_TASK""]",train
병원 미화직 채용,"[""CLEANING_TASK""]",train
[반찬 제조공장] 야간 식품 제조 생산 근무자 모집,"[""NIGHT_SHIFT""]",train
안산시시각장애인 등 생활지원센터 (승합차) 운전원 모집,"[""DRIVING""]",train
원주시가족센터 직원 채용 공고 (아이돌봄지원사업 팀장),"[""CARE_TASK""]",train
정릉우성아파트 내부 미화원 구인합니다.(장애인등록증  또는 장애인복지카드 소지자 우대),"[""CLEANING_TASK""]",train
아파트 미화원채용 - 강남파밀리에3단지,"[""CLEANING_TASK""]",train
[논현동힘찬큐병원]미화원 구인(장애인우대),"[""CLEANING_TASK""]",train
이문아이파크 신축 아파트 미화원 모집(51명),"[""CLEANING_TASK""]",train
『2024 11월 수원시 희망일터 구인.구직의날(with 장안구)참여업체』-시내버스운전기사 모집.(정규직？수습기간 3개월),"[""DRIVING""]",train
[채용대행] 파주시 한빛마을2단지아파트 미화원 모집,"[""CLEANING_TASK""]",train
사)강원도지체장애인협회 삼척시지회 [삼척시 나눔콜택시] 운전원 채용(교통약자 특별교통수단),"[""DRIVING""]",train
[일산동구 작은 채용의  날] - 풍동 자동차 전시장 미화,"[""CLEANING_TASK""]",train
인천 강화읍 중앙로 마트 미화원 모집,"[""CLEANING_TASK""]",train
나사렛대학교 건물 청소 미화원 모집,"[""CLEANING_TASK""]",train
[금촌동] 아파트 청소원 모집,"[""CLEANING_TASK""]",train
**계룡건설 세종 5-1 생활권 L-9BL 공공주택 건설 현장(27.09월 준공) 미화원 채용**,"[""CLEANING_TASK""]",train
고양동 푸른마을10단지 아파트 미화원 모집,"[""CLEANING_TASK""]",train
광명역파크자이오피스텔 상가 외곽 남청소원 채용,"[""CLEANING_TASK""]",train
"압구정현대아파트(10,13,14차) 청소미화원 구함(복지카드 소지자 우대)","[""CLEANING_TASK""]",train
2025년 한홀초등학교 특수운영직군(시설미화원) 채용,"[""CLEANING_TASK""]",train
한국폴리텍대학 인천캠퍼스 업무직(미화원) 채용 공고,"[""CLEANING_TASK""]",train
[서울시 구로구 개봉동] 아파트 미화원 직원 모집,"[""CLEANING_TASK""]",train
여기산공체육시설 관리사원 채용공고,"[""FACILITY_MAINTENANCE""]",train
상계주공9단지 아파트 미화원 구인,"[""CLEANING_TASK""]",train
위례 KCC웰츠타워오피스텔 미화 구인합니다.,"[""CLEANING_TASK""]",train
은행동 대우3차아파트 내부 미화직 구인,"[""CLEANING_TASK""]",train
[인천/서구] 야간 경비원 모집,"[""NIGHT_SHIFT""]",train
도내동 도래울센트럴더포레아파트(원흥도래울마을2단지아파트) 미화원 모집,"[""CLEANING_TASK""]",train
아파트 내부 미화원 구인(주안동),"[""CLEANING_TASK""]",train
[관악 동부센트레빌아파트] 외곽 미화원 모집,"[""CLEANING_TASK""]",train
"장애인표준사업장직원모집공고(기술직, 업무지원, 사무보조)","[""OFFICE_TASK""]",train
(주)에프에스탄영 본사 청소업무가능자 모집,"[""CLEANING_TASK""]",train
[위례]힐스테이트위례 아파트 외곽미화원 구인,"[""CLEANING_TASK""]",train
"[중산동 중산마을5단지 아파트 - 복지카드 우대, 수당지급] 미화원 모집","[""CLEANING_TASK""]",train
(사)경기도시각장애인연합회구리지회 운전원 모집,"[""DRIVING""]",train
대창센시티 1차 & 2차 아파트 미화원 모집 (관악구),"[""CLEANING_TASK""]",train
트리풀시티 5단지 외곽 미화원 채용합니다.,"[""CLEANING_TASK""]",train
국립암센터 업무직 채용공고[일반미화],"[""CLEANING_TASK""]",train
[숭실대입구역 부근] 힐스테이트상도센트럴파크 아파트 미화원 모집,"[""CLEANING_TASK""]",train
더샵레이크파크 공용부 청소원,"[""CLEANING_TASK""]",train
코바코연수원 야간 안내 직원 구인,"[""NIGHT_SHIFT""]",train
미추홀구 학익동 시티오씨엘 1단지 아파트 외곽 청소 및 주차장 청소,"[""CLEANING_TASK""]",train
(신정동) 영상고등학교 미화원 채용,"[""CLEANING_TASK""]",train
생곡동 기업체 청소원 구인,"[""CLEANING_TASK""]",train
미화원모집(하남시 미사역 인근),"[""CLEANING_TASK""]",train
트리풀시티 5단지 휘트니스센터관리미화원 채용합니다.,"[""CLEANING_TASK""]",train
2023년 목포시노인복지관 노인맞춤돌봄서비스사업 수행인력(생활지원사) 채용 &lt;긴급&gt;,"[""CARE_TASK""]",train
배곧 한라비발디캠퍼스 2차 아파트 내부미화원 모집,"[""CLEANING_TASK""]",train
갈산하나아파트 외곽미화원 모집,"[""CLEANING_TASK""]",train
[삼성스토어 미아점] 미화 근무자 (1분) 모집,"[""CLEANING_TASK""]",train
[성남분당]  건장하신  외곽미화원  모집,"[""CLEANING_TASK""]",train
인천 용현서해아파트 실내 미화원 채용합니다.(장애인등록증 또는 장애인 복지카드 소지자 우대),"[""CLEANING_TASK""]",train
[구미동] 두앙노빌리티 3차 시설관리 모집,"[""FACILITY_MAINTENANCE""]",train
"사무실, 공장 환경미화(청소) 업무","[""CLEANING_TASK""]",train
[다산동] 다산반도유보라메이？타운 아파트 외곽 미화원 구인,"[""CLEANING_TASK""]",train
코바코파트너스 시설관리(기계) 정규직 직원 공개경쟁 채용,"[""FACILITY_MAINTENANCE""]",train
이매삼성아파트 미화원모집(복지카드 소지자 우대),"[""CLEANING_TASK""]",train
청천푸르지오아파트 미화원 모집,"[""CLEANING_TASK""]",train
[한양대학교 구리병원] 미화원(오전조) 모집,"[""CLEANING_TASK""]",train
[호반베르디움센트럴포레] 아파트 내부 미화 구인 (신입가능),"[""CLEANING_TASK""]",train
오피스텔 시설관리반장 모집,"[""FACILITY_MAINTENANCE""]",train
아파트 미화원- 정든마을우성6차아파트,"[""CLEANING_TASK""]",train
요양보호사 구인합니다.,"[""CARE_TASK""]",train
[ 다산동 ] 플루리움아파트 1단지(구 부영) 실내미화  구인,"[""CLEANING_TASK""]",train
시내버스 야간 주차보조 경비요원 모집,"[""NIGHT_SHIFT""]",train
부평제이타워 3차 지식산업센터 미화원,"[""CLEANING_TASK""]",train
국립경주박물관 기획운영과 공무직(시설물청소원) 채용,"[""CLEANING_TASK""]",train
운서동 풍림아이원 아파트 미화원 구인,"[""CLEANING_TASK""]",train
신규 운전기사 모집 (정규직 -수습기간 3개월),"[""DRIVING""]",train
[일룸/데스커]  데스커 연남점 주4일 미화직 채용,"[""CLEANING_TASK""]",train
공무직근로자(시설관리원) 채용,"[""FACILITY_MAINTENANCE""]",train
인천공항운영서비스(주) 직원 채용(환경미화직 주간 모집),"[""CLEANING_TASK""]",train
하남/송파/위례] 오피스텔 실내청소원 모집,"[""CLEANING_TASK""]",train
아파트 실내 미화원 채용,"[""CLEANING_TASK""]",train
원주시 육아종합지원센터 외곽청소원 모집,"[""CLEANING_TASK""]",train
천안 계성원연수원 시설관리(승강기)담당 모집,"[""FACILITY_MAINTENANCE""]",train
아파트 실내미화원 모집,"[""CLEANING_TASK""]",train
[ 진접읍 ] 장현신우아파트 미화원 구인,"[""CLEANING_TASK""]",train
동아모란아파트 내부미화원 구인,"[""CLEANING_TASK""]",train
한가람세경 아파트 미화원 구인(복지카드 우대),"[""CLEANING_TASK""]",train
[영통아이파크캐슬1단지] 아파트 실내 청소 미화원 모집,"[""CLEANING_TASK""]",train
신분당선 시설관리 건축/영선직 채용,"[""FACILITY_MAINTENANCE""]",train
동산마을 22단지 호반베르디움 아파트 미화원 모집,"[""CLEANING_TASK""]",train
[미화팀장 채용]비산동 평촌자이아이파크 미화업무 관리,"[""CLEANING_TASK""]",train
신보운영관리(주) 신용보증기금 본점 시설관리직 통신기사 정규직 채용,"[""FACILITY_MAINTENANCE""]",train
[별내면] 청학주공5단지아파트 외곽 미화원 모집,"[""CLEANING_TASK""]",train
"[당산역 도보 1분] 더빌 보안원 모집(격일제, 급여 226만원, 점심, 저녁 식사 제공)","[""WALKING""]",train
영등포구 대림성원아파트 미화원 구인,"[""CLEANING_TASK""]",train
[가락동] 동부센트레빌아파트청소원 모집(복지카드우대),"[""CLEANING_TASK""]",train
【(주)신독】 자동화설비(JIG) Set-up 및 양산대응 시운전원 채용,"[""DRIVING""]",train
배곧 호반베르디움더프라임 아파트 청소 모집,"[""CLEANING_TASK""]",train
천안라이프타운아파트 실내미화원 모집,"[""CLEANING_TASK""]",train
동산동 동산마을 화성파크드림 파티오 아파트 미화원 모집,"[""CLEANING_TASK""]",train
[한빛5단지] 아파트 외곽청소 직원 모집,"[""CLEANING_TASK""]",train
[달서구] 대곡역래미안아파트 커뮤니티청소 미화원 구인,"[""CLEANING_TASK""]",train
영종주공스카이빌12단지 아파트 미화원 구인(복지카드우대),"[""CLEANING_TASK""]",train
세종 새롬동 새뜸마을 5단지 아파트 외곽미화원,"[""CLEANING_TASK""]",train
[잠실] 아시아선수촌상가 미화원 모집(복지카드 소지자 우대합니다.),"[""CLEANING_TASK""]",train
"미화원 모집, 흥국생명연수원(기흥구)","[""CLEANING_TASK""]",train
천안요양병원 야간 원무.시설 당직 모집합니다.(경력무관),"[""NIGHT_SHIFT""]",train
평택 박애병원 청소 미화원 모집 공고,"[""CLEANING_TASK""]",train
부산 대우그린1차 아파트 내부 미화원 채용합니다.(장애인등록증·복지카드 또는 상이등급 1~3급 우대),"[""CLEANING_TASK""]",train
"2026년 2차 정규직[공무직(미화,경비/사감,운전)] 채용공고","[""CLEANING_TASK"", ""DRIVING""]",train
힐스테이트 대명센트럴2차 모델하우스 미화원 모집,"[""CLEANING_TASK""]",train
대일라이팅에서 판매및 사무보조하실분 모집합니다.,"[""OFFICE_TASK""]",train
포항초곡호반베르디움 아파트 미화원 모집,"[""CLEANING_TASK""]",train
[서울 서초구] 공공기관 단기 미화원 채용,"[""CLEANING_TASK""]",train
[내방역인근 성령빌딩] 빌딩 미화 모집,"[""CLEANING_TASK""]",train
성수 삼표레미콘 *미화(잡부) 1명 모집*,"[""CLEANING_TASK""]",train
[동작구]보라매코오롱하늘채아파트 미화원 모집,"[""CLEANING_TASK""]",train
강변마을 월드메르디앙 아파트 미화원 채용,"[""CLEANING_TASK""]",train
작전현광 아파트 미화원 구인,"[""CLEANING_TASK""]",train
구성자이3차 아파트 미화원 구인(복지카드우대),"[""CLEANING_TASK""]",train
진관동 은평마고정 3단지 아파트 미화원 구인,"[""CLEANING_TASK""]",train
[화도읍] 마석역신도브래뉴아파트 외곽 미화원 구인,"[""CLEANING_TASK""]",train
한국의료기기안전정보원 사무실 청소원 모집,"[""CLEANING_TASK""]",train
도내동 원흥도래울마을2단지 외곽청소원 모집,"[""CLEANING_TASK""]",train
빌딩 시설관리인 모집,"[""FACILITY_MAINTENANCE""]",train
마곡현대1차 아파트 미화원 구인 (복지카드 우대),"[""CLEANING_TASK""]",train
[군내면 아이파크 2차] 아파트 미화원구인,"[""CLEANING_TASK""]",train
[SYO빌딩] 1호선 방학역 인근 빌딩 미화원 모집,"[""CLEANING_TASK""]",train
송산요진와이씨티 아파트 미화원 채용합니다. (장애인등록증 또는 장애인복지카드 소지자 우대),"[""CLEANING_TASK""]",train
[마두동 정발마을 4단지 빌라] 미화원(복지카드소지자우대),"[""CLEANING_TASK""]",train
SK실트론내 환경미화(행복채움주식회사),"[""CLEANING_TASK""]",train
동탄역 신안인스빌리베리2차아파트 외곽미화원 모집,"[""CLEANING_TASK""]",train
[수성구 만촌동] 아파트 계단 청소원 채용,"[""CLEANING_TASK""]",train
개포주공6단지아파트 미화원 구인 합니다.,"[""CLEANING_TASK""]",train
진영GS자이 아파트 미화원 모집,"[""CLEANING_TASK""]",train
[채용] 과천시노인복지관(본관) 시설관리기사 모집 공고,"[""FACILITY_MAINTENANCE""]",train
[판교원마을12단지]아파트미화원 채용,"[""CLEANING_TASK""]",train
신입또는 경력요양보호사 선생님을 모집합니다.,"[""CARE_TASK""]",train
울산 한라한빛타운 아파트 내부 미화원 채용합니다. [동구일자리지원센터 채용대행],"[""CLEANING_TASK""]",train
쿠팡 이천4 물류센터 주간 미화원 모집,"[""CLEANING_TASK""]",train
산내들한양수자인 아파트 미화원 채용,"[""CLEANING_TASK""]",train
[양주옥정]  아파트 미화원 모집,"[""CLEANING_TASK""]",train
[동천동]외곽 미화모집,"[""CLEANING_TASK""]",train
건설현장 사무실  및 직원 숙소 청소 미화원 모집(주5일),"[""CLEANING_TASK""]",train
화정동 옥빛마을17단지 아파트 미화원 모집,"[""CLEANING_TASK""]",train
천호동 아파트 실내미화원 채용,"[""CLEANING_TASK""]",train
양주회천10단지아파트 외곽 청소원 모집,"[""CLEANING_TASK""]",train
방배래미안타워아파트 외곽 미화원 모집,"[""CLEANING_TASK""]",train
2026년도 제1회 직원 공개채용 재공고(기간제근로자_시설관리),"[""FACILITY_MAINTENANCE""]",train
힐스테이트원주레스티지아파트 커뮤니티센터 미화원 채용,"[""CLEANING_TASK""]",train
한강현대아파트 미화원 채용(복지카드 소지자 우대),"[""CLEANING_TASK""]",train
경기광주 퇴촌(면사무소인근) 여자독거요양보호사 모집,"[""CARE_TASK""]",train
고덕대광로제비앙디아트아파트 외곽미화원 모집,"[""CLEANING_TASK""]",train
동아 목련 아파트 미화원 모집.,"[""CLEANING_TASK""]",train
[응암동] 아파트 미화원 구인(복지카드 소지자 우대),"[""CLEANING_TASK""]",train
(해솔마을7단지아파트) 커뮤니티 캐슬리안 내부청소원 모집,"[""CLEANING_TASK""]",train
북구 진장동 아울렛 미화원 모집【울산양산경총 중장년내일센터】,"[""CLEANING_TASK""]",train
민락동 요양보호사 모십니다,"[""CARE_TASK""]",train
송파시그니처 롯데캐슬아파트 커뮤니티센터 미화원 채용합니다.(장애인등록증 또는 장애인복지카드 소지자 우대),"[""CLEANING_TASK""]",train
백마3단지  청소미화원 구함 (복지카드소지자 우대),"[""CLEANING_TASK""]",train
요양보호사구인 (1일4시간),"[""CARE_TASK""]",train
서면골든게이트 야간경비원 구인,"[""NIGHT_SHIFT""]",train
수지구 LG빌리지5차 아파트 청소원 모집,"[""CLEANING_TASK""]",train
강변건영 아파트 미화원 채용,"[""CLEANING_TASK""]",train
오피스텔 청소원 모집,"[""CLEANING_TASK""]",train
탕정삼성트라팰리스 외곽미화원 구인,"[""CLEANING_TASK""]",train
파주 문산선유3단지 아파트 미화원 모집합니다.,"[""CLEANING_TASK""]",train
김포 장기초등학교 미화원 구인,"[""CLEANING_TASK""]",train
택시운전기사 모집(군포 안양 의왕 과천 일원),"[""DRIVING""]",train
은평뉴타운구파발 9-2단지 삼성래미안 내부미화원 모집,"[""CLEANING_TASK""]",train
연수건영아파트 미화원 채용합니다.,"[""CLEANING_TASK""]",train
[화성시 새솔동] 아파트 외곽/내부 미화원 구인(복지카드 소지자 우대),"[""CLEANING_TASK""]",train
[금호동/서울숲푸르지오/ ★(일)요일 포함 주5일 근무] 외곽 미화원 채용,"[""CLEANING_TASK""]",train
[유성구청채용대행] 대전 대덕테크노밸리5단지 아파트 미화원 채용합니다.(장애인복지카드 소지자 우대),"[""CLEANING_TASK""]",train
용인 솔뫼마을 현대홈타운 아파트 미화원 채용합니다.(장애인등록증 또는 장애인복지카드 소지자 우대),"[""CLEANING_TASK""]",train
"한국석유관리원 업무지원직(미화) 채용공고(취업지원대상자 모집, 일반 모집)","[""CLEANING_TASK""]",train
아파트  외곽 청소원 모집,"[""CLEANING_TASK""]",train
통합돌봄서비스 담당자 모집,"[""CARE_TASK""]",train
[죽전역 앞] 주상복합 청소원 구인공고,"[""CLEANING_TASK""]",train
운전원 모집,"[""DRIVING""]",train
시설관리인 채용 공고,"[""FACILITY_MAINTENANCE""]",train
[급구]천호동 아파트 외곽청소원 채용,"[""CLEANING_TASK""]",train
도래울파크뷰 아파트 외곽 청소원 모집(복지카드 우대),"[""CLEANING_TASK""]",train
하림그룹 (주)한강식품 지게차 운전원(출고지게차)모집 (지게차면허 필수),"[""DRIVING""]",train
[개포동] 은행 미화원 구인,"[""CLEANING_TASK""]",train
노인맞춤돌봄서비스 생활지원사 모집 1명,"[""CARE_TASK""]",train
[주5일/월196만] 파주 추모공원 미화원 채용,"[""CLEANING_TASK""]",train
삼송 아파트 청소원 모집,"[""CLEANING_TASK""]",train
힐스테이트 리버시티1단지 아파트 내부 미화반장님 구인합니다.,"[""CLEANING_TASK""]",train
송파시그니처 롯데캐슬 아파트 미화원 채용합니다.(장애인등록증 또는 장애인 복지카드 소지자 우대),"[""CLEANING_TASK""]",train
힐스테이트뉴포레 아파트 미화원 모집,"[""CLEANING_TASK""]",train
강화2차 세광 엔리치빌 아파트 미화원 구인 (복지카드 우대),"[""CLEANING_TASK""]",train
효성노인건강센터 요양보호사 모집공고,"[""CARE_TASK""]",train
옥수 어울림 더리버 아파트 미화원 구인,"[""CLEANING_TASK""]",train
에덴재가복지센터 요양보호사 구인(성수면),"[""CARE_TASK""]",train
전산자료 입력 및 경리 사무원,"[""OFFICE_TASK""]",train
[남경센터] 선릉역 인근 남경센터빌딩 미화원 모집,"[""CLEANING_TASK""]",train
삼성전자 용인기흥/화성 캠퍼스 사내 CCR 야간관재기사 구인,"[""NIGHT_SHIFT""]",train
중동 요양보호사님 모십니다.,"[""CARE_TASK""]",train
[위례] 아파트 실내미화원 모집-위례호반써밋송파2차 아파트,"[""CLEANING_TASK""]",train
송산에이치이(육아휴직대체인원) 덤프운전원 모집합니다.,"[""DRIVING""]",train
아파트 외곽  및 탑승식 청소차 운행 미화원 채용,"[""CLEANING_TASK""]",train
시흥시 배곧헤리움 어반크로스1차 오피스텔 미화원 구인,"[""CLEANING_TASK""]",train
단계은행아파트 실내 미화원 채용,"[""CLEANING_TASK""]",train
아파트 미화원채용,"[""CLEANING_TASK""]",train
"[ 잠원역, 메이플플라자] 미화원 모집","[""CLEANING_TASK""]",train
"[삼성전자 디지털시티] 건물(사무실,실험실 등) 미화원 모집(복지카드 우대)_오전, 오후 근무자","[""CLEANING_TASK""]",train
[삼평동] 건물 미화원 구인,"[""CLEANING_TASK""]",train
제주 한화생명빌딩 미화원 채용,"[""CLEANING_TASK""]",train
[개금동]노인요양시설 요양보호사 구인,"[""CARE_TASK""]",train
미화원 모집(밀레니엄빌딩),"[""CLEANING_TASK""]",train
구성해피트리 아파트 외곽미화원 구인 (복지카드 우대),"[""CLEANING_TASK""]",train
한국예술종합학교 공무직 근로자(미화주임) 채용,"[""CLEANING_TASK""]",train
광명역 파크자이 아파트 외곽미화원모집(복지카드 소지자 우대),"[""CLEANING_TASK""]",train
[파주금촌대방노블랜드2차] 아파트 청소,"[""CLEANING_TASK""]",train
분당 서현역 인근 입주요양보호사 모집(독거),"[""CARE_TASK""]",train
경기 의왕시 학의동 모델하우스 미화원 모집,"[""CLEANING_TASK""]",train
안성 쿠팡5센터 미화원 모집,"[""CLEANING_TASK""]",train
[배곧 한라비발디3차] 외곽 청소원 모집합니다,"[""CLEANING_TASK""]",train
[ 별내면 ] 청학주공5단지아파트 미화원 구인,"[""CLEANING_TASK""]",train
LG헬로비전 AS접수 인바운드 평일야간 상담사 모집(월~금 18:00~2200),"[""NIGHT_SHIFT""]",train
엑스코 미화원 모집,"[""CLEANING_TASK""]",train
(동아운수) 우이동 차고지 야간주차유도원 모집,"[""NIGHT_SHIFT""]",train
문산읍 한양수자인리버팰리스아파트 미화원 구함,"[""CLEANING_TASK""]",train
[인천/연수] 건물 미화원 모집,"[""CLEANING_TASK""]",train
래미안 영통마크원 1단지 외곽아파트 미화원모집,"[""CLEANING_TASK""]",train
[나나성형외과] 신논현역 인근 *미화원* 모집,"[""CLEANING_TASK""]",train
입주재가요양보호사 구인,"[""CARE_TASK""]",train
"버스, 택시정류소 광고시설물 관리직원 모집(주5일 주/야간근무)","[""NIGHT_SHIFT""]",train
서초동 오피스텔(강남효성해링턴타워) 미화원 모집,"[""CLEANING_TASK""]",train
*강남더샵라르고(오피스텔)_외곽청소원 모집,"[""CLEANING_TASK""]",train
요양보호사 채용공고 (상시) - 식사 제공,"[""CARE_TASK""]",train
대화동 일산더샵그라비스타 아파트 외곽 청소원 모집,"[""CLEANING_TASK""]",train
1호선 관악역 석수e편한세상 아파트 미화원 구인,"[""CLEANING_TASK""]",train
2026년도 제1회 직원 공개채용 공고(일반7급_ 운전),"[""DRIVING""]",train
과천푸르지오써밋아파트 미화원 구인,"[""CLEANING_TASK""]",train
가재 우림필유 아파트 외곽 미화원 채용합니다.,"[""CLEANING_TASK""]",train
[행신동] 소만마을8단지 아파트 청소원 모집,"[""CLEANING_TASK""]",train
"[장지역- 가든파이브] 쇼핑몰 조출A조,후출A조  청소원 모집","[""CLEANING_TASK""]",train
원광효도복지센터 2025년 노인맞춤돌봄서비스사업 수행인력(생활지원사) 채용 공고,"[""CARE_TASK""]",train
양평 현대 2차 아파트 미화원 채용합니다.,"[""CLEANING_TASK""]",train
송산효도마을(노인전문요양원) 시설 관리인 채용공고,"[""FACILITY_MAINTENANCE""]",train
단구신성미소지움아파트 미화원 채용 (복지카드 소지자 우대),"[""CLEANING_TASK""]",train
요양보호사 구인,"[""CARE_TASK""]",train
환경미화원채용,"[""CLEANING_TASK""]",train
시흥 목감레이크 푸르지오아파트 외곽 미화원 채용합니다.(장애인등록증 또는 장애인복지카드 소지자 우대),"[""CLEANING_TASK""]",train
[예당마을 우미린 제일풍경채]아파트 미화원 구인,"[""CLEANING_TASK""]",train
동구재가노인돌봄센터 치매전담 주야간보호 요양보호사 채용,"[""CARE_TASK"", ""NIGHT_SHIFT""]",train
뉴코아아울렛 부천점 미화원 모집(오전),"[""CLEANING_TASK""]",train
재가복지시설 운전원 채용(주간보호) // 긴급//,"[""DRIVING""]",train
* 창동 태영 데시앙아파트/ 미화원 구인/근무예정자 있음 24.12.2,"[""CLEANING_TASK""]",train
[여의도동]외교빌딩 주차관리/시설관리 채용,"[""FACILITY_MAINTENANCE""]",train
[남양유업] 물류팀 사무보조 모집,"[""OFFICE_TASK""]",train
아파트 지하주차장 보행기 운행 - 대치 아이파크 아파트,"[""WALKING""]",train
*[하남]아파트청소원(실내)모집-미사강변파밀리에(미사15단지),"[""CLEANING_TASK""]",train
"성남중앙병원 총무팀 사무보조(일러스트, 포토샵 능숙자)채용 합니다.","[""OFFICE_TASK""]",train
(인천/중구 항동) 냉동창고 상하차원 모집,"[""LIFTING""]",train
일산자이2차 아파트 미화원 채용,"[""CLEANING_TASK""]",train
고려산업(주) 창녕공장 지게차 운전 직원 모집,"[""DRIVING""]",train
청소전문요원 모집,"[""CLEANING_TASK""]",train
은평구 연은초등학교 시설관리원 구인,"[""FACILITY_MAINTENANCE""]",train
하남 감일파크 센트레빌 아파트 외곽 미화원 채용합니다.(장애인등록증 또는 장애인복지카드 소지자 우대),"[""CLEANING_TASK""]",train
아파트 미화원 구인(구월동),"[""CLEANING_TASK""]",train
미화원 모집 (파트타임),"[""CLEANING_TASK""]",train
건국대학교 해오름학사 미화원 채용공고,"[""CLEANING_TASK""]",train
성남 수진동 삼부아파트 미화원 모집,"[""CLEANING_TASK""]",train
신정마을 성지아파트 외곽미화원 채용,"[""CLEANING_TASK""]",train
압구정 현대8차아파트 미화원 모집,"[""CLEANING_TASK""]",train
힐스테이트(녹번역)아파트 미화원 모집,"[""CLEANING_TASK""]",train
호매실 경남아너스빌아파트 미화원/외곽미화원 채용,"[""CLEANING_TASK""]",train
정릉우성아파트 내부 미화원 구인.(장애인등록증  또는 장애인복지카드 소지자 우대),"[""CLEANING_TASK""]",train
[백석동] 오피스텔 미화원 구인,"[""CLEANING_TASK""]",train
[육군 제25보병사단] 8567부대 공무직근로자(청소관리원) 채용공고,"[""CLEANING_TASK""]",train
"단순청소용역(노인일자리사업,만60세이상)","[""CLEANING_TASK""]",train
아파트 외곽 미화원,"[""CLEANING_TASK""]",train
가야역롯데캐슬스카이엘아파트 미화원,"[""CLEANING_TASK""]",train
우장산 롯데캐슬아파트 내부미화원 채용합니다.(장애인등록증 또는 장애인복지카드 소지자 우대),"[""CLEANING_TASK""]",train
주안 아인여성병원 산후조리원 미화원 모집,"[""CLEANING_TASK""]",train
별내아이파크 외곽청소원구인,"[""CLEANING_TASK""]",train
[긴급] 송정동데이케어센터 직원 채용 공고(요양보호사),"[""CARE_TASK""]",train
"이동목욕 차량 운전,관리 및 사회서비스 배달 운전원 모집","[""DRIVING""]",train
[신내역 프라디움더테라스 상가.오피스텔] 미화원 모집,"[""CLEANING_TASK""]",train
기업체 영선(영선 및 청소)  사원 모집,"[""CLEANING_TASK""]",train
동안구 _다나와 빌딩 미화원 채용건,"[""CLEANING_TASK""]",train
다산반도유보라메이플타운 아파트 실내미화원을 모집합니다,"[""CLEANING_TASK""]",train
김포 양촌 자연앤데시앙아파트 외곽 미화원 구인,"[""CLEANING_TASK""]",train
강북구 번동 솔그린 아파트 미화원 모집,"[""CLEANING_TASK""]",train
용현동아파트 내부미화원 모집,"[""CLEANING_TASK""]",train
일산 문촌마을11단지아파트 내부 미화원 1명 채용합니다.(장애인등록증 또는 장애인복지카드 소지자 우대),"[""CLEANING_TASK""]",train
수원시 신나무실주공5단지 아파트 미화원 모집,"[""CLEANING_TASK""]",train
비단마을 베스트타운 아파트  미화원 모집,"[""CLEANING_TASK""]",train
(주)코엔서비스 여수사업소 미화직(청소_경노무원) 채용,"[""CLEANING_TASK""]",train
신정마을 성지아파트 실내미화원 채용,"[""CLEANING_TASK""]",train
[하남은행아파트] 청소원 모집,"[""CLEANING_TASK""]",train
[진모루현대아파트] 실내 미화원 구인,"[""CLEANING_TASK""]",train
[효성동]신한 아파트 미화원 모집,"[""CLEANING_TASK""]",train
건설현장 미화원 모집 (금성백조 청양현장),"[""CLEANING_TASK""]",train
대형버스(45인승) 운전직 정직원 모집,"[""DRIVING""]",train
[긴급]2024년 종로노인종합복지관 육아휴직 대체인력 운전기사(1명) 채용 재공고*공고문과 입사지원양식 첨부,"[""DRIVING""]",train
[인천/송도] 회사 사옥 미화원 모집,"[""CLEANING_TASK""]",train
상도1차 갑을명가 아파트 미화원 모집 (동작구),"[""CLEANING_TASK""]",train
[2024년 김포시 채용박람회 참여 업체] 맞춤형 버스 운전원 모집,"[""DRIVING""]",train
다은마을 월드메르디앙 아파트 내부 미화원 구인,"[""CLEANING_TASK""]",train
부개동 성일아파트 미화원 구인,"[""CLEANING_TASK""]",train
성남상대원2차 미화원 구인,"[""CLEANING_TASK""]",train
(주)드림누리 주간 청소미화 매니저 채용공고,"[""CLEANING_TASK""]",train
사무보조 신입 구인,"[""OFFICE_TASK""]",train
일산현대요양병원 미화반장님 모집합니다.,"[""CLEANING_TASK""]",train
평택 고덕 호반써밋3차 외곽미화원 구인,"[""CLEANING_TASK""]",train
[경기평택 용이2차 푸르지오]아파트 내부 미화원 채용,"[""CLEANING_TASK""]",train
국립공주대학교 천안캠퍼스 미화원(기간제근로자) 채용 공고,"[""CLEANING_TASK""]",train
상인요양병원에서 야간당직 대기자를 모집합니다,"[""NIGHT_SHIFT""]",train
면접완료/ 남태령역 인근 군 아파트(한울아파트) 외곽 미화원 모집(급구),"[""CLEANING_TASK""]",train
[동패동] 초롱꽃마을 5단지 아파트 내부 미화원 채용,"[""CLEANING_TASK""]",train
미화원 채용(도담중학교),"[""CLEANING_TASK""]",train
[방화동] 아파트 실내 미화원 채용,"[""CLEANING_TASK""]",train
공장 내부 청소 및 단순노무 작업원채용,"[""CLEANING_TASK""]",train
세종특별자치시 1권역 노인맞춤돌봄서비스 수행인력(전담사회복지사) 공개채용,"[""CARE_TASK""]",train
(주)크레셈 송도사옥 미화근무자 모집,"[""CLEANING_TASK""]",train
[교하7단지] 월드메르디앙 실내 미화원 모집,"[""CLEANING_TASK""]",train
새터마을 죽전힐스테이트 아파트 외곽 미화원,"[""CLEANING_TASK""]",train
치매교육이수자 요양보호사 채용,"[""CARE_TASK""]",train
[아산시외버스터미널] 환경미화팀(청소원) 구인 - 주말근무가능자,"[""CLEANING_TASK""]",train
하남시 미사강변사랑으로부영 아파트 외곽 미화원 구인,"[""CLEANING_TASK""]",train
[장애인/보훈대상자 우대] 두산건설 공사 현장 청소원 채용(부천 소사구),"[""CLEANING_TASK""]",train
"성실하게 근무하실 요양보호사 모집합니다. 방문요양, 방문목욕","[""CARE_TASK""]",train
카카오택시 운전기사님을 모집합니다!^^,"[""DRIVING""]",train
[초롱꽃마을 7단지]파밀리에아파트 외곽 미화원 모집,"[""CLEANING_TASK""]",train
미화원 모집 (위생시설청소),"[""CLEANING_TASK""]",train
아파트 내부미화원 채용(송도),"[""CLEANING_TASK""]",train
[고양시 덕양구] 소만마을4단지 부영 아파트 내부 미화원 구인(신주x),"[""CLEANING_TASK""]",train
[다산동] 다산 자이아이비플레이스 아파트 실내 미화원 구인,"[""CLEANING_TASK""]",train
[중계동] 중계그린 아파트 내부 미화원 구인 (복지카드 소지자 우대),"[""CLEANING_TASK""]",train
"이천현대성우3,4단지 실내미화원을 모집합니다.","[""CLEANING_TASK""]",train
[청계동] 아파트 외곽 미화원 모집,"[""CLEANING_TASK""]",train
호반써밋판교밸리 미화원 채용,"[""CLEANING_TASK""]",train
현장 사무실 청소원,"[""CLEANING_TASK""]",train
"파주 문산선유단지 공장 (복도,화장실,사무실 등) 단시간 미화직원 채용","[""CLEANING_TASK""]",train
활동지원 사무행정보조 채용공고,"[""OFFICE_TASK""]",train
다온마을 쌍용 스윗닷홈 아파트 내부미화원 구인 (복지카드 우대),"[""CLEANING_TASK""]",train
서울 광진구 자양로 홍보관 미화원 모집,"[""CLEANING_TASK""]",train
원주시가족센터 직원 (아이돌봄 전담인력) 채용,"[""CARE_TASK""]",train
특별교통수단(장애인콜택시) 운전원 채용,"[""DRIVING""]",train
미화원 구함,"[""CLEANING_TASK""]",train
거제 더샵블루시티아파트 미화원 채용(장애인등록증 또는 장애인복지카드 소지자 우대),"[""CLEANING_TASK""]",train
북수원자이 렉스비아 아파트 청소원 모집.,"[""CLEANING_TASK""]",train
[세계빌딩] 강남역 도보1분 건물 *미화원* (1명),"[""CLEANING_TASK"", ""WALKING""]",train
★★ 서면아이파크  미화원  채용 ★★,"[""CLEANING_TASK""]",train
부개뉴서울아파트 미화(외곽) 모집,"[""CLEANING_TASK""]",train
[원흥동]  삼송마을 미화원 모집,"[""CLEANING_TASK""]",train
아파트 내부 청소원 구인,"[""CLEANING_TASK""]",train
[ 팔달구 매교동 ] 힐스테이트푸르지오수원 내부 미화원 모집(복지카드 소지자 우대),"[""CLEANING_TASK""]",train
한가람 삼성아파트 미화원 모집,"[""CLEANING_TASK""]",train
[배곧 한라비발디3차] 외곽 미화원 구인,"[""CLEANING_TASK""]",train
원주기업도시 호반베르디움2차아파트 미화원 채용,"[""CLEANING_TASK""]",train
충남 홍성군 홍성읍 신경리 모델하우스 미화원 모집,"[""CLEANING_TASK""]",train
해운대 대림1차 아파트 외곽 미화원 채용합니다.,"[""CLEANING_TASK""]",train
[동천동] 수진마을 써니밸리 아파트 외곽 미화원 모집,"[""CLEANING_TASK""]",train
우장산 롯데캐슬아파트 내부/외곽 미화원 채용합니다.(장애인등록증 또는 장애인복지카드 소지자 우대),"[""CLEANING_TASK""]",train
과천자이아파트 실내 미화원 구인,"[""CLEANING_TASK""]",train
망포동 힐스테이트아파트 미화원 모집,"[""CLEANING_TASK""]",train
[주5일/통근버스운행] 풀무원 제일 생면 공장 환경미화(외부) 사원 모집,"[""CLEANING_TASK""]",train
포레나북수원 아파트 외곽청소원 모집.,"[""CLEANING_TASK""]",train
신안실크밸리스카이시티 아파트 실내 미화원 모집,"[""CLEANING_TASK""]",train
신보운영관리(주) 신용보증기금 본점 시설관리직(교대기사) 계약직 채용,"[""FACILITY_MAINTENANCE""]",train
"[장애인만채용][삼구아이앤씨] 삼성스토어 통영점 청소, 미화원 모집","[""CLEANING_TASK""]",train
대구 수성구 성당 미화사원 모집(수성구 황금동 소재),"[""CLEANING_TASK""]",train
(제7021부대) 청소관리원 공무직근로자 모집,"[""CLEANING_TASK""]",train
경주시시설관리공단 기간제 근로자 채용 공고(제2024-2호),"[""FACILITY_MAINTENANCE""]",train
아파트 미화원 급구,"[""CLEANING_TASK""]",train
안양 한가람세경 아파트 미화원 채용합니다.,"[""CLEANING_TASK""]",train
오피스텔 시설 관리 소장(영선원)님을 모십니다.,"[""FACILITY_MAINTENANCE""]",train
광교파크자이더테라스 아파트청소 미화원 구인,"[""CLEANING_TASK""]",train
진접서희스타힐스 아파트 청소원 채용,"[""CLEANING_TASK""]",train
"[삼성전자 ] 건물(사무실,실험실 등) 미화 관리자 모집","[""CLEANING_TASK""]",train
동편마을 2단지 아파트 미화원 모집 (안양시 동안구),"[""CLEANING_TASK""]",train
[(주)인터아이코리아] 남부터미널역 인근 건물미화원 (1명),"[""CLEANING_TASK""]",train
도내동 원흥도래울마을2단지 미화원 모집,"[""CLEANING_TASK""]",train
신안1단지아파트 청소 미화원채용 (복지카드 소지자 우대),"[""CLEANING_TASK""]",train
부산 기장군 기장읍 모델하우스 미화원 모집,"[""CLEANING_TASK""]",train
[동패동] 한울마을 3단지 실내 청소미화원 모집,"[""CLEANING_TASK""]",train
시화 삼환나우빌 미화원 구인,"[""CLEANING_TASK""]",train
반달마을두산위브2단지 아파트 미화원 구인(복지카드 우대),"[""CLEANING_TASK""]",train
동두천시장애인생활이동지원센터 운전원 모집,"[""DRIVING""]",train
한국소비자원 2024년 제2차 공무직(운전원) 채용공고,"[""DRIVING""]",train
의왕 아파트 청소원 모집,"[""CLEANING_TASK""]",train
[분당]신성이엔지 미화원 급구,"[""CLEANING_TASK""]",train
[책향기마을14단지] 미화원 모집,"[""CLEANING_TASK""]",train
한국환경공단 충청권환경본부 환경시설관리처 기간제근로자(촉탁다급) 재공고,"[""FACILITY_MAINTENANCE""]",train
[주25시간/기간제] 업사이클링 디자인 스튜디오 사무보조 인턴 채용,"[""OFFICE_TASK""]",train
[중산동] 하늘마을2단지아파트 외곽 미화원 구인,"[""CLEANING_TASK""]",train
아난티오시리아 제1지점 시설관리 직원 모집,"[""FACILITY_MAINTENANCE""]",train
풍무동 꿈에그린 더포레듀4단지내부 미화원 모집합니다.,"[""CLEANING_TASK""]",train
강일리버파크7단지A 내부 미화원 모집,"[""CLEANING_TASK""]",train
공장 야간 경비원 채용,"[""NIGHT_SHIFT""]",train
암롤/집게차 운전기사 정규직 채용,"[""DRIVING""]",train
[효성동] 신한 아파트 미화원 모집,"[""CLEANING_TASK""]",train
[문산읍] 문산선유 두산위브아파트 내부 미화원 구인,"[""CLEANING_TASK""]",train
[배곧 한라비발디3차] 내부 미화원. 팀장 모집합니다,"[""CLEANING_TASK""]",train
[인천 남동구 서창동] 한빛초등학교 미화근무자 구인(복지카드 소지자 우대),"[""CLEANING_TASK""]",train
힐스테이트 리버시티1단지 아파트 커뮤니트 미화원 구인합니다.,"[""CLEANING_TASK""]",train
대연동 요양보호사님 모십니다.,"[""CARE_TASK""]",train
영통포레파크원 아파트 미화원 모집,"[""CLEANING_TASK""]",train
은평뉴타운 상림마을 6단지 외곽미화원 모집,"[""CLEANING_TASK""]",train
기흥구 청덕동 물푸레9단지아파트 실내미화원 구인,"[""CLEANING_TASK""]",train
반도유보라아이비파크 1단지 아파트 외곽 미화원 구인(복지카드소지자 우대),"[""CLEANING_TASK""]",train
[급구/강북 래미안 (미아동) 아파트 미화원 구인],"[""CLEANING_TASK""]",train
NIC지식산업센타 미화원 채용,"[""CLEANING_TASK""]",train
[월계센트럴아이파크 커뮤니티센터 미화원 채용],"[""CLEANING_TASK""]",train
아파트청소원 채용(수유동),"[""CLEANING_TASK""]",train
[삼성스토어 평택점] 미화 근무자 (1명) 모집,"[""CLEANING_TASK""]",train
[위례롯데캐슬 아파트] 내부 미화원 채용,"[""CLEANING_TASK""]",train
[제주/주간/주3일] 물류센터 미화원 채용(월38만원),"[""CLEANING_TASK""]",train
과천 푸르지오써밋 미화원 모집,"[""CLEANING_TASK""]",train
디엠씨 아트포레자이 내부1명 외곽 1명 구인(청소차 가능자) 미화원,"[""CLEANING_TASK""]",train
안양 한가람세경 아파트 미화원 채용합니다.(장애인등록증 또는 장애인복지카드 소지자 우대),"[""CLEANING_TASK""]",train
평촌래미안푸르지오아파트 외곽 미화원  모집,"[""CLEANING_TASK""]",train
한가람세경 아파트 미화원 채용합니다.,"[""CLEANING_TASK""]",train
가온마을8단지 아파트 실내미화원을 모집합니다,"[""CLEANING_TASK""]",train
북구 엑스코 미화원 모집,"[""CLEANING_TASK""]",train
[7/9(화) 마장면 소규모채용행사] 롯데아울렛 이천점 미화사원 채용,"[""CLEANING_TASK""]",train
식사동 위시티 일산자이1단지 사우나 청소원 모집,"[""CLEANING_TASK""]",train
특별교통이동지원차량운전원(장애인콜택시),"[""DRIVING""]",train
갈산대동2차 아파트 미화원 (복지카드우대),"[""CLEANING_TASK""]",train
강남 도곡도서관 미화원 모집,"[""CLEANING_TASK""]",train
마곡 르웨스트 생활숙박시설 시설관리 현장소장(소방안전관리자 1급 이상) 채용,"[""FACILITY_MAINTENANCE""]",train
(주)코엔서비스 영동사업소 미화직(청소) 채용,"[""CLEANING_TASK""]",train
[주5일/월196만] 서현추모공원 미화원 모집,"[""CLEANING_TASK""]",train
김포한강 LH솔터마을3단지 아파트 미화반장 채용,"[""CLEANING_TASK""]",train
아파트 미화원 모집 - 성동구 성수동1가 성수현대아파트,"[""CLEANING_TASK""]",train
파주 서패동 대교 트라움벨트 미화원 채용,"[""CLEANING_TASK""]",train
[용인시/죽전동] 아파트 미화원 모집,"[""CLEANING_TASK""]",train
부천 상동 써미트빌 청소 실내/외곽 미화원 채용(복지카드소지자 우대),"[""CLEANING_TASK""]",train
[정자동] 아주다남병원 미화원 채용,"[""CLEANING_TASK""]",train
[일룸/대구]  일룸직영매장 대구점 주6일 미화직 채용,"[""CLEANING_TASK""]",train
구리시 교문동 덕현 아파트 - 미화원 모집,"[""CLEANING_TASK""]",train
상동효성센트럴타운  외곽미화원 구인 (복지카드 우대),"[""CLEANING_TASK""]",train
[병점동] 안화동마을 7단지 미화원 구인,"[""CLEANING_TASK""]",train
아파트 청소원 모집,"[""CLEANING_TASK""]",train
[장애인/보훈대상자만 지원 가능] 보타닉하우스 현장 사무실 청소 직원 채용,"[""CLEANING_TASK""]",train
<청학동> 한일유앤아이 아파트 미화원 구인,"[""CLEANING_TASK""]",train
서초 푸르지오 아파트 남자사우나 청소 모집-이력서 문자 접수,"[""CLEANING_TASK""]",train
병점역 양우내안애 아파트 미화원 모집,"[""CLEANING_TASK""]",train
인천원예농협 구월아시아드지점 및 구월퍼스트지점  미화원,"[""CLEANING_TASK""]",train
광명신촌휴먼시아2단지 아파트 청소 미화원 채용(복지카드소지자우대),"[""CLEANING_TASK""]",train
재가 방문 요양보호사 채용,"[""CARE_TASK""]",train
[동천동] 수진마을 써니밸리 아파트 미화원 모집,"[""CLEANING_TASK""]",train
신흥청구아파트 미화원 채용(복지카드 우대),"[""CLEANING_TASK""]",train
반여동 요양보호사 모십니다,"[""CARE_TASK""]",train
이천라온프라이빗 아파트 청소원 모집,"[""CLEANING_TASK""]",train
수원하늘채더퍼스트2단지 실내동 미화원 구인,"[""CLEANING_TASK""]",train
경기 여주시 교동 모델하우스 미화원 모집,"[""CLEANING_TASK""]",train
광주시 양벌리 양벌리우림 외곽관리원(미화) 구인,"[""CLEANING_TASK""]",train
육군 제50보병사단 공무직근로자 (시설관리원) 모집,"[""FACILITY_MAINTENANCE""]",train
반월공단 회사 현장 및 외곽 청소원(영선) 모집,"[""CLEANING_TASK""]",train
[초롱꽃마을 7단지]파밀리에아파트 외곽 미화 구함,"[""CLEANING_TASK""]",train
청소관리원 채용,"[""CLEANING_TASK""]",train
상가.오피스텔 미화원 구인,"[""CLEANING_TASK""]",train
"[압구정역 3번출구 도보 1분] 이소니프라자 시설기사 모집( 격일제, 월급 230만원)","[""WALKING""]",train
[서대신동2가] 대신해모로센트럴 아파트 미화원  채용,"[""CLEANING_TASK""]",train
[동탄 장지동] 동탄호수자이 아파트 실내 미화원 모집,"[""CLEANING_TASK""]",train
송산에이치이 덤프트럭 운전원 모집합니다.,"[""DRIVING""]",train
부산 한성빌딩 미화원 채용합니다.(내부청소),"[""CLEANING_TASK""]",train
[망포동 엘지 자이2차] 아파트(실내) 미화원 채용합니다.,"[""CLEANING_TASK""]",train
[가락동] 은행 미화원 구인,"[""CLEANING_TASK""]",train
(강북구 수유동 국립재활원 인근) 요양보호사 모집,"[""CARE_TASK""]",train
미화원 채용 (센텀시티프라자),"[""CLEANING_TASK""]",train
다산한양수자인리버팰리스아파트 미화원 / 복지카드 소지자 우대 (급구),"[""CLEANING_TASK""]",train
[평내동] 평내메트로원e편한세상 미화원 모집(복지카드소지자 우대),"[""CLEANING_TASK""]",train
구월아시아드 내부 청소원 모집,"[""CLEANING_TASK""]",train
미화원 채용(나래메트로시티),"[""CLEANING_TASK""]",train
"[압구정역 3번출구 도보 1분] 이소니프라자 미화원 모집( 주6일, 월급 159만원)","[""CLEANING_TASK"", ""WALKING""]",train
[장애인/보훈대상자 우대] 두산건설 동해안신가평T/L 공사 현장 청소원 채용,"[""CLEANING_TASK""]",train
목욕재가요양보호사 모집,"[""CARE_TASK""]",train
동탄2 신안인스빌리베라 아파트 외곽미화원 모집(복지카드소지자 우대),"[""CLEANING_TASK""]",train
[보광동] 한국폴리텍대학교 미화원 모집,"[""CLEANING_TASK""]",train
[사회적협동조합 청해복지원]  요양보호사/장애인활동지원사 구인,"[""CARE_TASK""]",train
[망포동] 영통SK VIEW 아파트 분리수거 및 외곽 미화반장 모집,"[""CLEANING_TASK""]",train
과천 린파밀리에 외곽 미화원 구인,"[""CLEANING_TASK""]",train
파인빌딩 건물 청소.미화원 모집/주5일제,"[""CLEANING_TASK""]",train
행당 한진타운 아파트 내부미화원 채용합니다. (장애인등록증 또는 장애인복지카드 소지자 우대),"[""CLEANING_TASK""]",train
서울 용산구 현장 사무보조 모집,"[""OFFICE_TASK""]",train
[화정동] 옥빛마을13단지 아파트 미화원 모집,"[""CLEANING_TASK""]",train
[신촌숲아이파크] 아파트 미화원구인,"[""CLEANING_TASK""]",train
제9회 전국동시지방선거 천안시서북구선거관리위원회 선거사무보조원 모집,"[""OFFICE_TASK""]",train
마곡금호어울림아파트 내부 청소원 채용.(장애인복지카드 우대),"[""CLEANING_TASK""]",train
그랜드호텔 미화(청소) 직원 모집,"[""CLEANING_TASK""]",train
다은마을 월드메르디앙 아파트 미화원 구인,"[""CLEANING_TASK""]",train
"평택 삼성반도체 P1 스막,라인청소 미화원 채용 "" 07/31일(금)13시 서정동행정복지센터 상설면접 채용행사  ""","[""CLEANING_TASK""]",train
(재)경주화백컨벤션뷰로 2026년 직원 공개채용(2차)재공고 - 시설관리(소방),"[""FACILITY_MAINTENANCE""]",train
[동래구 온천동] 두비앙에코힐 아파트 미화원 채용,"[""CLEANING_TASK""]",train
목동센트럴아이파크위브 아파트 미화원,"[""CLEANING_TASK""]",train
[미래에셋주안사옥] 미화사원 모집,"[""CLEANING_TASK""]",train
제주원광재가노인복지센터 주야간보호 조리사 모집,"[""NIGHT_SHIFT""]",train
2024년 노원구어르신돌봄지원센터 제1회 행정담당 생활지원사 채용 공고,"[""CARE_TASK""]",train
해병대 제2사단 청소근로자 결원 채용,"[""CLEANING_TASK""]",train
중문골프클럽  안내 및 미화분야 정규직 채용,"[""CLEANING_TASK""]",train
*이천시)아파트 청소원(실내)모집-증포대원칸타빌2차,"[""CLEANING_TASK""]",train
강일리버파크4단지아파트 내부 청소원 모집,"[""CLEANING_TASK""]",train
[기흥구 보정동] 솔뫼마을 현대홈타운 아파트 실내 미화원(주5일) 채용,"[""CLEANING_TASK""]",train
[미화원급구] 무원마을6단지아파트 미화원(외곽청소) 복지카드소지자우대 모집,"[""CLEANING_TASK""]",train
서현 효자촌 요양보호사 구인,"[""CARE_TASK""]",train
광교호수아델리움 내부 미화원 채용합니다.(장애인등록증 또는 장애인복지카드 소지자 우대),"[""CLEANING_TASK""]",train
[마감](상일동)고덕자이아파트 외곽청소원 모집,"[""CLEANING_TASK""]",train
시흥 목감한신더휴센트럴파크 아파트 청소원,"[""CLEANING_TASK""]",train
아파트 미화원 채용(송도 랜드마크시티센트럴더샵아파트),"[""CLEANING_TASK""]",train
[경기 이천] 치킨대학 청소원 모집,"[""CLEANING_TASK""]",train
동탄 푸른마을더？아파트 외곽 청소원,"[""CLEANING_TASK""]",train
국립국제교육원 기간제근로자(시설관리원_전기) 채용 공고,"[""FACILITY_MAINTENANCE""]",train
요양보호사를 모시겠습니다/본인 복지카드 소유자도 가능합니다.,"[""CARE_TASK""]",train
은평뉴타운구파발 9-1아파트 미화원 구함(복지카드 소지자 우대),"[""CLEANING_TASK""]",train
마송 소망마을 주공아파트 미화원(급구) 모집,"[""CLEANING_TASK""]",train
청소 직원구인,"[""CLEANING_TASK""]",train
횡성군장애인생활이동지원센터  운전원 채용공고,"[""DRIVING""]",train
[진접읍] 장현신우아파트 실내 미화원 구인,"[""CLEANING_TASK""]",train
광교복합체육센터 환경미화원 채용공고(여3),"[""CLEANING_TASK""]",train
목감 중흥S클래스레이크힐스아파트 미화원(외곽) 구인,"[""CLEANING_TASK""]",train
송산요진와이씨티 아파트 미화원 채용합니다.,"[""CLEANING_TASK""]",train
다산한강반도유보라메이플2.0 아파트 환경미화원 구인,"[""CLEANING_TASK""]",train
시설관리원 채용 공고,"[""FACILITY_MAINTENANCE""]",train
배곧 호반베르디움더프라임 아파트 외곽청소,"[""CLEANING_TASK""]",train
롯데아울렛 이천점 미화사원 채용,"[""CLEANING_TASK""]",train
2024년 목포시노인복지관 노인맞춤돌봄서비스사업 수행인력(생활지원사) 채용 <긴급>,"[""CARE_TASK""]",train
"[강남구청 구인기업초대의날 현장면접] 건물 청소원(공공기관, 아파트,사무실 등)(스팟팀 모집)","[""CLEANING_TASK""]",train
[고양시 덕양구] 아파트 내부 미화원 구인(복지카드 우대),"[""CLEANING_TASK""]",train
포항 장성현대 아파트 외곽 미화원 채용합니다.,"[""CLEANING_TASK""]",train
감이동] 더샵포웰시티아파트 미화원(외곽)구인,"[""CLEANING_TASK""]",train
★ 미화원 모집 _ 26년 구로구 중장년 채용박람회 구인,"[""CLEANING_TASK""]",train
케어링 주간보호 센터 부산 기장점 요양보호사 모집,"[""CARE_TASK""]",train
성모윌병원에서 미화직원을 모집합니다.,"[""CLEANING_TASK""]",train
[양주옥정]  아파트 미화원(내부)모집,"[""CLEANING_TASK""]",train
세종문화예술회관(조치원) 청소 위탁용역 미화원 1명 모집,"[""CLEANING_TASK""]",train
아파트 내부 미화원 채용(부평),"[""CLEANING_TASK""]",train
서울지역 은행 청소원 (주5일),"[""CLEANING_TASK""]",train
일산동 후곡마을9단지 아파트 미화원 모집,"[""CLEANING_TASK""]",train
힐스테이트원주레스티지아파트 미화원 채용,"[""CLEANING_TASK""]",train
청소원(실내)모집-파주금촌쇠재마을5단지  아파트,"[""CLEANING_TASK""]",train
풀무원 H&C경남TMS에서 함께일할 배송/납품 직원 구합니다.,"[""DRIVING""]",train
신정이펜하우스1단지아파트 미화원 채용 (복지카드 소지자우대),"[""CLEANING_TASK""]",train
안산 반월공단 회사 청소 미화원 구인,"[""CLEANING_TASK""]",train
방학초등학교 교실 청소원 채용,"[""CLEANING_TASK""]",train
[초량동]부산항 e편한세상 미화원 모집,"[""CLEANING_TASK""]",train
[성남시 고등동] 현대지식산업센터 미화팀장 모집,"[""CLEANING_TASK""]",train
아파트 내부 미화원 채용(송도마스터뷰),"[""CLEANING_TASK""]",train
한신더휴캐널파크 아파트 내부미화원,"[""CLEANING_TASK""]",train
강일리버파크9단지아파트 외곽 청소원 모집,"[""CLEANING_TASK""]",train
해병대 군수단 공무직 근로자&lt;시설관리&gt;채용 공고/주5일 8:30~17:30 /정년까지 근무가능/관련 자격증(기능사이상)소지자 또는 관련 경력3년이상,"[""FACILITY_MAINTENANCE""]",train
성남 탑마을 대우아파트 미화원 채용합니다. (장애인등록증 또는 장애인복지카드 소지자 우대),"[""CLEANING_TASK""]",train
세종 한뜰마을2단지 더샵센트럴시티 아파트 외곽 미화원 채용(장애인등록증 또는 장애인복지카드 소지자 우대),"[""CLEANING_TASK""]",train
[향동동] DMC호반베르디움더포레3단지 내부청소원 모집,"[""CLEANING_TASK""]",train
아파트공사현장 사무실 미화원 채용,"[""CLEANING_TASK""]",train
시화공단 MTV 회사 미화원 모집,"[""CLEANING_TASK""]",train
[이천] SK하이닉스 내 은행 미화원 구인,"[""CLEANING_TASK""]",train
[급구] 양산시 아파트 청소원 채용 (복지카드 우대),"[""CLEANING_TASK""]",train
고양지축 LH8단지 아파트 미화원 구인(복지카드 우대),"[""CLEANING_TASK""]",train
엘에이치호매실스타힐스(능실마을 21단지)아파트 외곽 청소미화원 채용(복지카드 소지자 우대),"[""CLEANING_TASK""]",train
강서경찰서 파출소 2곳에 근무할 미화원 모집,"[""CLEANING_TASK""]",train
사단법인 한국척수장애인협회 경기도협회 화성시지회 운전원 구함,"[""DRIVING""]",train
"[목동,부영그린타운3차] 아파트 미화원 모집(복지카드 소지자 우대합니다.)","[""CLEANING_TASK""]",train
향촌휴먼시아2단지 아파트 미화원 구인(복지카드 우대),"[""CLEANING_TASK""]",train
과천푸르지오써밋 아파트 실내미화원 모집,"[""CLEANING_TASK""]",train
야간경비대체반장님모집합니다.,"[""NIGHT_SHIFT""]",train
하남시 미사강변사랑으로부영 아파트 내부 미화원 구인,"[""CLEANING_TASK""]",train
아파트 내부미화원,"[""CLEANING_TASK""]",train
[오토허브] 용인시 인근 미화원 (2명) 모집,"[""CLEANING_TASK""]",train
배송직원  모집합니다,"[""DRIVING""]",train
아파트  미화원 모집(구월동),"[""CLEANING_TASK""]",train
한국복합물류 터미널 미화원(외곽청소 등) 구인,"[""CLEANING_TASK""]",train
문서작성 및 통번역 경력무관,"[""OFFICE_TASK""]",train
[수지 풍덕천동] 신정마을 현대성우아파트 외곽 미화원 채용 (장애인등록증 또는 장애인복지카드 소지자 우대),"[""CLEANING_TASK""]",train
목동6단지아파트 내부미화원 채용합니다.(장애인등록증 또는 장애인복지카드 소지자 우대),"[""CLEANING_TASK""]",train
충주 수안보 유원재 호텔 미화원 모집,"[""CLEANING_TASK""]",train
신축 오피스텔 미화원 모십니다,"[""CLEANING_TASK""]",train
과천자이아파트 미화원 구인,"[""CLEANING_TASK""]",train
[보호용 특수필름 제조업체] 제품납품 배송기사,"[""DRIVING""]",train
시흥장현포레미엘더파크 외곽 미화원 구인 (복지카드 우대),"[""CLEANING_TASK""]",train
[금촌동] 은행 미화원 구인,"[""CLEANING_TASK""]",train
영흥공원체육시설 관리사원 채용공고(여1-여자 화장실 및 샤워실 미화),"[""CLEANING_TASK"", ""FACILITY_MAINTENANCE""]",train
화서블루밍 아파트 미화원 구인,"[""CLEANING_TASK""]",train
목동현대하이페리온아파트 분리수거 미화원 모집(복지카드소지자 우대),"[""CLEANING_TASK""]",train
[뷰티플타워] 당산역 도보1분  건물청소 미화원 1명,"[""CLEANING_TASK"", ""WALKING""]",train
해동마을 신도브래뉴아파트 청소원 모집,"[""CLEANING_TASK""]",train
(급)아파트청소미화원 모집합니다,"[""CLEANING_TASK""]",train
[세계빌딩] 강남역 도보1분 건물 *평일반* 미화원 (1명),"[""CLEANING_TASK"", ""WALKING""]",train
경기광주 퇴촌 관음리 요양보호사 구인,"[""CARE_TASK""]",train
(긴급) 화성함백산추모공원 청소용역근로자 모집 04.16 ~ 04.24,"[""CLEANING_TASK""]",train
[남양주] 나눔병원  미화원 모집,"[""CLEANING_TASK""]",train
[강동미즈여성병원] 강동구 천호역 인근 미화원 모집,"[""CLEANING_TASK""]",train
경기광주 퇴촌면 천진암로 4등급 남자어르신 요양보호사 모집,"[""CARE_TASK""]",train
배송.납품 기사 모집 [울주군청 채용대행],"[""DRIVING""]",train
한전KPS(주)동탄사업소 일반미화 단기노무원 채용,"[""CLEANING_TASK""]",train
[토당동] 대림아파트 미화원 모집,"[""CLEANING_TASK""]",train
창동북한산아이파크 청소 미화원 구인(복지카드 소지자 우대),"[""CLEANING_TASK""]",train
헤이드 교통약자 휠체어 슬로프 차량 택시 운전기사 모집,"[""DRIVING""]",train
경북 포항시 남구 이동 모델하우스 미화원 모집,"[""CLEANING_TASK""]",train
[해병대군수단] 공무직 근로자 채용/시설관리원(기계) 1명★ 채용대행(포항시 일자리 종합센터) ★,"[""FACILITY_MAINTENANCE""]",train
시화유천아파트 미화원 모집,"[""CLEANING_TASK""]",train
[고양동] 윤창아파트 미화원 모집,"[""CLEANING_TASK""]",train
(은평구 녹번동) 한방병원 청소 미화원 모집 (주6일_9시-4시),"[""CLEANING_TASK""]",train
[가락동] 동부센트레빌아파트청소원 반장급 모집(복지카드우대),"[""CLEANING_TASK""]",train
[총신대입구(이수)역_이수힐스테이트 아파트] 휘트니스 미화원 채용,"[""CLEANING_TASK""]",train
[미사강변파밀리에(15단지)] 아파트 실내미화원모집,"[""CLEANING_TASK""]",train
아파트 미화원 구함-하남 감일 스윗시티12단지,"[""CLEANING_TASK""]",train
[뷰티플타워] 당산역 도보1분  건물관리원 2명 모집,"[""WALKING""]",train
하얀마을 주공5단지 미화원 구인,"[""CLEANING_TASK""]",train
[명지오션시티] 병원 미화원 모집,"[""CLEANING_TASK""]",train
태권도원 운영관리(주) 총무부 미화 기간제(4개월) 채용,"[""CLEANING_TASK""]",train
[시흥시 배곧동] 배곧써밋플레이스C2아파트 미화원 모집,"[""CLEANING_TASK""]",train
[수자원환경산업진흥(주) 2022-3호 신규채용] 환경부 공공기관 - 시설안전관리부(환경미화) (특수직),"[""CLEANING_TASK""]",train
[동행면접] 용현동 아파트미화원,"[""CLEANING_TASK""]",train
이화정동빌딩(이화학원) 미화원 모집,"[""CLEANING_TASK""]",train
"야간 시설관리 및 경비, 보안 선생님을 모십니다.(격일근무)","[""FACILITY_MAINTENANCE"", ""NIGHT_SHIFT""]",train
[산본]산본4단지 한라1차 미화원 구인(복지카드 소지자 우대)-급 구인,"[""CLEANING_TASK""]",train
"[급구]풀무원 샘소슬 창고 보안(경비)원 2교대(야간,당직) 모집 월215만","[""NIGHT_SHIFT""]",train
[오리역] 로드랜드이지타워 실내미화(오피스건물),"[""CLEANING_TASK""]",train
무원마을6단지아파트 미화원 모집 (복지카드소지자우대),"[""CLEANING_TASK""]",train
재가요양보호사 구인(입주 가능),"[""CARE_TASK""]",train
[행신동] 햇빛마을18-1단지 아파트 미화원 구인,"[""CLEANING_TASK""]",train
세종로컬푸드(주) 도담점 미화원 1명 모집,"[""CLEANING_TASK""]",train
육군 고성 병영시설 민간투자시설사업(BTL) 시설관리 직원 채용,"[""FACILITY_MAINTENANCE""]",train
[긴급]세종시 산울마을5단지 미화(청소)구인,"[""CLEANING_TASK""]",train
더샵레이크파크 커뮤니티센터 오후 단시간 청소,"[""CLEANING_TASK""]",train
[화성시 능동] 아파트 외곽미화원 구인(복지카드 우대),"[""CLEANING_TASK""]",train
강동구도시관리공단 상용직 직원 채용(시설관리·안내·주차관리),"[""FACILITY_MAINTENANCE""]",train
다정한마을 금강KCC 아파트 (내부)미화,"[""CLEANING_TASK""]",train
[신정7동]아파트 미화원 구인,"[""CLEANING_TASK""]",train
(강일동)강동리버스트8단지아파트 미화원 구인,"[""CLEANING_TASK""]",train
운전직 채용공고,"[""DRIVING""]",train
금정경찰서 지구대 1곳에 근무할 미화원 모집,"[""CLEANING_TASK""]",train
[산내8단지] 아파트 내부 청소원 모집,"[""CLEANING_TASK""]",train
영흥공체육시설 관리사원 채용공고,"[""FACILITY_MAINTENANCE""]",train
[관악푸르지오 아파트] 내부 미화원채용(바로 근무 가능하신분),"[""CLEANING_TASK""]",train
가람마을 1단지 아파트 내부 청소원 모집,"[""CLEANING_TASK""]",train
아파트 청소미화원 구인,"[""CLEANING_TASK""]",train
"버스, 택시정류소 광고시설물 관리직원 모집(주5일 야간근무)","[""NIGHT_SHIFT""]",train
케어링 커뮤니티케어 부산 동래점 요양보호사 모집,"[""CARE_TASK""]",train
이천동(이천뜨란채 4단지) 요양보호사님을 모십니다.,"[""CARE_TASK""]",train
일산 동구 하늘마을1단지 청소미화원(복지카드소지자 우대) 구함,"[""CLEANING_TASK""]",train
"미화 직무 채용, 대기업 협력사","[""CLEANING_TASK""]",train
"강서경찰서 지구대 1곳, 파출소 2곳에 근무할 미화원 모집","[""CLEANING_TASK""]",train
공무직근로자 채용[시설관리원 기계설비],"[""FACILITY_MAINTENANCE""]",train
[문막] 정토마을 요양보호사 채용 공고,"[""CARE_TASK""]",train
흥덕마을 13단지 경남아너스빌 미화원 구인,"[""CLEANING_TASK""]",train
일산서구 대화동 더？그라비스타 아파트 외곽 청소원,"[""CLEANING_TASK""]",train
회계사무원 및 운전보조원,"[""DRIVING""]",train
영종힐스테이트 미화직 구인,"[""CLEANING_TASK""]",train
시내버스 운전원 모집(무료 기숙사),"[""DRIVING""]",train
강동중흥s클래스 아파트 미화반장 채용,"[""CLEANING_TASK""]",train
충북 음성군 맹동면 두성리 모델하우스 미화원 모집,"[""CLEANING_TASK""]",train
휘경센트레빌 아파트 미화원 모집합니다.,"[""CLEANING_TASK""]",train
일산동 후곡마을17단지 아파트 미화원 모집,"[""CLEANING_TASK""]",train
[행신동] 소만마을7단지 아파트 미화원 모집,"[""CLEANING_TASK""]",train
일산동 일산푸르지오 아파트 외곽청소원 모집,"[""CLEANING_TASK""]",train
[예산] 공장 청소원 모집 (주5일근무),"[""CLEANING_TASK""]",train
아파트 외곽미화원 채용,"[""CLEANING_TASK""]",train
[서울 청계산입구역 도보 3분] 내곡 드림씨티 관리원 모집,"[""WALKING""]",train
[분당/판교] 정형외과 (듬직한) 미화원 모집,"[""CLEANING_TASK""]",train
효림산업(주) 미화원 채용 공고 (장애인 채용),"[""CLEANING_TASK""]",train
신동백롯데캐슬에코 1단지 미화원 모집,"[""CLEANING_TASK""]",train
오포 e-편한세상 아파트 외곽미화원 모집,"[""CLEANING_TASK""]",train
(복지카드소지자) 미화원 채용,"[""CLEANING_TASK""]",train
방배우성 아파트 내부 미화원 채용,"[""CLEANING_TASK""]",train
한방병원 미화원 채용,"[""CLEANING_TASK""]",train
[채용대행] 파주시 새꽃마을1단지아파트 미화원 모집,"[""CLEANING_TASK""]",train
[남광빌딩] 잠실역 방이동 먹자골목 인근 미화원 1명,"[""CLEANING_TASK""]",train
국민드림빌 미화원 모집,"[""CLEANING_TASK""]",train
한강메트로자이1단지 외곽 미화원 모집,"[""CLEANING_TASK""]",train
충무로 영상센터 시설관리 (기계설비) 모집,"[""FACILITY_MAINTENANCE""]",train
안산파크푸르지오아파트 미화원 채용,"[""CLEANING_TASK""]",train
[ 진접읍 ] 장현신우아파트 실내 미화원 구인,"[""CLEANING_TASK""]",train
한국선급 2022-제2차 공개채용 (건축설비 시설관리),"[""FACILITY_MAINTENANCE""]",train
[서울숲푸르지오] 외곽 미화원 구인,"[""CLEANING_TASK""]",train
[장지동] 금호어울림레이크2차 아파트 외곽 미화원 구인 (복지카드 우대),"[""CLEANING_TASK""]",train
우리W타워 미화 오후반(여자화장실 점검 등) 모십니다.,"[""CLEANING_TASK""]",train
[반월동] 반달마을3단지 푸르지오 아파트  미화원 모집,"[""CLEANING_TASK""]",train
교보생명 구리사옥 시설관리(설비) 담당 모집,"[""FACILITY_MAINTENANCE""]",train
신봉 동일하이빌 2단지 아파트 외곽미화원 구인,"[""CLEANING_TASK""]",train
◈ 2025. 10. 28.(화) 인천 중장년·여성 채용박람회 현장면접 ◈ 인천공항 화물터미널 화물조업 및 지게차 운전(조업병행) 담당자 모집,"[""DRIVING""]",train
청소차 운전직 구인,"[""CLEANING_TASK"", ""DRIVING""]",train
★★ 아산종합관리(주) 삼성미도 청소구인합니다. ★★,"[""CLEANING_TASK""]",train
시화주공2단지 내부 미화원 채용,"[""CLEANING_TASK""]",train
[양정동] 대원칸타빌멤버스아파트 미화반장 (외곽) 모집,"[""CLEANING_TASK""]",train
[감일 힐스테이트포웰시티]아파트 커뮤니티 미화원 구인,"[""CLEANING_TASK""]",train
[동인천역] 은행 미화원 구인,"[""CLEANING_TASK""]",train
미리내동성아파트 미화원 모집,"[""CLEANING_TASK""]",train
★★ 서면아이파크  미화원 (1명) 채용 ★★,"[""CLEANING_TASK""]",train
[하남 영동스마트타워] 미화반장 모집,"[""CLEANING_TASK""]",train
[원일판교호텔] 판교역 5분거리 공사현장 건물미화원 모집 (1명),"[""CLEANING_TASK""]",train
원당 엘지자이아파트 미화원,"[""CLEANING_TASK""]",train
아파트 외곽미화원 급구,"[""CLEANING_TASK""]",train
원흥동 삼송마을14단지 아파트 미화원 모집,"[""CLEANING_TASK""]",train
소하7단지아파트 청소원 모집,"[""CLEANING_TASK""]",train
[과천시 별양동 자이아파트 미화원 모집],"[""CLEANING_TASK""]",train
"[동탄2, 영천동] 아파트 외곽 미화원 모집안내","[""CLEANING_TASK""]",train
행신동 햇빛마을21단지 아파트 미화원 모집,"[""CLEANING_TASK""]",train
골프장 미화원 구인,"[""CLEANING_TASK""]",train
송천동 에코시티더샵3차아파트  미화원 구인,"[""CLEANING_TASK""]",train
청주시 흥덕구 강서동 모델하우스 미화원 모집,"[""CLEANING_TASK""]",train
아파트 외곽 미화원 구인합니다,"[""CLEANING_TASK""]",train
하남 감일역] 오피스텔 실내청소원 모집-감일역트루엘 오피스텔,"[""CLEANING_TASK""]",train
[미사강변센트리버] 아파트 실내청소원 모집,"[""CLEANING_TASK""]",train
동구 초량 아파트 청소원 채용 (복지카드 우대),"[""CLEANING_TASK""]",train
우방우성빌라 청소원 채용(복지카드 소지자 병행 채용),"[""CLEANING_TASK""]",train
삼성전자 실내 미화직,"[""CLEANING_TASK""]",train
고양 옥빛16단지아파트 내부 미화원 채용합니다.(장애인등록증 또는 장애인복지카드 소지자 우대),"[""CLEANING_TASK""]",train
금광동 이편한세상 금빛그랑메종3단지 아파트 미화원 모집,"[""CLEANING_TASK""]",train
미화원 구함-서초현대아파트,"[""CLEANING_TASK""]",train
일신동 풍림아파트 미화원 구인,"[""CLEANING_TASK""]",train
탄현마을6단지 미화원 구인 (실내),"[""CLEANING_TASK""]",train
모라종합사회복지관 노인맞춤돌봄 생활지원사 채용 공고,"[""CARE_TASK""]",train
[가람마을] 4단지 실내 아파트 청소원 모집,"[""CLEANING_TASK""]",train
세명대학교 미화직 사원모집,"[""CLEANING_TASK""]",train
경상북도청소년남자쉼터 야간상담원(기간제) 채용 재공고,"[""CLEANING_TASK"", ""NIGHT_SHIFT""]",train
"경리, 사무보조, 회계","[""OFFICE_TASK""]",train
"[삼성전자 디지털시티] 건물(사무실,실험실 등) 미화원 모집(복지카드 우대)_오전 근무자","[""CLEANING_TASK""]",train
"광교지구체육시설 관리사원 채용공고(남자 1명-샤워실, 화장실 미화)","[""CLEANING_TASK"", ""FACILITY_MAINTENANCE""]",train
[일산동구 풍동] 숲속마을 7단지 아파트 미화원 모집,"[""CLEANING_TASK""]",train
하남 더샵센트럴뷰 아파트 외곽 미화원 채용합니다.(장애인등록증 또는 장애인복지카드 소지자 우대),"[""CLEANING_TASK""]",train
단양 소노벨(환경미화) 사원모집(여),"[""CLEANING_TASK""]",train
반도유보라아이비파크 1단지 아파트 미화원 구인,"[""CLEANING_TASK""]",train
장안코오롱하늘채 아파트 외곽 미화원 모집,"[""CLEANING_TASK""]",train
[공군 항공안전단] 공무직근로자(시설관리원 설비담당) 채용 공고,"[""FACILITY_MAINTENANCE""]",train
김포한강LH솔터마을3단지 아파트 미화원 채용합니다.,"[""CLEANING_TASK""]",train
[구평동]물류센터 청소원,"[""CLEANING_TASK""]",train
서초더샵포레아파트 청소미화원 구함.(복지카드 소지자 우대),"[""CLEANING_TASK""]",train
2025년 태풍인의 집 목욕시설 기간제근로자 공개채용(시설청소원),"[""CLEANING_TASK""]",train
[화도읍] 아파트 실내미화원 구인,"[""CLEANING_TASK""]",validation
[ 다산동 ] 다산지금경기행복주택 아파트 실내 청소 미화원 구인,"[""CLEANING_TASK""]",validation
야간숙직 업무 구인합니다.,"[""NIGHT_SHIFT""]",validation
시흥센트럴헤센 미화원 모집(시흥시),"[""CLEANING_TASK""]",validation
봉담한신더휴에듀파크 실내미화원 모집,"[""CLEANING_TASK""]",validation
경기 고양시 덕양구 덕은동 사무실 미화원 모집,"[""CLEANING_TASK""]",validation
대구 상인서한타운 아파트 미화원 채용합니다.,"[""CLEANING_TASK""]",validation
* 청소원(실내미화원)모집-신동탄롯데캐슬 아파트,"[""CLEANING_TASK""]",validation
[수지 성복동] 성복역롯데캐슬골드타운 실내미화원 채용,"[""CLEANING_TASK""]",validation
파주  LG디스플레이 단지 환경미화원 채용 모집 (비장애인/경증장애인),"[""CLEANING_TASK""]",validation
[주간고정/야간고정/상여금/만근수당)] 국내 1위 팝콘제조회사 사원모집,"[""NIGHT_SHIFT""]",validation
마두동 강촌마을 5단지 아파트 미화원 모집,"[""CLEANING_TASK""]",validation
덕풍동삼부르네상스 아파트 실내미화원 모집,"[""CLEANING_TASK""]",validation
아파트 미화원 모집- 평택시 정암마을뜨란채,"[""CLEANING_TASK""]",validation
아파트 내부 청소원 모집(논현동 에코메트로12단지),"[""CLEANING_TASK""]",validation
2024년 상반기 국립국악원 청사관리 공무직(미화) 채용 공고,"[""CLEANING_TASK""]",validation
[죽전동]아파트 미화원 모집,"[""CLEANING_TASK""]",validation
장애인콜택시 휠체어 운전 기사님 모집,"[""DRIVING""]",validation
[삼평동] 삼환하이펙스 미화원 구인,"[""CLEANING_TASK""]",validation
화성시 영천동 신축아파트 미화원 모집,"[""CLEANING_TASK""]",validation
교통약자 이동지원센터 운전원 모집,"[""DRIVING""]",validation
"[동국산업 내 복지동,공장동 미화원 모집]","[""CLEANING_TASK""]",validation
[수원시 권선구 서둔동] 아파트 미화원 구인(복지카드우대),"[""CLEANING_TASK""]",validation
서초롯데클래식아파트 미화원 모집/경증장애우대/서초동,"[""CLEANING_TASK""]",validation
이천자이더파크아파트 외곽미화원을 모집합니다.,"[""CLEANING_TASK""]",validation
[동패동] 금강펜테리움 실내 미화원 모집,"[""CLEANING_TASK""]",validation
업무용 빌딩 미화원 구인,"[""CLEANING_TASK""]",validation
초원한양아파트 외곽 미화원 채용합니다.,"[""CLEANING_TASK""]",validation
미화원모집 신정뉴타운두산위브아파트,"[""CLEANING_TASK""]",validation
판교노인종합복지관 환경미화원 모집 공고,"[""CLEANING_TASK""]",validation
한남동 볼보빌딩에서 미화원을 모집합니다.,"[""CLEANING_TASK""]",validation
동탄더？레이크에듀타운아파트 청소원,"[""CLEANING_TASK""]",validation
우장산 롯데캐슬아파트 내부 미화원 채용합니다. (장애인등록증 또는 장애인복지카드 소지자 우대),"[""CLEANING_TASK""]",validation
김포 학운단지 주 5일제 미화원 모집,"[""CLEANING_TASK""]",validation
CORNER50 미화반장님 모십니다.,"[""CLEANING_TASK""]",validation
율목주공 아파트 미화원 구인 (복지카드 우대),"[""CLEANING_TASK""]",validation
오산 세교 모아미래도 외곽미화원구인,"[""CLEANING_TASK""]",validation
롯데건설(주) 사무보조원 채용(신안산선 복선전철 5-1공구),"[""OFFICE_TASK""]",validation
세란병원 수술실  청소원 구인,"[""CLEANING_TASK""]",validation
[홍제역] 은행 미화원 구인,"[""CLEANING_TASK""]",validation
아파트 청소원모집의 건,"[""CLEANING_TASK""]",validation
영종풍림 6-1 아파트 내부미화원 모집,"[""CLEANING_TASK""]",validation
원주시 이편한세상반곡아파트 미화원 모집,"[""CLEANING_TASK""]",validation
동아 목련 아파트 미화원 모집,"[""CLEANING_TASK""]",validation
양주회천10단지아파트 내부 청소원 모집,"[""CLEANING_TASK""]",validation
사무공간 청소 미화원 모집,"[""CLEANING_TASK""]",validation
고덕그라시움A 커뮤니티 청소원 모집,"[""CLEANING_TASK""]",validation
[공기업 자회사]지케이엘위드(외국인전용카지노) 채용 공고 - 강남 코엑스점(미화) 부문,"[""CLEANING_TASK""]",validation
[비봉] 예미지 센트럴에듀 아파트 내부미화원 구인,"[""CLEANING_TASK""]",validation
인천 YWCA 요양원 요양보호사 모집&lt;&lt;주주야야비비&gt;&gt;,"[""CARE_TASK""]",validation
해송마을 동남아파트 미화원,"[""CLEANING_TASK""]",validation
현대패밀리 명덕1차아파트 미화원 모집,"[""CLEANING_TASK""]",validation
(주)리썸 S&S 삼성전자 수원사업장 사내배송 계약직/정규직 채용,"[""DRIVING""]",validation
신내9단지 아파트 청소원 구인,"[""CLEANING_TASK""]",validation
포항자이아파트 미화원 모십니다,"[""CLEANING_TASK""]",validation
"경리회계, 행정 보조 사무원","[""OFFICE_TASK""]",validation
광장힐스테이트아파트 청소 미화원 채용(복지카드 소지자 우대),"[""CLEANING_TASK""]",validation
사출 야간 근무하실분을 모집합니다.,"[""NIGHT_SHIFT""]",validation
독립기념관 출자회사 (주)한빛씨에스 [미화원] 모집,"[""CLEANING_TASK""]",validation
상록수아파트 청소원/미화원 구인,"[""CLEANING_TASK""]",validation
아파트 청소원 (부산 기장 정관읍),"[""CLEANING_TASK""]",validation
사내 시설관리 및 조경관리 업무 채용,"[""FACILITY_MAINTENANCE""]",validation
홍은극동아파트 미화원 모집,"[""CLEANING_TASK""]",validation
2026년 안전보건공단 경기광역본부 기간제 근로자(환경미화원) 채용,"[""CLEANING_TASK""]",validation
[상현동] 만현마을롯데캐슬 외곽 미화원 구인,"[""CLEANING_TASK""]",validation
[삼성스토어 안성점] 미화 근무자 (1분) 모집,"[""CLEANING_TASK""]",validation
[진천/광혜원/주5일/일6시간]외국계기업 미화직 채용,"[""CLEANING_TASK""]",validation
이천시] 아파트청소원(실내)모집-증포대원칸타빌2차더테라스 아파트,"[""CLEANING_TASK""]",validation
[시흥시] 월곶4차풍림아이원아파트 미화원 채용 건,"[""CLEANING_TASK""]",validation
원주시가족센터 직원 (아이돌봄 아동학대사례관리인력) 채용 공고 [대체인력 채용],"[""CARE_TASK""]",validation
2024년 제3회 여주도시공사 기간제 채용(블라인드)_수영장시설관리,"[""FACILITY_MAINTENANCE""]",validation
삼성동 봉은사역 인근 미화원 모집,"[""CLEANING_TASK""]",validation
[성복역] 롯데캐슬골드타운 외곽 미화원 채용,"[""CLEANING_TASK""]",validation
가든파이브 NC백화점 송파점 미화사원 모집,"[""CLEANING_TASK""]",validation
[운정] 책향기마을14단지 피트니스 미화원 구인,"[""CLEANING_TASK""]",validation
▶ 달성군 다사읍 ◀ 재가요양보호사 채용,"[""CARE_TASK""]",validation
산내마을2단지 센트럴리움 내부 미화원 모집,"[""CLEANING_TASK""]",validation
신안산비즈스타 미화원 채용,"[""CLEANING_TASK""]",validation
청소원 및 소독원 모집,"[""CLEANING_TASK""]",validation
[시흥고용센터 채용대행]식품회사 시설미화원/청소직 모집,"[""CLEANING_TASK""]",validation
[일산21세기병원] 고양시 백석역 도보2분 미화원 (1명) 모집,"[""CLEANING_TASK"", ""WALKING""]",validation
(상시모집) 헤이드 교통약자 휠체어 차량 택시 운전기사 모집,"[""DRIVING""]",validation
구성자이3차 아파트 외곽미화원 구인,"[""CLEANING_TASK""]",validation
[부천신중동역] 미화원 모집 (1명),"[""CLEANING_TASK""]",validation
[안양우체국사거리 초등학교] 미화직 구인,"[""CLEANING_TASK""]",validation
[음성 대소] 청소직 / 미화직 모집,"[""CLEANING_TASK""]",validation
[덕풍동 라인아파트] 내부 청소원 모집,"[""CLEANING_TASK""]",validation
진공청소차 운전직 구인,"[""CLEANING_TASK"", ""DRIVING""]",validation
문서작성/전산입력/서비스응대 사무직(재택근무)채용합니다 (장애인우대),"[""OFFICE_TASK""]",validation
[평내동] 평내마을 주공아파트 미화원모집,"[""CLEANING_TASK""]",validation
시흥장현 금강펜테리움아파트 외곽 미화원 구인,"[""CLEANING_TASK""]",validation
[채용대행] 탄현마을6단지 미화원 구인 (실내),"[""CLEANING_TASK""]",validation
당산한강 아파트 미화원 채용합니다. (장애인등록증 또는 장애인복지카드 소지자 우대),"[""CLEANING_TASK""]",validation
식사동 위시티일산자이2단지 아파트 외곽청소원 모집,"[""CLEANING_TASK""]",validation
이천우석물류센터 시설관리직원 모집합니다.,"[""FACILITY_MAINTENANCE""]",validation
장애인콜택시 운전원 모집합니다(장애인복지카드소지자우대),"[""DRIVING""]",validation
아파트  청소원구함-봇들마을9단지아파트,"[""CLEANING_TASK""]",validation
녹원아파트 실내미화원을 모집(대전서구청 채용대행),"[""CLEANING_TASK""]",validation
아파트 (외곽) 청소원 모집(논현동 에코메트로12단지),"[""CLEANING_TASK""]",validation
명수대현대아파트 미화원 구인,"[""CLEANING_TASK""]",validation
당산 현대3차아파트 미화원 채용(복지카드소지자우대),"[""CLEANING_TASK""]",validation
[장애인 우선채용] 부산장신대학교 청소원 모집,"[""CLEANING_TASK""]",validation
계룡시종합사회복지관 직원 공개채용 공고(운전 및 관리관 / 계약직),"[""DRIVING""]",validation
[미사강변효성해링턴플레이스(29단지)] 외곽 및 실내 청소원 모집,"[""CLEANING_TASK""]",validation
주야간보호센터에서 오전 요양보호사님 모십니다.,"[""CARE_TASK"", ""NIGHT_SHIFT""]",validation
[은계 호반 써밋플레이스 아파트] 외곽미화원 2명,"[""CLEANING_TASK""]",validation
신공덕삼성래미안2차 아파트 외곽 미화원 구인합니다.,"[""CLEANING_TASK""]",validation
▶ 수성구 황금동 ◀ 재가요양보호사 채용,"[""CARE_TASK""]",validation
<오산롯데캐슬스카이파크> 아파트 내부 미화원 모집 (복지카드 우대),"[""CLEANING_TASK""]",validation
(강북)삼각산아이원아파트 미화원 모집,"[""CLEANING_TASK""]",validation
*[청주] 청소원(아파트 외곽1명/실내1명)모집-청주 동남LH 1단지 아파트,"[""CLEANING_TASK""]",validation
"요양병원 간병인(2교대), 환자이송(주간) 담당 모심","[""CARE_TASK""]",validation
안화동마을 주공9단지 아파트 외부 미화원 구인합니다,"[""CLEANING_TASK""]",validation
상대원동 레미콘 실험실 미화원 모집,"[""CLEANING_TASK""]",validation
온천동 4등급할머니/주5-6일 9-12/재가요양보호사 구인,"[""CARE_TASK""]",validation
망포지하차도 시설관리직원 (전기분야-전기산업기사 이상) 초급기술자 모집,"[""FACILITY_MAINTENANCE""]",validation
[미사강변 동원로얄듀크] 아파트 청소원 모집,"[""CLEANING_TASK""]",validation
(남양주 진접읍) 광동중학교 미화 근무자 채용합니다.,"[""CLEANING_TASK""]",validation
성남 청솔마을 대원아파트 미화원 채용합니다.(장애인등록증 또는 장애인복지카드 소지자 우대),"[""CLEANING_TASK""]",validation
김포한강3차 푸르지오 미화원 모집,"[""CLEANING_TASK""]",validation
문정시영아파트 미화원 모집,"[""CLEANING_TASK""]",validation
[급구] 아워홈 용인1공장 미화원 채용,"[""CLEANING_TASK""]",validation
사회복지법인 요양원 입니다. 요양보호사 구합니다 200+@,"[""CARE_TASK""]",validation
신안실크밸리스카이시티아파트 실내미화원을 모집합니다.,"[""CLEANING_TASK""]",validation
[권선동 신명아파트]아파트청소원 모집,"[""CLEANING_TASK""]",validation
[하왕십리동] 아파트 미화원(09:00~15:20 주5일 월143만원) 모집,"[""CLEANING_TASK""]",validation
[마블플레이스] 신당역 도보8분 격일제 건물관리원 1명,"[""WALKING""]",validation
공장 미화원 채용,"[""CLEANING_TASK""]",validation
[태평동] 가천대역 동부센트레빌 아파트 미화원구인,"[""CLEANING_TASK""]",validation
이마트 이천후레쉬센터 시설관리직 채용 (안전기술팀),"[""FACILITY_MAINTENANCE""]",validation
신보운영관리(주) 신용보증기금 인천중앙지점 시설관리직 정규직 채용 (연장),"[""FACILITY_MAINTENANCE""]",validation
광역버스 운전원 모집,"[""DRIVING""]",validation
경기광주 퇴촌 요양보호사 모집,"[""CARE_TASK""]",validation
상주성모병원 간호조무사 모집 (간호간병통합서비스병동),"[""CARE_TASK""]",validation
천왕이펜하우스1단지아파트 미화원 모집,"[""CLEANING_TASK""]",validation
신안군 교통약자이동지원센터 운전원모집,"[""DRIVING""]",validation
[해솔1단지]   외곽 실내 미화원,"[""CLEANING_TASK""]",validation
아름다운골프장 락카청소원 모집합니다.,"[""CLEANING_TASK""]",validation
초지역 메이저 타운 푸르지오파크단지  청소직 모집,"[""CLEANING_TASK""]",validation
우미아노스빌 5차 아파트 실내미화원 모집 합니다,"[""CLEANING_TASK""]",validation
둔산동 학원 청소원 모집,"[""CLEANING_TASK""]",validation
[미사 리버뷰자이] 아파트 청소원 모집,"[""CLEANING_TASK""]",validation
(주)코웍스 5월 직원채용(운전(대형)),"[""DRIVING""]",validation
용호한진훼미리 미화원 모집,"[""CLEANING_TASK""]",validation
[서울시 구로구] 아파트 청소원,"[""CLEANING_TASK""]",validation
경기광주 퇴촌 천진암 요양보호사 모집,"[""CARE_TASK""]",validation
진천 삼광식품 미화원 모집,"[""CLEANING_TASK""]",validation
양주자이4단지 미화원 모집,"[""CLEANING_TASK""]",validation
2024년 제3회 신규직원 공개채용 공고(기간제 휴직대체 사무보조원),"[""OFFICE_TASK""]",validation
2026년도 제1회 직원 공개채용 공고(일반7급_ 운전_청년),"[""DRIVING""]",validation
금천구 금천이랜드해가든아파트 미화원 모집,"[""CLEANING_TASK""]",validation
동구아름다운복지관 직원(운전원) 공개채용,"[""DRIVING""]",validation
삼선 힐스테이트 아파트 미화원 채용합니다.(장애인등록증 또는 장애인 복지카드 소지자 우대),"[""CLEANING_TASK""]",validation
(주)올리고컴퍼니 전통시장 배송 플랫폼&lt;시장을방으로&gt;영업 지원 및 콘텐츠 제작 마케팅 직원 채용,"[""DRIVING""]",validation
청라동 한라비발디 아파트 미화원 구인,"[""CLEANING_TASK""]",validation
[성신한방병원] 모란역 도보1분 미화원 *주말반1명* 모집,"[""CLEANING_TASK"", ""WALKING""]",validation
분당파크뷰 아파트 청소원구인,"[""CLEANING_TASK""]",validation
부개지구보람 아파트 내부미화원 구인(복지카드 우대),"[""CLEANING_TASK""]",validation
[용산/효창] 미화원 채용 공고 (주5일제 하루 7시간),"[""CLEANING_TASK""]",validation
"[ 고등동 ] 수원역푸르지오자이아파트 미화원 모집(내부, 외곽)","[""CLEANING_TASK""]",validation
22년 구로구 삼성IT밸리빌딩 미화원 채용 공고,"[""CLEANING_TASK""]",validation
본사 사무실 사무보조원을 모집합니다,"[""OFFICE_TASK""]",validation
정자동 상록마을 라이프 아파트 미화원 구인,"[""CLEANING_TASK""]",validation
청소원 모집,"[""CLEANING_TASK""]",validation
강동밀레니엄중흥s클래스 아파트미화원 채용,"[""CLEANING_TASK""]",validation
(강일동)아파트청소원 모집,"[""CLEANING_TASK""]",validation
구성더포레스트 외곽 미화원 구인(복지카드우대),"[""CLEANING_TASK""]",validation
안성맞춤 가사돌봄지원사업 가사돌보미 모집,"[""CARE_TASK""]",validation
[파주시 조리읍] 은행 미화원 구인,"[""CLEANING_TASK""]",validation
빌딩 미화원 구함(삼성역4번출구인근),"[""CLEANING_TASK""]",validation
[과천] 갈현동 사무실 미화 구인,"[""CLEANING_TASK""]",validation
[달성군]세천한라비발디 미화원 구인,"[""CLEANING_TASK""]",validation
수서1단지 SH빌 미화원 채용합니다.,"[""CLEANING_TASK""]",validation
신정 양천아파트 청소 미화원(복지카드소지자 우대) 구함.,"[""CLEANING_TASK""]",validation
[민락동] 센텀비스타동원 아파트 미화원 채용,"[""CLEANING_TASK""]",validation
주5일] 청주 신봉동 건설현장 사무실  미화원 모집,"[""CLEANING_TASK""]",validation
요양보호사(주간),"[""CARE_TASK""]",validation
시설관리주임 모집,"[""FACILITY_MAINTENANCE""]",validation
(주)하임  미화원 구인,"[""CLEANING_TASK""]",validation
송파레미니스2단지 아파트 미화원 채용합니다.,"[""CLEANING_TASK""]",validation
우림카이져 팰리스 아파트 미화원 구인(외곽),"[""CLEANING_TASK""]",validation
[성북/주간/주5일/2시간] 오리온 성북 물류센터 미화원 채용,"[""CLEANING_TASK""]",validation
세종 더샵센트럴시티 아파트 미화원 채용합니다.,"[""CLEANING_TASK""]",validation
아파트 외곽 미화원 모집 (탑승식청소자 가능하신분),"[""CLEANING_TASK""]",validation
[운정] 책향기마을14단지 내부 미화원 구인,"[""CLEANING_TASK""]",validation
시흥6차 푸르지오1단지아파트 미화원 모집,"[""CLEANING_TASK""]",validation
아파트 외곽청소원모집(천왕동),"[""CLEANING_TASK""]",validation
서초동에 있는 사무실에서 미화원 모집합니다.,"[""CLEANING_TASK""]",validation
"평택 삼성반도체 P1 스막,라인청소 미화원 채용 "" 04/02일(목) 서정동행정복지센터 상설면접 채용행사  ""","[""CLEANING_TASK""]",validation
도촌동 여자어르신 요양보호사 구인,"[""CARE_TASK""]",validation
관악타운 아파트 내부 미화원 채용,"[""CLEANING_TASK""]",validation
[진접읍] 진접해밀마을신안인스빌아파트 실내 미화원 구인,"[""CLEANING_TASK""]",validation
[장애인/보훈대상자 우대] 두산건설 용인삼가 공사 현장 청소원 채용,"[""CLEANING_TASK""]",validation
동천동 현대홈타운1차아파트 외곽 미화원,"[""CLEANING_TASK""]",validation
[보문파크뷰아파트 ] 미화원 구인,"[""CLEANING_TASK""]",validation
*[하남] 청소원(실내)모집-미사강변파밀리에(15단지),"[""CLEANING_TASK""]",validation
화서블루밍 아파트 외곽미화원 구인,"[""CLEANING_TASK""]",validation
미화원구인 - 과천위버필드 아파트,"[""CLEANING_TASK""]",validation
[중계동]무지개 아파트 실내청소 미화원 모집,"[""CLEANING_TASK""]",validation
오산시]아파트청소원(실내)모집-오산 동부삼환아파트,"[""CLEANING_TASK""]",validation
부평역 화성파크드림 아파트 미화원 구인 (복지카드 우대),"[""CLEANING_TASK""]",validation
GS 25 남사물류센터 신입 직원 채용(야간),"[""NIGHT_SHIFT""]",validation
장항동 호수마을5단지 청구아파트 미화원 모집(복지카드소지자만 지원 가능),"[""CLEANING_TASK""]",validation
[과천푸르지오라비엔오 미화원 모집],"[""CLEANING_TASK""]",validation
"산척동, 서희스타힐스엔에이치에프 아파트 외곽미화원 모집","[""CLEANING_TASK""]",validation
[삼구INC] 대치역 소재 오피스빌딩 미화팀장 및 미화원 모집,"[""CLEANING_TASK""]",validation
꽃메마을 아이파크2차 외곽청소원 모집,"[""CLEANING_TASK""]",validation
[한국후지쯔]구매 사무보조원 채용,"[""OFFICE_TASK""]",validation
동신건영2차 아파트 미화원 채용합니다.,"[""CLEANING_TASK""]",validation
승합차운전원 및 업무보조 (계약직) 모집,"[""DRIVING""]",validation
강동구도시관리공단 기간제(어르신일자리) 직원 채용(시설관리/안내/주차관리 통합직군),"[""FACILITY_MAINTENANCE""]",validation
내부 미화원 구인,"[""CLEANING_TASK""]",validation
[일산동] 후곡마을 17단지 아파트 청소원 모집,"[""CLEANING_TASK""]",validation
[향남 서봉마을]아파트 내부미화원 모집,"[""CLEANING_TASK""]",validation
양주금광1차 아파트 미화원 구인,"[""CLEANING_TASK""]",validation
[동패동] 한울마을5단지 미화원채용,"[""CLEANING_TASK""]",validation
★ 아파트 미화원 (더샵디어엘로 아파트)★-『일(job)구하는 동구데이』채용행사 참여기업/2024.03.26.(14:00~16:00),"[""CLEANING_TASK""]",validation
거북섬 호반써밋더퍼스트오션 아파트 미화원,"[""CLEANING_TASK""]",validation
아파트 미화원 채용[풍덕천동],"[""CLEANING_TASK""]",validation
덕유마을 주공4단지아파트 내부미화,"[""CLEANING_TASK""]",validation
[개봉역/개봉2동] 개봉두산 아파트 실내 미화원 채용합니다.(장애인등록증·복지카드 또는 상이등급 1~3급 우대),"[""CLEANING_TASK""]",validation
어르신 주야간보호센터 간호사 모집,"[""NIGHT_SHIFT""]",validation
신도림동아1차아파트 청소원모집,"[""CLEANING_TASK""]",validation
[수원 권선구] 가온초 미화 구인(복지카드 소지자 우대),"[""CLEANING_TASK""]",validation
만수6동 방문요양보호사 구인,"[""CARE_TASK""]",validation
(은평구 녹번동) 한방병원 청소 미화원 모집 (주6일_9시-12시30분),"[""CLEANING_TASK""]",validation
★ 서면아이파크 아파트 외곽미화 채용 ★,"[""CLEANING_TASK""]",validation
세종월드프라자(상가)  시설관리자 모집,"[""FACILITY_MAINTENANCE""]",validation
오비즈 타워 내부미화원모집,"[""CLEANING_TASK""]",validation
구의동 레미안파크스위트 외곽 청소원 구인,"[""CLEANING_TASK""]",validation
[동구 신천동] 더팰리스트데시앙 입주단지 외곽청소원 구인,"[""CLEANING_TASK""]",validation
평택 동광아파트  미화원 구인,"[""CLEANING_TASK""]",validation
*[군포] LH송정마을 아파트(실내)청소원 모집,"[""CLEANING_TASK""]",validation
"[관악구, 예성그랑펠레체] 아파트 미화원 모집","[""CLEANING_TASK""]",validation
[충북 음성 대소] 미화직 청소원 모집,"[""CLEANING_TASK""]",validation
잠실5단지아파트 청소미화원 구함.,"[""CLEANING_TASK""]",validation
[용인 처인구 김량장동] 용인삼환나우빌 내부 미화,"[""CLEANING_TASK""]",validation
[삼구INC] 삼성스토어 동탄역점 미화원 모집 (평일),"[""CLEANING_TASK""]",validation
[삼구아이앤씨] 삼성스토어 하남미사점 미화(청소) 직원 모집 (일 4시간),"[""CLEANING_TASK""]",validation
(가좌동) 가좌고등학교 미화원 모집,"[""CLEANING_TASK""]",validation
[급] 화성 조암산호 아파트 미화원 구인,"[""CLEANING_TASK""]",validation
퇴계원금호어울림아파트_미화원 구인,"[""CLEANING_TASK""]",validation
사회적협동조합우리사이 노인맞춤돌봄서비스사업 생활지원사 채용공고,"[""CARE_TASK""]",validation
화성함백산추모공원 청소용역 대체근로자 모집(계약직),"[""CLEANING_TASK""]",validation
백련산힐스테이트3차아파트 미화원 내/외부 구인(*내부미화 채용완료),"[""CLEANING_TASK""]",validation
청소원 모집【울산동구새일 채용대행】,"[""CLEANING_TASK""]",validation
갈산대동2차 아파트 미화원 구인 (복지카드우대),"[""CLEANING_TASK""]",validation
[홍천군 남면]힐드로사이CC  남녀 미화원 구인,"[""CLEANING_TASK""]",validation
[평택고덕] 생활형숙박시설 미화원 모집,"[""CLEANING_TASK""]",validation
교회 미화원 모집,"[""CLEANING_TASK""]",validation
[채용대행] 백석동 오피스텔 실내 미화원 모집,"[""CLEANING_TASK""]",validation
[감일 힐스테이트포웰시티] 미화원 모집,"[""CLEANING_TASK""]",validation
원천동 아파트 미화원 모집,"[""CLEANING_TASK""]",validation
서울 강남구 신사동 피부과 미화원 모집,"[""CLEANING_TASK""]",validation
반정동 아이파크캐슬 5단지 외곽미화원 (탑승식청소자 가능하신분) 및 실내 미화원 모집,"[""CLEANING_TASK""]",validation
운영지원직 방재시설관리원(전기),"[""FACILITY_MAINTENANCE""]",validation
[동패동] 물향기마을11단지 실내 미화원 채용,"[""CLEANING_TASK""]",validation
수원역푸르지오자이아파트 외곽 미화원 모집 (청소차 운행 가능한 자),"[""CLEANING_TASK""]",validation
[장애인채용] 회사 사내 미화원 채용,"[""CLEANING_TASK""]",validation
2024년 제9차 요양보호직 직원 공개채용,"[""CARE_TASK""]",validation
케어링커뮤니티케어 부산 수영점 요양보호사 모집 (주간보호),"[""CARE_TASK""]",validation
시흥장현포레미엘더파크 아파트 외곽 미화원 구인(복지카드우대),"[""CLEANING_TASK""]",validation
감이동] 더샵포웰시티아파트 미화원(실내.외곽)구인,"[""CLEANING_TASK""]",validation
철산KBS우성아파트 미화구인,"[""CLEANING_TASK""]",validation
셀코스 미화업무 담당자 채용,"[""CLEANING_TASK""]",validation
[호매실동]수원센텀병원 미화원 모집,"[""CLEANING_TASK""]",validation
마곡금호어울림아파트 내부 미화원 채용.(장애인복지카드 우대),"[""CLEANING_TASK""]",validation
[흑석자이아파트] 아파트 내부 미화원 모집합니다.,"[""CLEANING_TASK""]",validation
[잠실동] 리센츠아파트  미화원 모집,"[""CLEANING_TASK""]",validation
[신봉동 동일하이빌2단지] 미화원 구인,"[""CLEANING_TASK""]",validation
[영천동] 아파트 외곽청소 미화원 모집,"[""CLEANING_TASK""]",validation
경보이리스오션일광역 미화구인,"[""CLEANING_TASK""]",validation
요양보호사 채용공고 (상시),"[""CARE_TASK""]",validation
화성시 매송면 독거여자요양보호사 모집,"[""CARE_TASK""]",validation
김포 강변마을 월드메르디앙 아파트 외곽 미화원 모집합니다.(장애인등록증 또는 장애인복지카드 소지자 우대),"[""CLEANING_TASK""]",validation
KCC스위첸아파트 커뮤니티센터 미화원 구인,"[""CLEANING_TASK""]",validation
청라 센트럴에일린의뜰 아파트 미화원 구인,"[""CLEANING_TASK""]",validation
광교 참누리아파트 외곽 청소원 모집,"[""CLEANING_TASK""]",validation
(긴급) 2024년 노인맞춤돌봄서비스 수행인력(생활지원사) 채용 추가 공고,"[""CARE_TASK""]",validation
김포한강메트로자이1단지 미화원 구인,"[""CLEANING_TASK""]",validation
[케이지에이] 화성 건물 미화원 1명 모집,"[""CLEANING_TASK""]",validation
성원아파트 미화원 채용 (복지카드 소지자 우대),"[""CLEANING_TASK""]",validation
[화성남양] 뉴타운리젠시빈란트 아파트 외곽 미화원 구인,"[""CLEANING_TASK""]",validation
[수지 성복동] 성복역롯데캐슬골드타운 미화원 채용,"[""CLEANING_TASK""]",validation
행신동 햇빛마을24단지 아파트 미화원 모집,"[""CLEANING_TASK""]",validation
영도병원 미화원 모집,"[""CLEANING_TASK""]",validation
[군포] 무지개 KCC아파트 미화원 구인,"[""CLEANING_TASK""]",validation
[관산동] 더 퍼스트프라임 아파트 미화원 모집,"[""CLEANING_TASK""]",validation
천호동 아파트 커뮤니티 청소원 채용,"[""CLEANING_TASK""]",validation
[신동백 서해그랑블2차]아파트 지하주자장 미화원 구인(복지카드 소지자우대),"[""CLEANING_TASK""]",validation
[장지동] 금호어울림레이크2차 아파트 미화원 구인 (복지카드 우대),"[""CLEANING_TASK""]",validation
경기대 후문 (광교역)인근 사무실 미화원 모집합니다.,"[""CLEANING_TASK""]",validation
[하왕십리동] 아파트 미화원(08:40~15시 주5일) 모집,"[""CLEANING_TASK""]",validation
[수지 신봉동] 동부센트레빌5단지 아파트 실내 미화원 채용,"[""CLEANING_TASK""]",validation
한미약품 주간미화사원 모집,"[""CLEANING_TASK""]",validation
미사강변골든센트로 아파트 미화원 모집,"[""CLEANING_TASK""]",validation
서울시립상이군경복지관 직원 채용 공고(운전기사),"[""DRIVING""]",validation
"장애인증(경증) 있으신, 요양보호사 공채","[""CARE_TASK""]",validation
도래울파크뷰 아파트 미화원 모집(복지카드 우대),"[""CLEANING_TASK""]",validation
(동두천시 송내동) 송내중앙중학교 (격일제) 야간 경비원 모집,"[""NIGHT_SHIFT""]",validation
[좌동]대동타운 아파트 미화구인,"[""CLEANING_TASK""]",validation
서울동부지방법원 공무직근로자(시설관리원) 채용 공고/자체 이력서 양식있음,"[""FACILITY_MAINTENANCE""]",validation
관악부영아파트  미화원 모집,"[""CLEANING_TASK""]",validation
[병점동]아파트 미화원 모집,"[""CLEANING_TASK""]",validation
과천시장애인생활이동지원센터 운전원 채용 공고,"[""DRIVING""]",validation
[ 다산동 ] 반도유보라메이플타운 아파트 외곽 미화원 구인,"[""CLEANING_TASK""]",validation
울산경제일자리진흥원 2024년도 제3차 계약직 공개경쟁 채용(청사 전기시설관리),"[""FACILITY_MAINTENANCE""]",validation
정든마을한진7단지 아파트 미화원 채용합니다.,"[""CLEANING_TASK""]",validation
2025 제천시립치매전담요양？주야간보호센터 직원(물리치료사) 채용 공고,"[""NIGHT_SHIFT""]",validation
DGB대구은행 본점 미화반장 모집,"[""CLEANING_TASK""]",validation
화서역 현대벽산아파트  미화원 모집,"[""CLEANING_TASK""]",validation
국립어린이청소년도서관 공무직 근로자(시설물관리원) 채용공고,"[""CLEANING_TASK""]",validation
김포 풍무 꿈에그린더포레듀5단지아파트 외곽 미화원 모집,"[""CLEANING_TASK""]",validation
[용산구] 한강로동 주민센터 청소,"[""CLEANING_TASK""]",validation
아파트 미화원 모집,"[""CLEANING_TASK""]",validation
[기흥구 보라동 민속마을 현대모닝1차아파트] 미화원 모집,"[""CLEANING_TASK""]",validation
2024년 노인맞춤돌봄서비스사업 생활지원사 채용 공고(1명),"[""CARE_TASK""]",validation
[분당/판교] 정형외과 미화원(m) 모집,"[""CLEANING_TASK""]",validation
행신동 소만마을5단지 아파트 미화원 모집,"[""CLEANING_TASK""]",validation
[아워홈동서울] 미화원 채용(출퇴근 미화반장님 차량으로 픽업가능),"[""CLEANING_TASK""]",validation
KB골든라이프케어 서초빌리지 요양보호사 채용,"[""CARE_TASK""]",validation
부산 대연동 푸르지오 아파트 미화원 채용합니다.(장애인등록증 또는 장애인복지카드 소지자 우대),"[""CLEANING_TASK""]",validation
산내마을2단지 센트럴리움 외곽청소원 모집,"[""CLEANING_TASK""]",validation
사랑마을 벽산삼익선경아파트 미화원 모집(복지카드소지자 우대),"[""CLEANING_TASK""]",validation
화이트클린 관리자 모집(청소처 관리 및 운전지원),"[""CLEANING_TASK"", ""DRIVING""]",validation
* [평택 청북]아파트청소원(실내)모집-청북 유승한내들,"[""CLEANING_TASK""]",validation
[아산 탕정] 삼성디스플레이 아산 2캠퍼스 (미화/반입구/청정) 채용,"[""CLEANING_TASK""]",validation
[대화동] 성저마을1단지 아파트 미화원 모집,"[""CLEANING_TASK""]",validation
건설현장 미화원 모집 (금성백조주택 이천현장),"[""CLEANING_TASK""]",validation
[해솔1단지]실내 미화원,"[""CLEANING_TASK""]",validation
[용현동] 아파트미화원,"[""CLEANING_TASK""]",validation
24년 노인맞춤돌봄서비스 수행인력(생활지원사) 채용,"[""CARE_TASK""]",validation
청소 도우미 구합니다.(경증 장애인 우대),"[""CLEANING_TASK""]",validation
미화원 구인(월. 수. 금  오전4시간 파트타임),"[""CLEANING_TASK""]",validation
강북구 인수봉로 81길 인근  4등급 어르신 요양보호사 채용,"[""CARE_TASK""]",validation
올리브 요양원 환경미화원 모집,"[""CLEANING_TASK""]",validation
천왕이펜하우스 2단지아파트 미화원 모집,"[""CLEANING_TASK""]",validation
사회적협동조합 청해복지원 요양보호사 상시모집합니다.,"[""CARE_TASK""]",validation
[망포동] 영통SK VIEW 아파트 미화반장님 채용,"[""CLEANING_TASK""]",validation
정릉2차 대주피오레@ 내부 미화원 구인,"[""CLEANING_TASK""]",validation
[잠실한신코아] 잠실역 인근  미화원 모집,"[""CLEANING_TASK""]",validation
서동탄역 더샵파크시티 아파트  외곽미화청소미화원 구함.(복지카드소지자 우대),"[""CLEANING_TASK""]",validation
[기흥 신갈] 파크시엘 아파트 미화원 구인,"[""CLEANING_TASK""]",validation
[삼성전자] 미화(청소)사원 모집(R5)-주간/야간/야간,"[""CLEANING_TASK"", ""NIGHT_SHIFT""]",validation
대전대성고등학교 기숙사 미화원 채용공고,"[""CLEANING_TASK""]",validation
용현동금호2차아파트 내부미화원 모집,"[""CLEANING_TASK""]",validation
* 청소원(실내미화원)모집-반월더자이파크 아파트,"[""CLEANING_TASK""]",validation
수서 1단지 SH빌 미화원 구인,"[""CLEANING_TASK""]",validation
[음성/자차소지자채용] 미화원 채용,"[""CLEANING_TASK""]",validation
2026년도 제3회 신규직원 공개채용 공고(휴직대체 기간제 시설관리원),"[""FACILITY_MAINTENANCE""]",validation
장애인표준사업장직원모집공고(기술직.사무직.업무지원.사무보조),"[""OFFICE_TASK""]",validation
수지현대성우아파트 미화반장 구인,"[""CLEANING_TASK""]",validation
[백석동] 밀레니엄리젠시 오피스텔 미화원 모집,"[""CLEANING_TASK""]",validation
창원시립곰두리국민체육센터 계약직(환경미화원) 채용,"[""CLEANING_TASK""]",validation
[2026년 관악구 취업박람회  ◆ 10월 13일(화) 13:30~17:00  관악구청8층 대강당  ◆]  (주)서초택시 운전기사님  구인,"[""DRIVING""]",validation
[도내동]고양원흥 동일스위트 아파트 미화원 모집,"[""CLEANING_TASK""]",validation
[인천국제공항] 현장관리 및 미화 장애인 직원 채용공고,"[""CLEANING_TASK""]",validation
[채용대행] 파주시 새꽃마을1단지아파트 미화반장 모집,"[""CLEANING_TASK""]",validation
신동탄포레자이 아파트 미화원 구인,"[""CLEANING_TASK""]",validation
운암동 중외공원 모아미래도 아파트 외곽미화원 모집,"[""CLEANING_TASK""]",validation
서초구 서초동 서초프라임헤센아파트 미화원 모집,"[""CLEANING_TASK""]",validation
서초구 건물 청소 미화원 채용,"[""CLEANING_TASK""]",validation
[죽전동] 꽃메마을 아이파크 2차아파트 미화원 모집,"[""CLEANING_TASK""]",validation
[공기업 자회사]지케이엘위드(외국인전용카지노) 채용 공고 - 서울드래곤시티점(미화) 부문,"[""CLEANING_TASK""]",validation
아파트 미화팀장 채용,"[""CLEANING_TASK""]",validation
[의정부/가능동] 아파트 미화원 구인(복지카드 우대),"[""CLEANING_TASK""]",validation
방서동중흥S클래스 아파트 외곽 미화원 채용합니다.,"[""CLEANING_TASK""]",validation
래미안아파트 미화원 구인(가장동),"[""CLEANING_TASK""]",validation
나주 빛가람LH1단지 아파트 미화원 채용합니다.(장애인등록증 또는 장애인복지카드 소지자 우대),"[""CLEANING_TASK""]",validation
이천 사동6차현대아파트 실내미화원 모집합니다,"[""CLEANING_TASK""]",validation
(안산역)트리플렉스상가 미화원 모집,"[""CLEANING_TASK""]",validation
춘천센트럴타워아파트 미화원,"[""CLEANING_TASK""]",validation
서봉마을모아엘가 아파트 내부 미화원 구인(복지카드 우대),"[""CLEANING_TASK""]",validation
경기 광주역 금호리첸시아 아파트 미화원 모집,"[""CLEANING_TASK""]",validation
미화원모집 (잠실 한신코아 ),"[""CLEANING_TASK""]",validation
사무보조 및 운전직 구인 [이메일지원요망/전화문의 사절],"[""DRIVING"", ""OFFICE_TASK""]",validation
아파트 미화원 (덕소주공 1단지 ),"[""CLEANING_TASK""]",validation
사회복지사사/요양보호사 채용공고(이동목욕사업 담당자),"[""CARE_TASK""]",validation
공무직근로자(시설관리원-영선반) 채용,"[""FACILITY_MAINTENANCE""]",validation
세종 한뜰마을 2단지 더샵센트럴시티 아파트 미화원 채용합니다.(장애인등록증 또는 장애인복지카드 소지자 우대),"[""CLEANING_TASK""]",validation
[평촌자이아이파크]외곽미화원 구인,"[""CLEANING_TASK""]",validation
이마트 강릉점  환경미화원 구인(장애인 병행구인),"[""CLEANING_TASK""]",validation
(동삭동)센트럴자리2단지 아파트 미화원 채용,"[""CLEANING_TASK""]",validation
부평3주구 현대 아파트 미화원(내부) 구인 (복지카드 우대),"[""CLEANING_TASK""]",validation
[풍덕천동]신정마을 성지아파트 미화원,"[""CLEANING_TASK""]",validation
3D측정 및 사무보조 채용,"[""OFFICE_TASK""]",validation
[다산동] 아파트 미화원 구인,"[""CLEANING_TASK""]",validation
[중구 신흥동] 은행 미화원 구인,"[""CLEANING_TASK""]",validation
사회적기업 기획홍보팀(온라인몰 운영/기획·홍보·마케팅/사무보조) 팀원 모집,"[""OFFICE_TASK""]",validation
[해병대군수단] 공무직 근로자 채용&lt;시설관리원-목공&gt;,"[""FACILITY_MAINTENANCE""]",validation
[육군 제5019부대] 미화 공무직 근로자 채용(옥천/괴산),"[""CLEANING_TASK""]",validation
[장애인 채용] 사무보조원 구인,"[""OFFICE_TASK""]",validation
아워홈 용인1공장 미화 직원 채용[단기근무가능!],"[""CLEANING_TASK""]",validation
잠실역[롯데월드타워 &몰 ]미화사원 모집,"[""CLEANING_TASK""]",validation
청소직원 모집,"[""CLEANING_TASK""]",validation
[2025 하나 JOB 매칭 페스타]인천 화물조업 및 지게차 운전(조업병행) 담당자 근무자 모집,"[""DRIVING""]",validation
분당 장미마을 현대아파트 내부 미화원 채용합니다.(장애인등록증 또는 장애인복지카드 소지자 우대),"[""CLEANING_TASK""]",validation
[염창동] 염창강변한솔파크 아파트 미화원 모집,"[""CLEANING_TASK""]",validation
[용인시 처인구 모현읍] 청소 미화원 모집,"[""CLEANING_TASK""]",validation
[퇴계원] 금호어울림아파트_외곽미화원,"[""CLEANING_TASK""]",validation
의료기 납품 및배송관리 직원모집,"[""DRIVING""]",validation
[가락동] 헬리오시티아파트 미화원 구인,"[""CLEANING_TASK""]",validation
김포 대명항 수산물 타운 미화원 채용,"[""CLEANING_TASK""]",validation
[식사동 위시티 일산자이1단지] 외곽 청소원 모집,"[""CLEANING_TASK""]",validation
[인등산SK연수원] 미화주임 모집,"[""CLEANING_TASK""]",validation
포항초곡호반베르디움 아파트 외곽미화원 모집,"[""CLEANING_TASK""]",validation
[여성병원] 미화원 채용,"[""CLEANING_TASK""]",validation
미화/청소원 경력직 채용 - 안양 동안구 평촌G스퀘어빌딩,"[""CLEANING_TASK""]",validation
국립공주대학교 공주캠퍼스 미화원(6개월/기간제근로자) 채용 공고,"[""CLEANING_TASK""]",validation
중랑구 묵동 공감대 아파트 청소원 구인,"[""CLEANING_TASK""]",validation
벽산아파트6단지] 미화,"[""CLEANING_TASK""]",validation
수원 비단마을 베스트타운아파트 내부 미화원 채용합니다.(장애인등록증 또는 장애인복지카드 소지자 우대),"[""CLEANING_TASK""]",validation
구일 우성아파트 내부 미화원  채용합니다. (장애인등록증·복지카드 또는 상이등급 1~3급 우대),"[""CLEANING_TASK""]",validation
급) 시화주공5단지 아파트 미화원 모집,"[""CLEANING_TASK""]",validation
경상북도청소년육성재단 성문화센터 시간제강사(기간제) 채용공고,"[""CLEANING_TASK""]",validation
정릉풍림아이원 아파트 미화원 모집,"[""CLEANING_TASK""]",validation
주5일] 인천 부평 부개동 건설현장 사무실  미화원 모집,"[""CLEANING_TASK""]",validation
강남구 신사동 피부과 청소원 모집,"[""CLEANING_TASK""]",validation
코바코파트너스 코바코연수원(경기도 양평군) 미화원 채용,"[""CLEANING_TASK""]",validation
경남지체장애인협회 마산지회 장애인특별운송수단(휠체어택시) 기사 모집,"[""DRIVING""]",validation
［채용대행］ 중산마을9단지 미화원 모집,"[""CLEANING_TASK""]",validation
대주파크빌1차아파트 미화원 채용 (복지카드 소지자 우대),"[""CLEANING_TASK""]",validation
수원 풍림 신안아파트 미화원 채용합니다.(장애인등록증 또는 장애인복지카드 소지자 우대),"[""CLEANING_TASK""]",validation
장량휴먼시아 아파트 미화직 채용 (장애인 병행채용),"[""CLEANING_TASK""]",validation
하갈동 아파트 청소원 모집,"[""CLEANING_TASK""]",validation
부산환경공단 중앙사업소 청소원 모집,"[""CLEANING_TASK""]",validation
아파트 실내 미화원,"[""CLEANING_TASK""]",validation
해운대 대우 마리나 미화원 채용합니다.,"[""CLEANING_TASK""]",validation
5톤 하이카트럭 운전기사모집,"[""DRIVING""]",validation
[[ 수원 망포 ]] 영통아이파크캐슬1단지 외곽 미화원 채용(복지카드 소지자 우대),"[""CLEANING_TASK""]",validation
[이천대신푸른마을아파트 미화원 구인],"[""CLEANING_TASK""]",validation
건물청소(소독)원 채용,"[""CLEANING_TASK""]",validation
홍성 내포 효성해링턴플레이스 내부 미화원 채용합니다.(장애인등록증 또는 장애인복지카드 소지자 우대),"[""CLEANING_TASK""]",validation
[ 양주푸른힐요양원 ] 요양보호사 선생님 (주주야야) 모집합니다.,"[""CARE_TASK""]",validation
인천 루원시티 센트럴타운 아파트 내부 미화원 채용합니다.(장애인등록증 또는 장애인복지카드 소지자 우대),"[""CLEANING_TASK""]",validation
대전 은행동 중앙로역 인근 흥국생명 건물 미화원 모집(흥국생명 대전지사),"[""CLEANING_TASK""]",validation
청소원(실내)모집-동두천 송내주공5단지 아파트,"[""CLEANING_TASK""]",validation
[다산동] 다산리버펠리체 아파트 실내미화원 구인,"[""CLEANING_TASK""]",validation
구로구 구일 우성아파트 미화원  채용합니다. (장애인등록증 또는 장애인 복지카드 소지자 우대),"[""CLEANING_TASK""]",validation
"[신입,경력]경리,사무보조 담당자 채용","[""OFFICE_TASK""]",validation
호텔여기어때 양산 야간관리실장,"[""NIGHT_SHIFT""]",validation
사회복지시설 운전원 채용 공고 (*사회복지사 우대*),"[""DRIVING""]",validation
일신주공 아파트 내부 미화원 구인 (복지카드 우대),"[""CLEANING_TASK""]",validation
강진의료원 내 미화원 모집,"[""CLEANING_TASK""]",validation
마장면 호반베르디움 2차 아파트 미화원 채용,"[""CLEANING_TASK""]",validation
［삼송동］   아파트 실내미화원 모집,"[""CLEANING_TASK""]",validation
병원시설 청소 미화원 모집(장애인 우대),"[""CLEANING_TASK""]",validation
**모란역 인근 빌딩 성신한방병원 미화원 모집**,"[""CLEANING_TASK""]",validation
모락산현대아파트 미화원 구인(복지카드소지자 우대),"[""CLEANING_TASK""]",validation
감만동 요양보호사님 모십니다.,"[""CARE_TASK""]",validation
[채용대행] 푸른마을6단지 아파트 미화원 모집,"[""CLEANING_TASK""]",validation
[삼각지] 용산이편한세상아파트 미화원 모집,"[""CLEANING_TASK""]",validation
[재공고] 부천시장애인생활이동지원센터 운전원 모집공고,"[""DRIVING""]",validation
덕정주공1단지 아파트 미화원 구인,"[""CLEANING_TASK""]",validation
[퇴계원] 금호어울림아파트_실내미화원,"[""CLEANING_TASK""]",validation
군포 당동주공3단지 아파트 미화원 채용합니다.(장애인등록증 또는 장애인복지카드 소지자 우대),"[""CLEANING_TASK""]",validation
[인계동] 병원 미화원구인(급구),"[""CLEANING_TASK""]",validation
아파트 미화원 6명 구인합니다.,"[""CLEANING_TASK""]",validation
미화원 채용(도담고등학교),"[""CLEANING_TASK""]",validation
주교동 세창아파트 미화원 모집,"[""CLEANING_TASK""]",validation
[급구] 경기도 안양시 아파트 미화원 채용 (복지카드 우대),"[""CLEANING_TASK""]",validation
[구의동] 은행 미화원 구인,"[""CLEANING_TASK""]",validation
이천 자이더파크아파트 외곽미화원을 모집합니다.,"[""CLEANING_TASK""]",validation
춘천 롯데캐슬스카이클래스 내부 미화원 채용합니다.(장애인등록증 또는 장애인복지카드 소지자 우대),"[""CLEANING_TASK""]",validation
강매역 서정마을6단지 아파트 내부 미화원 채용합니다.(장애인등록증 또는 장애인복지카드 소지자 우대),"[""CLEANING_TASK""]",validation
영종풍림 6-1 아파트 내부 미화원 채용,"[""CLEANING_TASK""]",validation
동래 요양보호사 모십니다,"[""CARE_TASK""]",validation
반정 아이파크4단지 아파트 청소원 모집(화성시),"[""CLEANING_TASK""]",validation
경희궁 롯데캐슬 미화원 모집,"[""CLEANING_TASK""]",validation
포승 제2함대 서해회관 청소직 구함,"[""CLEANING_TASK""]",validation
[산본]이편한세상 센트럴파크아파트 실내미화원 구인,"[""CLEANING_TASK""]",validation
자동차부품회사 현장정리 및 청소 담당 직원 모집,"[""CLEANING_TASK""]",validation
양주서희스타힐스 아파트 청소미화원 채용(복지카드소지자 우대),"[""CLEANING_TASK""]",validation
소하7단지아파트 외곽청소원 모집,"[""CLEANING_TASK""]",validation
[성남시 고등동] 현대지식산업센터 미화사원 모집,"[""CLEANING_TASK""]",validation
주5 포승 평택 쿠팡 물류센터 파지 정리원(주간/심야),"[""NIGHT_SHIFT""]",validation
[미사강변 호반써밋] 아파트 청소원 모집,"[""CLEANING_TASK""]",validation
미화원 급 구인,"[""CLEANING_TASK""]",validation
[분당]SK유타워 건물 미화원 모집,"[""CLEANING_TASK""]",validation
사무보조,"[""OFFICE_TASK""]",validation
판교 대광로제비앙아파트  미화원 구인(복지카드소지자 우대),"[""CLEANING_TASK""]",validation
광장극동2차아파트 청소원 모집,"[""CLEANING_TASK""]",validation
[신내역 프라디움더테라스 오피스텔] 내부 공용부 청소직 모집,"[""CLEANING_TASK""]",validation
★급구★ [울산 코리아에너지터미널 KET] 미화사원 모집,"[""CLEANING_TASK""]",validation
경상북도청소년남자쉼터 야간상담원(기간제) 채용 공고,"[""CLEANING_TASK"", ""NIGHT_SHIFT""]",validation
"시내버스 운전원 모집(무료 기숙사, 민영제 노선 공영제 전환 확정)","[""DRIVING""]",validation
등촌주공5단지아파트 외곽 미화원 채용,"[""CLEANING_TASK""]",validation
용인행정타운 두산 위브 3단지 미화원 채용,"[""CLEANING_TASK""]",test
[신장동 백송한신아파트] 내부 미화원,"[""CLEANING_TASK""]",test
[양정동] 대원칸타빌멤버스아파트 미화 모집,"[""CLEANING_TASK""]",test
장애인 교통약자 휠체어택시 헤이드 운전기사님을 모집합니다.,"[""DRIVING""]",test
e편한세상 옥정메트로포레 미화원 모집,"[""CLEANING_TASK""]",test
[가람마을3단지] 외곽청소원 구인,"[""CLEANING_TASK""]",test
건설현장 사무실 및 직원 숙소 미화원 모집,"[""CLEANING_TASK""]",test
미사 라파르코 미화원 구인,"[""CLEANING_TASK""]",test
미화 직원 모집(민국상호저축은행),"[""CLEANING_TASK""]",test
계근업무 및 순찰담당자 모집(컴퓨터사용가능자),"[""WALKING""]",test
"GS편의점 간편식 생산사원 모집(장애인,주간/야간 택일)","[""NIGHT_SHIFT""]",test
상가건물 미화원 모집,"[""CLEANING_TASK""]",test
더크로스비GC골프장 미화/현관/락카사원 모집,"[""CLEANING_TASK""]",test
분당 이매9단지 동신 아파트 내부 미화원 채용합니다.(장애인등록증 또는 장애인복지카드 소지자 우대),"[""CLEANING_TASK""]",test
교통약자이동지원(장애인행복콜택시) 운전원 모집,"[""DRIVING""]",test
(주)포롤텍 회계/경리 사무보조원,"[""OFFICE_TASK""]",test
[오남읍] 유호 아파트 미화원 모집,"[""CLEANING_TASK""]",test
역삼럭키 아파트 미화원 구인,"[""CLEANING_TASK""]",test
포항 효자풍림아이원 외곽 미화원 모집,"[""CLEANING_TASK""]",test
[ 권선구 권선동 ]풍림신안 아파트 내부미화원 채용합니다.(장애인등록증 또는 장애인복지카드 소지자 우대),"[""CLEANING_TASK""]",test
송산에이치이 휠로더 운전원 모집합니다.,"[""DRIVING""]",test
[아워홈제천] 외곽 미화원 채용,"[""CLEANING_TASK""]",test
김포 썬앤빌더킹 오피스텔 미화원 구인(구래동),"[""CLEANING_TASK""]",test
통진읍 백석마을 신일 해피느리 아파트 미화원 구인합니다.,"[""CLEANING_TASK""]",test
"가스 검침 및 안전점검, 가스배달 모집","[""DRIVING""]",test
[긴급] 서울시립상이군경복지관 직원 채용 재공고(운전기사),"[""DRIVING""]",test
KT범일빌딩 전기시설 관리원 모집,"[""FACILITY_MAINTENANCE""]",test
[육군 제3609부대] 공무직 근로자(청소관리원) 채용 공고,"[""CLEANING_TASK""]",test
신정이펜하우스1단지아파트 미화원 채용,"[""CLEANING_TASK""]",test
국방부근무지원단 공무직근로자(실내미화원) 채용(26-7차),"[""CLEANING_TASK""]",test
아파트 내부 미화원 구인(왕길동),"[""CLEANING_TASK""]",test
LG메트로시티아파트 미화원 채용합니다.,"[""CLEANING_TASK""]",test
안양무역센타 미화원 모집,"[""CLEANING_TASK""]",test
"동대문 팀204 빌딩 미화근무자(야간,주6일) 모집","[""CLEANING_TASK"", ""NIGHT_SHIFT""]",test
(안양 어반포레자연앤이편한세상 3단지) 아파트 단지 내부청소 구인,"[""CLEANING_TASK""]",test
"평택 삼성반도체 P1 외곽,스막,야간청소 미화원 채용 ""서정동행정복지센터 상설면접 채용행사 에정 ""","[""CLEANING_TASK"", ""NIGHT_SHIFT""]",test
공무직근로자 채용 (미화원),"[""CLEANING_TASK""]",test
미화원 채용 (율하굿프라임2차),"[""CLEANING_TASK""]",test
동탄2 신안인스빌리베라 1차 아파트 미화반장 모집(복지카드소지자 우대),"[""CLEANING_TASK""]",test
[서교동] 빌딩 운전가능 경비원 구인,"[""DRIVING""]",test
인천검단AB2블럭 현장부지 미화원 구인,"[""CLEANING_TASK""]",test
임원마을 영화1차 아파트 미화원 구인,"[""CLEANING_TASK""]",test
[수지구 성복역]롯데캐슬골드타운 미화원모집,"[""CLEANING_TASK""]",test
미화원 구함-판교 봇들마을9단지아파트 내 휘트니스,"[""CLEANING_TASK""]",test
원흥아이제일병원 미화직원 채용,"[""CLEANING_TASK""]",test
아이돌봄사 정기모집 2차,"[""CARE_TASK""]",test
한가람세경아파트 미화원 채용합니다.,"[""CLEANING_TASK""]",test
[식사동] 일산자이2차 아파트 미화원 채용,"[""CLEANING_TASK""]",test
(강북구 번동 2단지 인근) 요양보호사 모집,"[""CARE_TASK""]",test
수진마을 우미이노스빌아파트 미화원 채용,"[""CLEANING_TASK""]",test
미추홀구 학익동 시티오씨엘 1단지 아파트 외곽 청소,"[""CLEANING_TASK""]",test
[수지구]아파트(외곽)청소원 모집-광교레이크포레,"[""CLEANING_TASK""]",test
[금촌동] 새꽃마을 1단지 아파트 청소원 모집,"[""CLEANING_TASK""]",test
풍무동 길훈 아파트 미화원 모집,"[""CLEANING_TASK""]",test
일진제강(주) 임실사업장 환경미화직 채용,"[""CLEANING_TASK""]",test
[비산동 평촌자이아이파크] 실내미화반장 채용,"[""CLEANING_TASK""]",test
성서대백창신한라타운 미화원 구함,"[""CLEANING_TASK""]",test
과천 자이 아파트 미화직,"[""CLEANING_TASK""]",test
[나나성형외과] 신논현역 도보1분 인근 성형외과 *워싱담당 미화* 모집 (1명),"[""CLEANING_TASK"", ""WALKING""]",test
파주드림요양병원 미화부 직원 채용합니다.,"[""CLEANING_TASK""]",test
"2026년 김제시 일자리 박람회？？ 김제휴게소, 미화원 모집","[""CLEANING_TASK""]",test
(급)제주성산 특급호텔리조트 시설관리 등 3명 모집,"[""FACILITY_MAINTENANCE""]",test
[영천 금호읍] 청소 청소원 모집,"[""CLEANING_TASK""]",test
꽃메마을 아이파크2차 청소원 모집,"[""CLEANING_TASK""]",test
동탄2 신안인스빌리베라 아파트 내부미화원 모집(복지카드소지자 우대),"[""CLEANING_TASK""]",test
[푸른마을 두산위브아파트] 내부 미화원 채용,"[""CLEANING_TASK""]",test
구성더포레스트 외곽 미화원 구인(복지카드 우대),"[""CLEANING_TASK""]",test
[채용대행] 백석동 백송마을5단지아파트 내부미화원 모집,"[""CLEANING_TASK""]",test
(장애인 병행 채용) 아파트 미화원 모집,"[""CLEANING_TASK""]",test
아파트 미화원 구인,"[""CLEANING_TASK""]",test
[(사)부산항시설관리센터] 직원(단순계약직-미화) 채용 공고,"[""CLEANING_TASK"", ""FACILITY_MAINTENANCE""]",test
운서sk뷰 스카이시티 외곽미화원 구인,"[""CLEANING_TASK""]",test
중계브라운스톤 아파트 팀장 구인(미화원 총 12명),"[""CLEANING_TASK""]",test
서초구 서초래미안상가 미화원 모집,"[""CLEANING_TASK""]",test
행당역 행당한진타운 아파트 내부미화원 채용합니다. (장애인등록증·복지카드 또는 상이등급 1~3급 우대),"[""CLEANING_TASK""]",test
"갈산두산아파트 미화원2명, 외곽1명 모집","[""CLEANING_TASK""]",test
[신정동] 오목교 목동현대아파트 미화원 구인(복지카드우대),"[""CLEANING_TASK""]",test
대연동 푸르지오아파트 미화원 채용합니다.(장애인등록증 또는 장애인복지카드 소지자 우대),"[""CLEANING_TASK""]",test
[송산동] 화성시 원광종합병원 내부 미화원 채용,"[""CLEANING_TASK""]",test
2024년 안성시 아이돌봄지원사업 채용 공고 (자격소지자 수시채용 공고),"[""CARE_TASK""]",test
[(주)일지테크] 시설관리직 채용 (준고령자 이상 채용),"[""FACILITY_MAINTENANCE""]",test
[용인 동백]초당마을 3단지 아파트 미화원 구인(복지카드우대),"[""CLEANING_TASK""]",test
영통효성해링턴플레이스 아파트 외곽 미화원 구인(복지카드 우대),"[""CLEANING_TASK""]",test
[8월19일(수) 구인구직 만남의날 참여업체]  김포한강메트로자이1단지 미화팀장 구인,"[""CLEANING_TASK""]",test
[대야동] 시흥 은행 미화원 구인,"[""CLEANING_TASK""]",test
공무직 근로자채용 복지시설 객실청소원 채용,"[""CLEANING_TASK""]",test
더샵스타시티아파트 청소원 모집,"[""CLEANING_TASK""]",test
건설현장(일산역 부근) 사무실 청소원 모집,"[""CLEANING_TASK""]",test
"서초구 교보타워 빌딩시설관리(기계설비,전기) 모집","[""FACILITY_MAINTENANCE""]",test
아파트청소원(백운밸리 제일풍경채4단지) /,"[""CLEANING_TASK""]",test
[수청동]호반써밋라테라스 내부미화원,"[""CLEANING_TASK""]",test
"경리 행정직, 경비 미화원 등 200명 이상 급여 작업 등 가능자 (경기도 분당구 야탑역 소재)","[""CLEANING_TASK""]",test
영종자이 내부 미화(근무시간 협의),"[""CLEANING_TASK""]",test
광교복합체육센터 환경미화원 채용공고(남1),"[""CLEANING_TASK""]",test
한강현대아파트 미화원 구인,"[""CLEANING_TASK""]",test
2024년 안성시 아이돌봄지원사업 아이돌보미 1차 채용 공고 (양성교육 수료자),"[""CARE_TASK""]",test
"[압구정역 3번출구 도보 1분] 이소니프라자 주차 관리원 모집( 격일제, 월급 169만원)","[""WALKING""]",test
김포 썬앤빌더킹 오피스텔 미화원 구인(김포구래동),"[""CLEANING_TASK""]",test
아파트 내부미화원 채용(만수동),"[""CLEANING_TASK""]",test
▶ 남구 봉덕동 ◀ 재가요양보호사 채용,"[""CARE_TASK""]",test
*[청담동]아파트청소원(실내)모집-청담아이파크아파트,"[""CLEANING_TASK""]",test
[평내동] 평내마을 주공아파트 실내미화원 모집,"[""CLEANING_TASK""]",test
국립공주대학교 공주캠퍼스 미화원(기간제근로자) 채용 공고,"[""CLEANING_TASK""]",test
(노원구 월계동 극동아파트 ) 요양보호사 모집 (3등급  여자어르신),"[""CARE_TASK""]",test
미화 모집  (단기 계약직),"[""CLEANING_TASK""]",test
[연희파크푸르지오아파트] 내부청소 구인,"[""CLEANING_TASK""]",test
[진관동] 은평스카이뷰 자이 내부 청소원 모집,"[""CLEANING_TASK""]",test
[육군 제25보병사단] 공무직근로자(시설관리원) 채용공고,"[""FACILITY_MAINTENANCE""]",test
영통아이파크캐슬1단지 아파트 외곽청소 미화원 모집,"[""CLEANING_TASK""]",test
[동백] 블레싱타워 미화원 채용 (오전근무),"[""CLEANING_TASK""]",test
코바코파트너스 광고문화회관(잠실) 미화 직원 공개경쟁 채용,"[""CLEANING_TASK""]",test
향촌현대5차 미화원 구인,"[""CLEANING_TASK""]",test
구일 우성아파트 내부 미화원  채용합니다. (장애인등록증 또는 장애인 복지카드 소지자 우대),"[""CLEANING_TASK""]",test
면목풍림 아파트청소 미화원,"[""CLEANING_TASK""]",test
[강서구] 마곡원그로브 오피스 미화사원,"[""CLEANING_TASK""]",test
춘천 롯데캐슬스카이클래스 미화원 채용합니다.(장애인등록증 또는 장애인복지카드 소지자 우대),"[""CLEANING_TASK""]",test
[별내동] 별빛마을3단지 외곽 미화원 구인,"[""CLEANING_TASK""]",test
헌법재판소 근로자(환경미화직) 채용 공고,"[""CLEANING_TASK""]",test
만수한국아파트 내부 미화원 채용합니다.,"[""CLEANING_TASK""]",test
광명 하안주공8단지 아파트 미화원 구인,"[""CLEANING_TASK""]",test
교통약자 이동지원 장애인 휠체어택시 헤이드 전문 운전기사님 모집,"[""DRIVING""]",test
부천시청역 인근 관리반장 모집(일근직/ 월급여 240만/ 부천시청역 도보2분거리/ 부천새롬프라자),"[""WALKING""]",test
[영덕동 흥덕마을]아파트 미화원 채용,"[""CLEANING_TASK""]",test
창원장애인생활이동지원센터 운전원 채용 합니다.,"[""DRIVING""]",test
[남포동] 야간 미화원 채용,"[""CLEANING_TASK"", ""NIGHT_SHIFT""]",test
부천시청역 인근 관리반장 모집(일근직/ 월급여 172만/ 부천시청역 도보2분거리/ 부천새롬프라자),"[""WALKING""]",test
[용인 기흥] 한보라 더힐아파트 실내 미화원 채용 (장애인등록증 또는 장애인복지카드 소지자 우대)],"[""CLEANING_TASK""]",test
동백동 동보노빌리티 아파트 미화원 구인,"[""CLEANING_TASK""]",test
[강북구 삼양동] sk북한산시티아파트 실내미화  구인,"[""CLEANING_TASK""]",test
마곡금호어울림아파트 내부 미화원 채용.(복지카드 소지자 우대),"[""CLEANING_TASK""]",test
2022년 노인맞춤돌봄서비스사업 수행인력 채용공고(생활지원사),"[""CARE_TASK""]",test
[유성구청 채용대행] 대덕테크노밸리5단지 아파트 미화원 채용합니다.(장애인복지카드 소지자 우대),"[""CLEANING_TASK""]",test
[다산동] 다산지금경기행복주택 외곽 미화원 구인,"[""CLEANING_TASK""]",test
[미화원] 다산한양수자인리버팰리스 미화원 모집,"[""CLEANING_TASK""]",test
한우리노인복지센터 정촌면 예하리 요양보호사 모집,"[""CARE_TASK""]",test
[식사동] 일산자이3차 아파트 내부 미화원 모집,"[""CLEANING_TASK""]",test
힐스테이트뉴포레 아파트 외각미화원 모집,"[""CLEANING_TASK""]",test
[삼성스토어 분당점] 미화 근무자 (1분) 모집,"[""CLEANING_TASK""]",test
태릉해링턴플레이스 아파트 미화원 구인,"[""CLEANING_TASK""]",test
파주 문산양우내안애 아파트 내부 미화원 채용합니다.(장애인등록증 또는 장애인복지카드 소지자 우대),"[""CLEANING_TASK""]",test
아파트 미화원 채용[죽전동],"[""CLEANING_TASK""]",test
오피스텔 미화원 구인,"[""CLEANING_TASK""]",test
경비지도사/경비/미화,"[""CLEANING_TASK""]",test
본사 사무실/빌딩 오전근무 미화원 모집,"[""CLEANING_TASK""]",test
까뮤)천안 오피스텔 야간 경비원 모집,"[""NIGHT_SHIFT""]",test
장항동 코오롱레이크폴리스 오피스텔 외곽 미화원 모집,"[""CLEANING_TASK""]",test
별내아이파크 청소원 구인,"[""CLEANING_TASK""]",test
고양 삼송LH 원흥마을12단지 아파트 미화원 모집,"[""CLEANING_TASK""]",test
신보운영관리(주) 신용보증기금 대전지점 시설관리직 정규직 채용,"[""FACILITY_MAINTENANCE""]",test
(송도)더샵송도트리플타워 미화원 모집(복지카드 소지자 우대합니다.),"[""CLEANING_TASK""]",test
(강일동)강동리버스트8단지A 청소원 모집,"[""CLEANING_TASK""]",test
[역촌동]빌딩계단 청소원 모집,"[""CLEANING_TASK""]",test
성남 봇들마을4단지 아파트 미화원 채용합니다.(장애인등록증 또는 장애인복지카드 소지자 우대),"[""CLEANING_TASK""]",test
아파트 시설관리기사 모집,"[""FACILITY_MAINTENANCE""]",test
[청담삼환아파트] 미화원채용,"[""CLEANING_TASK""]",test
[경북 경주시 건천읍] 건천(상행)휴게소 환경미화원1명 모집,"[""CLEANING_TASK""]",test
제주특별자치도보조기기센터 신규인력 채용 계획 공고,"[""WALKING""]",test
"요양보호사 채용공고 / 단시간 요양보호사  채용공고 (상시, 장애인우대)","[""CARE_TASK""]",test
[퇴계원] 금호어울림아파트_외곽미화원 구인,"[""CLEANING_TASK""]",test
[미사강변골든센트로 아파트] 실내 미화원 구인,"[""CLEANING_TASK""]",test
성남 아름마을 건영아파트 미화원 모집합니다.(장애인등록증 또는 장애인복지카드 소지자 우대),"[""CLEANING_TASK""]",test
[분당]SK유타워 건물 미화업무,"[""CLEANING_TASK""]",test
아파트 남청소원모집의 건,"[""CLEANING_TASK""]",test
위수탁 365안신병동 요양보호사 1차 채용,"[""CARE_TASK""]",test
양산 대동황토방아파트 미화원 채용,"[""CLEANING_TASK""]",test
공장 미화원 구인,"[""CLEANING_TASK""]",test
충북 청주 스타에이치 지식산업센터 미화반장 모집,"[""CLEANING_TASK""]",test
소백그린(주) [외곽 청소원] 채용,"[""CLEANING_TASK""]",test
광교호수마을 참누리레이크아파트 미화원 채용,"[""CLEANING_TASK""]",test
목동 현대하이페리온 2차 아파트 외곽 (2명) 및  내부 (1명 ) 미화원 채용합니다. ** 외곽 미화원은 채용완료 **,"[""CLEANING_TASK""]",test
[광주/주간/주5] 물류센터 미화원 채용,"[""CLEANING_TASK""]",test
[외동 일동한신] 미화원 모집,"[""CLEANING_TASK""]",test
대륭테크노타운 8차 미화/외곽미화 채용,"[""CLEANING_TASK""]",test
강북구 미아역 인근에서 근무하실 성실한 요양보호사님을 모집합니다,"[""CARE_TASK""]",test
"(중앙동, 신흥역 하늘채 랜더스원 1단지) 실내미화원 모집합니다.","[""CLEANING_TASK""]",test
학익동 아파트 외곽 미화원 모집,"[""CLEANING_TASK""]",test
[학암동- 위례그린파크푸르지오] 아파트 외곽 청소원 모집,"[""CLEANING_TASK""]",test
[중동] 어정마을 서희삼정아파트 미화원 채용,"[""CLEANING_TASK""]",test
빌딩 시설관리 기사 구인,"[""FACILITY_MAINTENANCE""]",test
[미사강변 동원로얄듀크] 아파트 외곽청소원 모집,"[""CLEANING_TASK""]",test
철산KBS우성아파트미화구인,"[""CLEANING_TASK""]",test
[대구점] (주)쥬비스다이어트 미화원/청소 채용(정규직전환가능),"[""CLEANING_TASK""]",test
함께일할 식자재 배송/납품 직원 구합니다.,"[""DRIVING""]",test
경기도 과천 빌딩시설관리(전기선임) 담당 모집,"[""FACILITY_MAINTENANCE""]",test
▶ 동구 검사동 ◀ 재가요양보호사 채용,"[""CARE_TASK""]",test
우미린센트럴파크 아파트 미화원 구함,"[""CLEANING_TASK""]",test
풍무동 꿈에그린 더포레듀4단지 외곽 미화 모집,"[""CLEANING_TASK""]",test
[호반베르디움센트럴포레] 아파트 내부 미화 구인,"[""CLEANING_TASK""]",test
시설관리 기계기사 모집(장애인 병행 채용),"[""FACILITY_MAINTENANCE""]",test
방이동 남광빌딩 청소 구인,"[""CLEANING_TASK""]",test
미화원모집 (배곧도서관),"[""CLEANING_TASK""]",test
요양병원 미화선생님 모십니다.,"[""CLEANING_TASK""]",test
판교노인종합복지관 환경미화원 모집 재공고,"[""CLEANING_TASK""]",test
경주시시설관리공단 국민체육센터 기간제근로자(체육강사·안전요원) 채용공고(제2021-39호,"[""FACILITY_MAINTENANCE""]",test
[수지 상현동] 만현마을 롯데캐슬아파트 외곽미화원 채용,"[""CLEANING_TASK""]",test
부평동 출퇴근 요양보호사님 모십니다.,"[""CARE_TASK""]",test
센트럴코아루아파트 외곽미화원을 모집합니다.,"[""CLEANING_TASK""]",test
아파트 외곽청소 모집 - 동탄 반도유보라 아이비파크 10.0 아파트,"[""CLEANING_TASK""]",test
속초 청초주공아파트 미화원 구인(급구),"[""CLEANING_TASK""]",test
[장애인 병행 채용](주)드림누리 야간 청소미화 직원 모집(마곡동),"[""CLEANING_TASK"", ""NIGHT_SHIFT""]",test
백송9단지 아파트 미화원 채용합니다.,"[""CLEANING_TASK""]",test
(주)정풍에서 성실하신 아파트 주간 미화원님을 모집합니다.,"[""CLEANING_TASK""]",test
분당구 야탑동 선경아파트 4등급 여자요양보호사모집,"[""CARE_TASK""]",test
서초래미안상가 시설관리원 모집,"[""FACILITY_MAINTENANCE""]",test
2024년 제3회 신규직원 공개채용 공고(기간제 휴직대체 시설관리보조원),"[""FACILITY_MAINTENANCE""]",test
KCC스위첸아파트 내부 미화원,"[""CLEANING_TASK""]",test
사무보조원 모집합니다.,"[""OFFICE_TASK""]",test
문산 힐스테이트1차 외곽 미화원 구인,"[""CLEANING_TASK""]",test
에덴재가복지센터 요양보호사 구인,"[""CARE_TASK""]",test
명륜동 출퇴근 요양보호사님 모십니다. [1등급 여 주6일  08:00-16:00 ],"[""CARE_TASK""]",test
[상봉동] 태영데시앙아파트 미화원 구인 공고,"[""CLEANING_TASK""]",test
"하이원리조트 (강원랜드) 내 사무보조 , 카페바리스타, 조리원 모집","[""OFFICE_TASK""]",test
[반월동] 신동탄포레자이 아파트 내부 미화원 구인,"[""CLEANING_TASK""]",test
[삼성전자판매(삼성스토어)북수원점] 미화 직원 모집,"[""CLEANING_TASK""]",test
[남양유업] 관리팀 사무보조 사원 모집,"[""OFFICE_TASK""]",test
수원시체육회 기간제근로자 채용 공고(서호체육센터 환경미화원),"[""CLEANING_TASK""]",test
[현대해상 천안사옥] 미화 직원 구인,"[""CLEANING_TASK""]",test
[파주] 상지석동 청소 미화원 모집 (대형 카페),"[""CLEANING_TASK""]",test
서울시 번동 소재 창강빌딩 미화사원 모집,"[""CLEANING_TASK""]",test
아세아제지 미화원 모집,"[""CLEANING_TASK""]",test
[역북동]푸르지오 아파트 외곽청소 모집,"[""CLEANING_TASK""]",test
[미화원] 다산한양수자인리버팰리스 미화원 모집(복지카드소지자우대),"[""CLEANING_TASK""]",test
위례포레자이 아파트 미화원 구인(복지카드우대),"[""CLEANING_TASK""]",test
[긴급]성남시 장애인 생활이동지원센터 직원(승합차 운전원) 채용 공고,"[""DRIVING""]",test
논현동 어진마을6단지 외곽 미화원 채용,"[""CLEANING_TASK""]",test
한국영상자료원 NCS기반 정규직(공무직) 환경미화 1인 제한경쟁(장애 또는 보훈) 블라인드 채용 공고,"[""CLEANING_TASK""]",test
[동천동] 더샵동천포레스트 아파트 외곽 미화원 구인,"[""CLEANING_TASK""]",test
[남양주 와부읍] 와부고등학교 야간(격일제) 경비원 구인합니다,"[""NIGHT_SHIFT""]",test
미화원 채용 (우진메디컬프라자),"[""CLEANING_TASK""]",test
우리W타워 미화 야간반 모십니다.,"[""CLEANING_TASK"", ""NIGHT_SHIFT""]",test
길음뉴타운11단지 외곽 청소원 구인,"[""CLEANING_TASK""]",test
[화정동] 별빛마을 9단지 아파트 내부미화원 구인,"[""CLEANING_TASK""]",test
연수대우1차 아파트 미화원 구인 (복지카드 우대),"[""CLEANING_TASK""]",test
힐스테이트 뉴포레 아파트 외곽 미화원 모집 (관악구-구로디지털단지역 부근),"[""CLEANING_TASK""]",test
상계2차 중앙하이츠 아파트 미화원 구인,"[""CLEANING_TASK""]",test
충무로 영상센터 시설관리 (전기기사) 모집,"[""FACILITY_MAINTENANCE""]",test
미화원 채용 (일광 프라우드 오피스텔),"[""CLEANING_TASK""]",test
주5일] 건설현장 사무실  미화원 모집,"[""CLEANING_TASK""]",test
청소(메이드)직원 구함,"[""CLEANING_TASK""]",test
[역북동] 푸르지오 외곽미화,"[""CLEANING_TASK""]",test
에버그린 우성아파트 미화원 모집,"[""CLEANING_TASK""]",test
[미화원] 다산동 미화원 모집,"[""CLEANING_TASK""]",test
당진 송악 경남아너스빌아파트 외곽 미화원 채용합니다.(장애인등록증 또는 장애인복지카드 소지자 우대),"[""CLEANING_TASK""]",test
[급구] 국립농사물품질관리원 안성지사 미화원 모집],"[""CLEANING_TASK""]",test
【26.10.7(수) 예산군일자리박람회 참여업체】 시설관리직 채용,"[""FACILITY_MAINTENANCE""]",test
쿠팡 호법물류센터 주간 미화원 모집,"[""CLEANING_TASK""]",test
[하남 영동스마트타워] 미화원 모집,"[""CLEANING_TASK""]",test
[은평구 진관동] 진관고등학교내 미화사원 채용합니다.,"[""CLEANING_TASK""]",test
서광아침의 빛 아파트 미화원구인,"[""CLEANING_TASK""]",test
[경향신문사 빌딩] 외곽청소 및 내부청소 미화직 모집,"[""CLEANING_TASK""]",test
동탄파크자이아파트 미화원-휘트니스 센터,"[""CLEANING_TASK""]",test
(파주 야당동) 더진빌딩 미화원 모집,"[""CLEANING_TASK""]",test
공무직 근로자(시설관리원) 채용시험 공고,"[""FACILITY_MAINTENANCE""]",test
노인맞춤돌봄서비스 사회복지사 모집합니다.,"[""CARE_TASK""]",test
장항동 코오롱레이크폴리스 오피스텔 미화원 모집,"[""CLEANING_TASK""]",test
등촌주공5단지아파트 청소 미화원 채용(복지카드 소지자 우대),"[""CLEANING_TASK""]",test
재가요양보호사 모집(북구 산격거주 여자 4등급 케어 하실 요양보호사 모집중입니다. ),"[""CARE_TASK""]",test
안성맞춤 가사돌봄지원사업 가사돌보미 채용 (상시모집),"[""CARE_TASK""]",test
조선소 천장크레인 운전원 구인,"[""DRIVING""]",test
[동탄 석우동] 이아이씨티코리아(주) 법인사옥 미화 구인,"[""CLEANING_TASK""]",test
울산경제일자리진흥원 2024년도 제4차 계약직 공개경쟁 채용(청사 전기시설관리),"[""FACILITY_MAINTENANCE""]",test
(은행동)아란트리아파트 미화원 구인,"[""CLEANING_TASK""]",test
영종자이 외곽미화 채용,"[""CLEANING_TASK""]",test
(급구) 본사 시설관리업무 관리감독 책임자 모집,"[""FACILITY_MAINTENANCE""]",test
아파트실내 미화원(동탄역신안인스빌리베라2차),"[""CLEANING_TASK""]",test
도래울파크뷰 아파트 외곽미화원 모집(탑승식청소차 운행가능자),"[""CLEANING_TASK""]",test
[진접읍] 진접센트레빌1단지 아파트 외곽 청소원 구인,"[""CLEANING_TASK""]",test
삼선 힐스테이트 아파트 미화원 채용합니다.(장애인등록증·복지카드 또는 상이등급 1~3급 우대),"[""CLEANING_TASK""]",test
"[주말, 공휴일 휴무] 경기안산  우리조명 구내식당 야간찬모 모집","[""NIGHT_SHIFT""]",test
아파트 미화원 구함- 한마음 삼성아파트,"[""CLEANING_TASK""]",test
미사강변 리버스위트칸타빌 실내 미화원 모집,"[""CLEANING_TASK""]",test
[토스뱅크] 역삼역 도보3분 빌딩 일부층  미화원 1명,"[""CLEANING_TASK"", ""WALKING""]",test
수원역부근 오피스텔(위더뷰)석간 미화원 모집,"[""CLEANING_TASK""]",test
2026년도 제1회 직원 공개채용 공고(공무직_단순노무원_야간경비),"[""NIGHT_SHIFT""]",test
[신봉동] 아파트 미화원 모집,"[""CLEANING_TASK""]",test
[대소면 일진다이아몬드] 미화원 모집,"[""CLEANING_TASK""]",test
제약회사 미화원 모집,"[""CLEANING_TASK""]",test
대화항공산업(주) [사천공장] 입출고관리 (화물차 및 지게차 운전),"[""DRIVING""]",test
"서부경찰서, 지구대 2곳 근무할 미화원 모집","[""CLEANING_TASK""]",test
신문배달원 모집,"[""DRIVING""]",test
[청계동] 아파트 미화원 모집,"[""CLEANING_TASK""]",test
[해군2함대]공무직근로자(청소관리원) 채용 공고,"[""CLEANING_TASK""]",test
［채용대행］ 삼송마을16단지 미화원 모집,"[""CLEANING_TASK""]",test
★주례동  출퇴근 요양보호사 구인합니다,"[""CARE_TASK""]",test
★용호동  요양보호사 구인합니다,"[""CARE_TASK""]",test
(수지) 만현마을쌍용1차아파트 외곽 미화원 채용,"[""CLEANING_TASK""]",test
화정동 별빛마을9단지 아파트 미화원 모집,"[""CLEANING_TASK""]",test
[다율동] 해오름8단지 운정자이더퍼스트 아파트 실내외 청소원 구인,"[""CLEANING_TASK""]",test
오피스텔 상가 미화원 구인합니다.,"[""CLEANING_TASK""]",test
[화서동] 꽃뫼버들마을LG 아파트 실내미화원 구인,"[""CLEANING_TASK""]",test
"산곡우성 1,2,3차아파트 미화(복지카드 우대)","[""CLEANING_TASK""]",test
[덕풍동 삼부르네상스] 아파트 실내미화원 모집,"[""CLEANING_TASK""]",test
[유니에스] 금호리조트 제주 미화원  모집,"[""CLEANING_TASK""]",test
[금곡동]금곡신미주 아파트 내부 미화원 구인,"[""CLEANING_TASK""]",test
아파트 실내미화원 구인,"[""CLEANING_TASK""]",test
"뚝섬전망문화콤플렉스 미화반장 구인(바닥청소기계운용가능자,복지카드소지자)","[""CLEANING_TASK""]",test
[역북동] 푸르지오아파트 실내미화원 채용,"[""CLEANING_TASK""]",test
건물 미화원 모집,"[""CLEANING_TASK""]",test
(제7021부대) 시설관리원 공무직근로자 모집,"[""FACILITY_MAINTENANCE""]",test
중산동 한양수자인 아파트 내부 미화원 구인,"[""CLEANING_TASK""]",test
[채용대행] 책향기마을14단지 우남퍼스트빌아파트 외곽 미화원 구인,"[""CLEANING_TASK""]",test
[수원 권선동 풍림신안아파트] 내부미화원 채용합니다.(장애인등록증 또는 장애인복지카드 소지자 우대),"[""CLEANING_TASK""]",test
[호계동]호계2차현대홈타운 아파트 청소원 모집,"[""CLEANING_TASK""]",test
[채용대행] 지축동 아파트 외곽청소원 모집,"[""CLEANING_TASK""]",test
[동탄2]아파트 미화원 모집,"[""CLEANING_TASK""]",test
동탄2 신안인스빌리베라 아파트 외곽미화원 모집,"[""CLEANING_TASK""]",test
[미사강변푸르지오2차] 아파트 실내 미화원 모집,"[""CLEANING_TASK""]",test
인천 센텀대광로제비앙아파트 미화원 구인,"[""CLEANING_TASK""]",test
"동대문 팀204 빌딩 미화근무자(야간,주5일) 모집","[""CLEANING_TASK"", ""NIGHT_SHIFT""]",test
[동래구 온천동] 동래 SK VIWE 아파트 미화원 채용,"[""CLEANING_TASK""]",test
[사리현동] 청소원 모집 (장애인채용),"[""CLEANING_TASK""]",test
하림그룹 (주)한강식품 지게차(출고지게차)운전원 모집(3톤미만 지게차면허 필수),"[""DRIVING""]",test
*[상갈역]청소원(실내미화)모집-금화마을4단지,"[""CLEANING_TASK""]",test
방화역 아파트  청소원 채용,"[""CLEANING_TASK""]",test
서산시가족센터 아이돌봄사 정기모집 3차,"[""CARE_TASK""]",test
서초동 크리스탈 와인컬렉션 미화원 채용,"[""CLEANING_TASK""]",test
한국석유관리원 업무지원직(미화) 채용 공고,"[""CLEANING_TASK""]",test
[초량동] 부산항 e편한세상 외곽미화원 채용,"[""CLEANING_TASK""]",test
길음동부센트레빌 아파트 청소원 구인,"[""CLEANING_TASK""]",test
[수원]아파트청소원(실내)모집_수원화서하늘채위브,"[""CLEANING_TASK""]",test
소래포구역 논현푸르지오 더퍼스트 아파트 미화반장 채용합니다.(장애인등록증 또는 장애인복지카드 소지자 우대),"[""CLEANING_TASK""]",test
(인천 영종도) 클럽72 골프연습장 일근 시설관리직원 채용,"[""FACILITY_MAINTENANCE""]",test
택시 운전원 모집,"[""DRIVING""]",test
[비봉] 예미지 센트럴에듀 아파트 청소차 운전원 구인,"[""CLEANING_TASK"", ""DRIVING""]",test
"[인천공항시설관리(주)] 2022년 제1차 정기채용(현장사업직, 보훈특별고용, 일반직)","[""FACILITY_MAINTENANCE""]",test
[삼가동]진우아파트 내부 미화원 모집,"[""CLEANING_TASK""]",test
아파트  미화원 내부 외부 구인,"[""CLEANING_TASK""]",test
최중증 발달장애인 통합돌봄서비스 제공인력 채용재공고,"[""CARE_TASK""]",test
아파트 미화원 채용(부평/내부),"[""CLEANING_TASK""]",test
[충남연구원] 2026년 제1회 직원 공개채용 공고(환경미화),"[""CLEANING_TASK""]",test
[용인 수지]아파트 청소원(실내)모집_서원마을현대홈타운,"[""CLEANING_TASK""]",test
평택 아파트 커뮤니티 청소 미화 요원 구인,"[""CLEANING_TASK""]",test
[동구 신천동] 재가요양보호사 구인,"[""CARE_TASK""]",test
고양시장애인종합복지관 운전원-육아휴직 대체인력 채용 공고,"[""DRIVING""]",test
초원한양아파트 미화원 채용합니다.,"[""CLEANING_TASK""]",test
복합건물 외곽미화원 구인,"[""CLEANING_TASK""]",test
[처인 삼가동] 용인행정타운 두산위브 3단지 실내미화원 채용,"[""CLEANING_TASK""]",test
미아두산위브트레지움 아파트 미화원 구인,"[""CLEANING_TASK""]",test
"[수내역도보 5분] 대명상가 시설대리 모집(월급275, 격일제, 영선업무가능자)","[""WALKING""]",test
[서현동] 효자촌프라자 시설관리원 채용(복지카드소지자 우대),"[""FACILITY_MAINTENANCE""]",test
요양병원 미화원 모심,"[""CLEANING_TASK""]",test
"시내버스, 버스기사, 운전기사 모집","[""DRIVING""]",test
봇들마을 3단지 외곽 미화원 모집 (성남시 분당구),"[""CLEANING_TASK""]",test
[광교 하동] SK뷰 미화원 채용(복지카드소지자 우대),"[""CLEANING_TASK""]",test
[동구 효목동] 재가요양보호사 구인,"[""CARE_TASK""]",test
아파트 미화원 모집공고,"[""CLEANING_TASK""]",test
(동탄)NHF경남아너스빌 아파트 미화원 채용,"[""CLEANING_TASK""]",test
병원 일반청소 미화원 모집합니다,"[""CLEANING_TASK""]",test
롯데몰 은평 오전 미화원 모집,"[""CLEANING_TASK""]",test
사무실 및 현장 청소 신입 / 경력 채용,"[""CLEANING_TASK""]",test
"[권역별 중규모채용박람회 참여업체] 펜트하우스, 골프장 공용부 미화/아난티코드","[""CLEANING_TASK""]",test
[긴급] 진성고등학교 청소원 모집(장애인 우대),"[""CLEANING_TASK""]",test
[삼성전자판매(삼성스토어)청담점] 미화 직원 모집,"[""CLEANING_TASK""]",test
하남지식산업센터(아이테코)  미화원 채용,"[""CLEANING_TASK""]",test
아파트 외곽미화원 구인,"[""CLEANING_TASK""]",test
[함성월드빌2아파트] 망원역 도보5분거리 *건물관리원*,"[""WALKING""]",test
[일산동] 형사기동대  미화원 모집,"[""CLEANING_TASK""]",test
동두천시지체장애인협회 운전원 채용 공고,"[""DRIVING""]",test
[삼평동] 삼환하이펙스 외곽미화원 구인,"[""CLEANING_TASK""]",test
[교하 12단지] 외곽청소원 모집,"[""CLEANING_TASK""]",test
[백석동] 백송마을1단지 아파트 미화원 모집,"[""CLEANING_TASK""]",test
천안시 북부스포츠센터 청소원(업무직) 공개채용,"[""CLEANING_TASK""]",test
간호간병통합서비스 병동 간호조무사,"[""CARE_TASK""]",test
영등포 푸르지오 미화원 모집,"[""CLEANING_TASK""]",test
[성내동]학교청소원 채용,"[""CLEANING_TASK""]",test
서울경찰청 1기동단 미화직 모집,"[""CLEANING_TASK""]",test
[별내] 아파트 청소원(실내/외곽)모집 - 미리내4-4단지,"[""CLEANING_TASK""]",test
상대온천관광호텔 [ 환경미화 직원 ] 모집합니다.,"[""CLEANING_TASK""]",test
[염리동] 아파트 미화원 구인공고  - 마포프레스티지 아파트,"[""CLEANING_TASK""]",test
(재)카이텍시설관리단 2023년도 제35차 직원 공개채용(인천 경비직),"[""FACILITY_MAINTENANCE""]",test
송파시그니처 롯데캐슬 아파트 내부미화원 채용합니다.(장애인등록증 또는 장애인 복지카드 소지자 우대),"[""CLEANING_TASK""]",test
청년취업사관학교 미화원 모집 신촌(서대문점),"[""CLEANING_TASK""]",test
방촌동 5등급(여) 어르신 돌볼 요양보호사 구인합니다.,"[""CARE_TASK""]",test
서초구 서초동 초등학교 미화원 모집,"[""CLEANING_TASK""]",test
[수원 장안구 파장동] 병원 미화원 모집,"[""CLEANING_TASK""]",test
원흥아이제일병원 미화반장 채용,"[""CLEANING_TASK""]",test
화성시 향남제약산업단지 회사 미화원 모집,"[""CLEANING_TASK""]",test
대진글라스 사무보조 직원을 모집합니다.,"[""OFFICE_TASK""]",test
신규직원 요양보호사 채용 공고,"[""CARE_TASK""]",test
판교원한림풀에버 아파트 미화원 채용(복지카드 소지자 우대),"[""CLEANING_TASK""]",test
인천 남동공단 회사 미화원 모집 (호구포역 부근),"[""CLEANING_TASK""]",test
영통아이파크캐슬1단지 아파트 실내/외곽 미화원 모집,"[""CLEANING_TASK""]",test
미화원 구인(강서구 미음동),"[""CLEANING_TASK""]",test
[ 다산동 ] 반도유보라메이플타운 아파트 외곽미화원 구인,"[""CLEANING_TASK""]",test
[[ 수원 망포 ]] 영통아이파크캐슬1단지 커뮤니티 남탕 샤워장 미화원,"[""CLEANING_TASK""]",test
[수지구] 광교산 한양수자인 더킨포크 아파트 청소원 구인.,"[""CLEANING_TASK""]",test
[아산 탕정]아파트청소원(실내)모집-탕정한들물빛도시 시티프라디움,"[""CLEANING_TASK""]",test
[인천공항]  항공기내 물품 수거 및 폐기 미화 직원 모집,"[""CLEANING_TASK""]",test
[수성구 파동] 수성맨션 외곽미화원,"[""CLEANING_TASK""]",test
두산아트센터 시설관리 기계기사 채용,"[""FACILITY_MAINTENANCE""]",test
강남구 논현동 쌍둥이네빌딩 미화직원 모집_장애인 병행채용,"[""CLEANING_TASK""]",test
"안전하고 믿을 수 있는 운전으로, 우리와 함께 성장해나가는 버스 운전사를 찾습니다.","[""DRIVING""]",test
김포시장애인생활이동지원센터 운전원 모집,"[""DRIVING""]",test
수원 비단마을 베스트타운아파트 헬스장 미화원 채용합니다.,"[""CLEANING_TASK""]",test
경기 화성시 반송동 모델하우스 미화원 모집,"[""CLEANING_TASK""]",test
광주광역시 서구 무진대로 모델하우스 미화원 모집,"[""CLEANING_TASK""]",test
아파트 내부 미화원 구인(가좌동),"[""CLEANING_TASK""]",test
[일룸/데스커] 데스커전시장(서교동) 미화직원 모집,"[""CLEANING_TASK""]",test
2024년 노원구어르신돌봄지원센터 제2회 행정담당 생활지원사 채용 공고(*장애인우선채용),"[""CARE_TASK""]",test
[달서구 이곡동] 성서우방타운 외곽미화원 구인,"[""CLEANING_TASK""]",test
KCC스위첸아파트 내부 미화원(반장 유경험자),"[""CLEANING_TASK""]",test
야간경비 [긴급] 구인,"[""NIGHT_SHIFT""]",test
e편한세상 신봉담 아파트 미화원을 모집합니다.,"[""CLEANING_TASK""]",test
[구인구직 만남의 날]천우요양원_요양보호사 채용,"[""CARE_TASK""]",test
[목동] 아파트 내부미화원 모집,"[""CLEANING_TASK""]",test
롯데캐슬SKY L-65 아파트 미화원 구인,"[""CLEANING_TASK""]",test
[매탄동] 매탄현대힐스테이트 아파트 신주 전담미화원 구인,"[""CLEANING_TASK""]",test
(주)코엔서비스 삼천포사업소 미화직(청소_중노무원) 채용,"[""CLEANING_TASK""]",test
창원 대동황토방아파트 미화원 채용,"[""CLEANING_TASK""]",test
[주엽동] 강선마을15단지 아파트 미화원 모집,"[""CLEANING_TASK""]",test
안양 대우 디오슈페리움 미화원 구인,"[""CLEANING_TASK""]",test
신봉센트레빌1단지 아파트 외곽 청소원 모집,"[""CLEANING_TASK""]",test
미화원모집 (배곧도서관)-시흥산단새일,"[""CLEANING_TASK""]",test
하남 감일 제일풍경채아파트 외부 미화원 채용,"[""CLEANING_TASK""]",test
만석공체육시설 관리사원 채용공고(배드민턴전용경기장),"[""FACILITY_MAINTENANCE""]",test
(긴급) 이레노인맞춤돌봄서비스센터 생활지원사 모집,"[""CARE_TASK""]",test
신보운영관리(주) 신용보증기금 합숙소 시설관리직(교대기계기사) 계약직 채용,"[""FACILITY_MAINTENANCE""]",test
[다율동] 해오름8단지 운정자이더퍼스트 아파트 실내 /외곽 청소원 모집,"[""CLEANING_TASK""]",test
광화문시대 (종로구) 오피스텔 시설관리직원(기계 설비) 구인,"[""FACILITY_MAINTENANCE""]",test
［동탄 영천동］코너원 미화원 모집(월급 170만원),"[""CLEANING_TASK""]",test
거북섬 호반써밋더퍼스트오션 아파트 외곽 청소원,"[""CLEANING_TASK""]",test
[화정동] 옥빛마을17단지 아파트 미화원 모집,"[""CLEANING_TASK""]",test
[교대역 바로앞] 명경의료재단 미화원 모집,"[""CLEANING_TASK""]",test
평택 가재 우림필유 아파트 내부 미화원 채용합니다.(장애인등록증 또는 장애인 복지카드 소지자 우대),"[""CLEANING_TASK""]",test
강동리버스트8단지A 외곽청소원 모집,"[""CLEANING_TASK""]",test
위브 호수마을1단지 아파트 미화원 모집 (평촌역 부근),"[""CLEANING_TASK""]",test
[급구] 서구 아파트 미화반장 채용 (복지카드 우대),"[""CLEANING_TASK""]",test
목련 9단지 신동아아파트 실내미화원 구인,"[""CLEANING_TASK""]",test
"회사 내 건물 외곽, 반입구 미화원 채용","[""CLEANING_TASK""]",test
[부산진구청 채용대행] [광안동] 오피스텔 미화원 모집,"[""CLEANING_TASK""]",test
［삼송동］ 삼송마을 16단지  아파트 실내미화원 모집,"[""CLEANING_TASK""]",test
시흥장현포레미엘더파크 아파트 미화원 구인(복지카드우대),"[""CLEANING_TASK""]",test
[장림동]미화원 모집,"[""CLEANING_TASK""]",test
[중구 서울역 인근] 빌딩 미화원 모집 (복지카드 우대),"[""CLEANING_TASK""]",test
평택 비전 지웰 푸르지오 미화원 구인(외곽),"[""CLEANING_TASK""]",test
[위례] 아파트 외곽미화원 모집-위례호반써밋송파2차 아파트,"[""CLEANING_TASK""]",test
부천반달선경아파트 미화원 모집(복지카드소지자우대),"[""CLEANING_TASK""]",test
"사무보조, 컴퓨터활용 자료수집, 홍보, 재택근무, 탄력근무제","[""OFFICE_TASK""]",test
해송마을 동남아파트 청소원,"[""CLEANING_TASK""]",test
충북 충주시 봉방동 모델하우스 미화원 모집,"[""CLEANING_TASK""]",test
화장지 물류 배송직 1명 (경증장애인 우대) 채용합니다.,"[""DRIVING""]",test
방문요양보호사 채용,"[""CARE_TASK""]",test
동대문 팀204 빌딩 미화근무자(야간/주5일) 모집,"[""CLEANING_TASK"", ""NIGHT_SHIFT""]",test
세종특별자치시 보람다함께돌봄센터 센터장 내정자 위촉공고,"[""CARE_TASK""]",test
[오픈핸즈] 환경미화 직무 채용,"[""CLEANING_TASK""]",test
[채용대행]광명한진아파트 단기 미화원 구인,"[""CLEANING_TASK""]",test
아파트 미화원 모집- 성남 분당 현대아파트,"[""CLEANING_TASK""]",test
2026년 제2차 국립국제교육원 공무직근로자(미화원_제주) 채용 공고,"[""CLEANING_TASK""]",test
서창현대아파트 미화원 모집,"[""CLEANING_TASK""]",test
테라스가든 시설관리과장 모집,"[""FACILITY_MAINTENANCE""]",test
은하수벽산아파트 미화원 구인,"[""CLEANING_TASK""]",test
［채용대행］ 삼송마을14단지 미화원 모집,"[""CLEANING_TASK""]",test
(상시) 교통약자 장애인 휠체어택시 헤이드 운전기사님 모집,"[""DRIVING""]",test
2025 제천시립치매전담요양？주야간보호센터 직원(조리사) 채용 공고,"[""NIGHT_SHIFT""]",test
[보훈 제한경쟁채용] 전속업무직원 상용지원직(미화원)채용 공고,"[""CLEANING_TASK""]",test
아파트 내부미화원 2명 구인합니다.,"[""CLEANING_TASK""]",test
신보운영관리(주) 신용보증기금 기업지원센터(중부) 시설관리직(반장) 정규직 채용,"[""FACILITY_MAINTENANCE""]",test
호매실휴먼시아15단지 아파트 미화원 구함,"[""CLEANING_TASK""]",test
계양박촌풍림아이원 아파트 내부미화원 구인,"[""CLEANING_TASK""]",test
한전KPS(주) 동탄사업소 22년도 동탄 O/H 단기노무원 채용(사무보조),"[""OFFICE_TASK""]",test
[범천동]빌딩청소원,"[""CLEANING_TASK""]",test
[컬리넥스트마일] 센터관리자(배송운영) 채용,"[""DRIVING""]",test
[청덕동]구성더포레스트 실내 미화원 구인(복지카드 우대),"[""CLEANING_TASK""]",test
동탄 비즈타워 미화원 모집(월급 167만원),"[""CLEANING_TASK""]",test
흑석동 우리유앤미 아파트 미화원 채용합니다.(장애인등록증 또는 장애인 복지카드 소지자 우대),"[""CLEANING_TASK""]",test
(신길동) 래미안프래비뉴 아파트 청소/미화 채용,"[""CLEANING_TASK""]",test
재가 방문 요양보호사,"[""CARE_TASK""]",test
[수지 동천동] 수진마을써니밸리 아파트 외곽 미화원 모집,"[""CLEANING_TASK""]",test
교통약자이동지원센터 운전원 모집,"[""DRIVING""]",test
[봉담읍] 봉담비바패밀리1단지 내부 미화원 채용,"[""CLEANING_TASK""]",test
풍무동 꿈에그린 더포레듀4단지 미화 모집,"[""CLEANING_TASK""]",test
다산한양수자인리버팰리스아파트 미화원 / 복지카드 소지자 우대,"[""CLEANING_TASK""]",test
아파트 미화원 구함-백송동남아파트,"[""CLEANING_TASK""]",test
iM뱅크 본점 외곽청소원  구인,"[""CLEANING_TASK""]",test
수영구 요양보호사님 모십니다.,"[""CARE_TASK""]",test
금강수목원 아파트 외곽 미화반장 모집,"[""CLEANING_TASK""]",test
(목동)아파트 미화원 구인,"[""CLEANING_TASK""]",test
[목동동 산내3단지 ] 청소원 모집,"[""CLEANING_TASK""]",test
중흥S클래스프라디움아파트 미화원 채용,"[""CLEANING_TASK""]",test
이대종합사회복지관 운전원 채용공고,"[""DRIVING""]",test
[신동백 서해그랑블2차]아파트 내부 미화원 구인(복지카드 소지자우대),"[""CLEANING_TASK""]",test
▶ 남구 봉덕동  ◀ 재가요양보호사 구인,"[""CARE_TASK""]",test
[주5일/월206만] 서현추모공원 미화원 모집,"[""CLEANING_TASK""]",test
은평뉴타운구파발 9-1아파트 미화원 채용(복지카드 소지자 우대),"[""CLEANING_TASK""]",test
"미사13단지 외곽, 실내 미화원 구인","[""CLEANING_TASK""]",test
[수지 죽전동]꽃메마을 아이파크 2차 아파트 미화원 모집,"[""CLEANING_TASK""]",test
평택소사벌 이곡마을 6단지 청소원 모집,"[""CLEANING_TASK""]",test
[동패동] 디에트르 더 퍼스트 아파트 청소원 모집,"[""CLEANING_TASK""]",test
[동탄 능동] 아파트 일반미화원 모집,"[""CLEANING_TASK""]",test
[급구/ 탄현1차 건영아파트 미화원 구인],"[""CLEANING_TASK""]",test
사당삼익그린뷰 아파트 - 미화원 모집,"[""CLEANING_TASK""]",test
우리W타워 미화주간반 기사님 모십니다.,"[""CLEANING_TASK""]",test
야간 콜센터(비대면 호텔 프론트 상담)직원 구인,"[""NIGHT_SHIFT""]",test
[코리아와이드] 승무사원(버스운전직)모집,"[""DRIVING""]",test
송파파인타운7단지아파트 미화원 구인,"[""CLEANING_TASK""]",test
상가 청소원 모집,"[""CLEANING_TASK""]",test
봇들마을 9단지아파트 외곽미화원 채용,"[""CLEANING_TASK""]",test
경기 의정부시 체육로 사무실 건물 미화원 모집,"[""CLEANING_TASK""]",test
홍제동 안산초 인근/아파트 미화원 구인,"[""CLEANING_TASK""]",test
[수지 성복동] 성복역롯데캐슬골드타운 외곽 미화원 채용,"[""CLEANING_TASK""]",test
코바코파트너스 한국방송회관(목동) 시설관리(기계) 정규직 직원 공개경쟁 채용,"[""FACILITY_MAINTENANCE""]",test
(진구청 취업정보센터 채용대행 [양정동] 대원칸타빌멤버스아파트 미화반장 (외곽) 모집,"[""CLEANING_TASK""]",test
평택 한일 아파트  청소원 모집,"[""CLEANING_TASK""]",test
[한솔리치빌2단지 아파트] 미화원 구인,"[""CLEANING_TASK""]",test
회사 야간 경비원 구인,"[""NIGHT_SHIFT""]",test
교보생명 수원사옥 빌딩시설관리(전기) 모집,"[""FACILITY_MAINTENANCE""]",test
남해지방해양경찰청 청소 용역 근로자 채용공고,"[""CLEANING_TASK""]",test
생산 및 납품 배송기사 모집,"[""DRIVING""]",test
[채용대행] 초롱꽃마을 5단지 아파트  미화원 채용,"[""CLEANING_TASK""]",test
[동구 봉무동] 재가요양보호사 구인,"[""CARE_TASK""]",test
금천이랜드해가든아파트 미화원 모집,"[""CLEANING_TASK""]",test
부천시청역 인근 관리반장 모집(일근직/ 월급여 230만/ 부천시청역 도보2분거리/ 부천새롬프라자),"[""WALKING""]",test
에덴재가복지센터 요양보호사 구인(상전면),"[""CARE_TASK""]",test
아파트 공용부(내부) 미화원 구인,"[""CLEANING_TASK""]",test
2024년 종로노인종합복지관 육아휴직 대체인력 운전기사(1명) 채용 공고(*공고문과 입사지원양식 첨부),"[""DRIVING""]",test
크레인 운전수및 장비 신호수를 모집합니다.,"[""DRIVING""]",test
에덴재가복지센터 요양보호사 구인(진안읍),"[""CARE_TASK""]",test
[강서구 마곡동]파이언넷 건물 미화원을 모집(정규직),"[""CLEANING_TASK""]",test
아파트미화원,"[""CLEANING_TASK""]",test
영동군 택시 운전기사 모집,"[""DRIVING""]",test
요양보호사 선생님을 모십니다.,"[""CARE_TASK""]",test
(광역) 버스 운전원 모집,"[""DRIVING""]",test
이천자이더파크아파트 실내미화원을 모집합니다.,"[""CLEANING_TASK""]",test
더샵판교포레스트12단지 휘트니스 센터 관리 미화원 채용합니다.,"[""CLEANING_TASK""]",test
원광효도복지센터 2024년 노인맞춤돌봄서비스사업 수행인력(생활지원사) 채용 공고,"[""CARE_TASK""]",test
[책향기마을14단지] 외곽 미화원 모집,"[""CLEANING_TASK""]",test
함양군 휠체어택시 운전기사 대체인력 모집,"[""DRIVING""]",test
비산동 근무 요양보호사님 구합니다. (복지 카드 소지자 우대-복지 수당 지급),"[""CARE_TASK""]",test
[3개월 대체직] 서울시 관악구 광신고등학교 미화원 구인,"[""CLEANING_TASK""]",test
2025 제천시립치매전담요양？주야간보호센터 직원(영양사) 채용 공고,"[""NIGHT_SHIFT""]",test
수정동 써밋스퀘어 건물미화원 모집,"[""CLEANING_TASK""]",test
단관중앙하이츠 아파트 미화원 채용합니다.,"[""CLEANING_TASK""]",test
오포 e-편한세상 아파트 미화원 모집,"[""CLEANING_TASK""]",test
현장 사무실 청소원 및 조리보조원,"[""CLEANING_TASK""]",test
[분당 구미동] 두앙노빌리티 3차 시설관리 모집,"[""FACILITY_MAINTENANCE""]",test
[용산구] 용문동 동사무소 청소,"[""CLEANING_TASK""]",test
횡성군장애인생활이동지원센터  운전원 채용 재공고,"[""DRIVING""]",test
시흥 삼익아파트 미화원 구인,"[""CLEANING_TASK""]",test
이매 동신3차 아파트 외곽미화원 채용,"[""CLEANING_TASK""]",test
[목동동] 산내마을5단지 디에트르센트럴 아파트 실내미화원 모집,"[""CLEANING_TASK""]",test
요양보호사 채용공고,"[""CARE_TASK""]",test
새터마을 죽전힐스테이트 아파트 미화원,"[""CLEANING_TASK""]",test
제주특별자치도보조기기센터 기간제 근로자 채용 계획 공고,"[""WALKING""]",test
"길요양원 요양보호사 모집합니다(주간, 주주야야비비)","[""CARE_TASK""]",test
영흥공체육시설 관리사원 채용공고(여1-여자 화장실 및 샤워실 미화),"[""CLEANING_TASK"", ""FACILITY_MAINTENANCE""]",test
영등포 양평삼성래미안 아파트 외곽 미화원 채용합니다.(장애인등록증 또는 장애인복지카드 소지자 우대),"[""CLEANING_TASK""]",test
장상동 코칩(주) 연수원 건물 미화원 모집,"[""CLEANING_TASK""]",test
내포 효성해링턴플레이스 외곽 미화원 채용합니다.,"[""CLEANING_TASK""]",test
강북구 인수봉로 81길 인근 4등급 어르신 요양보호사 채용,"[""CARE_TASK""]",test
환경시설관리(주) 화성사업소 환경직 채용,"[""FACILITY_MAINTENANCE""]",test
아파트 미화원 (내부) 5명 모집,"[""CLEANING_TASK""]",test
고잔동 호수공원 대림 아파트 미화원 모집,"[""CLEANING_TASK""]",test
부개 푸른마을삼부한신 아파트 미화원 모집,"[""CLEANING_TASK""]",test
[총신대입구(이수)역_이수힐스테이트 아파트] 외부 미화원 채용,"[""CLEANING_TASK""]",test
(병방동)아파트 내부 미화원 구인,"[""CLEANING_TASK""]",test
북한산 푸르지오 아파트 외곽 미화원 채용합니다.,"[""CLEANING_TASK""]",test
[덕풍동] 은행 미화원 구인,"[""CLEANING_TASK""]",test
재가 요양보호사 채용 공고,"[""CARE_TASK""]",test
"[긴급]2022년 제주원광재가노인복지센터  노인맞춤돌봄서비스 수행인력 채용공고(1권역-한림읍,한경면,애월읍)","[""CARE_TASK""]",test
석봉마을 대동5단지 미화원 모집,"[""CLEANING_TASK""]",test
다은마을 월드메르디앙 아파트 외곽미화원 구인,"[""CLEANING_TASK""]",test
[고척1동] 아파트 실내  청소원모집,"[""CLEANING_TASK""]",test
[배곧 한라비발디3차] 내부 미화원 모집합니다,"[""CLEANING_TASK""]",test
2022년 노인맞춤돌봄서비스 생활지원사 채용 공고,"[""CARE_TASK""]",test
일산 파밀리에4단지 아파트 미화원 구인(복지카드우대),"[""CLEANING_TASK""]",test
김포시 시각장애인 등 생활지원센터 운전원 모집,"[""DRIVING""]",test
식사동 위시티 일산자이1단지 남자사우나 청소원 모집,"[""CLEANING_TASK""]",test
원주반곡퍼스트힐 아파트 미화원 모집 (복지카드 소지자 우대),"[""CLEANING_TASK""]",test
화성 남양시티 프라디움 4차 아파트 미화원 구인 (화성시),"[""CLEANING_TASK""]",test
"버스, 택시정류장 광고시설물 관리직원 모집(주5일 주/야간근무)","[""NIGHT_SHIFT""]",test
[동막역]해송마을 동남아파트 내부 청소원,"[""CLEANING_TASK""]",test
[서류마감] [야탑동]장미마을 아파트미화원 구인,"[""CLEANING_TASK""]",test
차류제조공장 사원 채용 공고 : 지게차운전직,"[""DRIVING""]",test
(주)리썸 에스앤에스 (삼성전자 수원) 주차관리 야간 격일교대 채용,"[""NIGHT_SHIFT""]",test
[안양5동]아파트 미화원 구인,"[""CLEANING_TASK""]",test
본사소속 왁스 머신 청소담당(돌돌이) 구인,"[""CLEANING_TASK""]",test
홍성 내포 효성해링턴플레이스 외곽미화원 채용합니다.(장애인등록증 또는 장애인복지카드 소지자 우대),"[""CLEANING_TASK""]",test
"서호지구체육시설 관리사원 채용공고(1명-여자(샤워실, 화장실 미화))","[""CLEANING_TASK"", ""FACILITY_MAINTENANCE""]",test
경상북도청소년육성재단(북부청소년성문화센터) 성교육 시간제강사(계약직) 채용공고,"[""CLEANING_TASK""]",test
(주)코엔서비스 남동본사사업소 시설관리직(통상 및 교대근무자) 채용,"[""FACILITY_MAINTENANCE""]",test
사무보조 및 영업관리 보조 하실 분 구합니다.,"[""OFFICE_TASK""]",test
지족동 교회 미화원 구인,"[""CLEANING_TASK""]",test
"내성, 충렬지구대, 낙민파출소 외 3곳 근무할 미화원 모집","[""CLEANING_TASK""]",test
안성시가족센터 2025년 아이돌봄지원사업 아이돌보미 모집 공고,"[""CARE_TASK""]",test
로로에프엔비 경리 사무보조 모집,"[""OFFICE_TASK""]",test
[급구]건물 시설관리원 채용,"[""FACILITY_MAINTENANCE""]",test
우리W타워 미화 야간반 사원 모십니다.,"[""CLEANING_TASK"", ""NIGHT_SHIFT""]",test
상동효성센트럴타운 아파트 미화원(내부) 구인 (복지카드 우대),"[""CLEANING_TASK""]",test
세종파츠플러스 수원지점 배송직원 모집(계약),"[""DRIVING""]",test
아파트 외곽 청소원 구인,"[""CLEANING_TASK""]",test
진영씨티프라자 외곽미화원 구인,"[""CLEANING_TASK""]",test
2026년 양천구 아이돌봄사 채용 공고,"[""CARE_TASK""]",test
진영씨티프라자 미화원 구인,"[""CLEANING_TASK""]",test
[해솔마을7단지] 아파트 커뮤니티 캐슬리안 내부 청소원 모집,"[""CLEANING_TASK""]",test
(주)사랑채재활주간보호센터   요양보호사 모집,"[""CARE_TASK""]",test
영종하늘도시KCC스위첸아파트 내부 미화원,"[""CLEANING_TASK""]",test
[미사 리버스위트칸타빌] 실내 미화원 모집,"[""CLEANING_TASK""]",test
중증 장애인 콜차량 운전기사 모집합니다.,"[""DRIVING""]",test
[해병대군수단] 공무직 근로자 채용/시설관리원(전기) 1명★ 채용대행(포항시 일자리 종합센터) ★,"[""FACILITY_MAINTENANCE""]",test
[뉴부자투어] 평택삼성물산 셔틀/통근 버스운전원 구인 / 안성25인승 버스운전원 구인,"[""DRIVING""]",test
아파트 실내 미화원 구인,"[""CLEANING_TASK""]",test
[화성시 와우로] 아파트 미화원 구인 (복지카드 우대),"[""CLEANING_TASK""]",test
[매탄1동] 현대힐스테이트 아파트 외곽 미화원 모집,"[""CLEANING_TASK""]",test
[서천동] 서천마을 휴먼시아 2단지 아파트 실내미화원 모집,"[""CLEANING_TASK""]",test
그린테크(주) 납품기사모집(5톤운전경력자),"[""DRIVING""]",test
[좌동] 경남아너스빌 아파트 미화원 모집,"[""CLEANING_TASK""]",test
명륜동 요양보호사님 모십니다.,"[""CARE_TASK""]",test
비취맨션1단지아파트 미화원 모집,"[""CLEANING_TASK""]",test
[대전 서구청 채용대행]녹원아파트 미화원을 모집,"[""CLEANING_TASK""]",test
가람마을3단지 아파트 내부 미화원 구인,"[""CLEANING_TASK""]",test
천안 성거읍 회사 미화원 구인,"[""CLEANING_TASK""]",test
시흥 목감레이크 푸르지오아파트 내부 미화원 채용합니다.(장애인등록증 또는 장애인복지카드 소지자 우대),"[""CLEANING_TASK""]",test
[ 다산동 ] 다산반도유보라메이플타운 아파트 야간 외곽청소원 구인,"[""CLEANING_TASK"", ""NIGHT_SHIFT""]",test
해운대 요양보호사님 모십니다.,"[""CARE_TASK""]",test
[해병대군수단] 공무직 근로자 채용&lt;시설관리원-건축&gt;,"[""FACILITY_MAINTENANCE""]",test
"7/1 근무 가능자 [청량리역 한양수자인그라시엘] 외곽미화원 1명 채용 (월-금 8:30-15:00/ 토(격주)8:30-11:30 1,503,700원) 장애인복지카드 우대","[""CLEANING_TASK""]",test
일산 동구 하늘마을1단지 청소미화원 채용(복지카드소지자 우대),"[""CLEANING_TASK""]",test
[덕풍KCC스위첸 ] 아파트 외곽 미화원 구인,"[""CLEANING_TASK""]",test
이편한세상 광진그랜드파크 미화원 모집,"[""CLEANING_TASK""]",test
삼호아파트 (상도동) 미화원 모집,"[""CLEANING_TASK""]",test
[대치동] 아파트 미화원 구인(복지카드우대),"[""CLEANING_TASK""]",test
상계역 상계불암대림 임대아파트 미화원 채용합니다.(장애인등록증 또는 장애인 복지카드 소지자 우대),"[""CLEANING_TASK""]",test
군산 수송금호어울림 아파트 미화원 구인,"[""CLEANING_TASK""]",test
상도2차두산위브트레지움 아파트 외곽 미화원 모집(복지카드우대),"[""CLEANING_TASK""]",test
성남 상대원 관리공단 아파트형공장 시설관리원 구인합니다.,"[""FACILITY_MAINTENANCE""]",test
노인맞춤돌봄서비스사업 생활지원사 대체인력 채용 공고(긴급),"[""CARE_TASK""]",test
학익태산 아파트 외곽 미화원 구인(복지카드우대),"[""CLEANING_TASK""]",test
해오름마을 12단지 외곽청소,"[""CLEANING_TASK""]",test
구로구 삼성IT밸리빌딩 미화원 채용 공고,"[""CLEANING_TASK""]",test
LG메트로시티아파트 외곽 미화원 채용합니다.,"[""CLEANING_TASK""]",test
천장크레인 운전 기사 모집,"[""DRIVING""]",test
덕양구 화정동 옥빛마을13단지 아파트 청소원 모집,"[""CLEANING_TASK""]",test
[화정동］아파트 청소원 모집,"[""CLEANING_TASK""]",test
[신봉동]힐스테이트광교산아파트 외곽미화원  모집,"[""CLEANING_TASK""]",test
동원산업 부산사옥 미화반장 모집,"[""CLEANING_TASK""]",test
"[삼성스토어 남순천점] 미화 근무자(1분) 모집 (주 6일, 4시간 근무)","[""CLEANING_TASK""]",test
죽전퍼스트하임 아파트 미화원 채용(복지카드 우대),"[""CLEANING_TASK""]",test
[별내동] 별빛마을3단지 실내 미화원 구인,"[""CLEANING_TASK""]",test
신정6차 현대아파트 미화원 모집,"[""CLEANING_TASK""]",test
대구 엑스코 실내 미화원  모집,"[""CLEANING_TASK""]",test
[처인구 삼가동] 진우아파트 미화원 채용,"[""CLEANING_TASK""]",test
[흑석자이아파트] 아파트 외곽 미화원 모집-탑승식 청소차 운행 가능하신분,"[""CLEANING_TASK""]",test
지케이엘위드(외국인전용카지노) 채용 공고 - GKL 본점(미화) 부문,"[""CLEANING_TASK""]",test
시화 신호 아파트 미화원,"[""CLEANING_TASK""]",test
[9/30 이천시 모두의 일자리박람회 참여업체]  KD운송그룹 이천시내버스 승무사원 모집 [성별무관],"[""DRIVING""]",test
[부산항시설관리센터] 일반계약직(홍보·마케팅) 채용 공고,"[""FACILITY_MAINTENANCE""]",test
"[동탄2, 영천동] 아파트 외곽 미화(조경)원 모집안내","[""CLEANING_TASK""]",test
[죽전] 벽산1단지 아파트 외곽 미화원 채용,"[""CLEANING_TASK""]",test
노인맞춤돌봄서비스 생활지원사를 모집합니다.(장애인 우선 채용),"[""CARE_TASK""]",test
[울주군청 채용대행] 사무동 건물 등 미화원 모집,"[""CLEANING_TASK""]",test
"평택 삼성반도체 P1 스막,건물청소 미화원 채용 ""10/2일(수) 13시 서정동행정복지센터 상설면접 채용행사  ""","[""CLEANING_TASK""]",test
국립어린이청소년도서관 공무직 근로자(미화) 채용공고,"[""CLEANING_TASK""]",test
[송도]건물내 카페 스파 미화원 모집[주말근무자],"[""CLEANING_TASK""]",test
요양보호사 채용공고(야간고정),"[""CARE_TASK"", ""NIGHT_SHIFT""]",test
■[2026 하반기 군포시 일자리 박람회 10월21일(수) 14~16시] 택시운전기사 모집(군포 안양 의왕 과천 일원),"[""DRIVING""]",test
"[초롱꽃마을 7단지]파밀리에아파트 내부 , 외곽 미화원 모집","[""CLEANING_TASK""]",test
[언남동]구성해피트리 아파트 실내미화원 구인(복지카드 우대),"[""CLEANING_TASK""]",test
[부산항시설관리센터] 일반계약직(기계) 채용 공고,"[""FACILITY_MAINTENANCE""]",test
[행신동] 햇빛마을18-1단지 아파트 미화원 1명/(반장)미화원 1명 총 2명 모집,"[""CLEANING_TASK""]",test
우장산 롯데캐슬 미화원 채용합니다.,"[""CLEANING_TASK""]",test
[채용대행][초롱꽃마을 8단지] 운정중흥S-클래스 아파트  미화원 구인,"[""CLEANING_TASK""]",test
요양보호사구인 (1일시6간),"[""CARE_TASK""]",test
**현대ENG 세종안성 고속도로 9공구건설 현장 (26.12월 준공) 미화원 채용**,"[""CLEANING_TASK""]",test
★★ [부산진구청 채용대행] 가야역롯데스카이엘 미화원 모집 ★★,"[""CLEANING_TASK""]",test
영종자이 외곽미화 채용(복지카드 우대),"[""CLEANING_TASK""]",test
(등촌동) 아파트(공용부) 청소원 채용,"[""CLEANING_TASK""]",test
문산중앙병원에서 미화원을 모십니다.,"[""CLEANING_TASK""]",test
뉴코아아울렛 강남점 미화원 모집,"[""CLEANING_TASK""]",test
운전직 승무사원 채용,"[""DRIVING""]",test
아산 배방자이1차아파트 외곽미화원 2명 채용합니다.(장애인등록증 또는 장애인복지카드 소지자 우대),"[""CLEANING_TASK""]",test
아산 배방자이1차아파트 외곽미화원 1명 채용합니다.(장애인등록증 또는 장애인복지카드 소지자 우대),"[""CLEANING_TASK""]",test
인력관리(경비/미화/시설 등) 및 영업관리 정직원 채용(서울/경기/인천 담당),"[""CLEANING_TASK""]",test
치매교육 이수 요양보호사 채용,"[""CARE_TASK""]",test
자양10차현대홈타운아파트 외곽 청소원 구인,"[""CLEANING_TASK""]",test
[클라시코 클리닉] 압구정로데오역 인근 건물 미화원 (1명) 모집,"[""CLEANING_TASK""]",test
요양보호사 모집,"[""CARE_TASK""]",test
능동역 경남아너스빌아파트 내부미화원 채용,"[""CLEANING_TASK""]",test
동촌 5등급(여) 어르신 돌볼 요양보호사 구인합니다.,"[""CARE_TASK""]",test
송촌스페이스향 아파트 미화원 구인,"[""CLEANING_TASK""]",test
[마두동]  아파트 청소원 모집,"[""CLEANING_TASK""]",test
아파트계단 청소하실분,"[""CLEANING_TASK""]",test
공세 대주피오레 2단지 아파트 미화원 채용,"[""CLEANING_TASK""]",test
카이저재활병원 간호간병통합서비스 요양보호사 인원 모집,"[""CARE_TASK""]",test
경기광주 퇴촌(면사무소인근)  독거여자 요양보호사 구인,"[""CARE_TASK""]",test
[복지카드소지자 우대] 철산 한신아파트 청소원 모집-실내청소원,"[""CLEANING_TASK""]",test
도내동 원흥 도래울마을2단지 청소원 모집(주차장),"[""CLEANING_TASK""]",test
만석테니스장·인조잔디구장(만석공원체육시설) 관리사원(안내·미화) 채용공고,"[""CLEANING_TASK""]",test
[매탄동] 매탄현대힐스테이트 아파트 미화원 모집,"[""CLEANING_TASK""]",test
목동센트럴아이파크위브 미화원 모집,"[""CLEANING_TASK""]",test
통영시 교통약자 특별교통수단 운전원 채용 공고,"[""DRIVING""]",test
담양군 교통약자이동지원센터(장애인콜택시)  운전원 모집,"[""DRIVING""]",test
코바코파트너스 코바코연수원(경기도 양평군) 미화원 촉탁계약직 공개경쟁 채용,"[""CLEANING_TASK""]",test
전남 목포 석현동 서희스타힐스 아파트 미화원 구인,"[""CLEANING_TASK""]",test
[장애인/보훈대상자 우대] 두산건설 천안 청당동 공사 현장 청소원 채용,"[""CLEANING_TASK""]",test
백마3단지 금호.한양 아파트 미화원 채용,"[""CLEANING_TASK""]",test
한남동 볼보빌딩에서 단시간 미화원을 모집합니다.,"[""CLEANING_TASK""]",test
심곡마을광교힐스테이트 아파트 청소 미화원 채용공고,"[""CLEANING_TASK""]",test
용인시기흥장애인복지관 환경미화(계약직) 채용,"[""CLEANING_TASK""]",test
잠원한신아파트 청소원 구인,"[""CLEANING_TASK""]",test
[(주)대흥환경산업] 안동시 생활폐기물 수거원 및 운전원 모집,"[""DRIVING""]",test
"목동, 동탄2신도시 베라체 아파트 실내미화원 모집","[""CLEANING_TASK""]",test
경상북도청소년육성재단 성문화센터 팀원(무기계약직) 채용공고,"[""CLEANING_TASK""]",test
동물실험연구센터 동물실험실 청소원 모집,"[""CLEANING_TASK""]",test
매탄다목적체육관(매탄공원체육시설) 관리사원(안내 및 미화) 채용공고,"[""CLEANING_TASK""]",test
SK바이오텍(세종) 미화원 모집(증원),"[""CLEANING_TASK""]",test
[정자2동] 아파트 (실내)청소원 모집,"[""CLEANING_TASK""]",test
[채용완료]미사역 파라곤 아파트 외곽 미화원 구인,"[""CLEANING_TASK""]",test
아파트 외곽 미화원 모집합니다,"[""CLEANING_TASK""]",test
원주시가족센터 직원 (아이돌봄 아동학대사례관리인력) 채용 재공고 [대체인력 채용],"[""CARE_TASK""]",test
[미사리버스위트칸타빌] 실내 미화원 모집,"[""CLEANING_TASK""]",test
아파트 청소원모집[천왕동],"[""CLEANING_TASK""]",test
덕이동 덕이1차 동문아파트 미화원 모집,"[""CLEANING_TASK""]",test
홍성 내포 효성해링턴플레이스 외곽 미화원 채용합니다.(장애인등록증 또는 장애인복지카드 소지자 우대),"[""CLEANING_TASK""]",test
(금광동) 아파트 실내 미화원 모집,"[""CLEANING_TASK""]",test
"남원국민체육센터수영장 운영관리팀(시설관리,차량운송) 채용공고","[""DRIVING"", ""FACILITY_MAINTENANCE""]",test
[신반포] 미화원 구인-아크로리버뷰신반포 아파트,"[""CLEANING_TASK""]",test
아파트 미화원 구인(부개동),"[""CLEANING_TASK""]",test
경상북도북부청소년성문화센터 사업운영 전담인력(기간제) 채용공고,"[""CLEANING_TASK""]",test
평택 롯데캐슬 미화원 채용합니다.,"[""CLEANING_TASK""]",test
[고양동] 푸른마을6단지 아파트 미화원 모집,"[""CLEANING_TASK""]",test
[수원시 영통동] 아파트 청소 구인(복지카드 우대),"[""CLEANING_TASK""]",test
[별내동] 모아미래도아파트 외곽 미화원 모집,"[""CLEANING_TASK""]",test
세종 첫마을4단지 아파트 미화원 채용합니다.(장애인등록증 또는 장애인복지카드 소지자 우대),"[""CLEANING_TASK""]",test
시설관리 및 운전원(대체인력),"[""DRIVING"", ""FACILITY_MAINTENANCE""]",test
"평택 삼성반도체 P1 라인청소,건물청소 미화원 채용 ""8/9일(금)13시 서정동행정복지센터 상설면접 채용행사  ""","[""CLEANING_TASK""]",test
오피스텔 미화원,"[""CLEANING_TASK""]",test
물푸레 도서관 미화 직원 모집,"[""CLEANING_TASK""]",test
부천시청역 인근 관리반장 모집(일근직/ 월급여 183만/ 부천시청역 도보2분거리/ 부천새롬프라자),"[""WALKING""]",test
중산동 일산센트럴아이파크 아파트 미화원 모집,"[""CLEANING_TASK""]",test
창동북한산아이파크 스포츠센터 미화원 채용,"[""CLEANING_TASK""]",test
[다산동] 아파트 실내미화원 구인,"[""CLEANING_TASK""]",test
2022년 제4차 기간제 근로자 채용 공고(미화직),"[""CLEANING_TASK""]",test
용인 한보라마을 휴먼시아6단지아파트 미화원 채용합니다.(장애인등록증 또는 장애인복지카드 소지자 우대)],"[""CLEANING_TASK""]",test
"시내버스 운전원 모집(무료 기숙사,  공영제 노선)","[""DRIVING""]",test
아파트 외부 청소,"[""CLEANING_TASK""]",test
태릉해링턴플레이스 아파트 외곽 미화원 구인,"[""CLEANING_TASK""]",test
간호사 또는 간호조무사 채용 공고(운전필수자),"[""DRIVING""]",test
건양대학교 산학협력단 사무보조(시간제) 채용,"[""OFFICE_TASK""]",test
공무직근로자 채용[시설관리원 기계],"[""FACILITY_MAINTENANCE""]",test
김포 양촌 자연앤데시앙아파트 내부 미화원 구인,"[""CLEANING_TASK""]",test
사무보조원모집,"[""OFFICE_TASK""]",test
주엽동 문촌마을8단지 아파트 미화원 모집,"[""CLEANING_TASK""]",test
송정동 요양보호사 모십니다,"[""CARE_TASK""]",test
[기흥 마북동] 현대모비스기술연구소 내 미화원 채용,"[""CLEANING_TASK""]",test
[식사동] 일산자이3차 아파트 커뮤니티센터 미화원 모집,"[""CLEANING_TASK""]",test
아파트 외곽청소원 모집,"[""CLEANING_TASK""]",test
[삼성스토어 익산] 미화 근무자 모집/일8시간 주5일 이상/월급여 236만 이상,"[""CLEANING_TASK""]",test
[동천동] 더샵동천포레스트 아파트 내부 미화원 구인,"[""CLEANING_TASK""]",test
광교지구체육시설 환경미화 채용공고,"[""CLEANING_TASK""]",test
[의정부]녹양힐스테이트아파트 미화원 모집,"[""CLEANING_TASK""]",test
화성시  우림필유 타운하우스 아파트 미화원 구인,"[""CLEANING_TASK""]",test
코바코파트너스 광고문화회관(잠실) 미화원 공개경쟁 채용,"[""CLEANING_TASK""]",test
강원도 화천 상서면인근 에서 근무하실 요양보호사 모집,"[""CARE_TASK""]",test
[압구정 현대상가 미화원 구인],"[""CLEANING_TASK""]",test
시화주공2단지 내부미화원 모집,"[""CLEANING_TASK""]",test
"수원시체육회관 관리사원 채용 공고(여자 1명-샤워실, 화장실 미화)","[""CLEANING_TASK""]",test
호매실 경남아너스빌아파트 미화원 채용(복지카드 소지자 우대),"[""CLEANING_TASK""]",test
건물 시설관리부장[장애인병행채용]  모집,"[""FACILITY_MAINTENANCE""]",test
대연동 요양보호사 모집  [3등급 여 주5일 08:30-11:30],"[""CARE_TASK""]",test
[중장년내일센터 채용대행]야간경비원모집[‘24.7.24.(수) 수요데이 현장면접 행사 참여 업체],"[""NIGHT_SHIFT""]",test
병원 건물 미화원 / 청소원 모집 합니다.,"[""CLEANING_TASK""]",test
남동공단 회사 미화원 모집,"[""CLEANING_TASK""]",test
2023년 안성시 아이돌봄지원사업 채용 공고 (자격소지자 수시채용 공고),"[""CARE_TASK""]",test
송산그린시티 반도유보라아이비파크 내부미화원 구인,"[""CLEANING_TASK""]",test
청라 센트럴에일린의뜰 아파트 외곽 미화원 구인,"[""CLEANING_TASK""]",test
[동패동] 물향기마을11단지 외곽 미화원 채용,"[""CLEANING_TASK""]",test
제9회 전국동시지방선거 태백시선거관리위원회 선거사무보조원 모집 안내,"[""OFFICE_TASK""]",test
"『2024.11.14(목) 동구 일자리박람회 직접참여업체』 경비원 및 미화원, 아파트 설비기사 채용","[""CLEANING_TASK""]",test
신규직원(방문요양보호사) 채용 공고,"[""CARE_TASK""]",test
[별내동] 아파트 미화원 모집,"[""CLEANING_TASK""]",test
[한티역] 은행 미화원 구인,"[""CLEANING_TASK""]",test
용인 신정마을 수지현대성우아파트 외곽 미화원 채용합니다.(장애인등록증 또는 장애인복지카드 소지자 우대),"[""CLEANING_TASK""]",test
경기 용인시 기흥구 영덕동 모델하우스 미화원 모집,"[""CLEANING_TASK""]",test
2022년 노인맞춤돌봄서비스 수행인력 결원(생활지원사) 모집,"[""CARE_TASK""]",test
건물 청소직 모집-장애인만 지원 가능,"[""CLEANING_TASK""]",test
[주엽동] 강선마을5단지 아파트 미화원 모집,"[""CLEANING_TASK""]",test
경북연구원 제8차 행정보조원 공개 채용,"[""OFFICE_TASK""]",test
"입주 및 준공청소, 에어컨 분해청소, 정규 직원 채용","[""CLEANING_TASK""]",test
"북수원자이렉스비아 아파트 미화원 (남,여)모집.","[""CLEANING_TASK""]",test
여수 포레나 디아일랜드 외곽미화원 채용합니다.(장애인등록증 또는 장애인복지카드 소지자 우대),"[""CLEANING_TASK""]",test
[토스뱅크] 역삼역 도보3분  청소미화원  모집 (1명),"[""CLEANING_TASK"", ""WALKING""]",test
[처인 역북동] 푸르지오 아파트 외곽 미화원,"[""CLEANING_TASK""]",test
(수지) 만현마을쌍용1차아파트 내부 미화원 채용,"[""CLEANING_TASK""]",test
[다대동] 주간보호센터 요양보호사 모집,"[""CARE_TASK""]",test
길음역 금호어울림센터힐아파트 미화원 채용합니다.(장애인등록증 또는 장애인복지카드 소지자 우대),"[""CLEANING_TASK""]",test
(일산서구 가좌동) 가좌고등학교 미화사원 모집(복지카드 소지자 우대),"[""CLEANING_TASK""]",test
[이대역 ] 서울과학종합대학원대학교 미화반장/미화원(오후조) 채용,"[""CLEANING_TASK""]",test
(주)코엔서비스 영흥사업소 미화직(청소) 채용,"[""CLEANING_TASK""]",test
아파트 외곽 미화원 모집,"[""CLEANING_TASK""]",test
도래울파크뷰 아파트 외곽미화원 모집,"[""CLEANING_TASK""]",test
[운양동] 한강아이제일병원 미화반장 채용,"[""CLEANING_TASK""]",test
단시간근로/빌딩/사옥 환경미화원-장애인병행채용,"[""CLEANING_TASK""]",test
오피스텔 시설관리(소방 2급이상 필수),"[""FACILITY_MAINTENANCE""]",test
[주6일/통근버스운행] 풀무원 제일 생면 공장 미화원 모집,"[""CLEANING_TASK""]",test
［삼송동］   삼송마을 16단지 아파트 실내미화원 모집,"[""CLEANING_TASK""]",test
[관악푸르지오 아파트] 내부 미화원채용,"[""CLEANING_TASK""]",test
우리W타워 미화 야간반(여자화장실청소 등) 모십니다.,"[""CLEANING_TASK"", ""NIGHT_SHIFT""]",test
[압구정로데오역 3번출구] 병원 *워싱담당(소독) 미화* 모집 (1명),"[""CLEANING_TASK""]",test
용인 신정마을 현대프라임 아파트 미화원 채용합니다.(장애인등록증 또는 장애인복지카드 소지자 우대),"[""CLEANING_TASK""]",test
[대구/범어] 건설현장 호이스트카(엘리베이터) 운전원 모집,"[""DRIVING""]",test
[한국앰코] 출하(지게차운전) 계약직(기간제-1년) 채용(1년근무 보너스 지급-퇴직금 별도),"[""DRIVING""]",test
[덕풍동 진모루 현대아파트] 실내 청소원 모집,"[""CLEANING_TASK""]",test
[공기업자회사/세븐럭카지노]지케이엘위드 서울드래곤시티점 시설관리 부문 수시채용,"[""FACILITY_MAINTENANCE""]",test
어린이집 미화원 구인,"[""CLEANING_TASK""]",test
아파트 실내미화원 모집 - 광명하안현대아파트,"[""CLEANING_TASK""]",test
작전동 우림카이저팰리스 아파트 미화원,"[""CLEANING_TASK""]",test
[육군 제5019부대] 시설관리(건축) 공무직 근로자 채용(옥천/보은),"[""FACILITY_MAINTENANCE""]",test
중공업 굴삭기(포크레인) 운전원 구인,"[""DRIVING""]",test
아파트 미화반장 모집 - 신길동 더샵파크 프레스티지 아파트,"[""CLEANING_TASK""]",test
광고플랫폼회사 사무보조 모집,"[""OFFICE_TASK""]",test
"(중앙동, 신흥역 하늘채 랜더스원 1단지) 외곽미화원(1명) 내부미화원(3명) 모집합니다.","[""CLEANING_TASK""]",test
[익산/3톤/3교대] 지게차운전원 채용,"[""DRIVING""]",test
고산 리슈빌포레아파트 미화원 채용,"[""CLEANING_TASK""]",test
하안8단지 아파트 미화원 모집,"[""CLEANING_TASK""]",test
[자곡동]강남한양수자인아파트 미화원 구인(복지카드소지자 우대),"[""CLEANING_TASK""]",test
온수 힐스테이트 미화원 모집,"[""CLEANING_TASK""]",test
[과천프리즘스퀘어]  미화원 모집,"[""CLEANING_TASK""]",test
[오토허브] 용인시 시설관리원 (1명) 모집,"[""FACILITY_MAINTENANCE""]",test
성산2차e편한세상아파트 미화원 모집,"[""CLEANING_TASK""]",test
서초구 방배신동아 아파트 내부미화원 채용합니다. (장애인등록증 또는 장애인복지카드 소지자 우대),"[""CLEANING_TASK""]",test
화성시 원광종합병원 미화원 모집,"[""CLEANING_TASK""]",test
코바코파트너스 한국방송회관(목동) 시설관리(방재) 정규직 직원 공개경쟁 채용,"[""FACILITY_MAINTENANCE""]",test
2025 제천시립치매전담요양？주야간보호센터 직원(요양보호사) 채용 공고,"[""CARE_TASK"", ""NIGHT_SHIFT""]",test
"포항 장성현대 아파트 미화원 채용합니다./근무시간: 평일 09:30-15:00  (휴게시간 1시간), 토 09:30-11:30 /급여- 미화원: 1,204,269원","[""CLEANING_TASK""]",test
♥노인주간보호센터에서 요양보호사 선생님을 모집합니다.♥,"[""CARE_TASK""]",test
남동공단  미화원,"[""CLEANING_TASK""]",test
[소신여객자동차주식회사] 부천 상동영업소 청소원 구인,"[""CLEANING_TASK""]",test
과천푸르지오써밋 실내 미화원 구인,"[""CLEANING_TASK""]",test
2021년 서울물재생시설공단 서울물재생체험관 단시간 근로자 공개 채용(환경미화),"[""CLEANING_TASK""]",test
아파트 청소 모집,"[""CLEANING_TASK""]",test
양주옥정 GS제이드웰 외곽 미화원 구인,"[""CLEANING_TASK""]",test
법동 한마음 아파트 외곽 미화원 채용합니다.,"[""CLEANING_TASK""]",test
강동중흥s클래스 아파트 미화원채용,"[""CLEANING_TASK""]",test
도내동 원흥도래울마을2단지 청소(주차장) 직원 모집,"[""CLEANING_TASK""]",test
★서면아이파크  미화원 채용★,"[""CLEANING_TASK""]",test
[충북 음성 대소] 청소원 미화원 모집,"[""CLEANING_TASK""]",test
능동마을 이지더원아파트 환경미화원 모집,"[""CLEANING_TASK""]",test
[범일동] 두산위브포세이돈2 아파트 미화원 모집,"[""CLEANING_TASK""]",test
[창동/동아그린아파트] 미화원 채용,"[""CLEANING_TASK""]",test
인천테크노파크 미화원 모집,"[""CLEANING_TASK""]",test
[원일판교호텔] 판교역5분거리 *공사현장* 청소미화원 모집 (1명),"[""CLEANING_TASK""]",test
유원지식산업센터 미화원 모집,"[""CLEANING_TASK""]",test
롯데마트 송파점(가락시장역) 미화 직원 모집,"[""CLEANING_TASK""]",test
[퇴계원] 금호어울림아파트_미화원 구인,"[""CLEANING_TASK""]",test
오류한신플러스타운 아파트 실내 미화원 구인(복지카드 우대),"[""CLEANING_TASK""]",test
요양보호사 구인합니다,"[""CARE_TASK""]",test
강서 안전 교육센터 청소직원 모집,"[""CLEANING_TASK""]",test
(장애인 병행 채용) 아파트 미화업무,"[""CLEANING_TASK""]",test
[용인 수지] 이편한세상 수지아파트 내부 미화원,"[""CLEANING_TASK""]",test
홍성2차 부영아파트 미화원 채용합니다.(장애인등록증 또는 장애인복지카드 소지자 우대),"[""CLEANING_TASK""]",test
용인시] 아파트 실내청소원 모집-용인에이스카운티아파트,"[""CLEANING_TASK""]",test
화성시서부노인복지관)노인맞춤돌봄서비스 생활지원사 채용 공고(긴급),"[""CARE_TASK""]",test
2021년 서울물재생시설공단 서울물재생체험관 단시간 근로자 공개 채용(시설관리직),"[""FACILITY_MAINTENANCE""]",test
노인맞춤돌봄서비스사업 생활지원사 채용 공고,"[""CARE_TASK""]",test
[수성구 수성동4가] 수성우방팔레스 아파트 청소원 채용(26.03.02출근가능자),"[""CLEANING_TASK""]",test
[채용대행] 일산동 산들마을3단지 미화원 구인,"[""CLEANING_TASK""]",test
간병협회 사무보조 및 상담,"[""CARE_TASK"", ""OFFICE_TASK""]",test
면목풍림아이원 아파트 미화원 구인,"[""CLEANING_TASK""]",test
요양보호사 채용,"[""CARE_TASK""]",test
[잠실동] 금비빌딩 격일 시설관리원 모집 (월 250만원),"[""FACILITY_MAINTENANCE""]",test
미화원 구인 광교레이크파크 한양수자인아파트,"[""CLEANING_TASK""]",test
건물 시설관리원(소장),"[""FACILITY_MAINTENANCE""]",test
에덴재가복지센터 요양보호사 구인(백운면),"[""CARE_TASK""]",test
코바코파트너스 방송회관(목동) 미화 직원 공개경쟁 채용,"[""CLEANING_TASK""]",test
택시운전남녀기사모집(카카오콜 택시),"[""DRIVING""]",test
[해솔마을7단지 외곽 청소원 모집],"[""CLEANING_TASK""]",test
심곡마을광교힐스테이트 아파트 청소 미화원 구함(복지카드소지자우대),"[""CLEANING_TASK""]",test
인천가정2지구 행복주택 아파트 미화원 모집,"[""CLEANING_TASK""]",test
강화2차 세광 엔리치빌 아파트 미화원 구인(복지카드 우대),"[""CLEANING_TASK""]",test
재가요양보호사를 모집합니다,"[""CARE_TASK""]",test
아파트 미화원 모집- 화성시 동탄나루마을 한화꿈에그린 우림필유,"[""CLEANING_TASK""]",test
우장산 롯데캐슬 외곽 미화원 채용합니다.,"[""CLEANING_TASK""]",test
"세종로컬푸드(주) 도담점 미화원 1명 모집(토요일,일요일근무)","[""CLEANING_TASK""]",test
한국소비자원 2024년 제3차 공무직(운전원) 채용공고,"[""DRIVING""]",test
요양보호사 교육원 행정관리 담당직원을 모십니다,"[""CARE_TASK""]",test
김포 한강 한라비발디아파트 외곽 미화원 구인합니다.(장애인등록증 또는 장애인복지카드 소지자 우대),"[""CLEANING_TASK""]",test
"* [군포]아파트청소원(외곽,실외)모집-당동삼성마을2단지","[""CLEANING_TASK""]",test
더샵판교포레스트12단지 외곽 미화원 채용합니다.(장애인등록증 또는 장애인복지카드 소지자 우대),"[""CLEANING_TASK""]",test
시흥 배곧 한라비발디 컴퍼스3차 아파트 실내미화원,"[""CLEANING_TASK""]",test
영종국제도시 화성파크드림아파트 외곽청소원 모집,"[""CLEANING_TASK""]",test
실버벨노인복지관 '노인맞춤돌봄서비스' 생활지원사  채용 재공고,"[""CARE_TASK""]",test
[경기/성남] 주말 대형 매장 미화원 모집(주말 2일근무),"[""CLEANING_TASK""]",test
(인천/중구 항동) 냉동창고 상하차원(출하원) 모집,"[""LIFTING""]",test
대자인병원 청소원 모집,"[""CLEANING_TASK""]",test
[용산구]  청파동 주민센터 청소,"[""CLEANING_TASK""]",test
[평택 청북읍] 중견기업 회사 미화(청소) 직원 모집,"[""CLEANING_TASK""]",test
단시간 미화원 구인,"[""CLEANING_TASK""]",test
[야탑동]장미마을 아파트미화원 구인,"[""CLEANING_TASK""]",test
(야당동) 더진빌딩 미화 업무 채용,"[""CLEANING_TASK""]",test
[베셀에어로스페이스]  사내 청소/미화 (장애인) 직원 모집,"[""CLEANING_TASK""]",test
상도동 갑을명가1차아파트 미화원 구인,"[""CLEANING_TASK""]",test
반정동 아이파크캐슬 5단지 외곽미화원 모집(탑승식청소자 가능하신분),"[""CLEANING_TASK""]",test
재가요양보호사 채용(만수3지구),"[""CARE_TASK""]",test
[정발산동 밤가시마을 건영빌라 7단지 빌라]  미화원 구인 (복지카드 소지자우대/ 복지카드수당 지급),"[""CLEANING_TASK""]",test
"장애인표준사업장직원모집공고(기술직, 업무지원, 사무보조, 제조)","[""OFFICE_TASK""]",test
"성현동아아파트 내부미화원 1명 구인중,  **외곽미화원 1명(면접예정 확인)","[""CLEANING_TASK""]",test
청라한신더휴 아파트 미화원 모집,"[""CLEANING_TASK""]",test
오천 천마타운1차 미화원 채용합니다.,"[""CLEANING_TASK""]",test
"(채용대행) 은하마을 대우,동부아파트 미화원 모집","[""CLEANING_TASK""]",test
장애인 휠체어 콜택시 운전원 채용,"[""DRIVING""]",test
덕양구 고양지축 엘에이치 8단지 아파트 청소원 모집,"[""CLEANING_TASK""]",test
전남 무안 한아름골드 아파트 미화원 구인,"[""CLEANING_TASK""]",test
미화원 모집 (센텀시티),"[""CLEANING_TASK""]",test
"풍기동, 아산풍기이지더원아파트외곽미화원 모집","[""CLEANING_TASK""]",test
[탄현동] 탄현마을16단지 아파트 청소원 모집,"[""CLEANING_TASK""]",test
천호동 아파트 청소원 채용,"[""CLEANING_TASK""]",test
목동부영그린타운2차아파트 미화원 구인,"[""CLEANING_TASK""]",test
[중동] 병원 청소미화원 모집(해운대새일센터 채용대행),"[""CLEANING_TASK""]",test
[수지쌍용파크뷰] 아파트 내부 미화 구인 (신입가능/나이무관),"[""CLEANING_TASK""]",test
반월공단 기업체 미화원 모집,"[""CLEANING_TASK""]",test
힐스테이트 리버시티1단지 아파트 커뮤니티 미화원 구인합니다.,"[""CLEANING_TASK""]",test
해솔 마을 1단지 아파트 내부 미화 입니다.,"[""CLEANING_TASK""]",test
"[위드엠] 소독, 방역 및 저수조 청소 기사 모집","[""CLEANING_TASK""]",test
역촌동 아파트 외곽 미화 구인,"[""CLEANING_TASK""]",test
(남양주 와부읍) 와부고등학교  (격일제 야간)경비원 구인합니다,"[""NIGHT_SHIFT""]",test
문서관리 및 사무보조 직원 채용,"[""OFFICE_TASK""]",test
[백석동] 요진와이시티미화원 모집,"[""CLEANING_TASK""]",test
우암동 요양보호사님 모십니다.,"[""CARE_TASK""]",test
황구지천체육시설(중보들공원체육시설) 관리사원(안내·미화) 채용공고,"[""CLEANING_TASK""]",test
"『2025 포항일자리박람회』 현장면접 참가업체 - 버스 운전원 모집 (통근,관광) /  2025.10.29 (수) 14:00~,만인당","[""DRIVING""]",test
범서읍 배송기사 모집[울주군청 채용대행],"[""DRIVING""]",test
SK북한산시티 아파트 미화원 채용 공고,"[""CLEANING_TASK""]",test
담방마을 아파트 미화원 구인,"[""CLEANING_TASK""]",test
행복채움 주식회사 환경 미화 채용,"[""CLEANING_TASK""]",test
"서대문구 홍제동, 청자주택 5등급 할머니 케어하실 요양보호사 구인","[""CARE_TASK""]",test
[긴급] 광양시 광양장애인복지관 직원(시설관리자) 채용,"[""FACILITY_MAINTENANCE""]",test
경상북도청소년육성재단(청소년남자쉼터) 상담원(무기계약직) 채용공고,"[""CLEANING_TASK""]",test
[영덕동] 광교 풍경채어바니티 아파트 내부미화원 구인,"[""CLEANING_TASK""]",test
전북운전면허시험장 안전관리반장 정규직 채용공고,"[""DRIVING""]",test
아파트 외곽청소 및 미화원 모집 - 동탄 반도유보라 아이비파크 10.0 아파트,"[""CLEANING_TASK""]",test
[HLB제약] 화성시향남읍  미화원 모집,"[""CLEANING_TASK""]",test
[금호벽산아파트] 아파트 실내 미화원(09~15:30/격주토09~12시) 모집,"[""CLEANING_TASK""]",test
대림현대3차아파트 미화원 구인,"[""CLEANING_TASK""]",test
*강남더샵라르고(오피스텔)_청소원(실내)모집,"[""CLEANING_TASK""]",test
2022년 천안시시설관리공단 공원관리원 모집[기간제],"[""FACILITY_MAINTENANCE""]",test
[강남운전면허시험장] 2025년도 실무직 공개채용 공고(보안안내),"[""DRIVING""]",test
강북구 수유벽산아파트 미화원 모집,"[""CLEANING_TASK""]",test
"마곡 서울M플러스센터 시설관리 모집(마곡산업단지)--3교대근무,이력서 메일접수","[""FACILITY_MAINTENANCE""]",test
원주시가족센터 직원 채용 공고 [아이돌봄 전담인력],"[""CARE_TASK""]",test
"운정신도시 제일풍경채그랑퍼스트 미화원, 미화반장 모집","[""CLEANING_TASK""]",test
[풍덕천동]아파트 미화원 채용,"[""CLEANING_TASK""]",test
RF시스템즈 사옥 미화원 구인(복지카드 우대),"[""CLEANING_TASK""]",test
시흥능곡장현리슈빌퍼스트클래스 외곽미화원 구인,"[""CLEANING_TASK""]",test
[춘천시] 춘천고등학교 미화사원 채용합니다(복지카드 소지자 우대),"[""CLEANING_TASK""]",test
가평자이 아파트 내부 미화원 채용합니다.(장애인등록증 또는 장애인복지카드 소지자 우대),"[""CLEANING_TASK""]",test
* [평택 청북]아파트청소원(외곽)모집-청북 유승한내들,"[""CLEANING_TASK""]",test
"안성 쿠팡5센터 외곽미화/파지원 모집 『2024 평택시 일자리 채용박람회』 참여업체 ""04/30(화) 14시~, 이충문화체육센터“","[""CLEANING_TASK""]",test
부개 푸른마을삼부한신 아파트 미화원 4명 모집,"[""CLEANING_TASK""]",test
가양6단지 아파트 청소원 구인,"[""CLEANING_TASK""]",test
신보운영관리(주) 신용보증기금 프론트원 시설관리직(영선기사) 정규직 채용,"[""FACILITY_MAINTENANCE""]",test
[부성빌딩] 중구청 인근 미화원 모집,"[""CLEANING_TASK""]",test
위례포레자이 아파트 커뮤니티 미화원 구인(복지카드우대),"[""CLEANING_TASK""]",test
명일신동아아파트 청소미화원 채용,"[""CLEANING_TASK""]",test
아파트 실내 청소원 모집(고척1동),"[""CLEANING_TASK""]",test
증평주공4단지아파트 미화원 모집,"[""CLEANING_TASK""]",test
대자인병원 주말 청소원 모집(급구),"[""CLEANING_TASK""]",test
"2023년 목포해양대학교 제14회 시간제환경미화원(내부환경관리, 반일제) 채용 공고","[""CLEANING_TASK""]",test
요양보호사 채용 (3등급 할아버지),"[""CARE_TASK""]",test
(외곽) 미화원 채용,"[""CLEANING_TASK""]",test
건출물 기계설비 성능점검업의 사무보조 역할 하실 분을 찾습니다.,"[""OFFICE_TASK""]",test
[일산동] 후곡마을16단지 아파트 미화원 모집,"[""CLEANING_TASK""]",test
아파트 외곽 청소원 모집,"[""CLEANING_TASK""]",test
[동탄 지마켓] 물류센터 지게차운전원/셔틀버스운행,"[""DRIVING""]",test
한강현대아파트 주5일 미화원/복지카드 우대(수당15만원 지급),"[""CLEANING_TASK""]",test
평택소사벌 해링턴코트 아파트 미화원 구인,"[""CLEANING_TASK""]",test
[파라곤센트럴오션시티] 내부 미화원 모집합니다,"[""CLEANING_TASK""]",test
이편한세상 다산 아파트 환경미화원 구인,"[""CLEANING_TASK""]",test
[노원구] 아파트 청소원(실내미화)모집 - 상계주공10단지,"[""CLEANING_TASK""]",test
[수지 동천동] 수진마을 써니밸리 아파트 미화원 채용,"[""CLEANING_TASK""]",test
동대문구시설관리공단 시니어인턴(청소) 모집 공고,"[""CLEANING_TASK"", ""FACILITY_MAINTENANCE""]",test
대연동 요양보호사 모집  [4등급 여 주5일 08:30-11:30],"[""CARE_TASK""]",test
원주 기업도시 이지더원2차 아파트 미화원 모집합니다.,"[""CLEANING_TASK""]",test
[동탄1신도시] 능동역 경남아너스빌아파트 내부미화원 구인,"[""CLEANING_TASK""]",test
[복지카드소지]아파트미화원,"[""CLEANING_TASK""]",test
