orgCd,orgName,source_dataset,source_endpoint
0000794,중계종합사회복지관,PUB-002B_노인사회활동_기관코드,https://apis.data.go.kr/B552474/OdsnCodeInquiryService2/getOdsnOrgCodeInquiryList2
0002931,부산 해운대구(일자리경제과),PUB-002B_노인사회활동_기관코드,https://apis.data.go.kr/B552474/OdsnCodeInquiryService2/getOdsnOrgCodeInquiryList2
0001810,나눔평생교육원,PUB-002B_노인사회활동_기관코드,https://apis.data.go.kr/B552474/OdsnCodeInquiryService2/getOdsnOrgCodeInquiryList2
0002824,가평군실버인력뱅크,PUB-002B_노인사회활동_기관코드,https://apis.data.go.kr/B552474/OdsnCodeInquiryService2/getOdsnOrgCodeInquiryList2
0002691,사회복지법인 한원복지재단,PUB-002B_노인사회활동_기관코드,https://apis.data.go.kr/B552474/OdsnCodeInquiryService2/getOdsnOrgCodeInquiryList2
0001240,무공수훈자회 오산지회,PUB-002B_노인사회활동_기관코드,https://apis.data.go.kr/B552474/OdsnCodeInquiryService2/getOdsnOrgCodeInquiryList2
0002924,구산사회복지관,PUB-002B_노인사회활동_기관코드,https://apis.data.go.kr/B552474/OdsnCodeInquiryService2/getOdsnOrgCodeInquiryList2
0002164,양지노인복지관,PUB-002B_노인사회활동_기관코드,https://apis.data.go.kr/B552474/OdsnCodeInquiryService2/getOdsnOrgCodeInquiryList2
0000759,안동시종합사회복지관,PUB-002B_노인사회활동_기관코드,https://apis.data.go.kr/B552474/OdsnCodeInquiryService2/getOdsnOrgCodeInquiryList2
0000282,부천시청 노인복지과,PUB-002B_노인사회활동_기관코드,https://apis.data.go.kr/B552474/OdsnCodeInquiryService2/getOdsnOrgCodeInquiryList2
0000914,광주서구시니어클럽,PUB-002B_노인사회활동_기관코드,https://apis.data.go.kr/B552474/OdsnCodeInquiryService2/getOdsnOrgCodeInquiryList2
0002414,봉명2송정동주민센터,PUB-002B_노인사회활동_기관코드,https://apis.data.go.kr/B552474/OdsnCodeInquiryService2/getOdsnOrgCodeInquiryList2
0000832,강진노인복지센터,PUB-002B_노인사회활동_기관코드,https://apis.data.go.kr/B552474/OdsnCodeInquiryService2/getOdsnOrgCodeInquiryList2
0001493,김해노인일자리창출지원센터,PUB-002B_노인사회활동_기관코드,https://apis.data.go.kr/B552474/OdsnCodeInquiryService2/getOdsnOrgCodeInquiryList2
0002251,군산시니어클럽,PUB-002B_노인사회활동_기관코드,https://apis.data.go.kr/B552474/OdsnCodeInquiryService2/getOdsnOrgCodeInquiryList2
0002324,구미시 상모사곡동사무소,PUB-002B_노인사회활동_기관코드,https://apis.data.go.kr/B552474/OdsnCodeInquiryService2/getOdsnOrgCodeInquiryList2
0000298,광주시청 복지국,PUB-002B_노인사회활동_기관코드,https://apis.data.go.kr/B552474/OdsnCodeInquiryService2/getOdsnOrgCodeInquiryList2
0002394,청파노인복지관,PUB-002B_노인사회활동_기관코드,https://apis.data.go.kr/B552474/OdsnCodeInquiryService2/getOdsnOrgCodeInquiryList2
0000210,서대문구청 행복복지국 어르신복지과,PUB-002B_노인사회활동_기관코드,https://apis.data.go.kr/B552474/OdsnCodeInquiryService2/getOdsnOrgCodeInquiryList2
0000438,산청군청 ,PUB-002B_노인사회활동_기관코드,https://apis.data.go.kr/B552474/OdsnCodeInquiryService2/getOdsnOrgCodeInquiryList2
0002487,(사)중소기업기술혁신협회 강원지회,PUB-002B_노인사회활동_기관코드,https://apis.data.go.kr/B552474/OdsnCodeInquiryService2/getOdsnOrgCodeInquiryList2
0001458,이천은빛가정봉사원파견센터,PUB-002B_노인사회활동_기관코드,https://apis.data.go.kr/B552474/OdsnCodeInquiryService2/getOdsnOrgCodeInquiryList2
0000900,노경회,PUB-002B_노인사회활동_기관코드,https://apis.data.go.kr/B552474/OdsnCodeInquiryService2/getOdsnOrgCodeInquiryList2
0002758,범물노인복지관,PUB-002B_노인사회활동_기관코드,https://apis.data.go.kr/B552474/OdsnCodeInquiryService2/getOdsnOrgCodeInquiryList2
0001903,백석대학교 부설 백석실버센터,PUB-002B_노인사회활동_기관코드,https://apis.data.go.kr/B552474/OdsnCodeInquiryService2/getOdsnOrgCodeInquiryList2
0002190,죽장면,PUB-002B_노인사회활동_기관코드,https://apis.data.go.kr/B552474/OdsnCodeInquiryService2/getOdsnOrgCodeInquiryList2
0002538,중림종합사회복지관,PUB-002B_노인사회활동_기관코드,https://apis.data.go.kr/B552474/OdsnCodeInquiryService2/getOdsnOrgCodeInquiryList2
0001158,하안종합사회복지관,PUB-002B_노인사회활동_기관코드,https://apis.data.go.kr/B552474/OdsnCodeInquiryService2/getOdsnOrgCodeInquiryList2
0002786,대한노인회 부산 중구지회 ,PUB-002B_노인사회활동_기관코드,https://apis.data.go.kr/B552474/OdsnCodeInquiryService2/getOdsnOrgCodeInquiryList2
0002620,광교노인복지관,PUB-002B_노인사회활동_기관코드,https://apis.data.go.kr/B552474/OdsnCodeInquiryService2/getOdsnOrgCodeInquiryList2
0000899,대한노인회 강원 강릉시지회,PUB-002B_노인사회활동_기관코드,https://apis.data.go.kr/B552474/OdsnCodeInquiryService2/getOdsnOrgCodeInquiryList2
0002388,거제사랑노인복지센터,PUB-002B_노인사회활동_기관코드,https://apis.data.go.kr/B552474/OdsnCodeInquiryService2/getOdsnOrgCodeInquiryList2
0000819,금천노인종합복지관,PUB-002B_노인사회활동_기관코드,https://apis.data.go.kr/B552474/OdsnCodeInquiryService2/getOdsnOrgCodeInquiryList2
0000147,제주특별자치도노인복지관,PUB-002B_노인사회활동_기관코드,https://apis.data.go.kr/B552474/OdsnCodeInquiryService2/getOdsnOrgCodeInquiryList2
0000440,거창군청 행복나눔과,PUB-002B_노인사회활동_기관코드,https://apis.data.go.kr/B552474/OdsnCodeInquiryService2/getOdsnOrgCodeInquiryList2
0002378,경기서부노인보호전문기관,PUB-002B_노인사회활동_기관코드,https://apis.data.go.kr/B552474/OdsnCodeInquiryService2/getOdsnOrgCodeInquiryList2
0000640,대한노인회 전남 순천시지회,PUB-002B_노인사회활동_기관코드,https://apis.data.go.kr/B552474/OdsnCodeInquiryService2/getOdsnOrgCodeInquiryList2
0000316,속초시청 경로장애인과,PUB-002B_노인사회활동_기관코드,https://apis.data.go.kr/B552474/OdsnCodeInquiryService2/getOdsnOrgCodeInquiryList2
0000404,영천시청 문화관광복지국 사회복지과,PUB-002B_노인사회활동_기관코드,https://apis.data.go.kr/B552474/OdsnCodeInquiryService2/getOdsnOrgCodeInquiryList2
0000830,대한노인회 부산 동래구지회,PUB-002B_노인사회활동_기관코드,https://apis.data.go.kr/B552474/OdsnCodeInquiryService2/getOdsnOrgCodeInquiryList2
0000612,풍납종합사회복지관,PUB-002B_노인사회활동_기관코드,https://apis.data.go.kr/B552474/OdsnCodeInquiryService2/getOdsnOrgCodeInquiryList2
0000889,대한노인회 전남 구례군지회,PUB-002B_노인사회활동_기관코드,https://apis.data.go.kr/B552474/OdsnCodeInquiryService2/getOdsnOrgCodeInquiryList2
0000904,영등포종합사회복지관,PUB-002B_노인사회활동_기관코드,https://apis.data.go.kr/B552474/OdsnCodeInquiryService2/getOdsnOrgCodeInquiryList2
0002502,서울노원남부지역자활센터,PUB-002B_노인사회활동_기관코드,https://apis.data.go.kr/B552474/OdsnCodeInquiryService2/getOdsnOrgCodeInquiryList2
0001863,양경노인복지센터,PUB-002B_노인사회활동_기관코드,https://apis.data.go.kr/B552474/OdsnCodeInquiryService2/getOdsnOrgCodeInquiryList2
0002769,철원군사회복지협의회,PUB-002B_노인사회활동_기관코드,https://apis.data.go.kr/B552474/OdsnCodeInquiryService2/getOdsnOrgCodeInquiryList2
0002603,(중단),PUB-002B_노인사회활동_기관코드,https://apis.data.go.kr/B552474/OdsnCodeInquiryService2/getOdsnOrgCodeInquiryList2
0000302,양주시청,PUB-002B_노인사회활동_기관코드,https://apis.data.go.kr/B552474/OdsnCodeInquiryService2/getOdsnOrgCodeInquiryList2
0002307,경북서북부노인보호전문기관,PUB-002B_노인사회활동_기관코드,https://apis.data.go.kr/B552474/OdsnCodeInquiryService2/getOdsnOrgCodeInquiryList2
0000517,용인시처인노인복지관,PUB-002B_노인사회활동_기관코드,https://apis.data.go.kr/B552474/OdsnCodeInquiryService2/getOdsnOrgCodeInquiryList2
0000764,양산시종합사회복지관,PUB-002B_노인사회활동_기관코드,https://apis.data.go.kr/B552474/OdsnCodeInquiryService2/getOdsnOrgCodeInquiryList2
0000564,대한노인회 강원 홍천군지회,PUB-002B_노인사회활동_기관코드,https://apis.data.go.kr/B552474/OdsnCodeInquiryService2/getOdsnOrgCodeInquiryList2
0002728,충청북도광역정신건강증진센터,PUB-002B_노인사회활동_기관코드,https://apis.data.go.kr/B552474/OdsnCodeInquiryService2/getOdsnOrgCodeInquiryList2
0000839,(사)참빛사회복지회,PUB-002B_노인사회활동_기관코드,https://apis.data.go.kr/B552474/OdsnCodeInquiryService2/getOdsnOrgCodeInquiryList2
0001531,만덕종합사회복지관,PUB-002B_노인사회활동_기관코드,https://apis.data.go.kr/B552474/OdsnCodeInquiryService2/getOdsnOrgCodeInquiryList2
0002027,충청북도북부노인보호전문기관,PUB-002B_노인사회활동_기관코드,https://apis.data.go.kr/B552474/OdsnCodeInquiryService2/getOdsnOrgCodeInquiryList2
0002132,군산시 월명동주민센터,PUB-002B_노인사회활동_기관코드,https://apis.data.go.kr/B552474/OdsnCodeInquiryService2/getOdsnOrgCodeInquiryList2
0002401,대한노인회 경남 산청군지회,PUB-002B_노인사회활동_기관코드,https://apis.data.go.kr/B552474/OdsnCodeInquiryService2/getOdsnOrgCodeInquiryList2
0002244,담양군향촌노인종합복지관,PUB-002B_노인사회활동_기관코드,https://apis.data.go.kr/B552474/OdsnCodeInquiryService2/getOdsnOrgCodeInquiryList2
0002959,생명의전화노인통합지원센터,PUB-002B_노인사회활동_기관코드,https://apis.data.go.kr/B552474/OdsnCodeInquiryService2/getOdsnOrgCodeInquiryList2
0002960,여민동락공동체,PUB-002B_노인사회활동_기관코드,https://apis.data.go.kr/B552474/OdsnCodeInquiryService2/getOdsnOrgCodeInquiryList2
0002966,대한노인회안동시지회,PUB-002B_노인사회활동_기관코드,https://apis.data.go.kr/B552474/OdsnCodeInquiryService2/getOdsnOrgCodeInquiryList2
0002962,김해시동부노인종합복지관,PUB-002B_노인사회활동_기관코드,https://apis.data.go.kr/B552474/OdsnCodeInquiryService2/getOdsnOrgCodeInquiryList2
0002961,창포종합사회복지관,PUB-002B_노인사회활동_기관코드,https://apis.data.go.kr/B552474/OdsnCodeInquiryService2/getOdsnOrgCodeInquiryList2
0002955,수정노인종합복지관,PUB-002B_노인사회활동_기관코드,https://apis.data.go.kr/B552474/OdsnCodeInquiryService2/getOdsnOrgCodeInquiryList2
0002958,대한노인회 충북 진천군지회,PUB-002B_노인사회활동_기관코드,https://apis.data.go.kr/B552474/OdsnCodeInquiryService2/getOdsnOrgCodeInquiryList2
0002534,춘천남부노인복지관,PUB-002B_노인사회활동_기관코드,https://apis.data.go.kr/B552474/OdsnCodeInquiryService2/getOdsnOrgCodeInquiryList2
0002770,서천지역자활센터,PUB-002B_노인사회활동_기관코드,https://apis.data.go.kr/B552474/OdsnCodeInquiryService2/getOdsnOrgCodeInquiryList2
0002437,화순군여성의용소방대,PUB-002B_노인사회활동_기관코드,https://apis.data.go.kr/B552474/OdsnCodeInquiryService2/getOdsnOrgCodeInquiryList2
0002658,순천남부종합복지관,PUB-002B_노인사회활동_기관코드,https://apis.data.go.kr/B552474/OdsnCodeInquiryService2/getOdsnOrgCodeInquiryList2
0001233,은파치매주간보호센터,PUB-002B_노인사회활동_기관코드,https://apis.data.go.kr/B552474/OdsnCodeInquiryService2/getOdsnOrgCodeInquiryList2
0002166,한솔노인복지센터,PUB-002B_노인사회활동_기관코드,https://apis.data.go.kr/B552474/OdsnCodeInquiryService2/getOdsnOrgCodeInquiryList2
0000503,신길종합사회복지관,PUB-002B_노인사회활동_기관코드,https://apis.data.go.kr/B552474/OdsnCodeInquiryService2/getOdsnOrgCodeInquiryList2
0001128,시흥실버인력뱅크,PUB-002B_노인사회활동_기관코드,https://apis.data.go.kr/B552474/OdsnCodeInquiryService2/getOdsnOrgCodeInquiryList2
0002306,광주남구자원봉사센터,PUB-002B_노인사회활동_기관코드,https://apis.data.go.kr/B552474/OdsnCodeInquiryService2/getOdsnOrgCodeInquiryList2
0000587,대한노인회 대전 중구지회,PUB-002B_노인사회활동_기관코드,https://apis.data.go.kr/B552474/OdsnCodeInquiryService2/getOdsnOrgCodeInquiryList2
0001596,대구달성군지회,PUB-002B_노인사회활동_기관코드,https://apis.data.go.kr/B552474/OdsnCodeInquiryService2/getOdsnOrgCodeInquiryList2
0000788,개금종합사회복지관,PUB-002B_노인사회활동_기관코드,https://apis.data.go.kr/B552474/OdsnCodeInquiryService2/getOdsnOrgCodeInquiryList2
0001056,임실나래노인복지센터,PUB-002B_노인사회활동_기관코드,https://apis.data.go.kr/B552474/OdsnCodeInquiryService2/getOdsnOrgCodeInquiryList2
0002407,임실군노인종합복지관,PUB-002B_노인사회활동_기관코드,https://apis.data.go.kr/B552474/OdsnCodeInquiryService2/getOdsnOrgCodeInquiryList2
0000242,대구 동구청 가족돌봄과,PUB-002B_노인사회활동_기관코드,https://apis.data.go.kr/B552474/OdsnCodeInquiryService2/getOdsnOrgCodeInquiryList2
0000291,군포시 복지국 노인장애인과,PUB-002B_노인사회활동_기관코드,https://apis.data.go.kr/B552474/OdsnCodeInquiryService2/getOdsnOrgCodeInquiryList2
0002193,제철동주민센터,PUB-002B_노인사회활동_기관코드,https://apis.data.go.kr/B552474/OdsnCodeInquiryService2/getOdsnOrgCodeInquiryList2
0000139,대한노인회 경남 고성군지회 ,PUB-002B_노인사회활동_기관코드,https://apis.data.go.kr/B552474/OdsnCodeInquiryService2/getOdsnOrgCodeInquiryList2
0001579,속초문화원,PUB-002B_노인사회활동_기관코드,https://apis.data.go.kr/B552474/OdsnCodeInquiryService2/getOdsnOrgCodeInquiryList2
0000041,양정재가노인복지센터,PUB-002B_노인사회활동_기관코드,https://apis.data.go.kr/B552474/OdsnCodeInquiryService2/getOdsnOrgCodeInquiryList2
0001065,대한노인회 경남 함양군지회,PUB-002B_노인사회활동_기관코드,https://apis.data.go.kr/B552474/OdsnCodeInquiryService2/getOdsnOrgCodeInquiryList2
0000408,군위군청,PUB-002B_노인사회활동_기관코드,https://apis.data.go.kr/B552474/OdsnCodeInquiryService2/getOdsnOrgCodeInquiryList2
0002358,순창지역자활센터,PUB-002B_노인사회활동_기관코드,https://apis.data.go.kr/B552474/OdsnCodeInquiryService2/getOdsnOrgCodeInquiryList2
0001248,안양실버인력뱅크(안양시노인종합복지관),PUB-002B_노인사회활동_기관코드,https://apis.data.go.kr/B552474/OdsnCodeInquiryService2/getOdsnOrgCodeInquiryList2
0000576,완도금일가정봉사원파견센터,PUB-002B_노인사회활동_기관코드,https://apis.data.go.kr/B552474/OdsnCodeInquiryService2/getOdsnOrgCodeInquiryList2
0000878,갈산종합사회복지관,PUB-002B_노인사회활동_기관코드,https://apis.data.go.kr/B552474/OdsnCodeInquiryService2/getOdsnOrgCodeInquiryList2
0002377,사하사랑채노인복지관,PUB-002B_노인사회활동_기관코드,https://apis.data.go.kr/B552474/OdsnCodeInquiryService2/getOdsnOrgCodeInquiryList2
0000665,강서구청 어르신복지과,PUB-002B_노인사회활동_기관코드,https://apis.data.go.kr/B552474/OdsnCodeInquiryService2/getOdsnOrgCodeInquiryList2
0000243,대구서구청,PUB-002B_노인사회활동_기관코드,https://apis.data.go.kr/B552474/OdsnCodeInquiryService2/getOdsnOrgCodeInquiryList2
0002062,사단법인 우리는,PUB-002B_노인사회활동_기관코드,https://apis.data.go.kr/B552474/OdsnCodeInquiryService2/getOdsnOrgCodeInquiryList2
0001808,화순군궁도협회,PUB-002B_노인사회활동_기관코드,https://apis.data.go.kr/B552474/OdsnCodeInquiryService2/getOdsnOrgCodeInquiryList2
0000333,청원군청 사회복지과,PUB-002B_노인사회활동_기관코드,https://apis.data.go.kr/B552474/OdsnCodeInquiryService2/getOdsnOrgCodeInquiryList2
0000509,원주시 사회복지협의회,PUB-002B_노인사회활동_기관코드,https://apis.data.go.kr/B552474/OdsnCodeInquiryService2/getOdsnOrgCodeInquiryList2
0000796,이레노인종합재가센터,PUB-002B_노인사회활동_기관코드,https://apis.data.go.kr/B552474/OdsnCodeInquiryService2/getOdsnOrgCodeInquiryList2
0002936,포항시,PUB-002B_노인사회활동_기관코드,https://apis.data.go.kr/B552474/OdsnCodeInquiryService2/getOdsnOrgCodeInquiryList2
0001581,경북안동시지회,PUB-002B_노인사회활동_기관코드,https://apis.data.go.kr/B552474/OdsnCodeInquiryService2/getOdsnOrgCodeInquiryList2
0001096,고양실버인력뱅크,PUB-002B_노인사회활동_기관코드,https://apis.data.go.kr/B552474/OdsnCodeInquiryService2/getOdsnOrgCodeInquiryList2
0000046,대구달서구노인종합복지관,PUB-002B_노인사회활동_기관코드,https://apis.data.go.kr/B552474/OdsnCodeInquiryService2/getOdsnOrgCodeInquiryList2
0000233,사하구청 주민복지국 노인장애인복지과,PUB-002B_노인사회활동_기관코드,https://apis.data.go.kr/B552474/OdsnCodeInquiryService2/getOdsnOrgCodeInquiryList2
0001964,사단법인 행복한노인,PUB-002B_노인사회활동_기관코드,https://apis.data.go.kr/B552474/OdsnCodeInquiryService2/getOdsnOrgCodeInquiryList2
0000331,충주시청 노인복지과,PUB-002B_노인사회활동_기관코드,https://apis.data.go.kr/B552474/OdsnCodeInquiryService2/getOdsnOrgCodeInquiryList2
0000941,정선도서관,PUB-002B_노인사회활동_기관코드,https://apis.data.go.kr/B552474/OdsnCodeInquiryService2/getOdsnOrgCodeInquiryList2
0001695,청양군재가노인지원센터,PUB-002B_노인사회활동_기관코드,https://apis.data.go.kr/B552474/OdsnCodeInquiryService2/getOdsnOrgCodeInquiryList2
0000069,부천시원미노인복지관,PUB-002B_노인사회활동_기관코드,https://apis.data.go.kr/B552474/OdsnCodeInquiryService2/getOdsnOrgCodeInquiryList2
0001311,대한노인회 서울 중구지회,PUB-002B_노인사회활동_기관코드,https://apis.data.go.kr/B552474/OdsnCodeInquiryService2/getOdsnOrgCodeInquiryList2
0001871,구리실버인력뱅크,PUB-002B_노인사회활동_기관코드,https://apis.data.go.kr/B552474/OdsnCodeInquiryService2/getOdsnOrgCodeInquiryList2
0002139,홍농노인복지센터,PUB-002B_노인사회활동_기관코드,https://apis.data.go.kr/B552474/OdsnCodeInquiryService2/getOdsnOrgCodeInquiryList2
0000429,밀양시청 노인장애인과,PUB-002B_노인사회활동_기관코드,https://apis.data.go.kr/B552474/OdsnCodeInquiryService2/getOdsnOrgCodeInquiryList2
0001878,대전동구시니어클럽,PUB-002B_노인사회활동_기관코드,https://apis.data.go.kr/B552474/OdsnCodeInquiryService2/getOdsnOrgCodeInquiryList2
0001895,서울특별시간호조무사회,PUB-002B_노인사회활동_기관코드,https://apis.data.go.kr/B552474/OdsnCodeInquiryService2/getOdsnOrgCodeInquiryList2
0001757,북서울종합사회복지관,PUB-002B_노인사회활동_기관코드,https://apis.data.go.kr/B552474/OdsnCodeInquiryService2/getOdsnOrgCodeInquiryList2
0001504,군위재가노인통합지원센터,PUB-002B_노인사회활동_기관코드,https://apis.data.go.kr/B552474/OdsnCodeInquiryService2/getOdsnOrgCodeInquiryList2
0001889,성남시분당시니어클럽 ,PUB-002B_노인사회활동_기관코드,https://apis.data.go.kr/B552474/OdsnCodeInquiryService2/getOdsnOrgCodeInquiryList2
0000083,여주시노인복지관(실버인력뱅크),PUB-002B_노인사회활동_기관코드,https://apis.data.go.kr/B552474/OdsnCodeInquiryService2/getOdsnOrgCodeInquiryList2
0000211,마포구청 복지동행국 어르신동행과,PUB-002B_노인사회활동_기관코드,https://apis.data.go.kr/B552474/OdsnCodeInquiryService2/getOdsnOrgCodeInquiryList2
0002438,순창재가복지센터,PUB-002B_노인사회활동_기관코드,https://apis.data.go.kr/B552474/OdsnCodeInquiryService2/getOdsnOrgCodeInquiryList2
0001026,남광종합사회복지관,PUB-002B_노인사회활동_기관코드,https://apis.data.go.kr/B552474/OdsnCodeInquiryService2/getOdsnOrgCodeInquiryList2
0002460,대원노인복지센터,PUB-002B_노인사회활동_기관코드,https://apis.data.go.kr/B552474/OdsnCodeInquiryService2/getOdsnOrgCodeInquiryList2
0000756,대한노인회 경북 경주시지회,PUB-002B_노인사회활동_기관코드,https://apis.data.go.kr/B552474/OdsnCodeInquiryService2/getOdsnOrgCodeInquiryList2
0000571,(사)대한노년자원봉사회,PUB-002B_노인사회활동_기관코드,https://apis.data.go.kr/B552474/OdsnCodeInquiryService2/getOdsnOrgCodeInquiryList2
0002783,청주시 서원구청,PUB-002B_노인사회활동_기관코드,https://apis.data.go.kr/B552474/OdsnCodeInquiryService2/getOdsnOrgCodeInquiryList2
0001076,문수실버복지관,PUB-002B_노인사회활동_기관코드,https://apis.data.go.kr/B552474/OdsnCodeInquiryService2/getOdsnOrgCodeInquiryList2
0001392,포천문화원,PUB-002B_노인사회활동_기관코드,https://apis.data.go.kr/B552474/OdsnCodeInquiryService2/getOdsnOrgCodeInquiryList2
0001078,김제노인종합복지관,PUB-002B_노인사회활동_기관코드,https://apis.data.go.kr/B552474/OdsnCodeInquiryService2/getOdsnOrgCodeInquiryList2
0001149,청솔종합사회복지관 부설 성남시실버인력뱅크,PUB-002B_노인사회활동_기관코드,https://apis.data.go.kr/B552474/OdsnCodeInquiryService2/getOdsnOrgCodeInquiryList2
0000247,대구달서구청 복지증진국,PUB-002B_노인사회활동_기관코드,https://apis.data.go.kr/B552474/OdsnCodeInquiryService2/getOdsnOrgCodeInquiryList2
0000335,옥천군청 주민복지과,PUB-002B_노인사회활동_기관코드,https://apis.data.go.kr/B552474/OdsnCodeInquiryService2/getOdsnOrgCodeInquiryList2
0002788,대한교육시니어직능클럽,PUB-002B_노인사회활동_기관코드,https://apis.data.go.kr/B552474/OdsnCodeInquiryService2/getOdsnOrgCodeInquiryList2
0000432,의령군청 주민생활지원과,PUB-002B_노인사회활동_기관코드,https://apis.data.go.kr/B552474/OdsnCodeInquiryService2/getOdsnOrgCodeInquiryList2
0001018,대한노인회 경기 용인시 수지구지회,PUB-002B_노인사회활동_기관코드,https://apis.data.go.kr/B552474/OdsnCodeInquiryService2/getOdsnOrgCodeInquiryList2
0002954,대한노인회 서울연합회,PUB-002B_노인사회활동_기관코드,https://apis.data.go.kr/B552474/OdsnCodeInquiryService2/getOdsnOrgCodeInquiryList2
0000168,청주흥덕시니어클럽,PUB-002B_노인사회활동_기관코드,https://apis.data.go.kr/B552474/OdsnCodeInquiryService2/getOdsnOrgCodeInquiryList2
0002250,"사)숲해설가협회 경북협회, 포항환경학교",PUB-002B_노인사회활동_기관코드,https://apis.data.go.kr/B552474/OdsnCodeInquiryService2/getOdsnOrgCodeInquiryList2
0000690,섬김노인복지센터,PUB-002B_노인사회활동_기관코드,https://apis.data.go.kr/B552474/OdsnCodeInquiryService2/getOdsnOrgCodeInquiryList2
0000162,울산중구시니어클럽,PUB-002B_노인사회활동_기관코드,https://apis.data.go.kr/B552474/OdsnCodeInquiryService2/getOdsnOrgCodeInquiryList2
0000956,보령노인종합복지관,PUB-002B_노인사회활동_기관코드,https://apis.data.go.kr/B552474/OdsnCodeInquiryService2/getOdsnOrgCodeInquiryList2
0001749,포천종합사회복지관,PUB-002B_노인사회활동_기관코드,https://apis.data.go.kr/B552474/OdsnCodeInquiryService2/getOdsnOrgCodeInquiryList2
0001470,산청인애노인통합지원센터,PUB-002B_노인사회활동_기관코드,https://apis.data.go.kr/B552474/OdsnCodeInquiryService2/getOdsnOrgCodeInquiryList2
0001385,의왕시아름채노인복지관,PUB-002B_노인사회활동_기관코드,https://apis.data.go.kr/B552474/OdsnCodeInquiryService2/getOdsnOrgCodeInquiryList2
0000486,강릉시니어클럽,PUB-002B_노인사회활동_기관코드,https://apis.data.go.kr/B552474/OdsnCodeInquiryService2/getOdsnOrgCodeInquiryList2
0000869,달성군종합사회복지관,PUB-002B_노인사회활동_기관코드,https://apis.data.go.kr/B552474/OdsnCodeInquiryService2/getOdsnOrgCodeInquiryList2
0000171,전주시니어클럽,PUB-002B_노인사회활동_기관코드,https://apis.data.go.kr/B552474/OdsnCodeInquiryService2/getOdsnOrgCodeInquiryList2
0000230,부산광역시 남구청장,PUB-002B_노인사회활동_기관코드,https://apis.data.go.kr/B552474/OdsnCodeInquiryService2/getOdsnOrgCodeInquiryList2
0002641,한우리노인통합지원센터,PUB-002B_노인사회활동_기관코드,https://apis.data.go.kr/B552474/OdsnCodeInquiryService2/getOdsnOrgCodeInquiryList2
0001862,서울시 성북구지회,PUB-002B_노인사회활동_기관코드,https://apis.data.go.kr/B552474/OdsnCodeInquiryService2/getOdsnOrgCodeInquiryList2
0000076,안양시노인종합복지관,PUB-002B_노인사회활동_기관코드,https://apis.data.go.kr/B552474/OdsnCodeInquiryService2/getOdsnOrgCodeInquiryList2
0000172,곡성시니어클럽,PUB-002B_노인사회활동_기관코드,https://apis.data.go.kr/B552474/OdsnCodeInquiryService2/getOdsnOrgCodeInquiryList2
0000931,영도구자원봉사센터,PUB-002B_노인사회활동_기관코드,https://apis.data.go.kr/B552474/OdsnCodeInquiryService2/getOdsnOrgCodeInquiryList2
0000426,통영시청 노인장애인과,PUB-002B_노인사회활동_기관코드,https://apis.data.go.kr/B552474/OdsnCodeInquiryService2/getOdsnOrgCodeInquiryList2
0000274,울산광역시 남구청 노인장애인과,PUB-002B_노인사회활동_기관코드,https://apis.data.go.kr/B552474/OdsnCodeInquiryService2/getOdsnOrgCodeInquiryList2
0002413,청주시 상당구 내덕2동주민센터,PUB-002B_노인사회활동_기관코드,https://apis.data.go.kr/B552474/OdsnCodeInquiryService2/getOdsnOrgCodeInquiryList2
0002816,북구노인복지관,PUB-002B_노인사회활동_기관코드,https://apis.data.go.kr/B552474/OdsnCodeInquiryService2/getOdsnOrgCodeInquiryList2
0000382,구례군청,PUB-002B_노인사회활동_기관코드,https://apis.data.go.kr/B552474/OdsnCodeInquiryService2/getOdsnOrgCodeInquiryList2
0000209,은평구청,PUB-002B_노인사회활동_기관코드,https://apis.data.go.kr/B552474/OdsnCodeInquiryService2/getOdsnOrgCodeInquiryList2
0000011,시립마포노인종합복지관,PUB-002B_노인사회활동_기관코드,https://apis.data.go.kr/B552474/OdsnCodeInquiryService2/getOdsnOrgCodeInquiryList2
0001476,대한노인회 부산 영도구지회,PUB-002B_노인사회활동_기관코드,https://apis.data.go.kr/B552474/OdsnCodeInquiryService2/getOdsnOrgCodeInquiryList2
0000742,대구누리노인복지센터,PUB-002B_노인사회활동_기관코드,https://apis.data.go.kr/B552474/OdsnCodeInquiryService2/getOdsnOrgCodeInquiryList2
0000280,성남시청,PUB-002B_노인사회활동_기관코드,https://apis.data.go.kr/B552474/OdsnCodeInquiryService2/getOdsnOrgCodeInquiryList2
0000488,대한노인회 충북 단양군지회,PUB-002B_노인사회활동_기관코드,https://apis.data.go.kr/B552474/OdsnCodeInquiryService2/getOdsnOrgCodeInquiryList2
0000292,화성시청 복지국 노인복지과,PUB-002B_노인사회활동_기관코드,https://apis.data.go.kr/B552474/OdsnCodeInquiryService2/getOdsnOrgCodeInquiryList2
0001877,대구북구시니어클럽,PUB-002B_노인사회활동_기관코드,https://apis.data.go.kr/B552474/OdsnCodeInquiryService2/getOdsnOrgCodeInquiryList2
0002928,서천시니어클럽,PUB-002B_노인사회활동_기관코드,https://apis.data.go.kr/B552474/OdsnCodeInquiryService2/getOdsnOrgCodeInquiryList2
0002195,포항시 남구청 산업과 ,PUB-002B_노인사회활동_기관코드,https://apis.data.go.kr/B552474/OdsnCodeInquiryService2/getOdsnOrgCodeInquiryList2
0000106,청주가경노인복지관,PUB-002B_노인사회활동_기관코드,https://apis.data.go.kr/B552474/OdsnCodeInquiryService2/getOdsnOrgCodeInquiryList2
0001435,나누리노인통합지원센터,PUB-002B_노인사회활동_기관코드,https://apis.data.go.kr/B552474/OdsnCodeInquiryService2/getOdsnOrgCodeInquiryList2
0001542,(사)한국예술문화단체총연합회 순천지부,PUB-002B_노인사회활동_기관코드,https://apis.data.go.kr/B552474/OdsnCodeInquiryService2/getOdsnOrgCodeInquiryList2
0001509,보성종합사회복지관,PUB-002B_노인사회활동_기관코드,https://apis.data.go.kr/B552474/OdsnCodeInquiryService2/getOdsnOrgCodeInquiryList2
0001806,나주소방서화순119센터,PUB-002B_노인사회활동_기관코드,https://apis.data.go.kr/B552474/OdsnCodeInquiryService2/getOdsnOrgCodeInquiryList2
0001860,마포지역아동센터연합회,PUB-002B_노인사회활동_기관코드,https://apis.data.go.kr/B552474/OdsnCodeInquiryService2/getOdsnOrgCodeInquiryList2
0000740,대한노인회 노원구지회,PUB-002B_노인사회활동_기관코드,https://apis.data.go.kr/B552474/OdsnCodeInquiryService2/getOdsnOrgCodeInquiryList2
0000535,대한노인회 서울 서대문구지회,PUB-002B_노인사회활동_기관코드,https://apis.data.go.kr/B552474/OdsnCodeInquiryService2/getOdsnOrgCodeInquiryList2
0000607,상주시종합사회복지관,PUB-002B_노인사회활동_기관코드,https://apis.data.go.kr/B552474/OdsnCodeInquiryService2/getOdsnOrgCodeInquiryList2
0001216,성남시수정구지회,PUB-002B_노인사회활동_기관코드,https://apis.data.go.kr/B552474/OdsnCodeInquiryService2/getOdsnOrgCodeInquiryList2
0000508,원광효도마을시니어클럽,PUB-002B_노인사회활동_기관코드,https://apis.data.go.kr/B552474/OdsnCodeInquiryService2/getOdsnOrgCodeInquiryList2
0000387,강진군청,PUB-002B_노인사회활동_기관코드,https://apis.data.go.kr/B552474/OdsnCodeInquiryService2/getOdsnOrgCodeInquiryList2
0001465,부산 해운대구 보건소,PUB-002B_노인사회활동_기관코드,https://apis.data.go.kr/B552474/OdsnCodeInquiryService2/getOdsnOrgCodeInquiryList2
0001121,목포문화원,PUB-002B_노인사회활동_기관코드,https://apis.data.go.kr/B552474/OdsnCodeInquiryService2/getOdsnOrgCodeInquiryList2
0002950,김천시도농일자리지원센터,PUB-002B_노인사회활동_기관코드,https://apis.data.go.kr/B552474/OdsnCodeInquiryService2/getOdsnOrgCodeInquiryList2
0000886,무주종합복지관,PUB-002B_노인사회활동_기관코드,https://apis.data.go.kr/B552474/OdsnCodeInquiryService2/getOdsnOrgCodeInquiryList2
0000482,사회복지법인 영산,PUB-002B_노인사회활동_기관코드,https://apis.data.go.kr/B552474/OdsnCodeInquiryService2/getOdsnOrgCodeInquiryList2
0000501,유경노인복지센터,PUB-002B_노인사회활동_기관코드,https://apis.data.go.kr/B552474/OdsnCodeInquiryService2/getOdsnOrgCodeInquiryList2
0002339,대한노인회 경북 군위군지회,PUB-002B_노인사회활동_기관코드,https://apis.data.go.kr/B552474/OdsnCodeInquiryService2/getOdsnOrgCodeInquiryList2
0002537,부안종합사회복지관,PUB-002B_노인사회활동_기관코드,https://apis.data.go.kr/B552474/OdsnCodeInquiryService2/getOdsnOrgCodeInquiryList2
0002867,비봉면,PUB-002B_노인사회활동_기관코드,https://apis.data.go.kr/B552474/OdsnCodeInquiryService2/getOdsnOrgCodeInquiryList2
0001467,사단법인 실버마을,PUB-002B_노인사회활동_기관코드,https://apis.data.go.kr/B552474/OdsnCodeInquiryService2/getOdsnOrgCodeInquiryList2
0000697,대한노인회 경남 밀양시지회,PUB-002B_노인사회활동_기관코드,https://apis.data.go.kr/B552474/OdsnCodeInquiryService2/getOdsnOrgCodeInquiryList2
0000367,진안군청 ,PUB-002B_노인사회활동_기관코드,https://apis.data.go.kr/B552474/OdsnCodeInquiryService2/getOdsnOrgCodeInquiryList2
0000439,함양군청 노인복지과,PUB-002B_노인사회활동_기관코드,https://apis.data.go.kr/B552474/OdsnCodeInquiryService2/getOdsnOrgCodeInquiryList2
0002454,경북포항나눔지역자활센터,PUB-002B_노인사회활동_기관코드,https://apis.data.go.kr/B552474/OdsnCodeInquiryService2/getOdsnOrgCodeInquiryList2
0000220,강남구청 복지문화국 노인복지과,PUB-002B_노인사회활동_기관코드,https://apis.data.go.kr/B552474/OdsnCodeInquiryService2/getOdsnOrgCodeInquiryList2
0001916,한국보육시설연합회 서울시가정분과위원회,PUB-002B_노인사회활동_기관코드,https://apis.data.go.kr/B552474/OdsnCodeInquiryService2/getOdsnOrgCodeInquiryList2
0001707,부평중부종합사회복지관,PUB-002B_노인사회활동_기관코드,https://apis.data.go.kr/B552474/OdsnCodeInquiryService2/getOdsnOrgCodeInquiryList2
0001899,전국주부교실중앙회,PUB-002B_노인사회활동_기관코드,https://apis.data.go.kr/B552474/OdsnCodeInquiryService2/getOdsnOrgCodeInquiryList2
0000443,제주시청,PUB-002B_노인사회활동_기관코드,https://apis.data.go.kr/B552474/OdsnCodeInquiryService2/getOdsnOrgCodeInquiryList2
0002610,서울시구로구재가노인복지기관,PUB-002B_노인사회활동_기관코드,https://apis.data.go.kr/B552474/OdsnCodeInquiryService2/getOdsnOrgCodeInquiryList2
0001643,고양시니어클럽,PUB-002B_노인사회활동_기관코드,https://apis.data.go.kr/B552474/OdsnCodeInquiryService2/getOdsnOrgCodeInquiryList2
0001696,소라종합사회복지관,PUB-002B_노인사회활동_기관코드,https://apis.data.go.kr/B552474/OdsnCodeInquiryService2/getOdsnOrgCodeInquiryList2
0001133,대방종합사회복지관,PUB-002B_노인사회활동_기관코드,https://apis.data.go.kr/B552474/OdsnCodeInquiryService2/getOdsnOrgCodeInquiryList2
0000257,인천서구청 복지국 노인장애인과,PUB-002B_노인사회활동_기관코드,https://apis.data.go.kr/B552474/OdsnCodeInquiryService2/getOdsnOrgCodeInquiryList2
0000624,문수종합사회복지관,PUB-002B_노인사회활동_기관코드,https://apis.data.go.kr/B552474/OdsnCodeInquiryService2/getOdsnOrgCodeInquiryList2
0002099,대한노인회 전남 목포시지회,PUB-002B_노인사회활동_기관코드,https://apis.data.go.kr/B552474/OdsnCodeInquiryService2/getOdsnOrgCodeInquiryList2
0000268,대전 중구청  돌봄복지국  노인장애인과,PUB-002B_노인사회활동_기관코드,https://apis.data.go.kr/B552474/OdsnCodeInquiryService2/getOdsnOrgCodeInquiryList2
0000350,금산군청 주민복지지원과,PUB-002B_노인사회활동_기관코드,https://apis.data.go.kr/B552474/OdsnCodeInquiryService2/getOdsnOrgCodeInquiryList2
0001442,진주노인일자리창출지원센터,PUB-002B_노인사회활동_기관코드,https://apis.data.go.kr/B552474/OdsnCodeInquiryService2/getOdsnOrgCodeInquiryList2
0001525,평택문화원,PUB-002B_노인사회활동_기관코드,https://apis.data.go.kr/B552474/OdsnCodeInquiryService2/getOdsnOrgCodeInquiryList2
0001264,덕진노인복지관,PUB-002B_노인사회활동_기관코드,https://apis.data.go.kr/B552474/OdsnCodeInquiryService2/getOdsnOrgCodeInquiryList2
0000063,광명종합사회복지관,PUB-002B_노인사회활동_기관코드,https://apis.data.go.kr/B552474/OdsnCodeInquiryService2/getOdsnOrgCodeInquiryList2
0000029,대한노인회 인천 강화군지회,PUB-002B_노인사회활동_기관코드,https://apis.data.go.kr/B552474/OdsnCodeInquiryService2/getOdsnOrgCodeInquiryList2
0000262,서구청 통합돌봄추진단 고령사회정책과,PUB-002B_노인사회활동_기관코드,https://apis.data.go.kr/B552474/OdsnCodeInquiryService2/getOdsnOrgCodeInquiryList2
0002354,평창시니어클럽,PUB-002B_노인사회활동_기관코드,https://apis.data.go.kr/B552474/OdsnCodeInquiryService2/getOdsnOrgCodeInquiryList2
0002373,사회적 기업 (주)미래를 여는 사람들 ,PUB-002B_노인사회활동_기관코드,https://apis.data.go.kr/B552474/OdsnCodeInquiryService2/getOdsnOrgCodeInquiryList2
0002560,서대문구청 푸른도시과,PUB-002B_노인사회활동_기관코드,https://apis.data.go.kr/B552474/OdsnCodeInquiryService2/getOdsnOrgCodeInquiryList2
0002308,정선군종합사회복지관,PUB-002B_노인사회활동_기관코드,https://apis.data.go.kr/B552474/OdsnCodeInquiryService2/getOdsnOrgCodeInquiryList2
0002453,횡성군노인복지대학,PUB-002B_노인사회활동_기관코드,https://apis.data.go.kr/B552474/OdsnCodeInquiryService2/getOdsnOrgCodeInquiryList2
0001990,광주서구시니어클럽,PUB-002B_노인사회활동_기관코드,https://apis.data.go.kr/B552474/OdsnCodeInquiryService2/getOdsnOrgCodeInquiryList2
0000786,단원구노인복지관,PUB-002B_노인사회활동_기관코드,https://apis.data.go.kr/B552474/OdsnCodeInquiryService2/getOdsnOrgCodeInquiryList2
0001443,노인생활과학연구소,PUB-002B_노인사회활동_기관코드,https://apis.data.go.kr/B552474/OdsnCodeInquiryService2/getOdsnOrgCodeInquiryList2
0001072,창동어르신복지관,PUB-002B_노인사회활동_기관코드,https://apis.data.go.kr/B552474/OdsnCodeInquiryService2/getOdsnOrgCodeInquiryList2
0000682,상리종합사회복지관,PUB-002B_노인사회활동_기관코드,https://apis.data.go.kr/B552474/OdsnCodeInquiryService2/getOdsnOrgCodeInquiryList2
0000352,부여군청 가족행복과,PUB-002B_노인사회활동_기관코드,https://apis.data.go.kr/B552474/OdsnCodeInquiryService2/getOdsnOrgCodeInquiryList2
0002376,정다운복지재단,PUB-002B_노인사회활동_기관코드,https://apis.data.go.kr/B552474/OdsnCodeInquiryService2/getOdsnOrgCodeInquiryList2
0000799,마포보사재가노인복지기관,PUB-002B_노인사회활동_기관코드,https://apis.data.go.kr/B552474/OdsnCodeInquiryService2/getOdsnOrgCodeInquiryList2
0002292,늘푸른화순21협의회,PUB-002B_노인사회활동_기관코드,https://apis.data.go.kr/B552474/OdsnCodeInquiryService2/getOdsnOrgCodeInquiryList2
0002561,성화개신죽림동 주민센터,PUB-002B_노인사회활동_기관코드,https://apis.data.go.kr/B552474/OdsnCodeInquiryService2/getOdsnOrgCodeInquiryList2
0000602,대한노인회 경남 거제시지회,PUB-002B_노인사회활동_기관코드,https://apis.data.go.kr/B552474/OdsnCodeInquiryService2/getOdsnOrgCodeInquiryList2
0002491,(재)대한성공회유지재단,PUB-002B_노인사회활동_기관코드,https://apis.data.go.kr/B552474/OdsnCodeInquiryService2/getOdsnOrgCodeInquiryList2
0000460,전남도청 노인복지과,PUB-002B_노인사회활동_기관코드,https://apis.data.go.kr/B552474/OdsnCodeInquiryService2/getOdsnOrgCodeInquiryList2
0001827,강원 인제군지회,PUB-002B_노인사회활동_기관코드,https://apis.data.go.kr/B552474/OdsnCodeInquiryService2/getOdsnOrgCodeInquiryList2
0001431,시민노인복지센터,PUB-002B_노인사회활동_기관코드,https://apis.data.go.kr/B552474/OdsnCodeInquiryService2/getOdsnOrgCodeInquiryList2
0001513,광주노인보호전문기관,PUB-002B_노인사회활동_기관코드,https://apis.data.go.kr/B552474/OdsnCodeInquiryService2/getOdsnOrgCodeInquiryList2
0002509,포항시북구건설교통과,PUB-002B_노인사회활동_기관코드,https://apis.data.go.kr/B552474/OdsnCodeInquiryService2/getOdsnOrgCodeInquiryList2
0000694,대한노인회 충북 영동군지회,PUB-002B_노인사회활동_기관코드,https://apis.data.go.kr/B552474/OdsnCodeInquiryService2/getOdsnOrgCodeInquiryList2
0001290,수서종합사회복지관,PUB-002B_노인사회활동_기관코드,https://apis.data.go.kr/B552474/OdsnCodeInquiryService2/getOdsnOrgCodeInquiryList2
0002008,세종시보건소,PUB-002B_노인사회활동_기관코드,https://apis.data.go.kr/B552474/OdsnCodeInquiryService2/getOdsnOrgCodeInquiryList2
0002583,양천구청 청소행정과,PUB-002B_노인사회활동_기관코드,https://apis.data.go.kr/B552474/OdsnCodeInquiryService2/getOdsnOrgCodeInquiryList2
0002199,포항시북구용흥동,PUB-002B_노인사회활동_기관코드,https://apis.data.go.kr/B552474/OdsnCodeInquiryService2/getOdsnOrgCodeInquiryList2
0000348,논산시청 행정복지국 100세행복과,PUB-002B_노인사회활동_기관코드,https://apis.data.go.kr/B552474/OdsnCodeInquiryService2/getOdsnOrgCodeInquiryList2
0001893,사랑요양원,PUB-002B_노인사회활동_기관코드,https://apis.data.go.kr/B552474/OdsnCodeInquiryService2/getOdsnOrgCodeInquiryList2
0001690,남원노인복지센터,PUB-002B_노인사회활동_기관코드,https://apis.data.go.kr/B552474/OdsnCodeInquiryService2/getOdsnOrgCodeInquiryList2
0000670,사단법인 나눔복지,PUB-002B_노인사회활동_기관코드,https://apis.data.go.kr/B552474/OdsnCodeInquiryService2/getOdsnOrgCodeInquiryList2
0000248,달성군청 주민복지국 복지정책과,PUB-002B_노인사회활동_기관코드,https://apis.data.go.kr/B552474/OdsnCodeInquiryService2/getOdsnOrgCodeInquiryList2
0002898,천안시 시니어클럽,PUB-002B_노인사회활동_기관코드,https://apis.data.go.kr/B552474/OdsnCodeInquiryService2/getOdsnOrgCodeInquiryList2
0001308,남동구노인인력개발센터,PUB-002B_노인사회활동_기관코드,https://apis.data.go.kr/B552474/OdsnCodeInquiryService2/getOdsnOrgCodeInquiryList2
0002935,방어진노인복지관,PUB-002B_노인사회활동_기관코드,https://apis.data.go.kr/B552474/OdsnCodeInquiryService2/getOdsnOrgCodeInquiryList2
0000909,산청문화원,PUB-002B_노인사회활동_기관코드,https://apis.data.go.kr/B552474/OdsnCodeInquiryService2/getOdsnOrgCodeInquiryList2
0002776,전북서부노인보호전문기관,PUB-002B_노인사회활동_기관코드,https://apis.data.go.kr/B552474/OdsnCodeInquiryService2/getOdsnOrgCodeInquiryList2
0000972,강남구립논현노인종합복지관,PUB-002B_노인사회활동_기관코드,https://apis.data.go.kr/B552474/OdsnCodeInquiryService2/getOdsnOrgCodeInquiryList2
0002396,경기남부노인보호전문기관,PUB-002B_노인사회활동_기관코드,https://apis.data.go.kr/B552474/OdsnCodeInquiryService2/getOdsnOrgCodeInquiryList2
0000082,이천시노인종합복지관,PUB-002B_노인사회활동_기관코드,https://apis.data.go.kr/B552474/OdsnCodeInquiryService2/getOdsnOrgCodeInquiryList2
0002143,포항시 건설환경사업소,PUB-002B_노인사회활동_기관코드,https://apis.data.go.kr/B552474/OdsnCodeInquiryService2/getOdsnOrgCodeInquiryList2
0000953,대한노인회 강원 춘천시지회,PUB-002B_노인사회활동_기관코드,https://apis.data.go.kr/B552474/OdsnCodeInquiryService2/getOdsnOrgCodeInquiryList2
0002497,영양군청,PUB-002B_노인사회활동_기관코드,https://apis.data.go.kr/B552474/OdsnCodeInquiryService2/getOdsnOrgCodeInquiryList2
0000565,대한노인회 전북 남원시지회,PUB-002B_노인사회활동_기관코드,https://apis.data.go.kr/B552474/OdsnCodeInquiryService2/getOdsnOrgCodeInquiryList2
0001451,사하구종합사회복지관,PUB-002B_노인사회활동_기관코드,https://apis.data.go.kr/B552474/OdsnCodeInquiryService2/getOdsnOrgCodeInquiryList2
0001371,대구수성시니어클럽,PUB-002B_노인사회활동_기관코드,https://apis.data.go.kr/B552474/OdsnCodeInquiryService2/getOdsnOrgCodeInquiryList2
0000334,보은군청 복지정책과,PUB-002B_노인사회활동_기관코드,https://apis.data.go.kr/B552474/OdsnCodeInquiryService2/getOdsnOrgCodeInquiryList2
0000768,임실노인복지센터,PUB-002B_노인사회활동_기관코드,https://apis.data.go.kr/B552474/OdsnCodeInquiryService2/getOdsnOrgCodeInquiryList2
0000661,춘천노인복지센터,PUB-002B_노인사회활동_기관코드,https://apis.data.go.kr/B552474/OdsnCodeInquiryService2/getOdsnOrgCodeInquiryList2
0001061,수원시니어클럽,PUB-002B_노인사회활동_기관코드,https://apis.data.go.kr/B552474/OdsnCodeInquiryService2/getOdsnOrgCodeInquiryList2
0002746,오산재가노인지원서비스센터,PUB-002B_노인사회활동_기관코드,https://apis.data.go.kr/B552474/OdsnCodeInquiryService2/getOdsnOrgCodeInquiryList2
0002208,사회복지법인 아름다운건강마을,PUB-002B_노인사회활동_기관코드,https://apis.data.go.kr/B552474/OdsnCodeInquiryService2/getOdsnOrgCodeInquiryList2
0000205,성북구청 ,PUB-002B_노인사회활동_기관코드,https://apis.data.go.kr/B552474/OdsnCodeInquiryService2/getOdsnOrgCodeInquiryList2
0000831,대한노인회 전남 무안군지회,PUB-002B_노인사회활동_기관코드,https://apis.data.go.kr/B552474/OdsnCodeInquiryService2/getOdsnOrgCodeInquiryList2
0001517,(사)함께하는 세상,PUB-002B_노인사회활동_기관코드,https://apis.data.go.kr/B552474/OdsnCodeInquiryService2/getOdsnOrgCodeInquiryList2
0000810,대한노인회 경기 시흥시지회,PUB-002B_노인사회활동_기관코드,https://apis.data.go.kr/B552474/OdsnCodeInquiryService2/getOdsnOrgCodeInquiryList2
0001647,부산사하시니어클럽,PUB-002B_노인사회활동_기관코드,https://apis.data.go.kr/B552474/OdsnCodeInquiryService2/getOdsnOrgCodeInquiryList2
0000071,부천시오정노인복지관,PUB-002B_노인사회활동_기관코드,https://apis.data.go.kr/B552474/OdsnCodeInquiryService2/getOdsnOrgCodeInquiryList2
0000464,한국노인인력개발원,PUB-002B_노인사회활동_기관코드,https://apis.data.go.kr/B552474/OdsnCodeInquiryService2/getOdsnOrgCodeInquiryList2
0001068,창동종합사회복지관,PUB-002B_노인사회활동_기관코드,https://apis.data.go.kr/B552474/OdsnCodeInquiryService2/getOdsnOrgCodeInquiryList2
0001838,(사)나눔과기쁨,PUB-002B_노인사회활동_기관코드,https://apis.data.go.kr/B552474/OdsnCodeInquiryService2/getOdsnOrgCodeInquiryList2
0001561,대청종합사회복지관,PUB-002B_노인사회활동_기관코드,https://apis.data.go.kr/B552474/OdsnCodeInquiryService2/getOdsnOrgCodeInquiryList2
0000495,대한노인회 경북 상주시지회,PUB-002B_노인사회활동_기관코드,https://apis.data.go.kr/B552474/OdsnCodeInquiryService2/getOdsnOrgCodeInquiryList2
0002281,일산동구보건소,PUB-002B_노인사회활동_기관코드,https://apis.data.go.kr/B552474/OdsnCodeInquiryService2/getOdsnOrgCodeInquiryList2
0002033,서울시북부여성발전센터,PUB-002B_노인사회활동_기관코드,https://apis.data.go.kr/B552474/OdsnCodeInquiryService2/getOdsnOrgCodeInquiryList2
0002158,경기도 김포시 김포1동,PUB-002B_노인사회활동_기관코드,https://apis.data.go.kr/B552474/OdsnCodeInquiryService2/getOdsnOrgCodeInquiryList2
0002625,서울특별시광역치매센터,PUB-002B_노인사회활동_기관코드,https://apis.data.go.kr/B552474/OdsnCodeInquiryService2/getOdsnOrgCodeInquiryList2
0002717,대한노인회 전북 장수군지회,PUB-002B_노인사회활동_기관코드,https://apis.data.go.kr/B552474/OdsnCodeInquiryService2/getOdsnOrgCodeInquiryList2
0002357,보령댐노인복지관,PUB-002B_노인사회활동_기관코드,https://apis.data.go.kr/B552474/OdsnCodeInquiryService2/getOdsnOrgCodeInquiryList2
0002724,KBS시니어직능클럽,PUB-002B_노인사회활동_기관코드,https://apis.data.go.kr/B552474/OdsnCodeInquiryService2/getOdsnOrgCodeInquiryList2
0000828,미추홀노인복지센터,PUB-002B_노인사회활동_기관코드,https://apis.data.go.kr/B552474/OdsnCodeInquiryService2/getOdsnOrgCodeInquiryList2
0001003,대한노인회 경북 영주시지회,PUB-002B_노인사회활동_기관코드,https://apis.data.go.kr/B552474/OdsnCodeInquiryService2/getOdsnOrgCodeInquiryList2
0000428,김해시 복지국 통합돌봄과,PUB-002B_노인사회활동_기관코드,https://apis.data.go.kr/B552474/OdsnCodeInquiryService2/getOdsnOrgCodeInquiryList2
0000398,포항시청,PUB-002B_노인사회활동_기관코드,https://apis.data.go.kr/B552474/OdsnCodeInquiryService2/getOdsnOrgCodeInquiryList2
0000926,원주노인소비자생활협동조합,PUB-002B_노인사회활동_기관코드,https://apis.data.go.kr/B552474/OdsnCodeInquiryService2/getOdsnOrgCodeInquiryList2
0002449,우암동주민센터,PUB-002B_노인사회활동_기관코드,https://apis.data.go.kr/B552474/OdsnCodeInquiryService2/getOdsnOrgCodeInquiryList2
0000775,제주특별자치도노인보호전문기관,PUB-002B_노인사회활동_기관코드,https://apis.data.go.kr/B552474/OdsnCodeInquiryService2/getOdsnOrgCodeInquiryList2
0000777,북부종합사회복지관,PUB-002B_노인사회활동_기관코드,https://apis.data.go.kr/B552474/OdsnCodeInquiryService2/getOdsnOrgCodeInquiryList2
0000513,대한노인회  함안군지회 ,PUB-002B_노인사회활동_기관코드,https://apis.data.go.kr/B552474/OdsnCodeInquiryService2/getOdsnOrgCodeInquiryList2
0002383,서울시립 신목종합사회복지관,PUB-002B_노인사회활동_기관코드,https://apis.data.go.kr/B552474/OdsnCodeInquiryService2/getOdsnOrgCodeInquiryList2
0002430,파주시문산종합사회복지관,PUB-002B_노인사회활동_기관코드,https://apis.data.go.kr/B552474/OdsnCodeInquiryService2/getOdsnOrgCodeInquiryList2
0002895,부산 해운대구(노인장애인복지과),PUB-002B_노인사회활동_기관코드,https://apis.data.go.kr/B552474/OdsnCodeInquiryService2/getOdsnOrgCodeInquiryList2
0000619,대한노인회 전남 여수시지회,PUB-002B_노인사회활동_기관코드,https://apis.data.go.kr/B552474/OdsnCodeInquiryService2/getOdsnOrgCodeInquiryList2
0002762,거제시사회복지협의회,PUB-002B_노인사회활동_기관코드,https://apis.data.go.kr/B552474/OdsnCodeInquiryService2/getOdsnOrgCodeInquiryList2
0000676,합천고려노인복지센터,PUB-002B_노인사회활동_기관코드,https://apis.data.go.kr/B552474/OdsnCodeInquiryService2/getOdsnOrgCodeInquiryList2
0000980,나눔의 집,PUB-002B_노인사회활동_기관코드,https://apis.data.go.kr/B552474/OdsnCodeInquiryService2/getOdsnOrgCodeInquiryList2
0000053,대덕구노인종합복지관,PUB-002B_노인사회활동_기관코드,https://apis.data.go.kr/B552474/OdsnCodeInquiryService2/getOdsnOrgCodeInquiryList2
0000206,강북구청 복지국 어르신장애인과,PUB-002B_노인사회활동_기관코드,https://apis.data.go.kr/B552474/OdsnCodeInquiryService2/getOdsnOrgCodeInquiryList2
0001453,강화군노인복지관,PUB-002B_노인사회활동_기관코드,https://apis.data.go.kr/B552474/OdsnCodeInquiryService2/getOdsnOrgCodeInquiryList2
0001540,새마을운동순천시지회,PUB-002B_노인사회활동_기관코드,https://apis.data.go.kr/B552474/OdsnCodeInquiryService2/getOdsnOrgCodeInquiryList2
0002826,성서노인종합복지관,PUB-002B_노인사회활동_기관코드,https://apis.data.go.kr/B552474/OdsnCodeInquiryService2/getOdsnOrgCodeInquiryList2
0002692,좋은이웃복지센터,PUB-002B_노인사회활동_기관코드,https://apis.data.go.kr/B552474/OdsnCodeInquiryService2/getOdsnOrgCodeInquiryList2
0001130,와치종합사회복지관,PUB-002B_노인사회활동_기관코드,https://apis.data.go.kr/B552474/OdsnCodeInquiryService2/getOdsnOrgCodeInquiryList2
0000178,제주시니어클럽,PUB-002B_노인사회활동_기관코드,https://apis.data.go.kr/B552474/OdsnCodeInquiryService2/getOdsnOrgCodeInquiryList2
0000856,대한노인회 부산 사상구지회,PUB-002B_노인사회활동_기관코드,https://apis.data.go.kr/B552474/OdsnCodeInquiryService2/getOdsnOrgCodeInquiryList2
0000431,양산시청,PUB-002B_노인사회활동_기관코드,https://apis.data.go.kr/B552474/OdsnCodeInquiryService2/getOdsnOrgCodeInquiryList2
0002521,성서재가노인돌봄센터,PUB-002B_노인사회활동_기관코드,https://apis.data.go.kr/B552474/OdsnCodeInquiryService2/getOdsnOrgCodeInquiryList2
0000401,안동시청,PUB-002B_노인사회활동_기관코드,https://apis.data.go.kr/B552474/OdsnCodeInquiryService2/getOdsnOrgCodeInquiryList2
0002510,영월군종합사회복지관,PUB-002B_노인사회활동_기관코드,https://apis.data.go.kr/B552474/OdsnCodeInquiryService2/getOdsnOrgCodeInquiryList2
0000874,사단법인 대한노인회 인천남동구지회,PUB-002B_노인사회활동_기관코드,https://apis.data.go.kr/B552474/OdsnCodeInquiryService2/getOdsnOrgCodeInquiryList2
0002920,동촌종합사회복지관,PUB-002B_노인사회활동_기관코드,https://apis.data.go.kr/B552474/OdsnCodeInquiryService2/getOdsnOrgCodeInquiryList2
0000035,정관노인복지관,PUB-002B_노인사회활동_기관코드,https://apis.data.go.kr/B552474/OdsnCodeInquiryService2/getOdsnOrgCodeInquiryList2
0000984,괴산문화원,PUB-002B_노인사회활동_기관코드,https://apis.data.go.kr/B552474/OdsnCodeInquiryService2/getOdsnOrgCodeInquiryList2
0002716,대한노인회 인천 서구지회,PUB-002B_노인사회활동_기관코드,https://apis.data.go.kr/B552474/OdsnCodeInquiryService2/getOdsnOrgCodeInquiryList2
0001107,옥수종합사회복지관,PUB-002B_노인사회활동_기관코드,https://apis.data.go.kr/B552474/OdsnCodeInquiryService2/getOdsnOrgCodeInquiryList2
0002271,봉두재가노인복지센터,PUB-002B_노인사회활동_기관코드,https://apis.data.go.kr/B552474/OdsnCodeInquiryService2/getOdsnOrgCodeInquiryList2
0002492,강동사랑나눔터,PUB-002B_노인사회활동_기관코드,https://apis.data.go.kr/B552474/OdsnCodeInquiryService2/getOdsnOrgCodeInquiryList2
0000005,광진노인종합복지관,PUB-002B_노인사회활동_기관코드,https://apis.data.go.kr/B552474/OdsnCodeInquiryService2/getOdsnOrgCodeInquiryList2
0000363,정읍시청 노인장애인과,PUB-002B_노인사회활동_기관코드,https://apis.data.go.kr/B552474/OdsnCodeInquiryService2/getOdsnOrgCodeInquiryList2
0002248,역삼노인복지센터,PUB-002B_노인사회활동_기관코드,https://apis.data.go.kr/B552474/OdsnCodeInquiryService2/getOdsnOrgCodeInquiryList2
0002902,파동주민센터,PUB-002B_노인사회활동_기관코드,https://apis.data.go.kr/B552474/OdsnCodeInquiryService2/getOdsnOrgCodeInquiryList2
0000989,조은노인복지센터,PUB-002B_노인사회활동_기관코드,https://apis.data.go.kr/B552474/OdsnCodeInquiryService2/getOdsnOrgCodeInquiryList2
0002169,정선지역자활센터,PUB-002B_노인사회활동_기관코드,https://apis.data.go.kr/B552474/OdsnCodeInquiryService2/getOdsnOrgCodeInquiryList2
0000394,완도군청,PUB-002B_노인사회활동_기관코드,https://apis.data.go.kr/B552474/OdsnCodeInquiryService2/getOdsnOrgCodeInquiryList2
0002773,사회복지법인 세교복지재단,PUB-002B_노인사회활동_기관코드,https://apis.data.go.kr/B552474/OdsnCodeInquiryService2/getOdsnOrgCodeInquiryList2
0000038,실버벨노인복지관,PUB-002B_노인사회활동_기관코드,https://apis.data.go.kr/B552474/OdsnCodeInquiryService2/getOdsnOrgCodeInquiryList2
0002224,베트남참전기념사업회동작구회,PUB-002B_노인사회활동_기관코드,https://apis.data.go.kr/B552474/OdsnCodeInquiryService2/getOdsnOrgCodeInquiryList2
0001016,진원노인복지센터,PUB-002B_노인사회활동_기관코드,https://apis.data.go.kr/B552474/OdsnCodeInquiryService2/getOdsnOrgCodeInquiryList2
0002488,전동면 짚풀공예사업단,PUB-002B_노인사회활동_기관코드,https://apis.data.go.kr/B552474/OdsnCodeInquiryService2/getOdsnOrgCodeInquiryList2
0002472,철원군 종합문화복지센터,PUB-002B_노인사회활동_기관코드,https://apis.data.go.kr/B552474/OdsnCodeInquiryService2/getOdsnOrgCodeInquiryList2
0002939,신림종합사회복지관,PUB-002B_노인사회활동_기관코드,https://apis.data.go.kr/B552474/OdsnCodeInquiryService2/getOdsnOrgCodeInquiryList2
0001204,강남노인복지센터,PUB-002B_노인사회활동_기관코드,https://apis.data.go.kr/B552474/OdsnCodeInquiryService2/getOdsnOrgCodeInquiryList2
0000648,순천조례노인복지센터,PUB-002B_노인사회활동_기관코드,https://apis.data.go.kr/B552474/OdsnCodeInquiryService2/getOdsnOrgCodeInquiryList2
0002229,경기 안양시동안구지회,PUB-002B_노인사회활동_기관코드,https://apis.data.go.kr/B552474/OdsnCodeInquiryService2/getOdsnOrgCodeInquiryList2
0000455,경기도 노인복지과,PUB-002B_노인사회활동_기관코드,https://apis.data.go.kr/B552474/OdsnCodeInquiryService2/getOdsnOrgCodeInquiryList2
0002866,(유)여수꽃빵,PUB-002B_노인사회활동_기관코드,https://apis.data.go.kr/B552474/OdsnCodeInquiryService2/getOdsnOrgCodeInquiryList2
0000099,음성군노인복지관,PUB-002B_노인사회활동_기관코드,https://apis.data.go.kr/B552474/OdsnCodeInquiryService2/getOdsnOrgCodeInquiryList2
0001689,등촌7종합사회복지관,PUB-002B_노인사회활동_기관코드,https://apis.data.go.kr/B552474/OdsnCodeInquiryService2/getOdsnOrgCodeInquiryList2
0001713,한국노인복지운동본부,PUB-002B_노인사회활동_기관코드,https://apis.data.go.kr/B552474/OdsnCodeInquiryService2/getOdsnOrgCodeInquiryList2
0001238,로뎀나무식당,PUB-002B_노인사회활동_기관코드,https://apis.data.go.kr/B552474/OdsnCodeInquiryService2/getOdsnOrgCodeInquiryList2
0000853,울산동구노인복지관,PUB-002B_노인사회활동_기관코드,https://apis.data.go.kr/B552474/OdsnCodeInquiryService2/getOdsnOrgCodeInquiryList2
0000698,대한노인회 충북 제천시지회,PUB-002B_노인사회활동_기관코드,https://apis.data.go.kr/B552474/OdsnCodeInquiryService2/getOdsnOrgCodeInquiryList2
0002821,미디어피알,PUB-002B_노인사회활동_기관코드,https://apis.data.go.kr/B552474/OdsnCodeInquiryService2/getOdsnOrgCodeInquiryList2
0002245,은평구립응암노인복지관,PUB-002B_노인사회활동_기관코드,https://apis.data.go.kr/B552474/OdsnCodeInquiryService2/getOdsnOrgCodeInquiryList2
0001155,대한노인회 고양시일산서구지회,PUB-002B_노인사회활동_기관코드,https://apis.data.go.kr/B552474/OdsnCodeInquiryService2/getOdsnOrgCodeInquiryList2
0002699,(재)노인지원재단,PUB-002B_노인사회활동_기관코드,https://apis.data.go.kr/B552474/OdsnCodeInquiryService2/getOdsnOrgCodeInquiryList2
0000181,대한노인회 부산연합회,PUB-002B_노인사회활동_기관코드,https://apis.data.go.kr/B552474/OdsnCodeInquiryService2/getOdsnOrgCodeInquiryList2
0002639,사회복지법인대길사회복지재단,PUB-002B_노인사회활동_기관코드,https://apis.data.go.kr/B552474/OdsnCodeInquiryService2/getOdsnOrgCodeInquiryList2
0001637,양산시니어클럽,PUB-002B_노인사회활동_기관코드,https://apis.data.go.kr/B552474/OdsnCodeInquiryService2/getOdsnOrgCodeInquiryList2
0000823,(사)세종YWCA,PUB-002B_노인사회활동_기관코드,https://apis.data.go.kr/B552474/OdsnCodeInquiryService2/getOdsnOrgCodeInquiryList2
0001508,쌍용종합사회복지관,PUB-002B_노인사회활동_기관코드,https://apis.data.go.kr/B552474/OdsnCodeInquiryService2/getOdsnOrgCodeInquiryList2
0001859,진천시니어클럽,PUB-002B_노인사회활동_기관코드,https://apis.data.go.kr/B552474/OdsnCodeInquiryService2/getOdsnOrgCodeInquiryList2
0002280,진안군(중단),PUB-002B_노인사회활동_기관코드,https://apis.data.go.kr/B552474/OdsnCodeInquiryService2/getOdsnOrgCodeInquiryList2
0000583,동해시니어클럽,PUB-002B_노인사회활동_기관코드,https://apis.data.go.kr/B552474/OdsnCodeInquiryService2/getOdsnOrgCodeInquiryList2
0001444,인천서구노인인력개발센터,PUB-002B_노인사회활동_기관코드,https://apis.data.go.kr/B552474/OdsnCodeInquiryService2/getOdsnOrgCodeInquiryList2
0000767,영산포종합사회복지관,PUB-002B_노인사회활동_기관코드,https://apis.data.go.kr/B552474/OdsnCodeInquiryService2/getOdsnOrgCodeInquiryList2
0000328,양양군청 복지정책과,PUB-002B_노인사회활동_기관코드,https://apis.data.go.kr/B552474/OdsnCodeInquiryService2/getOdsnOrgCodeInquiryList2
0001175,한마음가정봉사노인복지센터,PUB-002B_노인사회활동_기관코드,https://apis.data.go.kr/B552474/OdsnCodeInquiryService2/getOdsnOrgCodeInquiryList2
0002231,태백시니어클럽,PUB-002B_노인사회활동_기관코드,https://apis.data.go.kr/B552474/OdsnCodeInquiryService2/getOdsnOrgCodeInquiryList2
0000930,운봉종합사회복지관,PUB-002B_노인사회활동_기관코드,https://apis.data.go.kr/B552474/OdsnCodeInquiryService2/getOdsnOrgCodeInquiryList2
0000950,창원시니어클럽,PUB-002B_노인사회활동_기관코드,https://apis.data.go.kr/B552474/OdsnCodeInquiryService2/getOdsnOrgCodeInquiryList2
0000760,대한노인회 경북 안동시지회,PUB-002B_노인사회활동_기관코드,https://apis.data.go.kr/B552474/OdsnCodeInquiryService2/getOdsnOrgCodeInquiryList2
0000479,대한노인회 경북 성주군지회,PUB-002B_노인사회활동_기관코드,https://apis.data.go.kr/B552474/OdsnCodeInquiryService2/getOdsnOrgCodeInquiryList2
0002219,남양주시자원봉사센터,PUB-002B_노인사회활동_기관코드,https://apis.data.go.kr/B552474/OdsnCodeInquiryService2/getOdsnOrgCodeInquiryList2
0002264,백합노인대학,PUB-002B_노인사회활동_기관코드,https://apis.data.go.kr/B552474/OdsnCodeInquiryService2/getOdsnOrgCodeInquiryList2
0000590,대전은빛노인복지센터,PUB-002B_노인사회활동_기관코드,https://apis.data.go.kr/B552474/OdsnCodeInquiryService2/getOdsnOrgCodeInquiryList2
0002335,월곡종합사회복지관,PUB-002B_노인사회활동_기관코드,https://apis.data.go.kr/B552474/OdsnCodeInquiryService2/getOdsnOrgCodeInquiryList2
0000436,남해군청 주민행복과,PUB-002B_노인사회활동_기관코드,https://apis.data.go.kr/B552474/OdsnCodeInquiryService2/getOdsnOrgCodeInquiryList2
0000395,진도군청,PUB-002B_노인사회활동_기관코드,https://apis.data.go.kr/B552474/OdsnCodeInquiryService2/getOdsnOrgCodeInquiryList2
0000516,대한노인회 부산 금정구지회,PUB-002B_노인사회활동_기관코드,https://apis.data.go.kr/B552474/OdsnCodeInquiryService2/getOdsnOrgCodeInquiryList2
0000254,남동구청 복지국 노인정책과,PUB-002B_노인사회활동_기관코드,https://apis.data.go.kr/B552474/OdsnCodeInquiryService2/getOdsnOrgCodeInquiryList2
0000270,대전광역시  유성구청 ,PUB-002B_노인사회활동_기관코드,https://apis.data.go.kr/B552474/OdsnCodeInquiryService2/getOdsnOrgCodeInquiryList2
0000935,횡성군종합사회복지관,PUB-002B_노인사회활동_기관코드,https://apis.data.go.kr/B552474/OdsnCodeInquiryService2/getOdsnOrgCodeInquiryList2
0002933,부산광역시다사랑복합문화예술회관,PUB-002B_노인사회활동_기관코드,https://apis.data.go.kr/B552474/OdsnCodeInquiryService2/getOdsnOrgCodeInquiryList2
0000769,충청북도노인보호전문기관,PUB-002B_노인사회활동_기관코드,https://apis.data.go.kr/B552474/OdsnCodeInquiryService2/getOdsnOrgCodeInquiryList2
0000570,안양시 동안구청,PUB-002B_노인사회활동_기관코드,https://apis.data.go.kr/B552474/OdsnCodeInquiryService2/getOdsnOrgCodeInquiryList2
0001880,대구서구시니어클럽,PUB-002B_노인사회활동_기관코드,https://apis.data.go.kr/B552474/OdsnCodeInquiryService2/getOdsnOrgCodeInquiryList2
0000748,로사사회봉사회(부산종합사회복지관),PUB-002B_노인사회활동_기관코드,https://apis.data.go.kr/B552474/OdsnCodeInquiryService2/getOdsnOrgCodeInquiryList2
0000763,대한노인회 충남 태안군지회,PUB-002B_노인사회활동_기관코드,https://apis.data.go.kr/B552474/OdsnCodeInquiryService2/getOdsnOrgCodeInquiryList2
0000674,전라남도노인보호전문기관,PUB-002B_노인사회활동_기관코드,https://apis.data.go.kr/B552474/OdsnCodeInquiryService2/getOdsnOrgCodeInquiryList2
0000405,상주시청 노인장애인복지과,PUB-002B_노인사회활동_기관코드,https://apis.data.go.kr/B552474/OdsnCodeInquiryService2/getOdsnOrgCodeInquiryList2
0000324,화천군청 주민복지과,PUB-002B_노인사회활동_기관코드,https://apis.data.go.kr/B552474/OdsnCodeInquiryService2/getOdsnOrgCodeInquiryList2
0000341,단양군청 ,PUB-002B_노인사회활동_기관코드,https://apis.data.go.kr/B552474/OdsnCodeInquiryService2/getOdsnOrgCodeInquiryList2
0000642,만월종합사회복지관,PUB-002B_노인사회활동_기관코드,https://apis.data.go.kr/B552474/OdsnCodeInquiryService2/getOdsnOrgCodeInquiryList2
0000835,순천자활후견기관,PUB-002B_노인사회활동_기관코드,https://apis.data.go.kr/B552474/OdsnCodeInquiryService2/getOdsnOrgCodeInquiryList2
0001501,사단법인 대한건강증진협회,PUB-002B_노인사회활동_기관코드,https://apis.data.go.kr/B552474/OdsnCodeInquiryService2/getOdsnOrgCodeInquiryList2
0001682,(사)충주YWCA,PUB-002B_노인사회활동_기관코드,https://apis.data.go.kr/B552474/OdsnCodeInquiryService2/getOdsnOrgCodeInquiryList2
0002743,고양시대화노인종합복지관,PUB-002B_노인사회활동_기관코드,https://apis.data.go.kr/B552474/OdsnCodeInquiryService2/getOdsnOrgCodeInquiryList2
0001425,사단법인 희망세상,PUB-002B_노인사회활동_기관코드,https://apis.data.go.kr/B552474/OdsnCodeInquiryService2/getOdsnOrgCodeInquiryList2
0000836,대한노인회 평창군지회,PUB-002B_노인사회활동_기관코드,https://apis.data.go.kr/B552474/OdsnCodeInquiryService2/getOdsnOrgCodeInquiryList2
0001341,사단법인 양지회,PUB-002B_노인사회활동_기관코드,https://apis.data.go.kr/B552474/OdsnCodeInquiryService2/getOdsnOrgCodeInquiryList2
0001010,예닮복지재단,PUB-002B_노인사회활동_기관코드,https://apis.data.go.kr/B552474/OdsnCodeInquiryService2/getOdsnOrgCodeInquiryList2
0000037,동래종합사회복지관,PUB-002B_노인사회활동_기관코드,https://apis.data.go.kr/B552474/OdsnCodeInquiryService2/getOdsnOrgCodeInquiryList2
0000023,연꽃마을 아현노인복지센터,PUB-002B_노인사회활동_기관코드,https://apis.data.go.kr/B552474/OdsnCodeInquiryService2/getOdsnOrgCodeInquiryList2
0000846,사단법인 대한노인회 파주시지회,PUB-002B_노인사회활동_기관코드,https://apis.data.go.kr/B552474/OdsnCodeInquiryService2/getOdsnOrgCodeInquiryList2
0000863,대구서구종합사회복지관,PUB-002B_노인사회활동_기관코드,https://apis.data.go.kr/B552474/OdsnCodeInquiryService2/getOdsnOrgCodeInquiryList2
0001167,과천시실버인력뱅크(과천시노인복지관),PUB-002B_노인사회활동_기관코드,https://apis.data.go.kr/B552474/OdsnCodeInquiryService2/getOdsnOrgCodeInquiryList2
0002637,청주청남시니어클럽,PUB-002B_노인사회활동_기관코드,https://apis.data.go.kr/B552474/OdsnCodeInquiryService2/getOdsnOrgCodeInquiryList2
0000056,유성구노인복지관,PUB-002B_노인사회활동_기관코드,https://apis.data.go.kr/B552474/OdsnCodeInquiryService2/getOdsnOrgCodeInquiryList2
0002844,인천소방시니어직능클럽,PUB-002B_노인사회활동_기관코드,https://apis.data.go.kr/B552474/OdsnCodeInquiryService2/getOdsnOrgCodeInquiryList2
0001168,남양주시노인복지관 부설 남양주실버인력뱅크,PUB-002B_노인사회활동_기관코드,https://apis.data.go.kr/B552474/OdsnCodeInquiryService2/getOdsnOrgCodeInquiryList2
0002389,부산 해운대구(세계시민사회과),PUB-002B_노인사회활동_기관코드,https://apis.data.go.kr/B552474/OdsnCodeInquiryService2/getOdsnOrgCodeInquiryList2
0002587,화순햇살노인복지센터,PUB-002B_노인사회활동_기관코드,https://apis.data.go.kr/B552474/OdsnCodeInquiryService2/getOdsnOrgCodeInquiryList2
0002261,사)서울예문화연구원,PUB-002B_노인사회활동_기관코드,https://apis.data.go.kr/B552474/OdsnCodeInquiryService2/getOdsnOrgCodeInquiryList2
0000360,전주시청 노인복지과,PUB-002B_노인사회활동_기관코드,https://apis.data.go.kr/B552474/OdsnCodeInquiryService2/getOdsnOrgCodeInquiryList2
0000245,대구북구청 복지정책과,PUB-002B_노인사회활동_기관코드,https://apis.data.go.kr/B552474/OdsnCodeInquiryService2/getOdsnOrgCodeInquiryList2
0001474,광주중앙노인복지센터,PUB-002B_노인사회활동_기관코드,https://apis.data.go.kr/B552474/OdsnCodeInquiryService2/getOdsnOrgCodeInquiryList2
0001582,속초노인복지센터,PUB-002B_노인사회활동_기관코드,https://apis.data.go.kr/B552474/OdsnCodeInquiryService2/getOdsnOrgCodeInquiryList2
0001477,사회복지법인우리모두복지재단대신가정봉사원파견센터,PUB-002B_노인사회활동_기관코드,https://apis.data.go.kr/B552474/OdsnCodeInquiryService2/getOdsnOrgCodeInquiryList2
0000312,원주시청 복지국 경로복지과,PUB-002B_노인사회활동_기관코드,https://apis.data.go.kr/B552474/OdsnCodeInquiryService2/getOdsnOrgCodeInquiryList2
0002900,복지국 복지정책과(미사용),PUB-002B_노인사회활동_기관코드,https://apis.data.go.kr/B552474/OdsnCodeInquiryService2/getOdsnOrgCodeInquiryList2
0002657,국민생활체육군산시게이트볼연합회,PUB-002B_노인사회활동_기관코드,https://apis.data.go.kr/B552474/OdsnCodeInquiryService2/getOdsnOrgCodeInquiryList2
0000987,수원시실버인력뱅크,PUB-002B_노인사회활동_기관코드,https://apis.data.go.kr/B552474/OdsnCodeInquiryService2/getOdsnOrgCodeInquiryList2
0002512,(사)한류세계문화교류협회,PUB-002B_노인사회활동_기관코드,https://apis.data.go.kr/B552474/OdsnCodeInquiryService2/getOdsnOrgCodeInquiryList2
0000783,대한노인회 경기 수원시 권선구지회,PUB-002B_노인사회활동_기관코드,https://apis.data.go.kr/B552474/OdsnCodeInquiryService2/getOdsnOrgCodeInquiryList2
0000319,횡성군청 가족복지과,PUB-002B_노인사회활동_기관코드,https://apis.data.go.kr/B552474/OdsnCodeInquiryService2/getOdsnOrgCodeInquiryList2
0000441,합천군청 노인아동여성과,PUB-002B_노인사회활동_기관코드,https://apis.data.go.kr/B552474/OdsnCodeInquiryService2/getOdsnOrgCodeInquiryList2
0002416,청주시 상당구청,PUB-002B_노인사회활동_기관코드,https://apis.data.go.kr/B552474/OdsnCodeInquiryService2/getOdsnOrgCodeInquiryList2
0002496,은평시니어클럽,PUB-002B_노인사회활동_기관코드,https://apis.data.go.kr/B552474/OdsnCodeInquiryService2/getOdsnOrgCodeInquiryList2
0002795,북부취업지원센터,PUB-002B_노인사회활동_기관코드,https://apis.data.go.kr/B552474/OdsnCodeInquiryService2/getOdsnOrgCodeInquiryList2
0001865,동대문종합사회복지관,PUB-002B_노인사회활동_기관코드,https://apis.data.go.kr/B552474/OdsnCodeInquiryService2/getOdsnOrgCodeInquiryList2
0000059,울산광역시노인복지관,PUB-002B_노인사회활동_기관코드,https://apis.data.go.kr/B552474/OdsnCodeInquiryService2/getOdsnOrgCodeInquiryList2
0002753,나주시중부노인복지관,PUB-002B_노인사회활동_기관코드,https://apis.data.go.kr/B552474/OdsnCodeInquiryService2/getOdsnOrgCodeInquiryList2
0000643,금강노인종합복지관,PUB-002B_노인사회활동_기관코드,https://apis.data.go.kr/B552474/OdsnCodeInquiryService2/getOdsnOrgCodeInquiryList2
0000912,경기 성남중원구지회,PUB-002B_노인사회활동_기관코드,https://apis.data.go.kr/B552474/OdsnCodeInquiryService2/getOdsnOrgCodeInquiryList2
0002865,함평군노인복지관,PUB-002B_노인사회활동_기관코드,https://apis.data.go.kr/B552474/OdsnCodeInquiryService2/getOdsnOrgCodeInquiryList2
0000420,울릉군청 주민복지과,PUB-002B_노인사회활동_기관코드,https://apis.data.go.kr/B552474/OdsnCodeInquiryService2/getOdsnOrgCodeInquiryList2
0002341,대한노인회 전남연합회,PUB-002B_노인사회활동_기관코드,https://apis.data.go.kr/B552474/OdsnCodeInquiryService2/getOdsnOrgCodeInquiryList2
0000269,대전광역시 서구청,PUB-002B_노인사회활동_기관코드,https://apis.data.go.kr/B552474/OdsnCodeInquiryService2/getOdsnOrgCodeInquiryList2
0000286,의정부시청 주민생활지원국 노인장애인과,PUB-002B_노인사회활동_기관코드,https://apis.data.go.kr/B552474/OdsnCodeInquiryService2/getOdsnOrgCodeInquiryList2
0000301,의왕시청 복지문화국 노인장애인과,PUB-002B_노인사회활동_기관코드,https://apis.data.go.kr/B552474/OdsnCodeInquiryService2/getOdsnOrgCodeInquiryList2
0002536,사상구노인복지관,PUB-002B_노인사회활동_기관코드,https://apis.data.go.kr/B552474/OdsnCodeInquiryService2/getOdsnOrgCodeInquiryList2
0000855,신안노인복지센터,PUB-002B_노인사회활동_기관코드,https://apis.data.go.kr/B552474/OdsnCodeInquiryService2/getOdsnOrgCodeInquiryList2
0001892,대한예수교장로회영신교회,PUB-002B_노인사회활동_기관코드,https://apis.data.go.kr/B552474/OdsnCodeInquiryService2/getOdsnOrgCodeInquiryList2
0001137,성남시니어클럽,PUB-002B_노인사회활동_기관코드,https://apis.data.go.kr/B552474/OdsnCodeInquiryService2/getOdsnOrgCodeInquiryList2
0000127,여수시노인복지관,PUB-002B_노인사회활동_기관코드,https://apis.data.go.kr/B552474/OdsnCodeInquiryService2/getOdsnOrgCodeInquiryList2
0002578,도봉구청 공원녹지과,PUB-002B_노인사회활동_기관코드,https://apis.data.go.kr/B552474/OdsnCodeInquiryService2/getOdsnOrgCodeInquiryList2
0000518,충주시노인복지관,PUB-002B_노인사회활동_기관코드,https://apis.data.go.kr/B552474/OdsnCodeInquiryService2/getOdsnOrgCodeInquiryList2
0002709,(사)문화콘텐츠개발원 부산지원,PUB-002B_노인사회활동_기관코드,https://apis.data.go.kr/B552474/OdsnCodeInquiryService2/getOdsnOrgCodeInquiryList2
0001011,금산기적의도서관,PUB-002B_노인사회활동_기관코드,https://apis.data.go.kr/B552474/OdsnCodeInquiryService2/getOdsnOrgCodeInquiryList2
0000396,신안군청,PUB-002B_노인사회활동_기관코드,https://apis.data.go.kr/B552474/OdsnCodeInquiryService2/getOdsnOrgCodeInquiryList2
0000613,대한노인회 경기 양주시지회,PUB-002B_노인사회활동_기관코드,https://apis.data.go.kr/B552474/OdsnCodeInquiryService2/getOdsnOrgCodeInquiryList2
0002106,효문화마을관리원 뿌리공원과,PUB-002B_노인사회활동_기관코드,https://apis.data.go.kr/B552474/OdsnCodeInquiryService2/getOdsnOrgCodeInquiryList2
0000829,효경(구지)재가노인지원센터,PUB-002B_노인사회활동_기관코드,https://apis.data.go.kr/B552474/OdsnCodeInquiryService2/getOdsnOrgCodeInquiryList2
0001488,사단법인 여성문화인권센터,PUB-002B_노인사회활동_기관코드,https://apis.data.go.kr/B552474/OdsnCodeInquiryService2/getOdsnOrgCodeInquiryList2
0002737,수원시밤밭노인복지관,PUB-002B_노인사회활동_기관코드,https://apis.data.go.kr/B552474/OdsnCodeInquiryService2/getOdsnOrgCodeInquiryList2
0001673,해명노인푸른꿈일터,PUB-002B_노인사회활동_기관코드,https://apis.data.go.kr/B552474/OdsnCodeInquiryService2/getOdsnOrgCodeInquiryList2
0000065,구리시종합사회복지관,PUB-002B_노인사회활동_기관코드,https://apis.data.go.kr/B552474/OdsnCodeInquiryService2/getOdsnOrgCodeInquiryList2
0000530,길보른종합사회복지관,PUB-002B_노인사회활동_기관코드,https://apis.data.go.kr/B552474/OdsnCodeInquiryService2/getOdsnOrgCodeInquiryList2
0002891,인천광역시동구노인인력개발센터,PUB-002B_노인사회활동_기관코드,https://apis.data.go.kr/B552474/OdsnCodeInquiryService2/getOdsnOrgCodeInquiryList2
0002559,사단법인 부안동부복지회,PUB-002B_노인사회활동_기관코드,https://apis.data.go.kr/B552474/OdsnCodeInquiryService2/getOdsnOrgCodeInquiryList2
0000586,대한노인회 서울 송파구지회,PUB-002B_노인사회활동_기관코드,https://apis.data.go.kr/B552474/OdsnCodeInquiryService2/getOdsnOrgCodeInquiryList2
0002636,대한예수교장로회경안노회유지재단,PUB-002B_노인사회활동_기관코드,https://apis.data.go.kr/B552474/OdsnCodeInquiryService2/getOdsnOrgCodeInquiryList2
0002672,유락원,PUB-002B_노인사회활동_기관코드,https://apis.data.go.kr/B552474/OdsnCodeInquiryService2/getOdsnOrgCodeInquiryList2
0002405,사직2동주민센터,PUB-002B_노인사회활동_기관코드,https://apis.data.go.kr/B552474/OdsnCodeInquiryService2/getOdsnOrgCodeInquiryList2
0002539,삼남면(X),PUB-002B_노인사회활동_기관코드,https://apis.data.go.kr/B552474/OdsnCodeInquiryService2/getOdsnOrgCodeInquiryList2
0000968,(사)전국아파트입주자대표회의연합회 화순군지회,PUB-002B_노인사회활동_기관코드,https://apis.data.go.kr/B552474/OdsnCodeInquiryService2/getOdsnOrgCodeInquiryList2
0002276,화곡노인복지센터,PUB-002B_노인사회활동_기관코드,https://apis.data.go.kr/B552474/OdsnCodeInquiryService2/getOdsnOrgCodeInquiryList2
0000673,화정종합사회복지관,PUB-002B_노인사회활동_기관코드,https://apis.data.go.kr/B552474/OdsnCodeInquiryService2/getOdsnOrgCodeInquiryList2
0002540,서울인생이모작지원센터,PUB-002B_노인사회활동_기관코드,https://apis.data.go.kr/B552474/OdsnCodeInquiryService2/getOdsnOrgCodeInquiryList2
0001024,예은노인복지센터,PUB-002B_노인사회활동_기관코드,https://apis.data.go.kr/B552474/OdsnCodeInquiryService2/getOdsnOrgCodeInquiryList2
0002133,효돈동사무소,PUB-002B_노인사회활동_기관코드,https://apis.data.go.kr/B552474/OdsnCodeInquiryService2/getOdsnOrgCodeInquiryList2
0001231,함현상생종합사회복지관,PUB-002B_노인사회활동_기관코드,https://apis.data.go.kr/B552474/OdsnCodeInquiryService2/getOdsnOrgCodeInquiryList2
0000885,대한노인회 경남 창원시 진해지회,PUB-002B_노인사회활동_기관코드,https://apis.data.go.kr/B552474/OdsnCodeInquiryService2/getOdsnOrgCodeInquiryList2
0000093,동해시노인종합복지관,PUB-002B_노인사회활동_기관코드,https://apis.data.go.kr/B552474/OdsnCodeInquiryService2/getOdsnOrgCodeInquiryList2
0002489,사회복지법인 새빛복지재단,PUB-002B_노인사회활동_기관코드,https://apis.data.go.kr/B552474/OdsnCodeInquiryService2/getOdsnOrgCodeInquiryList2
0000797,사상구종합사회복지관,PUB-002B_노인사회활동_기관코드,https://apis.data.go.kr/B552474/OdsnCodeInquiryService2/getOdsnOrgCodeInquiryList2
0002937,하남시미사강변종합사회복지관,PUB-002B_노인사회활동_기관코드,https://apis.data.go.kr/B552474/OdsnCodeInquiryService2/getOdsnOrgCodeInquiryList2
0000578,부산진구종합사회복지관,PUB-002B_노인사회활동_기관코드,https://apis.data.go.kr/B552474/OdsnCodeInquiryService2/getOdsnOrgCodeInquiryList2
0002398,생명의전화종합사회복지관,PUB-002B_노인사회활동_기관코드,https://apis.data.go.kr/B552474/OdsnCodeInquiryService2/getOdsnOrgCodeInquiryList2
0002875,유락종합사회복지관,PUB-002B_노인사회활동_기관코드,https://apis.data.go.kr/B552474/OdsnCodeInquiryService2/getOdsnOrgCodeInquiryList2
0001699,전라북도노인보호전문기관,PUB-002B_노인사회활동_기관코드,https://apis.data.go.kr/B552474/OdsnCodeInquiryService2/getOdsnOrgCodeInquiryList2
0000074,서호노인복지관,PUB-002B_노인사회활동_기관코드,https://apis.data.go.kr/B552474/OdsnCodeInquiryService2/getOdsnOrgCodeInquiryList2
0002813,제주시청 주민생활지원국,PUB-002B_노인사회활동_기관코드,https://apis.data.go.kr/B552474/OdsnCodeInquiryService2/getOdsnOrgCodeInquiryList2
0002515,상도종합사회복지관,PUB-002B_노인사회활동_기관코드,https://apis.data.go.kr/B552474/OdsnCodeInquiryService2/getOdsnOrgCodeInquiryList2
0000201,성 동 구 청 ,PUB-002B_노인사회활동_기관코드,https://apis.data.go.kr/B552474/OdsnCodeInquiryService2/getOdsnOrgCodeInquiryList2
0000629,영월군청 주민복지과,PUB-002B_노인사회활동_기관코드,https://apis.data.go.kr/B552474/OdsnCodeInquiryService2/getOdsnOrgCodeInquiryList2
0000437,하동군청 가족정책과,PUB-002B_노인사회활동_기관코드,https://apis.data.go.kr/B552474/OdsnCodeInquiryService2/getOdsnOrgCodeInquiryList2
0002393,강동구립 해공노인복지관,PUB-002B_노인사회활동_기관코드,https://apis.data.go.kr/B552474/OdsnCodeInquiryService2/getOdsnOrgCodeInquiryList2
0000932,인천서구시설관리공단,PUB-002B_노인사회활동_기관코드,https://apis.data.go.kr/B552474/OdsnCodeInquiryService2/getOdsnOrgCodeInquiryList2
0000159,광주남구시니어클럽,PUB-002B_노인사회활동_기관코드,https://apis.data.go.kr/B552474/OdsnCodeInquiryService2/getOdsnOrgCodeInquiryList2
0001909,안동시니어클럽,PUB-002B_노인사회활동_기관코드,https://apis.data.go.kr/B552474/OdsnCodeInquiryService2/getOdsnOrgCodeInquiryList2
0001719,궁동종합복지관,PUB-002B_노인사회활동_기관코드,https://apis.data.go.kr/B552474/OdsnCodeInquiryService2/getOdsnOrgCodeInquiryList2
0001698,사단법인요산기념사업회,PUB-002B_노인사회활동_기관코드,https://apis.data.go.kr/B552474/OdsnCodeInquiryService2/getOdsnOrgCodeInquiryList2
0001203,평택남부노인복지관,PUB-002B_노인사회활동_기관코드,https://apis.data.go.kr/B552474/OdsnCodeInquiryService2/getOdsnOrgCodeInquiryList2
0002601,도봉구청 복지정책과,PUB-002B_노인사회활동_기관코드,https://apis.data.go.kr/B552474/OdsnCodeInquiryService2/getOdsnOrgCodeInquiryList2
0000238,사상구청,PUB-002B_노인사회활동_기관코드,https://apis.data.go.kr/B552474/OdsnCodeInquiryService2/getOdsnOrgCodeInquiryList2
0000683,제주원광재가노인복지센터,PUB-002B_노인사회활동_기관코드,https://apis.data.go.kr/B552474/OdsnCodeInquiryService2/getOdsnOrgCodeInquiryList2
0002501,울진군 온정면,PUB-002B_노인사회활동_기관코드,https://apis.data.go.kr/B552474/OdsnCodeInquiryService2/getOdsnOrgCodeInquiryList2
0002221,문경시니어클럽,PUB-002B_노인사회활동_기관코드,https://apis.data.go.kr/B552474/OdsnCodeInquiryService2/getOdsnOrgCodeInquiryList2
0002402,전동면짚풀공예단,PUB-002B_노인사회활동_기관코드,https://apis.data.go.kr/B552474/OdsnCodeInquiryService2/getOdsnOrgCodeInquiryList2
0002345,지방행정동우회,PUB-002B_노인사회활동_기관코드,https://apis.data.go.kr/B552474/OdsnCodeInquiryService2/getOdsnOrgCodeInquiryList2
0000795,한국노인복지회,PUB-002B_노인사회활동_기관코드,https://apis.data.go.kr/B552474/OdsnCodeInquiryService2/getOdsnOrgCodeInquiryList2
0001697,서울시중부여성발전센터,PUB-002B_노인사회활동_기관코드,https://apis.data.go.kr/B552474/OdsnCodeInquiryService2/getOdsnOrgCodeInquiryList2
0000167,충주시니어클럽,PUB-002B_노인사회활동_기관코드,https://apis.data.go.kr/B552474/OdsnCodeInquiryService2/getOdsnOrgCodeInquiryList2
0000563,대한노인회 경기 수원시 팔달구지회,PUB-002B_노인사회활동_기관코드,https://apis.data.go.kr/B552474/OdsnCodeInquiryService2/getOdsnOrgCodeInquiryList2
0000838,장흥종합사회복지관,PUB-002B_노인사회활동_기관코드,https://apis.data.go.kr/B552474/OdsnCodeInquiryService2/getOdsnOrgCodeInquiryList2
0000753,대한노인회 임실군지회,PUB-002B_노인사회활동_기관코드,https://apis.data.go.kr/B552474/OdsnCodeInquiryService2/getOdsnOrgCodeInquiryList2
0000409,의성군청 사회복지과,PUB-002B_노인사회활동_기관코드,https://apis.data.go.kr/B552474/OdsnCodeInquiryService2/getOdsnOrgCodeInquiryList2
0001994,사랑나눔 노인복지센터,PUB-002B_노인사회활동_기관코드,https://apis.data.go.kr/B552474/OdsnCodeInquiryService2/getOdsnOrgCodeInquiryList2
0002522,당진시노인복지관,PUB-002B_노인사회활동_기관코드,https://apis.data.go.kr/B552474/OdsnCodeInquiryService2/getOdsnOrgCodeInquiryList2
0001717,전북특별자치도노인복지관,PUB-002B_노인사회활동_기관코드,https://apis.data.go.kr/B552474/OdsnCodeInquiryService2/getOdsnOrgCodeInquiryList2
0001293,태화기독교 사회복지관,PUB-002B_노인사회활동_기관코드,https://apis.data.go.kr/B552474/OdsnCodeInquiryService2/getOdsnOrgCodeInquiryList2
0000241,중구청 주민복지국 복지정책과,PUB-002B_노인사회활동_기관코드,https://apis.data.go.kr/B552474/OdsnCodeInquiryService2/getOdsnOrgCodeInquiryList2
0000908,대한노인회 전남 장흥군지회,PUB-002B_노인사회활동_기관코드,https://apis.data.go.kr/B552474/OdsnCodeInquiryService2/getOdsnOrgCodeInquiryList2
0000252,인천 미추홀구청 노인장애인복지과,PUB-002B_노인사회활동_기관코드,https://apis.data.go.kr/B552474/OdsnCodeInquiryService2/getOdsnOrgCodeInquiryList2
0002353,영주시지역사회복지협의체,PUB-002B_노인사회활동_기관코드,https://apis.data.go.kr/B552474/OdsnCodeInquiryService2/getOdsnOrgCodeInquiryList2
0002299,중부종합사회복지관,PUB-002B_노인사회활동_기관코드,https://apis.data.go.kr/B552474/OdsnCodeInquiryService2/getOdsnOrgCodeInquiryList2
0002298,남부종합사회복지관,PUB-002B_노인사회활동_기관코드,https://apis.data.go.kr/B552474/OdsnCodeInquiryService2/getOdsnOrgCodeInquiryList2
0002729,수정중앙노인종합복지관,PUB-002B_노인사회활동_기관코드,https://apis.data.go.kr/B552474/OdsnCodeInquiryService2/getOdsnOrgCodeInquiryList2
0002569,속초시생활체육회,PUB-002B_노인사회활동_기관코드,https://apis.data.go.kr/B552474/OdsnCodeInquiryService2/getOdsnOrgCodeInquiryList2
0002134,영산포종합사회복지관,PUB-002B_노인사회활동_기관코드,https://apis.data.go.kr/B552474/OdsnCodeInquiryService2/getOdsnOrgCodeInquiryList2
0000809,버드내노인복지관,PUB-002B_노인사회활동_기관코드,https://apis.data.go.kr/B552474/OdsnCodeInquiryService2/getOdsnOrgCodeInquiryList2
0002740,태백노인복지센터,PUB-002B_노인사회활동_기관코드,https://apis.data.go.kr/B552474/OdsnCodeInquiryService2/getOdsnOrgCodeInquiryList2
0000816,초대가정봉사원파견센타,PUB-002B_노인사회활동_기관코드,https://apis.data.go.kr/B552474/OdsnCodeInquiryService2/getOdsnOrgCodeInquiryList2
0001678,판암사회복지관,PUB-002B_노인사회활동_기관코드,https://apis.data.go.kr/B552474/OdsnCodeInquiryService2/getOdsnOrgCodeInquiryList2
0000720,대한노인회 부산 연제구지회,PUB-002B_노인사회활동_기관코드,https://apis.data.go.kr/B552474/OdsnCodeInquiryService2/getOdsnOrgCodeInquiryList2
0001058,도남사회복지관,PUB-002B_노인사회활동_기관코드,https://apis.data.go.kr/B552474/OdsnCodeInquiryService2/getOdsnOrgCodeInquiryList2
0000371,순창군청 건강장수과,PUB-002B_노인사회활동_기관코드,https://apis.data.go.kr/B552474/OdsnCodeInquiryService2/getOdsnOrgCodeInquiryList2
0000754,울산광역시노인보호전문기관,PUB-002B_노인사회활동_기관코드,https://apis.data.go.kr/B552474/OdsnCodeInquiryService2/getOdsnOrgCodeInquiryList2
0000600,대한노인회 광주 남구지회,PUB-002B_노인사회활동_기관코드,https://apis.data.go.kr/B552474/OdsnCodeInquiryService2/getOdsnOrgCodeInquiryList2
0002584,양천구청 공원녹지과 ,PUB-002B_노인사회활동_기관코드,https://apis.data.go.kr/B552474/OdsnCodeInquiryService2/getOdsnOrgCodeInquiryList2
0001748,의성시니어클럽,PUB-002B_노인사회활동_기관코드,https://apis.data.go.kr/B552474/OdsnCodeInquiryService2/getOdsnOrgCodeInquiryList2
0002018,서로사랑가정폭력상담원교육훈련시설,PUB-002B_노인사회활동_기관코드,https://apis.data.go.kr/B552474/OdsnCodeInquiryService2/getOdsnOrgCodeInquiryList2
0000430,거제시청 노인장애인과,PUB-002B_노인사회활동_기관코드,https://apis.data.go.kr/B552474/OdsnCodeInquiryService2/getOdsnOrgCodeInquiryList2
0002626,선암호수노인복지관,PUB-002B_노인사회활동_기관코드,https://apis.data.go.kr/B552474/OdsnCodeInquiryService2/getOdsnOrgCodeInquiryList2
0002663,장수군노인복지관,PUB-002B_노인사회활동_기관코드,https://apis.data.go.kr/B552474/OdsnCodeInquiryService2/getOdsnOrgCodeInquiryList2
0002749,양평군청,PUB-002B_노인사회활동_기관코드,https://apis.data.go.kr/B552474/OdsnCodeInquiryService2/getOdsnOrgCodeInquiryList2
0002934,광명시 노인장애인과,PUB-002B_노인사회활동_기관코드,https://apis.data.go.kr/B552474/OdsnCodeInquiryService2/getOdsnOrgCodeInquiryList2
0000196,대한노인회 제주연합회,PUB-002B_노인사회활동_기관코드,https://apis.data.go.kr/B552474/OdsnCodeInquiryService2/getOdsnOrgCodeInquiryList2
0002128,여민동락노인복지센터,PUB-002B_노인사회활동_기관코드,https://apis.data.go.kr/B552474/OdsnCodeInquiryService2/getOdsnOrgCodeInquiryList2
0000109,아산시노인종합복지관,PUB-002B_노인사회활동_기관코드,https://apis.data.go.kr/B552474/OdsnCodeInquiryService2/getOdsnOrgCodeInquiryList2
0000124,목포시노인복지관,PUB-002B_노인사회활동_기관코드,https://apis.data.go.kr/B552474/OdsnCodeInquiryService2/getOdsnOrgCodeInquiryList2
0001187,부천실버인력뱅크,PUB-002B_노인사회활동_기관코드,https://apis.data.go.kr/B552474/OdsnCodeInquiryService2/getOdsnOrgCodeInquiryList2
0002173,거제시종합사회복지관,PUB-002B_노인사회활동_기관코드,https://apis.data.go.kr/B552474/OdsnCodeInquiryService2/getOdsnOrgCodeInquiryList2
0000545,대한노인회 대구 수성구지회,PUB-002B_노인사회활동_기관코드,https://apis.data.go.kr/B552474/OdsnCodeInquiryService2/getOdsnOrgCodeInquiryList2
0000842,대한노인회 부천시원미구지회,PUB-002B_노인사회활동_기관코드,https://apis.data.go.kr/B552474/OdsnCodeInquiryService2/getOdsnOrgCodeInquiryList2
0000632,청록사회복지재단,PUB-002B_노인사회활동_기관코드,https://apis.data.go.kr/B552474/OdsnCodeInquiryService2/getOdsnOrgCodeInquiryList2
0000157,대구달서시니어클럽,PUB-002B_노인사회활동_기관코드,https://apis.data.go.kr/B552474/OdsnCodeInquiryService2/getOdsnOrgCodeInquiryList2
0002006,각화종합사회복지관,PUB-002B_노인사회활동_기관코드,https://apis.data.go.kr/B552474/OdsnCodeInquiryService2/getOdsnOrgCodeInquiryList2
0001989,김천시니어클럽,PUB-002B_노인사회활동_기관코드,https://apis.data.go.kr/B552474/OdsnCodeInquiryService2/getOdsnOrgCodeInquiryList2
0000208,노원구청 주민복지국 고령사회정책과,PUB-002B_노인사회활동_기관코드,https://apis.data.go.kr/B552474/OdsnCodeInquiryService2/getOdsnOrgCodeInquiryList2
0000224,중구청 경제복지국 가족행복과,PUB-002B_노인사회활동_기관코드,https://apis.data.go.kr/B552474/OdsnCodeInquiryService2/getOdsnOrgCodeInquiryList2
0000639,한양재가노인복지센터,PUB-002B_노인사회활동_기관코드,https://apis.data.go.kr/B552474/OdsnCodeInquiryService2/getOdsnOrgCodeInquiryList2
0001732,화성시실버인력뱅크,PUB-002B_노인사회활동_기관코드,https://apis.data.go.kr/B552474/OdsnCodeInquiryService2/getOdsnOrgCodeInquiryList2
0000020,시립은평노인종합복지관,PUB-002B_노인사회활동_기관코드,https://apis.data.go.kr/B552474/OdsnCodeInquiryService2/getOdsnOrgCodeInquiryList2
0000349,계룡시,PUB-002B_노인사회활동_기관코드,https://apis.data.go.kr/B552474/OdsnCodeInquiryService2/getOdsnOrgCodeInquiryList2
0000364,남원시청 행정복지국 통합돌봄과,PUB-002B_노인사회활동_기관코드,https://apis.data.go.kr/B552474/OdsnCodeInquiryService2/getOdsnOrgCodeInquiryList2
0000671,순천린제노인복지센터,PUB-002B_노인사회활동_기관코드,https://apis.data.go.kr/B552474/OdsnCodeInquiryService2/getOdsnOrgCodeInquiryList2
0000402,구미시청 복지환경국 사회복지과,PUB-002B_노인사회활동_기관코드,https://apis.data.go.kr/B552474/OdsnCodeInquiryService2/getOdsnOrgCodeInquiryList2
0000338,진천군청 사회복지과,PUB-002B_노인사회활동_기관코드,https://apis.data.go.kr/B552474/OdsnCodeInquiryService2/getOdsnOrgCodeInquiryList2
0000877,한국효도회화순지회,PUB-002B_노인사회활동_기관코드,https://apis.data.go.kr/B552474/OdsnCodeInquiryService2/getOdsnOrgCodeInquiryList2
0000377,순천시청,PUB-002B_노인사회활동_기관코드,https://apis.data.go.kr/B552474/OdsnCodeInquiryService2/getOdsnOrgCodeInquiryList2
0001768,부산광역시장노년일자리지원센터,PUB-002B_노인사회활동_기관코드,https://apis.data.go.kr/B552474/OdsnCodeInquiryService2/getOdsnOrgCodeInquiryList2
0002048,이천시노인종합복지관,PUB-002B_노인사회활동_기관코드,https://apis.data.go.kr/B552474/OdsnCodeInquiryService2/getOdsnOrgCodeInquiryList2
0000719,홍은종합사회복지관,PUB-002B_노인사회활동_기관코드,https://apis.data.go.kr/B552474/OdsnCodeInquiryService2/getOdsnOrgCodeInquiryList2
0001619,(사)참사랑성지원 군산나눔의 집,PUB-002B_노인사회활동_기관코드,https://apis.data.go.kr/B552474/OdsnCodeInquiryService2/getOdsnOrgCodeInquiryList2
0002688,서울특별시시설관리공단,PUB-002B_노인사회활동_기관코드,https://apis.data.go.kr/B552474/OdsnCodeInquiryService2/getOdsnOrgCodeInquiryList2
0002347,인천영종구노인인력개발센터,PUB-002B_노인사회활동_기관코드,https://apis.data.go.kr/B552474/OdsnCodeInquiryService2/getOdsnOrgCodeInquiryList2
0000543,안성시노인복지관,PUB-002B_노인사회활동_기관코드,https://apis.data.go.kr/B552474/OdsnCodeInquiryService2/getOdsnOrgCodeInquiryList2
0000822,양산시웅상노인복지회관,PUB-002B_노인사회활동_기관코드,https://apis.data.go.kr/B552474/OdsnCodeInquiryService2/getOdsnOrgCodeInquiryList2
0000679,한국중앙복지개발원,PUB-002B_노인사회활동_기관코드,https://apis.data.go.kr/B552474/OdsnCodeInquiryService2/getOdsnOrgCodeInquiryList2
0000616,구세군모산나눔의집,PUB-002B_노인사회활동_기관코드,https://apis.data.go.kr/B552474/OdsnCodeInquiryService2/getOdsnOrgCodeInquiryList2
0000755,경상북도노인보호전문기관,PUB-002B_노인사회활동_기관코드,https://apis.data.go.kr/B552474/OdsnCodeInquiryService2/getOdsnOrgCodeInquiryList2
0000551,대한노인회 부산 동구지회,PUB-002B_노인사회활동_기관코드,https://apis.data.go.kr/B552474/OdsnCodeInquiryService2/getOdsnOrgCodeInquiryList2
0001132,절영종합사회복지관,PUB-002B_노인사회활동_기관코드,https://apis.data.go.kr/B552474/OdsnCodeInquiryService2/getOdsnOrgCodeInquiryList2
0001064,춘천효자종합사회복지관,PUB-002B_노인사회활동_기관코드,https://apis.data.go.kr/B552474/OdsnCodeInquiryService2/getOdsnOrgCodeInquiryList2
0001219,대한노인회 전남 영광군지회,PUB-002B_노인사회활동_기관코드,https://apis.data.go.kr/B552474/OdsnCodeInquiryService2/getOdsnOrgCodeInquiryList2
0001685,구미노인일자리창출지원센터,PUB-002B_노인사회활동_기관코드,https://apis.data.go.kr/B552474/OdsnCodeInquiryService2/getOdsnOrgCodeInquiryList2
0001630,사회복지법인 청전,PUB-002B_노인사회활동_기관코드,https://apis.data.go.kr/B552474/OdsnCodeInquiryService2/getOdsnOrgCodeInquiryList2
0000520,김제사회복지관,PUB-002B_노인사회활동_기관코드,https://apis.data.go.kr/B552474/OdsnCodeInquiryService2/getOdsnOrgCodeInquiryList2
0000892,대한노인회 전남 영암군지회,PUB-002B_노인사회활동_기관코드,https://apis.data.go.kr/B552474/OdsnCodeInquiryService2/getOdsnOrgCodeInquiryList2
0001858,영등포구장애인사랑나눔의집,PUB-002B_노인사회활동_기관코드,https://apis.data.go.kr/B552474/OdsnCodeInquiryService2/getOdsnOrgCodeInquiryList2
0000536,(사)대한노인회 포항시지회,PUB-002B_노인사회활동_기관코드,https://apis.data.go.kr/B552474/OdsnCodeInquiryService2/getOdsnOrgCodeInquiryList2
0002249,강남구노인정보센터,PUB-002B_노인사회활동_기관코드,https://apis.data.go.kr/B552474/OdsnCodeInquiryService2/getOdsnOrgCodeInquiryList2
0000868,활천가정봉사원파견센터,PUB-002B_노인사회활동_기관코드,https://apis.data.go.kr/B552474/OdsnCodeInquiryService2/getOdsnOrgCodeInquiryList2
0002731,공무원연금공단 대구지부 대경상록자원봉사단,PUB-002B_노인사회활동_기관코드,https://apis.data.go.kr/B552474/OdsnCodeInquiryService2/getOdsnOrgCodeInquiryList2
0002632,대한노인회 경북 고령군지회,PUB-002B_노인사회활동_기관코드,https://apis.data.go.kr/B552474/OdsnCodeInquiryService2/getOdsnOrgCodeInquiryList2
0002147,서울시고령자취업알선센터협회,PUB-002B_노인사회활동_기관코드,https://apis.data.go.kr/B552474/OdsnCodeInquiryService2/getOdsnOrgCodeInquiryList2
0000129,해남노인종합복지관,PUB-002B_노인사회활동_기관코드,https://apis.data.go.kr/B552474/OdsnCodeInquiryService2/getOdsnOrgCodeInquiryList2
0000826,한국전례문화원,PUB-002B_노인사회활동_기관코드,https://apis.data.go.kr/B552474/OdsnCodeInquiryService2/getOdsnOrgCodeInquiryList2
0001511,인월노인복지센터,PUB-002B_노인사회활동_기관코드,https://apis.data.go.kr/B552474/OdsnCodeInquiryService2/getOdsnOrgCodeInquiryList2
0000399,경주시청 시민행정국 노인복지과,PUB-002B_노인사회활동_기관코드,https://apis.data.go.kr/B552474/OdsnCodeInquiryService2/getOdsnOrgCodeInquiryList2
0000947,성산노인종합복지관,PUB-002B_노인사회활동_기관코드,https://apis.data.go.kr/B552474/OdsnCodeInquiryService2/getOdsnOrgCodeInquiryList2
0000739,밀양노인통합지원센터,PUB-002B_노인사회활동_기관코드,https://apis.data.go.kr/B552474/OdsnCodeInquiryService2/getOdsnOrgCodeInquiryList2
0000628,횡성노인복지센터,PUB-002B_노인사회활동_기관코드,https://apis.data.go.kr/B552474/OdsnCodeInquiryService2/getOdsnOrgCodeInquiryList2
0000584,대한노인회 대전 서구지회,PUB-002B_노인사회활동_기관코드,https://apis.data.go.kr/B552474/OdsnCodeInquiryService2/getOdsnOrgCodeInquiryList2
0002616,한국수력원자력 시니어직능클럽,PUB-002B_노인사회활동_기관코드,https://apis.data.go.kr/B552474/OdsnCodeInquiryService2/getOdsnOrgCodeInquiryList2
0001722,성북구보건소,PUB-002B_노인사회활동_기관코드,https://apis.data.go.kr/B552474/OdsnCodeInquiryService2/getOdsnOrgCodeInquiryList2
0002055,온누리노인복지센터,PUB-002B_노인사회활동_기관코드,https://apis.data.go.kr/B552474/OdsnCodeInquiryService2/getOdsnOrgCodeInquiryList2
0000726,대전동구청 관광미래국 도서관운영과,PUB-002B_노인사회활동_기관코드,https://apis.data.go.kr/B552474/OdsnCodeInquiryService2/getOdsnOrgCodeInquiryList2
0001657,아산시니어클럽,PUB-002B_노인사회활동_기관코드,https://apis.data.go.kr/B552474/OdsnCodeInquiryService2/getOdsnOrgCodeInquiryList2
0000706,면목종합사회복지관,PUB-002B_노인사회활동_기관코드,https://apis.data.go.kr/B552474/OdsnCodeInquiryService2/getOdsnOrgCodeInquiryList2
0001037,담양노인복지센터,PUB-002B_노인사회활동_기관코드,https://apis.data.go.kr/B552474/OdsnCodeInquiryService2/getOdsnOrgCodeInquiryList2
0000189,대한노인회 충북연합회 취업지원센터,PUB-002B_노인사회활동_기관코드,https://apis.data.go.kr/B552474/OdsnCodeInquiryService2/getOdsnOrgCodeInquiryList2
0002254,상대원1동다목적복지회관,PUB-002B_노인사회활동_기관코드,https://apis.data.go.kr/B552474/OdsnCodeInquiryService2/getOdsnOrgCodeInquiryList2
0000525,대한노인회 전북 김제시지회 ,PUB-002B_노인사회활동_기관코드,https://apis.data.go.kr/B552474/OdsnCodeInquiryService2/getOdsnOrgCodeInquiryList2
0000820,상도종합사회복지관,PUB-002B_노인사회활동_기관코드,https://apis.data.go.kr/B552474/OdsnCodeInquiryService2/getOdsnOrgCodeInquiryList2
0000730,햇빛노인복지센터,PUB-002B_노인사회활동_기관코드,https://apis.data.go.kr/B552474/OdsnCodeInquiryService2/getOdsnOrgCodeInquiryList2
0001664,사회복지법인 한국청소년복지회,PUB-002B_노인사회활동_기관코드,https://apis.data.go.kr/B552474/OdsnCodeInquiryService2/getOdsnOrgCodeInquiryList2
0001720,안양시니어클럽,PUB-002B_노인사회활동_기관코드,https://apis.data.go.kr/B552474/OdsnCodeInquiryService2/getOdsnOrgCodeInquiryList2
0002105,대한노인회 경기 포천시지회,PUB-002B_노인사회활동_기관코드,https://apis.data.go.kr/B552474/OdsnCodeInquiryService2/getOdsnOrgCodeInquiryList2
0002747,청람노인복지센터,PUB-002B_노인사회활동_기관코드,https://apis.data.go.kr/B552474/OdsnCodeInquiryService2/getOdsnOrgCodeInquiryList2
0002930,사회복지법인 한울안 진안군분사무소,PUB-002B_노인사회활동_기관코드,https://apis.data.go.kr/B552474/OdsnCodeInquiryService2/getOdsnOrgCodeInquiryList2
0002922,강남구노인통합지원센터,PUB-002B_노인사회활동_기관코드,https://apis.data.go.kr/B552474/OdsnCodeInquiryService2/getOdsnOrgCodeInquiryList2
0002028,갈월종합사회복지관,PUB-002B_노인사회활동_기관코드,https://apis.data.go.kr/B552474/OdsnCodeInquiryService2/getOdsnOrgCodeInquiryList2
0002085,서경노인복지관,PUB-002B_노인사회활동_기관코드,https://apis.data.go.kr/B552474/OdsnCodeInquiryService2/getOdsnOrgCodeInquiryList2
0000779,영통종합사회복지관,PUB-002B_노인사회활동_기관코드,https://apis.data.go.kr/B552474/OdsnCodeInquiryService2/getOdsnOrgCodeInquiryList2
0002772,신내종합사회복지관,PUB-002B_노인사회활동_기관코드,https://apis.data.go.kr/B552474/OdsnCodeInquiryService2/getOdsnOrgCodeInquiryList2
0002846,함월노인복지관,PUB-002B_노인사회활동_기관코드,https://apis.data.go.kr/B552474/OdsnCodeInquiryService2/getOdsnOrgCodeInquiryList2
0002278,대한노인회 강원 태백시지회,PUB-002B_노인사회활동_기관코드,https://apis.data.go.kr/B552474/OdsnCodeInquiryService2/getOdsnOrgCodeInquiryList2
0000801,성산종합사회복지관,PUB-002B_노인사회활동_기관코드,https://apis.data.go.kr/B552474/OdsnCodeInquiryService2/getOdsnOrgCodeInquiryList2
0001262,양구문화원,PUB-002B_노인사회활동_기관코드,https://apis.data.go.kr/B552474/OdsnCodeInquiryService2/getOdsnOrgCodeInquiryList2
0000058,울산북구노인복지관,PUB-002B_노인사회활동_기관코드,https://apis.data.go.kr/B552474/OdsnCodeInquiryService2/getOdsnOrgCodeInquiryList2
0002897,남원시청 여성가족과,PUB-002B_노인사회활동_기관코드,https://apis.data.go.kr/B552474/OdsnCodeInquiryService2/getOdsnOrgCodeInquiryList2
0000923,솔뫼재가노인지원센터,PUB-002B_노인사회활동_기관코드,https://apis.data.go.kr/B552474/OdsnCodeInquiryService2/getOdsnOrgCodeInquiryList2
0001847,팔공노인복지관1,PUB-002B_노인사회활동_기관코드,https://apis.data.go.kr/B552474/OdsnCodeInquiryService2/getOdsnOrgCodeInquiryList2
0000137,경남종합사회복지관,PUB-002B_노인사회활동_기관코드,https://apis.data.go.kr/B552474/OdsnCodeInquiryService2/getOdsnOrgCodeInquiryList2
0000710,대한노인회 충남 서산시지회,PUB-002B_노인사회활동_기관코드,https://apis.data.go.kr/B552474/OdsnCodeInquiryService2/getOdsnOrgCodeInquiryList2
0001738,한울노인복지센터,PUB-002B_노인사회활동_기관코드,https://apis.data.go.kr/B552474/OdsnCodeInquiryService2/getOdsnOrgCodeInquiryList2
0000115,군산노인종합복지관,PUB-002B_노인사회활동_기관코드,https://apis.data.go.kr/B552474/OdsnCodeInquiryService2/getOdsnOrgCodeInquiryList2
0000812,금정구종합사회복지관,PUB-002B_노인사회활동_기관코드,https://apis.data.go.kr/B552474/OdsnCodeInquiryService2/getOdsnOrgCodeInquiryList2
0000668,관악노인종합복지관,PUB-002B_노인사회활동_기관코드,https://apis.data.go.kr/B552474/OdsnCodeInquiryService2/getOdsnOrgCodeInquiryList2
0000927,철산종합사회복지관,PUB-002B_노인사회활동_기관코드,https://apis.data.go.kr/B552474/OdsnCodeInquiryService2/getOdsnOrgCodeInquiryList2
0002047,위스타트춘천마을,PUB-002B_노인사회활동_기관코드,https://apis.data.go.kr/B552474/OdsnCodeInquiryService2/getOdsnOrgCodeInquiryList2
0001599,충효예실천운동본부부여군지회,PUB-002B_노인사회활동_기관코드,https://apis.data.go.kr/B552474/OdsnCodeInquiryService2/getOdsnOrgCodeInquiryList2
0000118,금암노인복지관,PUB-002B_노인사회활동_기관코드,https://apis.data.go.kr/B552474/OdsnCodeInquiryService2/getOdsnOrgCodeInquiryList2
0000921,대한노인회 강원 양양군지회,PUB-002B_노인사회활동_기관코드,https://apis.data.go.kr/B552474/OdsnCodeInquiryService2/getOdsnOrgCodeInquiryList2
0002868,둔산종합사회복지관,PUB-002B_노인사회활동_기관코드,https://apis.data.go.kr/B552474/OdsnCodeInquiryService2/getOdsnOrgCodeInquiryList2
0000733,금산인삼골건강마을,PUB-002B_노인사회활동_기관코드,https://apis.data.go.kr/B552474/OdsnCodeInquiryService2/getOdsnOrgCodeInquiryList2
0002044,도양노인복지센터,PUB-002B_노인사회활동_기관코드,https://apis.data.go.kr/B552474/OdsnCodeInquiryService2/getOdsnOrgCodeInquiryList2
0000664,화순보육시설연합회,PUB-002B_노인사회활동_기관코드,https://apis.data.go.kr/B552474/OdsnCodeInquiryService2/getOdsnOrgCodeInquiryList2
0000599,소망노인복지센터,PUB-002B_노인사회활동_기관코드,https://apis.data.go.kr/B552474/OdsnCodeInquiryService2/getOdsnOrgCodeInquiryList2
0001119,해남문화원,PUB-002B_노인사회활동_기관코드,https://apis.data.go.kr/B552474/OdsnCodeInquiryService2/getOdsnOrgCodeInquiryList2
0002910,대한안전연합 호남중앙본부,PUB-002B_노인사회활동_기관코드,https://apis.data.go.kr/B552474/OdsnCodeInquiryService2/getOdsnOrgCodeInquiryList2
0000061,일산노인종합복지관,PUB-002B_노인사회활동_기관코드,https://apis.data.go.kr/B552474/OdsnCodeInquiryService2/getOdsnOrgCodeInquiryList2
0000134,대한노인회 전남 함평군지회,PUB-002B_노인사회활동_기관코드,https://apis.data.go.kr/B552474/OdsnCodeInquiryService2/getOdsnOrgCodeInquiryList2
0001292,수서명화종합사회복지관,PUB-002B_노인사회활동_기관코드,https://apis.data.go.kr/B552474/OdsnCodeInquiryService2/getOdsnOrgCodeInquiryList2
0002643,구립신사노인복지관,PUB-002B_노인사회활동_기관코드,https://apis.data.go.kr/B552474/OdsnCodeInquiryService2/getOdsnOrgCodeInquiryList2
0002022,광주시노인복지관,PUB-002B_노인사회활동_기관코드,https://apis.data.go.kr/B552474/OdsnCodeInquiryService2/getOdsnOrgCodeInquiryList2
0000174,경산시니어클럽,PUB-002B_노인사회활동_기관코드,https://apis.data.go.kr/B552474/OdsnCodeInquiryService2/getOdsnOrgCodeInquiryList2
0000015,성북노인종합복지관,PUB-002B_노인사회활동_기관코드,https://apis.data.go.kr/B552474/OdsnCodeInquiryService2/getOdsnOrgCodeInquiryList2
0001812,월계종합사회복지관,PUB-002B_노인사회활동_기관코드,https://apis.data.go.kr/B552474/OdsnCodeInquiryService2/getOdsnOrgCodeInquiryList2
0000848,대한노인회 충남 금산군지회,PUB-002B_노인사회활동_기관코드,https://apis.data.go.kr/B552474/OdsnCodeInquiryService2/getOdsnOrgCodeInquiryList2
0000798,대한노인회 경남 양산시지회,PUB-002B_노인사회활동_기관코드,https://apis.data.go.kr/B552474/OdsnCodeInquiryService2/getOdsnOrgCodeInquiryList2
0002752,사단법인 고양시기업 경제인연합회,PUB-002B_노인사회활동_기관코드,https://apis.data.go.kr/B552474/OdsnCodeInquiryService2/getOdsnOrgCodeInquiryList2
0002349,제천시니어클럽,PUB-002B_노인사회활동_기관코드,https://apis.data.go.kr/B552474/OdsnCodeInquiryService2/getOdsnOrgCodeInquiryList2
0002246,송파복지센터 ,PUB-002B_노인사회활동_기관코드,https://apis.data.go.kr/B552474/OdsnCodeInquiryService2/getOdsnOrgCodeInquiryList2
0002268,사회복지법인 한기장복지재단 속초분사무소,PUB-002B_노인사회활동_기관코드,https://apis.data.go.kr/B552474/OdsnCodeInquiryService2/getOdsnOrgCodeInquiryList2
0001047,(사)거제YWCA,PUB-002B_노인사회활동_기관코드,https://apis.data.go.kr/B552474/OdsnCodeInquiryService2/getOdsnOrgCodeInquiryList2
0000960,대전중구문화원,PUB-002B_노인사회활동_기관코드,https://apis.data.go.kr/B552474/OdsnCodeInquiryService2/getOdsnOrgCodeInquiryList2
0000982,새마을고흥군지회,PUB-002B_노인사회활동_기관코드,https://apis.data.go.kr/B552474/OdsnCodeInquiryService2/getOdsnOrgCodeInquiryList2
0002392,선인노인복지센터,PUB-002B_노인사회활동_기관코드,https://apis.data.go.kr/B552474/OdsnCodeInquiryService2/getOdsnOrgCodeInquiryList2
0000575,사마리타노인복지센터,PUB-002B_노인사회활동_기관코드,https://apis.data.go.kr/B552474/OdsnCodeInquiryService2/getOdsnOrgCodeInquiryList2
0000351,세종시청,PUB-002B_노인사회활동_기관코드,https://apis.data.go.kr/B552474/OdsnCodeInquiryService2/getOdsnOrgCodeInquiryList2
0000994,종로노인종합복지관,PUB-002B_노인사회활동_기관코드,https://apis.data.go.kr/B552474/OdsnCodeInquiryService2/getOdsnOrgCodeInquiryList2
0002726,고령사회비전시니어직능클럽,PUB-002B_노인사회활동_기관코드,https://apis.data.go.kr/B552474/OdsnCodeInquiryService2/getOdsnOrgCodeInquiryList2
0002159,전주일하는실버클럽,PUB-002B_노인사회활동_기관코드,https://apis.data.go.kr/B552474/OdsnCodeInquiryService2/getOdsnOrgCodeInquiryList2
0001840,서귀포시니어클럽,PUB-002B_노인사회활동_기관코드,https://apis.data.go.kr/B552474/OdsnCodeInquiryService2/getOdsnOrgCodeInquiryList2
0001824,완도신흥사,PUB-002B_노인사회활동_기관코드,https://apis.data.go.kr/B552474/OdsnCodeInquiryService2/getOdsnOrgCodeInquiryList2
0000376,여수시청,PUB-002B_노인사회활동_기관코드,https://apis.data.go.kr/B552474/OdsnCodeInquiryService2/getOdsnOrgCodeInquiryList2
0000589,대한노인회 대전광역시 대덕구지회,PUB-002B_노인사회활동_기관코드,https://apis.data.go.kr/B552474/OdsnCodeInquiryService2/getOdsnOrgCodeInquiryList2
0002700,한노협,PUB-002B_노인사회활동_기관코드,https://apis.data.go.kr/B552474/OdsnCodeInquiryService2/getOdsnOrgCodeInquiryList2
0000604,화순노인복지센터,PUB-002B_노인사회활동_기관코드,https://apis.data.go.kr/B552474/OdsnCodeInquiryService2/getOdsnOrgCodeInquiryList2
0000542,선인종합재가센터,PUB-002B_노인사회활동_기관코드,https://apis.data.go.kr/B552474/OdsnCodeInquiryService2/getOdsnOrgCodeInquiryList2
0001934,연수구노인인력개발센터,PUB-002B_노인사회활동_기관코드,https://apis.data.go.kr/B552474/OdsnCodeInquiryService2/getOdsnOrgCodeInquiryList2
0001670,실버피스 노인복지센터,PUB-002B_노인사회활동_기관코드,https://apis.data.go.kr/B552474/OdsnCodeInquiryService2/getOdsnOrgCodeInquiryList2
0001143,평창문화원,PUB-002B_노인사회활동_기관코드,https://apis.data.go.kr/B552474/OdsnCodeInquiryService2/getOdsnOrgCodeInquiryList2
0002152,천지동주민센터,PUB-002B_노인사회활동_기관코드,https://apis.data.go.kr/B552474/OdsnCodeInquiryService2/getOdsnOrgCodeInquiryList2
0000384,보성군청,PUB-002B_노인사회활동_기관코드,https://apis.data.go.kr/B552474/OdsnCodeInquiryService2/getOdsnOrgCodeInquiryList2
0000615,대한노인회 서울 강동구지회,PUB-002B_노인사회활동_기관코드,https://apis.data.go.kr/B552474/OdsnCodeInquiryService2/getOdsnOrgCodeInquiryList2
0002646,사단법인 공감,PUB-002B_노인사회활동_기관코드,https://apis.data.go.kr/B552474/OdsnCodeInquiryService2/getOdsnOrgCodeInquiryList2
0000738,청담종합사회복지관,PUB-002B_노인사회활동_기관코드,https://apis.data.go.kr/B552474/OdsnCodeInquiryService2/getOdsnOrgCodeInquiryList2
0000498,(사)대한노인회 세종특별자치시지회,PUB-002B_노인사회활동_기관코드,https://apis.data.go.kr/B552474/OdsnCodeInquiryService2/getOdsnOrgCodeInquiryList2
0000806,대한노인회 경북 영천시지회,PUB-002B_노인사회활동_기관코드,https://apis.data.go.kr/B552474/OdsnCodeInquiryService2/getOdsnOrgCodeInquiryList2
0000716,서부천사노인복지회,PUB-002B_노인사회활동_기관코드,https://apis.data.go.kr/B552474/OdsnCodeInquiryService2/getOdsnOrgCodeInquiryList2
0001805,화순효사랑노인복지센터,PUB-002B_노인사회활동_기관코드,https://apis.data.go.kr/B552474/OdsnCodeInquiryService2/getOdsnOrgCodeInquiryList2
0001180,용인시 기흥구청,PUB-002B_노인사회활동_기관코드,https://apis.data.go.kr/B552474/OdsnCodeInquiryService2/getOdsnOrgCodeInquiryList2
0002656,보은노인복지센터,PUB-002B_노인사회활동_기관코드,https://apis.data.go.kr/B552474/OdsnCodeInquiryService2/getOdsnOrgCodeInquiryList2
0000894,한국노인개호복지협회,PUB-002B_노인사회활동_기관코드,https://apis.data.go.kr/B552474/OdsnCodeInquiryService2/getOdsnOrgCodeInquiryList2
0002230,고흥행복노인복지센터,PUB-002B_노인사회활동_기관코드,https://apis.data.go.kr/B552474/OdsnCodeInquiryService2/getOdsnOrgCodeInquiryList2
0002555,성수종합사회복지관,PUB-002B_노인사회활동_기관코드,https://apis.data.go.kr/B552474/OdsnCodeInquiryService2/getOdsnOrgCodeInquiryList2
0000388,해남군청,PUB-002B_노인사회활동_기관코드,https://apis.data.go.kr/B552474/OdsnCodeInquiryService2/getOdsnOrgCodeInquiryList2
0001537,홍성사회복지관,PUB-002B_노인사회활동_기관코드,https://apis.data.go.kr/B552474/OdsnCodeInquiryService2/getOdsnOrgCodeInquiryList2
0001429,(재)신라염궁진흥원,PUB-002B_노인사회활동_기관코드,https://apis.data.go.kr/B552474/OdsnCodeInquiryService2/getOdsnOrgCodeInquiryList2
0000743,대한노인회 서울 용산구지회,PUB-002B_노인사회활동_기관코드,https://apis.data.go.kr/B552474/OdsnCodeInquiryService2/getOdsnOrgCodeInquiryList2
0000014,성동노인종합복지관,PUB-002B_노인사회활동_기관코드,https://apis.data.go.kr/B552474/OdsnCodeInquiryService2/getOdsnOrgCodeInquiryList2
0000232,부산 해운대구(행복나눔과),PUB-002B_노인사회활동_기관코드,https://apis.data.go.kr/B552474/OdsnCodeInquiryService2/getOdsnOrgCodeInquiryList2
0000151,종로시니어클럽,PUB-002B_노인사회활동_기관코드,https://apis.data.go.kr/B552474/OdsnCodeInquiryService2/getOdsnOrgCodeInquiryList2
0001776,(중단),PUB-002B_노인사회활동_기관코드,https://apis.data.go.kr/B552474/OdsnCodeInquiryService2/getOdsnOrgCodeInquiryList2
0001704,동래구노인복지관,PUB-002B_노인사회활동_기관코드,https://apis.data.go.kr/B552474/OdsnCodeInquiryService2/getOdsnOrgCodeInquiryList2
0000712,서정노인복지센터,PUB-002B_노인사회활동_기관코드,https://apis.data.go.kr/B552474/OdsnCodeInquiryService2/getOdsnOrgCodeInquiryList2
0001344,구미노인전문상담소,PUB-002B_노인사회활동_기관코드,https://apis.data.go.kr/B552474/OdsnCodeInquiryService2/getOdsnOrgCodeInquiryList2
0002678,대한노인회 경기 과천시지회,PUB-002B_노인사회활동_기관코드,https://apis.data.go.kr/B552474/OdsnCodeInquiryService2/getOdsnOrgCodeInquiryList2
0002581,강서구청 공원녹지과 ,PUB-002B_노인사회활동_기관코드,https://apis.data.go.kr/B552474/OdsnCodeInquiryService2/getOdsnOrgCodeInquiryList2
0000821,(사)대한노인회 충남 천안시지회,PUB-002B_노인사회활동_기관코드,https://apis.data.go.kr/B552474/OdsnCodeInquiryService2/getOdsnOrgCodeInquiryList2
0002713,광주 재능나눔기부센터 나눔엔죠이,PUB-002B_노인사회활동_기관코드,https://apis.data.go.kr/B552474/OdsnCodeInquiryService2/getOdsnOrgCodeInquiryList2
0000073,SK청솔노인복지관,PUB-002B_노인사회활동_기관코드,https://apis.data.go.kr/B552474/OdsnCodeInquiryService2/getOdsnOrgCodeInquiryList2
0000009,서울시립동대문노인종합복지관,PUB-002B_노인사회활동_기관코드,https://apis.data.go.kr/B552474/OdsnCodeInquiryService2/getOdsnOrgCodeInquiryList2
0002456,서천군자원봉사센터,PUB-002B_노인사회활동_기관코드,https://apis.data.go.kr/B552474/OdsnCodeInquiryService2/getOdsnOrgCodeInquiryList2
0001309,대한노인회 대구 동구지회,PUB-002B_노인사회활동_기관코드,https://apis.data.go.kr/B552474/OdsnCodeInquiryService2/getOdsnOrgCodeInquiryList2
0002941,남산3동 주민센터,PUB-002B_노인사회활동_기관코드,https://apis.data.go.kr/B552474/OdsnCodeInquiryService2/getOdsnOrgCodeInquiryList2
0001005,중구종합사회복지관,PUB-002B_노인사회활동_기관코드,https://apis.data.go.kr/B552474/OdsnCodeInquiryService2/getOdsnOrgCodeInquiryList2
0002023,성내종합사회복지관,PUB-002B_노인사회활동_기관코드,https://apis.data.go.kr/B552474/OdsnCodeInquiryService2/getOdsnOrgCodeInquiryList2
0000433,함안군청 주민복지과,PUB-002B_노인사회활동_기관코드,https://apis.data.go.kr/B552474/OdsnCodeInquiryService2/getOdsnOrgCodeInquiryList2
0000451,인천광역시 노인정책과,PUB-002B_노인사회활동_기관코드,https://apis.data.go.kr/B552474/OdsnCodeInquiryService2/getOdsnOrgCodeInquiryList2
0000572,대한노인회 군산시지회,PUB-002B_노인사회활동_기관코드,https://apis.data.go.kr/B552474/OdsnCodeInquiryService2/getOdsnOrgCodeInquiryList2
0002235,삼양동종합복지센터,PUB-002B_노인사회활동_기관코드,https://apis.data.go.kr/B552474/OdsnCodeInquiryService2/getOdsnOrgCodeInquiryList2
0001370,청주내덕노인복지관,PUB-002B_노인사회활동_기관코드,https://apis.data.go.kr/B552474/OdsnCodeInquiryService2/getOdsnOrgCodeInquiryList2
0001452,인창노인복지센터,PUB-002B_노인사회활동_기관코드,https://apis.data.go.kr/B552474/OdsnCodeInquiryService2/getOdsnOrgCodeInquiryList2
0000758,안동YMCA,PUB-002B_노인사회활동_기관코드,https://apis.data.go.kr/B552474/OdsnCodeInquiryService2/getOdsnOrgCodeInquiryList2
0000296,김포시,PUB-002B_노인사회활동_기관코드,https://apis.data.go.kr/B552474/OdsnCodeInquiryService2/getOdsnOrgCodeInquiryList2
0001183,사단법인 주안원,PUB-002B_노인사회활동_기관코드,https://apis.data.go.kr/B552474/OdsnCodeInquiryService2/getOdsnOrgCodeInquiryList2
0001875,대구동구시니어클럽,PUB-002B_노인사회활동_기관코드,https://apis.data.go.kr/B552474/OdsnCodeInquiryService2/getOdsnOrgCodeInquiryList2
0001145,사회복지법인 은빛사랑채 가남반석노인주간보호센터,PUB-002B_노인사회활동_기관코드,https://apis.data.go.kr/B552474/OdsnCodeInquiryService2/getOdsnOrgCodeInquiryList2
0002063,갈현노인복지관,PUB-002B_노인사회활동_기관코드,https://apis.data.go.kr/B552474/OdsnCodeInquiryService2/getOdsnOrgCodeInquiryList2
0001115,양평군노인복지관,PUB-002B_노인사회활동_기관코드,https://apis.data.go.kr/B552474/OdsnCodeInquiryService2/getOdsnOrgCodeInquiryList2
0000113,홍성군노인종합복지관,PUB-002B_노인사회활동_기관코드,https://apis.data.go.kr/B552474/OdsnCodeInquiryService2/getOdsnOrgCodeInquiryList2
0002675,성동종합사회복지관,PUB-002B_노인사회활동_기관코드,https://apis.data.go.kr/B552474/OdsnCodeInquiryService2/getOdsnOrgCodeInquiryList2
0000303,오산시 복지교육국 노인장애인과,PUB-002B_노인사회활동_기관코드,https://apis.data.go.kr/B552474/OdsnCodeInquiryService2/getOdsnOrgCodeInquiryList2
0001650,대한노인회 경기 군포시지회,PUB-002B_노인사회활동_기관코드,https://apis.data.go.kr/B552474/OdsnCodeInquiryService2/getOdsnOrgCodeInquiryList2
0000814,완주노인복지센터,PUB-002B_노인사회활동_기관코드,https://apis.data.go.kr/B552474/OdsnCodeInquiryService2/getOdsnOrgCodeInquiryList2
0000724,거창노인통합지원센터,PUB-002B_노인사회활동_기관코드,https://apis.data.go.kr/B552474/OdsnCodeInquiryService2/getOdsnOrgCodeInquiryList2
0002710,마산시니어클럽,PUB-002B_노인사회활동_기관코드,https://apis.data.go.kr/B552474/OdsnCodeInquiryService2/getOdsnOrgCodeInquiryList2
0002652,(사)대한노인회증평군지회,PUB-002B_노인사회활동_기관코드,https://apis.data.go.kr/B552474/OdsnCodeInquiryService2/getOdsnOrgCodeInquiryList2
0001856,길꽃어린이도서관,PUB-002B_노인사회활동_기관코드,https://apis.data.go.kr/B552474/OdsnCodeInquiryService2/getOdsnOrgCodeInquiryList2
0001059,대한노인회 경남 통영시지회,PUB-002B_노인사회활동_기관코드,https://apis.data.go.kr/B552474/OdsnCodeInquiryService2/getOdsnOrgCodeInquiryList2
0002020,경기도노인일자리지원센터,PUB-002B_노인사회활동_기관코드,https://apis.data.go.kr/B552474/OdsnCodeInquiryService2/getOdsnOrgCodeInquiryList2
0000050,광주공원노인복지관,PUB-002B_노인사회활동_기관코드,https://apis.data.go.kr/B552474/OdsnCodeInquiryService2/getOdsnOrgCodeInquiryList2
0000391,함평군청,PUB-002B_노인사회활동_기관코드,https://apis.data.go.kr/B552474/OdsnCodeInquiryService2/getOdsnOrgCodeInquiryList2
0002233,경기 안양시만안구지회,PUB-002B_노인사회활동_기관코드,https://apis.data.go.kr/B552474/OdsnCodeInquiryService2/getOdsnOrgCodeInquiryList2
0000919,보은군노인장애인복지관,PUB-002B_노인사회활동_기관코드,https://apis.data.go.kr/B552474/OdsnCodeInquiryService2/getOdsnOrgCodeInquiryList2
0002415,보문종합사회복지관,PUB-002B_노인사회활동_기관코드,https://apis.data.go.kr/B552474/OdsnCodeInquiryService2/getOdsnOrgCodeInquiryList2
0000253,연수구청 주민복지국 노인장애인과 ,PUB-002B_노인사회활동_기관코드,https://apis.data.go.kr/B552474/OdsnCodeInquiryService2/getOdsnOrgCodeInquiryList2
0002825,대불노인복지관,PUB-002B_노인사회활동_기관코드,https://apis.data.go.kr/B552474/OdsnCodeInquiryService2/getOdsnOrgCodeInquiryList2
0002294,부산광역시장노년일자리지원센터,PUB-002B_노인사회활동_기관코드,https://apis.data.go.kr/B552474/OdsnCodeInquiryService2/getOdsnOrgCodeInquiryList2
0002380,행복나루노인복지관,PUB-002B_노인사회활동_기관코드,https://apis.data.go.kr/B552474/OdsnCodeInquiryService2/getOdsnOrgCodeInquiryList2
0002236,유린원광종합사회복지관,PUB-002B_노인사회활동_기관코드,https://apis.data.go.kr/B552474/OdsnCodeInquiryService2/getOdsnOrgCodeInquiryList2
0002647,강서구립 곰달래어르신복지센터,PUB-002B_노인사회활동_기관코드,https://apis.data.go.kr/B552474/OdsnCodeInquiryService2/getOdsnOrgCodeInquiryList2
0000606,낙동종합사회복지관,PUB-002B_노인사회활동_기관코드,https://apis.data.go.kr/B552474/OdsnCodeInquiryService2/getOdsnOrgCodeInquiryList2
0001570,화순적십자봉사회,PUB-002B_노인사회활동_기관코드,https://apis.data.go.kr/B552474/OdsnCodeInquiryService2/getOdsnOrgCodeInquiryList2
0000781,통도사자비원 노인복지센터,PUB-002B_노인사회활동_기관코드,https://apis.data.go.kr/B552474/OdsnCodeInquiryService2/getOdsnOrgCodeInquiryList2
0000096,평창군노인복지회관,PUB-002B_노인사회활동_기관코드,https://apis.data.go.kr/B552474/OdsnCodeInquiryService2/getOdsnOrgCodeInquiryList2
0000537,포항종합사회복지관,PUB-002B_노인사회활동_기관코드,https://apis.data.go.kr/B552474/OdsnCodeInquiryService2/getOdsnOrgCodeInquiryList2
0000179,대한노인회 취업지원본부,PUB-002B_노인사회활동_기관코드,https://apis.data.go.kr/B552474/OdsnCodeInquiryService2/getOdsnOrgCodeInquiryList2
0000998,임실문화원,PUB-002B_노인사회활동_기관코드,https://apis.data.go.kr/B552474/OdsnCodeInquiryService2/getOdsnOrgCodeInquiryList2
0002862,아산시동부노인복지관,PUB-002B_노인사회활동_기관코드,https://apis.data.go.kr/B552474/OdsnCodeInquiryService2/getOdsnOrgCodeInquiryList2
0000366,완주군청 경로장애인과,PUB-002B_노인사회활동_기관코드,https://apis.data.go.kr/B552474/OdsnCodeInquiryService2/getOdsnOrgCodeInquiryList2
0000561,마산대한예수교장로회낙토교회,PUB-002B_노인사회활동_기관코드,https://apis.data.go.kr/B552474/OdsnCodeInquiryService2/getOdsnOrgCodeInquiryList2
0002279,가양4종합사회복지관,PUB-002B_노인사회활동_기관코드,https://apis.data.go.kr/B552474/OdsnCodeInquiryService2/getOdsnOrgCodeInquiryList2
0002777,부산동래시니어클럽,PUB-002B_노인사회활동_기관코드,https://apis.data.go.kr/B552474/OdsnCodeInquiryService2/getOdsnOrgCodeInquiryList2
0001171,참사랑가정봉사원파견센터,PUB-002B_노인사회활동_기관코드,https://apis.data.go.kr/B552474/OdsnCodeInquiryService2/getOdsnOrgCodeInquiryList2
0000970,화순문화원,PUB-002B_노인사회활동_기관코드,https://apis.data.go.kr/B552474/OdsnCodeInquiryService2/getOdsnOrgCodeInquiryList2
0002494,상주시니어클럽,PUB-002B_노인사회활동_기관코드,https://apis.data.go.kr/B552474/OdsnCodeInquiryService2/getOdsnOrgCodeInquiryList2
0002725,교통안전공단시니어직능클럽,PUB-002B_노인사회활동_기관코드,https://apis.data.go.kr/B552474/OdsnCodeInquiryService2/getOdsnOrgCodeInquiryList2
0000309,연천군청,PUB-002B_노인사회활동_기관코드,https://apis.data.go.kr/B552474/OdsnCodeInquiryService2/getOdsnOrgCodeInquiryList2
0002474,교동주민센터,PUB-002B_노인사회활동_기관코드,https://apis.data.go.kr/B552474/OdsnCodeInquiryService2/getOdsnOrgCodeInquiryList2
0001663,화성시남부노인복지관,PUB-002B_노인사회활동_기관코드,https://apis.data.go.kr/B552474/OdsnCodeInquiryService2/getOdsnOrgCodeInquiryList2
0001140,평창노인복지센터,PUB-002B_노인사회활동_기관코드,https://apis.data.go.kr/B552474/OdsnCodeInquiryService2/getOdsnOrgCodeInquiryList2
0002503,무공수훈자회 서대문구지회,PUB-002B_노인사회활동_기관코드,https://apis.data.go.kr/B552474/OdsnCodeInquiryService2/getOdsnOrgCodeInquiryList2
0002490,대한노인회 전남 신안군지회,PUB-002B_노인사회활동_기관코드,https://apis.data.go.kr/B552474/OdsnCodeInquiryService2/getOdsnOrgCodeInquiryList2
0000169,부여시니어클럽,PUB-002B_노인사회활동_기관코드,https://apis.data.go.kr/B552474/OdsnCodeInquiryService2/getOdsnOrgCodeInquiryList2
0000101,제천시노인종합복지관,PUB-002B_노인사회활동_기관코드,https://apis.data.go.kr/B552474/OdsnCodeInquiryService2/getOdsnOrgCodeInquiryList2
0002247,좋은이웃마을노인복지센터,PUB-002B_노인사회활동_기관코드,https://apis.data.go.kr/B552474/OdsnCodeInquiryService2/getOdsnOrgCodeInquiryList2
0002605,신정종합사회복지관,PUB-002B_노인사회활동_기관코드,https://apis.data.go.kr/B552474/OdsnCodeInquiryService2/getOdsnOrgCodeInquiryList2
0001920,강원태백지역자활센터,PUB-002B_노인사회활동_기관코드,https://apis.data.go.kr/B552474/OdsnCodeInquiryService2/getOdsnOrgCodeInquiryList2
0001660,부산동구청,PUB-002B_노인사회활동_기관코드,https://apis.data.go.kr/B552474/OdsnCodeInquiryService2/getOdsnOrgCodeInquiryList2
0002089,평택팽성노인복지관,PUB-002B_노인사회활동_기관코드,https://apis.data.go.kr/B552474/OdsnCodeInquiryService2/getOdsnOrgCodeInquiryList2
0002714,대한노인회 경북 의성군지회,PUB-002B_노인사회활동_기관코드,https://apis.data.go.kr/B552474/OdsnCodeInquiryService2/getOdsnOrgCodeInquiryList2
0002761,인왕노인복지관,PUB-002B_노인사회활동_기관코드,https://apis.data.go.kr/B552474/OdsnCodeInquiryService2/getOdsnOrgCodeInquiryList2
0000691,대한노인회 부산 중구지회,PUB-002B_노인사회활동_기관코드,https://apis.data.go.kr/B552474/OdsnCodeInquiryService2/getOdsnOrgCodeInquiryList2
0002890,세계교육연구학회,PUB-002B_노인사회활동_기관코드,https://apis.data.go.kr/B552474/OdsnCodeInquiryService2/getOdsnOrgCodeInquiryList2
0002894,포천시청,PUB-002B_노인사회활동_기관코드,https://apis.data.go.kr/B552474/OdsnCodeInquiryService2/getOdsnOrgCodeInquiryList2
0000381,곡성군청,PUB-002B_노인사회활동_기관코드,https://apis.data.go.kr/B552474/OdsnCodeInquiryService2/getOdsnOrgCodeInquiryList2
0000596,송파인성장애인복지관,PUB-002B_노인사회활동_기관코드,https://apis.data.go.kr/B552474/OdsnCodeInquiryService2/getOdsnOrgCodeInquiryList2
0002226,중구노인복지관,PUB-002B_노인사회활동_기관코드,https://apis.data.go.kr/B552474/OdsnCodeInquiryService2/getOdsnOrgCodeInquiryList2
0002903,순천시니어클럽,PUB-002B_노인사회활동_기관코드,https://apis.data.go.kr/B552474/OdsnCodeInquiryService2/getOdsnOrgCodeInquiryList2
0002589,금천구 공원녹지과,PUB-002B_노인사회활동_기관코드,https://apis.data.go.kr/B552474/OdsnCodeInquiryService2/getOdsnOrgCodeInquiryList2
0001162,에덴가정봉사원파견센터,PUB-002B_노인사회활동_기관코드,https://apis.data.go.kr/B552474/OdsnCodeInquiryService2/getOdsnOrgCodeInquiryList2
0001852,사당종합사회복지관,PUB-002B_노인사회활동_기관코드,https://apis.data.go.kr/B552474/OdsnCodeInquiryService2/getOdsnOrgCodeInquiryList2
0001846,부산광역시 서구청 청소위생과,PUB-002B_노인사회활동_기관코드,https://apis.data.go.kr/B552474/OdsnCodeInquiryService2/getOdsnOrgCodeInquiryList2
0001085,관저종합사회복지관,PUB-002B_노인사회활동_기관코드,https://apis.data.go.kr/B552474/OdsnCodeInquiryService2/getOdsnOrgCodeInquiryList2
0001919,울주시니어클럽,PUB-002B_노인사회활동_기관코드,https://apis.data.go.kr/B552474/OdsnCodeInquiryService2/getOdsnOrgCodeInquiryList2
0001672,전주효자시니어클럽,PUB-002B_노인사회활동_기관코드,https://apis.data.go.kr/B552474/OdsnCodeInquiryService2/getOdsnOrgCodeInquiryList2
0000275,울산동구청 노인장애인과,PUB-002B_노인사회활동_기관코드,https://apis.data.go.kr/B552474/OdsnCodeInquiryService2/getOdsnOrgCodeInquiryList2
0002703,한국노인종합복지관협회,PUB-002B_노인사회활동_기관코드,https://apis.data.go.kr/B552474/OdsnCodeInquiryService2/getOdsnOrgCodeInquiryList2
0000782,옥포종합사회복지관,PUB-002B_노인사회활동_기관코드,https://apis.data.go.kr/B552474/OdsnCodeInquiryService2/getOdsnOrgCodeInquiryList2
0002704,대한노인회 강원 원주시지회,PUB-002B_노인사회활동_기관코드,https://apis.data.go.kr/B552474/OdsnCodeInquiryService2/getOdsnOrgCodeInquiryList2
0000427,사천시청 복지환경국 노인장애인과,PUB-002B_노인사회활동_기관코드,https://apis.data.go.kr/B552474/OdsnCodeInquiryService2/getOdsnOrgCodeInquiryList2
0000480,대한노인회 경북 청도군지회,PUB-002B_노인사회활동_기관코드,https://apis.data.go.kr/B552474/OdsnCodeInquiryService2/getOdsnOrgCodeInquiryList2
0000608,중구노인복지센터,PUB-002B_노인사회활동_기관코드,https://apis.data.go.kr/B552474/OdsnCodeInquiryService2/getOdsnOrgCodeInquiryList2
0000962,서구종합사회복지관,PUB-002B_노인사회활동_기관코드,https://apis.data.go.kr/B552474/OdsnCodeInquiryService2/getOdsnOrgCodeInquiryList2
0002465,하나노인복지관,PUB-002B_노인사회활동_기관코드,https://apis.data.go.kr/B552474/OdsnCodeInquiryService2/getOdsnOrgCodeInquiryList2
0000315,태백시청 사회복지과,PUB-002B_노인사회활동_기관코드,https://apis.data.go.kr/B552474/OdsnCodeInquiryService2/getOdsnOrgCodeInquiryList2
0002851,고산노인복지관,PUB-002B_노인사회활동_기관코드,https://apis.data.go.kr/B552474/OdsnCodeInquiryService2/getOdsnOrgCodeInquiryList2
0000372,고창군청 자치행정국 사회복지과,PUB-002B_노인사회활동_기관코드,https://apis.data.go.kr/B552474/OdsnCodeInquiryService2/getOdsnOrgCodeInquiryList2
0000235,부산강서구청 복지교육국 생활지원과,PUB-002B_노인사회활동_기관코드,https://apis.data.go.kr/B552474/OdsnCodeInquiryService2/getOdsnOrgCodeInquiryList2
0000849,강원 횡성군지회,PUB-002B_노인사회활동_기관코드,https://apis.data.go.kr/B552474/OdsnCodeInquiryService2/getOdsnOrgCodeInquiryList2
0000434,창녕군청 노인여성아동과,PUB-002B_노인사회활동_기관코드,https://apis.data.go.kr/B552474/OdsnCodeInquiryService2/getOdsnOrgCodeInquiryList2
0002239,의왕시니어클럽,PUB-002B_노인사회활동_기관코드,https://apis.data.go.kr/B552474/OdsnCodeInquiryService2/getOdsnOrgCodeInquiryList2
0002792,진안군복합노인복지타운노인복지관,PUB-002B_노인사회활동_기관코드,https://apis.data.go.kr/B552474/OdsnCodeInquiryService2/getOdsnOrgCodeInquiryList2
0002806,양양군노인복지관,PUB-002B_노인사회활동_기관코드,https://apis.data.go.kr/B552474/OdsnCodeInquiryService2/getOdsnOrgCodeInquiryList2
0002802,양산시노인복지관,PUB-002B_노인사회활동_기관코드,https://apis.data.go.kr/B552474/OdsnCodeInquiryService2/getOdsnOrgCodeInquiryList2
0000857,국제기독선교회,PUB-002B_노인사회활동_기관코드,https://apis.data.go.kr/B552474/OdsnCodeInquiryService2/getOdsnOrgCodeInquiryList2
0001896,사단법인 서울시노인종합복지관협회,PUB-002B_노인사회활동_기관코드,https://apis.data.go.kr/B552474/OdsnCodeInquiryService2/getOdsnOrgCodeInquiryList2
0000032,계양구노인복지관,PUB-002B_노인사회활동_기관코드,https://apis.data.go.kr/B552474/OdsnCodeInquiryService2/getOdsnOrgCodeInquiryList2
0002774,포천시청  문화복지국 노인장애인과,PUB-002B_노인사회활동_기관코드,https://apis.data.go.kr/B552474/OdsnCodeInquiryService2/getOdsnOrgCodeInquiryList2
0001510,목포시니어클럽,PUB-002B_노인사회활동_기관코드,https://apis.data.go.kr/B552474/OdsnCodeInquiryService2/getOdsnOrgCodeInquiryList2
0000827,대전기독교종합사회복지관,PUB-002B_노인사회활동_기관코드,https://apis.data.go.kr/B552474/OdsnCodeInquiryService2/getOdsnOrgCodeInquiryList2
0001062,사)곡성군새마을회,PUB-002B_노인사회활동_기관코드,https://apis.data.go.kr/B552474/OdsnCodeInquiryService2/getOdsnOrgCodeInquiryList2
0000651,대한노인회 경기 고양시 덕양구지회,PUB-002B_노인사회활동_기관코드,https://apis.data.go.kr/B552474/OdsnCodeInquiryService2/getOdsnOrgCodeInquiryList2
0000588,대한노인회 대전 동구지회,PUB-002B_노인사회활동_기관코드,https://apis.data.go.kr/B552474/OdsnCodeInquiryService2/getOdsnOrgCodeInquiryList2
0002634,부산사상시니어클럽,PUB-002B_노인사회활동_기관코드,https://apis.data.go.kr/B552474/OdsnCodeInquiryService2/getOdsnOrgCodeInquiryList2
0002907,서울중구지역자활센터,PUB-002B_노인사회활동_기관코드,https://apis.data.go.kr/B552474/OdsnCodeInquiryService2/getOdsnOrgCodeInquiryList2
0000462,경남도청 노인정책과,PUB-002B_노인사회활동_기관코드,https://apis.data.go.kr/B552474/OdsnCodeInquiryService2/getOdsnOrgCodeInquiryList2
0002493,춘천시사회복지협의회,PUB-002B_노인사회활동_기관코드,https://apis.data.go.kr/B552474/OdsnCodeInquiryService2/getOdsnOrgCodeInquiryList2
0000559,부산남구종합사회복지관,PUB-002B_노인사회활동_기관코드,https://apis.data.go.kr/B552474/OdsnCodeInquiryService2/getOdsnOrgCodeInquiryList2
0000036,부산동구노인종합복지관,PUB-002B_노인사회활동_기관코드,https://apis.data.go.kr/B552474/OdsnCodeInquiryService2/getOdsnOrgCodeInquiryList2
0000222,강동구청 어르신복지과,PUB-002B_노인사회활동_기관코드,https://apis.data.go.kr/B552474/OdsnCodeInquiryService2/getOdsnOrgCodeInquiryList2
0001917,부평구노인인력개발센터,PUB-002B_노인사회활동_기관코드,https://apis.data.go.kr/B552474/OdsnCodeInquiryService2/getOdsnOrgCodeInquiryList2
0002423,금천동행정복지센터,PUB-002B_노인사회활동_기관코드,https://apis.data.go.kr/B552474/OdsnCodeInquiryService2/getOdsnOrgCodeInquiryList2
0000993,인존지역아동센터,PUB-002B_노인사회활동_기관코드,https://apis.data.go.kr/B552474/OdsnCodeInquiryService2/getOdsnOrgCodeInquiryList2
0001547,고흥군 노인복지관,PUB-002B_노인사회활동_기관코드,https://apis.data.go.kr/B552474/OdsnCodeInquiryService2/getOdsnOrgCodeInquiryList2
0001017,송파노인복지센터,PUB-002B_노인사회활동_기관코드,https://apis.data.go.kr/B552474/OdsnCodeInquiryService2/getOdsnOrgCodeInquiryList2
0000979,수원YWCA,PUB-002B_노인사회활동_기관코드,https://apis.data.go.kr/B552474/OdsnCodeInquiryService2/getOdsnOrgCodeInquiryList2
0002687,강원도노인보호전문기관(모니터링사업),PUB-002B_노인사회활동_기관코드,https://apis.data.go.kr/B552474/OdsnCodeInquiryService2/getOdsnOrgCodeInquiryList2
0000212,양천구청 주민복지국 어르신복지과,PUB-002B_노인사회활동_기관코드,https://apis.data.go.kr/B552474/OdsnCodeInquiryService2/getOdsnOrgCodeInquiryList2
0001269,청양노인복지센터,PUB-002B_노인사회활동_기관코드,https://apis.data.go.kr/B552474/OdsnCodeInquiryService2/getOdsnOrgCodeInquiryList2
0001422,완주시니어클럽,PUB-002B_노인사회활동_기관코드,https://apis.data.go.kr/B552474/OdsnCodeInquiryService2/getOdsnOrgCodeInquiryList2
0001614,사단법인 지방행정동우회,PUB-002B_노인사회활동_기관코드,https://apis.data.go.kr/B552474/OdsnCodeInquiryService2/getOdsnOrgCodeInquiryList2
0002184,포항시청,PUB-002B_노인사회활동_기관코드,https://apis.data.go.kr/B552474/OdsnCodeInquiryService2/getOdsnOrgCodeInquiryList2
0002878,여주시지회,PUB-002B_노인사회활동_기관코드,https://apis.data.go.kr/B552474/OdsnCodeInquiryService2/getOdsnOrgCodeInquiryList2
0000343,천안시청 복지정책국 노인복지과,PUB-002B_노인사회활동_기관코드,https://apis.data.go.kr/B552474/OdsnCodeInquiryService2/getOdsnOrgCodeInquiryList2
0000481,대한노인회 광주 광산구지회,PUB-002B_노인사회활동_기관코드,https://apis.data.go.kr/B552474/OdsnCodeInquiryService2/getOdsnOrgCodeInquiryList2
0001166,의왕시사랑채노인복지관,PUB-002B_노인사회활동_기관코드,https://apis.data.go.kr/B552474/OdsnCodeInquiryService2/getOdsnOrgCodeInquiryList2
0002289,고양시덕양구 보건소(치매안심센터),PUB-002B_노인사회활동_기관코드,https://apis.data.go.kr/B552474/OdsnCodeInquiryService2/getOdsnOrgCodeInquiryList2
0002734,부울경,PUB-002B_노인사회활동_기관코드,https://apis.data.go.kr/B552474/OdsnCodeInquiryService2/getOdsnOrgCodeInquiryList2
0002861,인제군청 주민복지과,PUB-002B_노인사회활동_기관코드,https://apis.data.go.kr/B552474/OdsnCodeInquiryService2/getOdsnOrgCodeInquiryList2
0000330,청주시청 복지국 노인복지과,PUB-002B_노인사회활동_기관코드,https://apis.data.go.kr/B552474/OdsnCodeInquiryService2/getOdsnOrgCodeInquiryList2
0001355,정읍시니어클럽,PUB-002B_노인사회활동_기관코드,https://apis.data.go.kr/B552474/OdsnCodeInquiryService2/getOdsnOrgCodeInquiryList2
0001103,북익산노인복지센터,PUB-002B_노인사회활동_기관코드,https://apis.data.go.kr/B552474/OdsnCodeInquiryService2/getOdsnOrgCodeInquiryList2
0001954,파랑새종합사회복지관,PUB-002B_노인사회활동_기관코드,https://apis.data.go.kr/B552474/OdsnCodeInquiryService2/getOdsnOrgCodeInquiryList2
0001482,동작종합사회복지관,PUB-002B_노인사회활동_기관코드,https://apis.data.go.kr/B552474/OdsnCodeInquiryService2/getOdsnOrgCodeInquiryList2
0000940,정선문화원,PUB-002B_노인사회활동_기관코드,https://apis.data.go.kr/B552474/OdsnCodeInquiryService2/getOdsnOrgCodeInquiryList2
0000066,군포시노인복지관,PUB-002B_노인사회활동_기관코드,https://apis.data.go.kr/B552474/OdsnCodeInquiryService2/getOdsnOrgCodeInquiryList2
0000373,부안군청,PUB-002B_노인사회활동_기관코드,https://apis.data.go.kr/B552474/OdsnCodeInquiryService2/getOdsnOrgCodeInquiryList2
0002543,임실지역아동센터,PUB-002B_노인사회활동_기관코드,https://apis.data.go.kr/B552474/OdsnCodeInquiryService2/getOdsnOrgCodeInquiryList2
0000880,대한노인회 경기 연천군지회,PUB-002B_노인사회활동_기관코드,https://apis.data.go.kr/B552474/OdsnCodeInquiryService2/getOdsnOrgCodeInquiryList2
0002288,소양강댐노인복지관,PUB-002B_노인사회활동_기관코드,https://apis.data.go.kr/B552474/OdsnCodeInquiryService2/getOdsnOrgCodeInquiryList2
0002391,방화6종합사회복지관,PUB-002B_노인사회활동_기관코드,https://apis.data.go.kr/B552474/OdsnCodeInquiryService2/getOdsnOrgCodeInquiryList2
0002498,성남시수정구지회,PUB-002B_노인사회활동_기관코드,https://apis.data.go.kr/B552474/OdsnCodeInquiryService2/getOdsnOrgCodeInquiryList2
0002495,용인시수지노인복지관,PUB-002B_노인사회활동_기관코드,https://apis.data.go.kr/B552474/OdsnCodeInquiryService2/getOdsnOrgCodeInquiryList2
0000088,대한노인회 가평군지회,PUB-002B_노인사회활동_기관코드,https://apis.data.go.kr/B552474/OdsnCodeInquiryService2/getOdsnOrgCodeInquiryList2
0000028,동구노인복지관,PUB-002B_노인사회활동_기관코드,https://apis.data.go.kr/B552474/OdsnCodeInquiryService2/getOdsnOrgCodeInquiryList2
0000761,안동시자원봉사센터,PUB-002B_노인사회활동_기관코드,https://apis.data.go.kr/B552474/OdsnCodeInquiryService2/getOdsnOrgCodeInquiryList2
0002839,구립영등포어르신복지센터,PUB-002B_노인사회활동_기관코드,https://apis.data.go.kr/B552474/OdsnCodeInquiryService2/getOdsnOrgCodeInquiryList2
0002572,팔공노인복지관,PUB-002B_노인사회활동_기관코드,https://apis.data.go.kr/B552474/OdsnCodeInquiryService2/getOdsnOrgCodeInquiryList2
0000910,대한노인회 서울 동작구지회,PUB-002B_노인사회활동_기관코드,https://apis.data.go.kr/B552474/OdsnCodeInquiryService2/getOdsnOrgCodeInquiryList2
0002618,연수구청 복지경제국 노인장애인과 ,PUB-002B_노인사회활동_기관코드,https://apis.data.go.kr/B552474/OdsnCodeInquiryService2/getOdsnOrgCodeInquiryList2
0002599,YMCA철원평화센터,PUB-002B_노인사회활동_기관코드,https://apis.data.go.kr/B552474/OdsnCodeInquiryService2/getOdsnOrgCodeInquiryList2
0001795,군산나운종합사회복지관,PUB-002B_노인사회활동_기관코드,https://apis.data.go.kr/B552474/OdsnCodeInquiryService2/getOdsnOrgCodeInquiryList2
0001182,한국지역복지봉사회,PUB-002B_노인사회활동_기관코드,https://apis.data.go.kr/B552474/OdsnCodeInquiryService2/getOdsnOrgCodeInquiryList2
0001229,전북노인일자리추진본부,PUB-002B_노인사회활동_기관코드,https://apis.data.go.kr/B552474/OdsnCodeInquiryService2/getOdsnOrgCodeInquiryList2
0000771,대한노인회 경기 안산시 상록구지회,PUB-002B_노인사회활동_기관코드,https://apis.data.go.kr/B552474/OdsnCodeInquiryService2/getOdsnOrgCodeInquiryList2
0001652,미추홀노인인력개발센터,PUB-002B_노인사회활동_기관코드,https://apis.data.go.kr/B552474/OdsnCodeInquiryService2/getOdsnOrgCodeInquiryList2
0001566,도리원노인복지사업단,PUB-002B_노인사회활동_기관코드,https://apis.data.go.kr/B552474/OdsnCodeInquiryService2/getOdsnOrgCodeInquiryList2
0001979,참-더부러재가노인복지센터,PUB-002B_노인사회활동_기관코드,https://apis.data.go.kr/B552474/OdsnCodeInquiryService2/getOdsnOrgCodeInquiryList2
0002371,은평구립불광노인복지관,PUB-002B_노인사회활동_기관코드,https://apis.data.go.kr/B552474/OdsnCodeInquiryService2/getOdsnOrgCodeInquiryList2
0002428,서울시관악구재가노인복지기관,PUB-002B_노인사회활동_기관코드,https://apis.data.go.kr/B552474/OdsnCodeInquiryService2/getOdsnOrgCodeInquiryList2
0001093,C.C.C.동구노인복지센터(가정봉사원파견센터),PUB-002B_노인사회활동_기관코드,https://apis.data.go.kr/B552474/OdsnCodeInquiryService2/getOdsnOrgCodeInquiryList2
0000939,정선노인복지센터,PUB-002B_노인사회활동_기관코드,https://apis.data.go.kr/B552474/OdsnCodeInquiryService2/getOdsnOrgCodeInquiryList2
0002361,부산남구시니어클럽,PUB-002B_노인사회활동_기관코드,https://apis.data.go.kr/B552474/OdsnCodeInquiryService2/getOdsnOrgCodeInquiryList2
0002640,오산남부종합사회복지관,PUB-002B_노인사회활동_기관코드,https://apis.data.go.kr/B552474/OdsnCodeInquiryService2/getOdsnOrgCodeInquiryList2
0001819,완도시니어클럽,PUB-002B_노인사회활동_기관코드,https://apis.data.go.kr/B552474/OdsnCodeInquiryService2/getOdsnOrgCodeInquiryList2
0000104,진천군노인복지관,PUB-002B_노인사회활동_기관코드,https://apis.data.go.kr/B552474/OdsnCodeInquiryService2/getOdsnOrgCodeInquiryList2
0001263,대한노인회 전남 강진군지회,PUB-002B_노인사회활동_기관코드,https://apis.data.go.kr/B552474/OdsnCodeInquiryService2/getOdsnOrgCodeInquiryList2
0001959,예산군노인종합복지관,PUB-002B_노인사회활동_기관코드,https://apis.data.go.kr/B552474/OdsnCodeInquiryService2/getOdsnOrgCodeInquiryList2
0002212,서산시니어클럽,PUB-002B_노인사회활동_기관코드,https://apis.data.go.kr/B552474/OdsnCodeInquiryService2/getOdsnOrgCodeInquiryList2
0002573,푸른도시과,PUB-002B_노인사회활동_기관코드,https://apis.data.go.kr/B552474/OdsnCodeInquiryService2/getOdsnOrgCodeInquiryList2
0000547,대한노인회 서울 양천구지회,PUB-002B_노인사회활동_기관코드,https://apis.data.go.kr/B552474/OdsnCodeInquiryService2/getOdsnOrgCodeInquiryList2
0002352,서울시재가노인복지협회,PUB-002B_노인사회활동_기관코드,https://apis.data.go.kr/B552474/OdsnCodeInquiryService2/getOdsnOrgCodeInquiryList2
0002563,청주시 상당구 오근장동,PUB-002B_노인사회활동_기관코드,https://apis.data.go.kr/B552474/OdsnCodeInquiryService2/getOdsnOrgCodeInquiryList2
0000844,대한노인회 충북 음성군지회,PUB-002B_노인사회활동_기관코드,https://apis.data.go.kr/B552474/OdsnCodeInquiryService2/getOdsnOrgCodeInquiryList2
0002073,팔금천사의집-단기보호,PUB-002B_노인사회활동_기관코드,https://apis.data.go.kr/B552474/OdsnCodeInquiryService2/getOdsnOrgCodeInquiryList2
0000021,서울노인복지센터,PUB-002B_노인사회활동_기관코드,https://apis.data.go.kr/B552474/OdsnCodeInquiryService2/getOdsnOrgCodeInquiryList2
0000644,대한노인회 금천구지회,PUB-002B_노인사회활동_기관코드,https://apis.data.go.kr/B552474/OdsnCodeInquiryService2/getOdsnOrgCodeInquiryList2
0000708,대한노인회 전남 해남군지회,PUB-002B_노인사회활동_기관코드,https://apis.data.go.kr/B552474/OdsnCodeInquiryService2/getOdsnOrgCodeInquiryList2
0001044,구미종합사회복지관,PUB-002B_노인사회활동_기관코드,https://apis.data.go.kr/B552474/OdsnCodeInquiryService2/getOdsnOrgCodeInquiryList2
0000811,대한노인회 충남 아산시지회,PUB-002B_노인사회활동_기관코드,https://apis.data.go.kr/B552474/OdsnCodeInquiryService2/getOdsnOrgCodeInquiryList2
0001118,함께하는재가노인통합지원센터,PUB-002B_노인사회활동_기관코드,https://apis.data.go.kr/B552474/OdsnCodeInquiryService2/getOdsnOrgCodeInquiryList2
0001907,화장실문화시민연대,PUB-002B_노인사회활동_기관코드,https://apis.data.go.kr/B552474/OdsnCodeInquiryService2/getOdsnOrgCodeInquiryList2
0002183,포항시 해도동주민센터,PUB-002B_노인사회활동_기관코드,https://apis.data.go.kr/B552474/OdsnCodeInquiryService2/getOdsnOrgCodeInquiryList2
0002768,한빛종합사회복지관,PUB-002B_노인사회활동_기관코드,https://apis.data.go.kr/B552474/OdsnCodeInquiryService2/getOdsnOrgCodeInquiryList2
0000988,전포종합사회복지관,PUB-002B_노인사회활동_기관코드,https://apis.data.go.kr/B552474/OdsnCodeInquiryService2/getOdsnOrgCodeInquiryList2
0000995,대구광역시 결혼이민자가족지원센터,PUB-002B_노인사회활동_기관코드,https://apis.data.go.kr/B552474/OdsnCodeInquiryService2/getOdsnOrgCodeInquiryList2
0000631,인천서구지역자활센터,PUB-002B_노인사회활동_기관코드,https://apis.data.go.kr/B552474/OdsnCodeInquiryService2/getOdsnOrgCodeInquiryList2
0002507,광양새마을회,PUB-002B_노인사회활동_기관코드,https://apis.data.go.kr/B552474/OdsnCodeInquiryService2/getOdsnOrgCodeInquiryList2
0000452,광주광역시 고령사회정책과,PUB-002B_노인사회활동_기관코드,https://apis.data.go.kr/B552474/OdsnCodeInquiryService2/getOdsnOrgCodeInquiryList2
0002262,함평일자리지원센터,PUB-002B_노인사회활동_기관코드,https://apis.data.go.kr/B552474/OdsnCodeInquiryService2/getOdsnOrgCodeInquiryList2
0001573,보육시설연합회,PUB-002B_노인사회활동_기관코드,https://apis.data.go.kr/B552474/OdsnCodeInquiryService2/getOdsnOrgCodeInquiryList2
0002638,청주시자원봉사센터,PUB-002B_노인사회활동_기관코드,https://apis.data.go.kr/B552474/OdsnCodeInquiryService2/getOdsnOrgCodeInquiryList2
0002853,용인시기흥노인복지관,PUB-002B_노인사회활동_기관코드,https://apis.data.go.kr/B552474/OdsnCodeInquiryService2/getOdsnOrgCodeInquiryList2
0000687,대한노인회 여주시지회(노인취업지원센터),PUB-002B_노인사회활동_기관코드,https://apis.data.go.kr/B552474/OdsnCodeInquiryService2/getOdsnOrgCodeInquiryList2
0001116,동부재가노인통합지원센터,PUB-002B_노인사회활동_기관코드,https://apis.data.go.kr/B552474/OdsnCodeInquiryService2/getOdsnOrgCodeInquiryList2
0000678,한국부인회 화순군지회,PUB-002B_노인사회활동_기관코드,https://apis.data.go.kr/B552474/OdsnCodeInquiryService2/getOdsnOrgCodeInquiryList2
0000228,부산진구청 가족지원과,PUB-002B_노인사회활동_기관코드,https://apis.data.go.kr/B552474/OdsnCodeInquiryService2/getOdsnOrgCodeInquiryList2
0000393,장성군청,PUB-002B_노인사회활동_기관코드,https://apis.data.go.kr/B552474/OdsnCodeInquiryService2/getOdsnOrgCodeInquiryList2
0001124,아름다운실버영농회,PUB-002B_노인사회활동_기관코드,https://apis.data.go.kr/B552474/OdsnCodeInquiryService2/getOdsnOrgCodeInquiryList2
0002648,정나눔노인복지센터,PUB-002B_노인사회활동_기관코드,https://apis.data.go.kr/B552474/OdsnCodeInquiryService2/getOdsnOrgCodeInquiryList2
0000887,김포시노인종합복지관,PUB-002B_노인사회활동_기관코드,https://apis.data.go.kr/B552474/OdsnCodeInquiryService2/getOdsnOrgCodeInquiryList2
0002331,한국치매협회,PUB-002B_노인사회활동_기관코드,https://apis.data.go.kr/B552474/OdsnCodeInquiryService2/getOdsnOrgCodeInquiryList2
0000902,대한노인회 울산 남구지회,PUB-002B_노인사회활동_기관코드,https://apis.data.go.kr/B552474/OdsnCodeInquiryService2/getOdsnOrgCodeInquiryList2
0002318,보은군청 사회경제과,PUB-002B_노인사회활동_기관코드,https://apis.data.go.kr/B552474/OdsnCodeInquiryService2/getOdsnOrgCodeInquiryList2
0000515,사회복지법인 수효사 효림원,PUB-002B_노인사회활동_기관코드,https://apis.data.go.kr/B552474/OdsnCodeInquiryService2/getOdsnOrgCodeInquiryList2
0000500,대한노인회 충남 공주시지회,PUB-002B_노인사회활동_기관코드,https://apis.data.go.kr/B552474/OdsnCodeInquiryService2/getOdsnOrgCodeInquiryList2
0002633,경남돌봄지원센터,PUB-002B_노인사회활동_기관코드,https://apis.data.go.kr/B552474/OdsnCodeInquiryService2/getOdsnOrgCodeInquiryList2
0001020,대한노인회 서울 성동구지회,PUB-002B_노인사회활동_기관코드,https://apis.data.go.kr/B552474/OdsnCodeInquiryService2/getOdsnOrgCodeInquiryList2
0002779,미아동주민센터,PUB-002B_노인사회활동_기관코드,https://apis.data.go.kr/B552474/OdsnCodeInquiryService2/getOdsnOrgCodeInquiryList2
0002547,노원구 공원녹지과,PUB-002B_노인사회활동_기관코드,https://apis.data.go.kr/B552474/OdsnCodeInquiryService2/getOdsnOrgCodeInquiryList2
0002730,KT IT서포터즈,PUB-002B_노인사회활동_기관코드,https://apis.data.go.kr/B552474/OdsnCodeInquiryService2/getOdsnOrgCodeInquiryList2
0000161,대전서구시니어클럽,PUB-002B_노인사회활동_기관코드,https://apis.data.go.kr/B552474/OdsnCodeInquiryService2/getOdsnOrgCodeInquiryList2
0001141,흑석종합사회복지관,PUB-002B_노인사회활동_기관코드,https://apis.data.go.kr/B552474/OdsnCodeInquiryService2/getOdsnOrgCodeInquiryList2
0001991,사)한국노인복지학교,PUB-002B_노인사회활동_기관코드,https://apis.data.go.kr/B552474/OdsnCodeInquiryService2/getOdsnOrgCodeInquiryList2
0001074,경기북부노인보호전문기관,PUB-002B_노인사회활동_기관코드,https://apis.data.go.kr/B552474/OdsnCodeInquiryService2/getOdsnOrgCodeInquiryList2
0001580,속초반야지역자활센터,PUB-002B_노인사회활동_기관코드,https://apis.data.go.kr/B552474/OdsnCodeInquiryService2/getOdsnOrgCodeInquiryList2
0000103,증평삼보사회복지관,PUB-002B_노인사회활동_기관코드,https://apis.data.go.kr/B552474/OdsnCodeInquiryService2/getOdsnOrgCodeInquiryList2
0000141,예천군노인복지관,PUB-002B_노인사회활동_기관코드,https://apis.data.go.kr/B552474/OdsnCodeInquiryService2/getOdsnOrgCodeInquiryList2
0000718,연희노인여가복지시설,PUB-002B_노인사회활동_기관코드,https://apis.data.go.kr/B552474/OdsnCodeInquiryService2/getOdsnOrgCodeInquiryList2
0000356,예산군청,PUB-002B_노인사회활동_기관코드,https://apis.data.go.kr/B552474/OdsnCodeInquiryService2/getOdsnOrgCodeInquiryList2
0000164,시흥시니어클럽,PUB-002B_노인사회활동_기관코드,https://apis.data.go.kr/B552474/OdsnCodeInquiryService2/getOdsnOrgCodeInquiryList2
0002741,한국농수산식품유통공사 시니어직능클럽,PUB-002B_노인사회활동_기관코드,https://apis.data.go.kr/B552474/OdsnCodeInquiryService2/getOdsnOrgCodeInquiryList2
0001837,정림종합사회복지관,PUB-002B_노인사회활동_기관코드,https://apis.data.go.kr/B552474/OdsnCodeInquiryService2/getOdsnOrgCodeInquiryList2
0000119,서원노인복지관,PUB-002B_노인사회활동_기관코드,https://apis.data.go.kr/B552474/OdsnCodeInquiryService2/getOdsnOrgCodeInquiryList2
0000618,부산영진종합사회복지관,PUB-002B_노인사회활동_기관코드,https://apis.data.go.kr/B552474/OdsnCodeInquiryService2/getOdsnOrgCodeInquiryList2
0001418,(사)한국실버뱅크,PUB-002B_노인사회활동_기관코드,https://apis.data.go.kr/B552474/OdsnCodeInquiryService2/getOdsnOrgCodeInquiryList2
0001841,샬롬노인복지센터,PUB-002B_노인사회활동_기관코드,https://apis.data.go.kr/B552474/OdsnCodeInquiryService2/getOdsnOrgCodeInquiryList2
0000186,대한노인회 울산연합회,PUB-002B_노인사회활동_기관코드,https://apis.data.go.kr/B552474/OdsnCodeInquiryService2/getOdsnOrgCodeInquiryList2
0000203,동대문구청,PUB-002B_노인사회활동_기관코드,https://apis.data.go.kr/B552474/OdsnCodeInquiryService2/getOdsnOrgCodeInquiryList2
0001120,동해시청 가족과,PUB-002B_노인사회활동_기관코드,https://apis.data.go.kr/B552474/OdsnCodeInquiryService2/getOdsnOrgCodeInquiryList2
0000752,청주우암시니어클럽,PUB-002B_노인사회활동_기관코드,https://apis.data.go.kr/B552474/OdsnCodeInquiryService2/getOdsnOrgCodeInquiryList2
0000163,부천시니어클럽,PUB-002B_노인사회활동_기관코드,https://apis.data.go.kr/B552474/OdsnCodeInquiryService2/getOdsnOrgCodeInquiryList2
0000598,부산강서구종합사회복지관,PUB-002B_노인사회활동_기관코드,https://apis.data.go.kr/B552474/OdsnCodeInquiryService2/getOdsnOrgCodeInquiryList2
0000766,대한노인회 전남 나주시지회,PUB-002B_노인사회활동_기관코드,https://apis.data.go.kr/B552474/OdsnCodeInquiryService2/getOdsnOrgCodeInquiryList2
0000117,안골노인복지관,PUB-002B_노인사회활동_기관코드,https://apis.data.go.kr/B552474/OdsnCodeInquiryService2/getOdsnOrgCodeInquiryList2
0000150,관악시니어클럽,PUB-002B_노인사회활동_기관코드,https://apis.data.go.kr/B552474/OdsnCodeInquiryService2/getOdsnOrgCodeInquiryList2
0001090,하담노인복지센터,PUB-002B_노인사회활동_기관코드,https://apis.data.go.kr/B552474/OdsnCodeInquiryService2/getOdsnOrgCodeInquiryList2
0000702,대한노인회 광주 서구지회,PUB-002B_노인사회활동_기관코드,https://apis.data.go.kr/B552474/OdsnCodeInquiryService2/getOdsnOrgCodeInquiryList2
0002026,대한노인회 충남 논산시지회,PUB-002B_노인사회활동_기관코드,https://apis.data.go.kr/B552474/OdsnCodeInquiryService2/getOdsnOrgCodeInquiryList2
0001773,부여군생애설계봉사회,PUB-002B_노인사회활동_기관코드,https://apis.data.go.kr/B552474/OdsnCodeInquiryService2/getOdsnOrgCodeInquiryList2
0001646,의정부시니어클럽,PUB-002B_노인사회활동_기관코드,https://apis.data.go.kr/B552474/OdsnCodeInquiryService2/getOdsnOrgCodeInquiryList2
0000617,백양종합사회복지관,PUB-002B_노인사회활동_기관코드,https://apis.data.go.kr/B552474/OdsnCodeInquiryService2/getOdsnOrgCodeInquiryList2
0000568,대구동구노인주간보호센터,PUB-002B_노인사회활동_기관코드,https://apis.data.go.kr/B552474/OdsnCodeInquiryService2/getOdsnOrgCodeInquiryList2
0002420,해바라기복지요양센터,PUB-002B_노인사회활동_기관코드,https://apis.data.go.kr/B552474/OdsnCodeInquiryService2/getOdsnOrgCodeInquiryList2
0002303,상림재가노인복지센터,PUB-002B_노인사회활동_기관코드,https://apis.data.go.kr/B552474/OdsnCodeInquiryService2/getOdsnOrgCodeInquiryList2
0000279,수원시 노인복지과,PUB-002B_노인사회활동_기관코드,https://apis.data.go.kr/B552474/OdsnCodeInquiryService2/getOdsnOrgCodeInquiryList2
0002835,섬김과나눔회,PUB-002B_노인사회활동_기관코드,https://apis.data.go.kr/B552474/OdsnCodeInquiryService2/getOdsnOrgCodeInquiryList2
0002896,보령시니어클럽,PUB-002B_노인사회활동_기관코드,https://apis.data.go.kr/B552474/OdsnCodeInquiryService2/getOdsnOrgCodeInquiryList2
0000860,대한노인회 충남 서천군지회,PUB-002B_노인사회활동_기관코드,https://apis.data.go.kr/B552474/OdsnCodeInquiryService2/getOdsnOrgCodeInquiryList2
0000144,경산시노인종합복지관,PUB-002B_노인사회활동_기관코드,https://apis.data.go.kr/B552474/OdsnCodeInquiryService2/getOdsnOrgCodeInquiryList2
0000378,나주시청,PUB-002B_노인사회활동_기관코드,https://apis.data.go.kr/B552474/OdsnCodeInquiryService2/getOdsnOrgCodeInquiryList2
0001617,대한노인회 경기 오산시지회,PUB-002B_노인사회활동_기관코드,https://apis.data.go.kr/B552474/OdsnCodeInquiryService2/getOdsnOrgCodeInquiryList2
0000057,도산노인복지관,PUB-002B_노인사회활동_기관코드,https://apis.data.go.kr/B552474/OdsnCodeInquiryService2/getOdsnOrgCodeInquiryList2
0002564,구로구청 공원녹지과,PUB-002B_노인사회활동_기관코드,https://apis.data.go.kr/B552474/OdsnCodeInquiryService2/getOdsnOrgCodeInquiryList2
0000907,화방남해노인통합지원센터,PUB-002B_노인사회활동_기관코드,https://apis.data.go.kr/B552474/OdsnCodeInquiryService2/getOdsnOrgCodeInquiryList2
0002885,보성시니어클럽,PUB-002B_노인사회활동_기관코드,https://apis.data.go.kr/B552474/OdsnCodeInquiryService2/getOdsnOrgCodeInquiryList2
0000122,익산시노인종합복지관,PUB-002B_노인사회활동_기관코드,https://apis.data.go.kr/B552474/OdsnCodeInquiryService2/getOdsnOrgCodeInquiryList2
0001081,대전동구문화원,PUB-002B_노인사회활동_기관코드,https://apis.data.go.kr/B552474/OdsnCodeInquiryService2/getOdsnOrgCodeInquiryList2
0000722,대한노인회 충북 괴산군지회,PUB-002B_노인사회활동_기관코드,https://apis.data.go.kr/B552474/OdsnCodeInquiryService2/getOdsnOrgCodeInquiryList2
0000361,군산시청 복지교육국 경로장애인과,PUB-002B_노인사회활동_기관코드,https://apis.data.go.kr/B552474/OdsnCodeInquiryService2/getOdsnOrgCodeInquiryList2
0000825,대한노인회 충남 홍성군지회,PUB-002B_노인사회활동_기관코드,https://apis.data.go.kr/B552474/OdsnCodeInquiryService2/getOdsnOrgCodeInquiryList2
0000039,부산광역시노인종합복지관,PUB-002B_노인사회활동_기관코드,https://apis.data.go.kr/B552474/OdsnCodeInquiryService2/getOdsnOrgCodeInquiryList2
0001807,토원전통식품&문화마을영농조합법인,PUB-002B_노인사회활동_기관코드,https://apis.data.go.kr/B552474/OdsnCodeInquiryService2/getOdsnOrgCodeInquiryList2
0000870,대한노인회 서울 종로구지회,PUB-002B_노인사회활동_기관코드,https://apis.data.go.kr/B552474/OdsnCodeInquiryService2/getOdsnOrgCodeInquiryList2
0000961,대전노인복지센터,PUB-002B_노인사회활동_기관코드,https://apis.data.go.kr/B552474/OdsnCodeInquiryService2/getOdsnOrgCodeInquiryList2
0001756,등촌4종합사회복지관,PUB-002B_노인사회활동_기관코드,https://apis.data.go.kr/B552474/OdsnCodeInquiryService2/getOdsnOrgCodeInquiryList2
0000081,송산노인종합복지관,PUB-002B_노인사회활동_기관코드,https://apis.data.go.kr/B552474/OdsnCodeInquiryService2/getOdsnOrgCodeInquiryList2
0000861,서천군사회복지협의회,PUB-002B_노인사회활동_기관코드,https://apis.data.go.kr/B552474/OdsnCodeInquiryService2/getOdsnOrgCodeInquiryList2
0002135,지저동사무소,PUB-002B_노인사회활동_기관코드,https://apis.data.go.kr/B552474/OdsnCodeInquiryService2/getOdsnOrgCodeInquiryList2
0000191,대한노인회 전북연합회 ,PUB-002B_노인사회활동_기관코드,https://apis.data.go.kr/B552474/OdsnCodeInquiryService2/getOdsnOrgCodeInquiryList2
0000219,서초구청 밝은미래국 어르신행복과,PUB-002B_노인사회활동_기관코드,https://apis.data.go.kr/B552474/OdsnCodeInquiryService2/getOdsnOrgCodeInquiryList2
0002819,삼척시종합사회복지관,PUB-002B_노인사회활동_기관코드,https://apis.data.go.kr/B552474/OdsnCodeInquiryService2/getOdsnOrgCodeInquiryList2
0000417,예천군청,PUB-002B_노인사회활동_기관코드,https://apis.data.go.kr/B552474/OdsnCodeInquiryService2/getOdsnOrgCodeInquiryList2
0002689,청송효나눔복지센터,PUB-002B_노인사회활동_기관코드,https://apis.data.go.kr/B552474/OdsnCodeInquiryService2/getOdsnOrgCodeInquiryList2
0000549,대한노인회 서울 광진구지회,PUB-002B_노인사회활동_기관코드,https://apis.data.go.kr/B552474/OdsnCodeInquiryService2/getOdsnOrgCodeInquiryList2
0002321,남양노인회,PUB-002B_노인사회활동_기관코드,https://apis.data.go.kr/B552474/OdsnCodeInquiryService2/getOdsnOrgCodeInquiryList2
0000511,대한노인회 대구 서구지회,PUB-002B_노인사회활동_기관코드,https://apis.data.go.kr/B552474/OdsnCodeInquiryService2/getOdsnOrgCodeInquiryList2
0000649,서울 강서구지회 ,PUB-002B_노인사회활동_기관코드,https://apis.data.go.kr/B552474/OdsnCodeInquiryService2/getOdsnOrgCodeInquiryList2
0002421,영월돌봄사회적협동조합,PUB-002B_노인사회활동_기관코드,https://apis.data.go.kr/B552474/OdsnCodeInquiryService2/getOdsnOrgCodeInquiryList2
0000017,양천어르신종합복지관,PUB-002B_노인사회활동_기관코드,https://apis.data.go.kr/B552474/OdsnCodeInquiryService2/getOdsnOrgCodeInquiryList2
0000416,칠곡군청 주민복지과,PUB-002B_노인사회활동_기관코드,https://apis.data.go.kr/B552474/OdsnCodeInquiryService2/getOdsnOrgCodeInquiryList2
0000136,마산종합사회복지관,PUB-002B_노인사회활동_기관코드,https://apis.data.go.kr/B552474/OdsnCodeInquiryService2/getOdsnOrgCodeInquiryList2
0000555,대한노인회 경기 남양주시지회,PUB-002B_노인사회활동_기관코드,https://apis.data.go.kr/B552474/OdsnCodeInquiryService2/getOdsnOrgCodeInquiryList2
0000916,대한노인회 경기 성남시 분당구지회,PUB-002B_노인사회활동_기관코드,https://apis.data.go.kr/B552474/OdsnCodeInquiryService2/getOdsnOrgCodeInquiryList2
0000447,다대종합사회복지관,PUB-002B_노인사회활동_기관코드,https://apis.data.go.kr/B552474/OdsnCodeInquiryService2/getOdsnOrgCodeInquiryList2
0000539,노동과복지를위한포항시민연대,PUB-002B_노인사회활동_기관코드,https://apis.data.go.kr/B552474/OdsnCodeInquiryService2/getOdsnOrgCodeInquiryList2
0000072,수정노인종합복지관,PUB-002B_노인사회활동_기관코드,https://apis.data.go.kr/B552474/OdsnCodeInquiryService2/getOdsnOrgCodeInquiryList2
0002511,한국조폐공사시니어직능클럽,PUB-002B_노인사회활동_기관코드,https://apis.data.go.kr/B552474/OdsnCodeInquiryService2/getOdsnOrgCodeInquiryList2
0002892,한국노인인력개발원,PUB-002B_노인사회활동_기관코드,https://apis.data.go.kr/B552474/OdsnCodeInquiryService2/getOdsnOrgCodeInquiryList2
0002412,서울특별시서부여성발전센터,PUB-002B_노인사회활동_기관코드,https://apis.data.go.kr/B552474/OdsnCodeInquiryService2/getOdsnOrgCodeInquiryList2
0000985,종로종합사회복지관,PUB-002B_노인사회활동_기관코드,https://apis.data.go.kr/B552474/OdsnCodeInquiryService2/getOdsnOrgCodeInquiryList2
0002475,사마리타노인복지센터,PUB-002B_노인사회활동_기관코드,https://apis.data.go.kr/B552474/OdsnCodeInquiryService2/getOdsnOrgCodeInquiryList2
0002736,남해군청 사회복지과,PUB-002B_노인사회활동_기관코드,https://apis.data.go.kr/B552474/OdsnCodeInquiryService2/getOdsnOrgCodeInquiryList2
0000004,강서노인종합복지관,PUB-002B_노인사회활동_기관코드,https://apis.data.go.kr/B552474/OdsnCodeInquiryService2/getOdsnOrgCodeInquiryList2
0000107,충청북도노인종합복지관,PUB-002B_노인사회활동_기관코드,https://apis.data.go.kr/B552474/OdsnCodeInquiryService2/getOdsnOrgCodeInquiryList2
0000871,서구노인종합복지관,PUB-002B_노인사회활동_기관코드,https://apis.data.go.kr/B552474/OdsnCodeInquiryService2/getOdsnOrgCodeInquiryList2
0000007,노원노인종합복지관,PUB-002B_노인사회활동_기관코드,https://apis.data.go.kr/B552474/OdsnCodeInquiryService2/getOdsnOrgCodeInquiryList2
0001577,사)전남여성유권자연맹화순군지회,PUB-002B_노인사회활동_기관코드,https://apis.data.go.kr/B552474/OdsnCodeInquiryService2/getOdsnOrgCodeInquiryList2
0000160,광주북구시니어클럽,PUB-002B_노인사회활동_기관코드,https://apis.data.go.kr/B552474/OdsnCodeInquiryService2/getOdsnOrgCodeInquiryList2
0000100,명락노인종합복지관,PUB-002B_노인사회활동_기관코드,https://apis.data.go.kr/B552474/OdsnCodeInquiryService2/getOdsnOrgCodeInquiryList2
0002804,대한노인회대구수성구지회,PUB-002B_노인사회활동_기관코드,https://apis.data.go.kr/B552474/OdsnCodeInquiryService2/getOdsnOrgCodeInquiryList2
0000845,대한노인회 전남 고흥군지회,PUB-002B_노인사회활동_기관코드,https://apis.data.go.kr/B552474/OdsnCodeInquiryService2/getOdsnOrgCodeInquiryList2
0002830,평화사회복지관,PUB-002B_노인사회활동_기관코드,https://apis.data.go.kr/B552474/OdsnCodeInquiryService2/getOdsnOrgCodeInquiryList2
0000614,청도재가노인지원서비스센터,PUB-002B_노인사회활동_기관코드,https://apis.data.go.kr/B552474/OdsnCodeInquiryService2/getOdsnOrgCodeInquiryList2
0002403,금강종합사회복지관,PUB-002B_노인사회활동_기관코드,https://apis.data.go.kr/B552474/OdsnCodeInquiryService2/getOdsnOrgCodeInquiryList2
0002209,포천시노인복지관,PUB-002B_노인사회활동_기관코드,https://apis.data.go.kr/B552474/OdsnCodeInquiryService2/getOdsnOrgCodeInquiryList2
0001320,대한노인회 경남 의령군지회,PUB-002B_노인사회활동_기관코드,https://apis.data.go.kr/B552474/OdsnCodeInquiryService2/getOdsnOrgCodeInquiryList2
0002911,동구노인종합복지관 분관,PUB-002B_노인사회활동_기관코드,https://apis.data.go.kr/B552474/OdsnCodeInquiryService2/getOdsnOrgCodeInquiryList2
0002680,기장군지회 취업지원센터,PUB-002B_노인사회활동_기관코드,https://apis.data.go.kr/B552474/OdsnCodeInquiryService2/getOdsnOrgCodeInquiryList2
0000054,동구정다운어르신복지관,PUB-002B_노인사회활동_기관코드,https://apis.data.go.kr/B552474/OdsnCodeInquiryService2/getOdsnOrgCodeInquiryList2
0000273,울산 중구청 노인장애인과,PUB-002B_노인사회활동_기관코드,https://apis.data.go.kr/B552474/OdsnCodeInquiryService2/getOdsnOrgCodeInquiryList2
0001077,송파문화원,PUB-002B_노인사회활동_기관코드,https://apis.data.go.kr/B552474/OdsnCodeInquiryService2/getOdsnOrgCodeInquiryList2
0001413,중원노인종합복지관,PUB-002B_노인사회활동_기관코드,https://apis.data.go.kr/B552474/OdsnCodeInquiryService2/getOdsnOrgCodeInquiryList2
0000527,대한노인회 부산 강서구지회,PUB-002B_노인사회활동_기관코드,https://apis.data.go.kr/B552474/OdsnCodeInquiryService2/getOdsnOrgCodeInquiryList2
0000620,거제노인통합지원센터,PUB-002B_노인사회활동_기관코드,https://apis.data.go.kr/B552474/OdsnCodeInquiryService2/getOdsnOrgCodeInquiryList2
0002097,효경재가노인지원센터,PUB-002B_노인사회활동_기관코드,https://apis.data.go.kr/B552474/OdsnCodeInquiryService2/getOdsnOrgCodeInquiryList2
0000060,덕양노인종합복지관,PUB-002B_노인사회활동_기관코드,https://apis.data.go.kr/B552474/OdsnCodeInquiryService2/getOdsnOrgCodeInquiryList2
0002913,연꽃노인복지센터,PUB-002B_노인사회활동_기관코드,https://apis.data.go.kr/B552474/OdsnCodeInquiryService2/getOdsnOrgCodeInquiryList2
0000105,청주시노인종합복지관,PUB-002B_노인사회활동_기관코드,https://apis.data.go.kr/B552474/OdsnCodeInquiryService2/getOdsnOrgCodeInquiryList2
0000496,대한노인회 서울 구로구지회,PUB-002B_노인사회활동_기관코드,https://apis.data.go.kr/B552474/OdsnCodeInquiryService2/getOdsnOrgCodeInquiryList2
0000277,울주군청,PUB-002B_노인사회활동_기관코드,https://apis.data.go.kr/B552474/OdsnCodeInquiryService2/getOdsnOrgCodeInquiryList2
0000052,더불어락노인복지관,PUB-002B_노인사회활동_기관코드,https://apis.data.go.kr/B552474/OdsnCodeInquiryService2/getOdsnOrgCodeInquiryList2
0002439,금강노인문화센터,PUB-002B_노인사회활동_기관코드,https://apis.data.go.kr/B552474/OdsnCodeInquiryService2/getOdsnOrgCodeInquiryList2
0001327,군포시니어클럽,PUB-002B_노인사회활동_기관코드,https://apis.data.go.kr/B552474/OdsnCodeInquiryService2/getOdsnOrgCodeInquiryList2
0002918,서귀포시노인복지관,PUB-002B_노인사회활동_기관코드,https://apis.data.go.kr/B552474/OdsnCodeInquiryService2/getOdsnOrgCodeInquiryList2
0000789,경기 안산단원구지회,PUB-002B_노인사회활동_기관코드,https://apis.data.go.kr/B552474/OdsnCodeInquiryService2/getOdsnOrgCodeInquiryList2
0002356,김제시니어클럽,PUB-002B_노인사회활동_기관코드,https://apis.data.go.kr/B552474/OdsnCodeInquiryService2/getOdsnOrgCodeInquiryList2
0002809,전국시니어노동조합,PUB-002B_노인사회활동_기관코드,https://apis.data.go.kr/B552474/OdsnCodeInquiryService2/getOdsnOrgCodeInquiryList2
0002314,김천시 봉산면,PUB-002B_노인사회활동_기관코드,https://apis.data.go.kr/B552474/OdsnCodeInquiryService2/getOdsnOrgCodeInquiryList2
0002845,봉화군노인복지관,PUB-002B_노인사회활동_기관코드,https://apis.data.go.kr/B552474/OdsnCodeInquiryService2/getOdsnOrgCodeInquiryList2
0001651,단원시니어클럽,PUB-002B_노인사회활동_기관코드,https://apis.data.go.kr/B552474/OdsnCodeInquiryService2/getOdsnOrgCodeInquiryList2
0002662,수유3동주민센터,PUB-002B_노인사회활동_기관코드,https://apis.data.go.kr/B552474/OdsnCodeInquiryService2/getOdsnOrgCodeInquiryList2
0002332,구리시여성노인회관,PUB-002B_노인사회활동_기관코드,https://apis.data.go.kr/B552474/OdsnCodeInquiryService2/getOdsnOrgCodeInquiryList2
0002796,처인구청,PUB-002B_노인사회활동_기관코드,https://apis.data.go.kr/B552474/OdsnCodeInquiryService2/getOdsnOrgCodeInquiryList2
0001025,부산광역시금정청소년수련관,PUB-002B_노인사회활동_기관코드,https://apis.data.go.kr/B552474/OdsnCodeInquiryService2/getOdsnOrgCodeInquiryList2
0002369,가양5종합사회복지관,PUB-002B_노인사회활동_기관코드,https://apis.data.go.kr/B552474/OdsnCodeInquiryService2/getOdsnOrgCodeInquiryList2
0002447,(사)도울인복지회,PUB-002B_노인사회활동_기관코드,https://apis.data.go.kr/B552474/OdsnCodeInquiryService2/getOdsnOrgCodeInquiryList2
0000284,안산시청 복지국 노인복지과,PUB-002B_노인사회활동_기관코드,https://apis.data.go.kr/B552474/OdsnCodeInquiryService2/getOdsnOrgCodeInquiryList2
0002431,성심노인복지센터,PUB-002B_노인사회활동_기관코드,https://apis.data.go.kr/B552474/OdsnCodeInquiryService2/getOdsnOrgCodeInquiryList2
0002562,종로구청 도시녹지과,PUB-002B_노인사회활동_기관코드,https://apis.data.go.kr/B552474/OdsnCodeInquiryService2/getOdsnOrgCodeInquiryList2
0002574,강동구청 푸른도시과,PUB-002B_노인사회활동_기관코드,https://apis.data.go.kr/B552474/OdsnCodeInquiryService2/getOdsnOrgCodeInquiryList2
0002326,강서구 강동동사무소,PUB-002B_노인사회활동_기관코드,https://apis.data.go.kr/B552474/OdsnCodeInquiryService2/getOdsnOrgCodeInquiryList2
0000556,대한노인회 충남 계룡시지회,PUB-002B_노인사회활동_기관코드,https://apis.data.go.kr/B552474/OdsnCodeInquiryService2/getOdsnOrgCodeInquiryList2
0001441,성모자애원 햇빛마을,PUB-002B_노인사회활동_기관코드,https://apis.data.go.kr/B552474/OdsnCodeInquiryService2/getOdsnOrgCodeInquiryList2
0001363,양산시웅상출장소,PUB-002B_노인사회활동_기관코드,https://apis.data.go.kr/B552474/OdsnCodeInquiryService2/getOdsnOrgCodeInquiryList2
0002666,북가좌노인복지관,PUB-002B_노인사회활동_기관코드,https://apis.data.go.kr/B552474/OdsnCodeInquiryService2/getOdsnOrgCodeInquiryList2
0000114,정읍시노인복지관,PUB-002B_노인사회활동_기관코드,https://apis.data.go.kr/B552474/OdsnCodeInquiryService2/getOdsnOrgCodeInquiryList2
0000368,무주군청 사회복지과,PUB-002B_노인사회활동_기관코드,https://apis.data.go.kr/B552474/OdsnCodeInquiryService2/getOdsnOrgCodeInquiryList2
0001178,대한노인회 경기 화성시지회,PUB-002B_노인사회활동_기관코드,https://apis.data.go.kr/B552474/OdsnCodeInquiryService2/getOdsnOrgCodeInquiryList2
0002107,김천시청 행정복지국 사회복지과,PUB-002B_노인사회활동_기관코드,https://apis.data.go.kr/B552474/OdsnCodeInquiryService2/getOdsnOrgCodeInquiryList2
0001342,대한노인회 인천 연수구지회 ,PUB-002B_노인사회활동_기관코드,https://apis.data.go.kr/B552474/OdsnCodeInquiryService2/getOdsnOrgCodeInquiryList2
0001906,대한예수교장로회용문교회,PUB-002B_노인사회활동_기관코드,https://apis.data.go.kr/B552474/OdsnCodeInquiryService2/getOdsnOrgCodeInquiryList2
0000258,강화군청 주민생활지원실,PUB-002B_노인사회활동_기관코드,https://apis.data.go.kr/B552474/OdsnCodeInquiryService2/getOdsnOrgCodeInquiryList2
0000306,동두천시청,PUB-002B_노인사회활동_기관코드,https://apis.data.go.kr/B552474/OdsnCodeInquiryService2/getOdsnOrgCodeInquiryList2
0001771,사단법인금빛복지회,PUB-002B_노인사회활동_기관코드,https://apis.data.go.kr/B552474/OdsnCodeInquiryService2/getOdsnOrgCodeInquiryList2
0001639,재단법인가평군복지재단(가평군노인복지관),PUB-002B_노인사회활동_기관코드,https://apis.data.go.kr/B552474/OdsnCodeInquiryService2/getOdsnOrgCodeInquiryList2
0000872,대한노인회 울산 동구지회,PUB-002B_노인사회활동_기관코드,https://apis.data.go.kr/B552474/OdsnCodeInquiryService2/getOdsnOrgCodeInquiryList2
0000152,도봉시니어클럽,PUB-002B_노인사회활동_기관코드,https://apis.data.go.kr/B552474/OdsnCodeInquiryService2/getOdsnOrgCodeInquiryList2
0001760,성북구도시관리공단,PUB-002B_노인사회활동_기관코드,https://apis.data.go.kr/B552474/OdsnCodeInquiryService2/getOdsnOrgCodeInquiryList2
0002218,남원시니어클럽,PUB-002B_노인사회활동_기관코드,https://apis.data.go.kr/B552474/OdsnCodeInquiryService2/getOdsnOrgCodeInquiryList2
0000012,서대문종합사회복지관,PUB-002B_노인사회활동_기관코드,https://apis.data.go.kr/B552474/OdsnCodeInquiryService2/getOdsnOrgCodeInquiryList2
0001882,사단법인화순군새마을회,PUB-002B_노인사회활동_기관코드,https://apis.data.go.kr/B552474/OdsnCodeInquiryService2/getOdsnOrgCodeInquiryList2
0002075,사회복지법인 평은복지재단 평은노인복지센터,PUB-002B_노인사회활동_기관코드,https://apis.data.go.kr/B552474/OdsnCodeInquiryService2/getOdsnOrgCodeInquiryList2
0000327,고성군청 복지과,PUB-002B_노인사회활동_기관코드,https://apis.data.go.kr/B552474/OdsnCodeInquiryService2/getOdsnOrgCodeInquiryList2
0000737,광산노인복지센터,PUB-002B_노인사회활동_기관코드,https://apis.data.go.kr/B552474/OdsnCodeInquiryService2/getOdsnOrgCodeInquiryList2
0001645,부산북구시니어클럽,PUB-002B_노인사회활동_기관코드,https://apis.data.go.kr/B552474/OdsnCodeInquiryService2/getOdsnOrgCodeInquiryList2
0002242,고성노인통합지원센터,PUB-002B_노인사회활동_기관코드,https://apis.data.go.kr/B552474/OdsnCodeInquiryService2/getOdsnOrgCodeInquiryList2
0002274,연기군자원봉사센터 ,PUB-002B_노인사회활동_기관코드,https://apis.data.go.kr/B552474/OdsnCodeInquiryService2/getOdsnOrgCodeInquiryList2
0001339,기아대책속초지역회,PUB-002B_노인사회활동_기관코드,https://apis.data.go.kr/B552474/OdsnCodeInquiryService2/getOdsnOrgCodeInquiryList2
0001888,공창종합사회복지관,PUB-002B_노인사회활동_기관코드,https://apis.data.go.kr/B552474/OdsnCodeInquiryService2/getOdsnOrgCodeInquiryList2
0002060,하늘향노인복지센터,PUB-002B_노인사회활동_기관코드,https://apis.data.go.kr/B552474/OdsnCodeInquiryService2/getOdsnOrgCodeInquiryList2
0000289,광명시 친환경사업본부 ,PUB-002B_노인사회활동_기관코드,https://apis.data.go.kr/B552474/OdsnCodeInquiryService2/getOdsnOrgCodeInquiryList2
0002473,범물2동,PUB-002B_노인사회활동_기관코드,https://apis.data.go.kr/B552474/OdsnCodeInquiryService2/getOdsnOrgCodeInquiryList2
0001526,계룡시노인복지관,PUB-002B_노인사회활동_기관코드,https://apis.data.go.kr/B552474/OdsnCodeInquiryService2/getOdsnOrgCodeInquiryList2
0000227,영도구청 주민복지국 복지사업과 ,PUB-002B_노인사회활동_기관코드,https://apis.data.go.kr/B552474/OdsnCodeInquiryService2/getOdsnOrgCodeInquiryList2
0002517,부산동구시니어클럽,PUB-002B_노인사회활동_기관코드,https://apis.data.go.kr/B552474/OdsnCodeInquiryService2/getOdsnOrgCodeInquiryList2
0002591,(사)충남벤처협회,PUB-002B_노인사회활동_기관코드,https://apis.data.go.kr/B552474/OdsnCodeInquiryService2/getOdsnOrgCodeInquiryList2
0000259,옹진군청 사회복지과,PUB-002B_노인사회활동_기관코드,https://apis.data.go.kr/B552474/OdsnCodeInquiryService2/getOdsnOrgCodeInquiryList2
0000176,경북경주시니어클럽,PUB-002B_노인사회활동_기관코드,https://apis.data.go.kr/B552474/OdsnCodeInquiryService2/getOdsnOrgCodeInquiryList2
0002759,경주시사회복지협의회,PUB-002B_노인사회활동_기관코드,https://apis.data.go.kr/B552474/OdsnCodeInquiryService2/getOdsnOrgCodeInquiryList2
0000406,문경시청 행정복지국 시니어장애인과,PUB-002B_노인사회활동_기관코드,https://apis.data.go.kr/B552474/OdsnCodeInquiryService2/getOdsnOrgCodeInquiryList2
0002340,포항시시설관리공단,PUB-002B_노인사회활동_기관코드,https://apis.data.go.kr/B552474/OdsnCodeInquiryService2/getOdsnOrgCodeInquiryList2
0002528,마포시니어클럽,PUB-002B_노인사회활동_기관코드,https://apis.data.go.kr/B552474/OdsnCodeInquiryService2/getOdsnOrgCodeInquiryList2
0000721,공릉종합사회복지관,PUB-002B_노인사회활동_기관코드,https://apis.data.go.kr/B552474/OdsnCodeInquiryService2/getOdsnOrgCodeInquiryList2
0001042,대한노인회 경기 광주시지회,PUB-002B_노인사회활동_기관코드,https://apis.data.go.kr/B552474/OdsnCodeInquiryService2/getOdsnOrgCodeInquiryList2
0000709,안양시 만안구청,PUB-002B_노인사회활동_기관코드,https://apis.data.go.kr/B552474/OdsnCodeInquiryService2/getOdsnOrgCodeInquiryList2
0000928,강서노인종합복지관,PUB-002B_노인사회활동_기관코드,https://apis.data.go.kr/B552474/OdsnCodeInquiryService2/getOdsnOrgCodeInquiryList2
0002266,(주)핵교,PUB-002B_노인사회활동_기관코드,https://apis.data.go.kr/B552474/OdsnCodeInquiryService2/getOdsnOrgCodeInquiryList2
0000313,강릉시청 복지민원국 경로장애인과,PUB-002B_노인사회활동_기관코드,https://apis.data.go.kr/B552474/OdsnCodeInquiryService2/getOdsnOrgCodeInquiryList2
0002661,동원종합사회복지관,PUB-002B_노인사회활동_기관코드,https://apis.data.go.kr/B552474/OdsnCodeInquiryService2/getOdsnOrgCodeInquiryList2
0000725,대한노인회 충남 보령시지회,PUB-002B_노인사회활동_기관코드,https://apis.data.go.kr/B552474/OdsnCodeInquiryService2/getOdsnOrgCodeInquiryList2
0000502,대한노인회 전북 전주시지회,PUB-002B_노인사회활동_기관코드,https://apis.data.go.kr/B552474/OdsnCodeInquiryService2/getOdsnOrgCodeInquiryList2
0002187,포항시 북구보건소,PUB-002B_노인사회활동_기관코드,https://apis.data.go.kr/B552474/OdsnCodeInquiryService2/getOdsnOrgCodeInquiryList2
0002550,봄내노인복지센터,PUB-002B_노인사회활동_기관코드,https://apis.data.go.kr/B552474/OdsnCodeInquiryService2/getOdsnOrgCodeInquiryList2
0002887,사회복지법인 호동복지재단,PUB-002B_노인사회활동_기관코드,https://apis.data.go.kr/B552474/OdsnCodeInquiryService2/getOdsnOrgCodeInquiryList2
0002513,칠곡시니어클럽,PUB-002B_노인사회활동_기관코드,https://apis.data.go.kr/B552474/OdsnCodeInquiryService2/getOdsnOrgCodeInquiryList2
0002042,방화11종합사회복지관,PUB-002B_노인사회활동_기관코드,https://apis.data.go.kr/B552474/OdsnCodeInquiryService2/getOdsnOrgCodeInquiryList2
0000256,계양구청 주민복지국 노인장애인복지과,PUB-002B_노인사회활동_기관코드,https://apis.data.go.kr/B552474/OdsnCodeInquiryService2/getOdsnOrgCodeInquiryList2
0001346,목포북교동교회재가노인복지센터,PUB-002B_노인사회활동_기관코드,https://apis.data.go.kr/B552474/OdsnCodeInquiryService2/getOdsnOrgCodeInquiryList2
0000389,영암군청,PUB-002B_노인사회활동_기관코드,https://apis.data.go.kr/B552474/OdsnCodeInquiryService2/getOdsnOrgCodeInquiryList2
0000603,청주상당노인복지관,PUB-002B_노인사회활동_기관코드,https://apis.data.go.kr/B552474/OdsnCodeInquiryService2/getOdsnOrgCodeInquiryList2
0001874,동작이수사회복지관,PUB-002B_노인사회활동_기관코드,https://apis.data.go.kr/B552474/OdsnCodeInquiryService2/getOdsnOrgCodeInquiryList2
0002031,서초구립중앙노인종합복지관,PUB-002B_노인사회활동_기관코드,https://apis.data.go.kr/B552474/OdsnCodeInquiryService2/getOdsnOrgCodeInquiryList2
0001744,고양시 기획재정국 세정과,PUB-002B_노인사회활동_기관코드,https://apis.data.go.kr/B552474/OdsnCodeInquiryService2/getOdsnOrgCodeInquiryList2
0000680,대한노인회 충북 보은군지회,PUB-002B_노인사회활동_기관코드,https://apis.data.go.kr/B552474/OdsnCodeInquiryService2/getOdsnOrgCodeInquiryList2
0002533,더불어숲 노인복지센터,PUB-002B_노인사회활동_기관코드,https://apis.data.go.kr/B552474/OdsnCodeInquiryService2/getOdsnOrgCodeInquiryList2
0001101,평안교회부설노인복지센터,PUB-002B_노인사회활동_기관코드,https://apis.data.go.kr/B552474/OdsnCodeInquiryService2/getOdsnOrgCodeInquiryList2
0002585,정선시니어클럽,PUB-002B_노인사회활동_기관코드,https://apis.data.go.kr/B552474/OdsnCodeInquiryService2/getOdsnOrgCodeInquiryList2
0001879,대전대동종합사회복지관,PUB-002B_노인사회활동_기관코드,https://apis.data.go.kr/B552474/OdsnCodeInquiryService2/getOdsnOrgCodeInquiryList2
0000068,남양주시동부노인복지관,PUB-002B_노인사회활동_기관코드,https://apis.data.go.kr/B552474/OdsnCodeInquiryService2/getOdsnOrgCodeInquiryList2
0002445,금천호암노인종합복지관,PUB-002B_노인사회활동_기관코드,https://apis.data.go.kr/B552474/OdsnCodeInquiryService2/getOdsnOrgCodeInquiryList2
0001484,대한노인회 예천군지회,PUB-002B_노인사회활동_기관코드,https://apis.data.go.kr/B552474/OdsnCodeInquiryService2/getOdsnOrgCodeInquiryList2
0000813,무봉종합사회복지관,PUB-002B_노인사회활동_기관코드,https://apis.data.go.kr/B552474/OdsnCodeInquiryService2/getOdsnOrgCodeInquiryList2
0000723,경주시종합사회복지관,PUB-002B_노인사회활동_기관코드,https://apis.data.go.kr/B552474/OdsnCodeInquiryService2/getOdsnOrgCodeInquiryList2
0001045,순천문화원,PUB-002B_노인사회활동_기관코드,https://apis.data.go.kr/B552474/OdsnCodeInquiryService2/getOdsnOrgCodeInquiryList2
0000948,대한어머니회 노인복지센터,PUB-002B_노인사회활동_기관코드,https://apis.data.go.kr/B552474/OdsnCodeInquiryService2/getOdsnOrgCodeInquiryList2
0000155,대구중구시니어클럽,PUB-002B_노인사회활동_기관코드,https://apis.data.go.kr/B552474/OdsnCodeInquiryService2/getOdsnOrgCodeInquiryList2
0000085,평택북부노인복지관,PUB-002B_노인사회활동_기관코드,https://apis.data.go.kr/B552474/OdsnCodeInquiryService2/getOdsnOrgCodeInquiryList2
0000075,상록구노인복지관,PUB-002B_노인사회활동_기관코드,https://apis.data.go.kr/B552474/OdsnCodeInquiryService2/getOdsnOrgCodeInquiryList2
0001098,대덕문화원,PUB-002B_노인사회활동_기관코드,https://apis.data.go.kr/B552474/OdsnCodeInquiryService2/getOdsnOrgCodeInquiryList2
0001648,거창군 삶의 쉼터,PUB-002B_노인사회활동_기관코드,https://apis.data.go.kr/B552474/OdsnCodeInquiryService2/getOdsnOrgCodeInquiryList2
0000514,대한노인회 광주연합회 취업지원센터,PUB-002B_노인사회활동_기관코드,https://apis.data.go.kr/B552474/OdsnCodeInquiryService2/getOdsnOrgCodeInquiryList2
0000112,아우내은빛복지관,PUB-002B_노인사회활동_기관코드,https://apis.data.go.kr/B552474/OdsnCodeInquiryService2/getOdsnOrgCodeInquiryList2
0002635,사)농촌복지센터(진안노인복지센터),PUB-002B_노인사회활동_기관코드,https://apis.data.go.kr/B552474/OdsnCodeInquiryService2/getOdsnOrgCodeInquiryList2
0000967,영산노인복지센터,PUB-002B_노인사회활동_기관코드,https://apis.data.go.kr/B552474/OdsnCodeInquiryService2/getOdsnOrgCodeInquiryList2
0000971,김해시니어클럽,PUB-002B_노인사회활동_기관코드,https://apis.data.go.kr/B552474/OdsnCodeInquiryService2/getOdsnOrgCodeInquiryList2
0000695,신광노인복지센터,PUB-002B_노인사회활동_기관코드,https://apis.data.go.kr/B552474/OdsnCodeInquiryService2/getOdsnOrgCodeInquiryList2
0000299,안성시청 총무국 사회복지과,PUB-002B_노인사회활동_기관코드,https://apis.data.go.kr/B552474/OdsnCodeInquiryService2/getOdsnOrgCodeInquiryList2
0000762,강남노인종합복지관,PUB-002B_노인사회활동_기관코드,https://apis.data.go.kr/B552474/OdsnCodeInquiryService2/getOdsnOrgCodeInquiryList2
0000879,(사)대한주부클럽연합회 양산시지부,PUB-002B_노인사회활동_기관코드,https://apis.data.go.kr/B552474/OdsnCodeInquiryService2/getOdsnOrgCodeInquiryList2
0000573,대한노인회 전남 완도군지회,PUB-002B_노인사회활동_기관코드,https://apis.data.go.kr/B552474/OdsnCodeInquiryService2/getOdsnOrgCodeInquiryList2
0001460,학산종합사회복지관,PUB-002B_노인사회활동_기관코드,https://apis.data.go.kr/B552474/OdsnCodeInquiryService2/getOdsnOrgCodeInquiryList2
0001382,보은노인복지센터,PUB-002B_노인사회활동_기관코드,https://apis.data.go.kr/B552474/OdsnCodeInquiryService2/getOdsnOrgCodeInquiryList2
0002718,대한노인회 경북 영덕군지회,PUB-002B_노인사회활동_기관코드,https://apis.data.go.kr/B552474/OdsnCodeInquiryService2/getOdsnOrgCodeInquiryList2
0001615,광주노인일자리교육센터,PUB-002B_노인사회활동_기관코드,https://apis.data.go.kr/B552474/OdsnCodeInquiryService2/getOdsnOrgCodeInquiryList2
0002520,하나재가노인통합지원센터,PUB-002B_노인사회활동_기관코드,https://apis.data.go.kr/B552474/OdsnCodeInquiryService2/getOdsnOrgCodeInquiryList2
0000675,자혜재가노인복지시설 가정봉사원 파견센터,PUB-002B_노인사회활동_기관코드,https://apis.data.go.kr/B552474/OdsnCodeInquiryService2/getOdsnOrgCodeInquiryList2
0002305,마산합포노인종합복지관,PUB-002B_노인사회활동_기관코드,https://apis.data.go.kr/B552474/OdsnCodeInquiryService2/getOdsnOrgCodeInquiryList2
0000977,인천남구학산문화원,PUB-002B_노인사회활동_기관코드,https://apis.data.go.kr/B552474/OdsnCodeInquiryService2/getOdsnOrgCodeInquiryList2
0002706,대한노인회 대구 달성군지회,PUB-002B_노인사회활동_기관코드,https://apis.data.go.kr/B552474/OdsnCodeInquiryService2/getOdsnOrgCodeInquiryList2
0002435,구림재가복지센터,PUB-002B_노인사회활동_기관코드,https://apis.data.go.kr/B552474/OdsnCodeInquiryService2/getOdsnOrgCodeInquiryList2
0002785,서서울어르신복지관,PUB-002B_노인사회활동_기관코드,https://apis.data.go.kr/B552474/OdsnCodeInquiryService2/getOdsnOrgCodeInquiryList2
0002822,에너지사랑시니어직능클럽,PUB-002B_노인사회활동_기관코드,https://apis.data.go.kr/B552474/OdsnCodeInquiryService2/getOdsnOrgCodeInquiryList2
0002667,길가온혜명,PUB-002B_노인사회활동_기관코드,https://apis.data.go.kr/B552474/OdsnCodeInquiryService2/getOdsnOrgCodeInquiryList2
0001734,거제시여성인력개발센터,PUB-002B_노인사회활동_기관코드,https://apis.data.go.kr/B552474/OdsnCodeInquiryService2/getOdsnOrgCodeInquiryList2
0001106,합천문화원,PUB-002B_노인사회활동_기관코드,https://apis.data.go.kr/B552474/OdsnCodeInquiryService2/getOdsnOrgCodeInquiryList2
0001901,압구정노인복지관,PUB-002B_노인사회활동_기관코드,https://apis.data.go.kr/B552474/OdsnCodeInquiryService2/getOdsnOrgCodeInquiryList2
0001359,김제문화원,PUB-002B_노인사회활동_기관코드,https://apis.data.go.kr/B552474/OdsnCodeInquiryService2/getOdsnOrgCodeInquiryList2
0001379,청양 노인 복지센터,PUB-002B_노인사회활동_기관코드,https://apis.data.go.kr/B552474/OdsnCodeInquiryService2/getOdsnOrgCodeInquiryList2
0001224,대한노인회 속초시지회,PUB-002B_노인사회활동_기관코드,https://apis.data.go.kr/B552474/OdsnCodeInquiryService2/getOdsnOrgCodeInquiryList2
0001634,강진지역자활센터,PUB-002B_노인사회활동_기관코드,https://apis.data.go.kr/B552474/OdsnCodeInquiryService2/getOdsnOrgCodeInquiryList2
0002182,진도문화원,PUB-002B_노인사회활동_기관코드,https://apis.data.go.kr/B552474/OdsnCodeInquiryService2/getOdsnOrgCodeInquiryList2
0002870,경기여주시지회(X),PUB-002B_노인사회활동_기관코드,https://apis.data.go.kr/B552474/OdsnCodeInquiryService2/getOdsnOrgCodeInquiryList2
0000325,양구군청 사회복지과,PUB-002B_노인사회활동_기관코드,https://apis.data.go.kr/B552474/OdsnCodeInquiryService2/getOdsnOrgCodeInquiryList2
0002287,마들종합사회복지관,PUB-002B_노인사회활동_기관코드,https://apis.data.go.kr/B552474/OdsnCodeInquiryService2/getOdsnOrgCodeInquiryList2
0002113,대한노인회 전북 익산시지회,PUB-002B_노인사회활동_기관코드,https://apis.data.go.kr/B552474/OdsnCodeInquiryService2/getOdsnOrgCodeInquiryList2
0001314,의령노인통합지원센터,PUB-002B_노인사회활동_기관코드,https://apis.data.go.kr/B552474/OdsnCodeInquiryService2/getOdsnOrgCodeInquiryList2
0001891,남양주시니어클럽,PUB-002B_노인사회활동_기관코드,https://apis.data.go.kr/B552474/OdsnCodeInquiryService2/getOdsnOrgCodeInquiryList2
0002207,반포종합사회복지관,PUB-002B_노인사회활동_기관코드,https://apis.data.go.kr/B552474/OdsnCodeInquiryService2/getOdsnOrgCodeInquiryList2
0002188,오수지역아동센터,PUB-002B_노인사회활동_기관코드,https://apis.data.go.kr/B552474/OdsnCodeInquiryService2/getOdsnOrgCodeInquiryList2
0002363,청도군청 주민생활지원과,PUB-002B_노인사회활동_기관코드,https://apis.data.go.kr/B552474/OdsnCodeInquiryService2/getOdsnOrgCodeInquiryList2
0001073,대한노인회 전남 보성군지회,PUB-002B_노인사회활동_기관코드,https://apis.data.go.kr/B552474/OdsnCodeInquiryService2/getOdsnOrgCodeInquiryList2
0001965,경북노인복지문화센터,PUB-002B_노인사회활동_기관코드,https://apis.data.go.kr/B552474/OdsnCodeInquiryService2/getOdsnOrgCodeInquiryList2
0000276,울산 북구청 노인장애인과,PUB-002B_노인사회활동_기관코드,https://apis.data.go.kr/B552474/OdsnCodeInquiryService2/getOdsnOrgCodeInquiryList2
0002252,장수시니어클럽,PUB-002B_노인사회활동_기관코드,https://apis.data.go.kr/B552474/OdsnCodeInquiryService2/getOdsnOrgCodeInquiryList2
0002609,옥천시니어클럽,PUB-002B_노인사회활동_기관코드,https://apis.data.go.kr/B552474/OdsnCodeInquiryService2/getOdsnOrgCodeInquiryList2
0001803,화순군재향군인회,PUB-002B_노인사회활동_기관코드,https://apis.data.go.kr/B552474/OdsnCodeInquiryService2/getOdsnOrgCodeInquiryList2
0002203,평택서부노인복지관,PUB-002B_노인사회활동_기관코드,https://apis.data.go.kr/B552474/OdsnCodeInquiryService2/getOdsnOrgCodeInquiryList2
0000585,만수종합사회복지관,PUB-002B_노인사회활동_기관코드,https://apis.data.go.kr/B552474/OdsnCodeInquiryService2/getOdsnOrgCodeInquiryList2
0002727,사단법인 50플러스 코리안,PUB-002B_노인사회활동_기관코드,https://apis.data.go.kr/B552474/OdsnCodeInquiryService2/getOdsnOrgCodeInquiryList2
0000116,남원사회복지관,PUB-002B_노인사회활동_기관코드,https://apis.data.go.kr/B552474/OdsnCodeInquiryService2/getOdsnOrgCodeInquiryList2
0000026,인천남동구노인복지관,PUB-002B_노인사회활동_기관코드,https://apis.data.go.kr/B552474/OdsnCodeInquiryService2/getOdsnOrgCodeInquiryList2
0001618,전남 장흥보건소,PUB-002B_노인사회활동_기관코드,https://apis.data.go.kr/B552474/OdsnCodeInquiryService2/getOdsnOrgCodeInquiryList2
0001787,속초시해오미작업장,PUB-002B_노인사회활동_기관코드,https://apis.data.go.kr/B552474/OdsnCodeInquiryService2/getOdsnOrgCodeInquiryList2
0001900,CBS보육교사교육원,PUB-002B_노인사회활동_기관코드,https://apis.data.go.kr/B552474/OdsnCodeInquiryService2/getOdsnOrgCodeInquiryList2
0000149,강남시니어클럽,PUB-002B_노인사회활동_기관코드,https://apis.data.go.kr/B552474/OdsnCodeInquiryService2/getOdsnOrgCodeInquiryList2
0000013,서초구립양재노인종합복지관,PUB-002B_노인사회활동_기관코드,https://apis.data.go.kr/B552474/OdsnCodeInquiryService2/getOdsnOrgCodeInquiryList2
0000746,진해자은사회복지관,PUB-002B_노인사회활동_기관코드,https://apis.data.go.kr/B552474/OdsnCodeInquiryService2/getOdsnOrgCodeInquiryList2
0000158,인천계양시니어클럽,PUB-002B_노인사회활동_기관코드,https://apis.data.go.kr/B552474/OdsnCodeInquiryService2/getOdsnOrgCodeInquiryList2
0001071,익산새노인운동본부,PUB-002B_노인사회활동_기관코드,https://apis.data.go.kr/B552474/OdsnCodeInquiryService2/getOdsnOrgCodeInquiryList2
0001904,광명시립소하노인종합복지관,PUB-002B_노인사회활동_기관코드,https://apis.data.go.kr/B552474/OdsnCodeInquiryService2/getOdsnOrgCodeInquiryList2
0001688,영월지역자활센터,PUB-002B_노인사회활동_기관코드,https://apis.data.go.kr/B552474/OdsnCodeInquiryService2/getOdsnOrgCodeInquiryList2
0000089,대한노인회 경기 김포시지회,PUB-002B_노인사회활동_기관코드,https://apis.data.go.kr/B552474/OdsnCodeInquiryService2/getOdsnOrgCodeInquiryList2
0000175,구미시니어클럽,PUB-002B_노인사회활동_기관코드,https://apis.data.go.kr/B552474/OdsnCodeInquiryService2/getOdsnOrgCodeInquiryList2
0002588,환경21연대 전남본부화순지부,PUB-002B_노인사회활동_기관코드,https://apis.data.go.kr/B552474/OdsnCodeInquiryService2/getOdsnOrgCodeInquiryList2
0002223,남구노인복지관,PUB-002B_노인사회활동_기관코드,https://apis.data.go.kr/B552474/OdsnCodeInquiryService2/getOdsnOrgCodeInquiryList2
0002258,서대문구치매안심센터,PUB-002B_노인사회활동_기관코드,https://apis.data.go.kr/B552474/OdsnCodeInquiryService2/getOdsnOrgCodeInquiryList2
0002234,반석종합사회복지관,PUB-002B_노인사회활동_기관코드,https://apis.data.go.kr/B552474/OdsnCodeInquiryService2/getOdsnOrgCodeInquiryList2
0002436,순창실버센터,PUB-002B_노인사회활동_기관코드,https://apis.data.go.kr/B552474/OdsnCodeInquiryService2/getOdsnOrgCodeInquiryList2
0002336,(주)코잡,PUB-002B_노인사회활동_기관코드,https://apis.data.go.kr/B552474/OdsnCodeInquiryService2/getOdsnOrgCodeInquiryList2
0000467,보건복지부,PUB-002B_노인사회활동_기관코드,https://apis.data.go.kr/B552474/OdsnCodeInquiryService2/getOdsnOrgCodeInquiryList2
0002863,철원군지회,PUB-002B_노인사회활동_기관코드,https://apis.data.go.kr/B552474/OdsnCodeInquiryService2/getOdsnOrgCodeInquiryList2
0002673,(사)순천YWCA,PUB-002B_노인사회활동_기관코드,https://apis.data.go.kr/B552474/OdsnCodeInquiryService2/getOdsnOrgCodeInquiryList2
0000130,나주시노인복지관,PUB-002B_노인사회활동_기관코드,https://apis.data.go.kr/B552474/OdsnCodeInquiryService2/getOdsnOrgCodeInquiryList2
0002801,웅상노인복지관,PUB-002B_노인사회활동_기관코드,https://apis.data.go.kr/B552474/OdsnCodeInquiryService2/getOdsnOrgCodeInquiryList2
0002197,포항시 여성문화회관,PUB-002B_노인사회활동_기관코드,https://apis.data.go.kr/B552474/OdsnCodeInquiryService2/getOdsnOrgCodeInquiryList2
0001048,하남시종합사회복지관,PUB-002B_노인사회활동_기관코드,https://apis.data.go.kr/B552474/OdsnCodeInquiryService2/getOdsnOrgCodeInquiryList2
0002481,인천광역시 강화군,PUB-002B_노인사회활동_기관코드,https://apis.data.go.kr/B552474/OdsnCodeInquiryService2/getOdsnOrgCodeInquiryList2
0000560,대한노인회 경기 안성시지회,PUB-002B_노인사회활동_기관코드,https://apis.data.go.kr/B552474/OdsnCodeInquiryService2/getOdsnOrgCodeInquiryList2
0000339,괴산군청 가족행복과,PUB-002B_노인사회활동_기관코드,https://apis.data.go.kr/B552474/OdsnCodeInquiryService2/getOdsnOrgCodeInquiryList2
0000997,청도군주간보호센터,PUB-002B_노인사회활동_기관코드,https://apis.data.go.kr/B552474/OdsnCodeInquiryService2/getOdsnOrgCodeInquiryList2
0002793,논산시시니어클럽,PUB-002B_노인사회활동_기관코드,https://apis.data.go.kr/B552474/OdsnCodeInquiryService2/getOdsnOrgCodeInquiryList2
0002619,연수구청 주민생활지원국 사회복지과,PUB-002B_노인사회활동_기관코드,https://apis.data.go.kr/B552474/OdsnCodeInquiryService2/getOdsnOrgCodeInquiryList2
0001191,정선군시설관리공단,PUB-002B_노인사회활동_기관코드,https://apis.data.go.kr/B552474/OdsnCodeInquiryService2/getOdsnOrgCodeInquiryList2
0002189,울주군청(X),PUB-002B_노인사회활동_기관코드,https://apis.data.go.kr/B552474/OdsnCodeInquiryService2/getOdsnOrgCodeInquiryList2
0000519,대한노인회 전남 곡성군지회,PUB-002B_노인사회활동_기관코드,https://apis.data.go.kr/B552474/OdsnCodeInquiryService2/getOdsnOrgCodeInquiryList2
0000484,서구노인복지관,PUB-002B_노인사회활동_기관코드,https://apis.data.go.kr/B552474/OdsnCodeInquiryService2/getOdsnOrgCodeInquiryList2
0001299,대한노인회 서울 은평구지회,PUB-002B_노인사회활동_기관코드,https://apis.data.go.kr/B552474/OdsnCodeInquiryService2/getOdsnOrgCodeInquiryList2
0001274,세종종합사회복지관,PUB-002B_노인사회활동_기관코드,https://apis.data.go.kr/B552474/OdsnCodeInquiryService2/getOdsnOrgCodeInquiryList2
0000512,대한노인회 경기 수원시 장안구지회,PUB-002B_노인사회활동_기관코드,https://apis.data.go.kr/B552474/OdsnCodeInquiryService2/getOdsnOrgCodeInquiryList2
0000357,태안군청 가족정책과,PUB-002B_노인사회활동_기관코드,https://apis.data.go.kr/B552474/OdsnCodeInquiryService2/getOdsnOrgCodeInquiryList2
0000523,성암노인복지센터,PUB-002B_노인사회활동_기관코드,https://apis.data.go.kr/B552474/OdsnCodeInquiryService2/getOdsnOrgCodeInquiryList2
0001915,(사)서울시니어아카데미,PUB-002B_노인사회활동_기관코드,https://apis.data.go.kr/B552474/OdsnCodeInquiryService2/getOdsnOrgCodeInquiryList2
0001649,속초시니어클럽,PUB-002B_노인사회활동_기관코드,https://apis.data.go.kr/B552474/OdsnCodeInquiryService2/getOdsnOrgCodeInquiryList2
0002015,사)경기도실버자원봉사회,PUB-002B_노인사회활동_기관코드,https://apis.data.go.kr/B552474/OdsnCodeInquiryService2/getOdsnOrgCodeInquiryList2
0000780,내서종합사회복지관,PUB-002B_노인사회활동_기관코드,https://apis.data.go.kr/B552474/OdsnCodeInquiryService2/getOdsnOrgCodeInquiryList2
0002750,구세군강북종합사회복지관,PUB-002B_노인사회활동_기관코드,https://apis.data.go.kr/B552474/OdsnCodeInquiryService2/getOdsnOrgCodeInquiryList2
0000079,의왕시노인복지회관,PUB-002B_노인사회활동_기관코드,https://apis.data.go.kr/B552474/OdsnCodeInquiryService2/getOdsnOrgCodeInquiryList2
0000800,대한노인회 서울 마포구지회,PUB-002B_노인사회활동_기관코드,https://apis.data.go.kr/B552474/OdsnCodeInquiryService2/getOdsnOrgCodeInquiryList2
0001053,가양7종합사회복지관,PUB-002B_노인사회활동_기관코드,https://apis.data.go.kr/B552474/OdsnCodeInquiryService2/getOdsnOrgCodeInquiryList2
0001421,평화종합사회복지관,PUB-002B_노인사회활동_기관코드,https://apis.data.go.kr/B552474/OdsnCodeInquiryService2/getOdsnOrgCodeInquiryList2
0000345,보령시청 행정복지국 경로장애인과,PUB-002B_노인사회활동_기관코드,https://apis.data.go.kr/B552474/OdsnCodeInquiryService2/getOdsnOrgCodeInquiryList2
0001009,가나안노인복지센터,PUB-002B_노인사회활동_기관코드,https://apis.data.go.kr/B552474/OdsnCodeInquiryService2/getOdsnOrgCodeInquiryList2
0000999,수경재가노인돌봄센터,PUB-002B_노인사회활동_기관코드,https://apis.data.go.kr/B552474/OdsnCodeInquiryService2/getOdsnOrgCodeInquiryList2
0002409,영운동주민센터,PUB-002B_노인사회활동_기관코드,https://apis.data.go.kr/B552474/OdsnCodeInquiryService2/getOdsnOrgCodeInquiryList2
0000554,대한노인회 서울 서초구지회,PUB-002B_노인사회활동_기관코드,https://apis.data.go.kr/B552474/OdsnCodeInquiryService2/getOdsnOrgCodeInquiryList2
0002820,예산군시니어클럽,PUB-002B_노인사회활동_기관코드,https://apis.data.go.kr/B552474/OdsnCodeInquiryService2/getOdsnOrgCodeInquiryList2
0000732,대한노인회 광주 동구지회,PUB-002B_노인사회활동_기관코드,https://apis.data.go.kr/B552474/OdsnCodeInquiryService2/getOdsnOrgCodeInquiryList2
0002519,영월군청소년수련관,PUB-002B_노인사회활동_기관코드,https://apis.data.go.kr/B552474/OdsnCodeInquiryService2/getOdsnOrgCodeInquiryList2
0002529,부산수영시니어클럽,PUB-002B_노인사회활동_기관코드,https://apis.data.go.kr/B552474/OdsnCodeInquiryService2/getOdsnOrgCodeInquiryList2
0002660,단양노인복지센터,PUB-002B_노인사회활동_기관코드,https://apis.data.go.kr/B552474/OdsnCodeInquiryService2/getOdsnOrgCodeInquiryList2
0002532,욱일지역아동센터,PUB-002B_노인사회활동_기관코드,https://apis.data.go.kr/B552474/OdsnCodeInquiryService2/getOdsnOrgCodeInquiryList2
0002382,국수교회,PUB-002B_노인사회활동_기관코드,https://apis.data.go.kr/B552474/OdsnCodeInquiryService2/getOdsnOrgCodeInquiryList2
0001345,광주광산시니어클럽,PUB-002B_노인사회활동_기관코드,https://apis.data.go.kr/B552474/OdsnCodeInquiryService2/getOdsnOrgCodeInquiryList2
0001703,서울시립대학교종합사회복지관,PUB-002B_노인사회활동_기관코드,https://apis.data.go.kr/B552474/OdsnCodeInquiryService2/getOdsnOrgCodeInquiryList2
0001349,구미시새마을회,PUB-002B_노인사회활동_기관코드,https://apis.data.go.kr/B552474/OdsnCodeInquiryService2/getOdsnOrgCodeInquiryList2
0000414,고령군청 주민복지과,PUB-002B_노인사회활동_기관코드,https://apis.data.go.kr/B552474/OdsnCodeInquiryService2/getOdsnOrgCodeInquiryList2
0002442,서대문구도시관리공단,PUB-002B_노인사회활동_기관코드,https://apis.data.go.kr/B552474/OdsnCodeInquiryService2/getOdsnOrgCodeInquiryList2
0000177,진해시니어클럽,PUB-002B_노인사회활동_기관코드,https://apis.data.go.kr/B552474/OdsnCodeInquiryService2/getOdsnOrgCodeInquiryList2
0000898,대한노인회 전북 진안군지회,PUB-002B_노인사회활동_기관코드,https://apis.data.go.kr/B552474/OdsnCodeInquiryService2/getOdsnOrgCodeInquiryList2
0000965,청주서원시니어클럽,PUB-002B_노인사회활동_기관코드,https://apis.data.go.kr/B552474/OdsnCodeInquiryService2/getOdsnOrgCodeInquiryList2
0002337,울산광역시내일설계지원센터,PUB-002B_노인사회활동_기관코드,https://apis.data.go.kr/B552474/OdsnCodeInquiryService2/getOdsnOrgCodeInquiryList2
0002469,경북영덕군지회,PUB-002B_노인사회활동_기관코드,https://apis.data.go.kr/B552474/OdsnCodeInquiryService2/getOdsnOrgCodeInquiryList2
0000817,금천구 국공립보육시설연합회,PUB-002B_노인사회활동_기관코드,https://apis.data.go.kr/B552474/OdsnCodeInquiryService2/getOdsnOrgCodeInquiryList2
0002440,구로종합사회복지관,PUB-002B_노인사회활동_기관코드,https://apis.data.go.kr/B552474/OdsnCodeInquiryService2/getOdsnOrgCodeInquiryList2
0002452,복지나눔과평화,PUB-002B_노인사회활동_기관코드,https://apis.data.go.kr/B552474/OdsnCodeInquiryService2/getOdsnOrgCodeInquiryList2
0002370,번오마을종합사회복지관,PUB-002B_노인사회활동_기관코드,https://apis.data.go.kr/B552474/OdsnCodeInquiryService2/getOdsnOrgCodeInquiryList2
0002237,부산진구노인복지관,PUB-002B_노인사회활동_기관코드,https://apis.data.go.kr/B552474/OdsnCodeInquiryService2/getOdsnOrgCodeInquiryList2
0002719,보물단지작은도서관,PUB-002B_노인사회활동_기관코드,https://apis.data.go.kr/B552474/OdsnCodeInquiryService2/getOdsnOrgCodeInquiryList2
0000882,사회복지법인 당진시사회복지협의회,PUB-002B_노인사회활동_기관코드,https://apis.data.go.kr/B552474/OdsnCodeInquiryService2/getOdsnOrgCodeInquiryList2
0002873,화천시니어클럽,PUB-002B_노인사회활동_기관코드,https://apis.data.go.kr/B552474/OdsnCodeInquiryService2/getOdsnOrgCodeInquiryList2
0000621,달서구월배노인복지센터,PUB-002B_노인사회활동_기관코드,https://apis.data.go.kr/B552474/OdsnCodeInquiryService2/getOdsnOrgCodeInquiryList2
0002836,파주시은빛사랑채,PUB-002B_노인사회활동_기관코드,https://apis.data.go.kr/B552474/OdsnCodeInquiryService2/getOdsnOrgCodeInquiryList2
0000729,송광종합사회복지관,PUB-002B_노인사회활동_기관코드,https://apis.data.go.kr/B552474/OdsnCodeInquiryService2/getOdsnOrgCodeInquiryList2
0001109,해병대양평군전우회,PUB-002B_노인사회활동_기관코드,https://apis.data.go.kr/B552474/OdsnCodeInquiryService2/getOdsnOrgCodeInquiryList2
0000850,대한노인회 전남 광양시지회,PUB-002B_노인사회활동_기관코드,https://apis.data.go.kr/B552474/OdsnCodeInquiryService2/getOdsnOrgCodeInquiryList2
0000424,진주시청,PUB-002B_노인사회활동_기관코드,https://apis.data.go.kr/B552474/OdsnCodeInquiryService2/getOdsnOrgCodeInquiryList2
0002343,사당어르신종합복지관,PUB-002B_노인사회활동_기관코드,https://apis.data.go.kr/B552474/OdsnCodeInquiryService2/getOdsnOrgCodeInquiryList2
0000858,제일종합사회복지관,PUB-002B_노인사회활동_기관코드,https://apis.data.go.kr/B552474/OdsnCodeInquiryService2/getOdsnOrgCodeInquiryList2
0000815,성공회행복노인복지센터,PUB-002B_노인사회활동_기관코드,https://apis.data.go.kr/B552474/OdsnCodeInquiryService2/getOdsnOrgCodeInquiryList2
0002763,양평사랑나눔봉사단,PUB-002B_노인사회활동_기관코드,https://apis.data.go.kr/B552474/OdsnCodeInquiryService2/getOdsnOrgCodeInquiryList2
0002684,사단법인 24시 노인상담센터,PUB-002B_노인사회활동_기관코드,https://apis.data.go.kr/B552474/OdsnCodeInquiryService2/getOdsnOrgCodeInquiryList2
0001136,안성실버인력뱅크,PUB-002B_노인사회활동_기관코드,https://apis.data.go.kr/B552474/OdsnCodeInquiryService2/getOdsnOrgCodeInquiryList2
0001050,이서노인복지센터,PUB-002B_노인사회활동_기관코드,https://apis.data.go.kr/B552474/OdsnCodeInquiryService2/getOdsnOrgCodeInquiryList2
0002049,등촌9종합사회복지관,PUB-002B_노인사회활동_기관코드,https://apis.data.go.kr/B552474/OdsnCodeInquiryService2/getOdsnOrgCodeInquiryList2
0002579,창천노인복지센터,PUB-002B_노인사회활동_기관코드,https://apis.data.go.kr/B552474/OdsnCodeInquiryService2/getOdsnOrgCodeInquiryList2
0000287,남양주시 복지국 노인복지과,PUB-002B_노인사회활동_기관코드,https://apis.data.go.kr/B552474/OdsnCodeInquiryService2/getOdsnOrgCodeInquiryList2
0002919,울산남구시니어클럽,PUB-002B_노인사회활동_기관코드,https://apis.data.go.kr/B552474/OdsnCodeInquiryService2/getOdsnOrgCodeInquiryList2
0000577,양평군청 노인복지과,PUB-002B_노인사회활동_기관코드,https://apis.data.go.kr/B552474/OdsnCodeInquiryService2/getOdsnOrgCodeInquiryList2
0002659,영천시장애인종합복지관,PUB-002B_노인사회활동_기관코드,https://apis.data.go.kr/B552474/OdsnCodeInquiryService2/getOdsnOrgCodeInquiryList2
0001019,상리사회복지관,PUB-002B_노인사회활동_기관코드,https://apis.data.go.kr/B552474/OdsnCodeInquiryService2/getOdsnOrgCodeInquiryList2
0000749,(사)나눔과보람복지회,PUB-002B_노인사회활동_기관코드,https://apis.data.go.kr/B552474/OdsnCodeInquiryService2/getOdsnOrgCodeInquiryList2
0000544,용호종합사회복지관,PUB-002B_노인사회활동_기관코드,https://apis.data.go.kr/B552474/OdsnCodeInquiryService2/getOdsnOrgCodeInquiryList2
0002914,금곡종합사회복지관,PUB-002B_노인사회활동_기관코드,https://apis.data.go.kr/B552474/OdsnCodeInquiryService2/getOdsnOrgCodeInquiryList2
0001802,전라북도립장애인종합복지관,PUB-002B_노인사회활동_기관코드,https://apis.data.go.kr/B552474/OdsnCodeInquiryService2/getOdsnOrgCodeInquiryList2
0001553,영광 노인복지센터,PUB-002B_노인사회활동_기관코드,https://apis.data.go.kr/B552474/OdsnCodeInquiryService2/getOdsnOrgCodeInquiryList2
0000937,인천재가노인지원서비스센터,PUB-002B_노인사회활동_기관코드,https://apis.data.go.kr/B552474/OdsnCodeInquiryService2/getOdsnOrgCodeInquiryList2
0001725,(사)전국아파트입주자대표회의연합회광주지부,PUB-002B_노인사회활동_기관코드,https://apis.data.go.kr/B552474/OdsnCodeInquiryService2/getOdsnOrgCodeInquiryList2
0000778,노원1종합사회복지관,PUB-002B_노인사회활동_기관코드,https://apis.data.go.kr/B552474/OdsnCodeInquiryService2/getOdsnOrgCodeInquiryList2
0002748,당진시니어클럽,PUB-002B_노인사회활동_기관코드,https://apis.data.go.kr/B552474/OdsnCodeInquiryService2/getOdsnOrgCodeInquiryList2
0002787,아름다운오후,PUB-002B_노인사회활동_기관코드,https://apis.data.go.kr/B552474/OdsnCodeInquiryService2/getOdsnOrgCodeInquiryList2
0001395,창북노인복지센터,PUB-002B_노인사회활동_기관코드,https://apis.data.go.kr/B552474/OdsnCodeInquiryService2/getOdsnOrgCodeInquiryList2
0001086,대한노인회 충남 부여군지회,PUB-002B_노인사회활동_기관코드,https://apis.data.go.kr/B552474/OdsnCodeInquiryService2/getOdsnOrgCodeInquiryList2
0002508,한국예탁결제원시니어직능클럽,PUB-002B_노인사회활동_기관코드,https://apis.data.go.kr/B552474/OdsnCodeInquiryService2/getOdsnOrgCodeInquiryList2
0000693,금오종합사회복지관,PUB-002B_노인사회활동_기관코드,https://apis.data.go.kr/B552474/OdsnCodeInquiryService2/getOdsnOrgCodeInquiryList2
0001758,횡성시니어클럽,PUB-002B_노인사회활동_기관코드,https://apis.data.go.kr/B552474/OdsnCodeInquiryService2/getOdsnOrgCodeInquiryList2
0001205,사회복지법인 기쁨의복지재단,PUB-002B_노인사회활동_기관코드,https://apis.data.go.kr/B552474/OdsnCodeInquiryService2/getOdsnOrgCodeInquiryList2
0001816,은빛여울그림자인형극단,PUB-002B_노인사회활동_기관코드,https://apis.data.go.kr/B552474/OdsnCodeInquiryService2/getOdsnOrgCodeInquiryList2
0002745,마포서부재가노인복지기관,PUB-002B_노인사회활동_기관코드,https://apis.data.go.kr/B552474/OdsnCodeInquiryService2/getOdsnOrgCodeInquiryList2
0000027,미추홀노인복지관,PUB-002B_노인사회활동_기관코드,https://apis.data.go.kr/B552474/OdsnCodeInquiryService2/getOdsnOrgCodeInquiryList2
0000744,대한불교조계종금산사복지원전주서원시니어클럽,PUB-002B_노인사회활동_기관코드,https://apis.data.go.kr/B552474/OdsnCodeInquiryService2/getOdsnOrgCodeInquiryList2
0000652,경기고양일산동구지회,PUB-002B_노인사회활동_기관코드,https://apis.data.go.kr/B552474/OdsnCodeInquiryService2/getOdsnOrgCodeInquiryList2
0000283,안양시청,PUB-002B_노인사회활동_기관코드,https://apis.data.go.kr/B552474/OdsnCodeInquiryService2/getOdsnOrgCodeInquiryList2
0001440,좋은이웃재가노인통합지원센터,PUB-002B_노인사회활동_기관코드,https://apis.data.go.kr/B552474/OdsnCodeInquiryService2/getOdsnOrgCodeInquiryList2
0001522,평화노인복지센터,PUB-002B_노인사회활동_기관코드,https://apis.data.go.kr/B552474/OdsnCodeInquiryService2/getOdsnOrgCodeInquiryList2
0001680,구립신내노인종합복지관,PUB-002B_노인사회활동_기관코드,https://apis.data.go.kr/B552474/OdsnCodeInquiryService2/getOdsnOrgCodeInquiryList2
0002390,학수정노인복지센터,PUB-002B_노인사회활동_기관코드,https://apis.data.go.kr/B552474/OdsnCodeInquiryService2/getOdsnOrgCodeInquiryList2
0002267,사단법인 온사랑복지회,PUB-002B_노인사회활동_기관코드,https://apis.data.go.kr/B552474/OdsnCodeInquiryService2/getOdsnOrgCodeInquiryList2
0002302,지리산노인통합지원센터,PUB-002B_노인사회활동_기관코드,https://apis.data.go.kr/B552474/OdsnCodeInquiryService2/getOdsnOrgCodeInquiryList2
0000300,하남시청 복지교육국 노인장애인복지과,PUB-002B_노인사회활동_기관코드,https://apis.data.go.kr/B552474/OdsnCodeInquiryService2/getOdsnOrgCodeInquiryList2
0002364,취업지원본부,PUB-002B_노인사회활동_기관코드,https://apis.data.go.kr/B552474/OdsnCodeInquiryService2/getOdsnOrgCodeInquiryList2
0002869,화천시니어클럽,PUB-002B_노인사회활동_기관코드,https://apis.data.go.kr/B552474/OdsnCodeInquiryService2/getOdsnOrgCodeInquiryList2
0001307,대한노인회 부산 부산진구지회,PUB-002B_노인사회활동_기관코드,https://apis.data.go.kr/B552474/OdsnCodeInquiryService2/getOdsnOrgCodeInquiryList2
0002923,남산정종합사회복지관,PUB-002B_노인사회활동_기관코드,https://apis.data.go.kr/B552474/OdsnCodeInquiryService2/getOdsnOrgCodeInquiryList2
0000774,대한노인회 충남 예산군지회,PUB-002B_노인사회활동_기관코드,https://apis.data.go.kr/B552474/OdsnCodeInquiryService2/getOdsnOrgCodeInquiryList2
0001913,부산기장시니어클럽,PUB-002B_노인사회활동_기관코드,https://apis.data.go.kr/B552474/OdsnCodeInquiryService2/getOdsnOrgCodeInquiryList2
0002721,대한노인회 경북 칠곡군지회,PUB-002B_노인사회활동_기관코드,https://apis.data.go.kr/B552474/OdsnCodeInquiryService2/getOdsnOrgCodeInquiryList2
0001746,수영구노인복지관,PUB-002B_노인사회활동_기관코드,https://apis.data.go.kr/B552474/OdsnCodeInquiryService2/getOdsnOrgCodeInquiryList2
0000696,인천재가노인복지센터,PUB-002B_노인사회활동_기관코드,https://apis.data.go.kr/B552474/OdsnCodeInquiryService2/getOdsnOrgCodeInquiryList2
0002468,탑대성동행정복지센터,PUB-002B_노인사회활동_기관코드,https://apis.data.go.kr/B552474/OdsnCodeInquiryService2/getOdsnOrgCodeInquiryList2
0002904,어울림노인복지센터,PUB-002B_노인사회활동_기관코드,https://apis.data.go.kr/B552474/OdsnCodeInquiryService2/getOdsnOrgCodeInquiryList2
0000470,원주시노인종합복지관,PUB-002B_노인사회활동_기관코드,https://apis.data.go.kr/B552474/OdsnCodeInquiryService2/getOdsnOrgCodeInquiryList2
0002232,괴산군노인복지관,PUB-002B_노인사회활동_기관코드,https://apis.data.go.kr/B552474/OdsnCodeInquiryService2/getOdsnOrgCodeInquiryList2
0002627,강서노인복지관,PUB-002B_노인사회활동_기관코드,https://apis.data.go.kr/B552474/OdsnCodeInquiryService2/getOdsnOrgCodeInquiryList2
0000707,남동 장애인 종합복지관,PUB-002B_노인사회활동_기관코드,https://apis.data.go.kr/B552474/OdsnCodeInquiryService2/getOdsnOrgCodeInquiryList2
0001412,하늘마음노인통합지원센터,PUB-002B_노인사회활동_기관코드,https://apis.data.go.kr/B552474/OdsnCodeInquiryService2/getOdsnOrgCodeInquiryList2
0001705,산청한일노인통합지원센터,PUB-002B_노인사회활동_기관코드,https://apis.data.go.kr/B552474/OdsnCodeInquiryService2/getOdsnOrgCodeInquiryList2
0000264,북구청 복지교육국 노인복지과,PUB-002B_노인사회활동_기관코드,https://apis.data.go.kr/B552474/OdsnCodeInquiryService2/getOdsnOrgCodeInquiryList2
0000875,남포노인복지센터,PUB-002B_노인사회활동_기관코드,https://apis.data.go.kr/B552474/OdsnCodeInquiryService2/getOdsnOrgCodeInquiryList2
0001836,중부노인복지관,PUB-002B_노인사회활동_기관코드,https://apis.data.go.kr/B552474/OdsnCodeInquiryService2/getOdsnOrgCodeInquiryList2
0002929,(사)포항YWCA,PUB-002B_노인사회활동_기관코드,https://apis.data.go.kr/B552474/OdsnCodeInquiryService2/getOdsnOrgCodeInquiryList2
0000478,대한노인회 부산 남구지회,PUB-002B_노인사회활동_기관코드,https://apis.data.go.kr/B552474/OdsnCodeInquiryService2/getOdsnOrgCodeInquiryList2
0000297,포천시청 주민생활지원국 복지여성과,PUB-002B_노인사회활동_기관코드,https://apis.data.go.kr/B552474/OdsnCodeInquiryService2/getOdsnOrgCodeInquiryList2
0002611,(주)한덩이,PUB-002B_노인사회활동_기관코드,https://apis.data.go.kr/B552474/OdsnCodeInquiryService2/getOdsnOrgCodeInquiryList2
0001437,약수노인종합복지관,PUB-002B_노인사회활동_기관코드,https://apis.data.go.kr/B552474/OdsnCodeInquiryService2/getOdsnOrgCodeInquiryList2
0001520,쌍봉종합사회복지관,PUB-002B_노인사회활동_기관코드,https://apis.data.go.kr/B552474/OdsnCodeInquiryService2/getOdsnOrgCodeInquiryList2
0000034,인천중구노인복지관,PUB-002B_노인사회활동_기관코드,https://apis.data.go.kr/B552474/OdsnCodeInquiryService2/getOdsnOrgCodeInquiryList2
0002297,서부종합사회복지관,PUB-002B_노인사회활동_기관코드,https://apis.data.go.kr/B552474/OdsnCodeInquiryService2/getOdsnOrgCodeInquiryList2
0002441,증평군노인복지관,PUB-002B_노인사회활동_기관코드,https://apis.data.go.kr/B552474/OdsnCodeInquiryService2/getOdsnOrgCodeInquiryList2
0000314,대한노인회 강원 동해시지회,PUB-002B_노인사회활동_기관코드,https://apis.data.go.kr/B552474/OdsnCodeInquiryService2/getOdsnOrgCodeInquiryList2
0002764,부산강서시니어클럽,PUB-002B_노인사회활동_기관코드,https://apis.data.go.kr/B552474/OdsnCodeInquiryService2/getOdsnOrgCodeInquiryList2
0000226,동구자성대노인복지관,PUB-002B_노인사회활동_기관코드,https://apis.data.go.kr/B552474/OdsnCodeInquiryService2/getOdsnOrgCodeInquiryList2
0002780,온누리행복한집,PUB-002B_노인사회활동_기관코드,https://apis.data.go.kr/B552474/OdsnCodeInquiryService2/getOdsnOrgCodeInquiryList2
0002615,한겨레신문 시니어직능클럽,PUB-002B_노인사회활동_기관코드,https://apis.data.go.kr/B552474/OdsnCodeInquiryService2/getOdsnOrgCodeInquiryList2
0000917,대한은퇴자 협회,PUB-002B_노인사회활동_기관코드,https://apis.data.go.kr/B552474/OdsnCodeInquiryService2/getOdsnOrgCodeInquiryList2
0002838,사회복지법인 대전사랑원서천지부,PUB-002B_노인사회활동_기관코드,https://apis.data.go.kr/B552474/OdsnCodeInquiryService2/getOdsnOrgCodeInquiryList2
0002269,길음종합사회복지관 ,PUB-002B_노인사회활동_기관코드,https://apis.data.go.kr/B552474/OdsnCodeInquiryService2/getOdsnOrgCodeInquiryList2
0002344,사)지체장애인협회화순군지회,PUB-002B_노인사회활동_기관코드,https://apis.data.go.kr/B552474/OdsnCodeInquiryService2/getOdsnOrgCodeInquiryList2
0002286,일산서구보건소,PUB-002B_노인사회활동_기관코드,https://apis.data.go.kr/B552474/OdsnCodeInquiryService2/getOdsnOrgCodeInquiryList2
0002325,완주군 화산면,PUB-002B_노인사회활동_기관코드,https://apis.data.go.kr/B552474/OdsnCodeInquiryService2/getOdsnOrgCodeInquiryList2
0000323,철원군청 주민생활지원실,PUB-002B_노인사회활동_기관코드,https://apis.data.go.kr/B552474/OdsnCodeInquiryService2/getOdsnOrgCodeInquiryList2
0002664,우이동주민센터,PUB-002B_노인사회활동_기관코드,https://apis.data.go.kr/B552474/OdsnCodeInquiryService2/getOdsnOrgCodeInquiryList2
0000915,대한노인회 철원군지회,PUB-002B_노인사회활동_기관코드,https://apis.data.go.kr/B552474/OdsnCodeInquiryService2/getOdsnOrgCodeInquiryList2
0002850,용강노인복지관,PUB-002B_노인사회활동_기관코드,https://apis.data.go.kr/B552474/OdsnCodeInquiryService2/getOdsnOrgCodeInquiryList2
0000834,대한노인회 전북 정읍시지회,PUB-002B_노인사회활동_기관코드,https://apis.data.go.kr/B552474/OdsnCodeInquiryService2/getOdsnOrgCodeInquiryList2
0001523,남동구청 주차관리과,PUB-002B_노인사회활동_기관코드,https://apis.data.go.kr/B552474/OdsnCodeInquiryService2/getOdsnOrgCodeInquiryList2
0001172,안산실버인력뱅크,PUB-002B_노인사회활동_기관코드,https://apis.data.go.kr/B552474/OdsnCodeInquiryService2/getOdsnOrgCodeInquiryList2
0002351,효자손요양서비스,PUB-002B_노인사회활동_기관코드,https://apis.data.go.kr/B552474/OdsnCodeInquiryService2/getOdsnOrgCodeInquiryList2
0002617,영주시니어클럽,PUB-002B_노인사회활동_기관코드,https://apis.data.go.kr/B552474/OdsnCodeInquiryService2/getOdsnOrgCodeInquiryList2
0000964,대한노인회 경남 거창군지회,PUB-002B_노인사회활동_기관코드,https://apis.data.go.kr/B552474/OdsnCodeInquiryService2/getOdsnOrgCodeInquiryList2
0002756,양평행복만들기사회봉사단,PUB-002B_노인사회활동_기관코드,https://apis.data.go.kr/B552474/OdsnCodeInquiryService2/getOdsnOrgCodeInquiryList2
0000688,정선시니어클럽,PUB-002B_노인사회활동_기관코드,https://apis.data.go.kr/B552474/OdsnCodeInquiryService2/getOdsnOrgCodeInquiryList2
0002201,대덕구시니어클럽,PUB-002B_노인사회활동_기관코드,https://apis.data.go.kr/B552474/OdsnCodeInquiryService2/getOdsnOrgCodeInquiryList2
0002175,꽃밭정이노인복지관,PUB-002B_노인사회활동_기관코드,https://apis.data.go.kr/B552474/OdsnCodeInquiryService2/getOdsnOrgCodeInquiryList2
0000182,(사)대한노인회 대구광역시연합회,PUB-002B_노인사회활동_기관코드,https://apis.data.go.kr/B552474/OdsnCodeInquiryService2/getOdsnOrgCodeInquiryList2
0002426,전주시노인취업지원센터,PUB-002B_노인사회활동_기관코드,https://apis.data.go.kr/B552474/OdsnCodeInquiryService2/getOdsnOrgCodeInquiryList2
0002681,정읍시 시기동주민센터,PUB-002B_노인사회활동_기관코드,https://apis.data.go.kr/B552474/OdsnCodeInquiryService2/getOdsnOrgCodeInquiryList2
0002834,마천종합사회복지관,PUB-002B_노인사회활동_기관코드,https://apis.data.go.kr/B552474/OdsnCodeInquiryService2/getOdsnOrgCodeInquiryList2
0000854,정다운노인복지센터,PUB-002B_노인사회활동_기관코드,https://apis.data.go.kr/B552474/OdsnCodeInquiryService2/getOdsnOrgCodeInquiryList2
0000318,홍천군청 행복나눔과,PUB-002B_노인사회활동_기관코드,https://apis.data.go.kr/B552474/OdsnCodeInquiryService2/getOdsnOrgCodeInquiryList2
0002433,웅상종합사회복지관,PUB-002B_노인사회활동_기관코드,https://apis.data.go.kr/B552474/OdsnCodeInquiryService2/getOdsnOrgCodeInquiryList2
0000597,대한노인회 울산 울주군지회,PUB-002B_노인사회활동_기관코드,https://apis.data.go.kr/B552474/OdsnCodeInquiryService2/getOdsnOrgCodeInquiryList2
0002291,포천노인복지센터,PUB-002B_노인사회활동_기관코드,https://apis.data.go.kr/B552474/OdsnCodeInquiryService2/getOdsnOrgCodeInquiryList2
0002178,포항시립도서관,PUB-002B_노인사회활동_기관코드,https://apis.data.go.kr/B552474/OdsnCodeInquiryService2/getOdsnOrgCodeInquiryList2
0001305,진주시니어클럽,PUB-002B_노인사회활동_기관코드,https://apis.data.go.kr/B552474/OdsnCodeInquiryService2/getOdsnOrgCodeInquiryList2
0002653,보은재가노인통합지원센터,PUB-002B_노인사회활동_기관코드,https://apis.data.go.kr/B552474/OdsnCodeInquiryService2/getOdsnOrgCodeInquiryList2
0001046,서산석림사회복지관,PUB-002B_노인사회활동_기관코드,https://apis.data.go.kr/B552474/OdsnCodeInquiryService2/getOdsnOrgCodeInquiryList2
0001829,오치종합사회복지관,PUB-002B_노인사회활동_기관코드,https://apis.data.go.kr/B552474/OdsnCodeInquiryService2/getOdsnOrgCodeInquiryList2
0002693,부민노인복지관,PUB-002B_노인사회활동_기관코드,https://apis.data.go.kr/B552474/OdsnCodeInquiryService2/getOdsnOrgCodeInquiryList2
0002109,사단법인 한국고령사회비전연합회 금천구지회,PUB-002B_노인사회활동_기관코드,https://apis.data.go.kr/B552474/OdsnCodeInquiryService2/getOdsnOrgCodeInquiryList2
0002096,성.미가엘종합사회복지관,PUB-002B_노인사회활동_기관코드,https://apis.data.go.kr/B552474/OdsnCodeInquiryService2/getOdsnOrgCodeInquiryList2
0001432,충주문화원,PUB-002B_노인사회활동_기관코드,https://apis.data.go.kr/B552474/OdsnCodeInquiryService2/getOdsnOrgCodeInquiryList2
0001712,효사랑노인일자리지원센터,PUB-002B_노인사회활동_기관코드,https://apis.data.go.kr/B552474/OdsnCodeInquiryService2/getOdsnOrgCodeInquiryList2
0001885,연천군노인복지관 실버인력뱅크,PUB-002B_노인사회활동_기관코드,https://apis.data.go.kr/B552474/OdsnCodeInquiryService2/getOdsnOrgCodeInquiryList2
0000353,서천군청 인구정책과,PUB-002B_노인사회활동_기관코드,https://apis.data.go.kr/B552474/OdsnCodeInquiryService2/getOdsnOrgCodeInquiryList2
0000483,창포종합사회복지관,PUB-002B_노인사회활동_기관코드,https://apis.data.go.kr/B552474/OdsnCodeInquiryService2/getOdsnOrgCodeInquiryList2
0001575,속초시노인복지관,PUB-002B_노인사회활동_기관코드,https://apis.data.go.kr/B552474/OdsnCodeInquiryService2/getOdsnOrgCodeInquiryList2
0000773,대한노인회 경남 합천군지회,PUB-002B_노인사회활동_기관코드,https://apis.data.go.kr/B552474/OdsnCodeInquiryService2/getOdsnOrgCodeInquiryList2
0001033,고창문화원,PUB-002B_노인사회활동_기관코드,https://apis.data.go.kr/B552474/OdsnCodeInquiryService2/getOdsnOrgCodeInquiryList2
0001701,상록수노인종합복지센터,PUB-002B_노인사회활동_기관코드,https://apis.data.go.kr/B552474/OdsnCodeInquiryService2/getOdsnOrgCodeInquiryList2
0002889,양주시실버인력뱅크,PUB-002B_노인사회활동_기관코드,https://apis.data.go.kr/B552474/OdsnCodeInquiryService2/getOdsnOrgCodeInquiryList2
0002500,송파시니어클럽,PUB-002B_노인사회활동_기관코드,https://apis.data.go.kr/B552474/OdsnCodeInquiryService2/getOdsnOrgCodeInquiryList2
0000802,한국씨니어연합,PUB-002B_노인사회활동_기관코드,https://apis.data.go.kr/B552474/OdsnCodeInquiryService2/getOdsnOrgCodeInquiryList2
0000521,김제제일사회복지관,PUB-002B_노인사회활동_기관코드,https://apis.data.go.kr/B552474/OdsnCodeInquiryService2/getOdsnOrgCodeInquiryList2
0000660,대한노인회 부천시소사구지회,PUB-002B_노인사회활동_기관코드,https://apis.data.go.kr/B552474/OdsnCodeInquiryService2/getOdsnOrgCodeInquiryList2
0001684,마천청소년수련관,PUB-002B_노인사회활동_기관코드,https://apis.data.go.kr/B552474/OdsnCodeInquiryService2/getOdsnOrgCodeInquiryList2
0000086,파주 실버인력뱅크,PUB-002B_노인사회활동_기관코드,https://apis.data.go.kr/B552474/OdsnCodeInquiryService2/getOdsnOrgCodeInquiryList2
0000411,영양군청 주민복지과,PUB-002B_노인사회활동_기관코드,https://apis.data.go.kr/B552474/OdsnCodeInquiryService2/getOdsnOrgCodeInquiryList2
0000924,대한노인회 경기 용인시 처인구지회,PUB-002B_노인사회활동_기관코드,https://apis.data.go.kr/B552474/OdsnCodeInquiryService2/getOdsnOrgCodeInquiryList2
0001677,경주 우리농산물보존연구원,PUB-002B_노인사회활동_기관코드,https://apis.data.go.kr/B552474/OdsnCodeInquiryService2/getOdsnOrgCodeInquiryList2
0000055,대전서구노인복지관,PUB-002B_노인사회활동_기관코드,https://apis.data.go.kr/B552474/OdsnCodeInquiryService2/getOdsnOrgCodeInquiryList2
0000217,동작구청 지역경제과,PUB-002B_노인사회활동_기관코드,https://apis.data.go.kr/B552474/OdsnCodeInquiryService2/getOdsnOrgCodeInquiryList2
0002771,늘푸른복지센터,PUB-002B_노인사회활동_기관코드,https://apis.data.go.kr/B552474/OdsnCodeInquiryService2/getOdsnOrgCodeInquiryList2
0002545,사) 함께하는우리마음,PUB-002B_노인사회활동_기관코드,https://apis.data.go.kr/B552474/OdsnCodeInquiryService2/getOdsnOrgCodeInquiryList2
0000787,대한노인회 서울 강북구지회,PUB-002B_노인사회활동_기관코드,https://apis.data.go.kr/B552474/OdsnCodeInquiryService2/getOdsnOrgCodeInquiryList2
0001055,사단법인 농촌사랑,PUB-002B_노인사회활동_기관코드,https://apis.data.go.kr/B552474/OdsnCodeInquiryService2/getOdsnOrgCodeInquiryList2
0000385,화순군청,PUB-002B_노인사회활동_기관코드,https://apis.data.go.kr/B552474/OdsnCodeInquiryService2/getOdsnOrgCodeInquiryList2
0000681,제천노인복지센터,PUB-002B_노인사회활동_기관코드,https://apis.data.go.kr/B552474/OdsnCodeInquiryService2/getOdsnOrgCodeInquiryList2
0000261,동구청 복지경제국 노인장애인복지과,PUB-002B_노인사회활동_기관코드,https://apis.data.go.kr/B552474/OdsnCodeInquiryService2/getOdsnOrgCodeInquiryList2
0001656,사단법인금강복지회,PUB-002B_노인사회활동_기관코드,https://apis.data.go.kr/B552474/OdsnCodeInquiryService2/getOdsnOrgCodeInquiryList2
0001830,신월종합사회복지관,PUB-002B_노인사회활동_기관코드,https://apis.data.go.kr/B552474/OdsnCodeInquiryService2/getOdsnOrgCodeInquiryList2
0002004,시영종합사회복지관,PUB-002B_노인사회활동_기관코드,https://apis.data.go.kr/B552474/OdsnCodeInquiryService2/getOdsnOrgCodeInquiryList2
0002948,감만종합사회복지관,PUB-002B_노인사회활동_기관코드,https://apis.data.go.kr/B552474/OdsnCodeInquiryService2/getOdsnOrgCodeInquiryList2
0000062,과천시노인복지관,PUB-002B_노인사회활동_기관코드,https://apis.data.go.kr/B552474/OdsnCodeInquiryService2/getOdsnOrgCodeInquiryList2
0001419,세종노인복지센터,PUB-002B_노인사회활동_기관코드,https://apis.data.go.kr/B552474/OdsnCodeInquiryService2/getOdsnOrgCodeInquiryList2
0002257,용현노인문화센터,PUB-002B_노인사회활동_기관코드,https://apis.data.go.kr/B552474/OdsnCodeInquiryService2/getOdsnOrgCodeInquiryList2
0000663,상계종합사회복지관,PUB-002B_노인사회활동_기관코드,https://apis.data.go.kr/B552474/OdsnCodeInquiryService2/getOdsnOrgCodeInquiryList2
0001176,한양가정봉사원파견센터,PUB-002B_노인사회활동_기관코드,https://apis.data.go.kr/B552474/OdsnCodeInquiryService2/getOdsnOrgCodeInquiryList2
0001741,방화2종합사회복지관,PUB-002B_노인사회활동_기관코드,https://apis.data.go.kr/B552474/OdsnCodeInquiryService2/getOdsnOrgCodeInquiryList2
0000540,포항시니어클럽,PUB-002B_노인사회활동_기관코드,https://apis.data.go.kr/B552474/OdsnCodeInquiryService2/getOdsnOrgCodeInquiryList2
0000322,정선군청 복지과,PUB-002B_노인사회활동_기관코드,https://apis.data.go.kr/B552474/OdsnCodeInquiryService2/getOdsnOrgCodeInquiryList2
0000784,밀양시보육시설연합회,PUB-002B_노인사회활동_기관코드,https://apis.data.go.kr/B552474/OdsnCodeInquiryService2/getOdsnOrgCodeInquiryList2
0001029,탕정종합사회복지관,PUB-002B_노인사회활동_기관코드,https://apis.data.go.kr/B552474/OdsnCodeInquiryService2/getOdsnOrgCodeInquiryList2
0001912,김포시니어클럽,PUB-002B_노인사회활동_기관코드,https://apis.data.go.kr/B552474/OdsnCodeInquiryService2/getOdsnOrgCodeInquiryList2
0001221,빛고을노인복지센터,PUB-002B_노인사회활동_기관코드,https://apis.data.go.kr/B552474/OdsnCodeInquiryService2/getOdsnOrgCodeInquiryList2
0002722,대구시 재향 경우회,PUB-002B_노인사회활동_기관코드,https://apis.data.go.kr/B552474/OdsnCodeInquiryService2/getOdsnOrgCodeInquiryList2
0000415,성주군청 가족지원과,PUB-002B_노인사회활동_기관코드,https://apis.data.go.kr/B552474/OdsnCodeInquiryService2/getOdsnOrgCodeInquiryList2
0002712,경북 청송군지회,PUB-002B_노인사회활동_기관코드,https://apis.data.go.kr/B552474/OdsnCodeInquiryService2/getOdsnOrgCodeInquiryList2
0000983,대한노인회 부산 기장군지회,PUB-002B_노인사회활동_기관코드,https://apis.data.go.kr/B552474/OdsnCodeInquiryService2/getOdsnOrgCodeInquiryList2
0000873,대한노인회 충남 청양군지회,PUB-002B_노인사회활동_기관코드,https://apis.data.go.kr/B552474/OdsnCodeInquiryService2/getOdsnOrgCodeInquiryList2
0000135,김해시노인종합복지관,PUB-002B_노인사회활동_기관코드,https://apis.data.go.kr/B552474/OdsnCodeInquiryService2/getOdsnOrgCodeInquiryList2
0002310,영광효사랑노인복지센터,PUB-002B_노인사회활동_기관코드,https://apis.data.go.kr/B552474/OdsnCodeInquiryService2/getOdsnOrgCodeInquiryList2
0002444,믿음의집 병설 밀알재가노인복지센터,PUB-002B_노인사회활동_기관코드,https://apis.data.go.kr/B552474/OdsnCodeInquiryService2/getOdsnOrgCodeInquiryList2
0002893,제천여성새로일하기센터,PUB-002B_노인사회활동_기관코드,https://apis.data.go.kr/B552474/OdsnCodeInquiryService2/getOdsnOrgCodeInquiryList2
0000198,종로구청 어르신복지과,PUB-002B_노인사회활동_기관코드,https://apis.data.go.kr/B552474/OdsnCodeInquiryService2/getOdsnOrgCodeInquiryList2
0001733,은평구립역촌노인복지관,PUB-002B_노인사회활동_기관코드,https://apis.data.go.kr/B552474/OdsnCodeInquiryService2/getOdsnOrgCodeInquiryList2
0001054,운주노인복지센터,PUB-002B_노인사회활동_기관코드,https://apis.data.go.kr/B552474/OdsnCodeInquiryService2/getOdsnOrgCodeInquiryList2
0002054,원주시니어클럽,PUB-002B_노인사회활동_기관코드,https://apis.data.go.kr/B552474/OdsnCodeInquiryService2/getOdsnOrgCodeInquiryList2
0002467,창원시 마산회원구 회성동사무소,PUB-002B_노인사회활동_기관코드,https://apis.data.go.kr/B552474/OdsnCodeInquiryService2/getOdsnOrgCodeInquiryList2
0002582,양천구청 안전재난과,PUB-002B_노인사회활동_기관코드,https://apis.data.go.kr/B552474/OdsnCodeInquiryService2/getOdsnOrgCodeInquiryList2
0000383,고흥군청,PUB-002B_노인사회활동_기관코드,https://apis.data.go.kr/B552474/OdsnCodeInquiryService2/getOdsnOrgCodeInquiryList2
0000791,영주시종합사회복지관,PUB-002B_노인사회활동_기관코드,https://apis.data.go.kr/B552474/OdsnCodeInquiryService2/getOdsnOrgCodeInquiryList2
0000493,진주재가노인통합지원센터,PUB-002B_노인사회활동_기관코드,https://apis.data.go.kr/B552474/OdsnCodeInquiryService2/getOdsnOrgCodeInquiryList2
0000044,동구노인종합복지관,PUB-002B_노인사회활동_기관코드,https://apis.data.go.kr/B552474/OdsnCodeInquiryService2/getOdsnOrgCodeInquiryList2
0000386,장흥군청,PUB-002B_노인사회활동_기관코드,https://apis.data.go.kr/B552474/OdsnCodeInquiryService2/getOdsnOrgCodeInquiryList2
0001099,달성행복노인복지센터,PUB-002B_노인사회활동_기관코드,https://apis.data.go.kr/B552474/OdsnCodeInquiryService2/getOdsnOrgCodeInquiryList2
0000042,어진샘노인종합복지관,PUB-002B_노인사회활동_기관코드,https://apis.data.go.kr/B552474/OdsnCodeInquiryService2/getOdsnOrgCodeInquiryList2
0001227,(사) 대한노인회 김천시지회,PUB-002B_노인사회활동_기관코드,https://apis.data.go.kr/B552474/OdsnCodeInquiryService2/getOdsnOrgCodeInquiryList2
0001567,장수하늘내노인복지센터,PUB-002B_노인사회활동_기관코드,https://apis.data.go.kr/B552474/OdsnCodeInquiryService2/getOdsnOrgCodeInquiryList2
0002669,양구읍사무소,PUB-002B_노인사회활동_기관코드,https://apis.data.go.kr/B552474/OdsnCodeInquiryService2/getOdsnOrgCodeInquiryList2
0001387,부산 해운대구(주민복지평생학습과),PUB-002B_노인사회활동_기관코드,https://apis.data.go.kr/B552474/OdsnCodeInquiryService2/getOdsnOrgCodeInquiryList2
0000064,대한노인회 광명시지회,PUB-002B_노인사회활동_기관코드,https://apis.data.go.kr/B552474/OdsnCodeInquiryService2/getOdsnOrgCodeInquiryList2
0002526,강남구립대치노인복지센터,PUB-002B_노인사회활동_기관코드,https://apis.data.go.kr/B552474/OdsnCodeInquiryService2/getOdsnOrgCodeInquiryList2
0002629,한국자유총연맹화순군지회,PUB-002B_노인사회활동_기관코드,https://apis.data.go.kr/B552474/OdsnCodeInquiryService2/getOdsnOrgCodeInquiryList2
0002744,여민동락공동체,PUB-002B_노인사회활동_기관코드,https://apis.data.go.kr/B552474/OdsnCodeInquiryService2/getOdsnOrgCodeInquiryList2
0001051,서산문화원,PUB-002B_노인사회활동_기관코드,https://apis.data.go.kr/B552474/OdsnCodeInquiryService2/getOdsnOrgCodeInquiryList2
0002805,대한노인회 전북연합회 경로당광역지원센터,PUB-002B_노인사회활동_기관코드,https://apis.data.go.kr/B552474/OdsnCodeInquiryService2/getOdsnOrgCodeInquiryList2
0002720,임실군북부권노인복지관,PUB-002B_노인사회활동_기관코드,https://apis.data.go.kr/B552474/OdsnCodeInquiryService2/getOdsnOrgCodeInquiryList2
0001739,보성군노인복지관,PUB-002B_노인사회활동_기관코드,https://apis.data.go.kr/B552474/OdsnCodeInquiryService2/getOdsnOrgCodeInquiryList2
0000047,남구노인복지관,PUB-002B_노인사회활동_기관코드,https://apis.data.go.kr/B552474/OdsnCodeInquiryService2/getOdsnOrgCodeInquiryList2
0002074,세종지역자활센터,PUB-002B_노인사회활동_기관코드,https://apis.data.go.kr/B552474/OdsnCodeInquiryService2/getOdsnOrgCodeInquiryList2
0000700,부산연제시니어클럽,PUB-002B_노인사회활동_기관코드,https://apis.data.go.kr/B552474/OdsnCodeInquiryService2/getOdsnOrgCodeInquiryList2
0001322,대한노인회 경남 사천시지회,PUB-002B_노인사회활동_기관코드,https://apis.data.go.kr/B552474/OdsnCodeInquiryService2/getOdsnOrgCodeInquiryList2
0001351,당진시남부노인복지관,PUB-002B_노인사회활동_기관코드,https://apis.data.go.kr/B552474/OdsnCodeInquiryService2/getOdsnOrgCodeInquiryList2
0001084,월평종합사회복지관,PUB-002B_노인사회활동_기관코드,https://apis.data.go.kr/B552474/OdsnCodeInquiryService2/getOdsnOrgCodeInquiryList2
0001516,대전광역시노인복지관,PUB-002B_노인사회활동_기관코드,https://apis.data.go.kr/B552474/OdsnCodeInquiryService2/getOdsnOrgCodeInquiryList2
0001541,사회복지법인 해피월드복지재단,PUB-002B_노인사회활동_기관코드,https://apis.data.go.kr/B552474/OdsnCodeInquiryService2/getOdsnOrgCodeInquiryList2
0002701,황금1동주민센터(미사용),PUB-002B_노인사회활동_기관코드,https://apis.data.go.kr/B552474/OdsnCodeInquiryService2/getOdsnOrgCodeInquiryList2
0002379,산청성모노인복지센터,PUB-002B_노인사회활동_기관코드,https://apis.data.go.kr/B552474/OdsnCodeInquiryService2/getOdsnOrgCodeInquiryList2
0002455,서천군노인복지관,PUB-002B_노인사회활동_기관코드,https://apis.data.go.kr/B552474/OdsnCodeInquiryService2/getOdsnOrgCodeInquiryList2
0002901,청양군시니어클럽,PUB-002B_노인사회활동_기관코드,https://apis.data.go.kr/B552474/OdsnCodeInquiryService2/getOdsnOrgCodeInquiryList2
0002733,서울강원,PUB-002B_노인사회활동_기관코드,https://apis.data.go.kr/B552474/OdsnCodeInquiryService2/getOdsnOrgCodeInquiryList2
0001377,공덕의집 노인통합지원센터,PUB-002B_노인사회활동_기관코드,https://apis.data.go.kr/B552474/OdsnCodeInquiryService2/getOdsnOrgCodeInquiryList2
0002916,향기노인복지센터,PUB-002B_노인사회활동_기관코드,https://apis.data.go.kr/B552474/OdsnCodeInquiryService2/getOdsnOrgCodeInquiryList2
0002927,서귀포종합사회복지관,PUB-002B_노인사회활동_기관코드,https://apis.data.go.kr/B552474/OdsnCodeInquiryService2/getOdsnOrgCodeInquiryList2
0001608,동구행복한어르신복지관,PUB-002B_노인사회활동_기관코드,https://apis.data.go.kr/B552474/OdsnCodeInquiryService2/getOdsnOrgCodeInquiryList2
0000202,광진구청복지국 어르신복지과,PUB-002B_노인사회활동_기관코드,https://apis.data.go.kr/B552474/OdsnCodeInquiryService2/getOdsnOrgCodeInquiryList2
0000750,강원 화천군지회,PUB-002B_노인사회활동_기관코드,https://apis.data.go.kr/B552474/OdsnCodeInquiryService2/getOdsnOrgCodeInquiryList2
0000776,금천누리종합사회복지관,PUB-002B_노인사회활동_기관코드,https://apis.data.go.kr/B552474/OdsnCodeInquiryService2/getOdsnOrgCodeInquiryList2
0001603,대한노인회 전남 진도군지회,PUB-002B_노인사회활동_기관코드,https://apis.data.go.kr/B552474/OdsnCodeInquiryService2/getOdsnOrgCodeInquiryList2
0002098,주택관리공단 서울수서관리소,PUB-002B_노인사회활동_기관코드,https://apis.data.go.kr/B552474/OdsnCodeInquiryService2/getOdsnOrgCodeInquiryList2
0000143,김천시노인복지관,PUB-002B_노인사회활동_기관코드,https://apis.data.go.kr/B552474/OdsnCodeInquiryService2/getOdsnOrgCodeInquiryList2
0000006,구로노인종합복지관,PUB-002B_노인사회활동_기관코드,https://apis.data.go.kr/B552474/OdsnCodeInquiryService2/getOdsnOrgCodeInquiryList2
0000251,인천동구청 노인장애인과,PUB-002B_노인사회활동_기관코드,https://apis.data.go.kr/B552474/OdsnCodeInquiryService2/getOdsnOrgCodeInquiryList2
0000267,대전동구청 복지돌봄국 노인장애인과,PUB-002B_노인사회활동_기관코드,https://apis.data.go.kr/B552474/OdsnCodeInquiryService2/getOdsnOrgCodeInquiryList2
0001125,양평군종합사회복지관,PUB-002B_노인사회활동_기관코드,https://apis.data.go.kr/B552474/OdsnCodeInquiryService2/getOdsnOrgCodeInquiryList2
0001303,대한노인회 담양군지회,PUB-002B_노인사회활동_기관코드,https://apis.data.go.kr/B552474/OdsnCodeInquiryService2/getOdsnOrgCodeInquiryList2
0001625,구리시니어클럽,PUB-002B_노인사회활동_기관코드,https://apis.data.go.kr/B552474/OdsnCodeInquiryService2/getOdsnOrgCodeInquiryList2
0000375,목포시청,PUB-002B_노인사회활동_기관코드,https://apis.data.go.kr/B552474/OdsnCodeInquiryService2/getOdsnOrgCodeInquiryList2
0000142,의성노인복지관,PUB-002B_노인사회활동_기관코드,https://apis.data.go.kr/B552474/OdsnCodeInquiryService2/getOdsnOrgCodeInquiryList2
0002514,현민세무회계사무소,PUB-002B_노인사회활동_기관코드,https://apis.data.go.kr/B552474/OdsnCodeInquiryService2/getOdsnOrgCodeInquiryList2
0000031,인천서구노인복지관,PUB-002B_노인사회활동_기관코드,https://apis.data.go.kr/B552474/OdsnCodeInquiryService2/getOdsnOrgCodeInquiryList2
0000237,수영구청 사회산업국 복지서비스과,PUB-002B_노인사회활동_기관코드,https://apis.data.go.kr/B552474/OdsnCodeInquiryService2/getOdsnOrgCodeInquiryList2
0001562,사단법인 우리복지,PUB-002B_노인사회활동_기관코드,https://apis.data.go.kr/B552474/OdsnCodeInquiryService2/getOdsnOrgCodeInquiryList2
0002622,영동군노인복지관,PUB-002B_노인사회활동_기관코드,https://apis.data.go.kr/B552474/OdsnCodeInquiryService2/getOdsnOrgCodeInquiryList2
0002329,전라북도청,PUB-002B_노인사회활동_기관코드,https://apis.data.go.kr/B552474/OdsnCodeInquiryService2/getOdsnOrgCodeInquiryList2
0001676,오산시자원봉사센터(실버인력뱅크),PUB-002B_노인사회활동_기관코드,https://apis.data.go.kr/B552474/OdsnCodeInquiryService2/getOdsnOrgCodeInquiryList2
0001008,가정북구노인복지센터,PUB-002B_노인사회활동_기관코드,https://apis.data.go.kr/B552474/OdsnCodeInquiryService2/getOdsnOrgCodeInquiryList2
0002708,사회복지법인청전,PUB-002B_노인사회활동_기관코드,https://apis.data.go.kr/B552474/OdsnCodeInquiryService2/getOdsnOrgCodeInquiryList2
0000418,봉화군청 주민복지실,PUB-002B_노인사회활동_기관코드,https://apis.data.go.kr/B552474/OdsnCodeInquiryService2/getOdsnOrgCodeInquiryList2
0000185,대한노인회 대전연합회,PUB-002B_노인사회활동_기관코드,https://apis.data.go.kr/B552474/OdsnCodeInquiryService2/getOdsnOrgCodeInquiryList2
0000229,동래구청 복지가족국 노인장애인돌봄과,PUB-002B_노인사회활동_기관코드,https://apis.data.go.kr/B552474/OdsnCodeInquiryService2/getOdsnOrgCodeInquiryList2
0002614,한국정보통신기술사 시니어직능클럽,PUB-002B_노인사회활동_기관코드,https://apis.data.go.kr/B552474/OdsnCodeInquiryService2/getOdsnOrgCodeInquiryList2
0001793,청송시니어클럽,PUB-002B_노인사회활동_기관코드,https://apis.data.go.kr/B552474/OdsnCodeInquiryService2/getOdsnOrgCodeInquiryList2
0000336,영동군청 주민복지과,PUB-002B_노인사회활동_기관코드,https://apis.data.go.kr/B552474/OdsnCodeInquiryService2/getOdsnOrgCodeInquiryList2
0001087,대한노인회 충남 당진시지회,PUB-002B_노인사회활동_기관코드,https://apis.data.go.kr/B552474/OdsnCodeInquiryService2/getOdsnOrgCodeInquiryList2
0002419,정드림노인복지센터,PUB-002B_노인사회활동_기관코드,https://apis.data.go.kr/B552474/OdsnCodeInquiryService2/getOdsnOrgCodeInquiryList2
0002504,무공수훈자회서울특별시서대문구지회,PUB-002B_노인사회활동_기관코드,https://apis.data.go.kr/B552474/OdsnCodeInquiryService2/getOdsnOrgCodeInquiryList2
0002273,인제군재가노인지원센터,PUB-002B_노인사회활동_기관코드,https://apis.data.go.kr/B552474/OdsnCodeInquiryService2/getOdsnOrgCodeInquiryList2
0000008,도봉노인종합복지관,PUB-002B_노인사회활동_기관코드,https://apis.data.go.kr/B552474/OdsnCodeInquiryService2/getOdsnOrgCodeInquiryList2
0002817,태안시니어클럽,PUB-002B_노인사회활동_기관코드,https://apis.data.go.kr/B552474/OdsnCodeInquiryService2/getOdsnOrgCodeInquiryList2
0000818,대한노인회 인천 부평구지회,PUB-002B_노인사회활동_기관코드,https://apis.data.go.kr/B552474/OdsnCodeInquiryService2/getOdsnOrgCodeInquiryList2
0000728,인천광역시노인보호전문기관,PUB-002B_노인사회활동_기관코드,https://apis.data.go.kr/B552474/OdsnCodeInquiryService2/getOdsnOrgCodeInquiryList2
0001942,해운대종합사회복지관,PUB-002B_노인사회활동_기관코드,https://apis.data.go.kr/B552474/OdsnCodeInquiryService2/getOdsnOrgCodeInquiryList2
0002061,한울재가복지센터,PUB-002B_노인사회활동_기관코드,https://apis.data.go.kr/B552474/OdsnCodeInquiryService2/getOdsnOrgCodeInquiryList2
0000666,대한노인회 경남 창녕군지회,PUB-002B_노인사회활동_기관코드,https://apis.data.go.kr/B552474/OdsnCodeInquiryService2/getOdsnOrgCodeInquiryList2
0000244,대구남구청 복지환경국 복지지원과,PUB-002B_노인사회활동_기관코드,https://apis.data.go.kr/B552474/OdsnCodeInquiryService2/getOdsnOrgCodeInquiryList2
0001811,대한노인회 경북 봉화군지회,PUB-002B_노인사회활동_기관코드,https://apis.data.go.kr/B552474/OdsnCodeInquiryService2/getOdsnOrgCodeInquiryList2
0000770,나주종합사회복지관,PUB-002B_노인사회활동_기관코드,https://apis.data.go.kr/B552474/OdsnCodeInquiryService2/getOdsnOrgCodeInquiryList2
0001095,실업극복 안동시민운동본부,PUB-002B_노인사회활동_기관코드,https://apis.data.go.kr/B552474/OdsnCodeInquiryService2/getOdsnOrgCodeInquiryList2
0001177,김포실버인력뱅크,PUB-002B_노인사회활동_기관코드,https://apis.data.go.kr/B552474/OdsnCodeInquiryService2/getOdsnOrgCodeInquiryList2
0000080,의정부노인종합복지관,PUB-002B_노인사회활동_기관코드,https://apis.data.go.kr/B552474/OdsnCodeInquiryService2/getOdsnOrgCodeInquiryList2
0000153,부산서구시니어클럽,PUB-002B_노인사회활동_기관코드,https://apis.data.go.kr/B552474/OdsnCodeInquiryService2/getOdsnOrgCodeInquiryList2
0000901,대한노인회 울산 북구지회,PUB-002B_노인사회활동_기관코드,https://apis.data.go.kr/B552474/OdsnCodeInquiryService2/getOdsnOrgCodeInquiryList2
0002272,서울시종로구재가노인복지기관,PUB-002B_노인사회활동_기관코드,https://apis.data.go.kr/B552474/OdsnCodeInquiryService2/getOdsnOrgCodeInquiryList2
0002367,"신곡노인종합복지관, 흥선노인복지관",PUB-002B_노인사회활동_기관코드,https://apis.data.go.kr/B552474/OdsnCodeInquiryService2/getOdsnOrgCodeInquiryList2
0002434,양양시니어클럽,PUB-002B_노인사회활동_기관코드,https://apis.data.go.kr/B552474/OdsnCodeInquiryService2/getOdsnOrgCodeInquiryList2
0000594,서울 대한노인회 중랑구지회,PUB-002B_노인사회활동_기관코드,https://apis.data.go.kr/B552474/OdsnCodeInquiryService2/getOdsnOrgCodeInquiryList2
0001030,용진노인복지센터,PUB-002B_노인사회활동_기관코드,https://apis.data.go.kr/B552474/OdsnCodeInquiryService2/getOdsnOrgCodeInquiryList2
0000380,담양군청,PUB-002B_노인사회활동_기관코드,https://apis.data.go.kr/B552474/OdsnCodeInquiryService2/getOdsnOrgCodeInquiryList2
0002864,대한노인회 부산 사하구지회,PUB-002B_노인사회활동_기관코드,https://apis.data.go.kr/B552474/OdsnCodeInquiryService2/getOdsnOrgCodeInquiryList2
0001014,효성노인복지센터,PUB-002B_노인사회활동_기관코드,https://apis.data.go.kr/B552474/OdsnCodeInquiryService2/getOdsnOrgCodeInquiryList2
0000699,대한노인회 서울 동대문구지회,PUB-002B_노인사회활동_기관코드,https://apis.data.go.kr/B552474/OdsnCodeInquiryService2/getOdsnOrgCodeInquiryList2
0002843,사회복지법인 호동복지재단,PUB-002B_노인사회활동_기관코드,https://apis.data.go.kr/B552474/OdsnCodeInquiryService2/getOdsnOrgCodeInquiryList2
0002594,사회복지법인 효림원,PUB-002B_노인사회활동_기관코드,https://apis.data.go.kr/B552474/OdsnCodeInquiryService2/getOdsnOrgCodeInquiryList2
0000463,제주특별자치도 노인복지과,PUB-002B_노인사회활동_기관코드,https://apis.data.go.kr/B552474/OdsnCodeInquiryService2/getOdsnOrgCodeInquiryList2
0002908,강서나눔돌봄센터(택배사업),PUB-002B_노인사회활동_기관코드,https://apis.data.go.kr/B552474/OdsnCodeInquiryService2/getOdsnOrgCodeInquiryList2
0000332,제천시청(노인장애인과),PUB-002B_노인사회활동_기관코드,https://apis.data.go.kr/B552474/OdsnCodeInquiryService2/getOdsnOrgCodeInquiryList2
0002479,강원동부노인보호전문기관,PUB-002B_노인사회활동_기관코드,https://apis.data.go.kr/B552474/OdsnCodeInquiryService2/getOdsnOrgCodeInquiryList2
0002575,공원관리사업소,PUB-002B_노인사회활동_기관코드,https://apis.data.go.kr/B552474/OdsnCodeInquiryService2/getOdsnOrgCodeInquiryList2
0001297,푸른연기 21추진협의회,PUB-002B_노인사회활동_기관코드,https://apis.data.go.kr/B552474/OdsnCodeInquiryService2/getOdsnOrgCodeInquiryList2
0000344,공주시청 문화복지국 경로장애인과,PUB-002B_노인사회활동_기관코드,https://apis.data.go.kr/B552474/OdsnCodeInquiryService2/getOdsnOrgCodeInquiryList2
0002546,연제구거제종합사회복지관,PUB-002B_노인사회활동_기관코드,https://apis.data.go.kr/B552474/OdsnCodeInquiryService2/getOdsnOrgCodeInquiryList2
0000347,서산시청 복지문화국 경로장애인과,PUB-002B_노인사회활동_기관코드,https://apis.data.go.kr/B552474/OdsnCodeInquiryService2/getOdsnOrgCodeInquiryList2
0000633,구미 YMCA,PUB-002B_노인사회활동_기관코드,https://apis.data.go.kr/B552474/OdsnCodeInquiryService2/getOdsnOrgCodeInquiryList2
0001586,21세기 여성발전협의회,PUB-002B_노인사회활동_기관코드,https://apis.data.go.kr/B552474/OdsnCodeInquiryService2/getOdsnOrgCodeInquiryList2
0002604,거창시니어클럽,PUB-002B_노인사회활동_기관코드,https://apis.data.go.kr/B552474/OdsnCodeInquiryService2/getOdsnOrgCodeInquiryList2
0001317,단양노인복지관,PUB-002B_노인사회활동_기관코드,https://apis.data.go.kr/B552474/OdsnCodeInquiryService2/getOdsnOrgCodeInquiryList2
0001146,(복)우리모두복지재단 대신노인주간보호센터,PUB-002B_노인사회활동_기관코드,https://apis.data.go.kr/B552474/OdsnCodeInquiryService2/getOdsnOrgCodeInquiryList2
0001319,대구의료원,PUB-002B_노인사회활동_기관코드,https://apis.data.go.kr/B552474/OdsnCodeInquiryService2/getOdsnOrgCodeInquiryList2
0001283,부천실버인력뱅크,PUB-002B_노인사회활동_기관코드,https://apis.data.go.kr/B552474/OdsnCodeInquiryService2/getOdsnOrgCodeInquiryList2
0000390,무안군청,PUB-002B_노인사회활동_기관코드,https://apis.data.go.kr/B552474/OdsnCodeInquiryService2/getOdsnOrgCodeInquiryList2
0000156,대구남구시니어클럽,PUB-002B_노인사회활동_기관코드,https://apis.data.go.kr/B552474/OdsnCodeInquiryService2/getOdsnOrgCodeInquiryList2
0001693,산청복음노인통합지원센터,PUB-002B_노인사회활동_기관코드,https://apis.data.go.kr/B552474/OdsnCodeInquiryService2/getOdsnOrgCodeInquiryList2
0001729,포천시노인복지관 실버인력뱅크,PUB-002B_노인사회활동_기관코드,https://apis.data.go.kr/B552474/OdsnCodeInquiryService2/getOdsnOrgCodeInquiryList2
0002530,남원시노인복지관,PUB-002B_노인사회활동_기관코드,https://apis.data.go.kr/B552474/OdsnCodeInquiryService2/getOdsnOrgCodeInquiryList2
0001023,도울노인복지센터,PUB-002B_노인사회활동_기관코드,https://apis.data.go.kr/B552474/OdsnCodeInquiryService2/getOdsnOrgCodeInquiryList2
0001174,이천시지속가능발전협의회,PUB-002B_노인사회활동_기관코드,https://apis.data.go.kr/B552474/OdsnCodeInquiryService2/getOdsnOrgCodeInquiryList2
0002568,동작구청 공원녹지과,PUB-002B_노인사회활동_기관코드,https://apis.data.go.kr/B552474/OdsnCodeInquiryService2/getOdsnOrgCodeInquiryList2
0000634,대한노인회 부산 북구지회,PUB-002B_노인사회활동_기관코드,https://apis.data.go.kr/B552474/OdsnCodeInquiryService2/getOdsnOrgCodeInquiryList2
0002333,인제군사회복지협의회,PUB-002B_노인사회활동_기관코드,https://apis.data.go.kr/B552474/OdsnCodeInquiryService2/getOdsnOrgCodeInquiryList2
0000713,부산광역시사직종합사회복지관,PUB-002B_노인사회활동_기관코드,https://apis.data.go.kr/B552474/OdsnCodeInquiryService2/getOdsnOrgCodeInquiryList2
0001112,군산여자기독교청년회,PUB-002B_노인사회활동_기관코드,https://apis.data.go.kr/B552474/OdsnCodeInquiryService2/getOdsnOrgCodeInquiryList2
0000435,고성군청 복지지원과,PUB-002B_노인사회활동_기관코드,https://apis.data.go.kr/B552474/OdsnCodeInquiryService2/getOdsnOrgCodeInquiryList2
0002552,강북구 푸른도시과,PUB-002B_노인사회활동_기관코드,https://apis.data.go.kr/B552474/OdsnCodeInquiryService2/getOdsnOrgCodeInquiryList2
0000653,흰돌종합사회복지관,PUB-002B_노인사회활동_기관코드,https://apis.data.go.kr/B552474/OdsnCodeInquiryService2/getOdsnOrgCodeInquiryList2
0002384,목동종합사회복지관,PUB-002B_노인사회활동_기관코드,https://apis.data.go.kr/B552474/OdsnCodeInquiryService2/getOdsnOrgCodeInquiryList2
0000022,강동노인종합복지관,PUB-002B_노인사회활동_기관코드,https://apis.data.go.kr/B552474/OdsnCodeInquiryService2/getOdsnOrgCodeInquiryList2
0002470,무등종합사회복지관,PUB-002B_노인사회활동_기관코드,https://apis.data.go.kr/B552474/OdsnCodeInquiryService2/getOdsnOrgCodeInquiryList2
0000833,해남종합사회복지관,PUB-002B_노인사회활동_기관코드,https://apis.data.go.kr/B552474/OdsnCodeInquiryService2/getOdsnOrgCodeInquiryList2
0001494,대한노인회 진천군지회,PUB-002B_노인사회활동_기관코드,https://apis.data.go.kr/B552474/OdsnCodeInquiryService2/getOdsnOrgCodeInquiryList2
0002260,충청남도노인보호전문기관,PUB-002B_노인사회활동_기관코드,https://apis.data.go.kr/B552474/OdsnCodeInquiryService2/getOdsnOrgCodeInquiryList2
0000574,남동노인복지센터,PUB-002B_노인사회활동_기관코드,https://apis.data.go.kr/B552474/OdsnCodeInquiryService2/getOdsnOrgCodeInquiryList2
0002319,고성군노인복지관,PUB-002B_노인사회활동_기관코드,https://apis.data.go.kr/B552474/OdsnCodeInquiryService2/getOdsnOrgCodeInquiryList2
0002283,대한노인회 경남 남해군지회,PUB-002B_노인사회활동_기관코드,https://apis.data.go.kr/B552474/OdsnCodeInquiryService2/getOdsnOrgCodeInquiryList2
0002448,대한노인회 전남 장성군지회,PUB-002B_노인사회활동_기관코드,https://apis.data.go.kr/B552474/OdsnCodeInquiryService2/getOdsnOrgCodeInquiryList2
0002702,한기장복지재단 임실시니어클럽,PUB-002B_노인사회활동_기관코드,https://apis.data.go.kr/B552474/OdsnCodeInquiryService2/getOdsnOrgCodeInquiryList2
0002858,안성문화원,PUB-002B_노인사회활동_기관코드,https://apis.data.go.kr/B552474/OdsnCodeInquiryService2/getOdsnOrgCodeInquiryList2
0002284,강서구립 봉제산노인복지센터,PUB-002B_노인사회활동_기관코드,https://apis.data.go.kr/B552474/OdsnCodeInquiryService2/getOdsnOrgCodeInquiryList2
0002586,성동구청 공원녹지과,PUB-002B_노인사회활동_기관코드,https://apis.data.go.kr/B552474/OdsnCodeInquiryService2/getOdsnOrgCodeInquiryList2
0002597,마포구청도시환경국공원녹지과,PUB-002B_노인사회활동_기관코드,https://apis.data.go.kr/B552474/OdsnCodeInquiryService2/getOdsnOrgCodeInquiryList2
0001870,방학동어르신복지관,PUB-002B_노인사회활동_기관코드,https://apis.data.go.kr/B552474/OdsnCodeInquiryService2/getOdsnOrgCodeInquiryList2
0002849,단비노인복지센터,PUB-002B_노인사회활동_기관코드,https://apis.data.go.kr/B552474/OdsnCodeInquiryService2/getOdsnOrgCodeInquiryList2
0002630,바르게살기운동화순군협의회,PUB-002B_노인사회활동_기관코드,https://apis.data.go.kr/B552474/OdsnCodeInquiryService2/getOdsnOrgCodeInquiryList2
0002417,흥덕구청,PUB-002B_노인사회활동_기관코드,https://apis.data.go.kr/B552474/OdsnCodeInquiryService2/getOdsnOrgCodeInquiryList2
0002450,능주향교,PUB-002B_노인사회활동_기관코드,https://apis.data.go.kr/B552474/OdsnCodeInquiryService2/getOdsnOrgCodeInquiryList2
0000715,서대문노인종합복지관,PUB-002B_노인사회활동_기관코드,https://apis.data.go.kr/B552474/OdsnCodeInquiryService2/getOdsnOrgCodeInquiryList2
0001089,대구노인전문병원 부설 노인복지센터,PUB-002B_노인사회활동_기관코드,https://apis.data.go.kr/B552474/OdsnCodeInquiryService2/getOdsnOrgCodeInquiryList2
0000024,중랑노인종합복지관,PUB-002B_노인사회활동_기관코드,https://apis.data.go.kr/B552474/OdsnCodeInquiryService2/getOdsnOrgCodeInquiryList2
0000308,가평군청 사회복지과,PUB-002B_노인사회활동_기관코드,https://apis.data.go.kr/B552474/OdsnCodeInquiryService2/getOdsnOrgCodeInquiryList2
0001007,태안노인복지관,PUB-002B_노인사회활동_기관코드,https://apis.data.go.kr/B552474/OdsnCodeInquiryService2/getOdsnOrgCodeInquiryList2
0002399,행복노인복지센터,PUB-002B_노인사회활동_기관코드,https://apis.data.go.kr/B552474/OdsnCodeInquiryService2/getOdsnOrgCodeInquiryList2
0000903,청주청원시니어클럽,PUB-002B_노인사회활동_기관코드,https://apis.data.go.kr/B552474/OdsnCodeInquiryService2/getOdsnOrgCodeInquiryList2
0000711,대한노인회 충북 충주시지회,PUB-002B_노인사회활동_기관코드,https://apis.data.go.kr/B552474/OdsnCodeInquiryService2/getOdsnOrgCodeInquiryList2
0002676,순창군 순창읍사무소,PUB-002B_노인사회활동_기관코드,https://apis.data.go.kr/B552474/OdsnCodeInquiryService2/getOdsnOrgCodeInquiryList2
0000657,(사) 선양복지원,PUB-002B_노인사회활동_기관코드,https://apis.data.go.kr/B552474/OdsnCodeInquiryService2/getOdsnOrgCodeInquiryList2
0002408,율량사천동주민센터,PUB-002B_노인사회활동_기관코드,https://apis.data.go.kr/B552474/OdsnCodeInquiryService2/getOdsnOrgCodeInquiryList2
0000955,함평문화원,PUB-002B_노인사회활동_기관코드,https://apis.data.go.kr/B552474/OdsnCodeInquiryService2/getOdsnOrgCodeInquiryList2
0000128,동여수노인복지관,PUB-002B_노인사회활동_기관코드,https://apis.data.go.kr/B552474/OdsnCodeInquiryService2/getOdsnOrgCodeInquiryList2
0002876,신당종합사회복지관,PUB-002B_노인사회활동_기관코드,https://apis.data.go.kr/B552474/OdsnCodeInquiryService2/getOdsnOrgCodeInquiryList2
0000772,(사)경남시각장애인복지연합회 밀양지회,PUB-002B_노인사회활동_기관코드,https://apis.data.go.kr/B552474/OdsnCodeInquiryService2/getOdsnOrgCodeInquiryList2
0001032,대한노인회 전북 고창군지회,PUB-002B_노인사회활동_기관코드,https://apis.data.go.kr/B552474/OdsnCodeInquiryService2/getOdsnOrgCodeInquiryList2
0002300,서부노인복지관,PUB-002B_노인사회활동_기관코드,https://apis.data.go.kr/B552474/OdsnCodeInquiryService2/getOdsnOrgCodeInquiryList2
0002949,늘청춘하우스 노인복지센터 ,PUB-002B_노인사회활동_기관코드,https://apis.data.go.kr/B552474/OdsnCodeInquiryService2/getOdsnOrgCodeInquiryList2
0001472,동삼종합사회복지관,PUB-002B_노인사회활동_기관코드,https://apis.data.go.kr/B552474/OdsnCodeInquiryService2/getOdsnOrgCodeInquiryList2
0001386,동산노인복지관,PUB-002B_노인사회활동_기관코드,https://apis.data.go.kr/B552474/OdsnCodeInquiryService2/getOdsnOrgCodeInquiryList2
0002524,동두천시노인자살예방센터,PUB-002B_노인사회활동_기관코드,https://apis.data.go.kr/B552474/OdsnCodeInquiryService2/getOdsnOrgCodeInquiryList2
0000461,경상북도 어르신복지과,PUB-002B_노인사회활동_기관코드,https://apis.data.go.kr/B552474/OdsnCodeInquiryService2/getOdsnOrgCodeInquiryList2
0000959,인천주례인클럽,PUB-002B_노인사회활동_기관코드,https://apis.data.go.kr/B552474/OdsnCodeInquiryService2/getOdsnOrgCodeInquiryList2
0000180,대한노인회 서울시 연합회,PUB-002B_노인사회활동_기관코드,https://apis.data.go.kr/B552474/OdsnCodeInquiryService2/getOdsnOrgCodeInquiryList2
0000098,옥천군노인복지관,PUB-002B_노인사회활동_기관코드,https://apis.data.go.kr/B552474/OdsnCodeInquiryService2/getOdsnOrgCodeInquiryList2
0002644,사회복지법인 온맘,PUB-002B_노인사회활동_기관코드,https://apis.data.go.kr/B552474/OdsnCodeInquiryService2/getOdsnOrgCodeInquiryList2
0002265,효능원노인통합지원센터,PUB-002B_노인사회활동_기관코드,https://apis.data.go.kr/B552474/OdsnCodeInquiryService2/getOdsnOrgCodeInquiryList2
0002943,부산장노년일자리지원센터,PUB-002B_노인사회활동_기관코드,https://apis.data.go.kr/B552474/OdsnCodeInquiryService2/getOdsnOrgCodeInquiryList2
0002723,코레일시니어직능클럽,PUB-002B_노인사회활동_기관코드,https://apis.data.go.kr/B552474/OdsnCodeInquiryService2/getOdsnOrgCodeInquiryList2
0001181,목포자원봉사자협의회,PUB-002B_노인사회활동_기관코드,https://apis.data.go.kr/B552474/OdsnCodeInquiryService2/getOdsnOrgCodeInquiryList2
0000627,대구남구종합사회복지관,PUB-002B_노인사회활동_기관코드,https://apis.data.go.kr/B552474/OdsnCodeInquiryService2/getOdsnOrgCodeInquiryList2
0002631,(중단),PUB-002B_노인사회활동_기관코드,https://apis.data.go.kr/B552474/OdsnCodeInquiryService2/getOdsnOrgCodeInquiryList2
0001447,부산 해운대구(자원순환과),PUB-002B_노인사회활동_기관코드,https://apis.data.go.kr/B552474/OdsnCodeInquiryService2/getOdsnOrgCodeInquiryList2
0001369,국민연금공단 서대구지사,PUB-002B_노인사회활동_기관코드,https://apis.data.go.kr/B552474/OdsnCodeInquiryService2/getOdsnOrgCodeInquiryList2
0000049,북구노인종합복지관,PUB-002B_노인사회활동_기관코드,https://apis.data.go.kr/B552474/OdsnCodeInquiryService2/getOdsnOrgCodeInquiryList2
0002058,효자의집재가복지센터,PUB-002B_노인사회활동_기관코드,https://apis.data.go.kr/B552474/OdsnCodeInquiryService2/getOdsnOrgCodeInquiryList2
0000355,홍성군청 가정행복과,PUB-002B_노인사회활동_기관코드,https://apis.data.go.kr/B552474/OdsnCodeInquiryService2/getOdsnOrgCodeInquiryList2
0000290,시흥시청 노인복지과,PUB-002B_노인사회활동_기관코드,https://apis.data.go.kr/B552474/OdsnCodeInquiryService2/getOdsnOrgCodeInquiryList2
0000204,중랑구청 생활복지국 어르신복지과,PUB-002B_노인사회활동_기관코드,https://apis.data.go.kr/B552474/OdsnCodeInquiryService2/getOdsnOrgCodeInquiryList2
0000231,부산북구청 주민복지과,PUB-002B_노인사회활동_기관코드,https://apis.data.go.kr/B552474/OdsnCodeInquiryService2/getOdsnOrgCodeInquiryList2
0000125,하당노인복지관,PUB-002B_노인사회활동_기관코드,https://apis.data.go.kr/B552474/OdsnCodeInquiryService2/getOdsnOrgCodeInquiryList2
0000403,영주시청 문화복지국 노인장애인과,PUB-002B_노인사회활동_기관코드,https://apis.data.go.kr/B552474/OdsnCodeInquiryService2/getOdsnOrgCodeInquiryList2
0000942,금빛노인복지센터,PUB-002B_노인사회활동_기관코드,https://apis.data.go.kr/B552474/OdsnCodeInquiryService2/getOdsnOrgCodeInquiryList2
0002823,사회복지법인 평은복지재단,PUB-002B_노인사회활동_기관코드,https://apis.data.go.kr/B552474/OdsnCodeInquiryService2/getOdsnOrgCodeInquiryList2
0000295,구리시청 복지문화국 노인장애인복지과,PUB-002B_노인사회활동_기관코드,https://apis.data.go.kr/B552474/OdsnCodeInquiryService2/getOdsnOrgCodeInquiryList2
0000790,임실원광노인복지센터,PUB-002B_노인사회활동_기관코드,https://apis.data.go.kr/B552474/OdsnCodeInquiryService2/getOdsnOrgCodeInquiryList2
0001271,(사)대한노인회하남시지회,PUB-002B_노인사회활동_기관코드,https://apis.data.go.kr/B552474/OdsnCodeInquiryService2/getOdsnOrgCodeInquiryList2
0001604,진도군노인복지관,PUB-002B_노인사회활동_기관코드,https://apis.data.go.kr/B552474/OdsnCodeInquiryService2/getOdsnOrgCodeInquiryList2
0000362,익산시 복지국 노인복지과,PUB-002B_노인사회활동_기관코드,https://apis.data.go.kr/B552474/OdsnCodeInquiryService2/getOdsnOrgCodeInquiryList2
0000170,전북익산시니어클럽,PUB-002B_노인사회활동_기관코드,https://apis.data.go.kr/B552474/OdsnCodeInquiryService2/getOdsnOrgCodeInquiryList2
0000214,구로구청 복지지원국 어르신복지과,PUB-002B_노인사회활동_기관코드,https://apis.data.go.kr/B552474/OdsnCodeInquiryService2/getOdsnOrgCodeInquiryList2
0000095,춘천동부노인복지관,PUB-002B_노인사회활동_기관코드,https://apis.data.go.kr/B552474/OdsnCodeInquiryService2/getOdsnOrgCodeInquiryList2
0001775,성언의집 노인복지센터,PUB-002B_노인사회활동_기관코드,https://apis.data.go.kr/B552474/OdsnCodeInquiryService2/getOdsnOrgCodeInquiryList2
0002038,(사회복지법인) 낙산사 복지재단,PUB-002B_노인사회활동_기관코드,https://apis.data.go.kr/B552474/OdsnCodeInquiryService2/getOdsnOrgCodeInquiryList2
0001766,계양구다문화가족지원센터,PUB-002B_노인사회활동_기관코드,https://apis.data.go.kr/B552474/OdsnCodeInquiryService2/getOdsnOrgCodeInquiryList2
0002387,대전광역시시설관리공단 장묘관리사업소,PUB-002B_노인사회활동_기관코드,https://apis.data.go.kr/B552474/OdsnCodeInquiryService2/getOdsnOrgCodeInquiryList2
0002263,효도본부,PUB-002B_노인사회활동_기관코드,https://apis.data.go.kr/B552474/OdsnCodeInquiryService2/getOdsnOrgCodeInquiryList2
0001612,경주문화원,PUB-002B_노인사회활동_기관코드,https://apis.data.go.kr/B552474/OdsnCodeInquiryService2/getOdsnOrgCodeInquiryList2
0002311,진도민속문화예술단,PUB-002B_노인사회활동_기관코드,https://apis.data.go.kr/B552474/OdsnCodeInquiryService2/getOdsnOrgCodeInquiryList2
0001006,선린종합사회복지관,PUB-002B_노인사회활동_기관코드,https://apis.data.go.kr/B552474/OdsnCodeInquiryService2/getOdsnOrgCodeInquiryList2
0001853,YWCA은학의 집,PUB-002B_노인사회활동_기관코드,https://apis.data.go.kr/B552474/OdsnCodeInquiryService2/getOdsnOrgCodeInquiryList2
0002202,달성군노인복지관,PUB-002B_노인사회활동_기관코드,https://apis.data.go.kr/B552474/OdsnCodeInquiryService2/getOdsnOrgCodeInquiryList2
0002554,중구 공원녹지과,PUB-002B_노인사회활동_기관코드,https://apis.data.go.kr/B552474/OdsnCodeInquiryService2/getOdsnOrgCodeInquiryList2
0001000,사단법인 더불어사는사회,PUB-002B_노인사회활동_기관코드,https://apis.data.go.kr/B552474/OdsnCodeInquiryService2/getOdsnOrgCodeInquiryList2
0001015,대한노인회 대구 북구지회,PUB-002B_노인사회활동_기관코드,https://apis.data.go.kr/B552474/OdsnCodeInquiryService2/getOdsnOrgCodeInquiryList2
0000714,등촌1종합사회복지관,PUB-002B_노인사회활동_기관코드,https://apis.data.go.kr/B552474/OdsnCodeInquiryService2/getOdsnOrgCodeInquiryList2
0002359,주)에콕시,PUB-002B_노인사회활동_기관코드,https://apis.data.go.kr/B552474/OdsnCodeInquiryService2/getOdsnOrgCodeInquiryList2
0002767,초록노인복지센터,PUB-002B_노인사회활동_기관코드,https://apis.data.go.kr/B552474/OdsnCodeInquiryService2/getOdsnOrgCodeInquiryList2
0002549,서초구청 공원녹지과,PUB-002B_노인사회활동_기관코드,https://apis.data.go.kr/B552474/OdsnCodeInquiryService2/getOdsnOrgCodeInquiryList2
0002566,도시관리국 공원녹지과,PUB-002B_노인사회활동_기관코드,https://apis.data.go.kr/B552474/OdsnCodeInquiryService2/getOdsnOrgCodeInquiryList2
0002228,크로바실버빌소규모요양시설,PUB-002B_노인사회활동_기관코드,https://apis.data.go.kr/B552474/OdsnCodeInquiryService2/getOdsnOrgCodeInquiryList2
0002827,공주시노인종합복지관,PUB-002B_노인사회활동_기관코드,https://apis.data.go.kr/B552474/OdsnCodeInquiryService2/getOdsnOrgCodeInquiryList2
0000851,광덕원 노인요양원,PUB-002B_노인사회활동_기관코드,https://apis.data.go.kr/B552474/OdsnCodeInquiryService2/getOdsnOrgCodeInquiryList2
0000407,경산시청 복지문화국 어르신복지과,PUB-002B_노인사회활동_기관코드,https://apis.data.go.kr/B552474/OdsnCodeInquiryService2/getOdsnOrgCodeInquiryList2
0000996,유성문화원,PUB-002B_노인사회활동_기관코드,https://apis.data.go.kr/B552474/OdsnCodeInquiryService2/getOdsnOrgCodeInquiryList2
0000067,남양주노인복지관,PUB-002B_노인사회활동_기관코드,https://apis.data.go.kr/B552474/OdsnCodeInquiryService2/getOdsnOrgCodeInquiryList2
0000221,송파구청 주민복지국 어르신복지과,PUB-002B_노인사회활동_기관코드,https://apis.data.go.kr/B552474/OdsnCodeInquiryService2/getOdsnOrgCodeInquiryList2
0001374,구이노인복지센터,PUB-002B_노인사회활동_기관코드,https://apis.data.go.kr/B552474/OdsnCodeInquiryService2/getOdsnOrgCodeInquiryList2
0002695,태백시노인복지관,PUB-002B_노인사회활동_기관코드,https://apis.data.go.kr/B552474/OdsnCodeInquiryService2/getOdsnOrgCodeInquiryList2
0002040,시흥시노인종합복지관,PUB-002B_노인사회활동_기관코드,https://apis.data.go.kr/B552474/OdsnCodeInquiryService2/getOdsnOrgCodeInquiryList2
0000194,(사)대한노인회 경남연합회,PUB-002B_노인사회활동_기관코드,https://apis.data.go.kr/B552474/OdsnCodeInquiryService2/getOdsnOrgCodeInquiryList2
0001156,마포문화원,PUB-002B_노인사회활동_기관코드,https://apis.data.go.kr/B552474/OdsnCodeInquiryService2/getOdsnOrgCodeInquiryList2
0000019,시립용산노인종합복지관,PUB-002B_노인사회활동_기관코드,https://apis.data.go.kr/B552474/OdsnCodeInquiryService2/getOdsnOrgCodeInquiryList2
0000929,반송종합사회복지관,PUB-002B_노인사회활동_기관코드,https://apis.data.go.kr/B552474/OdsnCodeInquiryService2/getOdsnOrgCodeInquiryList2
0002400,전원아동센터,PUB-002B_노인사회활동_기관코드,https://apis.data.go.kr/B552474/OdsnCodeInquiryService2/getOdsnOrgCodeInquiryList2
0002856,서울청소년효행봉사단,PUB-002B_노인사회활동_기관코드,https://apis.data.go.kr/B552474/OdsnCodeInquiryService2/getOdsnOrgCodeInquiryList2
0002888,김천시청주민생활지원과,PUB-002B_노인사회활동_기관코드,https://apis.data.go.kr/B552474/OdsnCodeInquiryService2/getOdsnOrgCodeInquiryList2
0002668,선재재가노인통합지원센터,PUB-002B_노인사회활동_기관코드,https://apis.data.go.kr/B552474/OdsnCodeInquiryService2/getOdsnOrgCodeInquiryList2
0001028,봉두재가노인복지센터,PUB-002B_노인사회활동_기관코드,https://apis.data.go.kr/B552474/OdsnCodeInquiryService2/getOdsnOrgCodeInquiryList2
0001784,참사랑노인복지센타,PUB-002B_노인사회활동_기관코드,https://apis.data.go.kr/B552474/OdsnCodeInquiryService2/getOdsnOrgCodeInquiryList2
0002406,산남동주민센터,PUB-002B_노인사회활동_기관코드,https://apis.data.go.kr/B552474/OdsnCodeInquiryService2/getOdsnOrgCodeInquiryList2
0001338,포항형산시니어클럽,PUB-002B_노인사회활동_기관코드,https://apis.data.go.kr/B552474/OdsnCodeInquiryService2/getOdsnOrgCodeInquiryList2
0001239,오산종합사회복지관,PUB-002B_노인사회활동_기관코드,https://apis.data.go.kr/B552474/OdsnCodeInquiryService2/getOdsnOrgCodeInquiryList2
0000662,남원원광노인복지센터,PUB-002B_노인사회활동_기관코드,https://apis.data.go.kr/B552474/OdsnCodeInquiryService2/getOdsnOrgCodeInquiryList2
0000973,구평종합사회복지관,PUB-002B_노인사회활동_기관코드,https://apis.data.go.kr/B552474/OdsnCodeInquiryService2/getOdsnOrgCodeInquiryList2
0000952,사단법인 해누리노인복지공동체 ,PUB-002B_노인사회활동_기관코드,https://apis.data.go.kr/B552474/OdsnCodeInquiryService2/getOdsnOrgCodeInquiryList2
0000641,해남군장애인종합복지관,PUB-002B_노인사회활동_기관코드,https://apis.data.go.kr/B552474/OdsnCodeInquiryService2/getOdsnOrgCodeInquiryList2
0000611,산남노인복지센터,PUB-002B_노인사회활동_기관코드,https://apis.data.go.kr/B552474/OdsnCodeInquiryService2/getOdsnOrgCodeInquiryList2
0002613,부산진시니어클럽,PUB-002B_노인사회활동_기관코드,https://apis.data.go.kr/B552474/OdsnCodeInquiryService2/getOdsnOrgCodeInquiryList2
0001754,능인종합사회복지관,PUB-002B_노인사회활동_기관코드,https://apis.data.go.kr/B552474/OdsnCodeInquiryService2/getOdsnOrgCodeInquiryList2
0001782,군산적십자평생대학,PUB-002B_노인사회활동_기관코드,https://apis.data.go.kr/B552474/OdsnCodeInquiryService2/getOdsnOrgCodeInquiryList2
0004120,(사)대전충남경영자총협회,PUB-002B_노인사회활동_기관코드,https://apis.data.go.kr/B552474/OdsnCodeInquiryService2/getOdsnOrgCodeInquiryList2
0004193,강원_양구군지회,PUB-002B_노인사회활동_기관코드,https://apis.data.go.kr/B552474/OdsnCodeInquiryService2/getOdsnOrgCodeInquiryList2
0004256,대한노인회 합천군지회,PUB-002B_노인사회활동_기관코드,https://apis.data.go.kr/B552474/OdsnCodeInquiryService2/getOdsnOrgCodeInquiryList2
0004077,경기북부상공회의소,PUB-002B_노인사회활동_기관코드,https://apis.data.go.kr/B552474/OdsnCodeInquiryService2/getOdsnOrgCodeInquiryList2
0004124,서울강원지역본부,PUB-002B_노인사회활동_기관코드,https://apis.data.go.kr/B552474/OdsnCodeInquiryService2/getOdsnOrgCodeInquiryList2
0004012,군산상공회의소,PUB-002B_노인사회활동_기관코드,https://apis.data.go.kr/B552474/OdsnCodeInquiryService2/getOdsnOrgCodeInquiryList2
0004222,논산여성인력개발센터,PUB-002B_노인사회활동_기관코드,https://apis.data.go.kr/B552474/OdsnCodeInquiryService2/getOdsnOrgCodeInquiryList2
0004236,한국노인인력개발원 인천지역본부,PUB-002B_노인사회활동_기관코드,https://apis.data.go.kr/B552474/OdsnCodeInquiryService2/getOdsnOrgCodeInquiryList2
0004095,(주)지엠솔루션,PUB-002B_노인사회활동_기관코드,https://apis.data.go.kr/B552474/OdsnCodeInquiryService2/getOdsnOrgCodeInquiryList2
0004199,강원_영월군지회,PUB-002B_노인사회활동_기관코드,https://apis.data.go.kr/B552474/OdsnCodeInquiryService2/getOdsnOrgCodeInquiryList2
0004057,부산사하시니어클럽,PUB-002B_노인사회활동_기관코드,https://apis.data.go.kr/B552474/OdsnCodeInquiryService2/getOdsnOrgCodeInquiryList2
0004023,중소기업기술혁신협회 대전세종충남지회(민간),PUB-002B_노인사회활동_기관코드,https://apis.data.go.kr/B552474/OdsnCodeInquiryService2/getOdsnOrgCodeInquiryList2
0004198,강원_홍천군지회,PUB-002B_노인사회활동_기관코드,https://apis.data.go.kr/B552474/OdsnCodeInquiryService2/getOdsnOrgCodeInquiryList2
0004134,(주)메이크인,PUB-002B_노인사회활동_기관코드,https://apis.data.go.kr/B552474/OdsnCodeInquiryService2/getOdsnOrgCodeInquiryList2
0004230,김천상공회의소,PUB-002B_노인사회활동_기관코드,https://apis.data.go.kr/B552474/OdsnCodeInquiryService2/getOdsnOrgCodeInquiryList2
0004227,스탭스 주식회사,PUB-002B_노인사회활동_기관코드,https://apis.data.go.kr/B552474/OdsnCodeInquiryService2/getOdsnOrgCodeInquiryList2
0004115,사단법인 고령사회고용진흥원일자리상담지원센터,PUB-002B_노인사회활동_기관코드,https://apis.data.go.kr/B552474/OdsnCodeInquiryService2/getOdsnOrgCodeInquiryList2
0004189,(사)대구경북고용복지연구원,PUB-002B_노인사회활동_기관코드,https://apis.data.go.kr/B552474/OdsnCodeInquiryService2/getOdsnOrgCodeInquiryList2
0004003,(재)광주광역시 경제고용진흥원,PUB-002B_노인사회활동_기관코드,https://apis.data.go.kr/B552474/OdsnCodeInquiryService2/getOdsnOrgCodeInquiryList2
0004216,다울사회적협동조합,PUB-002B_노인사회활동_기관코드,https://apis.data.go.kr/B552474/OdsnCodeInquiryService2/getOdsnOrgCodeInquiryList2
0004029,고양상공회의소,PUB-002B_노인사회활동_기관코드,https://apis.data.go.kr/B552474/OdsnCodeInquiryService2/getOdsnOrgCodeInquiryList2
0004202,강원_삼척시지회,PUB-002B_노인사회활동_기관코드,https://apis.data.go.kr/B552474/OdsnCodeInquiryService2/getOdsnOrgCodeInquiryList2
0004017,대동종합사회복지관(인파형),PUB-002B_노인사회활동_기관코드,https://apis.data.go.kr/B552474/OdsnCodeInquiryService2/getOdsnOrgCodeInquiryList2
0004147,(재)대전경제통상진흥원,PUB-002B_노인사회활동_기관코드,https://apis.data.go.kr/B552474/OdsnCodeInquiryService2/getOdsnOrgCodeInquiryList2
0004192,강원_춘천시지회,PUB-002B_노인사회활동_기관코드,https://apis.data.go.kr/B552474/OdsnCodeInquiryService2/getOdsnOrgCodeInquiryList2
0004070,(사)중소기업기술혁신협회,PUB-002B_노인사회활동_기관코드,https://apis.data.go.kr/B552474/OdsnCodeInquiryService2/getOdsnOrgCodeInquiryList2
0004252,(사)대한노인회 문경시지회,PUB-002B_노인사회활동_기관코드,https://apis.data.go.kr/B552474/OdsnCodeInquiryService2/getOdsnOrgCodeInquiryList2
0004068,(주)사랑방미디어,PUB-002B_노인사회활동_기관코드,https://apis.data.go.kr/B552474/OdsnCodeInquiryService2/getOdsnOrgCodeInquiryList2
0004096,스토리잡,PUB-002B_노인사회활동_기관코드,https://apis.data.go.kr/B552474/OdsnCodeInquiryService2/getOdsnOrgCodeInquiryList2
0004030,안양시니어클럽,PUB-002B_노인사회활동_기관코드,https://apis.data.go.kr/B552474/OdsnCodeInquiryService2/getOdsnOrgCodeInquiryList2
0002499,고성시니어클럽,PUB-002B_노인사회활동_기관코드,https://apis.data.go.kr/B552474/OdsnCodeInquiryService2/getOdsnOrgCodeInquiryList2
0000271,대덕구청 ,PUB-002B_노인사회활동_기관코드,https://apis.data.go.kr/B552474/OdsnCodeInquiryService2/getOdsnOrgCodeInquiryList2
0002828,군포시늘푸른노인복지관,PUB-002B_노인사회활동_기관코드,https://apis.data.go.kr/B552474/OdsnCodeInquiryService2/getOdsnOrgCodeInquiryList2
0002295,당진가족성통합상담센터 ,PUB-002B_노인사회활동_기관코드,https://apis.data.go.kr/B552474/OdsnCodeInquiryService2/getOdsnOrgCodeInquiryList2
0002880,(주)미래잡센터,PUB-002B_노인사회활동_기관코드,https://apis.data.go.kr/B552474/OdsnCodeInquiryService2/getOdsnOrgCodeInquiryList2
0001306,강원 고성군지회,PUB-002B_노인사회활동_기관코드,https://apis.data.go.kr/B552474/OdsnCodeInquiryService2/getOdsnOrgCodeInquiryList2
0001022,(사)대한노인회서귀포시지회,PUB-002B_노인사회활동_기관코드,https://apis.data.go.kr/B552474/OdsnCodeInquiryService2/getOdsnOrgCodeInquiryList2
0001781,전사랑노인복지센터,PUB-002B_노인사회활동_기관코드,https://apis.data.go.kr/B552474/OdsnCodeInquiryService2/getOdsnOrgCodeInquiryList2
0000199,중구청 복지환경국 어르신장애인복지과,PUB-002B_노인사회활동_기관코드,https://apis.data.go.kr/B552474/OdsnCodeInquiryService2/getOdsnOrgCodeInquiryList2
0004108,한국노인인력개발원,PUB-002B_노인사회활동_기관코드,https://apis.data.go.kr/B552474/OdsnCodeInquiryService2/getOdsnOrgCodeInquiryList2
0004133,은곡직업전문학교,PUB-002B_노인사회활동_기관코드,https://apis.data.go.kr/B552474/OdsnCodeInquiryService2/getOdsnOrgCodeInquiryList2
0004248,(사)경북경영자총협회,PUB-002B_노인사회활동_기관코드,https://apis.data.go.kr/B552474/OdsnCodeInquiryService2/getOdsnOrgCodeInquiryList2
0004010,(재)전라남도중소기업종합지원센터,PUB-002B_노인사회활동_기관코드,https://apis.data.go.kr/B552474/OdsnCodeInquiryService2/getOdsnOrgCodeInquiryList2
0004185,(사)대한노인회영양군지회,PUB-002B_노인사회활동_기관코드,https://apis.data.go.kr/B552474/OdsnCodeInquiryService2/getOdsnOrgCodeInquiryList2
0004090,밀양상공회의소,PUB-002B_노인사회활동_기관코드,https://apis.data.go.kr/B552474/OdsnCodeInquiryService2/getOdsnOrgCodeInquiryList2
0004117,파주상공회의소,PUB-002B_노인사회활동_기관코드,https://apis.data.go.kr/B552474/OdsnCodeInquiryService2/getOdsnOrgCodeInquiryList2
0004100,하광상공회의소,PUB-002B_노인사회활동_기관코드,https://apis.data.go.kr/B552474/OdsnCodeInquiryService2/getOdsnOrgCodeInquiryList2
0004247,(주)지에스씨넷 구미지점,PUB-002B_노인사회활동_기관코드,https://apis.data.go.kr/B552474/OdsnCodeInquiryService2/getOdsnOrgCodeInquiryList2
0004042,(주)교차로,PUB-002B_노인사회활동_기관코드,https://apis.data.go.kr/B552474/OdsnCodeInquiryService2/getOdsnOrgCodeInquiryList2
0004140,(주)고을,PUB-002B_노인사회활동_기관코드,https://apis.data.go.kr/B552474/OdsnCodeInquiryService2/getOdsnOrgCodeInquiryList2
0004169,나주시니어클럽,PUB-002B_노인사회활동_기관코드,https://apis.data.go.kr/B552474/OdsnCodeInquiryService2/getOdsnOrgCodeInquiryList2
0004026,여수상공회의소,PUB-002B_노인사회활동_기관코드,https://apis.data.go.kr/B552474/OdsnCodeInquiryService2/getOdsnOrgCodeInquiryList2
0004213,부산희망리본 사회적협동조합,PUB-002B_노인사회활동_기관코드,https://apis.data.go.kr/B552474/OdsnCodeInquiryService2/getOdsnOrgCodeInquiryList2
0004018,지에스데이타(주),PUB-002B_노인사회활동_기관코드,https://apis.data.go.kr/B552474/OdsnCodeInquiryService2/getOdsnOrgCodeInquiryList2
0004251,(주)대성요리직업전문학교,PUB-002B_노인사회활동_기관코드,https://apis.data.go.kr/B552474/OdsnCodeInquiryService2/getOdsnOrgCodeInquiryList2
0004063,포항상공회의소,PUB-002B_노인사회활동_기관코드,https://apis.data.go.kr/B552474/OdsnCodeInquiryService2/getOdsnOrgCodeInquiryList2
0004243,천안시시니어클럽(x),PUB-002B_노인사회활동_기관코드,https://apis.data.go.kr/B552474/OdsnCodeInquiryService2/getOdsnOrgCodeInquiryList2
0004191,강원_연합회,PUB-002B_노인사회활동_기관코드,https://apis.data.go.kr/B552474/OdsnCodeInquiryService2/getOdsnOrgCodeInquiryList2
0004097,중소기업기술혁신협회 광주전남지회,PUB-002B_노인사회활동_기관코드,https://apis.data.go.kr/B552474/OdsnCodeInquiryService2/getOdsnOrgCodeInquiryList2
0004237,한국노인인력개발원 광주전남지역본부,PUB-002B_노인사회활동_기관코드,https://apis.data.go.kr/B552474/OdsnCodeInquiryService2/getOdsnOrgCodeInquiryList2
0002832,쌍문동어르신복지관,PUB-002B_노인사회활동_기관코드,https://apis.data.go.kr/B552474/OdsnCodeInquiryService2/getOdsnOrgCodeInquiryList2
0000016,송파노인종합복지관,PUB-002B_노인사회활동_기관코드,https://apis.data.go.kr/B552474/OdsnCodeInquiryService2/getOdsnOrgCodeInquiryList2
0002457,연제구 보건소,PUB-002B_노인사회활동_기관코드,https://apis.data.go.kr/B552474/OdsnCodeInquiryService2/getOdsnOrgCodeInquiryList2
0000701,대한노인회 경남 하동군지회,PUB-002B_노인사회활동_기관코드,https://apis.data.go.kr/B552474/OdsnCodeInquiryService2/getOdsnOrgCodeInquiryList2
0002338,당진상공회의소,PUB-002B_노인사회활동_기관코드,https://apis.data.go.kr/B552474/OdsnCodeInquiryService2/getOdsnOrgCodeInquiryList2
0001070,하동노인통합지원센터,PUB-002B_노인사회활동_기관코드,https://apis.data.go.kr/B552474/OdsnCodeInquiryService2/getOdsnOrgCodeInquiryList2
0002372,강남시니어플라자,PUB-002B_노인사회활동_기관코드,https://apis.data.go.kr/B552474/OdsnCodeInquiryService2/getOdsnOrgCodeInquiryList2
0002697,대한노인회 충북 옥천군지회,PUB-002B_노인사회활동_기관코드,https://apis.data.go.kr/B552474/OdsnCodeInquiryService2/getOdsnOrgCodeInquiryList2
0000913,경기 성남수정구지회,PUB-002B_노인사회활동_기관코드,https://apis.data.go.kr/B552474/OdsnCodeInquiryService2/getOdsnOrgCodeInquiryList2
0002346,화순경찰서여성방범대,PUB-002B_노인사회활동_기관코드,https://apis.data.go.kr/B552474/OdsnCodeInquiryService2/getOdsnOrgCodeInquiryList2
0002791,평화1동주민자치센터,PUB-002B_노인사회활동_기관코드,https://apis.data.go.kr/B552474/OdsnCodeInquiryService2/getOdsnOrgCodeInquiryList2
0000867,청양자활후견기관,PUB-002B_노인사회활동_기관코드,https://apis.data.go.kr/B552474/OdsnCodeInquiryService2/getOdsnOrgCodeInquiryList2
0002432,쌍치재가복지센터,PUB-002B_노인사회활동_기관코드,https://apis.data.go.kr/B552474/OdsnCodeInquiryService2/getOdsnOrgCodeInquiryList2
0002243,화성시니어클럽,PUB-002B_노인사회활동_기관코드,https://apis.data.go.kr/B552474/OdsnCodeInquiryService2/getOdsnOrgCodeInquiryList2
0002655,금강노인복지관,PUB-002B_노인사회활동_기관코드,https://apis.data.go.kr/B552474/OdsnCodeInquiryService2/getOdsnOrgCodeInquiryList2
0000070,부천시소사노인복지관,PUB-002B_노인사회활동_기관코드,https://apis.data.go.kr/B552474/OdsnCodeInquiryService2/getOdsnOrgCodeInquiryList2
0000010,시립동작노인종합복지관,PUB-002B_노인사회활동_기관코드,https://apis.data.go.kr/B552474/OdsnCodeInquiryService2/getOdsnOrgCodeInquiryList2
0000293,파주시청 복지정책국 노인장애인과,PUB-002B_노인사회활동_기관코드,https://apis.data.go.kr/B552474/OdsnCodeInquiryService2/getOdsnOrgCodeInquiryList2
0002425,강감찬관악종합사회복지관,PUB-002B_노인사회활동_기관코드,https://apis.data.go.kr/B552474/OdsnCodeInquiryService2/getOdsnOrgCodeInquiryList2
0000990,생명의전화 노인통합지원센터,PUB-002B_노인사회활동_기관코드,https://apis.data.go.kr/B552474/OdsnCodeInquiryService2/getOdsnOrgCodeInquiryList2
0002253,작은꽃노인복지센터,PUB-002B_노인사회활동_기관코드,https://apis.data.go.kr/B552474/OdsnCodeInquiryService2/getOdsnOrgCodeInquiryList2
0001774,영도구보건소,PUB-002B_노인사회활동_기관코드,https://apis.data.go.kr/B552474/OdsnCodeInquiryService2/getOdsnOrgCodeInquiryList2
0001027,진주문화원,PUB-002B_노인사회활동_기관코드,https://apis.data.go.kr/B552474/OdsnCodeInquiryService2/getOdsnOrgCodeInquiryList2
0002735,전북노인일자리센터,PUB-002B_노인사회활동_기관코드,https://apis.data.go.kr/B552474/OdsnCodeInquiryService2/getOdsnOrgCodeInquiryList2
0002705,대한노인회 경기 양평군지회,PUB-002B_노인사회활동_기관코드,https://apis.data.go.kr/B552474/OdsnCodeInquiryService2/getOdsnOrgCodeInquiryList2
0000936,부산기독교종합사회복지관,PUB-002B_노인사회활동_기관코드,https://apis.data.go.kr/B552474/OdsnCodeInquiryService2/getOdsnOrgCodeInquiryList2
0002732,경인강,PUB-002B_노인사회활동_기관코드,https://apis.data.go.kr/B552474/OdsnCodeInquiryService2/getOdsnOrgCodeInquiryList2
0002665,서울시강북구삼각산동주민센터,PUB-002B_노인사회활동_기관코드,https://apis.data.go.kr/B552474/OdsnCodeInquiryService2/getOdsnOrgCodeInquiryList2
0002556,성동희망나눔,PUB-002B_노인사회활동_기관코드,https://apis.data.go.kr/B552474/OdsnCodeInquiryService2/getOdsnOrgCodeInquiryList2
0002315,만석동쪽방상담소(괭이부리말희망일터),PUB-002B_노인사회활동_기관코드,https://apis.data.go.kr/B552474/OdsnCodeInquiryService2/getOdsnOrgCodeInquiryList2
0000692,기장지역아동센터,PUB-002B_노인사회활동_기관코드,https://apis.data.go.kr/B552474/OdsnCodeInquiryService2/getOdsnOrgCodeInquiryList2
0001401,부산 해운대구(늘푸른과),PUB-002B_노인사회활동_기관코드,https://apis.data.go.kr/B552474/OdsnCodeInquiryService2/getOdsnOrgCodeInquiryList2
0001198,의정부실버인력뱅크,PUB-002B_노인사회활동_기관코드,https://apis.data.go.kr/B552474/OdsnCodeInquiryService2/getOdsnOrgCodeInquiryList2
0002348,강릉종합사회복지관,PUB-002B_노인사회활동_기관코드,https://apis.data.go.kr/B552474/OdsnCodeInquiryService2/getOdsnOrgCodeInquiryList2
0002754,정산노인복지센터,PUB-002B_노인사회활동_기관코드,https://apis.data.go.kr/B552474/OdsnCodeInquiryService2/getOdsnOrgCodeInquiryList2
0001800,광양대광교회,PUB-002B_노인사회활동_기관코드,https://apis.data.go.kr/B552474/OdsnCodeInquiryService2/getOdsnOrgCodeInquiryList2
0001445,영도구종합사회복지관,PUB-002B_노인사회활동_기관코드,https://apis.data.go.kr/B552474/OdsnCodeInquiryService2/getOdsnOrgCodeInquiryList2
0002052,군포실버인력뱅크,PUB-002B_노인사회활동_기관코드,https://apis.data.go.kr/B552474/OdsnCodeInquiryService2/getOdsnOrgCodeInquiryList2
0000173,여수시니어클럽,PUB-002B_노인사회활동_기관코드,https://apis.data.go.kr/B552474/OdsnCodeInquiryService2/getOdsnOrgCodeInquiryList2
0002757,홀트수영종합사회복지관,PUB-002B_노인사회활동_기관코드,https://apis.data.go.kr/B552474/OdsnCodeInquiryService2/getOdsnOrgCodeInquiryList2
0002293,관악구청 교육지원과,PUB-002B_노인사회활동_기관코드,https://apis.data.go.kr/B552474/OdsnCodeInquiryService2/getOdsnOrgCodeInquiryList2
0001552,임시기관,PUB-002B_노인사회활동_기관코드,https://apis.data.go.kr/B552474/OdsnCodeInquiryService2/getOdsnOrgCodeInquiryList2
0000505,대한노인회 부산 수영구지회,PUB-002B_노인사회활동_기관코드,https://apis.data.go.kr/B552474/OdsnCodeInquiryService2/getOdsnOrgCodeInquiryList2
0001786,중마노인복지관,PUB-002B_노인사회활동_기관코드,https://apis.data.go.kr/B552474/OdsnCodeInquiryService2/getOdsnOrgCodeInquiryList2
0001716,화원종합사회복지관,PUB-002B_노인사회활동_기관코드,https://apis.data.go.kr/B552474/OdsnCodeInquiryService2/getOdsnOrgCodeInquiryList2
0002742,김포시북부노인복지관,PUB-002B_노인사회활동_기관코드,https://apis.data.go.kr/B552474/OdsnCodeInquiryService2/getOdsnOrgCodeInquiryList2
0001820,참뜻노인복지센터,PUB-002B_노인사회활동_기관코드,https://apis.data.go.kr/B552474/OdsnCodeInquiryService2/getOdsnOrgCodeInquiryList2
0001711,마산노인일자리창출지원센터,PUB-002B_노인사회활동_기관코드,https://apis.data.go.kr/B552474/OdsnCodeInquiryService2/getOdsnOrgCodeInquiryList2
0000040,영도구노인복지관,PUB-002B_노인사회활동_기관코드,https://apis.data.go.kr/B552474/OdsnCodeInquiryService2/getOdsnOrgCodeInquiryList2
0000659,강원도노인보호전문기관,PUB-002B_노인사회활동_기관코드,https://apis.data.go.kr/B552474/OdsnCodeInquiryService2/getOdsnOrgCodeInquiryList2
0000187,대한노인회 경기연합회 취업지원센터,PUB-002B_노인사회활동_기관코드,https://apis.data.go.kr/B552474/OdsnCodeInquiryService2/getOdsnOrgCodeInquiryList2
0000216,영등포구청,PUB-002B_노인사회활동_기관코드,https://apis.data.go.kr/B552474/OdsnCodeInquiryService2/getOdsnOrgCodeInquiryList2
0000110,천안시노인종합복지관,PUB-002B_노인사회활동_기관코드,https://apis.data.go.kr/B552474/OdsnCodeInquiryService2/getOdsnOrgCodeInquiryList2
0000672,대한성공회 광명희망터,PUB-002B_노인사회활동_기관코드,https://apis.data.go.kr/B552474/OdsnCodeInquiryService2/getOdsnOrgCodeInquiryList2
0000444,서귀포시청,PUB-002B_노인사회활동_기관코드,https://apis.data.go.kr/B552474/OdsnCodeInquiryService2/getOdsnOrgCodeInquiryList2
0002551,강남구 공원녹지과,PUB-002B_노인사회활동_기관코드,https://apis.data.go.kr/B552474/OdsnCodeInquiryService2/getOdsnOrgCodeInquiryList2
0000225,부산광역시 서구청,PUB-002B_노인사회활동_기관코드,https://apis.data.go.kr/B552474/OdsnCodeInquiryService2/getOdsnOrgCodeInquiryList2
0000025,연수구노인복지관,PUB-002B_노인사회활동_기관코드,https://apis.data.go.kr/B552474/OdsnCodeInquiryService2/getOdsnOrgCodeInquiryList2
0000736,대한노인회 서울 관악구지회,PUB-002B_노인사회활동_기관코드,https://apis.data.go.kr/B552474/OdsnCodeInquiryService2/getOdsnOrgCodeInquiryList2
0001560,강남종합사회복지관,PUB-002B_노인사회활동_기관코드,https://apis.data.go.kr/B552474/OdsnCodeInquiryService2/getOdsnOrgCodeInquiryList2
0001583,속초종합사회복지관,PUB-002B_노인사회활동_기관코드,https://apis.data.go.kr/B552474/OdsnCodeInquiryService2/getOdsnOrgCodeInquiryList2
0000757,대한노인회 대전 유성구지회,PUB-002B_노인사회활동_기관코드,https://apis.data.go.kr/B552474/OdsnCodeInquiryService2/getOdsnOrgCodeInquiryList2
0000507,대한노인회 경남 창원시 마산지회,PUB-002B_노인사회활동_기관코드,https://apis.data.go.kr/B552474/OdsnCodeInquiryService2/getOdsnOrgCodeInquiryList2
0000307,과천시청 사회복지과,PUB-002B_노인사회활동_기관코드,https://apis.data.go.kr/B552474/OdsnCodeInquiryService2/getOdsnOrgCodeInquiryList2
0002932,부산 해운대구 관광시설관리사업소,PUB-002B_노인사회활동_기관코드,https://apis.data.go.kr/B552474/OdsnCodeInquiryService2/getOdsnOrgCodeInquiryList2
0000003,강북노인종합복지관,PUB-002B_노인사회활동_기관코드,https://apis.data.go.kr/B552474/OdsnCodeInquiryService2/getOdsnOrgCodeInquiryList2
0000121,부송종합사회복지관,PUB-002B_노인사회활동_기관코드,https://apis.data.go.kr/B552474/OdsnCodeInquiryService2/getOdsnOrgCodeInquiryList2
0001378,고창군노인복지관,PUB-002B_노인사회활동_기관코드,https://apis.data.go.kr/B552474/OdsnCodeInquiryService2/getOdsnOrgCodeInquiryList2
0000840,대한노인회 경남 창원시 창원지회,PUB-002B_노인사회활동_기관코드,https://apis.data.go.kr/B552474/OdsnCodeInquiryService2/getOdsnOrgCodeInquiryList2
0002017,용인시니어클럽,PUB-002B_노인사회활동_기관코드,https://apis.data.go.kr/B552474/OdsnCodeInquiryService2/getOdsnOrgCodeInquiryList2
0000685,대한노인회 충북 청주시 상당서원구지회,PUB-002B_노인사회활동_기관코드,https://apis.data.go.kr/B552474/OdsnCodeInquiryService2/getOdsnOrgCodeInquiryList2
0000358,당진시청,PUB-002B_노인사회활동_기관코드,https://apis.data.go.kr/B552474/OdsnCodeInquiryService2/getOdsnOrgCodeInquiryList2
0001971,반여종합사회복지관,PUB-002B_노인사회활동_기관코드,https://apis.data.go.kr/B552474/OdsnCodeInquiryService2/getOdsnOrgCodeInquiryList2
0000132,순천시노인종합복지회관,PUB-002B_노인사회활동_기관코드,https://apis.data.go.kr/B552474/OdsnCodeInquiryService2/getOdsnOrgCodeInquiryList2
0001383,영주지역자활센터,PUB-002B_노인사회활동_기관코드,https://apis.data.go.kr/B552474/OdsnCodeInquiryService2/getOdsnOrgCodeInquiryList2
0001144,삼척종합사회복지관,PUB-002B_노인사회활동_기관코드,https://apis.data.go.kr/B552474/OdsnCodeInquiryService2/getOdsnOrgCodeInquiryList2
0002952,중구청(중단),PUB-002B_노인사회활동_기관코드,https://apis.data.go.kr/B552474/OdsnCodeInquiryService2/getOdsnOrgCodeInquiryList2
0002624,금정구노인복지관,PUB-002B_노인사회활동_기관코드,https://apis.data.go.kr/B552474/OdsnCodeInquiryService2/getOdsnOrgCodeInquiryList2
0000091,오산노인종합복지회관,PUB-002B_노인사회활동_기관코드,https://apis.data.go.kr/B552474/OdsnCodeInquiryService2/getOdsnOrgCodeInquiryList2
0000002,성가정노인종합복지관,PUB-002B_노인사회활동_기관코드,https://apis.data.go.kr/B552474/OdsnCodeInquiryService2/getOdsnOrgCodeInquiryList2
0001408,도봉동어르신복지관,PUB-002B_노인사회활동_기관코드,https://apis.data.go.kr/B552474/OdsnCodeInquiryService2/getOdsnOrgCodeInquiryList2
0002602,보은지역자활센터,PUB-002B_노인사회활동_기관코드,https://apis.data.go.kr/B552474/OdsnCodeInquiryService2/getOdsnOrgCodeInquiryList2
0001854,통영시종합사회복지관,PUB-002B_노인사회활동_기관코드,https://apis.data.go.kr/B552474/OdsnCodeInquiryService2/getOdsnOrgCodeInquiryList2
0000200,용산구청 생활지원국 어르신복지과,PUB-002B_노인사회활동_기관코드,https://apis.data.go.kr/B552474/OdsnCodeInquiryService2/getOdsnOrgCodeInquiryList2
0001159,용인시 수지구청,PUB-002B_노인사회활동_기관코드,https://apis.data.go.kr/B552474/OdsnCodeInquiryService2/getOdsnOrgCodeInquiryList2
0000448,서울특별시 어르신복지과,PUB-002B_노인사회활동_기관코드,https://apis.data.go.kr/B552474/OdsnCodeInquiryService2/getOdsnOrgCodeInquiryList2
0000412,영덕군청,PUB-002B_노인사회활동_기관코드,https://apis.data.go.kr/B552474/OdsnCodeInquiryService2/getOdsnOrgCodeInquiryList2
0004046,달구벌여성인력개발센터,PUB-002B_노인사회활동_기관코드,https://apis.data.go.kr/B552474/OdsnCodeInquiryService2/getOdsnOrgCodeInquiryList2
0004246,퇴직공무원협동조합,PUB-002B_노인사회활동_기관코드,https://apis.data.go.kr/B552474/OdsnCodeInquiryService2/getOdsnOrgCodeInquiryList2
0004053,부산서구시니어클럽(인파),PUB-002B_노인사회활동_기관코드,https://apis.data.go.kr/B552474/OdsnCodeInquiryService2/getOdsnOrgCodeInquiryList2
0004197,강원_정선군지회,PUB-002B_노인사회활동_기관코드,https://apis.data.go.kr/B552474/OdsnCodeInquiryService2/getOdsnOrgCodeInquiryList2
0004208,강원_화천군지회,PUB-002B_노인사회활동_기관코드,https://apis.data.go.kr/B552474/OdsnCodeInquiryService2/getOdsnOrgCodeInquiryList2
0004034,안성상공회의소,PUB-002B_노인사회활동_기관코드,https://apis.data.go.kr/B552474/OdsnCodeInquiryService2/getOdsnOrgCodeInquiryList2
0004206,강원_태백시지회,PUB-002B_노인사회활동_기관코드,https://apis.data.go.kr/B552474/OdsnCodeInquiryService2/getOdsnOrgCodeInquiryList2
0004220,(재)충청북도기업진흥원(민간),PUB-002B_노인사회활동_기관코드,https://apis.data.go.kr/B552474/OdsnCodeInquiryService2/getOdsnOrgCodeInquiryList2
0004250,대구테크노파크계명대학교센터,PUB-002B_노인사회활동_기관코드,https://apis.data.go.kr/B552474/OdsnCodeInquiryService2/getOdsnOrgCodeInquiryList2
0004228,충남북부상공회의소,PUB-002B_노인사회활동_기관코드,https://apis.data.go.kr/B552474/OdsnCodeInquiryService2/getOdsnOrgCodeInquiryList2
0004006,전주상공회의소,PUB-002B_노인사회활동_기관코드,https://apis.data.go.kr/B552474/OdsnCodeInquiryService2/getOdsnOrgCodeInquiryList2
0004058,울산시노인일자리지원센터,PUB-002B_노인사회활동_기관코드,https://apis.data.go.kr/B552474/OdsnCodeInquiryService2/getOdsnOrgCodeInquiryList2
0004093,(사)충남벤처협회,PUB-002B_노인사회활동_기관코드,https://apis.data.go.kr/B552474/OdsnCodeInquiryService2/getOdsnOrgCodeInquiryList2
0004204,강원_횡성군지회,PUB-002B_노인사회활동_기관코드,https://apis.data.go.kr/B552474/OdsnCodeInquiryService2/getOdsnOrgCodeInquiryList2
0004241,삼일사회복지재단,PUB-002B_노인사회활동_기관코드,https://apis.data.go.kr/B552474/OdsnCodeInquiryService2/getOdsnOrgCodeInquiryList2
0004253,칠곡여성인력개발센터,PUB-002B_노인사회활동_기관코드,https://apis.data.go.kr/B552474/OdsnCodeInquiryService2/getOdsnOrgCodeInquiryList2
0004089,희망일자리지원센터,PUB-002B_노인사회활동_기관코드,https://apis.data.go.kr/B552474/OdsnCodeInquiryService2/getOdsnOrgCodeInquiryList2
0004234,한국노인인력개발원 부산울산지역본부,PUB-002B_노인사회활동_기관코드,https://apis.data.go.kr/B552474/OdsnCodeInquiryService2/getOdsnOrgCodeInquiryList2
0004142,(사)대한노인회수영구지회 부산남부취업센터,PUB-002B_노인사회활동_기관코드,https://apis.data.go.kr/B552474/OdsnCodeInquiryService2/getOdsnOrgCodeInquiryList2
0004048,부산광역시장노년일자리지원센터(인턴십),PUB-002B_노인사회활동_기관코드,https://apis.data.go.kr/B552474/OdsnCodeInquiryService2/getOdsnOrgCodeInquiryList2
0004186,(사)한국취업컨설턴트협회,PUB-002B_노인사회활동_기관코드,https://apis.data.go.kr/B552474/OdsnCodeInquiryService2/getOdsnOrgCodeInquiryList2
0004119,(사)충북경영자총협회,PUB-002B_노인사회활동_기관코드,https://apis.data.go.kr/B552474/OdsnCodeInquiryService2/getOdsnOrgCodeInquiryList2
0004007,목포상공회의소,PUB-002B_노인사회활동_기관코드,https://apis.data.go.kr/B552474/OdsnCodeInquiryService2/getOdsnOrgCodeInquiryList2
0004073,(사)벤처기업협회,PUB-002B_노인사회활동_기관코드,https://apis.data.go.kr/B552474/OdsnCodeInquiryService2/getOdsnOrgCodeInquiryList2
0004203,강원_강릉시지회,PUB-002B_노인사회활동_기관코드,https://apis.data.go.kr/B552474/OdsnCodeInquiryService2/getOdsnOrgCodeInquiryList2
0004215,배재대학교 산학협력단,PUB-002B_노인사회활동_기관코드,https://apis.data.go.kr/B552474/OdsnCodeInquiryService2/getOdsnOrgCodeInquiryList2
0004071,주식회사 커리어업,PUB-002B_노인사회활동_기관코드,https://apis.data.go.kr/B552474/OdsnCodeInquiryService2/getOdsnOrgCodeInquiryList2
0004214,(사)중소기업기술혁신협회부산울산지회,PUB-002B_노인사회활동_기관코드,https://apis.data.go.kr/B552474/OdsnCodeInquiryService2/getOdsnOrgCodeInquiryList2
0004224,스탭스(주)대전센터,PUB-002B_노인사회활동_기관코드,https://apis.data.go.kr/B552474/OdsnCodeInquiryService2/getOdsnOrgCodeInquiryList2
0004254,굿네이버스경북남부지부,PUB-002B_노인사회활동_기관코드,https://apis.data.go.kr/B552474/OdsnCodeInquiryService2/getOdsnOrgCodeInquiryList2
0004255,대경인턴십 통합ID,PUB-002B_노인사회활동_기관코드,https://apis.data.go.kr/B552474/OdsnCodeInquiryService2/getOdsnOrgCodeInquiryList2
0004088,(사)대구경북첨단벤처기업연합회,PUB-002B_노인사회활동_기관코드,https://apis.data.go.kr/B552474/OdsnCodeInquiryService2/getOdsnOrgCodeInquiryList2
0004050,창원노인일자리창출지원센터,PUB-002B_노인사회활동_기관코드,https://apis.data.go.kr/B552474/OdsnCodeInquiryService2/getOdsnOrgCodeInquiryList2
0004105,제이비잡앤컨설팅,PUB-002B_노인사회활동_기관코드,https://apis.data.go.kr/B552474/OdsnCodeInquiryService2/getOdsnOrgCodeInquiryList2
0004028,인천경영자총협회,PUB-002B_노인사회활동_기관코드,https://apis.data.go.kr/B552474/OdsnCodeInquiryService2/getOdsnOrgCodeInquiryList2
0004152,(사)대한노인회강원도연합회,PUB-002B_노인사회활동_기관코드,https://apis.data.go.kr/B552474/OdsnCodeInquiryService2/getOdsnOrgCodeInquiryList2
0004196,강원_고성군지회,PUB-002B_노인사회활동_기관코드,https://apis.data.go.kr/B552474/OdsnCodeInquiryService2/getOdsnOrgCodeInquiryList2
0004218,영동새로일하기지원센터,PUB-002B_노인사회활동_기관코드,https://apis.data.go.kr/B552474/OdsnCodeInquiryService2/getOdsnOrgCodeInquiryList2
0004013,(사)전남경영자총협회,PUB-002B_노인사회활동_기관코드,https://apis.data.go.kr/B552474/OdsnCodeInquiryService2/getOdsnOrgCodeInquiryList2
0004221,희망이음터,PUB-002B_노인사회활동_기관코드,https://apis.data.go.kr/B552474/OdsnCodeInquiryService2/getOdsnOrgCodeInquiryList2
0004209,(사)중소기업기술혁신협회 전북지회,PUB-002B_노인사회활동_기관코드,https://apis.data.go.kr/B552474/OdsnCodeInquiryService2/getOdsnOrgCodeInquiryList2
0004242,실버종합물류,PUB-002B_노인사회활동_기관코드,https://apis.data.go.kr/B552474/OdsnCodeInquiryService2/getOdsnOrgCodeInquiryList2
0004131,(사)고령사회고용진흥원,PUB-002B_노인사회활동_기관코드,https://apis.data.go.kr/B552474/OdsnCodeInquiryService2/getOdsnOrgCodeInquiryList2
0004235,한국노인인력개발원 대구경북지역본부,PUB-002B_노인사회활동_기관코드,https://apis.data.go.kr/B552474/OdsnCodeInquiryService2/getOdsnOrgCodeInquiryList2
0004027,경기동부상공회의소,PUB-002B_노인사회활동_기관코드,https://apis.data.go.kr/B552474/OdsnCodeInquiryService2/getOdsnOrgCodeInquiryList2
0004054,호남테스트,PUB-002B_노인사회활동_기관코드,https://apis.data.go.kr/B552474/OdsnCodeInquiryService2/getOdsnOrgCodeInquiryList2
0004238,한국노인인력개발원 대전충남지역본부,PUB-002B_노인사회활동_기관코드,https://apis.data.go.kr/B552474/OdsnCodeInquiryService2/getOdsnOrgCodeInquiryList2
0004092,(사)대구경영자총협회,PUB-002B_노인사회활동_기관코드,https://apis.data.go.kr/B552474/OdsnCodeInquiryService2/getOdsnOrgCodeInquiryList2
0004002,제주특별자치도경제통상진흥원,PUB-002B_노인사회활동_기관코드,https://apis.data.go.kr/B552474/OdsnCodeInquiryService2/getOdsnOrgCodeInquiryList2
0004024,(주)이클루유니언스,PUB-002B_노인사회활동_기관코드,https://apis.data.go.kr/B552474/OdsnCodeInquiryService2/getOdsnOrgCodeInquiryList2
0004126,주식회사 국제,PUB-002B_노인사회활동_기관코드,https://apis.data.go.kr/B552474/OdsnCodeInquiryService2/getOdsnOrgCodeInquiryList2
0004154,충북 연합회,PUB-002B_노인사회활동_기관코드,https://apis.data.go.kr/B552474/OdsnCodeInquiryService2/getOdsnOrgCodeInquiryList2
0004200,강원_평창군지회,PUB-002B_노인사회활동_기관코드,https://apis.data.go.kr/B552474/OdsnCodeInquiryService2/getOdsnOrgCodeInquiryList2
0004211,제3생애지원협동조합,PUB-002B_노인사회활동_기관코드,https://apis.data.go.kr/B552474/OdsnCodeInquiryService2/getOdsnOrgCodeInquiryList2
0004025,(주)티이에스,PUB-002B_노인사회활동_기관코드,https://apis.data.go.kr/B552474/OdsnCodeInquiryService2/getOdsnOrgCodeInquiryList2
0004127,더조은취업지원센터,PUB-002B_노인사회활동_기관코드,https://apis.data.go.kr/B552474/OdsnCodeInquiryService2/getOdsnOrgCodeInquiryList2
0004011,(사)광주경영자총협회,PUB-002B_노인사회활동_기관코드,https://apis.data.go.kr/B552474/OdsnCodeInquiryService2/getOdsnOrgCodeInquiryList2
0004062,주식회사 미래노무컨설팅,PUB-002B_노인사회활동_기관코드,https://apis.data.go.kr/B552474/OdsnCodeInquiryService2/getOdsnOrgCodeInquiryList2
0004244,(주)휴비즈코리아(민간),PUB-002B_노인사회활동_기관코드,https://apis.data.go.kr/B552474/OdsnCodeInquiryService2/getOdsnOrgCodeInquiryList2
0004146,(사)한국은빛희망협회,PUB-002B_노인사회활동_기관코드,https://apis.data.go.kr/B552474/OdsnCodeInquiryService2/getOdsnOrgCodeInquiryList2
0005097,(주)드로우하트HnS,PUB-002B_노인사회활동_기관코드,https://apis.data.go.kr/B552474/OdsnCodeInquiryService2/getOdsnOrgCodeInquiryList2
0005077,(주)모모,PUB-002B_노인사회활동_기관코드,https://apis.data.go.kr/B552474/OdsnCodeInquiryService2/getOdsnOrgCodeInquiryList2
0005129,터치미,PUB-002B_노인사회활동_기관코드,https://apis.data.go.kr/B552474/OdsnCodeInquiryService2/getOdsnOrgCodeInquiryList2
0005024,미스터베이커리에스(주),PUB-002B_노인사회활동_기관코드,https://apis.data.go.kr/B552474/OdsnCodeInquiryService2/getOdsnOrgCodeInquiryList2
0005022,지수바이오푸드(주),PUB-002B_노인사회활동_기관코드,https://apis.data.go.kr/B552474/OdsnCodeInquiryService2/getOdsnOrgCodeInquiryList2
0004132,주식회사 아이피시,PUB-002B_노인사회활동_기관코드,https://apis.data.go.kr/B552474/OdsnCodeInquiryService2/getOdsnOrgCodeInquiryList2
0004201,강원_철원군지회,PUB-002B_노인사회활동_기관코드,https://apis.data.go.kr/B552474/OdsnCodeInquiryService2/getOdsnOrgCodeInquiryList2
0004205,강원_원주시지회,PUB-002B_노인사회활동_기관코드,https://apis.data.go.kr/B552474/OdsnCodeInquiryService2/getOdsnOrgCodeInquiryList2
0004172,스탭스(주)인천센터,PUB-002B_노인사회활동_기관코드,https://apis.data.go.kr/B552474/OdsnCodeInquiryService2/getOdsnOrgCodeInquiryList2
0004032,경기복지재단,PUB-002B_노인사회활동_기관코드,https://apis.data.go.kr/B552474/OdsnCodeInquiryService2/getOdsnOrgCodeInquiryList2
0004114,(주)티이에스취업아카데미,PUB-002B_노인사회활동_기관코드,https://apis.data.go.kr/B552474/OdsnCodeInquiryService2/getOdsnOrgCodeInquiryList2
0004116,사단법인 대한노인회 고양통합취업지원센터,PUB-002B_노인사회활동_기관코드,https://apis.data.go.kr/B552474/OdsnCodeInquiryService2/getOdsnOrgCodeInquiryList2
0004195,강원_양양군지회,PUB-002B_노인사회활동_기관코드,https://apis.data.go.kr/B552474/OdsnCodeInquiryService2/getOdsnOrgCodeInquiryList2
0004122,(사)대한노인회 충청남도연합회,PUB-002B_노인사회활동_기관코드,https://apis.data.go.kr/B552474/OdsnCodeInquiryService2/getOdsnOrgCodeInquiryList2
0004066,사단법인 중소기업기술혁신협회 경남지회,PUB-002B_노인사회활동_기관코드,https://apis.data.go.kr/B552474/OdsnCodeInquiryService2/getOdsnOrgCodeInquiryList2
0004041,갬콤(주),PUB-002B_노인사회활동_기관코드,https://apis.data.go.kr/B552474/OdsnCodeInquiryService2/getOdsnOrgCodeInquiryList2
0005050,(주)한덩이,PUB-002B_노인사회활동_기관코드,https://apis.data.go.kr/B552474/OdsnCodeInquiryService2/getOdsnOrgCodeInquiryList2
0005118,(주)파란나무새,PUB-002B_노인사회활동_기관코드,https://apis.data.go.kr/B552474/OdsnCodeInquiryService2/getOdsnOrgCodeInquiryList2
0005108,(주)아가펫토탈서비스,PUB-002B_노인사회활동_기관코드,https://apis.data.go.kr/B552474/OdsnCodeInquiryService2/getOdsnOrgCodeInquiryList2
0005064,(주)행복일번지,PUB-002B_노인사회활동_기관코드,https://apis.data.go.kr/B552474/OdsnCodeInquiryService2/getOdsnOrgCodeInquiryList2
0005059,(주)봄날비단,PUB-002B_노인사회활동_기관코드,https://apis.data.go.kr/B552474/OdsnCodeInquiryService2/getOdsnOrgCodeInquiryList2
0005114,(주)햇살가득에프앤비,PUB-002B_노인사회활동_기관코드,https://apis.data.go.kr/B552474/OdsnCodeInquiryService2/getOdsnOrgCodeInquiryList2
0005016,(주)마음터,PUB-002B_노인사회활동_기관코드,https://apis.data.go.kr/B552474/OdsnCodeInquiryService2/getOdsnOrgCodeInquiryList2
0005110,(주)매그너스푸드케어,PUB-002B_노인사회활동_기관코드,https://apis.data.go.kr/B552474/OdsnCodeInquiryService2/getOdsnOrgCodeInquiryList2
0005078,(주)청정드라이크리닝,PUB-002B_노인사회활동_기관코드,https://apis.data.go.kr/B552474/OdsnCodeInquiryService2/getOdsnOrgCodeInquiryList2
0005131,(주)에코스토리,PUB-002B_노인사회활동_기관코드,https://apis.data.go.kr/B552474/OdsnCodeInquiryService2/getOdsnOrgCodeInquiryList2
0005026,(주)천년누리,PUB-002B_노인사회활동_기관코드,https://apis.data.go.kr/B552474/OdsnCodeInquiryService2/getOdsnOrgCodeInquiryList2
0005032,(주)청초원피앤에프,PUB-002B_노인사회활동_기관코드,https://apis.data.go.kr/B552474/OdsnCodeInquiryService2/getOdsnOrgCodeInquiryList2
0005013,(주)이웃애,PUB-002B_노인사회활동_기관코드,https://apis.data.go.kr/B552474/OdsnCodeInquiryService2/getOdsnOrgCodeInquiryList2
0005081,(주)천년미인,PUB-002B_노인사회활동_기관코드,https://apis.data.go.kr/B552474/OdsnCodeInquiryService2/getOdsnOrgCodeInquiryList2
0005105,(주)지아이엘,PUB-002B_노인사회활동_기관코드,https://apis.data.go.kr/B552474/OdsnCodeInquiryService2/getOdsnOrgCodeInquiryList2
0005073,(주)핸디맨서비스,PUB-002B_노인사회활동_기관코드,https://apis.data.go.kr/B552474/OdsnCodeInquiryService2/getOdsnOrgCodeInquiryList2
0005123,(주)인천친환경종합유통,PUB-002B_노인사회활동_기관코드,https://apis.data.go.kr/B552474/OdsnCodeInquiryService2/getOdsnOrgCodeInquiryList2
0005023,(주)미추홀카페,PUB-002B_노인사회활동_기관코드,https://apis.data.go.kr/B552474/OdsnCodeInquiryService2/getOdsnOrgCodeInquiryList2
0005030,(주)탑리서치코리아,PUB-002B_노인사회활동_기관코드,https://apis.data.go.kr/B552474/OdsnCodeInquiryService2/getOdsnOrgCodeInquiryList2
0005086,(유)농업유한회사 고마음,PUB-002B_노인사회활동_기관코드,https://apis.data.go.kr/B552474/OdsnCodeInquiryService2/getOdsnOrgCodeInquiryList2
0005074,서울실버종합물류(주),PUB-002B_노인사회활동_기관코드,https://apis.data.go.kr/B552474/OdsnCodeInquiryService2/getOdsnOrgCodeInquiryList2
0005093,(주)만나타운,PUB-002B_노인사회활동_기관코드,https://apis.data.go.kr/B552474/OdsnCodeInquiryService2/getOdsnOrgCodeInquiryList2
0005071,(주)장수마을,PUB-002B_노인사회활동_기관코드,https://apis.data.go.kr/B552474/OdsnCodeInquiryService2/getOdsnOrgCodeInquiryList2
0005122,(주)블리스,PUB-002B_노인사회활동_기관코드,https://apis.data.go.kr/B552474/OdsnCodeInquiryService2/getOdsnOrgCodeInquiryList2
0005021,(주)자인에프앤이,PUB-002B_노인사회활동_기관코드,https://apis.data.go.kr/B552474/OdsnCodeInquiryService2/getOdsnOrgCodeInquiryList2
0005029,지평선에프앤에프(주),PUB-002B_노인사회활동_기관코드,https://apis.data.go.kr/B552474/OdsnCodeInquiryService2/getOdsnOrgCodeInquiryList2
0005080,(주)고수록식품,PUB-002B_노인사회활동_기관코드,https://apis.data.go.kr/B552474/OdsnCodeInquiryService2/getOdsnOrgCodeInquiryList2
0005070,보금자리산후조리원,PUB-002B_노인사회활동_기관코드,https://apis.data.go.kr/B552474/OdsnCodeInquiryService2/getOdsnOrgCodeInquiryList2
0005127,한민토탈물류,PUB-002B_노인사회활동_기관코드,https://apis.data.go.kr/B552474/OdsnCodeInquiryService2/getOdsnOrgCodeInquiryList2
0005089,경남실버종합물류 주식회사,PUB-002B_노인사회활동_기관코드,https://apis.data.go.kr/B552474/OdsnCodeInquiryService2/getOdsnOrgCodeInquiryList2
0005058,실버네트웍스(주),PUB-002B_노인사회활동_기관코드,https://apis.data.go.kr/B552474/OdsnCodeInquiryService2/getOdsnOrgCodeInquiryList2
0005061,(주)다원공방,PUB-002B_노인사회활동_기관코드,https://apis.data.go.kr/B552474/OdsnCodeInquiryService2/getOdsnOrgCodeInquiryList2
0005119,(주)남원시니어클럽,PUB-002B_노인사회활동_기관코드,https://apis.data.go.kr/B552474/OdsnCodeInquiryService2/getOdsnOrgCodeInquiryList2
0005072,(주)토우엔터프라이즈,PUB-002B_노인사회활동_기관코드,https://apis.data.go.kr/B552474/OdsnCodeInquiryService2/getOdsnOrgCodeInquiryList2
0005068,(주)엠코리아,PUB-002B_노인사회활동_기관코드,https://apis.data.go.kr/B552474/OdsnCodeInquiryService2/getOdsnOrgCodeInquiryList2
0005121,(주)그린트리,PUB-002B_노인사회활동_기관코드,https://apis.data.go.kr/B552474/OdsnCodeInquiryService2/getOdsnOrgCodeInquiryList2
0005020,(주)올위드,PUB-002B_노인사회활동_기관코드,https://apis.data.go.kr/B552474/OdsnCodeInquiryService2/getOdsnOrgCodeInquiryList2
0005025,(주)은영수산,PUB-002B_노인사회활동_기관코드,https://apis.data.go.kr/B552474/OdsnCodeInquiryService2/getOdsnOrgCodeInquiryList2
0005120,(주)찬이랑밥이랑,PUB-002B_노인사회활동_기관코드,https://apis.data.go.kr/B552474/OdsnCodeInquiryService2/getOdsnOrgCodeInquiryList2
0005019,(주)보현,PUB-002B_노인사회활동_기관코드,https://apis.data.go.kr/B552474/OdsnCodeInquiryService2/getOdsnOrgCodeInquiryList2
0005018,(주)시니어맘,PUB-002B_노인사회활동_기관코드,https://apis.data.go.kr/B552474/OdsnCodeInquiryService2/getOdsnOrgCodeInquiryList2
0005053,(주)좋은사람들,PUB-002B_노인사회활동_기관코드,https://apis.data.go.kr/B552474/OdsnCodeInquiryService2/getOdsnOrgCodeInquiryList2
0005056,(주)지엠코퍼레이션,PUB-002B_노인사회활동_기관코드,https://apis.data.go.kr/B552474/OdsnCodeInquiryService2/getOdsnOrgCodeInquiryList2
0005113,(유)새참수레2호점,PUB-002B_노인사회활동_기관코드,https://apis.data.go.kr/B552474/OdsnCodeInquiryService2/getOdsnOrgCodeInquiryList2
0005069,(주)가치무리,PUB-002B_노인사회활동_기관코드,https://apis.data.go.kr/B552474/OdsnCodeInquiryService2/getOdsnOrgCodeInquiryList2
0005052,(주)추억더하기,PUB-002B_노인사회활동_기관코드,https://apis.data.go.kr/B552474/OdsnCodeInquiryService2/getOdsnOrgCodeInquiryList2
0005130,(주)에코알씨,PUB-002B_노인사회활동_기관코드,https://apis.data.go.kr/B552474/OdsnCodeInquiryService2/getOdsnOrgCodeInquiryList2
0005047,(주)새하얀크린세탁,PUB-002B_노인사회활동_기관코드,https://apis.data.go.kr/B552474/OdsnCodeInquiryService2/getOdsnOrgCodeInquiryList2
0005112,(유)여수꽃빵,PUB-002B_노인사회활동_기관코드,https://apis.data.go.kr/B552474/OdsnCodeInquiryService2/getOdsnOrgCodeInquiryList2
0005066,실버앤골드(주),PUB-002B_노인사회활동_기관코드,https://apis.data.go.kr/B552474/OdsnCodeInquiryService2/getOdsnOrgCodeInquiryList2
0005060,(주)청정콩나물,PUB-002B_노인사회활동_기관코드,https://apis.data.go.kr/B552474/OdsnCodeInquiryService2/getOdsnOrgCodeInquiryList2
0005117,회계법인새시대,PUB-002B_노인사회활동_기관코드,https://apis.data.go.kr/B552474/OdsnCodeInquiryService2/getOdsnOrgCodeInquiryList2
0005017,(주)보듬이,PUB-002B_노인사회활동_기관코드,https://apis.data.go.kr/B552474/OdsnCodeInquiryService2/getOdsnOrgCodeInquiryList2
0005015,(주)희망과복지,PUB-002B_노인사회활동_기관코드,https://apis.data.go.kr/B552474/OdsnCodeInquiryService2/getOdsnOrgCodeInquiryList2
0005049,(주)자원과사람,PUB-002B_노인사회활동_기관코드,https://apis.data.go.kr/B552474/OdsnCodeInquiryService2/getOdsnOrgCodeInquiryList2
0005107,(주)장수채팜스,PUB-002B_노인사회활동_기관코드,https://apis.data.go.kr/B552474/OdsnCodeInquiryService2/getOdsnOrgCodeInquiryList2
0005041,(주)행락,PUB-002B_노인사회활동_기관코드,https://apis.data.go.kr/B552474/OdsnCodeInquiryService2/getOdsnOrgCodeInquiryList2
0005101,(주)가이하우스,PUB-002B_노인사회활동_기관코드,https://apis.data.go.kr/B552474/OdsnCodeInquiryService2/getOdsnOrgCodeInquiryList2
0005065,(주)언약시니어,PUB-002B_노인사회활동_기관코드,https://apis.data.go.kr/B552474/OdsnCodeInquiryService2/getOdsnOrgCodeInquiryList2
0005055,옥승농산 주식회사,PUB-002B_노인사회활동_기관코드,https://apis.data.go.kr/B552474/OdsnCodeInquiryService2/getOdsnOrgCodeInquiryList2
0005109,(주)고려패키지,PUB-002B_노인사회활동_기관코드,https://apis.data.go.kr/B552474/OdsnCodeInquiryService2/getOdsnOrgCodeInquiryList2
0005095,대한민국동작 주식회사,PUB-002B_노인사회활동_기관코드,https://apis.data.go.kr/B552474/OdsnCodeInquiryService2/getOdsnOrgCodeInquiryList2
0005106,(주)삼정,PUB-002B_노인사회활동_기관코드,https://apis.data.go.kr/B552474/OdsnCodeInquiryService2/getOdsnOrgCodeInquiryList2
0005054,(주)섬강,PUB-002B_노인사회활동_기관코드,https://apis.data.go.kr/B552474/OdsnCodeInquiryService2/getOdsnOrgCodeInquiryList2
0005098,(주)옛솜씨힐링빌리지,PUB-002B_노인사회활동_기관코드,https://apis.data.go.kr/B552474/OdsnCodeInquiryService2/getOdsnOrgCodeInquiryList2
0005104,(주)지윙스,PUB-002B_노인사회활동_기관코드,https://apis.data.go.kr/B552474/OdsnCodeInquiryService2/getOdsnOrgCodeInquiryList2
0005102,(주)보네베이커리,PUB-002B_노인사회활동_기관코드,https://apis.data.go.kr/B552474/OdsnCodeInquiryService2/getOdsnOrgCodeInquiryList2
0005100,(주)태랑,PUB-002B_노인사회활동_기관코드,https://apis.data.go.kr/B552474/OdsnCodeInquiryService2/getOdsnOrgCodeInquiryList2
0005057,(주)실버종합물류,PUB-002B_노인사회활동_기관코드,https://apis.data.go.kr/B552474/OdsnCodeInquiryService2/getOdsnOrgCodeInquiryList2
0005128,유원씨에스브이,PUB-002B_노인사회활동_기관코드,https://apis.data.go.kr/B552474/OdsnCodeInquiryService2/getOdsnOrgCodeInquiryList2
0005048,(주)사진과사람,PUB-002B_노인사회활동_기관코드,https://apis.data.go.kr/B552474/OdsnCodeInquiryService2/getOdsnOrgCodeInquiryList2
0005094,(주)할머니손맛,PUB-002B_노인사회활동_기관코드,https://apis.data.go.kr/B552474/OdsnCodeInquiryService2/getOdsnOrgCodeInquiryList2
0005090,에코실버,PUB-002B_노인사회활동_기관코드,https://apis.data.go.kr/B552474/OdsnCodeInquiryService2/getOdsnOrgCodeInquiryList2
0005033,(주)에이지상조,PUB-002B_노인사회활동_기관코드,https://apis.data.go.kr/B552474/OdsnCodeInquiryService2/getOdsnOrgCodeInquiryList2
0005099,(주)모세코리아,PUB-002B_노인사회활동_기관코드,https://apis.data.go.kr/B552474/OdsnCodeInquiryService2/getOdsnOrgCodeInquiryList2
0005096,(주)디렉션스,PUB-002B_노인사회활동_기관코드,https://apis.data.go.kr/B552474/OdsnCodeInquiryService2/getOdsnOrgCodeInquiryList2
0005051,(주)위산업,PUB-002B_노인사회활동_기관코드,https://apis.data.go.kr/B552474/OdsnCodeInquiryService2/getOdsnOrgCodeInquiryList2
0005126,도란푸드,PUB-002B_노인사회활동_기관코드,https://apis.data.go.kr/B552474/OdsnCodeInquiryService2/getOdsnOrgCodeInquiryList2
0005085,(주)오바다푸드팩토리,PUB-002B_노인사회활동_기관코드,https://apis.data.go.kr/B552474/OdsnCodeInquiryService2/getOdsnOrgCodeInquiryList2
0005103,(주)GMF,PUB-002B_노인사회활동_기관코드,https://apis.data.go.kr/B552474/OdsnCodeInquiryService2/getOdsnOrgCodeInquiryList2
0005011,(주)딜리셔스플랜,PUB-002B_노인사회활동_기관코드,https://apis.data.go.kr/B552474/OdsnCodeInquiryService2/getOdsnOrgCodeInquiryList2
0005091,(주)동그라미,PUB-002B_노인사회활동_기관코드,https://apis.data.go.kr/B552474/OdsnCodeInquiryService2/getOdsnOrgCodeInquiryList2
0005125,(주)양촌여울체험캠프,PUB-002B_노인사회활동_기관코드,https://apis.data.go.kr/B552474/OdsnCodeInquiryService2/getOdsnOrgCodeInquiryList2
0005014,(주)6088식품,PUB-002B_노인사회활동_기관코드,https://apis.data.go.kr/B552474/OdsnCodeInquiryService2/getOdsnOrgCodeInquiryList2
0005088,(주)리아프,PUB-002B_노인사회활동_기관코드,https://apis.data.go.kr/B552474/OdsnCodeInquiryService2/getOdsnOrgCodeInquiryList2
0005124,(주)이스타,PUB-002B_노인사회활동_기관코드,https://apis.data.go.kr/B552474/OdsnCodeInquiryService2/getOdsnOrgCodeInquiryList2
0005084,518시니어센터,PUB-002B_노인사회활동_기관코드,https://apis.data.go.kr/B552474/OdsnCodeInquiryService2/getOdsnOrgCodeInquiryList2
0005028,(주)커피플러스,PUB-002B_노인사회활동_기관코드,https://apis.data.go.kr/B552474/OdsnCodeInquiryService2/getOdsnOrgCodeInquiryList2
0005079,(주)솔빛가구,PUB-002B_노인사회활동_기관코드,https://apis.data.go.kr/B552474/OdsnCodeInquiryService2/getOdsnOrgCodeInquiryList2
0005027,(주)새참수레,PUB-002B_노인사회활동_기관코드,https://apis.data.go.kr/B552474/OdsnCodeInquiryService2/getOdsnOrgCodeInquiryList2
0005034,(주)희망충전,PUB-002B_노인사회활동_기관코드,https://apis.data.go.kr/B552474/OdsnCodeInquiryService2/getOdsnOrgCodeInquiryList2
0005010,(주)덕용잡스,PUB-002B_노인사회활동_기관코드,https://apis.data.go.kr/B552474/OdsnCodeInquiryService2/getOdsnOrgCodeInquiryList2
0005087,(유)카멜레온 농업회사법인,PUB-002B_노인사회활동_기관코드,https://apis.data.go.kr/B552474/OdsnCodeInquiryService2/getOdsnOrgCodeInquiryList2
0005111,(주)새누에스씨,PUB-002B_노인사회활동_기관코드,https://apis.data.go.kr/B552474/OdsnCodeInquiryService2/getOdsnOrgCodeInquiryList2
0005009,(주)고을,PUB-002B_노인사회활동_기관코드,https://apis.data.go.kr/B552474/OdsnCodeInquiryService2/getOdsnOrgCodeInquiryList2
0005076,(주)시니어허브,PUB-002B_노인사회활동_기관코드,https://apis.data.go.kr/B552474/OdsnCodeInquiryService2/getOdsnOrgCodeInquiryList2
0004194,대한노인회 강원 인제군지회,PUB-002B_노인사회활동_기관코드,https://apis.data.go.kr/B552474/OdsnCodeInquiryService2/getOdsnOrgCodeInquiryList2
0006002,서울테스트기관,PUB-002B_노인사회활동_기관코드,https://apis.data.go.kr/B552474/OdsnCodeInquiryService2/getOdsnOrgCodeInquiryList2
0006004,(주)보네베이커리,PUB-002B_노인사회활동_기관코드,https://apis.data.go.kr/B552474/OdsnCodeInquiryService2/getOdsnOrgCodeInquiryList2
0006005,세계교육연구학회,PUB-002B_노인사회활동_기관코드,https://apis.data.go.kr/B552474/OdsnCodeInquiryService2/getOdsnOrgCodeInquiryList2
0004081,(사)중소기업기술혁신협회 강원지회,PUB-002B_노인사회활동_기관코드,https://apis.data.go.kr/B552474/OdsnCodeInquiryService2/getOdsnOrgCodeInquiryList2
0006014,(주)디렉션스,PUB-002B_노인사회활동_기관코드,https://apis.data.go.kr/B552474/OdsnCodeInquiryService2/getOdsnOrgCodeInquiryList2
0006023,대한노인회 강원특별자치도연합회,PUB-002B_노인사회활동_기관코드,https://apis.data.go.kr/B552474/OdsnCodeInquiryService2/getOdsnOrgCodeInquiryList2
0006026,대한노인회 동해시지회,PUB-002B_노인사회활동_기관코드,https://apis.data.go.kr/B552474/OdsnCodeInquiryService2/getOdsnOrgCodeInquiryList2
0006041,마포구수어통역센터,PUB-002B_노인사회활동_기관코드,https://apis.data.go.kr/B552474/OdsnCodeInquiryService2/getOdsnOrgCodeInquiryList2
0006042,양산노인일자리창출지원센터,PUB-002B_노인사회활동_기관코드,https://apis.data.go.kr/B552474/OdsnCodeInquiryService2/getOdsnOrgCodeInquiryList2
0006047,(사)한국안정교육협회서울분소,PUB-002B_노인사회활동_기관코드,https://apis.data.go.kr/B552474/OdsnCodeInquiryService2/getOdsnOrgCodeInquiryList2
0006050,양덕2동주민센터,PUB-002B_노인사회활동_기관코드,https://apis.data.go.kr/B552474/OdsnCodeInquiryService2/getOdsnOrgCodeInquiryList2
0006051,한국진로직업개발원,PUB-002B_노인사회활동_기관코드,https://apis.data.go.kr/B552474/OdsnCodeInquiryService2/getOdsnOrgCodeInquiryList2
0006053,시민종합사회복지관,PUB-002B_노인사회활동_기관코드,https://apis.data.go.kr/B552474/OdsnCodeInquiryService2/getOdsnOrgCodeInquiryList2
0006056,사단법인어게인시니어협회,PUB-002B_노인사회활동_기관코드,https://apis.data.go.kr/B552474/OdsnCodeInquiryService2/getOdsnOrgCodeInquiryList2
0006059,비전1동주민센터,PUB-002B_노인사회활동_기관코드,https://apis.data.go.kr/B552474/OdsnCodeInquiryService2/getOdsnOrgCodeInquiryList2
0006062,영월군청소년수련관,PUB-002B_노인사회활동_기관코드,https://apis.data.go.kr/B552474/OdsnCodeInquiryService2/getOdsnOrgCodeInquiryList2
0006063,영월군청소년수련관,PUB-002B_노인사회활동_기관코드,https://apis.data.go.kr/B552474/OdsnCodeInquiryService2/getOdsnOrgCodeInquiryList2
0006064,(주)시니어탑클린,PUB-002B_노인사회활동_기관코드,https://apis.data.go.kr/B552474/OdsnCodeInquiryService2/getOdsnOrgCodeInquiryList2
0004257,대한노인회 강원 동해시지회,PUB-002B_노인사회활동_기관코드,https://apis.data.go.kr/B552474/OdsnCodeInquiryService2/getOdsnOrgCodeInquiryList2
0004207,(사)대한노인회 속초시지회,PUB-002B_노인사회활동_기관코드,https://apis.data.go.kr/B552474/OdsnCodeInquiryService2/getOdsnOrgCodeInquiryList2
0006009,한원복지재단,PUB-002B_노인사회활동_기관코드,https://apis.data.go.kr/B552474/OdsnCodeInquiryService2/getOdsnOrgCodeInquiryList2
0006012,차세대사업단-기관테스트,PUB-002B_노인사회활동_기관코드,https://apis.data.go.kr/B552474/OdsnCodeInquiryService2/getOdsnOrgCodeInquiryList2
0006013,삼척시노인복지관,PUB-002B_노인사회활동_기관코드,https://apis.data.go.kr/B552474/OdsnCodeInquiryService2/getOdsnOrgCodeInquiryList2
0004160,대한노인회울산광역시연합회,PUB-002B_노인사회활동_기관코드,https://apis.data.go.kr/B552474/OdsnCodeInquiryService2/getOdsnOrgCodeInquiryList2
0006018,(유)새참수레2호점,PUB-002B_노인사회활동_기관코드,https://apis.data.go.kr/B552474/OdsnCodeInquiryService2/getOdsnOrgCodeInquiryList2
0006027,(추경)강원_속초시지회,PUB-002B_노인사회활동_기관코드,https://apis.data.go.kr/B552474/OdsnCodeInquiryService2/getOdsnOrgCodeInquiryList2
0006048,사단법인 활짝미래연대,PUB-002B_노인사회활동_기관코드,https://apis.data.go.kr/B552474/OdsnCodeInquiryService2/getOdsnOrgCodeInquiryList2
0006054,풍경노인복지센터,PUB-002B_노인사회활동_기관코드,https://apis.data.go.kr/B552474/OdsnCodeInquiryService2/getOdsnOrgCodeInquiryList2
0006067,화성시서부노인복지관,PUB-002B_노인사회활동_기관코드,https://apis.data.go.kr/B552474/OdsnCodeInquiryService2/getOdsnOrgCodeInquiryList2
0006068,(주)서귀포시니어클럽말끄미,PUB-002B_노인사회활동_기관코드,https://apis.data.go.kr/B552474/OdsnCodeInquiryService2/getOdsnOrgCodeInquiryList2
0006001,차세대새누리사업단,PUB-002B_노인사회활동_기관코드,https://apis.data.go.kr/B552474/OdsnCodeInquiryService2/getOdsnOrgCodeInquiryList2
0006007,태안노인복지관,PUB-002B_노인사회활동_기관코드,https://apis.data.go.kr/B552474/OdsnCodeInquiryService2/getOdsnOrgCodeInquiryList2
0004043,(주)코잡,PUB-002B_노인사회활동_기관코드,https://apis.data.go.kr/B552474/OdsnCodeInquiryService2/getOdsnOrgCodeInquiryList2
0006016,아가펫토탈서비스,PUB-002B_노인사회활동_기관코드,https://apis.data.go.kr/B552474/OdsnCodeInquiryService2/getOdsnOrgCodeInquiryList2
0006020,강동시니어클럽,PUB-002B_노인사회활동_기관코드,https://apis.data.go.kr/B552474/OdsnCodeInquiryService2/getOdsnOrgCodeInquiryList2
0006024,판교노인종합복지관,PUB-002B_노인사회활동_기관코드,https://apis.data.go.kr/B552474/OdsnCodeInquiryService2/getOdsnOrgCodeInquiryList2
0006039,(추경)강원_삼척시지회,PUB-002B_노인사회활동_기관코드,https://apis.data.go.kr/B552474/OdsnCodeInquiryService2/getOdsnOrgCodeInquiryList2
0006043,홍은1동주민센터,PUB-002B_노인사회활동_기관코드,https://apis.data.go.kr/B552474/OdsnCodeInquiryService2/getOdsnOrgCodeInquiryList2
0006044,(주)신원기술,PUB-002B_노인사회활동_기관코드,https://apis.data.go.kr/B552474/OdsnCodeInquiryService2/getOdsnOrgCodeInquiryList2
0006045,하이그린사회적협동조합,PUB-002B_노인사회활동_기관코드,https://apis.data.go.kr/B552474/OdsnCodeInquiryService2/getOdsnOrgCodeInquiryList2
0006046,나눔의 둥지,PUB-002B_노인사회활동_기관코드,https://apis.data.go.kr/B552474/OdsnCodeInquiryService2/getOdsnOrgCodeInquiryList2
0006049,(사)한국진로직업개발원,PUB-002B_노인사회활동_기관코드,https://apis.data.go.kr/B552474/OdsnCodeInquiryService2/getOdsnOrgCodeInquiryList2
0006052,사회복지법인 작은공 인제군사회복지관,PUB-002B_노인사회활동_기관코드,https://apis.data.go.kr/B552474/OdsnCodeInquiryService2/getOdsnOrgCodeInquiryList2
0006055,두암종합사회복지관,PUB-002B_노인사회활동_기관코드,https://apis.data.go.kr/B552474/OdsnCodeInquiryService2/getOdsnOrgCodeInquiryList2
0006057,사)어게인시니어협회,PUB-002B_노인사회활동_기관코드,https://apis.data.go.kr/B552474/OdsnCodeInquiryService2/getOdsnOrgCodeInquiryList2
0006058,사)어게인시니어협회,PUB-002B_노인사회활동_기관코드,https://apis.data.go.kr/B552474/OdsnCodeInquiryService2/getOdsnOrgCodeInquiryList2
0006061,영등포시니어클럽,PUB-002B_노인사회활동_기관코드,https://apis.data.go.kr/B552474/OdsnCodeInquiryService2/getOdsnOrgCodeInquiryList2
0006066,계양구노인인력개발센터,PUB-002B_노인사회활동_기관코드,https://apis.data.go.kr/B552474/OdsnCodeInquiryService2/getOdsnOrgCodeInquiryList2
0006075,경기평택시지회,PUB-002B_노인사회활동_기관코드,https://apis.data.go.kr/B552474/OdsnCodeInquiryService2/getOdsnOrgCodeInquiryList2
0006069,대한노인회 고흥군지회,PUB-002B_노인사회활동_기관코드,https://apis.data.go.kr/B552474/OdsnCodeInquiryService2/getOdsnOrgCodeInquiryList2
0006074,대한노인회 전남 구례군지회,PUB-002B_노인사회활동_기관코드,https://apis.data.go.kr/B552474/OdsnCodeInquiryService2/getOdsnOrgCodeInquiryList2
0006070,오산실버인력뱅크,PUB-002B_노인사회활동_기관코드,https://apis.data.go.kr/B552474/OdsnCodeInquiryService2/getOdsnOrgCodeInquiryList2
0006071,대한노인회 경북 문경시지회,PUB-002B_노인사회활동_기관코드,https://apis.data.go.kr/B552474/OdsnCodeInquiryService2/getOdsnOrgCodeInquiryList2
0006072,파주시노인복지관,PUB-002B_노인사회활동_기관코드,https://apis.data.go.kr/B552474/OdsnCodeInquiryService2/getOdsnOrgCodeInquiryList2
0006077,광주광역시사회서비스원 빛고을노인건강타운,PUB-002B_노인사회활동_기관코드,https://apis.data.go.kr/B552474/OdsnCodeInquiryService2/getOdsnOrgCodeInquiryList2
0006078,세종시 행복노인복지센터,PUB-002B_노인사회활동_기관코드,https://apis.data.go.kr/B552474/OdsnCodeInquiryService2/getOdsnOrgCodeInquiryList2
0006079,대구동구노인종합복지관,PUB-002B_노인사회활동_기관코드,https://apis.data.go.kr/B552474/OdsnCodeInquiryService2/getOdsnOrgCodeInquiryList2
0006081,금성노인복지관,PUB-002B_노인사회활동_기관코드,https://apis.data.go.kr/B552474/OdsnCodeInquiryService2/getOdsnOrgCodeInquiryList2
0006082,경산시어르신종합복지관,PUB-002B_노인사회활동_기관코드,https://apis.data.go.kr/B552474/OdsnCodeInquiryService2/getOdsnOrgCodeInquiryList2
0006080,장수군노인장애인복지관,PUB-002B_노인사회활동_기관코드,https://apis.data.go.kr/B552474/OdsnCodeInquiryService2/getOdsnOrgCodeInquiryList2
0006073,목동어르신복지관,PUB-002B_노인사회활동_기관코드,https://apis.data.go.kr/B552474/OdsnCodeInquiryService2/getOdsnOrgCodeInquiryList2
0007083,고양시원흥종합사회복지관,PUB-002B_노인사회활동_기관코드,https://apis.data.go.kr/B552474/OdsnCodeInquiryService2/getOdsnOrgCodeInquiryList2
0010083,동산노인복지센터,PUB-002B_노인사회활동_기관코드,https://apis.data.go.kr/B552474/OdsnCodeInquiryService2/getOdsnOrgCodeInquiryList2
0016083,test재능기관,PUB-002B_노인사회활동_기관코드,https://apis.data.go.kr/B552474/OdsnCodeInquiryService2/getOdsnOrgCodeInquiryList2
0020083,화성시동탄노인복지관,PUB-002B_노인사회활동_기관코드,https://apis.data.go.kr/B552474/OdsnCodeInquiryService2/getOdsnOrgCodeInquiryList2
0021085,대구경북노인취업교육센터,PUB-002B_노인사회활동_기관코드,https://apis.data.go.kr/B552474/OdsnCodeInquiryService2/getOdsnOrgCodeInquiryList2
0030083,(주)에버영피플,PUB-002B_노인사회활동_기관코드,https://apis.data.go.kr/B552474/OdsnCodeInquiryService2/getOdsnOrgCodeInquiryList2
0038083,은빛노인복지센터,PUB-002B_노인사회활동_기관코드,https://apis.data.go.kr/B552474/OdsnCodeInquiryService2/getOdsnOrgCodeInquiryList2
0043083,더불어실버팜,PUB-002B_노인사회활동_기관코드,https://apis.data.go.kr/B552474/OdsnCodeInquiryService2/getOdsnOrgCodeInquiryList2
0045083,대한불교천태종복지재단 부산지부,PUB-002B_노인사회활동_기관코드,https://apis.data.go.kr/B552474/OdsnCodeInquiryService2/getOdsnOrgCodeInquiryList2
0051083,송라면사무소,PUB-002B_노인사회활동_기관코드,https://apis.data.go.kr/B552474/OdsnCodeInquiryService2/getOdsnOrgCodeInquiryList2
0053083,김제시 성덕면,PUB-002B_노인사회활동_기관코드,https://apis.data.go.kr/B552474/OdsnCodeInquiryService2/getOdsnOrgCodeInquiryList2
0003044,한국노인인력개발원 서울지역본부,PUB-002B_노인사회활동_기관코드,https://apis.data.go.kr/B552474/OdsnCodeInquiryService2/getOdsnOrgCodeInquiryList2
0015083,(주)유니에스,PUB-002B_노인사회활동_기관코드,https://apis.data.go.kr/B552474/OdsnCodeInquiryService2/getOdsnOrgCodeInquiryList2
0017083,공주시니어클럽,PUB-002B_노인사회활동_기관코드,https://apis.data.go.kr/B552474/OdsnCodeInquiryService2/getOdsnOrgCodeInquiryList2
0001691,분당노인종합복지관,PUB-002B_노인사회활동_기관코드,https://apis.data.go.kr/B552474/OdsnCodeInquiryService2/getOdsnOrgCodeInquiryList2
0026084,부민노인복지관,PUB-002B_노인사회활동_기관코드,https://apis.data.go.kr/B552474/OdsnCodeInquiryService2/getOdsnOrgCodeInquiryList2
0027083,안성시새마을회,PUB-002B_노인사회활동_기관코드,https://apis.data.go.kr/B552474/OdsnCodeInquiryService2/getOdsnOrgCodeInquiryList2
0000969,무안군종합사회복지관,PUB-002B_노인사회활동_기관코드,https://apis.data.go.kr/B552474/OdsnCodeInquiryService2/getOdsnOrgCodeInquiryList2
0030085,에코바이오초크(주),PUB-002B_노인사회활동_기관코드,https://apis.data.go.kr/B552474/OdsnCodeInquiryService2/getOdsnOrgCodeInquiryList2
0032084,우리문화연구회,PUB-002B_노인사회활동_기관코드,https://apis.data.go.kr/B552474/OdsnCodeInquiryService2/getOdsnOrgCodeInquiryList2
0032085,사단법인 동그라미솔빛,PUB-002B_노인사회활동_기관코드,https://apis.data.go.kr/B552474/OdsnCodeInquiryService2/getOdsnOrgCodeInquiryList2
0033083,베스트노인복지센터,PUB-002B_노인사회활동_기관코드,https://apis.data.go.kr/B552474/OdsnCodeInquiryService2/getOdsnOrgCodeInquiryList2
0035083,사랑방노인복지함열센터,PUB-002B_노인사회활동_기관코드,https://apis.data.go.kr/B552474/OdsnCodeInquiryService2/getOdsnOrgCodeInquiryList2
0041083,주식회사 홍익월드,PUB-002B_노인사회활동_기관코드,https://apis.data.go.kr/B552474/OdsnCodeInquiryService2/getOdsnOrgCodeInquiryList2
0001779,인천 중구 노인장애인과,PUB-002B_노인사회활동_기관코드,https://apis.data.go.kr/B552474/OdsnCodeInquiryService2/getOdsnOrgCodeInquiryList2
0054085,충남 연합회,PUB-002B_노인사회활동_기관코드,https://apis.data.go.kr/B552474/OdsnCodeInquiryService2/getOdsnOrgCodeInquiryList2
0071083,(주)옛솜씨힐링빌？,PUB-002B_노인사회활동_기관코드,https://apis.data.go.kr/B552474/OdsnCodeInquiryService2/getOdsnOrgCodeInquiryList2
0076083,(재)경상남도평생교육진흥원,PUB-002B_노인사회활동_기관코드,https://apis.data.go.kr/B552474/OdsnCodeInquiryService2/getOdsnOrgCodeInquiryList2
0076086,제주평생교육장학진흥원,PUB-002B_노인사회활동_기관코드,https://apis.data.go.kr/B552474/OdsnCodeInquiryService2/getOdsnOrgCodeInquiryList2
0077083,사회복지법인하섬원이서노인복지센터,PUB-002B_노인사회활동_기관코드,https://apis.data.go.kr/B552474/OdsnCodeInquiryService2/getOdsnOrgCodeInquiryList2
0001232,가남반석노인주간보호센터,PUB-002B_노인사회활동_기관코드,https://apis.data.go.kr/B552474/OdsnCodeInquiryService2/getOdsnOrgCodeInquiryList2
0080083,여수시 치매안심센터,PUB-002B_노인사회활동_기관코드,https://apis.data.go.kr/B552474/OdsnCodeInquiryService2/getOdsnOrgCodeInquiryList2
0081083,청주시 청원보건소(치매안심센터),PUB-002B_노인사회활동_기관코드,https://apis.data.go.kr/B552474/OdsnCodeInquiryService2/getOdsnOrgCodeInquiryList2
0083083,서귀포 보건소(치매안심센터),PUB-002B_노인사회활동_기관코드,https://apis.data.go.kr/B552474/OdsnCodeInquiryService2/getOdsnOrgCodeInquiryList2
0085083,대전서구 치매안심센터,PUB-002B_노인사회활동_기관코드,https://apis.data.go.kr/B552474/OdsnCodeInquiryService2/getOdsnOrgCodeInquiryList2
0022085,중부노인취업교육센터,PUB-002B_노인사회활동_기관코드,https://apis.data.go.kr/B552474/OdsnCodeInquiryService2/getOdsnOrgCodeInquiryList2
0023083,사단법인 고령사회고용진흥원 경기지사,PUB-002B_노인사회활동_기관코드,https://apis.data.go.kr/B552474/OdsnCodeInquiryService2/getOdsnOrgCodeInquiryList2
0027084,서구노인복지관,PUB-002B_노인사회활동_기관코드,https://apis.data.go.kr/B552474/OdsnCodeInquiryService2/getOdsnOrgCodeInquiryList2
0031083,(주)로제타에스,PUB-002B_노인사회활동_기관코드,https://apis.data.go.kr/B552474/OdsnCodeInquiryService2/getOdsnOrgCodeInquiryList2
0031084,주식회사 기장푸드,PUB-002B_노인사회활동_기관코드,https://apis.data.go.kr/B552474/OdsnCodeInquiryService2/getOdsnOrgCodeInquiryList2
0038084,제주느영나영시니어클럽,PUB-002B_노인사회활동_기관코드,https://apis.data.go.kr/B552474/OdsnCodeInquiryService2/getOdsnOrgCodeInquiryList2
0040091,연제구노인복지관,PUB-002B_노인사회활동_기관코드,https://apis.data.go.kr/B552474/OdsnCodeInquiryService2/getOdsnOrgCodeInquiryList2
0046084,대한노인회 경기 가평군지회,PUB-002B_노인사회활동_기관코드,https://apis.data.go.kr/B552474/OdsnCodeInquiryService2/getOdsnOrgCodeInquiryList2
0000891,애광재가노인복지관,PUB-002B_노인사회활동_기관코드,https://apis.data.go.kr/B552474/OdsnCodeInquiryService2/getOdsnOrgCodeInquiryList2
0054083,서천시니어클럽,PUB-002B_노인사회활동_기관코드,https://apis.data.go.kr/B552474/OdsnCodeInquiryService2/getOdsnOrgCodeInquiryList2
0000601,대한노인회 광주 북구지회,PUB-002B_노인사회활동_기관코드,https://apis.data.go.kr/B552474/OdsnCodeInquiryService2/getOdsnOrgCodeInquiryList2
0000154,부산금정시니어클럽,PUB-002B_노인사회활동_기관코드,https://apis.data.go.kr/B552474/OdsnCodeInquiryService2/getOdsnOrgCodeInquiryList2
0056083,영주시노인복지관,PUB-002B_노인사회활동_기관코드,https://apis.data.go.kr/B552474/OdsnCodeInquiryService2/getOdsnOrgCodeInquiryList2
0059083,성산노인종합복지관,PUB-002B_노인사회활동_기관코드,https://apis.data.go.kr/B552474/OdsnCodeInquiryService2/getOdsnOrgCodeInquiryList2
0061083,화장실문화시민연대,PUB-002B_노인사회활동_기관코드,https://apis.data.go.kr/B552474/OdsnCodeInquiryService2/getOdsnOrgCodeInquiryList2
0001312,대한노인회 부산 해운대구지회,PUB-002B_노인사회활동_기관코드,https://apis.data.go.kr/B552474/OdsnCodeInquiryService2/getOdsnOrgCodeInquiryList2
0068083,공무원연금공단,PUB-002B_노인사회활동_기관코드,https://apis.data.go.kr/B552474/OdsnCodeInquiryService2/getOdsnOrgCodeInquiryList2
0075083,주식회사옛솜씨힐링빌리지,PUB-002B_노인사회활동_기관코드,https://apis.data.go.kr/B552474/OdsnCodeInquiryService2/getOdsnOrgCodeInquiryList2
0002157,예래동사무소,PUB-002B_노인사회활동_기관코드,https://apis.data.go.kr/B552474/OdsnCodeInquiryService2/getOdsnOrgCodeInquiryList2
0083084,광주광산구 보건소(치매안심센터),PUB-002B_노인사회활동_기관코드,https://apis.data.go.kr/B552474/OdsnCodeInquiryService2/getOdsnOrgCodeInquiryList2
0086083,인천계양구보건소(치매안심센터),PUB-002B_노인사회활동_기관코드,https://apis.data.go.kr/B552474/OdsnCodeInquiryService2/getOdsnOrgCodeInquiryList2
0086084,공주시보건소(치매안심센터),PUB-002B_노인사회활동_기관코드,https://apis.data.go.kr/B552474/OdsnCodeInquiryService2/getOdsnOrgCodeInquiryList2
0085087,울산남구보건소(치매안심센터),PUB-002B_노인사회활동_기관코드,https://apis.data.go.kr/B552474/OdsnCodeInquiryService2/getOdsnOrgCodeInquiryList2
0091083,사회복지법인향림원,PUB-002B_노인사회활동_기관코드,https://apis.data.go.kr/B552474/OdsnCodeInquiryService2/getOdsnOrgCodeInquiryList2
0006083,소사본종합사회복지관,PUB-002B_노인사회활동_기관코드,https://apis.data.go.kr/B552474/OdsnCodeInquiryService2/getOdsnOrgCodeInquiryList2
0016084,재능테스트트,PUB-002B_노인사회활동_기관코드,https://apis.data.go.kr/B552474/OdsnCodeInquiryService2/getOdsnOrgCodeInquiryList2
0022084,호남노인취업교육센터,PUB-002B_노인사회활동_기관코드,https://apis.data.go.kr/B552474/OdsnCodeInquiryService2/getOdsnOrgCodeInquiryList2
0030084,경기실버포럼,PUB-002B_노인사회활동_기관코드,https://apis.data.go.kr/B552474/OdsnCodeInquiryService2/getOdsnOrgCodeInquiryList2
0031085,(주)디자인9060,PUB-002B_노인사회활동_기관코드,https://apis.data.go.kr/B552474/OdsnCodeInquiryService2/getOdsnOrgCodeInquiryList2
0032083,부산짐캐리클럽 주식회사,PUB-002B_노인사회활동_기관코드,https://apis.data.go.kr/B552474/OdsnCodeInquiryService2/getOdsnOrgCodeInquiryList2
0040088,(주)시니어행복드림,PUB-002B_노인사회활동_기관코드,https://apis.data.go.kr/B552474/OdsnCodeInquiryService2/getOdsnOrgCodeInquiryList2
0040089,(주)대전에프앤비,PUB-002B_노인사회활동_기관코드,https://apis.data.go.kr/B552474/OdsnCodeInquiryService2/getOdsnOrgCodeInquiryList2
0050083,개발원노인테스트지회,PUB-002B_노인사회활동_기관코드,https://apis.data.go.kr/B552474/OdsnCodeInquiryService2/getOdsnOrgCodeInquiryList2
0055083,(사)대전세종충남경영자총협회,PUB-002B_노인사회활동_기관코드,https://apis.data.go.kr/B552474/OdsnCodeInquiryService2/getOdsnOrgCodeInquiryList2
0000497,제주시제주지회,PUB-002B_노인사회활동_기관코드,https://apis.data.go.kr/B552474/OdsnCodeInquiryService2/getOdsnOrgCodeInquiryList2
0067083,사회복지법인운경복지재단(대구중구노인상담소),PUB-002B_노인사회활동_기관코드,https://apis.data.go.kr/B552474/OdsnCodeInquiryService2/getOdsnOrgCodeInquiryList2
0074083,성북시니어클럽,PUB-002B_노인사회활동_기관코드,https://apis.data.go.kr/B552474/OdsnCodeInquiryService2/getOdsnOrgCodeInquiryList2
0085086,수영구 보건소(치매안심센터),PUB-002B_노인사회활동_기관코드,https://apis.data.go.kr/B552474/OdsnCodeInquiryService2/getOdsnOrgCodeInquiryList2
0094083,대구북구 보건소(치매안심센터),PUB-002B_노인사회활동_기관코드,https://apis.data.go.kr/B552474/OdsnCodeInquiryService2/getOdsnOrgCodeInquiryList2
0096088,진안군보건소(치매안심센터),PUB-002B_노인사회활동_기관코드,https://apis.data.go.kr/B552474/OdsnCodeInquiryService2/getOdsnOrgCodeInquiryList2
0000890,사회복지법인한기장복지재단남원시니어클럽,PUB-002B_노인사회활동_기관코드,https://apis.data.go.kr/B552474/OdsnCodeInquiryService2/getOdsnOrgCodeInquiryList2
0111083,강동노인복지관,PUB-002B_노인사회활동_기관코드,https://apis.data.go.kr/B552474/OdsnCodeInquiryService2/getOdsnOrgCodeInquiryList2
0111084,사단법인부산노인복지진흥회,PUB-002B_노인사회활동_기관코드,https://apis.data.go.kr/B552474/OdsnCodeInquiryService2/getOdsnOrgCodeInquiryList2
0113083,팔달노인복지관,PUB-002B_노인사회활동_기관코드,https://apis.data.go.kr/B552474/OdsnCodeInquiryService2/getOdsnOrgCodeInquiryList2
0111093,청주서원노인복지관,PUB-002B_노인사회활동_기관코드,https://apis.data.go.kr/B552474/OdsnCodeInquiryService2/getOdsnOrgCodeInquiryList2
0114083,한국지역복지봉사회,PUB-002B_노인사회활동_기관코드,https://apis.data.go.kr/B552474/OdsnCodeInquiryService2/getOdsnOrgCodeInquiryList2
0114084,고창원광노인복지센터,PUB-002B_노인사회활동_기관코드,https://apis.data.go.kr/B552474/OdsnCodeInquiryService2/getOdsnOrgCodeInquiryList2
0115083,신장림사랑채노인복지관,PUB-002B_노인사회활동_기관코드,https://apis.data.go.kr/B552474/OdsnCodeInquiryService2/getOdsnOrgCodeInquiryList2
0116083,도울의료소비자생활협동조합합,PUB-002B_노인사회활동_기관코드,https://apis.data.go.kr/B552474/OdsnCodeInquiryService2/getOdsnOrgCodeInquiryList2
0011083,성남위례종합사회복지관,PUB-002B_노인사회활동_기관코드,https://apis.data.go.kr/B552474/OdsnCodeInquiryService2/getOdsnOrgCodeInquiryList2
0012083,용인지역자활센터,PUB-002B_노인사회활동_기관코드,https://apis.data.go.kr/B552474/OdsnCodeInquiryService2/getOdsnOrgCodeInquiryList2
0058083,대구중구노인복지관,PUB-002B_노인사회활동_기관코드,https://apis.data.go.kr/B552474/OdsnCodeInquiryService2/getOdsnOrgCodeInquiryList2
0034083,사)경기실버포럼,PUB-002B_노인사회활동_기관코드,https://apis.data.go.kr/B552474/OdsnCodeInquiryService2/getOdsnOrgCodeInquiryList2
0036084,(주)남원맛부각,PUB-002B_노인사회활동_기관코드,https://apis.data.go.kr/B552474/OdsnCodeInquiryService2/getOdsnOrgCodeInquiryList2
0037083,사단법인 중소기업기술혁신협회 충북지회(민간),PUB-002B_노인사회활동_기관코드,https://apis.data.go.kr/B552474/OdsnCodeInquiryService2/getOdsnOrgCodeInquiryList2
0039083,해피누리노인복지관,PUB-002B_노인사회활동_기관코드,https://apis.data.go.kr/B552474/OdsnCodeInquiryService2/getOdsnOrgCodeInquiryList2
0040090,주식회사 예몽,PUB-002B_노인사회활동_기관코드,https://apis.data.go.kr/B552474/OdsnCodeInquiryService2/getOdsnOrgCodeInquiryList2
0052083,영천동주민센터,PUB-002B_노인사회활동_기관코드,https://apis.data.go.kr/B552474/OdsnCodeInquiryService2/getOdsnOrgCodeInquiryList2
0066083,판교종합사회복지관,PUB-002B_노인사회활동_기관코드,https://apis.data.go.kr/B552474/OdsnCodeInquiryService2/getOdsnOrgCodeInquiryList2
0083085,광주서구 치매안심센터,PUB-002B_노인사회활동_기관코드,https://apis.data.go.kr/B552474/OdsnCodeInquiryService2/getOdsnOrgCodeInquiryList2
0085088,인천직업전문학교,PUB-002B_노인사회활동_기관코드,https://apis.data.go.kr/B552474/OdsnCodeInquiryService2/getOdsnOrgCodeInquiryList2
0085089,부산진구 보건소(치매안심센터),PUB-002B_노인사회활동_기관코드,https://apis.data.go.kr/B552474/OdsnCodeInquiryService2/getOdsnOrgCodeInquiryList2
0000895,대한노인회 전북 무주군지회,PUB-002B_노인사회활동_기관코드,https://apis.data.go.kr/B552474/OdsnCodeInquiryService2/getOdsnOrgCodeInquiryList2
0085092,하동군 보건소(치매안심센터),PUB-002B_노인사회활동_기관코드,https://apis.data.go.kr/B552474/OdsnCodeInquiryService2/getOdsnOrgCodeInquiryList2
0085093,강동구 치매안심센터,PUB-002B_노인사회활동_기관코드,https://apis.data.go.kr/B552474/OdsnCodeInquiryService2/getOdsnOrgCodeInquiryList2
0095083,음성군 보건소(치매안심센터),PUB-002B_노인사회활동_기관코드,https://apis.data.go.kr/B552474/OdsnCodeInquiryService2/getOdsnOrgCodeInquiryList2
0096083,속초시 보건소(치매안심센터),PUB-002B_노인사회활동_기관코드,https://apis.data.go.kr/B552474/OdsnCodeInquiryService2/getOdsnOrgCodeInquiryList2
0097084,신정1동주민센터,PUB-002B_노인사회활동_기관코드,https://apis.data.go.kr/B552474/OdsnCodeInquiryService2/getOdsnOrgCodeInquiryList2
0098083,대구대학교 산학협력단,PUB-002B_노인사회활동_기관코드,https://apis.data.go.kr/B552474/OdsnCodeInquiryService2/getOdsnOrgCodeInquiryList2
0096089,의정부시 치매안심센터,PUB-002B_노인사회활동_기관코드,https://apis.data.go.kr/B552474/OdsnCodeInquiryService2/getOdsnOrgCodeInquiryList2
0105083,사단법인 삼성희망네트워크 ,PUB-002B_노인사회활동_기관코드,https://apis.data.go.kr/B552474/OdsnCodeInquiryService2/getOdsnOrgCodeInquiryList2
0002938,사단법인 효림복지센터,PUB-002B_노인사회활동_기관코드,https://apis.data.go.kr/B552474/OdsnCodeInquiryService2/getOdsnOrgCodeInquiryList2
0111085,(사)빛고을행복마을경제문화공동체,PUB-002B_노인사회활동_기관코드,https://apis.data.go.kr/B552474/OdsnCodeInquiryService2/getOdsnOrgCodeInquiryList2
0111086,비원노인복지관,PUB-002B_노인사회활동_기관코드,https://apis.data.go.kr/B552474/OdsnCodeInquiryService2/getOdsnOrgCodeInquiryList2
0013083,춘천북부노인복지관,PUB-002B_노인사회활동_기관코드,https://apis.data.go.kr/B552474/OdsnCodeInquiryService2/getOdsnOrgCodeInquiryList2
0022083,경인노인취업교육센터,PUB-002B_노인사회활동_기관코드,https://apis.data.go.kr/B552474/OdsnCodeInquiryService2/getOdsnOrgCodeInquiryList2
0024083,공주시니어클럽(민간),PUB-002B_노인사회활동_기관코드,https://apis.data.go.kr/B552474/OdsnCodeInquiryService2/getOdsnOrgCodeInquiryList2
0002375,의창노인종합복지관,PUB-002B_노인사회활동_기관코드,https://apis.data.go.kr/B552474/OdsnCodeInquiryService2/getOdsnOrgCodeInquiryList2
0049083,주식회사 나물투데이,PUB-002B_노인사회활동_기관코드,https://apis.data.go.kr/B552474/OdsnCodeInquiryService2/getOdsnOrgCodeInquiryList2
0054084,대한노인회 충남 공주시지회,PUB-002B_노인사회활동_기관코드,https://apis.data.go.kr/B552474/OdsnCodeInquiryService2/getOdsnOrgCodeInquiryList2
0062083,화장실문화시민연대,PUB-002B_노인사회활동_기관코드,https://apis.data.go.kr/B552474/OdsnCodeInquiryService2/getOdsnOrgCodeInquiryList2
0068084,양주시옥정종합사회복지관,PUB-002B_노인사회활동_기관코드,https://apis.data.go.kr/B552474/OdsnCodeInquiryService2/getOdsnOrgCodeInquiryList2
0072083,세종시니어클럽,PUB-002B_노인사회활동_기관코드,https://apis.data.go.kr/B552474/OdsnCodeInquiryService2/getOdsnOrgCodeInquiryList2
0074085,남가좌2동주민센터,PUB-002B_노인사회활동_기관코드,https://apis.data.go.kr/B552474/OdsnCodeInquiryService2/getOdsnOrgCodeInquiryList2
0082083,내당노인복지관,PUB-002B_노인사회활동_기관코드,https://apis.data.go.kr/B552474/OdsnCodeInquiryService2/getOdsnOrgCodeInquiryList2
0085084,용인시처인구보건소 치매안심센터,PUB-002B_노인사회활동_기관코드,https://apis.data.go.kr/B552474/OdsnCodeInquiryService2/getOdsnOrgCodeInquiryList2
0088083,인천연수구 치매안심센터,PUB-002B_노인사회활동_기관코드,https://apis.data.go.kr/B552474/OdsnCodeInquiryService2/getOdsnOrgCodeInquiryList2
0090083,김포대학교,PUB-002B_노인사회활동_기관코드,https://apis.data.go.kr/B552474/OdsnCodeInquiryService2/getOdsnOrgCodeInquiryList2
0085090,완주군 치매안심센터,PUB-002B_노인사회활동_기관코드,https://apis.data.go.kr/B552474/OdsnCodeInquiryService2/getOdsnOrgCodeInquiryList2
0085091,천안시 서북구보건소(치매안심센터),PUB-002B_노인사회활동_기관코드,https://apis.data.go.kr/B552474/OdsnCodeInquiryService2/getOdsnOrgCodeInquiryList2
0109083,홍천시니어클럽,PUB-002B_노인사회활동_기관코드,https://apis.data.go.kr/B552474/OdsnCodeInquiryService2/getOdsnOrgCodeInquiryList2
0110083,묵호노인종합복지관,PUB-002B_노인사회활동_기관코드,https://apis.data.go.kr/B552474/OdsnCodeInquiryService2/getOdsnOrgCodeInquiryList2
0111088,(사)제이제이에듀파인,PUB-002B_노인사회활동_기관코드,https://apis.data.go.kr/B552474/OdsnCodeInquiryService2/getOdsnOrgCodeInquiryList2
0111089,통영시니어클럽,PUB-002B_노인사회활동_기관코드,https://apis.data.go.kr/B552474/OdsnCodeInquiryService2/getOdsnOrgCodeInquiryList2
0111091,고양노인복지센터,PUB-002B_노인사회활동_기관코드,https://apis.data.go.kr/B552474/OdsnCodeInquiryService2/getOdsnOrgCodeInquiryList2
0009083,학장종합사회복지관,PUB-002B_노인사회활동_기관코드,https://apis.data.go.kr/B552474/OdsnCodeInquiryService2/getOdsnOrgCodeInquiryList2
0011085,용인지역자활센터,PUB-002B_노인사회활동_기관코드,https://apis.data.go.kr/B552474/OdsnCodeInquiryService2/getOdsnOrgCodeInquiryList2
0021083,서울강원노인취업교육센터,PUB-002B_노인사회활동_기관코드,https://apis.data.go.kr/B552474/OdsnCodeInquiryService2/getOdsnOrgCodeInquiryList2
0021084,부산울산경남노인취업교육센터,PUB-002B_노인사회활동_기관코드,https://apis.data.go.kr/B552474/OdsnCodeInquiryService2/getOdsnOrgCodeInquiryList2
0026083,부산경영자총협회,PUB-002B_노인사회활동_기관코드,https://apis.data.go.kr/B552474/OdsnCodeInquiryService2/getOdsnOrgCodeInquiryList2
0029083,주식회사 행복공간플랫폼,PUB-002B_노인사회활동_기관코드,https://apis.data.go.kr/B552474/OdsnCodeInquiryService2/getOdsnOrgCodeInquiryList2
0030086,성동미래일자리주식회사,PUB-002B_노인사회활동_기관코드,https://apis.data.go.kr/B552474/OdsnCodeInquiryService2/getOdsnOrgCodeInquiryList2
0038085,(주)견주사랑,PUB-002B_노인사회활동_기관코드,https://apis.data.go.kr/B552474/OdsnCodeInquiryService2/getOdsnOrgCodeInquiryList2
0040087,창녕시니어클럽,PUB-002B_노인사회활동_기관코드,https://apis.data.go.kr/B552474/OdsnCodeInquiryService2/getOdsnOrgCodeInquiryList2
0063083,(주)연우알엔디,PUB-002B_노인사회활동_기관코드,https://apis.data.go.kr/B552474/OdsnCodeInquiryService2/getOdsnOrgCodeInquiryList2
0064083,백화노인복지관,PUB-002B_노인사회활동_기관코드,https://apis.data.go.kr/B552474/OdsnCodeInquiryService2/getOdsnOrgCodeInquiryList2
0069086,한국효운동단체총연합회,PUB-002B_노인사회활동_기관코드,https://apis.data.go.kr/B552474/OdsnCodeInquiryService2/getOdsnOrgCodeInquiryList2
0076084,남서울실용전문학교,PUB-002B_노인사회활동_기관코드,https://apis.data.go.kr/B552474/OdsnCodeInquiryService2/getOdsnOrgCodeInquiryList2
0078083,서대문시니어클럽,PUB-002B_노인사회활동_기관코드,https://apis.data.go.kr/B552474/OdsnCodeInquiryService2/getOdsnOrgCodeInquiryList2
0000263,남구청 희망복지국 으뜸효정책과,PUB-002B_노인사회활동_기관코드,https://apis.data.go.kr/B552474/OdsnCodeInquiryService2/getOdsnOrgCodeInquiryList2
0085085,대구 수성구(치매안심센터),PUB-002B_노인사회활동_기관코드,https://apis.data.go.kr/B552474/OdsnCodeInquiryService2/getOdsnOrgCodeInquiryList2
0085094,(주)은빛수라상,PUB-002B_노인사회활동_기관코드,https://apis.data.go.kr/B552474/OdsnCodeInquiryService2/getOdsnOrgCodeInquiryList2
0085095,사단법인여성가족지원네트워크,PUB-002B_노인사회활동_기관코드,https://apis.data.go.kr/B552474/OdsnCodeInquiryService2/getOdsnOrgCodeInquiryList2
0096084,안동시 치매안심센터,PUB-002B_노인사회활동_기관코드,https://apis.data.go.kr/B552474/OdsnCodeInquiryService2/getOdsnOrgCodeInquiryList2
0096086,조인어스코리아,PUB-002B_노인사회활동_기관코드,https://apis.data.go.kr/B552474/OdsnCodeInquiryService2/getOdsnOrgCodeInquiryList2
0002527,음성시니어클럽,PUB-002B_노인사회활동_기관코드,https://apis.data.go.kr/B552474/OdsnCodeInquiryService2/getOdsnOrgCodeInquiryList2
0102083,한국여성불교연합회,PUB-002B_노인사회활동_기관코드,https://apis.data.go.kr/B552474/OdsnCodeInquiryService2/getOdsnOrgCodeInquiryList2
0104083,(사)한국여성불교연합회,PUB-002B_노인사회활동_기관코드,https://apis.data.go.kr/B552474/OdsnCodeInquiryService2/getOdsnOrgCodeInquiryList2
0000876,사)대한노인회 평택시지회,PUB-002B_노인사회활동_기관코드,https://apis.data.go.kr/B552474/OdsnCodeInquiryService2/getOdsnOrgCodeInquiryList2
0107083,김해시서부노인종합복지관,PUB-002B_노인사회활동_기관코드,https://apis.data.go.kr/B552474/OdsnCodeInquiryService2/getOdsnOrgCodeInquiryList2
0008084,삼천포종합사회복지관,PUB-002B_노인사회활동_기관코드,https://apis.data.go.kr/B552474/OdsnCodeInquiryService2/getOdsnOrgCodeInquiryList2
0018083,밀양시니어클럽,PUB-002B_노인사회활동_기관코드,https://apis.data.go.kr/B552474/OdsnCodeInquiryService2/getOdsnOrgCodeInquiryList2
0025083,여주시니어클럽,PUB-002B_노인사회활동_기관코드,https://apis.data.go.kr/B552474/OdsnCodeInquiryService2/getOdsnOrgCodeInquiryList2
0000705,동산사회복지관,PUB-002B_노인사회활동_기관코드,https://apis.data.go.kr/B552474/OdsnCodeInquiryService2/getOdsnOrgCodeInquiryList2
0000285,용인시청,PUB-002B_노인사회활동_기관코드,https://apis.data.go.kr/B552474/OdsnCodeInquiryService2/getOdsnOrgCodeInquiryList2
0036083,(사)하늘터노인복지회,PUB-002B_노인사회활동_기관코드,https://apis.data.go.kr/B552474/OdsnCodeInquiryService2/getOdsnOrgCodeInquiryList2
0040085,농업회사법인 주식회사 하비랑,PUB-002B_노인사회활동_기관코드,https://apis.data.go.kr/B552474/OdsnCodeInquiryService2/getOdsnOrgCodeInquiryList2
0042083,순흥면사무소,PUB-002B_노인사회활동_기관코드,https://apis.data.go.kr/B552474/OdsnCodeInquiryService2/getOdsnOrgCodeInquiryList2
0048083,사회적협동조합내일로,PUB-002B_노인사회활동_기관코드,https://apis.data.go.kr/B552474/OdsnCodeInquiryService2/getOdsnOrgCodeInquiryList2
0068085,군포노클럽,PUB-002B_노인사회활동_기관코드,https://apis.data.go.kr/B552474/OdsnCodeInquiryService2/getOdsnOrgCodeInquiryList2
0076085,제주평생교육장학진흥원,PUB-002B_노인사회활동_기관코드,https://apis.data.go.kr/B552474/OdsnCodeInquiryService2/getOdsnOrgCodeInquiryList2
0081084,순천시 치매안심센터 ,PUB-002B_노인사회활동_기관코드,https://apis.data.go.kr/B552474/OdsnCodeInquiryService2/getOdsnOrgCodeInquiryList2
0083086,세종특별자치시 치매안심센터,PUB-002B_노인사회활동_기관코드,https://apis.data.go.kr/B552474/OdsnCodeInquiryService2/getOdsnOrgCodeInquiryList2
0089083,대전동구 보건소(치매안심센터),PUB-002B_노인사회활동_기관코드,https://apis.data.go.kr/B552474/OdsnCodeInquiryService2/getOdsnOrgCodeInquiryList2
0097085,관악구보건소(치매안심센터),PUB-002B_노인사회활동_기관코드,https://apis.data.go.kr/B552474/OdsnCodeInquiryService2/getOdsnOrgCodeInquiryList2
0099083,송파구 치매지원센터,PUB-002B_노인사회활동_기관코드,https://apis.data.go.kr/B552474/OdsnCodeInquiryService2/getOdsnOrgCodeInquiryList2
0100083,거제시보건소(치매안심센터),PUB-002B_노인사회활동_기관코드,https://apis.data.go.kr/B552474/OdsnCodeInquiryService2/getOdsnOrgCodeInquiryList2
0101083,광명시 치매안심센터,PUB-002B_노인사회활동_기관코드,https://apis.data.go.kr/B552474/OdsnCodeInquiryService2/getOdsnOrgCodeInquiryList2
0103083,서울일자리플러스주식회사,PUB-002B_노인사회활동_기관코드,https://apis.data.go.kr/B552474/OdsnCodeInquiryService2/getOdsnOrgCodeInquiryList2
0108083,광양시니어클럽,PUB-002B_노인사회활동_기관코드,https://apis.data.go.kr/B552474/OdsnCodeInquiryService2/getOdsnOrgCodeInquiryList2
0110084,경북영천시니어클럽,PUB-002B_노인사회활동_기관코드,https://apis.data.go.kr/B552474/OdsnCodeInquiryService2/getOdsnOrgCodeInquiryList2
0111087,고양노인복지센터,PUB-002B_노인사회활동_기관코드,https://apis.data.go.kr/B552474/OdsnCodeInquiryService2/getOdsnOrgCodeInquiryList2
0111090,대조노인복지관,PUB-002B_노인사회활동_기관코드,https://apis.data.go.kr/B552474/OdsnCodeInquiryService2/getOdsnOrgCodeInquiryList2
0111092,사천시니어클럽,PUB-002B_노인사회활동_기관코드,https://apis.data.go.kr/B552474/OdsnCodeInquiryService2/getOdsnOrgCodeInquiryList2
0113084,우만종합사회복지관,PUB-002B_노인사회활동_기관코드,https://apis.data.go.kr/B552474/OdsnCodeInquiryService2/getOdsnOrgCodeInquiryList2
0120083,(사)경남고용복지센터,PUB-002B_노인사회활동_기관코드,https://apis.data.go.kr/B552474/OdsnCodeInquiryService2/getOdsnOrgCodeInquiryList2
0123083,이레 노인 복지센터,PUB-002B_노인사회활동_기관코드,https://apis.data.go.kr/B552474/OdsnCodeInquiryService2/getOdsnOrgCodeInquiryList2
0124083,황학동주민센터 ,PUB-002B_노인사회활동_기관코드,https://apis.data.go.kr/B552474/OdsnCodeInquiryService2/getOdsnOrgCodeInquiryList2
0135085,합천시니어클럽,PUB-002B_노인사회활동_기관코드,https://apis.data.go.kr/B552474/OdsnCodeInquiryService2/getOdsnOrgCodeInquiryList2
0139084,사단법인 동행연우회,PUB-002B_노인사회활동_기관코드,https://apis.data.go.kr/B552474/OdsnCodeInquiryService2/getOdsnOrgCodeInquiryList2
0140085,경기 안양시만안구지회,PUB-002B_노인사회활동_기관코드,https://apis.data.go.kr/B552474/OdsnCodeInquiryService2/getOdsnOrgCodeInquiryList2
0002818,동구노인종합복지관,PUB-002B_노인사회활동_기관코드,https://apis.data.go.kr/B552474/OdsnCodeInquiryService2/getOdsnOrgCodeInquiryList2
0000304,여주시청 노인복지과,PUB-002B_노인사회활동_기관코드,https://apis.data.go.kr/B552474/OdsnCodeInquiryService2/getOdsnOrgCodeInquiryList2
0147083,(주)마루담,PUB-002B_노인사회활동_기관코드,https://apis.data.go.kr/B552474/OdsnCodeInquiryService2/getOdsnOrgCodeInquiryList2
0148083,(주)바다향기,PUB-002B_노인사회활동_기관코드,https://apis.data.go.kr/B552474/OdsnCodeInquiryService2/getOdsnOrgCodeInquiryList2
0148084,(주)스마일찬,PUB-002B_노인사회활동_기관코드,https://apis.data.go.kr/B552474/OdsnCodeInquiryService2/getOdsnOrgCodeInquiryList2
0147085,농업회사법인 하늘농가(주),PUB-002B_노인사회활동_기관코드,https://apis.data.go.kr/B552474/OdsnCodeInquiryService2/getOdsnOrgCodeInquiryList2
0002877,번2동주민센터,PUB-002B_노인사회활동_기관코드,https://apis.data.go.kr/B552474/OdsnCodeInquiryService2/getOdsnOrgCodeInquiryList2
0191083,진안시니어클럽,PUB-002B_노인사회활동_기관코드,https://apis.data.go.kr/B552474/OdsnCodeInquiryService2/getOdsnOrgCodeInquiryList2
0197083,농업회사법인 주식회사 파란나무새,PUB-002B_노인사회활동_기관코드,https://apis.data.go.kr/B552474/OdsnCodeInquiryService2/getOdsnOrgCodeInquiryList2
0202083,계룡시니어클럽,PUB-002B_노인사회활동_기관코드,https://apis.data.go.kr/B552474/OdsnCodeInquiryService2/getOdsnOrgCodeInquiryList2
0215083,연희노인문화센터,PUB-002B_노인사회활동_기관코드,https://apis.data.go.kr/B552474/OdsnCodeInquiryService2/getOdsnOrgCodeInquiryList2
0230083,거창군사회복지협의회,PUB-002B_노인사회활동_기관코드,https://apis.data.go.kr/B552474/OdsnCodeInquiryService2/getOdsnOrgCodeInquiryList2
0000793,창녕노인통합지원센터,PUB-002B_노인사회활동_기관코드,https://apis.data.go.kr/B552474/OdsnCodeInquiryService2/getOdsnOrgCodeInquiryList2
0259083,인지어스 유한회사 성남지사,PUB-002B_노인사회활동_기관코드,https://apis.data.go.kr/B552474/OdsnCodeInquiryService2/getOdsnOrgCodeInquiryList2
0000246,대구광역시 수성구청,PUB-002B_노인사회활동_기관코드,https://apis.data.go.kr/B552474/OdsnCodeInquiryService2/getOdsnOrgCodeInquiryList2
0268083,금동행정복지센터,PUB-002B_노인사회활동_기관코드,https://apis.data.go.kr/B552474/OdsnCodeInquiryService2/getOdsnOrgCodeInquiryList2
0292084,(주)제이엠커리어 창원지사,PUB-002B_노인사회활동_기관코드,https://apis.data.go.kr/B552474/OdsnCodeInquiryService2/getOdsnOrgCodeInquiryList2
0298084,(주)청송에프엔비(F&B),PUB-002B_노인사회활동_기관코드,https://apis.data.go.kr/B552474/OdsnCodeInquiryService2/getOdsnOrgCodeInquiryList2
0002238,부산사하구지회,PUB-002B_노인사회활동_기관코드,https://apis.data.go.kr/B552474/OdsnCodeInquiryService2/getOdsnOrgCodeInquiryList2
0001242,대한노인회 대구 남구지회,PUB-002B_노인사회활동_기관코드,https://apis.data.go.kr/B552474/OdsnCodeInquiryService2/getOdsnOrgCodeInquiryList2
0130083,(주)이십일스토어,PUB-002B_노인사회활동_기관코드,https://apis.data.go.kr/B552474/OdsnCodeInquiryService2/getOdsnOrgCodeInquiryList2
0134083,경기도청,PUB-002B_노인사회활동_기관코드,https://apis.data.go.kr/B552474/OdsnCodeInquiryService2/getOdsnOrgCodeInquiryList2
0137083,(주)복사기몰,PUB-002B_노인사회활동_기관코드,https://apis.data.go.kr/B552474/OdsnCodeInquiryService2/getOdsnOrgCodeInquiryList2
0002505,세종특별자치시청,PUB-002B_노인사회활동_기관코드,https://apis.data.go.kr/B552474/OdsnCodeInquiryService2/getOdsnOrgCodeInquiryList2
0000188,(사)대한노인회 강원특별자치도연합회,PUB-002B_노인사회활동_기관코드,https://apis.data.go.kr/B552474/OdsnCodeInquiryService2/getOdsnOrgCodeInquiryList2
0142083,(주)청초수,PUB-002B_노인사회활동_기관코드,https://apis.data.go.kr/B552474/OdsnCodeInquiryService2/getOdsnOrgCodeInquiryList2
0145085,찬란한식탁협동조합,PUB-002B_노인사회활동_기관코드,https://apis.data.go.kr/B552474/OdsnCodeInquiryService2/getOdsnOrgCodeInquiryList2
0150083,당진시니어클럽,PUB-002B_노인사회활동_기관코드,https://apis.data.go.kr/B552474/OdsnCodeInquiryService2/getOdsnOrgCodeInquiryList2
0153083,노는우리협동조합,PUB-002B_노인사회활동_기관코드,https://apis.data.go.kr/B552474/OdsnCodeInquiryService2/getOdsnOrgCodeInquiryList2
0153086,주식회사 워시존,PUB-002B_노인사회활동_기관코드,https://apis.data.go.kr/B552474/OdsnCodeInquiryService2/getOdsnOrgCodeInquiryList2
0157083,서울특별시 아동공동생활가정 지원센터,PUB-002B_노인사회활동_기관코드,https://apis.data.go.kr/B552474/OdsnCodeInquiryService2/getOdsnOrgCodeInquiryList2
0167083,미디어피알시니어직능클럽,PUB-002B_노인사회활동_기관코드,https://apis.data.go.kr/B552474/OdsnCodeInquiryService2/getOdsnOrgCodeInquiryList2
0169084,충청남도인생이모작지원센터,PUB-002B_노인사회활동_기관코드,https://apis.data.go.kr/B552474/OdsnCodeInquiryService2/getOdsnOrgCodeInquiryList2
0001814,용산노인복지센터,PUB-002B_노인사회활동_기관코드,https://apis.data.go.kr/B552474/OdsnCodeInquiryService2/getOdsnOrgCodeInquiryList2
0001102,상주지역자활센터,PUB-002B_노인사회활동_기관코드,https://apis.data.go.kr/B552474/OdsnCodeInquiryService2/getOdsnOrgCodeInquiryList2
0272084,인천 연합회,PUB-002B_노인사회활동_기관코드,https://apis.data.go.kr/B552474/OdsnCodeInquiryService2/getOdsnOrgCodeInquiryList2
0273083,(주)제이엠커리어 대전지사,PUB-002B_노인사회활동_기관코드,https://apis.data.go.kr/B552474/OdsnCodeInquiryService2/getOdsnOrgCodeInquiryList2
0302083,가온연합(주),PUB-002B_노인사회활동_기관코드,https://apis.data.go.kr/B552474/OdsnCodeInquiryService2/getOdsnOrgCodeInquiryList2
0308083,청춘시니어협동조합,PUB-002B_노인사회활동_기관코드,https://apis.data.go.kr/B552474/OdsnCodeInquiryService2/getOdsnOrgCodeInquiryList2
0326083,은광피엠이주식회사,PUB-002B_노인사회활동_기관코드,https://apis.data.go.kr/B552474/OdsnCodeInquiryService2/getOdsnOrgCodeInquiryList2
0348083,대륜동,PUB-002B_노인사회활동_기관코드,https://apis.data.go.kr/B552474/OdsnCodeInquiryService2/getOdsnOrgCodeInquiryList2
0361084,좌3동 행정복지센터,PUB-002B_노인사회활동_기관코드,https://apis.data.go.kr/B552474/OdsnCodeInquiryService2/getOdsnOrgCodeInquiryList2
0382083,(유)동부전기안전관리,PUB-002B_노인사회활동_기관코드,https://apis.data.go.kr/B552474/OdsnCodeInquiryService2/getOdsnOrgCodeInquiryList2
0118084,100세발전소사회적협동조합,PUB-002B_노인사회활동_기관코드,https://apis.data.go.kr/B552474/OdsnCodeInquiryService2/getOdsnOrgCodeInquiryList2
0121084,명동주민센터,PUB-002B_노인사회활동_기관코드,https://apis.data.go.kr/B552474/OdsnCodeInquiryService2/getOdsnOrgCodeInquiryList2
0122083,을지로동 주민센터,PUB-002B_노인사회활동_기관코드,https://apis.data.go.kr/B552474/OdsnCodeInquiryService2/getOdsnOrgCodeInquiryList2
0128084,농업회사법인주식회사장안농장,PUB-002B_노인사회활동_기관코드,https://apis.data.go.kr/B552474/OdsnCodeInquiryService2/getOdsnOrgCodeInquiryList2
0135084,음성군청,PUB-002B_노인사회활동_기관코드,https://apis.data.go.kr/B552474/OdsnCodeInquiryService2/getOdsnOrgCodeInquiryList2
0134085,화성시청,PUB-002B_노인사회활동_기관코드,https://apis.data.go.kr/B552474/OdsnCodeInquiryService2/getOdsnOrgCodeInquiryList2
0002483,광주동구시니어클럽,PUB-002B_노인사회활동_기관코드,https://apis.data.go.kr/B552474/OdsnCodeInquiryService2/getOdsnOrgCodeInquiryList2
0000458,충청남도 노인정책과,PUB-002B_노인사회활동_기관코드,https://apis.data.go.kr/B552474/OdsnCodeInquiryService2/getOdsnOrgCodeInquiryList2
0139083,(주)스포비전,PUB-002B_노인사회활동_기관코드,https://apis.data.go.kr/B552474/OdsnCodeInquiryService2/getOdsnOrgCodeInquiryList2
0140092,(주)케이푸드아이엔지,PUB-002B_노인사회활동_기관코드,https://apis.data.go.kr/B552474/OdsnCodeInquiryService2/getOdsnOrgCodeInquiryList2
0143087,돈암2동주민센터,PUB-002B_노인사회활동_기관코드,https://apis.data.go.kr/B552474/OdsnCodeInquiryService2/getOdsnOrgCodeInquiryList2
0148085,주식회사 포세이돈컴퍼니,PUB-002B_노인사회활동_기관코드,https://apis.data.go.kr/B552474/OdsnCodeInquiryService2/getOdsnOrgCodeInquiryList2
0151084,(주)비움,PUB-002B_노인사회활동_기관코드,https://apis.data.go.kr/B552474/OdsnCodeInquiryService2/getOdsnOrgCodeInquiryList2
0152083,전주또바기협동조합,PUB-002B_노인사회활동_기관코드,https://apis.data.go.kr/B552474/OdsnCodeInquiryService2/getOdsnOrgCodeInquiryList2
0153085,주식회사 먹어본,PUB-002B_노인사회활동_기관코드,https://apis.data.go.kr/B552474/OdsnCodeInquiryService2/getOdsnOrgCodeInquiryList2
0002301,남부노인복지관,PUB-002B_노인사회활동_기관코드,https://apis.data.go.kr/B552474/OdsnCodeInquiryService2/getOdsnOrgCodeInquiryList2
0000454,울산광역시청 보훈노인과,PUB-002B_노인사회활동_기관코드,https://apis.data.go.kr/B552474/OdsnCodeInquiryService2/getOdsnOrgCodeInquiryList2
0000018,영등포노인종합복지관,PUB-002B_노인사회활동_기관코드,https://apis.data.go.kr/B552474/OdsnCodeInquiryService2/getOdsnOrgCodeInquiryList2
0002882,청양군노인종합복지관,PUB-002B_노인사회활동_기관코드,https://apis.data.go.kr/B552474/OdsnCodeInquiryService2/getOdsnOrgCodeInquiryList2
0001417,청지기노인복지센터,PUB-002B_노인사회활동_기관코드,https://apis.data.go.kr/B552474/OdsnCodeInquiryService2/getOdsnOrgCodeInquiryList2
0000294,이천시청 복지국 노인장애인과,PUB-002B_노인사회활동_기관코드,https://apis.data.go.kr/B552474/OdsnCodeInquiryService2/getOdsnOrgCodeInquiryList2
0000656,대전중구시니어클럽,PUB-002B_노인사회활동_기관코드,https://apis.data.go.kr/B552474/OdsnCodeInquiryService2/getOdsnOrgCodeInquiryList2
0168083,대전교원시니어직능클럽,PUB-002B_노인사회활동_기관코드,https://apis.data.go.kr/B552474/OdsnCodeInquiryService2/getOdsnOrgCodeInquiryList2
0168086,한류세계문화교류협회 시니어직능클럽,PUB-002B_노인사회활동_기관코드,https://apis.data.go.kr/B552474/OdsnCodeInquiryService2/getOdsnOrgCodeInquiryList2
0168087,교통안전공단시니어직능클럽(재능),PUB-002B_노인사회활동_기관코드,https://apis.data.go.kr/B552474/OdsnCodeInquiryService2/getOdsnOrgCodeInquiryList2
0117083,우만종합사회복지관,PUB-002B_노인사회활동_기관코드,https://apis.data.go.kr/B552474/OdsnCodeInquiryService2/getOdsnOrgCodeInquiryList2
0117084,(사)세종시과학기술인협회,PUB-002B_노인사회활동_기관코드,https://apis.data.go.kr/B552474/OdsnCodeInquiryService2/getOdsnOrgCodeInquiryList2
0003136,테스트기관,PUB-002B_노인사회활동_기관코드,https://apis.data.go.kr/B552474/OdsnCodeInquiryService2/getOdsnOrgCodeInquiryList2
0141086,로뎀노인복지센터,PUB-002B_노인사회활동_기관코드,https://apis.data.go.kr/B552474/OdsnCodeInquiryService2/getOdsnOrgCodeInquiryList2
0146083,(주)광천표고,PUB-002B_노인사회활동_기관코드,https://apis.data.go.kr/B552474/OdsnCodeInquiryService2/getOdsnOrgCodeInquiryList2
0146084,(주)수림테크놀로지,PUB-002B_노인사회활동_기관코드,https://apis.data.go.kr/B552474/OdsnCodeInquiryService2/getOdsnOrgCodeInquiryList2
0147084,(주)아리아,PUB-002B_노인사회활동_기관코드,https://apis.data.go.kr/B552474/OdsnCodeInquiryService2/getOdsnOrgCodeInquiryList2
0147089,농업회사법인 사과깡패주식회사,PUB-002B_노인사회활동_기관코드,https://apis.data.go.kr/B552474/OdsnCodeInquiryService2/getOdsnOrgCodeInquiryList2
0154083,부산서부아동보호전문기관,PUB-002B_노인사회활동_기관코드,https://apis.data.go.kr/B552474/OdsnCodeInquiryService2/getOdsnOrgCodeInquiryList2
0002915,유등노인복지관,PUB-002B_노인사회활동_기관코드,https://apis.data.go.kr/B552474/OdsnCodeInquiryService2/getOdsnOrgCodeInquiryList2
0155083,부락종합사회복지관,PUB-002B_노인사회활동_기관코드,https://apis.data.go.kr/B552474/OdsnCodeInquiryService2/getOdsnOrgCodeInquiryList2
0174083,문의면행정복지센터,PUB-002B_노인사회활동_기관코드,https://apis.data.go.kr/B552474/OdsnCodeInquiryService2/getOdsnOrgCodeInquiryList2
0159083,한국노인인력개발원(기초),PUB-002B_노인사회활동_기관코드,https://apis.data.go.kr/B552474/OdsnCodeInquiryService2/getOdsnOrgCodeInquiryList2
0160083,영등포구노인상담센터,PUB-002B_노인사회활동_기관코드,https://apis.data.go.kr/B552474/OdsnCodeInquiryService2/getOdsnOrgCodeInquiryList2
0186083,가족사랑재가요양센터,PUB-002B_노인사회활동_기관코드,https://apis.data.go.kr/B552474/OdsnCodeInquiryService2/getOdsnOrgCodeInquiryList2
0192083,(주)지엔그린,PUB-002B_노인사회활동_기관코드,https://apis.data.go.kr/B552474/OdsnCodeInquiryService2/getOdsnOrgCodeInquiryList2
0203083,효성노인문화센터,PUB-002B_노인사회활동_기관코드,https://apis.data.go.kr/B552474/OdsnCodeInquiryService2/getOdsnOrgCodeInquiryList2
0210083,안성맞춤시니어클럽,PUB-002B_노인사회활동_기관코드,https://apis.data.go.kr/B552474/OdsnCodeInquiryService2/getOdsnOrgCodeInquiryList2
0000986,함평원광노인복지센터,PUB-002B_노인사회활동_기관코드,https://apis.data.go.kr/B552474/OdsnCodeInquiryService2/getOdsnOrgCodeInquiryList2
0002674,종로구청 관광과,PUB-002B_노인사회활동_기관코드,https://apis.data.go.kr/B552474/OdsnCodeInquiryService2/getOdsnOrgCodeInquiryList2
0217084,청학노인복지관,PUB-002B_노인사회활동_기관코드,https://apis.data.go.kr/B552474/OdsnCodeInquiryService2/getOdsnOrgCodeInquiryList2
0219083,경산청솔재가노인통합지원센터,PUB-002B_노인사회활동_기관코드,https://apis.data.go.kr/B552474/OdsnCodeInquiryService2/getOdsnOrgCodeInquiryList2
0247083,한국HRM협회,PUB-002B_노인사회활동_기관코드,https://apis.data.go.kr/B552474/OdsnCodeInquiryService2/getOdsnOrgCodeInquiryList2
0118083,부산 광역센터,PUB-002B_노인사회활동_기관코드,https://apis.data.go.kr/B552474/OdsnCodeInquiryService2/getOdsnOrgCodeInquiryList2
0119084,(사)대한노인회 강남구지회,PUB-002B_노인사회활동_기관코드,https://apis.data.go.kr/B552474/OdsnCodeInquiryService2/getOdsnOrgCodeInquiryList2
0002198,영월군청 문화관광과,PUB-002B_노인사회활동_기관코드,https://apis.data.go.kr/B552474/OdsnCodeInquiryService2/getOdsnOrgCodeInquiryList2
0126083,사단법인 녹원복지회,PUB-002B_노인사회활동_기관코드,https://apis.data.go.kr/B552474/OdsnCodeInquiryService2/getOdsnOrgCodeInquiryList2
0127083,gs25 이호해수욕장점,PUB-002B_노인사회활동_기관코드,https://apis.data.go.kr/B552474/OdsnCodeInquiryService2/getOdsnOrgCodeInquiryList2
0131083,서초구립 느티나무쉼터,PUB-002B_노인사회활동_기관코드,https://apis.data.go.kr/B552474/OdsnCodeInquiryService2/getOdsnOrgCodeInquiryList2
0133083,부곡2동주민센터,PUB-002B_노인사회활동_기관코드,https://apis.data.go.kr/B552474/OdsnCodeInquiryService2/getOdsnOrgCodeInquiryList2
0000457,충청북도 노인복지과,PUB-002B_노인사회활동_기관코드,https://apis.data.go.kr/B552474/OdsnCodeInquiryService2/getOdsnOrgCodeInquiryList2
0140083,사단법인 동행연우회,PUB-002B_노인사회활동_기관코드,https://apis.data.go.kr/B552474/OdsnCodeInquiryService2/getOdsnOrgCodeInquiryList2
0140089,(주)세원공업,PUB-002B_노인사회활동_기관코드,https://apis.data.go.kr/B552474/OdsnCodeInquiryService2/getOdsnOrgCodeInquiryList2
0141085,전남성노원,PUB-002B_노인사회활동_기관코드,https://apis.data.go.kr/B552474/OdsnCodeInquiryService2/getOdsnOrgCodeInquiryList2
0142085,사단법인 열린세상,PUB-002B_노인사회활동_기관코드,https://apis.data.go.kr/B552474/OdsnCodeInquiryService2/getOdsnOrgCodeInquiryList2
0143086,구성면사무소,PUB-002B_노인사회활동_기관코드,https://apis.data.go.kr/B552474/OdsnCodeInquiryService2/getOdsnOrgCodeInquiryList2
0144083,어르신행복일자리센터,PUB-002B_노인사회활동_기관코드,https://apis.data.go.kr/B552474/OdsnCodeInquiryService2/getOdsnOrgCodeInquiryList2
0149083,태웅식품 주식회사,PUB-002B_노인사회활동_기관코드,https://apis.data.go.kr/B552474/OdsnCodeInquiryService2/getOdsnOrgCodeInquiryList2
0147088,아이케이(주),PUB-002B_노인사회활동_기관코드,https://apis.data.go.kr/B552474/OdsnCodeInquiryService2/getOdsnOrgCodeInquiryList2
0150084,(주)현대에프엔비,PUB-002B_노인사회활동_기관코드,https://apis.data.go.kr/B552474/OdsnCodeInquiryService2/getOdsnOrgCodeInquiryList2
0000477,대한노인회 서울 강남구지회,PUB-002B_노인사회활동_기관코드,https://apis.data.go.kr/B552474/OdsnCodeInquiryService2/getOdsnOrgCodeInquiryList2
0153084,농업회사법인 순창조가식품 주식회사,PUB-002B_노인사회활동_기관코드,https://apis.data.go.kr/B552474/OdsnCodeInquiryService2/getOdsnOrgCodeInquiryList2
0000422,창원시청 노인장애인과,PUB-002B_노인사회활동_기관코드,https://apis.data.go.kr/B552474/OdsnCodeInquiryService2/getOdsnOrgCodeInquiryList2
0165083,청주우암시니어클럽,PUB-002B_노인사회활동_기관코드,https://apis.data.go.kr/B552474/OdsnCodeInquiryService2/getOdsnOrgCodeInquiryList2
0001700,자비의집,PUB-002B_노인사회활동_기관코드,https://apis.data.go.kr/B552474/OdsnCodeInquiryService2/getOdsnOrgCodeInquiryList2
0115084,영월군종합사회복지관,PUB-002B_노인사회활동_기관코드,https://apis.data.go.kr/B552474/OdsnCodeInquiryService2/getOdsnOrgCodeInquiryList2
0129083,신농 영농조합법인,PUB-002B_노인사회활동_기관코드,https://apis.data.go.kr/B552474/OdsnCodeInquiryService2/getOdsnOrgCodeInquiryList2
0135083,시니어페이퍼팩토리협동조합,PUB-002B_노인사회활동_기관코드,https://apis.data.go.kr/B552474/OdsnCodeInquiryService2/getOdsnOrgCodeInquiryList2
0000281,고양시청 노인복지과,PUB-002B_노인사회활동_기관코드,https://apis.data.go.kr/B552474/OdsnCodeInquiryService2/getOdsnOrgCodeInquiryList2
0140087,부천시보건소 오정보건센터,PUB-002B_노인사회활동_기관코드,https://apis.data.go.kr/B552474/OdsnCodeInquiryService2/getOdsnOrgCodeInquiryList2
0141083,(주)락피쉬,PUB-002B_노인사회활동_기관코드,https://apis.data.go.kr/B552474/OdsnCodeInquiryService2/getOdsnOrgCodeInquiryList2
0140091,(사)광주광역시장애인권익협회,PUB-002B_노인사회활동_기관코드,https://apis.data.go.kr/B552474/OdsnCodeInquiryService2/getOdsnOrgCodeInquiryList2
0143084,헬스투데이(주),PUB-002B_노인사회활동_기관코드,https://apis.data.go.kr/B552474/OdsnCodeInquiryService2/getOdsnOrgCodeInquiryList2
0143085,주식회사 떡다움,PUB-002B_노인사회활동_기관코드,https://apis.data.go.kr/B552474/OdsnCodeInquiryService2/getOdsnOrgCodeInquiryList2
0148086,포항시 양학동 행정복지센터,PUB-002B_노인사회활동_기관코드,https://apis.data.go.kr/B552474/OdsnCodeInquiryService2/getOdsnOrgCodeInquiryList2
0152084,일드림사회적협동조합(전북),PUB-002B_노인사회활동_기관코드,https://apis.data.go.kr/B552474/OdsnCodeInquiryService2/getOdsnOrgCodeInquiryList2
0001491,서중앙노인복지센터,PUB-002B_노인사회활동_기관코드,https://apis.data.go.kr/B552474/OdsnCodeInquiryService2/getOdsnOrgCodeInquiryList2
0001487,베데스다소규모요양시설,PUB-002B_노인사회활동_기관코드,https://apis.data.go.kr/B552474/OdsnCodeInquiryService2/getOdsnOrgCodeInquiryList2
0161083,시흥시 보건소,PUB-002B_노인사회활동_기관코드,https://apis.data.go.kr/B552474/OdsnCodeInquiryService2/getOdsnOrgCodeInquiryList2
0163083,당진시보건소,PUB-002B_노인사회활동_기관코드,https://apis.data.go.kr/B552474/OdsnCodeInquiryService2/getOdsnOrgCodeInquiryList2
0168084,한국아이국악협회 시니어직능클럽,PUB-002B_노인사회활동_기관코드,https://apis.data.go.kr/B552474/OdsnCodeInquiryService2/getOdsnOrgCodeInquiryList2
0000255,부평구청 문화복지국 노인장애인과 ,PUB-002B_노인사회활동_기관코드,https://apis.data.go.kr/B552474/OdsnCodeInquiryService2/getOdsnOrgCodeInquiryList2
0000030,부평구노인복지관,PUB-002B_노인사회활동_기관코드,https://apis.data.go.kr/B552474/OdsnCodeInquiryService2/getOdsnOrgCodeInquiryList2
0236084,해뜨는노인복지센터,PUB-002B_노인사회활동_기관코드,https://apis.data.go.kr/B552474/OdsnCodeInquiryService2/getOdsnOrgCodeInquiryList2
0248083,땅끝해남시니어클럽,PUB-002B_노인사회활동_기관코드,https://apis.data.go.kr/B552474/OdsnCodeInquiryService2/getOdsnOrgCodeInquiryList2
0000684,삼산종합사회복지관,PUB-002B_노인사회활동_기관코드,https://apis.data.go.kr/B552474/OdsnCodeInquiryService2/getOdsnOrgCodeInquiryList2
0254083,에스잡플러스 주식회사,PUB-002B_노인사회활동_기관코드,https://apis.data.go.kr/B552474/OdsnCodeInquiryService2/getOdsnOrgCodeInquiryList2
0002765,공주재가노인복지센터,PUB-002B_노인사회활동_기관코드,https://apis.data.go.kr/B552474/OdsnCodeInquiryService2/getOdsnOrgCodeInquiryList2
0263083,인지어스유한회사대전지사,PUB-002B_노인사회활동_기관코드,https://apis.data.go.kr/B552474/OdsnCodeInquiryService2/getOdsnOrgCodeInquiryList2
0270083,경기 연합회,PUB-002B_노인사회활동_기관코드,https://apis.data.go.kr/B552474/OdsnCodeInquiryService2/getOdsnOrgCodeInquiryList2
0116084,참살이사회적협동조합,PUB-002B_노인사회활동_기관코드,https://apis.data.go.kr/B552474/OdsnCodeInquiryService2/getOdsnOrgCodeInquiryList2
0117085,노후를돕는사람들,PUB-002B_노인사회활동_기관코드,https://apis.data.go.kr/B552474/OdsnCodeInquiryService2/getOdsnOrgCodeInquiryList2
0000218,관악구청 복지가족국 어르신복지과,PUB-002B_노인사회활동_기관코드,https://apis.data.go.kr/B552474/OdsnCodeInquiryService2/getOdsnOrgCodeInquiryList2
0121083,감돌노인복지센터,PUB-002B_노인사회활동_기관코드,https://apis.data.go.kr/B552474/OdsnCodeInquiryService2/getOdsnOrgCodeInquiryList2
0125083,사단법인 녹원복지회,PUB-002B_노인사회활동_기관코드,https://apis.data.go.kr/B552474/OdsnCodeInquiryService2/getOdsnOrgCodeInquiryList2
0000456,강원특별자치도 복지보건국 노인복지과,PUB-002B_노인사회활동_기관코드,https://apis.data.go.kr/B552474/OdsnCodeInquiryService2/getOdsnOrgCodeInquiryList2
0140084,양산나르미협동조합,PUB-002B_노인사회활동_기관코드,https://apis.data.go.kr/B552474/OdsnCodeInquiryService2/getOdsnOrgCodeInquiryList2
0140086,농업회사법인펌프킨,PUB-002B_노인사회활동_기관코드,https://apis.data.go.kr/B552474/OdsnCodeInquiryService2/getOdsnOrgCodeInquiryList2
0140088,(주)팜앤시니어,PUB-002B_노인사회활동_기관코드,https://apis.data.go.kr/B552474/OdsnCodeInquiryService2/getOdsnOrgCodeInquiryList2
0000192,대한노인회 전남연합회 취업지원센터,PUB-002B_노인사회활동_기관코드,https://apis.data.go.kr/B552474/OdsnCodeInquiryService2/getOdsnOrgCodeInquiryList2
0145083,(주)덕영팩,PUB-002B_노인사회활동_기관코드,https://apis.data.go.kr/B552474/OdsnCodeInquiryService2/getOdsnOrgCodeInquiryList2
0147086,(주)동양벤드,PUB-002B_노인사회활동_기관코드,https://apis.data.go.kr/B552474/OdsnCodeInquiryService2/getOdsnOrgCodeInquiryList2
0147087,(주)서래원,PUB-002B_노인사회활동_기관코드,https://apis.data.go.kr/B552474/OdsnCodeInquiryService2/getOdsnOrgCodeInquiryList2
0002424,실로암노인복지센터,PUB-002B_노인사회활동_기관코드,https://apis.data.go.kr/B552474/OdsnCodeInquiryService2/getOdsnOrgCodeInquiryList2
0156083,고흥시니어클럽,PUB-002B_노인사회활동_기관코드,https://apis.data.go.kr/B552474/OdsnCodeInquiryService2/getOdsnOrgCodeInquiryList2
0002165,한국시니어클럽협회,PUB-002B_노인사회활동_기관코드,https://apis.data.go.kr/B552474/OdsnCodeInquiryService2/getOdsnOrgCodeInquiryList2
0164083,이천시보건소,PUB-002B_노인사회활동_기관코드,https://apis.data.go.kr/B552474/OdsnCodeInquiryService2/getOdsnOrgCodeInquiryList2
0168085,(사)한국비서협회 시니어직능클럽,PUB-002B_노인사회활동_기관코드,https://apis.data.go.kr/B552474/OdsnCodeInquiryService2/getOdsnOrgCodeInquiryList2
0000419,울진군청 사회복지과,PUB-002B_노인사회활동_기관코드,https://apis.data.go.kr/B552474/OdsnCodeInquiryService2/getOdsnOrgCodeInquiryList2
0000864,동북노인복지센터,PUB-002B_노인사회활동_기관코드,https://apis.data.go.kr/B552474/OdsnCodeInquiryService2/getOdsnOrgCodeInquiryList2
0002429,거제해양관광개발공사 옥포종합사회복지관,PUB-002B_노인사회활동_기관코드,https://apis.data.go.kr/B552474/OdsnCodeInquiryService2/getOdsnOrgCodeInquiryList2
0171083,양천시니어클럽,PUB-002B_노인사회활동_기관코드,https://apis.data.go.kr/B552474/OdsnCodeInquiryService2/getOdsnOrgCodeInquiryList2
0180083,사단법인미래고용나눔협회,PUB-002B_노인사회활동_기관코드,https://apis.data.go.kr/B552474/OdsnCodeInquiryService2/getOdsnOrgCodeInquiryList2
0002571,양천구청 공원녹지과,PUB-002B_노인사회활동_기관코드,https://apis.data.go.kr/B552474/OdsnCodeInquiryService2/getOdsnOrgCodeInquiryList2
0001822,대한예수교장로회성동교회,PUB-002B_노인사회활동_기관코드,https://apis.data.go.kr/B552474/OdsnCodeInquiryService2/getOdsnOrgCodeInquiryList2
0198083,광주북구사회적경제연합회,PUB-002B_노인사회활동_기관코드,https://apis.data.go.kr/B552474/OdsnCodeInquiryService2/getOdsnOrgCodeInquiryList2
0221083,진해서부노인종합복지관,PUB-002B_노인사회활동_기관코드,https://apis.data.go.kr/B552474/OdsnCodeInquiryService2/getOdsnOrgCodeInquiryList2
0002418,성균관유도회 대전광역시중구지부,PUB-002B_노인사회활동_기관코드,https://apis.data.go.kr/B552474/OdsnCodeInquiryService2/getOdsnOrgCodeInquiryList2
0232083,협동조합 시니어손맛집,PUB-002B_노인사회활동_기관코드,https://apis.data.go.kr/B552474/OdsnCodeInquiryService2/getOdsnOrgCodeInquiryList2
0243084,이천시니어클럽,PUB-002B_노인사회활동_기관코드,https://apis.data.go.kr/B552474/OdsnCodeInquiryService2/getOdsnOrgCodeInquiryList2
0244083,우리사랑재가노인지원센터,PUB-002B_노인사회활동_기관코드,https://apis.data.go.kr/B552474/OdsnCodeInquiryService2/getOdsnOrgCodeInquiryList2
0246083,고성시니어클럽,PUB-002B_노인사회활동_기관코드,https://apis.data.go.kr/B552474/OdsnCodeInquiryService2/getOdsnOrgCodeInquiryList2
0250084,경산상공회의소,PUB-002B_노인사회활동_기관코드,https://apis.data.go.kr/B552474/OdsnCodeInquiryService2/getOdsnOrgCodeInquiryList2
0259084,인지어스 유한회사,PUB-002B_노인사회활동_기관코드,https://apis.data.go.kr/B552474/OdsnCodeInquiryService2/getOdsnOrgCodeInquiryList2
0259085,(주)두원잡,PUB-002B_노인사회활동_기관코드,https://apis.data.go.kr/B552474/OdsnCodeInquiryService2/getOdsnOrgCodeInquiryList2
0263085,수원상공회의소,PUB-002B_노인사회활동_기관코드,https://apis.data.go.kr/B552474/OdsnCodeInquiryService2/getOdsnOrgCodeInquiryList2
0267084,주식회사 잡스(민간),PUB-002B_노인사회활동_기관코드,https://apis.data.go.kr/B552474/OdsnCodeInquiryService2/getOdsnOrgCodeInquiryList2
0276083,(주)제이엠커리어 진주지사,PUB-002B_노인사회활동_기관코드,https://apis.data.go.kr/B552474/OdsnCodeInquiryService2/getOdsnOrgCodeInquiryList2
0279083,사단법인 고령사회고용진흥원 경남지사,PUB-002B_노인사회활동_기관코드,https://apis.data.go.kr/B552474/OdsnCodeInquiryService2/getOdsnOrgCodeInquiryList2
0284083,(주)해피시니어,PUB-002B_노인사회활동_기관코드,https://apis.data.go.kr/B552474/OdsnCodeInquiryService2/getOdsnOrgCodeInquiryList2
0284084,웅상시니어클럽,PUB-002B_노인사회활동_기관코드,https://apis.data.go.kr/B552474/OdsnCodeInquiryService2/getOdsnOrgCodeInquiryList2
0290083,농업회사법인 (주)여울,PUB-002B_노인사회활동_기관코드,https://apis.data.go.kr/B552474/OdsnCodeInquiryService2/getOdsnOrgCodeInquiryList2
0285083,서울 서대문구지회(민간),PUB-002B_노인사회활동_기관코드,https://apis.data.go.kr/B552474/OdsnCodeInquiryService2/getOdsnOrgCodeInquiryList2
0285084,세종시지회(민간) 대한노인회,PUB-002B_노인사회활동_기관코드,https://apis.data.go.kr/B552474/OdsnCodeInquiryService2/getOdsnOrgCodeInquiryList2
0285085,전북 김제시지회(민간),PUB-002B_노인사회활동_기관코드,https://apis.data.go.kr/B552474/OdsnCodeInquiryService2/getOdsnOrgCodeInquiryList2
0285086,충북 보은군지회,PUB-002B_노인사회활동_기관코드,https://apis.data.go.kr/B552474/OdsnCodeInquiryService2/getOdsnOrgCodeInquiryList2
0285087,충북 영동군지회,PUB-002B_노인사회활동_기관코드,https://apis.data.go.kr/B552474/OdsnCodeInquiryService2/getOdsnOrgCodeInquiryList2
0285088,서울 성동구지회(민간),PUB-002B_노인사회활동_기관코드,https://apis.data.go.kr/B552474/OdsnCodeInquiryService2/getOdsnOrgCodeInquiryList2
0285089,충북 단양군지회(지자체),PUB-002B_노인사회활동_기관코드,https://apis.data.go.kr/B552474/OdsnCodeInquiryService2/getOdsnOrgCodeInquiryList2
0170085,강릉시니어클럽,PUB-002B_노인사회활동_기관코드,https://apis.data.go.kr/B552474/OdsnCodeInquiryService2/getOdsnOrgCodeInquiryList2
0176083,(주)청청프로젝트연구소,PUB-002B_노인사회활동_기관코드,https://apis.data.go.kr/B552474/OdsnCodeInquiryService2/getOdsnOrgCodeInquiryList2
0181083,대한성공회 포천나눔의집,PUB-002B_노인사회활동_기관코드,https://apis.data.go.kr/B552474/OdsnCodeInquiryService2/getOdsnOrgCodeInquiryList2
0189083,부산 해운대구(미래도시과),PUB-002B_노인사회활동_기관코드,https://apis.data.go.kr/B552474/OdsnCodeInquiryService2/getOdsnOrgCodeInquiryList2
0190083,광주시노인복지관,PUB-002B_노인사회활동_기관코드,https://apis.data.go.kr/B552474/OdsnCodeInquiryService2/getOdsnOrgCodeInquiryList2
0217083,화성시 보건소,PUB-002B_노인사회활동_기관코드,https://apis.data.go.kr/B552474/OdsnCodeInquiryService2/getOdsnOrgCodeInquiryList2
0000485,일산종합사회복지관,PUB-002B_노인사회활동_기관코드,https://apis.data.go.kr/B552474/OdsnCodeInquiryService2/getOdsnOrgCodeInquiryList2
0236085,빛고을종합사회복지관,PUB-002B_노인사회활동_기관코드,https://apis.data.go.kr/B552474/OdsnCodeInquiryService2/getOdsnOrgCodeInquiryList2
0257083,인지어스유한회사 익산지사,PUB-002B_노인사회활동_기관코드,https://apis.data.go.kr/B552474/OdsnCodeInquiryService2/getOdsnOrgCodeInquiryList2
0297084,대작영농조합법인,PUB-002B_노인사회활동_기관코드,https://apis.data.go.kr/B552474/OdsnCodeInquiryService2/getOdsnOrgCodeInquiryList2
0299083,은빛리본협동조합,PUB-002B_노인사회활동_기관코드,https://apis.data.go.kr/B552474/OdsnCodeInquiryService2/getOdsnOrgCodeInquiryList2
0300083,(주)태백김치,PUB-002B_노인사회활동_기관코드,https://apis.data.go.kr/B552474/OdsnCodeInquiryService2/getOdsnOrgCodeInquiryList2
0300084,(주)제이엠커리어 광주지사,PUB-002B_노인사회활동_기관코드,https://apis.data.go.kr/B552474/OdsnCodeInquiryService2/getOdsnOrgCodeInquiryList2
0310083,나누미카페협동조합,PUB-002B_노인사회활동_기관코드,https://apis.data.go.kr/B552474/OdsnCodeInquiryService2/getOdsnOrgCodeInquiryList2
0317083,대한노인회 대구 달서구지회,PUB-002B_노인사회활동_기관코드,https://apis.data.go.kr/B552474/OdsnCodeInquiryService2/getOdsnOrgCodeInquiryList2
0322083,삼척동자 사회적협동조합,PUB-002B_노인사회활동_기관코드,https://apis.data.go.kr/B552474/OdsnCodeInquiryService2/getOdsnOrgCodeInquiryList2
0324085,사단법인  세계전통문화놀이협회 서울지부,PUB-002B_노인사회활동_기관코드,https://apis.data.go.kr/B552474/OdsnCodeInquiryService2/getOdsnOrgCodeInquiryList2
0324086,사단법인 세계전통문화놀이협회 서울지부,PUB-002B_노인사회활동_기관코드,https://apis.data.go.kr/B552474/OdsnCodeInquiryService2/getOdsnOrgCodeInquiryList2
0333084,숲속삼성어린이집,PUB-002B_노인사회활동_기관코드,https://apis.data.go.kr/B552474/OdsnCodeInquiryService2/getOdsnOrgCodeInquiryList2
0334083,건양대학교(민간),PUB-002B_노인사회활동_기관코드,https://apis.data.go.kr/B552474/OdsnCodeInquiryService2/getOdsnOrgCodeInquiryList2
0334084,남서울대학교산학협력단,PUB-002B_노인사회활동_기관코드,https://apis.data.go.kr/B552474/OdsnCodeInquiryService2/getOdsnOrgCodeInquiryList2
0335083,(사)혼디배움센터,PUB-002B_노인사회활동_기관코드,https://apis.data.go.kr/B552474/OdsnCodeInquiryService2/getOdsnOrgCodeInquiryList2
0002355,부산영도시니어클럽,PUB-002B_노인사회활동_기관코드,https://apis.data.go.kr/B552474/OdsnCodeInquiryService2/getOdsnOrgCodeInquiryList2
0339083,봉화시니어클럽,PUB-002B_노인사회활동_기관코드,https://apis.data.go.kr/B552474/OdsnCodeInquiryService2/getOdsnOrgCodeInquiryList2
0000215,금천구청 복지가족국 어르신장애인과,PUB-002B_노인사회활동_기관코드,https://apis.data.go.kr/B552474/OdsnCodeInquiryService2/getOdsnOrgCodeInquiryList2
0002000,연화노인복지센터,PUB-002B_노인사회활동_기관코드,https://apis.data.go.kr/B552474/OdsnCodeInquiryService2/getOdsnOrgCodeInquiryList2
0000236,연제구청 주민복지국 복지정책과,PUB-002B_노인사회활동_기관코드,https://apis.data.go.kr/B552474/OdsnCodeInquiryService2/getOdsnOrgCodeInquiryList2
0000459,전라북도 노인장애인과,PUB-002B_노인사회활동_기관코드,https://apis.data.go.kr/B552474/OdsnCodeInquiryService2/getOdsnOrgCodeInquiryList2
0221084,마산회원노인종합복지관,PUB-002B_노인사회활동_기관코드,https://apis.data.go.kr/B552474/OdsnCodeInquiryService2/getOdsnOrgCodeInquiryList2
0235083,한사랑노인복지센터,PUB-002B_노인사회활동_기관코드,https://apis.data.go.kr/B552474/OdsnCodeInquiryService2/getOdsnOrgCodeInquiryList2
0243085,화성시나래울종합사회복지관,PUB-002B_노인사회활동_기관코드,https://apis.data.go.kr/B552474/OdsnCodeInquiryService2/getOdsnOrgCodeInquiryList2
0300086,(주)박달재lpc,PUB-002B_노인사회활동_기관코드,https://apis.data.go.kr/B552474/OdsnCodeInquiryService2/getOdsnOrgCodeInquiryList2
0304083,주식회사 모담패키지,PUB-002B_노인사회활동_기관코드,https://apis.data.go.kr/B552474/OdsnCodeInquiryService2/getOdsnOrgCodeInquiryList2
0306083,대한노인회 강원 정선군지회,PUB-002B_노인사회활동_기관코드,https://apis.data.go.kr/B552474/OdsnCodeInquiryService2/getOdsnOrgCodeInquiryList2
0345083,사단법인 한마음노인복지센터,PUB-002B_노인사회활동_기관코드,https://apis.data.go.kr/B552474/OdsnCodeInquiryService2/getOdsnOrgCodeInquiryList2
0002422,수곡1동 주민센터,PUB-002B_노인사회활동_기관코드,https://apis.data.go.kr/B552474/OdsnCodeInquiryService2/getOdsnOrgCodeInquiryList2
0000392,영광군청,PUB-002B_노인사회활동_기관코드,https://apis.data.go.kr/B552474/OdsnCodeInquiryService2/getOdsnOrgCodeInquiryList2
0000667,구미시노인종합복지회관,PUB-002B_노인사회활동_기관코드,https://apis.data.go.kr/B552474/OdsnCodeInquiryService2/getOdsnOrgCodeInquiryList2
0002899,(사)길손의쉼터,PUB-002B_노인사회활동_기관코드,https://apis.data.go.kr/B552474/OdsnCodeInquiryService2/getOdsnOrgCodeInquiryList2
0002523,사단법인 행복나눔복지회,PUB-002B_노인사회활동_기관코드,https://apis.data.go.kr/B552474/OdsnCodeInquiryService2/getOdsnOrgCodeInquiryList2
0002886,사회복지 법인 나눔복지재단,PUB-002B_노인사회활동_기관코드,https://apis.data.go.kr/B552474/OdsnCodeInquiryService2/getOdsnOrgCodeInquiryList2
0000183,대한노인회 인천연합회 취업지원센터,PUB-002B_노인사회활동_기관코드,https://apis.data.go.kr/B552474/OdsnCodeInquiryService2/getOdsnOrgCodeInquiryList2
0002628,구립영등포노인복지센터,PUB-002B_노인사회활동_기관코드,https://apis.data.go.kr/B552474/OdsnCodeInquiryService2/getOdsnOrgCodeInquiryList2
0002285,순창노인복지센터,PUB-002B_노인사회활동_기관코드,https://apis.data.go.kr/B552474/OdsnCodeInquiryService2/getOdsnOrgCodeInquiryList2
0002443,효창종합사회복지관,PUB-002B_노인사회활동_기관코드,https://apis.data.go.kr/B552474/OdsnCodeInquiryService2/getOdsnOrgCodeInquiryList2
0002608,서울특별시아동복지협회,PUB-002B_노인사회활동_기관코드,https://apis.data.go.kr/B552474/OdsnCodeInquiryService2/getOdsnOrgCodeInquiryList2
0002831,장안종합사회복지관,PUB-002B_노인사회활동_기관코드,https://apis.data.go.kr/B552474/OdsnCodeInquiryService2/getOdsnOrgCodeInquiryList2
0172086,광진시니어클럽,PUB-002B_노인사회활동_기관코드,https://apis.data.go.kr/B552474/OdsnCodeInquiryService2/getOdsnOrgCodeInquiryList2
0182083,노원시니어클럽,PUB-002B_노인사회활동_기관코드,https://apis.data.go.kr/B552474/OdsnCodeInquiryService2/getOdsnOrgCodeInquiryList2
0000751,마산희망지역자활센터,PUB-002B_노인사회활동_기관코드,https://apis.data.go.kr/B552474/OdsnCodeInquiryService2/getOdsnOrgCodeInquiryList2
0000450,대구광역시 어르신복지과,PUB-002B_노인사회활동_기관코드,https://apis.data.go.kr/B552474/OdsnCodeInquiryService2/getOdsnOrgCodeInquiryList2
0250083,사단법인 광주전남여성벤처협회,PUB-002B_노인사회활동_기관코드,https://apis.data.go.kr/B552474/OdsnCodeInquiryService2/getOdsnOrgCodeInquiryList2
0283083,(주)씨엔팩토리,PUB-002B_노인사회활동_기관코드,https://apis.data.go.kr/B552474/OdsnCodeInquiryService2/getOdsnOrgCodeInquiryList2
0312083,(주)연과사람들,PUB-002B_노인사회활동_기관코드,https://apis.data.go.kr/B552474/OdsnCodeInquiryService2/getOdsnOrgCodeInquiryList2
0000704,사)대원사회복지회,PUB-002B_노인사회활동_기관코드,https://apis.data.go.kr/B552474/OdsnCodeInquiryService2/getOdsnOrgCodeInquiryList2
0000881,임마누엘재가노인복지센터,PUB-002B_노인사회활동_기관코드,https://apis.data.go.kr/B552474/OdsnCodeInquiryService2/getOdsnOrgCodeInquiryList2
0002296,연수구청 지역경제과,PUB-002B_노인사회활동_기관코드,https://apis.data.go.kr/B552474/OdsnCodeInquiryService2/getOdsnOrgCodeInquiryList2
0351083,계산노인문화센터,PUB-002B_노인사회활동_기관코드,https://apis.data.go.kr/B552474/OdsnCodeInquiryService2/getOdsnOrgCodeInquiryList2
0352083,논산시사회복지협의회,PUB-002B_노인사회활동_기관코드,https://apis.data.go.kr/B552474/OdsnCodeInquiryService2/getOdsnOrgCodeInquiryList2
0354083,홍성 시니어클럽,PUB-002B_노인사회활동_기관코드,https://apis.data.go.kr/B552474/OdsnCodeInquiryService2/getOdsnOrgCodeInquiryList2
0355083,하동시니어클럽,PUB-002B_노인사회활동_기관코드,https://apis.data.go.kr/B552474/OdsnCodeInquiryService2/getOdsnOrgCodeInquiryList2
0359083,생활정치발전소,PUB-002B_노인사회활동_기관코드,https://apis.data.go.kr/B552474/OdsnCodeInquiryService2/getOdsnOrgCodeInquiryList2
0359084,사단법인 농담,PUB-002B_노인사회활동_기관코드,https://apis.data.go.kr/B552474/OdsnCodeInquiryService2/getOdsnOrgCodeInquiryList2
0359085,마을발전소,PUB-002B_노인사회활동_기관코드,https://apis.data.go.kr/B552474/OdsnCodeInquiryService2/getOdsnOrgCodeInquiryList2
0363083,관인노인복지센터,PUB-002B_노인사회활동_기관코드,https://apis.data.go.kr/B552474/OdsnCodeInquiryService2/getOdsnOrgCodeInquiryList2
0365083,산청시니어클럽,PUB-002B_노인사회활동_기관코드,https://apis.data.go.kr/B552474/OdsnCodeInquiryService2/getOdsnOrgCodeInquiryList2
0369083,포항YMCA,PUB-002B_노인사회활동_기관코드,https://apis.data.go.kr/B552474/OdsnCodeInquiryService2/getOdsnOrgCodeInquiryList2
0370096,김제시행정동호회,PUB-002B_노인사회활동_기관코드,https://apis.data.go.kr/B552474/OdsnCodeInquiryService2/getOdsnOrgCodeInquiryList2
0373086,청주시 서원구청,PUB-002B_노인사회활동_기관코드,https://apis.data.go.kr/B552474/OdsnCodeInquiryService2/getOdsnOrgCodeInquiryList2
0373083,청주시 청원구청,PUB-002B_노인사회활동_기관코드,https://apis.data.go.kr/B552474/OdsnCodeInquiryService2/getOdsnOrgCodeInquiryList2
0373085,청주시 상당구청,PUB-002B_노인사회활동_기관코드,https://apis.data.go.kr/B552474/OdsnCodeInquiryService2/getOdsnOrgCodeInquiryList2
0373084,청주시 흥덕구청(X),PUB-002B_노인사회활동_기관코드,https://apis.data.go.kr/B552474/OdsnCodeInquiryService2/getOdsnOrgCodeInquiryList2
0172085,(재)광주복지재단 효령노인복지타운,PUB-002B_노인사회활동_기관코드,https://apis.data.go.kr/B552474/OdsnCodeInquiryService2/getOdsnOrgCodeInquiryList2
0175083,주식회사떡이랑찬이랑,PUB-002B_노인사회활동_기관코드,https://apis.data.go.kr/B552474/OdsnCodeInquiryService2/getOdsnOrgCodeInquiryList2
0194083,노인일자리협동조합,PUB-002B_노인사회활동_기관코드,https://apis.data.go.kr/B552474/OdsnCodeInquiryService2/getOdsnOrgCodeInquiryList2
0196083,금호종합사회복지관,PUB-002B_노인사회활동_기관코드,https://apis.data.go.kr/B552474/OdsnCodeInquiryService2/getOdsnOrgCodeInquiryList2
0000528,용인종합사회복지관,PUB-002B_노인사회활동_기관코드,https://apis.data.go.kr/B552474/OdsnCodeInquiryService2/getOdsnOrgCodeInquiryList2
0281083,(주)은빛바다,PUB-002B_노인사회활동_기관코드,https://apis.data.go.kr/B552474/OdsnCodeInquiryService2/getOdsnOrgCodeInquiryList2
0318083,서민재무상담연구원시니어직능클럽,PUB-002B_노인사회활동_기관코드,https://apis.data.go.kr/B552474/OdsnCodeInquiryService2/getOdsnOrgCodeInquiryList2
0000745,전주시 재가노인복지협회,PUB-002B_노인사회활동_기관코드,https://apis.data.go.kr/B552474/OdsnCodeInquiryService2/getOdsnOrgCodeInquiryList2
0324084,세계전통문화놀이협회 서울지부,PUB-002B_노인사회활동_기관코드,https://apis.data.go.kr/B552474/OdsnCodeInquiryService2/getOdsnOrgCodeInquiryList2
0001157,사)대한민국6.25참전유공자회마포구지회,PUB-002B_노인사회활동_기관코드,https://apis.data.go.kr/B552474/OdsnCodeInquiryService2/getOdsnOrgCodeInquiryList2
0374083,통영노인통합지원센터,PUB-002B_노인사회활동_기관코드,https://apis.data.go.kr/B552474/OdsnCodeInquiryService2/getOdsnOrgCodeInquiryList2
0375083,개발원(취업알선),PUB-002B_노인사회활동_기관코드,https://apis.data.go.kr/B552474/OdsnCodeInquiryService2/getOdsnOrgCodeInquiryList2
0376083,예천시니어클럽,PUB-002B_노인사회활동_기관코드,https://apis.data.go.kr/B552474/OdsnCodeInquiryService2/getOdsnOrgCodeInquiryList2
0000911,중구노인복지관,PUB-002B_노인사회활동_기관코드,https://apis.data.go.kr/B552474/OdsnCodeInquiryService2/getOdsnOrgCodeInquiryList2
0002312,(사)노인낙원보훈봉사단,PUB-002B_노인사회활동_기관코드,https://apis.data.go.kr/B552474/OdsnCodeInquiryService2/getOdsnOrgCodeInquiryList2
0383083,사단법인 구미중소기업협의회,PUB-002B_노인사회활동_기관코드,https://apis.data.go.kr/B552474/OdsnCodeInquiryService2/getOdsnOrgCodeInquiryList2
0391083,(사)지밸리산업협회,PUB-002B_노인사회활동_기관코드,https://apis.data.go.kr/B552474/OdsnCodeInquiryService2/getOdsnOrgCodeInquiryList2
0398083,(주)한국커리어잡스 대전지사,PUB-002B_노인사회활동_기관코드,https://apis.data.go.kr/B552474/OdsnCodeInquiryService2/getOdsnOrgCodeInquiryList2
0405084,시니어잡네트워크센터(민간),PUB-002B_노인사회활동_기관코드,https://apis.data.go.kr/B552474/OdsnCodeInquiryService2/getOdsnOrgCodeInquiryList2
0408083,(주)제이엠커리어 부산지사,PUB-002B_노인사회활동_기관코드,https://apis.data.go.kr/B552474/OdsnCodeInquiryService2/getOdsnOrgCodeInquiryList2
0408084,(사)한국고용복지센터,PUB-002B_노인사회활동_기관코드,https://apis.data.go.kr/B552474/OdsnCodeInquiryService2/getOdsnOrgCodeInquiryList2
0408085,(주)사람마중중부지역본부,PUB-002B_노인사회활동_기관코드,https://apis.data.go.kr/B552474/OdsnCodeInquiryService2/getOdsnOrgCodeInquiryList2
0408087,사단법인 한국취업지원협회,PUB-002B_노인사회활동_기관코드,https://apis.data.go.kr/B552474/OdsnCodeInquiryService2/getOdsnOrgCodeInquiryList2
0408089,(주)제니엘,PUB-002B_노인사회활동_기관코드,https://apis.data.go.kr/B552474/OdsnCodeInquiryService2/getOdsnOrgCodeInquiryList2
0414085,로쏘(주)성심당,PUB-002B_노인사회활동_기관코드,https://apis.data.go.kr/B552474/OdsnCodeInquiryService2/getOdsnOrgCodeInquiryList2
0418084,대전시니어커피협동조합,PUB-002B_노인사회활동_기관코드,https://apis.data.go.kr/B552474/OdsnCodeInquiryService2/getOdsnOrgCodeInquiryList2
0169083,(사)한국경영기술지도사회,PUB-002B_노인사회활동_기관코드,https://apis.data.go.kr/B552474/OdsnCodeInquiryService2/getOdsnOrgCodeInquiryList2
0172083,재)광주복지재단 효령노인복지타운,PUB-002B_노인사회활동_기관코드,https://apis.data.go.kr/B552474/OdsnCodeInquiryService2/getOdsnOrgCodeInquiryList2
0172084,재)광주복지재단 효령노인복지타운,PUB-002B_노인사회활동_기관코드,https://apis.data.go.kr/B552474/OdsnCodeInquiryService2/getOdsnOrgCodeInquiryList2
0179083,(주)러블리페이퍼,PUB-002B_노인사회활동_기관코드,https://apis.data.go.kr/B552474/OdsnCodeInquiryService2/getOdsnOrgCodeInquiryList2
0000453,대전광역시 노인복지과,PUB-002B_노인사회활동_기관코드,https://apis.data.go.kr/B552474/OdsnCodeInquiryService2/getOdsnOrgCodeInquiryList2
0000650,원당사회복지관,PUB-002B_노인사회활동_기관코드,https://apis.data.go.kr/B552474/OdsnCodeInquiryService2/getOdsnOrgCodeInquiryList2
0223083,마산회원시니어클럽,PUB-002B_노인사회활동_기관코드,https://apis.data.go.kr/B552474/OdsnCodeInquiryService2/getOdsnOrgCodeInquiryList2
0002100,담향재가지원서비스센터,PUB-002B_노인사회활동_기관코드,https://apis.data.go.kr/B552474/OdsnCodeInquiryService2/getOdsnOrgCodeInquiryList2
0273084,대한노인회 충북 증평군지회,PUB-002B_노인사회활동_기관코드,https://apis.data.go.kr/B552474/OdsnCodeInquiryService2/getOdsnOrgCodeInquiryList2
0002810,강원 정선군지회,PUB-002B_노인사회활동_기관코드,https://apis.data.go.kr/B552474/OdsnCodeInquiryService2/getOdsnOrgCodeInquiryList2
0292083,남해군흑마늘주식회사,PUB-002B_노인사회활동_기관코드,https://apis.data.go.kr/B552474/OdsnCodeInquiryService2/getOdsnOrgCodeInquiryList2
0298083,(주)인화푸드,PUB-002B_노인사회활동_기관코드,https://apis.data.go.kr/B552474/OdsnCodeInquiryService2/getOdsnOrgCodeInquiryList2
0308084,강서시니어협동조합,PUB-002B_노인사회활동_기관코드,https://apis.data.go.kr/B552474/OdsnCodeInquiryService2/getOdsnOrgCodeInquiryList2
0361083,합천노인통합지원센터,PUB-002B_노인사회활동_기관코드,https://apis.data.go.kr/B552474/OdsnCodeInquiryService2/getOdsnOrgCodeInquiryList2
0380083,(사)강원경영자총협회,PUB-002B_노인사회활동_기관코드,https://apis.data.go.kr/B552474/OdsnCodeInquiryService2/getOdsnOrgCodeInquiryList2
0386083,안성시서부무한돌봄네트워크팀,PUB-002B_노인사회활동_기관코드,https://apis.data.go.kr/B552474/OdsnCodeInquiryService2/getOdsnOrgCodeInquiryList2
0386084,사회적협동조합경기부천나눔지역자활센터,PUB-002B_노인사회활동_기관코드,https://apis.data.go.kr/B552474/OdsnCodeInquiryService2/getOdsnOrgCodeInquiryList2
0388083,한국문화예술산업진흥회전북지회,PUB-002B_노인사회활동_기관코드,https://apis.data.go.kr/B552474/OdsnCodeInquiryService2/getOdsnOrgCodeInquiryList2
0389083,남원사랑노인재가복지센터,PUB-002B_노인사회활동_기관코드,https://apis.data.go.kr/B552474/OdsnCodeInquiryService2/getOdsnOrgCodeInquiryList2
0394083,부산동래여성인력개발센터,PUB-002B_노인사회활동_기관코드,https://apis.data.go.kr/B552474/OdsnCodeInquiryService2/getOdsnOrgCodeInquiryList2
0402084,(주)에듀인잡컨설팅,PUB-002B_노인사회활동_기관코드,https://apis.data.go.kr/B552474/OdsnCodeInquiryService2/getOdsnOrgCodeInquiryList2
0405085,글로벌스퀘어 주식회사,PUB-002B_노인사회활동_기관코드,https://apis.data.go.kr/B552474/OdsnCodeInquiryService2/getOdsnOrgCodeInquiryList2
0407083,(주)커리어넷,PUB-002B_노인사회활동_기관코드,https://apis.data.go.kr/B552474/OdsnCodeInquiryService2/getOdsnOrgCodeInquiryList2
0411083,빛글 협동조합,PUB-002B_노인사회활동_기관코드,https://apis.data.go.kr/B552474/OdsnCodeInquiryService2/getOdsnOrgCodeInquiryList2
0415084,스탭스주식회사 부산센터,PUB-002B_노인사회활동_기관코드,https://apis.data.go.kr/B552474/OdsnCodeInquiryService2/getOdsnOrgCodeInquiryList2
0417084,주식회사대천수산몰,PUB-002B_노인사회활동_기관코드,https://apis.data.go.kr/B552474/OdsnCodeInquiryService2/getOdsnOrgCodeInquiryList2
0002342,황송노인종합복지관,PUB-002B_노인사회활동_기관코드,https://apis.data.go.kr/B552474/OdsnCodeInquiryService2/getOdsnOrgCodeInquiryList2
0002535,울주군 상북면(X),PUB-002B_노인사회활동_기관코드,https://apis.data.go.kr/B552474/OdsnCodeInquiryService2/getOdsnOrgCodeInquiryList2
0187083,금천시니어클럽,PUB-002B_노인사회활동_기관코드,https://apis.data.go.kr/B552474/OdsnCodeInquiryService2/getOdsnOrgCodeInquiryList2
0207083,산곡노인문화센터,PUB-002B_노인사회활동_기관코드,https://apis.data.go.kr/B552474/OdsnCodeInquiryService2/getOdsnOrgCodeInquiryList2
0000654,문촌7사회복지관,PUB-002B_노인사회활동_기관코드,https://apis.data.go.kr/B552474/OdsnCodeInquiryService2/getOdsnOrgCodeInquiryList2
0228083,미추홀시니어클럽,PUB-002B_노인사회활동_기관코드,https://apis.data.go.kr/B552474/OdsnCodeInquiryService2/getOdsnOrgCodeInquiryList2
0262083,(주)제니엘 성남지점,PUB-002B_노인사회활동_기관코드,https://apis.data.go.kr/B552474/OdsnCodeInquiryService2/getOdsnOrgCodeInquiryList2
0267083,삶터사회적협동조합,PUB-002B_노인사회활동_기관코드,https://apis.data.go.kr/B552474/OdsnCodeInquiryService2/getOdsnOrgCodeInquiryList2
0274083,경기 부천원미지회(사용안함),PUB-002B_노인사회활동_기관코드,https://apis.data.go.kr/B552474/OdsnCodeInquiryService2/getOdsnOrgCodeInquiryList2
0338083,강화군노인문화센터,PUB-002B_노인사회활동_기관코드,https://apis.data.go.kr/B552474/OdsnCodeInquiryService2/getOdsnOrgCodeInquiryList2
0347083,파주시니어클럽,PUB-002B_노인사회활동_기관코드,https://apis.data.go.kr/B552474/OdsnCodeInquiryService2/getOdsnOrgCodeInquiryList2
0378083,안면도노인복지관,PUB-002B_노인사회활동_기관코드,https://apis.data.go.kr/B552474/OdsnCodeInquiryService2/getOdsnOrgCodeInquiryList2
0402083,(사)한국경영혁신중소기업협회 대전세종충남연합회,PUB-002B_노인사회활동_기관코드,https://apis.data.go.kr/B552474/OdsnCodeInquiryService2/getOdsnOrgCodeInquiryList2
0000288,평택시청 복지국 노인장애인과,PUB-002B_노인사회활동_기관코드,https://apis.data.go.kr/B552474/OdsnCodeInquiryService2/getOdsnOrgCodeInquiryList2
0408088,(주)현이씨푸드,PUB-002B_노인사회활동_기관코드,https://apis.data.go.kr/B552474/OdsnCodeInquiryService2/getOdsnOrgCodeInquiryList2
0411084,제이피넷 주식회사,PUB-002B_노인사회활동_기관코드,https://apis.data.go.kr/B552474/OdsnCodeInquiryService2/getOdsnOrgCodeInquiryList2
0415083,(사)중소기업융합 광주전남연합회,PUB-002B_노인사회활동_기관코드,https://apis.data.go.kr/B552474/OdsnCodeInquiryService2/getOdsnOrgCodeInquiryList2
0416087,갓바위식품(주),PUB-002B_노인사회활동_기관코드,https://apis.data.go.kr/B552474/OdsnCodeInquiryService2/getOdsnOrgCodeInquiryList2
0419083,주식회사 이킴,PUB-002B_노인사회활동_기관코드,https://apis.data.go.kr/B552474/OdsnCodeInquiryService2/getOdsnOrgCodeInquiryList2
0419084,정일품협동조합,PUB-002B_노인사회활동_기관코드,https://apis.data.go.kr/B552474/OdsnCodeInquiryService2/getOdsnOrgCodeInquiryList2
0421083,주식회사해저김,PUB-002B_노인사회활동_기관코드,https://apis.data.go.kr/B552474/OdsnCodeInquiryService2/getOdsnOrgCodeInquiryList2
0421084,퍼스트인잡(주) 김해지점,PUB-002B_노인사회활동_기관코드,https://apis.data.go.kr/B552474/OdsnCodeInquiryService2/getOdsnOrgCodeInquiryList2
0185083,책상없는학교,PUB-002B_노인사회활동_기관코드,https://apis.data.go.kr/B552474/OdsnCodeInquiryService2/getOdsnOrgCodeInquiryList2
0217085,연희노인복지관,PUB-002B_노인사회활동_기관코드,https://apis.data.go.kr/B552474/OdsnCodeInquiryService2/getOdsnOrgCodeInquiryList2
0000655,문촌9단지종합사회복지관,PUB-002B_노인사회활동_기관코드,https://apis.data.go.kr/B552474/OdsnCodeInquiryService2/getOdsnOrgCodeInquiryList2
0226084,(사)남원사랑나눔센터,PUB-002B_노인사회활동_기관코드,https://apis.data.go.kr/B552474/OdsnCodeInquiryService2/getOdsnOrgCodeInquiryList2
0238083,어울림협동조합,PUB-002B_노인사회활동_기관코드,https://apis.data.go.kr/B552474/OdsnCodeInquiryService2/getOdsnOrgCodeInquiryList2
0246084,사단법인 대효,PUB-002B_노인사회활동_기관코드,https://apis.data.go.kr/B552474/OdsnCodeInquiryService2/getOdsnOrgCodeInquiryList2
0263084,(주)제이엠커리어 의정부지사,PUB-002B_노인사회활동_기관코드,https://apis.data.go.kr/B552474/OdsnCodeInquiryService2/getOdsnOrgCodeInquiryList2
0315083,60플러스행복일자리사회적협동조합,PUB-002B_노인사회활동_기관코드,https://apis.data.go.kr/B552474/OdsnCodeInquiryService2/getOdsnOrgCodeInquiryList2
0324083,세계전통문화놀이협회 서울지부,PUB-002B_노인사회활동_기관코드,https://apis.data.go.kr/B552474/OdsnCodeInquiryService2/getOdsnOrgCodeInquiryList2
0333083,삼성숲유치원,PUB-002B_노인사회활동_기관코드,https://apis.data.go.kr/B552474/OdsnCodeInquiryService2/getOdsnOrgCodeInquiryList2
0357083,함양시니어클럽,PUB-002B_노인사회활동_기관코드,https://apis.data.go.kr/B552474/OdsnCodeInquiryService2/getOdsnOrgCodeInquiryList2
0370097,삼호동행정복지센터,PUB-002B_노인사회활동_기관코드,https://apis.data.go.kr/B552474/OdsnCodeInquiryService2/getOdsnOrgCodeInquiryList2
0393083,화이통협동조합,PUB-002B_노인사회활동_기관코드,https://apis.data.go.kr/B552474/OdsnCodeInquiryService2/getOdsnOrgCodeInquiryList2
0401083,주식회사 경남취업지원센터,PUB-002B_노인사회활동_기관코드,https://apis.data.go.kr/B552474/OdsnCodeInquiryService2/getOdsnOrgCodeInquiryList2
0403083,(주)블루안컨설팅,PUB-002B_노인사회활동_기관코드,https://apis.data.go.kr/B552474/OdsnCodeInquiryService2/getOdsnOrgCodeInquiryList2
0408086,사단법인 한국고용복지센터,PUB-002B_노인사회활동_기관코드,https://apis.data.go.kr/B552474/OdsnCodeInquiryService2/getOdsnOrgCodeInquiryList2
0411086,(주)휴먼인프라,PUB-002B_노인사회활동_기관코드,https://apis.data.go.kr/B552474/OdsnCodeInquiryService2/getOdsnOrgCodeInquiryList2
0414084,(주)별식품,PUB-002B_노인사회활동_기관코드,https://apis.data.go.kr/B552474/OdsnCodeInquiryService2/getOdsnOrgCodeInquiryList2
0417083,베비타주식회사,PUB-002B_노인사회활동_기관코드,https://apis.data.go.kr/B552474/OdsnCodeInquiryService2/getOdsnOrgCodeInquiryList2
0418083,사회적협동조합 고마음,PUB-002B_노인사회활동_기관코드,https://apis.data.go.kr/B552474/OdsnCodeInquiryService2/getOdsnOrgCodeInquiryList2
0420083,세종상공회의소(민간),PUB-002B_노인사회활동_기관코드,https://apis.data.go.kr/B552474/OdsnCodeInquiryService2/getOdsnOrgCodeInquiryList2
0420084,(주)아이잡강원,PUB-002B_노인사회활동_기관코드,https://apis.data.go.kr/B552474/OdsnCodeInquiryService2/getOdsnOrgCodeInquiryList2
0420085,주식회사 엔투엑스,PUB-002B_노인사회활동_기관코드,https://apis.data.go.kr/B552474/OdsnCodeInquiryService2/getOdsnOrgCodeInquiryList2
0419085,울집수리협동조합,PUB-002B_노인사회활동_기관코드,https://apis.data.go.kr/B552474/OdsnCodeInquiryService2/getOdsnOrgCodeInquiryList2
0420087,주식회사 디비에프,PUB-002B_노인사회활동_기관코드,https://apis.data.go.kr/B552474/OdsnCodeInquiryService2/getOdsnOrgCodeInquiryList2
0419086,(주)제니엘 인천지점,PUB-002B_노인사회활동_기관코드,https://apis.data.go.kr/B552474/OdsnCodeInquiryService2/getOdsnOrgCodeInquiryList2
0420088,(유)목양,PUB-002B_노인사회활동_기관코드,https://apis.data.go.kr/B552474/OdsnCodeInquiryService2/getOdsnOrgCodeInquiryList2
0206083,산곡노인문화센터,PUB-002B_노인사회활동_기관코드,https://apis.data.go.kr/B552474/OdsnCodeInquiryService2/getOdsnOrgCodeInquiryList2
0218083,고양시삼송동종합복지회관,PUB-002B_노인사회활동_기관코드,https://apis.data.go.kr/B552474/OdsnCodeInquiryService2/getOdsnOrgCodeInquiryList2
0234083,한사랑노인복지센터(x),PUB-002B_노인사회활동_기관코드,https://apis.data.go.kr/B552474/OdsnCodeInquiryService2/getOdsnOrgCodeInquiryList2
0264084,죽림노인복지센터,PUB-002B_노인사회활동_기관코드,https://apis.data.go.kr/B552474/OdsnCodeInquiryService2/getOdsnOrgCodeInquiryList2
0266083,(사)한국경영혁신중소기업협회,PUB-002B_노인사회활동_기관코드,https://apis.data.go.kr/B552474/OdsnCodeInquiryService2/getOdsnOrgCodeInquiryList2
0002360,(재)공주지역자활센터,PUB-002B_노인사회활동_기관코드,https://apis.data.go.kr/B552474/OdsnCodeInquiryService2/getOdsnOrgCodeInquiryList2
0278083,사회적협동조합 일터와사람들,PUB-002B_노인사회활동_기관코드,https://apis.data.go.kr/B552474/OdsnCodeInquiryService2/getOdsnOrgCodeInquiryList2
0282083,주식회사 워크잡,PUB-002B_노인사회활동_기관코드,https://apis.data.go.kr/B552474/OdsnCodeInquiryService2/getOdsnOrgCodeInquiryList2
0289084,주식회사 섬토,PUB-002B_노인사회활동_기관코드,https://apis.data.go.kr/B552474/OdsnCodeInquiryService2/getOdsnOrgCodeInquiryList2
0293085,(주)부촌푸드시스템,PUB-002B_노인사회활동_기관코드,https://apis.data.go.kr/B552474/OdsnCodeInquiryService2/getOdsnOrgCodeInquiryList2
0305083,농업회사법인 (주)예소담,PUB-002B_노인사회활동_기관코드,https://apis.data.go.kr/B552474/OdsnCodeInquiryService2/getOdsnOrgCodeInquiryList2
0316083,주식회사 탐라원푸드,PUB-002B_노인사회활동_기관코드,https://apis.data.go.kr/B552474/OdsnCodeInquiryService2/getOdsnOrgCodeInquiryList2
0320083,사)세계전통문화놀이협회 충남지부,PUB-002B_노인사회활동_기관코드,https://apis.data.go.kr/B552474/OdsnCodeInquiryService2/getOdsnOrgCodeInquiryList2
0329084,성남시 중원구청 환경위생과,PUB-002B_노인사회활동_기관코드,https://apis.data.go.kr/B552474/OdsnCodeInquiryService2/getOdsnOrgCodeInquiryList2
0002593,온수어르신복지관,PUB-002B_노인사회활동_기관코드,https://apis.data.go.kr/B552474/OdsnCodeInquiryService2/getOdsnOrgCodeInquiryList2
0360083,케이워터나눔복지재단,PUB-002B_노인사회활동_기관코드,https://apis.data.go.kr/B552474/OdsnCodeInquiryService2/getOdsnOrgCodeInquiryList2
0364083,천안실버대학 병설 노인일자리센터,PUB-002B_노인사회활동_기관코드,https://apis.data.go.kr/B552474/OdsnCodeInquiryService2/getOdsnOrgCodeInquiryList2
0392083,상주상공회의소,PUB-002B_노인사회활동_기관코드,https://apis.data.go.kr/B552474/OdsnCodeInquiryService2/getOdsnOrgCodeInquiryList2
0400083,음성상공회의소(민간),PUB-002B_노인사회활동_기관코드,https://apis.data.go.kr/B552474/OdsnCodeInquiryService2/getOdsnOrgCodeInquiryList2
0410083,주식회사 퍼스트인코리아,PUB-002B_노인사회활동_기관코드,https://apis.data.go.kr/B552474/OdsnCodeInquiryService2/getOdsnOrgCodeInquiryList2
0413086,스탭스 주식회사 구미센터,PUB-002B_노인사회활동_기관코드,https://apis.data.go.kr/B552474/OdsnCodeInquiryService2/getOdsnOrgCodeInquiryList2
0416083,(주)캘리포니아베이커리카페,PUB-002B_노인사회활동_기관코드,https://apis.data.go.kr/B552474/OdsnCodeInquiryService2/getOdsnOrgCodeInquiryList2
0416084,메이크인 대전지사(민간),PUB-002B_노인사회활동_기관코드,https://apis.data.go.kr/B552474/OdsnCodeInquiryService2/getOdsnOrgCodeInquiryList2
0416085,(사)경남경영자총협회,PUB-002B_노인사회활동_기관코드,https://apis.data.go.kr/B552474/OdsnCodeInquiryService2/getOdsnOrgCodeInquiryList2
0205083,검단노인복지관,PUB-002B_노인사회활동_기관코드,https://apis.data.go.kr/B552474/OdsnCodeInquiryService2/getOdsnOrgCodeInquiryList2
0211083,해운대구장애인복지관,PUB-002B_노인사회활동_기관코드,https://apis.data.go.kr/B552474/OdsnCodeInquiryService2/getOdsnOrgCodeInquiryList2
0001788,군산종합사회복지관,PUB-002B_노인사회활동_기관코드,https://apis.data.go.kr/B552474/OdsnCodeInquiryService2/getOdsnOrgCodeInquiryList2
0224084,성산시니어클럽,PUB-002B_노인사회활동_기관코드,https://apis.data.go.kr/B552474/OdsnCodeInquiryService2/getOdsnOrgCodeInquiryList2
0229084,경기여주지역자활센터,PUB-002B_노인사회활동_기관코드,https://apis.data.go.kr/B552474/OdsnCodeInquiryService2/getOdsnOrgCodeInquiryList2
0000883,대한노인회 경기 동두천시지회,PUB-002B_노인사회활동_기관코드,https://apis.data.go.kr/B552474/OdsnCodeInquiryService2/getOdsnOrgCodeInquiryList2
0249085,사단법인 일미래센터 전남지사,PUB-002B_노인사회활동_기관코드,https://apis.data.go.kr/B552474/OdsnCodeInquiryService2/getOdsnOrgCodeInquiryList2
0256086,사회적협동조합 제주내일(민간),PUB-002B_노인사회활동_기관코드,https://apis.data.go.kr/B552474/OdsnCodeInquiryService2/getOdsnOrgCodeInquiryList2
0261083,울산양산경영자총협회,PUB-002B_노인사회활동_기관코드,https://apis.data.go.kr/B552474/OdsnCodeInquiryService2/getOdsnOrgCodeInquiryList2
0264083,이천상공회의소,PUB-002B_노인사회활동_기관코드,https://apis.data.go.kr/B552474/OdsnCodeInquiryService2/getOdsnOrgCodeInquiryList2
0264085,뉴딜사회적협동조합,PUB-002B_노인사회활동_기관코드,https://apis.data.go.kr/B552474/OdsnCodeInquiryService2/getOdsnOrgCodeInquiryList2
0271084,퍼스트인잡주식회사,PUB-002B_노인사회활동_기관코드,https://apis.data.go.kr/B552474/OdsnCodeInquiryService2/getOdsnOrgCodeInquiryList2
0289083,(주)미트뱅크,PUB-002B_노인사회활동_기관코드,https://apis.data.go.kr/B552474/OdsnCodeInquiryService2/getOdsnOrgCodeInquiryList2
0305084,주식회사 아임래디,PUB-002B_노인사회활동_기관코드,https://apis.data.go.kr/B552474/OdsnCodeInquiryService2/getOdsnOrgCodeInquiryList2
0001483,한솔종합사회복지관,PUB-002B_노인사회활동_기관코드,https://apis.data.go.kr/B552474/OdsnCodeInquiryService2/getOdsnOrgCodeInquiryList2
0000686,노인과청소년공동체빈들회,PUB-002B_노인사회활동_기관코드,https://apis.data.go.kr/B552474/OdsnCodeInquiryService2/getOdsnOrgCodeInquiryList2
0002857,국제문화교류단,PUB-002B_노인사회활동_기관코드,https://apis.data.go.kr/B552474/OdsnCodeInquiryService2/getOdsnOrgCodeInquiryList2
0342083,동대문시니어클럽,PUB-002B_노인사회활동_기관코드,https://apis.data.go.kr/B552474/OdsnCodeInquiryService2/getOdsnOrgCodeInquiryList2
0002775,대한노인회 전북취업지원센터,PUB-002B_노인사회활동_기관코드,https://apis.data.go.kr/B552474/OdsnCodeInquiryService2/getOdsnOrgCodeInquiryList2
0002794,청원구청,PUB-002B_노인사회활동_기관코드,https://apis.data.go.kr/B552474/OdsnCodeInquiryService2/getOdsnOrgCodeInquiryList2
0344083,(주)산돌식품,PUB-002B_노인사회활동_기관코드,https://apis.data.go.kr/B552474/OdsnCodeInquiryService2/getOdsnOrgCodeInquiryList2
0002149,좋은이웃.복지센터,PUB-002B_노인사회활동_기관코드,https://apis.data.go.kr/B552474/OdsnCodeInquiryService2/getOdsnOrgCodeInquiryList2
0358083,광명시립하안노인종합복지관,PUB-002B_노인사회활동_기관코드,https://apis.data.go.kr/B552474/OdsnCodeInquiryService2/getOdsnOrgCodeInquiryList2
0002965,인천쪽방상담소(괭이부리말희망일터),PUB-002B_노인사회활동_기관코드,https://apis.data.go.kr/B552474/OdsnCodeInquiryService2/getOdsnOrgCodeInquiryList2
0214083,월계어르신복지센터,PUB-002B_노인사회활동_기관코드,https://apis.data.go.kr/B552474/OdsnCodeInquiryService2/getOdsnOrgCodeInquiryList2
0216083,거제시니어클럽,PUB-002B_노인사회활동_기관코드,https://apis.data.go.kr/B552474/OdsnCodeInquiryService2/getOdsnOrgCodeInquiryList2
0234084,고창시니어클럽,PUB-002B_노인사회활동_기관코드,https://apis.data.go.kr/B552474/OdsnCodeInquiryService2/getOdsnOrgCodeInquiryList2
0252083,김해가야시니어클럽,PUB-002B_노인사회활동_기관코드,https://apis.data.go.kr/B552474/OdsnCodeInquiryService2/getOdsnOrgCodeInquiryList2
0258083,제이엠커리어,PUB-002B_노인사회활동_기관코드,https://apis.data.go.kr/B552474/OdsnCodeInquiryService2/getOdsnOrgCodeInquiryList2
0258085,파주상공회의소,PUB-002B_노인사회활동_기관코드,https://apis.data.go.kr/B552474/OdsnCodeInquiryService2/getOdsnOrgCodeInquiryList2
0260084,인지어스 부산지사,PUB-002B_노인사회활동_기관코드,https://apis.data.go.kr/B552474/OdsnCodeInquiryService2/getOdsnOrgCodeInquiryList2
0000193,대한노인회 경북연합회,PUB-002B_노인사회활동_기관코드,https://apis.data.go.kr/B552474/OdsnCodeInquiryService2/getOdsnOrgCodeInquiryList2
0291083,(주)다우에프에스,PUB-002B_노인사회활동_기관코드,https://apis.data.go.kr/B552474/OdsnCodeInquiryService2/getOdsnOrgCodeInquiryList2
0296084,(주)한백푸드,PUB-002B_노인사회활동_기관코드,https://apis.data.go.kr/B552474/OdsnCodeInquiryService2/getOdsnOrgCodeInquiryList2
0311084,(주)톡톡교육연구소,PUB-002B_노인사회활동_기관코드,https://apis.data.go.kr/B552474/OdsnCodeInquiryService2/getOdsnOrgCodeInquiryList2
0319083,사)세계전통문화놀이협회경기남부지부,PUB-002B_노인사회활동_기관코드,https://apis.data.go.kr/B552474/OdsnCodeInquiryService2/getOdsnOrgCodeInquiryList2
0327083,사우동행정복지센터,PUB-002B_노인사회활동_기관코드,https://apis.data.go.kr/B552474/OdsnCodeInquiryService2/getOdsnOrgCodeInquiryList2
0330083,다가치포럼사회적협동조합,PUB-002B_노인사회활동_기관코드,https://apis.data.go.kr/B552474/OdsnCodeInquiryService2/getOdsnOrgCodeInquiryList2
0002883,(사)중소기업기술혁신협회 대구경북지회,PUB-002B_노인사회활동_기관코드,https://apis.data.go.kr/B552474/OdsnCodeInquiryService2/getOdsnOrgCodeInquiryList2
0336083,시큐어플러스,PUB-002B_노인사회활동_기관코드,https://apis.data.go.kr/B552474/OdsnCodeInquiryService2/getOdsnOrgCodeInquiryList2
0366083,산청시니어클럽,PUB-002B_노인사회활동_기관코드,https://apis.data.go.kr/B552474/OdsnCodeInquiryService2/getOdsnOrgCodeInquiryList2
0368083,영덕군청,PUB-002B_노인사회활동_기관코드,https://apis.data.go.kr/B552474/OdsnCodeInquiryService2/getOdsnOrgCodeInquiryList2
0368084,포항YMCA,PUB-002B_노인사회활동_기관코드,https://apis.data.go.kr/B552474/OdsnCodeInquiryService2/getOdsnOrgCodeInquiryList2
0377083,익산상공회의소,PUB-002B_노인사회활동_기관코드,https://apis.data.go.kr/B552474/OdsnCodeInquiryService2/getOdsnOrgCodeInquiryList2
0396083,(사)시니어벤처협회,PUB-002B_노인사회활동_기관코드,https://apis.data.go.kr/B552474/OdsnCodeInquiryService2/getOdsnOrgCodeInquiryList2
0399083,(주)데일리잡,PUB-002B_노인사회활동_기관코드,https://apis.data.go.kr/B552474/OdsnCodeInquiryService2/getOdsnOrgCodeInquiryList2
0409083,(사)미래고용나눔협회 목포지부,PUB-002B_노인사회활동_기관코드,https://apis.data.go.kr/B552474/OdsnCodeInquiryService2/getOdsnOrgCodeInquiryList2
0412083,(주)아이앤제이커리어컨설팅센터,PUB-002B_노인사회활동_기관코드,https://apis.data.go.kr/B552474/OdsnCodeInquiryService2/getOdsnOrgCodeInquiryList2
0200083,송도노인복지관,PUB-002B_노인사회활동_기관코드,https://apis.data.go.kr/B552474/OdsnCodeInquiryService2/getOdsnOrgCodeInquiryList2
0000592,원광종합사회복지관,PUB-002B_노인사회활동_기관코드,https://apis.data.go.kr/B552474/OdsnCodeInquiryService2/getOdsnOrgCodeInquiryList2
0201083,효성노인문화센터,PUB-002B_노인사회활동_기관코드,https://apis.data.go.kr/B552474/OdsnCodeInquiryService2/getOdsnOrgCodeInquiryList2
0239083,(사)늘푸른청소년교육문화센터,PUB-002B_노인사회활동_기관코드,https://apis.data.go.kr/B552474/OdsnCodeInquiryService2/getOdsnOrgCodeInquiryList2
0220083,진해서부노인종합복지관,PUB-002B_노인사회활동_기관코드,https://apis.data.go.kr/B552474/OdsnCodeInquiryService2/getOdsnOrgCodeInquiryList2
0237083,원광효도복지센터,PUB-002B_노인사회활동_기관코드,https://apis.data.go.kr/B552474/OdsnCodeInquiryService2/getOdsnOrgCodeInquiryList2
0249083,무안시니어클럽,PUB-002B_노인사회활동_기관코드,https://apis.data.go.kr/B552474/OdsnCodeInquiryService2/getOdsnOrgCodeInquiryList2
0253083,퍼스트인잡(주) 원주지사,PUB-002B_노인사회활동_기관코드,https://apis.data.go.kr/B552474/OdsnCodeInquiryService2/getOdsnOrgCodeInquiryList2
0253084,(주)커리어스타,PUB-002B_노인사회활동_기관코드,https://apis.data.go.kr/B552474/OdsnCodeInquiryService2/getOdsnOrgCodeInquiryList2
0256087,인천YMCA청소년재단,PUB-002B_노인사회활동_기관코드,https://apis.data.go.kr/B552474/OdsnCodeInquiryService2/getOdsnOrgCodeInquiryList2
0261084,부산남구시니어클럽(민간),PUB-002B_노인사회활동_기관코드,https://apis.data.go.kr/B552474/OdsnCodeInquiryService2/getOdsnOrgCodeInquiryList2
0265083,(주)제니엘 부산지점,PUB-002B_노인사회활동_기관코드,https://apis.data.go.kr/B552474/OdsnCodeInquiryService2/getOdsnOrgCodeInquiryList2
0001887,서초방배노인종합복지관,PUB-002B_노인사회활동_기관코드,https://apis.data.go.kr/B552474/OdsnCodeInquiryService2/getOdsnOrgCodeInquiryList2
0314083,(주)어르신문화쌀롱,PUB-002B_노인사회활동_기관코드,https://apis.data.go.kr/B552474/OdsnCodeInquiryService2/getOdsnOrgCodeInquiryList2
0319084,사단법인 세계전통문화놀이협회 전남지부,PUB-002B_노인사회활동_기관코드,https://apis.data.go.kr/B552474/OdsnCodeInquiryService2/getOdsnOrgCodeInquiryList2
0000703,세종재가노인지원센터,PUB-002B_노인사회활동_기관코드,https://apis.data.go.kr/B552474/OdsnCodeInquiryService2/getOdsnOrgCodeInquiryList2
0000370,임실군청 주민복지과,PUB-002B_노인사회활동_기관코드,https://apis.data.go.kr/B552474/OdsnCodeInquiryService2/getOdsnOrgCodeInquiryList2
0350083,남목노인복지관,PUB-002B_노인사회활동_기관코드,https://apis.data.go.kr/B552474/OdsnCodeInquiryService2/getOdsnOrgCodeInquiryList2
0372083,섬진강댐노인복지관,PUB-002B_노인사회활동_기관코드,https://apis.data.go.kr/B552474/OdsnCodeInquiryService2/getOdsnOrgCodeInquiryList2
0379083,(사)전북경영자총협회,PUB-002B_노인사회활동_기관코드,https://apis.data.go.kr/B552474/OdsnCodeInquiryService2/getOdsnOrgCodeInquiryList2
0384083,주식회사 유니밸류,PUB-002B_노인사회활동_기관코드,https://apis.data.go.kr/B552474/OdsnCodeInquiryService2/getOdsnOrgCodeInquiryList2
0404083,(주)블루안 대구지사,PUB-002B_노인사회활동_기관코드,https://apis.data.go.kr/B552474/OdsnCodeInquiryService2/getOdsnOrgCodeInquiryList2
0413083,주식회사 명은커리어,PUB-002B_노인사회활동_기관코드,https://apis.data.go.kr/B552474/OdsnCodeInquiryService2/getOdsnOrgCodeInquiryList2
0413085,연합농원파이프(주),PUB-002B_노인사회활동_기관코드,https://apis.data.go.kr/B552474/OdsnCodeInquiryService2/getOdsnOrgCodeInquiryList2
0208083,송현노인복지관,PUB-002B_노인사회활동_기관코드,https://apis.data.go.kr/B552474/OdsnCodeInquiryService2/getOdsnOrgCodeInquiryList2
0220084,진해서부노인종합복지관,PUB-002B_노인사회활동_기관코드,https://apis.data.go.kr/B552474/OdsnCodeInquiryService2/getOdsnOrgCodeInquiryList2
0224083,성산시니어클럽,PUB-002B_노인사회활동_기관코드,https://apis.data.go.kr/B552474/OdsnCodeInquiryService2/getOdsnOrgCodeInquiryList2
0229083,사회복지법인 누리봄,PUB-002B_노인사회활동_기관코드,https://apis.data.go.kr/B552474/OdsnCodeInquiryService2/getOdsnOrgCodeInquiryList2
0241084,미평종합사회복지관,PUB-002B_노인사회활동_기관코드,https://apis.data.go.kr/B552474/OdsnCodeInquiryService2/getOdsnOrgCodeInquiryList2
0245083,(사)광주광역시곰두리봉사회,PUB-002B_노인사회활동_기관코드,https://apis.data.go.kr/B552474/OdsnCodeInquiryService2/getOdsnOrgCodeInquiryList2
0249084,사랑샘노인복지센터,PUB-002B_노인사회활동_기관코드,https://apis.data.go.kr/B552474/OdsnCodeInquiryService2/getOdsnOrgCodeInquiryList2
0256083,인지어스,PUB-002B_노인사회활동_기관코드,https://apis.data.go.kr/B552474/OdsnCodeInquiryService2/getOdsnOrgCodeInquiryList2
0256084,인지어스 유한회사 포항남구지사,PUB-002B_노인사회활동_기관코드,https://apis.data.go.kr/B552474/OdsnCodeInquiryService2/getOdsnOrgCodeInquiryList2
0000803,유성시니어클럽,PUB-002B_노인사회활동_기관코드,https://apis.data.go.kr/B552474/OdsnCodeInquiryService2/getOdsnOrgCodeInquiryList2
0266084,(재)위더스커리어,PUB-002B_노인사회활동_기관코드,https://apis.data.go.kr/B552474/OdsnCodeInquiryService2/getOdsnOrgCodeInquiryList2
0269083,도시문화네트워크,PUB-002B_노인사회활동_기관코드,https://apis.data.go.kr/B552474/OdsnCodeInquiryService2/getOdsnOrgCodeInquiryList2
0271087,인천 계양구지회,PUB-002B_노인사회활동_기관코드,https://apis.data.go.kr/B552474/OdsnCodeInquiryService2/getOdsnOrgCodeInquiryList2
0278085,수리수리협동조합,PUB-002B_노인사회활동_기관코드,https://apis.data.go.kr/B552474/OdsnCodeInquiryService2/getOdsnOrgCodeInquiryList2
0286083,해담마을영농조합법인,PUB-002B_노인사회활동_기관코드,https://apis.data.go.kr/B552474/OdsnCodeInquiryService2/getOdsnOrgCodeInquiryList2
0288084,(주)에스유지,PUB-002B_노인사회활동_기관코드,https://apis.data.go.kr/B552474/OdsnCodeInquiryService2/getOdsnOrgCodeInquiryList2
0002925,진명노인복지센터,PUB-002B_노인사회활동_기관코드,https://apis.data.go.kr/B552474/OdsnCodeInquiryService2/getOdsnOrgCodeInquiryList2
0293083,사회적협동조합희망리본,PUB-002B_노인사회활동_기관코드,https://apis.data.go.kr/B552474/OdsnCodeInquiryService2/getOdsnOrgCodeInquiryList2
0295083,평택시니어클럽,PUB-002B_노인사회활동_기관코드,https://apis.data.go.kr/B552474/OdsnCodeInquiryService2/getOdsnOrgCodeInquiryList2
0301084,농업회사법인 (주)상복명과원,PUB-002B_노인사회활동_기관코드,https://apis.data.go.kr/B552474/OdsnCodeInquiryService2/getOdsnOrgCodeInquiryList2
0303083,(주)복스런,PUB-002B_노인사회활동_기관코드,https://apis.data.go.kr/B552474/OdsnCodeInquiryService2/getOdsnOrgCodeInquiryList2
0329083,다가치포럼사회적협동조합,PUB-002B_노인사회활동_기관코드,https://apis.data.go.kr/B552474/OdsnCodeInquiryService2/getOdsnOrgCodeInquiryList2
0001866,정읍시북부노인복지관,PUB-002B_노인사회활동_기관코드,https://apis.data.go.kr/B552474/OdsnCodeInquiryService2/getOdsnOrgCodeInquiryList2
0337083,울산광역시내일설계지원센터,PUB-002B_노인사회활동_기관코드,https://apis.data.go.kr/B552474/OdsnCodeInquiryService2/getOdsnOrgCodeInquiryList2
0341083,동문2동행정복지센터,PUB-002B_노인사회활동_기관코드,https://apis.data.go.kr/B552474/OdsnCodeInquiryService2/getOdsnOrgCodeInquiryList2
0346083,사단법인 제주특별자치도 경영지도사협회,PUB-002B_노인사회활동_기관코드,https://apis.data.go.kr/B552474/OdsnCodeInquiryService2/getOdsnOrgCodeInquiryList2
0000102,증평종합사회복지관,PUB-002B_노인사회활동_기관코드,https://apis.data.go.kr/B552474/OdsnCodeInquiryService2/getOdsnOrgCodeInquiryList2
0362083,한국장로교복지재단 광주지부,PUB-002B_노인사회활동_기관코드,https://apis.data.go.kr/B552474/OdsnCodeInquiryService2/getOdsnOrgCodeInquiryList2
0002365,대한의사협회,PUB-002B_노인사회활동_기관코드,https://apis.data.go.kr/B552474/OdsnCodeInquiryService2/getOdsnOrgCodeInquiryList2
0000369,장수군청 주민복지실,PUB-002B_노인사회활동_기관코드,https://apis.data.go.kr/B552474/OdsnCodeInquiryService2/getOdsnOrgCodeInquiryList2
0222084,마산회원시니어클럽,PUB-002B_노인사회활동_기관코드,https://apis.data.go.kr/B552474/OdsnCodeInquiryService2/getOdsnOrgCodeInquiryList2
0225083,양주시 회천노인복지관,PUB-002B_노인사회활동_기관코드,https://apis.data.go.kr/B552474/OdsnCodeInquiryService2/getOdsnOrgCodeInquiryList2
0227083,쌍촌종합사회복지관,PUB-002B_노인사회활동_기관코드,https://apis.data.go.kr/B552474/OdsnCodeInquiryService2/getOdsnOrgCodeInquiryList2
0231083,효샘재가노인지원서비스센터,PUB-002B_노인사회활동_기관코드,https://apis.data.go.kr/B552474/OdsnCodeInquiryService2/getOdsnOrgCodeInquiryList2
0233083,진주서부시니어클럽,PUB-002B_노인사회활동_기관코드,https://apis.data.go.kr/B552474/OdsnCodeInquiryService2/getOdsnOrgCodeInquiryList2
0245084,효사랑재가노인복지센터(x),PUB-002B_노인사회활동_기관코드,https://apis.data.go.kr/B552474/OdsnCodeInquiryService2/getOdsnOrgCodeInquiryList2
0251084,순천YWCA여성인력개발센터,PUB-002B_노인사회활동_기관코드,https://apis.data.go.kr/B552474/OdsnCodeInquiryService2/getOdsnOrgCodeInquiryList2
0258086,(주)두원잡 대구지사,PUB-002B_노인사회활동_기관코드,https://apis.data.go.kr/B552474/OdsnCodeInquiryService2/getOdsnOrgCodeInquiryList2
0271083,대한노인회 경북 영양군지회,PUB-002B_노인사회활동_기관코드,https://apis.data.go.kr/B552474/OdsnCodeInquiryService2/getOdsnOrgCodeInquiryList2
0275083,(주)사람마중,PUB-002B_노인사회활동_기관코드,https://apis.data.go.kr/B552474/OdsnCodeInquiryService2/getOdsnOrgCodeInquiryList2
0277083,중구치매안심센터,PUB-002B_노인사회활동_기관코드,https://apis.data.go.kr/B552474/OdsnCodeInquiryService2/getOdsnOrgCodeInquiryList2
0278084,좋은일자리,PUB-002B_노인사회활동_기관코드,https://apis.data.go.kr/B552474/OdsnCodeInquiryService2/getOdsnOrgCodeInquiryList2
0328083,사단법인 일과복지,PUB-002B_노인사회활동_기관코드,https://apis.data.go.kr/B552474/OdsnCodeInquiryService2/getOdsnOrgCodeInquiryList2
0002374,늘푸른사회복지재단 ,PUB-002B_노인사회활동_기관코드,https://apis.data.go.kr/B552474/OdsnCodeInquiryService2/getOdsnOrgCodeInquiryList2
0001063,진안재가노인복지센터,PUB-002B_노인사회활동_기관코드,https://apis.data.go.kr/B552474/OdsnCodeInquiryService2/getOdsnOrgCodeInquiryList2
0340083,주식회사 꽃랜드,PUB-002B_노인사회활동_기관코드,https://apis.data.go.kr/B552474/OdsnCodeInquiryService2/getOdsnOrgCodeInquiryList2
0343083,사단법인 인천내일을여는집,PUB-002B_노인사회활동_기관코드,https://apis.data.go.kr/B552474/OdsnCodeInquiryService2/getOdsnOrgCodeInquiryList2
0001255,한나그린힐,PUB-002B_노인사회활동_기관코드,https://apis.data.go.kr/B552474/OdsnCodeInquiryService2/getOdsnOrgCodeInquiryList2
0002621,달성시니어클럽,PUB-002B_노인사회활동_기관코드,https://apis.data.go.kr/B552474/OdsnCodeInquiryService2/getOdsnOrgCodeInquiryList2
0349083,구로시니어클럽,PUB-002B_노인사회활동_기관코드,https://apis.data.go.kr/B552474/OdsnCodeInquiryService2/getOdsnOrgCodeInquiryList2
0353083,가좌노인문화센터 ,PUB-002B_노인사회활동_기관코드,https://apis.data.go.kr/B552474/OdsnCodeInquiryService2/getOdsnOrgCodeInquiryList2
0356083,복지그리다사회적협동조합,PUB-002B_노인사회활동_기관코드,https://apis.data.go.kr/B552474/OdsnCodeInquiryService2/getOdsnOrgCodeInquiryList2
0356084,양주YMCA,PUB-002B_노인사회활동_기관코드,https://apis.data.go.kr/B552474/OdsnCodeInquiryService2/getOdsnOrgCodeInquiryList2
0198086, 달성군북부노인복지관,PUB-002B_노인사회활동_기관코드,https://apis.data.go.kr/B552474/OdsnCodeInquiryService2/getOdsnOrgCodeInquiryList2
0205084,해운대인문학도서관,PUB-002B_노인사회활동_기관코드,https://apis.data.go.kr/B552474/OdsnCodeInquiryService2/getOdsnOrgCodeInquiryList2
0000449,부산광역시 노인복지과,PUB-002B_노인사회활동_기관코드,https://apis.data.go.kr/B552474/OdsnCodeInquiryService2/getOdsnOrgCodeInquiryList2
0212083,서울강서시니어클럽,PUB-002B_노인사회활동_기관코드,https://apis.data.go.kr/B552474/OdsnCodeInquiryService2/getOdsnOrgCodeInquiryList2
0241083,사)한국교통장애인세종시협회,PUB-002B_노인사회활동_기관코드,https://apis.data.go.kr/B552474/OdsnCodeInquiryService2/getOdsnOrgCodeInquiryList2
0242083,동양노인문화센터,PUB-002B_노인사회활동_기관코드,https://apis.data.go.kr/B552474/OdsnCodeInquiryService2/getOdsnOrgCodeInquiryList2
0002854,울산동구시니어클럽,PUB-002B_노인사회활동_기관코드,https://apis.data.go.kr/B552474/OdsnCodeInquiryService2/getOdsnOrgCodeInquiryList2
0251083,대구여성인력개발센터,PUB-002B_노인사회활동_기관코드,https://apis.data.go.kr/B552474/OdsnCodeInquiryService2/getOdsnOrgCodeInquiryList2
0258084,(주)제이엠커리어 대구지사,PUB-002B_노인사회활동_기관코드,https://apis.data.go.kr/B552474/OdsnCodeInquiryService2/getOdsnOrgCodeInquiryList2
0260083,대구성서산업단지관리공단,PUB-002B_노인사회활동_기관코드,https://apis.data.go.kr/B552474/OdsnCodeInquiryService2/getOdsnOrgCodeInquiryList2
0266085,사단법인 경기경영자총협회,PUB-002B_노인사회활동_기관코드,https://apis.data.go.kr/B552474/OdsnCodeInquiryService2/getOdsnOrgCodeInquiryList2
0280083,(주)꿈꾸는아이들의미소,PUB-002B_노인사회활동_기관코드,https://apis.data.go.kr/B552474/OdsnCodeInquiryService2/getOdsnOrgCodeInquiryList2
0288083,안양과천상공회의소,PUB-002B_노인사회활동_기관코드,https://apis.data.go.kr/B552474/OdsnCodeInquiryService2/getOdsnOrgCodeInquiryList2
0301083,생명가득한 인제 협동조합,PUB-002B_노인사회활동_기관코드,https://apis.data.go.kr/B552474/OdsnCodeInquiryService2/getOdsnOrgCodeInquiryList2
0307083,(주)자연팜,PUB-002B_노인사회활동_기관코드,https://apis.data.go.kr/B552474/OdsnCodeInquiryService2/getOdsnOrgCodeInquiryList2
0309083,벨버디어마리나(주),PUB-002B_노인사회활동_기관코드,https://apis.data.go.kr/B552474/OdsnCodeInquiryService2/getOdsnOrgCodeInquiryList2
0313084,사단법인 세계전통문화놀이협회,PUB-002B_노인사회활동_기관코드,https://apis.data.go.kr/B552474/OdsnCodeInquiryService2/getOdsnOrgCodeInquiryList2
0325083,(주)대경엘리베이터,PUB-002B_노인사회활동_기관코드,https://apis.data.go.kr/B552474/OdsnCodeInquiryService2/getOdsnOrgCodeInquiryList2
0332083,(사)한국동화구연지도사협회,PUB-002B_노인사회활동_기관코드,https://apis.data.go.kr/B552474/OdsnCodeInquiryService2/getOdsnOrgCodeInquiryList2
0000807,고성지역자활센터,PUB-002B_노인사회활동_기관코드,https://apis.data.go.kr/B552474/OdsnCodeInquiryService2/getOdsnOrgCodeInquiryList2
0381083,대경일자리센터,PUB-002B_노인사회활동_기관코드,https://apis.data.go.kr/B552474/OdsnCodeInquiryService2/getOdsnOrgCodeInquiryList2
0390083,안성시동부무한돌봄네트워크팀,PUB-002B_노인사회활동_기관코드,https://apis.data.go.kr/B552474/OdsnCodeInquiryService2/getOdsnOrgCodeInquiryList2
0395083,영덕읍사무소,PUB-002B_노인사회활동_기관코드,https://apis.data.go.kr/B552474/OdsnCodeInquiryService2/getOdsnOrgCodeInquiryList2
0424083,(사)여성중앙회 종로여성인력개발센터,PUB-002B_노인사회활동_기관코드,https://apis.data.go.kr/B552474/OdsnCodeInquiryService2/getOdsnOrgCodeInquiryList2
0430086,금천일자리주식회사,PUB-002B_노인사회활동_기관코드,https://apis.data.go.kr/B552474/OdsnCodeInquiryService2/getOdsnOrgCodeInquiryList2
0433083,사단법인 사랑의 희망은행,PUB-002B_노인사회활동_기관코드,https://apis.data.go.kr/B552474/OdsnCodeInquiryService2/getOdsnOrgCodeInquiryList2
0437083,제주감귤농업협동조합,PUB-002B_노인사회활동_기관코드,https://apis.data.go.kr/B552474/OdsnCodeInquiryService2/getOdsnOrgCodeInquiryList2
0439084,사회적협동조합 별사탕학교,PUB-002B_노인사회활동_기관코드,https://apis.data.go.kr/B552474/OdsnCodeInquiryService2/getOdsnOrgCodeInquiryList2
0440083,전북광역취업플러스,PUB-002B_노인사회활동_기관코드,https://apis.data.go.kr/B552474/OdsnCodeInquiryService2/getOdsnOrgCodeInquiryList2
0441083,한국건축물유지관리협회,PUB-002B_노인사회활동_기관코드,https://apis.data.go.kr/B552474/OdsnCodeInquiryService2/getOdsnOrgCodeInquiryList2
0452084,(주)참푸드팜,PUB-002B_노인사회활동_기관코드,https://apis.data.go.kr/B552474/OdsnCodeInquiryService2/getOdsnOrgCodeInquiryList2
0454083,(주)오드,PUB-002B_노인사회활동_기관코드,https://apis.data.go.kr/B552474/OdsnCodeInquiryService2/getOdsnOrgCodeInquiryList2
0456084,농업회사법인 (주)지엔티,PUB-002B_노인사회활동_기관코드,https://apis.data.go.kr/B552474/OdsnCodeInquiryService2/getOdsnOrgCodeInquiryList2
0002313,북구문화원,PUB-002B_노인사회활동_기관코드,https://apis.data.go.kr/B552474/OdsnCodeInquiryService2/getOdsnOrgCodeInquiryList2
0465083,재단법인 강원도일자리재단,PUB-002B_노인사회활동_기관코드,https://apis.data.go.kr/B552474/OdsnCodeInquiryService2/getOdsnOrgCodeInquiryList2
0469083,(주)좋은비전,PUB-002B_노인사회활동_기관코드,https://apis.data.go.kr/B552474/OdsnCodeInquiryService2/getOdsnOrgCodeInquiryList2
0469084,충남대학교평생교육원,PUB-002B_노인사회활동_기관코드,https://apis.data.go.kr/B552474/OdsnCodeInquiryService2/getOdsnOrgCodeInquiryList2
0470083,한국노인인력개발원 강원지역본부,PUB-002B_노인사회활동_기관코드,https://apis.data.go.kr/B552474/OdsnCodeInquiryService2/getOdsnOrgCodeInquiryList2
0472083,(사)한국경비협회,PUB-002B_노인사회활동_기관코드,https://apis.data.go.kr/B552474/OdsnCodeInquiryService2/getOdsnOrgCodeInquiryList2
0478083,주식회사 코끼리공장,PUB-002B_노인사회활동_기관코드,https://apis.data.go.kr/B552474/OdsnCodeInquiryService2/getOdsnOrgCodeInquiryList2
0002842,울산북구시니어클럽,PUB-002B_노인사회활동_기관코드,https://apis.data.go.kr/B552474/OdsnCodeInquiryService2/getOdsnOrgCodeInquiryList2
0489083,부산광역시장노년일자리지원센터(민간),PUB-002B_노인사회활동_기관코드,https://apis.data.go.kr/B552474/OdsnCodeInquiryService2/getOdsnOrgCodeInquiryList2
0489084,대구남구시니어클럽(민간),PUB-002B_노인사회활동_기관코드,https://apis.data.go.kr/B552474/OdsnCodeInquiryService2/getOdsnOrgCodeInquiryList2
0489085,구미노인일자리창출지원센터(민간),PUB-002B_노인사회활동_기관코드,https://apis.data.go.kr/B552474/OdsnCodeInquiryService2/getOdsnOrgCodeInquiryList2
0489086,안산시니어클럽(민간),PUB-002B_노인사회활동_기관코드,https://apis.data.go.kr/B552474/OdsnCodeInquiryService2/getOdsnOrgCodeInquiryList2
0489087,미추홀노인인력개발센터(민간),PUB-002B_노인사회활동_기관코드,https://apis.data.go.kr/B552474/OdsnCodeInquiryService2/getOdsnOrgCodeInquiryList2
0489088,송파시니어클럽(민간),PUB-002B_노인사회활동_기관코드,https://apis.data.go.kr/B552474/OdsnCodeInquiryService2/getOdsnOrgCodeInquiryList2
0489089,관악시니어클럽(민간),PUB-002B_노인사회활동_기관코드,https://apis.data.go.kr/B552474/OdsnCodeInquiryService2/getOdsnOrgCodeInquiryList2
0489090,(주)사람마중(민간),PUB-002B_노인사회활동_기관코드,https://apis.data.go.kr/B552474/OdsnCodeInquiryService2/getOdsnOrgCodeInquiryList2
0489091,김해노인일자리창출지원센터(민간),PUB-002B_노인사회활동_기관코드,https://apis.data.go.kr/B552474/OdsnCodeInquiryService2/getOdsnOrgCodeInquiryList2
0489092,마산노인일자리창출지원센터(민간),PUB-002B_노인사회활동_기관코드,https://apis.data.go.kr/B552474/OdsnCodeInquiryService2/getOdsnOrgCodeInquiryList2
0489093,양산노인일자리창출지원센터(민간),PUB-002B_노인사회활동_기관코드,https://apis.data.go.kr/B552474/OdsnCodeInquiryService2/getOdsnOrgCodeInquiryList2
0489094,진주노인일자리창출지원센터(민간),PUB-002B_노인사회활동_기관코드,https://apis.data.go.kr/B552474/OdsnCodeInquiryService2/getOdsnOrgCodeInquiryList2
0489095,창원노인일자리창출지원센터(민간),PUB-002B_노인사회활동_기관코드,https://apis.data.go.kr/B552474/OdsnCodeInquiryService2/getOdsnOrgCodeInquiryList2
0489096,전주시니어클럽(민간),PUB-002B_노인사회활동_기관코드,https://apis.data.go.kr/B552474/OdsnCodeInquiryService2/getOdsnOrgCodeInquiryList2
0489097,김제시니어클럽(민간),PUB-002B_노인사회활동_기관코드,https://apis.data.go.kr/B552474/OdsnCodeInquiryService2/getOdsnOrgCodeInquiryList2
0002012,영동군사회복지협의회,PUB-002B_노인사회활동_기관코드,https://apis.data.go.kr/B552474/OdsnCodeInquiryService2/getOdsnOrgCodeInquiryList2
0421085,(사)주거복지연대 고양시지부,PUB-002B_노인사회활동_기관코드,https://apis.data.go.kr/B552474/OdsnCodeInquiryService2/getOdsnOrgCodeInquiryList2
0447083,춘천미래동행재단,PUB-002B_노인사회활동_기관코드,https://apis.data.go.kr/B552474/OdsnCodeInquiryService2/getOdsnOrgCodeInquiryList2
0468083,영월군사회복지협의회,PUB-002B_노인사회활동_기관코드,https://apis.data.go.kr/B552474/OdsnCodeInquiryService2/getOdsnOrgCodeInquiryList2
0471083,(주)코리아툴링,PUB-002B_노인사회활동_기관코드,https://apis.data.go.kr/B552474/OdsnCodeInquiryService2/getOdsnOrgCodeInquiryList2
0474084,구암1동행정복지센터,PUB-002B_노인사회활동_기관코드,https://apis.data.go.kr/B552474/OdsnCodeInquiryService2/getOdsnOrgCodeInquiryList2
0000265,광산구청 상생복지국 고령사회정책과,PUB-002B_노인사회활동_기관코드,https://apis.data.go.kr/B552474/OdsnCodeInquiryService2/getOdsnOrgCodeInquiryList2
0477083,경기일자리상생연합 주식회사,PUB-002B_노인사회활동_기관코드,https://apis.data.go.kr/B552474/OdsnCodeInquiryService2/getOdsnOrgCodeInquiryList2
0479083,대한민국경비협회인천지방협회,PUB-002B_노인사회활동_기관코드,https://apis.data.go.kr/B552474/OdsnCodeInquiryService2/getOdsnOrgCodeInquiryList2
0490083,금산시니어클럽,PUB-002B_노인사회활동_기관코드,https://apis.data.go.kr/B552474/OdsnCodeInquiryService2/getOdsnOrgCodeInquiryList2
0002181,화성시남부종합사회복지관,PUB-002B_노인사회활동_기관코드,https://apis.data.go.kr/B552474/OdsnCodeInquiryService2/getOdsnOrgCodeInquiryList2
0494084,오산시니어클럽,PUB-002B_노인사회활동_기관코드,https://apis.data.go.kr/B552474/OdsnCodeInquiryService2/getOdsnOrgCodeInquiryList2
0495083,사)한국노인스포츠지도사협회,PUB-002B_노인사회활동_기관코드,https://apis.data.go.kr/B552474/OdsnCodeInquiryService2/getOdsnOrgCodeInquiryList2
0497083,천안시종합사회복지관,PUB-002B_노인사회활동_기관코드,https://apis.data.go.kr/B552474/OdsnCodeInquiryService2/getOdsnOrgCodeInquiryList2
0505083,영도구노인복지관 분관,PUB-002B_노인사회활동_기관코드,https://apis.data.go.kr/B552474/OdsnCodeInquiryService2/getOdsnOrgCodeInquiryList2
0510083,도울실버타운,PUB-002B_노인사회활동_기관코드,https://apis.data.go.kr/B552474/OdsnCodeInquiryService2/getOdsnOrgCodeInquiryList2
0513083,제이사회적협동조합(X),PUB-002B_노인사회활동_기관코드,https://apis.data.go.kr/B552474/OdsnCodeInquiryService2/getOdsnOrgCodeInquiryList2
0517084,의령시니어클럽,PUB-002B_노인사회활동_기관코드,https://apis.data.go.kr/B552474/OdsnCodeInquiryService2/getOdsnOrgCodeInquiryList2
0002275,강서구립 연지노인복지센터,PUB-002B_노인사회활동_기관코드,https://apis.data.go.kr/B552474/OdsnCodeInquiryService2/getOdsnOrgCodeInquiryList2
0524083,성동돌봄센터,PUB-002B_노인사회활동_기관코드,https://apis.data.go.kr/B552474/OdsnCodeInquiryService2/getOdsnOrgCodeInquiryList2
0528086,대전상공회의소,PUB-002B_노인사회활동_기관코드,https://apis.data.go.kr/B552474/OdsnCodeInquiryService2/getOdsnOrgCodeInquiryList2
0545083,(주)굿잡,PUB-002B_노인사회활동_기관코드,https://apis.data.go.kr/B552474/OdsnCodeInquiryService2/getOdsnOrgCodeInquiryList2
0562083,사단법인 한국취업지원협회,PUB-002B_노인사회활동_기관코드,https://apis.data.go.kr/B552474/OdsnCodeInquiryService2/getOdsnOrgCodeInquiryList2
0563084,베스트노인복지센터(민간),PUB-002B_노인사회활동_기관코드,https://apis.data.go.kr/B552474/OdsnCodeInquiryService2/getOdsnOrgCodeInquiryList2
0564083,굿베베앙쥬,PUB-002B_노인사회활동_기관코드,https://apis.data.go.kr/B552474/OdsnCodeInquiryService2/getOdsnOrgCodeInquiryList2
0565083,사매면행복복지센터,PUB-002B_노인사회활동_기관코드,https://apis.data.go.kr/B552474/OdsnCodeInquiryService2/getOdsnOrgCodeInquiryList2
0566083,대구시청,PUB-002B_노인사회활동_기관코드,https://apis.data.go.kr/B552474/OdsnCodeInquiryService2/getOdsnOrgCodeInquiryList2
0434083,주식회사 금빛크린,PUB-002B_노인사회활동_기관코드,https://apis.data.go.kr/B552474/OdsnCodeInquiryService2/getOdsnOrgCodeInquiryList2
0446083,연준,PUB-002B_노인사회활동_기관코드,https://apis.data.go.kr/B552474/OdsnCodeInquiryService2/getOdsnOrgCodeInquiryList2
0456083,농업회사업법인 남도지락(유),PUB-002B_노인사회활동_기관코드,https://apis.data.go.kr/B552474/OdsnCodeInquiryService2/getOdsnOrgCodeInquiryList2
0001100,대전서구문화원,PUB-002B_노인사회활동_기관코드,https://apis.data.go.kr/B552474/OdsnCodeInquiryService2/getOdsnOrgCodeInquiryList2
0002607,동작구청 영유아보육과,PUB-002B_노인사회활동_기관코드,https://apis.data.go.kr/B552474/OdsnCodeInquiryService2/getOdsnOrgCodeInquiryList2
0000321,평창군청 행정지원국 가족복지과,PUB-002B_노인사회활동_기관코드,https://apis.data.go.kr/B552474/OdsnCodeInquiryService2/getOdsnOrgCodeInquiryList2
0476083,광명시니어클럽,PUB-002B_노인사회활동_기관코드,https://apis.data.go.kr/B552474/OdsnCodeInquiryService2/getOdsnOrgCodeInquiryList2
0493083,전주의료복지사회적협동조합,PUB-002B_노인사회활동_기관코드,https://apis.data.go.kr/B552474/OdsnCodeInquiryService2/getOdsnOrgCodeInquiryList2
0496083,꿈나무어린이집,PUB-002B_노인사회활동_기관코드,https://apis.data.go.kr/B552474/OdsnCodeInquiryService2/getOdsnOrgCodeInquiryList2
0500083,안양시부흥종합사회복지관,PUB-002B_노인사회활동_기관코드,https://apis.data.go.kr/B552474/OdsnCodeInquiryService2/getOdsnOrgCodeInquiryList2
0504083,사단법인 길가온복지회,PUB-002B_노인사회활동_기관코드,https://apis.data.go.kr/B552474/OdsnCodeInquiryService2/getOdsnOrgCodeInquiryList2
0508083,사단법인 새시대노인회 대전유성구지회,PUB-002B_노인사회활동_기관코드,https://apis.data.go.kr/B552474/OdsnCodeInquiryService2/getOdsnOrgCodeInquiryList2
0516083,사단법인 군산시의정회,PUB-002B_노인사회활동_기관코드,https://apis.data.go.kr/B552474/OdsnCodeInquiryService2/getOdsnOrgCodeInquiryList2
0519083,성심재가노인복지센터,PUB-002B_노인사회활동_기관코드,https://apis.data.go.kr/B552474/OdsnCodeInquiryService2/getOdsnOrgCodeInquiryList2
0528083,(주)브레인풀,PUB-002B_노인사회활동_기관코드,https://apis.data.go.kr/B552474/OdsnCodeInquiryService2/getOdsnOrgCodeInquiryList2
0529084,(주)경북고용성장지원센터,PUB-002B_노인사회활동_기관코드,https://apis.data.go.kr/B552474/OdsnCodeInquiryService2/getOdsnOrgCodeInquiryList2
0533083,(주)미래고용정보,PUB-002B_노인사회활동_기관코드,https://apis.data.go.kr/B552474/OdsnCodeInquiryService2/getOdsnOrgCodeInquiryList2
0535083,사천상공회의소,PUB-002B_노인사회활동_기관코드,https://apis.data.go.kr/B552474/OdsnCodeInquiryService2/getOdsnOrgCodeInquiryList2
0534086,(주)맥시머스,PUB-002B_노인사회활동_기관코드,https://apis.data.go.kr/B552474/OdsnCodeInquiryService2/getOdsnOrgCodeInquiryList2
0534088,세종인력개발원(주)(민간),PUB-002B_노인사회활동_기관코드,https://apis.data.go.kr/B552474/OdsnCodeInquiryService2/getOdsnOrgCodeInquiryList2
0538083,주식회사 비즈도와,PUB-002B_노인사회활동_기관코드,https://apis.data.go.kr/B552474/OdsnCodeInquiryService2/getOdsnOrgCodeInquiryList2
0540083,(주)위드인피플컨설팅,PUB-002B_노인사회활동_기관코드,https://apis.data.go.kr/B552474/OdsnCodeInquiryService2/getOdsnOrgCodeInquiryList2
0542084,(사)경기중소벤처기업연합회,PUB-002B_노인사회활동_기관코드,https://apis.data.go.kr/B552474/OdsnCodeInquiryService2/getOdsnOrgCodeInquiryList2
0552083,(주)잡모아 인천남부지점,PUB-002B_노인사회활동_기관코드,https://apis.data.go.kr/B552474/OdsnCodeInquiryService2/getOdsnOrgCodeInquiryList2
0553083,사단법인 한국취업지원협회,PUB-002B_노인사회활동_기관코드,https://apis.data.go.kr/B552474/OdsnCodeInquiryService2/getOdsnOrgCodeInquiryList2
0422083,인크루트알바콜주식회사,PUB-002B_노인사회활동_기관코드,https://apis.data.go.kr/B552474/OdsnCodeInquiryService2/getOdsnOrgCodeInquiryList2
0425083,노무법인 창평 경기북부지사,PUB-002B_노인사회활동_기관코드,https://apis.data.go.kr/B552474/OdsnCodeInquiryService2/getOdsnOrgCodeInquiryList2
0439083,큰가람언어심리발달센터,PUB-002B_노인사회활동_기관코드,https://apis.data.go.kr/B552474/OdsnCodeInquiryService2/getOdsnOrgCodeInquiryList2
0442083,(사)한국건축물유지관리협회,PUB-002B_노인사회활동_기관코드,https://apis.data.go.kr/B552474/OdsnCodeInquiryService2/getOdsnOrgCodeInquiryList2
0453083,예스관광개발(주),PUB-002B_노인사회활동_기관코드,https://apis.data.go.kr/B552474/OdsnCodeInquiryService2/getOdsnOrgCodeInquiryList2
0452085,(주)보광아이엔티,PUB-002B_노인사회활동_기관코드,https://apis.data.go.kr/B552474/OdsnCodeInquiryService2/getOdsnOrgCodeInquiryList2
0454084,(주)셀푸드인터내셔널,PUB-002B_노인사회활동_기관코드,https://apis.data.go.kr/B552474/OdsnCodeInquiryService2/getOdsnOrgCodeInquiryList2
0458083,(주)퍼스트와규앤앵거스,PUB-002B_노인사회활동_기관코드,https://apis.data.go.kr/B552474/OdsnCodeInquiryService2/getOdsnOrgCodeInquiryList2
0466083,서울특별시 동부기술교육원,PUB-002B_노인사회활동_기관코드,https://apis.data.go.kr/B552474/OdsnCodeInquiryService2/getOdsnOrgCodeInquiryList2
0483083,한국경호경비협회혐동조합,PUB-002B_노인사회활동_기관코드,https://apis.data.go.kr/B552474/OdsnCodeInquiryService2/getOdsnOrgCodeInquiryList2
0486083,하남시니어클럽,PUB-002B_노인사회활동_기관코드,https://apis.data.go.kr/B552474/OdsnCodeInquiryService2/getOdsnOrgCodeInquiryList2
0002255,마포구고용복지지원센터,PUB-002B_노인사회활동_기관코드,https://apis.data.go.kr/B552474/OdsnCodeInquiryService2/getOdsnOrgCodeInquiryList2
0492083,(주)메가젠임플란트,PUB-002B_노인사회활동_기관코드,https://apis.data.go.kr/B552474/OdsnCodeInquiryService2/getOdsnOrgCodeInquiryList2
0512083,관교노인복지관,PUB-002B_노인사회활동_기관코드,https://apis.data.go.kr/B552474/OdsnCodeInquiryService2/getOdsnOrgCodeInquiryList2
0512084,제이사회적협동조합,PUB-002B_노인사회활동_기관코드,https://apis.data.go.kr/B552474/OdsnCodeInquiryService2/getOdsnOrgCodeInquiryList2
0514083,원광재가노인통합지원센터,PUB-002B_노인사회활동_기관코드,https://apis.data.go.kr/B552474/OdsnCodeInquiryService2/getOdsnOrgCodeInquiryList2
0520083,가가호호사회적협동조합,PUB-002B_노인사회활동_기관코드,https://apis.data.go.kr/B552474/OdsnCodeInquiryService2/getOdsnOrgCodeInquiryList2
0521083,봉현면행정복지센터,PUB-002B_노인사회활동_기관코드,https://apis.data.go.kr/B552474/OdsnCodeInquiryService2/getOdsnOrgCodeInquiryList2
0523083,화천읍사무소,PUB-002B_노인사회활동_기관코드,https://apis.data.go.kr/B552474/OdsnCodeInquiryService2/getOdsnOrgCodeInquiryList2
0528088,주식회사 일로이룸,PUB-002B_노인사회활동_기관코드,https://apis.data.go.kr/B552474/OdsnCodeInquiryService2/getOdsnOrgCodeInquiryList2
0529083,위드잡,PUB-002B_노인사회활동_기관코드,https://apis.data.go.kr/B552474/OdsnCodeInquiryService2/getOdsnOrgCodeInquiryList2
0544083,대경간병인협회,PUB-002B_노인사회활동_기관코드,https://apis.data.go.kr/B552474/OdsnCodeInquiryService2/getOdsnOrgCodeInquiryList2
0544085,시그니처,PUB-002B_노인사회활동_기관코드,https://apis.data.go.kr/B552474/OdsnCodeInquiryService2/getOdsnOrgCodeInquiryList2
0004225,대전세종충남여성벤처협회,PUB-002B_노인사회활동_기관코드,https://apis.data.go.kr/B552474/OdsnCodeInquiryService2/getOdsnOrgCodeInquiryList2
0547083,(주)코리아리크루트,PUB-002B_노인사회활동_기관코드,https://apis.data.go.kr/B552474/OdsnCodeInquiryService2/getOdsnOrgCodeInquiryList2
0556086,(주)리부트코리아_평택센터,PUB-002B_노인사회활동_기관코드,https://apis.data.go.kr/B552474/OdsnCodeInquiryService2/getOdsnOrgCodeInquiryList2
0421088,주식회사 시니어리테일,PUB-002B_노인사회활동_기관코드,https://apis.data.go.kr/B552474/OdsnCodeInquiryService2/getOdsnOrgCodeInquiryList2
0428083,(주)메이크인 강원지사,PUB-002B_노인사회활동_기관코드,https://apis.data.go.kr/B552474/OdsnCodeInquiryService2/getOdsnOrgCodeInquiryList2
0443083,부산일자리지원단 사회적협동조합(민간),PUB-002B_노인사회활동_기관코드,https://apis.data.go.kr/B552474/OdsnCodeInquiryService2/getOdsnOrgCodeInquiryList2
0444083,피앤제이시스템,PUB-002B_노인사회활동_기관코드,https://apis.data.go.kr/B552474/OdsnCodeInquiryService2/getOdsnOrgCodeInquiryList2
0451083,농업회사법인 유한회사 비와이,PUB-002B_노인사회활동_기관코드,https://apis.data.go.kr/B552474/OdsnCodeInquiryService2/getOdsnOrgCodeInquiryList2
0457083,농업회사법인 정스팜(주),PUB-002B_노인사회활동_기관코드,https://apis.data.go.kr/B552474/OdsnCodeInquiryService2/getOdsnOrgCodeInquiryList2
0459083,(주)우수테크,PUB-002B_노인사회활동_기관코드,https://apis.data.go.kr/B552474/OdsnCodeInquiryService2/getOdsnOrgCodeInquiryList2
0463083,(주)심컴퍼니코리아,PUB-002B_노인사회활동_기관코드,https://apis.data.go.kr/B552474/OdsnCodeInquiryService2/getOdsnOrgCodeInquiryList2
0467083,강원연구원,PUB-002B_노인사회활동_기관코드,https://apis.data.go.kr/B552474/OdsnCodeInquiryService2/getOdsnOrgCodeInquiryList2
0002606,마포구청 주민생활국 복지행정과,PUB-002B_노인사회활동_기관코드,https://apis.data.go.kr/B552474/OdsnCodeInquiryService2/getOdsnOrgCodeInquiryList2
0000975,용인시 처인구청,PUB-002B_노인사회활동_기관코드,https://apis.data.go.kr/B552474/OdsnCodeInquiryService2/getOdsnOrgCodeInquiryList2
0502083,부천의료복지사회적협동조합,PUB-002B_노인사회활동_기관코드,https://apis.data.go.kr/B552474/OdsnCodeInquiryService2/getOdsnOrgCodeInquiryList2
0503083,서울시 서대문구 재가노인복지기관,PUB-002B_노인사회활동_기관코드,https://apis.data.go.kr/B552474/OdsnCodeInquiryService2/getOdsnOrgCodeInquiryList2
0509083,마한노인복지센터,PUB-002B_노인사회활동_기관코드,https://apis.data.go.kr/B552474/OdsnCodeInquiryService2/getOdsnOrgCodeInquiryList2
0515083,대한노인회 광주시연합회,PUB-002B_노인사회활동_기관코드,https://apis.data.go.kr/B552474/OdsnCodeInquiryService2/getOdsnOrgCodeInquiryList2
0527083,대한노인회 부안군지회,PUB-002B_노인사회활동_기관코드,https://apis.data.go.kr/B552474/OdsnCodeInquiryService2/getOdsnOrgCodeInquiryList2
0534085,사단법인 한국고용복지센터(의정부동점),PUB-002B_노인사회활동_기관코드,https://apis.data.go.kr/B552474/OdsnCodeInquiryService2/getOdsnOrgCodeInquiryList2
0534087,인지어스 유한회사 인천북부지사,PUB-002B_노인사회활동_기관코드,https://apis.data.go.kr/B552474/OdsnCodeInquiryService2/getOdsnOrgCodeInquiryList2
0534089,새롬워크개발원 경기본부,PUB-002B_노인사회활동_기관코드,https://apis.data.go.kr/B552474/OdsnCodeInquiryService2/getOdsnOrgCodeInquiryList2
0558083,부산강서시니어클럽(지자체),PUB-002B_노인사회활동_기관코드,https://apis.data.go.kr/B552474/OdsnCodeInquiryService2/getOdsnOrgCodeInquiryList2
0558084,은평어르신일자리센터(민간),PUB-002B_노인사회활동_기관코드,https://apis.data.go.kr/B552474/OdsnCodeInquiryService2/getOdsnOrgCodeInquiryList2
0558085,군산시니어클럽(민간),PUB-002B_노인사회활동_기관코드,https://apis.data.go.kr/B552474/OdsnCodeInquiryService2/getOdsnOrgCodeInquiryList2
0558086,남원시니어클럽(민간),PUB-002B_노인사회활동_기관코드,https://apis.data.go.kr/B552474/OdsnCodeInquiryService2/getOdsnOrgCodeInquiryList2
0558087,완주시니어클럽(민간),PUB-002B_노인사회활동_기관코드,https://apis.data.go.kr/B552474/OdsnCodeInquiryService2/getOdsnOrgCodeInquiryList2
0558089,(주)리부트코리아,PUB-002B_노인사회활동_기관코드,https://apis.data.go.kr/B552474/OdsnCodeInquiryService2/getOdsnOrgCodeInquiryList2
0559083,사단법인 한국취업지원협회 인천지부,PUB-002B_노인사회활동_기관코드,https://apis.data.go.kr/B552474/OdsnCodeInquiryService2/getOdsnOrgCodeInquiryList2
0563083,뉴던 주식회사,PUB-002B_노인사회활동_기관코드,https://apis.data.go.kr/B552474/OdsnCodeInquiryService2/getOdsnOrgCodeInquiryList2
0421086,(사)한국여성벤처협회 대구경북지회,PUB-002B_노인사회활동_기관코드,https://apis.data.go.kr/B552474/OdsnCodeInquiryService2/getOdsnOrgCodeInquiryList2
0421089,(주)위더스,PUB-002B_노인사회활동_기관코드,https://apis.data.go.kr/B552474/OdsnCodeInquiryService2/getOdsnOrgCodeInquiryList2
0426083,인지어스 유한회사 창원지사,PUB-002B_노인사회활동_기관코드,https://apis.data.go.kr/B552474/OdsnCodeInquiryService2/getOdsnOrgCodeInquiryList2
0427083,사단법인 건강나눔,PUB-002B_노인사회활동_기관코드,https://apis.data.go.kr/B552474/OdsnCodeInquiryService2/getOdsnOrgCodeInquiryList2
0429083,워크트랜드 주식회사,PUB-002B_노인사회활동_기관코드,https://apis.data.go.kr/B552474/OdsnCodeInquiryService2/getOdsnOrgCodeInquiryList2
0431083,농업회사법인 주식회사 정한뿌리식품,PUB-002B_노인사회활동_기관코드,https://apis.data.go.kr/B552474/OdsnCodeInquiryService2/getOdsnOrgCodeInquiryList2
0432083,사회적협동조합 행복한돌봄,PUB-002B_노인사회활동_기관코드,https://apis.data.go.kr/B552474/OdsnCodeInquiryService2/getOdsnOrgCodeInquiryList2
0435083,(주)추억을파는극장,PUB-002B_노인사회활동_기관코드,https://apis.data.go.kr/B552474/OdsnCodeInquiryService2/getOdsnOrgCodeInquiryList2
0435084,주식회사 보통의삶,PUB-002B_노인사회활동_기관코드,https://apis.data.go.kr/B552474/OdsnCodeInquiryService2/getOdsnOrgCodeInquiryList2
0436083,건강보험심사평가원시니어직능클럽,PUB-002B_노인사회활동_기관코드,https://apis.data.go.kr/B552474/OdsnCodeInquiryService2/getOdsnOrgCodeInquiryList2
0000727,경남하동지역자활센터,PUB-002B_노인사회활동_기관코드,https://apis.data.go.kr/B552474/OdsnCodeInquiryService2/getOdsnOrgCodeInquiryList2
0455083,농업회사법인 (주)더기반,PUB-002B_노인사회활동_기관코드,https://apis.data.go.kr/B552474/OdsnCodeInquiryService2/getOdsnOrgCodeInquiryList2
0461084,(주)위하여,PUB-002B_노인사회활동_기관코드,https://apis.data.go.kr/B552474/OdsnCodeInquiryService2/getOdsnOrgCodeInquiryList2
0473083,진안재가노인복지센터,PUB-002B_노인사회활동_기관코드,https://apis.data.go.kr/B552474/OdsnCodeInquiryService2/getOdsnOrgCodeInquiryList2
0480083,양구시니어클럽,PUB-002B_노인사회활동_기관코드,https://apis.data.go.kr/B552474/OdsnCodeInquiryService2/getOdsnOrgCodeInquiryList2
0482083,주식회사 푸른종합개발,PUB-002B_노인사회활동_기관코드,https://apis.data.go.kr/B552474/OdsnCodeInquiryService2/getOdsnOrgCodeInquiryList2
0485083,커리어라이즈,PUB-002B_노인사회활동_기관코드,https://apis.data.go.kr/B552474/OdsnCodeInquiryService2/getOdsnOrgCodeInquiryList2
0498083,(사)한마음복지회,PUB-002B_노인사회활동_기관코드,https://apis.data.go.kr/B552474/OdsnCodeInquiryService2/getOdsnOrgCodeInquiryList2
0499083,대산종합사회복지관,PUB-002B_노인사회활동_기관코드,https://apis.data.go.kr/B552474/OdsnCodeInquiryService2/getOdsnOrgCodeInquiryList2
0517083,함안시니어클럽,PUB-002B_노인사회활동_기관코드,https://apis.data.go.kr/B552474/OdsnCodeInquiryService2/getOdsnOrgCodeInquiryList2
0518083,함안시니어클럽,PUB-002B_노인사회활동_기관코드,https://apis.data.go.kr/B552474/OdsnCodeInquiryService2/getOdsnOrgCodeInquiryList2
0526083,부산강서시니어클럽,PUB-002B_노인사회활동_기관코드,https://apis.data.go.kr/B552474/OdsnCodeInquiryService2/getOdsnOrgCodeInquiryList2
0532083,전국일자리협동조합,PUB-002B_노인사회활동_기관코드,https://apis.data.go.kr/B552474/OdsnCodeInquiryService2/getOdsnOrgCodeInquiryList2
0532084,(주)잡모아 (광명지점),PUB-002B_노인사회활동_기관코드,https://apis.data.go.kr/B552474/OdsnCodeInquiryService2/getOdsnOrgCodeInquiryList2
0536083,동행주식회사,PUB-002B_노인사회활동_기관코드,https://apis.data.go.kr/B552474/OdsnCodeInquiryService2/getOdsnOrgCodeInquiryList2
0537083,(주)조인스잡,PUB-002B_노인사회활동_기관코드,https://apis.data.go.kr/B552474/OdsnCodeInquiryService2/getOdsnOrgCodeInquiryList2
0542083,(주)유니에스,PUB-002B_노인사회활동_기관코드,https://apis.data.go.kr/B552474/OdsnCodeInquiryService2/getOdsnOrgCodeInquiryList2
0542085,(주)잡서울부산본부,PUB-002B_노인사회활동_기관코드,https://apis.data.go.kr/B552474/OdsnCodeInquiryService2/getOdsnOrgCodeInquiryList2
0430083,(주)잡인피플컨설팅 양산지사,PUB-002B_노인사회활동_기관코드,https://apis.data.go.kr/B552474/OdsnCodeInquiryService2/getOdsnOrgCodeInquiryList2
0430085,(주)잡모아,PUB-002B_노인사회활동_기관코드,https://apis.data.go.kr/B552474/OdsnCodeInquiryService2/getOdsnOrgCodeInquiryList2
0438083,주식회사 신진,PUB-002B_노인사회활동_기관코드,https://apis.data.go.kr/B552474/OdsnCodeInquiryService2/getOdsnOrgCodeInquiryList2
0448083,사단법인 서울광진의류협회,PUB-002B_노인사회활동_기관코드,https://apis.data.go.kr/B552474/OdsnCodeInquiryService2/getOdsnOrgCodeInquiryList2
0452083,(주)서라벌베이커리,PUB-002B_노인사회활동_기관코드,https://apis.data.go.kr/B552474/OdsnCodeInquiryService2/getOdsnOrgCodeInquiryList2
0000943,대전광역시 노인보호전문기관,PUB-002B_노인사회활동_기관코드,https://apis.data.go.kr/B552474/OdsnCodeInquiryService2/getOdsnOrgCodeInquiryList2
0474083,(주)누리,PUB-002B_노인사회활동_기관코드,https://apis.data.go.kr/B552474/OdsnCodeInquiryService2/getOdsnOrgCodeInquiryList2
0488083,(사)한국건물위생관리협회,PUB-002B_노인사회활동_기관코드,https://apis.data.go.kr/B552474/OdsnCodeInquiryService2/getOdsnOrgCodeInquiryList2
0491083,꿈의숲종합사회복지관,PUB-002B_노인사회활동_기관코드,https://apis.data.go.kr/B552474/OdsnCodeInquiryService2/getOdsnOrgCodeInquiryList2
0511083,익산시북부노인종합복지관,PUB-002B_노인사회활동_기관코드,https://apis.data.go.kr/B552474/OdsnCodeInquiryService2/getOdsnOrgCodeInquiryList2
0514084,사단법인 정강복지센터,PUB-002B_노인사회활동_기관코드,https://apis.data.go.kr/B552474/OdsnCodeInquiryService2/getOdsnOrgCodeInquiryList2
0522083,진안시니어클럽(지자체),PUB-002B_노인사회활동_기관코드,https://apis.data.go.kr/B552474/OdsnCodeInquiryService2/getOdsnOrgCodeInquiryList2
0522084,사단법인 한마음노인복지센터(지자체),PUB-002B_노인사회활동_기관코드,https://apis.data.go.kr/B552474/OdsnCodeInquiryService2/getOdsnOrgCodeInquiryList2
0534084,주식회사 에이케이지 창원지점,PUB-002B_노인사회활동_기관코드,https://apis.data.go.kr/B552474/OdsnCodeInquiryService2/getOdsnOrgCodeInquiryList2
0539083,(사)인천경영자총협회,PUB-002B_노인사회활동_기관코드,https://apis.data.go.kr/B552474/OdsnCodeInquiryService2/getOdsnOrgCodeInquiryList2
0544084,(주)제니엘 울산센터,PUB-002B_노인사회활동_기관코드,https://apis.data.go.kr/B552474/OdsnCodeInquiryService2/getOdsnOrgCodeInquiryList2
0549083,(사)전주시중소기업인연합회,PUB-002B_노인사회활동_기관코드,https://apis.data.go.kr/B552474/OdsnCodeInquiryService2/getOdsnOrgCodeInquiryList2
0555083,속초시니어클럽,PUB-002B_노인사회활동_기관코드,https://apis.data.go.kr/B552474/OdsnCodeInquiryService2/getOdsnOrgCodeInquiryList2
0556083,사)한국다문화복지협회,PUB-002B_노인사회활동_기관코드,https://apis.data.go.kr/B552474/OdsnCodeInquiryService2/getOdsnOrgCodeInquiryList2
0556085,㈜리부트코리아 대전센터(민간),PUB-002B_노인사회활동_기관코드,https://apis.data.go.kr/B552474/OdsnCodeInquiryService2/getOdsnOrgCodeInquiryList2
0004014,(주)제이비컴(민간),PUB-002B_노인사회활동_기관코드,https://apis.data.go.kr/B552474/OdsnCodeInquiryService2/getOdsnOrgCodeInquiryList2
0560083,(주)지이라인,PUB-002B_노인사회활동_기관코드,https://apis.data.go.kr/B552474/OdsnCodeInquiryService2/getOdsnOrgCodeInquiryList2
0421087,사회단체한국교육복지문화진흥재단,PUB-002B_노인사회활동_기관코드,https://apis.data.go.kr/B552474/OdsnCodeInquiryService2/getOdsnOrgCodeInquiryList2
0439085,전북취업플러스,PUB-002B_노인사회활동_기관코드,https://apis.data.go.kr/B552474/OdsnCodeInquiryService2/getOdsnOrgCodeInquiryList2
0000785,당감종합사회복지관,PUB-002B_노인사회활동_기관코드,https://apis.data.go.kr/B552474/OdsnCodeInquiryService2/getOdsnOrgCodeInquiryList2
0460083,영동시니어클럽(민간),PUB-002B_노인사회활동_기관코드,https://apis.data.go.kr/B552474/OdsnCodeInquiryService2/getOdsnOrgCodeInquiryList2
0461083,(주)오월밥집,PUB-002B_노인사회활동_기관코드,https://apis.data.go.kr/B552474/OdsnCodeInquiryService2/getOdsnOrgCodeInquiryList2
0462083,(주)커피클레이,PUB-002B_노인사회활동_기관코드,https://apis.data.go.kr/B552474/OdsnCodeInquiryService2/getOdsnOrgCodeInquiryList2
0464083,따뜻한손사회적협동조합,PUB-002B_노인사회활동_기관코드,https://apis.data.go.kr/B552474/OdsnCodeInquiryService2/getOdsnOrgCodeInquiryList2
0002160,정읍문화원,PUB-002B_노인사회활동_기관코드,https://apis.data.go.kr/B552474/OdsnCodeInquiryService2/getOdsnOrgCodeInquiryList2
0488084,개미인력개발(주),PUB-002B_노인사회활동_기관코드,https://apis.data.go.kr/B552474/OdsnCodeInquiryService2/getOdsnOrgCodeInquiryList2
0002282,나래울 화성시복합복지타운,PUB-002B_노인사회활동_기관코드,https://apis.data.go.kr/B552474/OdsnCodeInquiryService2/getOdsnOrgCodeInquiryList2
0494083,상주시노인종합복지관,PUB-002B_노인사회활동_기관코드,https://apis.data.go.kr/B552474/OdsnCodeInquiryService2/getOdsnOrgCodeInquiryList2
0501083,은평어르신일자리센터,PUB-002B_노인사회활동_기관코드,https://apis.data.go.kr/B552474/OdsnCodeInquiryService2/getOdsnOrgCodeInquiryList2
0504084,안양시부흥종합사회복지관,PUB-002B_노인사회활동_기관코드,https://apis.data.go.kr/B552474/OdsnCodeInquiryService2/getOdsnOrgCodeInquiryList2
0507084,유성구남부노인복지관,PUB-002B_노인사회활동_기관코드,https://apis.data.go.kr/B552474/OdsnCodeInquiryService2/getOdsnOrgCodeInquiryList2
0510084,남해시니어클럽,PUB-002B_노인사회활동_기관코드,https://apis.data.go.kr/B552474/OdsnCodeInquiryService2/getOdsnOrgCodeInquiryList2
0528087,평생일자리지원센터,PUB-002B_노인사회활동_기관코드,https://apis.data.go.kr/B552474/OdsnCodeInquiryService2/getOdsnOrgCodeInquiryList2
0530084,화성상공회의소,PUB-002B_노인사회활동_기관코드,https://apis.data.go.kr/B552474/OdsnCodeInquiryService2/getOdsnOrgCodeInquiryList2
0531083,이진잡센터,PUB-002B_노인사회활동_기관코드,https://apis.data.go.kr/B552474/OdsnCodeInquiryService2/getOdsnOrgCodeInquiryList2
0541096,음성시니어클럽(민간),PUB-002B_노인사회활동_기관코드,https://apis.data.go.kr/B552474/OdsnCodeInquiryService2/getOdsnOrgCodeInquiryList2
0541097,대덕구시니어클럽(민간),PUB-002B_노인사회활동_기관코드,https://apis.data.go.kr/B552474/OdsnCodeInquiryService2/getOdsnOrgCodeInquiryList2
0541098,태안시니어클럽,PUB-002B_노인사회활동_기관코드,https://apis.data.go.kr/B552474/OdsnCodeInquiryService2/getOdsnOrgCodeInquiryList2
0541099,대동종합사회복지관(민간),PUB-002B_노인사회활동_기관코드,https://apis.data.go.kr/B552474/OdsnCodeInquiryService2/getOdsnOrgCodeInquiryList2
0543083,전국일자리협동조합,PUB-002B_노인사회활동_기관코드,https://apis.data.go.kr/B552474/OdsnCodeInquiryService2/getOdsnOrgCodeInquiryList2
0002755,스탭스주식회사 천안센터 ,PUB-002B_노인사회활동_기관코드,https://apis.data.go.kr/B552474/OdsnCodeInquiryService2/getOdsnOrgCodeInquiryList2
0550083,노무법인 두레,PUB-002B_노인사회활동_기관코드,https://apis.data.go.kr/B552474/OdsnCodeInquiryService2/getOdsnOrgCodeInquiryList2
0551083,(사)벤처기업협회 경남지회,PUB-002B_노인사회활동_기관코드,https://apis.data.go.kr/B552474/OdsnCodeInquiryService2/getOdsnOrgCodeInquiryList2
0561083,사단법인 이노폴리스벤처협회,PUB-002B_노인사회활동_기관코드,https://apis.data.go.kr/B552474/OdsnCodeInquiryService2/getOdsnOrgCodeInquiryList2
0657084,안계노인복지관,PUB-002B_노인사회활동_기관코드,https://apis.data.go.kr/B552474/OdsnCodeInquiryService2/getOdsnOrgCodeInquiryList2
0822083,한길회계법인,PUB-002B_노인사회활동_기관코드,https://apis.data.go.kr/B552474/OdsnCodeInquiryService2/getOdsnOrgCodeInquiryList2
0943084,더-케어노인복지센터,PUB-002B_노인사회활동_기관코드,https://apis.data.go.kr/B552474/OdsnCodeInquiryService2/getOdsnOrgCodeInquiryList2
1036092,연꽃노인복지센터,PUB-002B_노인사회활동_기관코드,https://apis.data.go.kr/B552474/OdsnCodeInquiryService2/getOdsnOrgCodeInquiryList2
1036111,주식회사 상상우리,PUB-002B_노인사회활동_기관코드,https://apis.data.go.kr/B552474/OdsnCodeInquiryService2/getOdsnOrgCodeInquiryList2
1036117,고성시니어클럽,PUB-002B_노인사회활동_기관코드,https://apis.data.go.kr/B552474/OdsnCodeInquiryService2/getOdsnOrgCodeInquiryList2
0602084,주식회사 빅에이아이,PUB-002B_노인사회활동_기관코드,https://apis.data.go.kr/B552474/OdsnCodeInquiryService2/getOdsnOrgCodeInquiryList2
0612084,(주)수양엔지니어링,PUB-002B_노인사회활동_기관코드,https://apis.data.go.kr/B552474/OdsnCodeInquiryService2/getOdsnOrgCodeInquiryList2
0648083,주암댐노인복지관,PUB-002B_노인사회활동_기관코드,https://apis.data.go.kr/B552474/OdsnCodeInquiryService2/getOdsnOrgCodeInquiryList2
0774084,(주)처가식품,PUB-002B_노인사회활동_기관코드,https://apis.data.go.kr/B552474/OdsnCodeInquiryService2/getOdsnOrgCodeInquiryList2
0001902,동두천시노인복지관,PUB-002B_노인사회활동_기관코드,https://apis.data.go.kr/B552474/OdsnCodeInquiryService2/getOdsnOrgCodeInquiryList2
0002860,동작50+센터,PUB-002B_노인사회활동_기관코드,https://apis.data.go.kr/B552474/OdsnCodeInquiryService2/getOdsnOrgCodeInquiryList2
0000317,삼척시청 사회복지과,PUB-002B_노인사회활동_기관코드,https://apis.data.go.kr/B552474/OdsnCodeInquiryService2/getOdsnOrgCodeInquiryList2
1036122,메르디앙산후조리원 ,PUB-002B_노인사회활동_기관코드,https://apis.data.go.kr/B552474/OdsnCodeInquiryService2/getOdsnOrgCodeInquiryList2
1045108,비산노인종합복지관,PUB-002B_노인사회활동_기관코드,https://apis.data.go.kr/B552474/OdsnCodeInquiryService2/getOdsnOrgCodeInquiryList2
0001067,봉동노인복지센터,PUB-002B_노인사회활동_기관코드,https://apis.data.go.kr/B552474/OdsnCodeInquiryService2/getOdsnOrgCodeInquiryList2
0822084,한길회계법인,PUB-002B_노인사회활동_기관코드,https://apis.data.go.kr/B552474/OdsnCodeInquiryService2/getOdsnOrgCodeInquiryList2
0000859,대한노인회 경기 이천시지회,PUB-002B_노인사회활동_기관코드,https://apis.data.go.kr/B552474/OdsnCodeInquiryService2/getOdsnOrgCodeInquiryList2
0870083,(주)한맥세라믹,PUB-002B_노인사회활동_기관코드,https://apis.data.go.kr/B552474/OdsnCodeInquiryService2/getOdsnOrgCodeInquiryList2
0901083,주식회사 네오세라믹,PUB-002B_노인사회활동_기관코드,https://apis.data.go.kr/B552474/OdsnCodeInquiryService2/getOdsnOrgCodeInquiryList2
0993083,주식회사 씨패스,PUB-002B_노인사회활동_기관코드,https://apis.data.go.kr/B552474/OdsnCodeInquiryService2/getOdsnOrgCodeInquiryList2
1036088,종로구보건소,PUB-002B_노인사회활동_기관코드,https://apis.data.go.kr/B552474/OdsnCodeInquiryService2/getOdsnOrgCodeInquiryList2
1036091,사단법인 가치잇다,PUB-002B_노인사회활동_기관코드,https://apis.data.go.kr/B552474/OdsnCodeInquiryService2/getOdsnOrgCodeInquiryList2
1047101,강원의료복지사회적협동조합,PUB-002B_노인사회활동_기관코드,https://apis.data.go.kr/B552474/OdsnCodeInquiryService2/getOdsnOrgCodeInquiryList2
0690083,사회적협동조합 행복느티나무,PUB-002B_노인사회활동_기관코드,https://apis.data.go.kr/B552474/OdsnCodeInquiryService2/getOdsnOrgCodeInquiryList2
0001091,삼례노인복지센타,PUB-002B_노인사회활동_기관코드,https://apis.data.go.kr/B552474/OdsnCodeInquiryService2/getOdsnOrgCodeInquiryList2
0743083,사단법인중소기업융합경기연합회,PUB-002B_노인사회활동_기관코드,https://apis.data.go.kr/B552474/OdsnCodeInquiryService2/getOdsnOrgCodeInquiryList2
0956084,주암면행정복지센터,PUB-002B_노인사회활동_기관코드,https://apis.data.go.kr/B552474/OdsnCodeInquiryService2/getOdsnOrgCodeInquiryList2
0978083,(주)커리어넷,PUB-002B_노인사회활동_기관코드,https://apis.data.go.kr/B552474/OdsnCodeInquiryService2/getOdsnOrgCodeInquiryList2
1000083,주식회사예스택시,PUB-002B_노인사회활동_기관코드,https://apis.data.go.kr/B552474/OdsnCodeInquiryService2/getOdsnOrgCodeInquiryList2
1036094,가덕도동노인복지관,PUB-002B_노인사회활동_기관코드,https://apis.data.go.kr/B552474/OdsnCodeInquiryService2/getOdsnOrgCodeInquiryList2
1042098,(주)메이크인(시범),PUB-002B_노인사회활동_기관코드,https://apis.data.go.kr/B552474/OdsnCodeInquiryService2/getOdsnOrgCodeInquiryList2
1047104,월곡종합사회복지관,PUB-002B_노인사회활동_기관코드,https://apis.data.go.kr/B552474/OdsnCodeInquiryService2/getOdsnOrgCodeInquiryList2
1049106,(주)다담엔지니어링,PUB-002B_노인사회활동_기관코드,https://apis.data.go.kr/B552474/OdsnCodeInquiryService2/getOdsnOrgCodeInquiryList2
0587083,인지어스 유한회사 광주지사,PUB-002B_노인사회활동_기관코드,https://apis.data.go.kr/B552474/OdsnCodeInquiryService2/getOdsnOrgCodeInquiryList2
0660085,영양군노인복지관,PUB-002B_노인사회활동_기관코드,https://apis.data.go.kr/B552474/OdsnCodeInquiryService2/getOdsnOrgCodeInquiryList2
0820083,장암종합사회복지관,PUB-002B_노인사회활동_기관코드,https://apis.data.go.kr/B552474/OdsnCodeInquiryService2/getOdsnOrgCodeInquiryList2
0832089,주식회사 경주제과,PUB-002B_노인사회활동_기관코드,https://apis.data.go.kr/B552474/OdsnCodeInquiryService2/getOdsnOrgCodeInquiryList2
0845083,사회적협동조합인성소통협회,PUB-002B_노인사회활동_기관코드,https://apis.data.go.kr/B552474/OdsnCodeInquiryService2/getOdsnOrgCodeInquiryList2
0954084,용인시사회복지협의회,PUB-002B_노인사회활동_기관코드,https://apis.data.go.kr/B552474/OdsnCodeInquiryService2/getOdsnOrgCodeInquiryList2
0695083,강원지속가능경제지원센터,PUB-002B_노인사회활동_기관코드,https://apis.data.go.kr/B552474/OdsnCodeInquiryService2/getOdsnOrgCodeInquiryList2
0885083,경북인력지원센터,PUB-002B_노인사회활동_기관코드,https://apis.data.go.kr/B552474/OdsnCodeInquiryService2/getOdsnOrgCodeInquiryList2
0964083,(주)이음길에이치알,PUB-002B_노인사회활동_기관코드,https://apis.data.go.kr/B552474/OdsnCodeInquiryService2/getOdsnOrgCodeInquiryList2
1018083,주식회사 바스그린,PUB-002B_노인사회활동_기관코드,https://apis.data.go.kr/B552474/OdsnCodeInquiryService2/getOdsnOrgCodeInquiryList2
1031083,주식회사 메타디엑스,PUB-002B_노인사회활동_기관코드,https://apis.data.go.kr/B552474/OdsnCodeInquiryService2/getOdsnOrgCodeInquiryList2
1036101,오엠텍 주식회사,PUB-002B_노인사회활동_기관코드,https://apis.data.go.kr/B552474/OdsnCodeInquiryService2/getOdsnOrgCodeInquiryList2
1036102,주식회사 청연,PUB-002B_노인사회활동_기관코드,https://apis.data.go.kr/B552474/OdsnCodeInquiryService2/getOdsnOrgCodeInquiryList2
0000847,금산지역자활센터,PUB-002B_노인사회활동_기관코드,https://apis.data.go.kr/B552474/OdsnCodeInquiryService2/getOdsnOrgCodeInquiryList2
1047117,The Bank 신한동우회,PUB-002B_노인사회활동_기관코드,https://apis.data.go.kr/B552474/OdsnCodeInquiryService2/getOdsnOrgCodeInquiryList2
0000765,양산시 성요셉의집,PUB-002B_노인사회활동_기관코드,https://apis.data.go.kr/B552474/OdsnCodeInquiryService2/getOdsnOrgCodeInquiryList2
0857083,주식회사 미르어패럴,PUB-002B_노인사회활동_기관코드,https://apis.data.go.kr/B552474/OdsnCodeInquiryService2/getOdsnOrgCodeInquiryList2
0908085,주식회사 대정 ,PUB-002B_노인사회활동_기관코드,https://apis.data.go.kr/B552474/OdsnCodeInquiryService2/getOdsnOrgCodeInquiryList2
0989083,퍼스트인잡(주),PUB-002B_노인사회활동_기관코드,https://apis.data.go.kr/B552474/OdsnCodeInquiryService2/getOdsnOrgCodeInquiryList2
1046102,국제노인복지센터,PUB-002B_노인사회활동_기관코드,https://apis.data.go.kr/B552474/OdsnCodeInquiryService2/getOdsnOrgCodeInquiryList2
0626083,새마을운동중앙회 인제군지회,PUB-002B_노인사회활동_기관코드,https://apis.data.go.kr/B552474/OdsnCodeInquiryService2/getOdsnOrgCodeInquiryList2
0000410,청송군청 주민행복과,PUB-002B_노인사회활동_기관코드,https://apis.data.go.kr/B552474/OdsnCodeInquiryService2/getOdsnOrgCodeInquiryList2
0694083,재단법인 전라북도사회서비스원,PUB-002B_노인사회활동_기관코드,https://apis.data.go.kr/B552474/OdsnCodeInquiryService2/getOdsnOrgCodeInquiryList2
0729083,사회적협동조합 별사탕학교(지자체),PUB-002B_노인사회활동_기관코드,https://apis.data.go.kr/B552474/OdsnCodeInquiryService2/getOdsnOrgCodeInquiryList2
0832083,주식회사 우주특수산업,PUB-002B_노인사회활동_기관코드,https://apis.data.go.kr/B552474/OdsnCodeInquiryService2/getOdsnOrgCodeInquiryList2
0838083,대구침장제조업협동조합,PUB-002B_노인사회활동_기관코드,https://apis.data.go.kr/B552474/OdsnCodeInquiryService2/getOdsnOrgCodeInquiryList2
0855083,(주)종합건축사사무소 동일건축,PUB-002B_노인사회활동_기관코드,https://apis.data.go.kr/B552474/OdsnCodeInquiryService2/getOdsnOrgCodeInquiryList2
0978084,(주)커리어넷 ,PUB-002B_노인사회활동_기관코드,https://apis.data.go.kr/B552474/OdsnCodeInquiryService2/getOdsnOrgCodeInquiryList2
1011083,사단법인 우리복지,PUB-002B_노인사회활동_기관코드,https://apis.data.go.kr/B552474/OdsnCodeInquiryService2/getOdsnOrgCodeInquiryList2
1047108,양주예쓰병원,PUB-002B_노인사회활동_기관코드,https://apis.data.go.kr/B552474/OdsnCodeInquiryService2/getOdsnOrgCodeInquiryList2
0616084,(주)세일,PUB-002B_노인사회활동_기관코드,https://apis.data.go.kr/B552474/OdsnCodeInquiryService2/getOdsnOrgCodeInquiryList2
0780083,주식회사 달산,PUB-002B_노인사회활동_기관코드,https://apis.data.go.kr/B552474/OdsnCodeInquiryService2/getOdsnOrgCodeInquiryList2
0825083,동구종합사회복지관,PUB-002B_노인사회활동_기관코드,https://apis.data.go.kr/B552474/OdsnCodeInquiryService2/getOdsnOrgCodeInquiryList2
0000320,대한노인회 강원 영월군지회,PUB-002B_노인사회활동_기관코드,https://apis.data.go.kr/B552474/OdsnCodeInquiryService2/getOdsnOrgCodeInquiryList2
0723083,명지노인종합복지관,PUB-002B_노인사회활동_기관코드,https://apis.data.go.kr/B552474/OdsnCodeInquiryService2/getOdsnOrgCodeInquiryList2
0725083,홍천군사회복지협의회,PUB-002B_노인사회활동_기관코드,https://apis.data.go.kr/B552474/OdsnCodeInquiryService2/getOdsnOrgCodeInquiryList2
0731083,청주청원시니어클럽,PUB-002B_노인사회활동_기관코드,https://apis.data.go.kr/B552474/OdsnCodeInquiryService2/getOdsnOrgCodeInquiryList2
0930083,녹양종합사회복지관,PUB-002B_노인사회활동_기관코드,https://apis.data.go.kr/B552474/OdsnCodeInquiryService2/getOdsnOrgCodeInquiryList2
1026083,영월군가족센터,PUB-002B_노인사회활동_기관코드,https://apis.data.go.kr/B552474/OdsnCodeInquiryService2/getOdsnOrgCodeInquiryList2
1036129,주식회사 동인목재,PUB-002B_노인사회활동_기관코드,https://apis.data.go.kr/B552474/OdsnCodeInquiryService2/getOdsnOrgCodeInquiryList2
1036130,서변노인복지관 ,PUB-002B_노인사회활동_기관코드,https://apis.data.go.kr/B552474/OdsnCodeInquiryService2/getOdsnOrgCodeInquiryList2
0786083,고려전선(주),PUB-002B_노인사회활동_기관코드,https://apis.data.go.kr/B552474/OdsnCodeInquiryService2/getOdsnOrgCodeInquiryList2
0814083,익산상공회의소(민간),PUB-002B_노인사회활동_기관코드,https://apis.data.go.kr/B552474/OdsnCodeInquiryService2/getOdsnOrgCodeInquiryList2
0834083,원주상공회의소,PUB-002B_노인사회활동_기관코드,https://apis.data.go.kr/B552474/OdsnCodeInquiryService2/getOdsnOrgCodeInquiryList2
0910083,주식회사코드원에스에스,PUB-002B_노인사회활동_기관코드,https://apis.data.go.kr/B552474/OdsnCodeInquiryService2/getOdsnOrgCodeInquiryList2
0972083,당진상공회의소,PUB-002B_노인사회활동_기관코드,https://apis.data.go.kr/B552474/OdsnCodeInquiryService2/getOdsnOrgCodeInquiryList2
1002083,합자회사 금남엔지니어링(고양일산),PUB-002B_노인사회활동_기관코드,https://apis.data.go.kr/B552474/OdsnCodeInquiryService2/getOdsnOrgCodeInquiryList2
1002085,주식회사 예스영푸드(서구),PUB-002B_노인사회활동_기관코드,https://apis.data.go.kr/B552474/OdsnCodeInquiryService2/getOdsnOrgCodeInquiryList2
1045105,복을만드는사람들 주식회사 농업회사법인,PUB-002B_노인사회활동_기관코드,https://apis.data.go.kr/B552474/OdsnCodeInquiryService2/getOdsnOrgCodeInquiryList2
1049108,경기도노인일자리지원센터,PUB-002B_노인사회활동_기관코드,https://apis.data.go.kr/B552474/OdsnCodeInquiryService2/getOdsnOrgCodeInquiryList2
0611083,대한노인회 강원 철원군지회,PUB-002B_노인사회활동_기관코드,https://apis.data.go.kr/B552474/OdsnCodeInquiryService2/getOdsnOrgCodeInquiryList2
0621083,(주)연과사람들,PUB-002B_노인사회활동_기관코드,https://apis.data.go.kr/B552474/OdsnCodeInquiryService2/getOdsnOrgCodeInquiryList2
0676083,홍성군노인종합복지관,PUB-002B_노인사회활동_기관코드,https://apis.data.go.kr/B552474/OdsnCodeInquiryService2/getOdsnOrgCodeInquiryList2
0859083,농업회사법인주식회사한울,PUB-002B_노인사회활동_기관코드,https://apis.data.go.kr/B552474/OdsnCodeInquiryService2/getOdsnOrgCodeInquiryList2
0001075,대한노인회 서울 도봉구지회,PUB-002B_노인사회활동_기관코드,https://apis.data.go.kr/B552474/OdsnCodeInquiryService2/getOdsnOrgCodeInquiryList2
0004245,사단법인 한국문화산업협회(민간),PUB-002B_노인사회활동_기관코드,https://apis.data.go.kr/B552474/OdsnCodeInquiryService2/getOdsnOrgCodeInquiryList2
0000365,김제시청 경로장애인과,PUB-002B_노인사회활동_기관코드,https://apis.data.go.kr/B552474/OdsnCodeInquiryService2/getOdsnOrgCodeInquiryList2
0001921,(사)한국노인사랑운동본부,PUB-002B_노인사회활동_기관코드,https://apis.data.go.kr/B552474/OdsnCodeInquiryService2/getOdsnOrgCodeInquiryList2
1036128,(주)에이치케이건축사사무소,PUB-002B_노인사회활동_기관코드,https://apis.data.go.kr/B552474/OdsnCodeInquiryService2/getOdsnOrgCodeInquiryList2
0601083,대한노인회 전남 목포시지회,PUB-002B_노인사회활동_기관코드,https://apis.data.go.kr/B552474/OdsnCodeInquiryService2/getOdsnOrgCodeInquiryList2
0601084,장호해운(주),PUB-002B_노인사회활동_기관코드,https://apis.data.go.kr/B552474/OdsnCodeInquiryService2/getOdsnOrgCodeInquiryList2
0724084,중리종합사회복지관,PUB-002B_노인사회활동_기관코드,https://apis.data.go.kr/B552474/OdsnCodeInquiryService2/getOdsnOrgCodeInquiryList2
0756083,(주)대원크리닝,PUB-002B_노인사회활동_기관코드,https://apis.data.go.kr/B552474/OdsnCodeInquiryService2/getOdsnOrgCodeInquiryList2
0832091,주식회사 선진전력기술단,PUB-002B_노인사회활동_기관코드,https://apis.data.go.kr/B552474/OdsnCodeInquiryService2/getOdsnOrgCodeInquiryList2
0925083,강동종합사회복지관,PUB-002B_노인사회활동_기관코드,https://apis.data.go.kr/B552474/OdsnCodeInquiryService2/getOdsnOrgCodeInquiryList2
1047111,새만금시니어클럽(민간),PUB-002B_노인사회활동_기관코드,https://apis.data.go.kr/B552474/OdsnCodeInquiryService2/getOdsnOrgCodeInquiryList2
1047112,김제지평선시니어클럽(민간),PUB-002B_노인사회활동_기관코드,https://apis.data.go.kr/B552474/OdsnCodeInquiryService2/getOdsnOrgCodeInquiryList2
0721085,문현노인복지관,PUB-002B_노인사회활동_기관코드,https://apis.data.go.kr/B552474/OdsnCodeInquiryService2/getOdsnOrgCodeInquiryList2
0865083,사랑주야간보호센터,PUB-002B_노인사회활동_기관코드,https://apis.data.go.kr/B552474/OdsnCodeInquiryService2/getOdsnOrgCodeInquiryList2
0992083,갤러리아토아트,PUB-002B_노인사회활동_기관코드,https://apis.data.go.kr/B552474/OdsnCodeInquiryService2/getOdsnOrgCodeInquiryList2
1043097,(주)강산이앤씨,PUB-002B_노인사회활동_기관코드,https://apis.data.go.kr/B552474/OdsnCodeInquiryService2/getOdsnOrgCodeInquiryList2
1047105,사회복지법인무주군사회복지협의회,PUB-002B_노인사회활동_기관코드,https://apis.data.go.kr/B552474/OdsnCodeInquiryService2/getOdsnOrgCodeInquiryList2
1047106,남구장애인복지관,PUB-002B_노인사회활동_기관코드,https://apis.data.go.kr/B552474/OdsnCodeInquiryService2/getOdsnOrgCodeInquiryList2
0744083,주식회사 채움에이치알디,PUB-002B_노인사회활동_기관코드,https://apis.data.go.kr/B552474/OdsnCodeInquiryService2/getOdsnOrgCodeInquiryList2
0660083,농성빛여울채종합사회복지관,PUB-002B_노인사회활동_기관코드,https://apis.data.go.kr/B552474/OdsnCodeInquiryService2/getOdsnOrgCodeInquiryList2
0766083,주식회사 비엘아이,PUB-002B_노인사회활동_기관코드,https://apis.data.go.kr/B552474/OdsnCodeInquiryService2/getOdsnOrgCodeInquiryList2
0796083,(주)누리,PUB-002B_노인사회활동_기관코드,https://apis.data.go.kr/B552474/OdsnCodeInquiryService2/getOdsnOrgCodeInquiryList2
0000593,대구남부노인보호전문기관,PUB-002B_노인사회활동_기관코드,https://apis.data.go.kr/B552474/OdsnCodeInquiryService2/getOdsnOrgCodeInquiryList2
1054098,영종노인복지관,PUB-002B_노인사회활동_기관코드,https://apis.data.go.kr/B552474/OdsnCodeInquiryService2/getOdsnOrgCodeInquiryList2
0609083,(주)한솥밥푸드서비스,PUB-002B_노인사회활동_기관코드,https://apis.data.go.kr/B552474/OdsnCodeInquiryService2/getOdsnOrgCodeInquiryList2
0613083,(주)대성실업,PUB-002B_노인사회활동_기관코드,https://apis.data.go.kr/B552474/OdsnCodeInquiryService2/getOdsnOrgCodeInquiryList2
0773083,사단법인전남고용노동연구원,PUB-002B_노인사회활동_기관코드,https://apis.data.go.kr/B552474/OdsnCodeInquiryService2/getOdsnOrgCodeInquiryList2
0830083,진성예담요양원,PUB-002B_노인사회활동_기관코드,https://apis.data.go.kr/B552474/OdsnCodeInquiryService2/getOdsnOrgCodeInquiryList2
0898083,그레이스패션 주식회사,PUB-002B_노인사회활동_기관코드,https://apis.data.go.kr/B552474/OdsnCodeInquiryService2/getOdsnOrgCodeInquiryList2
0905083,주식회사 신원기술단,PUB-002B_노인사회활동_기관코드,https://apis.data.go.kr/B552474/OdsnCodeInquiryService2/getOdsnOrgCodeInquiryList2
0000938,사북면문해학교,PUB-002B_노인사회활동_기관코드,https://apis.data.go.kr/B552474/OdsnCodeInquiryService2/getOdsnOrgCodeInquiryList2
0614083,(주)우경이엠씨,PUB-002B_노인사회활동_기관코드,https://apis.data.go.kr/B552474/OdsnCodeInquiryService2/getOdsnOrgCodeInquiryList2
0000884,대한노인회 서울 영등포구지회,PUB-002B_노인사회활동_기관코드,https://apis.data.go.kr/B552474/OdsnCodeInquiryService2/getOdsnOrgCodeInquiryList2
0691086,한국노인인력개발원 인천지역본부,PUB-002B_노인사회활동_기관코드,https://apis.data.go.kr/B552474/OdsnCodeInquiryService2/getOdsnOrgCodeInquiryList2
0691084,한국노인인력개발원 부울지역본부,PUB-002B_노인사회활동_기관코드,https://apis.data.go.kr/B552474/OdsnCodeInquiryService2/getOdsnOrgCodeInquiryList2
0691083,한국노인인력개발원 서울지역본부,PUB-002B_노인사회활동_기관코드,https://apis.data.go.kr/B552474/OdsnCodeInquiryService2/getOdsnOrgCodeInquiryList2
0691087,한국노인인력개발원 대전충남지역본부,PUB-002B_노인사회활동_기관코드,https://apis.data.go.kr/B552474/OdsnCodeInquiryService2/getOdsnOrgCodeInquiryList2
0691088,한국노인인력개발원 경기지역본부,PUB-002B_노인사회활동_기관코드,https://apis.data.go.kr/B552474/OdsnCodeInquiryService2/getOdsnOrgCodeInquiryList2
0691089,한국노인인력개발원 전북지역본부,PUB-002B_노인사회활동_기관코드,https://apis.data.go.kr/B552474/OdsnCodeInquiryService2/getOdsnOrgCodeInquiryList2
0691090,한국노인인력개발원 경남지역본부,PUB-002B_노인사회활동_기관코드,https://apis.data.go.kr/B552474/OdsnCodeInquiryService2/getOdsnOrgCodeInquiryList2
0691091,한국노인인력개발원 제주지역본부,PUB-002B_노인사회활동_기관코드,https://apis.data.go.kr/B552474/OdsnCodeInquiryService2/getOdsnOrgCodeInquiryList2
0914083,케이쿡주식회사,PUB-002B_노인사회활동_기관코드,https://apis.data.go.kr/B552474/OdsnCodeInquiryService2/getOdsnOrgCodeInquiryList2
0936083,서빛마루시니어센터,PUB-002B_노인사회활동_기관코드,https://apis.data.go.kr/B552474/OdsnCodeInquiryService2/getOdsnOrgCodeInquiryList2
0658084,재단법인광주복지연구원 효령노인복지타운,PUB-002B_노인사회활동_기관코드,https://apis.data.go.kr/B552474/OdsnCodeInquiryService2/getOdsnOrgCodeInquiryList2
0681083,화성시남부노인복지관,PUB-002B_노인사회활동_기관코드,https://apis.data.go.kr/B552474/OdsnCodeInquiryService2/getOdsnOrgCodeInquiryList2
0696083,강원도사회적기업협의회,PUB-002B_노인사회활동_기관코드,https://apis.data.go.kr/B552474/OdsnCodeInquiryService2/getOdsnOrgCodeInquiryList2
0698083,(재)3.3기념사업회,PUB-002B_노인사회활동_기관코드,https://apis.data.go.kr/B552474/OdsnCodeInquiryService2/getOdsnOrgCodeInquiryList2
1036085,사단법인 청풍위장회,PUB-002B_노인사회활동_기관코드,https://apis.data.go.kr/B552474/OdsnCodeInquiryService2/getOdsnOrgCodeInquiryList2
1047100,망우본동주민센터,PUB-002B_노인사회활동_기관코드,https://apis.data.go.kr/B552474/OdsnCodeInquiryService2/getOdsnOrgCodeInquiryList2
0591083,광양만권일자리사업단,PUB-002B_노인사회활동_기관코드,https://apis.data.go.kr/B552474/OdsnCodeInquiryService2/getOdsnOrgCodeInquiryList2
0602085,사회적협동조합 희망리본 강릉센터,PUB-002B_노인사회활동_기관코드,https://apis.data.go.kr/B552474/OdsnCodeInquiryService2/getOdsnOrgCodeInquiryList2
0609084,서초여성일자리주식회사,PUB-002B_노인사회활동_기관코드,https://apis.data.go.kr/B552474/OdsnCodeInquiryService2/getOdsnOrgCodeInquiryList2
0663084,신곡노인종합복지관,PUB-002B_노인사회활동_기관코드,https://apis.data.go.kr/B552474/OdsnCodeInquiryService2/getOdsnOrgCodeInquiryList2
0758083,양주시니어클럽,PUB-002B_노인사회활동_기관코드,https://apis.data.go.kr/B552474/OdsnCodeInquiryService2/getOdsnOrgCodeInquiryList2
1045101,주식회사 티와이,PUB-002B_노인사회활동_기관코드,https://apis.data.go.kr/B552474/OdsnCodeInquiryService2/getOdsnOrgCodeInquiryList2
1047122,주식회사 서브업,PUB-002B_노인사회활동_기관코드,https://apis.data.go.kr/B552474/OdsnCodeInquiryService2/getOdsnOrgCodeInquiryList2
0680083,장성군노인복지관,PUB-002B_노인사회활동_기관코드,https://apis.data.go.kr/B552474/OdsnCodeInquiryService2/getOdsnOrgCodeInquiryList2
0739083,오산상공회의소,PUB-002B_노인사회활동_기관코드,https://apis.data.go.kr/B552474/OdsnCodeInquiryService2/getOdsnOrgCodeInquiryList2
0776083,(주)한국커리어잡스,PUB-002B_노인사회활동_기관코드,https://apis.data.go.kr/B552474/OdsnCodeInquiryService2/getOdsnOrgCodeInquiryList2
0000966,(사)실업극복인천본부,PUB-002B_노인사회활동_기관코드,https://apis.data.go.kr/B552474/OdsnCodeInquiryService2/getOdsnOrgCodeInquiryList2
1049105,(주)대창식품,PUB-002B_노인사회활동_기관코드,https://apis.data.go.kr/B552474/OdsnCodeInquiryService2/getOdsnOrgCodeInquiryList2
0645083,(주)송지,PUB-002B_노인사회활동_기관코드,https://apis.data.go.kr/B552474/OdsnCodeInquiryService2/getOdsnOrgCodeInquiryList2
0852083,주식회사 남해수산,PUB-002B_노인사회활동_기관코드,https://apis.data.go.kr/B552474/OdsnCodeInquiryService2/getOdsnOrgCodeInquiryList2
0880083,(재)다솜이재단,PUB-002B_노인사회활동_기관코드,https://apis.data.go.kr/B552474/OdsnCodeInquiryService2/getOdsnOrgCodeInquiryList2
0000866,대한노인회 부안군지회,PUB-002B_노인사회활동_기관코드,https://apis.data.go.kr/B552474/OdsnCodeInquiryService2/getOdsnOrgCodeInquiryList2
1036108,부천시노동자종합복지관(민간),PUB-002B_노인사회활동_기관코드,https://apis.data.go.kr/B552474/OdsnCodeInquiryService2/getOdsnOrgCodeInquiryList2
0788083,농업회사법인 (주)영풍,PUB-002B_노인사회활동_기관코드,https://apis.data.go.kr/B552474/OdsnCodeInquiryService2/getOdsnOrgCodeInquiryList2
1001083,대한노인회미추홀지회취업지원센터,PUB-002B_노인사회활동_기관코드,https://apis.data.go.kr/B552474/OdsnCodeInquiryService2/getOdsnOrgCodeInquiryList2
1023083,금촌1동 ,PUB-002B_노인사회활동_기관코드,https://apis.data.go.kr/B552474/OdsnCodeInquiryService2/getOdsnOrgCodeInquiryList2
1036118,사단법인위니버스,PUB-002B_노인사회활동_기관코드,https://apis.data.go.kr/B552474/OdsnCodeInquiryService2/getOdsnOrgCodeInquiryList2
1040097,(주)선한푸드앤컬처,PUB-002B_노인사회활동_기관코드,https://apis.data.go.kr/B552474/OdsnCodeInquiryService2/getOdsnOrgCodeInquiryList2
1046099,시화마을사회적협동조합,PUB-002B_노인사회활동_기관코드,https://apis.data.go.kr/B552474/OdsnCodeInquiryService2/getOdsnOrgCodeInquiryList2
0671083,충주댐노인복지관,PUB-002B_노인사회활동_기관코드,https://apis.data.go.kr/B552474/OdsnCodeInquiryService2/getOdsnOrgCodeInquiryList2
0671084,울산북구노인복지관분관,PUB-002B_노인사회활동_기관코드,https://apis.data.go.kr/B552474/OdsnCodeInquiryService2/getOdsnOrgCodeInquiryList2
0771083,메디컬건강면원협동조합,PUB-002B_노인사회활동_기관코드,https://apis.data.go.kr/B552474/OdsnCodeInquiryService2/getOdsnOrgCodeInquiryList2
1036112,강북시니어클럽,PUB-002B_노인사회활동_기관코드,https://apis.data.go.kr/B552474/OdsnCodeInquiryService2/getOdsnOrgCodeInquiryList2
1046097,사회적협동조합 정성그린,PUB-002B_노인사회활동_기관코드,https://apis.data.go.kr/B552474/OdsnCodeInquiryService2/getOdsnOrgCodeInquiryList2
1047124,(주)한신코리아,PUB-002B_노인사회활동_기관코드,https://apis.data.go.kr/B552474/OdsnCodeInquiryService2/getOdsnOrgCodeInquiryList2
0597083,(주)다오코리아,PUB-002B_노인사회활동_기관코드,https://apis.data.go.kr/B552474/OdsnCodeInquiryService2/getOdsnOrgCodeInquiryList2
0002486,중소기업기술혁신협회대전충남지회,PUB-002B_노인사회활동_기관코드,https://apis.data.go.kr/B552474/OdsnCodeInquiryService2/getOdsnOrgCodeInquiryList2
1021083,휴 사회적협동조합,PUB-002B_노인사회활동_기관코드,https://apis.data.go.kr/B552474/OdsnCodeInquiryService2/getOdsnOrgCodeInquiryList2
0708085,(재)다솜이재단,PUB-002B_노인사회활동_기관코드,https://apis.data.go.kr/B552474/OdsnCodeInquiryService2/getOdsnOrgCodeInquiryList2
0767083,(주)가보팜스,PUB-002B_노인사회활동_기관코드,https://apis.data.go.kr/B552474/OdsnCodeInquiryService2/getOdsnOrgCodeInquiryList2
0843083,고양시니어클럽(민간),PUB-002B_노인사회활동_기관코드,https://apis.data.go.kr/B552474/OdsnCodeInquiryService2/getOdsnOrgCodeInquiryList2
0893083,주식회사쎄미일렉트릭,PUB-002B_노인사회활동_기관코드,https://apis.data.go.kr/B552474/OdsnCodeInquiryService2/getOdsnOrgCodeInquiryList2
0963083,사단법인 한국사회적기업중앙협의회,PUB-002B_노인사회활동_기관코드,https://apis.data.go.kr/B552474/OdsnCodeInquiryService2/getOdsnOrgCodeInquiryList2
1040089,(주)대신능력개발취업센터,PUB-002B_노인사회활동_기관코드,https://apis.data.go.kr/B552474/OdsnCodeInquiryService2/getOdsnOrgCodeInquiryList2
0618083,(주)이가,PUB-002B_노인사회활동_기관코드,https://apis.data.go.kr/B552474/OdsnCodeInquiryService2/getOdsnOrgCodeInquiryList2
0637083,(사)대한노인회인천시서구지회 취업지원센터,PUB-002B_노인사회활동_기관코드,https://apis.data.go.kr/B552474/OdsnCodeInquiryService2/getOdsnOrgCodeInquiryList2
0747084,(사)충북경영자총협회(민간),PUB-002B_노인사회활동_기관코드,https://apis.data.go.kr/B552474/OdsnCodeInquiryService2/getOdsnOrgCodeInquiryList2
0854083,주식회사 상하식품,PUB-002B_노인사회활동_기관코드,https://apis.data.go.kr/B552474/OdsnCodeInquiryService2/getOdsnOrgCodeInquiryList2
1036125,아현실버복지관,PUB-002B_노인사회활동_기관코드,https://apis.data.go.kr/B552474/OdsnCodeInquiryService2/getOdsnOrgCodeInquiryList2
0623083,(주)현대계전,PUB-002B_노인사회활동_기관코드,https://apis.data.go.kr/B552474/OdsnCodeInquiryService2/getOdsnOrgCodeInquiryList2
0653085,보은군실버복지관,PUB-002B_노인사회활동_기관코드,https://apis.data.go.kr/B552474/OdsnCodeInquiryService2/getOdsnOrgCodeInquiryList2
0666083,문수실버복지관,PUB-002B_노인사회활동_기관코드,https://apis.data.go.kr/B552474/OdsnCodeInquiryService2/getOdsnOrgCodeInquiryList2
1042097,(주)하늘사랑,PUB-002B_노인사회활동_기관코드,https://apis.data.go.kr/B552474/OdsnCodeInquiryService2/getOdsnOrgCodeInquiryList2
0657083,전북서남상공회의소,PUB-002B_노인사회활동_기관코드,https://apis.data.go.kr/B552474/OdsnCodeInquiryService2/getOdsnOrgCodeInquiryList2
0004219,진천상공회의소(민간),PUB-002B_노인사회활동_기관코드,https://apis.data.go.kr/B552474/OdsnCodeInquiryService2/getOdsnOrgCodeInquiryList2
0811083,(주)해저식품,PUB-002B_노인사회활동_기관코드,https://apis.data.go.kr/B552474/OdsnCodeInquiryService2/getOdsnOrgCodeInquiryList2
0884083,(주)비티에스,PUB-002B_노인사회활동_기관코드,https://apis.data.go.kr/B552474/OdsnCodeInquiryService2/getOdsnOrgCodeInquiryList2
0962083,(사)충남ICT/SW기업인협회,PUB-002B_노인사회활동_기관코드,https://apis.data.go.kr/B552474/OdsnCodeInquiryService2/getOdsnOrgCodeInquiryList2
0987083,청주상공회의소(민간),PUB-002B_노인사회활동_기관코드,https://apis.data.go.kr/B552474/OdsnCodeInquiryService2/getOdsnOrgCodeInquiryList2
1040094,(주)케이씨엠엔지니어링,PUB-002B_노인사회활동_기관코드,https://apis.data.go.kr/B552474/OdsnCodeInquiryService2/getOdsnOrgCodeInquiryList2
1045097,주식회사 악티보,PUB-002B_노인사회활동_기관코드,https://apis.data.go.kr/B552474/OdsnCodeInquiryService2/getOdsnOrgCodeInquiryList2
1045102,(주)한국클래드텍,PUB-002B_노인사회활동_기관코드,https://apis.data.go.kr/B552474/OdsnCodeInquiryService2/getOdsnOrgCodeInquiryList2
1049100,수일통상(주),PUB-002B_노인사회활동_기관코드,https://apis.data.go.kr/B552474/OdsnCodeInquiryService2/getOdsnOrgCodeInquiryList2
0595083,케이잡스 여수지사,PUB-002B_노인사회활동_기관코드,https://apis.data.go.kr/B552474/OdsnCodeInquiryService2/getOdsnOrgCodeInquiryList2
0652083,부곡종합사회복지관,PUB-002B_노인사회활동_기관코드,https://apis.data.go.kr/B552474/OdsnCodeInquiryService2/getOdsnOrgCodeInquiryList2
0687085,함께걸음의료복지사회적협동조합,PUB-002B_노인사회활동_기관코드,https://apis.data.go.kr/B552474/OdsnCodeInquiryService2/getOdsnOrgCodeInquiryList2
0721083,노인직업훈련센터,PUB-002B_노인사회활동_기관코드,https://apis.data.go.kr/B552474/OdsnCodeInquiryService2/getOdsnOrgCodeInquiryList2
0001801,무주시니어클럽,PUB-002B_노인사회활동_기관코드,https://apis.data.go.kr/B552474/OdsnCodeInquiryService2/getOdsnOrgCodeInquiryList2
1014083,사단법인 함께하는한숲,PUB-002B_노인사회활동_기관코드,https://apis.data.go.kr/B552474/OdsnCodeInquiryService2/getOdsnOrgCodeInquiryList2
1047125,주식회사 더굿,PUB-002B_노인사회활동_기관코드,https://apis.data.go.kr/B552474/OdsnCodeInquiryService2/getOdsnOrgCodeInquiryList2
0632083,안산의료복지사회적협동조합,PUB-002B_노인사회활동_기관코드,https://apis.data.go.kr/B552474/OdsnCodeInquiryService2/getOdsnOrgCodeInquiryList2
0777083,(주)대륙제관,PUB-002B_노인사회활동_기관코드,https://apis.data.go.kr/B552474/OdsnCodeInquiryService2/getOdsnOrgCodeInquiryList2
0794083,의료법인 성애의료재단,PUB-002B_노인사회활동_기관코드,https://apis.data.go.kr/B552474/OdsnCodeInquiryService2/getOdsnOrgCodeInquiryList2
0806083,임하댐노인복지관,PUB-002B_노인사회활동_기관코드,https://apis.data.go.kr/B552474/OdsnCodeInquiryService2/getOdsnOrgCodeInquiryList2
0848083,(주)귀뚜라미,PUB-002B_노인사회활동_기관코드,https://apis.data.go.kr/B552474/OdsnCodeInquiryService2/getOdsnOrgCodeInquiryList2
0985083,주식회사 퍼스트인코리아 경남지사,PUB-002B_노인사회활동_기관코드,https://apis.data.go.kr/B552474/OdsnCodeInquiryService2/getOdsnOrgCodeInquiryList2
0994083,케어믹스 사회적협동조합,PUB-002B_노인사회활동_기관코드,https://apis.data.go.kr/B552474/OdsnCodeInquiryService2/getOdsnOrgCodeInquiryList2
0998083,도양노인건강복지타운 노인복지관,PUB-002B_노인사회활동_기관코드,https://apis.data.go.kr/B552474/OdsnCodeInquiryService2/getOdsnOrgCodeInquiryList2
0000524,김제노인복지센터,PUB-002B_노인사회활동_기관코드,https://apis.data.go.kr/B552474/OdsnCodeInquiryService2/getOdsnOrgCodeInquiryList2
0605083,(주)디에이비피,PUB-002B_노인사회활동_기관코드,https://apis.data.go.kr/B552474/OdsnCodeInquiryService2/getOdsnOrgCodeInquiryList2
0662083,성북노인종합복지관,PUB-002B_노인사회활동_기관코드,https://apis.data.go.kr/B552474/OdsnCodeInquiryService2/getOdsnOrgCodeInquiryList2
0685083,풍익홈,PUB-002B_노인사회활동_기관코드,https://apis.data.go.kr/B552474/OdsnCodeInquiryService2/getOdsnOrgCodeInquiryList2
0686083,풍익홈,PUB-002B_노인사회활동_기관코드,https://apis.data.go.kr/B552474/OdsnCodeInquiryService2/getOdsnOrgCodeInquiryList2
0734083,(사)한국노인의전화 대전지회,PUB-002B_노인사회활동_기관코드,https://apis.data.go.kr/B552474/OdsnCodeInquiryService2/getOdsnOrgCodeInquiryList2
1003084,제주영락종합사회복지관,PUB-002B_노인사회활동_기관코드,https://apis.data.go.kr/B552474/OdsnCodeInquiryService2/getOdsnOrgCodeInquiryList2
1054099,농업회사법인 주식회사 계림농장,PUB-002B_노인사회활동_기관코드,https://apis.data.go.kr/B552474/OdsnCodeInquiryService2/getOdsnOrgCodeInquiryList2
0736083,(주)제이엠커리어 천안지사,PUB-002B_노인사회활동_기관코드,https://apis.data.go.kr/B552474/OdsnCodeInquiryService2/getOdsnOrgCodeInquiryList2
1025083,비즈파트너스,PUB-002B_노인사회활동_기관코드,https://apis.data.go.kr/B552474/OdsnCodeInquiryService2/getOdsnOrgCodeInquiryList2
1036105,(주)지오코칭,PUB-002B_노인사회활동_기관코드,https://apis.data.go.kr/B552474/OdsnCodeInquiryService2/getOdsnOrgCodeInquiryList2
0002446,나주시니어클럽,PUB-002B_노인사회활동_기관코드,https://apis.data.go.kr/B552474/OdsnCodeInquiryService2/getOdsnOrgCodeInquiryList2
0887083,(주)한국종합안전연구원,PUB-002B_노인사회활동_기관코드,https://apis.data.go.kr/B552474/OdsnCodeInquiryService2/getOdsnOrgCodeInquiryList2
0913084,라이프앤커리어디자인스쿨,PUB-002B_노인사회활동_기관코드,https://apis.data.go.kr/B552474/OdsnCodeInquiryService2/getOdsnOrgCodeInquiryList2
0928083,부천시근로자종합복지관,PUB-002B_노인사회활동_기관코드,https://apis.data.go.kr/B552474/OdsnCodeInquiryService2/getOdsnOrgCodeInquiryList2
0934083,성내종합사회복지관,PUB-002B_노인사회활동_기관코드,https://apis.data.go.kr/B552474/OdsnCodeInquiryService2/getOdsnOrgCodeInquiryList2
1029083,부산도시철도운영서비스(주),PUB-002B_노인사회활동_기관코드,https://apis.data.go.kr/B552474/OdsnCodeInquiryService2/getOdsnOrgCodeInquiryList2
1040099,주식회사 동성산업,PUB-002B_노인사회활동_기관코드,https://apis.data.go.kr/B552474/OdsnCodeInquiryService2/getOdsnOrgCodeInquiryList2
0002682,금산연탄은행(동그라미빨래방),PUB-002B_노인사회활동_기관코드,https://apis.data.go.kr/B552474/OdsnCodeInquiryService2/getOdsnOrgCodeInquiryList2
1049107,제주느영나영시니어클럽(청주),PUB-002B_노인사회활동_기관코드,https://apis.data.go.kr/B552474/OdsnCodeInquiryService2/getOdsnOrgCodeInquiryList2
0924083,사회적협동조합 전주도우누리,PUB-002B_노인사회활동_기관코드,https://apis.data.go.kr/B552474/OdsnCodeInquiryService2/getOdsnOrgCodeInquiryList2
1012083,대호관광개발(주),PUB-002B_노인사회활동_기관코드,https://apis.data.go.kr/B552474/OdsnCodeInquiryService2/getOdsnOrgCodeInquiryList2
1036104,(주)신한서브,PUB-002B_노인사회활동_기관코드,https://apis.data.go.kr/B552474/OdsnCodeInquiryService2/getOdsnOrgCodeInquiryList2
0668083,약수노인종합복지관(X),PUB-002B_노인사회활동_기관코드,https://apis.data.go.kr/B552474/OdsnCodeInquiryService2/getOdsnOrgCodeInquiryList2
0001052,명지노인복지센터,PUB-002B_노인사회활동_기관코드,https://apis.data.go.kr/B552474/OdsnCodeInquiryService2/getOdsnOrgCodeInquiryList2
0804083,이천시 청미노인복지관,PUB-002B_노인사회활동_기관코드,https://apis.data.go.kr/B552474/OdsnCodeInquiryService2/getOdsnOrgCodeInquiryList2
1036093,우리노인재가센터,PUB-002B_노인사회활동_기관코드,https://apis.data.go.kr/B552474/OdsnCodeInquiryService2/getOdsnOrgCodeInquiryList2
0568083,가족사랑재가복지센터,PUB-002B_노인사회활동_기관코드,https://apis.data.go.kr/B552474/OdsnCodeInquiryService2/getOdsnOrgCodeInquiryList2
0584084,남동시니어클럽,PUB-002B_노인사회활동_기관코드,https://apis.data.go.kr/B552474/OdsnCodeInquiryService2/getOdsnOrgCodeInquiryList2
0592083,사단법인 일과 사람,PUB-002B_노인사회활동_기관코드,https://apis.data.go.kr/B552474/OdsnCodeInquiryService2/getOdsnOrgCodeInquiryList2
0619083,시흥노인대학,PUB-002B_노인사회활동_기관코드,https://apis.data.go.kr/B552474/OdsnCodeInquiryService2/getOdsnOrgCodeInquiryList2
0822086,한길회계법인,PUB-002B_노인사회활동_기관코드,https://apis.data.go.kr/B552474/OdsnCodeInquiryService2/getOdsnOrgCodeInquiryList2
0835083,(주)리부트코리아 청주센터(민간),PUB-002B_노인사회활동_기관코드,https://apis.data.go.kr/B552474/OdsnCodeInquiryService2/getOdsnOrgCodeInquiryList2
0873083,(주)한라고속관광,PUB-002B_노인사회활동_기관코드,https://apis.data.go.kr/B552474/OdsnCodeInquiryService2/getOdsnOrgCodeInquiryList2
0651084,중구노인복지관분관,PUB-002B_노인사회활동_기관코드,https://apis.data.go.kr/B552474/OdsnCodeInquiryService2/getOdsnOrgCodeInquiryList2
0748083,(주)메이크인 성남지사,PUB-002B_노인사회활동_기관코드,https://apis.data.go.kr/B552474/OdsnCodeInquiryService2/getOdsnOrgCodeInquiryList2
0801083,한국생명존중희망재단,PUB-002B_노인사회활동_기관코드,https://apis.data.go.kr/B552474/OdsnCodeInquiryService2/getOdsnOrgCodeInquiryList2
0000843,대한노인회 전북 완주군지회,PUB-002B_노인사회활동_기관코드,https://apis.data.go.kr/B552474/OdsnCodeInquiryService2/getOdsnOrgCodeInquiryList2
0803083,진성로프 주식회사,PUB-002B_노인사회활동_기관코드,https://apis.data.go.kr/B552474/OdsnCodeInquiryService2/getOdsnOrgCodeInquiryList2
0862083,(주)한국정보기술단,PUB-002B_노인사회활동_기관코드,https://apis.data.go.kr/B552474/OdsnCodeInquiryService2/getOdsnOrgCodeInquiryList2
0969083,전주일하는실버클럽,PUB-002B_노인사회활동_기관코드,https://apis.data.go.kr/B552474/OdsnCodeInquiryService2/getOdsnOrgCodeInquiryList2
0001343,(사)대한노인회 인천미추홀구지회,PUB-002B_노인사회활동_기관코드,https://apis.data.go.kr/B552474/OdsnCodeInquiryService2/getOdsnOrgCodeInquiryList2
0634083,수원의료복지사회적협동조합,PUB-002B_노인사회활동_기관코드,https://apis.data.go.kr/B552474/OdsnCodeInquiryService2/getOdsnOrgCodeInquiryList2
0861083,(주)종합건축사사무소가람건축,PUB-002B_노인사회활동_기관코드,https://apis.data.go.kr/B552474/OdsnCodeInquiryService2/getOdsnOrgCodeInquiryList2
0947083,광주의료복지 사회적협동조합,PUB-002B_노인사회활동_기관코드,https://apis.data.go.kr/B552474/OdsnCodeInquiryService2/getOdsnOrgCodeInquiryList2
1036090,영광시니어클럽(지자체),PUB-002B_노인사회활동_기관코드,https://apis.data.go.kr/B552474/OdsnCodeInquiryService2/getOdsnOrgCodeInquiryList2
1036095,삼각산동주민센터,PUB-002B_노인사회활동_기관코드,https://apis.data.go.kr/B552474/OdsnCodeInquiryService2/getOdsnOrgCodeInquiryList2
1036098,고금면사무소,PUB-002B_노인사회활동_기관코드,https://apis.data.go.kr/B552474/OdsnCodeInquiryService2/getOdsnOrgCodeInquiryList2
0669084,광안노인복지관,PUB-002B_노인사회활동_기관코드,https://apis.data.go.kr/B552474/OdsnCodeInquiryService2/getOdsnOrgCodeInquiryList2
0740084,오산상공회의소,PUB-002B_노인사회활동_기관코드,https://apis.data.go.kr/B552474/OdsnCodeInquiryService2/getOdsnOrgCodeInquiryList2
0744084,(주)제이앤비컨설팅,PUB-002B_노인사회활동_기관코드,https://apis.data.go.kr/B552474/OdsnCodeInquiryService2/getOdsnOrgCodeInquiryList2
0002654,행복노인통합지원센터,PUB-002B_노인사회활동_기관코드,https://apis.data.go.kr/B552474/OdsnCodeInquiryService2/getOdsnOrgCodeInquiryList2
0879083,(주)성진에프에스,PUB-002B_노인사회활동_기관코드,https://apis.data.go.kr/B552474/OdsnCodeInquiryService2/getOdsnOrgCodeInquiryList2
1047123,건국노인주간보호센터,PUB-002B_노인사회활동_기관코드,https://apis.data.go.kr/B552474/OdsnCodeInquiryService2/getOdsnOrgCodeInquiryList2
0583083,대한노인회 중앙회,PUB-002B_노인사회활동_기관코드,https://apis.data.go.kr/B552474/OdsnCodeInquiryService2/getOdsnOrgCodeInquiryList2
0602083,(주)하나전력기술단,PUB-002B_노인사회활동_기관코드,https://apis.data.go.kr/B552474/OdsnCodeInquiryService2/getOdsnOrgCodeInquiryList2
0608083,대한노인회 인천 중구지회,PUB-002B_노인사회활동_기관코드,https://apis.data.go.kr/B552474/OdsnCodeInquiryService2/getOdsnOrgCodeInquiryList2
0716083,블루윙스,PUB-002B_노인사회활동_기관코드,https://apis.data.go.kr/B552474/OdsnCodeInquiryService2/getOdsnOrgCodeInquiryList2
0850084,농업회사법인 주식회사 영지,PUB-002B_노인사회활동_기관코드,https://apis.data.go.kr/B552474/OdsnCodeInquiryService2/getOdsnOrgCodeInquiryList2
0001261,대한노인회 경기 구리시지회,PUB-002B_노인사회활동_기관코드,https://apis.data.go.kr/B552474/OdsnCodeInquiryService2/getOdsnOrgCodeInquiryList2
0997083,한국노인인력개발원 전북지역본부,PUB-002B_노인사회활동_기관코드,https://apis.data.go.kr/B552474/OdsnCodeInquiryService2/getOdsnOrgCodeInquiryList2
0997084,한국노인인력개발원 제주지역본부,PUB-002B_노인사회활동_기관코드,https://apis.data.go.kr/B552474/OdsnCodeInquiryService2/getOdsnOrgCodeInquiryList2
0997085,한국노인인력개발원 경남지역본부,PUB-002B_노인사회활동_기관코드,https://apis.data.go.kr/B552474/OdsnCodeInquiryService2/getOdsnOrgCodeInquiryList2
0997086,한국노인인력개발원 취업지원부,PUB-002B_노인사회활동_기관코드,https://apis.data.go.kr/B552474/OdsnCodeInquiryService2/getOdsnOrgCodeInquiryList2
0608085,대한노인회 인천 동구지회,PUB-002B_노인사회활동_기관코드,https://apis.data.go.kr/B552474/OdsnCodeInquiryService2/getOdsnOrgCodeInquiryList2
0832087,주식회사 수진기업,PUB-002B_노인사회활동_기관코드,https://apis.data.go.kr/B552474/OdsnCodeInquiryService2/getOdsnOrgCodeInquiryList2
1047102,성북50플러스센터,PUB-002B_노인사회활동_기관코드,https://apis.data.go.kr/B552474/OdsnCodeInquiryService2/getOdsnOrgCodeInquiryList2
1049102,주식회사 레일온,PUB-002B_노인사회활동_기관코드,https://apis.data.go.kr/B552474/OdsnCodeInquiryService2/getOdsnOrgCodeInquiryList2
0881083,(주)미추홀공간지적,PUB-002B_노인사회활동_기관코드,https://apis.data.go.kr/B552474/OdsnCodeInquiryService2/getOdsnOrgCodeInquiryList2
0745083,(주)지에스씨넷 인천지점,PUB-002B_노인사회활동_기관코드,https://apis.data.go.kr/B552474/OdsnCodeInquiryService2/getOdsnOrgCodeInquiryList2
0904083,(주)남선알미늄,PUB-002B_노인사회활동_기관코드,https://apis.data.go.kr/B552474/OdsnCodeInquiryService2/getOdsnOrgCodeInquiryList2
0938083,사회적협동조합도우누리,PUB-002B_노인사회활동_기관코드,https://apis.data.go.kr/B552474/OdsnCodeInquiryService2/getOdsnOrgCodeInquiryList2
1036110,하연 사회적협동조합,PUB-002B_노인사회활동_기관코드,https://apis.data.go.kr/B552474/OdsnCodeInquiryService2/getOdsnOrgCodeInquiryList2
1036123,시흥시북부노인복지관,PUB-002B_노인사회활동_기관코드,https://apis.data.go.kr/B552474/OdsnCodeInquiryService2/getOdsnOrgCodeInquiryList2
1054101,(주)일본이화한국,PUB-002B_노인사회활동_기관코드,https://apis.data.go.kr/B552474/OdsnCodeInquiryService2/getOdsnOrgCodeInquiryList2
0570083,효사랑재가복지센터,PUB-002B_노인사회활동_기관코드,https://apis.data.go.kr/B552474/OdsnCodeInquiryService2/getOdsnOrgCodeInquiryList2
0671086,금천한내어르신복지센터,PUB-002B_노인사회활동_기관코드,https://apis.data.go.kr/B552474/OdsnCodeInquiryService2/getOdsnOrgCodeInquiryList2
0800083,(주)선일물산,PUB-002B_노인사회활동_기관코드,https://apis.data.go.kr/B552474/OdsnCodeInquiryService2/getOdsnOrgCodeInquiryList2
1040096,사단법인에스이엘안전기술원,PUB-002B_노인사회활동_기관코드,https://apis.data.go.kr/B552474/OdsnCodeInquiryService2/getOdsnOrgCodeInquiryList2
1047103,새노인운동본부,PUB-002B_노인사회활동_기관코드,https://apis.data.go.kr/B552474/OdsnCodeInquiryService2/getOdsnOrgCodeInquiryList2
0697083,사단법인인제군새마을회(2022),PUB-002B_노인사회활동_기관코드,https://apis.data.go.kr/B552474/OdsnCodeInquiryService2/getOdsnOrgCodeInquiryList2
0832088,아름다운환경건설 주식회사,PUB-002B_노인사회활동_기관코드,https://apis.data.go.kr/B552474/OdsnCodeInquiryService2/getOdsnOrgCodeInquiryList2
0850083,(주)씨엠에스마리타임,PUB-002B_노인사회활동_기관코드,https://apis.data.go.kr/B552474/OdsnCodeInquiryService2/getOdsnOrgCodeInquiryList2
0002071,용운종합사회복지관,PUB-002B_노인사회활동_기관코드,https://apis.data.go.kr/B552474/OdsnCodeInquiryService2/getOdsnOrgCodeInquiryList2
0956083,주암면행정복지센터,PUB-002B_노인사회활동_기관코드,https://apis.data.go.kr/B552474/OdsnCodeInquiryService2/getOdsnOrgCodeInquiryList2
1036087,미사노인복지관,PUB-002B_노인사회활동_기관코드,https://apis.data.go.kr/B552474/OdsnCodeInquiryService2/getOdsnOrgCodeInquiryList2
1036124,튤립인터내셔널(주),PUB-002B_노인사회활동_기관코드,https://apis.data.go.kr/B552474/OdsnCodeInquiryService2/getOdsnOrgCodeInquiryList2
1040098,김포시하천살리기추진단,PUB-002B_노인사회활동_기관코드,https://apis.data.go.kr/B552474/OdsnCodeInquiryService2/getOdsnOrgCodeInquiryList2
1049098,중앙아스콘(주),PUB-002B_노인사회활동_기관코드,https://apis.data.go.kr/B552474/OdsnCodeInquiryService2/getOdsnOrgCodeInquiryList2
1036099,주식회사 유니버셜푸드,PUB-002B_노인사회활동_기관코드,https://apis.data.go.kr/B552474/OdsnCodeInquiryService2/getOdsnOrgCodeInquiryList2
1047099,사회복지법인 행복상회,PUB-002B_노인사회활동_기관코드,https://apis.data.go.kr/B552474/OdsnCodeInquiryService2/getOdsnOrgCodeInquiryList2
1049101,(주)엠씨하이텍,PUB-002B_노인사회활동_기관코드,https://apis.data.go.kr/B552474/OdsnCodeInquiryService2/getOdsnOrgCodeInquiryList2
0608084,대한노인회 경기 여주시지회,PUB-002B_노인사회활동_기관코드,https://apis.data.go.kr/B552474/OdsnCodeInquiryService2/getOdsnOrgCodeInquiryList2
0682083,청로요양원,PUB-002B_노인사회활동_기관코드,https://apis.data.go.kr/B552474/OdsnCodeInquiryService2/getOdsnOrgCodeInquiryList2
0889083,한전에프엠에스 주식회사,PUB-002B_노인사회활동_기관코드,https://apis.data.go.kr/B552474/OdsnCodeInquiryService2/getOdsnOrgCodeInquiryList2
0955084,시니어웹수행기관,PUB-002B_노인사회활동_기관코드,https://apis.data.go.kr/B552474/OdsnCodeInquiryService2/getOdsnOrgCodeInquiryList2
1045106,(주)일진,PUB-002B_노인사회활동_기관코드,https://apis.data.go.kr/B552474/OdsnCodeInquiryService2/getOdsnOrgCodeInquiryList2
1047107,중랑구청,PUB-002B_노인사회활동_기관코드,https://apis.data.go.kr/B552474/OdsnCodeInquiryService2/getOdsnOrgCodeInquiryList2
1049103,한국금융안전(주),PUB-002B_노인사회활동_기관코드,https://apis.data.go.kr/B552474/OdsnCodeInquiryService2/getOdsnOrgCodeInquiryList2
0724083,안산의료복지사회적협동조합,PUB-002B_노인사회활동_기관코드,https://apis.data.go.kr/B552474/OdsnCodeInquiryService2/getOdsnOrgCodeInquiryList2
0000548,(사)대한노인회 의정부시지회,PUB-002B_노인사회활동_기관코드,https://apis.data.go.kr/B552474/OdsnCodeInquiryService2/getOdsnOrgCodeInquiryList2
0908084,한국에스케이에프씰 주식회사,PUB-002B_노인사회활동_기관코드,https://apis.data.go.kr/B552474/OdsnCodeInquiryService2/getOdsnOrgCodeInquiryList2
0913083,(주)킴블스,PUB-002B_노인사회활동_기관코드,https://apis.data.go.kr/B552474/OdsnCodeInquiryService2/getOdsnOrgCodeInquiryList2
1036113,문엔지니어링(주),PUB-002B_노인사회활동_기관코드,https://apis.data.go.kr/B552474/OdsnCodeInquiryService2/getOdsnOrgCodeInquiryList2
0740083,(주)지에스씨넷 부산지점,PUB-002B_노인사회활동_기관코드,https://apis.data.go.kr/B552474/OdsnCodeInquiryService2/getOdsnOrgCodeInquiryList2
0815083,남강댐노인복지관,PUB-002B_노인사회활동_기관코드,https://apis.data.go.kr/B552474/OdsnCodeInquiryService2/getOdsnOrgCodeInquiryList2
0832084,주식회사미트코리아,PUB-002B_노인사회활동_기관코드,https://apis.data.go.kr/B552474/OdsnCodeInquiryService2/getOdsnOrgCodeInquiryList2
0001397,(사)대한노인회 김해시지회,PUB-002B_노인사회활동_기관코드,https://apis.data.go.kr/B552474/OdsnCodeInquiryService2/getOdsnOrgCodeInquiryList2
0932083,고산종합사회복지관,PUB-002B_노인사회활동_기관코드,https://apis.data.go.kr/B552474/OdsnCodeInquiryService2/getOdsnOrgCodeInquiryList2
1010083,사단법인 아리새움,PUB-002B_노인사회활동_기관코드,https://apis.data.go.kr/B552474/OdsnCodeInquiryService2/getOdsnOrgCodeInquiryList2
1013083,마실생태밥상 사회적협동조합,PUB-002B_노인사회활동_기관코드,https://apis.data.go.kr/B552474/OdsnCodeInquiryService2/getOdsnOrgCodeInquiryList2
1036121,(주) 동도이엔씨,PUB-002B_노인사회활동_기관코드,https://apis.data.go.kr/B552474/OdsnCodeInquiryService2/getOdsnOrgCodeInquiryList2
1040084,주식회사 영아리환경기술,PUB-002B_노인사회활동_기관코드,https://apis.data.go.kr/B552474/OdsnCodeInquiryService2/getOdsnOrgCodeInquiryList2
0727083,포천이음사회적협동조합,PUB-002B_노인사회활동_기관코드,https://apis.data.go.kr/B552474/OdsnCodeInquiryService2/getOdsnOrgCodeInquiryList2
0760083,(주)지에스씨넷 전주지점,PUB-002B_노인사회활동_기관코드,https://apis.data.go.kr/B552474/OdsnCodeInquiryService2/getOdsnOrgCodeInquiryList2
0002751,사랑의전화마포종합사회복지관,PUB-002B_노인사회활동_기관코드,https://apis.data.go.kr/B552474/OdsnCodeInquiryService2/getOdsnOrgCodeInquiryList2
0874086,부산수영시니어클럽(창원),PUB-002B_노인사회활동_기관코드,https://apis.data.go.kr/B552474/OdsnCodeInquiryService2/getOdsnOrgCodeInquiryList2
1016083,사단법인 고양시새마을회,PUB-002B_노인사회활동_기관코드,https://apis.data.go.kr/B552474/OdsnCodeInquiryService2/getOdsnOrgCodeInquiryList2
1040090,한국기술사업화진흥협회 기술품질연구센터,PUB-002B_노인사회활동_기관코드,https://apis.data.go.kr/B552474/OdsnCodeInquiryService2/getOdsnOrgCodeInquiryList2
1040095,삼정비알,PUB-002B_노인사회활동_기관코드,https://apis.data.go.kr/B552474/OdsnCodeInquiryService2/getOdsnOrgCodeInquiryList2
1045103,도시철도협동조합,PUB-002B_노인사회활동_기관코드,https://apis.data.go.kr/B552474/OdsnCodeInquiryService2/getOdsnOrgCodeInquiryList2
1045104,(주)제이컴인터내셔널,PUB-002B_노인사회활동_기관코드,https://apis.data.go.kr/B552474/OdsnCodeInquiryService2/getOdsnOrgCodeInquiryList2
0584083,남동시니어클럽,PUB-002B_노인사회활동_기관코드,https://apis.data.go.kr/B552474/OdsnCodeInquiryService2/getOdsnOrgCodeInquiryList2
0633083,관악정다운의료복지사회적협동조합,PUB-002B_노인사회활동_기관코드,https://apis.data.go.kr/B552474/OdsnCodeInquiryService2/getOdsnOrgCodeInquiryList2
0848084,(주)태조엔지니어링,PUB-002B_노인사회활동_기관코드,https://apis.data.go.kr/B552474/OdsnCodeInquiryService2/getOdsnOrgCodeInquiryList2
0000311,춘천시청 복지국 고령사회정책과,PUB-002B_노인사회활동_기관코드,https://apis.data.go.kr/B552474/OdsnCodeInquiryService2/getOdsnOrgCodeInquiryList2
1009083,서울중구시니어클럽,PUB-002B_노인사회활동_기관코드,https://apis.data.go.kr/B552474/OdsnCodeInquiryService2/getOdsnOrgCodeInquiryList2
1047113,부산사상시니어클럽(민간),PUB-002B_노인사회활동_기관코드,https://apis.data.go.kr/B552474/OdsnCodeInquiryService2/getOdsnOrgCodeInquiryList2
1047115,울산북구시니어클럽(민간),PUB-002B_노인사회활동_기관코드,https://apis.data.go.kr/B552474/OdsnCodeInquiryService2/getOdsnOrgCodeInquiryList2
0669087,당진북부사회복지관,PUB-002B_노인사회활동_기관코드,https://apis.data.go.kr/B552474/OdsnCodeInquiryService2/getOdsnOrgCodeInquiryList2
0784083,(주)건진이앤씨,PUB-002B_노인사회활동_기관코드,https://apis.data.go.kr/B552474/OdsnCodeInquiryService2/getOdsnOrgCodeInquiryList2
0836083,사회적협동조합 사람과사람,PUB-002B_노인사회활동_기관코드,https://apis.data.go.kr/B552474/OdsnCodeInquiryService2/getOdsnOrgCodeInquiryList2
1027083,한국자재산업(주),PUB-002B_노인사회활동_기관코드,https://apis.data.go.kr/B552474/OdsnCodeInquiryService2/getOdsnOrgCodeInquiryList2
0000805,대한노인회 경기 수원시 영통구지회,PUB-002B_노인사회활동_기관코드,https://apis.data.go.kr/B552474/OdsnCodeInquiryService2/getOdsnOrgCodeInquiryList2
0002803,함지노인복지관,PUB-002B_노인사회활동_기관코드,https://apis.data.go.kr/B552474/OdsnCodeInquiryService2/getOdsnOrgCodeInquiryList2
0868083,(주)한신기계,PUB-002B_노인사회활동_기관코드,https://apis.data.go.kr/B552474/OdsnCodeInquiryService2/getOdsnOrgCodeInquiryList2
1003085,북원노인종합복지관,PUB-002B_노인사회활동_기관코드,https://apis.data.go.kr/B552474/OdsnCodeInquiryService2/getOdsnOrgCodeInquiryList2
1007083,삼남읍행정복지센터,PUB-002B_노인사회활동_기관코드,https://apis.data.go.kr/B552474/OdsnCodeInquiryService2/getOdsnOrgCodeInquiryList2
1036097,(주)씨월드,PUB-002B_노인사회활동_기관코드,https://apis.data.go.kr/B552474/OdsnCodeInquiryService2/getOdsnOrgCodeInquiryList2
1045098,주식회사 기조,PUB-002B_노인사회활동_기관코드,https://apis.data.go.kr/B552474/OdsnCodeInquiryService2/getOdsnOrgCodeInquiryList2
1054100,주식회사 하나에스디,PUB-002B_노인사회활동_기관코드,https://apis.data.go.kr/B552474/OdsnCodeInquiryService2/getOdsnOrgCodeInquiryList2
0709083,부평구노인인력개발센터,PUB-002B_노인사회활동_기관코드,https://apis.data.go.kr/B552474/OdsnCodeInquiryService2/getOdsnOrgCodeInquiryList2
0783083,영농조합법인 팔공김치,PUB-002B_노인사회활동_기관코드,https://apis.data.go.kr/B552474/OdsnCodeInquiryService2/getOdsnOrgCodeInquiryList2
0983083,공주시니어클럽(지자체),PUB-002B_노인사회활동_기관코드,https://apis.data.go.kr/B552474/OdsnCodeInquiryService2/getOdsnOrgCodeInquiryList2
1040092,포천시니어클럽,PUB-002B_노인사회활동_기관코드,https://apis.data.go.kr/B552474/OdsnCodeInquiryService2/getOdsnOrgCodeInquiryList2
0669083,파랑새종합사회복지관,PUB-002B_노인사회활동_기관코드,https://apis.data.go.kr/B552474/OdsnCodeInquiryService2/getOdsnOrgCodeInquiryList2
0747083,인크루트 주식회사,PUB-002B_노인사회활동_기관코드,https://apis.data.go.kr/B552474/OdsnCodeInquiryService2/getOdsnOrgCodeInquiryList2
0750083,(주)메이크인 안양지사,PUB-002B_노인사회활동_기관코드,https://apis.data.go.kr/B552474/OdsnCodeInquiryService2/getOdsnOrgCodeInquiryList2
0002881,벤처기업협회대구경북지회,PUB-002B_노인사회활동_기관코드,https://apis.data.go.kr/B552474/OdsnCodeInquiryService2/getOdsnOrgCodeInquiryList2
0799083,유한회사 빛고운도예,PUB-002B_노인사회활동_기관코드,https://apis.data.go.kr/B552474/OdsnCodeInquiryService2/getOdsnOrgCodeInquiryList2
0922083,상하북종합사회복지관,PUB-002B_노인사회활동_기관코드,https://apis.data.go.kr/B552474/OdsnCodeInquiryService2/getOdsnOrgCodeInquiryList2
1046100,미래고용혁신센터,PUB-002B_노인사회활동_기관코드,https://apis.data.go.kr/B552474/OdsnCodeInquiryService2/getOdsnOrgCodeInquiryList2
1049097,(주)진하엔지니어링,PUB-002B_노인사회활동_기관코드,https://apis.data.go.kr/B552474/OdsnCodeInquiryService2/getOdsnOrgCodeInquiryList2
0808083,시니어클럽,PUB-002B_노인사회활동_기관코드,https://apis.data.go.kr/B552474/OdsnCodeInquiryService2/getOdsnOrgCodeInquiryList2
0000922,청주상당시니어클럽,PUB-002B_노인사회활동_기관코드,https://apis.data.go.kr/B552474/OdsnCodeInquiryService2/getOdsnOrgCodeInquiryList2
1036086,장성시니어클럽,PUB-002B_노인사회활동_기관코드,https://apis.data.go.kr/B552474/OdsnCodeInquiryService2/getOdsnOrgCodeInquiryList2
0001662,새마을운동광양시지회,PUB-002B_노인사회활동_기관코드,https://apis.data.go.kr/B552474/OdsnCodeInquiryService2/getOdsnOrgCodeInquiryList2
1046098,동백꽃노인종합복지관,PUB-002B_노인사회활동_기관코드,https://apis.data.go.kr/B552474/OdsnCodeInquiryService2/getOdsnOrgCodeInquiryList2
0612083,(주)경원고속관광,PUB-002B_노인사회활동_기관코드,https://apis.data.go.kr/B552474/OdsnCodeInquiryService2/getOdsnOrgCodeInquiryList2
0754083,혁신과미래 사회적협동조합,PUB-002B_노인사회활동_기관코드,https://apis.data.go.kr/B552474/OdsnCodeInquiryService2/getOdsnOrgCodeInquiryList2
0792083,주식회사 케이알엔지니어링,PUB-002B_노인사회활동_기관코드,https://apis.data.go.kr/B552474/OdsnCodeInquiryService2/getOdsnOrgCodeInquiryList2
0810083,주식회사 나도쉐프,PUB-002B_노인사회활동_기관코드,https://apis.data.go.kr/B552474/OdsnCodeInquiryService2/getOdsnOrgCodeInquiryList2
0832092,주식회사 금오시설안전,PUB-002B_노인사회활동_기관코드,https://apis.data.go.kr/B552474/OdsnCodeInquiryService2/getOdsnOrgCodeInquiryList2
0001373,사단법인 굿실버복지회,PUB-002B_노인사회활동_기관코드,https://apis.data.go.kr/B552474/OdsnCodeInquiryService2/getOdsnOrgCodeInquiryList2
1040085,갈마노인복지관,PUB-002B_노인사회활동_기관코드,https://apis.data.go.kr/B552474/OdsnCodeInquiryService2/getOdsnOrgCodeInquiryList2
1040093,주식회사 서진푸드,PUB-002B_노인사회활동_기관코드,https://apis.data.go.kr/B552474/OdsnCodeInquiryService2/getOdsnOrgCodeInquiryList2
1042100,주식회사 상상우리(시범),PUB-002B_노인사회활동_기관코드,https://apis.data.go.kr/B552474/OdsnCodeInquiryService2/getOdsnOrgCodeInquiryList2
1047118,서브온 주식회사,PUB-002B_노인사회활동_기관코드,https://apis.data.go.kr/B552474/OdsnCodeInquiryService2/getOdsnOrgCodeInquiryList2
1047119,남구노인복지관,PUB-002B_노인사회활동_기관코드,https://apis.data.go.kr/B552474/OdsnCodeInquiryService2/getOdsnOrgCodeInquiryList2
0598083,(주)델디아,PUB-002B_노인사회활동_기관코드,https://apis.data.go.kr/B552474/OdsnCodeInquiryService2/getOdsnOrgCodeInquiryList2
0658083,해남노인종합복지관,PUB-002B_노인사회활동_기관코드,https://apis.data.go.kr/B552474/OdsnCodeInquiryService2/getOdsnOrgCodeInquiryList2
0721084,입암면사무소,PUB-002B_노인사회활동_기관코드,https://apis.data.go.kr/B552474/OdsnCodeInquiryService2/getOdsnOrgCodeInquiryList2
0788084,주식회사 에코플러스,PUB-002B_노인사회활동_기관코드,https://apis.data.go.kr/B552474/OdsnCodeInquiryService2/getOdsnOrgCodeInquiryList2
0869083,주신수산식품 주식회사,PUB-002B_노인사회활동_기관코드,https://apis.data.go.kr/B552474/OdsnCodeInquiryService2/getOdsnOrgCodeInquiryList2
0886085,서울시니어클럽협회(경기),PUB-002B_노인사회활동_기관코드,https://apis.data.go.kr/B552474/OdsnCodeInquiryService2/getOdsnOrgCodeInquiryList2
0941083,희망복지봉사단,PUB-002B_노인사회활동_기관코드,https://apis.data.go.kr/B552474/OdsnCodeInquiryService2/getOdsnOrgCodeInquiryList2
0970083,일드림사회적협동조합,PUB-002B_노인사회활동_기관코드,https://apis.data.go.kr/B552474/OdsnCodeInquiryService2/getOdsnOrgCodeInquiryList2
0002411,모충동주민센터,PUB-002B_노인사회활동_기관코드,https://apis.data.go.kr/B552474/OdsnCodeInquiryService2/getOdsnOrgCodeInquiryList2
0001735,청주시니어클럽,PUB-002B_노인사회활동_기관코드,https://apis.data.go.kr/B552474/OdsnCodeInquiryService2/getOdsnOrgCodeInquiryList2
1036119,대한노인회미추홀구지회 취업지원센터,PUB-002B_노인사회활동_기관코드,https://apis.data.go.kr/B552474/OdsnCodeInquiryService2/getOdsnOrgCodeInquiryList2
1040087,한국시니어클럽협회(직속),PUB-002B_노인사회활동_기관코드,https://apis.data.go.kr/B552474/OdsnCodeInquiryService2/getOdsnOrgCodeInquiryList2
1047110,휴먼커리어네트워크센터,PUB-002B_노인사회활동_기관코드,https://apis.data.go.kr/B552474/OdsnCodeInquiryService2/getOdsnOrgCodeInquiryList2
1047116,동두천시니어클럽,PUB-002B_노인사회활동_기관코드,https://apis.data.go.kr/B552474/OdsnCodeInquiryService2/getOdsnOrgCodeInquiryList2
1049104,주식회사 티비산업,PUB-002B_노인사회활동_기관코드,https://apis.data.go.kr/B552474/OdsnCodeInquiryService2/getOdsnOrgCodeInquiryList2
1052097,모든툴앤핏,PUB-002B_노인사회활동_기관코드,https://apis.data.go.kr/B552474/OdsnCodeInquiryService2/getOdsnOrgCodeInquiryList2
0616083,정우 농업회사법인(주),PUB-002B_노인사회활동_기관코드,https://apis.data.go.kr/B552474/OdsnCodeInquiryService2/getOdsnOrgCodeInquiryList2
0759083,(주)우리식품,PUB-002B_노인사회활동_기관코드,https://apis.data.go.kr/B552474/OdsnCodeInquiryService2/getOdsnOrgCodeInquiryList2
0832086,(주)창대피엔비,PUB-002B_노인사회활동_기관코드,https://apis.data.go.kr/B552474/OdsnCodeInquiryService2/getOdsnOrgCodeInquiryList2
0832090,골든팩키지주식회사,PUB-002B_노인사회활동_기관코드,https://apis.data.go.kr/B552474/OdsnCodeInquiryService2/getOdsnOrgCodeInquiryList2
0851083,나누리사회적협동조합,PUB-002B_노인사회활동_기관코드,https://apis.data.go.kr/B552474/OdsnCodeInquiryService2/getOdsnOrgCodeInquiryList2
0001848,수정중앙노인종합복지관,PUB-002B_노인사회활동_기관코드,https://apis.data.go.kr/B552474/OdsnCodeInquiryService2/getOdsnOrgCodeInquiryList2
0001318,대한노인회 울산 중구지회,PUB-002B_노인사회활동_기관코드,https://apis.data.go.kr/B552474/OdsnCodeInquiryService2/getOdsnOrgCodeInquiryList2
0917083,군위재가노인돌봄센터,PUB-002B_노인사회활동_기관코드,https://apis.data.go.kr/B552474/OdsnCodeInquiryService2/getOdsnOrgCodeInquiryList2
0917084,군위군청(대구),PUB-002B_노인사회활동_기관코드,https://apis.data.go.kr/B552474/OdsnCodeInquiryService2/getOdsnOrgCodeInquiryList2
1022083,산내종합사회복지관,PUB-002B_노인사회활동_기관코드,https://apis.data.go.kr/B552474/OdsnCodeInquiryService2/getOdsnOrgCodeInquiryList2
1023084,금촌1동 ,PUB-002B_노인사회활동_기관코드,https://apis.data.go.kr/B552474/OdsnCodeInquiryService2/getOdsnOrgCodeInquiryList2
1045100,프린스페이퍼(주),PUB-002B_노인사회활동_기관코드,https://apis.data.go.kr/B552474/OdsnCodeInquiryService2/getOdsnOrgCodeInquiryList2
1046101,노인복지센터다올,PUB-002B_노인사회활동_기관코드,https://apis.data.go.kr/B552474/OdsnCodeInquiryService2/getOdsnOrgCodeInquiryList2
0656084,사하사랑채노인복지관,PUB-002B_노인사회활동_기관코드,https://apis.data.go.kr/B552474/OdsnCodeInquiryService2/getOdsnOrgCodeInquiryList2
0000566,대구대덕노인종합복지관,PUB-002B_노인사회활동_기관코드,https://apis.data.go.kr/B552474/OdsnCodeInquiryService2/getOdsnOrgCodeInquiryList2
0832085,유정시스템(주),PUB-002B_노인사회활동_기관코드,https://apis.data.go.kr/B552474/OdsnCodeInquiryService2/getOdsnOrgCodeInquiryList2
0921084,주식회사 디아이티,PUB-002B_노인사회활동_기관코드,https://apis.data.go.kr/B552474/OdsnCodeInquiryService2/getOdsnOrgCodeInquiryList2
0954083, 여수시청,PUB-002B_노인사회활동_기관코드,https://apis.data.go.kr/B552474/OdsnCodeInquiryService2/getOdsnOrgCodeInquiryList2
1006083,구립 수락노인종합복지관,PUB-002B_노인사회활동_기관코드,https://apis.data.go.kr/B552474/OdsnCodeInquiryService2/getOdsnOrgCodeInquiryList2
0002815,강북노인복지관,PUB-002B_노인사회활동_기관코드,https://apis.data.go.kr/B552474/OdsnCodeInquiryService2/getOdsnOrgCodeInquiryList2
1047097,반딧불사회적협동조합,PUB-002B_노인사회활동_기관코드,https://apis.data.go.kr/B552474/OdsnCodeInquiryService2/getOdsnOrgCodeInquiryList2
1047109,주식회사 아이피시 관악지사,PUB-002B_노인사회활동_기관코드,https://apis.data.go.kr/B552474/OdsnCodeInquiryService2/getOdsnOrgCodeInquiryList2
1054097,대선이엔씨(주),PUB-002B_노인사회활동_기관코드,https://apis.data.go.kr/B552474/OdsnCodeInquiryService2/getOdsnOrgCodeInquiryList2
0598084,전일목재산업(주),PUB-002B_노인사회활동_기관코드,https://apis.data.go.kr/B552474/OdsnCodeInquiryService2/getOdsnOrgCodeInquiryList2
0605085,(주)청아굿푸드,PUB-002B_노인사회활동_기관코드,https://apis.data.go.kr/B552474/OdsnCodeInquiryService2/getOdsnOrgCodeInquiryList2
0792084,(주)케이씨에이,PUB-002B_노인사회활동_기관코드,https://apis.data.go.kr/B552474/OdsnCodeInquiryService2/getOdsnOrgCodeInquiryList2
0002912,종촌종합복지센터 종합사회복지관,PUB-002B_노인사회활동_기관코드,https://apis.data.go.kr/B552474/OdsnCodeInquiryService2/getOdsnOrgCodeInquiryList2
0931083,원미마을관리사회적협동조합,PUB-002B_노인사회활동_기관코드,https://apis.data.go.kr/B552474/OdsnCodeInquiryService2/getOdsnOrgCodeInquiryList2
1036083,에스와이씨앤씨(주),PUB-002B_노인사회활동_기관코드,https://apis.data.go.kr/B552474/OdsnCodeInquiryService2/getOdsnOrgCodeInquiryList2
1036107,스탭스 주식회사 부산동부센터,PUB-002B_노인사회활동_기관코드,https://apis.data.go.kr/B552474/OdsnCodeInquiryService2/getOdsnOrgCodeInquiryList2
1036120,미리내실버타운,PUB-002B_노인사회활동_기관코드,https://apis.data.go.kr/B552474/OdsnCodeInquiryService2/getOdsnOrgCodeInquiryList2
1036127,남양주시다산노인복지관,PUB-002B_노인사회활동_기관코드,https://apis.data.go.kr/B552474/OdsnCodeInquiryService2/getOdsnOrgCodeInquiryList2
1047098,재단법인 중랑문화재단,PUB-002B_노인사회활동_기관코드,https://apis.data.go.kr/B552474/OdsnCodeInquiryService2/getOdsnOrgCodeInquiryList2
0659083,청주서원노인복지관,PUB-002B_노인사회활동_기관코드,https://apis.data.go.kr/B552474/OdsnCodeInquiryService2/getOdsnOrgCodeInquiryList2
0002612,부산해운대시니어클럽,PUB-002B_노인사회활동_기관코드,https://apis.data.go.kr/B552474/OdsnCodeInquiryService2/getOdsnOrgCodeInquiryList2
0927083,큰나루종합사회복지관,PUB-002B_노인사회활동_기관코드,https://apis.data.go.kr/B552474/OdsnCodeInquiryService2/getOdsnOrgCodeInquiryList2
0949083,사단법인 통영YWCA,PUB-002B_노인사회활동_기관코드,https://apis.data.go.kr/B552474/OdsnCodeInquiryService2/getOdsnOrgCodeInquiryList2
0979083,(주)가이드잡 부산북부지사,PUB-002B_노인사회활동_기관코드,https://apis.data.go.kr/B552474/OdsnCodeInquiryService2/getOdsnOrgCodeInquiryList2
0986083,(주)강한스틸,PUB-002B_노인사회활동_기관코드,https://apis.data.go.kr/B552474/OdsnCodeInquiryService2/getOdsnOrgCodeInquiryList2
1039113,충주문화시니어클럽,PUB-002B_노인사회활동_기관코드,https://apis.data.go.kr/B552474/OdsnCodeInquiryService2/getOdsnOrgCodeInquiryList2
1042088,소풍노인복지센터,PUB-002B_노인사회활동_기관코드,https://apis.data.go.kr/B552474/OdsnCodeInquiryService2/getOdsnOrgCodeInquiryList2
1044110,주식회사 휴브리스,PUB-002B_노인사회활동_기관코드,https://apis.data.go.kr/B552474/OdsnCodeInquiryService2/getOdsnOrgCodeInquiryList2
0693083,(주)풍요로움,PUB-002B_노인사회활동_기관코드,https://apis.data.go.kr/B552474/OdsnCodeInquiryService2/getOdsnOrgCodeInquiryList2
0002386,목포이랜드노인복지관,PUB-002B_노인사회활동_기관코드,https://apis.data.go.kr/B552474/OdsnCodeInquiryService2/getOdsnOrgCodeInquiryList2
1033083,강원도지체장애인협회 양양군지회,PUB-002B_노인사회활동_기관코드,https://apis.data.go.kr/B552474/OdsnCodeInquiryService2/getOdsnOrgCodeInquiryList2
1039131,주식회사 천우,PUB-002B_노인사회활동_기관코드,https://apis.data.go.kr/B552474/OdsnCodeInquiryService2/getOdsnOrgCodeInquiryList2
1039135,주식회사성보기업,PUB-002B_노인사회활동_기관코드,https://apis.data.go.kr/B552474/OdsnCodeInquiryService2/getOdsnOrgCodeInquiryList2
1053100,(주)현대화섬,PUB-002B_노인사회활동_기관코드,https://apis.data.go.kr/B552474/OdsnCodeInquiryService2/getOdsnOrgCodeInquiryList2
0002577,세종도덕노인복지센터,PUB-002B_노인사회활동_기관코드,https://apis.data.go.kr/B552474/OdsnCodeInquiryService2/getOdsnOrgCodeInquiryList2
0791088,(주)농업회사법인 팜월드,PUB-002B_노인사회활동_기관코드,https://apis.data.go.kr/B552474/OdsnCodeInquiryService2/getOdsnOrgCodeInquiryList2
0849083,디에스메탈 주식회사,PUB-002B_노인사회활동_기관코드,https://apis.data.go.kr/B552474/OdsnCodeInquiryService2/getOdsnOrgCodeInquiryList2
0903083,(주)삼영시스템,PUB-002B_노인사회활동_기관코드,https://apis.data.go.kr/B552474/OdsnCodeInquiryService2/getOdsnOrgCodeInquiryList2
0000413,청도군청 사회보장과,PUB-002B_노인사회활동_기관코드,https://apis.data.go.kr/B552474/OdsnCodeInquiryService2/getOdsnOrgCodeInquiryList2
1037088,살림의료복지사회적협동조합,PUB-002B_노인사회활동_기관코드,https://apis.data.go.kr/B552474/OdsnCodeInquiryService2/getOdsnOrgCodeInquiryList2
0001147,작은꽃재가노인지원서비스센터,PUB-002B_노인사회활동_기관코드,https://apis.data.go.kr/B552474/OdsnCodeInquiryService2/getOdsnOrgCodeInquiryList2
1050104,칠갑농산 주식회사,PUB-002B_노인사회활동_기관코드,https://apis.data.go.kr/B552474/OdsnCodeInquiryService2/getOdsnOrgCodeInquiryList2
0610087,(주)한성에프엔씨,PUB-002B_노인사회활동_기관코드,https://apis.data.go.kr/B552474/OdsnCodeInquiryService2/getOdsnOrgCodeInquiryList2
0720084,사단법인 전북창업공유지원단,PUB-002B_노인사회활동_기관코드,https://apis.data.go.kr/B552474/OdsnCodeInquiryService2/getOdsnOrgCodeInquiryList2
0000920,대한노인회 순창군지회,PUB-002B_노인사회활동_기관코드,https://apis.data.go.kr/B552474/OdsnCodeInquiryService2/getOdsnOrgCodeInquiryList2
1035083,사)한국지체장애인협회 강원협회 양양군지회,PUB-002B_노인사회활동_기관코드,https://apis.data.go.kr/B552474/OdsnCodeInquiryService2/getOdsnOrgCodeInquiryList2
1038084,예사랑노인요양원,PUB-002B_노인사회활동_기관코드,https://apis.data.go.kr/B552474/OdsnCodeInquiryService2/getOdsnOrgCodeInquiryList2
0639083,노인복지관 반여분관,PUB-002B_노인사회활동_기관코드,https://apis.data.go.kr/B552474/OdsnCodeInquiryService2/getOdsnOrgCodeInquiryList2
0641083,(사)서울고용포럼,PUB-002B_노인사회활동_기관코드,https://apis.data.go.kr/B552474/OdsnCodeInquiryService2/getOdsnOrgCodeInquiryList2
0775083,열매어린이집,PUB-002B_노인사회활동_기관코드,https://apis.data.go.kr/B552474/OdsnCodeInquiryService2/getOdsnOrgCodeInquiryList2
0833086,정원도시안전진단 주식회사,PUB-002B_노인사회활동_기관코드,https://apis.data.go.kr/B552474/OdsnCodeInquiryService2/getOdsnOrgCodeInquiryList2
0895083,코즈 사회적협동조합,PUB-002B_노인사회활동_기관코드,https://apis.data.go.kr/B552474/OdsnCodeInquiryService2/getOdsnOrgCodeInquiryList2
0002829,금강복지센터,PUB-002B_노인사회활동_기관코드,https://apis.data.go.kr/B552474/OdsnCodeInquiryService2/getOdsnOrgCodeInquiryList2
0630083,사단법인 서울광진의류협회,PUB-002B_노인사회활동_기관코드,https://apis.data.go.kr/B552474/OdsnCodeInquiryService2/getOdsnOrgCodeInquiryList2
0000978,몰운대종합사회복지관,PUB-002B_노인사회활동_기관코드,https://apis.data.go.kr/B552474/OdsnCodeInquiryService2/getOdsnOrgCodeInquiryList2
0672083,모라종합사회복지관,PUB-002B_노인사회활동_기관코드,https://apis.data.go.kr/B552474/OdsnCodeInquiryService2/getOdsnOrgCodeInquiryList2
0722083,사회적협동조합 여로,PUB-002B_노인사회활동_기관코드,https://apis.data.go.kr/B552474/OdsnCodeInquiryService2/getOdsnOrgCodeInquiryList2
0833090,주식회사 길앤에스,PUB-002B_노인사회활동_기관코드,https://apis.data.go.kr/B552474/OdsnCodeInquiryService2/getOdsnOrgCodeInquiryList2
0918083,주식회사 서강,PUB-002B_노인사회활동_기관코드,https://apis.data.go.kr/B552474/OdsnCodeInquiryService2/getOdsnOrgCodeInquiryList2
1038087,사회복지법인 새로나,PUB-002B_노인사회활동_기관코드,https://apis.data.go.kr/B552474/OdsnCodeInquiryService2/getOdsnOrgCodeInquiryList2
1039112,퍼스트인잡(주)서울북부지사,PUB-002B_노인사회활동_기관코드,https://apis.data.go.kr/B552474/OdsnCodeInquiryService2/getOdsnOrgCodeInquiryList2
1039134,닥터애그(주),PUB-002B_노인사회활동_기관코드,https://apis.data.go.kr/B552474/OdsnCodeInquiryService2/getOdsnOrgCodeInquiryList2
1044148,부산기장시니어클럽,PUB-002B_노인사회활동_기관코드,https://apis.data.go.kr/B552474/OdsnCodeInquiryService2/getOdsnOrgCodeInquiryList2
1050099,미추홀시니어클럽(중구),PUB-002B_노인사회활동_기관코드,https://apis.data.go.kr/B552474/OdsnCodeInquiryService2/getOdsnOrgCodeInquiryList2
1050101,울산북구시니어클럽(중구),PUB-002B_노인사회활동_기관코드,https://apis.data.go.kr/B552474/OdsnCodeInquiryService2/getOdsnOrgCodeInquiryList2
1050103,제주시니어클럽(중구),PUB-002B_노인사회활동_기관코드,https://apis.data.go.kr/B552474/OdsnCodeInquiryService2/getOdsnOrgCodeInquiryList2
0567083,(사)한국다문화복지협회 안산지부,PUB-002B_노인사회활동_기관코드,https://apis.data.go.kr/B552474/OdsnCodeInquiryService2/getOdsnOrgCodeInquiryList2
0730083,사단법인 한국미래비전협회,PUB-002B_노인사회활동_기관코드,https://apis.data.go.kr/B552474/OdsnCodeInquiryService2/getOdsnOrgCodeInquiryList2
0805083,대야노인복지관,PUB-002B_노인사회활동_기관코드,https://apis.data.go.kr/B552474/OdsnCodeInquiryService2/getOdsnOrgCodeInquiryList2
0860083,주식회사 미성푸드,PUB-002B_노인사회활동_기관코드,https://apis.data.go.kr/B552474/OdsnCodeInquiryService2/getOdsnOrgCodeInquiryList2
1037096,착한도시사회적협동조합,PUB-002B_노인사회활동_기관코드,https://apis.data.go.kr/B552474/OdsnCodeInquiryService2/getOdsnOrgCodeInquiryList2
1039126,주식회사 세흥에스피,PUB-002B_노인사회활동_기관코드,https://apis.data.go.kr/B552474/OdsnCodeInquiryService2/getOdsnOrgCodeInquiryList2
1042087,주식회사 제이케이글로벌,PUB-002B_노인사회활동_기관코드,https://apis.data.go.kr/B552474/OdsnCodeInquiryService2/getOdsnOrgCodeInquiryList2
0590083,심온사회적협동조합,PUB-002B_노인사회활동_기관코드,https://apis.data.go.kr/B552474/OdsnCodeInquiryService2/getOdsnOrgCodeInquiryList2
0667084,월성종합사회복지관,PUB-002B_노인사회활동_기관코드,https://apis.data.go.kr/B552474/OdsnCodeInquiryService2/getOdsnOrgCodeInquiryList2
0000048,광주동구노인종합복지관,PUB-002B_노인사회활동_기관코드,https://apis.data.go.kr/B552474/OdsnCodeInquiryService2/getOdsnOrgCodeInquiryList2
0833085,(주)신영목재,PUB-002B_노인사회활동_기관코드,https://apis.data.go.kr/B552474/OdsnCodeInquiryService2/getOdsnOrgCodeInquiryList2
1044113,법동종합사회복지관,PUB-002B_노인사회활동_기관코드,https://apis.data.go.kr/B552474/OdsnCodeInquiryService2/getOdsnOrgCodeInquiryList2
0585084,대한노인회 부산연합회,PUB-002B_노인사회활동_기관코드,https://apis.data.go.kr/B552474/OdsnCodeInquiryService2/getOdsnOrgCodeInquiryList2
0631083,제주시니어클럽(민간),PUB-002B_노인사회활동_기관코드,https://apis.data.go.kr/B552474/OdsnCodeInquiryService2/getOdsnOrgCodeInquiryList2
0643083,부안실버복지관,PUB-002B_노인사회활동_기관코드,https://apis.data.go.kr/B552474/OdsnCodeInquiryService2/getOdsnOrgCodeInquiryList2
0650083,상주시노인종합복지관,PUB-002B_노인사회활동_기관코드,https://apis.data.go.kr/B552474/OdsnCodeInquiryService2/getOdsnOrgCodeInquiryList2
0677083,하동군노인장애인종합복지관,PUB-002B_노인사회활동_기관코드,https://apis.data.go.kr/B552474/OdsnCodeInquiryService2/getOdsnOrgCodeInquiryList2
0737083,주식회사 코끼리공장(부산),PUB-002B_노인사회활동_기관코드,https://apis.data.go.kr/B552474/OdsnCodeInquiryService2/getOdsnOrgCodeInquiryList2
0761085,포항일자리창출시니어클럽,PUB-002B_노인사회활동_기관코드,https://apis.data.go.kr/B552474/OdsnCodeInquiryService2/getOdsnOrgCodeInquiryList2
0782083,(주)한국환경종합건축사사무소,PUB-002B_노인사회활동_기관코드,https://apis.data.go.kr/B552474/OdsnCodeInquiryService2/getOdsnOrgCodeInquiryList2
0002485,충청남도경제진흥원,PUB-002B_노인사회활동_기관코드,https://apis.data.go.kr/B552474/OdsnCodeInquiryService2/getOdsnOrgCodeInquiryList2
0629084,부산노인자원봉사단,PUB-002B_노인사회활동_기관코드,https://apis.data.go.kr/B552474/OdsnCodeInquiryService2/getOdsnOrgCodeInquiryList2
0711083,두원기업 주식회사,PUB-002B_노인사회활동_기관코드,https://apis.data.go.kr/B552474/OdsnCodeInquiryService2/getOdsnOrgCodeInquiryList2
0844083,시흥시니어클럽(민간),PUB-002B_노인사회활동_기관코드,https://apis.data.go.kr/B552474/OdsnCodeInquiryService2/getOdsnOrgCodeInquiryList2
0942084,사랑샘노인복지센터(지자체),PUB-002B_노인사회활동_기관코드,https://apis.data.go.kr/B552474/OdsnCodeInquiryService2/getOdsnOrgCodeInquiryList2
0942085,사회적협동조합 더불어락북카페,PUB-002B_노인사회활동_기관코드,https://apis.data.go.kr/B552474/OdsnCodeInquiryService2/getOdsnOrgCodeInquiryList2
0655084,안면도노인복지관,PUB-002B_노인사회활동_기관코드,https://apis.data.go.kr/B552474/OdsnCodeInquiryService2/getOdsnOrgCodeInquiryList2
0899083,(유)온누리푸드넷,PUB-002B_노인사회활동_기관코드,https://apis.data.go.kr/B552474/OdsnCodeInquiryService2/getOdsnOrgCodeInquiryList2
0912083,이래에이엠에스(주),PUB-002B_노인사회활동_기관코드,https://apis.data.go.kr/B552474/OdsnCodeInquiryService2/getOdsnOrgCodeInquiryList2
1039094,사단법인 진주YWCA,PUB-002B_노인사회활동_기관코드,https://apis.data.go.kr/B552474/OdsnCodeInquiryService2/getOdsnOrgCodeInquiryList2
1044130,상록시니어클럽,PUB-002B_노인사회활동_기관코드,https://apis.data.go.kr/B552474/OdsnCodeInquiryService2/getOdsnOrgCodeInquiryList2
1050113,(주)푸른샘,PUB-002B_노인사회활동_기관코드,https://apis.data.go.kr/B552474/OdsnCodeInquiryService2/getOdsnOrgCodeInquiryList2
0655083,군위군노인복지관,PUB-002B_노인사회활동_기관코드,https://apis.data.go.kr/B552474/OdsnCodeInquiryService2/getOdsnOrgCodeInquiryList2
0968083,사단법인 케이아이씨티기업인협회,PUB-002B_노인사회활동_기관코드,https://apis.data.go.kr/B552474/OdsnCodeInquiryService2/getOdsnOrgCodeInquiryList2
1039086,완도군 고금면사무소,PUB-002B_노인사회활동_기관코드,https://apis.data.go.kr/B552474/OdsnCodeInquiryService2/getOdsnOrgCodeInquiryList2
1044128,새만금시니어클럽,PUB-002B_노인사회활동_기관코드,https://apis.data.go.kr/B552474/OdsnCodeInquiryService2/getOdsnOrgCodeInquiryList2
1044137,송악사회복지관,PUB-002B_노인사회활동_기관코드,https://apis.data.go.kr/B552474/OdsnCodeInquiryService2/getOdsnOrgCodeInquiryList2
1053099,(주)화성정기,PUB-002B_노인사회활동_기관코드,https://apis.data.go.kr/B552474/OdsnCodeInquiryService2/getOdsnOrgCodeInquiryList2
0610088,(주)동원글로벌,PUB-002B_노인사회활동_기관코드,https://apis.data.go.kr/B552474/OdsnCodeInquiryService2/getOdsnOrgCodeInquiryList2
0833087,한국바이오플랜트 주식회사,PUB-002B_노인사회활동_기관코드,https://apis.data.go.kr/B552474/OdsnCodeInquiryService2/getOdsnOrgCodeInquiryList2
0871083,(주)대동,PUB-002B_노인사회활동_기관코드,https://apis.data.go.kr/B552474/OdsnCodeInquiryService2/getOdsnOrgCodeInquiryList2
0961083,국민건강보험동우회사회적협동조합,PUB-002B_노인사회활동_기관코드,https://apis.data.go.kr/B552474/OdsnCodeInquiryService2/getOdsnOrgCodeInquiryList2
0995086,순창시니어클럽(민간),PUB-002B_노인사회활동_기관코드,https://apis.data.go.kr/B552474/OdsnCodeInquiryService2/getOdsnOrgCodeInquiryList2
0995087,울산중구시니어클럽(민간),PUB-002B_노인사회활동_기관코드,https://apis.data.go.kr/B552474/OdsnCodeInquiryService2/getOdsnOrgCodeInquiryList2
0995088,사회적협동조합 행복느티나무(민간),PUB-002B_노인사회활동_기관코드,https://apis.data.go.kr/B552474/OdsnCodeInquiryService2/getOdsnOrgCodeInquiryList2
0999083,도양노인건강복지타운 노인복지관,PUB-002B_노인사회활동_기관코드,https://apis.data.go.kr/B552474/OdsnCodeInquiryService2/getOdsnOrgCodeInquiryList2
1039137,주식회사 맘편한세상,PUB-002B_노인사회활동_기관코드,https://apis.data.go.kr/B552474/OdsnCodeInquiryService2/getOdsnOrgCodeInquiryList2
1050097,금정엔지니어링(주),PUB-002B_노인사회활동_기관코드,https://apis.data.go.kr/B552474/OdsnCodeInquiryService2/getOdsnOrgCodeInquiryList2
1050107,신선대감만터미널주식회사,PUB-002B_노인사회활동_기관코드,https://apis.data.go.kr/B552474/OdsnCodeInquiryService2/getOdsnOrgCodeInquiryList2
1051097,모든툴앤핏,PUB-002B_노인사회활동_기관코드,https://apis.data.go.kr/B552474/OdsnCodeInquiryService2/getOdsnOrgCodeInquiryList2
0615083,광주서구시니어클럽(민간),PUB-002B_노인사회활동_기관코드,https://apis.data.go.kr/B552474/OdsnCodeInquiryService2/getOdsnOrgCodeInquiryList2
0615084,나주시니어클럽(민간),PUB-002B_노인사회활동_기관코드,https://apis.data.go.kr/B552474/OdsnCodeInquiryService2/getOdsnOrgCodeInquiryList2
0615085,무안시니어클럽(민간),PUB-002B_노인사회활동_기관코드,https://apis.data.go.kr/B552474/OdsnCodeInquiryService2/getOdsnOrgCodeInquiryList2
0802083,청학노인복지관,PUB-002B_노인사회활동_기관코드,https://apis.data.go.kr/B552474/OdsnCodeInquiryService2/getOdsnOrgCodeInquiryList2
1037090,유앤시니어사회적협동조합,PUB-002B_노인사회활동_기관코드,https://apis.data.go.kr/B552474/OdsnCodeInquiryService2/getOdsnOrgCodeInquiryList2
1037097,영중종합사회복지관,PUB-002B_노인사회활동_기관코드,https://apis.data.go.kr/B552474/OdsnCodeInquiryService2/getOdsnOrgCodeInquiryList2
1039091,(주)신한서브,PUB-002B_노인사회활동_기관코드,https://apis.data.go.kr/B552474/OdsnCodeInquiryService2/getOdsnOrgCodeInquiryList2
1039142,양평시니어클럽,PUB-002B_노인사회활동_기관코드,https://apis.data.go.kr/B552474/OdsnCodeInquiryService2/getOdsnOrgCodeInquiryList2
1041086,케이잡스 주식회사,PUB-002B_노인사회활동_기관코드,https://apis.data.go.kr/B552474/OdsnCodeInquiryService2/getOdsnOrgCodeInquiryList2
1044131,비산노인종합복지관(일자리),PUB-002B_노인사회활동_기관코드,https://apis.data.go.kr/B552474/OdsnCodeInquiryService2/getOdsnOrgCodeInquiryList2
1053097,(주)모아이앤씨,PUB-002B_노인사회활동_기관코드,https://apis.data.go.kr/B552474/OdsnCodeInquiryService2/getOdsnOrgCodeInquiryList2
0599083,(유)충무타올,PUB-002B_노인사회활동_기관코드,https://apis.data.go.kr/B552474/OdsnCodeInquiryService2/getOdsnOrgCodeInquiryList2
0665083,소양강댐노인복지관,PUB-002B_노인사회활동_기관코드,https://apis.data.go.kr/B552474/OdsnCodeInquiryService2/getOdsnOrgCodeInquiryList2
0699083,협동조합고토,PUB-002B_노인사회활동_기관코드,https://apis.data.go.kr/B552474/OdsnCodeInquiryService2/getOdsnOrgCodeInquiryList2
0746083,시흥상공회의소,PUB-002B_노인사회활동_기관코드,https://apis.data.go.kr/B552474/OdsnCodeInquiryService2/getOdsnOrgCodeInquiryList2
0752083,제주느영나영시니어클럽,PUB-002B_노인사회활동_기관코드,https://apis.data.go.kr/B552474/OdsnCodeInquiryService2/getOdsnOrgCodeInquiryList2
0753083,수원시니어클럽(민간),PUB-002B_노인사회활동_기관코드,https://apis.data.go.kr/B552474/OdsnCodeInquiryService2/getOdsnOrgCodeInquiryList2
0757083,마포시니어클럽(민간),PUB-002B_노인사회활동_기관코드,https://apis.data.go.kr/B552474/OdsnCodeInquiryService2/getOdsnOrgCodeInquiryList2
0761084,스탭스(주)서영사무소,PUB-002B_노인사회활동_기관코드,https://apis.data.go.kr/B552474/OdsnCodeInquiryService2/getOdsnOrgCodeInquiryList2
0926084,강동종합사회복지관,PUB-002B_노인사회활동_기관코드,https://apis.data.go.kr/B552474/OdsnCodeInquiryService2/getOdsnOrgCodeInquiryList2
0940083,고창시니어스클럽,PUB-002B_노인사회활동_기관코드,https://apis.data.go.kr/B552474/OdsnCodeInquiryService2/getOdsnOrgCodeInquiryList2
0971083,(주)명은커리어 인천서부지사,PUB-002B_노인사회활동_기관코드,https://apis.data.go.kr/B552474/OdsnCodeInquiryService2/getOdsnOrgCodeInquiryList2
0875083,제주시니어클럽(대전),PUB-002B_노인사회활동_기관코드,https://apis.data.go.kr/B552474/OdsnCodeInquiryService2/getOdsnOrgCodeInquiryList2
0951083,전남장흥지역자활센터,PUB-002B_노인사회활동_기관코드,https://apis.data.go.kr/B552474/OdsnCodeInquiryService2/getOdsnOrgCodeInquiryList2
0981083,(사)춘천YWCA,PUB-002B_노인사회활동_기관코드,https://apis.data.go.kr/B552474/OdsnCodeInquiryService2/getOdsnOrgCodeInquiryList2
1039092,(주)두원잡 진주지사,PUB-002B_노인사회활동_기관코드,https://apis.data.go.kr/B552474/OdsnCodeInquiryService2/getOdsnOrgCodeInquiryList2
1039111,(대구)해피케어,PUB-002B_노인사회활동_기관코드,https://apis.data.go.kr/B552474/OdsnCodeInquiryService2/getOdsnOrgCodeInquiryList2
1041087,주식회사 에스테이트,PUB-002B_노인사회활동_기관코드,https://apis.data.go.kr/B552474/OdsnCodeInquiryService2/getOdsnOrgCodeInquiryList2
0000234,금정구청 주민복지국 복지정책과,PUB-002B_노인사회활동_기관코드,https://apis.data.go.kr/B552474/OdsnCodeInquiryService2/getOdsnOrgCodeInquiryList2
0675083,신평사랑채노인복지관,PUB-002B_노인사회활동_기관코드,https://apis.data.go.kr/B552474/OdsnCodeInquiryService2/getOdsnOrgCodeInquiryList2
0950083,주식회사 코끼리공장(부산동구),PUB-002B_노인사회활동_기관코드,https://apis.data.go.kr/B552474/OdsnCodeInquiryService2/getOdsnOrgCodeInquiryList2
1037094,기발한일자리사회적협동조합,PUB-002B_노인사회활동_기관코드,https://apis.data.go.kr/B552474/OdsnCodeInquiryService2/getOdsnOrgCodeInquiryList2
1039140,우리실버대학,PUB-002B_노인사회활동_기관코드,https://apis.data.go.kr/B552474/OdsnCodeInquiryService2/getOdsnOrgCodeInquiryList2
1044103,해동무역(주),PUB-002B_노인사회활동_기관코드,https://apis.data.go.kr/B552474/OdsnCodeInquiryService2/getOdsnOrgCodeInquiryList2
0002623,송산종합사회복지관,PUB-002B_노인사회활동_기관코드,https://apis.data.go.kr/B552474/OdsnCodeInquiryService2/getOdsnOrgCodeInquiryList2
1044152,할로마켓 두번째 봄 사회적협동조합,PUB-002B_노인사회활동_기관코드,https://apis.data.go.kr/B552474/OdsnCodeInquiryService2/getOdsnOrgCodeInquiryList2
0607083,대한노인회 인천 옹진군지회,PUB-002B_노인사회활동_기관코드,https://apis.data.go.kr/B552474/OdsnCodeInquiryService2/getOdsnOrgCodeInquiryList2
0762083,주식회사코끼리공장,PUB-002B_노인사회활동_기관코드,https://apis.data.go.kr/B552474/OdsnCodeInquiryService2/getOdsnOrgCodeInquiryList2
0791083,남동시니어클럽(민간),PUB-002B_노인사회활동_기관코드,https://apis.data.go.kr/B552474/OdsnCodeInquiryService2/getOdsnOrgCodeInquiryList2
0791084,인천계양시니어클럽(민간),PUB-002B_노인사회활동_기관코드,https://apis.data.go.kr/B552474/OdsnCodeInquiryService2/getOdsnOrgCodeInquiryList2
0791086,강남시니어클럽(민간),PUB-002B_노인사회활동_기관코드,https://apis.data.go.kr/B552474/OdsnCodeInquiryService2/getOdsnOrgCodeInquiryList2
0791087,서울강서시니어클럽(민간),PUB-002B_노인사회활동_기관코드,https://apis.data.go.kr/B552474/OdsnCodeInquiryService2/getOdsnOrgCodeInquiryList2
0791089,울산동구시니어클럽(민간),PUB-002B_노인사회활동_기관코드,https://apis.data.go.kr/B552474/OdsnCodeInquiryService2/getOdsnOrgCodeInquiryList2
0791090,전주효자시니어클럽(민간),PUB-002B_노인사회활동_기관코드,https://apis.data.go.kr/B552474/OdsnCodeInquiryService2/getOdsnOrgCodeInquiryList2
0791091,전주시노인취업지원센터(민간),PUB-002B_노인사회활동_기관코드,https://apis.data.go.kr/B552474/OdsnCodeInquiryService2/getOdsnOrgCodeInquiryList2
0791092,경주시니어클럽(민간),PUB-002B_노인사회활동_기관코드,https://apis.data.go.kr/B552474/OdsnCodeInquiryService2/getOdsnOrgCodeInquiryList2
0791093,익산시노인종합복지관(민간),PUB-002B_노인사회활동_기관코드,https://apis.data.go.kr/B552474/OdsnCodeInquiryService2/getOdsnOrgCodeInquiryList2
0791094,경북영천시니어클럽(민간),PUB-002B_노인사회활동_기관코드,https://apis.data.go.kr/B552474/OdsnCodeInquiryService2/getOdsnOrgCodeInquiryList2
0791095,장수시니어클럽(지자체),PUB-002B_노인사회활동_기관코드,https://apis.data.go.kr/B552474/OdsnCodeInquiryService2/getOdsnOrgCodeInquiryList2
0793083,노원시니어클럽(민간),PUB-002B_노인사회활동_기관코드,https://apis.data.go.kr/B552474/OdsnCodeInquiryService2/getOdsnOrgCodeInquiryList2
1039105,희망나눔시니어사회적협동조합,PUB-002B_노인사회활동_기관코드,https://apis.data.go.kr/B552474/OdsnCodeInquiryService2/getOdsnOrgCodeInquiryList2
1044117,월배노인종합복지관,PUB-002B_노인사회활동_기관코드,https://apis.data.go.kr/B552474/OdsnCodeInquiryService2/getOdsnOrgCodeInquiryList2
0571084,부산일자리지원단 사회적협동조합(부산진구),PUB-002B_노인사회활동_기관코드,https://apis.data.go.kr/B552474/OdsnCodeInquiryService2/getOdsnOrgCodeInquiryList2
0596085,(주)알파해운,PUB-002B_노인사회활동_기관코드,https://apis.data.go.kr/B552474/OdsnCodeInquiryService2/getOdsnOrgCodeInquiryList2
0761083,포항일자리창출시니어클럽,PUB-002B_노인사회활동_기관코드,https://apis.data.go.kr/B552474/OdsnCodeInquiryService2/getOdsnOrgCodeInquiryList2
0824083,대한노인회 경북 울릉군지회,PUB-002B_노인사회활동_기관코드,https://apis.data.go.kr/B552474/OdsnCodeInquiryService2/getOdsnOrgCodeInquiryList2
0813083,한국노인인력개발원 경기지역본부,PUB-002B_노인사회활동_기관코드,https://apis.data.go.kr/B552474/OdsnCodeInquiryService2/getOdsnOrgCodeInquiryList2
0000326,(사)대한노인회인제군지회,PUB-002B_노인사회활동_기관코드,https://apis.data.go.kr/B552474/OdsnCodeInquiryService2/getOdsnOrgCodeInquiryList2
1044141,시니어신문네트워크,PUB-002B_노인사회활동_기관코드,https://apis.data.go.kr/B552474/OdsnCodeInquiryService2/getOdsnOrgCodeInquiryList2
1048099,세아유니온,PUB-002B_노인사회활동_기관코드,https://apis.data.go.kr/B552474/OdsnCodeInquiryService2/getOdsnOrgCodeInquiryList2
1050114,경기도노인일자리지원센터,PUB-002B_노인사회활동_기관코드,https://apis.data.go.kr/B552474/OdsnCodeInquiryService2/getOdsnOrgCodeInquiryList2
0599084,생명푸드시스템(주),PUB-002B_노인사회활동_기관코드,https://apis.data.go.kr/B552474/OdsnCodeInquiryService2/getOdsnOrgCodeInquiryList2
0726085,리플레이스사회적협동조합,PUB-002B_노인사회활동_기관코드,https://apis.data.go.kr/B552474/OdsnCodeInquiryService2/getOdsnOrgCodeInquiryList2
0888083,대전동구시니어클럽,PUB-002B_노인사회활동_기관코드,https://apis.data.go.kr/B552474/OdsnCodeInquiryService2/getOdsnOrgCodeInquiryList2
0966083,(주)이음길에이치알,PUB-002B_노인사회활동_기관코드,https://apis.data.go.kr/B552474/OdsnCodeInquiryService2/getOdsnOrgCodeInquiryList2
0002427,공주노인복지센터,PUB-002B_노인사회활동_기관코드,https://apis.data.go.kr/B552474/OdsnCodeInquiryService2/getOdsnOrgCodeInquiryList2
1044123,하나복지재가센터,PUB-002B_노인사회활동_기관코드,https://apis.data.go.kr/B552474/OdsnCodeInquiryService2/getOdsnOrgCodeInquiryList2
0606084,농업회사법인 정다운(주),PUB-002B_노인사회활동_기관코드,https://apis.data.go.kr/B552474/OdsnCodeInquiryService2/getOdsnOrgCodeInquiryList2
0749083,주식회사조인스잡 천안지사,PUB-002B_노인사회활동_기관코드,https://apis.data.go.kr/B552474/OdsnCodeInquiryService2/getOdsnOrgCodeInquiryList2
0755083,포항일자리창출시니어클럽,PUB-002B_노인사회활동_기관코드,https://apis.data.go.kr/B552474/OdsnCodeInquiryService2/getOdsnOrgCodeInquiryList2
0891083,남도맛집지원 협동조합,PUB-002B_노인사회활동_기관코드,https://apis.data.go.kr/B552474/OdsnCodeInquiryService2/getOdsnOrgCodeInquiryList2
0948083,사단법인 한누리,PUB-002B_노인사회활동_기관코드,https://apis.data.go.kr/B552474/OdsnCodeInquiryService2/getOdsnOrgCodeInquiryList2
0001142,삼척지역자활센터,PUB-002B_노인사회활동_기관코드,https://apis.data.go.kr/B552474/OdsnCodeInquiryService2/getOdsnOrgCodeInquiryList2
1039095,주식회사 경남취업지원센터 김해지사,PUB-002B_노인사회활동_기관코드,https://apis.data.go.kr/B552474/OdsnCodeInquiryService2/getOdsnOrgCodeInquiryList2
1039106,사회복지법인 장산복지,PUB-002B_노인사회활동_기관코드,https://apis.data.go.kr/B552474/OdsnCodeInquiryService2/getOdsnOrgCodeInquiryList2
0000658,대한노인회 경북 경산시지회 ,PUB-002B_노인사회활동_기관코드,https://apis.data.go.kr/B552474/OdsnCodeInquiryService2/getOdsnOrgCodeInquiryList2
0000567,대한노인회 경기 의왕시지회,PUB-002B_노인사회활동_기관코드,https://apis.data.go.kr/B552474/OdsnCodeInquiryService2/getOdsnOrgCodeInquiryList2
0617083,(주)대도에프엔디,PUB-002B_노인사회활동_기관코드,https://apis.data.go.kr/B552474/OdsnCodeInquiryService2/getOdsnOrgCodeInquiryList2
0831083,한국노인인력개발원 세종충북지역본부,PUB-002B_노인사회활동_기관코드,https://apis.data.go.kr/B552474/OdsnCodeInquiryService2/getOdsnOrgCodeInquiryList2
0000893,대한노인회 강원 삼척시지회,PUB-002B_노인사회활동_기관코드,https://apis.data.go.kr/B552474/OdsnCodeInquiryService2/getOdsnOrgCodeInquiryList2
1048097,휘경이문누리종합사회복지관,PUB-002B_노인사회활동_기관코드,https://apis.data.go.kr/B552474/OdsnCodeInquiryService2/getOdsnOrgCodeInquiryList2
0646083,장수군노인복지관,PUB-002B_노인사회활동_기관코드,https://apis.data.go.kr/B552474/OdsnCodeInquiryService2/getOdsnOrgCodeInquiryList2
0726083,금강노인복지센터,PUB-002B_노인사회활동_기관코드,https://apis.data.go.kr/B552474/OdsnCodeInquiryService2/getOdsnOrgCodeInquiryList2
0002381,장산노인복지관,PUB-002B_노인사회활동_기관코드,https://apis.data.go.kr/B552474/OdsnCodeInquiryService2/getOdsnOrgCodeInquiryList2
0937084,사회적협동조합도우누리,PUB-002B_노인사회활동_기관코드,https://apis.data.go.kr/B552474/OdsnCodeInquiryService2/getOdsnOrgCodeInquiryList2
0001330,대한노인회 경기 용인시 기흥구지회,PUB-002B_노인사회활동_기관코드,https://apis.data.go.kr/B552474/OdsnCodeInquiryService2/getOdsnOrgCodeInquiryList2
0000888,계양노인복지센터,PUB-002B_노인사회활동_기관코드,https://apis.data.go.kr/B552474/OdsnCodeInquiryService2/getOdsnOrgCodeInquiryList2
1044136,주식회사 아이피시 관악지사,PUB-002B_노인사회활동_기관코드,https://apis.data.go.kr/B552474/OdsnCodeInquiryService2/getOdsnOrgCodeInquiryList2
1044150,시니어신문네트워크(수행기관),PUB-002B_노인사회활동_기관코드,https://apis.data.go.kr/B552474/OdsnCodeInquiryService2/getOdsnOrgCodeInquiryList2
1044153,주식회사 로볼루션,PUB-002B_노인사회활동_기관코드,https://apis.data.go.kr/B552474/OdsnCodeInquiryService2/getOdsnOrgCodeInquiryList2
1039085,고금면사무소,PUB-002B_노인사회활동_기관코드,https://apis.data.go.kr/B552474/OdsnCodeInquiryService2/getOdsnOrgCodeInquiryList2
0649083,(주)지에스씨넷 서울지점,PUB-002B_노인사회활동_기관코드,https://apis.data.go.kr/B552474/OdsnCodeInquiryService2/getOdsnOrgCodeInquiryList2
0735083,영광시니어클럽,PUB-002B_노인사회활동_기관코드,https://apis.data.go.kr/B552474/OdsnCodeInquiryService2/getOdsnOrgCodeInquiryList2
0002366,김해시동부노인종합복지관,PUB-002B_노인사회활동_기관코드,https://apis.data.go.kr/B552474/OdsnCodeInquiryService2/getOdsnOrgCodeInquiryList2
0974083,한국산업진흥협회(괴산일자리지원센터),PUB-002B_노인사회활동_기관코드,https://apis.data.go.kr/B552474/OdsnCodeInquiryService2/getOdsnOrgCodeInquiryList2
1039116,(주)아주르852,PUB-002B_노인사회활동_기관코드,https://apis.data.go.kr/B552474/OdsnCodeInquiryService2/getOdsnOrgCodeInquiryList2
1044111,하연 사회적협동조합(민간보조),PUB-002B_노인사회활동_기관코드,https://apis.data.go.kr/B552474/OdsnCodeInquiryService2/getOdsnOrgCodeInquiryList2
1048098,강서구립마곡어르신복지관,PUB-002B_노인사회활동_기관코드,https://apis.data.go.kr/B552474/OdsnCodeInquiryService2/getOdsnOrgCodeInquiryList2
0785084,주식회사 제이물산,PUB-002B_노인사회활동_기관코드,https://apis.data.go.kr/B552474/OdsnCodeInquiryService2/getOdsnOrgCodeInquiryList2
0795084,순창시니어클럽,PUB-002B_노인사회활동_기관코드,https://apis.data.go.kr/B552474/OdsnCodeInquiryService2/getOdsnOrgCodeInquiryList2
0839083,주식회사 누구나잡,PUB-002B_노인사회활동_기관코드,https://apis.data.go.kr/B552474/OdsnCodeInquiryService2/getOdsnOrgCodeInquiryList2
0909085,대정수산(주),PUB-002B_노인사회활동_기관코드,https://apis.data.go.kr/B552474/OdsnCodeInquiryService2/getOdsnOrgCodeInquiryList2
0957083,순천시청,PUB-002B_노인사회활동_기관코드,https://apis.data.go.kr/B552474/OdsnCodeInquiryService2/getOdsnOrgCodeInquiryList2
0976083,주식회사 워크트리,PUB-002B_노인사회활동_기관코드,https://apis.data.go.kr/B552474/OdsnCodeInquiryService2/getOdsnOrgCodeInquiryList2
1039128,미리내실버타운,PUB-002B_노인사회활동_기관코드,https://apis.data.go.kr/B552474/OdsnCodeInquiryService2/getOdsnOrgCodeInquiryList2
0600084,포항형산시니어클럽(민간),PUB-002B_노인사회활동_기관코드,https://apis.data.go.kr/B552474/OdsnCodeInquiryService2/getOdsnOrgCodeInquiryList2
0600085,인천광역시 노인인력개발센터(민간),PUB-002B_노인사회활동_기관코드,https://apis.data.go.kr/B552474/OdsnCodeInquiryService2/getOdsnOrgCodeInquiryList2
0705084,전주시복지재단 전주사람,PUB-002B_노인사회활동_기관코드,https://apis.data.go.kr/B552474/OdsnCodeInquiryService2/getOdsnOrgCodeInquiryList2
0728083,청주청원시니어클럽,PUB-002B_노인사회활동_기관코드,https://apis.data.go.kr/B552474/OdsnCodeInquiryService2/getOdsnOrgCodeInquiryList2
0782086,임실시니어클럽(민간),PUB-002B_노인사회활동_기관코드,https://apis.data.go.kr/B552474/OdsnCodeInquiryService2/getOdsnOrgCodeInquiryList2
0798083,(주)뉴동명관광,PUB-002B_노인사회활동_기관코드,https://apis.data.go.kr/B552474/OdsnCodeInquiryService2/getOdsnOrgCodeInquiryList2
0942083,사회복지법인 충현원,PUB-002B_노인사회활동_기관코드,https://apis.data.go.kr/B552474/OdsnCodeInquiryService2/getOdsnOrgCodeInquiryList2
0977083,용산여성인력개발센터,PUB-002B_노인사회활동_기관코드,https://apis.data.go.kr/B552474/OdsnCodeInquiryService2/getOdsnOrgCodeInquiryList2
1042094,(의)나사렛의료재단 나사렛국제병원,PUB-002B_노인사회활동_기관코드,https://apis.data.go.kr/B552474/OdsnCodeInquiryService2/getOdsnOrgCodeInquiryList2
0000841,심광노인복지센터,PUB-002B_노인사회활동_기관코드,https://apis.data.go.kr/B552474/OdsnCodeInquiryService2/getOdsnOrgCodeInquiryList2
1044138,송악사회복지관,PUB-002B_노인사회활동_기관코드,https://apis.data.go.kr/B552474/OdsnCodeInquiryService2/getOdsnOrgCodeInquiryList2
1044147,주식회사중앙목재,PUB-002B_노인사회활동_기관코드,https://apis.data.go.kr/B552474/OdsnCodeInquiryService2/getOdsnOrgCodeInquiryList2
0610083,(주)한국건설안전공사,PUB-002B_노인사회활동_기관코드,https://apis.data.go.kr/B552474/OdsnCodeInquiryService2/getOdsnOrgCodeInquiryList2
0661083,포천시노인복지관,PUB-002B_노인사회활동_기관코드,https://apis.data.go.kr/B552474/OdsnCodeInquiryService2/getOdsnOrgCodeInquiryList2
0001313,대한노인회 대구 중구지회,PUB-002B_노인사회활동_기관코드,https://apis.data.go.kr/B552474/OdsnCodeInquiryService2/getOdsnOrgCodeInquiryList2
0952083,진주장애인복지센터,PUB-002B_노인사회활동_기관코드,https://apis.data.go.kr/B552474/OdsnCodeInquiryService2/getOdsnOrgCodeInquiryList2
0982083,사회적협동조합 충북사회적경제센터(민간),PUB-002B_노인사회활동_기관코드,https://apis.data.go.kr/B552474/OdsnCodeInquiryService2/getOdsnOrgCodeInquiryList2
1044105,주식회사 부일에스티,PUB-002B_노인사회활동_기관코드,https://apis.data.go.kr/B552474/OdsnCodeInquiryService2/getOdsnOrgCodeInquiryList2
1044151,일과복지사회적협동조합,PUB-002B_노인사회활동_기관코드,https://apis.data.go.kr/B552474/OdsnCodeInquiryService2/getOdsnOrgCodeInquiryList2
0572083,주식회사 엔공구,PUB-002B_노인사회활동_기관코드,https://apis.data.go.kr/B552474/OdsnCodeInquiryService2/getOdsnOrgCodeInquiryList2
0785083,농업법인(주)옻가네,PUB-002B_노인사회활동_기관코드,https://apis.data.go.kr/B552474/OdsnCodeInquiryService2/getOdsnOrgCodeInquiryList2
0789083,(주)대현글로벌,PUB-002B_노인사회활동_기관코드,https://apis.data.go.kr/B552474/OdsnCodeInquiryService2/getOdsnOrgCodeInquiryList2
0790083,합자회사 금남엔지니어링,PUB-002B_노인사회활동_기관코드,https://apis.data.go.kr/B552474/OdsnCodeInquiryService2/getOdsnOrgCodeInquiryList2
0939083,용문종합사회복지관,PUB-002B_노인사회활동_기관코드,https://apis.data.go.kr/B552474/OdsnCodeInquiryService2/getOdsnOrgCodeInquiryList2
0996084,파주시운정종합사회복지관,PUB-002B_노인사회활동_기관코드,https://apis.data.go.kr/B552474/OdsnCodeInquiryService2/getOdsnOrgCodeInquiryList2
1028083,사단법인 영월군장애인협회,PUB-002B_노인사회활동_기관코드,https://apis.data.go.kr/B552474/OdsnCodeInquiryService2/getOdsnOrgCodeInquiryList2
0002404,성안동행정복지센터,PUB-002B_노인사회활동_기관코드,https://apis.data.go.kr/B552474/OdsnCodeInquiryService2/getOdsnOrgCodeInquiryList2
1037087,두메푸드시스템(주),PUB-002B_노인사회활동_기관코드,https://apis.data.go.kr/B552474/OdsnCodeInquiryService2/getOdsnOrgCodeInquiryList2
1038089,울산광역시 제2시립노인복지관,PUB-002B_노인사회활동_기관코드,https://apis.data.go.kr/B552474/OdsnCodeInquiryService2/getOdsnOrgCodeInquiryList2
1039130,에듀툴킷디자인연구소,PUB-002B_노인사회활동_기관코드,https://apis.data.go.kr/B552474/OdsnCodeInquiryService2/getOdsnOrgCodeInquiryList2
1044125,새만금시니어클럽(사용불가),PUB-002B_노인사회활동_기관코드,https://apis.data.go.kr/B552474/OdsnCodeInquiryService2/getOdsnOrgCodeInquiryList2
1050105,(주)나이스에너지엔지니어링,PUB-002B_노인사회활동_기관코드,https://apis.data.go.kr/B552474/OdsnCodeInquiryService2/getOdsnOrgCodeInquiryList2
1055097,테스트 기업,PUB-002B_노인사회활동_기관코드,https://apis.data.go.kr/B552474/OdsnCodeInquiryService2/getOdsnOrgCodeInquiryList2
0575083,(주)시아스,PUB-002B_노인사회활동_기관코드,https://apis.data.go.kr/B552474/OdsnCodeInquiryService2/getOdsnOrgCodeInquiryList2
0635083,인천평화의료복지사회적협동조합,PUB-002B_노인사회활동_기관코드,https://apis.data.go.kr/B552474/OdsnCodeInquiryService2/getOdsnOrgCodeInquiryList2
0701083,(주)하다,PUB-002B_노인사회활동_기관코드,https://apis.data.go.kr/B552474/OdsnCodeInquiryService2/getOdsnOrgCodeInquiryList2
0718083,사단법인퇴직공무원재능나눔봉사단,PUB-002B_노인사회활동_기관코드,https://apis.data.go.kr/B552474/OdsnCodeInquiryService2/getOdsnOrgCodeInquiryList2
0782089,사단법인 효림복지센터(민간),PUB-002B_노인사회활동_기관코드,https://apis.data.go.kr/B552474/OdsnCodeInquiryService2/getOdsnOrgCodeInquiryList2
0782090,사단법인 효림복지센터(민간),PUB-002B_노인사회활동_기관코드,https://apis.data.go.kr/B552474/OdsnCodeInquiryService2/getOdsnOrgCodeInquiryList2
0782091,사단법인 효림복지센터(민간),PUB-002B_노인사회활동_기관코드,https://apis.data.go.kr/B552474/OdsnCodeInquiryService2/getOdsnOrgCodeInquiryList2
0782092,전주서원시니어클럽(민간),PUB-002B_노인사회활동_기관코드,https://apis.data.go.kr/B552474/OdsnCodeInquiryService2/getOdsnOrgCodeInquiryList2
0782093,광주남구시니어클럽(민간),PUB-002B_노인사회활동_기관코드,https://apis.data.go.kr/B552474/OdsnCodeInquiryService2/getOdsnOrgCodeInquiryList2
0782094,순천시니어클럽(민간),PUB-002B_노인사회활동_기관코드,https://apis.data.go.kr/B552474/OdsnCodeInquiryService2/getOdsnOrgCodeInquiryList2
0782095,여수시니어클럽(민간),PUB-002B_노인사회활동_기관코드,https://apis.data.go.kr/B552474/OdsnCodeInquiryService2/getOdsnOrgCodeInquiryList2
0782096,광주북구시니어클럽(민간),PUB-002B_노인사회활동_기관코드,https://apis.data.go.kr/B552474/OdsnCodeInquiryService2/getOdsnOrgCodeInquiryList2
0782097,광주광산시니어클럽(민간),PUB-002B_노인사회활동_기관코드,https://apis.data.go.kr/B552474/OdsnCodeInquiryService2/getOdsnOrgCodeInquiryList2
0782098,광주동구시니어클럽(민간),PUB-002B_노인사회활동_기관코드,https://apis.data.go.kr/B552474/OdsnCodeInquiryService2/getOdsnOrgCodeInquiryList2
0782099,완도시니어클럽(민간),PUB-002B_노인사회활동_기관코드,https://apis.data.go.kr/B552474/OdsnCodeInquiryService2/getOdsnOrgCodeInquiryList2
0984083,주식회사 보살핌,PUB-002B_노인사회활동_기관코드,https://apis.data.go.kr/B552474/OdsnCodeInquiryService2/getOdsnOrgCodeInquiryList2
0571083,효사랑재가복지센터(x),PUB-002B_노인사회활동_기관코드,https://apis.data.go.kr/B552474/OdsnCodeInquiryService2/getOdsnOrgCodeInquiryList2
0590084,심온사회적협동조합,PUB-002B_노인사회활동_기관코드,https://apis.data.go.kr/B552474/OdsnCodeInquiryService2/getOdsnOrgCodeInquiryList2
0640083,부여군노인종합복지관,PUB-002B_노인사회활동_기관코드,https://apis.data.go.kr/B552474/OdsnCodeInquiryService2/getOdsnOrgCodeInquiryList2
0719083,삼척시도계노인복지관,PUB-002B_노인사회활동_기관코드,https://apis.data.go.kr/B552474/OdsnCodeInquiryService2/getOdsnOrgCodeInquiryList2
0866083,오리온산업(주),PUB-002B_노인사회활동_기관코드,https://apis.data.go.kr/B552474/OdsnCodeInquiryService2/getOdsnOrgCodeInquiryList2
1039087,(주)등푸른식품,PUB-002B_노인사회활동_기관코드,https://apis.data.go.kr/B552474/OdsnCodeInquiryService2/getOdsnOrgCodeInquiryList2
1042093,김포도시관리공사,PUB-002B_노인사회활동_기관코드,https://apis.data.go.kr/B552474/OdsnCodeInquiryService2/getOdsnOrgCodeInquiryList2
1044124,무장애북구만들기시민운동본부,PUB-002B_노인사회활동_기관코드,https://apis.data.go.kr/B552474/OdsnCodeInquiryService2/getOdsnOrgCodeInquiryList2
0603084,원창머티리얼(주),PUB-002B_노인사회활동_기관코드,https://apis.data.go.kr/B552474/OdsnCodeInquiryService2/getOdsnOrgCodeInquiryList2
0002385,주안노인문화센터,PUB-002B_노인사회활동_기관코드,https://apis.data.go.kr/B552474/OdsnCodeInquiryService2/getOdsnOrgCodeInquiryList2
0713083,중랑시니어클럽,PUB-002B_노인사회활동_기관코드,https://apis.data.go.kr/B552474/OdsnCodeInquiryService2/getOdsnOrgCodeInquiryList2
1037093,에셀나무사회적협동조합 서부센터,PUB-002B_노인사회활동_기관코드,https://apis.data.go.kr/B552474/OdsnCodeInquiryService2/getOdsnOrgCodeInquiryList2
1044109,주식회사 케어닥,PUB-002B_노인사회활동_기관코드,https://apis.data.go.kr/B552474/OdsnCodeInquiryService2/getOdsnOrgCodeInquiryList2
1053098,동해기계(주),PUB-002B_노인사회활동_기관코드,https://apis.data.go.kr/B552474/OdsnCodeInquiryService2/getOdsnOrgCodeInquiryList2
0600083,춘하추동협동조합,PUB-002B_노인사회활동_기관코드,https://apis.data.go.kr/B552474/OdsnCodeInquiryService2/getOdsnOrgCodeInquiryList2
0000677,대한노인회 경북 구미시지회,PUB-002B_노인사회활동_기관코드,https://apis.data.go.kr/B552474/OdsnCodeInquiryService2/getOdsnOrgCodeInquiryList2
0622083,중앙종합안전기술연구원,PUB-002B_노인사회활동_기관코드,https://apis.data.go.kr/B552474/OdsnCodeInquiryService2/getOdsnOrgCodeInquiryList2
0894083,유한회사 징코푸드시스템,PUB-002B_노인사회활동_기관코드,https://apis.data.go.kr/B552474/OdsnCodeInquiryService2/getOdsnOrgCodeInquiryList2
1024083,합천노인통합지원센터,PUB-002B_노인사회활동_기관코드,https://apis.data.go.kr/B552474/OdsnCodeInquiryService2/getOdsnOrgCodeInquiryList2
1039110,사단법인벤처기업협회 제주지회,PUB-002B_노인사회활동_기관코드,https://apis.data.go.kr/B552474/OdsnCodeInquiryService2/getOdsnOrgCodeInquiryList2
0002852,(주)푸드향,PUB-002B_노인사회활동_기관코드,https://apis.data.go.kr/B552474/OdsnCodeInquiryService2/getOdsnOrgCodeInquiryList2
0000492,대한노인회 경남 진주시지회,PUB-002B_노인사회활동_기관코드,https://apis.data.go.kr/B552474/OdsnCodeInquiryService2/getOdsnOrgCodeInquiryList2
0907083,주식회사 다산,PUB-002B_노인사회활동_기관코드,https://apis.data.go.kr/B552474/OdsnCodeInquiryService2/getOdsnOrgCodeInquiryList2
1004083,양주시희망노인복지관,PUB-002B_노인사회활동_기관코드,https://apis.data.go.kr/B552474/OdsnCodeInquiryService2/getOdsnOrgCodeInquiryList2
1042096,동양프론테크(주),PUB-002B_노인사회활동_기관코드,https://apis.data.go.kr/B552474/OdsnCodeInquiryService2/getOdsnOrgCodeInquiryList2
0002531,삼척시니어클럽,PUB-002B_노인사회활동_기관코드,https://apis.data.go.kr/B552474/OdsnCodeInquiryService2/getOdsnOrgCodeInquiryList2
0704083,서울시니어클럽협회,PUB-002B_노인사회활동_기관코드,https://apis.data.go.kr/B552474/OdsnCodeInquiryService2/getOdsnOrgCodeInquiryList2
0000897,경애원,PUB-002B_노인사회활동_기관코드,https://apis.data.go.kr/B552474/OdsnCodeInquiryService2/getOdsnOrgCodeInquiryList2
1039090,(주)지오코칭,PUB-002B_노인사회활동_기관코드,https://apis.data.go.kr/B552474/OdsnCodeInquiryService2/getOdsnOrgCodeInquiryList2
1039127,(주)한국소방기구제작소,PUB-002B_노인사회활동_기관코드,https://apis.data.go.kr/B552474/OdsnCodeInquiryService2/getOdsnOrgCodeInquiryList2
0569083,주식회사 기장물산랩,PUB-002B_노인사회활동_기관코드,https://apis.data.go.kr/B552474/OdsnCodeInquiryService2/getOdsnOrgCodeInquiryList2
0594083,주식회사 인이어,PUB-002B_노인사회활동_기관코드,https://apis.data.go.kr/B552474/OdsnCodeInquiryService2/getOdsnOrgCodeInquiryList2
0625083,경상북도 의성군,PUB-002B_노인사회활동_기관코드,https://apis.data.go.kr/B552474/OdsnCodeInquiryService2/getOdsnOrgCodeInquiryList2
0894084,(주)일지테크,PUB-002B_노인사회활동_기관코드,https://apis.data.go.kr/B552474/OdsnCodeInquiryService2/getOdsnOrgCodeInquiryList2
0902083,무리기술 주식회사,PUB-002B_노인사회활동_기관코드,https://apis.data.go.kr/B552474/OdsnCodeInquiryService2/getOdsnOrgCodeInquiryList2
0958083,시니어복지사회적협동조합,PUB-002B_노인사회활동_기관코드,https://apis.data.go.kr/B552474/OdsnCodeInquiryService2/getOdsnOrgCodeInquiryList2
1037098,부산기장시니어클럽,PUB-002B_노인사회활동_기관코드,https://apis.data.go.kr/B552474/OdsnCodeInquiryService2/getOdsnOrgCodeInquiryList2
0000340,음성군청 가족행복과,PUB-002B_노인사회활동_기관코드,https://apis.data.go.kr/B552474/OdsnCodeInquiryService2/getOdsnOrgCodeInquiryList2
0001890,재단법인 광주광역시사회서비스원 ,PUB-002B_노인사회활동_기관코드,https://apis.data.go.kr/B552474/OdsnCodeInquiryService2/getOdsnOrgCodeInquiryList2
1048103,(주)가온케스텍,PUB-002B_노인사회활동_기관코드,https://apis.data.go.kr/B552474/OdsnCodeInquiryService2/getOdsnOrgCodeInquiryList2
0606083,(주)태경산업,PUB-002B_노인사회활동_기관코드,https://apis.data.go.kr/B552474/OdsnCodeInquiryService2/getOdsnOrgCodeInquiryList2
0833089,농업회사법인 비에스푸드 주식회사,PUB-002B_노인사회활동_기관코드,https://apis.data.go.kr/B552474/OdsnCodeInquiryService2/getOdsnOrgCodeInquiryList2
0976084,(주)차오름,PUB-002B_노인사회활동_기관코드,https://apis.data.go.kr/B552474/OdsnCodeInquiryService2/getOdsnOrgCodeInquiryList2
1039098,(주)더다온,PUB-002B_노인사회활동_기관코드,https://apis.data.go.kr/B552474/OdsnCodeInquiryService2/getOdsnOrgCodeInquiryList2
1044106,주식회사 창명건설,PUB-002B_노인사회활동_기관코드,https://apis.data.go.kr/B552474/OdsnCodeInquiryService2/getOdsnOrgCodeInquiryList2
0573083,주식회사 와이즈로,PUB-002B_노인사회활동_기관코드,https://apis.data.go.kr/B552474/OdsnCodeInquiryService2/getOdsnOrgCodeInquiryList2
0638083,울진시니어클럽,PUB-002B_노인사회활동_기관코드,https://apis.data.go.kr/B552474/OdsnCodeInquiryService2/getOdsnOrgCodeInquiryList2
0765083,(주)제이엠커리어 원주지사,PUB-002B_노인사회활동_기관코드,https://apis.data.go.kr/B552474/OdsnCodeInquiryService2/getOdsnOrgCodeInquiryList2
1044143,주식회사 지성,PUB-002B_노인사회활동_기관코드,https://apis.data.go.kr/B552474/OdsnCodeInquiryService2/getOdsnOrgCodeInquiryList2
0670083,재단법인가평군복지재단(청평노인복지관),PUB-002B_노인사회활동_기관코드,https://apis.data.go.kr/B552474/OdsnCodeInquiryService2/getOdsnOrgCodeInquiryList2
0818083,하남종합사회복지관,PUB-002B_노인사회활동_기관코드,https://apis.data.go.kr/B552474/OdsnCodeInquiryService2/getOdsnOrgCodeInquiryList2
0933083,사단법인 청명사회복지회,PUB-002B_노인사회활동_기관코드,https://apis.data.go.kr/B552474/OdsnCodeInquiryService2/getOdsnOrgCodeInquiryList2
1037095,사단법인 남원지역활력혁신센터,PUB-002B_노인사회활동_기관코드,https://apis.data.go.kr/B552474/OdsnCodeInquiryService2/getOdsnOrgCodeInquiryList2
1039138,크레텍책임(주),PUB-002B_노인사회활동_기관코드,https://apis.data.go.kr/B552474/OdsnCodeInquiryService2/getOdsnOrgCodeInquiryList2
1039139,합천댐노인복지관,PUB-002B_노인사회활동_기관코드,https://apis.data.go.kr/B552474/OdsnCodeInquiryService2/getOdsnOrgCodeInquiryList2
1044114,덕천종합사회복지관,PUB-002B_노인사회활동_기관코드,https://apis.data.go.kr/B552474/OdsnCodeInquiryService2/getOdsnOrgCodeInquiryList2
0596086,(주)자람앤수엔지니어링,PUB-002B_노인사회활동_기관코드,https://apis.data.go.kr/B552474/OdsnCodeInquiryService2/getOdsnOrgCodeInquiryList2
0600088,(주)대명기술단,PUB-002B_노인사회활동_기관코드,https://apis.data.go.kr/B552474/OdsnCodeInquiryService2/getOdsnOrgCodeInquiryList2
0733083,사회복지법인 우성나눔재단,PUB-002B_노인사회활동_기관코드,https://apis.data.go.kr/B552474/OdsnCodeInquiryService2/getOdsnOrgCodeInquiryList2
0002461,내덕1동,PUB-002B_노인사회활동_기관코드,https://apis.data.go.kr/B552474/OdsnCodeInquiryService2/getOdsnOrgCodeInquiryList2
1039104,주식회사 케이마스,PUB-002B_노인사회활동_기관코드,https://apis.data.go.kr/B552474/OdsnCodeInquiryService2/getOdsnOrgCodeInquiryList2
1039125,에스에이엘,PUB-002B_노인사회활동_기관코드,https://apis.data.go.kr/B552474/OdsnCodeInquiryService2/getOdsnOrgCodeInquiryList2
1050108,미래테크 주식회사,PUB-002B_노인사회활동_기관코드,https://apis.data.go.kr/B552474/OdsnCodeInquiryService2/getOdsnOrgCodeInquiryList2
1050115,한서실업(주),PUB-002B_노인사회활동_기관코드,https://apis.data.go.kr/B552474/OdsnCodeInquiryService2/getOdsnOrgCodeInquiryList2
0689083,사회적협동조합 행복느티나무,PUB-002B_노인사회활동_기관코드,https://apis.data.go.kr/B552474/OdsnCodeInquiryService2/getOdsnOrgCodeInquiryList2
0002567,인제시니어클럽,PUB-002B_노인사회활동_기관코드,https://apis.data.go.kr/B552474/OdsnCodeInquiryService2/getOdsnOrgCodeInquiryList2
1039124,성도하이텍,PUB-002B_노인사회활동_기관코드,https://apis.data.go.kr/B552474/OdsnCodeInquiryService2/getOdsnOrgCodeInquiryList2
1044119,운정다누림노인복지관,PUB-002B_노인사회활동_기관코드,https://apis.data.go.kr/B552474/OdsnCodeInquiryService2/getOdsnOrgCodeInquiryList2
1044135,김제상공회의소,PUB-002B_노인사회활동_기관코드,https://apis.data.go.kr/B552474/OdsnCodeInquiryService2/getOdsnOrgCodeInquiryList2
0842083,제천시니어클럽(민간),PUB-002B_노인사회활동_기관코드,https://apis.data.go.kr/B552474/OdsnCodeInquiryService2/getOdsnOrgCodeInquiryList2
0842084,옥천시니어클럽(민간),PUB-002B_노인사회활동_기관코드,https://apis.data.go.kr/B552474/OdsnCodeInquiryService2/getOdsnOrgCodeInquiryList2
0867083,주식회사 진성식품,PUB-002B_노인사회활동_기관코드,https://apis.data.go.kr/B552474/OdsnCodeInquiryService2/getOdsnOrgCodeInquiryList2
0002909,오산노인종합복지관,PUB-002B_노인사회활동_기관코드,https://apis.data.go.kr/B552474/OdsnCodeInquiryService2/getOdsnOrgCodeInquiryList2
0995085,설악환경산업(주),PUB-002B_노인사회활동_기관코드,https://apis.data.go.kr/B552474/OdsnCodeInquiryService2/getOdsnOrgCodeInquiryList2
0596083,(주)에스비와이어,PUB-002B_노인사회활동_기관코드,https://apis.data.go.kr/B552474/OdsnCodeInquiryService2/getOdsnOrgCodeInquiryList2
0715084,영도머티리얼즈(주),PUB-002B_노인사회활동_기관코드,https://apis.data.go.kr/B552474/OdsnCodeInquiryService2/getOdsnOrgCodeInquiryList2
0781083,(주)씨에이에스,PUB-002B_노인사회활동_기관코드,https://apis.data.go.kr/B552474/OdsnCodeInquiryService2/getOdsnOrgCodeInquiryList2
0827083,서부종합사회복지관,PUB-002B_노인사회활동_기관코드,https://apis.data.go.kr/B552474/OdsnCodeInquiryService2/getOdsnOrgCodeInquiryList2
0980083,(사)강릉YWCA,PUB-002B_노인사회활동_기관코드,https://apis.data.go.kr/B552474/OdsnCodeInquiryService2/getOdsnOrgCodeInquiryList2
1008083,강서시니어협동조합,PUB-002B_노인사회활동_기관코드,https://apis.data.go.kr/B552474/OdsnCodeInquiryService2/getOdsnOrgCodeInquiryList2
1037086,김제지평선시니어클럽,PUB-002B_노인사회활동_기관코드,https://apis.data.go.kr/B552474/OdsnCodeInquiryService2/getOdsnOrgCodeInquiryList2
1039133,(주) 유원건축사무소,PUB-002B_노인사회활동_기관코드,https://apis.data.go.kr/B552474/OdsnCodeInquiryService2/getOdsnOrgCodeInquiryList2
0000645,대한노인회 부천시오정구지회,PUB-002B_노인사회활동_기관코드,https://apis.data.go.kr/B552474/OdsnCodeInquiryService2/getOdsnOrgCodeInquiryList2
1044144,주식회사 시원산업개발,PUB-002B_노인사회활동_기관코드,https://apis.data.go.kr/B552474/OdsnCodeInquiryService2/getOdsnOrgCodeInquiryList2
0600087,(주)편백연구소,PUB-002B_노인사회활동_기관코드,https://apis.data.go.kr/B552474/OdsnCodeInquiryService2/getOdsnOrgCodeInquiryList2
0603083,대한노인회 인천연합회,PUB-002B_노인사회활동_기관코드,https://apis.data.go.kr/B552474/OdsnCodeInquiryService2/getOdsnOrgCodeInquiryList2
1042085,하네뜨,PUB-002B_노인사회활동_기관코드,https://apis.data.go.kr/B552474/OdsnCodeInquiryService2/getOdsnOrgCodeInquiryList2
0636083,(사)대한노인회인천시서구지회 취업지원센터,PUB-002B_노인사회활동_기관코드,https://apis.data.go.kr/B552474/OdsnCodeInquiryService2/getOdsnOrgCodeInquiryList2
0712083,시흥희망의료복지사회적협동조합,PUB-002B_노인사회활동_기관코드,https://apis.data.go.kr/B552474/OdsnCodeInquiryService2/getOdsnOrgCodeInquiryList2
0726084,리플레이스사회적협동조합,PUB-002B_노인사회활동_기관코드,https://apis.data.go.kr/B552474/OdsnCodeInquiryService2/getOdsnOrgCodeInquiryList2
0909083,주식회사 엔에프,PUB-002B_노인사회활동_기관코드,https://apis.data.go.kr/B552474/OdsnCodeInquiryService2/getOdsnOrgCodeInquiryList2
0995083,대구수성시니어클럽(민간),PUB-002B_노인사회활동_기관코드,https://apis.data.go.kr/B552474/OdsnCodeInquiryService2/getOdsnOrgCodeInquiryList2
0995084,대구중구시니어클럽(민간),PUB-002B_노인사회활동_기관코드,https://apis.data.go.kr/B552474/OdsnCodeInquiryService2/getOdsnOrgCodeInquiryList2
0000354,청양군청 통합돌봄과,PUB-002B_노인사회활동_기관코드,https://apis.data.go.kr/B552474/OdsnCodeInquiryService2/getOdsnOrgCodeInquiryList2
1044104,(주)정림씨엠건축사사무소,PUB-002B_노인사회활동_기관코드,https://apis.data.go.kr/B552474/OdsnCodeInquiryService2/getOdsnOrgCodeInquiryList2
1044132,사단법인 노인생활과학연구소,PUB-002B_노인사회활동_기관코드,https://apis.data.go.kr/B552474/OdsnCodeInquiryService2/getOdsnOrgCodeInquiryList2
0001328,창원노인일자리창출지원센터,PUB-002B_노인사회활동_기관코드,https://apis.data.go.kr/B552474/OdsnCodeInquiryService2/getOdsnOrgCodeInquiryList2
0878083,성아운수합자회사,PUB-002B_노인사회활동_기관코드,https://apis.data.go.kr/B552474/OdsnCodeInquiryService2/getOdsnOrgCodeInquiryList2
0002101,나드리노인복지관,PUB-002B_노인사회활동_기관코드,https://apis.data.go.kr/B552474/OdsnCodeInquiryService2/getOdsnOrgCodeInquiryList2
1015083,안산상공회의소,PUB-002B_노인사회활동_기관코드,https://apis.data.go.kr/B552474/OdsnCodeInquiryService2/getOdsnOrgCodeInquiryList2
1038086,월등면 행정복지센터,PUB-002B_노인사회활동_기관코드,https://apis.data.go.kr/B552474/OdsnCodeInquiryService2/getOdsnOrgCodeInquiryList2
1039089,중랑여성인력개발센터,PUB-002B_노인사회활동_기관코드,https://apis.data.go.kr/B552474/OdsnCodeInquiryService2/getOdsnOrgCodeInquiryList2
1039102,주식회사 큰울림,PUB-002B_노인사회활동_기관코드,https://apis.data.go.kr/B552474/OdsnCodeInquiryService2/getOdsnOrgCodeInquiryList2
1039107,(재)세종일자리경제진흥원,PUB-002B_노인사회활동_기관코드,https://apis.data.go.kr/B552474/OdsnCodeInquiryService2/getOdsnOrgCodeInquiryList2
1042092,(주)에코맘의산골이유식 농업회사법인,PUB-002B_노인사회활동_기관코드,https://apis.data.go.kr/B552474/OdsnCodeInquiryService2/getOdsnOrgCodeInquiryList2
1044108,사회복지법인 광애원,PUB-002B_노인사회활동_기관코드,https://apis.data.go.kr/B552474/OdsnCodeInquiryService2/getOdsnOrgCodeInquiryList2
1044133,연제구연산종합사회복지관,PUB-002B_노인사회활동_기관코드,https://apis.data.go.kr/B552474/OdsnCodeInquiryService2/getOdsnOrgCodeInquiryList2
0607084,(주)한국푸드시스템,PUB-002B_노인사회활동_기관코드,https://apis.data.go.kr/B552474/OdsnCodeInquiryService2/getOdsnOrgCodeInquiryList2
0642084,국민건강보험동우회사회적협동조합,PUB-002B_노인사회활동_기관코드,https://apis.data.go.kr/B552474/OdsnCodeInquiryService2/getOdsnOrgCodeInquiryList2
0764083,(주)지에스씨넷(민간),PUB-002B_노인사회활동_기관코드,https://apis.data.go.kr/B552474/OdsnCodeInquiryService2/getOdsnOrgCodeInquiryList2
0000747,대한노인회 강원 양구군지회,PUB-002B_노인사회활동_기관코드,https://apis.data.go.kr/B552474/OdsnCodeInquiryService2/getOdsnOrgCodeInquiryList2
0812083,주식회사 무궁화,PUB-002B_노인사회활동_기관코드,https://apis.data.go.kr/B552474/OdsnCodeInquiryService2/getOdsnOrgCodeInquiryList2
0821085,한길회계법인,PUB-002B_노인사회활동_기관코드,https://apis.data.go.kr/B552474/OdsnCodeInquiryService2/getOdsnOrgCodeInquiryList2
0000166,춘천시니어클럽,PUB-002B_노인사회활동_기관코드,https://apis.data.go.kr/B552474/OdsnCodeInquiryService2/getOdsnOrgCodeInquiryList2
1039141,주식회사 휴텍이앤이,PUB-002B_노인사회활동_기관코드,https://apis.data.go.kr/B552474/OdsnCodeInquiryService2/getOdsnOrgCodeInquiryList2
1044134,사회복지법인 장수군사회복지협의회,PUB-002B_노인사회활동_기관코드,https://apis.data.go.kr/B552474/OdsnCodeInquiryService2/getOdsnOrgCodeInquiryList2
1050106,주식회사 전한,PUB-002B_노인사회활동_기관코드,https://apis.data.go.kr/B552474/OdsnCodeInquiryService2/getOdsnOrgCodeInquiryList2
0797083,의료법인 정산의료재단 효성병원,PUB-002B_노인사회활동_기관코드,https://apis.data.go.kr/B552474/OdsnCodeInquiryService2/getOdsnOrgCodeInquiryList2
0000949,인천광역시노인인력개발센터,PUB-002B_노인사회활동_기관코드,https://apis.data.go.kr/B552474/OdsnCodeInquiryService2/getOdsnOrgCodeInquiryList2
0911083,주식회사 원종합엔지니어링,PUB-002B_노인사회활동_기관코드,https://apis.data.go.kr/B552474/OdsnCodeInquiryService2/getOdsnOrgCodeInquiryList2
0953083,화성시정조효노인복지관,PUB-002B_노인사회활동_기관코드,https://apis.data.go.kr/B552474/OdsnCodeInquiryService2/getOdsnOrgCodeInquiryList2
1037089,사단법인 현주,PUB-002B_노인사회활동_기관코드,https://apis.data.go.kr/B552474/OdsnCodeInquiryService2/getOdsnOrgCodeInquiryList2
1039123,(주)케이에스조경,PUB-002B_노인사회활동_기관코드,https://apis.data.go.kr/B552474/OdsnCodeInquiryService2/getOdsnOrgCodeInquiryList2
0864083,농업회사법인 싱그람 주식회사,PUB-002B_노인사회활동_기관코드,https://apis.data.go.kr/B552474/OdsnCodeInquiryService2/getOdsnOrgCodeInquiryList2
0882083,(주)키콕스파트너스,PUB-002B_노인사회활동_기관코드,https://apis.data.go.kr/B552474/OdsnCodeInquiryService2/getOdsnOrgCodeInquiryList2
0920083,강서50플러스센터,PUB-002B_노인사회활동_기관코드,https://apis.data.go.kr/B552474/OdsnCodeInquiryService2/getOdsnOrgCodeInquiryList2
0946083,광주의료복지사회적협동조합(x),PUB-002B_노인사회활동_기관코드,https://apis.data.go.kr/B552474/OdsnCodeInquiryService2/getOdsnOrgCodeInquiryList2
1044149,도시철도협동조합(광진구),PUB-002B_노인사회활동_기관코드,https://apis.data.go.kr/B552474/OdsnCodeInquiryService2/getOdsnOrgCodeInquiryList2
0679083,명천실버복지관,PUB-002B_노인사회활동_기관코드,https://apis.data.go.kr/B552474/OdsnCodeInquiryService2/getOdsnOrgCodeInquiryList2
0787083,씨지에프주식회사,PUB-002B_노인사회활동_기관코드,https://apis.data.go.kr/B552474/OdsnCodeInquiryService2/getOdsnOrgCodeInquiryList2
0000140,진해노인종합복지관,PUB-002B_노인사회활동_기관코드,https://apis.data.go.kr/B552474/OdsnCodeInquiryService2/getOdsnOrgCodeInquiryList2
0846083,조선환경주식회사,PUB-002B_노인사회활동_기관코드,https://apis.data.go.kr/B552474/OdsnCodeInquiryService2/getOdsnOrgCodeInquiryList2
0863083,주식회사 예스영푸드,PUB-002B_노인사회활동_기관코드,https://apis.data.go.kr/B552474/OdsnCodeInquiryService2/getOdsnOrgCodeInquiryList2
1030083,담양시니어클럽,PUB-002B_노인사회활동_기관코드,https://apis.data.go.kr/B552474/OdsnCodeInquiryService2/getOdsnOrgCodeInquiryList2
1038091,고성시니어클럽(지자체),PUB-002B_노인사회활동_기관코드,https://apis.data.go.kr/B552474/OdsnCodeInquiryService2/getOdsnOrgCodeInquiryList2
1039109,광주시니어클럽,PUB-002B_노인사회활동_기관코드,https://apis.data.go.kr/B552474/OdsnCodeInquiryService2/getOdsnOrgCodeInquiryList2
0002760,동여수노인복지관분관,PUB-002B_노인사회활동_기관코드,https://apis.data.go.kr/B552474/OdsnCodeInquiryService2/getOdsnOrgCodeInquiryList2
0593083,주식회사 카라인,PUB-002B_노인사회활동_기관코드,https://apis.data.go.kr/B552474/OdsnCodeInquiryService2/getOdsnOrgCodeInquiryList2
0624083,서귀포시니어클럽(민간),PUB-002B_노인사회활동_기관코드,https://apis.data.go.kr/B552474/OdsnCodeInquiryService2/getOdsnOrgCodeInquiryList2
0650085,대청댐노인복지관,PUB-002B_노인사회활동_기관코드,https://apis.data.go.kr/B552474/OdsnCodeInquiryService2/getOdsnOrgCodeInquiryList2
0858084,주식회사 한국전산감리원,PUB-002B_노인사회활동_기관코드,https://apis.data.go.kr/B552474/OdsnCodeInquiryService2/getOdsnOrgCodeInquiryList2
0915083,농업회사법인주식회사한국라이스텍,PUB-002B_노인사회활동_기관코드,https://apis.data.go.kr/B552474/OdsnCodeInquiryService2/getOdsnOrgCodeInquiryList2
1038085,사단법인 그루터기,PUB-002B_노인사회활동_기관코드,https://apis.data.go.kr/B552474/OdsnCodeInquiryService2/getOdsnOrgCodeInquiryList2
1039114,(주)테크원,PUB-002B_노인사회활동_기관코드,https://apis.data.go.kr/B552474/OdsnCodeInquiryService2/getOdsnOrgCodeInquiryList2
0002711,도심권인생이모작지원센터,PUB-002B_노인사회활동_기관코드,https://apis.data.go.kr/B552474/OdsnCodeInquiryService2/getOdsnOrgCodeInquiryList2
1044115,동산노인복지센터,PUB-002B_노인사회활동_기관코드,https://apis.data.go.kr/B552474/OdsnCodeInquiryService2/getOdsnOrgCodeInquiryList2
1044118,노암복지회,PUB-002B_노인사회활동_기관코드,https://apis.data.go.kr/B552474/OdsnCodeInquiryService2/getOdsnOrgCodeInquiryList2
1044129,한국기업농기계주식회사,PUB-002B_노인사회활동_기관코드,https://apis.data.go.kr/B552474/OdsnCodeInquiryService2/getOdsnOrgCodeInquiryList2
0738084,케이잡스 부천지사,PUB-002B_노인사회활동_기관코드,https://apis.data.go.kr/B552474/OdsnCodeInquiryService2/getOdsnOrgCodeInquiryList2
0821084,한길회계법인,PUB-002B_노인사회활동_기관코드,https://apis.data.go.kr/B552474/OdsnCodeInquiryService2/getOdsnOrgCodeInquiryList2
1044107,주식회사 대일이앤씨,PUB-002B_노인사회활동_기관코드,https://apis.data.go.kr/B552474/OdsnCodeInquiryService2/getOdsnOrgCodeInquiryList2
1044116,월배노인종합복지관,PUB-002B_노인사회활동_기관코드,https://apis.data.go.kr/B552474/OdsnCodeInquiryService2/getOdsnOrgCodeInquiryList2
1050112,용산시니어클럽,PUB-002B_노인사회활동_기관코드,https://apis.data.go.kr/B552474/OdsnCodeInquiryService2/getOdsnOrgCodeInquiryList2
0604083,연일교통(주),PUB-002B_노인사회활동_기관코드,https://apis.data.go.kr/B552474/OdsnCodeInquiryService2/getOdsnOrgCodeInquiryList2
0000557,대한노인회 전남 화순군지회,PUB-002B_노인사회활동_기관코드,https://apis.data.go.kr/B552474/OdsnCodeInquiryService2/getOdsnOrgCodeInquiryList2
0610084,주식회사 쿠키캐슬 속초,PUB-002B_노인사회활동_기관코드,https://apis.data.go.kr/B552474/OdsnCodeInquiryService2/getOdsnOrgCodeInquiryList2
0705083,시흥시니어클럽,PUB-002B_노인사회활동_기관코드,https://apis.data.go.kr/B552474/OdsnCodeInquiryService2/getOdsnOrgCodeInquiryList2
0706083,한국돌봄사회적협동조합,PUB-002B_노인사회활동_기관코드,https://apis.data.go.kr/B552474/OdsnCodeInquiryService2/getOdsnOrgCodeInquiryList2
0751083,제이엠커리어 서울서부,PUB-002B_노인사회활동_기관코드,https://apis.data.go.kr/B552474/OdsnCodeInquiryService2/getOdsnOrgCodeInquiryList2
0795085,(주)우진켐,PUB-002B_노인사회활동_기관코드,https://apis.data.go.kr/B552474/OdsnCodeInquiryService2/getOdsnOrgCodeInquiryList2
0821083,한길회계법인,PUB-002B_노인사회활동_기관코드,https://apis.data.go.kr/B552474/OdsnCodeInquiryService2/getOdsnOrgCodeInquiryList2
0002905,(사)한국가사노동자협회,PUB-002B_노인사회활동_기관코드,https://apis.data.go.kr/B552474/OdsnCodeInquiryService2/getOdsnOrgCodeInquiryList2
0863084,지투파워(주),PUB-002B_노인사회활동_기관코드,https://apis.data.go.kr/B552474/OdsnCodeInquiryService2/getOdsnOrgCodeInquiryList2
0000808,대한노인회 인천 계양구지회,PUB-002B_노인사회활동_기관코드,https://apis.data.go.kr/B552474/OdsnCodeInquiryService2/getOdsnOrgCodeInquiryList2
0897083,좋은일자리만들기협동조합,PUB-002B_노인사회활동_기관코드,https://apis.data.go.kr/B552474/OdsnCodeInquiryService2/getOdsnOrgCodeInquiryList2
0900083,주식회사 케이에스에스마린,PUB-002B_노인사회활동_기관코드,https://apis.data.go.kr/B552474/OdsnCodeInquiryService2/getOdsnOrgCodeInquiryList2
0960083,주식회사 커리어다움,PUB-002B_노인사회활동_기관코드,https://apis.data.go.kr/B552474/OdsnCodeInquiryService2/getOdsnOrgCodeInquiryList2
0991083,사단법인 속초YWCA,PUB-002B_노인사회활동_기관코드,https://apis.data.go.kr/B552474/OdsnCodeInquiryService2/getOdsnOrgCodeInquiryList2
1039099,인지어스유한회사 김해지사,PUB-002B_노인사회활동_기관코드,https://apis.data.go.kr/B552474/OdsnCodeInquiryService2/getOdsnOrgCodeInquiryList2
0000346,아산시청 문화복지국 경로장애인과,PUB-002B_노인사회활동_기관코드,https://apis.data.go.kr/B552474/OdsnCodeInquiryService2/getOdsnOrgCodeInquiryList2
0588083,사회적협동조합 사람들과다가치,PUB-002B_노인사회활동_기관코드,https://apis.data.go.kr/B552474/OdsnCodeInquiryService2/getOdsnOrgCodeInquiryList2
0000207,도봉구청 복지환경국 어르신장애인과,PUB-002B_노인사회활동_기관코드,https://apis.data.go.kr/B552474/OdsnCodeInquiryService2/getOdsnOrgCodeInquiryList2
0714083,은빛마을노인복지센터,PUB-002B_노인사회활동_기관코드,https://apis.data.go.kr/B552474/OdsnCodeInquiryService2/getOdsnOrgCodeInquiryList2
0001316,대한노인회 부산 서구지회,PUB-002B_노인사회활동_기관코드,https://apis.data.go.kr/B552474/OdsnCodeInquiryService2/getOdsnOrgCodeInquiryList2
0877083,마을안전지원센터 사회적협동조합,PUB-002B_노인사회활동_기관코드,https://apis.data.go.kr/B552474/OdsnCodeInquiryService2/getOdsnOrgCodeInquiryList2
0002766,서울시양천구재가노인복지기관,PUB-002B_노인사회활동_기관코드,https://apis.data.go.kr/B552474/OdsnCodeInquiryService2/getOdsnOrgCodeInquiryList2
1041084,다도해 상서명품마을 완복 협동조합,PUB-002B_노인사회활동_기관코드,https://apis.data.go.kr/B552474/OdsnCodeInquiryService2/getOdsnOrgCodeInquiryList2
0002807,(사)대한노인회 울진군지회,PUB-002B_노인사회활동_기관코드,https://apis.data.go.kr/B552474/OdsnCodeInquiryService2/getOdsnOrgCodeInquiryList2
0000239,기장군 경제산업국 일자리경제과,PUB-002B_노인사회활동_기관코드,https://apis.data.go.kr/B552474/OdsnCodeInquiryService2/getOdsnOrgCodeInquiryList2
0702083,안성의료복지사회적협동조합,PUB-002B_노인사회활동_기관코드,https://apis.data.go.kr/B552474/OdsnCodeInquiryService2/getOdsnOrgCodeInquiryList2
0909084,주식회사 대구메트로환경,PUB-002B_노인사회활동_기관코드,https://apis.data.go.kr/B552474/OdsnCodeInquiryService2/getOdsnOrgCodeInquiryList2
0002518,평화사랑방센터,PUB-002B_노인사회활동_기관코드,https://apis.data.go.kr/B552474/OdsnCodeInquiryService2/getOdsnOrgCodeInquiryList2
1042084,대영전자(주),PUB-002B_노인사회활동_기관코드,https://apis.data.go.kr/B552474/OdsnCodeInquiryService2/getOdsnOrgCodeInquiryList2
1042091,(주)종합건축사사무소근정,PUB-002B_노인사회활동_기관코드,https://apis.data.go.kr/B552474/OdsnCodeInquiryService2/getOdsnOrgCodeInquiryList2
1044146,(사)대한양궁협회,PUB-002B_노인사회활동_기관코드,https://apis.data.go.kr/B552474/OdsnCodeInquiryService2/getOdsnOrgCodeInquiryList2
1050111,주식회사 경신정밀,PUB-002B_노인사회활동_기관코드,https://apis.data.go.kr/B552474/OdsnCodeInquiryService2/getOdsnOrgCodeInquiryList2
0765084,국민건강보험동우회사회적협동조합,PUB-002B_노인사회활동_기관코드,https://apis.data.go.kr/B552474/OdsnCodeInquiryService2/getOdsnOrgCodeInquiryList2
0002542,홍천군노인복지관,PUB-002B_노인사회활동_기관코드,https://apis.data.go.kr/B552474/OdsnCodeInquiryService2/getOdsnOrgCodeInquiryList2
0833083,내일관광여행사 협동조합,PUB-002B_노인사회활동_기관코드,https://apis.data.go.kr/B552474/OdsnCodeInquiryService2/getOdsnOrgCodeInquiryList2
1044142,(주)라온엔지니어링건축사사무소,PUB-002B_노인사회활동_기관코드,https://apis.data.go.kr/B552474/OdsnCodeInquiryService2/getOdsnOrgCodeInquiryList2
0581083,해찬농업회사법인주식회사,PUB-002B_노인사회활동_기관코드,https://apis.data.go.kr/B552474/OdsnCodeInquiryService2/getOdsnOrgCodeInquiryList2
0596084,중앙생명연구원(주),PUB-002B_노인사회활동_기관코드,https://apis.data.go.kr/B552474/OdsnCodeInquiryService2/getOdsnOrgCodeInquiryList2
0715083,하남시감일종합사회복지관,PUB-002B_노인사회활동_기관코드,https://apis.data.go.kr/B552474/OdsnCodeInquiryService2/getOdsnOrgCodeInquiryList2
0829083,재단법인 굿네이버스 미래재단,PUB-002B_노인사회활동_기관코드,https://apis.data.go.kr/B552474/OdsnCodeInquiryService2/getOdsnOrgCodeInquiryList2
0883083,영암시니어클럽,PUB-002B_노인사회활동_기관코드,https://apis.data.go.kr/B552474/OdsnCodeInquiryService2/getOdsnOrgCodeInquiryList2
0980084,사회적협동조합양지뜰,PUB-002B_노인사회활동_기관코드,https://apis.data.go.kr/B552474/OdsnCodeInquiryService2/getOdsnOrgCodeInquiryList2
1017083,세원관리,PUB-002B_노인사회활동_기관코드,https://apis.data.go.kr/B552474/OdsnCodeInquiryService2/getOdsnOrgCodeInquiryList2
1037085,주식회사 엘리오,PUB-002B_노인사회활동_기관코드,https://apis.data.go.kr/B552474/OdsnCodeInquiryService2/getOdsnOrgCodeInquiryList2
1048101,(주)그린플러스,PUB-002B_노인사회활동_기관코드,https://apis.data.go.kr/B552474/OdsnCodeInquiryService2/getOdsnOrgCodeInquiryList2
0856083,함께마음을나누는 사회적협동조합 소통,PUB-002B_노인사회활동_기관코드,https://apis.data.go.kr/B552474/OdsnCodeInquiryService2/getOdsnOrgCodeInquiryList2
0002739,부산중구시니어클럽,PUB-002B_노인사회활동_기관코드,https://apis.data.go.kr/B552474/OdsnCodeInquiryService2/getOdsnOrgCodeInquiryList2
0000379,광양시청,PUB-002B_노인사회활동_기관코드,https://apis.data.go.kr/B552474/OdsnCodeInquiryService2/getOdsnOrgCodeInquiryList2
1039132,영월효문화원,PUB-002B_노인사회활동_기관코드,https://apis.data.go.kr/B552474/OdsnCodeInquiryService2/getOdsnOrgCodeInquiryList2
1039136,제천시실버복지관,PUB-002B_노인사회활동_기관코드,https://apis.data.go.kr/B552474/OdsnCodeInquiryService2/getOdsnOrgCodeInquiryList2
0610085,자연유치원,PUB-002B_노인사회활동_기관코드,https://apis.data.go.kr/B552474/OdsnCodeInquiryService2/getOdsnOrgCodeInquiryList2
0678083,중계종합사회복지관,PUB-002B_노인사회활동_기관코드,https://apis.data.go.kr/B552474/OdsnCodeInquiryService2/getOdsnOrgCodeInquiryList2
0833088,(주)가온에프에스,PUB-002B_노인사회활동_기관코드,https://apis.data.go.kr/B552474/OdsnCodeInquiryService2/getOdsnOrgCodeInquiryList2
1039121,에쓰푸드(주),PUB-002B_노인사회활동_기관코드,https://apis.data.go.kr/B552474/OdsnCodeInquiryService2/getOdsnOrgCodeInquiryList2
0807083,무주노인종합복지관,PUB-002B_노인사회활동_기관코드,https://apis.data.go.kr/B552474/OdsnCodeInquiryService2/getOdsnOrgCodeInquiryList2
0926083,강동종합사회복지관,PUB-002B_노인사회활동_기관코드,https://apis.data.go.kr/B552474/OdsnCodeInquiryService2/getOdsnOrgCodeInquiryList2
1042090,(주)월드케미칼,PUB-002B_노인사회활동_기관코드,https://apis.data.go.kr/B552474/OdsnCodeInquiryService2/getOdsnOrgCodeInquiryList2
1044097,전진산업 주식회사,PUB-002B_노인사회활동_기관코드,https://apis.data.go.kr/B552474/OdsnCodeInquiryService2/getOdsnOrgCodeInquiryList2
1044126,문정노인종합복지관,PUB-002B_노인사회활동_기관코드,https://apis.data.go.kr/B552474/OdsnCodeInquiryService2/getOdsnOrgCodeInquiryList2
0000906,대한노인회 충북 청주시 흥덕청원구지회,PUB-002B_노인사회활동_기관코드,https://apis.data.go.kr/B552474/OdsnCodeInquiryService2/getOdsnOrgCodeInquiryList2
0627083,다담유한회사농업회사법인,PUB-002B_노인사회활동_기관코드,https://apis.data.go.kr/B552474/OdsnCodeInquiryService2/getOdsnOrgCodeInquiryList2
0700083,(주)삼화,PUB-002B_노인사회활동_기관코드,https://apis.data.go.kr/B552474/OdsnCodeInquiryService2/getOdsnOrgCodeInquiryList2
0779083,상신브레이크(주),PUB-002B_노인사회활동_기관코드,https://apis.data.go.kr/B552474/OdsnCodeInquiryService2/getOdsnOrgCodeInquiryList2
0858083,주양제이앤와이주식회사,PUB-002B_노인사회활동_기관코드,https://apis.data.go.kr/B552474/OdsnCodeInquiryService2/getOdsnOrgCodeInquiryList2
0001674,증평군청 행복돌봄과 노인복지팀,PUB-002B_노인사회활동_기관코드,https://apis.data.go.kr/B552474/OdsnCodeInquiryService2/getOdsnOrgCodeInquiryList2
0000717,이화여자대학교 종합사회복지관,PUB-002B_노인사회활동_기관코드,https://apis.data.go.kr/B552474/OdsnCodeInquiryService2/getOdsnOrgCodeInquiryList2
1039103,의료법인동춘의료재단문경제일병원,PUB-002B_노인사회활동_기관코드,https://apis.data.go.kr/B552474/OdsnCodeInquiryService2/getOdsnOrgCodeInquiryList2
1039122,(주)에스.씨.엠,PUB-002B_노인사회활동_기관코드,https://apis.data.go.kr/B552474/OdsnCodeInquiryService2/getOdsnOrgCodeInquiryList2
1044098,(주)한양에코텍,PUB-002B_노인사회활동_기관코드,https://apis.data.go.kr/B552474/OdsnCodeInquiryService2/getOdsnOrgCodeInquiryList2
1044112,법동종합사회복지관,PUB-002B_노인사회활동_기관코드,https://apis.data.go.kr/B552474/OdsnCodeInquiryService2/getOdsnOrgCodeInquiryList2
1048100,의료법인 덕산의료재단,PUB-002B_노인사회활동_기관코드,https://apis.data.go.kr/B552474/OdsnCodeInquiryService2/getOdsnOrgCodeInquiryList2
0673083,시흥시노인종합복지관,PUB-002B_노인사회활동_기관코드,https://apis.data.go.kr/B552474/OdsnCodeInquiryService2/getOdsnOrgCodeInquiryList2
0718084,한밭종합사회복지관,PUB-002B_노인사회활동_기관코드,https://apis.data.go.kr/B552474/OdsnCodeInquiryService2/getOdsnOrgCodeInquiryList2
0720083,부평남부노인문화센터,PUB-002B_노인사회활동_기관코드,https://apis.data.go.kr/B552474/OdsnCodeInquiryService2/getOdsnOrgCodeInquiryList2
0755084,대성엘티(주),PUB-002B_노인사회활동_기관코드,https://apis.data.go.kr/B552474/OdsnCodeInquiryService2/getOdsnOrgCodeInquiryList2
0833084,농업회사법인(주)동서웰빙,PUB-002B_노인사회활동_기관코드,https://apis.data.go.kr/B552474/OdsnCodeInquiryService2/getOdsnOrgCodeInquiryList2
1037091,상도은빛복지관,PUB-002B_노인사회활동_기관코드,https://apis.data.go.kr/B552474/OdsnCodeInquiryService2/getOdsnOrgCodeInquiryList2
0610086,노원어르신행복주식회사,PUB-002B_노인사회활동_기관코드,https://apis.data.go.kr/B552474/OdsnCodeInquiryService2/getOdsnOrgCodeInquiryList2
0742084,세무법인길,PUB-002B_노인사회활동_기관코드,https://apis.data.go.kr/B552474/OdsnCodeInquiryService2/getOdsnOrgCodeInquiryList2
0795083,여민동락사회적협동조합,PUB-002B_노인사회활동_기관코드,https://apis.data.go.kr/B552474/OdsnCodeInquiryService2/getOdsnOrgCodeInquiryList2
0797084,삼성염직(주),PUB-002B_노인사회활동_기관코드,https://apis.data.go.kr/B552474/OdsnCodeInquiryService2/getOdsnOrgCodeInquiryList2
0853084,주식회사 만나,PUB-002B_노인사회활동_기관코드,https://apis.data.go.kr/B552474/OdsnCodeInquiryService2/getOdsnOrgCodeInquiryList2
0002397,우리마포복지관,PUB-002B_노인사회활동_기관코드,https://apis.data.go.kr/B552474/OdsnCodeInquiryService2/getOdsnOrgCodeInquiryList2
0988083,신광면사무소,PUB-002B_노인사회활동_기관코드,https://apis.data.go.kr/B552474/OdsnCodeInquiryService2/getOdsnOrgCodeInquiryList2
1005083,달성군남부노인복지관,PUB-002B_노인사회활동_기관코드,https://apis.data.go.kr/B552474/OdsnCodeInquiryService2/getOdsnOrgCodeInquiryList2
1039115,일모아 사회적협동조합,PUB-002B_노인사회활동_기관코드,https://apis.data.go.kr/B552474/OdsnCodeInquiryService2/getOdsnOrgCodeInquiryList2
1039119,사단법인 고창군자원봉사센터,PUB-002B_노인사회활동_기관코드,https://apis.data.go.kr/B552474/OdsnCodeInquiryService2/getOdsnOrgCodeInquiryList2
1042089,주식회사 닥터서플라이,PUB-002B_노인사회활동_기관코드,https://apis.data.go.kr/B552474/OdsnCodeInquiryService2/getOdsnOrgCodeInquiryList2
0684083,사회복지법인불국토 부민노인복지관,PUB-002B_노인사회활동_기관코드,https://apis.data.go.kr/B552474/OdsnCodeInquiryService2/getOdsnOrgCodeInquiryList2
0000824,남원자활후견기관,PUB-002B_노인사회활동_기관코드,https://apis.data.go.kr/B552474/OdsnCodeInquiryService2/getOdsnOrgCodeInquiryList2
0000491,대구광역시노인종합복지관,PUB-002B_노인사회활동_기관코드,https://apis.data.go.kr/B552474/OdsnCodeInquiryService2/getOdsnOrgCodeInquiryList2
0935083,용문종합사회복지관 1,PUB-002B_노인사회활동_기관코드,https://apis.data.go.kr/B552474/OdsnCodeInquiryService2/getOdsnOrgCodeInquiryList2
0937083,(사)경기도사회적경제협회 시니어사업단,PUB-002B_노인사회활동_기관코드,https://apis.data.go.kr/B552474/OdsnCodeInquiryService2/getOdsnOrgCodeInquiryList2
0965083,주식회사 행복인디제이,PUB-002B_노인사회활동_기관코드,https://apis.data.go.kr/B552474/OdsnCodeInquiryService2/getOdsnOrgCodeInquiryList2
0975083,청도시니어클럽,PUB-002B_노인사회활동_기관코드,https://apis.data.go.kr/B552474/OdsnCodeInquiryService2/getOdsnOrgCodeInquiryList2
1032083,주식회사 엔식품,PUB-002B_노인사회활동_기관코드,https://apis.data.go.kr/B552474/OdsnCodeInquiryService2/getOdsnOrgCodeInquiryList2
1044101,삼보오토 주식회사,PUB-002B_노인사회활동_기관코드,https://apis.data.go.kr/B552474/OdsnCodeInquiryService2/getOdsnOrgCodeInquiryList2
