성별,시도,자격,판정등급,판정인원수,source_period,source_endpoint,source_dataset
남자,서울특별시,일반,1등급,1848,2015,https://api.odcloud.kr/api/15072696/v1/uddi:553b4d25-80c0-471b-9cc7-af7abee0b329,PUB-010_시도별_장기요양판정
남자,서울특별시,일반,2등급,2552,2015,https://api.odcloud.kr/api/15072696/v1/uddi:553b4d25-80c0-471b-9cc7-af7abee0b329,PUB-010_시도별_장기요양판정
남자,서울특별시,일반,3등급,6392,2015,https://api.odcloud.kr/api/15072696/v1/uddi:553b4d25-80c0-471b-9cc7-af7abee0b329,PUB-010_시도별_장기요양판정
남자,서울특별시,일반,4등급,4641,2015,https://api.odcloud.kr/api/15072696/v1/uddi:553b4d25-80c0-471b-9cc7-af7abee0b329,PUB-010_시도별_장기요양판정
남자,서울특별시,일반,5등급,628,2015,https://api.odcloud.kr/api/15072696/v1/uddi:553b4d25-80c0-471b-9cc7-af7abee0b329,PUB-010_시도별_장기요양판정
남자,서울특별시,일반,등급외,2769,2015,https://api.odcloud.kr/api/15072696/v1/uddi:553b4d25-80c0-471b-9cc7-af7abee0b329,PUB-010_시도별_장기요양판정
남자,서울특별시,경감,1등급,318,2015,https://api.odcloud.kr/api/15072696/v1/uddi:553b4d25-80c0-471b-9cc7-af7abee0b329,PUB-010_시도별_장기요양판정
남자,서울특별시,경감,2등급,492,2015,https://api.odcloud.kr/api/15072696/v1/uddi:553b4d25-80c0-471b-9cc7-af7abee0b329,PUB-010_시도별_장기요양판정
남자,서울특별시,경감,3등급,1304,2015,https://api.odcloud.kr/api/15072696/v1/uddi:553b4d25-80c0-471b-9cc7-af7abee0b329,PUB-010_시도별_장기요양판정
남자,서울특별시,경감,4등급,881,2015,https://api.odcloud.kr/api/15072696/v1/uddi:553b4d25-80c0-471b-9cc7-af7abee0b329,PUB-010_시도별_장기요양판정
남자,서울특별시,경감,5등급,81,2015,https://api.odcloud.kr/api/15072696/v1/uddi:553b4d25-80c0-471b-9cc7-af7abee0b329,PUB-010_시도별_장기요양판정
남자,서울특별시,경감,등급외,108,2015,https://api.odcloud.kr/api/15072696/v1/uddi:553b4d25-80c0-471b-9cc7-af7abee0b329,PUB-010_시도별_장기요양판정
남자,서울특별시,의료급여,1등급,19,2015,https://api.odcloud.kr/api/15072696/v1/uddi:553b4d25-80c0-471b-9cc7-af7abee0b329,PUB-010_시도별_장기요양판정
남자,서울특별시,의료급여,2등급,34,2015,https://api.odcloud.kr/api/15072696/v1/uddi:553b4d25-80c0-471b-9cc7-af7abee0b329,PUB-010_시도별_장기요양판정
남자,서울특별시,의료급여,3등급,103,2015,https://api.odcloud.kr/api/15072696/v1/uddi:553b4d25-80c0-471b-9cc7-af7abee0b329,PUB-010_시도별_장기요양판정
남자,서울특별시,의료급여,4등급,68,2015,https://api.odcloud.kr/api/15072696/v1/uddi:553b4d25-80c0-471b-9cc7-af7abee0b329,PUB-010_시도별_장기요양판정
남자,서울특별시,의료급여,5등급,11,2015,https://api.odcloud.kr/api/15072696/v1/uddi:553b4d25-80c0-471b-9cc7-af7abee0b329,PUB-010_시도별_장기요양판정
남자,서울특별시,의료급여,등급외,52,2015,https://api.odcloud.kr/api/15072696/v1/uddi:553b4d25-80c0-471b-9cc7-af7abee0b329,PUB-010_시도별_장기요양판정
남자,서울특별시,기초수급,1등급,256,2015,https://api.odcloud.kr/api/15072696/v1/uddi:553b4d25-80c0-471b-9cc7-af7abee0b329,PUB-010_시도별_장기요양판정
남자,서울특별시,기초수급,2등급,326,2015,https://api.odcloud.kr/api/15072696/v1/uddi:553b4d25-80c0-471b-9cc7-af7abee0b329,PUB-010_시도별_장기요양판정
남자,서울특별시,기초수급,3등급,965,2015,https://api.odcloud.kr/api/15072696/v1/uddi:553b4d25-80c0-471b-9cc7-af7abee0b329,PUB-010_시도별_장기요양판정
남자,서울특별시,기초수급,4등급,1062,2015,https://api.odcloud.kr/api/15072696/v1/uddi:553b4d25-80c0-471b-9cc7-af7abee0b329,PUB-010_시도별_장기요양판정
남자,서울특별시,기초수급,5등급,83,2015,https://api.odcloud.kr/api/15072696/v1/uddi:553b4d25-80c0-471b-9cc7-af7abee0b329,PUB-010_시도별_장기요양판정
남자,서울특별시,기초수급,등급외,1206,2015,https://api.odcloud.kr/api/15072696/v1/uddi:553b4d25-80c0-471b-9cc7-af7abee0b329,PUB-010_시도별_장기요양판정
여자,서울특별시,일반,1등급,3716,2015,https://api.odcloud.kr/api/15072696/v1/uddi:553b4d25-80c0-471b-9cc7-af7abee0b329,PUB-010_시도별_장기요양판정
여자,서울특별시,일반,2등급,6431,2015,https://api.odcloud.kr/api/15072696/v1/uddi:553b4d25-80c0-471b-9cc7-af7abee0b329,PUB-010_시도별_장기요양판정
여자,서울특별시,일반,3등급,14100,2015,https://api.odcloud.kr/api/15072696/v1/uddi:553b4d25-80c0-471b-9cc7-af7abee0b329,PUB-010_시도별_장기요양판정
여자,서울특별시,일반,4등급,11249,2015,https://api.odcloud.kr/api/15072696/v1/uddi:553b4d25-80c0-471b-9cc7-af7abee0b329,PUB-010_시도별_장기요양판정
여자,서울특별시,일반,5등급,1646,2015,https://api.odcloud.kr/api/15072696/v1/uddi:553b4d25-80c0-471b-9cc7-af7abee0b329,PUB-010_시도별_장기요양판정
여자,서울특별시,일반,등급외,7485,2015,https://api.odcloud.kr/api/15072696/v1/uddi:553b4d25-80c0-471b-9cc7-af7abee0b329,PUB-010_시도별_장기요양판정
여자,서울특별시,경감,1등급,790,2015,https://api.odcloud.kr/api/15072696/v1/uddi:553b4d25-80c0-471b-9cc7-af7abee0b329,PUB-010_시도별_장기요양판정
여자,서울특별시,경감,2등급,1560,2015,https://api.odcloud.kr/api/15072696/v1/uddi:553b4d25-80c0-471b-9cc7-af7abee0b329,PUB-010_시도별_장기요양판정
여자,서울특별시,경감,3등급,3378,2015,https://api.odcloud.kr/api/15072696/v1/uddi:553b4d25-80c0-471b-9cc7-af7abee0b329,PUB-010_시도별_장기요양판정
여자,서울특별시,경감,4등급,2481,2015,https://api.odcloud.kr/api/15072696/v1/uddi:553b4d25-80c0-471b-9cc7-af7abee0b329,PUB-010_시도별_장기요양판정
여자,서울특별시,경감,5등급,285,2015,https://api.odcloud.kr/api/15072696/v1/uddi:553b4d25-80c0-471b-9cc7-af7abee0b329,PUB-010_시도별_장기요양판정
여자,서울특별시,경감,등급외,313,2015,https://api.odcloud.kr/api/15072696/v1/uddi:553b4d25-80c0-471b-9cc7-af7abee0b329,PUB-010_시도별_장기요양판정
여자,서울특별시,의료급여,1등급,47,2015,https://api.odcloud.kr/api/15072696/v1/uddi:553b4d25-80c0-471b-9cc7-af7abee0b329,PUB-010_시도별_장기요양판정
여자,서울특별시,의료급여,2등급,86,2015,https://api.odcloud.kr/api/15072696/v1/uddi:553b4d25-80c0-471b-9cc7-af7abee0b329,PUB-010_시도별_장기요양판정
여자,서울특별시,의료급여,3등급,208,2015,https://api.odcloud.kr/api/15072696/v1/uddi:553b4d25-80c0-471b-9cc7-af7abee0b329,PUB-010_시도별_장기요양판정
여자,서울특별시,의료급여,4등급,161,2015,https://api.odcloud.kr/api/15072696/v1/uddi:553b4d25-80c0-471b-9cc7-af7abee0b329,PUB-010_시도별_장기요양판정
여자,서울특별시,의료급여,5등급,24,2015,https://api.odcloud.kr/api/15072696/v1/uddi:553b4d25-80c0-471b-9cc7-af7abee0b329,PUB-010_시도별_장기요양판정
여자,서울특별시,의료급여,등급외,116,2015,https://api.odcloud.kr/api/15072696/v1/uddi:553b4d25-80c0-471b-9cc7-af7abee0b329,PUB-010_시도별_장기요양판정
여자,서울특별시,기초수급,1등급,680,2015,https://api.odcloud.kr/api/15072696/v1/uddi:553b4d25-80c0-471b-9cc7-af7abee0b329,PUB-010_시도별_장기요양판정
여자,서울특별시,기초수급,2등급,1079,2015,https://api.odcloud.kr/api/15072696/v1/uddi:553b4d25-80c0-471b-9cc7-af7abee0b329,PUB-010_시도별_장기요양판정
여자,서울특별시,기초수급,3등급,2779,2015,https://api.odcloud.kr/api/15072696/v1/uddi:553b4d25-80c0-471b-9cc7-af7abee0b329,PUB-010_시도별_장기요양판정
여자,서울특별시,기초수급,4등급,3027,2015,https://api.odcloud.kr/api/15072696/v1/uddi:553b4d25-80c0-471b-9cc7-af7abee0b329,PUB-010_시도별_장기요양판정
여자,서울특별시,기초수급,5등급,216,2015,https://api.odcloud.kr/api/15072696/v1/uddi:553b4d25-80c0-471b-9cc7-af7abee0b329,PUB-010_시도별_장기요양판정
여자,서울특별시,기초수급,등급외,3013,2015,https://api.odcloud.kr/api/15072696/v1/uddi:553b4d25-80c0-471b-9cc7-af7abee0b329,PUB-010_시도별_장기요양판정
남자,부산광역시,일반,1등급,469,2015,https://api.odcloud.kr/api/15072696/v1/uddi:553b4d25-80c0-471b-9cc7-af7abee0b329,PUB-010_시도별_장기요양판정
남자,부산광역시,일반,2등급,738,2015,https://api.odcloud.kr/api/15072696/v1/uddi:553b4d25-80c0-471b-9cc7-af7abee0b329,PUB-010_시도별_장기요양판정
남자,부산광역시,일반,3등급,2027,2015,https://api.odcloud.kr/api/15072696/v1/uddi:553b4d25-80c0-471b-9cc7-af7abee0b329,PUB-010_시도별_장기요양판정
남자,부산광역시,일반,4등급,1514,2015,https://api.odcloud.kr/api/15072696/v1/uddi:553b4d25-80c0-471b-9cc7-af7abee0b329,PUB-010_시도별_장기요양판정
남자,부산광역시,일반,5등급,152,2015,https://api.odcloud.kr/api/15072696/v1/uddi:553b4d25-80c0-471b-9cc7-af7abee0b329,PUB-010_시도별_장기요양판정
남자,부산광역시,일반,등급외,1702,2015,https://api.odcloud.kr/api/15072696/v1/uddi:553b4d25-80c0-471b-9cc7-af7abee0b329,PUB-010_시도별_장기요양판정
남자,부산광역시,경감,1등급,93,2015,https://api.odcloud.kr/api/15072696/v1/uddi:553b4d25-80c0-471b-9cc7-af7abee0b329,PUB-010_시도별_장기요양판정
남자,부산광역시,경감,2등급,166,2015,https://api.odcloud.kr/api/15072696/v1/uddi:553b4d25-80c0-471b-9cc7-af7abee0b329,PUB-010_시도별_장기요양판정
남자,부산광역시,경감,3등급,418,2015,https://api.odcloud.kr/api/15072696/v1/uddi:553b4d25-80c0-471b-9cc7-af7abee0b329,PUB-010_시도별_장기요양판정
남자,부산광역시,경감,4등급,339,2015,https://api.odcloud.kr/api/15072696/v1/uddi:553b4d25-80c0-471b-9cc7-af7abee0b329,PUB-010_시도별_장기요양판정
남자,부산광역시,경감,5등급,38,2015,https://api.odcloud.kr/api/15072696/v1/uddi:553b4d25-80c0-471b-9cc7-af7abee0b329,PUB-010_시도별_장기요양판정
남자,부산광역시,경감,등급외,91,2015,https://api.odcloud.kr/api/15072696/v1/uddi:553b4d25-80c0-471b-9cc7-af7abee0b329,PUB-010_시도별_장기요양판정
남자,부산광역시,의료급여,1등급,3,2015,https://api.odcloud.kr/api/15072696/v1/uddi:553b4d25-80c0-471b-9cc7-af7abee0b329,PUB-010_시도별_장기요양판정
남자,부산광역시,의료급여,2등급,16,2015,https://api.odcloud.kr/api/15072696/v1/uddi:553b4d25-80c0-471b-9cc7-af7abee0b329,PUB-010_시도별_장기요양판정
남자,부산광역시,의료급여,3등급,31,2015,https://api.odcloud.kr/api/15072696/v1/uddi:553b4d25-80c0-471b-9cc7-af7abee0b329,PUB-010_시도별_장기요양판정
남자,부산광역시,의료급여,4등급,27,2015,https://api.odcloud.kr/api/15072696/v1/uddi:553b4d25-80c0-471b-9cc7-af7abee0b329,PUB-010_시도별_장기요양판정
남자,부산광역시,의료급여,5등급,3,2015,https://api.odcloud.kr/api/15072696/v1/uddi:553b4d25-80c0-471b-9cc7-af7abee0b329,PUB-010_시도별_장기요양판정
남자,부산광역시,의료급여,등급외,36,2015,https://api.odcloud.kr/api/15072696/v1/uddi:553b4d25-80c0-471b-9cc7-af7abee0b329,PUB-010_시도별_장기요양판정
남자,부산광역시,기초수급,1등급,77,2015,https://api.odcloud.kr/api/15072696/v1/uddi:553b4d25-80c0-471b-9cc7-af7abee0b329,PUB-010_시도별_장기요양판정
남자,부산광역시,기초수급,2등급,151,2015,https://api.odcloud.kr/api/15072696/v1/uddi:553b4d25-80c0-471b-9cc7-af7abee0b329,PUB-010_시도별_장기요양판정
남자,부산광역시,기초수급,3등급,446,2015,https://api.odcloud.kr/api/15072696/v1/uddi:553b4d25-80c0-471b-9cc7-af7abee0b329,PUB-010_시도별_장기요양판정
남자,부산광역시,기초수급,4등급,465,2015,https://api.odcloud.kr/api/15072696/v1/uddi:553b4d25-80c0-471b-9cc7-af7abee0b329,PUB-010_시도별_장기요양판정
남자,부산광역시,기초수급,5등급,20,2015,https://api.odcloud.kr/api/15072696/v1/uddi:553b4d25-80c0-471b-9cc7-af7abee0b329,PUB-010_시도별_장기요양판정
남자,부산광역시,기초수급,등급외,1040,2015,https://api.odcloud.kr/api/15072696/v1/uddi:553b4d25-80c0-471b-9cc7-af7abee0b329,PUB-010_시도별_장기요양판정
여자,부산광역시,일반,1등급,961,2015,https://api.odcloud.kr/api/15072696/v1/uddi:553b4d25-80c0-471b-9cc7-af7abee0b329,PUB-010_시도별_장기요양판정
여자,부산광역시,일반,2등급,1730,2015,https://api.odcloud.kr/api/15072696/v1/uddi:553b4d25-80c0-471b-9cc7-af7abee0b329,PUB-010_시도별_장기요양판정
여자,부산광역시,일반,3등급,4077,2015,https://api.odcloud.kr/api/15072696/v1/uddi:553b4d25-80c0-471b-9cc7-af7abee0b329,PUB-010_시도별_장기요양판정
여자,부산광역시,일반,4등급,4053,2015,https://api.odcloud.kr/api/15072696/v1/uddi:553b4d25-80c0-471b-9cc7-af7abee0b329,PUB-010_시도별_장기요양판정
여자,부산광역시,일반,5등급,496,2015,https://api.odcloud.kr/api/15072696/v1/uddi:553b4d25-80c0-471b-9cc7-af7abee0b329,PUB-010_시도별_장기요양판정
여자,부산광역시,일반,등급외,5356,2015,https://api.odcloud.kr/api/15072696/v1/uddi:553b4d25-80c0-471b-9cc7-af7abee0b329,PUB-010_시도별_장기요양판정
여자,부산광역시,경감,1등급,262,2015,https://api.odcloud.kr/api/15072696/v1/uddi:553b4d25-80c0-471b-9cc7-af7abee0b329,PUB-010_시도별_장기요양판정
여자,부산광역시,경감,2등급,491,2015,https://api.odcloud.kr/api/15072696/v1/uddi:553b4d25-80c0-471b-9cc7-af7abee0b329,PUB-010_시도별_장기요양판정
여자,부산광역시,경감,3등급,1074,2015,https://api.odcloud.kr/api/15072696/v1/uddi:553b4d25-80c0-471b-9cc7-af7abee0b329,PUB-010_시도별_장기요양판정
여자,부산광역시,경감,4등급,1064,2015,https://api.odcloud.kr/api/15072696/v1/uddi:553b4d25-80c0-471b-9cc7-af7abee0b329,PUB-010_시도별_장기요양판정
여자,부산광역시,경감,5등급,108,2015,https://api.odcloud.kr/api/15072696/v1/uddi:553b4d25-80c0-471b-9cc7-af7abee0b329,PUB-010_시도별_장기요양판정
여자,부산광역시,경감,등급외,271,2015,https://api.odcloud.kr/api/15072696/v1/uddi:553b4d25-80c0-471b-9cc7-af7abee0b329,PUB-010_시도별_장기요양판정
여자,부산광역시,의료급여,1등급,17,2015,https://api.odcloud.kr/api/15072696/v1/uddi:553b4d25-80c0-471b-9cc7-af7abee0b329,PUB-010_시도별_장기요양판정
여자,부산광역시,의료급여,2등급,28,2015,https://api.odcloud.kr/api/15072696/v1/uddi:553b4d25-80c0-471b-9cc7-af7abee0b329,PUB-010_시도별_장기요양판정
여자,부산광역시,의료급여,3등급,85,2015,https://api.odcloud.kr/api/15072696/v1/uddi:553b4d25-80c0-471b-9cc7-af7abee0b329,PUB-010_시도별_장기요양판정
여자,부산광역시,의료급여,4등급,72,2015,https://api.odcloud.kr/api/15072696/v1/uddi:553b4d25-80c0-471b-9cc7-af7abee0b329,PUB-010_시도별_장기요양판정
여자,부산광역시,의료급여,5등급,13,2015,https://api.odcloud.kr/api/15072696/v1/uddi:553b4d25-80c0-471b-9cc7-af7abee0b329,PUB-010_시도별_장기요양판정
여자,부산광역시,의료급여,등급외,118,2015,https://api.odcloud.kr/api/15072696/v1/uddi:553b4d25-80c0-471b-9cc7-af7abee0b329,PUB-010_시도별_장기요양판정
여자,부산광역시,기초수급,1등급,266,2015,https://api.odcloud.kr/api/15072696/v1/uddi:553b4d25-80c0-471b-9cc7-af7abee0b329,PUB-010_시도별_장기요양판정
여자,부산광역시,기초수급,2등급,495,2015,https://api.odcloud.kr/api/15072696/v1/uddi:553b4d25-80c0-471b-9cc7-af7abee0b329,PUB-010_시도별_장기요양판정
여자,부산광역시,기초수급,3등급,1122,2015,https://api.odcloud.kr/api/15072696/v1/uddi:553b4d25-80c0-471b-9cc7-af7abee0b329,PUB-010_시도별_장기요양판정
여자,부산광역시,기초수급,4등급,1338,2015,https://api.odcloud.kr/api/15072696/v1/uddi:553b4d25-80c0-471b-9cc7-af7abee0b329,PUB-010_시도별_장기요양판정
여자,부산광역시,기초수급,5등급,91,2015,https://api.odcloud.kr/api/15072696/v1/uddi:553b4d25-80c0-471b-9cc7-af7abee0b329,PUB-010_시도별_장기요양판정
여자,부산광역시,기초수급,등급외,2844,2015,https://api.odcloud.kr/api/15072696/v1/uddi:553b4d25-80c0-471b-9cc7-af7abee0b329,PUB-010_시도별_장기요양판정
남자,대구광역시,일반,1등급,269,2015,https://api.odcloud.kr/api/15072696/v1/uddi:553b4d25-80c0-471b-9cc7-af7abee0b329,PUB-010_시도별_장기요양판정
남자,대구광역시,일반,2등급,560,2015,https://api.odcloud.kr/api/15072696/v1/uddi:553b4d25-80c0-471b-9cc7-af7abee0b329,PUB-010_시도별_장기요양판정
남자,대구광역시,일반,3등급,1383,2015,https://api.odcloud.kr/api/15072696/v1/uddi:553b4d25-80c0-471b-9cc7-af7abee0b329,PUB-010_시도별_장기요양판정
남자,대구광역시,일반,4등급,1018,2015,https://api.odcloud.kr/api/15072696/v1/uddi:553b4d25-80c0-471b-9cc7-af7abee0b329,PUB-010_시도별_장기요양판정
남자,대구광역시,일반,5등급,180,2015,https://api.odcloud.kr/api/15072696/v1/uddi:553b4d25-80c0-471b-9cc7-af7abee0b329,PUB-010_시도별_장기요양판정
남자,대구광역시,일반,등급외,1075,2015,https://api.odcloud.kr/api/15072696/v1/uddi:553b4d25-80c0-471b-9cc7-af7abee0b329,PUB-010_시도별_장기요양판정
남자,대구광역시,경감,1등급,59,2015,https://api.odcloud.kr/api/15072696/v1/uddi:553b4d25-80c0-471b-9cc7-af7abee0b329,PUB-010_시도별_장기요양판정
남자,대구광역시,경감,2등급,153,2015,https://api.odcloud.kr/api/15072696/v1/uddi:553b4d25-80c0-471b-9cc7-af7abee0b329,PUB-010_시도별_장기요양판정
남자,대구광역시,경감,3등급,376,2015,https://api.odcloud.kr/api/15072696/v1/uddi:553b4d25-80c0-471b-9cc7-af7abee0b329,PUB-010_시도별_장기요양판정
남자,대구광역시,경감,4등급,229,2015,https://api.odcloud.kr/api/15072696/v1/uddi:553b4d25-80c0-471b-9cc7-af7abee0b329,PUB-010_시도별_장기요양판정
남자,대구광역시,경감,5등급,33,2015,https://api.odcloud.kr/api/15072696/v1/uddi:553b4d25-80c0-471b-9cc7-af7abee0b329,PUB-010_시도별_장기요양판정
남자,대구광역시,경감,등급외,73,2015,https://api.odcloud.kr/api/15072696/v1/uddi:553b4d25-80c0-471b-9cc7-af7abee0b329,PUB-010_시도별_장기요양판정
남자,대구광역시,의료급여,1등급,11,2015,https://api.odcloud.kr/api/15072696/v1/uddi:553b4d25-80c0-471b-9cc7-af7abee0b329,PUB-010_시도별_장기요양판정
남자,대구광역시,의료급여,2등급,14,2015,https://api.odcloud.kr/api/15072696/v1/uddi:553b4d25-80c0-471b-9cc7-af7abee0b329,PUB-010_시도별_장기요양판정
남자,대구광역시,의료급여,3등급,35,2015,https://api.odcloud.kr/api/15072696/v1/uddi:553b4d25-80c0-471b-9cc7-af7abee0b329,PUB-010_시도별_장기요양판정
남자,대구광역시,의료급여,4등급,34,2015,https://api.odcloud.kr/api/15072696/v1/uddi:553b4d25-80c0-471b-9cc7-af7abee0b329,PUB-010_시도별_장기요양판정
남자,대구광역시,의료급여,5등급,4,2015,https://api.odcloud.kr/api/15072696/v1/uddi:553b4d25-80c0-471b-9cc7-af7abee0b329,PUB-010_시도별_장기요양판정
남자,대구광역시,의료급여,등급외,38,2015,https://api.odcloud.kr/api/15072696/v1/uddi:553b4d25-80c0-471b-9cc7-af7abee0b329,PUB-010_시도별_장기요양판정
남자,대구광역시,기초수급,1등급,78,2015,https://api.odcloud.kr/api/15072696/v1/uddi:553b4d25-80c0-471b-9cc7-af7abee0b329,PUB-010_시도별_장기요양판정
남자,대구광역시,기초수급,2등급,125,2015,https://api.odcloud.kr/api/15072696/v1/uddi:553b4d25-80c0-471b-9cc7-af7abee0b329,PUB-010_시도별_장기요양판정
남자,대구광역시,기초수급,3등급,345,2015,https://api.odcloud.kr/api/15072696/v1/uddi:553b4d25-80c0-471b-9cc7-af7abee0b329,PUB-010_시도별_장기요양판정
남자,대구광역시,기초수급,4등급,279,2015,https://api.odcloud.kr/api/15072696/v1/uddi:553b4d25-80c0-471b-9cc7-af7abee0b329,PUB-010_시도별_장기요양판정
남자,대구광역시,기초수급,5등급,21,2015,https://api.odcloud.kr/api/15072696/v1/uddi:553b4d25-80c0-471b-9cc7-af7abee0b329,PUB-010_시도별_장기요양판정
남자,대구광역시,기초수급,등급외,573,2015,https://api.odcloud.kr/api/15072696/v1/uddi:553b4d25-80c0-471b-9cc7-af7abee0b329,PUB-010_시도별_장기요양판정
여자,대구광역시,일반,1등급,631,2015,https://api.odcloud.kr/api/15072696/v1/uddi:553b4d25-80c0-471b-9cc7-af7abee0b329,PUB-010_시도별_장기요양판정
여자,대구광역시,일반,2등급,1380,2015,https://api.odcloud.kr/api/15072696/v1/uddi:553b4d25-80c0-471b-9cc7-af7abee0b329,PUB-010_시도별_장기요양판정
여자,대구광역시,일반,3등급,3426,2015,https://api.odcloud.kr/api/15072696/v1/uddi:553b4d25-80c0-471b-9cc7-af7abee0b329,PUB-010_시도별_장기요양판정
여자,대구광역시,일반,4등급,2702,2015,https://api.odcloud.kr/api/15072696/v1/uddi:553b4d25-80c0-471b-9cc7-af7abee0b329,PUB-010_시도별_장기요양판정
여자,대구광역시,일반,5등급,512,2015,https://api.odcloud.kr/api/15072696/v1/uddi:553b4d25-80c0-471b-9cc7-af7abee0b329,PUB-010_시도별_장기요양판정
여자,대구광역시,일반,등급외,3153,2015,https://api.odcloud.kr/api/15072696/v1/uddi:553b4d25-80c0-471b-9cc7-af7abee0b329,PUB-010_시도별_장기요양판정
여자,대구광역시,경감,1등급,187,2015,https://api.odcloud.kr/api/15072696/v1/uddi:553b4d25-80c0-471b-9cc7-af7abee0b329,PUB-010_시도별_장기요양판정
여자,대구광역시,경감,2등급,473,2015,https://api.odcloud.kr/api/15072696/v1/uddi:553b4d25-80c0-471b-9cc7-af7abee0b329,PUB-010_시도별_장기요양판정
여자,대구광역시,경감,3등급,1060,2015,https://api.odcloud.kr/api/15072696/v1/uddi:553b4d25-80c0-471b-9cc7-af7abee0b329,PUB-010_시도별_장기요양판정
여자,대구광역시,경감,4등급,777,2015,https://api.odcloud.kr/api/15072696/v1/uddi:553b4d25-80c0-471b-9cc7-af7abee0b329,PUB-010_시도별_장기요양판정
여자,대구광역시,경감,5등급,126,2015,https://api.odcloud.kr/api/15072696/v1/uddi:553b4d25-80c0-471b-9cc7-af7abee0b329,PUB-010_시도별_장기요양판정
여자,대구광역시,경감,등급외,206,2015,https://api.odcloud.kr/api/15072696/v1/uddi:553b4d25-80c0-471b-9cc7-af7abee0b329,PUB-010_시도별_장기요양판정
여자,대구광역시,의료급여,1등급,15,2015,https://api.odcloud.kr/api/15072696/v1/uddi:553b4d25-80c0-471b-9cc7-af7abee0b329,PUB-010_시도별_장기요양판정
여자,대구광역시,의료급여,2등급,29,2015,https://api.odcloud.kr/api/15072696/v1/uddi:553b4d25-80c0-471b-9cc7-af7abee0b329,PUB-010_시도별_장기요양판정
여자,대구광역시,의료급여,3등급,96,2015,https://api.odcloud.kr/api/15072696/v1/uddi:553b4d25-80c0-471b-9cc7-af7abee0b329,PUB-010_시도별_장기요양판정
여자,대구광역시,의료급여,4등급,86,2015,https://api.odcloud.kr/api/15072696/v1/uddi:553b4d25-80c0-471b-9cc7-af7abee0b329,PUB-010_시도별_장기요양판정
여자,대구광역시,의료급여,5등급,10,2015,https://api.odcloud.kr/api/15072696/v1/uddi:553b4d25-80c0-471b-9cc7-af7abee0b329,PUB-010_시도별_장기요양판정
여자,대구광역시,의료급여,등급외,95,2015,https://api.odcloud.kr/api/15072696/v1/uddi:553b4d25-80c0-471b-9cc7-af7abee0b329,PUB-010_시도별_장기요양판정
여자,대구광역시,기초수급,1등급,217,2015,https://api.odcloud.kr/api/15072696/v1/uddi:553b4d25-80c0-471b-9cc7-af7abee0b329,PUB-010_시도별_장기요양판정
여자,대구광역시,기초수급,2등급,423,2015,https://api.odcloud.kr/api/15072696/v1/uddi:553b4d25-80c0-471b-9cc7-af7abee0b329,PUB-010_시도별_장기요양판정
여자,대구광역시,기초수급,3등급,979,2015,https://api.odcloud.kr/api/15072696/v1/uddi:553b4d25-80c0-471b-9cc7-af7abee0b329,PUB-010_시도별_장기요양판정
여자,대구광역시,기초수급,4등급,861,2015,https://api.odcloud.kr/api/15072696/v1/uddi:553b4d25-80c0-471b-9cc7-af7abee0b329,PUB-010_시도별_장기요양판정
여자,대구광역시,기초수급,5등급,113,2015,https://api.odcloud.kr/api/15072696/v1/uddi:553b4d25-80c0-471b-9cc7-af7abee0b329,PUB-010_시도별_장기요양판정
여자,대구광역시,기초수급,등급외,1542,2015,https://api.odcloud.kr/api/15072696/v1/uddi:553b4d25-80c0-471b-9cc7-af7abee0b329,PUB-010_시도별_장기요양판정
남자,인천광역시,일반,1등급,359,2015,https://api.odcloud.kr/api/15072696/v1/uddi:553b4d25-80c0-471b-9cc7-af7abee0b329,PUB-010_시도별_장기요양판정
남자,인천광역시,일반,2등급,618,2015,https://api.odcloud.kr/api/15072696/v1/uddi:553b4d25-80c0-471b-9cc7-af7abee0b329,PUB-010_시도별_장기요양판정
남자,인천광역시,일반,3등급,1826,2015,https://api.odcloud.kr/api/15072696/v1/uddi:553b4d25-80c0-471b-9cc7-af7abee0b329,PUB-010_시도별_장기요양판정
남자,인천광역시,일반,4등급,1472,2015,https://api.odcloud.kr/api/15072696/v1/uddi:553b4d25-80c0-471b-9cc7-af7abee0b329,PUB-010_시도별_장기요양판정
남자,인천광역시,일반,5등급,135,2015,https://api.odcloud.kr/api/15072696/v1/uddi:553b4d25-80c0-471b-9cc7-af7abee0b329,PUB-010_시도별_장기요양판정
남자,인천광역시,일반,등급외,1142,2015,https://api.odcloud.kr/api/15072696/v1/uddi:553b4d25-80c0-471b-9cc7-af7abee0b329,PUB-010_시도별_장기요양판정
남자,인천광역시,경감,1등급,96,2015,https://api.odcloud.kr/api/15072696/v1/uddi:553b4d25-80c0-471b-9cc7-af7abee0b329,PUB-010_시도별_장기요양판정
남자,인천광역시,경감,2등급,195,2015,https://api.odcloud.kr/api/15072696/v1/uddi:553b4d25-80c0-471b-9cc7-af7abee0b329,PUB-010_시도별_장기요양판정
남자,인천광역시,경감,3등급,411,2015,https://api.odcloud.kr/api/15072696/v1/uddi:553b4d25-80c0-471b-9cc7-af7abee0b329,PUB-010_시도별_장기요양판정
남자,인천광역시,경감,4등급,384,2015,https://api.odcloud.kr/api/15072696/v1/uddi:553b4d25-80c0-471b-9cc7-af7abee0b329,PUB-010_시도별_장기요양판정
남자,인천광역시,경감,5등급,30,2015,https://api.odcloud.kr/api/15072696/v1/uddi:553b4d25-80c0-471b-9cc7-af7abee0b329,PUB-010_시도별_장기요양판정
남자,인천광역시,경감,등급외,44,2015,https://api.odcloud.kr/api/15072696/v1/uddi:553b4d25-80c0-471b-9cc7-af7abee0b329,PUB-010_시도별_장기요양판정
남자,인천광역시,의료급여,1등급,10,2015,https://api.odcloud.kr/api/15072696/v1/uddi:553b4d25-80c0-471b-9cc7-af7abee0b329,PUB-010_시도별_장기요양판정
남자,인천광역시,의료급여,2등급,12,2015,https://api.odcloud.kr/api/15072696/v1/uddi:553b4d25-80c0-471b-9cc7-af7abee0b329,PUB-010_시도별_장기요양판정
남자,인천광역시,의료급여,3등급,32,2015,https://api.odcloud.kr/api/15072696/v1/uddi:553b4d25-80c0-471b-9cc7-af7abee0b329,PUB-010_시도별_장기요양판정
남자,인천광역시,의료급여,4등급,26,2015,https://api.odcloud.kr/api/15072696/v1/uddi:553b4d25-80c0-471b-9cc7-af7abee0b329,PUB-010_시도별_장기요양판정
남자,인천광역시,의료급여,5등급,2,2015,https://api.odcloud.kr/api/15072696/v1/uddi:553b4d25-80c0-471b-9cc7-af7abee0b329,PUB-010_시도별_장기요양판정
남자,인천광역시,의료급여,등급외,28,2015,https://api.odcloud.kr/api/15072696/v1/uddi:553b4d25-80c0-471b-9cc7-af7abee0b329,PUB-010_시도별_장기요양판정
남자,인천광역시,기초수급,1등급,106,2015,https://api.odcloud.kr/api/15072696/v1/uddi:553b4d25-80c0-471b-9cc7-af7abee0b329,PUB-010_시도별_장기요양판정
남자,인천광역시,기초수급,2등급,179,2015,https://api.odcloud.kr/api/15072696/v1/uddi:553b4d25-80c0-471b-9cc7-af7abee0b329,PUB-010_시도별_장기요양판정
남자,인천광역시,기초수급,3등급,545,2015,https://api.odcloud.kr/api/15072696/v1/uddi:553b4d25-80c0-471b-9cc7-af7abee0b329,PUB-010_시도별_장기요양판정
남자,인천광역시,기초수급,4등급,531,2015,https://api.odcloud.kr/api/15072696/v1/uddi:553b4d25-80c0-471b-9cc7-af7abee0b329,PUB-010_시도별_장기요양판정
남자,인천광역시,기초수급,5등급,36,2015,https://api.odcloud.kr/api/15072696/v1/uddi:553b4d25-80c0-471b-9cc7-af7abee0b329,PUB-010_시도별_장기요양판정
남자,인천광역시,기초수급,등급외,688,2015,https://api.odcloud.kr/api/15072696/v1/uddi:553b4d25-80c0-471b-9cc7-af7abee0b329,PUB-010_시도별_장기요양판정
여자,인천광역시,일반,1등급,864,2015,https://api.odcloud.kr/api/15072696/v1/uddi:553b4d25-80c0-471b-9cc7-af7abee0b329,PUB-010_시도별_장기요양판정
여자,인천광역시,일반,2등급,1812,2015,https://api.odcloud.kr/api/15072696/v1/uddi:553b4d25-80c0-471b-9cc7-af7abee0b329,PUB-010_시도별_장기요양판정
여자,인천광역시,일반,3등급,4361,2015,https://api.odcloud.kr/api/15072696/v1/uddi:553b4d25-80c0-471b-9cc7-af7abee0b329,PUB-010_시도별_장기요양판정
여자,인천광역시,일반,4등급,3909,2015,https://api.odcloud.kr/api/15072696/v1/uddi:553b4d25-80c0-471b-9cc7-af7abee0b329,PUB-010_시도별_장기요양판정
여자,인천광역시,일반,5등급,431,2015,https://api.odcloud.kr/api/15072696/v1/uddi:553b4d25-80c0-471b-9cc7-af7abee0b329,PUB-010_시도별_장기요양판정
여자,인천광역시,일반,등급외,3476,2015,https://api.odcloud.kr/api/15072696/v1/uddi:553b4d25-80c0-471b-9cc7-af7abee0b329,PUB-010_시도별_장기요양판정
여자,인천광역시,경감,1등급,257,2015,https://api.odcloud.kr/api/15072696/v1/uddi:553b4d25-80c0-471b-9cc7-af7abee0b329,PUB-010_시도별_장기요양판정
여자,인천광역시,경감,2등급,640,2015,https://api.odcloud.kr/api/15072696/v1/uddi:553b4d25-80c0-471b-9cc7-af7abee0b329,PUB-010_시도별_장기요양판정
여자,인천광역시,경감,3등급,1335,2015,https://api.odcloud.kr/api/15072696/v1/uddi:553b4d25-80c0-471b-9cc7-af7abee0b329,PUB-010_시도별_장기요양판정
여자,인천광역시,경감,4등급,1042,2015,https://api.odcloud.kr/api/15072696/v1/uddi:553b4d25-80c0-471b-9cc7-af7abee0b329,PUB-010_시도별_장기요양판정
여자,인천광역시,경감,5등급,81,2015,https://api.odcloud.kr/api/15072696/v1/uddi:553b4d25-80c0-471b-9cc7-af7abee0b329,PUB-010_시도별_장기요양판정
여자,인천광역시,경감,등급외,129,2015,https://api.odcloud.kr/api/15072696/v1/uddi:553b4d25-80c0-471b-9cc7-af7abee0b329,PUB-010_시도별_장기요양판정
여자,인천광역시,의료급여,1등급,8,2015,https://api.odcloud.kr/api/15072696/v1/uddi:553b4d25-80c0-471b-9cc7-af7abee0b329,PUB-010_시도별_장기요양판정
여자,인천광역시,의료급여,2등급,22,2015,https://api.odcloud.kr/api/15072696/v1/uddi:553b4d25-80c0-471b-9cc7-af7abee0b329,PUB-010_시도별_장기요양판정
여자,인천광역시,의료급여,3등급,64,2015,https://api.odcloud.kr/api/15072696/v1/uddi:553b4d25-80c0-471b-9cc7-af7abee0b329,PUB-010_시도별_장기요양판정
여자,인천광역시,의료급여,4등급,58,2015,https://api.odcloud.kr/api/15072696/v1/uddi:553b4d25-80c0-471b-9cc7-af7abee0b329,PUB-010_시도별_장기요양판정
여자,인천광역시,의료급여,5등급,1,2015,https://api.odcloud.kr/api/15072696/v1/uddi:553b4d25-80c0-471b-9cc7-af7abee0b329,PUB-010_시도별_장기요양판정
여자,인천광역시,의료급여,등급외,61,2015,https://api.odcloud.kr/api/15072696/v1/uddi:553b4d25-80c0-471b-9cc7-af7abee0b329,PUB-010_시도별_장기요양판정
여자,인천광역시,기초수급,1등급,266,2015,https://api.odcloud.kr/api/15072696/v1/uddi:553b4d25-80c0-471b-9cc7-af7abee0b329,PUB-010_시도별_장기요양판정
여자,인천광역시,기초수급,2등급,502,2015,https://api.odcloud.kr/api/15072696/v1/uddi:553b4d25-80c0-471b-9cc7-af7abee0b329,PUB-010_시도별_장기요양판정
여자,인천광역시,기초수급,3등급,1276,2015,https://api.odcloud.kr/api/15072696/v1/uddi:553b4d25-80c0-471b-9cc7-af7abee0b329,PUB-010_시도별_장기요양판정
여자,인천광역시,기초수급,4등급,1405,2015,https://api.odcloud.kr/api/15072696/v1/uddi:553b4d25-80c0-471b-9cc7-af7abee0b329,PUB-010_시도별_장기요양판정
여자,인천광역시,기초수급,5등급,90,2015,https://api.odcloud.kr/api/15072696/v1/uddi:553b4d25-80c0-471b-9cc7-af7abee0b329,PUB-010_시도별_장기요양판정
여자,인천광역시,기초수급,등급외,1569,2015,https://api.odcloud.kr/api/15072696/v1/uddi:553b4d25-80c0-471b-9cc7-af7abee0b329,PUB-010_시도별_장기요양판정
남자,광주광역시,일반,1등급,138,2015,https://api.odcloud.kr/api/15072696/v1/uddi:553b4d25-80c0-471b-9cc7-af7abee0b329,PUB-010_시도별_장기요양판정
남자,광주광역시,일반,2등급,263,2015,https://api.odcloud.kr/api/15072696/v1/uddi:553b4d25-80c0-471b-9cc7-af7abee0b329,PUB-010_시도별_장기요양판정
남자,광주광역시,일반,3등급,854,2015,https://api.odcloud.kr/api/15072696/v1/uddi:553b4d25-80c0-471b-9cc7-af7abee0b329,PUB-010_시도별_장기요양판정
남자,광주광역시,일반,4등급,868,2015,https://api.odcloud.kr/api/15072696/v1/uddi:553b4d25-80c0-471b-9cc7-af7abee0b329,PUB-010_시도별_장기요양판정
남자,광주광역시,일반,5등급,98,2015,https://api.odcloud.kr/api/15072696/v1/uddi:553b4d25-80c0-471b-9cc7-af7abee0b329,PUB-010_시도별_장기요양판정
남자,광주광역시,일반,등급외,979,2015,https://api.odcloud.kr/api/15072696/v1/uddi:553b4d25-80c0-471b-9cc7-af7abee0b329,PUB-010_시도별_장기요양판정
남자,광주광역시,경감,1등급,37,2015,https://api.odcloud.kr/api/15072696/v1/uddi:553b4d25-80c0-471b-9cc7-af7abee0b329,PUB-010_시도별_장기요양판정
남자,광주광역시,경감,2등급,54,2015,https://api.odcloud.kr/api/15072696/v1/uddi:553b4d25-80c0-471b-9cc7-af7abee0b329,PUB-010_시도별_장기요양판정
남자,광주광역시,경감,3등급,185,2015,https://api.odcloud.kr/api/15072696/v1/uddi:553b4d25-80c0-471b-9cc7-af7abee0b329,PUB-010_시도별_장기요양판정
남자,광주광역시,경감,4등급,195,2015,https://api.odcloud.kr/api/15072696/v1/uddi:553b4d25-80c0-471b-9cc7-af7abee0b329,PUB-010_시도별_장기요양판정
남자,광주광역시,경감,5등급,17,2015,https://api.odcloud.kr/api/15072696/v1/uddi:553b4d25-80c0-471b-9cc7-af7abee0b329,PUB-010_시도별_장기요양판정
남자,광주광역시,경감,등급외,59,2015,https://api.odcloud.kr/api/15072696/v1/uddi:553b4d25-80c0-471b-9cc7-af7abee0b329,PUB-010_시도별_장기요양판정
남자,광주광역시,의료급여,1등급,6,2015,https://api.odcloud.kr/api/15072696/v1/uddi:553b4d25-80c0-471b-9cc7-af7abee0b329,PUB-010_시도별_장기요양판정
남자,광주광역시,의료급여,2등급,10,2015,https://api.odcloud.kr/api/15072696/v1/uddi:553b4d25-80c0-471b-9cc7-af7abee0b329,PUB-010_시도별_장기요양판정
남자,광주광역시,의료급여,3등급,24,2015,https://api.odcloud.kr/api/15072696/v1/uddi:553b4d25-80c0-471b-9cc7-af7abee0b329,PUB-010_시도별_장기요양판정
남자,광주광역시,의료급여,4등급,23,2015,https://api.odcloud.kr/api/15072696/v1/uddi:553b4d25-80c0-471b-9cc7-af7abee0b329,PUB-010_시도별_장기요양판정
남자,광주광역시,의료급여,5등급,3,2015,https://api.odcloud.kr/api/15072696/v1/uddi:553b4d25-80c0-471b-9cc7-af7abee0b329,PUB-010_시도별_장기요양판정
남자,광주광역시,의료급여,등급외,31,2015,https://api.odcloud.kr/api/15072696/v1/uddi:553b4d25-80c0-471b-9cc7-af7abee0b329,PUB-010_시도별_장기요양판정
남자,광주광역시,기초수급,1등급,31,2015,https://api.odcloud.kr/api/15072696/v1/uddi:553b4d25-80c0-471b-9cc7-af7abee0b329,PUB-010_시도별_장기요양판정
남자,광주광역시,기초수급,2등급,39,2015,https://api.odcloud.kr/api/15072696/v1/uddi:553b4d25-80c0-471b-9cc7-af7abee0b329,PUB-010_시도별_장기요양판정
남자,광주광역시,기초수급,3등급,152,2015,https://api.odcloud.kr/api/15072696/v1/uddi:553b4d25-80c0-471b-9cc7-af7abee0b329,PUB-010_시도별_장기요양판정
남자,광주광역시,기초수급,4등급,233,2015,https://api.odcloud.kr/api/15072696/v1/uddi:553b4d25-80c0-471b-9cc7-af7abee0b329,PUB-010_시도별_장기요양판정
남자,광주광역시,기초수급,5등급,11,2015,https://api.odcloud.kr/api/15072696/v1/uddi:553b4d25-80c0-471b-9cc7-af7abee0b329,PUB-010_시도별_장기요양판정
남자,광주광역시,기초수급,등급외,475,2015,https://api.odcloud.kr/api/15072696/v1/uddi:553b4d25-80c0-471b-9cc7-af7abee0b329,PUB-010_시도별_장기요양판정
여자,광주광역시,일반,1등급,354,2015,https://api.odcloud.kr/api/15072696/v1/uddi:553b4d25-80c0-471b-9cc7-af7abee0b329,PUB-010_시도별_장기요양판정
여자,광주광역시,일반,2등급,641,2015,https://api.odcloud.kr/api/15072696/v1/uddi:553b4d25-80c0-471b-9cc7-af7abee0b329,PUB-010_시도별_장기요양판정
여자,광주광역시,일반,3등급,2015,2015,https://api.odcloud.kr/api/15072696/v1/uddi:553b4d25-80c0-471b-9cc7-af7abee0b329,PUB-010_시도별_장기요양판정
여자,광주광역시,일반,4등급,2589,2015,https://api.odcloud.kr/api/15072696/v1/uddi:553b4d25-80c0-471b-9cc7-af7abee0b329,PUB-010_시도별_장기요양판정
여자,광주광역시,일반,5등급,255,2015,https://api.odcloud.kr/api/15072696/v1/uddi:553b4d25-80c0-471b-9cc7-af7abee0b329,PUB-010_시도별_장기요양판정
여자,광주광역시,일반,등급외,3281,2015,https://api.odcloud.kr/api/15072696/v1/uddi:553b4d25-80c0-471b-9cc7-af7abee0b329,PUB-010_시도별_장기요양판정
여자,광주광역시,경감,1등급,82,2015,https://api.odcloud.kr/api/15072696/v1/uddi:553b4d25-80c0-471b-9cc7-af7abee0b329,PUB-010_시도별_장기요양판정
여자,광주광역시,경감,2등급,189,2015,https://api.odcloud.kr/api/15072696/v1/uddi:553b4d25-80c0-471b-9cc7-af7abee0b329,PUB-010_시도별_장기요양판정
여자,광주광역시,경감,3등급,544,2015,https://api.odcloud.kr/api/15072696/v1/uddi:553b4d25-80c0-471b-9cc7-af7abee0b329,PUB-010_시도별_장기요양판정
여자,광주광역시,경감,4등급,711,2015,https://api.odcloud.kr/api/15072696/v1/uddi:553b4d25-80c0-471b-9cc7-af7abee0b329,PUB-010_시도별_장기요양판정
여자,광주광역시,경감,5등급,61,2015,https://api.odcloud.kr/api/15072696/v1/uddi:553b4d25-80c0-471b-9cc7-af7abee0b329,PUB-010_시도별_장기요양판정
여자,광주광역시,경감,등급외,215,2015,https://api.odcloud.kr/api/15072696/v1/uddi:553b4d25-80c0-471b-9cc7-af7abee0b329,PUB-010_시도별_장기요양판정
여자,광주광역시,의료급여,1등급,10,2015,https://api.odcloud.kr/api/15072696/v1/uddi:553b4d25-80c0-471b-9cc7-af7abee0b329,PUB-010_시도별_장기요양판정
여자,광주광역시,의료급여,2등급,27,2015,https://api.odcloud.kr/api/15072696/v1/uddi:553b4d25-80c0-471b-9cc7-af7abee0b329,PUB-010_시도별_장기요양판정
여자,광주광역시,의료급여,3등급,73,2015,https://api.odcloud.kr/api/15072696/v1/uddi:553b4d25-80c0-471b-9cc7-af7abee0b329,PUB-010_시도별_장기요양판정
여자,광주광역시,의료급여,4등급,81,2015,https://api.odcloud.kr/api/15072696/v1/uddi:553b4d25-80c0-471b-9cc7-af7abee0b329,PUB-010_시도별_장기요양판정
여자,광주광역시,의료급여,5등급,3,2015,https://api.odcloud.kr/api/15072696/v1/uddi:553b4d25-80c0-471b-9cc7-af7abee0b329,PUB-010_시도별_장기요양판정
여자,광주광역시,의료급여,등급외,92,2015,https://api.odcloud.kr/api/15072696/v1/uddi:553b4d25-80c0-471b-9cc7-af7abee0b329,PUB-010_시도별_장기요양판정
여자,광주광역시,기초수급,1등급,94,2015,https://api.odcloud.kr/api/15072696/v1/uddi:553b4d25-80c0-471b-9cc7-af7abee0b329,PUB-010_시도별_장기요양판정
여자,광주광역시,기초수급,2등급,191,2015,https://api.odcloud.kr/api/15072696/v1/uddi:553b4d25-80c0-471b-9cc7-af7abee0b329,PUB-010_시도별_장기요양판정
여자,광주광역시,기초수급,3등급,486,2015,https://api.odcloud.kr/api/15072696/v1/uddi:553b4d25-80c0-471b-9cc7-af7abee0b329,PUB-010_시도별_장기요양판정
여자,광주광역시,기초수급,4등급,724,2015,https://api.odcloud.kr/api/15072696/v1/uddi:553b4d25-80c0-471b-9cc7-af7abee0b329,PUB-010_시도별_장기요양판정
여자,광주광역시,기초수급,5등급,56,2015,https://api.odcloud.kr/api/15072696/v1/uddi:553b4d25-80c0-471b-9cc7-af7abee0b329,PUB-010_시도별_장기요양판정
여자,광주광역시,기초수급,등급외,1603,2015,https://api.odcloud.kr/api/15072696/v1/uddi:553b4d25-80c0-471b-9cc7-af7abee0b329,PUB-010_시도별_장기요양판정
남자,대전광역시,일반,1등급,185,2015,https://api.odcloud.kr/api/15072696/v1/uddi:553b4d25-80c0-471b-9cc7-af7abee0b329,PUB-010_시도별_장기요양판정
남자,대전광역시,일반,2등급,332,2015,https://api.odcloud.kr/api/15072696/v1/uddi:553b4d25-80c0-471b-9cc7-af7abee0b329,PUB-010_시도별_장기요양판정
남자,대전광역시,일반,3등급,1051,2015,https://api.odcloud.kr/api/15072696/v1/uddi:553b4d25-80c0-471b-9cc7-af7abee0b329,PUB-010_시도별_장기요양판정
남자,대전광역시,일반,4등급,849,2015,https://api.odcloud.kr/api/15072696/v1/uddi:553b4d25-80c0-471b-9cc7-af7abee0b329,PUB-010_시도별_장기요양판정
남자,대전광역시,일반,5등급,127,2015,https://api.odcloud.kr/api/15072696/v1/uddi:553b4d25-80c0-471b-9cc7-af7abee0b329,PUB-010_시도별_장기요양판정
남자,대전광역시,일반,등급외,758,2015,https://api.odcloud.kr/api/15072696/v1/uddi:553b4d25-80c0-471b-9cc7-af7abee0b329,PUB-010_시도별_장기요양판정
남자,대전광역시,경감,1등급,40,2015,https://api.odcloud.kr/api/15072696/v1/uddi:553b4d25-80c0-471b-9cc7-af7abee0b329,PUB-010_시도별_장기요양판정
남자,대전광역시,경감,2등급,83,2015,https://api.odcloud.kr/api/15072696/v1/uddi:553b4d25-80c0-471b-9cc7-af7abee0b329,PUB-010_시도별_장기요양판정
남자,대전광역시,경감,3등급,225,2015,https://api.odcloud.kr/api/15072696/v1/uddi:553b4d25-80c0-471b-9cc7-af7abee0b329,PUB-010_시도별_장기요양판정
남자,대전광역시,경감,4등급,201,2015,https://api.odcloud.kr/api/15072696/v1/uddi:553b4d25-80c0-471b-9cc7-af7abee0b329,PUB-010_시도별_장기요양판정
남자,대전광역시,경감,5등급,20,2015,https://api.odcloud.kr/api/15072696/v1/uddi:553b4d25-80c0-471b-9cc7-af7abee0b329,PUB-010_시도별_장기요양판정
남자,대전광역시,경감,등급외,49,2015,https://api.odcloud.kr/api/15072696/v1/uddi:553b4d25-80c0-471b-9cc7-af7abee0b329,PUB-010_시도별_장기요양판정
남자,대전광역시,의료급여,1등급,10,2015,https://api.odcloud.kr/api/15072696/v1/uddi:553b4d25-80c0-471b-9cc7-af7abee0b329,PUB-010_시도별_장기요양판정
남자,대전광역시,의료급여,2등급,8,2015,https://api.odcloud.kr/api/15072696/v1/uddi:553b4d25-80c0-471b-9cc7-af7abee0b329,PUB-010_시도별_장기요양판정
남자,대전광역시,의료급여,3등급,25,2015,https://api.odcloud.kr/api/15072696/v1/uddi:553b4d25-80c0-471b-9cc7-af7abee0b329,PUB-010_시도별_장기요양판정
남자,대전광역시,의료급여,4등급,19,2015,https://api.odcloud.kr/api/15072696/v1/uddi:553b4d25-80c0-471b-9cc7-af7abee0b329,PUB-010_시도별_장기요양판정
남자,대전광역시,의료급여,5등급,3,2015,https://api.odcloud.kr/api/15072696/v1/uddi:553b4d25-80c0-471b-9cc7-af7abee0b329,PUB-010_시도별_장기요양판정
남자,대전광역시,의료급여,등급외,13,2015,https://api.odcloud.kr/api/15072696/v1/uddi:553b4d25-80c0-471b-9cc7-af7abee0b329,PUB-010_시도별_장기요양판정
남자,대전광역시,기초수급,1등급,32,2015,https://api.odcloud.kr/api/15072696/v1/uddi:553b4d25-80c0-471b-9cc7-af7abee0b329,PUB-010_시도별_장기요양판정
남자,대전광역시,기초수급,2등급,74,2015,https://api.odcloud.kr/api/15072696/v1/uddi:553b4d25-80c0-471b-9cc7-af7abee0b329,PUB-010_시도별_장기요양판정
남자,대전광역시,기초수급,3등급,192,2015,https://api.odcloud.kr/api/15072696/v1/uddi:553b4d25-80c0-471b-9cc7-af7abee0b329,PUB-010_시도별_장기요양판정
남자,대전광역시,기초수급,4등급,225,2015,https://api.odcloud.kr/api/15072696/v1/uddi:553b4d25-80c0-471b-9cc7-af7abee0b329,PUB-010_시도별_장기요양판정
남자,대전광역시,기초수급,5등급,13,2015,https://api.odcloud.kr/api/15072696/v1/uddi:553b4d25-80c0-471b-9cc7-af7abee0b329,PUB-010_시도별_장기요양판정
남자,대전광역시,기초수급,등급외,459,2015,https://api.odcloud.kr/api/15072696/v1/uddi:553b4d25-80c0-471b-9cc7-af7abee0b329,PUB-010_시도별_장기요양판정
여자,대전광역시,일반,1등급,489,2015,https://api.odcloud.kr/api/15072696/v1/uddi:553b4d25-80c0-471b-9cc7-af7abee0b329,PUB-010_시도별_장기요양판정
여자,대전광역시,일반,2등급,962,2015,https://api.odcloud.kr/api/15072696/v1/uddi:553b4d25-80c0-471b-9cc7-af7abee0b329,PUB-010_시도별_장기요양판정
여자,대전광역시,일반,3등급,2486,2015,https://api.odcloud.kr/api/15072696/v1/uddi:553b4d25-80c0-471b-9cc7-af7abee0b329,PUB-010_시도별_장기요양판정
여자,대전광역시,일반,4등급,2259,2015,https://api.odcloud.kr/api/15072696/v1/uddi:553b4d25-80c0-471b-9cc7-af7abee0b329,PUB-010_시도별_장기요양판정
여자,대전광역시,일반,5등급,342,2015,https://api.odcloud.kr/api/15072696/v1/uddi:553b4d25-80c0-471b-9cc7-af7abee0b329,PUB-010_시도별_장기요양판정
여자,대전광역시,일반,등급외,2197,2015,https://api.odcloud.kr/api/15072696/v1/uddi:553b4d25-80c0-471b-9cc7-af7abee0b329,PUB-010_시도별_장기요양판정
여자,대전광역시,경감,1등급,128,2015,https://api.odcloud.kr/api/15072696/v1/uddi:553b4d25-80c0-471b-9cc7-af7abee0b329,PUB-010_시도별_장기요양판정
여자,대전광역시,경감,2등급,273,2015,https://api.odcloud.kr/api/15072696/v1/uddi:553b4d25-80c0-471b-9cc7-af7abee0b329,PUB-010_시도별_장기요양판정
여자,대전광역시,경감,3등급,731,2015,https://api.odcloud.kr/api/15072696/v1/uddi:553b4d25-80c0-471b-9cc7-af7abee0b329,PUB-010_시도별_장기요양판정
여자,대전광역시,경감,4등급,598,2015,https://api.odcloud.kr/api/15072696/v1/uddi:553b4d25-80c0-471b-9cc7-af7abee0b329,PUB-010_시도별_장기요양판정
여자,대전광역시,경감,5등급,64,2015,https://api.odcloud.kr/api/15072696/v1/uddi:553b4d25-80c0-471b-9cc7-af7abee0b329,PUB-010_시도별_장기요양판정
여자,대전광역시,경감,등급외,127,2015,https://api.odcloud.kr/api/15072696/v1/uddi:553b4d25-80c0-471b-9cc7-af7abee0b329,PUB-010_시도별_장기요양판정
여자,대전광역시,의료급여,1등급,12,2015,https://api.odcloud.kr/api/15072696/v1/uddi:553b4d25-80c0-471b-9cc7-af7abee0b329,PUB-010_시도별_장기요양판정
여자,대전광역시,의료급여,2등급,21,2015,https://api.odcloud.kr/api/15072696/v1/uddi:553b4d25-80c0-471b-9cc7-af7abee0b329,PUB-010_시도별_장기요양판정
여자,대전광역시,의료급여,3등급,59,2015,https://api.odcloud.kr/api/15072696/v1/uddi:553b4d25-80c0-471b-9cc7-af7abee0b329,PUB-010_시도별_장기요양판정
여자,대전광역시,의료급여,4등급,47,2015,https://api.odcloud.kr/api/15072696/v1/uddi:553b4d25-80c0-471b-9cc7-af7abee0b329,PUB-010_시도별_장기요양판정
여자,대전광역시,의료급여,5등급,6,2015,https://api.odcloud.kr/api/15072696/v1/uddi:553b4d25-80c0-471b-9cc7-af7abee0b329,PUB-010_시도별_장기요양판정
여자,대전광역시,의료급여,등급외,36,2015,https://api.odcloud.kr/api/15072696/v1/uddi:553b4d25-80c0-471b-9cc7-af7abee0b329,PUB-010_시도별_장기요양판정
여자,대전광역시,기초수급,1등급,108,2015,https://api.odcloud.kr/api/15072696/v1/uddi:553b4d25-80c0-471b-9cc7-af7abee0b329,PUB-010_시도별_장기요양판정
여자,대전광역시,기초수급,2등급,234,2015,https://api.odcloud.kr/api/15072696/v1/uddi:553b4d25-80c0-471b-9cc7-af7abee0b329,PUB-010_시도별_장기요양판정
여자,대전광역시,기초수급,3등급,523,2015,https://api.odcloud.kr/api/15072696/v1/uddi:553b4d25-80c0-471b-9cc7-af7abee0b329,PUB-010_시도별_장기요양판정
여자,대전광역시,기초수급,4등급,582,2015,https://api.odcloud.kr/api/15072696/v1/uddi:553b4d25-80c0-471b-9cc7-af7abee0b329,PUB-010_시도별_장기요양판정
여자,대전광역시,기초수급,5등급,54,2015,https://api.odcloud.kr/api/15072696/v1/uddi:553b4d25-80c0-471b-9cc7-af7abee0b329,PUB-010_시도별_장기요양판정
여자,대전광역시,기초수급,등급외,959,2015,https://api.odcloud.kr/api/15072696/v1/uddi:553b4d25-80c0-471b-9cc7-af7abee0b329,PUB-010_시도별_장기요양판정
남자,울산광역시,일반,1등급,118,2015,https://api.odcloud.kr/api/15072696/v1/uddi:553b4d25-80c0-471b-9cc7-af7abee0b329,PUB-010_시도별_장기요양판정
남자,울산광역시,일반,2등급,180,2015,https://api.odcloud.kr/api/15072696/v1/uddi:553b4d25-80c0-471b-9cc7-af7abee0b329,PUB-010_시도별_장기요양판정
남자,울산광역시,일반,3등급,552,2015,https://api.odcloud.kr/api/15072696/v1/uddi:553b4d25-80c0-471b-9cc7-af7abee0b329,PUB-010_시도별_장기요양판정
남자,울산광역시,일반,4등급,340,2015,https://api.odcloud.kr/api/15072696/v1/uddi:553b4d25-80c0-471b-9cc7-af7abee0b329,PUB-010_시도별_장기요양판정
남자,울산광역시,일반,5등급,31,2015,https://api.odcloud.kr/api/15072696/v1/uddi:553b4d25-80c0-471b-9cc7-af7abee0b329,PUB-010_시도별_장기요양판정
남자,울산광역시,일반,등급외,288,2015,https://api.odcloud.kr/api/15072696/v1/uddi:553b4d25-80c0-471b-9cc7-af7abee0b329,PUB-010_시도별_장기요양판정
남자,울산광역시,경감,1등급,26,2015,https://api.odcloud.kr/api/15072696/v1/uddi:553b4d25-80c0-471b-9cc7-af7abee0b329,PUB-010_시도별_장기요양판정
남자,울산광역시,경감,2등급,30,2015,https://api.odcloud.kr/api/15072696/v1/uddi:553b4d25-80c0-471b-9cc7-af7abee0b329,PUB-010_시도별_장기요양판정
남자,울산광역시,경감,3등급,89,2015,https://api.odcloud.kr/api/15072696/v1/uddi:553b4d25-80c0-471b-9cc7-af7abee0b329,PUB-010_시도별_장기요양판정
남자,울산광역시,경감,4등급,43,2015,https://api.odcloud.kr/api/15072696/v1/uddi:553b4d25-80c0-471b-9cc7-af7abee0b329,PUB-010_시도별_장기요양판정
남자,울산광역시,경감,5등급,4,2015,https://api.odcloud.kr/api/15072696/v1/uddi:553b4d25-80c0-471b-9cc7-af7abee0b329,PUB-010_시도별_장기요양판정
남자,울산광역시,경감,등급외,3,2015,https://api.odcloud.kr/api/15072696/v1/uddi:553b4d25-80c0-471b-9cc7-af7abee0b329,PUB-010_시도별_장기요양판정
남자,울산광역시,의료급여,2등급,1,2015,https://api.odcloud.kr/api/15072696/v1/uddi:553b4d25-80c0-471b-9cc7-af7abee0b329,PUB-010_시도별_장기요양판정
남자,울산광역시,의료급여,3등급,3,2015,https://api.odcloud.kr/api/15072696/v1/uddi:553b4d25-80c0-471b-9cc7-af7abee0b329,PUB-010_시도별_장기요양판정
남자,울산광역시,의료급여,4등급,6,2015,https://api.odcloud.kr/api/15072696/v1/uddi:553b4d25-80c0-471b-9cc7-af7abee0b329,PUB-010_시도별_장기요양판정
남자,울산광역시,의료급여,5등급,1,2015,https://api.odcloud.kr/api/15072696/v1/uddi:553b4d25-80c0-471b-9cc7-af7abee0b329,PUB-010_시도별_장기요양판정
남자,울산광역시,의료급여,등급외,5,2015,https://api.odcloud.kr/api/15072696/v1/uddi:553b4d25-80c0-471b-9cc7-af7abee0b329,PUB-010_시도별_장기요양판정
남자,울산광역시,기초수급,1등급,14,2015,https://api.odcloud.kr/api/15072696/v1/uddi:553b4d25-80c0-471b-9cc7-af7abee0b329,PUB-010_시도별_장기요양판정
남자,울산광역시,기초수급,2등급,24,2015,https://api.odcloud.kr/api/15072696/v1/uddi:553b4d25-80c0-471b-9cc7-af7abee0b329,PUB-010_시도별_장기요양판정
남자,울산광역시,기초수급,3등급,97,2015,https://api.odcloud.kr/api/15072696/v1/uddi:553b4d25-80c0-471b-9cc7-af7abee0b329,PUB-010_시도별_장기요양판정
남자,울산광역시,기초수급,4등급,99,2015,https://api.odcloud.kr/api/15072696/v1/uddi:553b4d25-80c0-471b-9cc7-af7abee0b329,PUB-010_시도별_장기요양판정
남자,울산광역시,기초수급,5등급,7,2015,https://api.odcloud.kr/api/15072696/v1/uddi:553b4d25-80c0-471b-9cc7-af7abee0b329,PUB-010_시도별_장기요양판정
남자,울산광역시,기초수급,등급외,182,2015,https://api.odcloud.kr/api/15072696/v1/uddi:553b4d25-80c0-471b-9cc7-af7abee0b329,PUB-010_시도별_장기요양판정
여자,울산광역시,일반,1등급,286,2015,https://api.odcloud.kr/api/15072696/v1/uddi:553b4d25-80c0-471b-9cc7-af7abee0b329,PUB-010_시도별_장기요양판정
여자,울산광역시,일반,2등급,544,2015,https://api.odcloud.kr/api/15072696/v1/uddi:553b4d25-80c0-471b-9cc7-af7abee0b329,PUB-010_시도별_장기요양판정
여자,울산광역시,일반,3등급,1368,2015,https://api.odcloud.kr/api/15072696/v1/uddi:553b4d25-80c0-471b-9cc7-af7abee0b329,PUB-010_시도별_장기요양판정
여자,울산광역시,일반,4등급,980,2015,https://api.odcloud.kr/api/15072696/v1/uddi:553b4d25-80c0-471b-9cc7-af7abee0b329,PUB-010_시도별_장기요양판정
여자,울산광역시,일반,5등급,132,2015,https://api.odcloud.kr/api/15072696/v1/uddi:553b4d25-80c0-471b-9cc7-af7abee0b329,PUB-010_시도별_장기요양판정
여자,울산광역시,일반,등급외,950,2015,https://api.odcloud.kr/api/15072696/v1/uddi:553b4d25-80c0-471b-9cc7-af7abee0b329,PUB-010_시도별_장기요양판정
여자,울산광역시,경감,1등급,48,2015,https://api.odcloud.kr/api/15072696/v1/uddi:553b4d25-80c0-471b-9cc7-af7abee0b329,PUB-010_시도별_장기요양판정
여자,울산광역시,경감,2등급,67,2015,https://api.odcloud.kr/api/15072696/v1/uddi:553b4d25-80c0-471b-9cc7-af7abee0b329,PUB-010_시도별_장기요양판정
여자,울산광역시,경감,3등급,191,2015,https://api.odcloud.kr/api/15072696/v1/uddi:553b4d25-80c0-471b-9cc7-af7abee0b329,PUB-010_시도별_장기요양판정
여자,울산광역시,경감,4등급,157,2015,https://api.odcloud.kr/api/15072696/v1/uddi:553b4d25-80c0-471b-9cc7-af7abee0b329,PUB-010_시도별_장기요양판정
여자,울산광역시,경감,5등급,25,2015,https://api.odcloud.kr/api/15072696/v1/uddi:553b4d25-80c0-471b-9cc7-af7abee0b329,PUB-010_시도별_장기요양판정
여자,울산광역시,경감,등급외,23,2015,https://api.odcloud.kr/api/15072696/v1/uddi:553b4d25-80c0-471b-9cc7-af7abee0b329,PUB-010_시도별_장기요양판정
여자,울산광역시,의료급여,1등급,5,2015,https://api.odcloud.kr/api/15072696/v1/uddi:553b4d25-80c0-471b-9cc7-af7abee0b329,PUB-010_시도별_장기요양판정
여자,울산광역시,의료급여,2등급,8,2015,https://api.odcloud.kr/api/15072696/v1/uddi:553b4d25-80c0-471b-9cc7-af7abee0b329,PUB-010_시도별_장기요양판정
여자,울산광역시,의료급여,3등급,21,2015,https://api.odcloud.kr/api/15072696/v1/uddi:553b4d25-80c0-471b-9cc7-af7abee0b329,PUB-010_시도별_장기요양판정
여자,울산광역시,의료급여,4등급,12,2015,https://api.odcloud.kr/api/15072696/v1/uddi:553b4d25-80c0-471b-9cc7-af7abee0b329,PUB-010_시도별_장기요양판정
여자,울산광역시,의료급여,5등급,2,2015,https://api.odcloud.kr/api/15072696/v1/uddi:553b4d25-80c0-471b-9cc7-af7abee0b329,PUB-010_시도별_장기요양판정
여자,울산광역시,의료급여,등급외,18,2015,https://api.odcloud.kr/api/15072696/v1/uddi:553b4d25-80c0-471b-9cc7-af7abee0b329,PUB-010_시도별_장기요양판정
여자,울산광역시,기초수급,1등급,50,2015,https://api.odcloud.kr/api/15072696/v1/uddi:553b4d25-80c0-471b-9cc7-af7abee0b329,PUB-010_시도별_장기요양판정
여자,울산광역시,기초수급,2등급,92,2015,https://api.odcloud.kr/api/15072696/v1/uddi:553b4d25-80c0-471b-9cc7-af7abee0b329,PUB-010_시도별_장기요양판정
여자,울산광역시,기초수급,3등급,216,2015,https://api.odcloud.kr/api/15072696/v1/uddi:553b4d25-80c0-471b-9cc7-af7abee0b329,PUB-010_시도별_장기요양판정
여자,울산광역시,기초수급,4등급,215,2015,https://api.odcloud.kr/api/15072696/v1/uddi:553b4d25-80c0-471b-9cc7-af7abee0b329,PUB-010_시도별_장기요양판정
여자,울산광역시,기초수급,5등급,24,2015,https://api.odcloud.kr/api/15072696/v1/uddi:553b4d25-80c0-471b-9cc7-af7abee0b329,PUB-010_시도별_장기요양판정
여자,울산광역시,기초수급,등급외,406,2015,https://api.odcloud.kr/api/15072696/v1/uddi:553b4d25-80c0-471b-9cc7-af7abee0b329,PUB-010_시도별_장기요양판정
남자,세종특별자치시,일반,1등급,38,2015,https://api.odcloud.kr/api/15072696/v1/uddi:553b4d25-80c0-471b-9cc7-af7abee0b329,PUB-010_시도별_장기요양판정
남자,세종특별자치시,일반,2등급,46,2015,https://api.odcloud.kr/api/15072696/v1/uddi:553b4d25-80c0-471b-9cc7-af7abee0b329,PUB-010_시도별_장기요양판정
남자,세종특별자치시,일반,3등급,98,2015,https://api.odcloud.kr/api/15072696/v1/uddi:553b4d25-80c0-471b-9cc7-af7abee0b329,PUB-010_시도별_장기요양판정
남자,세종특별자치시,일반,4등급,112,2015,https://api.odcloud.kr/api/15072696/v1/uddi:553b4d25-80c0-471b-9cc7-af7abee0b329,PUB-010_시도별_장기요양판정
남자,세종특별자치시,일반,5등급,13,2015,https://api.odcloud.kr/api/15072696/v1/uddi:553b4d25-80c0-471b-9cc7-af7abee0b329,PUB-010_시도별_장기요양판정
남자,세종특별자치시,일반,등급외,87,2015,https://api.odcloud.kr/api/15072696/v1/uddi:553b4d25-80c0-471b-9cc7-af7abee0b329,PUB-010_시도별_장기요양판정
남자,세종특별자치시,경감,1등급,7,2015,https://api.odcloud.kr/api/15072696/v1/uddi:553b4d25-80c0-471b-9cc7-af7abee0b329,PUB-010_시도별_장기요양판정
남자,세종특별자치시,경감,2등급,7,2015,https://api.odcloud.kr/api/15072696/v1/uddi:553b4d25-80c0-471b-9cc7-af7abee0b329,PUB-010_시도별_장기요양판정
남자,세종특별자치시,경감,3등급,16,2015,https://api.odcloud.kr/api/15072696/v1/uddi:553b4d25-80c0-471b-9cc7-af7abee0b329,PUB-010_시도별_장기요양판정
남자,세종특별자치시,경감,4등급,24,2015,https://api.odcloud.kr/api/15072696/v1/uddi:553b4d25-80c0-471b-9cc7-af7abee0b329,PUB-010_시도별_장기요양판정
남자,세종특별자치시,경감,5등급,1,2015,https://api.odcloud.kr/api/15072696/v1/uddi:553b4d25-80c0-471b-9cc7-af7abee0b329,PUB-010_시도별_장기요양판정
남자,세종특별자치시,경감,등급외,4,2015,https://api.odcloud.kr/api/15072696/v1/uddi:553b4d25-80c0-471b-9cc7-af7abee0b329,PUB-010_시도별_장기요양판정
남자,세종특별자치시,의료급여,1등급,1,2015,https://api.odcloud.kr/api/15072696/v1/uddi:553b4d25-80c0-471b-9cc7-af7abee0b329,PUB-010_시도별_장기요양판정
남자,세종특별자치시,의료급여,3등급,2,2015,https://api.odcloud.kr/api/15072696/v1/uddi:553b4d25-80c0-471b-9cc7-af7abee0b329,PUB-010_시도별_장기요양판정
남자,세종특별자치시,의료급여,4등급,3,2015,https://api.odcloud.kr/api/15072696/v1/uddi:553b4d25-80c0-471b-9cc7-af7abee0b329,PUB-010_시도별_장기요양판정
남자,세종특별자치시,의료급여,등급외,3,2015,https://api.odcloud.kr/api/15072696/v1/uddi:553b4d25-80c0-471b-9cc7-af7abee0b329,PUB-010_시도별_장기요양판정
남자,세종특별자치시,기초수급,1등급,3,2015,https://api.odcloud.kr/api/15072696/v1/uddi:553b4d25-80c0-471b-9cc7-af7abee0b329,PUB-010_시도별_장기요양판정
남자,세종특별자치시,기초수급,2등급,10,2015,https://api.odcloud.kr/api/15072696/v1/uddi:553b4d25-80c0-471b-9cc7-af7abee0b329,PUB-010_시도별_장기요양판정
남자,세종특별자치시,기초수급,3등급,9,2015,https://api.odcloud.kr/api/15072696/v1/uddi:553b4d25-80c0-471b-9cc7-af7abee0b329,PUB-010_시도별_장기요양판정
남자,세종특별자치시,기초수급,4등급,23,2015,https://api.odcloud.kr/api/15072696/v1/uddi:553b4d25-80c0-471b-9cc7-af7abee0b329,PUB-010_시도별_장기요양판정
남자,세종특별자치시,기초수급,5등급,1,2015,https://api.odcloud.kr/api/15072696/v1/uddi:553b4d25-80c0-471b-9cc7-af7abee0b329,PUB-010_시도별_장기요양판정
남자,세종특별자치시,기초수급,등급외,33,2015,https://api.odcloud.kr/api/15072696/v1/uddi:553b4d25-80c0-471b-9cc7-af7abee0b329,PUB-010_시도별_장기요양판정
여자,세종특별자치시,일반,1등급,69,2015,https://api.odcloud.kr/api/15072696/v1/uddi:553b4d25-80c0-471b-9cc7-af7abee0b329,PUB-010_시도별_장기요양판정
여자,세종특별자치시,일반,2등급,139,2015,https://api.odcloud.kr/api/15072696/v1/uddi:553b4d25-80c0-471b-9cc7-af7abee0b329,PUB-010_시도별_장기요양판정
여자,세종특별자치시,일반,3등급,336,2015,https://api.odcloud.kr/api/15072696/v1/uddi:553b4d25-80c0-471b-9cc7-af7abee0b329,PUB-010_시도별_장기요양판정
여자,세종특별자치시,일반,4등급,303,2015,https://api.odcloud.kr/api/15072696/v1/uddi:553b4d25-80c0-471b-9cc7-af7abee0b329,PUB-010_시도별_장기요양판정
여자,세종특별자치시,일반,5등급,23,2015,https://api.odcloud.kr/api/15072696/v1/uddi:553b4d25-80c0-471b-9cc7-af7abee0b329,PUB-010_시도별_장기요양판정
여자,세종특별자치시,일반,등급외,249,2015,https://api.odcloud.kr/api/15072696/v1/uddi:553b4d25-80c0-471b-9cc7-af7abee0b329,PUB-010_시도별_장기요양판정
여자,세종특별자치시,경감,1등급,13,2015,https://api.odcloud.kr/api/15072696/v1/uddi:553b4d25-80c0-471b-9cc7-af7abee0b329,PUB-010_시도별_장기요양판정
여자,세종특별자치시,경감,2등급,30,2015,https://api.odcloud.kr/api/15072696/v1/uddi:553b4d25-80c0-471b-9cc7-af7abee0b329,PUB-010_시도별_장기요양판정
여자,세종특별자치시,경감,3등급,70,2015,https://api.odcloud.kr/api/15072696/v1/uddi:553b4d25-80c0-471b-9cc7-af7abee0b329,PUB-010_시도별_장기요양판정
여자,세종특별자치시,경감,4등급,58,2015,https://api.odcloud.kr/api/15072696/v1/uddi:553b4d25-80c0-471b-9cc7-af7abee0b329,PUB-010_시도별_장기요양판정
여자,세종특별자치시,경감,5등급,10,2015,https://api.odcloud.kr/api/15072696/v1/uddi:553b4d25-80c0-471b-9cc7-af7abee0b329,PUB-010_시도별_장기요양판정
여자,세종특별자치시,경감,등급외,21,2015,https://api.odcloud.kr/api/15072696/v1/uddi:553b4d25-80c0-471b-9cc7-af7abee0b329,PUB-010_시도별_장기요양판정
여자,세종특별자치시,의료급여,1등급,3,2015,https://api.odcloud.kr/api/15072696/v1/uddi:553b4d25-80c0-471b-9cc7-af7abee0b329,PUB-010_시도별_장기요양판정
여자,세종특별자치시,의료급여,2등급,2,2015,https://api.odcloud.kr/api/15072696/v1/uddi:553b4d25-80c0-471b-9cc7-af7abee0b329,PUB-010_시도별_장기요양판정
여자,세종특별자치시,의료급여,3등급,4,2015,https://api.odcloud.kr/api/15072696/v1/uddi:553b4d25-80c0-471b-9cc7-af7abee0b329,PUB-010_시도별_장기요양판정
여자,세종특별자치시,의료급여,4등급,3,2015,https://api.odcloud.kr/api/15072696/v1/uddi:553b4d25-80c0-471b-9cc7-af7abee0b329,PUB-010_시도별_장기요양판정
여자,세종특별자치시,의료급여,등급외,5,2015,https://api.odcloud.kr/api/15072696/v1/uddi:553b4d25-80c0-471b-9cc7-af7abee0b329,PUB-010_시도별_장기요양판정
여자,세종특별자치시,기초수급,1등급,19,2015,https://api.odcloud.kr/api/15072696/v1/uddi:553b4d25-80c0-471b-9cc7-af7abee0b329,PUB-010_시도별_장기요양판정
여자,세종특별자치시,기초수급,2등급,21,2015,https://api.odcloud.kr/api/15072696/v1/uddi:553b4d25-80c0-471b-9cc7-af7abee0b329,PUB-010_시도별_장기요양판정
여자,세종특별자치시,기초수급,3등급,46,2015,https://api.odcloud.kr/api/15072696/v1/uddi:553b4d25-80c0-471b-9cc7-af7abee0b329,PUB-010_시도별_장기요양판정
여자,세종특별자치시,기초수급,4등급,38,2015,https://api.odcloud.kr/api/15072696/v1/uddi:553b4d25-80c0-471b-9cc7-af7abee0b329,PUB-010_시도별_장기요양판정
여자,세종특별자치시,기초수급,5등급,0,2015,https://api.odcloud.kr/api/15072696/v1/uddi:553b4d25-80c0-471b-9cc7-af7abee0b329,PUB-010_시도별_장기요양판정
여자,세종특별자치시,기초수급,등급외,73,2015,https://api.odcloud.kr/api/15072696/v1/uddi:553b4d25-80c0-471b-9cc7-af7abee0b329,PUB-010_시도별_장기요양판정
남자,경기도,일반,1등급,1781,2015,https://api.odcloud.kr/api/15072696/v1/uddi:553b4d25-80c0-471b-9cc7-af7abee0b329,PUB-010_시도별_장기요양판정
남자,경기도,일반,2등급,2730,2015,https://api.odcloud.kr/api/15072696/v1/uddi:553b4d25-80c0-471b-9cc7-af7abee0b329,PUB-010_시도별_장기요양판정
남자,경기도,일반,3등급,7576,2015,https://api.odcloud.kr/api/15072696/v1/uddi:553b4d25-80c0-471b-9cc7-af7abee0b329,PUB-010_시도별_장기요양판정
남자,경기도,일반,4등급,5670,2015,https://api.odcloud.kr/api/15072696/v1/uddi:553b4d25-80c0-471b-9cc7-af7abee0b329,PUB-010_시도별_장기요양판정
남자,경기도,일반,5등급,898,2015,https://api.odcloud.kr/api/15072696/v1/uddi:553b4d25-80c0-471b-9cc7-af7abee0b329,PUB-010_시도별_장기요양판정
남자,경기도,일반,등급외,4156,2015,https://api.odcloud.kr/api/15072696/v1/uddi:553b4d25-80c0-471b-9cc7-af7abee0b329,PUB-010_시도별_장기요양판정
남자,경기도,경감,1등급,392,2015,https://api.odcloud.kr/api/15072696/v1/uddi:553b4d25-80c0-471b-9cc7-af7abee0b329,PUB-010_시도별_장기요양판정
남자,경기도,경감,2등급,671,2015,https://api.odcloud.kr/api/15072696/v1/uddi:553b4d25-80c0-471b-9cc7-af7abee0b329,PUB-010_시도별_장기요양판정
남자,경기도,경감,3등급,1874,2015,https://api.odcloud.kr/api/15072696/v1/uddi:553b4d25-80c0-471b-9cc7-af7abee0b329,PUB-010_시도별_장기요양판정
남자,경기도,경감,4등급,1444,2015,https://api.odcloud.kr/api/15072696/v1/uddi:553b4d25-80c0-471b-9cc7-af7abee0b329,PUB-010_시도별_장기요양판정
남자,경기도,경감,5등급,191,2015,https://api.odcloud.kr/api/15072696/v1/uddi:553b4d25-80c0-471b-9cc7-af7abee0b329,PUB-010_시도별_장기요양판정
남자,경기도,경감,등급외,198,2015,https://api.odcloud.kr/api/15072696/v1/uddi:553b4d25-80c0-471b-9cc7-af7abee0b329,PUB-010_시도별_장기요양판정
남자,경기도,의료급여,1등급,22,2015,https://api.odcloud.kr/api/15072696/v1/uddi:553b4d25-80c0-471b-9cc7-af7abee0b329,PUB-010_시도별_장기요양판정
남자,경기도,의료급여,2등급,49,2015,https://api.odcloud.kr/api/15072696/v1/uddi:553b4d25-80c0-471b-9cc7-af7abee0b329,PUB-010_시도별_장기요양판정
남자,경기도,의료급여,3등급,128,2015,https://api.odcloud.kr/api/15072696/v1/uddi:553b4d25-80c0-471b-9cc7-af7abee0b329,PUB-010_시도별_장기요양판정
남자,경기도,의료급여,4등급,101,2015,https://api.odcloud.kr/api/15072696/v1/uddi:553b4d25-80c0-471b-9cc7-af7abee0b329,PUB-010_시도별_장기요양판정
남자,경기도,의료급여,5등급,10,2015,https://api.odcloud.kr/api/15072696/v1/uddi:553b4d25-80c0-471b-9cc7-af7abee0b329,PUB-010_시도별_장기요양판정
남자,경기도,의료급여,등급외,86,2015,https://api.odcloud.kr/api/15072696/v1/uddi:553b4d25-80c0-471b-9cc7-af7abee0b329,PUB-010_시도별_장기요양판정
남자,경기도,기초수급,1등급,312,2015,https://api.odcloud.kr/api/15072696/v1/uddi:553b4d25-80c0-471b-9cc7-af7abee0b329,PUB-010_시도별_장기요양판정
남자,경기도,기초수급,2등급,494,2015,https://api.odcloud.kr/api/15072696/v1/uddi:553b4d25-80c0-471b-9cc7-af7abee0b329,PUB-010_시도별_장기요양판정
남자,경기도,기초수급,3등급,1456,2015,https://api.odcloud.kr/api/15072696/v1/uddi:553b4d25-80c0-471b-9cc7-af7abee0b329,PUB-010_시도별_장기요양판정
남자,경기도,기초수급,4등급,1419,2015,https://api.odcloud.kr/api/15072696/v1/uddi:553b4d25-80c0-471b-9cc7-af7abee0b329,PUB-010_시도별_장기요양판정
남자,경기도,기초수급,5등급,147,2015,https://api.odcloud.kr/api/15072696/v1/uddi:553b4d25-80c0-471b-9cc7-af7abee0b329,PUB-010_시도별_장기요양판정
남자,경기도,기초수급,등급외,2000,2015,https://api.odcloud.kr/api/15072696/v1/uddi:553b4d25-80c0-471b-9cc7-af7abee0b329,PUB-010_시도별_장기요양판정
여자,경기도,일반,1등급,3917,2015,https://api.odcloud.kr/api/15072696/v1/uddi:553b4d25-80c0-471b-9cc7-af7abee0b329,PUB-010_시도별_장기요양판정
여자,경기도,일반,2등급,7291,2015,https://api.odcloud.kr/api/15072696/v1/uddi:553b4d25-80c0-471b-9cc7-af7abee0b329,PUB-010_시도별_장기요양판정
여자,경기도,일반,3등급,18200,2015,https://api.odcloud.kr/api/15072696/v1/uddi:553b4d25-80c0-471b-9cc7-af7abee0b329,PUB-010_시도별_장기요양판정
여자,경기도,일반,4등급,15101,2015,https://api.odcloud.kr/api/15072696/v1/uddi:553b4d25-80c0-471b-9cc7-af7abee0b329,PUB-010_시도별_장기요양판정
여자,경기도,일반,5등급,2397,2015,https://api.odcloud.kr/api/15072696/v1/uddi:553b4d25-80c0-471b-9cc7-af7abee0b329,PUB-010_시도별_장기요양판정
여자,경기도,일반,등급외,12128,2015,https://api.odcloud.kr/api/15072696/v1/uddi:553b4d25-80c0-471b-9cc7-af7abee0b329,PUB-010_시도별_장기요양판정
여자,경기도,경감,1등급,1040,2015,https://api.odcloud.kr/api/15072696/v1/uddi:553b4d25-80c0-471b-9cc7-af7abee0b329,PUB-010_시도별_장기요양판정
여자,경기도,경감,2등급,2108,2015,https://api.odcloud.kr/api/15072696/v1/uddi:553b4d25-80c0-471b-9cc7-af7abee0b329,PUB-010_시도별_장기요양판정
여자,경기도,경감,3등급,5301,2015,https://api.odcloud.kr/api/15072696/v1/uddi:553b4d25-80c0-471b-9cc7-af7abee0b329,PUB-010_시도별_장기요양판정
여자,경기도,경감,4등급,4145,2015,https://api.odcloud.kr/api/15072696/v1/uddi:553b4d25-80c0-471b-9cc7-af7abee0b329,PUB-010_시도별_장기요양판정
여자,경기도,경감,5등급,539,2015,https://api.odcloud.kr/api/15072696/v1/uddi:553b4d25-80c0-471b-9cc7-af7abee0b329,PUB-010_시도별_장기요양판정
여자,경기도,경감,등급외,496,2015,https://api.odcloud.kr/api/15072696/v1/uddi:553b4d25-80c0-471b-9cc7-af7abee0b329,PUB-010_시도별_장기요양판정
여자,경기도,의료급여,1등급,40,2015,https://api.odcloud.kr/api/15072696/v1/uddi:553b4d25-80c0-471b-9cc7-af7abee0b329,PUB-010_시도별_장기요양판정
여자,경기도,의료급여,2등급,108,2015,https://api.odcloud.kr/api/15072696/v1/uddi:553b4d25-80c0-471b-9cc7-af7abee0b329,PUB-010_시도별_장기요양판정
여자,경기도,의료급여,3등급,306,2015,https://api.odcloud.kr/api/15072696/v1/uddi:553b4d25-80c0-471b-9cc7-af7abee0b329,PUB-010_시도별_장기요양판정
여자,경기도,의료급여,4등급,265,2015,https://api.odcloud.kr/api/15072696/v1/uddi:553b4d25-80c0-471b-9cc7-af7abee0b329,PUB-010_시도별_장기요양판정
여자,경기도,의료급여,5등급,28,2015,https://api.odcloud.kr/api/15072696/v1/uddi:553b4d25-80c0-471b-9cc7-af7abee0b329,PUB-010_시도별_장기요양판정
여자,경기도,의료급여,등급외,178,2015,https://api.odcloud.kr/api/15072696/v1/uddi:553b4d25-80c0-471b-9cc7-af7abee0b329,PUB-010_시도별_장기요양판정
여자,경기도,기초수급,1등급,879,2015,https://api.odcloud.kr/api/15072696/v1/uddi:553b4d25-80c0-471b-9cc7-af7abee0b329,PUB-010_시도별_장기요양판정
여자,경기도,기초수급,2등급,1570,2015,https://api.odcloud.kr/api/15072696/v1/uddi:553b4d25-80c0-471b-9cc7-af7abee0b329,PUB-010_시도별_장기요양판정
여자,경기도,기초수급,3등급,4063,2015,https://api.odcloud.kr/api/15072696/v1/uddi:553b4d25-80c0-471b-9cc7-af7abee0b329,PUB-010_시도별_장기요양판정
여자,경기도,기초수급,4등급,3954,2015,https://api.odcloud.kr/api/15072696/v1/uddi:553b4d25-80c0-471b-9cc7-af7abee0b329,PUB-010_시도별_장기요양판정
여자,경기도,기초수급,5등급,402,2015,https://api.odcloud.kr/api/15072696/v1/uddi:553b4d25-80c0-471b-9cc7-af7abee0b329,PUB-010_시도별_장기요양판정
여자,경기도,기초수급,등급외,4960,2015,https://api.odcloud.kr/api/15072696/v1/uddi:553b4d25-80c0-471b-9cc7-af7abee0b329,PUB-010_시도별_장기요양판정
남자,강원도,일반,1등급,446,2015,https://api.odcloud.kr/api/15072696/v1/uddi:553b4d25-80c0-471b-9cc7-af7abee0b329,PUB-010_시도별_장기요양판정
남자,강원도,일반,2등급,649,2015,https://api.odcloud.kr/api/15072696/v1/uddi:553b4d25-80c0-471b-9cc7-af7abee0b329,PUB-010_시도별_장기요양판정
남자,강원도,일반,3등급,1417,2015,https://api.odcloud.kr/api/15072696/v1/uddi:553b4d25-80c0-471b-9cc7-af7abee0b329,PUB-010_시도별_장기요양판정
남자,강원도,일반,4등급,955,2015,https://api.odcloud.kr/api/15072696/v1/uddi:553b4d25-80c0-471b-9cc7-af7abee0b329,PUB-010_시도별_장기요양판정
남자,강원도,일반,5등급,88,2015,https://api.odcloud.kr/api/15072696/v1/uddi:553b4d25-80c0-471b-9cc7-af7abee0b329,PUB-010_시도별_장기요양판정
남자,강원도,일반,등급외,1011,2015,https://api.odcloud.kr/api/15072696/v1/uddi:553b4d25-80c0-471b-9cc7-af7abee0b329,PUB-010_시도별_장기요양판정
남자,강원도,경감,1등급,114,2015,https://api.odcloud.kr/api/15072696/v1/uddi:553b4d25-80c0-471b-9cc7-af7abee0b329,PUB-010_시도별_장기요양판정
남자,강원도,경감,2등급,189,2015,https://api.odcloud.kr/api/15072696/v1/uddi:553b4d25-80c0-471b-9cc7-af7abee0b329,PUB-010_시도별_장기요양판정
남자,강원도,경감,3등급,436,2015,https://api.odcloud.kr/api/15072696/v1/uddi:553b4d25-80c0-471b-9cc7-af7abee0b329,PUB-010_시도별_장기요양판정
남자,강원도,경감,4등급,279,2015,https://api.odcloud.kr/api/15072696/v1/uddi:553b4d25-80c0-471b-9cc7-af7abee0b329,PUB-010_시도별_장기요양판정
남자,강원도,경감,5등급,20,2015,https://api.odcloud.kr/api/15072696/v1/uddi:553b4d25-80c0-471b-9cc7-af7abee0b329,PUB-010_시도별_장기요양판정
남자,강원도,경감,등급외,76,2015,https://api.odcloud.kr/api/15072696/v1/uddi:553b4d25-80c0-471b-9cc7-af7abee0b329,PUB-010_시도별_장기요양판정
남자,강원도,의료급여,1등급,16,2015,https://api.odcloud.kr/api/15072696/v1/uddi:553b4d25-80c0-471b-9cc7-af7abee0b329,PUB-010_시도별_장기요양판정
남자,강원도,의료급여,2등급,16,2015,https://api.odcloud.kr/api/15072696/v1/uddi:553b4d25-80c0-471b-9cc7-af7abee0b329,PUB-010_시도별_장기요양판정
남자,강원도,의료급여,3등급,50,2015,https://api.odcloud.kr/api/15072696/v1/uddi:553b4d25-80c0-471b-9cc7-af7abee0b329,PUB-010_시도별_장기요양판정
남자,강원도,의료급여,4등급,39,2015,https://api.odcloud.kr/api/15072696/v1/uddi:553b4d25-80c0-471b-9cc7-af7abee0b329,PUB-010_시도별_장기요양판정
남자,강원도,의료급여,5등급,1,2015,https://api.odcloud.kr/api/15072696/v1/uddi:553b4d25-80c0-471b-9cc7-af7abee0b329,PUB-010_시도별_장기요양판정
남자,강원도,의료급여,등급외,33,2015,https://api.odcloud.kr/api/15072696/v1/uddi:553b4d25-80c0-471b-9cc7-af7abee0b329,PUB-010_시도별_장기요양판정
남자,강원도,기초수급,1등급,133,2015,https://api.odcloud.kr/api/15072696/v1/uddi:553b4d25-80c0-471b-9cc7-af7abee0b329,PUB-010_시도별_장기요양판정
남자,강원도,기초수급,2등급,195,2015,https://api.odcloud.kr/api/15072696/v1/uddi:553b4d25-80c0-471b-9cc7-af7abee0b329,PUB-010_시도별_장기요양판정
남자,강원도,기초수급,3등급,457,2015,https://api.odcloud.kr/api/15072696/v1/uddi:553b4d25-80c0-471b-9cc7-af7abee0b329,PUB-010_시도별_장기요양판정
남자,강원도,기초수급,4등급,352,2015,https://api.odcloud.kr/api/15072696/v1/uddi:553b4d25-80c0-471b-9cc7-af7abee0b329,PUB-010_시도별_장기요양판정
남자,강원도,기초수급,5등급,19,2015,https://api.odcloud.kr/api/15072696/v1/uddi:553b4d25-80c0-471b-9cc7-af7abee0b329,PUB-010_시도별_장기요양판정
남자,강원도,기초수급,등급외,628,2015,https://api.odcloud.kr/api/15072696/v1/uddi:553b4d25-80c0-471b-9cc7-af7abee0b329,PUB-010_시도별_장기요양판정
여자,강원도,일반,1등급,953,2015,https://api.odcloud.kr/api/15072696/v1/uddi:553b4d25-80c0-471b-9cc7-af7abee0b329,PUB-010_시도별_장기요양판정
여자,강원도,일반,2등급,1509,2015,https://api.odcloud.kr/api/15072696/v1/uddi:553b4d25-80c0-471b-9cc7-af7abee0b329,PUB-010_시도별_장기요양판정
여자,강원도,일반,3등급,3281,2015,https://api.odcloud.kr/api/15072696/v1/uddi:553b4d25-80c0-471b-9cc7-af7abee0b329,PUB-010_시도별_장기요양판정
여자,강원도,일반,4등급,2374,2015,https://api.odcloud.kr/api/15072696/v1/uddi:553b4d25-80c0-471b-9cc7-af7abee0b329,PUB-010_시도별_장기요양판정
여자,강원도,일반,5등급,256,2015,https://api.odcloud.kr/api/15072696/v1/uddi:553b4d25-80c0-471b-9cc7-af7abee0b329,PUB-010_시도별_장기요양판정
여자,강원도,일반,등급외,2736,2015,https://api.odcloud.kr/api/15072696/v1/uddi:553b4d25-80c0-471b-9cc7-af7abee0b329,PUB-010_시도별_장기요양판정
여자,강원도,경감,1등급,322,2015,https://api.odcloud.kr/api/15072696/v1/uddi:553b4d25-80c0-471b-9cc7-af7abee0b329,PUB-010_시도별_장기요양판정
여자,강원도,경감,2등급,615,2015,https://api.odcloud.kr/api/15072696/v1/uddi:553b4d25-80c0-471b-9cc7-af7abee0b329,PUB-010_시도별_장기요양판정
여자,강원도,경감,3등급,1270,2015,https://api.odcloud.kr/api/15072696/v1/uddi:553b4d25-80c0-471b-9cc7-af7abee0b329,PUB-010_시도별_장기요양판정
여자,강원도,경감,4등급,891,2015,https://api.odcloud.kr/api/15072696/v1/uddi:553b4d25-80c0-471b-9cc7-af7abee0b329,PUB-010_시도별_장기요양판정
여자,강원도,경감,5등급,59,2015,https://api.odcloud.kr/api/15072696/v1/uddi:553b4d25-80c0-471b-9cc7-af7abee0b329,PUB-010_시도별_장기요양판정
여자,강원도,경감,등급외,176,2015,https://api.odcloud.kr/api/15072696/v1/uddi:553b4d25-80c0-471b-9cc7-af7abee0b329,PUB-010_시도별_장기요양판정
여자,강원도,의료급여,1등급,28,2015,https://api.odcloud.kr/api/15072696/v1/uddi:553b4d25-80c0-471b-9cc7-af7abee0b329,PUB-010_시도별_장기요양판정
여자,강원도,의료급여,2등급,32,2015,https://api.odcloud.kr/api/15072696/v1/uddi:553b4d25-80c0-471b-9cc7-af7abee0b329,PUB-010_시도별_장기요양판정
여자,강원도,의료급여,3등급,93,2015,https://api.odcloud.kr/api/15072696/v1/uddi:553b4d25-80c0-471b-9cc7-af7abee0b329,PUB-010_시도별_장기요양판정
여자,강원도,의료급여,4등급,66,2015,https://api.odcloud.kr/api/15072696/v1/uddi:553b4d25-80c0-471b-9cc7-af7abee0b329,PUB-010_시도별_장기요양판정
여자,강원도,의료급여,5등급,6,2015,https://api.odcloud.kr/api/15072696/v1/uddi:553b4d25-80c0-471b-9cc7-af7abee0b329,PUB-010_시도별_장기요양판정
여자,강원도,의료급여,등급외,86,2015,https://api.odcloud.kr/api/15072696/v1/uddi:553b4d25-80c0-471b-9cc7-af7abee0b329,PUB-010_시도별_장기요양판정
여자,강원도,기초수급,1등급,349,2015,https://api.odcloud.kr/api/15072696/v1/uddi:553b4d25-80c0-471b-9cc7-af7abee0b329,PUB-010_시도별_장기요양판정
여자,강원도,기초수급,2등급,504,2015,https://api.odcloud.kr/api/15072696/v1/uddi:553b4d25-80c0-471b-9cc7-af7abee0b329,PUB-010_시도별_장기요양판정
여자,강원도,기초수급,3등급,1140,2015,https://api.odcloud.kr/api/15072696/v1/uddi:553b4d25-80c0-471b-9cc7-af7abee0b329,PUB-010_시도별_장기요양판정
여자,강원도,기초수급,4등급,963,2015,https://api.odcloud.kr/api/15072696/v1/uddi:553b4d25-80c0-471b-9cc7-af7abee0b329,PUB-010_시도별_장기요양판정
여자,강원도,기초수급,5등급,57,2015,https://api.odcloud.kr/api/15072696/v1/uddi:553b4d25-80c0-471b-9cc7-af7abee0b329,PUB-010_시도별_장기요양판정
여자,강원도,기초수급,등급외,1548,2015,https://api.odcloud.kr/api/15072696/v1/uddi:553b4d25-80c0-471b-9cc7-af7abee0b329,PUB-010_시도별_장기요양판정
남자,충청북도,일반,1등급,253,2015,https://api.odcloud.kr/api/15072696/v1/uddi:553b4d25-80c0-471b-9cc7-af7abee0b329,PUB-010_시도별_장기요양판정
남자,충청북도,일반,2등급,514,2015,https://api.odcloud.kr/api/15072696/v1/uddi:553b4d25-80c0-471b-9cc7-af7abee0b329,PUB-010_시도별_장기요양판정
남자,충청북도,일반,3등급,1161,2015,https://api.odcloud.kr/api/15072696/v1/uddi:553b4d25-80c0-471b-9cc7-af7abee0b329,PUB-010_시도별_장기요양판정
남자,충청북도,일반,4등급,839,2015,https://api.odcloud.kr/api/15072696/v1/uddi:553b4d25-80c0-471b-9cc7-af7abee0b329,PUB-010_시도별_장기요양판정
남자,충청북도,일반,5등급,112,2015,https://api.odcloud.kr/api/15072696/v1/uddi:553b4d25-80c0-471b-9cc7-af7abee0b329,PUB-010_시도별_장기요양판정
남자,충청북도,일반,등급외,928,2015,https://api.odcloud.kr/api/15072696/v1/uddi:553b4d25-80c0-471b-9cc7-af7abee0b329,PUB-010_시도별_장기요양판정
남자,충청북도,경감,1등급,64,2015,https://api.odcloud.kr/api/15072696/v1/uddi:553b4d25-80c0-471b-9cc7-af7abee0b329,PUB-010_시도별_장기요양판정
남자,충청북도,경감,2등급,128,2015,https://api.odcloud.kr/api/15072696/v1/uddi:553b4d25-80c0-471b-9cc7-af7abee0b329,PUB-010_시도별_장기요양판정
남자,충청북도,경감,3등급,295,2015,https://api.odcloud.kr/api/15072696/v1/uddi:553b4d25-80c0-471b-9cc7-af7abee0b329,PUB-010_시도별_장기요양판정
남자,충청북도,경감,4등급,203,2015,https://api.odcloud.kr/api/15072696/v1/uddi:553b4d25-80c0-471b-9cc7-af7abee0b329,PUB-010_시도별_장기요양판정
남자,충청북도,경감,5등급,17,2015,https://api.odcloud.kr/api/15072696/v1/uddi:553b4d25-80c0-471b-9cc7-af7abee0b329,PUB-010_시도별_장기요양판정
남자,충청북도,경감,등급외,40,2015,https://api.odcloud.kr/api/15072696/v1/uddi:553b4d25-80c0-471b-9cc7-af7abee0b329,PUB-010_시도별_장기요양판정
남자,충청북도,의료급여,1등급,6,2015,https://api.odcloud.kr/api/15072696/v1/uddi:553b4d25-80c0-471b-9cc7-af7abee0b329,PUB-010_시도별_장기요양판정
남자,충청북도,의료급여,2등급,9,2015,https://api.odcloud.kr/api/15072696/v1/uddi:553b4d25-80c0-471b-9cc7-af7abee0b329,PUB-010_시도별_장기요양판정
남자,충청북도,의료급여,3등급,22,2015,https://api.odcloud.kr/api/15072696/v1/uddi:553b4d25-80c0-471b-9cc7-af7abee0b329,PUB-010_시도별_장기요양판정
남자,충청북도,의료급여,4등급,31,2015,https://api.odcloud.kr/api/15072696/v1/uddi:553b4d25-80c0-471b-9cc7-af7abee0b329,PUB-010_시도별_장기요양판정
남자,충청북도,의료급여,5등급,2,2015,https://api.odcloud.kr/api/15072696/v1/uddi:553b4d25-80c0-471b-9cc7-af7abee0b329,PUB-010_시도별_장기요양판정
남자,충청북도,의료급여,등급외,30,2015,https://api.odcloud.kr/api/15072696/v1/uddi:553b4d25-80c0-471b-9cc7-af7abee0b329,PUB-010_시도별_장기요양판정
남자,충청북도,기초수급,1등급,100,2015,https://api.odcloud.kr/api/15072696/v1/uddi:553b4d25-80c0-471b-9cc7-af7abee0b329,PUB-010_시도별_장기요양판정
남자,충청북도,기초수급,2등급,101,2015,https://api.odcloud.kr/api/15072696/v1/uddi:553b4d25-80c0-471b-9cc7-af7abee0b329,PUB-010_시도별_장기요양판정
남자,충청북도,기초수급,3등급,311,2015,https://api.odcloud.kr/api/15072696/v1/uddi:553b4d25-80c0-471b-9cc7-af7abee0b329,PUB-010_시도별_장기요양판정
남자,충청북도,기초수급,4등급,247,2015,https://api.odcloud.kr/api/15072696/v1/uddi:553b4d25-80c0-471b-9cc7-af7abee0b329,PUB-010_시도별_장기요양판정
남자,충청북도,기초수급,5등급,15,2015,https://api.odcloud.kr/api/15072696/v1/uddi:553b4d25-80c0-471b-9cc7-af7abee0b329,PUB-010_시도별_장기요양판정
남자,충청북도,기초수급,등급외,449,2015,https://api.odcloud.kr/api/15072696/v1/uddi:553b4d25-80c0-471b-9cc7-af7abee0b329,PUB-010_시도별_장기요양판정
여자,충청북도,일반,1등급,661,2015,https://api.odcloud.kr/api/15072696/v1/uddi:553b4d25-80c0-471b-9cc7-af7abee0b329,PUB-010_시도별_장기요양판정
여자,충청북도,일반,2등급,1436,2015,https://api.odcloud.kr/api/15072696/v1/uddi:553b4d25-80c0-471b-9cc7-af7abee0b329,PUB-010_시도별_장기요양판정
여자,충청북도,일반,3등급,2894,2015,https://api.odcloud.kr/api/15072696/v1/uddi:553b4d25-80c0-471b-9cc7-af7abee0b329,PUB-010_시도별_장기요양판정
여자,충청북도,일반,4등급,2332,2015,https://api.odcloud.kr/api/15072696/v1/uddi:553b4d25-80c0-471b-9cc7-af7abee0b329,PUB-010_시도별_장기요양판정
여자,충청북도,일반,5등급,335,2015,https://api.odcloud.kr/api/15072696/v1/uddi:553b4d25-80c0-471b-9cc7-af7abee0b329,PUB-010_시도별_장기요양판정
여자,충청북도,일반,등급외,2572,2015,https://api.odcloud.kr/api/15072696/v1/uddi:553b4d25-80c0-471b-9cc7-af7abee0b329,PUB-010_시도별_장기요양판정
여자,충청북도,경감,1등급,226,2015,https://api.odcloud.kr/api/15072696/v1/uddi:553b4d25-80c0-471b-9cc7-af7abee0b329,PUB-010_시도별_장기요양판정
여자,충청북도,경감,2등급,540,2015,https://api.odcloud.kr/api/15072696/v1/uddi:553b4d25-80c0-471b-9cc7-af7abee0b329,PUB-010_시도별_장기요양판정
여자,충청북도,경감,3등급,951,2015,https://api.odcloud.kr/api/15072696/v1/uddi:553b4d25-80c0-471b-9cc7-af7abee0b329,PUB-010_시도별_장기요양판정
여자,충청북도,경감,4등급,734,2015,https://api.odcloud.kr/api/15072696/v1/uddi:553b4d25-80c0-471b-9cc7-af7abee0b329,PUB-010_시도별_장기요양판정
여자,충청북도,경감,5등급,85,2015,https://api.odcloud.kr/api/15072696/v1/uddi:553b4d25-80c0-471b-9cc7-af7abee0b329,PUB-010_시도별_장기요양판정
여자,충청북도,경감,등급외,112,2015,https://api.odcloud.kr/api/15072696/v1/uddi:553b4d25-80c0-471b-9cc7-af7abee0b329,PUB-010_시도별_장기요양판정
여자,충청북도,의료급여,1등급,14,2015,https://api.odcloud.kr/api/15072696/v1/uddi:553b4d25-80c0-471b-9cc7-af7abee0b329,PUB-010_시도별_장기요양판정
여자,충청북도,의료급여,2등급,35,2015,https://api.odcloud.kr/api/15072696/v1/uddi:553b4d25-80c0-471b-9cc7-af7abee0b329,PUB-010_시도별_장기요양판정
여자,충청북도,의료급여,3등급,73,2015,https://api.odcloud.kr/api/15072696/v1/uddi:553b4d25-80c0-471b-9cc7-af7abee0b329,PUB-010_시도별_장기요양판정
여자,충청북도,의료급여,4등급,63,2015,https://api.odcloud.kr/api/15072696/v1/uddi:553b4d25-80c0-471b-9cc7-af7abee0b329,PUB-010_시도별_장기요양판정
여자,충청북도,의료급여,5등급,6,2015,https://api.odcloud.kr/api/15072696/v1/uddi:553b4d25-80c0-471b-9cc7-af7abee0b329,PUB-010_시도별_장기요양판정
여자,충청북도,의료급여,등급외,63,2015,https://api.odcloud.kr/api/15072696/v1/uddi:553b4d25-80c0-471b-9cc7-af7abee0b329,PUB-010_시도별_장기요양판정
여자,충청북도,기초수급,1등급,217,2015,https://api.odcloud.kr/api/15072696/v1/uddi:553b4d25-80c0-471b-9cc7-af7abee0b329,PUB-010_시도별_장기요양판정
여자,충청북도,기초수급,2등급,370,2015,https://api.odcloud.kr/api/15072696/v1/uddi:553b4d25-80c0-471b-9cc7-af7abee0b329,PUB-010_시도별_장기요양판정
여자,충청북도,기초수급,3등급,737,2015,https://api.odcloud.kr/api/15072696/v1/uddi:553b4d25-80c0-471b-9cc7-af7abee0b329,PUB-010_시도별_장기요양판정
여자,충청북도,기초수급,4등급,596,2015,https://api.odcloud.kr/api/15072696/v1/uddi:553b4d25-80c0-471b-9cc7-af7abee0b329,PUB-010_시도별_장기요양판정
여자,충청북도,기초수급,5등급,52,2015,https://api.odcloud.kr/api/15072696/v1/uddi:553b4d25-80c0-471b-9cc7-af7abee0b329,PUB-010_시도별_장기요양판정
여자,충청북도,기초수급,등급외,1053,2015,https://api.odcloud.kr/api/15072696/v1/uddi:553b4d25-80c0-471b-9cc7-af7abee0b329,PUB-010_시도별_장기요양판정
남자,충청남도,일반,1등급,423,2015,https://api.odcloud.kr/api/15072696/v1/uddi:553b4d25-80c0-471b-9cc7-af7abee0b329,PUB-010_시도별_장기요양판정
남자,충청남도,일반,2등급,841,2015,https://api.odcloud.kr/api/15072696/v1/uddi:553b4d25-80c0-471b-9cc7-af7abee0b329,PUB-010_시도별_장기요양판정
남자,충청남도,일반,3등급,1903,2015,https://api.odcloud.kr/api/15072696/v1/uddi:553b4d25-80c0-471b-9cc7-af7abee0b329,PUB-010_시도별_장기요양판정
남자,충청남도,일반,4등급,1696,2015,https://api.odcloud.kr/api/15072696/v1/uddi:553b4d25-80c0-471b-9cc7-af7abee0b329,PUB-010_시도별_장기요양판정
남자,충청남도,일반,5등급,233,2015,https://api.odcloud.kr/api/15072696/v1/uddi:553b4d25-80c0-471b-9cc7-af7abee0b329,PUB-010_시도별_장기요양판정
남자,충청남도,일반,등급외,1933,2015,https://api.odcloud.kr/api/15072696/v1/uddi:553b4d25-80c0-471b-9cc7-af7abee0b329,PUB-010_시도별_장기요양판정
남자,충청남도,경감,1등급,94,2015,https://api.odcloud.kr/api/15072696/v1/uddi:553b4d25-80c0-471b-9cc7-af7abee0b329,PUB-010_시도별_장기요양판정
남자,충청남도,경감,2등급,175,2015,https://api.odcloud.kr/api/15072696/v1/uddi:553b4d25-80c0-471b-9cc7-af7abee0b329,PUB-010_시도별_장기요양판정
남자,충청남도,경감,3등급,391,2015,https://api.odcloud.kr/api/15072696/v1/uddi:553b4d25-80c0-471b-9cc7-af7abee0b329,PUB-010_시도별_장기요양판정
남자,충청남도,경감,4등급,386,2015,https://api.odcloud.kr/api/15072696/v1/uddi:553b4d25-80c0-471b-9cc7-af7abee0b329,PUB-010_시도별_장기요양판정
남자,충청남도,경감,5등급,44,2015,https://api.odcloud.kr/api/15072696/v1/uddi:553b4d25-80c0-471b-9cc7-af7abee0b329,PUB-010_시도별_장기요양판정
남자,충청남도,경감,등급외,63,2015,https://api.odcloud.kr/api/15072696/v1/uddi:553b4d25-80c0-471b-9cc7-af7abee0b329,PUB-010_시도별_장기요양판정
남자,충청남도,의료급여,1등급,7,2015,https://api.odcloud.kr/api/15072696/v1/uddi:553b4d25-80c0-471b-9cc7-af7abee0b329,PUB-010_시도별_장기요양판정
남자,충청남도,의료급여,2등급,14,2015,https://api.odcloud.kr/api/15072696/v1/uddi:553b4d25-80c0-471b-9cc7-af7abee0b329,PUB-010_시도별_장기요양판정
남자,충청남도,의료급여,3등급,23,2015,https://api.odcloud.kr/api/15072696/v1/uddi:553b4d25-80c0-471b-9cc7-af7abee0b329,PUB-010_시도별_장기요양판정
남자,충청남도,의료급여,4등급,37,2015,https://api.odcloud.kr/api/15072696/v1/uddi:553b4d25-80c0-471b-9cc7-af7abee0b329,PUB-010_시도별_장기요양판정
남자,충청남도,의료급여,5등급,2,2015,https://api.odcloud.kr/api/15072696/v1/uddi:553b4d25-80c0-471b-9cc7-af7abee0b329,PUB-010_시도별_장기요양판정
남자,충청남도,의료급여,등급외,27,2015,https://api.odcloud.kr/api/15072696/v1/uddi:553b4d25-80c0-471b-9cc7-af7abee0b329,PUB-010_시도별_장기요양판정
남자,충청남도,기초수급,1등급,77,2015,https://api.odcloud.kr/api/15072696/v1/uddi:553b4d25-80c0-471b-9cc7-af7abee0b329,PUB-010_시도별_장기요양판정
남자,충청남도,기초수급,2등급,146,2015,https://api.odcloud.kr/api/15072696/v1/uddi:553b4d25-80c0-471b-9cc7-af7abee0b329,PUB-010_시도별_장기요양판정
남자,충청남도,기초수급,3등급,323,2015,https://api.odcloud.kr/api/15072696/v1/uddi:553b4d25-80c0-471b-9cc7-af7abee0b329,PUB-010_시도별_장기요양판정
남자,충청남도,기초수급,4등급,380,2015,https://api.odcloud.kr/api/15072696/v1/uddi:553b4d25-80c0-471b-9cc7-af7abee0b329,PUB-010_시도별_장기요양판정
남자,충청남도,기초수급,5등급,26,2015,https://api.odcloud.kr/api/15072696/v1/uddi:553b4d25-80c0-471b-9cc7-af7abee0b329,PUB-010_시도별_장기요양판정
남자,충청남도,기초수급,등급외,523,2015,https://api.odcloud.kr/api/15072696/v1/uddi:553b4d25-80c0-471b-9cc7-af7abee0b329,PUB-010_시도별_장기요양판정
여자,충청남도,일반,1등급,938,2015,https://api.odcloud.kr/api/15072696/v1/uddi:553b4d25-80c0-471b-9cc7-af7abee0b329,PUB-010_시도별_장기요양판정
여자,충청남도,일반,2등급,1992,2015,https://api.odcloud.kr/api/15072696/v1/uddi:553b4d25-80c0-471b-9cc7-af7abee0b329,PUB-010_시도별_장기요양판정
여자,충청남도,일반,3등급,4329,2015,https://api.odcloud.kr/api/15072696/v1/uddi:553b4d25-80c0-471b-9cc7-af7abee0b329,PUB-010_시도별_장기요양판정
여자,충청남도,일반,4등급,4348,2015,https://api.odcloud.kr/api/15072696/v1/uddi:553b4d25-80c0-471b-9cc7-af7abee0b329,PUB-010_시도별_장기요양판정
여자,충청남도,일반,5등급,625,2015,https://api.odcloud.kr/api/15072696/v1/uddi:553b4d25-80c0-471b-9cc7-af7abee0b329,PUB-010_시도별_장기요양판정
여자,충청남도,일반,등급외,4946,2015,https://api.odcloud.kr/api/15072696/v1/uddi:553b4d25-80c0-471b-9cc7-af7abee0b329,PUB-010_시도별_장기요양판정
여자,충청남도,경감,1등급,254,2015,https://api.odcloud.kr/api/15072696/v1/uddi:553b4d25-80c0-471b-9cc7-af7abee0b329,PUB-010_시도별_장기요양판정
여자,충청남도,경감,2등급,701,2015,https://api.odcloud.kr/api/15072696/v1/uddi:553b4d25-80c0-471b-9cc7-af7abee0b329,PUB-010_시도별_장기요양판정
여자,충청남도,경감,3등급,1526,2015,https://api.odcloud.kr/api/15072696/v1/uddi:553b4d25-80c0-471b-9cc7-af7abee0b329,PUB-010_시도별_장기요양판정
여자,충청남도,경감,4등급,1331,2015,https://api.odcloud.kr/api/15072696/v1/uddi:553b4d25-80c0-471b-9cc7-af7abee0b329,PUB-010_시도별_장기요양판정
여자,충청남도,경감,5등급,160,2015,https://api.odcloud.kr/api/15072696/v1/uddi:553b4d25-80c0-471b-9cc7-af7abee0b329,PUB-010_시도별_장기요양판정
여자,충청남도,경감,등급외,205,2015,https://api.odcloud.kr/api/15072696/v1/uddi:553b4d25-80c0-471b-9cc7-af7abee0b329,PUB-010_시도별_장기요양판정
여자,충청남도,의료급여,1등급,13,2015,https://api.odcloud.kr/api/15072696/v1/uddi:553b4d25-80c0-471b-9cc7-af7abee0b329,PUB-010_시도별_장기요양판정
여자,충청남도,의료급여,2등급,26,2015,https://api.odcloud.kr/api/15072696/v1/uddi:553b4d25-80c0-471b-9cc7-af7abee0b329,PUB-010_시도별_장기요양판정
여자,충청남도,의료급여,3등급,54,2015,https://api.odcloud.kr/api/15072696/v1/uddi:553b4d25-80c0-471b-9cc7-af7abee0b329,PUB-010_시도별_장기요양판정
여자,충청남도,의료급여,4등급,74,2015,https://api.odcloud.kr/api/15072696/v1/uddi:553b4d25-80c0-471b-9cc7-af7abee0b329,PUB-010_시도별_장기요양판정
여자,충청남도,의료급여,5등급,6,2015,https://api.odcloud.kr/api/15072696/v1/uddi:553b4d25-80c0-471b-9cc7-af7abee0b329,PUB-010_시도별_장기요양판정
여자,충청남도,의료급여,등급외,64,2015,https://api.odcloud.kr/api/15072696/v1/uddi:553b4d25-80c0-471b-9cc7-af7abee0b329,PUB-010_시도별_장기요양판정
여자,충청남도,기초수급,1등급,186,2015,https://api.odcloud.kr/api/15072696/v1/uddi:553b4d25-80c0-471b-9cc7-af7abee0b329,PUB-010_시도별_장기요양판정
여자,충청남도,기초수급,2등급,394,2015,https://api.odcloud.kr/api/15072696/v1/uddi:553b4d25-80c0-471b-9cc7-af7abee0b329,PUB-010_시도별_장기요양판정
여자,충청남도,기초수급,3등급,794,2015,https://api.odcloud.kr/api/15072696/v1/uddi:553b4d25-80c0-471b-9cc7-af7abee0b329,PUB-010_시도별_장기요양판정
여자,충청남도,기초수급,4등급,960,2015,https://api.odcloud.kr/api/15072696/v1/uddi:553b4d25-80c0-471b-9cc7-af7abee0b329,PUB-010_시도별_장기요양판정
여자,충청남도,기초수급,5등급,85,2015,https://api.odcloud.kr/api/15072696/v1/uddi:553b4d25-80c0-471b-9cc7-af7abee0b329,PUB-010_시도별_장기요양판정
여자,충청남도,기초수급,등급외,1395,2015,https://api.odcloud.kr/api/15072696/v1/uddi:553b4d25-80c0-471b-9cc7-af7abee0b329,PUB-010_시도별_장기요양판정
남자,전라북도,일반,1등급,232,2015,https://api.odcloud.kr/api/15072696/v1/uddi:553b4d25-80c0-471b-9cc7-af7abee0b329,PUB-010_시도별_장기요양판정
남자,전라북도,일반,2등급,466,2015,https://api.odcloud.kr/api/15072696/v1/uddi:553b4d25-80c0-471b-9cc7-af7abee0b329,PUB-010_시도별_장기요양판정
남자,전라북도,일반,3등급,1452,2015,https://api.odcloud.kr/api/15072696/v1/uddi:553b4d25-80c0-471b-9cc7-af7abee0b329,PUB-010_시도별_장기요양판정
남자,전라북도,일반,4등급,1657,2015,https://api.odcloud.kr/api/15072696/v1/uddi:553b4d25-80c0-471b-9cc7-af7abee0b329,PUB-010_시도별_장기요양판정
남자,전라북도,일반,5등급,217,2015,https://api.odcloud.kr/api/15072696/v1/uddi:553b4d25-80c0-471b-9cc7-af7abee0b329,PUB-010_시도별_장기요양판정
남자,전라북도,일반,등급외,2134,2015,https://api.odcloud.kr/api/15072696/v1/uddi:553b4d25-80c0-471b-9cc7-af7abee0b329,PUB-010_시도별_장기요양판정
남자,전라북도,경감,1등급,69,2015,https://api.odcloud.kr/api/15072696/v1/uddi:553b4d25-80c0-471b-9cc7-af7abee0b329,PUB-010_시도별_장기요양판정
남자,전라북도,경감,2등급,138,2015,https://api.odcloud.kr/api/15072696/v1/uddi:553b4d25-80c0-471b-9cc7-af7abee0b329,PUB-010_시도별_장기요양판정
남자,전라북도,경감,3등급,389,2015,https://api.odcloud.kr/api/15072696/v1/uddi:553b4d25-80c0-471b-9cc7-af7abee0b329,PUB-010_시도별_장기요양판정
남자,전라북도,경감,4등급,480,2015,https://api.odcloud.kr/api/15072696/v1/uddi:553b4d25-80c0-471b-9cc7-af7abee0b329,PUB-010_시도별_장기요양판정
남자,전라북도,경감,5등급,35,2015,https://api.odcloud.kr/api/15072696/v1/uddi:553b4d25-80c0-471b-9cc7-af7abee0b329,PUB-010_시도별_장기요양판정
남자,전라북도,경감,등급외,195,2015,https://api.odcloud.kr/api/15072696/v1/uddi:553b4d25-80c0-471b-9cc7-af7abee0b329,PUB-010_시도별_장기요양판정
남자,전라북도,의료급여,1등급,5,2015,https://api.odcloud.kr/api/15072696/v1/uddi:553b4d25-80c0-471b-9cc7-af7abee0b329,PUB-010_시도별_장기요양판정
남자,전라북도,의료급여,2등급,10,2015,https://api.odcloud.kr/api/15072696/v1/uddi:553b4d25-80c0-471b-9cc7-af7abee0b329,PUB-010_시도별_장기요양판정
남자,전라북도,의료급여,3등급,30,2015,https://api.odcloud.kr/api/15072696/v1/uddi:553b4d25-80c0-471b-9cc7-af7abee0b329,PUB-010_시도별_장기요양판정
남자,전라북도,의료급여,4등급,59,2015,https://api.odcloud.kr/api/15072696/v1/uddi:553b4d25-80c0-471b-9cc7-af7abee0b329,PUB-010_시도별_장기요양판정
남자,전라북도,의료급여,5등급,3,2015,https://api.odcloud.kr/api/15072696/v1/uddi:553b4d25-80c0-471b-9cc7-af7abee0b329,PUB-010_시도별_장기요양판정
남자,전라북도,의료급여,등급외,60,2015,https://api.odcloud.kr/api/15072696/v1/uddi:553b4d25-80c0-471b-9cc7-af7abee0b329,PUB-010_시도별_장기요양판정
남자,전라북도,기초수급,1등급,58,2015,https://api.odcloud.kr/api/15072696/v1/uddi:553b4d25-80c0-471b-9cc7-af7abee0b329,PUB-010_시도별_장기요양판정
남자,전라북도,기초수급,2등급,118,2015,https://api.odcloud.kr/api/15072696/v1/uddi:553b4d25-80c0-471b-9cc7-af7abee0b329,PUB-010_시도별_장기요양판정
남자,전라북도,기초수급,3등급,397,2015,https://api.odcloud.kr/api/15072696/v1/uddi:553b4d25-80c0-471b-9cc7-af7abee0b329,PUB-010_시도별_장기요양판정
남자,전라북도,기초수급,4등급,520,2015,https://api.odcloud.kr/api/15072696/v1/uddi:553b4d25-80c0-471b-9cc7-af7abee0b329,PUB-010_시도별_장기요양판정
남자,전라북도,기초수급,5등급,45,2015,https://api.odcloud.kr/api/15072696/v1/uddi:553b4d25-80c0-471b-9cc7-af7abee0b329,PUB-010_시도별_장기요양판정
남자,전라북도,기초수급,등급외,1280,2015,https://api.odcloud.kr/api/15072696/v1/uddi:553b4d25-80c0-471b-9cc7-af7abee0b329,PUB-010_시도별_장기요양판정
여자,전라북도,일반,1등급,541,2015,https://api.odcloud.kr/api/15072696/v1/uddi:553b4d25-80c0-471b-9cc7-af7abee0b329,PUB-010_시도별_장기요양판정
여자,전라북도,일반,2등급,1240,2015,https://api.odcloud.kr/api/15072696/v1/uddi:553b4d25-80c0-471b-9cc7-af7abee0b329,PUB-010_시도별_장기요양판정
여자,전라북도,일반,3등급,3518,2015,https://api.odcloud.kr/api/15072696/v1/uddi:553b4d25-80c0-471b-9cc7-af7abee0b329,PUB-010_시도별_장기요양판정
여자,전라북도,일반,4등급,4663,2015,https://api.odcloud.kr/api/15072696/v1/uddi:553b4d25-80c0-471b-9cc7-af7abee0b329,PUB-010_시도별_장기요양판정
여자,전라북도,일반,5등급,643,2015,https://api.odcloud.kr/api/15072696/v1/uddi:553b4d25-80c0-471b-9cc7-af7abee0b329,PUB-010_시도별_장기요양판정
여자,전라북도,일반,등급외,7022,2015,https://api.odcloud.kr/api/15072696/v1/uddi:553b4d25-80c0-471b-9cc7-af7abee0b329,PUB-010_시도별_장기요양판정
여자,전라북도,경감,1등급,187,2015,https://api.odcloud.kr/api/15072696/v1/uddi:553b4d25-80c0-471b-9cc7-af7abee0b329,PUB-010_시도별_장기요양판정
여자,전라북도,경감,2등급,482,2015,https://api.odcloud.kr/api/15072696/v1/uddi:553b4d25-80c0-471b-9cc7-af7abee0b329,PUB-010_시도별_장기요양판정
여자,전라북도,경감,3등급,1374,2015,https://api.odcloud.kr/api/15072696/v1/uddi:553b4d25-80c0-471b-9cc7-af7abee0b329,PUB-010_시도별_장기요양판정
여자,전라북도,경감,4등급,1692,2015,https://api.odcloud.kr/api/15072696/v1/uddi:553b4d25-80c0-471b-9cc7-af7abee0b329,PUB-010_시도별_장기요양판정
여자,전라북도,경감,5등급,154,2015,https://api.odcloud.kr/api/15072696/v1/uddi:553b4d25-80c0-471b-9cc7-af7abee0b329,PUB-010_시도별_장기요양판정
여자,전라북도,경감,등급외,847,2015,https://api.odcloud.kr/api/15072696/v1/uddi:553b4d25-80c0-471b-9cc7-af7abee0b329,PUB-010_시도별_장기요양판정
여자,전라북도,의료급여,1등급,19,2015,https://api.odcloud.kr/api/15072696/v1/uddi:553b4d25-80c0-471b-9cc7-af7abee0b329,PUB-010_시도별_장기요양판정
여자,전라북도,의료급여,2등급,26,2015,https://api.odcloud.kr/api/15072696/v1/uddi:553b4d25-80c0-471b-9cc7-af7abee0b329,PUB-010_시도별_장기요양판정
여자,전라북도,의료급여,3등급,61,2015,https://api.odcloud.kr/api/15072696/v1/uddi:553b4d25-80c0-471b-9cc7-af7abee0b329,PUB-010_시도별_장기요양판정
여자,전라북도,의료급여,4등급,85,2015,https://api.odcloud.kr/api/15072696/v1/uddi:553b4d25-80c0-471b-9cc7-af7abee0b329,PUB-010_시도별_장기요양판정
여자,전라북도,의료급여,5등급,22,2015,https://api.odcloud.kr/api/15072696/v1/uddi:553b4d25-80c0-471b-9cc7-af7abee0b329,PUB-010_시도별_장기요양판정
여자,전라북도,의료급여,등급외,159,2015,https://api.odcloud.kr/api/15072696/v1/uddi:553b4d25-80c0-471b-9cc7-af7abee0b329,PUB-010_시도별_장기요양판정
여자,전라북도,기초수급,1등급,174,2015,https://api.odcloud.kr/api/15072696/v1/uddi:553b4d25-80c0-471b-9cc7-af7abee0b329,PUB-010_시도별_장기요양판정
여자,전라북도,기초수급,2등급,378,2015,https://api.odcloud.kr/api/15072696/v1/uddi:553b4d25-80c0-471b-9cc7-af7abee0b329,PUB-010_시도별_장기요양판정
여자,전라북도,기초수급,3등급,1174,2015,https://api.odcloud.kr/api/15072696/v1/uddi:553b4d25-80c0-471b-9cc7-af7abee0b329,PUB-010_시도별_장기요양판정
여자,전라북도,기초수급,4등급,1498,2015,https://api.odcloud.kr/api/15072696/v1/uddi:553b4d25-80c0-471b-9cc7-af7abee0b329,PUB-010_시도별_장기요양판정
여자,전라북도,기초수급,5등급,109,2015,https://api.odcloud.kr/api/15072696/v1/uddi:553b4d25-80c0-471b-9cc7-af7abee0b329,PUB-010_시도별_장기요양판정
여자,전라북도,기초수급,등급외,3940,2015,https://api.odcloud.kr/api/15072696/v1/uddi:553b4d25-80c0-471b-9cc7-af7abee0b329,PUB-010_시도별_장기요양판정
남자,전라남도,일반,1등급,315,2015,https://api.odcloud.kr/api/15072696/v1/uddi:553b4d25-80c0-471b-9cc7-af7abee0b329,PUB-010_시도별_장기요양판정
남자,전라남도,일반,2등급,671,2015,https://api.odcloud.kr/api/15072696/v1/uddi:553b4d25-80c0-471b-9cc7-af7abee0b329,PUB-010_시도별_장기요양판정
남자,전라남도,일반,3등급,1735,2015,https://api.odcloud.kr/api/15072696/v1/uddi:553b4d25-80c0-471b-9cc7-af7abee0b329,PUB-010_시도별_장기요양판정
남자,전라남도,일반,4등급,1857,2015,https://api.odcloud.kr/api/15072696/v1/uddi:553b4d25-80c0-471b-9cc7-af7abee0b329,PUB-010_시도별_장기요양판정
남자,전라남도,일반,5등급,164,2015,https://api.odcloud.kr/api/15072696/v1/uddi:553b4d25-80c0-471b-9cc7-af7abee0b329,PUB-010_시도별_장기요양판정
남자,전라남도,일반,등급외,2404,2015,https://api.odcloud.kr/api/15072696/v1/uddi:553b4d25-80c0-471b-9cc7-af7abee0b329,PUB-010_시도별_장기요양판정
남자,전라남도,경감,1등급,76,2015,https://api.odcloud.kr/api/15072696/v1/uddi:553b4d25-80c0-471b-9cc7-af7abee0b329,PUB-010_시도별_장기요양판정
남자,전라남도,경감,2등급,183,2015,https://api.odcloud.kr/api/15072696/v1/uddi:553b4d25-80c0-471b-9cc7-af7abee0b329,PUB-010_시도별_장기요양판정
남자,전라남도,경감,3등급,477,2015,https://api.odcloud.kr/api/15072696/v1/uddi:553b4d25-80c0-471b-9cc7-af7abee0b329,PUB-010_시도별_장기요양판정
남자,전라남도,경감,4등급,473,2015,https://api.odcloud.kr/api/15072696/v1/uddi:553b4d25-80c0-471b-9cc7-af7abee0b329,PUB-010_시도별_장기요양판정
남자,전라남도,경감,5등급,22,2015,https://api.odcloud.kr/api/15072696/v1/uddi:553b4d25-80c0-471b-9cc7-af7abee0b329,PUB-010_시도별_장기요양판정
남자,전라남도,경감,등급외,159,2015,https://api.odcloud.kr/api/15072696/v1/uddi:553b4d25-80c0-471b-9cc7-af7abee0b329,PUB-010_시도별_장기요양판정
남자,전라남도,의료급여,1등급,9,2015,https://api.odcloud.kr/api/15072696/v1/uddi:553b4d25-80c0-471b-9cc7-af7abee0b329,PUB-010_시도별_장기요양판정
남자,전라남도,의료급여,2등급,21,2015,https://api.odcloud.kr/api/15072696/v1/uddi:553b4d25-80c0-471b-9cc7-af7abee0b329,PUB-010_시도별_장기요양판정
남자,전라남도,의료급여,3등급,39,2015,https://api.odcloud.kr/api/15072696/v1/uddi:553b4d25-80c0-471b-9cc7-af7abee0b329,PUB-010_시도별_장기요양판정
남자,전라남도,의료급여,4등급,60,2015,https://api.odcloud.kr/api/15072696/v1/uddi:553b4d25-80c0-471b-9cc7-af7abee0b329,PUB-010_시도별_장기요양판정
남자,전라남도,의료급여,5등급,5,2015,https://api.odcloud.kr/api/15072696/v1/uddi:553b4d25-80c0-471b-9cc7-af7abee0b329,PUB-010_시도별_장기요양판정
남자,전라남도,의료급여,등급외,64,2015,https://api.odcloud.kr/api/15072696/v1/uddi:553b4d25-80c0-471b-9cc7-af7abee0b329,PUB-010_시도별_장기요양판정
남자,전라남도,기초수급,1등급,68,2015,https://api.odcloud.kr/api/15072696/v1/uddi:553b4d25-80c0-471b-9cc7-af7abee0b329,PUB-010_시도별_장기요양판정
남자,전라남도,기초수급,2등급,171,2015,https://api.odcloud.kr/api/15072696/v1/uddi:553b4d25-80c0-471b-9cc7-af7abee0b329,PUB-010_시도별_장기요양판정
남자,전라남도,기초수급,3등급,395,2015,https://api.odcloud.kr/api/15072696/v1/uddi:553b4d25-80c0-471b-9cc7-af7abee0b329,PUB-010_시도별_장기요양판정
남자,전라남도,기초수급,4등급,453,2015,https://api.odcloud.kr/api/15072696/v1/uddi:553b4d25-80c0-471b-9cc7-af7abee0b329,PUB-010_시도별_장기요양판정
남자,전라남도,기초수급,5등급,24,2015,https://api.odcloud.kr/api/15072696/v1/uddi:553b4d25-80c0-471b-9cc7-af7abee0b329,PUB-010_시도별_장기요양판정
남자,전라남도,기초수급,등급외,842,2015,https://api.odcloud.kr/api/15072696/v1/uddi:553b4d25-80c0-471b-9cc7-af7abee0b329,PUB-010_시도별_장기요양판정
여자,전라남도,일반,1등급,616,2015,https://api.odcloud.kr/api/15072696/v1/uddi:553b4d25-80c0-471b-9cc7-af7abee0b329,PUB-010_시도별_장기요양판정
여자,전라남도,일반,2등급,1686,2015,https://api.odcloud.kr/api/15072696/v1/uddi:553b4d25-80c0-471b-9cc7-af7abee0b329,PUB-010_시도별_장기요양판정
여자,전라남도,일반,3등급,4062,2015,https://api.odcloud.kr/api/15072696/v1/uddi:553b4d25-80c0-471b-9cc7-af7abee0b329,PUB-010_시도별_장기요양판정
여자,전라남도,일반,4등급,5597,2015,https://api.odcloud.kr/api/15072696/v1/uddi:553b4d25-80c0-471b-9cc7-af7abee0b329,PUB-010_시도별_장기요양판정
여자,전라남도,일반,5등급,540,2015,https://api.odcloud.kr/api/15072696/v1/uddi:553b4d25-80c0-471b-9cc7-af7abee0b329,PUB-010_시도별_장기요양판정
여자,전라남도,일반,등급외,8774,2015,https://api.odcloud.kr/api/15072696/v1/uddi:553b4d25-80c0-471b-9cc7-af7abee0b329,PUB-010_시도별_장기요양판정
여자,전라남도,경감,1등급,294,2015,https://api.odcloud.kr/api/15072696/v1/uddi:553b4d25-80c0-471b-9cc7-af7abee0b329,PUB-010_시도별_장기요양판정
여자,전라남도,경감,2등급,798,2015,https://api.odcloud.kr/api/15072696/v1/uddi:553b4d25-80c0-471b-9cc7-af7abee0b329,PUB-010_시도별_장기요양판정
여자,전라남도,경감,3등급,1789,2015,https://api.odcloud.kr/api/15072696/v1/uddi:553b4d25-80c0-471b-9cc7-af7abee0b329,PUB-010_시도별_장기요양판정
여자,전라남도,경감,4등급,2338,2015,https://api.odcloud.kr/api/15072696/v1/uddi:553b4d25-80c0-471b-9cc7-af7abee0b329,PUB-010_시도별_장기요양판정
여자,전라남도,경감,5등급,154,2015,https://api.odcloud.kr/api/15072696/v1/uddi:553b4d25-80c0-471b-9cc7-af7abee0b329,PUB-010_시도별_장기요양판정
여자,전라남도,경감,등급외,792,2015,https://api.odcloud.kr/api/15072696/v1/uddi:553b4d25-80c0-471b-9cc7-af7abee0b329,PUB-010_시도별_장기요양판정
여자,전라남도,의료급여,1등급,16,2015,https://api.odcloud.kr/api/15072696/v1/uddi:553b4d25-80c0-471b-9cc7-af7abee0b329,PUB-010_시도별_장기요양판정
여자,전라남도,의료급여,2등급,36,2015,https://api.odcloud.kr/api/15072696/v1/uddi:553b4d25-80c0-471b-9cc7-af7abee0b329,PUB-010_시도별_장기요양판정
여자,전라남도,의료급여,3등급,88,2015,https://api.odcloud.kr/api/15072696/v1/uddi:553b4d25-80c0-471b-9cc7-af7abee0b329,PUB-010_시도별_장기요양판정
여자,전라남도,의료급여,4등급,148,2015,https://api.odcloud.kr/api/15072696/v1/uddi:553b4d25-80c0-471b-9cc7-af7abee0b329,PUB-010_시도별_장기요양판정
여자,전라남도,의료급여,5등급,17,2015,https://api.odcloud.kr/api/15072696/v1/uddi:553b4d25-80c0-471b-9cc7-af7abee0b329,PUB-010_시도별_장기요양판정
여자,전라남도,의료급여,등급외,190,2015,https://api.odcloud.kr/api/15072696/v1/uddi:553b4d25-80c0-471b-9cc7-af7abee0b329,PUB-010_시도별_장기요양판정
여자,전라남도,기초수급,1등급,206,2015,https://api.odcloud.kr/api/15072696/v1/uddi:553b4d25-80c0-471b-9cc7-af7abee0b329,PUB-010_시도별_장기요양판정
여자,전라남도,기초수급,2등급,534,2015,https://api.odcloud.kr/api/15072696/v1/uddi:553b4d25-80c0-471b-9cc7-af7abee0b329,PUB-010_시도별_장기요양판정
여자,전라남도,기초수급,3등급,1183,2015,https://api.odcloud.kr/api/15072696/v1/uddi:553b4d25-80c0-471b-9cc7-af7abee0b329,PUB-010_시도별_장기요양판정
여자,전라남도,기초수급,4등급,1681,2015,https://api.odcloud.kr/api/15072696/v1/uddi:553b4d25-80c0-471b-9cc7-af7abee0b329,PUB-010_시도별_장기요양판정
여자,전라남도,기초수급,5등급,93,2015,https://api.odcloud.kr/api/15072696/v1/uddi:553b4d25-80c0-471b-9cc7-af7abee0b329,PUB-010_시도별_장기요양판정
여자,전라남도,기초수급,등급외,3182,2015,https://api.odcloud.kr/api/15072696/v1/uddi:553b4d25-80c0-471b-9cc7-af7abee0b329,PUB-010_시도별_장기요양판정
남자,경상북도,일반,1등급,408,2015,https://api.odcloud.kr/api/15072696/v1/uddi:553b4d25-80c0-471b-9cc7-af7abee0b329,PUB-010_시도별_장기요양판정
남자,경상북도,일반,2등급,952,2015,https://api.odcloud.kr/api/15072696/v1/uddi:553b4d25-80c0-471b-9cc7-af7abee0b329,PUB-010_시도별_장기요양판정
남자,경상북도,일반,3등급,2509,2015,https://api.odcloud.kr/api/15072696/v1/uddi:553b4d25-80c0-471b-9cc7-af7abee0b329,PUB-010_시도별_장기요양판정
남자,경상북도,일반,4등급,2118,2015,https://api.odcloud.kr/api/15072696/v1/uddi:553b4d25-80c0-471b-9cc7-af7abee0b329,PUB-010_시도별_장기요양판정
남자,경상북도,일반,5등급,235,2015,https://api.odcloud.kr/api/15072696/v1/uddi:553b4d25-80c0-471b-9cc7-af7abee0b329,PUB-010_시도별_장기요양판정
남자,경상북도,일반,등급외,2430,2015,https://api.odcloud.kr/api/15072696/v1/uddi:553b4d25-80c0-471b-9cc7-af7abee0b329,PUB-010_시도별_장기요양판정
남자,경상북도,경감,1등급,105,2015,https://api.odcloud.kr/api/15072696/v1/uddi:553b4d25-80c0-471b-9cc7-af7abee0b329,PUB-010_시도별_장기요양판정
남자,경상북도,경감,2등급,235,2015,https://api.odcloud.kr/api/15072696/v1/uddi:553b4d25-80c0-471b-9cc7-af7abee0b329,PUB-010_시도별_장기요양판정
남자,경상북도,경감,3등급,583,2015,https://api.odcloud.kr/api/15072696/v1/uddi:553b4d25-80c0-471b-9cc7-af7abee0b329,PUB-010_시도별_장기요양판정
남자,경상북도,경감,4등급,518,2015,https://api.odcloud.kr/api/15072696/v1/uddi:553b4d25-80c0-471b-9cc7-af7abee0b329,PUB-010_시도별_장기요양판정
남자,경상북도,경감,5등급,47,2015,https://api.odcloud.kr/api/15072696/v1/uddi:553b4d25-80c0-471b-9cc7-af7abee0b329,PUB-010_시도별_장기요양판정
남자,경상북도,경감,등급외,94,2015,https://api.odcloud.kr/api/15072696/v1/uddi:553b4d25-80c0-471b-9cc7-af7abee0b329,PUB-010_시도별_장기요양판정
남자,경상북도,의료급여,1등급,8,2015,https://api.odcloud.kr/api/15072696/v1/uddi:553b4d25-80c0-471b-9cc7-af7abee0b329,PUB-010_시도별_장기요양판정
남자,경상북도,의료급여,2등급,12,2015,https://api.odcloud.kr/api/15072696/v1/uddi:553b4d25-80c0-471b-9cc7-af7abee0b329,PUB-010_시도별_장기요양판정
남자,경상북도,의료급여,3등급,42,2015,https://api.odcloud.kr/api/15072696/v1/uddi:553b4d25-80c0-471b-9cc7-af7abee0b329,PUB-010_시도별_장기요양판정
남자,경상북도,의료급여,4등급,36,2015,https://api.odcloud.kr/api/15072696/v1/uddi:553b4d25-80c0-471b-9cc7-af7abee0b329,PUB-010_시도별_장기요양판정
남자,경상북도,의료급여,5등급,4,2015,https://api.odcloud.kr/api/15072696/v1/uddi:553b4d25-80c0-471b-9cc7-af7abee0b329,PUB-010_시도별_장기요양판정
남자,경상북도,의료급여,등급외,49,2015,https://api.odcloud.kr/api/15072696/v1/uddi:553b4d25-80c0-471b-9cc7-af7abee0b329,PUB-010_시도별_장기요양판정
남자,경상북도,기초수급,1등급,101,2015,https://api.odcloud.kr/api/15072696/v1/uddi:553b4d25-80c0-471b-9cc7-af7abee0b329,PUB-010_시도별_장기요양판정
남자,경상북도,기초수급,2등급,198,2015,https://api.odcloud.kr/api/15072696/v1/uddi:553b4d25-80c0-471b-9cc7-af7abee0b329,PUB-010_시도별_장기요양판정
남자,경상북도,기초수급,3등급,535,2015,https://api.odcloud.kr/api/15072696/v1/uddi:553b4d25-80c0-471b-9cc7-af7abee0b329,PUB-010_시도별_장기요양판정
남자,경상북도,기초수급,4등급,532,2015,https://api.odcloud.kr/api/15072696/v1/uddi:553b4d25-80c0-471b-9cc7-af7abee0b329,PUB-010_시도별_장기요양판정
남자,경상북도,기초수급,5등급,25,2015,https://api.odcloud.kr/api/15072696/v1/uddi:553b4d25-80c0-471b-9cc7-af7abee0b329,PUB-010_시도별_장기요양판정
남자,경상북도,기초수급,등급외,937,2015,https://api.odcloud.kr/api/15072696/v1/uddi:553b4d25-80c0-471b-9cc7-af7abee0b329,PUB-010_시도별_장기요양판정
여자,경상북도,일반,1등급,1007,2015,https://api.odcloud.kr/api/15072696/v1/uddi:553b4d25-80c0-471b-9cc7-af7abee0b329,PUB-010_시도별_장기요양판정
여자,경상북도,일반,2등급,2087,2015,https://api.odcloud.kr/api/15072696/v1/uddi:553b4d25-80c0-471b-9cc7-af7abee0b329,PUB-010_시도별_장기요양판정
여자,경상북도,일반,3등급,5813,2015,https://api.odcloud.kr/api/15072696/v1/uddi:553b4d25-80c0-471b-9cc7-af7abee0b329,PUB-010_시도별_장기요양판정
여자,경상북도,일반,4등급,6152,2015,https://api.odcloud.kr/api/15072696/v1/uddi:553b4d25-80c0-471b-9cc7-af7abee0b329,PUB-010_시도별_장기요양판정
여자,경상북도,일반,5등급,814,2015,https://api.odcloud.kr/api/15072696/v1/uddi:553b4d25-80c0-471b-9cc7-af7abee0b329,PUB-010_시도별_장기요양판정
여자,경상북도,일반,등급외,7149,2015,https://api.odcloud.kr/api/15072696/v1/uddi:553b4d25-80c0-471b-9cc7-af7abee0b329,PUB-010_시도별_장기요양판정
여자,경상북도,경감,1등급,320,2015,https://api.odcloud.kr/api/15072696/v1/uddi:553b4d25-80c0-471b-9cc7-af7abee0b329,PUB-010_시도별_장기요양판정
여자,경상북도,경감,2등급,768,2015,https://api.odcloud.kr/api/15072696/v1/uddi:553b4d25-80c0-471b-9cc7-af7abee0b329,PUB-010_시도별_장기요양판정
여자,경상북도,경감,3등급,2062,2015,https://api.odcloud.kr/api/15072696/v1/uddi:553b4d25-80c0-471b-9cc7-af7abee0b329,PUB-010_시도별_장기요양판정
여자,경상북도,경감,4등급,1969,2015,https://api.odcloud.kr/api/15072696/v1/uddi:553b4d25-80c0-471b-9cc7-af7abee0b329,PUB-010_시도별_장기요양판정
여자,경상북도,경감,5등급,235,2015,https://api.odcloud.kr/api/15072696/v1/uddi:553b4d25-80c0-471b-9cc7-af7abee0b329,PUB-010_시도별_장기요양판정
여자,경상북도,경감,등급외,396,2015,https://api.odcloud.kr/api/15072696/v1/uddi:553b4d25-80c0-471b-9cc7-af7abee0b329,PUB-010_시도별_장기요양판정
여자,경상북도,의료급여,1등급,20,2015,https://api.odcloud.kr/api/15072696/v1/uddi:553b4d25-80c0-471b-9cc7-af7abee0b329,PUB-010_시도별_장기요양판정
여자,경상북도,의료급여,2등급,31,2015,https://api.odcloud.kr/api/15072696/v1/uddi:553b4d25-80c0-471b-9cc7-af7abee0b329,PUB-010_시도별_장기요양판정
여자,경상북도,의료급여,3등급,90,2015,https://api.odcloud.kr/api/15072696/v1/uddi:553b4d25-80c0-471b-9cc7-af7abee0b329,PUB-010_시도별_장기요양판정
여자,경상북도,의료급여,4등급,120,2015,https://api.odcloud.kr/api/15072696/v1/uddi:553b4d25-80c0-471b-9cc7-af7abee0b329,PUB-010_시도별_장기요양판정
여자,경상북도,의료급여,5등급,15,2015,https://api.odcloud.kr/api/15072696/v1/uddi:553b4d25-80c0-471b-9cc7-af7abee0b329,PUB-010_시도별_장기요양판정
여자,경상북도,의료급여,등급외,141,2015,https://api.odcloud.kr/api/15072696/v1/uddi:553b4d25-80c0-471b-9cc7-af7abee0b329,PUB-010_시도별_장기요양판정
여자,경상북도,기초수급,1등급,336,2015,https://api.odcloud.kr/api/15072696/v1/uddi:553b4d25-80c0-471b-9cc7-af7abee0b329,PUB-010_시도별_장기요양판정
여자,경상북도,기초수급,2등급,585,2015,https://api.odcloud.kr/api/15072696/v1/uddi:553b4d25-80c0-471b-9cc7-af7abee0b329,PUB-010_시도별_장기요양판정
여자,경상북도,기초수급,3등급,1423,2015,https://api.odcloud.kr/api/15072696/v1/uddi:553b4d25-80c0-471b-9cc7-af7abee0b329,PUB-010_시도별_장기요양판정
여자,경상북도,기초수급,4등급,1748,2015,https://api.odcloud.kr/api/15072696/v1/uddi:553b4d25-80c0-471b-9cc7-af7abee0b329,PUB-010_시도별_장기요양판정
여자,경상북도,기초수급,5등급,109,2015,https://api.odcloud.kr/api/15072696/v1/uddi:553b4d25-80c0-471b-9cc7-af7abee0b329,PUB-010_시도별_장기요양판정
여자,경상북도,기초수급,등급외,2904,2015,https://api.odcloud.kr/api/15072696/v1/uddi:553b4d25-80c0-471b-9cc7-af7abee0b329,PUB-010_시도별_장기요양판정
남자,경상남도,일반,1등급,342,2015,https://api.odcloud.kr/api/15072696/v1/uddi:553b4d25-80c0-471b-9cc7-af7abee0b329,PUB-010_시도별_장기요양판정
남자,경상남도,일반,2등급,732,2015,https://api.odcloud.kr/api/15072696/v1/uddi:553b4d25-80c0-471b-9cc7-af7abee0b329,PUB-010_시도별_장기요양판정
남자,경상남도,일반,3등급,2126,2015,https://api.odcloud.kr/api/15072696/v1/uddi:553b4d25-80c0-471b-9cc7-af7abee0b329,PUB-010_시도별_장기요양판정
남자,경상남도,일반,4등급,1976,2015,https://api.odcloud.kr/api/15072696/v1/uddi:553b4d25-80c0-471b-9cc7-af7abee0b329,PUB-010_시도별_장기요양판정
남자,경상남도,일반,5등급,228,2015,https://api.odcloud.kr/api/15072696/v1/uddi:553b4d25-80c0-471b-9cc7-af7abee0b329,PUB-010_시도별_장기요양판정
남자,경상남도,일반,등급외,2617,2015,https://api.odcloud.kr/api/15072696/v1/uddi:553b4d25-80c0-471b-9cc7-af7abee0b329,PUB-010_시도별_장기요양판정
남자,경상남도,경감,1등급,71,2015,https://api.odcloud.kr/api/15072696/v1/uddi:553b4d25-80c0-471b-9cc7-af7abee0b329,PUB-010_시도별_장기요양판정
남자,경상남도,경감,2등급,157,2015,https://api.odcloud.kr/api/15072696/v1/uddi:553b4d25-80c0-471b-9cc7-af7abee0b329,PUB-010_시도별_장기요양판정
남자,경상남도,경감,3등급,448,2015,https://api.odcloud.kr/api/15072696/v1/uddi:553b4d25-80c0-471b-9cc7-af7abee0b329,PUB-010_시도별_장기요양판정
남자,경상남도,경감,4등급,393,2015,https://api.odcloud.kr/api/15072696/v1/uddi:553b4d25-80c0-471b-9cc7-af7abee0b329,PUB-010_시도별_장기요양판정
남자,경상남도,경감,5등급,32,2015,https://api.odcloud.kr/api/15072696/v1/uddi:553b4d25-80c0-471b-9cc7-af7abee0b329,PUB-010_시도별_장기요양판정
남자,경상남도,경감,등급외,99,2015,https://api.odcloud.kr/api/15072696/v1/uddi:553b4d25-80c0-471b-9cc7-af7abee0b329,PUB-010_시도별_장기요양판정
남자,경상남도,의료급여,1등급,4,2015,https://api.odcloud.kr/api/15072696/v1/uddi:553b4d25-80c0-471b-9cc7-af7abee0b329,PUB-010_시도별_장기요양판정
남자,경상남도,의료급여,2등급,8,2015,https://api.odcloud.kr/api/15072696/v1/uddi:553b4d25-80c0-471b-9cc7-af7abee0b329,PUB-010_시도별_장기요양판정
남자,경상남도,의료급여,3등급,36,2015,https://api.odcloud.kr/api/15072696/v1/uddi:553b4d25-80c0-471b-9cc7-af7abee0b329,PUB-010_시도별_장기요양판정
남자,경상남도,의료급여,4등급,29,2015,https://api.odcloud.kr/api/15072696/v1/uddi:553b4d25-80c0-471b-9cc7-af7abee0b329,PUB-010_시도별_장기요양판정
남자,경상남도,의료급여,5등급,3,2015,https://api.odcloud.kr/api/15072696/v1/uddi:553b4d25-80c0-471b-9cc7-af7abee0b329,PUB-010_시도별_장기요양판정
남자,경상남도,의료급여,등급외,53,2015,https://api.odcloud.kr/api/15072696/v1/uddi:553b4d25-80c0-471b-9cc7-af7abee0b329,PUB-010_시도별_장기요양판정
남자,경상남도,기초수급,1등급,75,2015,https://api.odcloud.kr/api/15072696/v1/uddi:553b4d25-80c0-471b-9cc7-af7abee0b329,PUB-010_시도별_장기요양판정
남자,경상남도,기초수급,2등급,121,2015,https://api.odcloud.kr/api/15072696/v1/uddi:553b4d25-80c0-471b-9cc7-af7abee0b329,PUB-010_시도별_장기요양판정
남자,경상남도,기초수급,3등급,387,2015,https://api.odcloud.kr/api/15072696/v1/uddi:553b4d25-80c0-471b-9cc7-af7abee0b329,PUB-010_시도별_장기요양판정
남자,경상남도,기초수급,4등급,431,2015,https://api.odcloud.kr/api/15072696/v1/uddi:553b4d25-80c0-471b-9cc7-af7abee0b329,PUB-010_시도별_장기요양판정
남자,경상남도,기초수급,5등급,30,2015,https://api.odcloud.kr/api/15072696/v1/uddi:553b4d25-80c0-471b-9cc7-af7abee0b329,PUB-010_시도별_장기요양판정
남자,경상남도,기초수급,등급외,927,2015,https://api.odcloud.kr/api/15072696/v1/uddi:553b4d25-80c0-471b-9cc7-af7abee0b329,PUB-010_시도별_장기요양판정
여자,경상남도,일반,1등급,930,2015,https://api.odcloud.kr/api/15072696/v1/uddi:553b4d25-80c0-471b-9cc7-af7abee0b329,PUB-010_시도별_장기요양판정
여자,경상남도,일반,2등급,1973,2015,https://api.odcloud.kr/api/15072696/v1/uddi:553b4d25-80c0-471b-9cc7-af7abee0b329,PUB-010_시도별_장기요양판정
여자,경상남도,일반,3등급,5114,2015,https://api.odcloud.kr/api/15072696/v1/uddi:553b4d25-80c0-471b-9cc7-af7abee0b329,PUB-010_시도별_장기요양판정
여자,경상남도,일반,4등급,5862,2015,https://api.odcloud.kr/api/15072696/v1/uddi:553b4d25-80c0-471b-9cc7-af7abee0b329,PUB-010_시도별_장기요양판정
여자,경상남도,일반,5등급,795,2015,https://api.odcloud.kr/api/15072696/v1/uddi:553b4d25-80c0-471b-9cc7-af7abee0b329,PUB-010_시도별_장기요양판정
여자,경상남도,일반,등급외,8705,2015,https://api.odcloud.kr/api/15072696/v1/uddi:553b4d25-80c0-471b-9cc7-af7abee0b329,PUB-010_시도별_장기요양판정
여자,경상남도,경감,1등급,271,2015,https://api.odcloud.kr/api/15072696/v1/uddi:553b4d25-80c0-471b-9cc7-af7abee0b329,PUB-010_시도별_장기요양판정
여자,경상남도,경감,2등급,581,2015,https://api.odcloud.kr/api/15072696/v1/uddi:553b4d25-80c0-471b-9cc7-af7abee0b329,PUB-010_시도별_장기요양판정
여자,경상남도,경감,3등급,1600,2015,https://api.odcloud.kr/api/15072696/v1/uddi:553b4d25-80c0-471b-9cc7-af7abee0b329,PUB-010_시도별_장기요양판정
여자,경상남도,경감,4등급,1711,2015,https://api.odcloud.kr/api/15072696/v1/uddi:553b4d25-80c0-471b-9cc7-af7abee0b329,PUB-010_시도별_장기요양판정
여자,경상남도,경감,5등급,191,2015,https://api.odcloud.kr/api/15072696/v1/uddi:553b4d25-80c0-471b-9cc7-af7abee0b329,PUB-010_시도별_장기요양판정
여자,경상남도,경감,등급외,394,2015,https://api.odcloud.kr/api/15072696/v1/uddi:553b4d25-80c0-471b-9cc7-af7abee0b329,PUB-010_시도별_장기요양판정
여자,경상남도,의료급여,1등급,11,2015,https://api.odcloud.kr/api/15072696/v1/uddi:553b4d25-80c0-471b-9cc7-af7abee0b329,PUB-010_시도별_장기요양판정
여자,경상남도,의료급여,2등급,33,2015,https://api.odcloud.kr/api/15072696/v1/uddi:553b4d25-80c0-471b-9cc7-af7abee0b329,PUB-010_시도별_장기요양판정
여자,경상남도,의료급여,3등급,92,2015,https://api.odcloud.kr/api/15072696/v1/uddi:553b4d25-80c0-471b-9cc7-af7abee0b329,PUB-010_시도별_장기요양판정
여자,경상남도,의료급여,4등급,94,2015,https://api.odcloud.kr/api/15072696/v1/uddi:553b4d25-80c0-471b-9cc7-af7abee0b329,PUB-010_시도별_장기요양판정
여자,경상남도,의료급여,5등급,16,2015,https://api.odcloud.kr/api/15072696/v1/uddi:553b4d25-80c0-471b-9cc7-af7abee0b329,PUB-010_시도별_장기요양판정
여자,경상남도,의료급여,등급외,182,2015,https://api.odcloud.kr/api/15072696/v1/uddi:553b4d25-80c0-471b-9cc7-af7abee0b329,PUB-010_시도별_장기요양판정
여자,경상남도,기초수급,1등급,224,2015,https://api.odcloud.kr/api/15072696/v1/uddi:553b4d25-80c0-471b-9cc7-af7abee0b329,PUB-010_시도별_장기요양판정
여자,경상남도,기초수급,2등급,498,2015,https://api.odcloud.kr/api/15072696/v1/uddi:553b4d25-80c0-471b-9cc7-af7abee0b329,PUB-010_시도별_장기요양판정
여자,경상남도,기초수급,3등급,1239,2015,https://api.odcloud.kr/api/15072696/v1/uddi:553b4d25-80c0-471b-9cc7-af7abee0b329,PUB-010_시도별_장기요양판정
여자,경상남도,기초수급,4등급,1446,2015,https://api.odcloud.kr/api/15072696/v1/uddi:553b4d25-80c0-471b-9cc7-af7abee0b329,PUB-010_시도별_장기요양판정
여자,경상남도,기초수급,5등급,118,2015,https://api.odcloud.kr/api/15072696/v1/uddi:553b4d25-80c0-471b-9cc7-af7abee0b329,PUB-010_시도별_장기요양판정
여자,경상남도,기초수급,등급외,2975,2015,https://api.odcloud.kr/api/15072696/v1/uddi:553b4d25-80c0-471b-9cc7-af7abee0b329,PUB-010_시도별_장기요양판정
남자,제주특별자치도,일반,1등급,124,2015,https://api.odcloud.kr/api/15072696/v1/uddi:553b4d25-80c0-471b-9cc7-af7abee0b329,PUB-010_시도별_장기요양판정
남자,제주특별자치도,일반,2등급,153,2015,https://api.odcloud.kr/api/15072696/v1/uddi:553b4d25-80c0-471b-9cc7-af7abee0b329,PUB-010_시도별_장기요양판정
남자,제주특별자치도,일반,3등급,385,2015,https://api.odcloud.kr/api/15072696/v1/uddi:553b4d25-80c0-471b-9cc7-af7abee0b329,PUB-010_시도별_장기요양판정
남자,제주특별자치도,일반,4등급,297,2015,https://api.odcloud.kr/api/15072696/v1/uddi:553b4d25-80c0-471b-9cc7-af7abee0b329,PUB-010_시도별_장기요양판정
남자,제주특별자치도,일반,5등급,45,2015,https://api.odcloud.kr/api/15072696/v1/uddi:553b4d25-80c0-471b-9cc7-af7abee0b329,PUB-010_시도별_장기요양판정
남자,제주특별자치도,일반,등급외,259,2015,https://api.odcloud.kr/api/15072696/v1/uddi:553b4d25-80c0-471b-9cc7-af7abee0b329,PUB-010_시도별_장기요양판정
남자,제주특별자치도,경감,1등급,34,2015,https://api.odcloud.kr/api/15072696/v1/uddi:553b4d25-80c0-471b-9cc7-af7abee0b329,PUB-010_시도별_장기요양판정
남자,제주특별자치도,경감,2등급,41,2015,https://api.odcloud.kr/api/15072696/v1/uddi:553b4d25-80c0-471b-9cc7-af7abee0b329,PUB-010_시도별_장기요양판정
남자,제주특별자치도,경감,3등급,109,2015,https://api.odcloud.kr/api/15072696/v1/uddi:553b4d25-80c0-471b-9cc7-af7abee0b329,PUB-010_시도별_장기요양판정
남자,제주특별자치도,경감,4등급,104,2015,https://api.odcloud.kr/api/15072696/v1/uddi:553b4d25-80c0-471b-9cc7-af7abee0b329,PUB-010_시도별_장기요양판정
남자,제주특별자치도,경감,5등급,10,2015,https://api.odcloud.kr/api/15072696/v1/uddi:553b4d25-80c0-471b-9cc7-af7abee0b329,PUB-010_시도별_장기요양판정
남자,제주특별자치도,경감,등급외,14,2015,https://api.odcloud.kr/api/15072696/v1/uddi:553b4d25-80c0-471b-9cc7-af7abee0b329,PUB-010_시도별_장기요양판정
남자,제주특별자치도,의료급여,1등급,4,2015,https://api.odcloud.kr/api/15072696/v1/uddi:553b4d25-80c0-471b-9cc7-af7abee0b329,PUB-010_시도별_장기요양판정
남자,제주특별자치도,의료급여,2등급,6,2015,https://api.odcloud.kr/api/15072696/v1/uddi:553b4d25-80c0-471b-9cc7-af7abee0b329,PUB-010_시도별_장기요양판정
남자,제주특별자치도,의료급여,3등급,11,2015,https://api.odcloud.kr/api/15072696/v1/uddi:553b4d25-80c0-471b-9cc7-af7abee0b329,PUB-010_시도별_장기요양판정
남자,제주특별자치도,의료급여,4등급,9,2015,https://api.odcloud.kr/api/15072696/v1/uddi:553b4d25-80c0-471b-9cc7-af7abee0b329,PUB-010_시도별_장기요양판정
남자,제주특별자치도,의료급여,5등급,2,2015,https://api.odcloud.kr/api/15072696/v1/uddi:553b4d25-80c0-471b-9cc7-af7abee0b329,PUB-010_시도별_장기요양판정
남자,제주특별자치도,의료급여,등급외,5,2015,https://api.odcloud.kr/api/15072696/v1/uddi:553b4d25-80c0-471b-9cc7-af7abee0b329,PUB-010_시도별_장기요양판정
남자,제주특별자치도,기초수급,1등급,31,2015,https://api.odcloud.kr/api/15072696/v1/uddi:553b4d25-80c0-471b-9cc7-af7abee0b329,PUB-010_시도별_장기요양판정
남자,제주특별자치도,기초수급,2등급,42,2015,https://api.odcloud.kr/api/15072696/v1/uddi:553b4d25-80c0-471b-9cc7-af7abee0b329,PUB-010_시도별_장기요양판정
남자,제주특별자치도,기초수급,3등급,97,2015,https://api.odcloud.kr/api/15072696/v1/uddi:553b4d25-80c0-471b-9cc7-af7abee0b329,PUB-010_시도별_장기요양판정
남자,제주특별자치도,기초수급,4등급,110,2015,https://api.odcloud.kr/api/15072696/v1/uddi:553b4d25-80c0-471b-9cc7-af7abee0b329,PUB-010_시도별_장기요양판정
남자,제주특별자치도,기초수급,5등급,4,2015,https://api.odcloud.kr/api/15072696/v1/uddi:553b4d25-80c0-471b-9cc7-af7abee0b329,PUB-010_시도별_장기요양판정
남자,제주특별자치도,기초수급,등급외,182,2015,https://api.odcloud.kr/api/15072696/v1/uddi:553b4d25-80c0-471b-9cc7-af7abee0b329,PUB-010_시도별_장기요양판정
여자,제주특별자치도,일반,1등급,342,2015,https://api.odcloud.kr/api/15072696/v1/uddi:553b4d25-80c0-471b-9cc7-af7abee0b329,PUB-010_시도별_장기요양판정
여자,제주특별자치도,일반,2등급,443,2015,https://api.odcloud.kr/api/15072696/v1/uddi:553b4d25-80c0-471b-9cc7-af7abee0b329,PUB-010_시도별_장기요양판정
여자,제주특별자치도,일반,3등급,978,2015,https://api.odcloud.kr/api/15072696/v1/uddi:553b4d25-80c0-471b-9cc7-af7abee0b329,PUB-010_시도별_장기요양판정
여자,제주특별자치도,일반,4등급,908,2015,https://api.odcloud.kr/api/15072696/v1/uddi:553b4d25-80c0-471b-9cc7-af7abee0b329,PUB-010_시도별_장기요양판정
여자,제주특별자치도,일반,5등급,148,2015,https://api.odcloud.kr/api/15072696/v1/uddi:553b4d25-80c0-471b-9cc7-af7abee0b329,PUB-010_시도별_장기요양판정
여자,제주특별자치도,일반,등급외,876,2015,https://api.odcloud.kr/api/15072696/v1/uddi:553b4d25-80c0-471b-9cc7-af7abee0b329,PUB-010_시도별_장기요양판정
여자,제주특별자치도,경감,1등급,140,2015,https://api.odcloud.kr/api/15072696/v1/uddi:553b4d25-80c0-471b-9cc7-af7abee0b329,PUB-010_시도별_장기요양판정
여자,제주특별자치도,경감,2등급,181,2015,https://api.odcloud.kr/api/15072696/v1/uddi:553b4d25-80c0-471b-9cc7-af7abee0b329,PUB-010_시도별_장기요양판정
여자,제주특별자치도,경감,3등급,412,2015,https://api.odcloud.kr/api/15072696/v1/uddi:553b4d25-80c0-471b-9cc7-af7abee0b329,PUB-010_시도별_장기요양판정
여자,제주특별자치도,경감,4등급,349,2015,https://api.odcloud.kr/api/15072696/v1/uddi:553b4d25-80c0-471b-9cc7-af7abee0b329,PUB-010_시도별_장기요양판정
여자,제주특별자치도,경감,5등급,39,2015,https://api.odcloud.kr/api/15072696/v1/uddi:553b4d25-80c0-471b-9cc7-af7abee0b329,PUB-010_시도별_장기요양판정
여자,제주특별자치도,경감,등급외,43,2015,https://api.odcloud.kr/api/15072696/v1/uddi:553b4d25-80c0-471b-9cc7-af7abee0b329,PUB-010_시도별_장기요양판정
여자,제주특별자치도,의료급여,1등급,3,2015,https://api.odcloud.kr/api/15072696/v1/uddi:553b4d25-80c0-471b-9cc7-af7abee0b329,PUB-010_시도별_장기요양판정
여자,제주특별자치도,의료급여,2등급,13,2015,https://api.odcloud.kr/api/15072696/v1/uddi:553b4d25-80c0-471b-9cc7-af7abee0b329,PUB-010_시도별_장기요양판정
여자,제주특별자치도,의료급여,3등급,36,2015,https://api.odcloud.kr/api/15072696/v1/uddi:553b4d25-80c0-471b-9cc7-af7abee0b329,PUB-010_시도별_장기요양판정
여자,제주특별자치도,의료급여,4등급,32,2015,https://api.odcloud.kr/api/15072696/v1/uddi:553b4d25-80c0-471b-9cc7-af7abee0b329,PUB-010_시도별_장기요양판정
여자,제주특별자치도,의료급여,5등급,3,2015,https://api.odcloud.kr/api/15072696/v1/uddi:553b4d25-80c0-471b-9cc7-af7abee0b329,PUB-010_시도별_장기요양판정
여자,제주특별자치도,의료급여,등급외,22,2015,https://api.odcloud.kr/api/15072696/v1/uddi:553b4d25-80c0-471b-9cc7-af7abee0b329,PUB-010_시도별_장기요양판정
여자,제주특별자치도,기초수급,1등급,137,2015,https://api.odcloud.kr/api/15072696/v1/uddi:553b4d25-80c0-471b-9cc7-af7abee0b329,PUB-010_시도별_장기요양판정
여자,제주특별자치도,기초수급,2등급,186,2015,https://api.odcloud.kr/api/15072696/v1/uddi:553b4d25-80c0-471b-9cc7-af7abee0b329,PUB-010_시도별_장기요양판정
여자,제주특별자치도,기초수급,3등급,409,2015,https://api.odcloud.kr/api/15072696/v1/uddi:553b4d25-80c0-471b-9cc7-af7abee0b329,PUB-010_시도별_장기요양판정
여자,제주특별자치도,기초수급,4등급,408,2015,https://api.odcloud.kr/api/15072696/v1/uddi:553b4d25-80c0-471b-9cc7-af7abee0b329,PUB-010_시도별_장기요양판정
여자,제주특별자치도,기초수급,5등급,47,2015,https://api.odcloud.kr/api/15072696/v1/uddi:553b4d25-80c0-471b-9cc7-af7abee0b329,PUB-010_시도별_장기요양판정
여자,제주특별자치도,기초수급,등급외,514,2015,https://api.odcloud.kr/api/15072696/v1/uddi:553b4d25-80c0-471b-9cc7-af7abee0b329,PUB-010_시도별_장기요양판정
