성별,시도,자격,판정등급,판정인원수,source_period,source_endpoint,source_dataset
남자,서울특별시,일반,1등급,2048,2016,https://api.odcloud.kr/api/15072696/v1/uddi:b5b43d81-31d0-4b31-8c0f-9e83d6202da9,PUB-010_시도별_장기요양판정
남자,서울특별시,일반,2등급,2660,2016,https://api.odcloud.kr/api/15072696/v1/uddi:b5b43d81-31d0-4b31-8c0f-9e83d6202da9,PUB-010_시도별_장기요양판정
남자,서울특별시,일반,3등급,6581,2016,https://api.odcloud.kr/api/15072696/v1/uddi:b5b43d81-31d0-4b31-8c0f-9e83d6202da9,PUB-010_시도별_장기요양판정
남자,서울특별시,일반,4등급,5139,2016,https://api.odcloud.kr/api/15072696/v1/uddi:b5b43d81-31d0-4b31-8c0f-9e83d6202da9,PUB-010_시도별_장기요양판정
남자,서울특별시,일반,5등급,882,2016,https://api.odcloud.kr/api/15072696/v1/uddi:b5b43d81-31d0-4b31-8c0f-9e83d6202da9,PUB-010_시도별_장기요양판정
남자,서울특별시,일반,등급외,2815,2016,https://api.odcloud.kr/api/15072696/v1/uddi:b5b43d81-31d0-4b31-8c0f-9e83d6202da9,PUB-010_시도별_장기요양판정
남자,서울특별시,경감,1등급,298,2016,https://api.odcloud.kr/api/15072696/v1/uddi:b5b43d81-31d0-4b31-8c0f-9e83d6202da9,PUB-010_시도별_장기요양판정
남자,서울특별시,경감,2등급,434,2016,https://api.odcloud.kr/api/15072696/v1/uddi:b5b43d81-31d0-4b31-8c0f-9e83d6202da9,PUB-010_시도별_장기요양판정
남자,서울특별시,경감,3등급,1326,2016,https://api.odcloud.kr/api/15072696/v1/uddi:b5b43d81-31d0-4b31-8c0f-9e83d6202da9,PUB-010_시도별_장기요양판정
남자,서울특별시,경감,4등급,1006,2016,https://api.odcloud.kr/api/15072696/v1/uddi:b5b43d81-31d0-4b31-8c0f-9e83d6202da9,PUB-010_시도별_장기요양판정
남자,서울특별시,경감,5등급,139,2016,https://api.odcloud.kr/api/15072696/v1/uddi:b5b43d81-31d0-4b31-8c0f-9e83d6202da9,PUB-010_시도별_장기요양판정
남자,서울특별시,경감,등급외,115,2016,https://api.odcloud.kr/api/15072696/v1/uddi:b5b43d81-31d0-4b31-8c0f-9e83d6202da9,PUB-010_시도별_장기요양판정
남자,서울특별시,의료급여,1등급,17,2016,https://api.odcloud.kr/api/15072696/v1/uddi:b5b43d81-31d0-4b31-8c0f-9e83d6202da9,PUB-010_시도별_장기요양판정
남자,서울특별시,의료급여,2등급,31,2016,https://api.odcloud.kr/api/15072696/v1/uddi:b5b43d81-31d0-4b31-8c0f-9e83d6202da9,PUB-010_시도별_장기요양판정
남자,서울특별시,의료급여,3등급,108,2016,https://api.odcloud.kr/api/15072696/v1/uddi:b5b43d81-31d0-4b31-8c0f-9e83d6202da9,PUB-010_시도별_장기요양판정
남자,서울특별시,의료급여,4등급,67,2016,https://api.odcloud.kr/api/15072696/v1/uddi:b5b43d81-31d0-4b31-8c0f-9e83d6202da9,PUB-010_시도별_장기요양판정
남자,서울특별시,의료급여,5등급,9,2016,https://api.odcloud.kr/api/15072696/v1/uddi:b5b43d81-31d0-4b31-8c0f-9e83d6202da9,PUB-010_시도별_장기요양판정
남자,서울특별시,의료급여,등급외,48,2016,https://api.odcloud.kr/api/15072696/v1/uddi:b5b43d81-31d0-4b31-8c0f-9e83d6202da9,PUB-010_시도별_장기요양판정
남자,서울특별시,기초수급,1등급,315,2016,https://api.odcloud.kr/api/15072696/v1/uddi:b5b43d81-31d0-4b31-8c0f-9e83d6202da9,PUB-010_시도별_장기요양판정
남자,서울특별시,기초수급,2등급,378,2016,https://api.odcloud.kr/api/15072696/v1/uddi:b5b43d81-31d0-4b31-8c0f-9e83d6202da9,PUB-010_시도별_장기요양판정
남자,서울특별시,기초수급,3등급,1053,2016,https://api.odcloud.kr/api/15072696/v1/uddi:b5b43d81-31d0-4b31-8c0f-9e83d6202da9,PUB-010_시도별_장기요양판정
남자,서울특별시,기초수급,4등급,1250,2016,https://api.odcloud.kr/api/15072696/v1/uddi:b5b43d81-31d0-4b31-8c0f-9e83d6202da9,PUB-010_시도별_장기요양판정
남자,서울특별시,기초수급,5등급,135,2016,https://api.odcloud.kr/api/15072696/v1/uddi:b5b43d81-31d0-4b31-8c0f-9e83d6202da9,PUB-010_시도별_장기요양판정
남자,서울특별시,기초수급,등급외,1320,2016,https://api.odcloud.kr/api/15072696/v1/uddi:b5b43d81-31d0-4b31-8c0f-9e83d6202da9,PUB-010_시도별_장기요양판정
여자,서울특별시,일반,1등급,4012,2016,https://api.odcloud.kr/api/15072696/v1/uddi:b5b43d81-31d0-4b31-8c0f-9e83d6202da9,PUB-010_시도별_장기요양판정
여자,서울특별시,일반,2등급,6566,2016,https://api.odcloud.kr/api/15072696/v1/uddi:b5b43d81-31d0-4b31-8c0f-9e83d6202da9,PUB-010_시도별_장기요양판정
여자,서울특별시,일반,3등급,14788,2016,https://api.odcloud.kr/api/15072696/v1/uddi:b5b43d81-31d0-4b31-8c0f-9e83d6202da9,PUB-010_시도별_장기요양판정
여자,서울특별시,일반,4등급,12531,2016,https://api.odcloud.kr/api/15072696/v1/uddi:b5b43d81-31d0-4b31-8c0f-9e83d6202da9,PUB-010_시도별_장기요양판정
여자,서울특별시,일반,5등급,2256,2016,https://api.odcloud.kr/api/15072696/v1/uddi:b5b43d81-31d0-4b31-8c0f-9e83d6202da9,PUB-010_시도별_장기요양판정
여자,서울특별시,일반,등급외,7550,2016,https://api.odcloud.kr/api/15072696/v1/uddi:b5b43d81-31d0-4b31-8c0f-9e83d6202da9,PUB-010_시도별_장기요양판정
여자,서울특별시,경감,1등급,809,2016,https://api.odcloud.kr/api/15072696/v1/uddi:b5b43d81-31d0-4b31-8c0f-9e83d6202da9,PUB-010_시도별_장기요양판정
여자,서울특별시,경감,2등급,1526,2016,https://api.odcloud.kr/api/15072696/v1/uddi:b5b43d81-31d0-4b31-8c0f-9e83d6202da9,PUB-010_시도별_장기요양판정
여자,서울특별시,경감,3등급,3482,2016,https://api.odcloud.kr/api/15072696/v1/uddi:b5b43d81-31d0-4b31-8c0f-9e83d6202da9,PUB-010_시도별_장기요양판정
여자,서울특별시,경감,4등급,2732,2016,https://api.odcloud.kr/api/15072696/v1/uddi:b5b43d81-31d0-4b31-8c0f-9e83d6202da9,PUB-010_시도별_장기요양판정
여자,서울특별시,경감,5등급,393,2016,https://api.odcloud.kr/api/15072696/v1/uddi:b5b43d81-31d0-4b31-8c0f-9e83d6202da9,PUB-010_시도별_장기요양판정
여자,서울특별시,경감,등급외,274,2016,https://api.odcloud.kr/api/15072696/v1/uddi:b5b43d81-31d0-4b31-8c0f-9e83d6202da9,PUB-010_시도별_장기요양판정
여자,서울특별시,의료급여,1등급,52,2016,https://api.odcloud.kr/api/15072696/v1/uddi:b5b43d81-31d0-4b31-8c0f-9e83d6202da9,PUB-010_시도별_장기요양판정
여자,서울특별시,의료급여,2등급,86,2016,https://api.odcloud.kr/api/15072696/v1/uddi:b5b43d81-31d0-4b31-8c0f-9e83d6202da9,PUB-010_시도별_장기요양판정
여자,서울특별시,의료급여,3등급,214,2016,https://api.odcloud.kr/api/15072696/v1/uddi:b5b43d81-31d0-4b31-8c0f-9e83d6202da9,PUB-010_시도별_장기요양판정
여자,서울특별시,의료급여,4등급,181,2016,https://api.odcloud.kr/api/15072696/v1/uddi:b5b43d81-31d0-4b31-8c0f-9e83d6202da9,PUB-010_시도별_장기요양판정
여자,서울특별시,의료급여,5등급,22,2016,https://api.odcloud.kr/api/15072696/v1/uddi:b5b43d81-31d0-4b31-8c0f-9e83d6202da9,PUB-010_시도별_장기요양판정
여자,서울특별시,의료급여,등급외,120,2016,https://api.odcloud.kr/api/15072696/v1/uddi:b5b43d81-31d0-4b31-8c0f-9e83d6202da9,PUB-010_시도별_장기요양판정
여자,서울특별시,기초수급,1등급,711,2016,https://api.odcloud.kr/api/15072696/v1/uddi:b5b43d81-31d0-4b31-8c0f-9e83d6202da9,PUB-010_시도별_장기요양판정
여자,서울특별시,기초수급,2등급,1160,2016,https://api.odcloud.kr/api/15072696/v1/uddi:b5b43d81-31d0-4b31-8c0f-9e83d6202da9,PUB-010_시도별_장기요양판정
여자,서울특별시,기초수급,3등급,2929,2016,https://api.odcloud.kr/api/15072696/v1/uddi:b5b43d81-31d0-4b31-8c0f-9e83d6202da9,PUB-010_시도별_장기요양판정
여자,서울특별시,기초수급,4등급,3468,2016,https://api.odcloud.kr/api/15072696/v1/uddi:b5b43d81-31d0-4b31-8c0f-9e83d6202da9,PUB-010_시도별_장기요양판정
여자,서울특별시,기초수급,5등급,384,2016,https://api.odcloud.kr/api/15072696/v1/uddi:b5b43d81-31d0-4b31-8c0f-9e83d6202da9,PUB-010_시도별_장기요양판정
여자,서울특별시,기초수급,등급외,3095,2016,https://api.odcloud.kr/api/15072696/v1/uddi:b5b43d81-31d0-4b31-8c0f-9e83d6202da9,PUB-010_시도별_장기요양판정
남자,부산광역시,일반,1등급,524,2016,https://api.odcloud.kr/api/15072696/v1/uddi:b5b43d81-31d0-4b31-8c0f-9e83d6202da9,PUB-010_시도별_장기요양판정
남자,부산광역시,일반,2등급,839,2016,https://api.odcloud.kr/api/15072696/v1/uddi:b5b43d81-31d0-4b31-8c0f-9e83d6202da9,PUB-010_시도별_장기요양판정
남자,부산광역시,일반,3등급,2145,2016,https://api.odcloud.kr/api/15072696/v1/uddi:b5b43d81-31d0-4b31-8c0f-9e83d6202da9,PUB-010_시도별_장기요양판정
남자,부산광역시,일반,4등급,1814,2016,https://api.odcloud.kr/api/15072696/v1/uddi:b5b43d81-31d0-4b31-8c0f-9e83d6202da9,PUB-010_시도별_장기요양판정
남자,부산광역시,일반,5등급,265,2016,https://api.odcloud.kr/api/15072696/v1/uddi:b5b43d81-31d0-4b31-8c0f-9e83d6202da9,PUB-010_시도별_장기요양판정
남자,부산광역시,일반,등급외,1636,2016,https://api.odcloud.kr/api/15072696/v1/uddi:b5b43d81-31d0-4b31-8c0f-9e83d6202da9,PUB-010_시도별_장기요양판정
남자,부산광역시,경감,1등급,102,2016,https://api.odcloud.kr/api/15072696/v1/uddi:b5b43d81-31d0-4b31-8c0f-9e83d6202da9,PUB-010_시도별_장기요양판정
남자,부산광역시,경감,2등급,184,2016,https://api.odcloud.kr/api/15072696/v1/uddi:b5b43d81-31d0-4b31-8c0f-9e83d6202da9,PUB-010_시도별_장기요양판정
남자,부산광역시,경감,3등급,526,2016,https://api.odcloud.kr/api/15072696/v1/uddi:b5b43d81-31d0-4b31-8c0f-9e83d6202da9,PUB-010_시도별_장기요양판정
남자,부산광역시,경감,4등급,424,2016,https://api.odcloud.kr/api/15072696/v1/uddi:b5b43d81-31d0-4b31-8c0f-9e83d6202da9,PUB-010_시도별_장기요양판정
남자,부산광역시,경감,5등급,54,2016,https://api.odcloud.kr/api/15072696/v1/uddi:b5b43d81-31d0-4b31-8c0f-9e83d6202da9,PUB-010_시도별_장기요양판정
남자,부산광역시,경감,등급외,64,2016,https://api.odcloud.kr/api/15072696/v1/uddi:b5b43d81-31d0-4b31-8c0f-9e83d6202da9,PUB-010_시도별_장기요양판정
남자,부산광역시,의료급여,1등급,2,2016,https://api.odcloud.kr/api/15072696/v1/uddi:b5b43d81-31d0-4b31-8c0f-9e83d6202da9,PUB-010_시도별_장기요양판정
남자,부산광역시,의료급여,2등급,16,2016,https://api.odcloud.kr/api/15072696/v1/uddi:b5b43d81-31d0-4b31-8c0f-9e83d6202da9,PUB-010_시도별_장기요양판정
남자,부산광역시,의료급여,3등급,34,2016,https://api.odcloud.kr/api/15072696/v1/uddi:b5b43d81-31d0-4b31-8c0f-9e83d6202da9,PUB-010_시도별_장기요양판정
남자,부산광역시,의료급여,4등급,27,2016,https://api.odcloud.kr/api/15072696/v1/uddi:b5b43d81-31d0-4b31-8c0f-9e83d6202da9,PUB-010_시도별_장기요양판정
남자,부산광역시,의료급여,5등급,1,2016,https://api.odcloud.kr/api/15072696/v1/uddi:b5b43d81-31d0-4b31-8c0f-9e83d6202da9,PUB-010_시도별_장기요양판정
남자,부산광역시,의료급여,등급외,32,2016,https://api.odcloud.kr/api/15072696/v1/uddi:b5b43d81-31d0-4b31-8c0f-9e83d6202da9,PUB-010_시도별_장기요양판정
남자,부산광역시,기초수급,1등급,97,2016,https://api.odcloud.kr/api/15072696/v1/uddi:b5b43d81-31d0-4b31-8c0f-9e83d6202da9,PUB-010_시도별_장기요양판정
남자,부산광역시,기초수급,2등급,156,2016,https://api.odcloud.kr/api/15072696/v1/uddi:b5b43d81-31d0-4b31-8c0f-9e83d6202da9,PUB-010_시도별_장기요양판정
남자,부산광역시,기초수급,3등급,509,2016,https://api.odcloud.kr/api/15072696/v1/uddi:b5b43d81-31d0-4b31-8c0f-9e83d6202da9,PUB-010_시도별_장기요양판정
남자,부산광역시,기초수급,4등급,608,2016,https://api.odcloud.kr/api/15072696/v1/uddi:b5b43d81-31d0-4b31-8c0f-9e83d6202da9,PUB-010_시도별_장기요양판정
남자,부산광역시,기초수급,5등급,41,2016,https://api.odcloud.kr/api/15072696/v1/uddi:b5b43d81-31d0-4b31-8c0f-9e83d6202da9,PUB-010_시도별_장기요양판정
남자,부산광역시,기초수급,등급외,1043,2016,https://api.odcloud.kr/api/15072696/v1/uddi:b5b43d81-31d0-4b31-8c0f-9e83d6202da9,PUB-010_시도별_장기요양판정
여자,부산광역시,일반,1등급,1146,2016,https://api.odcloud.kr/api/15072696/v1/uddi:b5b43d81-31d0-4b31-8c0f-9e83d6202da9,PUB-010_시도별_장기요양판정
여자,부산광역시,일반,2등급,1849,2016,https://api.odcloud.kr/api/15072696/v1/uddi:b5b43d81-31d0-4b31-8c0f-9e83d6202da9,PUB-010_시도별_장기요양판정
여자,부산광역시,일반,3등급,4495,2016,https://api.odcloud.kr/api/15072696/v1/uddi:b5b43d81-31d0-4b31-8c0f-9e83d6202da9,PUB-010_시도별_장기요양판정
여자,부산광역시,일반,4등급,4955,2016,https://api.odcloud.kr/api/15072696/v1/uddi:b5b43d81-31d0-4b31-8c0f-9e83d6202da9,PUB-010_시도별_장기요양판정
여자,부산광역시,일반,5등급,653,2016,https://api.odcloud.kr/api/15072696/v1/uddi:b5b43d81-31d0-4b31-8c0f-9e83d6202da9,PUB-010_시도별_장기요양판정
여자,부산광역시,일반,등급외,4989,2016,https://api.odcloud.kr/api/15072696/v1/uddi:b5b43d81-31d0-4b31-8c0f-9e83d6202da9,PUB-010_시도별_장기요양판정
여자,부산광역시,경감,1등급,294,2016,https://api.odcloud.kr/api/15072696/v1/uddi:b5b43d81-31d0-4b31-8c0f-9e83d6202da9,PUB-010_시도별_장기요양판정
여자,부산광역시,경감,2등급,559,2016,https://api.odcloud.kr/api/15072696/v1/uddi:b5b43d81-31d0-4b31-8c0f-9e83d6202da9,PUB-010_시도별_장기요양판정
여자,부산광역시,경감,3등급,1288,2016,https://api.odcloud.kr/api/15072696/v1/uddi:b5b43d81-31d0-4b31-8c0f-9e83d6202da9,PUB-010_시도별_장기요양판정
여자,부산광역시,경감,4등급,1291,2016,https://api.odcloud.kr/api/15072696/v1/uddi:b5b43d81-31d0-4b31-8c0f-9e83d6202da9,PUB-010_시도별_장기요양판정
여자,부산광역시,경감,5등급,142,2016,https://api.odcloud.kr/api/15072696/v1/uddi:b5b43d81-31d0-4b31-8c0f-9e83d6202da9,PUB-010_시도별_장기요양판정
여자,부산광역시,경감,등급외,233,2016,https://api.odcloud.kr/api/15072696/v1/uddi:b5b43d81-31d0-4b31-8c0f-9e83d6202da9,PUB-010_시도별_장기요양판정
여자,부산광역시,의료급여,1등급,30,2016,https://api.odcloud.kr/api/15072696/v1/uddi:b5b43d81-31d0-4b31-8c0f-9e83d6202da9,PUB-010_시도별_장기요양판정
여자,부산광역시,의료급여,2등급,35,2016,https://api.odcloud.kr/api/15072696/v1/uddi:b5b43d81-31d0-4b31-8c0f-9e83d6202da9,PUB-010_시도별_장기요양판정
여자,부산광역시,의료급여,3등급,91,2016,https://api.odcloud.kr/api/15072696/v1/uddi:b5b43d81-31d0-4b31-8c0f-9e83d6202da9,PUB-010_시도별_장기요양판정
여자,부산광역시,의료급여,4등급,94,2016,https://api.odcloud.kr/api/15072696/v1/uddi:b5b43d81-31d0-4b31-8c0f-9e83d6202da9,PUB-010_시도별_장기요양판정
여자,부산광역시,의료급여,5등급,11,2016,https://api.odcloud.kr/api/15072696/v1/uddi:b5b43d81-31d0-4b31-8c0f-9e83d6202da9,PUB-010_시도별_장기요양판정
여자,부산광역시,의료급여,등급외,99,2016,https://api.odcloud.kr/api/15072696/v1/uddi:b5b43d81-31d0-4b31-8c0f-9e83d6202da9,PUB-010_시도별_장기요양판정
여자,부산광역시,기초수급,1등급,299,2016,https://api.odcloud.kr/api/15072696/v1/uddi:b5b43d81-31d0-4b31-8c0f-9e83d6202da9,PUB-010_시도별_장기요양판정
여자,부산광역시,기초수급,2등급,548,2016,https://api.odcloud.kr/api/15072696/v1/uddi:b5b43d81-31d0-4b31-8c0f-9e83d6202da9,PUB-010_시도별_장기요양판정
여자,부산광역시,기초수급,3등급,1273,2016,https://api.odcloud.kr/api/15072696/v1/uddi:b5b43d81-31d0-4b31-8c0f-9e83d6202da9,PUB-010_시도별_장기요양판정
여자,부산광역시,기초수급,4등급,1784,2016,https://api.odcloud.kr/api/15072696/v1/uddi:b5b43d81-31d0-4b31-8c0f-9e83d6202da9,PUB-010_시도별_장기요양판정
여자,부산광역시,기초수급,5등급,142,2016,https://api.odcloud.kr/api/15072696/v1/uddi:b5b43d81-31d0-4b31-8c0f-9e83d6202da9,PUB-010_시도별_장기요양판정
여자,부산광역시,기초수급,등급외,2682,2016,https://api.odcloud.kr/api/15072696/v1/uddi:b5b43d81-31d0-4b31-8c0f-9e83d6202da9,PUB-010_시도별_장기요양판정
남자,대구광역시,일반,1등급,327,2016,https://api.odcloud.kr/api/15072696/v1/uddi:b5b43d81-31d0-4b31-8c0f-9e83d6202da9,PUB-010_시도별_장기요양판정
남자,대구광역시,일반,2등급,580,2016,https://api.odcloud.kr/api/15072696/v1/uddi:b5b43d81-31d0-4b31-8c0f-9e83d6202da9,PUB-010_시도별_장기요양판정
남자,대구광역시,일반,3등급,1448,2016,https://api.odcloud.kr/api/15072696/v1/uddi:b5b43d81-31d0-4b31-8c0f-9e83d6202da9,PUB-010_시도별_장기요양판정
남자,대구광역시,일반,4등급,1145,2016,https://api.odcloud.kr/api/15072696/v1/uddi:b5b43d81-31d0-4b31-8c0f-9e83d6202da9,PUB-010_시도별_장기요양판정
남자,대구광역시,일반,5등급,270,2016,https://api.odcloud.kr/api/15072696/v1/uddi:b5b43d81-31d0-4b31-8c0f-9e83d6202da9,PUB-010_시도별_장기요양판정
남자,대구광역시,일반,등급외,1108,2016,https://api.odcloud.kr/api/15072696/v1/uddi:b5b43d81-31d0-4b31-8c0f-9e83d6202da9,PUB-010_시도별_장기요양판정
남자,대구광역시,경감,1등급,62,2016,https://api.odcloud.kr/api/15072696/v1/uddi:b5b43d81-31d0-4b31-8c0f-9e83d6202da9,PUB-010_시도별_장기요양판정
남자,대구광역시,경감,2등급,142,2016,https://api.odcloud.kr/api/15072696/v1/uddi:b5b43d81-31d0-4b31-8c0f-9e83d6202da9,PUB-010_시도별_장기요양판정
남자,대구광역시,경감,3등급,378,2016,https://api.odcloud.kr/api/15072696/v1/uddi:b5b43d81-31d0-4b31-8c0f-9e83d6202da9,PUB-010_시도별_장기요양판정
남자,대구광역시,경감,4등급,261,2016,https://api.odcloud.kr/api/15072696/v1/uddi:b5b43d81-31d0-4b31-8c0f-9e83d6202da9,PUB-010_시도별_장기요양판정
남자,대구광역시,경감,5등급,55,2016,https://api.odcloud.kr/api/15072696/v1/uddi:b5b43d81-31d0-4b31-8c0f-9e83d6202da9,PUB-010_시도별_장기요양판정
남자,대구광역시,경감,등급외,62,2016,https://api.odcloud.kr/api/15072696/v1/uddi:b5b43d81-31d0-4b31-8c0f-9e83d6202da9,PUB-010_시도별_장기요양판정
남자,대구광역시,의료급여,1등급,10,2016,https://api.odcloud.kr/api/15072696/v1/uddi:b5b43d81-31d0-4b31-8c0f-9e83d6202da9,PUB-010_시도별_장기요양판정
남자,대구광역시,의료급여,2등급,14,2016,https://api.odcloud.kr/api/15072696/v1/uddi:b5b43d81-31d0-4b31-8c0f-9e83d6202da9,PUB-010_시도별_장기요양판정
남자,대구광역시,의료급여,3등급,40,2016,https://api.odcloud.kr/api/15072696/v1/uddi:b5b43d81-31d0-4b31-8c0f-9e83d6202da9,PUB-010_시도별_장기요양판정
남자,대구광역시,의료급여,4등급,41,2016,https://api.odcloud.kr/api/15072696/v1/uddi:b5b43d81-31d0-4b31-8c0f-9e83d6202da9,PUB-010_시도별_장기요양판정
남자,대구광역시,의료급여,5등급,5,2016,https://api.odcloud.kr/api/15072696/v1/uddi:b5b43d81-31d0-4b31-8c0f-9e83d6202da9,PUB-010_시도별_장기요양판정
남자,대구광역시,의료급여,등급외,27,2016,https://api.odcloud.kr/api/15072696/v1/uddi:b5b43d81-31d0-4b31-8c0f-9e83d6202da9,PUB-010_시도별_장기요양판정
남자,대구광역시,기초수급,1등급,82,2016,https://api.odcloud.kr/api/15072696/v1/uddi:b5b43d81-31d0-4b31-8c0f-9e83d6202da9,PUB-010_시도별_장기요양판정
남자,대구광역시,기초수급,2등급,142,2016,https://api.odcloud.kr/api/15072696/v1/uddi:b5b43d81-31d0-4b31-8c0f-9e83d6202da9,PUB-010_시도별_장기요양판정
남자,대구광역시,기초수급,3등급,359,2016,https://api.odcloud.kr/api/15072696/v1/uddi:b5b43d81-31d0-4b31-8c0f-9e83d6202da9,PUB-010_시도별_장기요양판정
남자,대구광역시,기초수급,4등급,340,2016,https://api.odcloud.kr/api/15072696/v1/uddi:b5b43d81-31d0-4b31-8c0f-9e83d6202da9,PUB-010_시도별_장기요양판정
남자,대구광역시,기초수급,5등급,54,2016,https://api.odcloud.kr/api/15072696/v1/uddi:b5b43d81-31d0-4b31-8c0f-9e83d6202da9,PUB-010_시도별_장기요양판정
남자,대구광역시,기초수급,등급외,611,2016,https://api.odcloud.kr/api/15072696/v1/uddi:b5b43d81-31d0-4b31-8c0f-9e83d6202da9,PUB-010_시도별_장기요양판정
여자,대구광역시,일반,1등급,729,2016,https://api.odcloud.kr/api/15072696/v1/uddi:b5b43d81-31d0-4b31-8c0f-9e83d6202da9,PUB-010_시도별_장기요양판정
여자,대구광역시,일반,2등급,1479,2016,https://api.odcloud.kr/api/15072696/v1/uddi:b5b43d81-31d0-4b31-8c0f-9e83d6202da9,PUB-010_시도별_장기요양판정
여자,대구광역시,일반,3등급,3539,2016,https://api.odcloud.kr/api/15072696/v1/uddi:b5b43d81-31d0-4b31-8c0f-9e83d6202da9,PUB-010_시도별_장기요양판정
여자,대구광역시,일반,4등급,3156,2016,https://api.odcloud.kr/api/15072696/v1/uddi:b5b43d81-31d0-4b31-8c0f-9e83d6202da9,PUB-010_시도별_장기요양판정
여자,대구광역시,일반,5등급,741,2016,https://api.odcloud.kr/api/15072696/v1/uddi:b5b43d81-31d0-4b31-8c0f-9e83d6202da9,PUB-010_시도별_장기요양판정
여자,대구광역시,일반,등급외,3102,2016,https://api.odcloud.kr/api/15072696/v1/uddi:b5b43d81-31d0-4b31-8c0f-9e83d6202da9,PUB-010_시도별_장기요양판정
여자,대구광역시,경감,1등급,208,2016,https://api.odcloud.kr/api/15072696/v1/uddi:b5b43d81-31d0-4b31-8c0f-9e83d6202da9,PUB-010_시도별_장기요양판정
여자,대구광역시,경감,2등급,467,2016,https://api.odcloud.kr/api/15072696/v1/uddi:b5b43d81-31d0-4b31-8c0f-9e83d6202da9,PUB-010_시도별_장기요양판정
여자,대구광역시,경감,3등급,1126,2016,https://api.odcloud.kr/api/15072696/v1/uddi:b5b43d81-31d0-4b31-8c0f-9e83d6202da9,PUB-010_시도별_장기요양판정
여자,대구광역시,경감,4등급,882,2016,https://api.odcloud.kr/api/15072696/v1/uddi:b5b43d81-31d0-4b31-8c0f-9e83d6202da9,PUB-010_시도별_장기요양판정
여자,대구광역시,경감,5등급,182,2016,https://api.odcloud.kr/api/15072696/v1/uddi:b5b43d81-31d0-4b31-8c0f-9e83d6202da9,PUB-010_시도별_장기요양판정
여자,대구광역시,경감,등급외,184,2016,https://api.odcloud.kr/api/15072696/v1/uddi:b5b43d81-31d0-4b31-8c0f-9e83d6202da9,PUB-010_시도별_장기요양판정
여자,대구광역시,의료급여,1등급,16,2016,https://api.odcloud.kr/api/15072696/v1/uddi:b5b43d81-31d0-4b31-8c0f-9e83d6202da9,PUB-010_시도별_장기요양판정
여자,대구광역시,의료급여,2등급,35,2016,https://api.odcloud.kr/api/15072696/v1/uddi:b5b43d81-31d0-4b31-8c0f-9e83d6202da9,PUB-010_시도별_장기요양판정
여자,대구광역시,의료급여,3등급,100,2016,https://api.odcloud.kr/api/15072696/v1/uddi:b5b43d81-31d0-4b31-8c0f-9e83d6202da9,PUB-010_시도별_장기요양판정
여자,대구광역시,의료급여,4등급,91,2016,https://api.odcloud.kr/api/15072696/v1/uddi:b5b43d81-31d0-4b31-8c0f-9e83d6202da9,PUB-010_시도별_장기요양판정
여자,대구광역시,의료급여,5등급,15,2016,https://api.odcloud.kr/api/15072696/v1/uddi:b5b43d81-31d0-4b31-8c0f-9e83d6202da9,PUB-010_시도별_장기요양판정
여자,대구광역시,의료급여,등급외,83,2016,https://api.odcloud.kr/api/15072696/v1/uddi:b5b43d81-31d0-4b31-8c0f-9e83d6202da9,PUB-010_시도별_장기요양판정
여자,대구광역시,기초수급,1등급,253,2016,https://api.odcloud.kr/api/15072696/v1/uddi:b5b43d81-31d0-4b31-8c0f-9e83d6202da9,PUB-010_시도별_장기요양판정
여자,대구광역시,기초수급,2등급,442,2016,https://api.odcloud.kr/api/15072696/v1/uddi:b5b43d81-31d0-4b31-8c0f-9e83d6202da9,PUB-010_시도별_장기요양판정
여자,대구광역시,기초수급,3등급,997,2016,https://api.odcloud.kr/api/15072696/v1/uddi:b5b43d81-31d0-4b31-8c0f-9e83d6202da9,PUB-010_시도별_장기요양판정
여자,대구광역시,기초수급,4등급,1085,2016,https://api.odcloud.kr/api/15072696/v1/uddi:b5b43d81-31d0-4b31-8c0f-9e83d6202da9,PUB-010_시도별_장기요양판정
여자,대구광역시,기초수급,5등급,179,2016,https://api.odcloud.kr/api/15072696/v1/uddi:b5b43d81-31d0-4b31-8c0f-9e83d6202da9,PUB-010_시도별_장기요양판정
여자,대구광역시,기초수급,등급외,1559,2016,https://api.odcloud.kr/api/15072696/v1/uddi:b5b43d81-31d0-4b31-8c0f-9e83d6202da9,PUB-010_시도별_장기요양판정
남자,인천광역시,일반,1등급,390,2016,https://api.odcloud.kr/api/15072696/v1/uddi:b5b43d81-31d0-4b31-8c0f-9e83d6202da9,PUB-010_시도별_장기요양판정
남자,인천광역시,일반,2등급,634,2016,https://api.odcloud.kr/api/15072696/v1/uddi:b5b43d81-31d0-4b31-8c0f-9e83d6202da9,PUB-010_시도별_장기요양판정
남자,인천광역시,일반,3등급,1939,2016,https://api.odcloud.kr/api/15072696/v1/uddi:b5b43d81-31d0-4b31-8c0f-9e83d6202da9,PUB-010_시도별_장기요양판정
남자,인천광역시,일반,4등급,1633,2016,https://api.odcloud.kr/api/15072696/v1/uddi:b5b43d81-31d0-4b31-8c0f-9e83d6202da9,PUB-010_시도별_장기요양판정
남자,인천광역시,일반,5등급,194,2016,https://api.odcloud.kr/api/15072696/v1/uddi:b5b43d81-31d0-4b31-8c0f-9e83d6202da9,PUB-010_시도별_장기요양판정
남자,인천광역시,일반,등급외,1171,2016,https://api.odcloud.kr/api/15072696/v1/uddi:b5b43d81-31d0-4b31-8c0f-9e83d6202da9,PUB-010_시도별_장기요양판정
남자,인천광역시,경감,1등급,85,2016,https://api.odcloud.kr/api/15072696/v1/uddi:b5b43d81-31d0-4b31-8c0f-9e83d6202da9,PUB-010_시도별_장기요양판정
남자,인천광역시,경감,2등급,171,2016,https://api.odcloud.kr/api/15072696/v1/uddi:b5b43d81-31d0-4b31-8c0f-9e83d6202da9,PUB-010_시도별_장기요양판정
남자,인천광역시,경감,3등급,485,2016,https://api.odcloud.kr/api/15072696/v1/uddi:b5b43d81-31d0-4b31-8c0f-9e83d6202da9,PUB-010_시도별_장기요양판정
남자,인천광역시,경감,4등급,454,2016,https://api.odcloud.kr/api/15072696/v1/uddi:b5b43d81-31d0-4b31-8c0f-9e83d6202da9,PUB-010_시도별_장기요양판정
남자,인천광역시,경감,5등급,47,2016,https://api.odcloud.kr/api/15072696/v1/uddi:b5b43d81-31d0-4b31-8c0f-9e83d6202da9,PUB-010_시도별_장기요양판정
남자,인천광역시,경감,등급외,41,2016,https://api.odcloud.kr/api/15072696/v1/uddi:b5b43d81-31d0-4b31-8c0f-9e83d6202da9,PUB-010_시도별_장기요양판정
남자,인천광역시,의료급여,1등급,8,2016,https://api.odcloud.kr/api/15072696/v1/uddi:b5b43d81-31d0-4b31-8c0f-9e83d6202da9,PUB-010_시도별_장기요양판정
남자,인천광역시,의료급여,2등급,15,2016,https://api.odcloud.kr/api/15072696/v1/uddi:b5b43d81-31d0-4b31-8c0f-9e83d6202da9,PUB-010_시도별_장기요양판정
남자,인천광역시,의료급여,3등급,29,2016,https://api.odcloud.kr/api/15072696/v1/uddi:b5b43d81-31d0-4b31-8c0f-9e83d6202da9,PUB-010_시도별_장기요양판정
남자,인천광역시,의료급여,4등급,32,2016,https://api.odcloud.kr/api/15072696/v1/uddi:b5b43d81-31d0-4b31-8c0f-9e83d6202da9,PUB-010_시도별_장기요양판정
남자,인천광역시,의료급여,5등급,6,2016,https://api.odcloud.kr/api/15072696/v1/uddi:b5b43d81-31d0-4b31-8c0f-9e83d6202da9,PUB-010_시도별_장기요양판정
남자,인천광역시,의료급여,등급외,27,2016,https://api.odcloud.kr/api/15072696/v1/uddi:b5b43d81-31d0-4b31-8c0f-9e83d6202da9,PUB-010_시도별_장기요양판정
남자,인천광역시,기초수급,1등급,117,2016,https://api.odcloud.kr/api/15072696/v1/uddi:b5b43d81-31d0-4b31-8c0f-9e83d6202da9,PUB-010_시도별_장기요양판정
남자,인천광역시,기초수급,2등급,212,2016,https://api.odcloud.kr/api/15072696/v1/uddi:b5b43d81-31d0-4b31-8c0f-9e83d6202da9,PUB-010_시도별_장기요양판정
남자,인천광역시,기초수급,3등급,569,2016,https://api.odcloud.kr/api/15072696/v1/uddi:b5b43d81-31d0-4b31-8c0f-9e83d6202da9,PUB-010_시도별_장기요양판정
남자,인천광역시,기초수급,4등급,636,2016,https://api.odcloud.kr/api/15072696/v1/uddi:b5b43d81-31d0-4b31-8c0f-9e83d6202da9,PUB-010_시도별_장기요양판정
남자,인천광역시,기초수급,5등급,54,2016,https://api.odcloud.kr/api/15072696/v1/uddi:b5b43d81-31d0-4b31-8c0f-9e83d6202da9,PUB-010_시도별_장기요양판정
남자,인천광역시,기초수급,등급외,682,2016,https://api.odcloud.kr/api/15072696/v1/uddi:b5b43d81-31d0-4b31-8c0f-9e83d6202da9,PUB-010_시도별_장기요양판정
여자,인천광역시,일반,1등급,928,2016,https://api.odcloud.kr/api/15072696/v1/uddi:b5b43d81-31d0-4b31-8c0f-9e83d6202da9,PUB-010_시도별_장기요양판정
여자,인천광역시,일반,2등급,1902,2016,https://api.odcloud.kr/api/15072696/v1/uddi:b5b43d81-31d0-4b31-8c0f-9e83d6202da9,PUB-010_시도별_장기요양판정
여자,인천광역시,일반,3등급,4730,2016,https://api.odcloud.kr/api/15072696/v1/uddi:b5b43d81-31d0-4b31-8c0f-9e83d6202da9,PUB-010_시도별_장기요양판정
여자,인천광역시,일반,4등급,4481,2016,https://api.odcloud.kr/api/15072696/v1/uddi:b5b43d81-31d0-4b31-8c0f-9e83d6202da9,PUB-010_시도별_장기요양판정
여자,인천광역시,일반,5등급,603,2016,https://api.odcloud.kr/api/15072696/v1/uddi:b5b43d81-31d0-4b31-8c0f-9e83d6202da9,PUB-010_시도별_장기요양판정
여자,인천광역시,일반,등급외,3300,2016,https://api.odcloud.kr/api/15072696/v1/uddi:b5b43d81-31d0-4b31-8c0f-9e83d6202da9,PUB-010_시도별_장기요양판정
여자,인천광역시,경감,1등급,267,2016,https://api.odcloud.kr/api/15072696/v1/uddi:b5b43d81-31d0-4b31-8c0f-9e83d6202da9,PUB-010_시도별_장기요양판정
여자,인천광역시,경감,2등급,583,2016,https://api.odcloud.kr/api/15072696/v1/uddi:b5b43d81-31d0-4b31-8c0f-9e83d6202da9,PUB-010_시도별_장기요양판정
여자,인천광역시,경감,3등급,1433,2016,https://api.odcloud.kr/api/15072696/v1/uddi:b5b43d81-31d0-4b31-8c0f-9e83d6202da9,PUB-010_시도별_장기요양판정
여자,인천광역시,경감,4등급,1331,2016,https://api.odcloud.kr/api/15072696/v1/uddi:b5b43d81-31d0-4b31-8c0f-9e83d6202da9,PUB-010_시도별_장기요양판정
여자,인천광역시,경감,5등급,129,2016,https://api.odcloud.kr/api/15072696/v1/uddi:b5b43d81-31d0-4b31-8c0f-9e83d6202da9,PUB-010_시도별_장기요양판정
여자,인천광역시,경감,등급외,112,2016,https://api.odcloud.kr/api/15072696/v1/uddi:b5b43d81-31d0-4b31-8c0f-9e83d6202da9,PUB-010_시도별_장기요양판정
여자,인천광역시,의료급여,1등급,7,2016,https://api.odcloud.kr/api/15072696/v1/uddi:b5b43d81-31d0-4b31-8c0f-9e83d6202da9,PUB-010_시도별_장기요양판정
여자,인천광역시,의료급여,2등급,27,2016,https://api.odcloud.kr/api/15072696/v1/uddi:b5b43d81-31d0-4b31-8c0f-9e83d6202da9,PUB-010_시도별_장기요양판정
여자,인천광역시,의료급여,3등급,68,2016,https://api.odcloud.kr/api/15072696/v1/uddi:b5b43d81-31d0-4b31-8c0f-9e83d6202da9,PUB-010_시도별_장기요양판정
여자,인천광역시,의료급여,4등급,80,2016,https://api.odcloud.kr/api/15072696/v1/uddi:b5b43d81-31d0-4b31-8c0f-9e83d6202da9,PUB-010_시도별_장기요양판정
여자,인천광역시,의료급여,5등급,10,2016,https://api.odcloud.kr/api/15072696/v1/uddi:b5b43d81-31d0-4b31-8c0f-9e83d6202da9,PUB-010_시도별_장기요양판정
여자,인천광역시,의료급여,등급외,54,2016,https://api.odcloud.kr/api/15072696/v1/uddi:b5b43d81-31d0-4b31-8c0f-9e83d6202da9,PUB-010_시도별_장기요양판정
여자,인천광역시,기초수급,1등급,295,2016,https://api.odcloud.kr/api/15072696/v1/uddi:b5b43d81-31d0-4b31-8c0f-9e83d6202da9,PUB-010_시도별_장기요양판정
여자,인천광역시,기초수급,2등급,589,2016,https://api.odcloud.kr/api/15072696/v1/uddi:b5b43d81-31d0-4b31-8c0f-9e83d6202da9,PUB-010_시도별_장기요양판정
여자,인천광역시,기초수급,3등급,1368,2016,https://api.odcloud.kr/api/15072696/v1/uddi:b5b43d81-31d0-4b31-8c0f-9e83d6202da9,PUB-010_시도별_장기요양판정
여자,인천광역시,기초수급,4등급,1667,2016,https://api.odcloud.kr/api/15072696/v1/uddi:b5b43d81-31d0-4b31-8c0f-9e83d6202da9,PUB-010_시도별_장기요양판정
여자,인천광역시,기초수급,5등급,159,2016,https://api.odcloud.kr/api/15072696/v1/uddi:b5b43d81-31d0-4b31-8c0f-9e83d6202da9,PUB-010_시도별_장기요양판정
여자,인천광역시,기초수급,등급외,1521,2016,https://api.odcloud.kr/api/15072696/v1/uddi:b5b43d81-31d0-4b31-8c0f-9e83d6202da9,PUB-010_시도별_장기요양판정
남자,광주광역시,일반,1등급,140,2016,https://api.odcloud.kr/api/15072696/v1/uddi:b5b43d81-31d0-4b31-8c0f-9e83d6202da9,PUB-010_시도별_장기요양판정
남자,광주광역시,일반,2등급,253,2016,https://api.odcloud.kr/api/15072696/v1/uddi:b5b43d81-31d0-4b31-8c0f-9e83d6202da9,PUB-010_시도별_장기요양판정
남자,광주광역시,일반,3등급,892,2016,https://api.odcloud.kr/api/15072696/v1/uddi:b5b43d81-31d0-4b31-8c0f-9e83d6202da9,PUB-010_시도별_장기요양판정
남자,광주광역시,일반,4등급,1043,2016,https://api.odcloud.kr/api/15072696/v1/uddi:b5b43d81-31d0-4b31-8c0f-9e83d6202da9,PUB-010_시도별_장기요양판정
남자,광주광역시,일반,5등급,144,2016,https://api.odcloud.kr/api/15072696/v1/uddi:b5b43d81-31d0-4b31-8c0f-9e83d6202da9,PUB-010_시도별_장기요양판정
남자,광주광역시,일반,등급외,1025,2016,https://api.odcloud.kr/api/15072696/v1/uddi:b5b43d81-31d0-4b31-8c0f-9e83d6202da9,PUB-010_시도별_장기요양판정
남자,광주광역시,경감,1등급,40,2016,https://api.odcloud.kr/api/15072696/v1/uddi:b5b43d81-31d0-4b31-8c0f-9e83d6202da9,PUB-010_시도별_장기요양판정
남자,광주광역시,경감,2등급,43,2016,https://api.odcloud.kr/api/15072696/v1/uddi:b5b43d81-31d0-4b31-8c0f-9e83d6202da9,PUB-010_시도별_장기요양판정
남자,광주광역시,경감,3등급,187,2016,https://api.odcloud.kr/api/15072696/v1/uddi:b5b43d81-31d0-4b31-8c0f-9e83d6202da9,PUB-010_시도별_장기요양판정
남자,광주광역시,경감,4등급,213,2016,https://api.odcloud.kr/api/15072696/v1/uddi:b5b43d81-31d0-4b31-8c0f-9e83d6202da9,PUB-010_시도별_장기요양판정
남자,광주광역시,경감,5등급,26,2016,https://api.odcloud.kr/api/15072696/v1/uddi:b5b43d81-31d0-4b31-8c0f-9e83d6202da9,PUB-010_시도별_장기요양판정
남자,광주광역시,경감,등급외,55,2016,https://api.odcloud.kr/api/15072696/v1/uddi:b5b43d81-31d0-4b31-8c0f-9e83d6202da9,PUB-010_시도별_장기요양판정
남자,광주광역시,의료급여,1등급,5,2016,https://api.odcloud.kr/api/15072696/v1/uddi:b5b43d81-31d0-4b31-8c0f-9e83d6202da9,PUB-010_시도별_장기요양판정
남자,광주광역시,의료급여,2등급,6,2016,https://api.odcloud.kr/api/15072696/v1/uddi:b5b43d81-31d0-4b31-8c0f-9e83d6202da9,PUB-010_시도별_장기요양판정
남자,광주광역시,의료급여,3등급,26,2016,https://api.odcloud.kr/api/15072696/v1/uddi:b5b43d81-31d0-4b31-8c0f-9e83d6202da9,PUB-010_시도별_장기요양판정
남자,광주광역시,의료급여,4등급,31,2016,https://api.odcloud.kr/api/15072696/v1/uddi:b5b43d81-31d0-4b31-8c0f-9e83d6202da9,PUB-010_시도별_장기요양판정
남자,광주광역시,의료급여,5등급,4,2016,https://api.odcloud.kr/api/15072696/v1/uddi:b5b43d81-31d0-4b31-8c0f-9e83d6202da9,PUB-010_시도별_장기요양판정
남자,광주광역시,의료급여,등급외,32,2016,https://api.odcloud.kr/api/15072696/v1/uddi:b5b43d81-31d0-4b31-8c0f-9e83d6202da9,PUB-010_시도별_장기요양판정
남자,광주광역시,기초수급,1등급,33,2016,https://api.odcloud.kr/api/15072696/v1/uddi:b5b43d81-31d0-4b31-8c0f-9e83d6202da9,PUB-010_시도별_장기요양판정
남자,광주광역시,기초수급,2등급,42,2016,https://api.odcloud.kr/api/15072696/v1/uddi:b5b43d81-31d0-4b31-8c0f-9e83d6202da9,PUB-010_시도별_장기요양판정
남자,광주광역시,기초수급,3등급,167,2016,https://api.odcloud.kr/api/15072696/v1/uddi:b5b43d81-31d0-4b31-8c0f-9e83d6202da9,PUB-010_시도별_장기요양판정
남자,광주광역시,기초수급,4등급,243,2016,https://api.odcloud.kr/api/15072696/v1/uddi:b5b43d81-31d0-4b31-8c0f-9e83d6202da9,PUB-010_시도별_장기요양판정
남자,광주광역시,기초수급,5등급,24,2016,https://api.odcloud.kr/api/15072696/v1/uddi:b5b43d81-31d0-4b31-8c0f-9e83d6202da9,PUB-010_시도별_장기요양판정
남자,광주광역시,기초수급,등급외,550,2016,https://api.odcloud.kr/api/15072696/v1/uddi:b5b43d81-31d0-4b31-8c0f-9e83d6202da9,PUB-010_시도별_장기요양판정
여자,광주광역시,일반,1등급,415,2016,https://api.odcloud.kr/api/15072696/v1/uddi:b5b43d81-31d0-4b31-8c0f-9e83d6202da9,PUB-010_시도별_장기요양판정
여자,광주광역시,일반,2등급,662,2016,https://api.odcloud.kr/api/15072696/v1/uddi:b5b43d81-31d0-4b31-8c0f-9e83d6202da9,PUB-010_시도별_장기요양판정
여자,광주광역시,일반,3등급,2031,2016,https://api.odcloud.kr/api/15072696/v1/uddi:b5b43d81-31d0-4b31-8c0f-9e83d6202da9,PUB-010_시도별_장기요양판정
여자,광주광역시,일반,4등급,2913,2016,https://api.odcloud.kr/api/15072696/v1/uddi:b5b43d81-31d0-4b31-8c0f-9e83d6202da9,PUB-010_시도별_장기요양판정
여자,광주광역시,일반,5등급,422,2016,https://api.odcloud.kr/api/15072696/v1/uddi:b5b43d81-31d0-4b31-8c0f-9e83d6202da9,PUB-010_시도별_장기요양판정
여자,광주광역시,일반,등급외,3290,2016,https://api.odcloud.kr/api/15072696/v1/uddi:b5b43d81-31d0-4b31-8c0f-9e83d6202da9,PUB-010_시도별_장기요양판정
여자,광주광역시,경감,1등급,90,2016,https://api.odcloud.kr/api/15072696/v1/uddi:b5b43d81-31d0-4b31-8c0f-9e83d6202da9,PUB-010_시도별_장기요양판정
여자,광주광역시,경감,2등급,220,2016,https://api.odcloud.kr/api/15072696/v1/uddi:b5b43d81-31d0-4b31-8c0f-9e83d6202da9,PUB-010_시도별_장기요양판정
여자,광주광역시,경감,3등급,582,2016,https://api.odcloud.kr/api/15072696/v1/uddi:b5b43d81-31d0-4b31-8c0f-9e83d6202da9,PUB-010_시도별_장기요양판정
여자,광주광역시,경감,4등급,821,2016,https://api.odcloud.kr/api/15072696/v1/uddi:b5b43d81-31d0-4b31-8c0f-9e83d6202da9,PUB-010_시도별_장기요양판정
여자,광주광역시,경감,5등급,100,2016,https://api.odcloud.kr/api/15072696/v1/uddi:b5b43d81-31d0-4b31-8c0f-9e83d6202da9,PUB-010_시도별_장기요양판정
여자,광주광역시,경감,등급외,215,2016,https://api.odcloud.kr/api/15072696/v1/uddi:b5b43d81-31d0-4b31-8c0f-9e83d6202da9,PUB-010_시도별_장기요양판정
여자,광주광역시,의료급여,1등급,13,2016,https://api.odcloud.kr/api/15072696/v1/uddi:b5b43d81-31d0-4b31-8c0f-9e83d6202da9,PUB-010_시도별_장기요양판정
여자,광주광역시,의료급여,2등급,23,2016,https://api.odcloud.kr/api/15072696/v1/uddi:b5b43d81-31d0-4b31-8c0f-9e83d6202da9,PUB-010_시도별_장기요양판정
여자,광주광역시,의료급여,3등급,82,2016,https://api.odcloud.kr/api/15072696/v1/uddi:b5b43d81-31d0-4b31-8c0f-9e83d6202da9,PUB-010_시도별_장기요양판정
여자,광주광역시,의료급여,4등급,94,2016,https://api.odcloud.kr/api/15072696/v1/uddi:b5b43d81-31d0-4b31-8c0f-9e83d6202da9,PUB-010_시도별_장기요양판정
여자,광주광역시,의료급여,5등급,2,2016,https://api.odcloud.kr/api/15072696/v1/uddi:b5b43d81-31d0-4b31-8c0f-9e83d6202da9,PUB-010_시도별_장기요양판정
여자,광주광역시,의료급여,등급외,99,2016,https://api.odcloud.kr/api/15072696/v1/uddi:b5b43d81-31d0-4b31-8c0f-9e83d6202da9,PUB-010_시도별_장기요양판정
여자,광주광역시,기초수급,1등급,90,2016,https://api.odcloud.kr/api/15072696/v1/uddi:b5b43d81-31d0-4b31-8c0f-9e83d6202da9,PUB-010_시도별_장기요양판정
여자,광주광역시,기초수급,2등급,167,2016,https://api.odcloud.kr/api/15072696/v1/uddi:b5b43d81-31d0-4b31-8c0f-9e83d6202da9,PUB-010_시도별_장기요양판정
여자,광주광역시,기초수급,3등급,505,2016,https://api.odcloud.kr/api/15072696/v1/uddi:b5b43d81-31d0-4b31-8c0f-9e83d6202da9,PUB-010_시도별_장기요양판정
여자,광주광역시,기초수급,4등급,810,2016,https://api.odcloud.kr/api/15072696/v1/uddi:b5b43d81-31d0-4b31-8c0f-9e83d6202da9,PUB-010_시도별_장기요양판정
여자,광주광역시,기초수급,5등급,103,2016,https://api.odcloud.kr/api/15072696/v1/uddi:b5b43d81-31d0-4b31-8c0f-9e83d6202da9,PUB-010_시도별_장기요양판정
여자,광주광역시,기초수급,등급외,1643,2016,https://api.odcloud.kr/api/15072696/v1/uddi:b5b43d81-31d0-4b31-8c0f-9e83d6202da9,PUB-010_시도별_장기요양판정
남자,대전광역시,일반,1등급,204,2016,https://api.odcloud.kr/api/15072696/v1/uddi:b5b43d81-31d0-4b31-8c0f-9e83d6202da9,PUB-010_시도별_장기요양판정
남자,대전광역시,일반,2등급,289,2016,https://api.odcloud.kr/api/15072696/v1/uddi:b5b43d81-31d0-4b31-8c0f-9e83d6202da9,PUB-010_시도별_장기요양판정
남자,대전광역시,일반,3등급,986,2016,https://api.odcloud.kr/api/15072696/v1/uddi:b5b43d81-31d0-4b31-8c0f-9e83d6202da9,PUB-010_시도별_장기요양판정
남자,대전광역시,일반,4등급,973,2016,https://api.odcloud.kr/api/15072696/v1/uddi:b5b43d81-31d0-4b31-8c0f-9e83d6202da9,PUB-010_시도별_장기요양판정
남자,대전광역시,일반,5등급,217,2016,https://api.odcloud.kr/api/15072696/v1/uddi:b5b43d81-31d0-4b31-8c0f-9e83d6202da9,PUB-010_시도별_장기요양판정
남자,대전광역시,일반,등급외,799,2016,https://api.odcloud.kr/api/15072696/v1/uddi:b5b43d81-31d0-4b31-8c0f-9e83d6202da9,PUB-010_시도별_장기요양판정
남자,대전광역시,경감,1등급,34,2016,https://api.odcloud.kr/api/15072696/v1/uddi:b5b43d81-31d0-4b31-8c0f-9e83d6202da9,PUB-010_시도별_장기요양판정
남자,대전광역시,경감,2등급,56,2016,https://api.odcloud.kr/api/15072696/v1/uddi:b5b43d81-31d0-4b31-8c0f-9e83d6202da9,PUB-010_시도별_장기요양판정
남자,대전광역시,경감,3등급,226,2016,https://api.odcloud.kr/api/15072696/v1/uddi:b5b43d81-31d0-4b31-8c0f-9e83d6202da9,PUB-010_시도별_장기요양판정
남자,대전광역시,경감,4등급,249,2016,https://api.odcloud.kr/api/15072696/v1/uddi:b5b43d81-31d0-4b31-8c0f-9e83d6202da9,PUB-010_시도별_장기요양판정
남자,대전광역시,경감,5등급,38,2016,https://api.odcloud.kr/api/15072696/v1/uddi:b5b43d81-31d0-4b31-8c0f-9e83d6202da9,PUB-010_시도별_장기요양판정
남자,대전광역시,경감,등급외,48,2016,https://api.odcloud.kr/api/15072696/v1/uddi:b5b43d81-31d0-4b31-8c0f-9e83d6202da9,PUB-010_시도별_장기요양판정
남자,대전광역시,의료급여,1등급,9,2016,https://api.odcloud.kr/api/15072696/v1/uddi:b5b43d81-31d0-4b31-8c0f-9e83d6202da9,PUB-010_시도별_장기요양판정
남자,대전광역시,의료급여,2등급,6,2016,https://api.odcloud.kr/api/15072696/v1/uddi:b5b43d81-31d0-4b31-8c0f-9e83d6202da9,PUB-010_시도별_장기요양판정
남자,대전광역시,의료급여,3등급,19,2016,https://api.odcloud.kr/api/15072696/v1/uddi:b5b43d81-31d0-4b31-8c0f-9e83d6202da9,PUB-010_시도별_장기요양판정
남자,대전광역시,의료급여,4등급,30,2016,https://api.odcloud.kr/api/15072696/v1/uddi:b5b43d81-31d0-4b31-8c0f-9e83d6202da9,PUB-010_시도별_장기요양판정
남자,대전광역시,의료급여,5등급,4,2016,https://api.odcloud.kr/api/15072696/v1/uddi:b5b43d81-31d0-4b31-8c0f-9e83d6202da9,PUB-010_시도별_장기요양판정
남자,대전광역시,의료급여,등급외,16,2016,https://api.odcloud.kr/api/15072696/v1/uddi:b5b43d81-31d0-4b31-8c0f-9e83d6202da9,PUB-010_시도별_장기요양판정
남자,대전광역시,기초수급,1등급,37,2016,https://api.odcloud.kr/api/15072696/v1/uddi:b5b43d81-31d0-4b31-8c0f-9e83d6202da9,PUB-010_시도별_장기요양판정
남자,대전광역시,기초수급,2등급,73,2016,https://api.odcloud.kr/api/15072696/v1/uddi:b5b43d81-31d0-4b31-8c0f-9e83d6202da9,PUB-010_시도별_장기요양판정
남자,대전광역시,기초수급,3등급,200,2016,https://api.odcloud.kr/api/15072696/v1/uddi:b5b43d81-31d0-4b31-8c0f-9e83d6202da9,PUB-010_시도별_장기요양판정
남자,대전광역시,기초수급,4등급,249,2016,https://api.odcloud.kr/api/15072696/v1/uddi:b5b43d81-31d0-4b31-8c0f-9e83d6202da9,PUB-010_시도별_장기요양판정
남자,대전광역시,기초수급,5등급,31,2016,https://api.odcloud.kr/api/15072696/v1/uddi:b5b43d81-31d0-4b31-8c0f-9e83d6202da9,PUB-010_시도별_장기요양판정
남자,대전광역시,기초수급,등급외,470,2016,https://api.odcloud.kr/api/15072696/v1/uddi:b5b43d81-31d0-4b31-8c0f-9e83d6202da9,PUB-010_시도별_장기요양판정
여자,대전광역시,일반,1등급,517,2016,https://api.odcloud.kr/api/15072696/v1/uddi:b5b43d81-31d0-4b31-8c0f-9e83d6202da9,PUB-010_시도별_장기요양판정
여자,대전광역시,일반,2등급,927,2016,https://api.odcloud.kr/api/15072696/v1/uddi:b5b43d81-31d0-4b31-8c0f-9e83d6202da9,PUB-010_시도별_장기요양판정
여자,대전광역시,일반,3등급,2365,2016,https://api.odcloud.kr/api/15072696/v1/uddi:b5b43d81-31d0-4b31-8c0f-9e83d6202da9,PUB-010_시도별_장기요양판정
여자,대전광역시,일반,4등급,2551,2016,https://api.odcloud.kr/api/15072696/v1/uddi:b5b43d81-31d0-4b31-8c0f-9e83d6202da9,PUB-010_시도별_장기요양판정
여자,대전광역시,일반,5등급,526,2016,https://api.odcloud.kr/api/15072696/v1/uddi:b5b43d81-31d0-4b31-8c0f-9e83d6202da9,PUB-010_시도별_장기요양판정
여자,대전광역시,일반,등급외,2258,2016,https://api.odcloud.kr/api/15072696/v1/uddi:b5b43d81-31d0-4b31-8c0f-9e83d6202da9,PUB-010_시도별_장기요양판정
여자,대전광역시,경감,1등급,129,2016,https://api.odcloud.kr/api/15072696/v1/uddi:b5b43d81-31d0-4b31-8c0f-9e83d6202da9,PUB-010_시도별_장기요양판정
여자,대전광역시,경감,2등급,279,2016,https://api.odcloud.kr/api/15072696/v1/uddi:b5b43d81-31d0-4b31-8c0f-9e83d6202da9,PUB-010_시도별_장기요양판정
여자,대전광역시,경감,3등급,737,2016,https://api.odcloud.kr/api/15072696/v1/uddi:b5b43d81-31d0-4b31-8c0f-9e83d6202da9,PUB-010_시도별_장기요양판정
여자,대전광역시,경감,4등급,697,2016,https://api.odcloud.kr/api/15072696/v1/uddi:b5b43d81-31d0-4b31-8c0f-9e83d6202da9,PUB-010_시도별_장기요양판정
여자,대전광역시,경감,5등급,127,2016,https://api.odcloud.kr/api/15072696/v1/uddi:b5b43d81-31d0-4b31-8c0f-9e83d6202da9,PUB-010_시도별_장기요양판정
여자,대전광역시,경감,등급외,103,2016,https://api.odcloud.kr/api/15072696/v1/uddi:b5b43d81-31d0-4b31-8c0f-9e83d6202da9,PUB-010_시도별_장기요양판정
여자,대전광역시,의료급여,1등급,9,2016,https://api.odcloud.kr/api/15072696/v1/uddi:b5b43d81-31d0-4b31-8c0f-9e83d6202da9,PUB-010_시도별_장기요양판정
여자,대전광역시,의료급여,2등급,25,2016,https://api.odcloud.kr/api/15072696/v1/uddi:b5b43d81-31d0-4b31-8c0f-9e83d6202da9,PUB-010_시도별_장기요양판정
여자,대전광역시,의료급여,3등급,52,2016,https://api.odcloud.kr/api/15072696/v1/uddi:b5b43d81-31d0-4b31-8c0f-9e83d6202da9,PUB-010_시도별_장기요양판정
여자,대전광역시,의료급여,4등급,53,2016,https://api.odcloud.kr/api/15072696/v1/uddi:b5b43d81-31d0-4b31-8c0f-9e83d6202da9,PUB-010_시도별_장기요양판정
여자,대전광역시,의료급여,5등급,12,2016,https://api.odcloud.kr/api/15072696/v1/uddi:b5b43d81-31d0-4b31-8c0f-9e83d6202da9,PUB-010_시도별_장기요양판정
여자,대전광역시,의료급여,등급외,37,2016,https://api.odcloud.kr/api/15072696/v1/uddi:b5b43d81-31d0-4b31-8c0f-9e83d6202da9,PUB-010_시도별_장기요양판정
여자,대전광역시,기초수급,1등급,115,2016,https://api.odcloud.kr/api/15072696/v1/uddi:b5b43d81-31d0-4b31-8c0f-9e83d6202da9,PUB-010_시도별_장기요양판정
여자,대전광역시,기초수급,2등급,233,2016,https://api.odcloud.kr/api/15072696/v1/uddi:b5b43d81-31d0-4b31-8c0f-9e83d6202da9,PUB-010_시도별_장기요양판정
여자,대전광역시,기초수급,3등급,530,2016,https://api.odcloud.kr/api/15072696/v1/uddi:b5b43d81-31d0-4b31-8c0f-9e83d6202da9,PUB-010_시도별_장기요양판정
여자,대전광역시,기초수급,4등급,744,2016,https://api.odcloud.kr/api/15072696/v1/uddi:b5b43d81-31d0-4b31-8c0f-9e83d6202da9,PUB-010_시도별_장기요양판정
여자,대전광역시,기초수급,5등급,97,2016,https://api.odcloud.kr/api/15072696/v1/uddi:b5b43d81-31d0-4b31-8c0f-9e83d6202da9,PUB-010_시도별_장기요양판정
여자,대전광역시,기초수급,등급외,903,2016,https://api.odcloud.kr/api/15072696/v1/uddi:b5b43d81-31d0-4b31-8c0f-9e83d6202da9,PUB-010_시도별_장기요양판정
남자,울산광역시,일반,1등급,149,2016,https://api.odcloud.kr/api/15072696/v1/uddi:b5b43d81-31d0-4b31-8c0f-9e83d6202da9,PUB-010_시도별_장기요양판정
남자,울산광역시,일반,2등급,190,2016,https://api.odcloud.kr/api/15072696/v1/uddi:b5b43d81-31d0-4b31-8c0f-9e83d6202da9,PUB-010_시도별_장기요양판정
남자,울산광역시,일반,3등급,573,2016,https://api.odcloud.kr/api/15072696/v1/uddi:b5b43d81-31d0-4b31-8c0f-9e83d6202da9,PUB-010_시도별_장기요양판정
남자,울산광역시,일반,4등급,399,2016,https://api.odcloud.kr/api/15072696/v1/uddi:b5b43d81-31d0-4b31-8c0f-9e83d6202da9,PUB-010_시도별_장기요양판정
남자,울산광역시,일반,5등급,35,2016,https://api.odcloud.kr/api/15072696/v1/uddi:b5b43d81-31d0-4b31-8c0f-9e83d6202da9,PUB-010_시도별_장기요양판정
남자,울산광역시,일반,등급외,267,2016,https://api.odcloud.kr/api/15072696/v1/uddi:b5b43d81-31d0-4b31-8c0f-9e83d6202da9,PUB-010_시도별_장기요양판정
남자,울산광역시,경감,1등급,28,2016,https://api.odcloud.kr/api/15072696/v1/uddi:b5b43d81-31d0-4b31-8c0f-9e83d6202da9,PUB-010_시도별_장기요양판정
남자,울산광역시,경감,2등급,30,2016,https://api.odcloud.kr/api/15072696/v1/uddi:b5b43d81-31d0-4b31-8c0f-9e83d6202da9,PUB-010_시도별_장기요양판정
남자,울산광역시,경감,3등급,94,2016,https://api.odcloud.kr/api/15072696/v1/uddi:b5b43d81-31d0-4b31-8c0f-9e83d6202da9,PUB-010_시도별_장기요양판정
남자,울산광역시,경감,4등급,75,2016,https://api.odcloud.kr/api/15072696/v1/uddi:b5b43d81-31d0-4b31-8c0f-9e83d6202da9,PUB-010_시도별_장기요양판정
남자,울산광역시,경감,5등급,4,2016,https://api.odcloud.kr/api/15072696/v1/uddi:b5b43d81-31d0-4b31-8c0f-9e83d6202da9,PUB-010_시도별_장기요양판정
남자,울산광역시,경감,등급외,3,2016,https://api.odcloud.kr/api/15072696/v1/uddi:b5b43d81-31d0-4b31-8c0f-9e83d6202da9,PUB-010_시도별_장기요양판정
남자,울산광역시,의료급여,2등급,2,2016,https://api.odcloud.kr/api/15072696/v1/uddi:b5b43d81-31d0-4b31-8c0f-9e83d6202da9,PUB-010_시도별_장기요양판정
남자,울산광역시,의료급여,3등급,2,2016,https://api.odcloud.kr/api/15072696/v1/uddi:b5b43d81-31d0-4b31-8c0f-9e83d6202da9,PUB-010_시도별_장기요양판정
남자,울산광역시,의료급여,4등급,6,2016,https://api.odcloud.kr/api/15072696/v1/uddi:b5b43d81-31d0-4b31-8c0f-9e83d6202da9,PUB-010_시도별_장기요양판정
남자,울산광역시,의료급여,5등급,1,2016,https://api.odcloud.kr/api/15072696/v1/uddi:b5b43d81-31d0-4b31-8c0f-9e83d6202da9,PUB-010_시도별_장기요양판정
남자,울산광역시,의료급여,등급외,5,2016,https://api.odcloud.kr/api/15072696/v1/uddi:b5b43d81-31d0-4b31-8c0f-9e83d6202da9,PUB-010_시도별_장기요양판정
남자,울산광역시,기초수급,1등급,20,2016,https://api.odcloud.kr/api/15072696/v1/uddi:b5b43d81-31d0-4b31-8c0f-9e83d6202da9,PUB-010_시도별_장기요양판정
남자,울산광역시,기초수급,2등급,33,2016,https://api.odcloud.kr/api/15072696/v1/uddi:b5b43d81-31d0-4b31-8c0f-9e83d6202da9,PUB-010_시도별_장기요양판정
남자,울산광역시,기초수급,3등급,119,2016,https://api.odcloud.kr/api/15072696/v1/uddi:b5b43d81-31d0-4b31-8c0f-9e83d6202da9,PUB-010_시도별_장기요양판정
남자,울산광역시,기초수급,4등급,125,2016,https://api.odcloud.kr/api/15072696/v1/uddi:b5b43d81-31d0-4b31-8c0f-9e83d6202da9,PUB-010_시도별_장기요양판정
남자,울산광역시,기초수급,5등급,7,2016,https://api.odcloud.kr/api/15072696/v1/uddi:b5b43d81-31d0-4b31-8c0f-9e83d6202da9,PUB-010_시도별_장기요양판정
남자,울산광역시,기초수급,등급외,185,2016,https://api.odcloud.kr/api/15072696/v1/uddi:b5b43d81-31d0-4b31-8c0f-9e83d6202da9,PUB-010_시도별_장기요양판정
여자,울산광역시,일반,1등급,337,2016,https://api.odcloud.kr/api/15072696/v1/uddi:b5b43d81-31d0-4b31-8c0f-9e83d6202da9,PUB-010_시도별_장기요양판정
여자,울산광역시,일반,2등급,567,2016,https://api.odcloud.kr/api/15072696/v1/uddi:b5b43d81-31d0-4b31-8c0f-9e83d6202da9,PUB-010_시도별_장기요양판정
여자,울산광역시,일반,3등급,1504,2016,https://api.odcloud.kr/api/15072696/v1/uddi:b5b43d81-31d0-4b31-8c0f-9e83d6202da9,PUB-010_시도별_장기요양판정
여자,울산광역시,일반,4등급,1119,2016,https://api.odcloud.kr/api/15072696/v1/uddi:b5b43d81-31d0-4b31-8c0f-9e83d6202da9,PUB-010_시도별_장기요양판정
여자,울산광역시,일반,5등급,186,2016,https://api.odcloud.kr/api/15072696/v1/uddi:b5b43d81-31d0-4b31-8c0f-9e83d6202da9,PUB-010_시도별_장기요양판정
여자,울산광역시,일반,등급외,874,2016,https://api.odcloud.kr/api/15072696/v1/uddi:b5b43d81-31d0-4b31-8c0f-9e83d6202da9,PUB-010_시도별_장기요양판정
여자,울산광역시,경감,1등급,39,2016,https://api.odcloud.kr/api/15072696/v1/uddi:b5b43d81-31d0-4b31-8c0f-9e83d6202da9,PUB-010_시도별_장기요양판정
여자,울산광역시,경감,2등급,95,2016,https://api.odcloud.kr/api/15072696/v1/uddi:b5b43d81-31d0-4b31-8c0f-9e83d6202da9,PUB-010_시도별_장기요양판정
여자,울산광역시,경감,3등급,224,2016,https://api.odcloud.kr/api/15072696/v1/uddi:b5b43d81-31d0-4b31-8c0f-9e83d6202da9,PUB-010_시도별_장기요양판정
여자,울산광역시,경감,4등급,206,2016,https://api.odcloud.kr/api/15072696/v1/uddi:b5b43d81-31d0-4b31-8c0f-9e83d6202da9,PUB-010_시도별_장기요양판정
여자,울산광역시,경감,5등급,31,2016,https://api.odcloud.kr/api/15072696/v1/uddi:b5b43d81-31d0-4b31-8c0f-9e83d6202da9,PUB-010_시도별_장기요양판정
여자,울산광역시,경감,등급외,19,2016,https://api.odcloud.kr/api/15072696/v1/uddi:b5b43d81-31d0-4b31-8c0f-9e83d6202da9,PUB-010_시도별_장기요양판정
여자,울산광역시,의료급여,1등급,6,2016,https://api.odcloud.kr/api/15072696/v1/uddi:b5b43d81-31d0-4b31-8c0f-9e83d6202da9,PUB-010_시도별_장기요양판정
여자,울산광역시,의료급여,2등급,6,2016,https://api.odcloud.kr/api/15072696/v1/uddi:b5b43d81-31d0-4b31-8c0f-9e83d6202da9,PUB-010_시도별_장기요양판정
여자,울산광역시,의료급여,3등급,22,2016,https://api.odcloud.kr/api/15072696/v1/uddi:b5b43d81-31d0-4b31-8c0f-9e83d6202da9,PUB-010_시도별_장기요양판정
여자,울산광역시,의료급여,4등급,21,2016,https://api.odcloud.kr/api/15072696/v1/uddi:b5b43d81-31d0-4b31-8c0f-9e83d6202da9,PUB-010_시도별_장기요양판정
여자,울산광역시,의료급여,5등급,1,2016,https://api.odcloud.kr/api/15072696/v1/uddi:b5b43d81-31d0-4b31-8c0f-9e83d6202da9,PUB-010_시도별_장기요양판정
여자,울산광역시,의료급여,등급외,15,2016,https://api.odcloud.kr/api/15072696/v1/uddi:b5b43d81-31d0-4b31-8c0f-9e83d6202da9,PUB-010_시도별_장기요양판정
여자,울산광역시,기초수급,1등급,51,2016,https://api.odcloud.kr/api/15072696/v1/uddi:b5b43d81-31d0-4b31-8c0f-9e83d6202da9,PUB-010_시도별_장기요양판정
여자,울산광역시,기초수급,2등급,111,2016,https://api.odcloud.kr/api/15072696/v1/uddi:b5b43d81-31d0-4b31-8c0f-9e83d6202da9,PUB-010_시도별_장기요양판정
여자,울산광역시,기초수급,3등급,249,2016,https://api.odcloud.kr/api/15072696/v1/uddi:b5b43d81-31d0-4b31-8c0f-9e83d6202da9,PUB-010_시도별_장기요양판정
여자,울산광역시,기초수급,4등급,238,2016,https://api.odcloud.kr/api/15072696/v1/uddi:b5b43d81-31d0-4b31-8c0f-9e83d6202da9,PUB-010_시도별_장기요양판정
여자,울산광역시,기초수급,5등급,25,2016,https://api.odcloud.kr/api/15072696/v1/uddi:b5b43d81-31d0-4b31-8c0f-9e83d6202da9,PUB-010_시도별_장기요양판정
여자,울산광역시,기초수급,등급외,377,2016,https://api.odcloud.kr/api/15072696/v1/uddi:b5b43d81-31d0-4b31-8c0f-9e83d6202da9,PUB-010_시도별_장기요양판정
남자,세종특별자치시,일반,1등급,38,2016,https://api.odcloud.kr/api/15072696/v1/uddi:b5b43d81-31d0-4b31-8c0f-9e83d6202da9,PUB-010_시도별_장기요양판정
남자,세종특별자치시,일반,2등급,59,2016,https://api.odcloud.kr/api/15072696/v1/uddi:b5b43d81-31d0-4b31-8c0f-9e83d6202da9,PUB-010_시도별_장기요양판정
남자,세종특별자치시,일반,3등급,131,2016,https://api.odcloud.kr/api/15072696/v1/uddi:b5b43d81-31d0-4b31-8c0f-9e83d6202da9,PUB-010_시도별_장기요양판정
남자,세종특별자치시,일반,4등급,140,2016,https://api.odcloud.kr/api/15072696/v1/uddi:b5b43d81-31d0-4b31-8c0f-9e83d6202da9,PUB-010_시도별_장기요양판정
남자,세종특별자치시,일반,5등급,12,2016,https://api.odcloud.kr/api/15072696/v1/uddi:b5b43d81-31d0-4b31-8c0f-9e83d6202da9,PUB-010_시도별_장기요양판정
남자,세종특별자치시,일반,등급외,90,2016,https://api.odcloud.kr/api/15072696/v1/uddi:b5b43d81-31d0-4b31-8c0f-9e83d6202da9,PUB-010_시도별_장기요양판정
남자,세종특별자치시,경감,1등급,9,2016,https://api.odcloud.kr/api/15072696/v1/uddi:b5b43d81-31d0-4b31-8c0f-9e83d6202da9,PUB-010_시도별_장기요양판정
남자,세종특별자치시,경감,2등급,12,2016,https://api.odcloud.kr/api/15072696/v1/uddi:b5b43d81-31d0-4b31-8c0f-9e83d6202da9,PUB-010_시도별_장기요양판정
남자,세종특별자치시,경감,3등급,18,2016,https://api.odcloud.kr/api/15072696/v1/uddi:b5b43d81-31d0-4b31-8c0f-9e83d6202da9,PUB-010_시도별_장기요양판정
남자,세종특별자치시,경감,4등급,26,2016,https://api.odcloud.kr/api/15072696/v1/uddi:b5b43d81-31d0-4b31-8c0f-9e83d6202da9,PUB-010_시도별_장기요양판정
남자,세종특별자치시,경감,5등급,1,2016,https://api.odcloud.kr/api/15072696/v1/uddi:b5b43d81-31d0-4b31-8c0f-9e83d6202da9,PUB-010_시도별_장기요양판정
남자,세종특별자치시,경감,등급외,3,2016,https://api.odcloud.kr/api/15072696/v1/uddi:b5b43d81-31d0-4b31-8c0f-9e83d6202da9,PUB-010_시도별_장기요양판정
남자,세종특별자치시,의료급여,3등급,2,2016,https://api.odcloud.kr/api/15072696/v1/uddi:b5b43d81-31d0-4b31-8c0f-9e83d6202da9,PUB-010_시도별_장기요양판정
남자,세종특별자치시,의료급여,4등급,2,2016,https://api.odcloud.kr/api/15072696/v1/uddi:b5b43d81-31d0-4b31-8c0f-9e83d6202da9,PUB-010_시도별_장기요양판정
남자,세종특별자치시,의료급여,등급외,4,2016,https://api.odcloud.kr/api/15072696/v1/uddi:b5b43d81-31d0-4b31-8c0f-9e83d6202da9,PUB-010_시도별_장기요양판정
남자,세종특별자치시,기초수급,1등급,6,2016,https://api.odcloud.kr/api/15072696/v1/uddi:b5b43d81-31d0-4b31-8c0f-9e83d6202da9,PUB-010_시도별_장기요양판정
남자,세종특별자치시,기초수급,2등급,9,2016,https://api.odcloud.kr/api/15072696/v1/uddi:b5b43d81-31d0-4b31-8c0f-9e83d6202da9,PUB-010_시도별_장기요양판정
남자,세종특별자치시,기초수급,3등급,12,2016,https://api.odcloud.kr/api/15072696/v1/uddi:b5b43d81-31d0-4b31-8c0f-9e83d6202da9,PUB-010_시도별_장기요양판정
남자,세종특별자치시,기초수급,4등급,25,2016,https://api.odcloud.kr/api/15072696/v1/uddi:b5b43d81-31d0-4b31-8c0f-9e83d6202da9,PUB-010_시도별_장기요양판정
남자,세종특별자치시,기초수급,5등급,2,2016,https://api.odcloud.kr/api/15072696/v1/uddi:b5b43d81-31d0-4b31-8c0f-9e83d6202da9,PUB-010_시도별_장기요양판정
남자,세종특별자치시,기초수급,등급외,28,2016,https://api.odcloud.kr/api/15072696/v1/uddi:b5b43d81-31d0-4b31-8c0f-9e83d6202da9,PUB-010_시도별_장기요양판정
여자,세종특별자치시,일반,1등급,82,2016,https://api.odcloud.kr/api/15072696/v1/uddi:b5b43d81-31d0-4b31-8c0f-9e83d6202da9,PUB-010_시도별_장기요양판정
여자,세종특별자치시,일반,2등급,146,2016,https://api.odcloud.kr/api/15072696/v1/uddi:b5b43d81-31d0-4b31-8c0f-9e83d6202da9,PUB-010_시도별_장기요양판정
여자,세종특별자치시,일반,3등급,387,2016,https://api.odcloud.kr/api/15072696/v1/uddi:b5b43d81-31d0-4b31-8c0f-9e83d6202da9,PUB-010_시도별_장기요양판정
여자,세종특별자치시,일반,4등급,356,2016,https://api.odcloud.kr/api/15072696/v1/uddi:b5b43d81-31d0-4b31-8c0f-9e83d6202da9,PUB-010_시도별_장기요양판정
여자,세종특별자치시,일반,5등급,49,2016,https://api.odcloud.kr/api/15072696/v1/uddi:b5b43d81-31d0-4b31-8c0f-9e83d6202da9,PUB-010_시도별_장기요양판정
여자,세종특별자치시,일반,등급외,243,2016,https://api.odcloud.kr/api/15072696/v1/uddi:b5b43d81-31d0-4b31-8c0f-9e83d6202da9,PUB-010_시도별_장기요양판정
여자,세종특별자치시,경감,1등급,23,2016,https://api.odcloud.kr/api/15072696/v1/uddi:b5b43d81-31d0-4b31-8c0f-9e83d6202da9,PUB-010_시도별_장기요양판정
여자,세종특별자치시,경감,2등급,41,2016,https://api.odcloud.kr/api/15072696/v1/uddi:b5b43d81-31d0-4b31-8c0f-9e83d6202da9,PUB-010_시도별_장기요양판정
여자,세종특별자치시,경감,3등급,89,2016,https://api.odcloud.kr/api/15072696/v1/uddi:b5b43d81-31d0-4b31-8c0f-9e83d6202da9,PUB-010_시도별_장기요양판정
여자,세종특별자치시,경감,4등급,84,2016,https://api.odcloud.kr/api/15072696/v1/uddi:b5b43d81-31d0-4b31-8c0f-9e83d6202da9,PUB-010_시도별_장기요양판정
여자,세종특별자치시,경감,5등급,6,2016,https://api.odcloud.kr/api/15072696/v1/uddi:b5b43d81-31d0-4b31-8c0f-9e83d6202da9,PUB-010_시도별_장기요양판정
여자,세종특별자치시,경감,등급외,10,2016,https://api.odcloud.kr/api/15072696/v1/uddi:b5b43d81-31d0-4b31-8c0f-9e83d6202da9,PUB-010_시도별_장기요양판정
여자,세종특별자치시,의료급여,1등급,2,2016,https://api.odcloud.kr/api/15072696/v1/uddi:b5b43d81-31d0-4b31-8c0f-9e83d6202da9,PUB-010_시도별_장기요양판정
여자,세종특별자치시,의료급여,2등급,5,2016,https://api.odcloud.kr/api/15072696/v1/uddi:b5b43d81-31d0-4b31-8c0f-9e83d6202da9,PUB-010_시도별_장기요양판정
여자,세종특별자치시,의료급여,3등급,6,2016,https://api.odcloud.kr/api/15072696/v1/uddi:b5b43d81-31d0-4b31-8c0f-9e83d6202da9,PUB-010_시도별_장기요양판정
여자,세종특별자치시,의료급여,4등급,6,2016,https://api.odcloud.kr/api/15072696/v1/uddi:b5b43d81-31d0-4b31-8c0f-9e83d6202da9,PUB-010_시도별_장기요양판정
여자,세종특별자치시,의료급여,등급외,4,2016,https://api.odcloud.kr/api/15072696/v1/uddi:b5b43d81-31d0-4b31-8c0f-9e83d6202da9,PUB-010_시도별_장기요양판정
여자,세종특별자치시,기초수급,1등급,20,2016,https://api.odcloud.kr/api/15072696/v1/uddi:b5b43d81-31d0-4b31-8c0f-9e83d6202da9,PUB-010_시도별_장기요양판정
여자,세종특별자치시,기초수급,2등급,23,2016,https://api.odcloud.kr/api/15072696/v1/uddi:b5b43d81-31d0-4b31-8c0f-9e83d6202da9,PUB-010_시도별_장기요양판정
여자,세종특별자치시,기초수급,3등급,41,2016,https://api.odcloud.kr/api/15072696/v1/uddi:b5b43d81-31d0-4b31-8c0f-9e83d6202da9,PUB-010_시도별_장기요양판정
여자,세종특별자치시,기초수급,4등급,48,2016,https://api.odcloud.kr/api/15072696/v1/uddi:b5b43d81-31d0-4b31-8c0f-9e83d6202da9,PUB-010_시도별_장기요양판정
여자,세종특별자치시,기초수급,5등급,2,2016,https://api.odcloud.kr/api/15072696/v1/uddi:b5b43d81-31d0-4b31-8c0f-9e83d6202da9,PUB-010_시도별_장기요양판정
여자,세종특별자치시,기초수급,등급외,69,2016,https://api.odcloud.kr/api/15072696/v1/uddi:b5b43d81-31d0-4b31-8c0f-9e83d6202da9,PUB-010_시도별_장기요양판정
남자,경기도,일반,1등급,1825,2016,https://api.odcloud.kr/api/15072696/v1/uddi:b5b43d81-31d0-4b31-8c0f-9e83d6202da9,PUB-010_시도별_장기요양판정
남자,경기도,일반,2등급,2882,2016,https://api.odcloud.kr/api/15072696/v1/uddi:b5b43d81-31d0-4b31-8c0f-9e83d6202da9,PUB-010_시도별_장기요양판정
남자,경기도,일반,3등급,8134,2016,https://api.odcloud.kr/api/15072696/v1/uddi:b5b43d81-31d0-4b31-8c0f-9e83d6202da9,PUB-010_시도별_장기요양판정
남자,경기도,일반,4등급,6537,2016,https://api.odcloud.kr/api/15072696/v1/uddi:b5b43d81-31d0-4b31-8c0f-9e83d6202da9,PUB-010_시도별_장기요양판정
남자,경기도,일반,5등급,1323,2016,https://api.odcloud.kr/api/15072696/v1/uddi:b5b43d81-31d0-4b31-8c0f-9e83d6202da9,PUB-010_시도별_장기요양판정
남자,경기도,일반,등급외,4304,2016,https://api.odcloud.kr/api/15072696/v1/uddi:b5b43d81-31d0-4b31-8c0f-9e83d6202da9,PUB-010_시도별_장기요양판정
남자,경기도,경감,1등급,399,2016,https://api.odcloud.kr/api/15072696/v1/uddi:b5b43d81-31d0-4b31-8c0f-9e83d6202da9,PUB-010_시도별_장기요양판정
남자,경기도,경감,2등급,658,2016,https://api.odcloud.kr/api/15072696/v1/uddi:b5b43d81-31d0-4b31-8c0f-9e83d6202da9,PUB-010_시도별_장기요양판정
남자,경기도,경감,3등급,1917,2016,https://api.odcloud.kr/api/15072696/v1/uddi:b5b43d81-31d0-4b31-8c0f-9e83d6202da9,PUB-010_시도별_장기요양판정
남자,경기도,경감,4등급,1674,2016,https://api.odcloud.kr/api/15072696/v1/uddi:b5b43d81-31d0-4b31-8c0f-9e83d6202da9,PUB-010_시도별_장기요양판정
남자,경기도,경감,5등급,256,2016,https://api.odcloud.kr/api/15072696/v1/uddi:b5b43d81-31d0-4b31-8c0f-9e83d6202da9,PUB-010_시도별_장기요양판정
남자,경기도,경감,등급외,184,2016,https://api.odcloud.kr/api/15072696/v1/uddi:b5b43d81-31d0-4b31-8c0f-9e83d6202da9,PUB-010_시도별_장기요양판정
남자,경기도,의료급여,1등급,22,2016,https://api.odcloud.kr/api/15072696/v1/uddi:b5b43d81-31d0-4b31-8c0f-9e83d6202da9,PUB-010_시도별_장기요양판정
남자,경기도,의료급여,2등급,56,2016,https://api.odcloud.kr/api/15072696/v1/uddi:b5b43d81-31d0-4b31-8c0f-9e83d6202da9,PUB-010_시도별_장기요양판정
남자,경기도,의료급여,3등급,122,2016,https://api.odcloud.kr/api/15072696/v1/uddi:b5b43d81-31d0-4b31-8c0f-9e83d6202da9,PUB-010_시도별_장기요양판정
남자,경기도,의료급여,4등급,115,2016,https://api.odcloud.kr/api/15072696/v1/uddi:b5b43d81-31d0-4b31-8c0f-9e83d6202da9,PUB-010_시도별_장기요양판정
남자,경기도,의료급여,5등급,22,2016,https://api.odcloud.kr/api/15072696/v1/uddi:b5b43d81-31d0-4b31-8c0f-9e83d6202da9,PUB-010_시도별_장기요양판정
남자,경기도,의료급여,등급외,81,2016,https://api.odcloud.kr/api/15072696/v1/uddi:b5b43d81-31d0-4b31-8c0f-9e83d6202da9,PUB-010_시도별_장기요양판정
남자,경기도,기초수급,1등급,344,2016,https://api.odcloud.kr/api/15072696/v1/uddi:b5b43d81-31d0-4b31-8c0f-9e83d6202da9,PUB-010_시도별_장기요양판정
남자,경기도,기초수급,2등급,521,2016,https://api.odcloud.kr/api/15072696/v1/uddi:b5b43d81-31d0-4b31-8c0f-9e83d6202da9,PUB-010_시도별_장기요양판정
남자,경기도,기초수급,3등급,1590,2016,https://api.odcloud.kr/api/15072696/v1/uddi:b5b43d81-31d0-4b31-8c0f-9e83d6202da9,PUB-010_시도별_장기요양판정
남자,경기도,기초수급,4등급,1689,2016,https://api.odcloud.kr/api/15072696/v1/uddi:b5b43d81-31d0-4b31-8c0f-9e83d6202da9,PUB-010_시도별_장기요양판정
남자,경기도,기초수급,5등급,304,2016,https://api.odcloud.kr/api/15072696/v1/uddi:b5b43d81-31d0-4b31-8c0f-9e83d6202da9,PUB-010_시도별_장기요양판정
남자,경기도,기초수급,등급외,2063,2016,https://api.odcloud.kr/api/15072696/v1/uddi:b5b43d81-31d0-4b31-8c0f-9e83d6202da9,PUB-010_시도별_장기요양판정
여자,경기도,일반,1등급,4374,2016,https://api.odcloud.kr/api/15072696/v1/uddi:b5b43d81-31d0-4b31-8c0f-9e83d6202da9,PUB-010_시도별_장기요양판정
여자,경기도,일반,2등급,7602,2016,https://api.odcloud.kr/api/15072696/v1/uddi:b5b43d81-31d0-4b31-8c0f-9e83d6202da9,PUB-010_시도별_장기요양판정
여자,경기도,일반,3등급,19520,2016,https://api.odcloud.kr/api/15072696/v1/uddi:b5b43d81-31d0-4b31-8c0f-9e83d6202da9,PUB-010_시도별_장기요양판정
여자,경기도,일반,4등급,17039,2016,https://api.odcloud.kr/api/15072696/v1/uddi:b5b43d81-31d0-4b31-8c0f-9e83d6202da9,PUB-010_시도별_장기요양판정
여자,경기도,일반,5등급,3601,2016,https://api.odcloud.kr/api/15072696/v1/uddi:b5b43d81-31d0-4b31-8c0f-9e83d6202da9,PUB-010_시도별_장기요양판정
여자,경기도,일반,등급외,12107,2016,https://api.odcloud.kr/api/15072696/v1/uddi:b5b43d81-31d0-4b31-8c0f-9e83d6202da9,PUB-010_시도별_장기요양판정
여자,경기도,경감,1등급,1078,2016,https://api.odcloud.kr/api/15072696/v1/uddi:b5b43d81-31d0-4b31-8c0f-9e83d6202da9,PUB-010_시도별_장기요양판정
여자,경기도,경감,2등급,2243,2016,https://api.odcloud.kr/api/15072696/v1/uddi:b5b43d81-31d0-4b31-8c0f-9e83d6202da9,PUB-010_시도별_장기요양판정
여자,경기도,경감,3등급,5766,2016,https://api.odcloud.kr/api/15072696/v1/uddi:b5b43d81-31d0-4b31-8c0f-9e83d6202da9,PUB-010_시도별_장기요양판정
여자,경기도,경감,4등급,4863,2016,https://api.odcloud.kr/api/15072696/v1/uddi:b5b43d81-31d0-4b31-8c0f-9e83d6202da9,PUB-010_시도별_장기요양판정
여자,경기도,경감,5등급,789,2016,https://api.odcloud.kr/api/15072696/v1/uddi:b5b43d81-31d0-4b31-8c0f-9e83d6202da9,PUB-010_시도별_장기요양판정
여자,경기도,경감,등급외,464,2016,https://api.odcloud.kr/api/15072696/v1/uddi:b5b43d81-31d0-4b31-8c0f-9e83d6202da9,PUB-010_시도별_장기요양판정
여자,경기도,의료급여,1등급,57,2016,https://api.odcloud.kr/api/15072696/v1/uddi:b5b43d81-31d0-4b31-8c0f-9e83d6202da9,PUB-010_시도별_장기요양판정
여자,경기도,의료급여,2등급,111,2016,https://api.odcloud.kr/api/15072696/v1/uddi:b5b43d81-31d0-4b31-8c0f-9e83d6202da9,PUB-010_시도별_장기요양판정
여자,경기도,의료급여,3등급,324,2016,https://api.odcloud.kr/api/15072696/v1/uddi:b5b43d81-31d0-4b31-8c0f-9e83d6202da9,PUB-010_시도별_장기요양판정
여자,경기도,의료급여,4등급,308,2016,https://api.odcloud.kr/api/15072696/v1/uddi:b5b43d81-31d0-4b31-8c0f-9e83d6202da9,PUB-010_시도별_장기요양판정
여자,경기도,의료급여,5등급,55,2016,https://api.odcloud.kr/api/15072696/v1/uddi:b5b43d81-31d0-4b31-8c0f-9e83d6202da9,PUB-010_시도별_장기요양판정
여자,경기도,의료급여,등급외,165,2016,https://api.odcloud.kr/api/15072696/v1/uddi:b5b43d81-31d0-4b31-8c0f-9e83d6202da9,PUB-010_시도별_장기요양판정
여자,경기도,기초수급,1등급,1011,2016,https://api.odcloud.kr/api/15072696/v1/uddi:b5b43d81-31d0-4b31-8c0f-9e83d6202da9,PUB-010_시도별_장기요양판정
여자,경기도,기초수급,2등급,1719,2016,https://api.odcloud.kr/api/15072696/v1/uddi:b5b43d81-31d0-4b31-8c0f-9e83d6202da9,PUB-010_시도별_장기요양판정
여자,경기도,기초수급,3등급,4413,2016,https://api.odcloud.kr/api/15072696/v1/uddi:b5b43d81-31d0-4b31-8c0f-9e83d6202da9,PUB-010_시도별_장기요양판정
여자,경기도,기초수급,4등급,4543,2016,https://api.odcloud.kr/api/15072696/v1/uddi:b5b43d81-31d0-4b31-8c0f-9e83d6202da9,PUB-010_시도별_장기요양판정
여자,경기도,기초수급,5등급,688,2016,https://api.odcloud.kr/api/15072696/v1/uddi:b5b43d81-31d0-4b31-8c0f-9e83d6202da9,PUB-010_시도별_장기요양판정
여자,경기도,기초수급,등급외,4847,2016,https://api.odcloud.kr/api/15072696/v1/uddi:b5b43d81-31d0-4b31-8c0f-9e83d6202da9,PUB-010_시도별_장기요양판정
남자,강원도,일반,1등급,477,2016,https://api.odcloud.kr/api/15072696/v1/uddi:b5b43d81-31d0-4b31-8c0f-9e83d6202da9,PUB-010_시도별_장기요양판정
남자,강원도,일반,2등급,708,2016,https://api.odcloud.kr/api/15072696/v1/uddi:b5b43d81-31d0-4b31-8c0f-9e83d6202da9,PUB-010_시도별_장기요양판정
남자,강원도,일반,3등급,1537,2016,https://api.odcloud.kr/api/15072696/v1/uddi:b5b43d81-31d0-4b31-8c0f-9e83d6202da9,PUB-010_시도별_장기요양판정
남자,강원도,일반,4등급,1109,2016,https://api.odcloud.kr/api/15072696/v1/uddi:b5b43d81-31d0-4b31-8c0f-9e83d6202da9,PUB-010_시도별_장기요양판정
남자,강원도,일반,5등급,167,2016,https://api.odcloud.kr/api/15072696/v1/uddi:b5b43d81-31d0-4b31-8c0f-9e83d6202da9,PUB-010_시도별_장기요양판정
남자,강원도,일반,등급외,1119,2016,https://api.odcloud.kr/api/15072696/v1/uddi:b5b43d81-31d0-4b31-8c0f-9e83d6202da9,PUB-010_시도별_장기요양판정
남자,강원도,경감,1등급,115,2016,https://api.odcloud.kr/api/15072696/v1/uddi:b5b43d81-31d0-4b31-8c0f-9e83d6202da9,PUB-010_시도별_장기요양판정
남자,강원도,경감,2등급,203,2016,https://api.odcloud.kr/api/15072696/v1/uddi:b5b43d81-31d0-4b31-8c0f-9e83d6202da9,PUB-010_시도별_장기요양판정
남자,강원도,경감,3등급,486,2016,https://api.odcloud.kr/api/15072696/v1/uddi:b5b43d81-31d0-4b31-8c0f-9e83d6202da9,PUB-010_시도별_장기요양판정
남자,강원도,경감,4등급,302,2016,https://api.odcloud.kr/api/15072696/v1/uddi:b5b43d81-31d0-4b31-8c0f-9e83d6202da9,PUB-010_시도별_장기요양판정
남자,강원도,경감,5등급,31,2016,https://api.odcloud.kr/api/15072696/v1/uddi:b5b43d81-31d0-4b31-8c0f-9e83d6202da9,PUB-010_시도별_장기요양판정
남자,강원도,경감,등급외,63,2016,https://api.odcloud.kr/api/15072696/v1/uddi:b5b43d81-31d0-4b31-8c0f-9e83d6202da9,PUB-010_시도별_장기요양판정
남자,강원도,의료급여,1등급,13,2016,https://api.odcloud.kr/api/15072696/v1/uddi:b5b43d81-31d0-4b31-8c0f-9e83d6202da9,PUB-010_시도별_장기요양판정
남자,강원도,의료급여,2등급,19,2016,https://api.odcloud.kr/api/15072696/v1/uddi:b5b43d81-31d0-4b31-8c0f-9e83d6202da9,PUB-010_시도별_장기요양판정
남자,강원도,의료급여,3등급,49,2016,https://api.odcloud.kr/api/15072696/v1/uddi:b5b43d81-31d0-4b31-8c0f-9e83d6202da9,PUB-010_시도별_장기요양판정
남자,강원도,의료급여,4등급,32,2016,https://api.odcloud.kr/api/15072696/v1/uddi:b5b43d81-31d0-4b31-8c0f-9e83d6202da9,PUB-010_시도별_장기요양판정
남자,강원도,의료급여,5등급,3,2016,https://api.odcloud.kr/api/15072696/v1/uddi:b5b43d81-31d0-4b31-8c0f-9e83d6202da9,PUB-010_시도별_장기요양판정
남자,강원도,의료급여,등급외,34,2016,https://api.odcloud.kr/api/15072696/v1/uddi:b5b43d81-31d0-4b31-8c0f-9e83d6202da9,PUB-010_시도별_장기요양판정
남자,강원도,기초수급,1등급,145,2016,https://api.odcloud.kr/api/15072696/v1/uddi:b5b43d81-31d0-4b31-8c0f-9e83d6202da9,PUB-010_시도별_장기요양판정
남자,강원도,기초수급,2등급,206,2016,https://api.odcloud.kr/api/15072696/v1/uddi:b5b43d81-31d0-4b31-8c0f-9e83d6202da9,PUB-010_시도별_장기요양판정
남자,강원도,기초수급,3등급,465,2016,https://api.odcloud.kr/api/15072696/v1/uddi:b5b43d81-31d0-4b31-8c0f-9e83d6202da9,PUB-010_시도별_장기요양판정
남자,강원도,기초수급,4등급,416,2016,https://api.odcloud.kr/api/15072696/v1/uddi:b5b43d81-31d0-4b31-8c0f-9e83d6202da9,PUB-010_시도별_장기요양판정
남자,강원도,기초수급,5등급,34,2016,https://api.odcloud.kr/api/15072696/v1/uddi:b5b43d81-31d0-4b31-8c0f-9e83d6202da9,PUB-010_시도별_장기요양판정
남자,강원도,기초수급,등급외,638,2016,https://api.odcloud.kr/api/15072696/v1/uddi:b5b43d81-31d0-4b31-8c0f-9e83d6202da9,PUB-010_시도별_장기요양판정
여자,강원도,일반,1등급,968,2016,https://api.odcloud.kr/api/15072696/v1/uddi:b5b43d81-31d0-4b31-8c0f-9e83d6202da9,PUB-010_시도별_장기요양판정
여자,강원도,일반,2등급,1665,2016,https://api.odcloud.kr/api/15072696/v1/uddi:b5b43d81-31d0-4b31-8c0f-9e83d6202da9,PUB-010_시도별_장기요양판정
여자,강원도,일반,3등급,3453,2016,https://api.odcloud.kr/api/15072696/v1/uddi:b5b43d81-31d0-4b31-8c0f-9e83d6202da9,PUB-010_시도별_장기요양판정
여자,강원도,일반,4등급,2757,2016,https://api.odcloud.kr/api/15072696/v1/uddi:b5b43d81-31d0-4b31-8c0f-9e83d6202da9,PUB-010_시도별_장기요양판정
여자,강원도,일반,5등급,405,2016,https://api.odcloud.kr/api/15072696/v1/uddi:b5b43d81-31d0-4b31-8c0f-9e83d6202da9,PUB-010_시도별_장기요양판정
여자,강원도,일반,등급외,2978,2016,https://api.odcloud.kr/api/15072696/v1/uddi:b5b43d81-31d0-4b31-8c0f-9e83d6202da9,PUB-010_시도별_장기요양판정
여자,강원도,경감,1등급,351,2016,https://api.odcloud.kr/api/15072696/v1/uddi:b5b43d81-31d0-4b31-8c0f-9e83d6202da9,PUB-010_시도별_장기요양판정
여자,강원도,경감,2등급,628,2016,https://api.odcloud.kr/api/15072696/v1/uddi:b5b43d81-31d0-4b31-8c0f-9e83d6202da9,PUB-010_시도별_장기요양판정
여자,강원도,경감,3등급,1399,2016,https://api.odcloud.kr/api/15072696/v1/uddi:b5b43d81-31d0-4b31-8c0f-9e83d6202da9,PUB-010_시도별_장기요양판정
여자,강원도,경감,4등급,1105,2016,https://api.odcloud.kr/api/15072696/v1/uddi:b5b43d81-31d0-4b31-8c0f-9e83d6202da9,PUB-010_시도별_장기요양판정
여자,강원도,경감,5등급,119,2016,https://api.odcloud.kr/api/15072696/v1/uddi:b5b43d81-31d0-4b31-8c0f-9e83d6202da9,PUB-010_시도별_장기요양판정
여자,강원도,경감,등급외,176,2016,https://api.odcloud.kr/api/15072696/v1/uddi:b5b43d81-31d0-4b31-8c0f-9e83d6202da9,PUB-010_시도별_장기요양판정
여자,강원도,의료급여,1등급,29,2016,https://api.odcloud.kr/api/15072696/v1/uddi:b5b43d81-31d0-4b31-8c0f-9e83d6202da9,PUB-010_시도별_장기요양판정
여자,강원도,의료급여,2등급,34,2016,https://api.odcloud.kr/api/15072696/v1/uddi:b5b43d81-31d0-4b31-8c0f-9e83d6202da9,PUB-010_시도별_장기요양판정
여자,강원도,의료급여,3등급,97,2016,https://api.odcloud.kr/api/15072696/v1/uddi:b5b43d81-31d0-4b31-8c0f-9e83d6202da9,PUB-010_시도별_장기요양판정
여자,강원도,의료급여,4등급,97,2016,https://api.odcloud.kr/api/15072696/v1/uddi:b5b43d81-31d0-4b31-8c0f-9e83d6202da9,PUB-010_시도별_장기요양판정
여자,강원도,의료급여,5등급,5,2016,https://api.odcloud.kr/api/15072696/v1/uddi:b5b43d81-31d0-4b31-8c0f-9e83d6202da9,PUB-010_시도별_장기요양판정
여자,강원도,의료급여,등급외,69,2016,https://api.odcloud.kr/api/15072696/v1/uddi:b5b43d81-31d0-4b31-8c0f-9e83d6202da9,PUB-010_시도별_장기요양판정
여자,강원도,기초수급,1등급,349,2016,https://api.odcloud.kr/api/15072696/v1/uddi:b5b43d81-31d0-4b31-8c0f-9e83d6202da9,PUB-010_시도별_장기요양판정
여자,강원도,기초수급,2등급,509,2016,https://api.odcloud.kr/api/15072696/v1/uddi:b5b43d81-31d0-4b31-8c0f-9e83d6202da9,PUB-010_시도별_장기요양판정
여자,강원도,기초수급,3등급,1161,2016,https://api.odcloud.kr/api/15072696/v1/uddi:b5b43d81-31d0-4b31-8c0f-9e83d6202da9,PUB-010_시도별_장기요양판정
여자,강원도,기초수급,4등급,1064,2016,https://api.odcloud.kr/api/15072696/v1/uddi:b5b43d81-31d0-4b31-8c0f-9e83d6202da9,PUB-010_시도별_장기요양판정
여자,강원도,기초수급,5등급,88,2016,https://api.odcloud.kr/api/15072696/v1/uddi:b5b43d81-31d0-4b31-8c0f-9e83d6202da9,PUB-010_시도별_장기요양판정
여자,강원도,기초수급,등급외,1500,2016,https://api.odcloud.kr/api/15072696/v1/uddi:b5b43d81-31d0-4b31-8c0f-9e83d6202da9,PUB-010_시도별_장기요양판정
남자,충청북도,일반,1등급,277,2016,https://api.odcloud.kr/api/15072696/v1/uddi:b5b43d81-31d0-4b31-8c0f-9e83d6202da9,PUB-010_시도별_장기요양판정
남자,충청북도,일반,2등급,497,2016,https://api.odcloud.kr/api/15072696/v1/uddi:b5b43d81-31d0-4b31-8c0f-9e83d6202da9,PUB-010_시도별_장기요양판정
남자,충청북도,일반,3등급,1236,2016,https://api.odcloud.kr/api/15072696/v1/uddi:b5b43d81-31d0-4b31-8c0f-9e83d6202da9,PUB-010_시도별_장기요양판정
남자,충청북도,일반,4등급,983,2016,https://api.odcloud.kr/api/15072696/v1/uddi:b5b43d81-31d0-4b31-8c0f-9e83d6202da9,PUB-010_시도별_장기요양판정
남자,충청북도,일반,5등급,171,2016,https://api.odcloud.kr/api/15072696/v1/uddi:b5b43d81-31d0-4b31-8c0f-9e83d6202da9,PUB-010_시도별_장기요양판정
남자,충청북도,일반,등급외,975,2016,https://api.odcloud.kr/api/15072696/v1/uddi:b5b43d81-31d0-4b31-8c0f-9e83d6202da9,PUB-010_시도별_장기요양판정
남자,충청북도,경감,1등급,67,2016,https://api.odcloud.kr/api/15072696/v1/uddi:b5b43d81-31d0-4b31-8c0f-9e83d6202da9,PUB-010_시도별_장기요양판정
남자,충청북도,경감,2등급,133,2016,https://api.odcloud.kr/api/15072696/v1/uddi:b5b43d81-31d0-4b31-8c0f-9e83d6202da9,PUB-010_시도별_장기요양판정
남자,충청북도,경감,3등급,301,2016,https://api.odcloud.kr/api/15072696/v1/uddi:b5b43d81-31d0-4b31-8c0f-9e83d6202da9,PUB-010_시도별_장기요양판정
남자,충청북도,경감,4등급,244,2016,https://api.odcloud.kr/api/15072696/v1/uddi:b5b43d81-31d0-4b31-8c0f-9e83d6202da9,PUB-010_시도별_장기요양판정
남자,충청북도,경감,5등급,38,2016,https://api.odcloud.kr/api/15072696/v1/uddi:b5b43d81-31d0-4b31-8c0f-9e83d6202da9,PUB-010_시도별_장기요양판정
남자,충청북도,경감,등급외,40,2016,https://api.odcloud.kr/api/15072696/v1/uddi:b5b43d81-31d0-4b31-8c0f-9e83d6202da9,PUB-010_시도별_장기요양판정
남자,충청북도,의료급여,1등급,5,2016,https://api.odcloud.kr/api/15072696/v1/uddi:b5b43d81-31d0-4b31-8c0f-9e83d6202da9,PUB-010_시도별_장기요양판정
남자,충청북도,의료급여,2등급,11,2016,https://api.odcloud.kr/api/15072696/v1/uddi:b5b43d81-31d0-4b31-8c0f-9e83d6202da9,PUB-010_시도별_장기요양판정
남자,충청북도,의료급여,3등급,30,2016,https://api.odcloud.kr/api/15072696/v1/uddi:b5b43d81-31d0-4b31-8c0f-9e83d6202da9,PUB-010_시도별_장기요양판정
남자,충청북도,의료급여,4등급,27,2016,https://api.odcloud.kr/api/15072696/v1/uddi:b5b43d81-31d0-4b31-8c0f-9e83d6202da9,PUB-010_시도별_장기요양판정
남자,충청북도,의료급여,5등급,4,2016,https://api.odcloud.kr/api/15072696/v1/uddi:b5b43d81-31d0-4b31-8c0f-9e83d6202da9,PUB-010_시도별_장기요양판정
남자,충청북도,의료급여,등급외,31,2016,https://api.odcloud.kr/api/15072696/v1/uddi:b5b43d81-31d0-4b31-8c0f-9e83d6202da9,PUB-010_시도별_장기요양판정
남자,충청북도,기초수급,1등급,100,2016,https://api.odcloud.kr/api/15072696/v1/uddi:b5b43d81-31d0-4b31-8c0f-9e83d6202da9,PUB-010_시도별_장기요양판정
남자,충청북도,기초수급,2등급,124,2016,https://api.odcloud.kr/api/15072696/v1/uddi:b5b43d81-31d0-4b31-8c0f-9e83d6202da9,PUB-010_시도별_장기요양판정
남자,충청북도,기초수급,3등급,288,2016,https://api.odcloud.kr/api/15072696/v1/uddi:b5b43d81-31d0-4b31-8c0f-9e83d6202da9,PUB-010_시도별_장기요양판정
남자,충청북도,기초수급,4등급,290,2016,https://api.odcloud.kr/api/15072696/v1/uddi:b5b43d81-31d0-4b31-8c0f-9e83d6202da9,PUB-010_시도별_장기요양판정
남자,충청북도,기초수급,5등급,28,2016,https://api.odcloud.kr/api/15072696/v1/uddi:b5b43d81-31d0-4b31-8c0f-9e83d6202da9,PUB-010_시도별_장기요양판정
남자,충청북도,기초수급,등급외,474,2016,https://api.odcloud.kr/api/15072696/v1/uddi:b5b43d81-31d0-4b31-8c0f-9e83d6202da9,PUB-010_시도별_장기요양판정
여자,충청북도,일반,1등급,716,2016,https://api.odcloud.kr/api/15072696/v1/uddi:b5b43d81-31d0-4b31-8c0f-9e83d6202da9,PUB-010_시도별_장기요양판정
여자,충청북도,일반,2등급,1537,2016,https://api.odcloud.kr/api/15072696/v1/uddi:b5b43d81-31d0-4b31-8c0f-9e83d6202da9,PUB-010_시도별_장기요양판정
여자,충청북도,일반,3등급,3104,2016,https://api.odcloud.kr/api/15072696/v1/uddi:b5b43d81-31d0-4b31-8c0f-9e83d6202da9,PUB-010_시도별_장기요양판정
여자,충청북도,일반,4등급,2764,2016,https://api.odcloud.kr/api/15072696/v1/uddi:b5b43d81-31d0-4b31-8c0f-9e83d6202da9,PUB-010_시도별_장기요양판정
여자,충청북도,일반,5등급,567,2016,https://api.odcloud.kr/api/15072696/v1/uddi:b5b43d81-31d0-4b31-8c0f-9e83d6202da9,PUB-010_시도별_장기요양판정
여자,충청북도,일반,등급외,2579,2016,https://api.odcloud.kr/api/15072696/v1/uddi:b5b43d81-31d0-4b31-8c0f-9e83d6202da9,PUB-010_시도별_장기요양판정
여자,충청북도,경감,1등급,215,2016,https://api.odcloud.kr/api/15072696/v1/uddi:b5b43d81-31d0-4b31-8c0f-9e83d6202da9,PUB-010_시도별_장기요양판정
여자,충청북도,경감,2등급,553,2016,https://api.odcloud.kr/api/15072696/v1/uddi:b5b43d81-31d0-4b31-8c0f-9e83d6202da9,PUB-010_시도별_장기요양판정
여자,충청북도,경감,3등급,1031,2016,https://api.odcloud.kr/api/15072696/v1/uddi:b5b43d81-31d0-4b31-8c0f-9e83d6202da9,PUB-010_시도별_장기요양판정
여자,충청북도,경감,4등급,887,2016,https://api.odcloud.kr/api/15072696/v1/uddi:b5b43d81-31d0-4b31-8c0f-9e83d6202da9,PUB-010_시도별_장기요양판정
여자,충청북도,경감,5등급,149,2016,https://api.odcloud.kr/api/15072696/v1/uddi:b5b43d81-31d0-4b31-8c0f-9e83d6202da9,PUB-010_시도별_장기요양판정
여자,충청북도,경감,등급외,105,2016,https://api.odcloud.kr/api/15072696/v1/uddi:b5b43d81-31d0-4b31-8c0f-9e83d6202da9,PUB-010_시도별_장기요양판정
여자,충청북도,의료급여,1등급,16,2016,https://api.odcloud.kr/api/15072696/v1/uddi:b5b43d81-31d0-4b31-8c0f-9e83d6202da9,PUB-010_시도별_장기요양판정
여자,충청북도,의료급여,2등급,32,2016,https://api.odcloud.kr/api/15072696/v1/uddi:b5b43d81-31d0-4b31-8c0f-9e83d6202da9,PUB-010_시도별_장기요양판정
여자,충청북도,의료급여,3등급,77,2016,https://api.odcloud.kr/api/15072696/v1/uddi:b5b43d81-31d0-4b31-8c0f-9e83d6202da9,PUB-010_시도별_장기요양판정
여자,충청북도,의료급여,4등급,62,2016,https://api.odcloud.kr/api/15072696/v1/uddi:b5b43d81-31d0-4b31-8c0f-9e83d6202da9,PUB-010_시도별_장기요양판정
여자,충청북도,의료급여,5등급,8,2016,https://api.odcloud.kr/api/15072696/v1/uddi:b5b43d81-31d0-4b31-8c0f-9e83d6202da9,PUB-010_시도별_장기요양판정
여자,충청북도,의료급여,등급외,60,2016,https://api.odcloud.kr/api/15072696/v1/uddi:b5b43d81-31d0-4b31-8c0f-9e83d6202da9,PUB-010_시도별_장기요양판정
여자,충청북도,기초수급,1등급,220,2016,https://api.odcloud.kr/api/15072696/v1/uddi:b5b43d81-31d0-4b31-8c0f-9e83d6202da9,PUB-010_시도별_장기요양판정
여자,충청북도,기초수급,2등급,348,2016,https://api.odcloud.kr/api/15072696/v1/uddi:b5b43d81-31d0-4b31-8c0f-9e83d6202da9,PUB-010_시도별_장기요양판정
여자,충청북도,기초수급,3등급,753,2016,https://api.odcloud.kr/api/15072696/v1/uddi:b5b43d81-31d0-4b31-8c0f-9e83d6202da9,PUB-010_시도별_장기요양판정
여자,충청북도,기초수급,4등급,657,2016,https://api.odcloud.kr/api/15072696/v1/uddi:b5b43d81-31d0-4b31-8c0f-9e83d6202da9,PUB-010_시도별_장기요양판정
여자,충청북도,기초수급,5등급,91,2016,https://api.odcloud.kr/api/15072696/v1/uddi:b5b43d81-31d0-4b31-8c0f-9e83d6202da9,PUB-010_시도별_장기요양판정
여자,충청북도,기초수급,등급외,1090,2016,https://api.odcloud.kr/api/15072696/v1/uddi:b5b43d81-31d0-4b31-8c0f-9e83d6202da9,PUB-010_시도별_장기요양판정
남자,충청남도,일반,1등급,396,2016,https://api.odcloud.kr/api/15072696/v1/uddi:b5b43d81-31d0-4b31-8c0f-9e83d6202da9,PUB-010_시도별_장기요양판정
남자,충청남도,일반,2등급,851,2016,https://api.odcloud.kr/api/15072696/v1/uddi:b5b43d81-31d0-4b31-8c0f-9e83d6202da9,PUB-010_시도별_장기요양판정
남자,충청남도,일반,3등급,1899,2016,https://api.odcloud.kr/api/15072696/v1/uddi:b5b43d81-31d0-4b31-8c0f-9e83d6202da9,PUB-010_시도별_장기요양판정
남자,충청남도,일반,4등급,1947,2016,https://api.odcloud.kr/api/15072696/v1/uddi:b5b43d81-31d0-4b31-8c0f-9e83d6202da9,PUB-010_시도별_장기요양판정
남자,충청남도,일반,5등급,345,2016,https://api.odcloud.kr/api/15072696/v1/uddi:b5b43d81-31d0-4b31-8c0f-9e83d6202da9,PUB-010_시도별_장기요양판정
남자,충청남도,일반,등급외,2014,2016,https://api.odcloud.kr/api/15072696/v1/uddi:b5b43d81-31d0-4b31-8c0f-9e83d6202da9,PUB-010_시도별_장기요양판정
남자,충청남도,경감,1등급,90,2016,https://api.odcloud.kr/api/15072696/v1/uddi:b5b43d81-31d0-4b31-8c0f-9e83d6202da9,PUB-010_시도별_장기요양판정
남자,충청남도,경감,2등급,183,2016,https://api.odcloud.kr/api/15072696/v1/uddi:b5b43d81-31d0-4b31-8c0f-9e83d6202da9,PUB-010_시도별_장기요양판정
남자,충청남도,경감,3등급,431,2016,https://api.odcloud.kr/api/15072696/v1/uddi:b5b43d81-31d0-4b31-8c0f-9e83d6202da9,PUB-010_시도별_장기요양판정
남자,충청남도,경감,4등급,455,2016,https://api.odcloud.kr/api/15072696/v1/uddi:b5b43d81-31d0-4b31-8c0f-9e83d6202da9,PUB-010_시도별_장기요양판정
남자,충청남도,경감,5등급,49,2016,https://api.odcloud.kr/api/15072696/v1/uddi:b5b43d81-31d0-4b31-8c0f-9e83d6202da9,PUB-010_시도별_장기요양판정
남자,충청남도,경감,등급외,58,2016,https://api.odcloud.kr/api/15072696/v1/uddi:b5b43d81-31d0-4b31-8c0f-9e83d6202da9,PUB-010_시도별_장기요양판정
남자,충청남도,의료급여,1등급,7,2016,https://api.odcloud.kr/api/15072696/v1/uddi:b5b43d81-31d0-4b31-8c0f-9e83d6202da9,PUB-010_시도별_장기요양판정
남자,충청남도,의료급여,2등급,12,2016,https://api.odcloud.kr/api/15072696/v1/uddi:b5b43d81-31d0-4b31-8c0f-9e83d6202da9,PUB-010_시도별_장기요양판정
남자,충청남도,의료급여,3등급,26,2016,https://api.odcloud.kr/api/15072696/v1/uddi:b5b43d81-31d0-4b31-8c0f-9e83d6202da9,PUB-010_시도별_장기요양판정
남자,충청남도,의료급여,4등급,32,2016,https://api.odcloud.kr/api/15072696/v1/uddi:b5b43d81-31d0-4b31-8c0f-9e83d6202da9,PUB-010_시도별_장기요양판정
남자,충청남도,의료급여,5등급,8,2016,https://api.odcloud.kr/api/15072696/v1/uddi:b5b43d81-31d0-4b31-8c0f-9e83d6202da9,PUB-010_시도별_장기요양판정
남자,충청남도,의료급여,등급외,27,2016,https://api.odcloud.kr/api/15072696/v1/uddi:b5b43d81-31d0-4b31-8c0f-9e83d6202da9,PUB-010_시도별_장기요양판정
남자,충청남도,기초수급,1등급,74,2016,https://api.odcloud.kr/api/15072696/v1/uddi:b5b43d81-31d0-4b31-8c0f-9e83d6202da9,PUB-010_시도별_장기요양판정
남자,충청남도,기초수급,2등급,166,2016,https://api.odcloud.kr/api/15072696/v1/uddi:b5b43d81-31d0-4b31-8c0f-9e83d6202da9,PUB-010_시도별_장기요양판정
남자,충청남도,기초수급,3등급,306,2016,https://api.odcloud.kr/api/15072696/v1/uddi:b5b43d81-31d0-4b31-8c0f-9e83d6202da9,PUB-010_시도별_장기요양판정
남자,충청남도,기초수급,4등급,413,2016,https://api.odcloud.kr/api/15072696/v1/uddi:b5b43d81-31d0-4b31-8c0f-9e83d6202da9,PUB-010_시도별_장기요양판정
남자,충청남도,기초수급,5등급,36,2016,https://api.odcloud.kr/api/15072696/v1/uddi:b5b43d81-31d0-4b31-8c0f-9e83d6202da9,PUB-010_시도별_장기요양판정
남자,충청남도,기초수급,등급외,536,2016,https://api.odcloud.kr/api/15072696/v1/uddi:b5b43d81-31d0-4b31-8c0f-9e83d6202da9,PUB-010_시도별_장기요양판정
여자,충청남도,일반,1등급,970,2016,https://api.odcloud.kr/api/15072696/v1/uddi:b5b43d81-31d0-4b31-8c0f-9e83d6202da9,PUB-010_시도별_장기요양판정
여자,충청남도,일반,2등급,2057,2016,https://api.odcloud.kr/api/15072696/v1/uddi:b5b43d81-31d0-4b31-8c0f-9e83d6202da9,PUB-010_시도별_장기요양판정
여자,충청남도,일반,3등급,4500,2016,https://api.odcloud.kr/api/15072696/v1/uddi:b5b43d81-31d0-4b31-8c0f-9e83d6202da9,PUB-010_시도별_장기요양판정
여자,충청남도,일반,4등급,5066,2016,https://api.odcloud.kr/api/15072696/v1/uddi:b5b43d81-31d0-4b31-8c0f-9e83d6202da9,PUB-010_시도별_장기요양판정
여자,충청남도,일반,5등급,971,2016,https://api.odcloud.kr/api/15072696/v1/uddi:b5b43d81-31d0-4b31-8c0f-9e83d6202da9,PUB-010_시도별_장기요양판정
여자,충청남도,일반,등급외,4925,2016,https://api.odcloud.kr/api/15072696/v1/uddi:b5b43d81-31d0-4b31-8c0f-9e83d6202da9,PUB-010_시도별_장기요양판정
여자,충청남도,경감,1등급,286,2016,https://api.odcloud.kr/api/15072696/v1/uddi:b5b43d81-31d0-4b31-8c0f-9e83d6202da9,PUB-010_시도별_장기요양판정
여자,충청남도,경감,2등급,698,2016,https://api.odcloud.kr/api/15072696/v1/uddi:b5b43d81-31d0-4b31-8c0f-9e83d6202da9,PUB-010_시도별_장기요양판정
여자,충청남도,경감,3등급,1588,2016,https://api.odcloud.kr/api/15072696/v1/uddi:b5b43d81-31d0-4b31-8c0f-9e83d6202da9,PUB-010_시도별_장기요양판정
여자,충청남도,경감,4등급,1619,2016,https://api.odcloud.kr/api/15072696/v1/uddi:b5b43d81-31d0-4b31-8c0f-9e83d6202da9,PUB-010_시도별_장기요양판정
여자,충청남도,경감,5등급,260,2016,https://api.odcloud.kr/api/15072696/v1/uddi:b5b43d81-31d0-4b31-8c0f-9e83d6202da9,PUB-010_시도별_장기요양판정
여자,충청남도,경감,등급외,188,2016,https://api.odcloud.kr/api/15072696/v1/uddi:b5b43d81-31d0-4b31-8c0f-9e83d6202da9,PUB-010_시도별_장기요양판정
여자,충청남도,의료급여,1등급,10,2016,https://api.odcloud.kr/api/15072696/v1/uddi:b5b43d81-31d0-4b31-8c0f-9e83d6202da9,PUB-010_시도별_장기요양판정
여자,충청남도,의료급여,2등급,31,2016,https://api.odcloud.kr/api/15072696/v1/uddi:b5b43d81-31d0-4b31-8c0f-9e83d6202da9,PUB-010_시도별_장기요양판정
여자,충청남도,의료급여,3등급,64,2016,https://api.odcloud.kr/api/15072696/v1/uddi:b5b43d81-31d0-4b31-8c0f-9e83d6202da9,PUB-010_시도별_장기요양판정
여자,충청남도,의료급여,4등급,67,2016,https://api.odcloud.kr/api/15072696/v1/uddi:b5b43d81-31d0-4b31-8c0f-9e83d6202da9,PUB-010_시도별_장기요양판정
여자,충청남도,의료급여,5등급,13,2016,https://api.odcloud.kr/api/15072696/v1/uddi:b5b43d81-31d0-4b31-8c0f-9e83d6202da9,PUB-010_시도별_장기요양판정
여자,충청남도,의료급여,등급외,59,2016,https://api.odcloud.kr/api/15072696/v1/uddi:b5b43d81-31d0-4b31-8c0f-9e83d6202da9,PUB-010_시도별_장기요양판정
여자,충청남도,기초수급,1등급,184,2016,https://api.odcloud.kr/api/15072696/v1/uddi:b5b43d81-31d0-4b31-8c0f-9e83d6202da9,PUB-010_시도별_장기요양판정
여자,충청남도,기초수급,2등급,425,2016,https://api.odcloud.kr/api/15072696/v1/uddi:b5b43d81-31d0-4b31-8c0f-9e83d6202da9,PUB-010_시도별_장기요양판정
여자,충청남도,기초수급,3등급,861,2016,https://api.odcloud.kr/api/15072696/v1/uddi:b5b43d81-31d0-4b31-8c0f-9e83d6202da9,PUB-010_시도별_장기요양판정
여자,충청남도,기초수급,4등급,1050,2016,https://api.odcloud.kr/api/15072696/v1/uddi:b5b43d81-31d0-4b31-8c0f-9e83d6202da9,PUB-010_시도별_장기요양판정
여자,충청남도,기초수급,5등급,141,2016,https://api.odcloud.kr/api/15072696/v1/uddi:b5b43d81-31d0-4b31-8c0f-9e83d6202da9,PUB-010_시도별_장기요양판정
여자,충청남도,기초수급,등급외,1324,2016,https://api.odcloud.kr/api/15072696/v1/uddi:b5b43d81-31d0-4b31-8c0f-9e83d6202da9,PUB-010_시도별_장기요양판정
남자,전라북도,일반,1등급,245,2016,https://api.odcloud.kr/api/15072696/v1/uddi:b5b43d81-31d0-4b31-8c0f-9e83d6202da9,PUB-010_시도별_장기요양판정
남자,전라북도,일반,2등급,483,2016,https://api.odcloud.kr/api/15072696/v1/uddi:b5b43d81-31d0-4b31-8c0f-9e83d6202da9,PUB-010_시도별_장기요양판정
남자,전라북도,일반,3등급,1470,2016,https://api.odcloud.kr/api/15072696/v1/uddi:b5b43d81-31d0-4b31-8c0f-9e83d6202da9,PUB-010_시도별_장기요양판정
남자,전라북도,일반,4등급,1925,2016,https://api.odcloud.kr/api/15072696/v1/uddi:b5b43d81-31d0-4b31-8c0f-9e83d6202da9,PUB-010_시도별_장기요양판정
남자,전라북도,일반,5등급,343,2016,https://api.odcloud.kr/api/15072696/v1/uddi:b5b43d81-31d0-4b31-8c0f-9e83d6202da9,PUB-010_시도별_장기요양판정
남자,전라북도,일반,등급외,2168,2016,https://api.odcloud.kr/api/15072696/v1/uddi:b5b43d81-31d0-4b31-8c0f-9e83d6202da9,PUB-010_시도별_장기요양판정
남자,전라북도,경감,1등급,76,2016,https://api.odcloud.kr/api/15072696/v1/uddi:b5b43d81-31d0-4b31-8c0f-9e83d6202da9,PUB-010_시도별_장기요양판정
남자,전라북도,경감,2등급,128,2016,https://api.odcloud.kr/api/15072696/v1/uddi:b5b43d81-31d0-4b31-8c0f-9e83d6202da9,PUB-010_시도별_장기요양판정
남자,전라북도,경감,3등급,388,2016,https://api.odcloud.kr/api/15072696/v1/uddi:b5b43d81-31d0-4b31-8c0f-9e83d6202da9,PUB-010_시도별_장기요양판정
남자,전라북도,경감,4등급,569,2016,https://api.odcloud.kr/api/15072696/v1/uddi:b5b43d81-31d0-4b31-8c0f-9e83d6202da9,PUB-010_시도별_장기요양판정
남자,전라북도,경감,5등급,69,2016,https://api.odcloud.kr/api/15072696/v1/uddi:b5b43d81-31d0-4b31-8c0f-9e83d6202da9,PUB-010_시도별_장기요양판정
남자,전라북도,경감,등급외,155,2016,https://api.odcloud.kr/api/15072696/v1/uddi:b5b43d81-31d0-4b31-8c0f-9e83d6202da9,PUB-010_시도별_장기요양판정
남자,전라북도,의료급여,1등급,5,2016,https://api.odcloud.kr/api/15072696/v1/uddi:b5b43d81-31d0-4b31-8c0f-9e83d6202da9,PUB-010_시도별_장기요양판정
남자,전라북도,의료급여,2등급,11,2016,https://api.odcloud.kr/api/15072696/v1/uddi:b5b43d81-31d0-4b31-8c0f-9e83d6202da9,PUB-010_시도별_장기요양판정
남자,전라북도,의료급여,3등급,40,2016,https://api.odcloud.kr/api/15072696/v1/uddi:b5b43d81-31d0-4b31-8c0f-9e83d6202da9,PUB-010_시도별_장기요양판정
남자,전라북도,의료급여,4등급,59,2016,https://api.odcloud.kr/api/15072696/v1/uddi:b5b43d81-31d0-4b31-8c0f-9e83d6202da9,PUB-010_시도별_장기요양판정
남자,전라북도,의료급여,5등급,16,2016,https://api.odcloud.kr/api/15072696/v1/uddi:b5b43d81-31d0-4b31-8c0f-9e83d6202da9,PUB-010_시도별_장기요양판정
남자,전라북도,의료급여,등급외,51,2016,https://api.odcloud.kr/api/15072696/v1/uddi:b5b43d81-31d0-4b31-8c0f-9e83d6202da9,PUB-010_시도별_장기요양판정
남자,전라북도,기초수급,1등급,54,2016,https://api.odcloud.kr/api/15072696/v1/uddi:b5b43d81-31d0-4b31-8c0f-9e83d6202da9,PUB-010_시도별_장기요양판정
남자,전라북도,기초수급,2등급,125,2016,https://api.odcloud.kr/api/15072696/v1/uddi:b5b43d81-31d0-4b31-8c0f-9e83d6202da9,PUB-010_시도별_장기요양판정
남자,전라북도,기초수급,3등급,408,2016,https://api.odcloud.kr/api/15072696/v1/uddi:b5b43d81-31d0-4b31-8c0f-9e83d6202da9,PUB-010_시도별_장기요양판정
남자,전라북도,기초수급,4등급,602,2016,https://api.odcloud.kr/api/15072696/v1/uddi:b5b43d81-31d0-4b31-8c0f-9e83d6202da9,PUB-010_시도별_장기요양판정
남자,전라북도,기초수급,5등급,67,2016,https://api.odcloud.kr/api/15072696/v1/uddi:b5b43d81-31d0-4b31-8c0f-9e83d6202da9,PUB-010_시도별_장기요양판정
남자,전라북도,기초수급,등급외,1362,2016,https://api.odcloud.kr/api/15072696/v1/uddi:b5b43d81-31d0-4b31-8c0f-9e83d6202da9,PUB-010_시도별_장기요양판정
여자,전라북도,일반,1등급,639,2016,https://api.odcloud.kr/api/15072696/v1/uddi:b5b43d81-31d0-4b31-8c0f-9e83d6202da9,PUB-010_시도별_장기요양판정
여자,전라북도,일반,2등급,1254,2016,https://api.odcloud.kr/api/15072696/v1/uddi:b5b43d81-31d0-4b31-8c0f-9e83d6202da9,PUB-010_시도별_장기요양판정
여자,전라북도,일반,3등급,3594,2016,https://api.odcloud.kr/api/15072696/v1/uddi:b5b43d81-31d0-4b31-8c0f-9e83d6202da9,PUB-010_시도별_장기요양판정
여자,전라북도,일반,4등급,5508,2016,https://api.odcloud.kr/api/15072696/v1/uddi:b5b43d81-31d0-4b31-8c0f-9e83d6202da9,PUB-010_시도별_장기요양판정
여자,전라북도,일반,5등급,999,2016,https://api.odcloud.kr/api/15072696/v1/uddi:b5b43d81-31d0-4b31-8c0f-9e83d6202da9,PUB-010_시도별_장기요양판정
여자,전라북도,일반,등급외,6929,2016,https://api.odcloud.kr/api/15072696/v1/uddi:b5b43d81-31d0-4b31-8c0f-9e83d6202da9,PUB-010_시도별_장기요양판정
여자,전라북도,경감,1등급,204,2016,https://api.odcloud.kr/api/15072696/v1/uddi:b5b43d81-31d0-4b31-8c0f-9e83d6202da9,PUB-010_시도별_장기요양판정
여자,전라북도,경감,2등급,511,2016,https://api.odcloud.kr/api/15072696/v1/uddi:b5b43d81-31d0-4b31-8c0f-9e83d6202da9,PUB-010_시도별_장기요양판정
여자,전라북도,경감,3등급,1484,2016,https://api.odcloud.kr/api/15072696/v1/uddi:b5b43d81-31d0-4b31-8c0f-9e83d6202da9,PUB-010_시도별_장기요양판정
여자,전라북도,경감,4등급,2108,2016,https://api.odcloud.kr/api/15072696/v1/uddi:b5b43d81-31d0-4b31-8c0f-9e83d6202da9,PUB-010_시도별_장기요양판정
여자,전라북도,경감,5등급,301,2016,https://api.odcloud.kr/api/15072696/v1/uddi:b5b43d81-31d0-4b31-8c0f-9e83d6202da9,PUB-010_시도별_장기요양판정
여자,전라북도,경감,등급외,782,2016,https://api.odcloud.kr/api/15072696/v1/uddi:b5b43d81-31d0-4b31-8c0f-9e83d6202da9,PUB-010_시도별_장기요양판정
여자,전라북도,의료급여,1등급,22,2016,https://api.odcloud.kr/api/15072696/v1/uddi:b5b43d81-31d0-4b31-8c0f-9e83d6202da9,PUB-010_시도별_장기요양판정
여자,전라북도,의료급여,2등급,28,2016,https://api.odcloud.kr/api/15072696/v1/uddi:b5b43d81-31d0-4b31-8c0f-9e83d6202da9,PUB-010_시도별_장기요양판정
여자,전라북도,의료급여,3등급,75,2016,https://api.odcloud.kr/api/15072696/v1/uddi:b5b43d81-31d0-4b31-8c0f-9e83d6202da9,PUB-010_시도별_장기요양판정
여자,전라북도,의료급여,4등급,92,2016,https://api.odcloud.kr/api/15072696/v1/uddi:b5b43d81-31d0-4b31-8c0f-9e83d6202da9,PUB-010_시도별_장기요양판정
여자,전라북도,의료급여,5등급,27,2016,https://api.odcloud.kr/api/15072696/v1/uddi:b5b43d81-31d0-4b31-8c0f-9e83d6202da9,PUB-010_시도별_장기요양판정
여자,전라북도,의료급여,등급외,162,2016,https://api.odcloud.kr/api/15072696/v1/uddi:b5b43d81-31d0-4b31-8c0f-9e83d6202da9,PUB-010_시도별_장기요양판정
여자,전라북도,기초수급,1등급,198,2016,https://api.odcloud.kr/api/15072696/v1/uddi:b5b43d81-31d0-4b31-8c0f-9e83d6202da9,PUB-010_시도별_장기요양판정
여자,전라북도,기초수급,2등급,395,2016,https://api.odcloud.kr/api/15072696/v1/uddi:b5b43d81-31d0-4b31-8c0f-9e83d6202da9,PUB-010_시도별_장기요양판정
여자,전라북도,기초수급,3등급,1138,2016,https://api.odcloud.kr/api/15072696/v1/uddi:b5b43d81-31d0-4b31-8c0f-9e83d6202da9,PUB-010_시도별_장기요양판정
여자,전라북도,기초수급,4등급,1748,2016,https://api.odcloud.kr/api/15072696/v1/uddi:b5b43d81-31d0-4b31-8c0f-9e83d6202da9,PUB-010_시도별_장기요양판정
여자,전라북도,기초수급,5등급,217,2016,https://api.odcloud.kr/api/15072696/v1/uddi:b5b43d81-31d0-4b31-8c0f-9e83d6202da9,PUB-010_시도별_장기요양판정
여자,전라북도,기초수급,등급외,3833,2016,https://api.odcloud.kr/api/15072696/v1/uddi:b5b43d81-31d0-4b31-8c0f-9e83d6202da9,PUB-010_시도별_장기요양판정
남자,전라남도,일반,1등급,276,2016,https://api.odcloud.kr/api/15072696/v1/uddi:b5b43d81-31d0-4b31-8c0f-9e83d6202da9,PUB-010_시도별_장기요양판정
남자,전라남도,일반,2등급,718,2016,https://api.odcloud.kr/api/15072696/v1/uddi:b5b43d81-31d0-4b31-8c0f-9e83d6202da9,PUB-010_시도별_장기요양판정
남자,전라남도,일반,3등급,1815,2016,https://api.odcloud.kr/api/15072696/v1/uddi:b5b43d81-31d0-4b31-8c0f-9e83d6202da9,PUB-010_시도별_장기요양판정
남자,전라남도,일반,4등급,2021,2016,https://api.odcloud.kr/api/15072696/v1/uddi:b5b43d81-31d0-4b31-8c0f-9e83d6202da9,PUB-010_시도별_장기요양판정
남자,전라남도,일반,5등급,285,2016,https://api.odcloud.kr/api/15072696/v1/uddi:b5b43d81-31d0-4b31-8c0f-9e83d6202da9,PUB-010_시도별_장기요양판정
남자,전라남도,일반,등급외,2520,2016,https://api.odcloud.kr/api/15072696/v1/uddi:b5b43d81-31d0-4b31-8c0f-9e83d6202da9,PUB-010_시도별_장기요양판정
남자,전라남도,경감,1등급,93,2016,https://api.odcloud.kr/api/15072696/v1/uddi:b5b43d81-31d0-4b31-8c0f-9e83d6202da9,PUB-010_시도별_장기요양판정
남자,전라남도,경감,2등급,175,2016,https://api.odcloud.kr/api/15072696/v1/uddi:b5b43d81-31d0-4b31-8c0f-9e83d6202da9,PUB-010_시도별_장기요양판정
남자,전라남도,경감,3등급,503,2016,https://api.odcloud.kr/api/15072696/v1/uddi:b5b43d81-31d0-4b31-8c0f-9e83d6202da9,PUB-010_시도별_장기요양판정
남자,전라남도,경감,4등급,581,2016,https://api.odcloud.kr/api/15072696/v1/uddi:b5b43d81-31d0-4b31-8c0f-9e83d6202da9,PUB-010_시도별_장기요양판정
남자,전라남도,경감,5등급,57,2016,https://api.odcloud.kr/api/15072696/v1/uddi:b5b43d81-31d0-4b31-8c0f-9e83d6202da9,PUB-010_시도별_장기요양판정
남자,전라남도,경감,등급외,135,2016,https://api.odcloud.kr/api/15072696/v1/uddi:b5b43d81-31d0-4b31-8c0f-9e83d6202da9,PUB-010_시도별_장기요양판정
남자,전라남도,의료급여,1등급,6,2016,https://api.odcloud.kr/api/15072696/v1/uddi:b5b43d81-31d0-4b31-8c0f-9e83d6202da9,PUB-010_시도별_장기요양판정
남자,전라남도,의료급여,2등급,17,2016,https://api.odcloud.kr/api/15072696/v1/uddi:b5b43d81-31d0-4b31-8c0f-9e83d6202da9,PUB-010_시도별_장기요양판정
남자,전라남도,의료급여,3등급,47,2016,https://api.odcloud.kr/api/15072696/v1/uddi:b5b43d81-31d0-4b31-8c0f-9e83d6202da9,PUB-010_시도별_장기요양판정
남자,전라남도,의료급여,4등급,53,2016,https://api.odcloud.kr/api/15072696/v1/uddi:b5b43d81-31d0-4b31-8c0f-9e83d6202da9,PUB-010_시도별_장기요양판정
남자,전라남도,의료급여,5등급,5,2016,https://api.odcloud.kr/api/15072696/v1/uddi:b5b43d81-31d0-4b31-8c0f-9e83d6202da9,PUB-010_시도별_장기요양판정
남자,전라남도,의료급여,등급외,57,2016,https://api.odcloud.kr/api/15072696/v1/uddi:b5b43d81-31d0-4b31-8c0f-9e83d6202da9,PUB-010_시도별_장기요양판정
남자,전라남도,기초수급,1등급,83,2016,https://api.odcloud.kr/api/15072696/v1/uddi:b5b43d81-31d0-4b31-8c0f-9e83d6202da9,PUB-010_시도별_장기요양판정
남자,전라남도,기초수급,2등급,151,2016,https://api.odcloud.kr/api/15072696/v1/uddi:b5b43d81-31d0-4b31-8c0f-9e83d6202da9,PUB-010_시도별_장기요양판정
남자,전라남도,기초수급,3등급,393,2016,https://api.odcloud.kr/api/15072696/v1/uddi:b5b43d81-31d0-4b31-8c0f-9e83d6202da9,PUB-010_시도별_장기요양판정
남자,전라남도,기초수급,4등급,523,2016,https://api.odcloud.kr/api/15072696/v1/uddi:b5b43d81-31d0-4b31-8c0f-9e83d6202da9,PUB-010_시도별_장기요양판정
남자,전라남도,기초수급,5등급,54,2016,https://api.odcloud.kr/api/15072696/v1/uddi:b5b43d81-31d0-4b31-8c0f-9e83d6202da9,PUB-010_시도별_장기요양판정
남자,전라남도,기초수급,등급외,795,2016,https://api.odcloud.kr/api/15072696/v1/uddi:b5b43d81-31d0-4b31-8c0f-9e83d6202da9,PUB-010_시도별_장기요양판정
여자,전라남도,일반,1등급,699,2016,https://api.odcloud.kr/api/15072696/v1/uddi:b5b43d81-31d0-4b31-8c0f-9e83d6202da9,PUB-010_시도별_장기요양판정
여자,전라남도,일반,2등급,1832,2016,https://api.odcloud.kr/api/15072696/v1/uddi:b5b43d81-31d0-4b31-8c0f-9e83d6202da9,PUB-010_시도별_장기요양판정
여자,전라남도,일반,3등급,4143,2016,https://api.odcloud.kr/api/15072696/v1/uddi:b5b43d81-31d0-4b31-8c0f-9e83d6202da9,PUB-010_시도별_장기요양판정
여자,전라남도,일반,4등급,6555,2016,https://api.odcloud.kr/api/15072696/v1/uddi:b5b43d81-31d0-4b31-8c0f-9e83d6202da9,PUB-010_시도별_장기요양판정
여자,전라남도,일반,5등급,879,2016,https://api.odcloud.kr/api/15072696/v1/uddi:b5b43d81-31d0-4b31-8c0f-9e83d6202da9,PUB-010_시도별_장기요양판정
여자,전라남도,일반,등급외,8591,2016,https://api.odcloud.kr/api/15072696/v1/uddi:b5b43d81-31d0-4b31-8c0f-9e83d6202da9,PUB-010_시도별_장기요양판정
여자,전라남도,경감,1등급,315,2016,https://api.odcloud.kr/api/15072696/v1/uddi:b5b43d81-31d0-4b31-8c0f-9e83d6202da9,PUB-010_시도별_장기요양판정
여자,전라남도,경감,2등급,806,2016,https://api.odcloud.kr/api/15072696/v1/uddi:b5b43d81-31d0-4b31-8c0f-9e83d6202da9,PUB-010_시도별_장기요양판정
여자,전라남도,경감,3등급,1945,2016,https://api.odcloud.kr/api/15072696/v1/uddi:b5b43d81-31d0-4b31-8c0f-9e83d6202da9,PUB-010_시도별_장기요양판정
여자,전라남도,경감,4등급,2838,2016,https://api.odcloud.kr/api/15072696/v1/uddi:b5b43d81-31d0-4b31-8c0f-9e83d6202da9,PUB-010_시도별_장기요양판정
여자,전라남도,경감,5등급,300,2016,https://api.odcloud.kr/api/15072696/v1/uddi:b5b43d81-31d0-4b31-8c0f-9e83d6202da9,PUB-010_시도별_장기요양판정
여자,전라남도,경감,등급외,691,2016,https://api.odcloud.kr/api/15072696/v1/uddi:b5b43d81-31d0-4b31-8c0f-9e83d6202da9,PUB-010_시도별_장기요양판정
여자,전라남도,의료급여,1등급,24,2016,https://api.odcloud.kr/api/15072696/v1/uddi:b5b43d81-31d0-4b31-8c0f-9e83d6202da9,PUB-010_시도별_장기요양판정
여자,전라남도,의료급여,2등급,43,2016,https://api.odcloud.kr/api/15072696/v1/uddi:b5b43d81-31d0-4b31-8c0f-9e83d6202da9,PUB-010_시도별_장기요양판정
여자,전라남도,의료급여,3등급,105,2016,https://api.odcloud.kr/api/15072696/v1/uddi:b5b43d81-31d0-4b31-8c0f-9e83d6202da9,PUB-010_시도별_장기요양판정
여자,전라남도,의료급여,4등급,165,2016,https://api.odcloud.kr/api/15072696/v1/uddi:b5b43d81-31d0-4b31-8c0f-9e83d6202da9,PUB-010_시도별_장기요양판정
여자,전라남도,의료급여,5등급,27,2016,https://api.odcloud.kr/api/15072696/v1/uddi:b5b43d81-31d0-4b31-8c0f-9e83d6202da9,PUB-010_시도별_장기요양판정
여자,전라남도,의료급여,등급외,193,2016,https://api.odcloud.kr/api/15072696/v1/uddi:b5b43d81-31d0-4b31-8c0f-9e83d6202da9,PUB-010_시도별_장기요양판정
여자,전라남도,기초수급,1등급,209,2016,https://api.odcloud.kr/api/15072696/v1/uddi:b5b43d81-31d0-4b31-8c0f-9e83d6202da9,PUB-010_시도별_장기요양판정
여자,전라남도,기초수급,2등급,531,2016,https://api.odcloud.kr/api/15072696/v1/uddi:b5b43d81-31d0-4b31-8c0f-9e83d6202da9,PUB-010_시도별_장기요양판정
여자,전라남도,기초수급,3등급,1139,2016,https://api.odcloud.kr/api/15072696/v1/uddi:b5b43d81-31d0-4b31-8c0f-9e83d6202da9,PUB-010_시도별_장기요양판정
여자,전라남도,기초수급,4등급,1848,2016,https://api.odcloud.kr/api/15072696/v1/uddi:b5b43d81-31d0-4b31-8c0f-9e83d6202da9,PUB-010_시도별_장기요양판정
여자,전라남도,기초수급,5등급,193,2016,https://api.odcloud.kr/api/15072696/v1/uddi:b5b43d81-31d0-4b31-8c0f-9e83d6202da9,PUB-010_시도별_장기요양판정
여자,전라남도,기초수급,등급외,2890,2016,https://api.odcloud.kr/api/15072696/v1/uddi:b5b43d81-31d0-4b31-8c0f-9e83d6202da9,PUB-010_시도별_장기요양판정
남자,경상북도,일반,1등급,434,2016,https://api.odcloud.kr/api/15072696/v1/uddi:b5b43d81-31d0-4b31-8c0f-9e83d6202da9,PUB-010_시도별_장기요양판정
남자,경상북도,일반,2등급,958,2016,https://api.odcloud.kr/api/15072696/v1/uddi:b5b43d81-31d0-4b31-8c0f-9e83d6202da9,PUB-010_시도별_장기요양판정
남자,경상북도,일반,3등급,2613,2016,https://api.odcloud.kr/api/15072696/v1/uddi:b5b43d81-31d0-4b31-8c0f-9e83d6202da9,PUB-010_시도별_장기요양판정
남자,경상북도,일반,4등급,2487,2016,https://api.odcloud.kr/api/15072696/v1/uddi:b5b43d81-31d0-4b31-8c0f-9e83d6202da9,PUB-010_시도별_장기요양판정
남자,경상북도,일반,5등급,385,2016,https://api.odcloud.kr/api/15072696/v1/uddi:b5b43d81-31d0-4b31-8c0f-9e83d6202da9,PUB-010_시도별_장기요양판정
남자,경상북도,일반,등급외,2540,2016,https://api.odcloud.kr/api/15072696/v1/uddi:b5b43d81-31d0-4b31-8c0f-9e83d6202da9,PUB-010_시도별_장기요양판정
남자,경상북도,경감,1등급,95,2016,https://api.odcloud.kr/api/15072696/v1/uddi:b5b43d81-31d0-4b31-8c0f-9e83d6202da9,PUB-010_시도별_장기요양판정
남자,경상북도,경감,2등급,243,2016,https://api.odcloud.kr/api/15072696/v1/uddi:b5b43d81-31d0-4b31-8c0f-9e83d6202da9,PUB-010_시도별_장기요양판정
남자,경상북도,경감,3등급,642,2016,https://api.odcloud.kr/api/15072696/v1/uddi:b5b43d81-31d0-4b31-8c0f-9e83d6202da9,PUB-010_시도별_장기요양판정
남자,경상북도,경감,4등급,580,2016,https://api.odcloud.kr/api/15072696/v1/uddi:b5b43d81-31d0-4b31-8c0f-9e83d6202da9,PUB-010_시도별_장기요양판정
남자,경상북도,경감,5등급,66,2016,https://api.odcloud.kr/api/15072696/v1/uddi:b5b43d81-31d0-4b31-8c0f-9e83d6202da9,PUB-010_시도별_장기요양판정
남자,경상북도,경감,등급외,85,2016,https://api.odcloud.kr/api/15072696/v1/uddi:b5b43d81-31d0-4b31-8c0f-9e83d6202da9,PUB-010_시도별_장기요양판정
남자,경상북도,의료급여,1등급,5,2016,https://api.odcloud.kr/api/15072696/v1/uddi:b5b43d81-31d0-4b31-8c0f-9e83d6202da9,PUB-010_시도별_장기요양판정
남자,경상북도,의료급여,2등급,8,2016,https://api.odcloud.kr/api/15072696/v1/uddi:b5b43d81-31d0-4b31-8c0f-9e83d6202da9,PUB-010_시도별_장기요양판정
남자,경상북도,의료급여,3등급,44,2016,https://api.odcloud.kr/api/15072696/v1/uddi:b5b43d81-31d0-4b31-8c0f-9e83d6202da9,PUB-010_시도별_장기요양판정
남자,경상북도,의료급여,4등급,41,2016,https://api.odcloud.kr/api/15072696/v1/uddi:b5b43d81-31d0-4b31-8c0f-9e83d6202da9,PUB-010_시도별_장기요양판정
남자,경상북도,의료급여,5등급,9,2016,https://api.odcloud.kr/api/15072696/v1/uddi:b5b43d81-31d0-4b31-8c0f-9e83d6202da9,PUB-010_시도별_장기요양판정
남자,경상북도,의료급여,등급외,49,2016,https://api.odcloud.kr/api/15072696/v1/uddi:b5b43d81-31d0-4b31-8c0f-9e83d6202da9,PUB-010_시도별_장기요양판정
남자,경상북도,기초수급,1등급,110,2016,https://api.odcloud.kr/api/15072696/v1/uddi:b5b43d81-31d0-4b31-8c0f-9e83d6202da9,PUB-010_시도별_장기요양판정
남자,경상북도,기초수급,2등급,205,2016,https://api.odcloud.kr/api/15072696/v1/uddi:b5b43d81-31d0-4b31-8c0f-9e83d6202da9,PUB-010_시도별_장기요양판정
남자,경상북도,기초수급,3등급,554,2016,https://api.odcloud.kr/api/15072696/v1/uddi:b5b43d81-31d0-4b31-8c0f-9e83d6202da9,PUB-010_시도별_장기요양판정
남자,경상북도,기초수급,4등급,625,2016,https://api.odcloud.kr/api/15072696/v1/uddi:b5b43d81-31d0-4b31-8c0f-9e83d6202da9,PUB-010_시도별_장기요양판정
남자,경상북도,기초수급,5등급,45,2016,https://api.odcloud.kr/api/15072696/v1/uddi:b5b43d81-31d0-4b31-8c0f-9e83d6202da9,PUB-010_시도별_장기요양판정
남자,경상북도,기초수급,등급외,962,2016,https://api.odcloud.kr/api/15072696/v1/uddi:b5b43d81-31d0-4b31-8c0f-9e83d6202da9,PUB-010_시도별_장기요양판정
여자,경상북도,일반,1등급,1039,2016,https://api.odcloud.kr/api/15072696/v1/uddi:b5b43d81-31d0-4b31-8c0f-9e83d6202da9,PUB-010_시도별_장기요양판정
여자,경상북도,일반,2등급,2138,2016,https://api.odcloud.kr/api/15072696/v1/uddi:b5b43d81-31d0-4b31-8c0f-9e83d6202da9,PUB-010_시도별_장기요양판정
여자,경상북도,일반,3등급,6032,2016,https://api.odcloud.kr/api/15072696/v1/uddi:b5b43d81-31d0-4b31-8c0f-9e83d6202da9,PUB-010_시도별_장기요양판정
여자,경상북도,일반,4등급,7198,2016,https://api.odcloud.kr/api/15072696/v1/uddi:b5b43d81-31d0-4b31-8c0f-9e83d6202da9,PUB-010_시도별_장기요양판정
여자,경상북도,일반,5등급,1288,2016,https://api.odcloud.kr/api/15072696/v1/uddi:b5b43d81-31d0-4b31-8c0f-9e83d6202da9,PUB-010_시도별_장기요양판정
여자,경상북도,일반,등급외,7245,2016,https://api.odcloud.kr/api/15072696/v1/uddi:b5b43d81-31d0-4b31-8c0f-9e83d6202da9,PUB-010_시도별_장기요양판정
여자,경상북도,경감,1등급,346,2016,https://api.odcloud.kr/api/15072696/v1/uddi:b5b43d81-31d0-4b31-8c0f-9e83d6202da9,PUB-010_시도별_장기요양판정
여자,경상북도,경감,2등급,833,2016,https://api.odcloud.kr/api/15072696/v1/uddi:b5b43d81-31d0-4b31-8c0f-9e83d6202da9,PUB-010_시도별_장기요양판정
여자,경상북도,경감,3등급,2239,2016,https://api.odcloud.kr/api/15072696/v1/uddi:b5b43d81-31d0-4b31-8c0f-9e83d6202da9,PUB-010_시도별_장기요양판정
여자,경상북도,경감,4등급,2368,2016,https://api.odcloud.kr/api/15072696/v1/uddi:b5b43d81-31d0-4b31-8c0f-9e83d6202da9,PUB-010_시도별_장기요양판정
여자,경상북도,경감,5등급,355,2016,https://api.odcloud.kr/api/15072696/v1/uddi:b5b43d81-31d0-4b31-8c0f-9e83d6202da9,PUB-010_시도별_장기요양판정
여자,경상북도,경감,등급외,375,2016,https://api.odcloud.kr/api/15072696/v1/uddi:b5b43d81-31d0-4b31-8c0f-9e83d6202da9,PUB-010_시도별_장기요양판정
여자,경상북도,의료급여,1등급,18,2016,https://api.odcloud.kr/api/15072696/v1/uddi:b5b43d81-31d0-4b31-8c0f-9e83d6202da9,PUB-010_시도별_장기요양판정
여자,경상북도,의료급여,2등급,31,2016,https://api.odcloud.kr/api/15072696/v1/uddi:b5b43d81-31d0-4b31-8c0f-9e83d6202da9,PUB-010_시도별_장기요양판정
여자,경상북도,의료급여,3등급,85,2016,https://api.odcloud.kr/api/15072696/v1/uddi:b5b43d81-31d0-4b31-8c0f-9e83d6202da9,PUB-010_시도별_장기요양판정
여자,경상북도,의료급여,4등급,141,2016,https://api.odcloud.kr/api/15072696/v1/uddi:b5b43d81-31d0-4b31-8c0f-9e83d6202da9,PUB-010_시도별_장기요양판정
여자,경상북도,의료급여,5등급,19,2016,https://api.odcloud.kr/api/15072696/v1/uddi:b5b43d81-31d0-4b31-8c0f-9e83d6202da9,PUB-010_시도별_장기요양판정
여자,경상북도,의료급여,등급외,135,2016,https://api.odcloud.kr/api/15072696/v1/uddi:b5b43d81-31d0-4b31-8c0f-9e83d6202da9,PUB-010_시도별_장기요양판정
여자,경상북도,기초수급,1등급,337,2016,https://api.odcloud.kr/api/15072696/v1/uddi:b5b43d81-31d0-4b31-8c0f-9e83d6202da9,PUB-010_시도별_장기요양판정
여자,경상북도,기초수급,2등급,605,2016,https://api.odcloud.kr/api/15072696/v1/uddi:b5b43d81-31d0-4b31-8c0f-9e83d6202da9,PUB-010_시도별_장기요양판정
여자,경상북도,기초수급,3등급,1446,2016,https://api.odcloud.kr/api/15072696/v1/uddi:b5b43d81-31d0-4b31-8c0f-9e83d6202da9,PUB-010_시도별_장기요양판정
여자,경상북도,기초수급,4등급,1924,2016,https://api.odcloud.kr/api/15072696/v1/uddi:b5b43d81-31d0-4b31-8c0f-9e83d6202da9,PUB-010_시도별_장기요양판정
여자,경상북도,기초수급,5등급,210,2016,https://api.odcloud.kr/api/15072696/v1/uddi:b5b43d81-31d0-4b31-8c0f-9e83d6202da9,PUB-010_시도별_장기요양판정
여자,경상북도,기초수급,등급외,2831,2016,https://api.odcloud.kr/api/15072696/v1/uddi:b5b43d81-31d0-4b31-8c0f-9e83d6202da9,PUB-010_시도별_장기요양판정
남자,경상남도,일반,1등급,385,2016,https://api.odcloud.kr/api/15072696/v1/uddi:b5b43d81-31d0-4b31-8c0f-9e83d6202da9,PUB-010_시도별_장기요양판정
남자,경상남도,일반,2등급,794,2016,https://api.odcloud.kr/api/15072696/v1/uddi:b5b43d81-31d0-4b31-8c0f-9e83d6202da9,PUB-010_시도별_장기요양판정
남자,경상남도,일반,3등급,2174,2016,https://api.odcloud.kr/api/15072696/v1/uddi:b5b43d81-31d0-4b31-8c0f-9e83d6202da9,PUB-010_시도별_장기요양판정
남자,경상남도,일반,4등급,2303,2016,https://api.odcloud.kr/api/15072696/v1/uddi:b5b43d81-31d0-4b31-8c0f-9e83d6202da9,PUB-010_시도별_장기요양판정
남자,경상남도,일반,5등급,321,2016,https://api.odcloud.kr/api/15072696/v1/uddi:b5b43d81-31d0-4b31-8c0f-9e83d6202da9,PUB-010_시도별_장기요양판정
남자,경상남도,일반,등급외,2553,2016,https://api.odcloud.kr/api/15072696/v1/uddi:b5b43d81-31d0-4b31-8c0f-9e83d6202da9,PUB-010_시도별_장기요양판정
남자,경상남도,경감,1등급,81,2016,https://api.odcloud.kr/api/15072696/v1/uddi:b5b43d81-31d0-4b31-8c0f-9e83d6202da9,PUB-010_시도별_장기요양판정
남자,경상남도,경감,2등급,146,2016,https://api.odcloud.kr/api/15072696/v1/uddi:b5b43d81-31d0-4b31-8c0f-9e83d6202da9,PUB-010_시도별_장기요양판정
남자,경상남도,경감,3등급,502,2016,https://api.odcloud.kr/api/15072696/v1/uddi:b5b43d81-31d0-4b31-8c0f-9e83d6202da9,PUB-010_시도별_장기요양판정
남자,경상남도,경감,4등급,488,2016,https://api.odcloud.kr/api/15072696/v1/uddi:b5b43d81-31d0-4b31-8c0f-9e83d6202da9,PUB-010_시도별_장기요양판정
남자,경상남도,경감,5등급,53,2016,https://api.odcloud.kr/api/15072696/v1/uddi:b5b43d81-31d0-4b31-8c0f-9e83d6202da9,PUB-010_시도별_장기요양판정
남자,경상남도,경감,등급외,85,2016,https://api.odcloud.kr/api/15072696/v1/uddi:b5b43d81-31d0-4b31-8c0f-9e83d6202da9,PUB-010_시도별_장기요양판정
남자,경상남도,의료급여,1등급,4,2016,https://api.odcloud.kr/api/15072696/v1/uddi:b5b43d81-31d0-4b31-8c0f-9e83d6202da9,PUB-010_시도별_장기요양판정
남자,경상남도,의료급여,2등급,16,2016,https://api.odcloud.kr/api/15072696/v1/uddi:b5b43d81-31d0-4b31-8c0f-9e83d6202da9,PUB-010_시도별_장기요양판정
남자,경상남도,의료급여,3등급,31,2016,https://api.odcloud.kr/api/15072696/v1/uddi:b5b43d81-31d0-4b31-8c0f-9e83d6202da9,PUB-010_시도별_장기요양판정
남자,경상남도,의료급여,4등급,34,2016,https://api.odcloud.kr/api/15072696/v1/uddi:b5b43d81-31d0-4b31-8c0f-9e83d6202da9,PUB-010_시도별_장기요양판정
남자,경상남도,의료급여,5등급,4,2016,https://api.odcloud.kr/api/15072696/v1/uddi:b5b43d81-31d0-4b31-8c0f-9e83d6202da9,PUB-010_시도별_장기요양판정
남자,경상남도,의료급여,등급외,38,2016,https://api.odcloud.kr/api/15072696/v1/uddi:b5b43d81-31d0-4b31-8c0f-9e83d6202da9,PUB-010_시도별_장기요양판정
남자,경상남도,기초수급,1등급,78,2016,https://api.odcloud.kr/api/15072696/v1/uddi:b5b43d81-31d0-4b31-8c0f-9e83d6202da9,PUB-010_시도별_장기요양판정
남자,경상남도,기초수급,2등급,132,2016,https://api.odcloud.kr/api/15072696/v1/uddi:b5b43d81-31d0-4b31-8c0f-9e83d6202da9,PUB-010_시도별_장기요양판정
남자,경상남도,기초수급,3등급,397,2016,https://api.odcloud.kr/api/15072696/v1/uddi:b5b43d81-31d0-4b31-8c0f-9e83d6202da9,PUB-010_시도별_장기요양판정
남자,경상남도,기초수급,4등급,508,2016,https://api.odcloud.kr/api/15072696/v1/uddi:b5b43d81-31d0-4b31-8c0f-9e83d6202da9,PUB-010_시도별_장기요양판정
남자,경상남도,기초수급,5등급,28,2016,https://api.odcloud.kr/api/15072696/v1/uddi:b5b43d81-31d0-4b31-8c0f-9e83d6202da9,PUB-010_시도별_장기요양판정
남자,경상남도,기초수급,등급외,922,2016,https://api.odcloud.kr/api/15072696/v1/uddi:b5b43d81-31d0-4b31-8c0f-9e83d6202da9,PUB-010_시도별_장기요양판정
여자,경상남도,일반,1등급,1035,2016,https://api.odcloud.kr/api/15072696/v1/uddi:b5b43d81-31d0-4b31-8c0f-9e83d6202da9,PUB-010_시도별_장기요양판정
여자,경상남도,일반,2등급,2174,2016,https://api.odcloud.kr/api/15072696/v1/uddi:b5b43d81-31d0-4b31-8c0f-9e83d6202da9,PUB-010_시도별_장기요양판정
여자,경상남도,일반,3등급,5326,2016,https://api.odcloud.kr/api/15072696/v1/uddi:b5b43d81-31d0-4b31-8c0f-9e83d6202da9,PUB-010_시도별_장기요양판정
여자,경상남도,일반,4등급,7169,2016,https://api.odcloud.kr/api/15072696/v1/uddi:b5b43d81-31d0-4b31-8c0f-9e83d6202da9,PUB-010_시도별_장기요양판정
여자,경상남도,일반,5등급,1073,2016,https://api.odcloud.kr/api/15072696/v1/uddi:b5b43d81-31d0-4b31-8c0f-9e83d6202da9,PUB-010_시도별_장기요양판정
여자,경상남도,일반,등급외,8131,2016,https://api.odcloud.kr/api/15072696/v1/uddi:b5b43d81-31d0-4b31-8c0f-9e83d6202da9,PUB-010_시도별_장기요양판정
여자,경상남도,경감,1등급,266,2016,https://api.odcloud.kr/api/15072696/v1/uddi:b5b43d81-31d0-4b31-8c0f-9e83d6202da9,PUB-010_시도별_장기요양판정
여자,경상남도,경감,2등급,668,2016,https://api.odcloud.kr/api/15072696/v1/uddi:b5b43d81-31d0-4b31-8c0f-9e83d6202da9,PUB-010_시도별_장기요양판정
여자,경상남도,경감,3등급,1758,2016,https://api.odcloud.kr/api/15072696/v1/uddi:b5b43d81-31d0-4b31-8c0f-9e83d6202da9,PUB-010_시도별_장기요양판정
여자,경상남도,경감,4등급,2208,2016,https://api.odcloud.kr/api/15072696/v1/uddi:b5b43d81-31d0-4b31-8c0f-9e83d6202da9,PUB-010_시도별_장기요양판정
여자,경상남도,경감,5등급,307,2016,https://api.odcloud.kr/api/15072696/v1/uddi:b5b43d81-31d0-4b31-8c0f-9e83d6202da9,PUB-010_시도별_장기요양판정
여자,경상남도,경감,등급외,335,2016,https://api.odcloud.kr/api/15072696/v1/uddi:b5b43d81-31d0-4b31-8c0f-9e83d6202da9,PUB-010_시도별_장기요양판정
여자,경상남도,의료급여,1등급,13,2016,https://api.odcloud.kr/api/15072696/v1/uddi:b5b43d81-31d0-4b31-8c0f-9e83d6202da9,PUB-010_시도별_장기요양판정
여자,경상남도,의료급여,2등급,35,2016,https://api.odcloud.kr/api/15072696/v1/uddi:b5b43d81-31d0-4b31-8c0f-9e83d6202da9,PUB-010_시도별_장기요양판정
여자,경상남도,의료급여,3등급,110,2016,https://api.odcloud.kr/api/15072696/v1/uddi:b5b43d81-31d0-4b31-8c0f-9e83d6202da9,PUB-010_시도별_장기요양판정
여자,경상남도,의료급여,4등급,119,2016,https://api.odcloud.kr/api/15072696/v1/uddi:b5b43d81-31d0-4b31-8c0f-9e83d6202da9,PUB-010_시도별_장기요양판정
여자,경상남도,의료급여,5등급,17,2016,https://api.odcloud.kr/api/15072696/v1/uddi:b5b43d81-31d0-4b31-8c0f-9e83d6202da9,PUB-010_시도별_장기요양판정
여자,경상남도,의료급여,등급외,159,2016,https://api.odcloud.kr/api/15072696/v1/uddi:b5b43d81-31d0-4b31-8c0f-9e83d6202da9,PUB-010_시도별_장기요양판정
여자,경상남도,기초수급,1등급,240,2016,https://api.odcloud.kr/api/15072696/v1/uddi:b5b43d81-31d0-4b31-8c0f-9e83d6202da9,PUB-010_시도별_장기요양판정
여자,경상남도,기초수급,2등급,508,2016,https://api.odcloud.kr/api/15072696/v1/uddi:b5b43d81-31d0-4b31-8c0f-9e83d6202da9,PUB-010_시도별_장기요양판정
여자,경상남도,기초수급,3등급,1210,2016,https://api.odcloud.kr/api/15072696/v1/uddi:b5b43d81-31d0-4b31-8c0f-9e83d6202da9,PUB-010_시도별_장기요양판정
여자,경상남도,기초수급,4등급,1659,2016,https://api.odcloud.kr/api/15072696/v1/uddi:b5b43d81-31d0-4b31-8c0f-9e83d6202da9,PUB-010_시도별_장기요양판정
여자,경상남도,기초수급,5등급,198,2016,https://api.odcloud.kr/api/15072696/v1/uddi:b5b43d81-31d0-4b31-8c0f-9e83d6202da9,PUB-010_시도별_장기요양판정
여자,경상남도,기초수급,등급외,2738,2016,https://api.odcloud.kr/api/15072696/v1/uddi:b5b43d81-31d0-4b31-8c0f-9e83d6202da9,PUB-010_시도별_장기요양판정
남자,제주특별자치도,일반,1등급,127,2016,https://api.odcloud.kr/api/15072696/v1/uddi:b5b43d81-31d0-4b31-8c0f-9e83d6202da9,PUB-010_시도별_장기요양판정
남자,제주특별자치도,일반,2등급,149,2016,https://api.odcloud.kr/api/15072696/v1/uddi:b5b43d81-31d0-4b31-8c0f-9e83d6202da9,PUB-010_시도별_장기요양판정
남자,제주특별자치도,일반,3등급,413,2016,https://api.odcloud.kr/api/15072696/v1/uddi:b5b43d81-31d0-4b31-8c0f-9e83d6202da9,PUB-010_시도별_장기요양판정
남자,제주특별자치도,일반,4등급,340,2016,https://api.odcloud.kr/api/15072696/v1/uddi:b5b43d81-31d0-4b31-8c0f-9e83d6202da9,PUB-010_시도별_장기요양판정
남자,제주특별자치도,일반,5등급,60,2016,https://api.odcloud.kr/api/15072696/v1/uddi:b5b43d81-31d0-4b31-8c0f-9e83d6202da9,PUB-010_시도별_장기요양판정
남자,제주특별자치도,일반,등급외,266,2016,https://api.odcloud.kr/api/15072696/v1/uddi:b5b43d81-31d0-4b31-8c0f-9e83d6202da9,PUB-010_시도별_장기요양판정
남자,제주특별자치도,경감,1등급,31,2016,https://api.odcloud.kr/api/15072696/v1/uddi:b5b43d81-31d0-4b31-8c0f-9e83d6202da9,PUB-010_시도별_장기요양판정
남자,제주특별자치도,경감,2등급,46,2016,https://api.odcloud.kr/api/15072696/v1/uddi:b5b43d81-31d0-4b31-8c0f-9e83d6202da9,PUB-010_시도별_장기요양판정
남자,제주특별자치도,경감,3등급,106,2016,https://api.odcloud.kr/api/15072696/v1/uddi:b5b43d81-31d0-4b31-8c0f-9e83d6202da9,PUB-010_시도별_장기요양판정
남자,제주특별자치도,경감,4등급,112,2016,https://api.odcloud.kr/api/15072696/v1/uddi:b5b43d81-31d0-4b31-8c0f-9e83d6202da9,PUB-010_시도별_장기요양판정
남자,제주특별자치도,경감,5등급,14,2016,https://api.odcloud.kr/api/15072696/v1/uddi:b5b43d81-31d0-4b31-8c0f-9e83d6202da9,PUB-010_시도별_장기요양판정
남자,제주특별자치도,경감,등급외,8,2016,https://api.odcloud.kr/api/15072696/v1/uddi:b5b43d81-31d0-4b31-8c0f-9e83d6202da9,PUB-010_시도별_장기요양판정
남자,제주특별자치도,의료급여,1등급,3,2016,https://api.odcloud.kr/api/15072696/v1/uddi:b5b43d81-31d0-4b31-8c0f-9e83d6202da9,PUB-010_시도별_장기요양판정
남자,제주특별자치도,의료급여,2등급,8,2016,https://api.odcloud.kr/api/15072696/v1/uddi:b5b43d81-31d0-4b31-8c0f-9e83d6202da9,PUB-010_시도별_장기요양판정
남자,제주특별자치도,의료급여,3등급,10,2016,https://api.odcloud.kr/api/15072696/v1/uddi:b5b43d81-31d0-4b31-8c0f-9e83d6202da9,PUB-010_시도별_장기요양판정
남자,제주특별자치도,의료급여,4등급,12,2016,https://api.odcloud.kr/api/15072696/v1/uddi:b5b43d81-31d0-4b31-8c0f-9e83d6202da9,PUB-010_시도별_장기요양판정
남자,제주특별자치도,의료급여,5등급,3,2016,https://api.odcloud.kr/api/15072696/v1/uddi:b5b43d81-31d0-4b31-8c0f-9e83d6202da9,PUB-010_시도별_장기요양판정
남자,제주특별자치도,의료급여,등급외,7,2016,https://api.odcloud.kr/api/15072696/v1/uddi:b5b43d81-31d0-4b31-8c0f-9e83d6202da9,PUB-010_시도별_장기요양판정
남자,제주특별자치도,기초수급,1등급,39,2016,https://api.odcloud.kr/api/15072696/v1/uddi:b5b43d81-31d0-4b31-8c0f-9e83d6202da9,PUB-010_시도별_장기요양판정
남자,제주특별자치도,기초수급,2등급,45,2016,https://api.odcloud.kr/api/15072696/v1/uddi:b5b43d81-31d0-4b31-8c0f-9e83d6202da9,PUB-010_시도별_장기요양판정
남자,제주특별자치도,기초수급,3등급,93,2016,https://api.odcloud.kr/api/15072696/v1/uddi:b5b43d81-31d0-4b31-8c0f-9e83d6202da9,PUB-010_시도별_장기요양판정
남자,제주특별자치도,기초수급,4등급,114,2016,https://api.odcloud.kr/api/15072696/v1/uddi:b5b43d81-31d0-4b31-8c0f-9e83d6202da9,PUB-010_시도별_장기요양판정
남자,제주특별자치도,기초수급,5등급,14,2016,https://api.odcloud.kr/api/15072696/v1/uddi:b5b43d81-31d0-4b31-8c0f-9e83d6202da9,PUB-010_시도별_장기요양판정
남자,제주특별자치도,기초수급,등급외,183,2016,https://api.odcloud.kr/api/15072696/v1/uddi:b5b43d81-31d0-4b31-8c0f-9e83d6202da9,PUB-010_시도별_장기요양판정
여자,제주특별자치도,일반,1등급,369,2016,https://api.odcloud.kr/api/15072696/v1/uddi:b5b43d81-31d0-4b31-8c0f-9e83d6202da9,PUB-010_시도별_장기요양판정
여자,제주특별자치도,일반,2등급,483,2016,https://api.odcloud.kr/api/15072696/v1/uddi:b5b43d81-31d0-4b31-8c0f-9e83d6202da9,PUB-010_시도별_장기요양판정
여자,제주특별자치도,일반,3등급,1075,2016,https://api.odcloud.kr/api/15072696/v1/uddi:b5b43d81-31d0-4b31-8c0f-9e83d6202da9,PUB-010_시도별_장기요양판정
여자,제주특별자치도,일반,4등급,961,2016,https://api.odcloud.kr/api/15072696/v1/uddi:b5b43d81-31d0-4b31-8c0f-9e83d6202da9,PUB-010_시도별_장기요양판정
여자,제주특별자치도,일반,5등급,222,2016,https://api.odcloud.kr/api/15072696/v1/uddi:b5b43d81-31d0-4b31-8c0f-9e83d6202da9,PUB-010_시도별_장기요양판정
여자,제주특별자치도,일반,등급외,876,2016,https://api.odcloud.kr/api/15072696/v1/uddi:b5b43d81-31d0-4b31-8c0f-9e83d6202da9,PUB-010_시도별_장기요양판정
여자,제주특별자치도,경감,1등급,143,2016,https://api.odcloud.kr/api/15072696/v1/uddi:b5b43d81-31d0-4b31-8c0f-9e83d6202da9,PUB-010_시도별_장기요양판정
여자,제주특별자치도,경감,2등급,192,2016,https://api.odcloud.kr/api/15072696/v1/uddi:b5b43d81-31d0-4b31-8c0f-9e83d6202da9,PUB-010_시도별_장기요양판정
여자,제주특별자치도,경감,3등급,406,2016,https://api.odcloud.kr/api/15072696/v1/uddi:b5b43d81-31d0-4b31-8c0f-9e83d6202da9,PUB-010_시도별_장기요양판정
여자,제주특별자치도,경감,4등급,372,2016,https://api.odcloud.kr/api/15072696/v1/uddi:b5b43d81-31d0-4b31-8c0f-9e83d6202da9,PUB-010_시도별_장기요양판정
여자,제주특별자치도,경감,5등급,68,2016,https://api.odcloud.kr/api/15072696/v1/uddi:b5b43d81-31d0-4b31-8c0f-9e83d6202da9,PUB-010_시도별_장기요양판정
여자,제주특별자치도,경감,등급외,42,2016,https://api.odcloud.kr/api/15072696/v1/uddi:b5b43d81-31d0-4b31-8c0f-9e83d6202da9,PUB-010_시도별_장기요양판정
여자,제주특별자치도,의료급여,1등급,9,2016,https://api.odcloud.kr/api/15072696/v1/uddi:b5b43d81-31d0-4b31-8c0f-9e83d6202da9,PUB-010_시도별_장기요양판정
여자,제주특별자치도,의료급여,2등급,14,2016,https://api.odcloud.kr/api/15072696/v1/uddi:b5b43d81-31d0-4b31-8c0f-9e83d6202da9,PUB-010_시도별_장기요양판정
여자,제주특별자치도,의료급여,3등급,35,2016,https://api.odcloud.kr/api/15072696/v1/uddi:b5b43d81-31d0-4b31-8c0f-9e83d6202da9,PUB-010_시도별_장기요양판정
여자,제주특별자치도,의료급여,4등급,27,2016,https://api.odcloud.kr/api/15072696/v1/uddi:b5b43d81-31d0-4b31-8c0f-9e83d6202da9,PUB-010_시도별_장기요양판정
여자,제주특별자치도,의료급여,5등급,10,2016,https://api.odcloud.kr/api/15072696/v1/uddi:b5b43d81-31d0-4b31-8c0f-9e83d6202da9,PUB-010_시도별_장기요양판정
여자,제주특별자치도,의료급여,등급외,17,2016,https://api.odcloud.kr/api/15072696/v1/uddi:b5b43d81-31d0-4b31-8c0f-9e83d6202da9,PUB-010_시도별_장기요양판정
여자,제주특별자치도,기초수급,1등급,142,2016,https://api.odcloud.kr/api/15072696/v1/uddi:b5b43d81-31d0-4b31-8c0f-9e83d6202da9,PUB-010_시도별_장기요양판정
여자,제주특별자치도,기초수급,2등급,179,2016,https://api.odcloud.kr/api/15072696/v1/uddi:b5b43d81-31d0-4b31-8c0f-9e83d6202da9,PUB-010_시도별_장기요양판정
여자,제주특별자치도,기초수급,3등급,374,2016,https://api.odcloud.kr/api/15072696/v1/uddi:b5b43d81-31d0-4b31-8c0f-9e83d6202da9,PUB-010_시도별_장기요양판정
여자,제주특별자치도,기초수급,4등급,414,2016,https://api.odcloud.kr/api/15072696/v1/uddi:b5b43d81-31d0-4b31-8c0f-9e83d6202da9,PUB-010_시도별_장기요양판정
여자,제주특별자치도,기초수급,5등급,63,2016,https://api.odcloud.kr/api/15072696/v1/uddi:b5b43d81-31d0-4b31-8c0f-9e83d6202da9,PUB-010_시도별_장기요양판정
여자,제주특별자치도,기초수급,등급외,485,2016,https://api.odcloud.kr/api/15072696/v1/uddi:b5b43d81-31d0-4b31-8c0f-9e83d6202da9,PUB-010_시도별_장기요양판정
