성별,시도,자격,판정등급,판정인원수,source_period,source_endpoint,source_dataset
남자,서울특별시,일반,1등급,1773,2018,https://api.odcloud.kr/api/15072696/v1/uddi:ef2810b1-0856-4b7e-aa78-88e3c58c1a38,PUB-010_시도별_장기요양판정
남자,서울특별시,일반,2등급,2377,2018,https://api.odcloud.kr/api/15072696/v1/uddi:ef2810b1-0856-4b7e-aa78-88e3c58c1a38,PUB-010_시도별_장기요양판정
남자,서울특별시,일반,3등급,5927,2018,https://api.odcloud.kr/api/15072696/v1/uddi:ef2810b1-0856-4b7e-aa78-88e3c58c1a38,PUB-010_시도별_장기요양판정
남자,서울특별시,일반,4등급,5586,2018,https://api.odcloud.kr/api/15072696/v1/uddi:ef2810b1-0856-4b7e-aa78-88e3c58c1a38,PUB-010_시도별_장기요양판정
남자,서울특별시,일반,5등급,1211,2018,https://api.odcloud.kr/api/15072696/v1/uddi:ef2810b1-0856-4b7e-aa78-88e3c58c1a38,PUB-010_시도별_장기요양판정
남자,서울특별시,일반,등급외,3000,2018,https://api.odcloud.kr/api/15072696/v1/uddi:ef2810b1-0856-4b7e-aa78-88e3c58c1a38,PUB-010_시도별_장기요양판정
남자,서울특별시,경감,1등급,664,2018,https://api.odcloud.kr/api/15072696/v1/uddi:ef2810b1-0856-4b7e-aa78-88e3c58c1a38,PUB-010_시도별_장기요양판정
남자,서울특별시,경감,2등급,1105,2018,https://api.odcloud.kr/api/15072696/v1/uddi:ef2810b1-0856-4b7e-aa78-88e3c58c1a38,PUB-010_시도별_장기요양판정
남자,서울특별시,경감,3등급,2926,2018,https://api.odcloud.kr/api/15072696/v1/uddi:ef2810b1-0856-4b7e-aa78-88e3c58c1a38,PUB-010_시도별_장기요양판정
남자,서울특별시,경감,4등급,2814,2018,https://api.odcloud.kr/api/15072696/v1/uddi:ef2810b1-0856-4b7e-aa78-88e3c58c1a38,PUB-010_시도별_장기요양판정
남자,서울특별시,경감,5등급,544,2018,https://api.odcloud.kr/api/15072696/v1/uddi:ef2810b1-0856-4b7e-aa78-88e3c58c1a38,PUB-010_시도별_장기요양판정
남자,서울특별시,경감,등급외,160,2018,https://api.odcloud.kr/api/15072696/v1/uddi:ef2810b1-0856-4b7e-aa78-88e3c58c1a38,PUB-010_시도별_장기요양판정
남자,서울특별시,의료급여,1등급,16,2018,https://api.odcloud.kr/api/15072696/v1/uddi:ef2810b1-0856-4b7e-aa78-88e3c58c1a38,PUB-010_시도별_장기요양판정
남자,서울특별시,의료급여,2등급,36,2018,https://api.odcloud.kr/api/15072696/v1/uddi:ef2810b1-0856-4b7e-aa78-88e3c58c1a38,PUB-010_시도별_장기요양판정
남자,서울특별시,의료급여,3등급,93,2018,https://api.odcloud.kr/api/15072696/v1/uddi:ef2810b1-0856-4b7e-aa78-88e3c58c1a38,PUB-010_시도별_장기요양판정
남자,서울특별시,의료급여,4등급,82,2018,https://api.odcloud.kr/api/15072696/v1/uddi:ef2810b1-0856-4b7e-aa78-88e3c58c1a38,PUB-010_시도별_장기요양판정
남자,서울특별시,의료급여,5등급,14,2018,https://api.odcloud.kr/api/15072696/v1/uddi:ef2810b1-0856-4b7e-aa78-88e3c58c1a38,PUB-010_시도별_장기요양판정
남자,서울특별시,의료급여,등급외,54,2018,https://api.odcloud.kr/api/15072696/v1/uddi:ef2810b1-0856-4b7e-aa78-88e3c58c1a38,PUB-010_시도별_장기요양판정
남자,서울특별시,기초수급,1등급,334,2018,https://api.odcloud.kr/api/15072696/v1/uddi:ef2810b1-0856-4b7e-aa78-88e3c58c1a38,PUB-010_시도별_장기요양판정
남자,서울특별시,기초수급,2등급,410,2018,https://api.odcloud.kr/api/15072696/v1/uddi:ef2810b1-0856-4b7e-aa78-88e3c58c1a38,PUB-010_시도별_장기요양판정
남자,서울특별시,기초수급,3등급,1143,2018,https://api.odcloud.kr/api/15072696/v1/uddi:ef2810b1-0856-4b7e-aa78-88e3c58c1a38,PUB-010_시도별_장기요양판정
남자,서울특별시,기초수급,4등급,1649,2018,https://api.odcloud.kr/api/15072696/v1/uddi:ef2810b1-0856-4b7e-aa78-88e3c58c1a38,PUB-010_시도별_장기요양판정
남자,서울특별시,기초수급,5등급,301,2018,https://api.odcloud.kr/api/15072696/v1/uddi:ef2810b1-0856-4b7e-aa78-88e3c58c1a38,PUB-010_시도별_장기요양판정
남자,서울특별시,기초수급,등급외,1684,2018,https://api.odcloud.kr/api/15072696/v1/uddi:ef2810b1-0856-4b7e-aa78-88e3c58c1a38,PUB-010_시도별_장기요양판정
여자,서울특별시,일반,1등급,3422,2018,https://api.odcloud.kr/api/15072696/v1/uddi:ef2810b1-0856-4b7e-aa78-88e3c58c1a38,PUB-010_시도별_장기요양판정
여자,서울특별시,일반,2등급,5502,2018,https://api.odcloud.kr/api/15072696/v1/uddi:ef2810b1-0856-4b7e-aa78-88e3c58c1a38,PUB-010_시도별_장기요양판정
여자,서울특별시,일반,3등급,12433,2018,https://api.odcloud.kr/api/15072696/v1/uddi:ef2810b1-0856-4b7e-aa78-88e3c58c1a38,PUB-010_시도별_장기요양판정
여자,서울특별시,일반,4등급,13142,2018,https://api.odcloud.kr/api/15072696/v1/uddi:ef2810b1-0856-4b7e-aa78-88e3c58c1a38,PUB-010_시도별_장기요양판정
여자,서울특별시,일반,5등급,3019,2018,https://api.odcloud.kr/api/15072696/v1/uddi:ef2810b1-0856-4b7e-aa78-88e3c58c1a38,PUB-010_시도별_장기요양판정
여자,서울특별시,일반,등급외,7374,2018,https://api.odcloud.kr/api/15072696/v1/uddi:ef2810b1-0856-4b7e-aa78-88e3c58c1a38,PUB-010_시도별_장기요양판정
여자,서울특별시,경감,1등급,1749,2018,https://api.odcloud.kr/api/15072696/v1/uddi:ef2810b1-0856-4b7e-aa78-88e3c58c1a38,PUB-010_시도별_장기요양판정
여자,서울특별시,경감,2등급,3180,2018,https://api.odcloud.kr/api/15072696/v1/uddi:ef2810b1-0856-4b7e-aa78-88e3c58c1a38,PUB-010_시도별_장기요양판정
여자,서울특별시,경감,3등급,7138,2018,https://api.odcloud.kr/api/15072696/v1/uddi:ef2810b1-0856-4b7e-aa78-88e3c58c1a38,PUB-010_시도별_장기요양판정
여자,서울특별시,경감,4등급,7115,2018,https://api.odcloud.kr/api/15072696/v1/uddi:ef2810b1-0856-4b7e-aa78-88e3c58c1a38,PUB-010_시도별_장기요양판정
여자,서울특별시,경감,5등급,1450,2018,https://api.odcloud.kr/api/15072696/v1/uddi:ef2810b1-0856-4b7e-aa78-88e3c58c1a38,PUB-010_시도별_장기요양판정
여자,서울특별시,경감,등급외,324,2018,https://api.odcloud.kr/api/15072696/v1/uddi:ef2810b1-0856-4b7e-aa78-88e3c58c1a38,PUB-010_시도별_장기요양판정
여자,서울특별시,의료급여,1등급,53,2018,https://api.odcloud.kr/api/15072696/v1/uddi:ef2810b1-0856-4b7e-aa78-88e3c58c1a38,PUB-010_시도별_장기요양판정
여자,서울특별시,의료급여,2등급,103,2018,https://api.odcloud.kr/api/15072696/v1/uddi:ef2810b1-0856-4b7e-aa78-88e3c58c1a38,PUB-010_시도별_장기요양판정
여자,서울특별시,의료급여,3등급,236,2018,https://api.odcloud.kr/api/15072696/v1/uddi:ef2810b1-0856-4b7e-aa78-88e3c58c1a38,PUB-010_시도별_장기요양판정
여자,서울특별시,의료급여,4등급,235,2018,https://api.odcloud.kr/api/15072696/v1/uddi:ef2810b1-0856-4b7e-aa78-88e3c58c1a38,PUB-010_시도별_장기요양판정
여자,서울특별시,의료급여,5등급,37,2018,https://api.odcloud.kr/api/15072696/v1/uddi:ef2810b1-0856-4b7e-aa78-88e3c58c1a38,PUB-010_시도별_장기요양판정
여자,서울특별시,의료급여,등급외,111,2018,https://api.odcloud.kr/api/15072696/v1/uddi:ef2810b1-0856-4b7e-aa78-88e3c58c1a38,PUB-010_시도별_장기요양판정
여자,서울특별시,기초수급,1등급,781,2018,https://api.odcloud.kr/api/15072696/v1/uddi:ef2810b1-0856-4b7e-aa78-88e3c58c1a38,PUB-010_시도별_장기요양판정
여자,서울특별시,기초수급,2등급,1315,2018,https://api.odcloud.kr/api/15072696/v1/uddi:ef2810b1-0856-4b7e-aa78-88e3c58c1a38,PUB-010_시도별_장기요양판정
여자,서울특별시,기초수급,3등급,3112,2018,https://api.odcloud.kr/api/15072696/v1/uddi:ef2810b1-0856-4b7e-aa78-88e3c58c1a38,PUB-010_시도별_장기요양판정
여자,서울특별시,기초수급,4등급,4433,2018,https://api.odcloud.kr/api/15072696/v1/uddi:ef2810b1-0856-4b7e-aa78-88e3c58c1a38,PUB-010_시도별_장기요양판정
여자,서울특별시,기초수급,5등급,728,2018,https://api.odcloud.kr/api/15072696/v1/uddi:ef2810b1-0856-4b7e-aa78-88e3c58c1a38,PUB-010_시도별_장기요양판정
여자,서울특별시,기초수급,등급외,3218,2018,https://api.odcloud.kr/api/15072696/v1/uddi:ef2810b1-0856-4b7e-aa78-88e3c58c1a38,PUB-010_시도별_장기요양판정
남자,부산광역시,일반,1등급,426,2018,https://api.odcloud.kr/api/15072696/v1/uddi:ef2810b1-0856-4b7e-aa78-88e3c58c1a38,PUB-010_시도별_장기요양판정
남자,부산광역시,일반,2등급,730,2018,https://api.odcloud.kr/api/15072696/v1/uddi:ef2810b1-0856-4b7e-aa78-88e3c58c1a38,PUB-010_시도별_장기요양판정
남자,부산광역시,일반,3등급,2023,2018,https://api.odcloud.kr/api/15072696/v1/uddi:ef2810b1-0856-4b7e-aa78-88e3c58c1a38,PUB-010_시도별_장기요양판정
남자,부산광역시,일반,4등급,2150,2018,https://api.odcloud.kr/api/15072696/v1/uddi:ef2810b1-0856-4b7e-aa78-88e3c58c1a38,PUB-010_시도별_장기요양판정
남자,부산광역시,일반,5등급,336,2018,https://api.odcloud.kr/api/15072696/v1/uddi:ef2810b1-0856-4b7e-aa78-88e3c58c1a38,PUB-010_시도별_장기요양판정
남자,부산광역시,일반,등급외,1828,2018,https://api.odcloud.kr/api/15072696/v1/uddi:ef2810b1-0856-4b7e-aa78-88e3c58c1a38,PUB-010_시도별_장기요양판정
남자,부산광역시,경감,1등급,263,2018,https://api.odcloud.kr/api/15072696/v1/uddi:ef2810b1-0856-4b7e-aa78-88e3c58c1a38,PUB-010_시도별_장기요양판정
남자,부산광역시,경감,2등급,493,2018,https://api.odcloud.kr/api/15072696/v1/uddi:ef2810b1-0856-4b7e-aa78-88e3c58c1a38,PUB-010_시도별_장기요양판정
남자,부산광역시,경감,3등급,1215,2018,https://api.odcloud.kr/api/15072696/v1/uddi:ef2810b1-0856-4b7e-aa78-88e3c58c1a38,PUB-010_시도별_장기요양판정
남자,부산광역시,경감,4등급,1439,2018,https://api.odcloud.kr/api/15072696/v1/uddi:ef2810b1-0856-4b7e-aa78-88e3c58c1a38,PUB-010_시도별_장기요양판정
남자,부산광역시,경감,5등급,163,2018,https://api.odcloud.kr/api/15072696/v1/uddi:ef2810b1-0856-4b7e-aa78-88e3c58c1a38,PUB-010_시도별_장기요양판정
남자,부산광역시,경감,등급외,96,2018,https://api.odcloud.kr/api/15072696/v1/uddi:ef2810b1-0856-4b7e-aa78-88e3c58c1a38,PUB-010_시도별_장기요양판정
남자,부산광역시,의료급여,1등급,5,2018,https://api.odcloud.kr/api/15072696/v1/uddi:ef2810b1-0856-4b7e-aa78-88e3c58c1a38,PUB-010_시도별_장기요양판정
남자,부산광역시,의료급여,2등급,20,2018,https://api.odcloud.kr/api/15072696/v1/uddi:ef2810b1-0856-4b7e-aa78-88e3c58c1a38,PUB-010_시도별_장기요양판정
남자,부산광역시,의료급여,3등급,40,2018,https://api.odcloud.kr/api/15072696/v1/uddi:ef2810b1-0856-4b7e-aa78-88e3c58c1a38,PUB-010_시도별_장기요양판정
남자,부산광역시,의료급여,4등급,42,2018,https://api.odcloud.kr/api/15072696/v1/uddi:ef2810b1-0856-4b7e-aa78-88e3c58c1a38,PUB-010_시도별_장기요양판정
남자,부산광역시,의료급여,5등급,7,2018,https://api.odcloud.kr/api/15072696/v1/uddi:ef2810b1-0856-4b7e-aa78-88e3c58c1a38,PUB-010_시도별_장기요양판정
남자,부산광역시,의료급여,등급외,25,2018,https://api.odcloud.kr/api/15072696/v1/uddi:ef2810b1-0856-4b7e-aa78-88e3c58c1a38,PUB-010_시도별_장기요양판정
남자,부산광역시,기초수급,1등급,118,2018,https://api.odcloud.kr/api/15072696/v1/uddi:ef2810b1-0856-4b7e-aa78-88e3c58c1a38,PUB-010_시도별_장기요양판정
남자,부산광역시,기초수급,2등급,228,2018,https://api.odcloud.kr/api/15072696/v1/uddi:ef2810b1-0856-4b7e-aa78-88e3c58c1a38,PUB-010_시도별_장기요양판정
남자,부산광역시,기초수급,3등급,617,2018,https://api.odcloud.kr/api/15072696/v1/uddi:ef2810b1-0856-4b7e-aa78-88e3c58c1a38,PUB-010_시도별_장기요양판정
남자,부산광역시,기초수급,4등급,1022,2018,https://api.odcloud.kr/api/15072696/v1/uddi:ef2810b1-0856-4b7e-aa78-88e3c58c1a38,PUB-010_시도별_장기요양판정
남자,부산광역시,기초수급,5등급,91,2018,https://api.odcloud.kr/api/15072696/v1/uddi:ef2810b1-0856-4b7e-aa78-88e3c58c1a38,PUB-010_시도별_장기요양판정
남자,부산광역시,기초수급,등급외,1218,2018,https://api.odcloud.kr/api/15072696/v1/uddi:ef2810b1-0856-4b7e-aa78-88e3c58c1a38,PUB-010_시도별_장기요양판정
여자,부산광역시,일반,1등급,1020,2018,https://api.odcloud.kr/api/15072696/v1/uddi:ef2810b1-0856-4b7e-aa78-88e3c58c1a38,PUB-010_시도별_장기요양판정
여자,부산광역시,일반,2등급,1678,2018,https://api.odcloud.kr/api/15072696/v1/uddi:ef2810b1-0856-4b7e-aa78-88e3c58c1a38,PUB-010_시도별_장기요양판정
여자,부산광역시,일반,3등급,4118,2018,https://api.odcloud.kr/api/15072696/v1/uddi:ef2810b1-0856-4b7e-aa78-88e3c58c1a38,PUB-010_시도별_장기요양판정
여자,부산광역시,일반,4등급,5844,2018,https://api.odcloud.kr/api/15072696/v1/uddi:ef2810b1-0856-4b7e-aa78-88e3c58c1a38,PUB-010_시도별_장기요양판정
여자,부산광역시,일반,5등급,903,2018,https://api.odcloud.kr/api/15072696/v1/uddi:ef2810b1-0856-4b7e-aa78-88e3c58c1a38,PUB-010_시도별_장기요양판정
여자,부산광역시,일반,등급외,4651,2018,https://api.odcloud.kr/api/15072696/v1/uddi:ef2810b1-0856-4b7e-aa78-88e3c58c1a38,PUB-010_시도별_장기요양판정
여자,부산광역시,경감,1등급,771,2018,https://api.odcloud.kr/api/15072696/v1/uddi:ef2810b1-0856-4b7e-aa78-88e3c58c1a38,PUB-010_시도별_장기요양판정
여자,부산광역시,경감,2등급,1251,2018,https://api.odcloud.kr/api/15072696/v1/uddi:ef2810b1-0856-4b7e-aa78-88e3c58c1a38,PUB-010_시도별_장기요양판정
여자,부산광역시,경감,3등급,2953,2018,https://api.odcloud.kr/api/15072696/v1/uddi:ef2810b1-0856-4b7e-aa78-88e3c58c1a38,PUB-010_시도별_장기요양판정
여자,부산광역시,경감,4등급,3682,2018,https://api.odcloud.kr/api/15072696/v1/uddi:ef2810b1-0856-4b7e-aa78-88e3c58c1a38,PUB-010_시도별_장기요양판정
여자,부산광역시,경감,5등급,499,2018,https://api.odcloud.kr/api/15072696/v1/uddi:ef2810b1-0856-4b7e-aa78-88e3c58c1a38,PUB-010_시도별_장기요양판정
여자,부산광역시,경감,등급외,265,2018,https://api.odcloud.kr/api/15072696/v1/uddi:ef2810b1-0856-4b7e-aa78-88e3c58c1a38,PUB-010_시도별_장기요양판정
여자,부산광역시,의료급여,1등급,33,2018,https://api.odcloud.kr/api/15072696/v1/uddi:ef2810b1-0856-4b7e-aa78-88e3c58c1a38,PUB-010_시도별_장기요양판정
여자,부산광역시,의료급여,2등급,45,2018,https://api.odcloud.kr/api/15072696/v1/uddi:ef2810b1-0856-4b7e-aa78-88e3c58c1a38,PUB-010_시도별_장기요양판정
여자,부산광역시,의료급여,3등급,103,2018,https://api.odcloud.kr/api/15072696/v1/uddi:ef2810b1-0856-4b7e-aa78-88e3c58c1a38,PUB-010_시도별_장기요양판정
여자,부산광역시,의료급여,4등급,131,2018,https://api.odcloud.kr/api/15072696/v1/uddi:ef2810b1-0856-4b7e-aa78-88e3c58c1a38,PUB-010_시도별_장기요양판정
여자,부산광역시,의료급여,5등급,11,2018,https://api.odcloud.kr/api/15072696/v1/uddi:ef2810b1-0856-4b7e-aa78-88e3c58c1a38,PUB-010_시도별_장기요양판정
여자,부산광역시,의료급여,등급외,82,2018,https://api.odcloud.kr/api/15072696/v1/uddi:ef2810b1-0856-4b7e-aa78-88e3c58c1a38,PUB-010_시도별_장기요양판정
여자,부산광역시,기초수급,1등급,358,2018,https://api.odcloud.kr/api/15072696/v1/uddi:ef2810b1-0856-4b7e-aa78-88e3c58c1a38,PUB-010_시도별_장기요양판정
여자,부산광역시,기초수급,2등급,648,2018,https://api.odcloud.kr/api/15072696/v1/uddi:ef2810b1-0856-4b7e-aa78-88e3c58c1a38,PUB-010_시도별_장기요양판정
여자,부산광역시,기초수급,3등급,1548,2018,https://api.odcloud.kr/api/15072696/v1/uddi:ef2810b1-0856-4b7e-aa78-88e3c58c1a38,PUB-010_시도별_장기요양판정
여자,부산광역시,기초수급,4등급,2876,2018,https://api.odcloud.kr/api/15072696/v1/uddi:ef2810b1-0856-4b7e-aa78-88e3c58c1a38,PUB-010_시도별_장기요양판정
여자,부산광역시,기초수급,5등급,264,2018,https://api.odcloud.kr/api/15072696/v1/uddi:ef2810b1-0856-4b7e-aa78-88e3c58c1a38,PUB-010_시도별_장기요양판정
여자,부산광역시,기초수급,등급외,2543,2018,https://api.odcloud.kr/api/15072696/v1/uddi:ef2810b1-0856-4b7e-aa78-88e3c58c1a38,PUB-010_시도별_장기요양판정
남자,대구광역시,일반,1등급,258,2018,https://api.odcloud.kr/api/15072696/v1/uddi:ef2810b1-0856-4b7e-aa78-88e3c58c1a38,PUB-010_시도별_장기요양판정
남자,대구광역시,일반,2등급,509,2018,https://api.odcloud.kr/api/15072696/v1/uddi:ef2810b1-0856-4b7e-aa78-88e3c58c1a38,PUB-010_시도별_장기요양판정
남자,대구광역시,일반,3등급,1386,2018,https://api.odcloud.kr/api/15072696/v1/uddi:ef2810b1-0856-4b7e-aa78-88e3c58c1a38,PUB-010_시도별_장기요양판정
남자,대구광역시,일반,4등급,1358,2018,https://api.odcloud.kr/api/15072696/v1/uddi:ef2810b1-0856-4b7e-aa78-88e3c58c1a38,PUB-010_시도별_장기요양판정
남자,대구광역시,일반,5등급,375,2018,https://api.odcloud.kr/api/15072696/v1/uddi:ef2810b1-0856-4b7e-aa78-88e3c58c1a38,PUB-010_시도별_장기요양판정
남자,대구광역시,일반,등급외,1156,2018,https://api.odcloud.kr/api/15072696/v1/uddi:ef2810b1-0856-4b7e-aa78-88e3c58c1a38,PUB-010_시도별_장기요양판정
남자,대구광역시,경감,1등급,175,2018,https://api.odcloud.kr/api/15072696/v1/uddi:ef2810b1-0856-4b7e-aa78-88e3c58c1a38,PUB-010_시도별_장기요양판정
남자,대구광역시,경감,2등급,351,2018,https://api.odcloud.kr/api/15072696/v1/uddi:ef2810b1-0856-4b7e-aa78-88e3c58c1a38,PUB-010_시도별_장기요양판정
남자,대구광역시,경감,3등급,820,2018,https://api.odcloud.kr/api/15072696/v1/uddi:ef2810b1-0856-4b7e-aa78-88e3c58c1a38,PUB-010_시도별_장기요양판정
남자,대구광역시,경감,4등급,858,2018,https://api.odcloud.kr/api/15072696/v1/uddi:ef2810b1-0856-4b7e-aa78-88e3c58c1a38,PUB-010_시도별_장기요양판정
남자,대구광역시,경감,5등급,168,2018,https://api.odcloud.kr/api/15072696/v1/uddi:ef2810b1-0856-4b7e-aa78-88e3c58c1a38,PUB-010_시도별_장기요양판정
남자,대구광역시,경감,등급외,63,2018,https://api.odcloud.kr/api/15072696/v1/uddi:ef2810b1-0856-4b7e-aa78-88e3c58c1a38,PUB-010_시도별_장기요양판정
남자,대구광역시,의료급여,1등급,7,2018,https://api.odcloud.kr/api/15072696/v1/uddi:ef2810b1-0856-4b7e-aa78-88e3c58c1a38,PUB-010_시도별_장기요양판정
남자,대구광역시,의료급여,2등급,10,2018,https://api.odcloud.kr/api/15072696/v1/uddi:ef2810b1-0856-4b7e-aa78-88e3c58c1a38,PUB-010_시도별_장기요양판정
남자,대구광역시,의료급여,3등급,42,2018,https://api.odcloud.kr/api/15072696/v1/uddi:ef2810b1-0856-4b7e-aa78-88e3c58c1a38,PUB-010_시도별_장기요양판정
남자,대구광역시,의료급여,4등급,47,2018,https://api.odcloud.kr/api/15072696/v1/uddi:ef2810b1-0856-4b7e-aa78-88e3c58c1a38,PUB-010_시도별_장기요양판정
남자,대구광역시,의료급여,5등급,13,2018,https://api.odcloud.kr/api/15072696/v1/uddi:ef2810b1-0856-4b7e-aa78-88e3c58c1a38,PUB-010_시도별_장기요양판정
남자,대구광역시,의료급여,등급외,36,2018,https://api.odcloud.kr/api/15072696/v1/uddi:ef2810b1-0856-4b7e-aa78-88e3c58c1a38,PUB-010_시도별_장기요양판정
남자,대구광역시,기초수급,1등급,78,2018,https://api.odcloud.kr/api/15072696/v1/uddi:ef2810b1-0856-4b7e-aa78-88e3c58c1a38,PUB-010_시도별_장기요양판정
남자,대구광역시,기초수급,2등급,172,2018,https://api.odcloud.kr/api/15072696/v1/uddi:ef2810b1-0856-4b7e-aa78-88e3c58c1a38,PUB-010_시도별_장기요양판정
남자,대구광역시,기초수급,3등급,425,2018,https://api.odcloud.kr/api/15072696/v1/uddi:ef2810b1-0856-4b7e-aa78-88e3c58c1a38,PUB-010_시도별_장기요양판정
남자,대구광역시,기초수급,4등급,530,2018,https://api.odcloud.kr/api/15072696/v1/uddi:ef2810b1-0856-4b7e-aa78-88e3c58c1a38,PUB-010_시도별_장기요양판정
남자,대구광역시,기초수급,5등급,111,2018,https://api.odcloud.kr/api/15072696/v1/uddi:ef2810b1-0856-4b7e-aa78-88e3c58c1a38,PUB-010_시도별_장기요양판정
남자,대구광역시,기초수급,등급외,737,2018,https://api.odcloud.kr/api/15072696/v1/uddi:ef2810b1-0856-4b7e-aa78-88e3c58c1a38,PUB-010_시도별_장기요양판정
여자,대구광역시,일반,1등급,590,2018,https://api.odcloud.kr/api/15072696/v1/uddi:ef2810b1-0856-4b7e-aa78-88e3c58c1a38,PUB-010_시도별_장기요양판정
여자,대구광역시,일반,2등급,1244,2018,https://api.odcloud.kr/api/15072696/v1/uddi:ef2810b1-0856-4b7e-aa78-88e3c58c1a38,PUB-010_시도별_장기요양판정
여자,대구광역시,일반,3등급,3070,2018,https://api.odcloud.kr/api/15072696/v1/uddi:ef2810b1-0856-4b7e-aa78-88e3c58c1a38,PUB-010_시도별_장기요양판정
여자,대구광역시,일반,4등급,3671,2018,https://api.odcloud.kr/api/15072696/v1/uddi:ef2810b1-0856-4b7e-aa78-88e3c58c1a38,PUB-010_시도별_장기요양판정
여자,대구광역시,일반,5등급,934,2018,https://api.odcloud.kr/api/15072696/v1/uddi:ef2810b1-0856-4b7e-aa78-88e3c58c1a38,PUB-010_시도별_장기요양판정
여자,대구광역시,일반,등급외,2948,2018,https://api.odcloud.kr/api/15072696/v1/uddi:ef2810b1-0856-4b7e-aa78-88e3c58c1a38,PUB-010_시도별_장기요양판정
여자,대구광역시,경감,1등급,410,2018,https://api.odcloud.kr/api/15072696/v1/uddi:ef2810b1-0856-4b7e-aa78-88e3c58c1a38,PUB-010_시도별_장기요양판정
여자,대구광역시,경감,2등급,1004,2018,https://api.odcloud.kr/api/15072696/v1/uddi:ef2810b1-0856-4b7e-aa78-88e3c58c1a38,PUB-010_시도별_장기요양판정
여자,대구광역시,경감,3등급,2306,2018,https://api.odcloud.kr/api/15072696/v1/uddi:ef2810b1-0856-4b7e-aa78-88e3c58c1a38,PUB-010_시도별_장기요양판정
여자,대구광역시,경감,4등급,2526,2018,https://api.odcloud.kr/api/15072696/v1/uddi:ef2810b1-0856-4b7e-aa78-88e3c58c1a38,PUB-010_시도별_장기요양판정
여자,대구광역시,경감,5등급,596,2018,https://api.odcloud.kr/api/15072696/v1/uddi:ef2810b1-0856-4b7e-aa78-88e3c58c1a38,PUB-010_시도별_장기요양판정
여자,대구광역시,경감,등급외,191,2018,https://api.odcloud.kr/api/15072696/v1/uddi:ef2810b1-0856-4b7e-aa78-88e3c58c1a38,PUB-010_시도별_장기요양판정
여자,대구광역시,의료급여,1등급,25,2018,https://api.odcloud.kr/api/15072696/v1/uddi:ef2810b1-0856-4b7e-aa78-88e3c58c1a38,PUB-010_시도별_장기요양판정
여자,대구광역시,의료급여,2등급,52,2018,https://api.odcloud.kr/api/15072696/v1/uddi:ef2810b1-0856-4b7e-aa78-88e3c58c1a38,PUB-010_시도별_장기요양판정
여자,대구광역시,의료급여,3등급,97,2018,https://api.odcloud.kr/api/15072696/v1/uddi:ef2810b1-0856-4b7e-aa78-88e3c58c1a38,PUB-010_시도별_장기요양판정
여자,대구광역시,의료급여,4등급,139,2018,https://api.odcloud.kr/api/15072696/v1/uddi:ef2810b1-0856-4b7e-aa78-88e3c58c1a38,PUB-010_시도별_장기요양판정
여자,대구광역시,의료급여,5등급,25,2018,https://api.odcloud.kr/api/15072696/v1/uddi:ef2810b1-0856-4b7e-aa78-88e3c58c1a38,PUB-010_시도별_장기요양판정
여자,대구광역시,의료급여,등급외,76,2018,https://api.odcloud.kr/api/15072696/v1/uddi:ef2810b1-0856-4b7e-aa78-88e3c58c1a38,PUB-010_시도별_장기요양판정
여자,대구광역시,기초수급,1등급,273,2018,https://api.odcloud.kr/api/15072696/v1/uddi:ef2810b1-0856-4b7e-aa78-88e3c58c1a38,PUB-010_시도별_장기요양판정
여자,대구광역시,기초수급,2등급,498,2018,https://api.odcloud.kr/api/15072696/v1/uddi:ef2810b1-0856-4b7e-aa78-88e3c58c1a38,PUB-010_시도별_장기요양판정
여자,대구광역시,기초수급,3등급,1132,2018,https://api.odcloud.kr/api/15072696/v1/uddi:ef2810b1-0856-4b7e-aa78-88e3c58c1a38,PUB-010_시도별_장기요양판정
여자,대구광역시,기초수급,4등급,1602,2018,https://api.odcloud.kr/api/15072696/v1/uddi:ef2810b1-0856-4b7e-aa78-88e3c58c1a38,PUB-010_시도별_장기요양판정
여자,대구광역시,기초수급,5등급,353,2018,https://api.odcloud.kr/api/15072696/v1/uddi:ef2810b1-0856-4b7e-aa78-88e3c58c1a38,PUB-010_시도별_장기요양판정
여자,대구광역시,기초수급,등급외,1490,2018,https://api.odcloud.kr/api/15072696/v1/uddi:ef2810b1-0856-4b7e-aa78-88e3c58c1a38,PUB-010_시도별_장기요양판정
남자,인천광역시,일반,1등급,274,2018,https://api.odcloud.kr/api/15072696/v1/uddi:ef2810b1-0856-4b7e-aa78-88e3c58c1a38,PUB-010_시도별_장기요양판정
남자,인천광역시,일반,2등급,530,2018,https://api.odcloud.kr/api/15072696/v1/uddi:ef2810b1-0856-4b7e-aa78-88e3c58c1a38,PUB-010_시도별_장기요양판정
남자,인천광역시,일반,3등급,1543,2018,https://api.odcloud.kr/api/15072696/v1/uddi:ef2810b1-0856-4b7e-aa78-88e3c58c1a38,PUB-010_시도별_장기요양판정
남자,인천광역시,일반,4등급,1617,2018,https://api.odcloud.kr/api/15072696/v1/uddi:ef2810b1-0856-4b7e-aa78-88e3c58c1a38,PUB-010_시도별_장기요양판정
남자,인천광역시,일반,5등급,313,2018,https://api.odcloud.kr/api/15072696/v1/uddi:ef2810b1-0856-4b7e-aa78-88e3c58c1a38,PUB-010_시도별_장기요양판정
남자,인천광역시,일반,등급외,1206,2018,https://api.odcloud.kr/api/15072696/v1/uddi:ef2810b1-0856-4b7e-aa78-88e3c58c1a38,PUB-010_시도별_장기요양판정
남자,인천광역시,경감,1등급,242,2018,https://api.odcloud.kr/api/15072696/v1/uddi:ef2810b1-0856-4b7e-aa78-88e3c58c1a38,PUB-010_시도별_장기요양판정
남자,인천광역시,경감,2등급,432,2018,https://api.odcloud.kr/api/15072696/v1/uddi:ef2810b1-0856-4b7e-aa78-88e3c58c1a38,PUB-010_시도별_장기요양판정
남자,인천광역시,경감,3등급,1303,2018,https://api.odcloud.kr/api/15072696/v1/uddi:ef2810b1-0856-4b7e-aa78-88e3c58c1a38,PUB-010_시도별_장기요양판정
남자,인천광역시,경감,4등급,1220,2018,https://api.odcloud.kr/api/15072696/v1/uddi:ef2810b1-0856-4b7e-aa78-88e3c58c1a38,PUB-010_시도별_장기요양판정
남자,인천광역시,경감,5등급,219,2018,https://api.odcloud.kr/api/15072696/v1/uddi:ef2810b1-0856-4b7e-aa78-88e3c58c1a38,PUB-010_시도별_장기요양판정
남자,인천광역시,경감,등급외,49,2018,https://api.odcloud.kr/api/15072696/v1/uddi:ef2810b1-0856-4b7e-aa78-88e3c58c1a38,PUB-010_시도별_장기요양판정
남자,인천광역시,의료급여,1등급,14,2018,https://api.odcloud.kr/api/15072696/v1/uddi:ef2810b1-0856-4b7e-aa78-88e3c58c1a38,PUB-010_시도별_장기요양판정
남자,인천광역시,의료급여,2등급,11,2018,https://api.odcloud.kr/api/15072696/v1/uddi:ef2810b1-0856-4b7e-aa78-88e3c58c1a38,PUB-010_시도별_장기요양판정
남자,인천광역시,의료급여,3등급,31,2018,https://api.odcloud.kr/api/15072696/v1/uddi:ef2810b1-0856-4b7e-aa78-88e3c58c1a38,PUB-010_시도별_장기요양판정
남자,인천광역시,의료급여,4등급,50,2018,https://api.odcloud.kr/api/15072696/v1/uddi:ef2810b1-0856-4b7e-aa78-88e3c58c1a38,PUB-010_시도별_장기요양판정
남자,인천광역시,의료급여,5등급,9,2018,https://api.odcloud.kr/api/15072696/v1/uddi:ef2810b1-0856-4b7e-aa78-88e3c58c1a38,PUB-010_시도별_장기요양판정
남자,인천광역시,의료급여,등급외,20,2018,https://api.odcloud.kr/api/15072696/v1/uddi:ef2810b1-0856-4b7e-aa78-88e3c58c1a38,PUB-010_시도별_장기요양판정
남자,인천광역시,기초수급,1등급,149,2018,https://api.odcloud.kr/api/15072696/v1/uddi:ef2810b1-0856-4b7e-aa78-88e3c58c1a38,PUB-010_시도별_장기요양판정
남자,인천광역시,기초수급,2등급,230,2018,https://api.odcloud.kr/api/15072696/v1/uddi:ef2810b1-0856-4b7e-aa78-88e3c58c1a38,PUB-010_시도별_장기요양판정
남자,인천광역시,기초수급,3등급,671,2018,https://api.odcloud.kr/api/15072696/v1/uddi:ef2810b1-0856-4b7e-aa78-88e3c58c1a38,PUB-010_시도별_장기요양판정
남자,인천광역시,기초수급,4등급,990,2018,https://api.odcloud.kr/api/15072696/v1/uddi:ef2810b1-0856-4b7e-aa78-88e3c58c1a38,PUB-010_시도별_장기요양판정
남자,인천광역시,기초수급,5등급,127,2018,https://api.odcloud.kr/api/15072696/v1/uddi:ef2810b1-0856-4b7e-aa78-88e3c58c1a38,PUB-010_시도별_장기요양판정
남자,인천광역시,기초수급,등급외,779,2018,https://api.odcloud.kr/api/15072696/v1/uddi:ef2810b1-0856-4b7e-aa78-88e3c58c1a38,PUB-010_시도별_장기요양판정
여자,인천광역시,일반,1등급,692,2018,https://api.odcloud.kr/api/15072696/v1/uddi:ef2810b1-0856-4b7e-aa78-88e3c58c1a38,PUB-010_시도별_장기요양판정
여자,인천광역시,일반,2등급,1454,2018,https://api.odcloud.kr/api/15072696/v1/uddi:ef2810b1-0856-4b7e-aa78-88e3c58c1a38,PUB-010_시도별_장기요양판정
여자,인천광역시,일반,3등급,3784,2018,https://api.odcloud.kr/api/15072696/v1/uddi:ef2810b1-0856-4b7e-aa78-88e3c58c1a38,PUB-010_시도별_장기요양판정
여자,인천광역시,일반,4등급,4420,2018,https://api.odcloud.kr/api/15072696/v1/uddi:ef2810b1-0856-4b7e-aa78-88e3c58c1a38,PUB-010_시도별_장기요양판정
여자,인천광역시,일반,5등급,756,2018,https://api.odcloud.kr/api/15072696/v1/uddi:ef2810b1-0856-4b7e-aa78-88e3c58c1a38,PUB-010_시도별_장기요양판정
여자,인천광역시,일반,등급외,3117,2018,https://api.odcloud.kr/api/15072696/v1/uddi:ef2810b1-0856-4b7e-aa78-88e3c58c1a38,PUB-010_시도별_장기요양판정
여자,인천광역시,경감,1등급,556,2018,https://api.odcloud.kr/api/15072696/v1/uddi:ef2810b1-0856-4b7e-aa78-88e3c58c1a38,PUB-010_시도별_장기요양판정
여자,인천광역시,경감,2등급,1395,2018,https://api.odcloud.kr/api/15072696/v1/uddi:ef2810b1-0856-4b7e-aa78-88e3c58c1a38,PUB-010_시도별_장기요양판정
여자,인천광역시,경감,3등급,3329,2018,https://api.odcloud.kr/api/15072696/v1/uddi:ef2810b1-0856-4b7e-aa78-88e3c58c1a38,PUB-010_시도별_장기요양판정
여자,인천광역시,경감,4등급,3528,2018,https://api.odcloud.kr/api/15072696/v1/uddi:ef2810b1-0856-4b7e-aa78-88e3c58c1a38,PUB-010_시도별_장기요양판정
여자,인천광역시,경감,5등급,539,2018,https://api.odcloud.kr/api/15072696/v1/uddi:ef2810b1-0856-4b7e-aa78-88e3c58c1a38,PUB-010_시도별_장기요양판정
여자,인천광역시,경감,등급외,131,2018,https://api.odcloud.kr/api/15072696/v1/uddi:ef2810b1-0856-4b7e-aa78-88e3c58c1a38,PUB-010_시도별_장기요양판정
여자,인천광역시,의료급여,1등급,18,2018,https://api.odcloud.kr/api/15072696/v1/uddi:ef2810b1-0856-4b7e-aa78-88e3c58c1a38,PUB-010_시도별_장기요양판정
여자,인천광역시,의료급여,2등급,33,2018,https://api.odcloud.kr/api/15072696/v1/uddi:ef2810b1-0856-4b7e-aa78-88e3c58c1a38,PUB-010_시도별_장기요양판정
여자,인천광역시,의료급여,3등급,80,2018,https://api.odcloud.kr/api/15072696/v1/uddi:ef2810b1-0856-4b7e-aa78-88e3c58c1a38,PUB-010_시도별_장기요양판정
여자,인천광역시,의료급여,4등급,120,2018,https://api.odcloud.kr/api/15072696/v1/uddi:ef2810b1-0856-4b7e-aa78-88e3c58c1a38,PUB-010_시도별_장기요양판정
여자,인천광역시,의료급여,5등급,23,2018,https://api.odcloud.kr/api/15072696/v1/uddi:ef2810b1-0856-4b7e-aa78-88e3c58c1a38,PUB-010_시도별_장기요양판정
여자,인천광역시,의료급여,등급외,52,2018,https://api.odcloud.kr/api/15072696/v1/uddi:ef2810b1-0856-4b7e-aa78-88e3c58c1a38,PUB-010_시도별_장기요양판정
여자,인천광역시,기초수급,1등급,342,2018,https://api.odcloud.kr/api/15072696/v1/uddi:ef2810b1-0856-4b7e-aa78-88e3c58c1a38,PUB-010_시도별_장기요양판정
여자,인천광역시,기초수급,2등급,683,2018,https://api.odcloud.kr/api/15072696/v1/uddi:ef2810b1-0856-4b7e-aa78-88e3c58c1a38,PUB-010_시도별_장기요양판정
여자,인천광역시,기초수급,3등급,1660,2018,https://api.odcloud.kr/api/15072696/v1/uddi:ef2810b1-0856-4b7e-aa78-88e3c58c1a38,PUB-010_시도별_장기요양판정
여자,인천광역시,기초수급,4등급,2360,2018,https://api.odcloud.kr/api/15072696/v1/uddi:ef2810b1-0856-4b7e-aa78-88e3c58c1a38,PUB-010_시도별_장기요양판정
여자,인천광역시,기초수급,5등급,293,2018,https://api.odcloud.kr/api/15072696/v1/uddi:ef2810b1-0856-4b7e-aa78-88e3c58c1a38,PUB-010_시도별_장기요양판정
여자,인천광역시,기초수급,등급외,1449,2018,https://api.odcloud.kr/api/15072696/v1/uddi:ef2810b1-0856-4b7e-aa78-88e3c58c1a38,PUB-010_시도별_장기요양판정
남자,광주광역시,일반,1등급,126,2018,https://api.odcloud.kr/api/15072696/v1/uddi:ef2810b1-0856-4b7e-aa78-88e3c58c1a38,PUB-010_시도별_장기요양판정
남자,광주광역시,일반,2등급,236,2018,https://api.odcloud.kr/api/15072696/v1/uddi:ef2810b1-0856-4b7e-aa78-88e3c58c1a38,PUB-010_시도별_장기요양판정
남자,광주광역시,일반,3등급,758,2018,https://api.odcloud.kr/api/15072696/v1/uddi:ef2810b1-0856-4b7e-aa78-88e3c58c1a38,PUB-010_시도별_장기요양판정
남자,광주광역시,일반,4등급,1116,2018,https://api.odcloud.kr/api/15072696/v1/uddi:ef2810b1-0856-4b7e-aa78-88e3c58c1a38,PUB-010_시도별_장기요양판정
남자,광주광역시,일반,5등급,217,2018,https://api.odcloud.kr/api/15072696/v1/uddi:ef2810b1-0856-4b7e-aa78-88e3c58c1a38,PUB-010_시도별_장기요양판정
남자,광주광역시,일반,등급외,1114,2018,https://api.odcloud.kr/api/15072696/v1/uddi:ef2810b1-0856-4b7e-aa78-88e3c58c1a38,PUB-010_시도별_장기요양판정
남자,광주광역시,경감,1등급,77,2018,https://api.odcloud.kr/api/15072696/v1/uddi:ef2810b1-0856-4b7e-aa78-88e3c58c1a38,PUB-010_시도별_장기요양판정
남자,광주광역시,경감,2등급,105,2018,https://api.odcloud.kr/api/15072696/v1/uddi:ef2810b1-0856-4b7e-aa78-88e3c58c1a38,PUB-010_시도별_장기요양판정
남자,광주광역시,경감,3등급,442,2018,https://api.odcloud.kr/api/15072696/v1/uddi:ef2810b1-0856-4b7e-aa78-88e3c58c1a38,PUB-010_시도별_장기요양판정
남자,광주광역시,경감,4등급,587,2018,https://api.odcloud.kr/api/15072696/v1/uddi:ef2810b1-0856-4b7e-aa78-88e3c58c1a38,PUB-010_시도별_장기요양판정
남자,광주광역시,경감,5등급,107,2018,https://api.odcloud.kr/api/15072696/v1/uddi:ef2810b1-0856-4b7e-aa78-88e3c58c1a38,PUB-010_시도별_장기요양판정
남자,광주광역시,경감,등급외,68,2018,https://api.odcloud.kr/api/15072696/v1/uddi:ef2810b1-0856-4b7e-aa78-88e3c58c1a38,PUB-010_시도별_장기요양판정
남자,광주광역시,의료급여,1등급,6,2018,https://api.odcloud.kr/api/15072696/v1/uddi:ef2810b1-0856-4b7e-aa78-88e3c58c1a38,PUB-010_시도별_장기요양판정
남자,광주광역시,의료급여,2등급,10,2018,https://api.odcloud.kr/api/15072696/v1/uddi:ef2810b1-0856-4b7e-aa78-88e3c58c1a38,PUB-010_시도별_장기요양판정
남자,광주광역시,의료급여,3등급,25,2018,https://api.odcloud.kr/api/15072696/v1/uddi:ef2810b1-0856-4b7e-aa78-88e3c58c1a38,PUB-010_시도별_장기요양판정
남자,광주광역시,의료급여,4등급,44,2018,https://api.odcloud.kr/api/15072696/v1/uddi:ef2810b1-0856-4b7e-aa78-88e3c58c1a38,PUB-010_시도별_장기요양판정
남자,광주광역시,의료급여,5등급,12,2018,https://api.odcloud.kr/api/15072696/v1/uddi:ef2810b1-0856-4b7e-aa78-88e3c58c1a38,PUB-010_시도별_장기요양판정
남자,광주광역시,의료급여,등급외,31,2018,https://api.odcloud.kr/api/15072696/v1/uddi:ef2810b1-0856-4b7e-aa78-88e3c58c1a38,PUB-010_시도별_장기요양판정
남자,광주광역시,기초수급,1등급,37,2018,https://api.odcloud.kr/api/15072696/v1/uddi:ef2810b1-0856-4b7e-aa78-88e3c58c1a38,PUB-010_시도별_장기요양판정
남자,광주광역시,기초수급,2등급,51,2018,https://api.odcloud.kr/api/15072696/v1/uddi:ef2810b1-0856-4b7e-aa78-88e3c58c1a38,PUB-010_시도별_장기요양판정
남자,광주광역시,기초수급,3등급,193,2018,https://api.odcloud.kr/api/15072696/v1/uddi:ef2810b1-0856-4b7e-aa78-88e3c58c1a38,PUB-010_시도별_장기요양판정
남자,광주광역시,기초수급,4등급,339,2018,https://api.odcloud.kr/api/15072696/v1/uddi:ef2810b1-0856-4b7e-aa78-88e3c58c1a38,PUB-010_시도별_장기요양판정
남자,광주광역시,기초수급,5등급,62,2018,https://api.odcloud.kr/api/15072696/v1/uddi:ef2810b1-0856-4b7e-aa78-88e3c58c1a38,PUB-010_시도별_장기요양판정
남자,광주광역시,기초수급,등급외,679,2018,https://api.odcloud.kr/api/15072696/v1/uddi:ef2810b1-0856-4b7e-aa78-88e3c58c1a38,PUB-010_시도별_장기요양판정
여자,광주광역시,일반,1등급,343,2018,https://api.odcloud.kr/api/15072696/v1/uddi:ef2810b1-0856-4b7e-aa78-88e3c58c1a38,PUB-010_시도별_장기요양판정
여자,광주광역시,일반,2등급,621,2018,https://api.odcloud.kr/api/15072696/v1/uddi:ef2810b1-0856-4b7e-aa78-88e3c58c1a38,PUB-010_시도별_장기요양판정
여자,광주광역시,일반,3등급,1808,2018,https://api.odcloud.kr/api/15072696/v1/uddi:ef2810b1-0856-4b7e-aa78-88e3c58c1a38,PUB-010_시도별_장기요양판정
여자,광주광역시,일반,4등급,3020,2018,https://api.odcloud.kr/api/15072696/v1/uddi:ef2810b1-0856-4b7e-aa78-88e3c58c1a38,PUB-010_시도별_장기요양판정
여자,광주광역시,일반,5등급,584,2018,https://api.odcloud.kr/api/15072696/v1/uddi:ef2810b1-0856-4b7e-aa78-88e3c58c1a38,PUB-010_시도별_장기요양판정
여자,광주광역시,일반,등급외,3316,2018,https://api.odcloud.kr/api/15072696/v1/uddi:ef2810b1-0856-4b7e-aa78-88e3c58c1a38,PUB-010_시도별_장기요양판정
여자,광주광역시,경감,1등급,228,2018,https://api.odcloud.kr/api/15072696/v1/uddi:ef2810b1-0856-4b7e-aa78-88e3c58c1a38,PUB-010_시도별_장기요양판정
여자,광주광역시,경감,2등급,403,2018,https://api.odcloud.kr/api/15072696/v1/uddi:ef2810b1-0856-4b7e-aa78-88e3c58c1a38,PUB-010_시도별_장기요양판정
여자,광주광역시,경감,3등급,1165,2018,https://api.odcloud.kr/api/15072696/v1/uddi:ef2810b1-0856-4b7e-aa78-88e3c58c1a38,PUB-010_시도별_장기요양판정
여자,광주광역시,경감,4등급,1803,2018,https://api.odcloud.kr/api/15072696/v1/uddi:ef2810b1-0856-4b7e-aa78-88e3c58c1a38,PUB-010_시도별_장기요양판정
여자,광주광역시,경감,5등급,316,2018,https://api.odcloud.kr/api/15072696/v1/uddi:ef2810b1-0856-4b7e-aa78-88e3c58c1a38,PUB-010_시도별_장기요양판정
여자,광주광역시,경감,등급외,213,2018,https://api.odcloud.kr/api/15072696/v1/uddi:ef2810b1-0856-4b7e-aa78-88e3c58c1a38,PUB-010_시도별_장기요양판정
여자,광주광역시,의료급여,1등급,11,2018,https://api.odcloud.kr/api/15072696/v1/uddi:ef2810b1-0856-4b7e-aa78-88e3c58c1a38,PUB-010_시도별_장기요양판정
여자,광주광역시,의료급여,2등급,22,2018,https://api.odcloud.kr/api/15072696/v1/uddi:ef2810b1-0856-4b7e-aa78-88e3c58c1a38,PUB-010_시도별_장기요양판정
여자,광주광역시,의료급여,3등급,78,2018,https://api.odcloud.kr/api/15072696/v1/uddi:ef2810b1-0856-4b7e-aa78-88e3c58c1a38,PUB-010_시도별_장기요양판정
여자,광주광역시,의료급여,4등급,142,2018,https://api.odcloud.kr/api/15072696/v1/uddi:ef2810b1-0856-4b7e-aa78-88e3c58c1a38,PUB-010_시도별_장기요양판정
여자,광주광역시,의료급여,5등급,17,2018,https://api.odcloud.kr/api/15072696/v1/uddi:ef2810b1-0856-4b7e-aa78-88e3c58c1a38,PUB-010_시도별_장기요양판정
여자,광주광역시,의료급여,등급외,85,2018,https://api.odcloud.kr/api/15072696/v1/uddi:ef2810b1-0856-4b7e-aa78-88e3c58c1a38,PUB-010_시도별_장기요양판정
여자,광주광역시,기초수급,1등급,92,2018,https://api.odcloud.kr/api/15072696/v1/uddi:ef2810b1-0856-4b7e-aa78-88e3c58c1a38,PUB-010_시도별_장기요양판정
여자,광주광역시,기초수급,2등급,174,2018,https://api.odcloud.kr/api/15072696/v1/uddi:ef2810b1-0856-4b7e-aa78-88e3c58c1a38,PUB-010_시도별_장기요양판정
여자,광주광역시,기초수급,3등급,569,2018,https://api.odcloud.kr/api/15072696/v1/uddi:ef2810b1-0856-4b7e-aa78-88e3c58c1a38,PUB-010_시도별_장기요양판정
여자,광주광역시,기초수급,4등급,1024,2018,https://api.odcloud.kr/api/15072696/v1/uddi:ef2810b1-0856-4b7e-aa78-88e3c58c1a38,PUB-010_시도별_장기요양판정
여자,광주광역시,기초수급,5등급,188,2018,https://api.odcloud.kr/api/15072696/v1/uddi:ef2810b1-0856-4b7e-aa78-88e3c58c1a38,PUB-010_시도별_장기요양판정
여자,광주광역시,기초수급,등급외,1571,2018,https://api.odcloud.kr/api/15072696/v1/uddi:ef2810b1-0856-4b7e-aa78-88e3c58c1a38,PUB-010_시도별_장기요양판정
남자,대전광역시,일반,1등급,161,2018,https://api.odcloud.kr/api/15072696/v1/uddi:ef2810b1-0856-4b7e-aa78-88e3c58c1a38,PUB-010_시도별_장기요양판정
남자,대전광역시,일반,2등급,250,2018,https://api.odcloud.kr/api/15072696/v1/uddi:ef2810b1-0856-4b7e-aa78-88e3c58c1a38,PUB-010_시도별_장기요양판정
남자,대전광역시,일반,3등급,826,2018,https://api.odcloud.kr/api/15072696/v1/uddi:ef2810b1-0856-4b7e-aa78-88e3c58c1a38,PUB-010_시도별_장기요양판정
남자,대전광역시,일반,4등급,978,2018,https://api.odcloud.kr/api/15072696/v1/uddi:ef2810b1-0856-4b7e-aa78-88e3c58c1a38,PUB-010_시도별_장기요양판정
남자,대전광역시,일반,5등급,293,2018,https://api.odcloud.kr/api/15072696/v1/uddi:ef2810b1-0856-4b7e-aa78-88e3c58c1a38,PUB-010_시도별_장기요양판정
남자,대전광역시,일반,등급외,809,2018,https://api.odcloud.kr/api/15072696/v1/uddi:ef2810b1-0856-4b7e-aa78-88e3c58c1a38,PUB-010_시도별_장기요양판정
남자,대전광역시,경감,1등급,106,2018,https://api.odcloud.kr/api/15072696/v1/uddi:ef2810b1-0856-4b7e-aa78-88e3c58c1a38,PUB-010_시도별_장기요양판정
남자,대전광역시,경감,2등급,163,2018,https://api.odcloud.kr/api/15072696/v1/uddi:ef2810b1-0856-4b7e-aa78-88e3c58c1a38,PUB-010_시도별_장기요양판정
남자,대전광역시,경감,3등급,487,2018,https://api.odcloud.kr/api/15072696/v1/uddi:ef2810b1-0856-4b7e-aa78-88e3c58c1a38,PUB-010_시도별_장기요양판정
남자,대전광역시,경감,4등급,610,2018,https://api.odcloud.kr/api/15072696/v1/uddi:ef2810b1-0856-4b7e-aa78-88e3c58c1a38,PUB-010_시도별_장기요양판정
남자,대전광역시,경감,5등급,157,2018,https://api.odcloud.kr/api/15072696/v1/uddi:ef2810b1-0856-4b7e-aa78-88e3c58c1a38,PUB-010_시도별_장기요양판정
남자,대전광역시,경감,등급외,34,2018,https://api.odcloud.kr/api/15072696/v1/uddi:ef2810b1-0856-4b7e-aa78-88e3c58c1a38,PUB-010_시도별_장기요양판정
남자,대전광역시,의료급여,1등급,6,2018,https://api.odcloud.kr/api/15072696/v1/uddi:ef2810b1-0856-4b7e-aa78-88e3c58c1a38,PUB-010_시도별_장기요양판정
남자,대전광역시,의료급여,2등급,7,2018,https://api.odcloud.kr/api/15072696/v1/uddi:ef2810b1-0856-4b7e-aa78-88e3c58c1a38,PUB-010_시도별_장기요양판정
남자,대전광역시,의료급여,3등급,17,2018,https://api.odcloud.kr/api/15072696/v1/uddi:ef2810b1-0856-4b7e-aa78-88e3c58c1a38,PUB-010_시도별_장기요양판정
남자,대전광역시,의료급여,4등급,35,2018,https://api.odcloud.kr/api/15072696/v1/uddi:ef2810b1-0856-4b7e-aa78-88e3c58c1a38,PUB-010_시도별_장기요양판정
남자,대전광역시,의료급여,5등급,4,2018,https://api.odcloud.kr/api/15072696/v1/uddi:ef2810b1-0856-4b7e-aa78-88e3c58c1a38,PUB-010_시도별_장기요양판정
남자,대전광역시,의료급여,등급외,22,2018,https://api.odcloud.kr/api/15072696/v1/uddi:ef2810b1-0856-4b7e-aa78-88e3c58c1a38,PUB-010_시도별_장기요양판정
남자,대전광역시,기초수급,1등급,46,2018,https://api.odcloud.kr/api/15072696/v1/uddi:ef2810b1-0856-4b7e-aa78-88e3c58c1a38,PUB-010_시도별_장기요양판정
남자,대전광역시,기초수급,2등급,84,2018,https://api.odcloud.kr/api/15072696/v1/uddi:ef2810b1-0856-4b7e-aa78-88e3c58c1a38,PUB-010_시도별_장기요양판정
남자,대전광역시,기초수급,3등급,233,2018,https://api.odcloud.kr/api/15072696/v1/uddi:ef2810b1-0856-4b7e-aa78-88e3c58c1a38,PUB-010_시도별_장기요양판정
남자,대전광역시,기초수급,4등급,345,2018,https://api.odcloud.kr/api/15072696/v1/uddi:ef2810b1-0856-4b7e-aa78-88e3c58c1a38,PUB-010_시도별_장기요양판정
남자,대전광역시,기초수급,5등급,50,2018,https://api.odcloud.kr/api/15072696/v1/uddi:ef2810b1-0856-4b7e-aa78-88e3c58c1a38,PUB-010_시도별_장기요양판정
남자,대전광역시,기초수급,등급외,553,2018,https://api.odcloud.kr/api/15072696/v1/uddi:ef2810b1-0856-4b7e-aa78-88e3c58c1a38,PUB-010_시도별_장기요양판정
여자,대전광역시,일반,1등급,434,2018,https://api.odcloud.kr/api/15072696/v1/uddi:ef2810b1-0856-4b7e-aa78-88e3c58c1a38,PUB-010_시도별_장기요양판정
여자,대전광역시,일반,2등급,743,2018,https://api.odcloud.kr/api/15072696/v1/uddi:ef2810b1-0856-4b7e-aa78-88e3c58c1a38,PUB-010_시도별_장기요양판정
여자,대전광역시,일반,3등급,1895,2018,https://api.odcloud.kr/api/15072696/v1/uddi:ef2810b1-0856-4b7e-aa78-88e3c58c1a38,PUB-010_시도별_장기요양판정
여자,대전광역시,일반,4등급,2478,2018,https://api.odcloud.kr/api/15072696/v1/uddi:ef2810b1-0856-4b7e-aa78-88e3c58c1a38,PUB-010_시도별_장기요양판정
여자,대전광역시,일반,5등급,672,2018,https://api.odcloud.kr/api/15072696/v1/uddi:ef2810b1-0856-4b7e-aa78-88e3c58c1a38,PUB-010_시도별_장기요양판정
여자,대전광역시,일반,등급외,2151,2018,https://api.odcloud.kr/api/15072696/v1/uddi:ef2810b1-0856-4b7e-aa78-88e3c58c1a38,PUB-010_시도별_장기요양판정
여자,대전광역시,경감,1등급,287,2018,https://api.odcloud.kr/api/15072696/v1/uddi:ef2810b1-0856-4b7e-aa78-88e3c58c1a38,PUB-010_시도별_장기요양판정
여자,대전광역시,경감,2등급,558,2018,https://api.odcloud.kr/api/15072696/v1/uddi:ef2810b1-0856-4b7e-aa78-88e3c58c1a38,PUB-010_시도별_장기요양판정
여자,대전광역시,경감,3등급,1410,2018,https://api.odcloud.kr/api/15072696/v1/uddi:ef2810b1-0856-4b7e-aa78-88e3c58c1a38,PUB-010_시도별_장기요양판정
여자,대전광역시,경감,4등급,1638,2018,https://api.odcloud.kr/api/15072696/v1/uddi:ef2810b1-0856-4b7e-aa78-88e3c58c1a38,PUB-010_시도별_장기요양판정
여자,대전광역시,경감,5등급,391,2018,https://api.odcloud.kr/api/15072696/v1/uddi:ef2810b1-0856-4b7e-aa78-88e3c58c1a38,PUB-010_시도별_장기요양판정
여자,대전광역시,경감,등급외,113,2018,https://api.odcloud.kr/api/15072696/v1/uddi:ef2810b1-0856-4b7e-aa78-88e3c58c1a38,PUB-010_시도별_장기요양판정
여자,대전광역시,의료급여,1등급,12,2018,https://api.odcloud.kr/api/15072696/v1/uddi:ef2810b1-0856-4b7e-aa78-88e3c58c1a38,PUB-010_시도별_장기요양판정
여자,대전광역시,의료급여,2등급,22,2018,https://api.odcloud.kr/api/15072696/v1/uddi:ef2810b1-0856-4b7e-aa78-88e3c58c1a38,PUB-010_시도별_장기요양판정
여자,대전광역시,의료급여,3등급,51,2018,https://api.odcloud.kr/api/15072696/v1/uddi:ef2810b1-0856-4b7e-aa78-88e3c58c1a38,PUB-010_시도별_장기요양판정
여자,대전광역시,의료급여,4등급,77,2018,https://api.odcloud.kr/api/15072696/v1/uddi:ef2810b1-0856-4b7e-aa78-88e3c58c1a38,PUB-010_시도별_장기요양판정
여자,대전광역시,의료급여,5등급,17,2018,https://api.odcloud.kr/api/15072696/v1/uddi:ef2810b1-0856-4b7e-aa78-88e3c58c1a38,PUB-010_시도별_장기요양판정
여자,대전광역시,의료급여,등급외,36,2018,https://api.odcloud.kr/api/15072696/v1/uddi:ef2810b1-0856-4b7e-aa78-88e3c58c1a38,PUB-010_시도별_장기요양판정
여자,대전광역시,기초수급,1등급,124,2018,https://api.odcloud.kr/api/15072696/v1/uddi:ef2810b1-0856-4b7e-aa78-88e3c58c1a38,PUB-010_시도별_장기요양판정
여자,대전광역시,기초수급,2등급,274,2018,https://api.odcloud.kr/api/15072696/v1/uddi:ef2810b1-0856-4b7e-aa78-88e3c58c1a38,PUB-010_시도별_장기요양판정
여자,대전광역시,기초수급,3등급,557,2018,https://api.odcloud.kr/api/15072696/v1/uddi:ef2810b1-0856-4b7e-aa78-88e3c58c1a38,PUB-010_시도별_장기요양판정
여자,대전광역시,기초수급,4등급,905,2018,https://api.odcloud.kr/api/15072696/v1/uddi:ef2810b1-0856-4b7e-aa78-88e3c58c1a38,PUB-010_시도별_장기요양판정
여자,대전광역시,기초수급,5등급,171,2018,https://api.odcloud.kr/api/15072696/v1/uddi:ef2810b1-0856-4b7e-aa78-88e3c58c1a38,PUB-010_시도별_장기요양판정
여자,대전광역시,기초수급,등급외,936,2018,https://api.odcloud.kr/api/15072696/v1/uddi:ef2810b1-0856-4b7e-aa78-88e3c58c1a38,PUB-010_시도별_장기요양판정
남자,울산광역시,일반,1등급,152,2018,https://api.odcloud.kr/api/15072696/v1/uddi:ef2810b1-0856-4b7e-aa78-88e3c58c1a38,PUB-010_시도별_장기요양판정
남자,울산광역시,일반,2등급,207,2018,https://api.odcloud.kr/api/15072696/v1/uddi:ef2810b1-0856-4b7e-aa78-88e3c58c1a38,PUB-010_시도별_장기요양판정
남자,울산광역시,일반,3등급,581,2018,https://api.odcloud.kr/api/15072696/v1/uddi:ef2810b1-0856-4b7e-aa78-88e3c58c1a38,PUB-010_시도별_장기요양판정
남자,울산광역시,일반,4등급,477,2018,https://api.odcloud.kr/api/15072696/v1/uddi:ef2810b1-0856-4b7e-aa78-88e3c58c1a38,PUB-010_시도별_장기요양판정
남자,울산광역시,일반,5등급,63,2018,https://api.odcloud.kr/api/15072696/v1/uddi:ef2810b1-0856-4b7e-aa78-88e3c58c1a38,PUB-010_시도별_장기요양판정
남자,울산광역시,일반,등급외,306,2018,https://api.odcloud.kr/api/15072696/v1/uddi:ef2810b1-0856-4b7e-aa78-88e3c58c1a38,PUB-010_시도별_장기요양판정
남자,울산광역시,경감,1등급,44,2018,https://api.odcloud.kr/api/15072696/v1/uddi:ef2810b1-0856-4b7e-aa78-88e3c58c1a38,PUB-010_시도별_장기요양판정
남자,울산광역시,경감,2등급,96,2018,https://api.odcloud.kr/api/15072696/v1/uddi:ef2810b1-0856-4b7e-aa78-88e3c58c1a38,PUB-010_시도별_장기요양판정
남자,울산광역시,경감,3등급,262,2018,https://api.odcloud.kr/api/15072696/v1/uddi:ef2810b1-0856-4b7e-aa78-88e3c58c1a38,PUB-010_시도별_장기요양판정
남자,울산광역시,경감,4등급,213,2018,https://api.odcloud.kr/api/15072696/v1/uddi:ef2810b1-0856-4b7e-aa78-88e3c58c1a38,PUB-010_시도별_장기요양판정
남자,울산광역시,경감,5등급,26,2018,https://api.odcloud.kr/api/15072696/v1/uddi:ef2810b1-0856-4b7e-aa78-88e3c58c1a38,PUB-010_시도별_장기요양판정
남자,울산광역시,경감,등급외,6,2018,https://api.odcloud.kr/api/15072696/v1/uddi:ef2810b1-0856-4b7e-aa78-88e3c58c1a38,PUB-010_시도별_장기요양판정
남자,울산광역시,의료급여,2등급,3,2018,https://api.odcloud.kr/api/15072696/v1/uddi:ef2810b1-0856-4b7e-aa78-88e3c58c1a38,PUB-010_시도별_장기요양판정
남자,울산광역시,의료급여,3등급,3,2018,https://api.odcloud.kr/api/15072696/v1/uddi:ef2810b1-0856-4b7e-aa78-88e3c58c1a38,PUB-010_시도별_장기요양판정
남자,울산광역시,의료급여,4등급,8,2018,https://api.odcloud.kr/api/15072696/v1/uddi:ef2810b1-0856-4b7e-aa78-88e3c58c1a38,PUB-010_시도별_장기요양판정
남자,울산광역시,의료급여,5등급,2,2018,https://api.odcloud.kr/api/15072696/v1/uddi:ef2810b1-0856-4b7e-aa78-88e3c58c1a38,PUB-010_시도별_장기요양판정
남자,울산광역시,의료급여,등급외,8,2018,https://api.odcloud.kr/api/15072696/v1/uddi:ef2810b1-0856-4b7e-aa78-88e3c58c1a38,PUB-010_시도별_장기요양판정
남자,울산광역시,기초수급,1등급,24,2018,https://api.odcloud.kr/api/15072696/v1/uddi:ef2810b1-0856-4b7e-aa78-88e3c58c1a38,PUB-010_시도별_장기요양판정
남자,울산광역시,기초수급,2등급,40,2018,https://api.odcloud.kr/api/15072696/v1/uddi:ef2810b1-0856-4b7e-aa78-88e3c58c1a38,PUB-010_시도별_장기요양판정
남자,울산광역시,기초수급,3등급,137,2018,https://api.odcloud.kr/api/15072696/v1/uddi:ef2810b1-0856-4b7e-aa78-88e3c58c1a38,PUB-010_시도별_장기요양판정
남자,울산광역시,기초수급,4등급,197,2018,https://api.odcloud.kr/api/15072696/v1/uddi:ef2810b1-0856-4b7e-aa78-88e3c58c1a38,PUB-010_시도별_장기요양판정
남자,울산광역시,기초수급,5등급,20,2018,https://api.odcloud.kr/api/15072696/v1/uddi:ef2810b1-0856-4b7e-aa78-88e3c58c1a38,PUB-010_시도별_장기요양판정
남자,울산광역시,기초수급,등급외,203,2018,https://api.odcloud.kr/api/15072696/v1/uddi:ef2810b1-0856-4b7e-aa78-88e3c58c1a38,PUB-010_시도별_장기요양판정
여자,울산광역시,일반,1등급,337,2018,https://api.odcloud.kr/api/15072696/v1/uddi:ef2810b1-0856-4b7e-aa78-88e3c58c1a38,PUB-010_시도별_장기요양판정
여자,울산광역시,일반,2등급,583,2018,https://api.odcloud.kr/api/15072696/v1/uddi:ef2810b1-0856-4b7e-aa78-88e3c58c1a38,PUB-010_시도별_장기요양판정
여자,울산광역시,일반,3등급,1438,2018,https://api.odcloud.kr/api/15072696/v1/uddi:ef2810b1-0856-4b7e-aa78-88e3c58c1a38,PUB-010_시도별_장기요양판정
여자,울산광역시,일반,4등급,1384,2018,https://api.odcloud.kr/api/15072696/v1/uddi:ef2810b1-0856-4b7e-aa78-88e3c58c1a38,PUB-010_시도별_장기요양판정
여자,울산광역시,일반,5등급,226,2018,https://api.odcloud.kr/api/15072696/v1/uddi:ef2810b1-0856-4b7e-aa78-88e3c58c1a38,PUB-010_시도별_장기요양판정
여자,울산광역시,일반,등급외,811,2018,https://api.odcloud.kr/api/15072696/v1/uddi:ef2810b1-0856-4b7e-aa78-88e3c58c1a38,PUB-010_시도별_장기요양판정
여자,울산광역시,경감,1등급,142,2018,https://api.odcloud.kr/api/15072696/v1/uddi:ef2810b1-0856-4b7e-aa78-88e3c58c1a38,PUB-010_시도별_장기요양판정
여자,울산광역시,경감,2등급,267,2018,https://api.odcloud.kr/api/15072696/v1/uddi:ef2810b1-0856-4b7e-aa78-88e3c58c1a38,PUB-010_시도별_장기요양판정
여자,울산광역시,경감,3등급,638,2018,https://api.odcloud.kr/api/15072696/v1/uddi:ef2810b1-0856-4b7e-aa78-88e3c58c1a38,PUB-010_시도별_장기요양판정
여자,울산광역시,경감,4등급,546,2018,https://api.odcloud.kr/api/15072696/v1/uddi:ef2810b1-0856-4b7e-aa78-88e3c58c1a38,PUB-010_시도별_장기요양판정
여자,울산광역시,경감,5등급,102,2018,https://api.odcloud.kr/api/15072696/v1/uddi:ef2810b1-0856-4b7e-aa78-88e3c58c1a38,PUB-010_시도별_장기요양판정
여자,울산광역시,경감,등급외,13,2018,https://api.odcloud.kr/api/15072696/v1/uddi:ef2810b1-0856-4b7e-aa78-88e3c58c1a38,PUB-010_시도별_장기요양판정
여자,울산광역시,의료급여,1등급,5,2018,https://api.odcloud.kr/api/15072696/v1/uddi:ef2810b1-0856-4b7e-aa78-88e3c58c1a38,PUB-010_시도별_장기요양판정
여자,울산광역시,의료급여,2등급,12,2018,https://api.odcloud.kr/api/15072696/v1/uddi:ef2810b1-0856-4b7e-aa78-88e3c58c1a38,PUB-010_시도별_장기요양판정
여자,울산광역시,의료급여,3등급,29,2018,https://api.odcloud.kr/api/15072696/v1/uddi:ef2810b1-0856-4b7e-aa78-88e3c58c1a38,PUB-010_시도별_장기요양판정
여자,울산광역시,의료급여,4등급,14,2018,https://api.odcloud.kr/api/15072696/v1/uddi:ef2810b1-0856-4b7e-aa78-88e3c58c1a38,PUB-010_시도별_장기요양판정
여자,울산광역시,의료급여,5등급,7,2018,https://api.odcloud.kr/api/15072696/v1/uddi:ef2810b1-0856-4b7e-aa78-88e3c58c1a38,PUB-010_시도별_장기요양판정
여자,울산광역시,의료급여,등급외,12,2018,https://api.odcloud.kr/api/15072696/v1/uddi:ef2810b1-0856-4b7e-aa78-88e3c58c1a38,PUB-010_시도별_장기요양판정
여자,울산광역시,기초수급,1등급,52,2018,https://api.odcloud.kr/api/15072696/v1/uddi:ef2810b1-0856-4b7e-aa78-88e3c58c1a38,PUB-010_시도별_장기요양판정
여자,울산광역시,기초수급,2등급,127,2018,https://api.odcloud.kr/api/15072696/v1/uddi:ef2810b1-0856-4b7e-aa78-88e3c58c1a38,PUB-010_시도별_장기요양판정
여자,울산광역시,기초수급,3등급,307,2018,https://api.odcloud.kr/api/15072696/v1/uddi:ef2810b1-0856-4b7e-aa78-88e3c58c1a38,PUB-010_시도별_장기요양판정
여자,울산광역시,기초수급,4등급,389,2018,https://api.odcloud.kr/api/15072696/v1/uddi:ef2810b1-0856-4b7e-aa78-88e3c58c1a38,PUB-010_시도별_장기요양판정
여자,울산광역시,기초수급,5등급,50,2018,https://api.odcloud.kr/api/15072696/v1/uddi:ef2810b1-0856-4b7e-aa78-88e3c58c1a38,PUB-010_시도별_장기요양판정
여자,울산광역시,기초수급,등급외,363,2018,https://api.odcloud.kr/api/15072696/v1/uddi:ef2810b1-0856-4b7e-aa78-88e3c58c1a38,PUB-010_시도별_장기요양판정
남자,세종특별자치시,일반,1등급,32,2018,https://api.odcloud.kr/api/15072696/v1/uddi:ef2810b1-0856-4b7e-aa78-88e3c58c1a38,PUB-010_시도별_장기요양판정
남자,세종특별자치시,일반,2등급,63,2018,https://api.odcloud.kr/api/15072696/v1/uddi:ef2810b1-0856-4b7e-aa78-88e3c58c1a38,PUB-010_시도별_장기요양판정
남자,세종특별자치시,일반,3등급,142,2018,https://api.odcloud.kr/api/15072696/v1/uddi:ef2810b1-0856-4b7e-aa78-88e3c58c1a38,PUB-010_시도별_장기요양판정
남자,세종특별자치시,일반,4등급,184,2018,https://api.odcloud.kr/api/15072696/v1/uddi:ef2810b1-0856-4b7e-aa78-88e3c58c1a38,PUB-010_시도별_장기요양판정
남자,세종특별자치시,일반,5등급,46,2018,https://api.odcloud.kr/api/15072696/v1/uddi:ef2810b1-0856-4b7e-aa78-88e3c58c1a38,PUB-010_시도별_장기요양판정
남자,세종특별자치시,일반,등급외,94,2018,https://api.odcloud.kr/api/15072696/v1/uddi:ef2810b1-0856-4b7e-aa78-88e3c58c1a38,PUB-010_시도별_장기요양판정
남자,세종특별자치시,경감,1등급,14,2018,https://api.odcloud.kr/api/15072696/v1/uddi:ef2810b1-0856-4b7e-aa78-88e3c58c1a38,PUB-010_시도별_장기요양판정
남자,세종특별자치시,경감,2등급,32,2018,https://api.odcloud.kr/api/15072696/v1/uddi:ef2810b1-0856-4b7e-aa78-88e3c58c1a38,PUB-010_시도별_장기요양판정
남자,세종특별자치시,경감,3등급,57,2018,https://api.odcloud.kr/api/15072696/v1/uddi:ef2810b1-0856-4b7e-aa78-88e3c58c1a38,PUB-010_시도별_장기요양판정
남자,세종특별자치시,경감,4등급,77,2018,https://api.odcloud.kr/api/15072696/v1/uddi:ef2810b1-0856-4b7e-aa78-88e3c58c1a38,PUB-010_시도별_장기요양판정
남자,세종특별자치시,경감,5등급,13,2018,https://api.odcloud.kr/api/15072696/v1/uddi:ef2810b1-0856-4b7e-aa78-88e3c58c1a38,PUB-010_시도별_장기요양판정
남자,세종특별자치시,경감,등급외,5,2018,https://api.odcloud.kr/api/15072696/v1/uddi:ef2810b1-0856-4b7e-aa78-88e3c58c1a38,PUB-010_시도별_장기요양판정
남자,세종특별자치시,의료급여,1등급,1,2018,https://api.odcloud.kr/api/15072696/v1/uddi:ef2810b1-0856-4b7e-aa78-88e3c58c1a38,PUB-010_시도별_장기요양판정
남자,세종특별자치시,의료급여,2등급,3,2018,https://api.odcloud.kr/api/15072696/v1/uddi:ef2810b1-0856-4b7e-aa78-88e3c58c1a38,PUB-010_시도별_장기요양판정
남자,세종특별자치시,의료급여,3등급,5,2018,https://api.odcloud.kr/api/15072696/v1/uddi:ef2810b1-0856-4b7e-aa78-88e3c58c1a38,PUB-010_시도별_장기요양판정
남자,세종특별자치시,의료급여,4등급,2,2018,https://api.odcloud.kr/api/15072696/v1/uddi:ef2810b1-0856-4b7e-aa78-88e3c58c1a38,PUB-010_시도별_장기요양판정
남자,세종특별자치시,의료급여,등급외,0,2018,https://api.odcloud.kr/api/15072696/v1/uddi:ef2810b1-0856-4b7e-aa78-88e3c58c1a38,PUB-010_시도별_장기요양판정
남자,세종특별자치시,기초수급,1등급,4,2018,https://api.odcloud.kr/api/15072696/v1/uddi:ef2810b1-0856-4b7e-aa78-88e3c58c1a38,PUB-010_시도별_장기요양판정
남자,세종특별자치시,기초수급,2등급,11,2018,https://api.odcloud.kr/api/15072696/v1/uddi:ef2810b1-0856-4b7e-aa78-88e3c58c1a38,PUB-010_시도별_장기요양판정
남자,세종특별자치시,기초수급,3등급,18,2018,https://api.odcloud.kr/api/15072696/v1/uddi:ef2810b1-0856-4b7e-aa78-88e3c58c1a38,PUB-010_시도별_장기요양판정
남자,세종특별자치시,기초수급,4등급,34,2018,https://api.odcloud.kr/api/15072696/v1/uddi:ef2810b1-0856-4b7e-aa78-88e3c58c1a38,PUB-010_시도별_장기요양판정
남자,세종특별자치시,기초수급,5등급,1,2018,https://api.odcloud.kr/api/15072696/v1/uddi:ef2810b1-0856-4b7e-aa78-88e3c58c1a38,PUB-010_시도별_장기요양판정
남자,세종특별자치시,기초수급,등급외,33,2018,https://api.odcloud.kr/api/15072696/v1/uddi:ef2810b1-0856-4b7e-aa78-88e3c58c1a38,PUB-010_시도별_장기요양판정
여자,세종특별자치시,일반,1등급,75,2018,https://api.odcloud.kr/api/15072696/v1/uddi:ef2810b1-0856-4b7e-aa78-88e3c58c1a38,PUB-010_시도별_장기요양판정
여자,세종특별자치시,일반,2등급,150,2018,https://api.odcloud.kr/api/15072696/v1/uddi:ef2810b1-0856-4b7e-aa78-88e3c58c1a38,PUB-010_시도별_장기요양판정
여자,세종특별자치시,일반,3등급,361,2018,https://api.odcloud.kr/api/15072696/v1/uddi:ef2810b1-0856-4b7e-aa78-88e3c58c1a38,PUB-010_시도별_장기요양판정
여자,세종특별자치시,일반,4등급,484,2018,https://api.odcloud.kr/api/15072696/v1/uddi:ef2810b1-0856-4b7e-aa78-88e3c58c1a38,PUB-010_시도별_장기요양판정
여자,세종특별자치시,일반,5등급,114,2018,https://api.odcloud.kr/api/15072696/v1/uddi:ef2810b1-0856-4b7e-aa78-88e3c58c1a38,PUB-010_시도별_장기요양판정
여자,세종특별자치시,일반,등급외,261,2018,https://api.odcloud.kr/api/15072696/v1/uddi:ef2810b1-0856-4b7e-aa78-88e3c58c1a38,PUB-010_시도별_장기요양판정
여자,세종특별자치시,경감,1등급,39,2018,https://api.odcloud.kr/api/15072696/v1/uddi:ef2810b1-0856-4b7e-aa78-88e3c58c1a38,PUB-010_시도별_장기요양판정
여자,세종특별자치시,경감,2등급,94,2018,https://api.odcloud.kr/api/15072696/v1/uddi:ef2810b1-0856-4b7e-aa78-88e3c58c1a38,PUB-010_시도별_장기요양판정
여자,세종특별자치시,경감,3등급,208,2018,https://api.odcloud.kr/api/15072696/v1/uddi:ef2810b1-0856-4b7e-aa78-88e3c58c1a38,PUB-010_시도별_장기요양판정
여자,세종특별자치시,경감,4등급,202,2018,https://api.odcloud.kr/api/15072696/v1/uddi:ef2810b1-0856-4b7e-aa78-88e3c58c1a38,PUB-010_시도별_장기요양판정
여자,세종특별자치시,경감,5등급,53,2018,https://api.odcloud.kr/api/15072696/v1/uddi:ef2810b1-0856-4b7e-aa78-88e3c58c1a38,PUB-010_시도별_장기요양판정
여자,세종특별자치시,경감,등급외,13,2018,https://api.odcloud.kr/api/15072696/v1/uddi:ef2810b1-0856-4b7e-aa78-88e3c58c1a38,PUB-010_시도별_장기요양판정
여자,세종특별자치시,의료급여,2등급,3,2018,https://api.odcloud.kr/api/15072696/v1/uddi:ef2810b1-0856-4b7e-aa78-88e3c58c1a38,PUB-010_시도별_장기요양판정
여자,세종특별자치시,의료급여,3등급,8,2018,https://api.odcloud.kr/api/15072696/v1/uddi:ef2810b1-0856-4b7e-aa78-88e3c58c1a38,PUB-010_시도별_장기요양판정
여자,세종특별자치시,의료급여,4등급,8,2018,https://api.odcloud.kr/api/15072696/v1/uddi:ef2810b1-0856-4b7e-aa78-88e3c58c1a38,PUB-010_시도별_장기요양판정
여자,세종특별자치시,의료급여,5등급,0,2018,https://api.odcloud.kr/api/15072696/v1/uddi:ef2810b1-0856-4b7e-aa78-88e3c58c1a38,PUB-010_시도별_장기요양판정
여자,세종특별자치시,의료급여,등급외,6,2018,https://api.odcloud.kr/api/15072696/v1/uddi:ef2810b1-0856-4b7e-aa78-88e3c58c1a38,PUB-010_시도별_장기요양판정
여자,세종특별자치시,기초수급,1등급,16,2018,https://api.odcloud.kr/api/15072696/v1/uddi:ef2810b1-0856-4b7e-aa78-88e3c58c1a38,PUB-010_시도별_장기요양판정
여자,세종특별자치시,기초수급,2등급,24,2018,https://api.odcloud.kr/api/15072696/v1/uddi:ef2810b1-0856-4b7e-aa78-88e3c58c1a38,PUB-010_시도별_장기요양판정
여자,세종특별자치시,기초수급,3등급,52,2018,https://api.odcloud.kr/api/15072696/v1/uddi:ef2810b1-0856-4b7e-aa78-88e3c58c1a38,PUB-010_시도별_장기요양판정
여자,세종특별자치시,기초수급,4등급,60,2018,https://api.odcloud.kr/api/15072696/v1/uddi:ef2810b1-0856-4b7e-aa78-88e3c58c1a38,PUB-010_시도별_장기요양판정
여자,세종특별자치시,기초수급,5등급,10,2018,https://api.odcloud.kr/api/15072696/v1/uddi:ef2810b1-0856-4b7e-aa78-88e3c58c1a38,PUB-010_시도별_장기요양판정
여자,세종특별자치시,기초수급,등급외,75,2018,https://api.odcloud.kr/api/15072696/v1/uddi:ef2810b1-0856-4b7e-aa78-88e3c58c1a38,PUB-010_시도별_장기요양판정
남자,경기도,일반,1등급,1534,2018,https://api.odcloud.kr/api/15072696/v1/uddi:ef2810b1-0856-4b7e-aa78-88e3c58c1a38,PUB-010_시도별_장기요양판정
남자,경기도,일반,2등급,2396,2018,https://api.odcloud.kr/api/15072696/v1/uddi:ef2810b1-0856-4b7e-aa78-88e3c58c1a38,PUB-010_시도별_장기요양판정
남자,경기도,일반,3등급,7099,2018,https://api.odcloud.kr/api/15072696/v1/uddi:ef2810b1-0856-4b7e-aa78-88e3c58c1a38,PUB-010_시도별_장기요양판정
남자,경기도,일반,4등급,7333,2018,https://api.odcloud.kr/api/15072696/v1/uddi:ef2810b1-0856-4b7e-aa78-88e3c58c1a38,PUB-010_시도별_장기요양판정
남자,경기도,일반,5등급,1728,2018,https://api.odcloud.kr/api/15072696/v1/uddi:ef2810b1-0856-4b7e-aa78-88e3c58c1a38,PUB-010_시도별_장기요양판정
남자,경기도,일반,등급외,4829,2018,https://api.odcloud.kr/api/15072696/v1/uddi:ef2810b1-0856-4b7e-aa78-88e3c58c1a38,PUB-010_시도별_장기요양판정
남자,경기도,경감,1등급,891,2018,https://api.odcloud.kr/api/15072696/v1/uddi:ef2810b1-0856-4b7e-aa78-88e3c58c1a38,PUB-010_시도별_장기요양판정
남자,경기도,경감,2등급,1581,2018,https://api.odcloud.kr/api/15072696/v1/uddi:ef2810b1-0856-4b7e-aa78-88e3c58c1a38,PUB-010_시도별_장기요양판정
남자,경기도,경감,3등급,4602,2018,https://api.odcloud.kr/api/15072696/v1/uddi:ef2810b1-0856-4b7e-aa78-88e3c58c1a38,PUB-010_시도별_장기요양판정
남자,경기도,경감,4등급,4646,2018,https://api.odcloud.kr/api/15072696/v1/uddi:ef2810b1-0856-4b7e-aa78-88e3c58c1a38,PUB-010_시도별_장기요양판정
남자,경기도,경감,5등급,1074,2018,https://api.odcloud.kr/api/15072696/v1/uddi:ef2810b1-0856-4b7e-aa78-88e3c58c1a38,PUB-010_시도별_장기요양판정
남자,경기도,경감,등급외,228,2018,https://api.odcloud.kr/api/15072696/v1/uddi:ef2810b1-0856-4b7e-aa78-88e3c58c1a38,PUB-010_시도별_장기요양판정
남자,경기도,의료급여,1등급,26,2018,https://api.odcloud.kr/api/15072696/v1/uddi:ef2810b1-0856-4b7e-aa78-88e3c58c1a38,PUB-010_시도별_장기요양판정
남자,경기도,의료급여,2등급,55,2018,https://api.odcloud.kr/api/15072696/v1/uddi:ef2810b1-0856-4b7e-aa78-88e3c58c1a38,PUB-010_시도별_장기요양판정
남자,경기도,의료급여,3등급,135,2018,https://api.odcloud.kr/api/15072696/v1/uddi:ef2810b1-0856-4b7e-aa78-88e3c58c1a38,PUB-010_시도별_장기요양판정
남자,경기도,의료급여,4등급,150,2018,https://api.odcloud.kr/api/15072696/v1/uddi:ef2810b1-0856-4b7e-aa78-88e3c58c1a38,PUB-010_시도별_장기요양판정
남자,경기도,의료급여,5등급,40,2018,https://api.odcloud.kr/api/15072696/v1/uddi:ef2810b1-0856-4b7e-aa78-88e3c58c1a38,PUB-010_시도별_장기요양판정
남자,경기도,의료급여,등급외,92,2018,https://api.odcloud.kr/api/15072696/v1/uddi:ef2810b1-0856-4b7e-aa78-88e3c58c1a38,PUB-010_시도별_장기요양판정
남자,경기도,기초수급,1등급,420,2018,https://api.odcloud.kr/api/15072696/v1/uddi:ef2810b1-0856-4b7e-aa78-88e3c58c1a38,PUB-010_시도별_장기요양판정
남자,경기도,기초수급,2등급,649,2018,https://api.odcloud.kr/api/15072696/v1/uddi:ef2810b1-0856-4b7e-aa78-88e3c58c1a38,PUB-010_시도별_장기요양판정
남자,경기도,기초수급,3등급,1968,2018,https://api.odcloud.kr/api/15072696/v1/uddi:ef2810b1-0856-4b7e-aa78-88e3c58c1a38,PUB-010_시도별_장기요양판정
남자,경기도,기초수급,4등급,2515,2018,https://api.odcloud.kr/api/15072696/v1/uddi:ef2810b1-0856-4b7e-aa78-88e3c58c1a38,PUB-010_시도별_장기요양판정
남자,경기도,기초수급,5등급,496,2018,https://api.odcloud.kr/api/15072696/v1/uddi:ef2810b1-0856-4b7e-aa78-88e3c58c1a38,PUB-010_시도별_장기요양판정
남자,경기도,기초수급,등급외,2361,2018,https://api.odcloud.kr/api/15072696/v1/uddi:ef2810b1-0856-4b7e-aa78-88e3c58c1a38,PUB-010_시도별_장기요양판정
여자,경기도,일반,1등급,3723,2018,https://api.odcloud.kr/api/15072696/v1/uddi:ef2810b1-0856-4b7e-aa78-88e3c58c1a38,PUB-010_시도별_장기요양판정
여자,경기도,일반,2등급,6474,2018,https://api.odcloud.kr/api/15072696/v1/uddi:ef2810b1-0856-4b7e-aa78-88e3c58c1a38,PUB-010_시도별_장기요양판정
여자,경기도,일반,3등급,16789,2018,https://api.odcloud.kr/api/15072696/v1/uddi:ef2810b1-0856-4b7e-aa78-88e3c58c1a38,PUB-010_시도별_장기요양판정
여자,경기도,일반,4등급,18104,2018,https://api.odcloud.kr/api/15072696/v1/uddi:ef2810b1-0856-4b7e-aa78-88e3c58c1a38,PUB-010_시도별_장기요양판정
여자,경기도,일반,5등급,4409,2018,https://api.odcloud.kr/api/15072696/v1/uddi:ef2810b1-0856-4b7e-aa78-88e3c58c1a38,PUB-010_시도별_장기요양판정
여자,경기도,일반,등급외,12418,2018,https://api.odcloud.kr/api/15072696/v1/uddi:ef2810b1-0856-4b7e-aa78-88e3c58c1a38,PUB-010_시도별_장기요양판정
여자,경기도,경감,1등급,2537,2018,https://api.odcloud.kr/api/15072696/v1/uddi:ef2810b1-0856-4b7e-aa78-88e3c58c1a38,PUB-010_시도별_장기요양판정
여자,경기도,경감,2등급,4984,2018,https://api.odcloud.kr/api/15072696/v1/uddi:ef2810b1-0856-4b7e-aa78-88e3c58c1a38,PUB-010_시도별_장기요양판정
여자,경기도,경감,3등급,12277,2018,https://api.odcloud.kr/api/15072696/v1/uddi:ef2810b1-0856-4b7e-aa78-88e3c58c1a38,PUB-010_시도별_장기요양판정
여자,경기도,경감,4등급,12323,2018,https://api.odcloud.kr/api/15072696/v1/uddi:ef2810b1-0856-4b7e-aa78-88e3c58c1a38,PUB-010_시도별_장기요양판정
여자,경기도,경감,5등급,2853,2018,https://api.odcloud.kr/api/15072696/v1/uddi:ef2810b1-0856-4b7e-aa78-88e3c58c1a38,PUB-010_시도별_장기요양판정
여자,경기도,경감,등급외,531,2018,https://api.odcloud.kr/api/15072696/v1/uddi:ef2810b1-0856-4b7e-aa78-88e3c58c1a38,PUB-010_시도별_장기요양판정
여자,경기도,의료급여,1등급,61,2018,https://api.odcloud.kr/api/15072696/v1/uddi:ef2810b1-0856-4b7e-aa78-88e3c58c1a38,PUB-010_시도별_장기요양판정
여자,경기도,의료급여,2등급,152,2018,https://api.odcloud.kr/api/15072696/v1/uddi:ef2810b1-0856-4b7e-aa78-88e3c58c1a38,PUB-010_시도별_장기요양판정
여자,경기도,의료급여,3등급,423,2018,https://api.odcloud.kr/api/15072696/v1/uddi:ef2810b1-0856-4b7e-aa78-88e3c58c1a38,PUB-010_시도별_장기요양판정
여자,경기도,의료급여,4등급,420,2018,https://api.odcloud.kr/api/15072696/v1/uddi:ef2810b1-0856-4b7e-aa78-88e3c58c1a38,PUB-010_시도별_장기요양판정
여자,경기도,의료급여,5등급,76,2018,https://api.odcloud.kr/api/15072696/v1/uddi:ef2810b1-0856-4b7e-aa78-88e3c58c1a38,PUB-010_시도별_장기요양판정
여자,경기도,의료급여,등급외,167,2018,https://api.odcloud.kr/api/15072696/v1/uddi:ef2810b1-0856-4b7e-aa78-88e3c58c1a38,PUB-010_시도별_장기요양판정
여자,경기도,기초수급,1등급,1124,2018,https://api.odcloud.kr/api/15072696/v1/uddi:ef2810b1-0856-4b7e-aa78-88e3c58c1a38,PUB-010_시도별_장기요양판정
여자,경기도,기초수급,2등급,1963,2018,https://api.odcloud.kr/api/15072696/v1/uddi:ef2810b1-0856-4b7e-aa78-88e3c58c1a38,PUB-010_시도별_장기요양판정
여자,경기도,기초수급,3등급,4869,2018,https://api.odcloud.kr/api/15072696/v1/uddi:ef2810b1-0856-4b7e-aa78-88e3c58c1a38,PUB-010_시도별_장기요양판정
여자,경기도,기초수급,4등급,6032,2018,https://api.odcloud.kr/api/15072696/v1/uddi:ef2810b1-0856-4b7e-aa78-88e3c58c1a38,PUB-010_시도별_장기요양판정
여자,경기도,기초수급,5등급,1162,2018,https://api.odcloud.kr/api/15072696/v1/uddi:ef2810b1-0856-4b7e-aa78-88e3c58c1a38,PUB-010_시도별_장기요양판정
여자,경기도,기초수급,등급외,4725,2018,https://api.odcloud.kr/api/15072696/v1/uddi:ef2810b1-0856-4b7e-aa78-88e3c58c1a38,PUB-010_시도별_장기요양판정
남자,강원도,일반,1등급,303,2018,https://api.odcloud.kr/api/15072696/v1/uddi:ef2810b1-0856-4b7e-aa78-88e3c58c1a38,PUB-010_시도별_장기요양판정
남자,강원도,일반,2등급,561,2018,https://api.odcloud.kr/api/15072696/v1/uddi:ef2810b1-0856-4b7e-aa78-88e3c58c1a38,PUB-010_시도별_장기요양판정
남자,강원도,일반,3등급,1251,2018,https://api.odcloud.kr/api/15072696/v1/uddi:ef2810b1-0856-4b7e-aa78-88e3c58c1a38,PUB-010_시도별_장기요양판정
남자,강원도,일반,4등급,1119,2018,https://api.odcloud.kr/api/15072696/v1/uddi:ef2810b1-0856-4b7e-aa78-88e3c58c1a38,PUB-010_시도별_장기요양판정
남자,강원도,일반,5등급,210,2018,https://api.odcloud.kr/api/15072696/v1/uddi:ef2810b1-0856-4b7e-aa78-88e3c58c1a38,PUB-010_시도별_장기요양판정
남자,강원도,일반,등급외,1196,2018,https://api.odcloud.kr/api/15072696/v1/uddi:ef2810b1-0856-4b7e-aa78-88e3c58c1a38,PUB-010_시도별_장기요양판정
남자,강원도,경감,1등급,242,2018,https://api.odcloud.kr/api/15072696/v1/uddi:ef2810b1-0856-4b7e-aa78-88e3c58c1a38,PUB-010_시도별_장기요양판정
남자,강원도,경감,2등급,419,2018,https://api.odcloud.kr/api/15072696/v1/uddi:ef2810b1-0856-4b7e-aa78-88e3c58c1a38,PUB-010_시도별_장기요양판정
남자,강원도,경감,3등급,1017,2018,https://api.odcloud.kr/api/15072696/v1/uddi:ef2810b1-0856-4b7e-aa78-88e3c58c1a38,PUB-010_시도별_장기요양판정
남자,강원도,경감,4등급,782,2018,https://api.odcloud.kr/api/15072696/v1/uddi:ef2810b1-0856-4b7e-aa78-88e3c58c1a38,PUB-010_시도별_장기요양판정
남자,강원도,경감,5등급,125,2018,https://api.odcloud.kr/api/15072696/v1/uddi:ef2810b1-0856-4b7e-aa78-88e3c58c1a38,PUB-010_시도별_장기요양판정
남자,강원도,경감,등급외,70,2018,https://api.odcloud.kr/api/15072696/v1/uddi:ef2810b1-0856-4b7e-aa78-88e3c58c1a38,PUB-010_시도별_장기요양판정
남자,강원도,의료급여,1등급,11,2018,https://api.odcloud.kr/api/15072696/v1/uddi:ef2810b1-0856-4b7e-aa78-88e3c58c1a38,PUB-010_시도별_장기요양판정
남자,강원도,의료급여,2등급,24,2018,https://api.odcloud.kr/api/15072696/v1/uddi:ef2810b1-0856-4b7e-aa78-88e3c58c1a38,PUB-010_시도별_장기요양판정
남자,강원도,의료급여,3등급,37,2018,https://api.odcloud.kr/api/15072696/v1/uddi:ef2810b1-0856-4b7e-aa78-88e3c58c1a38,PUB-010_시도별_장기요양판정
남자,강원도,의료급여,4등급,44,2018,https://api.odcloud.kr/api/15072696/v1/uddi:ef2810b1-0856-4b7e-aa78-88e3c58c1a38,PUB-010_시도별_장기요양판정
남자,강원도,의료급여,5등급,3,2018,https://api.odcloud.kr/api/15072696/v1/uddi:ef2810b1-0856-4b7e-aa78-88e3c58c1a38,PUB-010_시도별_장기요양판정
남자,강원도,의료급여,등급외,26,2018,https://api.odcloud.kr/api/15072696/v1/uddi:ef2810b1-0856-4b7e-aa78-88e3c58c1a38,PUB-010_시도별_장기요양판정
남자,강원도,기초수급,1등급,142,2018,https://api.odcloud.kr/api/15072696/v1/uddi:ef2810b1-0856-4b7e-aa78-88e3c58c1a38,PUB-010_시도별_장기요양판정
남자,강원도,기초수급,2등급,203,2018,https://api.odcloud.kr/api/15072696/v1/uddi:ef2810b1-0856-4b7e-aa78-88e3c58c1a38,PUB-010_시도별_장기요양판정
남자,강원도,기초수급,3등급,518,2018,https://api.odcloud.kr/api/15072696/v1/uddi:ef2810b1-0856-4b7e-aa78-88e3c58c1a38,PUB-010_시도별_장기요양판정
남자,강원도,기초수급,4등급,574,2018,https://api.odcloud.kr/api/15072696/v1/uddi:ef2810b1-0856-4b7e-aa78-88e3c58c1a38,PUB-010_시도별_장기요양판정
남자,강원도,기초수급,5등급,66,2018,https://api.odcloud.kr/api/15072696/v1/uddi:ef2810b1-0856-4b7e-aa78-88e3c58c1a38,PUB-010_시도별_장기요양판정
남자,강원도,기초수급,등급외,641,2018,https://api.odcloud.kr/api/15072696/v1/uddi:ef2810b1-0856-4b7e-aa78-88e3c58c1a38,PUB-010_시도별_장기요양판정
여자,강원도,일반,1등급,707,2018,https://api.odcloud.kr/api/15072696/v1/uddi:ef2810b1-0856-4b7e-aa78-88e3c58c1a38,PUB-010_시도별_장기요양판정
여자,강원도,일반,2등급,1330,2018,https://api.odcloud.kr/api/15072696/v1/uddi:ef2810b1-0856-4b7e-aa78-88e3c58c1a38,PUB-010_시도별_장기요양판정
여자,강원도,일반,3등급,2899,2018,https://api.odcloud.kr/api/15072696/v1/uddi:ef2810b1-0856-4b7e-aa78-88e3c58c1a38,PUB-010_시도별_장기요양판정
여자,강원도,일반,4등급,2869,2018,https://api.odcloud.kr/api/15072696/v1/uddi:ef2810b1-0856-4b7e-aa78-88e3c58c1a38,PUB-010_시도별_장기요양판정
여자,강원도,일반,5등급,530,2018,https://api.odcloud.kr/api/15072696/v1/uddi:ef2810b1-0856-4b7e-aa78-88e3c58c1a38,PUB-010_시도별_장기요양판정
여자,강원도,일반,등급외,2930,2018,https://api.odcloud.kr/api/15072696/v1/uddi:ef2810b1-0856-4b7e-aa78-88e3c58c1a38,PUB-010_시도별_장기요양판정
여자,강원도,경감,1등급,657,2018,https://api.odcloud.kr/api/15072696/v1/uddi:ef2810b1-0856-4b7e-aa78-88e3c58c1a38,PUB-010_시도별_장기요양판정
여자,강원도,경감,2등급,1201,2018,https://api.odcloud.kr/api/15072696/v1/uddi:ef2810b1-0856-4b7e-aa78-88e3c58c1a38,PUB-010_시도별_장기요양판정
여자,강원도,경감,3등급,2640,2018,https://api.odcloud.kr/api/15072696/v1/uddi:ef2810b1-0856-4b7e-aa78-88e3c58c1a38,PUB-010_시도별_장기요양판정
여자,강원도,경감,4등급,2484,2018,https://api.odcloud.kr/api/15072696/v1/uddi:ef2810b1-0856-4b7e-aa78-88e3c58c1a38,PUB-010_시도별_장기요양판정
여자,강원도,경감,5등급,437,2018,https://api.odcloud.kr/api/15072696/v1/uddi:ef2810b1-0856-4b7e-aa78-88e3c58c1a38,PUB-010_시도별_장기요양판정
여자,강원도,경감,등급외,178,2018,https://api.odcloud.kr/api/15072696/v1/uddi:ef2810b1-0856-4b7e-aa78-88e3c58c1a38,PUB-010_시도별_장기요양판정
여자,강원도,의료급여,1등급,19,2018,https://api.odcloud.kr/api/15072696/v1/uddi:ef2810b1-0856-4b7e-aa78-88e3c58c1a38,PUB-010_시도별_장기요양판정
여자,강원도,의료급여,2등급,53,2018,https://api.odcloud.kr/api/15072696/v1/uddi:ef2810b1-0856-4b7e-aa78-88e3c58c1a38,PUB-010_시도별_장기요양판정
여자,강원도,의료급여,3등급,117,2018,https://api.odcloud.kr/api/15072696/v1/uddi:ef2810b1-0856-4b7e-aa78-88e3c58c1a38,PUB-010_시도별_장기요양판정
여자,강원도,의료급여,4등급,119,2018,https://api.odcloud.kr/api/15072696/v1/uddi:ef2810b1-0856-4b7e-aa78-88e3c58c1a38,PUB-010_시도별_장기요양판정
여자,강원도,의료급여,5등급,19,2018,https://api.odcloud.kr/api/15072696/v1/uddi:ef2810b1-0856-4b7e-aa78-88e3c58c1a38,PUB-010_시도별_장기요양판정
여자,강원도,의료급여,등급외,85,2018,https://api.odcloud.kr/api/15072696/v1/uddi:ef2810b1-0856-4b7e-aa78-88e3c58c1a38,PUB-010_시도별_장기요양판정
여자,강원도,기초수급,1등급,347,2018,https://api.odcloud.kr/api/15072696/v1/uddi:ef2810b1-0856-4b7e-aa78-88e3c58c1a38,PUB-010_시도별_장기요양판정
여자,강원도,기초수급,2등급,585,2018,https://api.odcloud.kr/api/15072696/v1/uddi:ef2810b1-0856-4b7e-aa78-88e3c58c1a38,PUB-010_시도별_장기요양판정
여자,강원도,기초수급,3등급,1262,2018,https://api.odcloud.kr/api/15072696/v1/uddi:ef2810b1-0856-4b7e-aa78-88e3c58c1a38,PUB-010_시도별_장기요양판정
여자,강원도,기초수급,4등급,1237,2018,https://api.odcloud.kr/api/15072696/v1/uddi:ef2810b1-0856-4b7e-aa78-88e3c58c1a38,PUB-010_시도별_장기요양판정
여자,강원도,기초수급,5등급,163,2018,https://api.odcloud.kr/api/15072696/v1/uddi:ef2810b1-0856-4b7e-aa78-88e3c58c1a38,PUB-010_시도별_장기요양판정
여자,강원도,기초수급,등급외,1302,2018,https://api.odcloud.kr/api/15072696/v1/uddi:ef2810b1-0856-4b7e-aa78-88e3c58c1a38,PUB-010_시도별_장기요양판정
남자,충청북도,일반,1등급,230,2018,https://api.odcloud.kr/api/15072696/v1/uddi:ef2810b1-0856-4b7e-aa78-88e3c58c1a38,PUB-010_시도별_장기요양판정
남자,충청북도,일반,2등급,438,2018,https://api.odcloud.kr/api/15072696/v1/uddi:ef2810b1-0856-4b7e-aa78-88e3c58c1a38,PUB-010_시도별_장기요양판정
남자,충청북도,일반,3등급,1028,2018,https://api.odcloud.kr/api/15072696/v1/uddi:ef2810b1-0856-4b7e-aa78-88e3c58c1a38,PUB-010_시도별_장기요양판정
남자,충청북도,일반,4등급,1134,2018,https://api.odcloud.kr/api/15072696/v1/uddi:ef2810b1-0856-4b7e-aa78-88e3c58c1a38,PUB-010_시도별_장기요양판정
남자,충청북도,일반,5등급,292,2018,https://api.odcloud.kr/api/15072696/v1/uddi:ef2810b1-0856-4b7e-aa78-88e3c58c1a38,PUB-010_시도별_장기요양판정
남자,충청북도,일반,등급외,1042,2018,https://api.odcloud.kr/api/15072696/v1/uddi:ef2810b1-0856-4b7e-aa78-88e3c58c1a38,PUB-010_시도별_장기요양판정
남자,충청북도,경감,1등급,137,2018,https://api.odcloud.kr/api/15072696/v1/uddi:ef2810b1-0856-4b7e-aa78-88e3c58c1a38,PUB-010_시도별_장기요양판정
남자,충청북도,경감,2등급,343,2018,https://api.odcloud.kr/api/15072696/v1/uddi:ef2810b1-0856-4b7e-aa78-88e3c58c1a38,PUB-010_시도별_장기요양판정
남자,충청북도,경감,3등급,727,2018,https://api.odcloud.kr/api/15072696/v1/uddi:ef2810b1-0856-4b7e-aa78-88e3c58c1a38,PUB-010_시도별_장기요양판정
남자,충청북도,경감,4등급,770,2018,https://api.odcloud.kr/api/15072696/v1/uddi:ef2810b1-0856-4b7e-aa78-88e3c58c1a38,PUB-010_시도별_장기요양판정
남자,충청북도,경감,5등급,164,2018,https://api.odcloud.kr/api/15072696/v1/uddi:ef2810b1-0856-4b7e-aa78-88e3c58c1a38,PUB-010_시도별_장기요양판정
남자,충청북도,경감,등급외,38,2018,https://api.odcloud.kr/api/15072696/v1/uddi:ef2810b1-0856-4b7e-aa78-88e3c58c1a38,PUB-010_시도별_장기요양판정
남자,충청북도,의료급여,1등급,4,2018,https://api.odcloud.kr/api/15072696/v1/uddi:ef2810b1-0856-4b7e-aa78-88e3c58c1a38,PUB-010_시도별_장기요양판정
남자,충청북도,의료급여,2등급,12,2018,https://api.odcloud.kr/api/15072696/v1/uddi:ef2810b1-0856-4b7e-aa78-88e3c58c1a38,PUB-010_시도별_장기요양판정
남자,충청북도,의료급여,3등급,35,2018,https://api.odcloud.kr/api/15072696/v1/uddi:ef2810b1-0856-4b7e-aa78-88e3c58c1a38,PUB-010_시도별_장기요양판정
남자,충청북도,의료급여,4등급,34,2018,https://api.odcloud.kr/api/15072696/v1/uddi:ef2810b1-0856-4b7e-aa78-88e3c58c1a38,PUB-010_시도별_장기요양판정
남자,충청북도,의료급여,5등급,8,2018,https://api.odcloud.kr/api/15072696/v1/uddi:ef2810b1-0856-4b7e-aa78-88e3c58c1a38,PUB-010_시도별_장기요양판정
남자,충청북도,의료급여,등급외,24,2018,https://api.odcloud.kr/api/15072696/v1/uddi:ef2810b1-0856-4b7e-aa78-88e3c58c1a38,PUB-010_시도별_장기요양판정
남자,충청북도,기초수급,1등급,107,2018,https://api.odcloud.kr/api/15072696/v1/uddi:ef2810b1-0856-4b7e-aa78-88e3c58c1a38,PUB-010_시도별_장기요양판정
남자,충청북도,기초수급,2등급,135,2018,https://api.odcloud.kr/api/15072696/v1/uddi:ef2810b1-0856-4b7e-aa78-88e3c58c1a38,PUB-010_시도별_장기요양판정
남자,충청북도,기초수급,3등급,331,2018,https://api.odcloud.kr/api/15072696/v1/uddi:ef2810b1-0856-4b7e-aa78-88e3c58c1a38,PUB-010_시도별_장기요양판정
남자,충청북도,기초수급,4등급,417,2018,https://api.odcloud.kr/api/15072696/v1/uddi:ef2810b1-0856-4b7e-aa78-88e3c58c1a38,PUB-010_시도별_장기요양판정
남자,충청북도,기초수급,5등급,61,2018,https://api.odcloud.kr/api/15072696/v1/uddi:ef2810b1-0856-4b7e-aa78-88e3c58c1a38,PUB-010_시도별_장기요양판정
남자,충청북도,기초수급,등급외,480,2018,https://api.odcloud.kr/api/15072696/v1/uddi:ef2810b1-0856-4b7e-aa78-88e3c58c1a38,PUB-010_시도별_장기요양판정
여자,충청북도,일반,1등급,598,2018,https://api.odcloud.kr/api/15072696/v1/uddi:ef2810b1-0856-4b7e-aa78-88e3c58c1a38,PUB-010_시도별_장기요양판정
여자,충청북도,일반,2등급,1243,2018,https://api.odcloud.kr/api/15072696/v1/uddi:ef2810b1-0856-4b7e-aa78-88e3c58c1a38,PUB-010_시도별_장기요양판정
여자,충청북도,일반,3등급,2743,2018,https://api.odcloud.kr/api/15072696/v1/uddi:ef2810b1-0856-4b7e-aa78-88e3c58c1a38,PUB-010_시도별_장기요양판정
여자,충청북도,일반,4등급,3057,2018,https://api.odcloud.kr/api/15072696/v1/uddi:ef2810b1-0856-4b7e-aa78-88e3c58c1a38,PUB-010_시도별_장기요양판정
여자,충청북도,일반,5등급,707,2018,https://api.odcloud.kr/api/15072696/v1/uddi:ef2810b1-0856-4b7e-aa78-88e3c58c1a38,PUB-010_시도별_장기요양판정
여자,충청북도,일반,등급외,2498,2018,https://api.odcloud.kr/api/15072696/v1/uddi:ef2810b1-0856-4b7e-aa78-88e3c58c1a38,PUB-010_시도별_장기요양판정
여자,충청북도,경감,1등급,462,2018,https://api.odcloud.kr/api/15072696/v1/uddi:ef2810b1-0856-4b7e-aa78-88e3c58c1a38,PUB-010_시도별_장기요양판정
여자,충청북도,경감,2등급,1146,2018,https://api.odcloud.kr/api/15072696/v1/uddi:ef2810b1-0856-4b7e-aa78-88e3c58c1a38,PUB-010_시도별_장기요양판정
여자,충청북도,경감,3등급,2311,2018,https://api.odcloud.kr/api/15072696/v1/uddi:ef2810b1-0856-4b7e-aa78-88e3c58c1a38,PUB-010_시도별_장기요양판정
여자,충청북도,경감,4등급,2369,2018,https://api.odcloud.kr/api/15072696/v1/uddi:ef2810b1-0856-4b7e-aa78-88e3c58c1a38,PUB-010_시도별_장기요양판정
여자,충청북도,경감,5등급,532,2018,https://api.odcloud.kr/api/15072696/v1/uddi:ef2810b1-0856-4b7e-aa78-88e3c58c1a38,PUB-010_시도별_장기요양판정
여자,충청북도,경감,등급외,117,2018,https://api.odcloud.kr/api/15072696/v1/uddi:ef2810b1-0856-4b7e-aa78-88e3c58c1a38,PUB-010_시도별_장기요양판정
여자,충청북도,의료급여,1등급,24,2018,https://api.odcloud.kr/api/15072696/v1/uddi:ef2810b1-0856-4b7e-aa78-88e3c58c1a38,PUB-010_시도별_장기요양판정
여자,충청북도,의료급여,2등급,41,2018,https://api.odcloud.kr/api/15072696/v1/uddi:ef2810b1-0856-4b7e-aa78-88e3c58c1a38,PUB-010_시도별_장기요양판정
여자,충청북도,의료급여,3등급,83,2018,https://api.odcloud.kr/api/15072696/v1/uddi:ef2810b1-0856-4b7e-aa78-88e3c58c1a38,PUB-010_시도별_장기요양판정
여자,충청북도,의료급여,4등급,91,2018,https://api.odcloud.kr/api/15072696/v1/uddi:ef2810b1-0856-4b7e-aa78-88e3c58c1a38,PUB-010_시도별_장기요양판정
여자,충청북도,의료급여,5등급,23,2018,https://api.odcloud.kr/api/15072696/v1/uddi:ef2810b1-0856-4b7e-aa78-88e3c58c1a38,PUB-010_시도별_장기요양판정
여자,충청북도,의료급여,등급외,42,2018,https://api.odcloud.kr/api/15072696/v1/uddi:ef2810b1-0856-4b7e-aa78-88e3c58c1a38,PUB-010_시도별_장기요양판정
여자,충청북도,기초수급,1등급,218,2018,https://api.odcloud.kr/api/15072696/v1/uddi:ef2810b1-0856-4b7e-aa78-88e3c58c1a38,PUB-010_시도별_장기요양판정
여자,충청북도,기초수급,2등급,423,2018,https://api.odcloud.kr/api/15072696/v1/uddi:ef2810b1-0856-4b7e-aa78-88e3c58c1a38,PUB-010_시도별_장기요양판정
여자,충청북도,기초수급,3등급,816,2018,https://api.odcloud.kr/api/15072696/v1/uddi:ef2810b1-0856-4b7e-aa78-88e3c58c1a38,PUB-010_시도별_장기요양판정
여자,충청북도,기초수급,4등급,966,2018,https://api.odcloud.kr/api/15072696/v1/uddi:ef2810b1-0856-4b7e-aa78-88e3c58c1a38,PUB-010_시도별_장기요양판정
여자,충청북도,기초수급,5등급,178,2018,https://api.odcloud.kr/api/15072696/v1/uddi:ef2810b1-0856-4b7e-aa78-88e3c58c1a38,PUB-010_시도별_장기요양판정
여자,충청북도,기초수급,등급외,889,2018,https://api.odcloud.kr/api/15072696/v1/uddi:ef2810b1-0856-4b7e-aa78-88e3c58c1a38,PUB-010_시도별_장기요양판정
남자,충청남도,일반,1등급,301,2018,https://api.odcloud.kr/api/15072696/v1/uddi:ef2810b1-0856-4b7e-aa78-88e3c58c1a38,PUB-010_시도별_장기요양판정
남자,충청남도,일반,2등급,681,2018,https://api.odcloud.kr/api/15072696/v1/uddi:ef2810b1-0856-4b7e-aa78-88e3c58c1a38,PUB-010_시도별_장기요양판정
남자,충청남도,일반,3등급,1677,2018,https://api.odcloud.kr/api/15072696/v1/uddi:ef2810b1-0856-4b7e-aa78-88e3c58c1a38,PUB-010_시도별_장기요양판정
남자,충청남도,일반,4등급,2317,2018,https://api.odcloud.kr/api/15072696/v1/uddi:ef2810b1-0856-4b7e-aa78-88e3c58c1a38,PUB-010_시도별_장기요양판정
남자,충청남도,일반,5등급,478,2018,https://api.odcloud.kr/api/15072696/v1/uddi:ef2810b1-0856-4b7e-aa78-88e3c58c1a38,PUB-010_시도별_장기요양판정
남자,충청남도,일반,등급외,1956,2018,https://api.odcloud.kr/api/15072696/v1/uddi:ef2810b1-0856-4b7e-aa78-88e3c58c1a38,PUB-010_시도별_장기요양판정
남자,충청남도,경감,1등급,222,2018,https://api.odcloud.kr/api/15072696/v1/uddi:ef2810b1-0856-4b7e-aa78-88e3c58c1a38,PUB-010_시도별_장기요양판정
남자,충청남도,경감,2등급,481,2018,https://api.odcloud.kr/api/15072696/v1/uddi:ef2810b1-0856-4b7e-aa78-88e3c58c1a38,PUB-010_시도별_장기요양판정
남자,충청남도,경감,3등급,1084,2018,https://api.odcloud.kr/api/15072696/v1/uddi:ef2810b1-0856-4b7e-aa78-88e3c58c1a38,PUB-010_시도별_장기요양판정
남자,충청남도,경감,4등급,1386,2018,https://api.odcloud.kr/api/15072696/v1/uddi:ef2810b1-0856-4b7e-aa78-88e3c58c1a38,PUB-010_시도별_장기요양판정
남자,충청남도,경감,5등급,270,2018,https://api.odcloud.kr/api/15072696/v1/uddi:ef2810b1-0856-4b7e-aa78-88e3c58c1a38,PUB-010_시도별_장기요양판정
남자,충청남도,경감,등급외,68,2018,https://api.odcloud.kr/api/15072696/v1/uddi:ef2810b1-0856-4b7e-aa78-88e3c58c1a38,PUB-010_시도별_장기요양판정
남자,충청남도,의료급여,1등급,4,2018,https://api.odcloud.kr/api/15072696/v1/uddi:ef2810b1-0856-4b7e-aa78-88e3c58c1a38,PUB-010_시도별_장기요양판정
남자,충청남도,의료급여,2등급,10,2018,https://api.odcloud.kr/api/15072696/v1/uddi:ef2810b1-0856-4b7e-aa78-88e3c58c1a38,PUB-010_시도별_장기요양판정
남자,충청남도,의료급여,3등급,24,2018,https://api.odcloud.kr/api/15072696/v1/uddi:ef2810b1-0856-4b7e-aa78-88e3c58c1a38,PUB-010_시도별_장기요양판정
남자,충청남도,의료급여,4등급,41,2018,https://api.odcloud.kr/api/15072696/v1/uddi:ef2810b1-0856-4b7e-aa78-88e3c58c1a38,PUB-010_시도별_장기요양판정
남자,충청남도,의료급여,5등급,11,2018,https://api.odcloud.kr/api/15072696/v1/uddi:ef2810b1-0856-4b7e-aa78-88e3c58c1a38,PUB-010_시도별_장기요양판정
남자,충청남도,의료급여,등급외,32,2018,https://api.odcloud.kr/api/15072696/v1/uddi:ef2810b1-0856-4b7e-aa78-88e3c58c1a38,PUB-010_시도별_장기요양판정
남자,충청남도,기초수급,1등급,83,2018,https://api.odcloud.kr/api/15072696/v1/uddi:ef2810b1-0856-4b7e-aa78-88e3c58c1a38,PUB-010_시도별_장기요양판정
남자,충청남도,기초수급,2등급,160,2018,https://api.odcloud.kr/api/15072696/v1/uddi:ef2810b1-0856-4b7e-aa78-88e3c58c1a38,PUB-010_시도별_장기요양판정
남자,충청남도,기초수급,3등급,344,2018,https://api.odcloud.kr/api/15072696/v1/uddi:ef2810b1-0856-4b7e-aa78-88e3c58c1a38,PUB-010_시도별_장기요양판정
남자,충청남도,기초수급,4등급,577,2018,https://api.odcloud.kr/api/15072696/v1/uddi:ef2810b1-0856-4b7e-aa78-88e3c58c1a38,PUB-010_시도별_장기요양판정
남자,충청남도,기초수급,5등급,90,2018,https://api.odcloud.kr/api/15072696/v1/uddi:ef2810b1-0856-4b7e-aa78-88e3c58c1a38,PUB-010_시도별_장기요양판정
남자,충청남도,기초수급,등급외,610,2018,https://api.odcloud.kr/api/15072696/v1/uddi:ef2810b1-0856-4b7e-aa78-88e3c58c1a38,PUB-010_시도별_장기요양판정
여자,충청남도,일반,1등급,777,2018,https://api.odcloud.kr/api/15072696/v1/uddi:ef2810b1-0856-4b7e-aa78-88e3c58c1a38,PUB-010_시도별_장기요양판정
여자,충청남도,일반,2등급,1733,2018,https://api.odcloud.kr/api/15072696/v1/uddi:ef2810b1-0856-4b7e-aa78-88e3c58c1a38,PUB-010_시도별_장기요양판정
여자,충청남도,일반,3등급,3847,2018,https://api.odcloud.kr/api/15072696/v1/uddi:ef2810b1-0856-4b7e-aa78-88e3c58c1a38,PUB-010_시도별_장기요양판정
여자,충청남도,일반,4등급,5702,2018,https://api.odcloud.kr/api/15072696/v1/uddi:ef2810b1-0856-4b7e-aa78-88e3c58c1a38,PUB-010_시도별_장기요양판정
여자,충청남도,일반,5등급,1346,2018,https://api.odcloud.kr/api/15072696/v1/uddi:ef2810b1-0856-4b7e-aa78-88e3c58c1a38,PUB-010_시도별_장기요양판정
여자,충청남도,일반,등급외,4744,2018,https://api.odcloud.kr/api/15072696/v1/uddi:ef2810b1-0856-4b7e-aa78-88e3c58c1a38,PUB-010_시도별_장기요양판정
여자,충청남도,경감,1등급,654,2018,https://api.odcloud.kr/api/15072696/v1/uddi:ef2810b1-0856-4b7e-aa78-88e3c58c1a38,PUB-010_시도별_장기요양판정
여자,충청남도,경감,2등급,1488,2018,https://api.odcloud.kr/api/15072696/v1/uddi:ef2810b1-0856-4b7e-aa78-88e3c58c1a38,PUB-010_시도별_장기요양판정
여자,충청남도,경감,3등급,3204,2018,https://api.odcloud.kr/api/15072696/v1/uddi:ef2810b1-0856-4b7e-aa78-88e3c58c1a38,PUB-010_시도별_장기요양판정
여자,충청남도,경감,4등급,4207,2018,https://api.odcloud.kr/api/15072696/v1/uddi:ef2810b1-0856-4b7e-aa78-88e3c58c1a38,PUB-010_시도별_장기요양판정
여자,충청남도,경감,5등급,891,2018,https://api.odcloud.kr/api/15072696/v1/uddi:ef2810b1-0856-4b7e-aa78-88e3c58c1a38,PUB-010_시도별_장기요양판정
여자,충청남도,경감,등급외,197,2018,https://api.odcloud.kr/api/15072696/v1/uddi:ef2810b1-0856-4b7e-aa78-88e3c58c1a38,PUB-010_시도별_장기요양판정
여자,충청남도,의료급여,1등급,13,2018,https://api.odcloud.kr/api/15072696/v1/uddi:ef2810b1-0856-4b7e-aa78-88e3c58c1a38,PUB-010_시도별_장기요양판정
여자,충청남도,의료급여,2등급,38,2018,https://api.odcloud.kr/api/15072696/v1/uddi:ef2810b1-0856-4b7e-aa78-88e3c58c1a38,PUB-010_시도별_장기요양판정
여자,충청남도,의료급여,3등급,74,2018,https://api.odcloud.kr/api/15072696/v1/uddi:ef2810b1-0856-4b7e-aa78-88e3c58c1a38,PUB-010_시도별_장기요양판정
여자,충청남도,의료급여,4등급,100,2018,https://api.odcloud.kr/api/15072696/v1/uddi:ef2810b1-0856-4b7e-aa78-88e3c58c1a38,PUB-010_시도별_장기요양판정
여자,충청남도,의료급여,5등급,26,2018,https://api.odcloud.kr/api/15072696/v1/uddi:ef2810b1-0856-4b7e-aa78-88e3c58c1a38,PUB-010_시도별_장기요양판정
여자,충청남도,의료급여,등급외,48,2018,https://api.odcloud.kr/api/15072696/v1/uddi:ef2810b1-0856-4b7e-aa78-88e3c58c1a38,PUB-010_시도별_장기요양판정
여자,충청남도,기초수급,1등급,208,2018,https://api.odcloud.kr/api/15072696/v1/uddi:ef2810b1-0856-4b7e-aa78-88e3c58c1a38,PUB-010_시도별_장기요양판정
여자,충청남도,기초수급,2등급,455,2018,https://api.odcloud.kr/api/15072696/v1/uddi:ef2810b1-0856-4b7e-aa78-88e3c58c1a38,PUB-010_시도별_장기요양판정
여자,충청남도,기초수급,3등급,922,2018,https://api.odcloud.kr/api/15072696/v1/uddi:ef2810b1-0856-4b7e-aa78-88e3c58c1a38,PUB-010_시도별_장기요양판정
여자,충청남도,기초수급,4등급,1425,2018,https://api.odcloud.kr/api/15072696/v1/uddi:ef2810b1-0856-4b7e-aa78-88e3c58c1a38,PUB-010_시도별_장기요양판정
여자,충청남도,기초수급,5등급,250,2018,https://api.odcloud.kr/api/15072696/v1/uddi:ef2810b1-0856-4b7e-aa78-88e3c58c1a38,PUB-010_시도별_장기요양판정
여자,충청남도,기초수급,등급외,1201,2018,https://api.odcloud.kr/api/15072696/v1/uddi:ef2810b1-0856-4b7e-aa78-88e3c58c1a38,PUB-010_시도별_장기요양판정
남자,전라북도,일반,1등급,198,2018,https://api.odcloud.kr/api/15072696/v1/uddi:ef2810b1-0856-4b7e-aa78-88e3c58c1a38,PUB-010_시도별_장기요양판정
남자,전라북도,일반,2등급,363,2018,https://api.odcloud.kr/api/15072696/v1/uddi:ef2810b1-0856-4b7e-aa78-88e3c58c1a38,PUB-010_시도별_장기요양판정
남자,전라북도,일반,3등급,1286,2018,https://api.odcloud.kr/api/15072696/v1/uddi:ef2810b1-0856-4b7e-aa78-88e3c58c1a38,PUB-010_시도별_장기요양판정
남자,전라북도,일반,4등급,2067,2018,https://api.odcloud.kr/api/15072696/v1/uddi:ef2810b1-0856-4b7e-aa78-88e3c58c1a38,PUB-010_시도별_장기요양판정
남자,전라북도,일반,5등급,501,2018,https://api.odcloud.kr/api/15072696/v1/uddi:ef2810b1-0856-4b7e-aa78-88e3c58c1a38,PUB-010_시도별_장기요양판정
남자,전라북도,일반,등급외,2259,2018,https://api.odcloud.kr/api/15072696/v1/uddi:ef2810b1-0856-4b7e-aa78-88e3c58c1a38,PUB-010_시도별_장기요양판정
남자,전라북도,경감,1등급,185,2018,https://api.odcloud.kr/api/15072696/v1/uddi:ef2810b1-0856-4b7e-aa78-88e3c58c1a38,PUB-010_시도별_장기요양판정
남자,전라북도,경감,2등급,290,2018,https://api.odcloud.kr/api/15072696/v1/uddi:ef2810b1-0856-4b7e-aa78-88e3c58c1a38,PUB-010_시도별_장기요양판정
남자,전라북도,경감,3등급,901,2018,https://api.odcloud.kr/api/15072696/v1/uddi:ef2810b1-0856-4b7e-aa78-88e3c58c1a38,PUB-010_시도별_장기요양판정
남자,전라북도,경감,4등급,1472,2018,https://api.odcloud.kr/api/15072696/v1/uddi:ef2810b1-0856-4b7e-aa78-88e3c58c1a38,PUB-010_시도별_장기요양판정
남자,전라북도,경감,5등급,351,2018,https://api.odcloud.kr/api/15072696/v1/uddi:ef2810b1-0856-4b7e-aa78-88e3c58c1a38,PUB-010_시도별_장기요양판정
남자,전라북도,경감,등급외,166,2018,https://api.odcloud.kr/api/15072696/v1/uddi:ef2810b1-0856-4b7e-aa78-88e3c58c1a38,PUB-010_시도별_장기요양판정
남자,전라북도,의료급여,1등급,5,2018,https://api.odcloud.kr/api/15072696/v1/uddi:ef2810b1-0856-4b7e-aa78-88e3c58c1a38,PUB-010_시도별_장기요양판정
남자,전라북도,의료급여,2등급,14,2018,https://api.odcloud.kr/api/15072696/v1/uddi:ef2810b1-0856-4b7e-aa78-88e3c58c1a38,PUB-010_시도별_장기요양판정
남자,전라북도,의료급여,3등급,32,2018,https://api.odcloud.kr/api/15072696/v1/uddi:ef2810b1-0856-4b7e-aa78-88e3c58c1a38,PUB-010_시도별_장기요양판정
남자,전라북도,의료급여,4등급,68,2018,https://api.odcloud.kr/api/15072696/v1/uddi:ef2810b1-0856-4b7e-aa78-88e3c58c1a38,PUB-010_시도별_장기요양판정
남자,전라북도,의료급여,5등급,20,2018,https://api.odcloud.kr/api/15072696/v1/uddi:ef2810b1-0856-4b7e-aa78-88e3c58c1a38,PUB-010_시도별_장기요양판정
남자,전라북도,의료급여,등급외,48,2018,https://api.odcloud.kr/api/15072696/v1/uddi:ef2810b1-0856-4b7e-aa78-88e3c58c1a38,PUB-010_시도별_장기요양판정
남자,전라북도,기초수급,1등급,62,2018,https://api.odcloud.kr/api/15072696/v1/uddi:ef2810b1-0856-4b7e-aa78-88e3c58c1a38,PUB-010_시도별_장기요양판정
남자,전라북도,기초수급,2등급,130,2018,https://api.odcloud.kr/api/15072696/v1/uddi:ef2810b1-0856-4b7e-aa78-88e3c58c1a38,PUB-010_시도별_장기요양판정
남자,전라북도,기초수급,3등급,466,2018,https://api.odcloud.kr/api/15072696/v1/uddi:ef2810b1-0856-4b7e-aa78-88e3c58c1a38,PUB-010_시도별_장기요양판정
남자,전라북도,기초수급,4등급,788,2018,https://api.odcloud.kr/api/15072696/v1/uddi:ef2810b1-0856-4b7e-aa78-88e3c58c1a38,PUB-010_시도별_장기요양판정
남자,전라북도,기초수급,5등급,151,2018,https://api.odcloud.kr/api/15072696/v1/uddi:ef2810b1-0856-4b7e-aa78-88e3c58c1a38,PUB-010_시도별_장기요양판정
남자,전라북도,기초수급,등급외,1421,2018,https://api.odcloud.kr/api/15072696/v1/uddi:ef2810b1-0856-4b7e-aa78-88e3c58c1a38,PUB-010_시도별_장기요양판정
여자,전라북도,일반,1등급,507,2018,https://api.odcloud.kr/api/15072696/v1/uddi:ef2810b1-0856-4b7e-aa78-88e3c58c1a38,PUB-010_시도별_장기요양판정
여자,전라북도,일반,2등급,1128,2018,https://api.odcloud.kr/api/15072696/v1/uddi:ef2810b1-0856-4b7e-aa78-88e3c58c1a38,PUB-010_시도별_장기요양판정
여자,전라북도,일반,3등급,2945,2018,https://api.odcloud.kr/api/15072696/v1/uddi:ef2810b1-0856-4b7e-aa78-88e3c58c1a38,PUB-010_시도별_장기요양판정
여자,전라북도,일반,4등급,5666,2018,https://api.odcloud.kr/api/15072696/v1/uddi:ef2810b1-0856-4b7e-aa78-88e3c58c1a38,PUB-010_시도별_장기요양판정
여자,전라북도,일반,5등급,1475,2018,https://api.odcloud.kr/api/15072696/v1/uddi:ef2810b1-0856-4b7e-aa78-88e3c58c1a38,PUB-010_시도별_장기요양판정
여자,전라북도,일반,등급외,6605,2018,https://api.odcloud.kr/api/15072696/v1/uddi:ef2810b1-0856-4b7e-aa78-88e3c58c1a38,PUB-010_시도별_장기요양판정
여자,전라북도,경감,1등급,445,2018,https://api.odcloud.kr/api/15072696/v1/uddi:ef2810b1-0856-4b7e-aa78-88e3c58c1a38,PUB-010_시도별_장기요양판정
여자,전라북도,경감,2등급,1102,2018,https://api.odcloud.kr/api/15072696/v1/uddi:ef2810b1-0856-4b7e-aa78-88e3c58c1a38,PUB-010_시도별_장기요양판정
여자,전라북도,경감,3등급,2759,2018,https://api.odcloud.kr/api/15072696/v1/uddi:ef2810b1-0856-4b7e-aa78-88e3c58c1a38,PUB-010_시도별_장기요양판정
여자,전라북도,경감,4등급,4789,2018,https://api.odcloud.kr/api/15072696/v1/uddi:ef2810b1-0856-4b7e-aa78-88e3c58c1a38,PUB-010_시도별_장기요양판정
여자,전라북도,경감,5등급,1108,2018,https://api.odcloud.kr/api/15072696/v1/uddi:ef2810b1-0856-4b7e-aa78-88e3c58c1a38,PUB-010_시도별_장기요양판정
여자,전라북도,경감,등급외,768,2018,https://api.odcloud.kr/api/15072696/v1/uddi:ef2810b1-0856-4b7e-aa78-88e3c58c1a38,PUB-010_시도별_장기요양판정
여자,전라북도,의료급여,1등급,19,2018,https://api.odcloud.kr/api/15072696/v1/uddi:ef2810b1-0856-4b7e-aa78-88e3c58c1a38,PUB-010_시도별_장기요양판정
여자,전라북도,의료급여,2등급,36,2018,https://api.odcloud.kr/api/15072696/v1/uddi:ef2810b1-0856-4b7e-aa78-88e3c58c1a38,PUB-010_시도별_장기요양판정
여자,전라북도,의료급여,3등급,78,2018,https://api.odcloud.kr/api/15072696/v1/uddi:ef2810b1-0856-4b7e-aa78-88e3c58c1a38,PUB-010_시도별_장기요양판정
여자,전라북도,의료급여,4등급,154,2018,https://api.odcloud.kr/api/15072696/v1/uddi:ef2810b1-0856-4b7e-aa78-88e3c58c1a38,PUB-010_시도별_장기요양판정
여자,전라북도,의료급여,5등급,50,2018,https://api.odcloud.kr/api/15072696/v1/uddi:ef2810b1-0856-4b7e-aa78-88e3c58c1a38,PUB-010_시도별_장기요양판정
여자,전라북도,의료급여,등급외,147,2018,https://api.odcloud.kr/api/15072696/v1/uddi:ef2810b1-0856-4b7e-aa78-88e3c58c1a38,PUB-010_시도별_장기요양판정
여자,전라북도,기초수급,1등급,188,2018,https://api.odcloud.kr/api/15072696/v1/uddi:ef2810b1-0856-4b7e-aa78-88e3c58c1a38,PUB-010_시도별_장기요양판정
여자,전라북도,기초수급,2등급,430,2018,https://api.odcloud.kr/api/15072696/v1/uddi:ef2810b1-0856-4b7e-aa78-88e3c58c1a38,PUB-010_시도별_장기요양판정
여자,전라북도,기초수급,3등급,1154,2018,https://api.odcloud.kr/api/15072696/v1/uddi:ef2810b1-0856-4b7e-aa78-88e3c58c1a38,PUB-010_시도별_장기요양판정
여자,전라북도,기초수급,4등급,2171,2018,https://api.odcloud.kr/api/15072696/v1/uddi:ef2810b1-0856-4b7e-aa78-88e3c58c1a38,PUB-010_시도별_장기요양판정
여자,전라북도,기초수급,5등급,461,2018,https://api.odcloud.kr/api/15072696/v1/uddi:ef2810b1-0856-4b7e-aa78-88e3c58c1a38,PUB-010_시도별_장기요양판정
여자,전라북도,기초수급,등급외,3374,2018,https://api.odcloud.kr/api/15072696/v1/uddi:ef2810b1-0856-4b7e-aa78-88e3c58c1a38,PUB-010_시도별_장기요양판정
남자,전라남도,일반,1등급,210,2018,https://api.odcloud.kr/api/15072696/v1/uddi:ef2810b1-0856-4b7e-aa78-88e3c58c1a38,PUB-010_시도별_장기요양판정
남자,전라남도,일반,2등급,493,2018,https://api.odcloud.kr/api/15072696/v1/uddi:ef2810b1-0856-4b7e-aa78-88e3c58c1a38,PUB-010_시도별_장기요양판정
남자,전라남도,일반,3등급,1294,2018,https://api.odcloud.kr/api/15072696/v1/uddi:ef2810b1-0856-4b7e-aa78-88e3c58c1a38,PUB-010_시도별_장기요양판정
남자,전라남도,일반,4등급,2057,2018,https://api.odcloud.kr/api/15072696/v1/uddi:ef2810b1-0856-4b7e-aa78-88e3c58c1a38,PUB-010_시도별_장기요양판정
남자,전라남도,일반,5등급,362,2018,https://api.odcloud.kr/api/15072696/v1/uddi:ef2810b1-0856-4b7e-aa78-88e3c58c1a38,PUB-010_시도별_장기요양판정
남자,전라남도,일반,등급외,2706,2018,https://api.odcloud.kr/api/15072696/v1/uddi:ef2810b1-0856-4b7e-aa78-88e3c58c1a38,PUB-010_시도별_장기요양판정
남자,전라남도,경감,1등급,190,2018,https://api.odcloud.kr/api/15072696/v1/uddi:ef2810b1-0856-4b7e-aa78-88e3c58c1a38,PUB-010_시도별_장기요양판정
남자,전라남도,경감,2등급,442,2018,https://api.odcloud.kr/api/15072696/v1/uddi:ef2810b1-0856-4b7e-aa78-88e3c58c1a38,PUB-010_시도별_장기요양판정
남자,전라남도,경감,3등급,1183,2018,https://api.odcloud.kr/api/15072696/v1/uddi:ef2810b1-0856-4b7e-aa78-88e3c58c1a38,PUB-010_시도별_장기요양판정
남자,전라남도,경감,4등급,1687,2018,https://api.odcloud.kr/api/15072696/v1/uddi:ef2810b1-0856-4b7e-aa78-88e3c58c1a38,PUB-010_시도별_장기요양판정
남자,전라남도,경감,5등급,291,2018,https://api.odcloud.kr/api/15072696/v1/uddi:ef2810b1-0856-4b7e-aa78-88e3c58c1a38,PUB-010_시도별_장기요양판정
남자,전라남도,경감,등급외,146,2018,https://api.odcloud.kr/api/15072696/v1/uddi:ef2810b1-0856-4b7e-aa78-88e3c58c1a38,PUB-010_시도별_장기요양판정
남자,전라남도,의료급여,1등급,9,2018,https://api.odcloud.kr/api/15072696/v1/uddi:ef2810b1-0856-4b7e-aa78-88e3c58c1a38,PUB-010_시도별_장기요양판정
남자,전라남도,의료급여,2등급,18,2018,https://api.odcloud.kr/api/15072696/v1/uddi:ef2810b1-0856-4b7e-aa78-88e3c58c1a38,PUB-010_시도별_장기요양판정
남자,전라남도,의료급여,3등급,37,2018,https://api.odcloud.kr/api/15072696/v1/uddi:ef2810b1-0856-4b7e-aa78-88e3c58c1a38,PUB-010_시도별_장기요양판정
남자,전라남도,의료급여,4등급,74,2018,https://api.odcloud.kr/api/15072696/v1/uddi:ef2810b1-0856-4b7e-aa78-88e3c58c1a38,PUB-010_시도별_장기요양판정
남자,전라남도,의료급여,5등급,14,2018,https://api.odcloud.kr/api/15072696/v1/uddi:ef2810b1-0856-4b7e-aa78-88e3c58c1a38,PUB-010_시도별_장기요양판정
남자,전라남도,의료급여,등급외,57,2018,https://api.odcloud.kr/api/15072696/v1/uddi:ef2810b1-0856-4b7e-aa78-88e3c58c1a38,PUB-010_시도별_장기요양판정
남자,전라남도,기초수급,1등급,74,2018,https://api.odcloud.kr/api/15072696/v1/uddi:ef2810b1-0856-4b7e-aa78-88e3c58c1a38,PUB-010_시도별_장기요양판정
남자,전라남도,기초수급,2등급,177,2018,https://api.odcloud.kr/api/15072696/v1/uddi:ef2810b1-0856-4b7e-aa78-88e3c58c1a38,PUB-010_시도별_장기요양판정
남자,전라남도,기초수급,3등급,422,2018,https://api.odcloud.kr/api/15072696/v1/uddi:ef2810b1-0856-4b7e-aa78-88e3c58c1a38,PUB-010_시도별_장기요양판정
남자,전라남도,기초수급,4등급,681,2018,https://api.odcloud.kr/api/15072696/v1/uddi:ef2810b1-0856-4b7e-aa78-88e3c58c1a38,PUB-010_시도별_장기요양판정
남자,전라남도,기초수급,5등급,74,2018,https://api.odcloud.kr/api/15072696/v1/uddi:ef2810b1-0856-4b7e-aa78-88e3c58c1a38,PUB-010_시도별_장기요양판정
남자,전라남도,기초수급,등급외,970,2018,https://api.odcloud.kr/api/15072696/v1/uddi:ef2810b1-0856-4b7e-aa78-88e3c58c1a38,PUB-010_시도별_장기요양판정
여자,전라남도,일반,1등급,531,2018,https://api.odcloud.kr/api/15072696/v1/uddi:ef2810b1-0856-4b7e-aa78-88e3c58c1a38,PUB-010_시도별_장기요양판정
여자,전라남도,일반,2등급,1313,2018,https://api.odcloud.kr/api/15072696/v1/uddi:ef2810b1-0856-4b7e-aa78-88e3c58c1a38,PUB-010_시도별_장기요양판정
여자,전라남도,일반,3등급,3246,2018,https://api.odcloud.kr/api/15072696/v1/uddi:ef2810b1-0856-4b7e-aa78-88e3c58c1a38,PUB-010_시도별_장기요양판정
여자,전라남도,일반,4등급,6496,2018,https://api.odcloud.kr/api/15072696/v1/uddi:ef2810b1-0856-4b7e-aa78-88e3c58c1a38,PUB-010_시도별_장기요양판정
여자,전라남도,일반,5등급,1199,2018,https://api.odcloud.kr/api/15072696/v1/uddi:ef2810b1-0856-4b7e-aa78-88e3c58c1a38,PUB-010_시도별_장기요양판정
여자,전라남도,일반,등급외,8351,2018,https://api.odcloud.kr/api/15072696/v1/uddi:ef2810b1-0856-4b7e-aa78-88e3c58c1a38,PUB-010_시도별_장기요양판정
여자,전라남도,경감,1등급,583,2018,https://api.odcloud.kr/api/15072696/v1/uddi:ef2810b1-0856-4b7e-aa78-88e3c58c1a38,PUB-010_시도별_장기요양판정
여자,전라남도,경감,2등급,1616,2018,https://api.odcloud.kr/api/15072696/v1/uddi:ef2810b1-0856-4b7e-aa78-88e3c58c1a38,PUB-010_시도별_장기요양판정
여자,전라남도,경감,3등급,3715,2018,https://api.odcloud.kr/api/15072696/v1/uddi:ef2810b1-0856-4b7e-aa78-88e3c58c1a38,PUB-010_시도별_장기요양판정
여자,전라남도,경감,4등급,6421,2018,https://api.odcloud.kr/api/15072696/v1/uddi:ef2810b1-0856-4b7e-aa78-88e3c58c1a38,PUB-010_시도별_장기요양판정
여자,전라남도,경감,5등급,1059,2018,https://api.odcloud.kr/api/15072696/v1/uddi:ef2810b1-0856-4b7e-aa78-88e3c58c1a38,PUB-010_시도별_장기요양판정
여자,전라남도,경감,등급외,693,2018,https://api.odcloud.kr/api/15072696/v1/uddi:ef2810b1-0856-4b7e-aa78-88e3c58c1a38,PUB-010_시도별_장기요양판정
여자,전라남도,의료급여,1등급,21,2018,https://api.odcloud.kr/api/15072696/v1/uddi:ef2810b1-0856-4b7e-aa78-88e3c58c1a38,PUB-010_시도별_장기요양판정
여자,전라남도,의료급여,2등급,41,2018,https://api.odcloud.kr/api/15072696/v1/uddi:ef2810b1-0856-4b7e-aa78-88e3c58c1a38,PUB-010_시도별_장기요양판정
여자,전라남도,의료급여,3등급,134,2018,https://api.odcloud.kr/api/15072696/v1/uddi:ef2810b1-0856-4b7e-aa78-88e3c58c1a38,PUB-010_시도별_장기요양판정
여자,전라남도,의료급여,4등급,225,2018,https://api.odcloud.kr/api/15072696/v1/uddi:ef2810b1-0856-4b7e-aa78-88e3c58c1a38,PUB-010_시도별_장기요양판정
여자,전라남도,의료급여,5등급,36,2018,https://api.odcloud.kr/api/15072696/v1/uddi:ef2810b1-0856-4b7e-aa78-88e3c58c1a38,PUB-010_시도별_장기요양판정
여자,전라남도,의료급여,등급외,182,2018,https://api.odcloud.kr/api/15072696/v1/uddi:ef2810b1-0856-4b7e-aa78-88e3c58c1a38,PUB-010_시도별_장기요양판정
여자,전라남도,기초수급,1등급,221,2018,https://api.odcloud.kr/api/15072696/v1/uddi:ef2810b1-0856-4b7e-aa78-88e3c58c1a38,PUB-010_시도별_장기요양판정
여자,전라남도,기초수급,2등급,529,2018,https://api.odcloud.kr/api/15072696/v1/uddi:ef2810b1-0856-4b7e-aa78-88e3c58c1a38,PUB-010_시도별_장기요양판정
여자,전라남도,기초수급,3등급,1184,2018,https://api.odcloud.kr/api/15072696/v1/uddi:ef2810b1-0856-4b7e-aa78-88e3c58c1a38,PUB-010_시도별_장기요양판정
여자,전라남도,기초수급,4등급,2282,2018,https://api.odcloud.kr/api/15072696/v1/uddi:ef2810b1-0856-4b7e-aa78-88e3c58c1a38,PUB-010_시도별_장기요양판정
여자,전라남도,기초수급,5등급,330,2018,https://api.odcloud.kr/api/15072696/v1/uddi:ef2810b1-0856-4b7e-aa78-88e3c58c1a38,PUB-010_시도별_장기요양판정
여자,전라남도,기초수급,등급외,2563,2018,https://api.odcloud.kr/api/15072696/v1/uddi:ef2810b1-0856-4b7e-aa78-88e3c58c1a38,PUB-010_시도별_장기요양판정
남자,경상북도,일반,1등급,337,2018,https://api.odcloud.kr/api/15072696/v1/uddi:ef2810b1-0856-4b7e-aa78-88e3c58c1a38,PUB-010_시도별_장기요양판정
남자,경상북도,일반,2등급,680,2018,https://api.odcloud.kr/api/15072696/v1/uddi:ef2810b1-0856-4b7e-aa78-88e3c58c1a38,PUB-010_시도별_장기요양판정
남자,경상북도,일반,3등급,2130,2018,https://api.odcloud.kr/api/15072696/v1/uddi:ef2810b1-0856-4b7e-aa78-88e3c58c1a38,PUB-010_시도별_장기요양판정
남자,경상북도,일반,4등급,2666,2018,https://api.odcloud.kr/api/15072696/v1/uddi:ef2810b1-0856-4b7e-aa78-88e3c58c1a38,PUB-010_시도별_장기요양판정
남자,경상북도,일반,5등급,540,2018,https://api.odcloud.kr/api/15072696/v1/uddi:ef2810b1-0856-4b7e-aa78-88e3c58c1a38,PUB-010_시도별_장기요양판정
남자,경상북도,일반,등급외,2763,2018,https://api.odcloud.kr/api/15072696/v1/uddi:ef2810b1-0856-4b7e-aa78-88e3c58c1a38,PUB-010_시도별_장기요양판정
남자,경상북도,경감,1등급,243,2018,https://api.odcloud.kr/api/15072696/v1/uddi:ef2810b1-0856-4b7e-aa78-88e3c58c1a38,PUB-010_시도별_장기요양판정
남자,경상북도,경감,2등급,578,2018,https://api.odcloud.kr/api/15072696/v1/uddi:ef2810b1-0856-4b7e-aa78-88e3c58c1a38,PUB-010_시도별_장기요양판정
남자,경상북도,경감,3등급,1482,2018,https://api.odcloud.kr/api/15072696/v1/uddi:ef2810b1-0856-4b7e-aa78-88e3c58c1a38,PUB-010_시도별_장기요양판정
남자,경상북도,경감,4등급,1818,2018,https://api.odcloud.kr/api/15072696/v1/uddi:ef2810b1-0856-4b7e-aa78-88e3c58c1a38,PUB-010_시도별_장기요양판정
남자,경상북도,경감,5등급,311,2018,https://api.odcloud.kr/api/15072696/v1/uddi:ef2810b1-0856-4b7e-aa78-88e3c58c1a38,PUB-010_시도별_장기요양판정
남자,경상북도,경감,등급외,98,2018,https://api.odcloud.kr/api/15072696/v1/uddi:ef2810b1-0856-4b7e-aa78-88e3c58c1a38,PUB-010_시도별_장기요양판정
남자,경상북도,의료급여,1등급,5,2018,https://api.odcloud.kr/api/15072696/v1/uddi:ef2810b1-0856-4b7e-aa78-88e3c58c1a38,PUB-010_시도별_장기요양판정
남자,경상북도,의료급여,2등급,14,2018,https://api.odcloud.kr/api/15072696/v1/uddi:ef2810b1-0856-4b7e-aa78-88e3c58c1a38,PUB-010_시도별_장기요양판정
남자,경상북도,의료급여,3등급,45,2018,https://api.odcloud.kr/api/15072696/v1/uddi:ef2810b1-0856-4b7e-aa78-88e3c58c1a38,PUB-010_시도별_장기요양판정
남자,경상북도,의료급여,4등급,48,2018,https://api.odcloud.kr/api/15072696/v1/uddi:ef2810b1-0856-4b7e-aa78-88e3c58c1a38,PUB-010_시도별_장기요양판정
남자,경상북도,의료급여,5등급,14,2018,https://api.odcloud.kr/api/15072696/v1/uddi:ef2810b1-0856-4b7e-aa78-88e3c58c1a38,PUB-010_시도별_장기요양판정
남자,경상북도,의료급여,등급외,51,2018,https://api.odcloud.kr/api/15072696/v1/uddi:ef2810b1-0856-4b7e-aa78-88e3c58c1a38,PUB-010_시도별_장기요양판정
남자,경상북도,기초수급,1등급,106,2018,https://api.odcloud.kr/api/15072696/v1/uddi:ef2810b1-0856-4b7e-aa78-88e3c58c1a38,PUB-010_시도별_장기요양판정
남자,경상북도,기초수급,2등급,189,2018,https://api.odcloud.kr/api/15072696/v1/uddi:ef2810b1-0856-4b7e-aa78-88e3c58c1a38,PUB-010_시도별_장기요양판정
남자,경상북도,기초수급,3등급,565,2018,https://api.odcloud.kr/api/15072696/v1/uddi:ef2810b1-0856-4b7e-aa78-88e3c58c1a38,PUB-010_시도별_장기요양판정
남자,경상북도,기초수급,4등급,759,2018,https://api.odcloud.kr/api/15072696/v1/uddi:ef2810b1-0856-4b7e-aa78-88e3c58c1a38,PUB-010_시도별_장기요양판정
남자,경상북도,기초수급,5등급,135,2018,https://api.odcloud.kr/api/15072696/v1/uddi:ef2810b1-0856-4b7e-aa78-88e3c58c1a38,PUB-010_시도별_장기요양판정
남자,경상북도,기초수급,등급외,1049,2018,https://api.odcloud.kr/api/15072696/v1/uddi:ef2810b1-0856-4b7e-aa78-88e3c58c1a38,PUB-010_시도별_장기요양판정
여자,경상북도,일반,1등급,813,2018,https://api.odcloud.kr/api/15072696/v1/uddi:ef2810b1-0856-4b7e-aa78-88e3c58c1a38,PUB-010_시도별_장기요양판정
여자,경상북도,일반,2등급,1674,2018,https://api.odcloud.kr/api/15072696/v1/uddi:ef2810b1-0856-4b7e-aa78-88e3c58c1a38,PUB-010_시도별_장기요양판정
여자,경상북도,일반,3등급,4729,2018,https://api.odcloud.kr/api/15072696/v1/uddi:ef2810b1-0856-4b7e-aa78-88e3c58c1a38,PUB-010_시도별_장기요양판정
여자,경상북도,일반,4등급,7557,2018,https://api.odcloud.kr/api/15072696/v1/uddi:ef2810b1-0856-4b7e-aa78-88e3c58c1a38,PUB-010_시도별_장기요양판정
여자,경상북도,일반,5등급,1772,2018,https://api.odcloud.kr/api/15072696/v1/uddi:ef2810b1-0856-4b7e-aa78-88e3c58c1a38,PUB-010_시도별_장기요양판정
여자,경상북도,일반,등급외,7025,2018,https://api.odcloud.kr/api/15072696/v1/uddi:ef2810b1-0856-4b7e-aa78-88e3c58c1a38,PUB-010_시도별_장기요양판정
여자,경상북도,경감,1등급,724,2018,https://api.odcloud.kr/api/15072696/v1/uddi:ef2810b1-0856-4b7e-aa78-88e3c58c1a38,PUB-010_시도별_장기요양판정
여자,경상북도,경감,2등급,1681,2018,https://api.odcloud.kr/api/15072696/v1/uddi:ef2810b1-0856-4b7e-aa78-88e3c58c1a38,PUB-010_시도별_장기요양판정
여자,경상북도,경감,3등급,4429,2018,https://api.odcloud.kr/api/15072696/v1/uddi:ef2810b1-0856-4b7e-aa78-88e3c58c1a38,PUB-010_시도별_장기요양판정
여자,경상북도,경감,4등급,5890,2018,https://api.odcloud.kr/api/15072696/v1/uddi:ef2810b1-0856-4b7e-aa78-88e3c58c1a38,PUB-010_시도별_장기요양판정
여자,경상북도,경감,5등급,1307,2018,https://api.odcloud.kr/api/15072696/v1/uddi:ef2810b1-0856-4b7e-aa78-88e3c58c1a38,PUB-010_시도별_장기요양판정
여자,경상북도,경감,등급외,386,2018,https://api.odcloud.kr/api/15072696/v1/uddi:ef2810b1-0856-4b7e-aa78-88e3c58c1a38,PUB-010_시도별_장기요양판정
여자,경상북도,의료급여,1등급,15,2018,https://api.odcloud.kr/api/15072696/v1/uddi:ef2810b1-0856-4b7e-aa78-88e3c58c1a38,PUB-010_시도별_장기요양판정
여자,경상북도,의료급여,2등급,38,2018,https://api.odcloud.kr/api/15072696/v1/uddi:ef2810b1-0856-4b7e-aa78-88e3c58c1a38,PUB-010_시도별_장기요양판정
여자,경상북도,의료급여,3등급,118,2018,https://api.odcloud.kr/api/15072696/v1/uddi:ef2810b1-0856-4b7e-aa78-88e3c58c1a38,PUB-010_시도별_장기요양판정
여자,경상북도,의료급여,4등급,195,2018,https://api.odcloud.kr/api/15072696/v1/uddi:ef2810b1-0856-4b7e-aa78-88e3c58c1a38,PUB-010_시도별_장기요양판정
여자,경상북도,의료급여,5등급,49,2018,https://api.odcloud.kr/api/15072696/v1/uddi:ef2810b1-0856-4b7e-aa78-88e3c58c1a38,PUB-010_시도별_장기요양판정
여자,경상북도,의료급여,등급외,126,2018,https://api.odcloud.kr/api/15072696/v1/uddi:ef2810b1-0856-4b7e-aa78-88e3c58c1a38,PUB-010_시도별_장기요양판정
여자,경상북도,기초수급,1등급,311,2018,https://api.odcloud.kr/api/15072696/v1/uddi:ef2810b1-0856-4b7e-aa78-88e3c58c1a38,PUB-010_시도별_장기요양판정
여자,경상북도,기초수급,2등급,594,2018,https://api.odcloud.kr/api/15072696/v1/uddi:ef2810b1-0856-4b7e-aa78-88e3c58c1a38,PUB-010_시도별_장기요양판정
여자,경상북도,기초수급,3등급,1424,2018,https://api.odcloud.kr/api/15072696/v1/uddi:ef2810b1-0856-4b7e-aa78-88e3c58c1a38,PUB-010_시도별_장기요양판정
여자,경상북도,기초수급,4등급,2421,2018,https://api.odcloud.kr/api/15072696/v1/uddi:ef2810b1-0856-4b7e-aa78-88e3c58c1a38,PUB-010_시도별_장기요양판정
여자,경상북도,기초수급,5등급,450,2018,https://api.odcloud.kr/api/15072696/v1/uddi:ef2810b1-0856-4b7e-aa78-88e3c58c1a38,PUB-010_시도별_장기요양판정
여자,경상북도,기초수급,등급외,2663,2018,https://api.odcloud.kr/api/15072696/v1/uddi:ef2810b1-0856-4b7e-aa78-88e3c58c1a38,PUB-010_시도별_장기요양판정
남자,경상남도,일반,1등급,330,2018,https://api.odcloud.kr/api/15072696/v1/uddi:ef2810b1-0856-4b7e-aa78-88e3c58c1a38,PUB-010_시도별_장기요양판정
남자,경상남도,일반,2등급,671,2018,https://api.odcloud.kr/api/15072696/v1/uddi:ef2810b1-0856-4b7e-aa78-88e3c58c1a38,PUB-010_시도별_장기요양판정
남자,경상남도,일반,3등급,1720,2018,https://api.odcloud.kr/api/15072696/v1/uddi:ef2810b1-0856-4b7e-aa78-88e3c58c1a38,PUB-010_시도별_장기요양판정
남자,경상남도,일반,4등급,2600,2018,https://api.odcloud.kr/api/15072696/v1/uddi:ef2810b1-0856-4b7e-aa78-88e3c58c1a38,PUB-010_시도별_장기요양판정
남자,경상남도,일반,5등급,520,2018,https://api.odcloud.kr/api/15072696/v1/uddi:ef2810b1-0856-4b7e-aa78-88e3c58c1a38,PUB-010_시도별_장기요양판정
남자,경상남도,일반,등급외,2725,2018,https://api.odcloud.kr/api/15072696/v1/uddi:ef2810b1-0856-4b7e-aa78-88e3c58c1a38,PUB-010_시도별_장기요양판정
남자,경상남도,경감,1등급,224,2018,https://api.odcloud.kr/api/15072696/v1/uddi:ef2810b1-0856-4b7e-aa78-88e3c58c1a38,PUB-010_시도별_장기요양판정
남자,경상남도,경감,2등급,450,2018,https://api.odcloud.kr/api/15072696/v1/uddi:ef2810b1-0856-4b7e-aa78-88e3c58c1a38,PUB-010_시도별_장기요양판정
남자,경상남도,경감,3등급,1221,2018,https://api.odcloud.kr/api/15072696/v1/uddi:ef2810b1-0856-4b7e-aa78-88e3c58c1a38,PUB-010_시도별_장기요양판정
남자,경상남도,경감,4등급,1671,2018,https://api.odcloud.kr/api/15072696/v1/uddi:ef2810b1-0856-4b7e-aa78-88e3c58c1a38,PUB-010_시도별_장기요양판정
남자,경상남도,경감,5등급,255,2018,https://api.odcloud.kr/api/15072696/v1/uddi:ef2810b1-0856-4b7e-aa78-88e3c58c1a38,PUB-010_시도별_장기요양판정
남자,경상남도,경감,등급외,105,2018,https://api.odcloud.kr/api/15072696/v1/uddi:ef2810b1-0856-4b7e-aa78-88e3c58c1a38,PUB-010_시도별_장기요양판정
남자,경상남도,의료급여,1등급,7,2018,https://api.odcloud.kr/api/15072696/v1/uddi:ef2810b1-0856-4b7e-aa78-88e3c58c1a38,PUB-010_시도별_장기요양판정
남자,경상남도,의료급여,2등급,12,2018,https://api.odcloud.kr/api/15072696/v1/uddi:ef2810b1-0856-4b7e-aa78-88e3c58c1a38,PUB-010_시도별_장기요양판정
남자,경상남도,의료급여,3등급,27,2018,https://api.odcloud.kr/api/15072696/v1/uddi:ef2810b1-0856-4b7e-aa78-88e3c58c1a38,PUB-010_시도별_장기요양판정
남자,경상남도,의료급여,4등급,55,2018,https://api.odcloud.kr/api/15072696/v1/uddi:ef2810b1-0856-4b7e-aa78-88e3c58c1a38,PUB-010_시도별_장기요양판정
남자,경상남도,의료급여,5등급,6,2018,https://api.odcloud.kr/api/15072696/v1/uddi:ef2810b1-0856-4b7e-aa78-88e3c58c1a38,PUB-010_시도별_장기요양판정
남자,경상남도,의료급여,등급외,51,2018,https://api.odcloud.kr/api/15072696/v1/uddi:ef2810b1-0856-4b7e-aa78-88e3c58c1a38,PUB-010_시도별_장기요양판정
남자,경상남도,기초수급,1등급,83,2018,https://api.odcloud.kr/api/15072696/v1/uddi:ef2810b1-0856-4b7e-aa78-88e3c58c1a38,PUB-010_시도별_장기요양판정
남자,경상남도,기초수급,2등급,156,2018,https://api.odcloud.kr/api/15072696/v1/uddi:ef2810b1-0856-4b7e-aa78-88e3c58c1a38,PUB-010_시도별_장기요양판정
남자,경상남도,기초수급,3등급,447,2018,https://api.odcloud.kr/api/15072696/v1/uddi:ef2810b1-0856-4b7e-aa78-88e3c58c1a38,PUB-010_시도별_장기요양판정
남자,경상남도,기초수급,4등급,718,2018,https://api.odcloud.kr/api/15072696/v1/uddi:ef2810b1-0856-4b7e-aa78-88e3c58c1a38,PUB-010_시도별_장기요양판정
남자,경상남도,기초수급,5등급,104,2018,https://api.odcloud.kr/api/15072696/v1/uddi:ef2810b1-0856-4b7e-aa78-88e3c58c1a38,PUB-010_시도별_장기요양판정
남자,경상남도,기초수급,등급외,968,2018,https://api.odcloud.kr/api/15072696/v1/uddi:ef2810b1-0856-4b7e-aa78-88e3c58c1a38,PUB-010_시도별_장기요양판정
여자,경상남도,일반,1등급,850,2018,https://api.odcloud.kr/api/15072696/v1/uddi:ef2810b1-0856-4b7e-aa78-88e3c58c1a38,PUB-010_시도별_장기요양판정
여자,경상남도,일반,2등급,1801,2018,https://api.odcloud.kr/api/15072696/v1/uddi:ef2810b1-0856-4b7e-aa78-88e3c58c1a38,PUB-010_시도별_장기요양판정
여자,경상남도,일반,3등급,4541,2018,https://api.odcloud.kr/api/15072696/v1/uddi:ef2810b1-0856-4b7e-aa78-88e3c58c1a38,PUB-010_시도별_장기요양판정
여자,경상남도,일반,4등급,7889,2018,https://api.odcloud.kr/api/15072696/v1/uddi:ef2810b1-0856-4b7e-aa78-88e3c58c1a38,PUB-010_시도별_장기요양판정
여자,경상남도,일반,5등급,1616,2018,https://api.odcloud.kr/api/15072696/v1/uddi:ef2810b1-0856-4b7e-aa78-88e3c58c1a38,PUB-010_시도별_장기요양판정
여자,경상남도,일반,등급외,7679,2018,https://api.odcloud.kr/api/15072696/v1/uddi:ef2810b1-0856-4b7e-aa78-88e3c58c1a38,PUB-010_시도별_장기요양판정
여자,경상남도,경감,1등급,722,2018,https://api.odcloud.kr/api/15072696/v1/uddi:ef2810b1-0856-4b7e-aa78-88e3c58c1a38,PUB-010_시도별_장기요양판정
여자,경상남도,경감,2등급,1596,2018,https://api.odcloud.kr/api/15072696/v1/uddi:ef2810b1-0856-4b7e-aa78-88e3c58c1a38,PUB-010_시도별_장기요양판정
여자,경상남도,경감,3등급,3865,2018,https://api.odcloud.kr/api/15072696/v1/uddi:ef2810b1-0856-4b7e-aa78-88e3c58c1a38,PUB-010_시도별_장기요양판정
여자,경상남도,경감,4등급,5932,2018,https://api.odcloud.kr/api/15072696/v1/uddi:ef2810b1-0856-4b7e-aa78-88e3c58c1a38,PUB-010_시도별_장기요양판정
여자,경상남도,경감,5등급,1112,2018,https://api.odcloud.kr/api/15072696/v1/uddi:ef2810b1-0856-4b7e-aa78-88e3c58c1a38,PUB-010_시도별_장기요양판정
여자,경상남도,경감,등급외,330,2018,https://api.odcloud.kr/api/15072696/v1/uddi:ef2810b1-0856-4b7e-aa78-88e3c58c1a38,PUB-010_시도별_장기요양판정
여자,경상남도,의료급여,1등급,15,2018,https://api.odcloud.kr/api/15072696/v1/uddi:ef2810b1-0856-4b7e-aa78-88e3c58c1a38,PUB-010_시도별_장기요양판정
여자,경상남도,의료급여,2등급,46,2018,https://api.odcloud.kr/api/15072696/v1/uddi:ef2810b1-0856-4b7e-aa78-88e3c58c1a38,PUB-010_시도별_장기요양판정
여자,경상남도,의료급여,3등급,131,2018,https://api.odcloud.kr/api/15072696/v1/uddi:ef2810b1-0856-4b7e-aa78-88e3c58c1a38,PUB-010_시도별_장기요양판정
여자,경상남도,의료급여,4등급,202,2018,https://api.odcloud.kr/api/15072696/v1/uddi:ef2810b1-0856-4b7e-aa78-88e3c58c1a38,PUB-010_시도별_장기요양판정
여자,경상남도,의료급여,5등급,40,2018,https://api.odcloud.kr/api/15072696/v1/uddi:ef2810b1-0856-4b7e-aa78-88e3c58c1a38,PUB-010_시도별_장기요양판정
여자,경상남도,의료급여,등급외,145,2018,https://api.odcloud.kr/api/15072696/v1/uddi:ef2810b1-0856-4b7e-aa78-88e3c58c1a38,PUB-010_시도별_장기요양판정
여자,경상남도,기초수급,1등급,289,2018,https://api.odcloud.kr/api/15072696/v1/uddi:ef2810b1-0856-4b7e-aa78-88e3c58c1a38,PUB-010_시도별_장기요양판정
여자,경상남도,기초수급,2등급,558,2018,https://api.odcloud.kr/api/15072696/v1/uddi:ef2810b1-0856-4b7e-aa78-88e3c58c1a38,PUB-010_시도별_장기요양판정
여자,경상남도,기초수급,3등급,1262,2018,https://api.odcloud.kr/api/15072696/v1/uddi:ef2810b1-0856-4b7e-aa78-88e3c58c1a38,PUB-010_시도별_장기요양판정
여자,경상남도,기초수급,4등급,2351,2018,https://api.odcloud.kr/api/15072696/v1/uddi:ef2810b1-0856-4b7e-aa78-88e3c58c1a38,PUB-010_시도별_장기요양판정
여자,경상남도,기초수급,5등급,418,2018,https://api.odcloud.kr/api/15072696/v1/uddi:ef2810b1-0856-4b7e-aa78-88e3c58c1a38,PUB-010_시도별_장기요양판정
여자,경상남도,기초수급,등급외,2401,2018,https://api.odcloud.kr/api/15072696/v1/uddi:ef2810b1-0856-4b7e-aa78-88e3c58c1a38,PUB-010_시도별_장기요양판정
남자,제주특별자치도,일반,1등급,114,2018,https://api.odcloud.kr/api/15072696/v1/uddi:ef2810b1-0856-4b7e-aa78-88e3c58c1a38,PUB-010_시도별_장기요양판정
남자,제주특별자치도,일반,2등급,132,2018,https://api.odcloud.kr/api/15072696/v1/uddi:ef2810b1-0856-4b7e-aa78-88e3c58c1a38,PUB-010_시도별_장기요양판정
남자,제주특별자치도,일반,3등급,379,2018,https://api.odcloud.kr/api/15072696/v1/uddi:ef2810b1-0856-4b7e-aa78-88e3c58c1a38,PUB-010_시도별_장기요양판정
남자,제주특별자치도,일반,4등급,348,2018,https://api.odcloud.kr/api/15072696/v1/uddi:ef2810b1-0856-4b7e-aa78-88e3c58c1a38,PUB-010_시도별_장기요양판정
남자,제주특별자치도,일반,5등급,74,2018,https://api.odcloud.kr/api/15072696/v1/uddi:ef2810b1-0856-4b7e-aa78-88e3c58c1a38,PUB-010_시도별_장기요양판정
남자,제주특별자치도,일반,등급외,303,2018,https://api.odcloud.kr/api/15072696/v1/uddi:ef2810b1-0856-4b7e-aa78-88e3c58c1a38,PUB-010_시도별_장기요양판정
남자,제주특별자치도,경감,1등급,66,2018,https://api.odcloud.kr/api/15072696/v1/uddi:ef2810b1-0856-4b7e-aa78-88e3c58c1a38,PUB-010_시도별_장기요양판정
남자,제주특별자치도,경감,2등급,90,2018,https://api.odcloud.kr/api/15072696/v1/uddi:ef2810b1-0856-4b7e-aa78-88e3c58c1a38,PUB-010_시도별_장기요양판정
남자,제주특별자치도,경감,3등급,217,2018,https://api.odcloud.kr/api/15072696/v1/uddi:ef2810b1-0856-4b7e-aa78-88e3c58c1a38,PUB-010_시도별_장기요양판정
남자,제주특별자치도,경감,4등급,225,2018,https://api.odcloud.kr/api/15072696/v1/uddi:ef2810b1-0856-4b7e-aa78-88e3c58c1a38,PUB-010_시도별_장기요양판정
남자,제주특별자치도,경감,5등급,56,2018,https://api.odcloud.kr/api/15072696/v1/uddi:ef2810b1-0856-4b7e-aa78-88e3c58c1a38,PUB-010_시도별_장기요양판정
남자,제주특별자치도,경감,등급외,13,2018,https://api.odcloud.kr/api/15072696/v1/uddi:ef2810b1-0856-4b7e-aa78-88e3c58c1a38,PUB-010_시도별_장기요양판정
남자,제주특별자치도,의료급여,1등급,3,2018,https://api.odcloud.kr/api/15072696/v1/uddi:ef2810b1-0856-4b7e-aa78-88e3c58c1a38,PUB-010_시도별_장기요양판정
남자,제주특별자치도,의료급여,2등급,3,2018,https://api.odcloud.kr/api/15072696/v1/uddi:ef2810b1-0856-4b7e-aa78-88e3c58c1a38,PUB-010_시도별_장기요양판정
남자,제주특별자치도,의료급여,3등급,16,2018,https://api.odcloud.kr/api/15072696/v1/uddi:ef2810b1-0856-4b7e-aa78-88e3c58c1a38,PUB-010_시도별_장기요양판정
남자,제주특별자치도,의료급여,4등급,13,2018,https://api.odcloud.kr/api/15072696/v1/uddi:ef2810b1-0856-4b7e-aa78-88e3c58c1a38,PUB-010_시도별_장기요양판정
남자,제주특별자치도,의료급여,5등급,3,2018,https://api.odcloud.kr/api/15072696/v1/uddi:ef2810b1-0856-4b7e-aa78-88e3c58c1a38,PUB-010_시도별_장기요양판정
남자,제주특별자치도,의료급여,등급외,6,2018,https://api.odcloud.kr/api/15072696/v1/uddi:ef2810b1-0856-4b7e-aa78-88e3c58c1a38,PUB-010_시도별_장기요양판정
남자,제주특별자치도,기초수급,1등급,32,2018,https://api.odcloud.kr/api/15072696/v1/uddi:ef2810b1-0856-4b7e-aa78-88e3c58c1a38,PUB-010_시도별_장기요양판정
남자,제주특별자치도,기초수급,2등급,51,2018,https://api.odcloud.kr/api/15072696/v1/uddi:ef2810b1-0856-4b7e-aa78-88e3c58c1a38,PUB-010_시도별_장기요양판정
남자,제주특별자치도,기초수급,3등급,112,2018,https://api.odcloud.kr/api/15072696/v1/uddi:ef2810b1-0856-4b7e-aa78-88e3c58c1a38,PUB-010_시도별_장기요양판정
남자,제주특별자치도,기초수급,4등급,124,2018,https://api.odcloud.kr/api/15072696/v1/uddi:ef2810b1-0856-4b7e-aa78-88e3c58c1a38,PUB-010_시도별_장기요양판정
남자,제주특별자치도,기초수급,5등급,22,2018,https://api.odcloud.kr/api/15072696/v1/uddi:ef2810b1-0856-4b7e-aa78-88e3c58c1a38,PUB-010_시도별_장기요양판정
남자,제주특별자치도,기초수급,등급외,165,2018,https://api.odcloud.kr/api/15072696/v1/uddi:ef2810b1-0856-4b7e-aa78-88e3c58c1a38,PUB-010_시도별_장기요양판정
여자,제주특별자치도,일반,1등급,276,2018,https://api.odcloud.kr/api/15072696/v1/uddi:ef2810b1-0856-4b7e-aa78-88e3c58c1a38,PUB-010_시도별_장기요양판정
여자,제주특별자치도,일반,2등급,441,2018,https://api.odcloud.kr/api/15072696/v1/uddi:ef2810b1-0856-4b7e-aa78-88e3c58c1a38,PUB-010_시도별_장기요양판정
여자,제주특별자치도,일반,3등급,956,2018,https://api.odcloud.kr/api/15072696/v1/uddi:ef2810b1-0856-4b7e-aa78-88e3c58c1a38,PUB-010_시도별_장기요양판정
여자,제주특별자치도,일반,4등급,894,2018,https://api.odcloud.kr/api/15072696/v1/uddi:ef2810b1-0856-4b7e-aa78-88e3c58c1a38,PUB-010_시도별_장기요양판정
여자,제주특별자치도,일반,5등급,225,2018,https://api.odcloud.kr/api/15072696/v1/uddi:ef2810b1-0856-4b7e-aa78-88e3c58c1a38,PUB-010_시도별_장기요양판정
여자,제주특별자치도,일반,등급외,887,2018,https://api.odcloud.kr/api/15072696/v1/uddi:ef2810b1-0856-4b7e-aa78-88e3c58c1a38,PUB-010_시도별_장기요양판정
여자,제주특별자치도,경감,1등급,248,2018,https://api.odcloud.kr/api/15072696/v1/uddi:ef2810b1-0856-4b7e-aa78-88e3c58c1a38,PUB-010_시도별_장기요양판정
여자,제주특별자치도,경감,2등급,339,2018,https://api.odcloud.kr/api/15072696/v1/uddi:ef2810b1-0856-4b7e-aa78-88e3c58c1a38,PUB-010_시도별_장기요양판정
여자,제주특별자치도,경감,3등급,799,2018,https://api.odcloud.kr/api/15072696/v1/uddi:ef2810b1-0856-4b7e-aa78-88e3c58c1a38,PUB-010_시도별_장기요양판정
여자,제주특별자치도,경감,4등급,694,2018,https://api.odcloud.kr/api/15072696/v1/uddi:ef2810b1-0856-4b7e-aa78-88e3c58c1a38,PUB-010_시도별_장기요양판정
여자,제주특별자치도,경감,5등급,162,2018,https://api.odcloud.kr/api/15072696/v1/uddi:ef2810b1-0856-4b7e-aa78-88e3c58c1a38,PUB-010_시도별_장기요양판정
여자,제주특별자치도,경감,등급외,45,2018,https://api.odcloud.kr/api/15072696/v1/uddi:ef2810b1-0856-4b7e-aa78-88e3c58c1a38,PUB-010_시도별_장기요양판정
여자,제주특별자치도,의료급여,1등급,7,2018,https://api.odcloud.kr/api/15072696/v1/uddi:ef2810b1-0856-4b7e-aa78-88e3c58c1a38,PUB-010_시도별_장기요양판정
여자,제주특별자치도,의료급여,2등급,20,2018,https://api.odcloud.kr/api/15072696/v1/uddi:ef2810b1-0856-4b7e-aa78-88e3c58c1a38,PUB-010_시도별_장기요양판정
여자,제주특별자치도,의료급여,3등급,53,2018,https://api.odcloud.kr/api/15072696/v1/uddi:ef2810b1-0856-4b7e-aa78-88e3c58c1a38,PUB-010_시도별_장기요양판정
여자,제주특별자치도,의료급여,4등급,35,2018,https://api.odcloud.kr/api/15072696/v1/uddi:ef2810b1-0856-4b7e-aa78-88e3c58c1a38,PUB-010_시도별_장기요양판정
여자,제주특별자치도,의료급여,5등급,11,2018,https://api.odcloud.kr/api/15072696/v1/uddi:ef2810b1-0856-4b7e-aa78-88e3c58c1a38,PUB-010_시도별_장기요양판정
여자,제주특별자치도,의료급여,등급외,12,2018,https://api.odcloud.kr/api/15072696/v1/uddi:ef2810b1-0856-4b7e-aa78-88e3c58c1a38,PUB-010_시도별_장기요양판정
여자,제주특별자치도,기초수급,1등급,135,2018,https://api.odcloud.kr/api/15072696/v1/uddi:ef2810b1-0856-4b7e-aa78-88e3c58c1a38,PUB-010_시도별_장기요양판정
여자,제주특별자치도,기초수급,2등급,191,2018,https://api.odcloud.kr/api/15072696/v1/uddi:ef2810b1-0856-4b7e-aa78-88e3c58c1a38,PUB-010_시도별_장기요양판정
여자,제주특별자치도,기초수급,3등급,377,2018,https://api.odcloud.kr/api/15072696/v1/uddi:ef2810b1-0856-4b7e-aa78-88e3c58c1a38,PUB-010_시도별_장기요양판정
여자,제주특별자치도,기초수급,4등급,436,2018,https://api.odcloud.kr/api/15072696/v1/uddi:ef2810b1-0856-4b7e-aa78-88e3c58c1a38,PUB-010_시도별_장기요양판정
여자,제주특별자치도,기초수급,5등급,73,2018,https://api.odcloud.kr/api/15072696/v1/uddi:ef2810b1-0856-4b7e-aa78-88e3c58c1a38,PUB-010_시도별_장기요양판정
여자,제주특별자치도,기초수급,등급외,412,2018,https://api.odcloud.kr/api/15072696/v1/uddi:ef2810b1-0856-4b7e-aa78-88e3c58c1a38,PUB-010_시도별_장기요양판정
