성별,시도,자격,판정등급,판정인원수,source_period,source_endpoint,source_dataset
남자,서울특별시,일반,1등급,1836,2019,https://api.odcloud.kr/api/15072696/v1/uddi:b85af1c8-a290-42e1-b57f-ac91e5604e1a,PUB-010_시도별_장기요양판정
남자,서울특별시,일반,2등급,2380,2019,https://api.odcloud.kr/api/15072696/v1/uddi:b85af1c8-a290-42e1-b57f-ac91e5604e1a,PUB-010_시도별_장기요양판정
남자,서울특별시,일반,3등급,6299,2019,https://api.odcloud.kr/api/15072696/v1/uddi:b85af1c8-a290-42e1-b57f-ac91e5604e1a,PUB-010_시도별_장기요양판정
남자,서울특별시,일반,4등급,6927,2019,https://api.odcloud.kr/api/15072696/v1/uddi:b85af1c8-a290-42e1-b57f-ac91e5604e1a,PUB-010_시도별_장기요양판정
남자,서울특별시,일반,5등급,1654,2019,https://api.odcloud.kr/api/15072696/v1/uddi:b85af1c8-a290-42e1-b57f-ac91e5604e1a,PUB-010_시도별_장기요양판정
남자,서울특별시,일반,등급외,3255,2019,https://api.odcloud.kr/api/15072696/v1/uddi:b85af1c8-a290-42e1-b57f-ac91e5604e1a,PUB-010_시도별_장기요양판정
남자,서울특별시,경감,1등급,645,2019,https://api.odcloud.kr/api/15072696/v1/uddi:b85af1c8-a290-42e1-b57f-ac91e5604e1a,PUB-010_시도별_장기요양판정
남자,서울특별시,경감,2등급,1068,2019,https://api.odcloud.kr/api/15072696/v1/uddi:b85af1c8-a290-42e1-b57f-ac91e5604e1a,PUB-010_시도별_장기요양판정
남자,서울특별시,경감,3등급,2869,2019,https://api.odcloud.kr/api/15072696/v1/uddi:b85af1c8-a290-42e1-b57f-ac91e5604e1a,PUB-010_시도별_장기요양판정
남자,서울특별시,경감,4등급,3177,2019,https://api.odcloud.kr/api/15072696/v1/uddi:b85af1c8-a290-42e1-b57f-ac91e5604e1a,PUB-010_시도별_장기요양판정
남자,서울특별시,경감,5등급,696,2019,https://api.odcloud.kr/api/15072696/v1/uddi:b85af1c8-a290-42e1-b57f-ac91e5604e1a,PUB-010_시도별_장기요양판정
남자,서울특별시,경감,등급외,190,2019,https://api.odcloud.kr/api/15072696/v1/uddi:b85af1c8-a290-42e1-b57f-ac91e5604e1a,PUB-010_시도별_장기요양판정
남자,서울특별시,의료급여,1등급,15,2019,https://api.odcloud.kr/api/15072696/v1/uddi:b85af1c8-a290-42e1-b57f-ac91e5604e1a,PUB-010_시도별_장기요양판정
남자,서울특별시,의료급여,2등급,27,2019,https://api.odcloud.kr/api/15072696/v1/uddi:b85af1c8-a290-42e1-b57f-ac91e5604e1a,PUB-010_시도별_장기요양판정
남자,서울특별시,의료급여,3등급,81,2019,https://api.odcloud.kr/api/15072696/v1/uddi:b85af1c8-a290-42e1-b57f-ac91e5604e1a,PUB-010_시도별_장기요양판정
남자,서울특별시,의료급여,4등급,93,2019,https://api.odcloud.kr/api/15072696/v1/uddi:b85af1c8-a290-42e1-b57f-ac91e5604e1a,PUB-010_시도별_장기요양판정
남자,서울특별시,의료급여,5등급,19,2019,https://api.odcloud.kr/api/15072696/v1/uddi:b85af1c8-a290-42e1-b57f-ac91e5604e1a,PUB-010_시도별_장기요양판정
남자,서울특별시,의료급여,등급외,60,2019,https://api.odcloud.kr/api/15072696/v1/uddi:b85af1c8-a290-42e1-b57f-ac91e5604e1a,PUB-010_시도별_장기요양판정
남자,서울특별시,기초수급,1등급,295,2019,https://api.odcloud.kr/api/15072696/v1/uddi:b85af1c8-a290-42e1-b57f-ac91e5604e1a,PUB-010_시도별_장기요양판정
남자,서울특별시,기초수급,2등급,433,2019,https://api.odcloud.kr/api/15072696/v1/uddi:b85af1c8-a290-42e1-b57f-ac91e5604e1a,PUB-010_시도별_장기요양판정
남자,서울특별시,기초수급,3등급,1235,2019,https://api.odcloud.kr/api/15072696/v1/uddi:b85af1c8-a290-42e1-b57f-ac91e5604e1a,PUB-010_시도별_장기요양판정
남자,서울특별시,기초수급,4등급,2012,2019,https://api.odcloud.kr/api/15072696/v1/uddi:b85af1c8-a290-42e1-b57f-ac91e5604e1a,PUB-010_시도별_장기요양판정
남자,서울특별시,기초수급,5등급,396,2019,https://api.odcloud.kr/api/15072696/v1/uddi:b85af1c8-a290-42e1-b57f-ac91e5604e1a,PUB-010_시도별_장기요양판정
남자,서울특별시,기초수급,등급외,1830,2019,https://api.odcloud.kr/api/15072696/v1/uddi:b85af1c8-a290-42e1-b57f-ac91e5604e1a,PUB-010_시도별_장기요양판정
여자,서울특별시,일반,1등급,3303,2019,https://api.odcloud.kr/api/15072696/v1/uddi:b85af1c8-a290-42e1-b57f-ac91e5604e1a,PUB-010_시도별_장기요양판정
여자,서울특별시,일반,2등급,5765,2019,https://api.odcloud.kr/api/15072696/v1/uddi:b85af1c8-a290-42e1-b57f-ac91e5604e1a,PUB-010_시도별_장기요양판정
여자,서울특별시,일반,3등급,13325,2019,https://api.odcloud.kr/api/15072696/v1/uddi:b85af1c8-a290-42e1-b57f-ac91e5604e1a,PUB-010_시도별_장기요양판정
여자,서울특별시,일반,4등급,15945,2019,https://api.odcloud.kr/api/15072696/v1/uddi:b85af1c8-a290-42e1-b57f-ac91e5604e1a,PUB-010_시도별_장기요양판정
여자,서울특별시,일반,5등급,3834,2019,https://api.odcloud.kr/api/15072696/v1/uddi:b85af1c8-a290-42e1-b57f-ac91e5604e1a,PUB-010_시도별_장기요양판정
여자,서울특별시,일반,등급외,7446,2019,https://api.odcloud.kr/api/15072696/v1/uddi:b85af1c8-a290-42e1-b57f-ac91e5604e1a,PUB-010_시도별_장기요양판정
여자,서울특별시,경감,1등급,1591,2019,https://api.odcloud.kr/api/15072696/v1/uddi:b85af1c8-a290-42e1-b57f-ac91e5604e1a,PUB-010_시도별_장기요양판정
여자,서울특별시,경감,2등급,3072,2019,https://api.odcloud.kr/api/15072696/v1/uddi:b85af1c8-a290-42e1-b57f-ac91e5604e1a,PUB-010_시도별_장기요양판정
여자,서울특별시,경감,3등급,7299,2019,https://api.odcloud.kr/api/15072696/v1/uddi:b85af1c8-a290-42e1-b57f-ac91e5604e1a,PUB-010_시도별_장기요양판정
여자,서울특별시,경감,4등급,8192,2019,https://api.odcloud.kr/api/15072696/v1/uddi:b85af1c8-a290-42e1-b57f-ac91e5604e1a,PUB-010_시도별_장기요양판정
여자,서울특별시,경감,5등급,1689,2019,https://api.odcloud.kr/api/15072696/v1/uddi:b85af1c8-a290-42e1-b57f-ac91e5604e1a,PUB-010_시도별_장기요양판정
여자,서울특별시,경감,등급외,357,2019,https://api.odcloud.kr/api/15072696/v1/uddi:b85af1c8-a290-42e1-b57f-ac91e5604e1a,PUB-010_시도별_장기요양판정
여자,서울특별시,의료급여,1등급,50,2019,https://api.odcloud.kr/api/15072696/v1/uddi:b85af1c8-a290-42e1-b57f-ac91e5604e1a,PUB-010_시도별_장기요양판정
여자,서울특별시,의료급여,2등급,99,2019,https://api.odcloud.kr/api/15072696/v1/uddi:b85af1c8-a290-42e1-b57f-ac91e5604e1a,PUB-010_시도별_장기요양판정
여자,서울특별시,의료급여,3등급,213,2019,https://api.odcloud.kr/api/15072696/v1/uddi:b85af1c8-a290-42e1-b57f-ac91e5604e1a,PUB-010_시도별_장기요양판정
여자,서울특별시,의료급여,4등급,276,2019,https://api.odcloud.kr/api/15072696/v1/uddi:b85af1c8-a290-42e1-b57f-ac91e5604e1a,PUB-010_시도별_장기요양판정
여자,서울특별시,의료급여,5등급,41,2019,https://api.odcloud.kr/api/15072696/v1/uddi:b85af1c8-a290-42e1-b57f-ac91e5604e1a,PUB-010_시도별_장기요양판정
여자,서울특별시,의료급여,등급외,94,2019,https://api.odcloud.kr/api/15072696/v1/uddi:b85af1c8-a290-42e1-b57f-ac91e5604e1a,PUB-010_시도별_장기요양판정
여자,서울특별시,기초수급,1등급,797,2019,https://api.odcloud.kr/api/15072696/v1/uddi:b85af1c8-a290-42e1-b57f-ac91e5604e1a,PUB-010_시도별_장기요양판정
여자,서울특별시,기초수급,2등급,1350,2019,https://api.odcloud.kr/api/15072696/v1/uddi:b85af1c8-a290-42e1-b57f-ac91e5604e1a,PUB-010_시도별_장기요양판정
여자,서울특별시,기초수급,3등급,3279,2019,https://api.odcloud.kr/api/15072696/v1/uddi:b85af1c8-a290-42e1-b57f-ac91e5604e1a,PUB-010_시도별_장기요양판정
여자,서울특별시,기초수급,4등급,5384,2019,https://api.odcloud.kr/api/15072696/v1/uddi:b85af1c8-a290-42e1-b57f-ac91e5604e1a,PUB-010_시도별_장기요양판정
여자,서울특별시,기초수급,5등급,967,2019,https://api.odcloud.kr/api/15072696/v1/uddi:b85af1c8-a290-42e1-b57f-ac91e5604e1a,PUB-010_시도별_장기요양판정
여자,서울특별시,기초수급,등급외,3091,2019,https://api.odcloud.kr/api/15072696/v1/uddi:b85af1c8-a290-42e1-b57f-ac91e5604e1a,PUB-010_시도별_장기요양판정
남자,부산광역시,일반,1등급,424,2019,https://api.odcloud.kr/api/15072696/v1/uddi:b85af1c8-a290-42e1-b57f-ac91e5604e1a,PUB-010_시도별_장기요양판정
남자,부산광역시,일반,2등급,739,2019,https://api.odcloud.kr/api/15072696/v1/uddi:b85af1c8-a290-42e1-b57f-ac91e5604e1a,PUB-010_시도별_장기요양판정
남자,부산광역시,일반,3등급,2259,2019,https://api.odcloud.kr/api/15072696/v1/uddi:b85af1c8-a290-42e1-b57f-ac91e5604e1a,PUB-010_시도별_장기요양판정
남자,부산광역시,일반,4등급,2849,2019,https://api.odcloud.kr/api/15072696/v1/uddi:b85af1c8-a290-42e1-b57f-ac91e5604e1a,PUB-010_시도별_장기요양판정
남자,부산광역시,일반,5등급,456,2019,https://api.odcloud.kr/api/15072696/v1/uddi:b85af1c8-a290-42e1-b57f-ac91e5604e1a,PUB-010_시도별_장기요양판정
남자,부산광역시,일반,등급외,2000,2019,https://api.odcloud.kr/api/15072696/v1/uddi:b85af1c8-a290-42e1-b57f-ac91e5604e1a,PUB-010_시도별_장기요양판정
남자,부산광역시,경감,1등급,271,2019,https://api.odcloud.kr/api/15072696/v1/uddi:b85af1c8-a290-42e1-b57f-ac91e5604e1a,PUB-010_시도별_장기요양판정
남자,부산광역시,경감,2등급,495,2019,https://api.odcloud.kr/api/15072696/v1/uddi:b85af1c8-a290-42e1-b57f-ac91e5604e1a,PUB-010_시도별_장기요양판정
남자,부산광역시,경감,3등급,1412,2019,https://api.odcloud.kr/api/15072696/v1/uddi:b85af1c8-a290-42e1-b57f-ac91e5604e1a,PUB-010_시도별_장기요양판정
남자,부산광역시,경감,4등급,1792,2019,https://api.odcloud.kr/api/15072696/v1/uddi:b85af1c8-a290-42e1-b57f-ac91e5604e1a,PUB-010_시도별_장기요양판정
남자,부산광역시,경감,5등급,292,2019,https://api.odcloud.kr/api/15072696/v1/uddi:b85af1c8-a290-42e1-b57f-ac91e5604e1a,PUB-010_시도별_장기요양판정
남자,부산광역시,경감,등급외,101,2019,https://api.odcloud.kr/api/15072696/v1/uddi:b85af1c8-a290-42e1-b57f-ac91e5604e1a,PUB-010_시도별_장기요양판정
남자,부산광역시,의료급여,1등급,12,2019,https://api.odcloud.kr/api/15072696/v1/uddi:b85af1c8-a290-42e1-b57f-ac91e5604e1a,PUB-010_시도별_장기요양판정
남자,부산광역시,의료급여,2등급,16,2019,https://api.odcloud.kr/api/15072696/v1/uddi:b85af1c8-a290-42e1-b57f-ac91e5604e1a,PUB-010_시도별_장기요양판정
남자,부산광역시,의료급여,3등급,34,2019,https://api.odcloud.kr/api/15072696/v1/uddi:b85af1c8-a290-42e1-b57f-ac91e5604e1a,PUB-010_시도별_장기요양판정
남자,부산광역시,의료급여,4등급,51,2019,https://api.odcloud.kr/api/15072696/v1/uddi:b85af1c8-a290-42e1-b57f-ac91e5604e1a,PUB-010_시도별_장기요양판정
남자,부산광역시,의료급여,5등급,5,2019,https://api.odcloud.kr/api/15072696/v1/uddi:b85af1c8-a290-42e1-b57f-ac91e5604e1a,PUB-010_시도별_장기요양판정
남자,부산광역시,의료급여,등급외,30,2019,https://api.odcloud.kr/api/15072696/v1/uddi:b85af1c8-a290-42e1-b57f-ac91e5604e1a,PUB-010_시도별_장기요양판정
남자,부산광역시,기초수급,1등급,114,2019,https://api.odcloud.kr/api/15072696/v1/uddi:b85af1c8-a290-42e1-b57f-ac91e5604e1a,PUB-010_시도별_장기요양판정
남자,부산광역시,기초수급,2등급,228,2019,https://api.odcloud.kr/api/15072696/v1/uddi:b85af1c8-a290-42e1-b57f-ac91e5604e1a,PUB-010_시도별_장기요양판정
남자,부산광역시,기초수급,3등급,716,2019,https://api.odcloud.kr/api/15072696/v1/uddi:b85af1c8-a290-42e1-b57f-ac91e5604e1a,PUB-010_시도별_장기요양판정
남자,부산광역시,기초수급,4등급,1319,2019,https://api.odcloud.kr/api/15072696/v1/uddi:b85af1c8-a290-42e1-b57f-ac91e5604e1a,PUB-010_시도별_장기요양판정
남자,부산광역시,기초수급,5등급,175,2019,https://api.odcloud.kr/api/15072696/v1/uddi:b85af1c8-a290-42e1-b57f-ac91e5604e1a,PUB-010_시도별_장기요양판정
남자,부산광역시,기초수급,등급외,1320,2019,https://api.odcloud.kr/api/15072696/v1/uddi:b85af1c8-a290-42e1-b57f-ac91e5604e1a,PUB-010_시도별_장기요양판정
여자,부산광역시,일반,1등급,1042,2019,https://api.odcloud.kr/api/15072696/v1/uddi:b85af1c8-a290-42e1-b57f-ac91e5604e1a,PUB-010_시도별_장기요양판정
여자,부산광역시,일반,2등급,1760,2019,https://api.odcloud.kr/api/15072696/v1/uddi:b85af1c8-a290-42e1-b57f-ac91e5604e1a,PUB-010_시도별_장기요양판정
여자,부산광역시,일반,3등급,4647,2019,https://api.odcloud.kr/api/15072696/v1/uddi:b85af1c8-a290-42e1-b57f-ac91e5604e1a,PUB-010_시도별_장기요양판정
여자,부산광역시,일반,4등급,7202,2019,https://api.odcloud.kr/api/15072696/v1/uddi:b85af1c8-a290-42e1-b57f-ac91e5604e1a,PUB-010_시도별_장기요양판정
여자,부산광역시,일반,5등급,1235,2019,https://api.odcloud.kr/api/15072696/v1/uddi:b85af1c8-a290-42e1-b57f-ac91e5604e1a,PUB-010_시도별_장기요양판정
여자,부산광역시,일반,등급외,4793,2019,https://api.odcloud.kr/api/15072696/v1/uddi:b85af1c8-a290-42e1-b57f-ac91e5604e1a,PUB-010_시도별_장기요양판정
여자,부산광역시,경감,1등급,743,2019,https://api.odcloud.kr/api/15072696/v1/uddi:b85af1c8-a290-42e1-b57f-ac91e5604e1a,PUB-010_시도별_장기요양판정
여자,부산광역시,경감,2등급,1323,2019,https://api.odcloud.kr/api/15072696/v1/uddi:b85af1c8-a290-42e1-b57f-ac91e5604e1a,PUB-010_시도별_장기요양판정
여자,부산광역시,경감,3등급,3365,2019,https://api.odcloud.kr/api/15072696/v1/uddi:b85af1c8-a290-42e1-b57f-ac91e5604e1a,PUB-010_시도별_장기요양판정
여자,부산광역시,경감,4등급,4703,2019,https://api.odcloud.kr/api/15072696/v1/uddi:b85af1c8-a290-42e1-b57f-ac91e5604e1a,PUB-010_시도별_장기요양판정
여자,부산광역시,경감,5등급,700,2019,https://api.odcloud.kr/api/15072696/v1/uddi:b85af1c8-a290-42e1-b57f-ac91e5604e1a,PUB-010_시도별_장기요양판정
여자,부산광역시,경감,등급외,279,2019,https://api.odcloud.kr/api/15072696/v1/uddi:b85af1c8-a290-42e1-b57f-ac91e5604e1a,PUB-010_시도별_장기요양판정
여자,부산광역시,의료급여,1등급,34,2019,https://api.odcloud.kr/api/15072696/v1/uddi:b85af1c8-a290-42e1-b57f-ac91e5604e1a,PUB-010_시도별_장기요양판정
여자,부산광역시,의료급여,2등급,43,2019,https://api.odcloud.kr/api/15072696/v1/uddi:b85af1c8-a290-42e1-b57f-ac91e5604e1a,PUB-010_시도별_장기요양판정
여자,부산광역시,의료급여,3등급,103,2019,https://api.odcloud.kr/api/15072696/v1/uddi:b85af1c8-a290-42e1-b57f-ac91e5604e1a,PUB-010_시도별_장기요양판정
여자,부산광역시,의료급여,4등급,165,2019,https://api.odcloud.kr/api/15072696/v1/uddi:b85af1c8-a290-42e1-b57f-ac91e5604e1a,PUB-010_시도별_장기요양판정
여자,부산광역시,의료급여,5등급,22,2019,https://api.odcloud.kr/api/15072696/v1/uddi:b85af1c8-a290-42e1-b57f-ac91e5604e1a,PUB-010_시도별_장기요양판정
여자,부산광역시,의료급여,등급외,86,2019,https://api.odcloud.kr/api/15072696/v1/uddi:b85af1c8-a290-42e1-b57f-ac91e5604e1a,PUB-010_시도별_장기요양판정
여자,부산광역시,기초수급,1등급,333,2019,https://api.odcloud.kr/api/15072696/v1/uddi:b85af1c8-a290-42e1-b57f-ac91e5604e1a,PUB-010_시도별_장기요양판정
여자,부산광역시,기초수급,2등급,662,2019,https://api.odcloud.kr/api/15072696/v1/uddi:b85af1c8-a290-42e1-b57f-ac91e5604e1a,PUB-010_시도별_장기요양판정
여자,부산광역시,기초수급,3등급,1709,2019,https://api.odcloud.kr/api/15072696/v1/uddi:b85af1c8-a290-42e1-b57f-ac91e5604e1a,PUB-010_시도별_장기요양판정
여자,부산광역시,기초수급,4등급,3671,2019,https://api.odcloud.kr/api/15072696/v1/uddi:b85af1c8-a290-42e1-b57f-ac91e5604e1a,PUB-010_시도별_장기요양판정
여자,부산광역시,기초수급,5등급,391,2019,https://api.odcloud.kr/api/15072696/v1/uddi:b85af1c8-a290-42e1-b57f-ac91e5604e1a,PUB-010_시도별_장기요양판정
여자,부산광역시,기초수급,등급외,2416,2019,https://api.odcloud.kr/api/15072696/v1/uddi:b85af1c8-a290-42e1-b57f-ac91e5604e1a,PUB-010_시도별_장기요양판정
남자,대구광역시,일반,1등급,254,2019,https://api.odcloud.kr/api/15072696/v1/uddi:b85af1c8-a290-42e1-b57f-ac91e5604e1a,PUB-010_시도별_장기요양판정
남자,대구광역시,일반,2등급,529,2019,https://api.odcloud.kr/api/15072696/v1/uddi:b85af1c8-a290-42e1-b57f-ac91e5604e1a,PUB-010_시도별_장기요양판정
남자,대구광역시,일반,3등급,1426,2019,https://api.odcloud.kr/api/15072696/v1/uddi:b85af1c8-a290-42e1-b57f-ac91e5604e1a,PUB-010_시도별_장기요양판정
남자,대구광역시,일반,4등급,1764,2019,https://api.odcloud.kr/api/15072696/v1/uddi:b85af1c8-a290-42e1-b57f-ac91e5604e1a,PUB-010_시도별_장기요양판정
남자,대구광역시,일반,5등급,498,2019,https://api.odcloud.kr/api/15072696/v1/uddi:b85af1c8-a290-42e1-b57f-ac91e5604e1a,PUB-010_시도별_장기요양판정
남자,대구광역시,일반,등급외,1235,2019,https://api.odcloud.kr/api/15072696/v1/uddi:b85af1c8-a290-42e1-b57f-ac91e5604e1a,PUB-010_시도별_장기요양판정
남자,대구광역시,경감,1등급,163,2019,https://api.odcloud.kr/api/15072696/v1/uddi:b85af1c8-a290-42e1-b57f-ac91e5604e1a,PUB-010_시도별_장기요양판정
남자,대구광역시,경감,2등급,344,2019,https://api.odcloud.kr/api/15072696/v1/uddi:b85af1c8-a290-42e1-b57f-ac91e5604e1a,PUB-010_시도별_장기요양판정
남자,대구광역시,경감,3등급,892,2019,https://api.odcloud.kr/api/15072696/v1/uddi:b85af1c8-a290-42e1-b57f-ac91e5604e1a,PUB-010_시도별_장기요양판정
남자,대구광역시,경감,4등급,1066,2019,https://api.odcloud.kr/api/15072696/v1/uddi:b85af1c8-a290-42e1-b57f-ac91e5604e1a,PUB-010_시도별_장기요양판정
남자,대구광역시,경감,5등급,262,2019,https://api.odcloud.kr/api/15072696/v1/uddi:b85af1c8-a290-42e1-b57f-ac91e5604e1a,PUB-010_시도별_장기요양판정
남자,대구광역시,경감,등급외,54,2019,https://api.odcloud.kr/api/15072696/v1/uddi:b85af1c8-a290-42e1-b57f-ac91e5604e1a,PUB-010_시도별_장기요양판정
남자,대구광역시,의료급여,1등급,8,2019,https://api.odcloud.kr/api/15072696/v1/uddi:b85af1c8-a290-42e1-b57f-ac91e5604e1a,PUB-010_시도별_장기요양판정
남자,대구광역시,의료급여,2등급,10,2019,https://api.odcloud.kr/api/15072696/v1/uddi:b85af1c8-a290-42e1-b57f-ac91e5604e1a,PUB-010_시도별_장기요양판정
남자,대구광역시,의료급여,3등급,44,2019,https://api.odcloud.kr/api/15072696/v1/uddi:b85af1c8-a290-42e1-b57f-ac91e5604e1a,PUB-010_시도별_장기요양판정
남자,대구광역시,의료급여,4등급,67,2019,https://api.odcloud.kr/api/15072696/v1/uddi:b85af1c8-a290-42e1-b57f-ac91e5604e1a,PUB-010_시도별_장기요양판정
남자,대구광역시,의료급여,5등급,15,2019,https://api.odcloud.kr/api/15072696/v1/uddi:b85af1c8-a290-42e1-b57f-ac91e5604e1a,PUB-010_시도별_장기요양판정
남자,대구광역시,의료급여,등급외,30,2019,https://api.odcloud.kr/api/15072696/v1/uddi:b85af1c8-a290-42e1-b57f-ac91e5604e1a,PUB-010_시도별_장기요양판정
남자,대구광역시,기초수급,1등급,70,2019,https://api.odcloud.kr/api/15072696/v1/uddi:b85af1c8-a290-42e1-b57f-ac91e5604e1a,PUB-010_시도별_장기요양판정
남자,대구광역시,기초수급,2등급,171,2019,https://api.odcloud.kr/api/15072696/v1/uddi:b85af1c8-a290-42e1-b57f-ac91e5604e1a,PUB-010_시도별_장기요양판정
남자,대구광역시,기초수급,3등급,487,2019,https://api.odcloud.kr/api/15072696/v1/uddi:b85af1c8-a290-42e1-b57f-ac91e5604e1a,PUB-010_시도별_장기요양판정
남자,대구광역시,기초수급,4등급,695,2019,https://api.odcloud.kr/api/15072696/v1/uddi:b85af1c8-a290-42e1-b57f-ac91e5604e1a,PUB-010_시도별_장기요양판정
남자,대구광역시,기초수급,5등급,168,2019,https://api.odcloud.kr/api/15072696/v1/uddi:b85af1c8-a290-42e1-b57f-ac91e5604e1a,PUB-010_시도별_장기요양판정
남자,대구광역시,기초수급,등급외,774,2019,https://api.odcloud.kr/api/15072696/v1/uddi:b85af1c8-a290-42e1-b57f-ac91e5604e1a,PUB-010_시도별_장기요양판정
여자,대구광역시,일반,1등급,563,2019,https://api.odcloud.kr/api/15072696/v1/uddi:b85af1c8-a290-42e1-b57f-ac91e5604e1a,PUB-010_시도별_장기요양판정
여자,대구광역시,일반,2등급,1281,2019,https://api.odcloud.kr/api/15072696/v1/uddi:b85af1c8-a290-42e1-b57f-ac91e5604e1a,PUB-010_시도별_장기요양판정
여자,대구광역시,일반,3등급,3254,2019,https://api.odcloud.kr/api/15072696/v1/uddi:b85af1c8-a290-42e1-b57f-ac91e5604e1a,PUB-010_시도별_장기요양판정
여자,대구광역시,일반,4등급,4548,2019,https://api.odcloud.kr/api/15072696/v1/uddi:b85af1c8-a290-42e1-b57f-ac91e5604e1a,PUB-010_시도별_장기요양판정
여자,대구광역시,일반,5등급,1237,2019,https://api.odcloud.kr/api/15072696/v1/uddi:b85af1c8-a290-42e1-b57f-ac91e5604e1a,PUB-010_시도별_장기요양판정
여자,대구광역시,일반,등급외,2946,2019,https://api.odcloud.kr/api/15072696/v1/uddi:b85af1c8-a290-42e1-b57f-ac91e5604e1a,PUB-010_시도별_장기요양판정
여자,대구광역시,경감,1등급,429,2019,https://api.odcloud.kr/api/15072696/v1/uddi:b85af1c8-a290-42e1-b57f-ac91e5604e1a,PUB-010_시도별_장기요양판정
여자,대구광역시,경감,2등급,990,2019,https://api.odcloud.kr/api/15072696/v1/uddi:b85af1c8-a290-42e1-b57f-ac91e5604e1a,PUB-010_시도별_장기요양판정
여자,대구광역시,경감,3등급,2580,2019,https://api.odcloud.kr/api/15072696/v1/uddi:b85af1c8-a290-42e1-b57f-ac91e5604e1a,PUB-010_시도별_장기요양판정
여자,대구광역시,경감,4등급,3187,2019,https://api.odcloud.kr/api/15072696/v1/uddi:b85af1c8-a290-42e1-b57f-ac91e5604e1a,PUB-010_시도별_장기요양판정
여자,대구광역시,경감,5등급,744,2019,https://api.odcloud.kr/api/15072696/v1/uddi:b85af1c8-a290-42e1-b57f-ac91e5604e1a,PUB-010_시도별_장기요양판정
여자,대구광역시,경감,등급외,189,2019,https://api.odcloud.kr/api/15072696/v1/uddi:b85af1c8-a290-42e1-b57f-ac91e5604e1a,PUB-010_시도별_장기요양판정
여자,대구광역시,의료급여,1등급,27,2019,https://api.odcloud.kr/api/15072696/v1/uddi:b85af1c8-a290-42e1-b57f-ac91e5604e1a,PUB-010_시도별_장기요양판정
여자,대구광역시,의료급여,2등급,52,2019,https://api.odcloud.kr/api/15072696/v1/uddi:b85af1c8-a290-42e1-b57f-ac91e5604e1a,PUB-010_시도별_장기요양판정
여자,대구광역시,의료급여,3등급,99,2019,https://api.odcloud.kr/api/15072696/v1/uddi:b85af1c8-a290-42e1-b57f-ac91e5604e1a,PUB-010_시도별_장기요양판정
여자,대구광역시,의료급여,4등급,167,2019,https://api.odcloud.kr/api/15072696/v1/uddi:b85af1c8-a290-42e1-b57f-ac91e5604e1a,PUB-010_시도별_장기요양판정
여자,대구광역시,의료급여,5등급,45,2019,https://api.odcloud.kr/api/15072696/v1/uddi:b85af1c8-a290-42e1-b57f-ac91e5604e1a,PUB-010_시도별_장기요양판정
여자,대구광역시,의료급여,등급외,75,2019,https://api.odcloud.kr/api/15072696/v1/uddi:b85af1c8-a290-42e1-b57f-ac91e5604e1a,PUB-010_시도별_장기요양판정
여자,대구광역시,기초수급,1등급,247,2019,https://api.odcloud.kr/api/15072696/v1/uddi:b85af1c8-a290-42e1-b57f-ac91e5604e1a,PUB-010_시도별_장기요양판정
여자,대구광역시,기초수급,2등급,516,2019,https://api.odcloud.kr/api/15072696/v1/uddi:b85af1c8-a290-42e1-b57f-ac91e5604e1a,PUB-010_시도별_장기요양판정
여자,대구광역시,기초수급,3등급,1239,2019,https://api.odcloud.kr/api/15072696/v1/uddi:b85af1c8-a290-42e1-b57f-ac91e5604e1a,PUB-010_시도별_장기요양판정
여자,대구광역시,기초수급,4등급,1972,2019,https://api.odcloud.kr/api/15072696/v1/uddi:b85af1c8-a290-42e1-b57f-ac91e5604e1a,PUB-010_시도별_장기요양판정
여자,대구광역시,기초수급,5등급,519,2019,https://api.odcloud.kr/api/15072696/v1/uddi:b85af1c8-a290-42e1-b57f-ac91e5604e1a,PUB-010_시도별_장기요양판정
여자,대구광역시,기초수급,등급외,1385,2019,https://api.odcloud.kr/api/15072696/v1/uddi:b85af1c8-a290-42e1-b57f-ac91e5604e1a,PUB-010_시도별_장기요양판정
남자,인천광역시,일반,1등급,296,2019,https://api.odcloud.kr/api/15072696/v1/uddi:b85af1c8-a290-42e1-b57f-ac91e5604e1a,PUB-010_시도별_장기요양판정
남자,인천광역시,일반,2등급,540,2019,https://api.odcloud.kr/api/15072696/v1/uddi:b85af1c8-a290-42e1-b57f-ac91e5604e1a,PUB-010_시도별_장기요양판정
남자,인천광역시,일반,3등급,1644,2019,https://api.odcloud.kr/api/15072696/v1/uddi:b85af1c8-a290-42e1-b57f-ac91e5604e1a,PUB-010_시도별_장기요양판정
남자,인천광역시,일반,4등급,1990,2019,https://api.odcloud.kr/api/15072696/v1/uddi:b85af1c8-a290-42e1-b57f-ac91e5604e1a,PUB-010_시도별_장기요양판정
남자,인천광역시,일반,5등급,376,2019,https://api.odcloud.kr/api/15072696/v1/uddi:b85af1c8-a290-42e1-b57f-ac91e5604e1a,PUB-010_시도별_장기요양판정
남자,인천광역시,일반,등급외,1216,2019,https://api.odcloud.kr/api/15072696/v1/uddi:b85af1c8-a290-42e1-b57f-ac91e5604e1a,PUB-010_시도별_장기요양판정
남자,인천광역시,경감,1등급,228,2019,https://api.odcloud.kr/api/15072696/v1/uddi:b85af1c8-a290-42e1-b57f-ac91e5604e1a,PUB-010_시도별_장기요양판정
남자,인천광역시,경감,2등급,442,2019,https://api.odcloud.kr/api/15072696/v1/uddi:b85af1c8-a290-42e1-b57f-ac91e5604e1a,PUB-010_시도별_장기요양판정
남자,인천광역시,경감,3등급,1272,2019,https://api.odcloud.kr/api/15072696/v1/uddi:b85af1c8-a290-42e1-b57f-ac91e5604e1a,PUB-010_시도별_장기요양판정
남자,인천광역시,경감,4등급,1539,2019,https://api.odcloud.kr/api/15072696/v1/uddi:b85af1c8-a290-42e1-b57f-ac91e5604e1a,PUB-010_시도별_장기요양판정
남자,인천광역시,경감,5등급,292,2019,https://api.odcloud.kr/api/15072696/v1/uddi:b85af1c8-a290-42e1-b57f-ac91e5604e1a,PUB-010_시도별_장기요양판정
남자,인천광역시,경감,등급외,54,2019,https://api.odcloud.kr/api/15072696/v1/uddi:b85af1c8-a290-42e1-b57f-ac91e5604e1a,PUB-010_시도별_장기요양판정
남자,인천광역시,의료급여,1등급,13,2019,https://api.odcloud.kr/api/15072696/v1/uddi:b85af1c8-a290-42e1-b57f-ac91e5604e1a,PUB-010_시도별_장기요양판정
남자,인천광역시,의료급여,2등급,17,2019,https://api.odcloud.kr/api/15072696/v1/uddi:b85af1c8-a290-42e1-b57f-ac91e5604e1a,PUB-010_시도별_장기요양판정
남자,인천광역시,의료급여,3등급,37,2019,https://api.odcloud.kr/api/15072696/v1/uddi:b85af1c8-a290-42e1-b57f-ac91e5604e1a,PUB-010_시도별_장기요양판정
남자,인천광역시,의료급여,4등급,71,2019,https://api.odcloud.kr/api/15072696/v1/uddi:b85af1c8-a290-42e1-b57f-ac91e5604e1a,PUB-010_시도별_장기요양판정
남자,인천광역시,의료급여,5등급,17,2019,https://api.odcloud.kr/api/15072696/v1/uddi:b85af1c8-a290-42e1-b57f-ac91e5604e1a,PUB-010_시도별_장기요양판정
남자,인천광역시,의료급여,등급외,26,2019,https://api.odcloud.kr/api/15072696/v1/uddi:b85af1c8-a290-42e1-b57f-ac91e5604e1a,PUB-010_시도별_장기요양판정
남자,인천광역시,기초수급,1등급,147,2019,https://api.odcloud.kr/api/15072696/v1/uddi:b85af1c8-a290-42e1-b57f-ac91e5604e1a,PUB-010_시도별_장기요양판정
남자,인천광역시,기초수급,2등급,236,2019,https://api.odcloud.kr/api/15072696/v1/uddi:b85af1c8-a290-42e1-b57f-ac91e5604e1a,PUB-010_시도별_장기요양판정
남자,인천광역시,기초수급,3등급,769,2019,https://api.odcloud.kr/api/15072696/v1/uddi:b85af1c8-a290-42e1-b57f-ac91e5604e1a,PUB-010_시도별_장기요양판정
남자,인천광역시,기초수급,4등급,1263,2019,https://api.odcloud.kr/api/15072696/v1/uddi:b85af1c8-a290-42e1-b57f-ac91e5604e1a,PUB-010_시도별_장기요양판정
남자,인천광역시,기초수급,5등급,181,2019,https://api.odcloud.kr/api/15072696/v1/uddi:b85af1c8-a290-42e1-b57f-ac91e5604e1a,PUB-010_시도별_장기요양판정
남자,인천광역시,기초수급,등급외,813,2019,https://api.odcloud.kr/api/15072696/v1/uddi:b85af1c8-a290-42e1-b57f-ac91e5604e1a,PUB-010_시도별_장기요양판정
여자,인천광역시,일반,1등급,675,2019,https://api.odcloud.kr/api/15072696/v1/uddi:b85af1c8-a290-42e1-b57f-ac91e5604e1a,PUB-010_시도별_장기요양판정
여자,인천광역시,일반,2등급,1430,2019,https://api.odcloud.kr/api/15072696/v1/uddi:b85af1c8-a290-42e1-b57f-ac91e5604e1a,PUB-010_시도별_장기요양판정
여자,인천광역시,일반,3등급,4005,2019,https://api.odcloud.kr/api/15072696/v1/uddi:b85af1c8-a290-42e1-b57f-ac91e5604e1a,PUB-010_시도별_장기요양판정
여자,인천광역시,일반,4등급,5425,2019,https://api.odcloud.kr/api/15072696/v1/uddi:b85af1c8-a290-42e1-b57f-ac91e5604e1a,PUB-010_시도별_장기요양판정
여자,인천광역시,일반,5등급,991,2019,https://api.odcloud.kr/api/15072696/v1/uddi:b85af1c8-a290-42e1-b57f-ac91e5604e1a,PUB-010_시도별_장기요양판정
여자,인천광역시,일반,등급외,3014,2019,https://api.odcloud.kr/api/15072696/v1/uddi:b85af1c8-a290-42e1-b57f-ac91e5604e1a,PUB-010_시도별_장기요양판정
여자,인천광역시,경감,1등급,593,2019,https://api.odcloud.kr/api/15072696/v1/uddi:b85af1c8-a290-42e1-b57f-ac91e5604e1a,PUB-010_시도별_장기요양판정
여자,인천광역시,경감,2등급,1408,2019,https://api.odcloud.kr/api/15072696/v1/uddi:b85af1c8-a290-42e1-b57f-ac91e5604e1a,PUB-010_시도별_장기요양판정
여자,인천광역시,경감,3등급,3615,2019,https://api.odcloud.kr/api/15072696/v1/uddi:b85af1c8-a290-42e1-b57f-ac91e5604e1a,PUB-010_시도별_장기요양판정
여자,인천광역시,경감,4등급,4284,2019,https://api.odcloud.kr/api/15072696/v1/uddi:b85af1c8-a290-42e1-b57f-ac91e5604e1a,PUB-010_시도별_장기요양판정
여자,인천광역시,경감,5등급,668,2019,https://api.odcloud.kr/api/15072696/v1/uddi:b85af1c8-a290-42e1-b57f-ac91e5604e1a,PUB-010_시도별_장기요양판정
여자,인천광역시,경감,등급외,138,2019,https://api.odcloud.kr/api/15072696/v1/uddi:b85af1c8-a290-42e1-b57f-ac91e5604e1a,PUB-010_시도별_장기요양판정
여자,인천광역시,의료급여,1등급,16,2019,https://api.odcloud.kr/api/15072696/v1/uddi:b85af1c8-a290-42e1-b57f-ac91e5604e1a,PUB-010_시도별_장기요양판정
여자,인천광역시,의료급여,2등급,49,2019,https://api.odcloud.kr/api/15072696/v1/uddi:b85af1c8-a290-42e1-b57f-ac91e5604e1a,PUB-010_시도별_장기요양판정
여자,인천광역시,의료급여,3등급,106,2019,https://api.odcloud.kr/api/15072696/v1/uddi:b85af1c8-a290-42e1-b57f-ac91e5604e1a,PUB-010_시도별_장기요양판정
여자,인천광역시,의료급여,4등급,174,2019,https://api.odcloud.kr/api/15072696/v1/uddi:b85af1c8-a290-42e1-b57f-ac91e5604e1a,PUB-010_시도별_장기요양판정
여자,인천광역시,의료급여,5등급,33,2019,https://api.odcloud.kr/api/15072696/v1/uddi:b85af1c8-a290-42e1-b57f-ac91e5604e1a,PUB-010_시도별_장기요양판정
여자,인천광역시,의료급여,등급외,47,2019,https://api.odcloud.kr/api/15072696/v1/uddi:b85af1c8-a290-42e1-b57f-ac91e5604e1a,PUB-010_시도별_장기요양판정
여자,인천광역시,기초수급,1등급,343,2019,https://api.odcloud.kr/api/15072696/v1/uddi:b85af1c8-a290-42e1-b57f-ac91e5604e1a,PUB-010_시도별_장기요양판정
여자,인천광역시,기초수급,2등급,704,2019,https://api.odcloud.kr/api/15072696/v1/uddi:b85af1c8-a290-42e1-b57f-ac91e5604e1a,PUB-010_시도별_장기요양판정
여자,인천광역시,기초수급,3등급,1727,2019,https://api.odcloud.kr/api/15072696/v1/uddi:b85af1c8-a290-42e1-b57f-ac91e5604e1a,PUB-010_시도별_장기요양판정
여자,인천광역시,기초수급,4등급,2937,2019,https://api.odcloud.kr/api/15072696/v1/uddi:b85af1c8-a290-42e1-b57f-ac91e5604e1a,PUB-010_시도별_장기요양판정
여자,인천광역시,기초수급,5등급,424,2019,https://api.odcloud.kr/api/15072696/v1/uddi:b85af1c8-a290-42e1-b57f-ac91e5604e1a,PUB-010_시도별_장기요양판정
여자,인천광역시,기초수급,등급외,1323,2019,https://api.odcloud.kr/api/15072696/v1/uddi:b85af1c8-a290-42e1-b57f-ac91e5604e1a,PUB-010_시도별_장기요양판정
남자,광주광역시,일반,1등급,144,2019,https://api.odcloud.kr/api/15072696/v1/uddi:b85af1c8-a290-42e1-b57f-ac91e5604e1a,PUB-010_시도별_장기요양판정
남자,광주광역시,일반,2등급,237,2019,https://api.odcloud.kr/api/15072696/v1/uddi:b85af1c8-a290-42e1-b57f-ac91e5604e1a,PUB-010_시도별_장기요양판정
남자,광주광역시,일반,3등급,832,2019,https://api.odcloud.kr/api/15072696/v1/uddi:b85af1c8-a290-42e1-b57f-ac91e5604e1a,PUB-010_시도별_장기요양판정
남자,광주광역시,일반,4등급,1339,2019,https://api.odcloud.kr/api/15072696/v1/uddi:b85af1c8-a290-42e1-b57f-ac91e5604e1a,PUB-010_시도별_장기요양판정
남자,광주광역시,일반,5등급,311,2019,https://api.odcloud.kr/api/15072696/v1/uddi:b85af1c8-a290-42e1-b57f-ac91e5604e1a,PUB-010_시도별_장기요양판정
남자,광주광역시,일반,등급외,1180,2019,https://api.odcloud.kr/api/15072696/v1/uddi:b85af1c8-a290-42e1-b57f-ac91e5604e1a,PUB-010_시도별_장기요양판정
남자,광주광역시,경감,1등급,92,2019,https://api.odcloud.kr/api/15072696/v1/uddi:b85af1c8-a290-42e1-b57f-ac91e5604e1a,PUB-010_시도별_장기요양판정
남자,광주광역시,경감,2등급,140,2019,https://api.odcloud.kr/api/15072696/v1/uddi:b85af1c8-a290-42e1-b57f-ac91e5604e1a,PUB-010_시도별_장기요양판정
남자,광주광역시,경감,3등급,481,2019,https://api.odcloud.kr/api/15072696/v1/uddi:b85af1c8-a290-42e1-b57f-ac91e5604e1a,PUB-010_시도별_장기요양판정
남자,광주광역시,경감,4등급,724,2019,https://api.odcloud.kr/api/15072696/v1/uddi:b85af1c8-a290-42e1-b57f-ac91e5604e1a,PUB-010_시도별_장기요양판정
남자,광주광역시,경감,5등급,149,2019,https://api.odcloud.kr/api/15072696/v1/uddi:b85af1c8-a290-42e1-b57f-ac91e5604e1a,PUB-010_시도별_장기요양판정
남자,광주광역시,경감,등급외,68,2019,https://api.odcloud.kr/api/15072696/v1/uddi:b85af1c8-a290-42e1-b57f-ac91e5604e1a,PUB-010_시도별_장기요양판정
남자,광주광역시,의료급여,1등급,6,2019,https://api.odcloud.kr/api/15072696/v1/uddi:b85af1c8-a290-42e1-b57f-ac91e5604e1a,PUB-010_시도별_장기요양판정
남자,광주광역시,의료급여,2등급,14,2019,https://api.odcloud.kr/api/15072696/v1/uddi:b85af1c8-a290-42e1-b57f-ac91e5604e1a,PUB-010_시도별_장기요양판정
남자,광주광역시,의료급여,3등급,31,2019,https://api.odcloud.kr/api/15072696/v1/uddi:b85af1c8-a290-42e1-b57f-ac91e5604e1a,PUB-010_시도별_장기요양판정
남자,광주광역시,의료급여,4등급,51,2019,https://api.odcloud.kr/api/15072696/v1/uddi:b85af1c8-a290-42e1-b57f-ac91e5604e1a,PUB-010_시도별_장기요양판정
남자,광주광역시,의료급여,5등급,12,2019,https://api.odcloud.kr/api/15072696/v1/uddi:b85af1c8-a290-42e1-b57f-ac91e5604e1a,PUB-010_시도별_장기요양판정
남자,광주광역시,의료급여,등급외,31,2019,https://api.odcloud.kr/api/15072696/v1/uddi:b85af1c8-a290-42e1-b57f-ac91e5604e1a,PUB-010_시도별_장기요양판정
남자,광주광역시,기초수급,1등급,40,2019,https://api.odcloud.kr/api/15072696/v1/uddi:b85af1c8-a290-42e1-b57f-ac91e5604e1a,PUB-010_시도별_장기요양판정
남자,광주광역시,기초수급,2등급,54,2019,https://api.odcloud.kr/api/15072696/v1/uddi:b85af1c8-a290-42e1-b57f-ac91e5604e1a,PUB-010_시도별_장기요양판정
남자,광주광역시,기초수급,3등급,213,2019,https://api.odcloud.kr/api/15072696/v1/uddi:b85af1c8-a290-42e1-b57f-ac91e5604e1a,PUB-010_시도별_장기요양판정
남자,광주광역시,기초수급,4등급,436,2019,https://api.odcloud.kr/api/15072696/v1/uddi:b85af1c8-a290-42e1-b57f-ac91e5604e1a,PUB-010_시도별_장기요양판정
남자,광주광역시,기초수급,5등급,90,2019,https://api.odcloud.kr/api/15072696/v1/uddi:b85af1c8-a290-42e1-b57f-ac91e5604e1a,PUB-010_시도별_장기요양판정
남자,광주광역시,기초수급,등급외,701,2019,https://api.odcloud.kr/api/15072696/v1/uddi:b85af1c8-a290-42e1-b57f-ac91e5604e1a,PUB-010_시도별_장기요양판정
여자,광주광역시,일반,1등급,350,2019,https://api.odcloud.kr/api/15072696/v1/uddi:b85af1c8-a290-42e1-b57f-ac91e5604e1a,PUB-010_시도별_장기요양판정
여자,광주광역시,일반,2등급,623,2019,https://api.odcloud.kr/api/15072696/v1/uddi:b85af1c8-a290-42e1-b57f-ac91e5604e1a,PUB-010_시도별_장기요양판정
여자,광주광역시,일반,3등급,1853,2019,https://api.odcloud.kr/api/15072696/v1/uddi:b85af1c8-a290-42e1-b57f-ac91e5604e1a,PUB-010_시도별_장기요양판정
여자,광주광역시,일반,4등급,3664,2019,https://api.odcloud.kr/api/15072696/v1/uddi:b85af1c8-a290-42e1-b57f-ac91e5604e1a,PUB-010_시도별_장기요양판정
여자,광주광역시,일반,5등급,737,2019,https://api.odcloud.kr/api/15072696/v1/uddi:b85af1c8-a290-42e1-b57f-ac91e5604e1a,PUB-010_시도별_장기요양판정
여자,광주광역시,일반,등급외,3201,2019,https://api.odcloud.kr/api/15072696/v1/uddi:b85af1c8-a290-42e1-b57f-ac91e5604e1a,PUB-010_시도별_장기요양판정
여자,광주광역시,경감,1등급,248,2019,https://api.odcloud.kr/api/15072696/v1/uddi:b85af1c8-a290-42e1-b57f-ac91e5604e1a,PUB-010_시도별_장기요양판정
여자,광주광역시,경감,2등급,451,2019,https://api.odcloud.kr/api/15072696/v1/uddi:b85af1c8-a290-42e1-b57f-ac91e5604e1a,PUB-010_시도별_장기요양판정
여자,광주광역시,경감,3등급,1330,2019,https://api.odcloud.kr/api/15072696/v1/uddi:b85af1c8-a290-42e1-b57f-ac91e5604e1a,PUB-010_시도별_장기요양판정
여자,광주광역시,경감,4등급,2206,2019,https://api.odcloud.kr/api/15072696/v1/uddi:b85af1c8-a290-42e1-b57f-ac91e5604e1a,PUB-010_시도별_장기요양판정
여자,광주광역시,경감,5등급,430,2019,https://api.odcloud.kr/api/15072696/v1/uddi:b85af1c8-a290-42e1-b57f-ac91e5604e1a,PUB-010_시도별_장기요양판정
여자,광주광역시,경감,등급외,212,2019,https://api.odcloud.kr/api/15072696/v1/uddi:b85af1c8-a290-42e1-b57f-ac91e5604e1a,PUB-010_시도별_장기요양판정
여자,광주광역시,의료급여,1등급,13,2019,https://api.odcloud.kr/api/15072696/v1/uddi:b85af1c8-a290-42e1-b57f-ac91e5604e1a,PUB-010_시도별_장기요양판정
여자,광주광역시,의료급여,2등급,19,2019,https://api.odcloud.kr/api/15072696/v1/uddi:b85af1c8-a290-42e1-b57f-ac91e5604e1a,PUB-010_시도별_장기요양판정
여자,광주광역시,의료급여,3등급,86,2019,https://api.odcloud.kr/api/15072696/v1/uddi:b85af1c8-a290-42e1-b57f-ac91e5604e1a,PUB-010_시도별_장기요양판정
여자,광주광역시,의료급여,4등급,167,2019,https://api.odcloud.kr/api/15072696/v1/uddi:b85af1c8-a290-42e1-b57f-ac91e5604e1a,PUB-010_시도별_장기요양판정
여자,광주광역시,의료급여,5등급,30,2019,https://api.odcloud.kr/api/15072696/v1/uddi:b85af1c8-a290-42e1-b57f-ac91e5604e1a,PUB-010_시도별_장기요양판정
여자,광주광역시,의료급여,등급외,77,2019,https://api.odcloud.kr/api/15072696/v1/uddi:b85af1c8-a290-42e1-b57f-ac91e5604e1a,PUB-010_시도별_장기요양판정
여자,광주광역시,기초수급,1등급,92,2019,https://api.odcloud.kr/api/15072696/v1/uddi:b85af1c8-a290-42e1-b57f-ac91e5604e1a,PUB-010_시도별_장기요양판정
여자,광주광역시,기초수급,2등급,187,2019,https://api.odcloud.kr/api/15072696/v1/uddi:b85af1c8-a290-42e1-b57f-ac91e5604e1a,PUB-010_시도별_장기요양판정
여자,광주광역시,기초수급,3등급,603,2019,https://api.odcloud.kr/api/15072696/v1/uddi:b85af1c8-a290-42e1-b57f-ac91e5604e1a,PUB-010_시도별_장기요양판정
여자,광주광역시,기초수급,4등급,1204,2019,https://api.odcloud.kr/api/15072696/v1/uddi:b85af1c8-a290-42e1-b57f-ac91e5604e1a,PUB-010_시도별_장기요양판정
여자,광주광역시,기초수급,5등급,290,2019,https://api.odcloud.kr/api/15072696/v1/uddi:b85af1c8-a290-42e1-b57f-ac91e5604e1a,PUB-010_시도별_장기요양판정
여자,광주광역시,기초수급,등급외,1401,2019,https://api.odcloud.kr/api/15072696/v1/uddi:b85af1c8-a290-42e1-b57f-ac91e5604e1a,PUB-010_시도별_장기요양판정
남자,대전광역시,일반,1등급,168,2019,https://api.odcloud.kr/api/15072696/v1/uddi:b85af1c8-a290-42e1-b57f-ac91e5604e1a,PUB-010_시도별_장기요양판정
남자,대전광역시,일반,2등급,241,2019,https://api.odcloud.kr/api/15072696/v1/uddi:b85af1c8-a290-42e1-b57f-ac91e5604e1a,PUB-010_시도별_장기요양판정
남자,대전광역시,일반,3등급,864,2019,https://api.odcloud.kr/api/15072696/v1/uddi:b85af1c8-a290-42e1-b57f-ac91e5604e1a,PUB-010_시도별_장기요양판정
남자,대전광역시,일반,4등급,1289,2019,https://api.odcloud.kr/api/15072696/v1/uddi:b85af1c8-a290-42e1-b57f-ac91e5604e1a,PUB-010_시도별_장기요양판정
남자,대전광역시,일반,5등급,393,2019,https://api.odcloud.kr/api/15072696/v1/uddi:b85af1c8-a290-42e1-b57f-ac91e5604e1a,PUB-010_시도별_장기요양판정
남자,대전광역시,일반,등급외,840,2019,https://api.odcloud.kr/api/15072696/v1/uddi:b85af1c8-a290-42e1-b57f-ac91e5604e1a,PUB-010_시도별_장기요양판정
남자,대전광역시,경감,1등급,101,2019,https://api.odcloud.kr/api/15072696/v1/uddi:b85af1c8-a290-42e1-b57f-ac91e5604e1a,PUB-010_시도별_장기요양판정
남자,대전광역시,경감,2등급,202,2019,https://api.odcloud.kr/api/15072696/v1/uddi:b85af1c8-a290-42e1-b57f-ac91e5604e1a,PUB-010_시도별_장기요양판정
남자,대전광역시,경감,3등급,530,2019,https://api.odcloud.kr/api/15072696/v1/uddi:b85af1c8-a290-42e1-b57f-ac91e5604e1a,PUB-010_시도별_장기요양판정
남자,대전광역시,경감,4등급,760,2019,https://api.odcloud.kr/api/15072696/v1/uddi:b85af1c8-a290-42e1-b57f-ac91e5604e1a,PUB-010_시도별_장기요양판정
남자,대전광역시,경감,5등급,179,2019,https://api.odcloud.kr/api/15072696/v1/uddi:b85af1c8-a290-42e1-b57f-ac91e5604e1a,PUB-010_시도별_장기요양판정
남자,대전광역시,경감,등급외,36,2019,https://api.odcloud.kr/api/15072696/v1/uddi:b85af1c8-a290-42e1-b57f-ac91e5604e1a,PUB-010_시도별_장기요양판정
남자,대전광역시,의료급여,1등급,3,2019,https://api.odcloud.kr/api/15072696/v1/uddi:b85af1c8-a290-42e1-b57f-ac91e5604e1a,PUB-010_시도별_장기요양판정
남자,대전광역시,의료급여,2등급,6,2019,https://api.odcloud.kr/api/15072696/v1/uddi:b85af1c8-a290-42e1-b57f-ac91e5604e1a,PUB-010_시도별_장기요양판정
남자,대전광역시,의료급여,3등급,18,2019,https://api.odcloud.kr/api/15072696/v1/uddi:b85af1c8-a290-42e1-b57f-ac91e5604e1a,PUB-010_시도별_장기요양판정
남자,대전광역시,의료급여,4등급,34,2019,https://api.odcloud.kr/api/15072696/v1/uddi:b85af1c8-a290-42e1-b57f-ac91e5604e1a,PUB-010_시도별_장기요양판정
남자,대전광역시,의료급여,5등급,6,2019,https://api.odcloud.kr/api/15072696/v1/uddi:b85af1c8-a290-42e1-b57f-ac91e5604e1a,PUB-010_시도별_장기요양판정
남자,대전광역시,의료급여,등급외,16,2019,https://api.odcloud.kr/api/15072696/v1/uddi:b85af1c8-a290-42e1-b57f-ac91e5604e1a,PUB-010_시도별_장기요양판정
남자,대전광역시,기초수급,1등급,37,2019,https://api.odcloud.kr/api/15072696/v1/uddi:b85af1c8-a290-42e1-b57f-ac91e5604e1a,PUB-010_시도별_장기요양판정
남자,대전광역시,기초수급,2등급,107,2019,https://api.odcloud.kr/api/15072696/v1/uddi:b85af1c8-a290-42e1-b57f-ac91e5604e1a,PUB-010_시도별_장기요양판정
남자,대전광역시,기초수급,3등급,258,2019,https://api.odcloud.kr/api/15072696/v1/uddi:b85af1c8-a290-42e1-b57f-ac91e5604e1a,PUB-010_시도별_장기요양판정
남자,대전광역시,기초수급,4등급,479,2019,https://api.odcloud.kr/api/15072696/v1/uddi:b85af1c8-a290-42e1-b57f-ac91e5604e1a,PUB-010_시도별_장기요양판정
남자,대전광역시,기초수급,5등급,100,2019,https://api.odcloud.kr/api/15072696/v1/uddi:b85af1c8-a290-42e1-b57f-ac91e5604e1a,PUB-010_시도별_장기요양판정
남자,대전광역시,기초수급,등급외,540,2019,https://api.odcloud.kr/api/15072696/v1/uddi:b85af1c8-a290-42e1-b57f-ac91e5604e1a,PUB-010_시도별_장기요양판정
여자,대전광역시,일반,1등급,379,2019,https://api.odcloud.kr/api/15072696/v1/uddi:b85af1c8-a290-42e1-b57f-ac91e5604e1a,PUB-010_시도별_장기요양판정
여자,대전광역시,일반,2등급,765,2019,https://api.odcloud.kr/api/15072696/v1/uddi:b85af1c8-a290-42e1-b57f-ac91e5604e1a,PUB-010_시도별_장기요양판정
여자,대전광역시,일반,3등급,1986,2019,https://api.odcloud.kr/api/15072696/v1/uddi:b85af1c8-a290-42e1-b57f-ac91e5604e1a,PUB-010_시도별_장기요양판정
여자,대전광역시,일반,4등급,3079,2019,https://api.odcloud.kr/api/15072696/v1/uddi:b85af1c8-a290-42e1-b57f-ac91e5604e1a,PUB-010_시도별_장기요양판정
여자,대전광역시,일반,5등급,859,2019,https://api.odcloud.kr/api/15072696/v1/uddi:b85af1c8-a290-42e1-b57f-ac91e5604e1a,PUB-010_시도별_장기요양판정
여자,대전광역시,일반,등급외,2017,2019,https://api.odcloud.kr/api/15072696/v1/uddi:b85af1c8-a290-42e1-b57f-ac91e5604e1a,PUB-010_시도별_장기요양판정
여자,대전광역시,경감,1등급,277,2019,https://api.odcloud.kr/api/15072696/v1/uddi:b85af1c8-a290-42e1-b57f-ac91e5604e1a,PUB-010_시도별_장기요양판정
여자,대전광역시,경감,2등급,582,2019,https://api.odcloud.kr/api/15072696/v1/uddi:b85af1c8-a290-42e1-b57f-ac91e5604e1a,PUB-010_시도별_장기요양판정
여자,대전광역시,경감,3등급,1511,2019,https://api.odcloud.kr/api/15072696/v1/uddi:b85af1c8-a290-42e1-b57f-ac91e5604e1a,PUB-010_시도별_장기요양판정
여자,대전광역시,경감,4등급,2074,2019,https://api.odcloud.kr/api/15072696/v1/uddi:b85af1c8-a290-42e1-b57f-ac91e5604e1a,PUB-010_시도별_장기요양판정
여자,대전광역시,경감,5등급,524,2019,https://api.odcloud.kr/api/15072696/v1/uddi:b85af1c8-a290-42e1-b57f-ac91e5604e1a,PUB-010_시도별_장기요양판정
여자,대전광역시,경감,등급외,103,2019,https://api.odcloud.kr/api/15072696/v1/uddi:b85af1c8-a290-42e1-b57f-ac91e5604e1a,PUB-010_시도별_장기요양판정
여자,대전광역시,의료급여,1등급,13,2019,https://api.odcloud.kr/api/15072696/v1/uddi:b85af1c8-a290-42e1-b57f-ac91e5604e1a,PUB-010_시도별_장기요양판정
여자,대전광역시,의료급여,2등급,29,2019,https://api.odcloud.kr/api/15072696/v1/uddi:b85af1c8-a290-42e1-b57f-ac91e5604e1a,PUB-010_시도별_장기요양판정
여자,대전광역시,의료급여,3등급,60,2019,https://api.odcloud.kr/api/15072696/v1/uddi:b85af1c8-a290-42e1-b57f-ac91e5604e1a,PUB-010_시도별_장기요양판정
여자,대전광역시,의료급여,4등급,78,2019,https://api.odcloud.kr/api/15072696/v1/uddi:b85af1c8-a290-42e1-b57f-ac91e5604e1a,PUB-010_시도별_장기요양판정
여자,대전광역시,의료급여,5등급,24,2019,https://api.odcloud.kr/api/15072696/v1/uddi:b85af1c8-a290-42e1-b57f-ac91e5604e1a,PUB-010_시도별_장기요양판정
여자,대전광역시,의료급여,등급외,35,2019,https://api.odcloud.kr/api/15072696/v1/uddi:b85af1c8-a290-42e1-b57f-ac91e5604e1a,PUB-010_시도별_장기요양판정
여자,대전광역시,기초수급,1등급,137,2019,https://api.odcloud.kr/api/15072696/v1/uddi:b85af1c8-a290-42e1-b57f-ac91e5604e1a,PUB-010_시도별_장기요양판정
여자,대전광역시,기초수급,2등급,274,2019,https://api.odcloud.kr/api/15072696/v1/uddi:b85af1c8-a290-42e1-b57f-ac91e5604e1a,PUB-010_시도별_장기요양판정
여자,대전광역시,기초수급,3등급,632,2019,https://api.odcloud.kr/api/15072696/v1/uddi:b85af1c8-a290-42e1-b57f-ac91e5604e1a,PUB-010_시도별_장기요양판정
여자,대전광역시,기초수급,4등급,1133,2019,https://api.odcloud.kr/api/15072696/v1/uddi:b85af1c8-a290-42e1-b57f-ac91e5604e1a,PUB-010_시도별_장기요양판정
여자,대전광역시,기초수급,5등급,240,2019,https://api.odcloud.kr/api/15072696/v1/uddi:b85af1c8-a290-42e1-b57f-ac91e5604e1a,PUB-010_시도별_장기요양판정
여자,대전광역시,기초수급,등급외,833,2019,https://api.odcloud.kr/api/15072696/v1/uddi:b85af1c8-a290-42e1-b57f-ac91e5604e1a,PUB-010_시도별_장기요양판정
남자,울산광역시,일반,1등급,143,2019,https://api.odcloud.kr/api/15072696/v1/uddi:b85af1c8-a290-42e1-b57f-ac91e5604e1a,PUB-010_시도별_장기요양판정
남자,울산광역시,일반,2등급,203,2019,https://api.odcloud.kr/api/15072696/v1/uddi:b85af1c8-a290-42e1-b57f-ac91e5604e1a,PUB-010_시도별_장기요양판정
남자,울산광역시,일반,3등급,632,2019,https://api.odcloud.kr/api/15072696/v1/uddi:b85af1c8-a290-42e1-b57f-ac91e5604e1a,PUB-010_시도별_장기요양판정
남자,울산광역시,일반,4등급,610,2019,https://api.odcloud.kr/api/15072696/v1/uddi:b85af1c8-a290-42e1-b57f-ac91e5604e1a,PUB-010_시도별_장기요양판정
남자,울산광역시,일반,5등급,80,2019,https://api.odcloud.kr/api/15072696/v1/uddi:b85af1c8-a290-42e1-b57f-ac91e5604e1a,PUB-010_시도별_장기요양판정
남자,울산광역시,일반,등급외,312,2019,https://api.odcloud.kr/api/15072696/v1/uddi:b85af1c8-a290-42e1-b57f-ac91e5604e1a,PUB-010_시도별_장기요양판정
남자,울산광역시,경감,1등급,59,2019,https://api.odcloud.kr/api/15072696/v1/uddi:b85af1c8-a290-42e1-b57f-ac91e5604e1a,PUB-010_시도별_장기요양판정
남자,울산광역시,경감,2등급,86,2019,https://api.odcloud.kr/api/15072696/v1/uddi:b85af1c8-a290-42e1-b57f-ac91e5604e1a,PUB-010_시도별_장기요양판정
남자,울산광역시,경감,3등급,280,2019,https://api.odcloud.kr/api/15072696/v1/uddi:b85af1c8-a290-42e1-b57f-ac91e5604e1a,PUB-010_시도별_장기요양판정
남자,울산광역시,경감,4등급,294,2019,https://api.odcloud.kr/api/15072696/v1/uddi:b85af1c8-a290-42e1-b57f-ac91e5604e1a,PUB-010_시도별_장기요양판정
남자,울산광역시,경감,5등급,41,2019,https://api.odcloud.kr/api/15072696/v1/uddi:b85af1c8-a290-42e1-b57f-ac91e5604e1a,PUB-010_시도별_장기요양판정
남자,울산광역시,경감,등급외,9,2019,https://api.odcloud.kr/api/15072696/v1/uddi:b85af1c8-a290-42e1-b57f-ac91e5604e1a,PUB-010_시도별_장기요양판정
남자,울산광역시,의료급여,2등급,2,2019,https://api.odcloud.kr/api/15072696/v1/uddi:b85af1c8-a290-42e1-b57f-ac91e5604e1a,PUB-010_시도별_장기요양판정
남자,울산광역시,의료급여,3등급,6,2019,https://api.odcloud.kr/api/15072696/v1/uddi:b85af1c8-a290-42e1-b57f-ac91e5604e1a,PUB-010_시도별_장기요양판정
남자,울산광역시,의료급여,4등급,10,2019,https://api.odcloud.kr/api/15072696/v1/uddi:b85af1c8-a290-42e1-b57f-ac91e5604e1a,PUB-010_시도별_장기요양판정
남자,울산광역시,의료급여,5등급,0,2019,https://api.odcloud.kr/api/15072696/v1/uddi:b85af1c8-a290-42e1-b57f-ac91e5604e1a,PUB-010_시도별_장기요양판정
남자,울산광역시,의료급여,등급외,7,2019,https://api.odcloud.kr/api/15072696/v1/uddi:b85af1c8-a290-42e1-b57f-ac91e5604e1a,PUB-010_시도별_장기요양판정
남자,울산광역시,기초수급,1등급,29,2019,https://api.odcloud.kr/api/15072696/v1/uddi:b85af1c8-a290-42e1-b57f-ac91e5604e1a,PUB-010_시도별_장기요양판정
남자,울산광역시,기초수급,2등급,50,2019,https://api.odcloud.kr/api/15072696/v1/uddi:b85af1c8-a290-42e1-b57f-ac91e5604e1a,PUB-010_시도별_장기요양판정
남자,울산광역시,기초수급,3등급,170,2019,https://api.odcloud.kr/api/15072696/v1/uddi:b85af1c8-a290-42e1-b57f-ac91e5604e1a,PUB-010_시도별_장기요양판정
남자,울산광역시,기초수급,4등급,250,2019,https://api.odcloud.kr/api/15072696/v1/uddi:b85af1c8-a290-42e1-b57f-ac91e5604e1a,PUB-010_시도별_장기요양판정
남자,울산광역시,기초수급,5등급,35,2019,https://api.odcloud.kr/api/15072696/v1/uddi:b85af1c8-a290-42e1-b57f-ac91e5604e1a,PUB-010_시도별_장기요양판정
남자,울산광역시,기초수급,등급외,209,2019,https://api.odcloud.kr/api/15072696/v1/uddi:b85af1c8-a290-42e1-b57f-ac91e5604e1a,PUB-010_시도별_장기요양판정
여자,울산광역시,일반,1등급,358,2019,https://api.odcloud.kr/api/15072696/v1/uddi:b85af1c8-a290-42e1-b57f-ac91e5604e1a,PUB-010_시도별_장기요양판정
여자,울산광역시,일반,2등급,594,2019,https://api.odcloud.kr/api/15072696/v1/uddi:b85af1c8-a290-42e1-b57f-ac91e5604e1a,PUB-010_시도별_장기요양판정
여자,울산광역시,일반,3등급,1589,2019,https://api.odcloud.kr/api/15072696/v1/uddi:b85af1c8-a290-42e1-b57f-ac91e5604e1a,PUB-010_시도별_장기요양판정
여자,울산광역시,일반,4등급,1791,2019,https://api.odcloud.kr/api/15072696/v1/uddi:b85af1c8-a290-42e1-b57f-ac91e5604e1a,PUB-010_시도별_장기요양판정
여자,울산광역시,일반,5등급,301,2019,https://api.odcloud.kr/api/15072696/v1/uddi:b85af1c8-a290-42e1-b57f-ac91e5604e1a,PUB-010_시도별_장기요양판정
여자,울산광역시,일반,등급외,797,2019,https://api.odcloud.kr/api/15072696/v1/uddi:b85af1c8-a290-42e1-b57f-ac91e5604e1a,PUB-010_시도별_장기요양판정
여자,울산광역시,경감,1등급,137,2019,https://api.odcloud.kr/api/15072696/v1/uddi:b85af1c8-a290-42e1-b57f-ac91e5604e1a,PUB-010_시도별_장기요양판정
여자,울산광역시,경감,2등급,293,2019,https://api.odcloud.kr/api/15072696/v1/uddi:b85af1c8-a290-42e1-b57f-ac91e5604e1a,PUB-010_시도별_장기요양판정
여자,울산광역시,경감,3등급,733,2019,https://api.odcloud.kr/api/15072696/v1/uddi:b85af1c8-a290-42e1-b57f-ac91e5604e1a,PUB-010_시도별_장기요양판정
여자,울산광역시,경감,4등급,716,2019,https://api.odcloud.kr/api/15072696/v1/uddi:b85af1c8-a290-42e1-b57f-ac91e5604e1a,PUB-010_시도별_장기요양판정
여자,울산광역시,경감,5등급,132,2019,https://api.odcloud.kr/api/15072696/v1/uddi:b85af1c8-a290-42e1-b57f-ac91e5604e1a,PUB-010_시도별_장기요양판정
여자,울산광역시,경감,등급외,11,2019,https://api.odcloud.kr/api/15072696/v1/uddi:b85af1c8-a290-42e1-b57f-ac91e5604e1a,PUB-010_시도별_장기요양판정
여자,울산광역시,의료급여,1등급,6,2019,https://api.odcloud.kr/api/15072696/v1/uddi:b85af1c8-a290-42e1-b57f-ac91e5604e1a,PUB-010_시도별_장기요양판정
여자,울산광역시,의료급여,2등급,12,2019,https://api.odcloud.kr/api/15072696/v1/uddi:b85af1c8-a290-42e1-b57f-ac91e5604e1a,PUB-010_시도별_장기요양판정
여자,울산광역시,의료급여,3등급,32,2019,https://api.odcloud.kr/api/15072696/v1/uddi:b85af1c8-a290-42e1-b57f-ac91e5604e1a,PUB-010_시도별_장기요양판정
여자,울산광역시,의료급여,4등급,18,2019,https://api.odcloud.kr/api/15072696/v1/uddi:b85af1c8-a290-42e1-b57f-ac91e5604e1a,PUB-010_시도별_장기요양판정
여자,울산광역시,의료급여,5등급,7,2019,https://api.odcloud.kr/api/15072696/v1/uddi:b85af1c8-a290-42e1-b57f-ac91e5604e1a,PUB-010_시도별_장기요양판정
여자,울산광역시,의료급여,등급외,14,2019,https://api.odcloud.kr/api/15072696/v1/uddi:b85af1c8-a290-42e1-b57f-ac91e5604e1a,PUB-010_시도별_장기요양판정
여자,울산광역시,기초수급,1등급,57,2019,https://api.odcloud.kr/api/15072696/v1/uddi:b85af1c8-a290-42e1-b57f-ac91e5604e1a,PUB-010_시도별_장기요양판정
여자,울산광역시,기초수급,2등급,126,2019,https://api.odcloud.kr/api/15072696/v1/uddi:b85af1c8-a290-42e1-b57f-ac91e5604e1a,PUB-010_시도별_장기요양판정
여자,울산광역시,기초수급,3등급,347,2019,https://api.odcloud.kr/api/15072696/v1/uddi:b85af1c8-a290-42e1-b57f-ac91e5604e1a,PUB-010_시도별_장기요양판정
여자,울산광역시,기초수급,4등급,513,2019,https://api.odcloud.kr/api/15072696/v1/uddi:b85af1c8-a290-42e1-b57f-ac91e5604e1a,PUB-010_시도별_장기요양판정
여자,울산광역시,기초수급,5등급,82,2019,https://api.odcloud.kr/api/15072696/v1/uddi:b85af1c8-a290-42e1-b57f-ac91e5604e1a,PUB-010_시도별_장기요양판정
여자,울산광역시,기초수급,등급외,324,2019,https://api.odcloud.kr/api/15072696/v1/uddi:b85af1c8-a290-42e1-b57f-ac91e5604e1a,PUB-010_시도별_장기요양판정
남자,세종특별자치시,일반,1등급,29,2019,https://api.odcloud.kr/api/15072696/v1/uddi:b85af1c8-a290-42e1-b57f-ac91e5604e1a,PUB-010_시도별_장기요양판정
남자,세종특별자치시,일반,2등급,76,2019,https://api.odcloud.kr/api/15072696/v1/uddi:b85af1c8-a290-42e1-b57f-ac91e5604e1a,PUB-010_시도별_장기요양판정
남자,세종특별자치시,일반,3등급,168,2019,https://api.odcloud.kr/api/15072696/v1/uddi:b85af1c8-a290-42e1-b57f-ac91e5604e1a,PUB-010_시도별_장기요양판정
남자,세종특별자치시,일반,4등급,205,2019,https://api.odcloud.kr/api/15072696/v1/uddi:b85af1c8-a290-42e1-b57f-ac91e5604e1a,PUB-010_시도별_장기요양판정
남자,세종특별자치시,일반,5등급,64,2019,https://api.odcloud.kr/api/15072696/v1/uddi:b85af1c8-a290-42e1-b57f-ac91e5604e1a,PUB-010_시도별_장기요양판정
남자,세종특별자치시,일반,등급외,121,2019,https://api.odcloud.kr/api/15072696/v1/uddi:b85af1c8-a290-42e1-b57f-ac91e5604e1a,PUB-010_시도별_장기요양판정
남자,세종특별자치시,경감,1등급,12,2019,https://api.odcloud.kr/api/15072696/v1/uddi:b85af1c8-a290-42e1-b57f-ac91e5604e1a,PUB-010_시도별_장기요양판정
남자,세종특별자치시,경감,2등급,22,2019,https://api.odcloud.kr/api/15072696/v1/uddi:b85af1c8-a290-42e1-b57f-ac91e5604e1a,PUB-010_시도별_장기요양판정
남자,세종특별자치시,경감,3등급,78,2019,https://api.odcloud.kr/api/15072696/v1/uddi:b85af1c8-a290-42e1-b57f-ac91e5604e1a,PUB-010_시도별_장기요양판정
남자,세종특별자치시,경감,4등급,110,2019,https://api.odcloud.kr/api/15072696/v1/uddi:b85af1c8-a290-42e1-b57f-ac91e5604e1a,PUB-010_시도별_장기요양판정
남자,세종특별자치시,경감,5등급,25,2019,https://api.odcloud.kr/api/15072696/v1/uddi:b85af1c8-a290-42e1-b57f-ac91e5604e1a,PUB-010_시도별_장기요양판정
남자,세종특별자치시,경감,등급외,6,2019,https://api.odcloud.kr/api/15072696/v1/uddi:b85af1c8-a290-42e1-b57f-ac91e5604e1a,PUB-010_시도별_장기요양판정
남자,세종특별자치시,의료급여,1등급,2,2019,https://api.odcloud.kr/api/15072696/v1/uddi:b85af1c8-a290-42e1-b57f-ac91e5604e1a,PUB-010_시도별_장기요양판정
남자,세종특별자치시,의료급여,2등급,2,2019,https://api.odcloud.kr/api/15072696/v1/uddi:b85af1c8-a290-42e1-b57f-ac91e5604e1a,PUB-010_시도별_장기요양판정
남자,세종특별자치시,의료급여,3등급,1,2019,https://api.odcloud.kr/api/15072696/v1/uddi:b85af1c8-a290-42e1-b57f-ac91e5604e1a,PUB-010_시도별_장기요양판정
남자,세종특별자치시,의료급여,4등급,5,2019,https://api.odcloud.kr/api/15072696/v1/uddi:b85af1c8-a290-42e1-b57f-ac91e5604e1a,PUB-010_시도별_장기요양판정
남자,세종특별자치시,의료급여,등급외,0,2019,https://api.odcloud.kr/api/15072696/v1/uddi:b85af1c8-a290-42e1-b57f-ac91e5604e1a,PUB-010_시도별_장기요양판정
남자,세종특별자치시,기초수급,1등급,6,2019,https://api.odcloud.kr/api/15072696/v1/uddi:b85af1c8-a290-42e1-b57f-ac91e5604e1a,PUB-010_시도별_장기요양판정
남자,세종특별자치시,기초수급,2등급,11,2019,https://api.odcloud.kr/api/15072696/v1/uddi:b85af1c8-a290-42e1-b57f-ac91e5604e1a,PUB-010_시도별_장기요양판정
남자,세종특별자치시,기초수급,3등급,23,2019,https://api.odcloud.kr/api/15072696/v1/uddi:b85af1c8-a290-42e1-b57f-ac91e5604e1a,PUB-010_시도별_장기요양판정
남자,세종특별자치시,기초수급,4등급,40,2019,https://api.odcloud.kr/api/15072696/v1/uddi:b85af1c8-a290-42e1-b57f-ac91e5604e1a,PUB-010_시도별_장기요양판정
남자,세종특별자치시,기초수급,5등급,5,2019,https://api.odcloud.kr/api/15072696/v1/uddi:b85af1c8-a290-42e1-b57f-ac91e5604e1a,PUB-010_시도별_장기요양판정
남자,세종특별자치시,기초수급,등급외,32,2019,https://api.odcloud.kr/api/15072696/v1/uddi:b85af1c8-a290-42e1-b57f-ac91e5604e1a,PUB-010_시도별_장기요양판정
여자,세종특별자치시,일반,1등급,79,2019,https://api.odcloud.kr/api/15072696/v1/uddi:b85af1c8-a290-42e1-b57f-ac91e5604e1a,PUB-010_시도별_장기요양판정
여자,세종특별자치시,일반,2등급,169,2019,https://api.odcloud.kr/api/15072696/v1/uddi:b85af1c8-a290-42e1-b57f-ac91e5604e1a,PUB-010_시도별_장기요양판정
여자,세종특별자치시,일반,3등급,390,2019,https://api.odcloud.kr/api/15072696/v1/uddi:b85af1c8-a290-42e1-b57f-ac91e5604e1a,PUB-010_시도별_장기요양판정
여자,세종특별자치시,일반,4등급,586,2019,https://api.odcloud.kr/api/15072696/v1/uddi:b85af1c8-a290-42e1-b57f-ac91e5604e1a,PUB-010_시도별_장기요양판정
여자,세종특별자치시,일반,5등급,158,2019,https://api.odcloud.kr/api/15072696/v1/uddi:b85af1c8-a290-42e1-b57f-ac91e5604e1a,PUB-010_시도별_장기요양판정
여자,세종특별자치시,일반,등급외,311,2019,https://api.odcloud.kr/api/15072696/v1/uddi:b85af1c8-a290-42e1-b57f-ac91e5604e1a,PUB-010_시도별_장기요양판정
여자,세종특별자치시,경감,1등급,43,2019,https://api.odcloud.kr/api/15072696/v1/uddi:b85af1c8-a290-42e1-b57f-ac91e5604e1a,PUB-010_시도별_장기요양판정
여자,세종특별자치시,경감,2등급,102,2019,https://api.odcloud.kr/api/15072696/v1/uddi:b85af1c8-a290-42e1-b57f-ac91e5604e1a,PUB-010_시도별_장기요양판정
여자,세종특별자치시,경감,3등급,230,2019,https://api.odcloud.kr/api/15072696/v1/uddi:b85af1c8-a290-42e1-b57f-ac91e5604e1a,PUB-010_시도별_장기요양판정
여자,세종특별자치시,경감,4등급,251,2019,https://api.odcloud.kr/api/15072696/v1/uddi:b85af1c8-a290-42e1-b57f-ac91e5604e1a,PUB-010_시도별_장기요양판정
여자,세종특별자치시,경감,5등급,82,2019,https://api.odcloud.kr/api/15072696/v1/uddi:b85af1c8-a290-42e1-b57f-ac91e5604e1a,PUB-010_시도별_장기요양판정
여자,세종특별자치시,경감,등급외,11,2019,https://api.odcloud.kr/api/15072696/v1/uddi:b85af1c8-a290-42e1-b57f-ac91e5604e1a,PUB-010_시도별_장기요양판정
여자,세종특별자치시,의료급여,2등급,5,2019,https://api.odcloud.kr/api/15072696/v1/uddi:b85af1c8-a290-42e1-b57f-ac91e5604e1a,PUB-010_시도별_장기요양판정
여자,세종특별자치시,의료급여,3등급,9,2019,https://api.odcloud.kr/api/15072696/v1/uddi:b85af1c8-a290-42e1-b57f-ac91e5604e1a,PUB-010_시도별_장기요양판정
여자,세종특별자치시,의료급여,4등급,7,2019,https://api.odcloud.kr/api/15072696/v1/uddi:b85af1c8-a290-42e1-b57f-ac91e5604e1a,PUB-010_시도별_장기요양판정
여자,세종특별자치시,의료급여,5등급,1,2019,https://api.odcloud.kr/api/15072696/v1/uddi:b85af1c8-a290-42e1-b57f-ac91e5604e1a,PUB-010_시도별_장기요양판정
여자,세종특별자치시,의료급여,등급외,7,2019,https://api.odcloud.kr/api/15072696/v1/uddi:b85af1c8-a290-42e1-b57f-ac91e5604e1a,PUB-010_시도별_장기요양판정
여자,세종특별자치시,기초수급,1등급,8,2019,https://api.odcloud.kr/api/15072696/v1/uddi:b85af1c8-a290-42e1-b57f-ac91e5604e1a,PUB-010_시도별_장기요양판정
여자,세종특별자치시,기초수급,2등급,20,2019,https://api.odcloud.kr/api/15072696/v1/uddi:b85af1c8-a290-42e1-b57f-ac91e5604e1a,PUB-010_시도별_장기요양판정
여자,세종특별자치시,기초수급,3등급,56,2019,https://api.odcloud.kr/api/15072696/v1/uddi:b85af1c8-a290-42e1-b57f-ac91e5604e1a,PUB-010_시도별_장기요양판정
여자,세종특별자치시,기초수급,4등급,92,2019,https://api.odcloud.kr/api/15072696/v1/uddi:b85af1c8-a290-42e1-b57f-ac91e5604e1a,PUB-010_시도별_장기요양판정
여자,세종특별자치시,기초수급,5등급,15,2019,https://api.odcloud.kr/api/15072696/v1/uddi:b85af1c8-a290-42e1-b57f-ac91e5604e1a,PUB-010_시도별_장기요양판정
여자,세종특별자치시,기초수급,등급외,75,2019,https://api.odcloud.kr/api/15072696/v1/uddi:b85af1c8-a290-42e1-b57f-ac91e5604e1a,PUB-010_시도별_장기요양판정
남자,경기도,일반,1등급,1603,2019,https://api.odcloud.kr/api/15072696/v1/uddi:b85af1c8-a290-42e1-b57f-ac91e5604e1a,PUB-010_시도별_장기요양판정
남자,경기도,일반,2등급,2503,2019,https://api.odcloud.kr/api/15072696/v1/uddi:b85af1c8-a290-42e1-b57f-ac91e5604e1a,PUB-010_시도별_장기요양판정
남자,경기도,일반,3등급,7664,2019,https://api.odcloud.kr/api/15072696/v1/uddi:b85af1c8-a290-42e1-b57f-ac91e5604e1a,PUB-010_시도별_장기요양판정
남자,경기도,일반,4등급,9130,2019,https://api.odcloud.kr/api/15072696/v1/uddi:b85af1c8-a290-42e1-b57f-ac91e5604e1a,PUB-010_시도별_장기요양판정
남자,경기도,일반,5등급,2190,2019,https://api.odcloud.kr/api/15072696/v1/uddi:b85af1c8-a290-42e1-b57f-ac91e5604e1a,PUB-010_시도별_장기요양판정
남자,경기도,일반,등급외,5334,2019,https://api.odcloud.kr/api/15072696/v1/uddi:b85af1c8-a290-42e1-b57f-ac91e5604e1a,PUB-010_시도별_장기요양판정
남자,경기도,경감,1등급,904,2019,https://api.odcloud.kr/api/15072696/v1/uddi:b85af1c8-a290-42e1-b57f-ac91e5604e1a,PUB-010_시도별_장기요양판정
남자,경기도,경감,2등급,1493,2019,https://api.odcloud.kr/api/15072696/v1/uddi:b85af1c8-a290-42e1-b57f-ac91e5604e1a,PUB-010_시도별_장기요양판정
남자,경기도,경감,3등급,4961,2019,https://api.odcloud.kr/api/15072696/v1/uddi:b85af1c8-a290-42e1-b57f-ac91e5604e1a,PUB-010_시도별_장기요양판정
남자,경기도,경감,4등급,5615,2019,https://api.odcloud.kr/api/15072696/v1/uddi:b85af1c8-a290-42e1-b57f-ac91e5604e1a,PUB-010_시도별_장기요양판정
남자,경기도,경감,5등급,1395,2019,https://api.odcloud.kr/api/15072696/v1/uddi:b85af1c8-a290-42e1-b57f-ac91e5604e1a,PUB-010_시도별_장기요양판정
남자,경기도,경감,등급외,258,2019,https://api.odcloud.kr/api/15072696/v1/uddi:b85af1c8-a290-42e1-b57f-ac91e5604e1a,PUB-010_시도별_장기요양판정
남자,경기도,의료급여,1등급,17,2019,https://api.odcloud.kr/api/15072696/v1/uddi:b85af1c8-a290-42e1-b57f-ac91e5604e1a,PUB-010_시도별_장기요양판정
남자,경기도,의료급여,2등급,46,2019,https://api.odcloud.kr/api/15072696/v1/uddi:b85af1c8-a290-42e1-b57f-ac91e5604e1a,PUB-010_시도별_장기요양판정
남자,경기도,의료급여,3등급,131,2019,https://api.odcloud.kr/api/15072696/v1/uddi:b85af1c8-a290-42e1-b57f-ac91e5604e1a,PUB-010_시도별_장기요양판정
남자,경기도,의료급여,4등급,186,2019,https://api.odcloud.kr/api/15072696/v1/uddi:b85af1c8-a290-42e1-b57f-ac91e5604e1a,PUB-010_시도별_장기요양판정
남자,경기도,의료급여,5등급,42,2019,https://api.odcloud.kr/api/15072696/v1/uddi:b85af1c8-a290-42e1-b57f-ac91e5604e1a,PUB-010_시도별_장기요양판정
남자,경기도,의료급여,등급외,74,2019,https://api.odcloud.kr/api/15072696/v1/uddi:b85af1c8-a290-42e1-b57f-ac91e5604e1a,PUB-010_시도별_장기요양판정
남자,경기도,기초수급,1등급,445,2019,https://api.odcloud.kr/api/15072696/v1/uddi:b85af1c8-a290-42e1-b57f-ac91e5604e1a,PUB-010_시도별_장기요양판정
남자,경기도,기초수급,2등급,692,2019,https://api.odcloud.kr/api/15072696/v1/uddi:b85af1c8-a290-42e1-b57f-ac91e5604e1a,PUB-010_시도별_장기요양판정
남자,경기도,기초수급,3등급,2158,2019,https://api.odcloud.kr/api/15072696/v1/uddi:b85af1c8-a290-42e1-b57f-ac91e5604e1a,PUB-010_시도별_장기요양판정
남자,경기도,기초수급,4등급,3203,2019,https://api.odcloud.kr/api/15072696/v1/uddi:b85af1c8-a290-42e1-b57f-ac91e5604e1a,PUB-010_시도별_장기요양판정
남자,경기도,기초수급,5등급,732,2019,https://api.odcloud.kr/api/15072696/v1/uddi:b85af1c8-a290-42e1-b57f-ac91e5604e1a,PUB-010_시도별_장기요양판정
남자,경기도,기초수급,등급외,2313,2019,https://api.odcloud.kr/api/15072696/v1/uddi:b85af1c8-a290-42e1-b57f-ac91e5604e1a,PUB-010_시도별_장기요양판정
여자,경기도,일반,1등급,3700,2019,https://api.odcloud.kr/api/15072696/v1/uddi:b85af1c8-a290-42e1-b57f-ac91e5604e1a,PUB-010_시도별_장기요양판정
여자,경기도,일반,2등급,6562,2019,https://api.odcloud.kr/api/15072696/v1/uddi:b85af1c8-a290-42e1-b57f-ac91e5604e1a,PUB-010_시도별_장기요양판정
여자,경기도,일반,3등급,17872,2019,https://api.odcloud.kr/api/15072696/v1/uddi:b85af1c8-a290-42e1-b57f-ac91e5604e1a,PUB-010_시도별_장기요양판정
여자,경기도,일반,4등급,22240,2019,https://api.odcloud.kr/api/15072696/v1/uddi:b85af1c8-a290-42e1-b57f-ac91e5604e1a,PUB-010_시도별_장기요양판정
여자,경기도,일반,5등급,5762,2019,https://api.odcloud.kr/api/15072696/v1/uddi:b85af1c8-a290-42e1-b57f-ac91e5604e1a,PUB-010_시도별_장기요양판정
여자,경기도,일반,등급외,12547,2019,https://api.odcloud.kr/api/15072696/v1/uddi:b85af1c8-a290-42e1-b57f-ac91e5604e1a,PUB-010_시도별_장기요양판정
여자,경기도,경감,1등급,2515,2019,https://api.odcloud.kr/api/15072696/v1/uddi:b85af1c8-a290-42e1-b57f-ac91e5604e1a,PUB-010_시도별_장기요양판정
여자,경기도,경감,2등급,5191,2019,https://api.odcloud.kr/api/15072696/v1/uddi:b85af1c8-a290-42e1-b57f-ac91e5604e1a,PUB-010_시도별_장기요양판정
여자,경기도,경감,3등급,13233,2019,https://api.odcloud.kr/api/15072696/v1/uddi:b85af1c8-a290-42e1-b57f-ac91e5604e1a,PUB-010_시도별_장기요양판정
여자,경기도,경감,4등급,14747,2019,https://api.odcloud.kr/api/15072696/v1/uddi:b85af1c8-a290-42e1-b57f-ac91e5604e1a,PUB-010_시도별_장기요양판정
여자,경기도,경감,5등급,3568,2019,https://api.odcloud.kr/api/15072696/v1/uddi:b85af1c8-a290-42e1-b57f-ac91e5604e1a,PUB-010_시도별_장기요양판정
여자,경기도,경감,등급외,563,2019,https://api.odcloud.kr/api/15072696/v1/uddi:b85af1c8-a290-42e1-b57f-ac91e5604e1a,PUB-010_시도별_장기요양판정
여자,경기도,의료급여,1등급,61,2019,https://api.odcloud.kr/api/15072696/v1/uddi:b85af1c8-a290-42e1-b57f-ac91e5604e1a,PUB-010_시도별_장기요양판정
여자,경기도,의료급여,2등급,153,2019,https://api.odcloud.kr/api/15072696/v1/uddi:b85af1c8-a290-42e1-b57f-ac91e5604e1a,PUB-010_시도별_장기요양판정
여자,경기도,의료급여,3등급,432,2019,https://api.odcloud.kr/api/15072696/v1/uddi:b85af1c8-a290-42e1-b57f-ac91e5604e1a,PUB-010_시도별_장기요양판정
여자,경기도,의료급여,4등급,529,2019,https://api.odcloud.kr/api/15072696/v1/uddi:b85af1c8-a290-42e1-b57f-ac91e5604e1a,PUB-010_시도별_장기요양판정
여자,경기도,의료급여,5등급,91,2019,https://api.odcloud.kr/api/15072696/v1/uddi:b85af1c8-a290-42e1-b57f-ac91e5604e1a,PUB-010_시도별_장기요양판정
여자,경기도,의료급여,등급외,165,2019,https://api.odcloud.kr/api/15072696/v1/uddi:b85af1c8-a290-42e1-b57f-ac91e5604e1a,PUB-010_시도별_장기요양판정
여자,경기도,기초수급,1등급,1086,2019,https://api.odcloud.kr/api/15072696/v1/uddi:b85af1c8-a290-42e1-b57f-ac91e5604e1a,PUB-010_시도별_장기요양판정
여자,경기도,기초수급,2등급,2028,2019,https://api.odcloud.kr/api/15072696/v1/uddi:b85af1c8-a290-42e1-b57f-ac91e5604e1a,PUB-010_시도별_장기요양판정
여자,경기도,기초수급,3등급,5198,2019,https://api.odcloud.kr/api/15072696/v1/uddi:b85af1c8-a290-42e1-b57f-ac91e5604e1a,PUB-010_시도별_장기요양판정
여자,경기도,기초수급,4등급,7402,2019,https://api.odcloud.kr/api/15072696/v1/uddi:b85af1c8-a290-42e1-b57f-ac91e5604e1a,PUB-010_시도별_장기요양판정
여자,경기도,기초수급,5등급,1623,2019,https://api.odcloud.kr/api/15072696/v1/uddi:b85af1c8-a290-42e1-b57f-ac91e5604e1a,PUB-010_시도별_장기요양판정
여자,경기도,기초수급,등급외,4198,2019,https://api.odcloud.kr/api/15072696/v1/uddi:b85af1c8-a290-42e1-b57f-ac91e5604e1a,PUB-010_시도별_장기요양판정
남자,강원도,일반,1등급,281,2019,https://api.odcloud.kr/api/15072696/v1/uddi:b85af1c8-a290-42e1-b57f-ac91e5604e1a,PUB-010_시도별_장기요양판정
남자,강원도,일반,2등급,586,2019,https://api.odcloud.kr/api/15072696/v1/uddi:b85af1c8-a290-42e1-b57f-ac91e5604e1a,PUB-010_시도별_장기요양판정
남자,강원도,일반,3등급,1337,2019,https://api.odcloud.kr/api/15072696/v1/uddi:b85af1c8-a290-42e1-b57f-ac91e5604e1a,PUB-010_시도별_장기요양판정
남자,강원도,일반,4등급,1363,2019,https://api.odcloud.kr/api/15072696/v1/uddi:b85af1c8-a290-42e1-b57f-ac91e5604e1a,PUB-010_시도별_장기요양판정
남자,강원도,일반,5등급,282,2019,https://api.odcloud.kr/api/15072696/v1/uddi:b85af1c8-a290-42e1-b57f-ac91e5604e1a,PUB-010_시도별_장기요양판정
남자,강원도,일반,등급외,1268,2019,https://api.odcloud.kr/api/15072696/v1/uddi:b85af1c8-a290-42e1-b57f-ac91e5604e1a,PUB-010_시도별_장기요양판정
남자,강원도,경감,1등급,225,2019,https://api.odcloud.kr/api/15072696/v1/uddi:b85af1c8-a290-42e1-b57f-ac91e5604e1a,PUB-010_시도별_장기요양판정
남자,강원도,경감,2등급,393,2019,https://api.odcloud.kr/api/15072696/v1/uddi:b85af1c8-a290-42e1-b57f-ac91e5604e1a,PUB-010_시도별_장기요양판정
남자,강원도,경감,3등급,1056,2019,https://api.odcloud.kr/api/15072696/v1/uddi:b85af1c8-a290-42e1-b57f-ac91e5604e1a,PUB-010_시도별_장기요양판정
남자,강원도,경감,4등급,987,2019,https://api.odcloud.kr/api/15072696/v1/uddi:b85af1c8-a290-42e1-b57f-ac91e5604e1a,PUB-010_시도별_장기요양판정
남자,강원도,경감,5등급,186,2019,https://api.odcloud.kr/api/15072696/v1/uddi:b85af1c8-a290-42e1-b57f-ac91e5604e1a,PUB-010_시도별_장기요양판정
남자,강원도,경감,등급외,77,2019,https://api.odcloud.kr/api/15072696/v1/uddi:b85af1c8-a290-42e1-b57f-ac91e5604e1a,PUB-010_시도별_장기요양판정
남자,강원도,의료급여,1등급,14,2019,https://api.odcloud.kr/api/15072696/v1/uddi:b85af1c8-a290-42e1-b57f-ac91e5604e1a,PUB-010_시도별_장기요양판정
남자,강원도,의료급여,2등급,24,2019,https://api.odcloud.kr/api/15072696/v1/uddi:b85af1c8-a290-42e1-b57f-ac91e5604e1a,PUB-010_시도별_장기요양판정
남자,강원도,의료급여,3등급,55,2019,https://api.odcloud.kr/api/15072696/v1/uddi:b85af1c8-a290-42e1-b57f-ac91e5604e1a,PUB-010_시도별_장기요양판정
남자,강원도,의료급여,4등급,40,2019,https://api.odcloud.kr/api/15072696/v1/uddi:b85af1c8-a290-42e1-b57f-ac91e5604e1a,PUB-010_시도별_장기요양판정
남자,강원도,의료급여,5등급,8,2019,https://api.odcloud.kr/api/15072696/v1/uddi:b85af1c8-a290-42e1-b57f-ac91e5604e1a,PUB-010_시도별_장기요양판정
남자,강원도,의료급여,등급외,24,2019,https://api.odcloud.kr/api/15072696/v1/uddi:b85af1c8-a290-42e1-b57f-ac91e5604e1a,PUB-010_시도별_장기요양판정
남자,강원도,기초수급,1등급,143,2019,https://api.odcloud.kr/api/15072696/v1/uddi:b85af1c8-a290-42e1-b57f-ac91e5604e1a,PUB-010_시도별_장기요양판정
남자,강원도,기초수급,2등급,210,2019,https://api.odcloud.kr/api/15072696/v1/uddi:b85af1c8-a290-42e1-b57f-ac91e5604e1a,PUB-010_시도별_장기요양판정
남자,강원도,기초수급,3등급,564,2019,https://api.odcloud.kr/api/15072696/v1/uddi:b85af1c8-a290-42e1-b57f-ac91e5604e1a,PUB-010_시도별_장기요양판정
남자,강원도,기초수급,4등급,658,2019,https://api.odcloud.kr/api/15072696/v1/uddi:b85af1c8-a290-42e1-b57f-ac91e5604e1a,PUB-010_시도별_장기요양판정
남자,강원도,기초수급,5등급,84,2019,https://api.odcloud.kr/api/15072696/v1/uddi:b85af1c8-a290-42e1-b57f-ac91e5604e1a,PUB-010_시도별_장기요양판정
남자,강원도,기초수급,등급외,653,2019,https://api.odcloud.kr/api/15072696/v1/uddi:b85af1c8-a290-42e1-b57f-ac91e5604e1a,PUB-010_시도별_장기요양판정
여자,강원도,일반,1등급,664,2019,https://api.odcloud.kr/api/15072696/v1/uddi:b85af1c8-a290-42e1-b57f-ac91e5604e1a,PUB-010_시도별_장기요양판정
여자,강원도,일반,2등급,1326,2019,https://api.odcloud.kr/api/15072696/v1/uddi:b85af1c8-a290-42e1-b57f-ac91e5604e1a,PUB-010_시도별_장기요양판정
여자,강원도,일반,3등급,3027,2019,https://api.odcloud.kr/api/15072696/v1/uddi:b85af1c8-a290-42e1-b57f-ac91e5604e1a,PUB-010_시도별_장기요양판정
여자,강원도,일반,4등급,3426,2019,https://api.odcloud.kr/api/15072696/v1/uddi:b85af1c8-a290-42e1-b57f-ac91e5604e1a,PUB-010_시도별_장기요양판정
여자,강원도,일반,5등급,651,2019,https://api.odcloud.kr/api/15072696/v1/uddi:b85af1c8-a290-42e1-b57f-ac91e5604e1a,PUB-010_시도별_장기요양판정
여자,강원도,일반,등급외,2906,2019,https://api.odcloud.kr/api/15072696/v1/uddi:b85af1c8-a290-42e1-b57f-ac91e5604e1a,PUB-010_시도별_장기요양판정
여자,강원도,경감,1등급,672,2019,https://api.odcloud.kr/api/15072696/v1/uddi:b85af1c8-a290-42e1-b57f-ac91e5604e1a,PUB-010_시도별_장기요양판정
여자,강원도,경감,2등급,1366,2019,https://api.odcloud.kr/api/15072696/v1/uddi:b85af1c8-a290-42e1-b57f-ac91e5604e1a,PUB-010_시도별_장기요양판정
여자,강원도,경감,3등급,2882,2019,https://api.odcloud.kr/api/15072696/v1/uddi:b85af1c8-a290-42e1-b57f-ac91e5604e1a,PUB-010_시도별_장기요양판정
여자,강원도,경감,4등급,3004,2019,https://api.odcloud.kr/api/15072696/v1/uddi:b85af1c8-a290-42e1-b57f-ac91e5604e1a,PUB-010_시도별_장기요양판정
여자,강원도,경감,5등급,597,2019,https://api.odcloud.kr/api/15072696/v1/uddi:b85af1c8-a290-42e1-b57f-ac91e5604e1a,PUB-010_시도별_장기요양판정
여자,강원도,경감,등급외,175,2019,https://api.odcloud.kr/api/15072696/v1/uddi:b85af1c8-a290-42e1-b57f-ac91e5604e1a,PUB-010_시도별_장기요양판정
여자,강원도,의료급여,1등급,25,2019,https://api.odcloud.kr/api/15072696/v1/uddi:b85af1c8-a290-42e1-b57f-ac91e5604e1a,PUB-010_시도별_장기요양판정
여자,강원도,의료급여,2등급,53,2019,https://api.odcloud.kr/api/15072696/v1/uddi:b85af1c8-a290-42e1-b57f-ac91e5604e1a,PUB-010_시도별_장기요양판정
여자,강원도,의료급여,3등급,140,2019,https://api.odcloud.kr/api/15072696/v1/uddi:b85af1c8-a290-42e1-b57f-ac91e5604e1a,PUB-010_시도별_장기요양판정
여자,강원도,의료급여,4등급,163,2019,https://api.odcloud.kr/api/15072696/v1/uddi:b85af1c8-a290-42e1-b57f-ac91e5604e1a,PUB-010_시도별_장기요양판정
여자,강원도,의료급여,5등급,25,2019,https://api.odcloud.kr/api/15072696/v1/uddi:b85af1c8-a290-42e1-b57f-ac91e5604e1a,PUB-010_시도별_장기요양판정
여자,강원도,의료급여,등급외,84,2019,https://api.odcloud.kr/api/15072696/v1/uddi:b85af1c8-a290-42e1-b57f-ac91e5604e1a,PUB-010_시도별_장기요양판정
여자,강원도,기초수급,1등급,329,2019,https://api.odcloud.kr/api/15072696/v1/uddi:b85af1c8-a290-42e1-b57f-ac91e5604e1a,PUB-010_시도별_장기요양판정
여자,강원도,기초수급,2등급,596,2019,https://api.odcloud.kr/api/15072696/v1/uddi:b85af1c8-a290-42e1-b57f-ac91e5604e1a,PUB-010_시도별_장기요양판정
여자,강원도,기초수급,3등급,1297,2019,https://api.odcloud.kr/api/15072696/v1/uddi:b85af1c8-a290-42e1-b57f-ac91e5604e1a,PUB-010_시도별_장기요양판정
여자,강원도,기초수급,4등급,1508,2019,https://api.odcloud.kr/api/15072696/v1/uddi:b85af1c8-a290-42e1-b57f-ac91e5604e1a,PUB-010_시도별_장기요양판정
여자,강원도,기초수급,5등급,204,2019,https://api.odcloud.kr/api/15072696/v1/uddi:b85af1c8-a290-42e1-b57f-ac91e5604e1a,PUB-010_시도별_장기요양판정
여자,강원도,기초수급,등급외,1173,2019,https://api.odcloud.kr/api/15072696/v1/uddi:b85af1c8-a290-42e1-b57f-ac91e5604e1a,PUB-010_시도별_장기요양판정
남자,충청북도,일반,1등급,193,2019,https://api.odcloud.kr/api/15072696/v1/uddi:b85af1c8-a290-42e1-b57f-ac91e5604e1a,PUB-010_시도별_장기요양판정
남자,충청북도,일반,2등급,436,2019,https://api.odcloud.kr/api/15072696/v1/uddi:b85af1c8-a290-42e1-b57f-ac91e5604e1a,PUB-010_시도별_장기요양판정
남자,충청북도,일반,3등급,1154,2019,https://api.odcloud.kr/api/15072696/v1/uddi:b85af1c8-a290-42e1-b57f-ac91e5604e1a,PUB-010_시도별_장기요양판정
남자,충청북도,일반,4등급,1528,2019,https://api.odcloud.kr/api/15072696/v1/uddi:b85af1c8-a290-42e1-b57f-ac91e5604e1a,PUB-010_시도별_장기요양판정
남자,충청북도,일반,5등급,402,2019,https://api.odcloud.kr/api/15072696/v1/uddi:b85af1c8-a290-42e1-b57f-ac91e5604e1a,PUB-010_시도별_장기요양판정
남자,충청북도,일반,등급외,1075,2019,https://api.odcloud.kr/api/15072696/v1/uddi:b85af1c8-a290-42e1-b57f-ac91e5604e1a,PUB-010_시도별_장기요양판정
남자,충청북도,경감,1등급,136,2019,https://api.odcloud.kr/api/15072696/v1/uddi:b85af1c8-a290-42e1-b57f-ac91e5604e1a,PUB-010_시도별_장기요양판정
남자,충청북도,경감,2등급,315,2019,https://api.odcloud.kr/api/15072696/v1/uddi:b85af1c8-a290-42e1-b57f-ac91e5604e1a,PUB-010_시도별_장기요양판정
남자,충청북도,경감,3등급,862,2019,https://api.odcloud.kr/api/15072696/v1/uddi:b85af1c8-a290-42e1-b57f-ac91e5604e1a,PUB-010_시도별_장기요양판정
남자,충청북도,경감,4등급,1000,2019,https://api.odcloud.kr/api/15072696/v1/uddi:b85af1c8-a290-42e1-b57f-ac91e5604e1a,PUB-010_시도별_장기요양판정
남자,충청북도,경감,5등급,253,2019,https://api.odcloud.kr/api/15072696/v1/uddi:b85af1c8-a290-42e1-b57f-ac91e5604e1a,PUB-010_시도별_장기요양판정
남자,충청북도,경감,등급외,39,2019,https://api.odcloud.kr/api/15072696/v1/uddi:b85af1c8-a290-42e1-b57f-ac91e5604e1a,PUB-010_시도별_장기요양판정
남자,충청북도,의료급여,1등급,5,2019,https://api.odcloud.kr/api/15072696/v1/uddi:b85af1c8-a290-42e1-b57f-ac91e5604e1a,PUB-010_시도별_장기요양판정
남자,충청북도,의료급여,2등급,11,2019,https://api.odcloud.kr/api/15072696/v1/uddi:b85af1c8-a290-42e1-b57f-ac91e5604e1a,PUB-010_시도별_장기요양판정
남자,충청북도,의료급여,3등급,31,2019,https://api.odcloud.kr/api/15072696/v1/uddi:b85af1c8-a290-42e1-b57f-ac91e5604e1a,PUB-010_시도별_장기요양판정
남자,충청북도,의료급여,4등급,41,2019,https://api.odcloud.kr/api/15072696/v1/uddi:b85af1c8-a290-42e1-b57f-ac91e5604e1a,PUB-010_시도별_장기요양판정
남자,충청북도,의료급여,5등급,10,2019,https://api.odcloud.kr/api/15072696/v1/uddi:b85af1c8-a290-42e1-b57f-ac91e5604e1a,PUB-010_시도별_장기요양판정
남자,충청북도,의료급여,등급외,22,2019,https://api.odcloud.kr/api/15072696/v1/uddi:b85af1c8-a290-42e1-b57f-ac91e5604e1a,PUB-010_시도별_장기요양판정
남자,충청북도,기초수급,1등급,102,2019,https://api.odcloud.kr/api/15072696/v1/uddi:b85af1c8-a290-42e1-b57f-ac91e5604e1a,PUB-010_시도별_장기요양판정
남자,충청북도,기초수급,2등급,169,2019,https://api.odcloud.kr/api/15072696/v1/uddi:b85af1c8-a290-42e1-b57f-ac91e5604e1a,PUB-010_시도별_장기요양판정
남자,충청북도,기초수급,3등급,383,2019,https://api.odcloud.kr/api/15072696/v1/uddi:b85af1c8-a290-42e1-b57f-ac91e5604e1a,PUB-010_시도별_장기요양판정
남자,충청북도,기초수급,4등급,552,2019,https://api.odcloud.kr/api/15072696/v1/uddi:b85af1c8-a290-42e1-b57f-ac91e5604e1a,PUB-010_시도별_장기요양판정
남자,충청북도,기초수급,5등급,100,2019,https://api.odcloud.kr/api/15072696/v1/uddi:b85af1c8-a290-42e1-b57f-ac91e5604e1a,PUB-010_시도별_장기요양판정
남자,충청북도,기초수급,등급외,486,2019,https://api.odcloud.kr/api/15072696/v1/uddi:b85af1c8-a290-42e1-b57f-ac91e5604e1a,PUB-010_시도별_장기요양판정
여자,충청북도,일반,1등급,536,2019,https://api.odcloud.kr/api/15072696/v1/uddi:b85af1c8-a290-42e1-b57f-ac91e5604e1a,PUB-010_시도별_장기요양판정
여자,충청북도,일반,2등급,1252,2019,https://api.odcloud.kr/api/15072696/v1/uddi:b85af1c8-a290-42e1-b57f-ac91e5604e1a,PUB-010_시도별_장기요양판정
여자,충청북도,일반,3등급,2998,2019,https://api.odcloud.kr/api/15072696/v1/uddi:b85af1c8-a290-42e1-b57f-ac91e5604e1a,PUB-010_시도별_장기요양판정
여자,충청북도,일반,4등급,3834,2019,https://api.odcloud.kr/api/15072696/v1/uddi:b85af1c8-a290-42e1-b57f-ac91e5604e1a,PUB-010_시도별_장기요양판정
여자,충청북도,일반,5등급,1002,2019,https://api.odcloud.kr/api/15072696/v1/uddi:b85af1c8-a290-42e1-b57f-ac91e5604e1a,PUB-010_시도별_장기요양판정
여자,충청북도,일반,등급외,2383,2019,https://api.odcloud.kr/api/15072696/v1/uddi:b85af1c8-a290-42e1-b57f-ac91e5604e1a,PUB-010_시도별_장기요양판정
여자,충청북도,경감,1등급,446,2019,https://api.odcloud.kr/api/15072696/v1/uddi:b85af1c8-a290-42e1-b57f-ac91e5604e1a,PUB-010_시도별_장기요양판정
여자,충청북도,경감,2등급,1217,2019,https://api.odcloud.kr/api/15072696/v1/uddi:b85af1c8-a290-42e1-b57f-ac91e5604e1a,PUB-010_시도별_장기요양판정
여자,충청북도,경감,3등급,2545,2019,https://api.odcloud.kr/api/15072696/v1/uddi:b85af1c8-a290-42e1-b57f-ac91e5604e1a,PUB-010_시도별_장기요양판정
여자,충청북도,경감,4등급,3151,2019,https://api.odcloud.kr/api/15072696/v1/uddi:b85af1c8-a290-42e1-b57f-ac91e5604e1a,PUB-010_시도별_장기요양판정
여자,충청북도,경감,5등급,687,2019,https://api.odcloud.kr/api/15072696/v1/uddi:b85af1c8-a290-42e1-b57f-ac91e5604e1a,PUB-010_시도별_장기요양판정
여자,충청북도,경감,등급외,105,2019,https://api.odcloud.kr/api/15072696/v1/uddi:b85af1c8-a290-42e1-b57f-ac91e5604e1a,PUB-010_시도별_장기요양판정
여자,충청북도,의료급여,1등급,14,2019,https://api.odcloud.kr/api/15072696/v1/uddi:b85af1c8-a290-42e1-b57f-ac91e5604e1a,PUB-010_시도별_장기요양판정
여자,충청북도,의료급여,2등급,37,2019,https://api.odcloud.kr/api/15072696/v1/uddi:b85af1c8-a290-42e1-b57f-ac91e5604e1a,PUB-010_시도별_장기요양판정
여자,충청북도,의료급여,3등급,79,2019,https://api.odcloud.kr/api/15072696/v1/uddi:b85af1c8-a290-42e1-b57f-ac91e5604e1a,PUB-010_시도별_장기요양판정
여자,충청북도,의료급여,4등급,114,2019,https://api.odcloud.kr/api/15072696/v1/uddi:b85af1c8-a290-42e1-b57f-ac91e5604e1a,PUB-010_시도별_장기요양판정
여자,충청북도,의료급여,5등급,39,2019,https://api.odcloud.kr/api/15072696/v1/uddi:b85af1c8-a290-42e1-b57f-ac91e5604e1a,PUB-010_시도별_장기요양판정
여자,충청북도,의료급여,등급외,43,2019,https://api.odcloud.kr/api/15072696/v1/uddi:b85af1c8-a290-42e1-b57f-ac91e5604e1a,PUB-010_시도별_장기요양판정
여자,충청북도,기초수급,1등급,225,2019,https://api.odcloud.kr/api/15072696/v1/uddi:b85af1c8-a290-42e1-b57f-ac91e5604e1a,PUB-010_시도별_장기요양판정
여자,충청북도,기초수급,2등급,413,2019,https://api.odcloud.kr/api/15072696/v1/uddi:b85af1c8-a290-42e1-b57f-ac91e5604e1a,PUB-010_시도별_장기요양판정
여자,충청북도,기초수급,3등급,878,2019,https://api.odcloud.kr/api/15072696/v1/uddi:b85af1c8-a290-42e1-b57f-ac91e5604e1a,PUB-010_시도별_장기요양판정
여자,충청북도,기초수급,4등급,1212,2019,https://api.odcloud.kr/api/15072696/v1/uddi:b85af1c8-a290-42e1-b57f-ac91e5604e1a,PUB-010_시도별_장기요양판정
여자,충청북도,기초수급,5등급,264,2019,https://api.odcloud.kr/api/15072696/v1/uddi:b85af1c8-a290-42e1-b57f-ac91e5604e1a,PUB-010_시도별_장기요양판정
여자,충청북도,기초수급,등급외,790,2019,https://api.odcloud.kr/api/15072696/v1/uddi:b85af1c8-a290-42e1-b57f-ac91e5604e1a,PUB-010_시도별_장기요양판정
남자,충청남도,일반,1등급,340,2019,https://api.odcloud.kr/api/15072696/v1/uddi:b85af1c8-a290-42e1-b57f-ac91e5604e1a,PUB-010_시도별_장기요양판정
남자,충청남도,일반,2등급,625,2019,https://api.odcloud.kr/api/15072696/v1/uddi:b85af1c8-a290-42e1-b57f-ac91e5604e1a,PUB-010_시도별_장기요양판정
남자,충청남도,일반,3등급,1798,2019,https://api.odcloud.kr/api/15072696/v1/uddi:b85af1c8-a290-42e1-b57f-ac91e5604e1a,PUB-010_시도별_장기요양판정
남자,충청남도,일반,4등급,2790,2019,https://api.odcloud.kr/api/15072696/v1/uddi:b85af1c8-a290-42e1-b57f-ac91e5604e1a,PUB-010_시도별_장기요양판정
남자,충청남도,일반,5등급,699,2019,https://api.odcloud.kr/api/15072696/v1/uddi:b85af1c8-a290-42e1-b57f-ac91e5604e1a,PUB-010_시도별_장기요양판정
남자,충청남도,일반,등급외,2064,2019,https://api.odcloud.kr/api/15072696/v1/uddi:b85af1c8-a290-42e1-b57f-ac91e5604e1a,PUB-010_시도별_장기요양판정
남자,충청남도,경감,1등급,223,2019,https://api.odcloud.kr/api/15072696/v1/uddi:b85af1c8-a290-42e1-b57f-ac91e5604e1a,PUB-010_시도별_장기요양판정
남자,충청남도,경감,2등급,464,2019,https://api.odcloud.kr/api/15072696/v1/uddi:b85af1c8-a290-42e1-b57f-ac91e5604e1a,PUB-010_시도별_장기요양판정
남자,충청남도,경감,3등급,1194,2019,https://api.odcloud.kr/api/15072696/v1/uddi:b85af1c8-a290-42e1-b57f-ac91e5604e1a,PUB-010_시도별_장기요양판정
남자,충청남도,경감,4등급,1726,2019,https://api.odcloud.kr/api/15072696/v1/uddi:b85af1c8-a290-42e1-b57f-ac91e5604e1a,PUB-010_시도별_장기요양판정
남자,충청남도,경감,5등급,398,2019,https://api.odcloud.kr/api/15072696/v1/uddi:b85af1c8-a290-42e1-b57f-ac91e5604e1a,PUB-010_시도별_장기요양판정
남자,충청남도,경감,등급외,72,2019,https://api.odcloud.kr/api/15072696/v1/uddi:b85af1c8-a290-42e1-b57f-ac91e5604e1a,PUB-010_시도별_장기요양판정
남자,충청남도,의료급여,1등급,2,2019,https://api.odcloud.kr/api/15072696/v1/uddi:b85af1c8-a290-42e1-b57f-ac91e5604e1a,PUB-010_시도별_장기요양판정
남자,충청남도,의료급여,2등급,13,2019,https://api.odcloud.kr/api/15072696/v1/uddi:b85af1c8-a290-42e1-b57f-ac91e5604e1a,PUB-010_시도별_장기요양판정
남자,충청남도,의료급여,3등급,24,2019,https://api.odcloud.kr/api/15072696/v1/uddi:b85af1c8-a290-42e1-b57f-ac91e5604e1a,PUB-010_시도별_장기요양판정
남자,충청남도,의료급여,4등급,50,2019,https://api.odcloud.kr/api/15072696/v1/uddi:b85af1c8-a290-42e1-b57f-ac91e5604e1a,PUB-010_시도별_장기요양판정
남자,충청남도,의료급여,5등급,12,2019,https://api.odcloud.kr/api/15072696/v1/uddi:b85af1c8-a290-42e1-b57f-ac91e5604e1a,PUB-010_시도별_장기요양판정
남자,충청남도,의료급여,등급외,33,2019,https://api.odcloud.kr/api/15072696/v1/uddi:b85af1c8-a290-42e1-b57f-ac91e5604e1a,PUB-010_시도별_장기요양판정
남자,충청남도,기초수급,1등급,88,2019,https://api.odcloud.kr/api/15072696/v1/uddi:b85af1c8-a290-42e1-b57f-ac91e5604e1a,PUB-010_시도별_장기요양판정
남자,충청남도,기초수급,2등급,156,2019,https://api.odcloud.kr/api/15072696/v1/uddi:b85af1c8-a290-42e1-b57f-ac91e5604e1a,PUB-010_시도별_장기요양판정
남자,충청남도,기초수급,3등급,386,2019,https://api.odcloud.kr/api/15072696/v1/uddi:b85af1c8-a290-42e1-b57f-ac91e5604e1a,PUB-010_시도별_장기요양판정
남자,충청남도,기초수급,4등급,739,2019,https://api.odcloud.kr/api/15072696/v1/uddi:b85af1c8-a290-42e1-b57f-ac91e5604e1a,PUB-010_시도별_장기요양판정
남자,충청남도,기초수급,5등급,142,2019,https://api.odcloud.kr/api/15072696/v1/uddi:b85af1c8-a290-42e1-b57f-ac91e5604e1a,PUB-010_시도별_장기요양판정
남자,충청남도,기초수급,등급외,614,2019,https://api.odcloud.kr/api/15072696/v1/uddi:b85af1c8-a290-42e1-b57f-ac91e5604e1a,PUB-010_시도별_장기요양판정
여자,충청남도,일반,1등급,774,2019,https://api.odcloud.kr/api/15072696/v1/uddi:b85af1c8-a290-42e1-b57f-ac91e5604e1a,PUB-010_시도별_장기요양판정
여자,충청남도,일반,2등급,1684,2019,https://api.odcloud.kr/api/15072696/v1/uddi:b85af1c8-a290-42e1-b57f-ac91e5604e1a,PUB-010_시도별_장기요양판정
여자,충청남도,일반,3등급,4137,2019,https://api.odcloud.kr/api/15072696/v1/uddi:b85af1c8-a290-42e1-b57f-ac91e5604e1a,PUB-010_시도별_장기요양판정
여자,충청남도,일반,4등급,7034,2019,https://api.odcloud.kr/api/15072696/v1/uddi:b85af1c8-a290-42e1-b57f-ac91e5604e1a,PUB-010_시도별_장기요양판정
여자,충청남도,일반,5등급,1781,2019,https://api.odcloud.kr/api/15072696/v1/uddi:b85af1c8-a290-42e1-b57f-ac91e5604e1a,PUB-010_시도별_장기요양판정
여자,충청남도,일반,등급외,4539,2019,https://api.odcloud.kr/api/15072696/v1/uddi:b85af1c8-a290-42e1-b57f-ac91e5604e1a,PUB-010_시도별_장기요양판정
여자,충청남도,경감,1등급,638,2019,https://api.odcloud.kr/api/15072696/v1/uddi:b85af1c8-a290-42e1-b57f-ac91e5604e1a,PUB-010_시도별_장기요양판정
여자,충청남도,경감,2등급,1532,2019,https://api.odcloud.kr/api/15072696/v1/uddi:b85af1c8-a290-42e1-b57f-ac91e5604e1a,PUB-010_시도별_장기요양판정
여자,충청남도,경감,3등급,3525,2019,https://api.odcloud.kr/api/15072696/v1/uddi:b85af1c8-a290-42e1-b57f-ac91e5604e1a,PUB-010_시도별_장기요양판정
여자,충청남도,경감,4등급,5207,2019,https://api.odcloud.kr/api/15072696/v1/uddi:b85af1c8-a290-42e1-b57f-ac91e5604e1a,PUB-010_시도별_장기요양판정
여자,충청남도,경감,5등급,1205,2019,https://api.odcloud.kr/api/15072696/v1/uddi:b85af1c8-a290-42e1-b57f-ac91e5604e1a,PUB-010_시도별_장기요양판정
여자,충청남도,경감,등급외,186,2019,https://api.odcloud.kr/api/15072696/v1/uddi:b85af1c8-a290-42e1-b57f-ac91e5604e1a,PUB-010_시도별_장기요양판정
여자,충청남도,의료급여,1등급,10,2019,https://api.odcloud.kr/api/15072696/v1/uddi:b85af1c8-a290-42e1-b57f-ac91e5604e1a,PUB-010_시도별_장기요양판정
여자,충청남도,의료급여,2등급,42,2019,https://api.odcloud.kr/api/15072696/v1/uddi:b85af1c8-a290-42e1-b57f-ac91e5604e1a,PUB-010_시도별_장기요양판정
여자,충청남도,의료급여,3등급,79,2019,https://api.odcloud.kr/api/15072696/v1/uddi:b85af1c8-a290-42e1-b57f-ac91e5604e1a,PUB-010_시도별_장기요양판정
여자,충청남도,의료급여,4등급,119,2019,https://api.odcloud.kr/api/15072696/v1/uddi:b85af1c8-a290-42e1-b57f-ac91e5604e1a,PUB-010_시도별_장기요양판정
여자,충청남도,의료급여,5등급,35,2019,https://api.odcloud.kr/api/15072696/v1/uddi:b85af1c8-a290-42e1-b57f-ac91e5604e1a,PUB-010_시도별_장기요양판정
여자,충청남도,의료급여,등급외,40,2019,https://api.odcloud.kr/api/15072696/v1/uddi:b85af1c8-a290-42e1-b57f-ac91e5604e1a,PUB-010_시도별_장기요양판정
여자,충청남도,기초수급,1등급,197,2019,https://api.odcloud.kr/api/15072696/v1/uddi:b85af1c8-a290-42e1-b57f-ac91e5604e1a,PUB-010_시도별_장기요양판정
여자,충청남도,기초수급,2등급,445,2019,https://api.odcloud.kr/api/15072696/v1/uddi:b85af1c8-a290-42e1-b57f-ac91e5604e1a,PUB-010_시도별_장기요양판정
여자,충청남도,기초수급,3등급,967,2019,https://api.odcloud.kr/api/15072696/v1/uddi:b85af1c8-a290-42e1-b57f-ac91e5604e1a,PUB-010_시도별_장기요양판정
여자,충청남도,기초수급,4등급,1658,2019,https://api.odcloud.kr/api/15072696/v1/uddi:b85af1c8-a290-42e1-b57f-ac91e5604e1a,PUB-010_시도별_장기요양판정
여자,충청남도,기초수급,5등급,356,2019,https://api.odcloud.kr/api/15072696/v1/uddi:b85af1c8-a290-42e1-b57f-ac91e5604e1a,PUB-010_시도별_장기요양판정
여자,충청남도,기초수급,등급외,1050,2019,https://api.odcloud.kr/api/15072696/v1/uddi:b85af1c8-a290-42e1-b57f-ac91e5604e1a,PUB-010_시도별_장기요양판정
남자,전라북도,일반,1등급,194,2019,https://api.odcloud.kr/api/15072696/v1/uddi:b85af1c8-a290-42e1-b57f-ac91e5604e1a,PUB-010_시도별_장기요양판정
남자,전라북도,일반,2등급,394,2019,https://api.odcloud.kr/api/15072696/v1/uddi:b85af1c8-a290-42e1-b57f-ac91e5604e1a,PUB-010_시도별_장기요양판정
남자,전라북도,일반,3등급,1354,2019,https://api.odcloud.kr/api/15072696/v1/uddi:b85af1c8-a290-42e1-b57f-ac91e5604e1a,PUB-010_시도별_장기요양판정
남자,전라북도,일반,4등급,2559,2019,https://api.odcloud.kr/api/15072696/v1/uddi:b85af1c8-a290-42e1-b57f-ac91e5604e1a,PUB-010_시도별_장기요양판정
남자,전라북도,일반,5등급,695,2019,https://api.odcloud.kr/api/15072696/v1/uddi:b85af1c8-a290-42e1-b57f-ac91e5604e1a,PUB-010_시도별_장기요양판정
남자,전라북도,일반,등급외,2295,2019,https://api.odcloud.kr/api/15072696/v1/uddi:b85af1c8-a290-42e1-b57f-ac91e5604e1a,PUB-010_시도별_장기요양판정
남자,전라북도,경감,1등급,178,2019,https://api.odcloud.kr/api/15072696/v1/uddi:b85af1c8-a290-42e1-b57f-ac91e5604e1a,PUB-010_시도별_장기요양판정
남자,전라북도,경감,2등급,316,2019,https://api.odcloud.kr/api/15072696/v1/uddi:b85af1c8-a290-42e1-b57f-ac91e5604e1a,PUB-010_시도별_장기요양판정
남자,전라북도,경감,3등급,935,2019,https://api.odcloud.kr/api/15072696/v1/uddi:b85af1c8-a290-42e1-b57f-ac91e5604e1a,PUB-010_시도별_장기요양판정
남자,전라북도,경감,4등급,1899,2019,https://api.odcloud.kr/api/15072696/v1/uddi:b85af1c8-a290-42e1-b57f-ac91e5604e1a,PUB-010_시도별_장기요양판정
남자,전라북도,경감,5등급,478,2019,https://api.odcloud.kr/api/15072696/v1/uddi:b85af1c8-a290-42e1-b57f-ac91e5604e1a,PUB-010_시도별_장기요양판정
남자,전라북도,경감,등급외,152,2019,https://api.odcloud.kr/api/15072696/v1/uddi:b85af1c8-a290-42e1-b57f-ac91e5604e1a,PUB-010_시도별_장기요양판정
남자,전라북도,의료급여,1등급,3,2019,https://api.odcloud.kr/api/15072696/v1/uddi:b85af1c8-a290-42e1-b57f-ac91e5604e1a,PUB-010_시도별_장기요양판정
남자,전라북도,의료급여,2등급,12,2019,https://api.odcloud.kr/api/15072696/v1/uddi:b85af1c8-a290-42e1-b57f-ac91e5604e1a,PUB-010_시도별_장기요양판정
남자,전라북도,의료급여,3등급,31,2019,https://api.odcloud.kr/api/15072696/v1/uddi:b85af1c8-a290-42e1-b57f-ac91e5604e1a,PUB-010_시도별_장기요양판정
남자,전라북도,의료급여,4등급,72,2019,https://api.odcloud.kr/api/15072696/v1/uddi:b85af1c8-a290-42e1-b57f-ac91e5604e1a,PUB-010_시도별_장기요양판정
남자,전라북도,의료급여,5등급,21,2019,https://api.odcloud.kr/api/15072696/v1/uddi:b85af1c8-a290-42e1-b57f-ac91e5604e1a,PUB-010_시도별_장기요양판정
남자,전라북도,의료급여,등급외,49,2019,https://api.odcloud.kr/api/15072696/v1/uddi:b85af1c8-a290-42e1-b57f-ac91e5604e1a,PUB-010_시도별_장기요양판정
남자,전라북도,기초수급,1등급,74,2019,https://api.odcloud.kr/api/15072696/v1/uddi:b85af1c8-a290-42e1-b57f-ac91e5604e1a,PUB-010_시도별_장기요양판정
남자,전라북도,기초수급,2등급,136,2019,https://api.odcloud.kr/api/15072696/v1/uddi:b85af1c8-a290-42e1-b57f-ac91e5604e1a,PUB-010_시도별_장기요양판정
남자,전라북도,기초수급,3등급,500,2019,https://api.odcloud.kr/api/15072696/v1/uddi:b85af1c8-a290-42e1-b57f-ac91e5604e1a,PUB-010_시도별_장기요양판정
남자,전라북도,기초수급,4등급,1006,2019,https://api.odcloud.kr/api/15072696/v1/uddi:b85af1c8-a290-42e1-b57f-ac91e5604e1a,PUB-010_시도별_장기요양판정
남자,전라북도,기초수급,5등급,221,2019,https://api.odcloud.kr/api/15072696/v1/uddi:b85af1c8-a290-42e1-b57f-ac91e5604e1a,PUB-010_시도별_장기요양판정
남자,전라북도,기초수급,등급외,1360,2019,https://api.odcloud.kr/api/15072696/v1/uddi:b85af1c8-a290-42e1-b57f-ac91e5604e1a,PUB-010_시도별_장기요양판정
여자,전라북도,일반,1등급,517,2019,https://api.odcloud.kr/api/15072696/v1/uddi:b85af1c8-a290-42e1-b57f-ac91e5604e1a,PUB-010_시도별_장기요양판정
여자,전라북도,일반,2등급,1163,2019,https://api.odcloud.kr/api/15072696/v1/uddi:b85af1c8-a290-42e1-b57f-ac91e5604e1a,PUB-010_시도별_장기요양판정
여자,전라북도,일반,3등급,3025,2019,https://api.odcloud.kr/api/15072696/v1/uddi:b85af1c8-a290-42e1-b57f-ac91e5604e1a,PUB-010_시도별_장기요양판정
여자,전라북도,일반,4등급,6872,2019,https://api.odcloud.kr/api/15072696/v1/uddi:b85af1c8-a290-42e1-b57f-ac91e5604e1a,PUB-010_시도별_장기요양판정
여자,전라북도,일반,5등급,2051,2019,https://api.odcloud.kr/api/15072696/v1/uddi:b85af1c8-a290-42e1-b57f-ac91e5604e1a,PUB-010_시도별_장기요양판정
여자,전라북도,일반,등급외,6090,2019,https://api.odcloud.kr/api/15072696/v1/uddi:b85af1c8-a290-42e1-b57f-ac91e5604e1a,PUB-010_시도별_장기요양판정
여자,전라북도,경감,1등급,518,2019,https://api.odcloud.kr/api/15072696/v1/uddi:b85af1c8-a290-42e1-b57f-ac91e5604e1a,PUB-010_시도별_장기요양판정
여자,전라북도,경감,2등급,1174,2019,https://api.odcloud.kr/api/15072696/v1/uddi:b85af1c8-a290-42e1-b57f-ac91e5604e1a,PUB-010_시도별_장기요양판정
여자,전라북도,경감,3등급,2900,2019,https://api.odcloud.kr/api/15072696/v1/uddi:b85af1c8-a290-42e1-b57f-ac91e5604e1a,PUB-010_시도별_장기요양판정
여자,전라북도,경감,4등급,6090,2019,https://api.odcloud.kr/api/15072696/v1/uddi:b85af1c8-a290-42e1-b57f-ac91e5604e1a,PUB-010_시도별_장기요양판정
여자,전라북도,경감,5등급,1611,2019,https://api.odcloud.kr/api/15072696/v1/uddi:b85af1c8-a290-42e1-b57f-ac91e5604e1a,PUB-010_시도별_장기요양판정
여자,전라북도,경감,등급외,700,2019,https://api.odcloud.kr/api/15072696/v1/uddi:b85af1c8-a290-42e1-b57f-ac91e5604e1a,PUB-010_시도별_장기요양판정
여자,전라북도,의료급여,1등급,17,2019,https://api.odcloud.kr/api/15072696/v1/uddi:b85af1c8-a290-42e1-b57f-ac91e5604e1a,PUB-010_시도별_장기요양판정
여자,전라북도,의료급여,2등급,39,2019,https://api.odcloud.kr/api/15072696/v1/uddi:b85af1c8-a290-42e1-b57f-ac91e5604e1a,PUB-010_시도별_장기요양판정
여자,전라북도,의료급여,3등급,86,2019,https://api.odcloud.kr/api/15072696/v1/uddi:b85af1c8-a290-42e1-b57f-ac91e5604e1a,PUB-010_시도별_장기요양판정
여자,전라북도,의료급여,4등급,201,2019,https://api.odcloud.kr/api/15072696/v1/uddi:b85af1c8-a290-42e1-b57f-ac91e5604e1a,PUB-010_시도별_장기요양판정
여자,전라북도,의료급여,5등급,64,2019,https://api.odcloud.kr/api/15072696/v1/uddi:b85af1c8-a290-42e1-b57f-ac91e5604e1a,PUB-010_시도별_장기요양판정
여자,전라북도,의료급여,등급외,128,2019,https://api.odcloud.kr/api/15072696/v1/uddi:b85af1c8-a290-42e1-b57f-ac91e5604e1a,PUB-010_시도별_장기요양판정
여자,전라북도,기초수급,1등급,175,2019,https://api.odcloud.kr/api/15072696/v1/uddi:b85af1c8-a290-42e1-b57f-ac91e5604e1a,PUB-010_시도별_장기요양판정
여자,전라북도,기초수급,2등급,427,2019,https://api.odcloud.kr/api/15072696/v1/uddi:b85af1c8-a290-42e1-b57f-ac91e5604e1a,PUB-010_시도별_장기요양판정
여자,전라북도,기초수급,3등급,1114,2019,https://api.odcloud.kr/api/15072696/v1/uddi:b85af1c8-a290-42e1-b57f-ac91e5604e1a,PUB-010_시도별_장기요양판정
여자,전라북도,기초수급,4등급,2579,2019,https://api.odcloud.kr/api/15072696/v1/uddi:b85af1c8-a290-42e1-b57f-ac91e5604e1a,PUB-010_시도별_장기요양판정
여자,전라북도,기초수급,5등급,699,2019,https://api.odcloud.kr/api/15072696/v1/uddi:b85af1c8-a290-42e1-b57f-ac91e5604e1a,PUB-010_시도별_장기요양판정
여자,전라북도,기초수급,등급외,2836,2019,https://api.odcloud.kr/api/15072696/v1/uddi:b85af1c8-a290-42e1-b57f-ac91e5604e1a,PUB-010_시도별_장기요양판정
남자,전라남도,일반,1등급,203,2019,https://api.odcloud.kr/api/15072696/v1/uddi:b85af1c8-a290-42e1-b57f-ac91e5604e1a,PUB-010_시도별_장기요양판정
남자,전라남도,일반,2등급,497,2019,https://api.odcloud.kr/api/15072696/v1/uddi:b85af1c8-a290-42e1-b57f-ac91e5604e1a,PUB-010_시도별_장기요양판정
남자,전라남도,일반,3등급,1366,2019,https://api.odcloud.kr/api/15072696/v1/uddi:b85af1c8-a290-42e1-b57f-ac91e5604e1a,PUB-010_시도별_장기요양판정
남자,전라남도,일반,4등급,2467,2019,https://api.odcloud.kr/api/15072696/v1/uddi:b85af1c8-a290-42e1-b57f-ac91e5604e1a,PUB-010_시도별_장기요양판정
남자,전라남도,일반,5등급,527,2019,https://api.odcloud.kr/api/15072696/v1/uddi:b85af1c8-a290-42e1-b57f-ac91e5604e1a,PUB-010_시도별_장기요양판정
남자,전라남도,일반,등급외,2709,2019,https://api.odcloud.kr/api/15072696/v1/uddi:b85af1c8-a290-42e1-b57f-ac91e5604e1a,PUB-010_시도별_장기요양판정
남자,전라남도,경감,1등급,202,2019,https://api.odcloud.kr/api/15072696/v1/uddi:b85af1c8-a290-42e1-b57f-ac91e5604e1a,PUB-010_시도별_장기요양판정
남자,전라남도,경감,2등급,503,2019,https://api.odcloud.kr/api/15072696/v1/uddi:b85af1c8-a290-42e1-b57f-ac91e5604e1a,PUB-010_시도별_장기요양판정
남자,전라남도,경감,3등급,1227,2019,https://api.odcloud.kr/api/15072696/v1/uddi:b85af1c8-a290-42e1-b57f-ac91e5604e1a,PUB-010_시도별_장기요양판정
남자,전라남도,경감,4등급,2018,2019,https://api.odcloud.kr/api/15072696/v1/uddi:b85af1c8-a290-42e1-b57f-ac91e5604e1a,PUB-010_시도별_장기요양판정
남자,전라남도,경감,5등급,407,2019,https://api.odcloud.kr/api/15072696/v1/uddi:b85af1c8-a290-42e1-b57f-ac91e5604e1a,PUB-010_시도별_장기요양판정
남자,전라남도,경감,등급외,139,2019,https://api.odcloud.kr/api/15072696/v1/uddi:b85af1c8-a290-42e1-b57f-ac91e5604e1a,PUB-010_시도별_장기요양판정
남자,전라남도,의료급여,1등급,10,2019,https://api.odcloud.kr/api/15072696/v1/uddi:b85af1c8-a290-42e1-b57f-ac91e5604e1a,PUB-010_시도별_장기요양판정
남자,전라남도,의료급여,2등급,17,2019,https://api.odcloud.kr/api/15072696/v1/uddi:b85af1c8-a290-42e1-b57f-ac91e5604e1a,PUB-010_시도별_장기요양판정
남자,전라남도,의료급여,3등급,45,2019,https://api.odcloud.kr/api/15072696/v1/uddi:b85af1c8-a290-42e1-b57f-ac91e5604e1a,PUB-010_시도별_장기요양판정
남자,전라남도,의료급여,4등급,90,2019,https://api.odcloud.kr/api/15072696/v1/uddi:b85af1c8-a290-42e1-b57f-ac91e5604e1a,PUB-010_시도별_장기요양판정
남자,전라남도,의료급여,5등급,18,2019,https://api.odcloud.kr/api/15072696/v1/uddi:b85af1c8-a290-42e1-b57f-ac91e5604e1a,PUB-010_시도별_장기요양판정
남자,전라남도,의료급여,등급외,46,2019,https://api.odcloud.kr/api/15072696/v1/uddi:b85af1c8-a290-42e1-b57f-ac91e5604e1a,PUB-010_시도별_장기요양판정
남자,전라남도,기초수급,1등급,83,2019,https://api.odcloud.kr/api/15072696/v1/uddi:b85af1c8-a290-42e1-b57f-ac91e5604e1a,PUB-010_시도별_장기요양판정
남자,전라남도,기초수급,2등급,167,2019,https://api.odcloud.kr/api/15072696/v1/uddi:b85af1c8-a290-42e1-b57f-ac91e5604e1a,PUB-010_시도별_장기요양판정
남자,전라남도,기초수급,3등급,457,2019,https://api.odcloud.kr/api/15072696/v1/uddi:b85af1c8-a290-42e1-b57f-ac91e5604e1a,PUB-010_시도별_장기요양판정
남자,전라남도,기초수급,4등급,782,2019,https://api.odcloud.kr/api/15072696/v1/uddi:b85af1c8-a290-42e1-b57f-ac91e5604e1a,PUB-010_시도별_장기요양판정
남자,전라남도,기초수급,5등급,120,2019,https://api.odcloud.kr/api/15072696/v1/uddi:b85af1c8-a290-42e1-b57f-ac91e5604e1a,PUB-010_시도별_장기요양판정
남자,전라남도,기초수급,등급외,971,2019,https://api.odcloud.kr/api/15072696/v1/uddi:b85af1c8-a290-42e1-b57f-ac91e5604e1a,PUB-010_시도별_장기요양판정
여자,전라남도,일반,1등급,483,2019,https://api.odcloud.kr/api/15072696/v1/uddi:b85af1c8-a290-42e1-b57f-ac91e5604e1a,PUB-010_시도별_장기요양판정
여자,전라남도,일반,2등급,1261,2019,https://api.odcloud.kr/api/15072696/v1/uddi:b85af1c8-a290-42e1-b57f-ac91e5604e1a,PUB-010_시도별_장기요양판정
여자,전라남도,일반,3등급,3387,2019,https://api.odcloud.kr/api/15072696/v1/uddi:b85af1c8-a290-42e1-b57f-ac91e5604e1a,PUB-010_시도별_장기요양판정
여자,전라남도,일반,4등급,7541,2019,https://api.odcloud.kr/api/15072696/v1/uddi:b85af1c8-a290-42e1-b57f-ac91e5604e1a,PUB-010_시도별_장기요양판정
여자,전라남도,일반,5등급,1722,2019,https://api.odcloud.kr/api/15072696/v1/uddi:b85af1c8-a290-42e1-b57f-ac91e5604e1a,PUB-010_시도별_장기요양판정
여자,전라남도,일반,등급외,7772,2019,https://api.odcloud.kr/api/15072696/v1/uddi:b85af1c8-a290-42e1-b57f-ac91e5604e1a,PUB-010_시도별_장기요양판정
여자,전라남도,경감,1등급,620,2019,https://api.odcloud.kr/api/15072696/v1/uddi:b85af1c8-a290-42e1-b57f-ac91e5604e1a,PUB-010_시도별_장기요양판정
여자,전라남도,경감,2등급,1730,2019,https://api.odcloud.kr/api/15072696/v1/uddi:b85af1c8-a290-42e1-b57f-ac91e5604e1a,PUB-010_시도별_장기요양판정
여자,전라남도,경감,3등급,3979,2019,https://api.odcloud.kr/api/15072696/v1/uddi:b85af1c8-a290-42e1-b57f-ac91e5604e1a,PUB-010_시도별_장기요양판정
여자,전라남도,경감,4등급,7950,2019,https://api.odcloud.kr/api/15072696/v1/uddi:b85af1c8-a290-42e1-b57f-ac91e5604e1a,PUB-010_시도별_장기요양판정
여자,전라남도,경감,5등급,1557,2019,https://api.odcloud.kr/api/15072696/v1/uddi:b85af1c8-a290-42e1-b57f-ac91e5604e1a,PUB-010_시도별_장기요양판정
여자,전라남도,경감,등급외,615,2019,https://api.odcloud.kr/api/15072696/v1/uddi:b85af1c8-a290-42e1-b57f-ac91e5604e1a,PUB-010_시도별_장기요양판정
여자,전라남도,의료급여,1등급,25,2019,https://api.odcloud.kr/api/15072696/v1/uddi:b85af1c8-a290-42e1-b57f-ac91e5604e1a,PUB-010_시도별_장기요양판정
여자,전라남도,의료급여,2등급,49,2019,https://api.odcloud.kr/api/15072696/v1/uddi:b85af1c8-a290-42e1-b57f-ac91e5604e1a,PUB-010_시도별_장기요양판정
여자,전라남도,의료급여,3등급,143,2019,https://api.odcloud.kr/api/15072696/v1/uddi:b85af1c8-a290-42e1-b57f-ac91e5604e1a,PUB-010_시도별_장기요양판정
여자,전라남도,의료급여,4등급,266,2019,https://api.odcloud.kr/api/15072696/v1/uddi:b85af1c8-a290-42e1-b57f-ac91e5604e1a,PUB-010_시도별_장기요양판정
여자,전라남도,의료급여,5등급,57,2019,https://api.odcloud.kr/api/15072696/v1/uddi:b85af1c8-a290-42e1-b57f-ac91e5604e1a,PUB-010_시도별_장기요양판정
여자,전라남도,의료급여,등급외,163,2019,https://api.odcloud.kr/api/15072696/v1/uddi:b85af1c8-a290-42e1-b57f-ac91e5604e1a,PUB-010_시도별_장기요양판정
여자,전라남도,기초수급,1등급,181,2019,https://api.odcloud.kr/api/15072696/v1/uddi:b85af1c8-a290-42e1-b57f-ac91e5604e1a,PUB-010_시도별_장기요양판정
여자,전라남도,기초수급,2등급,485,2019,https://api.odcloud.kr/api/15072696/v1/uddi:b85af1c8-a290-42e1-b57f-ac91e5604e1a,PUB-010_시도별_장기요양판정
여자,전라남도,기초수급,3등급,1182,2019,https://api.odcloud.kr/api/15072696/v1/uddi:b85af1c8-a290-42e1-b57f-ac91e5604e1a,PUB-010_시도별_장기요양판정
여자,전라남도,기초수급,4등급,2574,2019,https://api.odcloud.kr/api/15072696/v1/uddi:b85af1c8-a290-42e1-b57f-ac91e5604e1a,PUB-010_시도별_장기요양판정
여자,전라남도,기초수급,5등급,442,2019,https://api.odcloud.kr/api/15072696/v1/uddi:b85af1c8-a290-42e1-b57f-ac91e5604e1a,PUB-010_시도별_장기요양판정
여자,전라남도,기초수급,등급외,2159,2019,https://api.odcloud.kr/api/15072696/v1/uddi:b85af1c8-a290-42e1-b57f-ac91e5604e1a,PUB-010_시도별_장기요양판정
남자,경상북도,일반,1등급,320,2019,https://api.odcloud.kr/api/15072696/v1/uddi:b85af1c8-a290-42e1-b57f-ac91e5604e1a,PUB-010_시도별_장기요양판정
남자,경상북도,일반,2등급,756,2019,https://api.odcloud.kr/api/15072696/v1/uddi:b85af1c8-a290-42e1-b57f-ac91e5604e1a,PUB-010_시도별_장기요양판정
남자,경상북도,일반,3등급,2270,2019,https://api.odcloud.kr/api/15072696/v1/uddi:b85af1c8-a290-42e1-b57f-ac91e5604e1a,PUB-010_시도별_장기요양판정
남자,경상북도,일반,4등급,3276,2019,https://api.odcloud.kr/api/15072696/v1/uddi:b85af1c8-a290-42e1-b57f-ac91e5604e1a,PUB-010_시도별_장기요양판정
남자,경상북도,일반,5등급,830,2019,https://api.odcloud.kr/api/15072696/v1/uddi:b85af1c8-a290-42e1-b57f-ac91e5604e1a,PUB-010_시도별_장기요양판정
남자,경상북도,일반,등급외,2776,2019,https://api.odcloud.kr/api/15072696/v1/uddi:b85af1c8-a290-42e1-b57f-ac91e5604e1a,PUB-010_시도별_장기요양판정
남자,경상북도,경감,1등급,231,2019,https://api.odcloud.kr/api/15072696/v1/uddi:b85af1c8-a290-42e1-b57f-ac91e5604e1a,PUB-010_시도별_장기요양판정
남자,경상북도,경감,2등급,581,2019,https://api.odcloud.kr/api/15072696/v1/uddi:b85af1c8-a290-42e1-b57f-ac91e5604e1a,PUB-010_시도별_장기요양판정
남자,경상북도,경감,3등급,1588,2019,https://api.odcloud.kr/api/15072696/v1/uddi:b85af1c8-a290-42e1-b57f-ac91e5604e1a,PUB-010_시도별_장기요양판정
남자,경상북도,경감,4등급,2228,2019,https://api.odcloud.kr/api/15072696/v1/uddi:b85af1c8-a290-42e1-b57f-ac91e5604e1a,PUB-010_시도별_장기요양판정
남자,경상북도,경감,5등급,513,2019,https://api.odcloud.kr/api/15072696/v1/uddi:b85af1c8-a290-42e1-b57f-ac91e5604e1a,PUB-010_시도별_장기요양판정
남자,경상북도,경감,등급외,99,2019,https://api.odcloud.kr/api/15072696/v1/uddi:b85af1c8-a290-42e1-b57f-ac91e5604e1a,PUB-010_시도별_장기요양판정
남자,경상북도,의료급여,1등급,6,2019,https://api.odcloud.kr/api/15072696/v1/uddi:b85af1c8-a290-42e1-b57f-ac91e5604e1a,PUB-010_시도별_장기요양판정
남자,경상북도,의료급여,2등급,11,2019,https://api.odcloud.kr/api/15072696/v1/uddi:b85af1c8-a290-42e1-b57f-ac91e5604e1a,PUB-010_시도별_장기요양판정
남자,경상북도,의료급여,3등급,50,2019,https://api.odcloud.kr/api/15072696/v1/uddi:b85af1c8-a290-42e1-b57f-ac91e5604e1a,PUB-010_시도별_장기요양판정
남자,경상북도,의료급여,4등급,67,2019,https://api.odcloud.kr/api/15072696/v1/uddi:b85af1c8-a290-42e1-b57f-ac91e5604e1a,PUB-010_시도별_장기요양판정
남자,경상북도,의료급여,5등급,12,2019,https://api.odcloud.kr/api/15072696/v1/uddi:b85af1c8-a290-42e1-b57f-ac91e5604e1a,PUB-010_시도별_장기요양판정
남자,경상북도,의료급여,등급외,57,2019,https://api.odcloud.kr/api/15072696/v1/uddi:b85af1c8-a290-42e1-b57f-ac91e5604e1a,PUB-010_시도별_장기요양판정
남자,경상북도,기초수급,1등급,113,2019,https://api.odcloud.kr/api/15072696/v1/uddi:b85af1c8-a290-42e1-b57f-ac91e5604e1a,PUB-010_시도별_장기요양판정
남자,경상북도,기초수급,2등급,196,2019,https://api.odcloud.kr/api/15072696/v1/uddi:b85af1c8-a290-42e1-b57f-ac91e5604e1a,PUB-010_시도별_장기요양판정
남자,경상북도,기초수급,3등급,596,2019,https://api.odcloud.kr/api/15072696/v1/uddi:b85af1c8-a290-42e1-b57f-ac91e5604e1a,PUB-010_시도별_장기요양판정
남자,경상북도,기초수급,4등급,964,2019,https://api.odcloud.kr/api/15072696/v1/uddi:b85af1c8-a290-42e1-b57f-ac91e5604e1a,PUB-010_시도별_장기요양판정
남자,경상북도,기초수급,5등급,195,2019,https://api.odcloud.kr/api/15072696/v1/uddi:b85af1c8-a290-42e1-b57f-ac91e5604e1a,PUB-010_시도별_장기요양판정
남자,경상북도,기초수급,등급외,1039,2019,https://api.odcloud.kr/api/15072696/v1/uddi:b85af1c8-a290-42e1-b57f-ac91e5604e1a,PUB-010_시도별_장기요양판정
여자,경상북도,일반,1등급,793,2019,https://api.odcloud.kr/api/15072696/v1/uddi:b85af1c8-a290-42e1-b57f-ac91e5604e1a,PUB-010_시도별_장기요양판정
여자,경상북도,일반,2등급,1679,2019,https://api.odcloud.kr/api/15072696/v1/uddi:b85af1c8-a290-42e1-b57f-ac91e5604e1a,PUB-010_시도별_장기요양판정
여자,경상북도,일반,3등급,4944,2019,https://api.odcloud.kr/api/15072696/v1/uddi:b85af1c8-a290-42e1-b57f-ac91e5604e1a,PUB-010_시도별_장기요양판정
여자,경상북도,일반,4등급,9089,2019,https://api.odcloud.kr/api/15072696/v1/uddi:b85af1c8-a290-42e1-b57f-ac91e5604e1a,PUB-010_시도별_장기요양판정
여자,경상북도,일반,5등급,2502,2019,https://api.odcloud.kr/api/15072696/v1/uddi:b85af1c8-a290-42e1-b57f-ac91e5604e1a,PUB-010_시도별_장기요양판정
여자,경상북도,일반,등급외,6796,2019,https://api.odcloud.kr/api/15072696/v1/uddi:b85af1c8-a290-42e1-b57f-ac91e5604e1a,PUB-010_시도별_장기요양판정
여자,경상북도,경감,1등급,740,2019,https://api.odcloud.kr/api/15072696/v1/uddi:b85af1c8-a290-42e1-b57f-ac91e5604e1a,PUB-010_시도별_장기요양판정
여자,경상북도,경감,2등급,1707,2019,https://api.odcloud.kr/api/15072696/v1/uddi:b85af1c8-a290-42e1-b57f-ac91e5604e1a,PUB-010_시도별_장기요양판정
여자,경상북도,경감,3등급,4781,2019,https://api.odcloud.kr/api/15072696/v1/uddi:b85af1c8-a290-42e1-b57f-ac91e5604e1a,PUB-010_시도별_장기요양판정
여자,경상북도,경감,4등급,7327,2019,https://api.odcloud.kr/api/15072696/v1/uddi:b85af1c8-a290-42e1-b57f-ac91e5604e1a,PUB-010_시도별_장기요양판정
여자,경상북도,경감,5등급,1846,2019,https://api.odcloud.kr/api/15072696/v1/uddi:b85af1c8-a290-42e1-b57f-ac91e5604e1a,PUB-010_시도별_장기요양판정
여자,경상북도,경감,등급외,335,2019,https://api.odcloud.kr/api/15072696/v1/uddi:b85af1c8-a290-42e1-b57f-ac91e5604e1a,PUB-010_시도별_장기요양판정
여자,경상북도,의료급여,1등급,21,2019,https://api.odcloud.kr/api/15072696/v1/uddi:b85af1c8-a290-42e1-b57f-ac91e5604e1a,PUB-010_시도별_장기요양판정
여자,경상북도,의료급여,2등급,41,2019,https://api.odcloud.kr/api/15072696/v1/uddi:b85af1c8-a290-42e1-b57f-ac91e5604e1a,PUB-010_시도별_장기요양판정
여자,경상북도,의료급여,3등급,131,2019,https://api.odcloud.kr/api/15072696/v1/uddi:b85af1c8-a290-42e1-b57f-ac91e5604e1a,PUB-010_시도별_장기요양판정
여자,경상북도,의료급여,4등급,255,2019,https://api.odcloud.kr/api/15072696/v1/uddi:b85af1c8-a290-42e1-b57f-ac91e5604e1a,PUB-010_시도별_장기요양판정
여자,경상북도,의료급여,5등급,72,2019,https://api.odcloud.kr/api/15072696/v1/uddi:b85af1c8-a290-42e1-b57f-ac91e5604e1a,PUB-010_시도별_장기요양판정
여자,경상북도,의료급여,등급외,117,2019,https://api.odcloud.kr/api/15072696/v1/uddi:b85af1c8-a290-42e1-b57f-ac91e5604e1a,PUB-010_시도별_장기요양판정
여자,경상북도,기초수급,1등급,281,2019,https://api.odcloud.kr/api/15072696/v1/uddi:b85af1c8-a290-42e1-b57f-ac91e5604e1a,PUB-010_시도별_장기요양판정
여자,경상북도,기초수급,2등급,599,2019,https://api.odcloud.kr/api/15072696/v1/uddi:b85af1c8-a290-42e1-b57f-ac91e5604e1a,PUB-010_시도별_장기요양판정
여자,경상북도,기초수급,3등급,1497,2019,https://api.odcloud.kr/api/15072696/v1/uddi:b85af1c8-a290-42e1-b57f-ac91e5604e1a,PUB-010_시도별_장기요양판정
여자,경상북도,기초수급,4등급,2974,2019,https://api.odcloud.kr/api/15072696/v1/uddi:b85af1c8-a290-42e1-b57f-ac91e5604e1a,PUB-010_시도별_장기요양판정
여자,경상북도,기초수급,5등급,674,2019,https://api.odcloud.kr/api/15072696/v1/uddi:b85af1c8-a290-42e1-b57f-ac91e5604e1a,PUB-010_시도별_장기요양판정
여자,경상북도,기초수급,등급외,2321,2019,https://api.odcloud.kr/api/15072696/v1/uddi:b85af1c8-a290-42e1-b57f-ac91e5604e1a,PUB-010_시도별_장기요양판정
남자,경상남도,일반,1등급,301,2019,https://api.odcloud.kr/api/15072696/v1/uddi:b85af1c8-a290-42e1-b57f-ac91e5604e1a,PUB-010_시도별_장기요양판정
남자,경상남도,일반,2등급,670,2019,https://api.odcloud.kr/api/15072696/v1/uddi:b85af1c8-a290-42e1-b57f-ac91e5604e1a,PUB-010_시도별_장기요양판정
남자,경상남도,일반,3등급,1989,2019,https://api.odcloud.kr/api/15072696/v1/uddi:b85af1c8-a290-42e1-b57f-ac91e5604e1a,PUB-010_시도별_장기요양판정
남자,경상남도,일반,4등급,3315,2019,https://api.odcloud.kr/api/15072696/v1/uddi:b85af1c8-a290-42e1-b57f-ac91e5604e1a,PUB-010_시도별_장기요양판정
남자,경상남도,일반,5등급,743,2019,https://api.odcloud.kr/api/15072696/v1/uddi:b85af1c8-a290-42e1-b57f-ac91e5604e1a,PUB-010_시도별_장기요양판정
남자,경상남도,일반,등급외,2854,2019,https://api.odcloud.kr/api/15072696/v1/uddi:b85af1c8-a290-42e1-b57f-ac91e5604e1a,PUB-010_시도별_장기요양판정
남자,경상남도,경감,1등급,221,2019,https://api.odcloud.kr/api/15072696/v1/uddi:b85af1c8-a290-42e1-b57f-ac91e5604e1a,PUB-010_시도별_장기요양판정
남자,경상남도,경감,2등급,467,2019,https://api.odcloud.kr/api/15072696/v1/uddi:b85af1c8-a290-42e1-b57f-ac91e5604e1a,PUB-010_시도별_장기요양판정
남자,경상남도,경감,3등급,1380,2019,https://api.odcloud.kr/api/15072696/v1/uddi:b85af1c8-a290-42e1-b57f-ac91e5604e1a,PUB-010_시도별_장기요양판정
남자,경상남도,경감,4등급,2184,2019,https://api.odcloud.kr/api/15072696/v1/uddi:b85af1c8-a290-42e1-b57f-ac91e5604e1a,PUB-010_시도별_장기요양판정
남자,경상남도,경감,5등급,405,2019,https://api.odcloud.kr/api/15072696/v1/uddi:b85af1c8-a290-42e1-b57f-ac91e5604e1a,PUB-010_시도별_장기요양판정
남자,경상남도,경감,등급외,116,2019,https://api.odcloud.kr/api/15072696/v1/uddi:b85af1c8-a290-42e1-b57f-ac91e5604e1a,PUB-010_시도별_장기요양판정
남자,경상남도,의료급여,1등급,2,2019,https://api.odcloud.kr/api/15072696/v1/uddi:b85af1c8-a290-42e1-b57f-ac91e5604e1a,PUB-010_시도별_장기요양판정
남자,경상남도,의료급여,2등급,12,2019,https://api.odcloud.kr/api/15072696/v1/uddi:b85af1c8-a290-42e1-b57f-ac91e5604e1a,PUB-010_시도별_장기요양판정
남자,경상남도,의료급여,3등급,33,2019,https://api.odcloud.kr/api/15072696/v1/uddi:b85af1c8-a290-42e1-b57f-ac91e5604e1a,PUB-010_시도별_장기요양판정
남자,경상남도,의료급여,4등급,76,2019,https://api.odcloud.kr/api/15072696/v1/uddi:b85af1c8-a290-42e1-b57f-ac91e5604e1a,PUB-010_시도별_장기요양판정
남자,경상남도,의료급여,5등급,8,2019,https://api.odcloud.kr/api/15072696/v1/uddi:b85af1c8-a290-42e1-b57f-ac91e5604e1a,PUB-010_시도별_장기요양판정
남자,경상남도,의료급여,등급외,44,2019,https://api.odcloud.kr/api/15072696/v1/uddi:b85af1c8-a290-42e1-b57f-ac91e5604e1a,PUB-010_시도별_장기요양판정
남자,경상남도,기초수급,1등급,79,2019,https://api.odcloud.kr/api/15072696/v1/uddi:b85af1c8-a290-42e1-b57f-ac91e5604e1a,PUB-010_시도별_장기요양판정
남자,경상남도,기초수급,2등급,179,2019,https://api.odcloud.kr/api/15072696/v1/uddi:b85af1c8-a290-42e1-b57f-ac91e5604e1a,PUB-010_시도별_장기요양판정
남자,경상남도,기초수급,3등급,495,2019,https://api.odcloud.kr/api/15072696/v1/uddi:b85af1c8-a290-42e1-b57f-ac91e5604e1a,PUB-010_시도별_장기요양판정
남자,경상남도,기초수급,4등급,926,2019,https://api.odcloud.kr/api/15072696/v1/uddi:b85af1c8-a290-42e1-b57f-ac91e5604e1a,PUB-010_시도별_장기요양판정
남자,경상남도,기초수급,5등급,172,2019,https://api.odcloud.kr/api/15072696/v1/uddi:b85af1c8-a290-42e1-b57f-ac91e5604e1a,PUB-010_시도별_장기요양판정
남자,경상남도,기초수급,등급외,978,2019,https://api.odcloud.kr/api/15072696/v1/uddi:b85af1c8-a290-42e1-b57f-ac91e5604e1a,PUB-010_시도별_장기요양판정
여자,경상남도,일반,1등급,847,2019,https://api.odcloud.kr/api/15072696/v1/uddi:b85af1c8-a290-42e1-b57f-ac91e5604e1a,PUB-010_시도별_장기요양판정
여자,경상남도,일반,2등급,1813,2019,https://api.odcloud.kr/api/15072696/v1/uddi:b85af1c8-a290-42e1-b57f-ac91e5604e1a,PUB-010_시도별_장기요양판정
여자,경상남도,일반,3등급,4907,2019,https://api.odcloud.kr/api/15072696/v1/uddi:b85af1c8-a290-42e1-b57f-ac91e5604e1a,PUB-010_시도별_장기요양판정
여자,경상남도,일반,4등급,9973,2019,https://api.odcloud.kr/api/15072696/v1/uddi:b85af1c8-a290-42e1-b57f-ac91e5604e1a,PUB-010_시도별_장기요양판정
여자,경상남도,일반,5등급,2226,2019,https://api.odcloud.kr/api/15072696/v1/uddi:b85af1c8-a290-42e1-b57f-ac91e5604e1a,PUB-010_시도별_장기요양판정
여자,경상남도,일반,등급외,7221,2019,https://api.odcloud.kr/api/15072696/v1/uddi:b85af1c8-a290-42e1-b57f-ac91e5604e1a,PUB-010_시도별_장기요양판정
여자,경상남도,경감,1등급,744,2019,https://api.odcloud.kr/api/15072696/v1/uddi:b85af1c8-a290-42e1-b57f-ac91e5604e1a,PUB-010_시도별_장기요양판정
여자,경상남도,경감,2등급,1711,2019,https://api.odcloud.kr/api/15072696/v1/uddi:b85af1c8-a290-42e1-b57f-ac91e5604e1a,PUB-010_시도별_장기요양판정
여자,경상남도,경감,3등급,4279,2019,https://api.odcloud.kr/api/15072696/v1/uddi:b85af1c8-a290-42e1-b57f-ac91e5604e1a,PUB-010_시도별_장기요양판정
여자,경상남도,경감,4등급,7751,2019,https://api.odcloud.kr/api/15072696/v1/uddi:b85af1c8-a290-42e1-b57f-ac91e5604e1a,PUB-010_시도별_장기요양판정
여자,경상남도,경감,5등급,1661,2019,https://api.odcloud.kr/api/15072696/v1/uddi:b85af1c8-a290-42e1-b57f-ac91e5604e1a,PUB-010_시도별_장기요양판정
여자,경상남도,경감,등급외,312,2019,https://api.odcloud.kr/api/15072696/v1/uddi:b85af1c8-a290-42e1-b57f-ac91e5604e1a,PUB-010_시도별_장기요양판정
여자,경상남도,의료급여,1등급,18,2019,https://api.odcloud.kr/api/15072696/v1/uddi:b85af1c8-a290-42e1-b57f-ac91e5604e1a,PUB-010_시도별_장기요양판정
여자,경상남도,의료급여,2등급,55,2019,https://api.odcloud.kr/api/15072696/v1/uddi:b85af1c8-a290-42e1-b57f-ac91e5604e1a,PUB-010_시도별_장기요양판정
여자,경상남도,의료급여,3등급,137,2019,https://api.odcloud.kr/api/15072696/v1/uddi:b85af1c8-a290-42e1-b57f-ac91e5604e1a,PUB-010_시도별_장기요양판정
여자,경상남도,의료급여,4등급,263,2019,https://api.odcloud.kr/api/15072696/v1/uddi:b85af1c8-a290-42e1-b57f-ac91e5604e1a,PUB-010_시도별_장기요양판정
여자,경상남도,의료급여,5등급,58,2019,https://api.odcloud.kr/api/15072696/v1/uddi:b85af1c8-a290-42e1-b57f-ac91e5604e1a,PUB-010_시도별_장기요양판정
여자,경상남도,의료급여,등급외,126,2019,https://api.odcloud.kr/api/15072696/v1/uddi:b85af1c8-a290-42e1-b57f-ac91e5604e1a,PUB-010_시도별_장기요양판정
여자,경상남도,기초수급,1등급,257,2019,https://api.odcloud.kr/api/15072696/v1/uddi:b85af1c8-a290-42e1-b57f-ac91e5604e1a,PUB-010_시도별_장기요양판정
여자,경상남도,기초수급,2등급,587,2019,https://api.odcloud.kr/api/15072696/v1/uddi:b85af1c8-a290-42e1-b57f-ac91e5604e1a,PUB-010_시도별_장기요양판정
여자,경상남도,기초수급,3등급,1311,2019,https://api.odcloud.kr/api/15072696/v1/uddi:b85af1c8-a290-42e1-b57f-ac91e5604e1a,PUB-010_시도별_장기요양판정
여자,경상남도,기초수급,4등급,2927,2019,https://api.odcloud.kr/api/15072696/v1/uddi:b85af1c8-a290-42e1-b57f-ac91e5604e1a,PUB-010_시도별_장기요양판정
여자,경상남도,기초수급,5등급,615,2019,https://api.odcloud.kr/api/15072696/v1/uddi:b85af1c8-a290-42e1-b57f-ac91e5604e1a,PUB-010_시도별_장기요양판정
여자,경상남도,기초수급,등급외,2012,2019,https://api.odcloud.kr/api/15072696/v1/uddi:b85af1c8-a290-42e1-b57f-ac91e5604e1a,PUB-010_시도별_장기요양판정
남자,제주특별자치도,일반,1등급,97,2019,https://api.odcloud.kr/api/15072696/v1/uddi:b85af1c8-a290-42e1-b57f-ac91e5604e1a,PUB-010_시도별_장기요양판정
남자,제주특별자치도,일반,2등급,173,2019,https://api.odcloud.kr/api/15072696/v1/uddi:b85af1c8-a290-42e1-b57f-ac91e5604e1a,PUB-010_시도별_장기요양판정
남자,제주특별자치도,일반,3등급,393,2019,https://api.odcloud.kr/api/15072696/v1/uddi:b85af1c8-a290-42e1-b57f-ac91e5604e1a,PUB-010_시도별_장기요양판정
남자,제주특별자치도,일반,4등급,425,2019,https://api.odcloud.kr/api/15072696/v1/uddi:b85af1c8-a290-42e1-b57f-ac91e5604e1a,PUB-010_시도별_장기요양판정
남자,제주특별자치도,일반,5등급,108,2019,https://api.odcloud.kr/api/15072696/v1/uddi:b85af1c8-a290-42e1-b57f-ac91e5604e1a,PUB-010_시도별_장기요양판정
남자,제주특별자치도,일반,등급외,305,2019,https://api.odcloud.kr/api/15072696/v1/uddi:b85af1c8-a290-42e1-b57f-ac91e5604e1a,PUB-010_시도별_장기요양판정
남자,제주특별자치도,경감,1등급,49,2019,https://api.odcloud.kr/api/15072696/v1/uddi:b85af1c8-a290-42e1-b57f-ac91e5604e1a,PUB-010_시도별_장기요양판정
남자,제주특별자치도,경감,2등급,95,2019,https://api.odcloud.kr/api/15072696/v1/uddi:b85af1c8-a290-42e1-b57f-ac91e5604e1a,PUB-010_시도별_장기요양판정
남자,제주특별자치도,경감,3등급,218,2019,https://api.odcloud.kr/api/15072696/v1/uddi:b85af1c8-a290-42e1-b57f-ac91e5604e1a,PUB-010_시도별_장기요양판정
남자,제주특별자치도,경감,4등급,241,2019,https://api.odcloud.kr/api/15072696/v1/uddi:b85af1c8-a290-42e1-b57f-ac91e5604e1a,PUB-010_시도별_장기요양판정
남자,제주특별자치도,경감,5등급,74,2019,https://api.odcloud.kr/api/15072696/v1/uddi:b85af1c8-a290-42e1-b57f-ac91e5604e1a,PUB-010_시도별_장기요양판정
남자,제주특별자치도,경감,등급외,12,2019,https://api.odcloud.kr/api/15072696/v1/uddi:b85af1c8-a290-42e1-b57f-ac91e5604e1a,PUB-010_시도별_장기요양판정
남자,제주특별자치도,의료급여,1등급,5,2019,https://api.odcloud.kr/api/15072696/v1/uddi:b85af1c8-a290-42e1-b57f-ac91e5604e1a,PUB-010_시도별_장기요양판정
남자,제주특별자치도,의료급여,2등급,5,2019,https://api.odcloud.kr/api/15072696/v1/uddi:b85af1c8-a290-42e1-b57f-ac91e5604e1a,PUB-010_시도별_장기요양판정
남자,제주특별자치도,의료급여,3등급,18,2019,https://api.odcloud.kr/api/15072696/v1/uddi:b85af1c8-a290-42e1-b57f-ac91e5604e1a,PUB-010_시도별_장기요양판정
남자,제주특별자치도,의료급여,4등급,16,2019,https://api.odcloud.kr/api/15072696/v1/uddi:b85af1c8-a290-42e1-b57f-ac91e5604e1a,PUB-010_시도별_장기요양판정
남자,제주특별자치도,의료급여,5등급,4,2019,https://api.odcloud.kr/api/15072696/v1/uddi:b85af1c8-a290-42e1-b57f-ac91e5604e1a,PUB-010_시도별_장기요양판정
남자,제주특별자치도,의료급여,등급외,5,2019,https://api.odcloud.kr/api/15072696/v1/uddi:b85af1c8-a290-42e1-b57f-ac91e5604e1a,PUB-010_시도별_장기요양판정
남자,제주특별자치도,기초수급,1등급,25,2019,https://api.odcloud.kr/api/15072696/v1/uddi:b85af1c8-a290-42e1-b57f-ac91e5604e1a,PUB-010_시도별_장기요양판정
남자,제주특별자치도,기초수급,2등급,48,2019,https://api.odcloud.kr/api/15072696/v1/uddi:b85af1c8-a290-42e1-b57f-ac91e5604e1a,PUB-010_시도별_장기요양판정
남자,제주특별자치도,기초수급,3등급,116,2019,https://api.odcloud.kr/api/15072696/v1/uddi:b85af1c8-a290-42e1-b57f-ac91e5604e1a,PUB-010_시도별_장기요양판정
남자,제주특별자치도,기초수급,4등급,174,2019,https://api.odcloud.kr/api/15072696/v1/uddi:b85af1c8-a290-42e1-b57f-ac91e5604e1a,PUB-010_시도별_장기요양판정
남자,제주특별자치도,기초수급,5등급,25,2019,https://api.odcloud.kr/api/15072696/v1/uddi:b85af1c8-a290-42e1-b57f-ac91e5604e1a,PUB-010_시도별_장기요양판정
남자,제주특별자치도,기초수급,등급외,179,2019,https://api.odcloud.kr/api/15072696/v1/uddi:b85af1c8-a290-42e1-b57f-ac91e5604e1a,PUB-010_시도별_장기요양판정
여자,제주특별자치도,일반,1등급,278,2019,https://api.odcloud.kr/api/15072696/v1/uddi:b85af1c8-a290-42e1-b57f-ac91e5604e1a,PUB-010_시도별_장기요양판정
여자,제주특별자치도,일반,2등급,441,2019,https://api.odcloud.kr/api/15072696/v1/uddi:b85af1c8-a290-42e1-b57f-ac91e5604e1a,PUB-010_시도별_장기요양판정
여자,제주특별자치도,일반,3등급,960,2019,https://api.odcloud.kr/api/15072696/v1/uddi:b85af1c8-a290-42e1-b57f-ac91e5604e1a,PUB-010_시도별_장기요양판정
여자,제주특별자치도,일반,4등급,1078,2019,https://api.odcloud.kr/api/15072696/v1/uddi:b85af1c8-a290-42e1-b57f-ac91e5604e1a,PUB-010_시도별_장기요양판정
여자,제주특별자치도,일반,5등급,306,2019,https://api.odcloud.kr/api/15072696/v1/uddi:b85af1c8-a290-42e1-b57f-ac91e5604e1a,PUB-010_시도별_장기요양판정
여자,제주특별자치도,일반,등급외,909,2019,https://api.odcloud.kr/api/15072696/v1/uddi:b85af1c8-a290-42e1-b57f-ac91e5604e1a,PUB-010_시도별_장기요양판정
여자,제주특별자치도,경감,1등급,210,2019,https://api.odcloud.kr/api/15072696/v1/uddi:b85af1c8-a290-42e1-b57f-ac91e5604e1a,PUB-010_시도별_장기요양판정
여자,제주특별자치도,경감,2등급,372,2019,https://api.odcloud.kr/api/15072696/v1/uddi:b85af1c8-a290-42e1-b57f-ac91e5604e1a,PUB-010_시도별_장기요양판정
여자,제주특별자치도,경감,3등급,810,2019,https://api.odcloud.kr/api/15072696/v1/uddi:b85af1c8-a290-42e1-b57f-ac91e5604e1a,PUB-010_시도별_장기요양판정
여자,제주특별자치도,경감,4등급,813,2019,https://api.odcloud.kr/api/15072696/v1/uddi:b85af1c8-a290-42e1-b57f-ac91e5604e1a,PUB-010_시도별_장기요양판정
여자,제주특별자치도,경감,5등급,187,2019,https://api.odcloud.kr/api/15072696/v1/uddi:b85af1c8-a290-42e1-b57f-ac91e5604e1a,PUB-010_시도별_장기요양판정
여자,제주특별자치도,경감,등급외,46,2019,https://api.odcloud.kr/api/15072696/v1/uddi:b85af1c8-a290-42e1-b57f-ac91e5604e1a,PUB-010_시도별_장기요양판정
여자,제주특별자치도,의료급여,1등급,10,2019,https://api.odcloud.kr/api/15072696/v1/uddi:b85af1c8-a290-42e1-b57f-ac91e5604e1a,PUB-010_시도별_장기요양판정
여자,제주특별자치도,의료급여,2등급,24,2019,https://api.odcloud.kr/api/15072696/v1/uddi:b85af1c8-a290-42e1-b57f-ac91e5604e1a,PUB-010_시도별_장기요양판정
여자,제주특별자치도,의료급여,3등급,56,2019,https://api.odcloud.kr/api/15072696/v1/uddi:b85af1c8-a290-42e1-b57f-ac91e5604e1a,PUB-010_시도별_장기요양판정
여자,제주특별자치도,의료급여,4등급,38,2019,https://api.odcloud.kr/api/15072696/v1/uddi:b85af1c8-a290-42e1-b57f-ac91e5604e1a,PUB-010_시도별_장기요양판정
여자,제주특별자치도,의료급여,5등급,6,2019,https://api.odcloud.kr/api/15072696/v1/uddi:b85af1c8-a290-42e1-b57f-ac91e5604e1a,PUB-010_시도별_장기요양판정
여자,제주특별자치도,의료급여,등급외,15,2019,https://api.odcloud.kr/api/15072696/v1/uddi:b85af1c8-a290-42e1-b57f-ac91e5604e1a,PUB-010_시도별_장기요양판정
여자,제주특별자치도,기초수급,1등급,115,2019,https://api.odcloud.kr/api/15072696/v1/uddi:b85af1c8-a290-42e1-b57f-ac91e5604e1a,PUB-010_시도별_장기요양판정
여자,제주특별자치도,기초수급,2등급,170,2019,https://api.odcloud.kr/api/15072696/v1/uddi:b85af1c8-a290-42e1-b57f-ac91e5604e1a,PUB-010_시도별_장기요양판정
여자,제주특별자치도,기초수급,3등급,372,2019,https://api.odcloud.kr/api/15072696/v1/uddi:b85af1c8-a290-42e1-b57f-ac91e5604e1a,PUB-010_시도별_장기요양판정
여자,제주특별자치도,기초수급,4등급,477,2019,https://api.odcloud.kr/api/15072696/v1/uddi:b85af1c8-a290-42e1-b57f-ac91e5604e1a,PUB-010_시도별_장기요양판정
여자,제주특별자치도,기초수급,5등급,93,2019,https://api.odcloud.kr/api/15072696/v1/uddi:b85af1c8-a290-42e1-b57f-ac91e5604e1a,PUB-010_시도별_장기요양판정
여자,제주특별자치도,기초수급,등급외,382,2019,https://api.odcloud.kr/api/15072696/v1/uddi:b85af1c8-a290-42e1-b57f-ac91e5604e1a,PUB-010_시도별_장기요양판정
