성별,시도,자격,판정등급,판정인원수,source_period,source_endpoint,source_dataset
남자,서울특별시,일반,1등급,1685,2020,https://api.odcloud.kr/api/15072696/v1/uddi:872f15c4-7f70-4c68-a8c9-8f22d2f79bcc,PUB-010_시도별_장기요양판정
남자,서울특별시,일반,2등급,2381,2020,https://api.odcloud.kr/api/15072696/v1/uddi:872f15c4-7f70-4c68-a8c9-8f22d2f79bcc,PUB-010_시도별_장기요양판정
남자,서울특별시,일반,3등급,6624,2020,https://api.odcloud.kr/api/15072696/v1/uddi:872f15c4-7f70-4c68-a8c9-8f22d2f79bcc,PUB-010_시도별_장기요양판정
남자,서울특별시,일반,4등급,8078,2020,https://api.odcloud.kr/api/15072696/v1/uddi:872f15c4-7f70-4c68-a8c9-8f22d2f79bcc,PUB-010_시도별_장기요양판정
남자,서울특별시,일반,5등급,1913,2020,https://api.odcloud.kr/api/15072696/v1/uddi:872f15c4-7f70-4c68-a8c9-8f22d2f79bcc,PUB-010_시도별_장기요양판정
남자,서울특별시,일반,인지지원등급,487,2020,https://api.odcloud.kr/api/15072696/v1/uddi:872f15c4-7f70-4c68-a8c9-8f22d2f79bcc,PUB-010_시도별_장기요양판정
남자,서울특별시,일반,등급외,3424,2020,https://api.odcloud.kr/api/15072696/v1/uddi:872f15c4-7f70-4c68-a8c9-8f22d2f79bcc,PUB-010_시도별_장기요양판정
남자,서울특별시,감경,1등급,571,2020,https://api.odcloud.kr/api/15072696/v1/uddi:872f15c4-7f70-4c68-a8c9-8f22d2f79bcc,PUB-010_시도별_장기요양판정
남자,서울특별시,감경,2등급,966,2020,https://api.odcloud.kr/api/15072696/v1/uddi:872f15c4-7f70-4c68-a8c9-8f22d2f79bcc,PUB-010_시도별_장기요양판정
남자,서울특별시,감경,3등급,2884,2020,https://api.odcloud.kr/api/15072696/v1/uddi:872f15c4-7f70-4c68-a8c9-8f22d2f79bcc,PUB-010_시도별_장기요양판정
남자,서울특별시,감경,4등급,3349,2020,https://api.odcloud.kr/api/15072696/v1/uddi:872f15c4-7f70-4c68-a8c9-8f22d2f79bcc,PUB-010_시도별_장기요양판정
남자,서울특별시,감경,5등급,768,2020,https://api.odcloud.kr/api/15072696/v1/uddi:872f15c4-7f70-4c68-a8c9-8f22d2f79bcc,PUB-010_시도별_장기요양판정
남자,서울특별시,감경,인지지원등급,196,2020,https://api.odcloud.kr/api/15072696/v1/uddi:872f15c4-7f70-4c68-a8c9-8f22d2f79bcc,PUB-010_시도별_장기요양판정
남자,서울특별시,감경,등급외,187,2020,https://api.odcloud.kr/api/15072696/v1/uddi:872f15c4-7f70-4c68-a8c9-8f22d2f79bcc,PUB-010_시도별_장기요양판정
남자,서울특별시,의료급여,1등급,15,2020,https://api.odcloud.kr/api/15072696/v1/uddi:872f15c4-7f70-4c68-a8c9-8f22d2f79bcc,PUB-010_시도별_장기요양판정
남자,서울특별시,의료급여,2등급,26,2020,https://api.odcloud.kr/api/15072696/v1/uddi:872f15c4-7f70-4c68-a8c9-8f22d2f79bcc,PUB-010_시도별_장기요양판정
남자,서울특별시,의료급여,3등급,81,2020,https://api.odcloud.kr/api/15072696/v1/uddi:872f15c4-7f70-4c68-a8c9-8f22d2f79bcc,PUB-010_시도별_장기요양판정
남자,서울특별시,의료급여,4등급,105,2020,https://api.odcloud.kr/api/15072696/v1/uddi:872f15c4-7f70-4c68-a8c9-8f22d2f79bcc,PUB-010_시도별_장기요양판정
남자,서울특별시,의료급여,5등급,24,2020,https://api.odcloud.kr/api/15072696/v1/uddi:872f15c4-7f70-4c68-a8c9-8f22d2f79bcc,PUB-010_시도별_장기요양판정
남자,서울특별시,의료급여,인지지원등급,3,2020,https://api.odcloud.kr/api/15072696/v1/uddi:872f15c4-7f70-4c68-a8c9-8f22d2f79bcc,PUB-010_시도별_장기요양판정
남자,서울특별시,의료급여,등급외,60,2020,https://api.odcloud.kr/api/15072696/v1/uddi:872f15c4-7f70-4c68-a8c9-8f22d2f79bcc,PUB-010_시도별_장기요양판정
남자,서울특별시,기초수급,1등급,306,2020,https://api.odcloud.kr/api/15072696/v1/uddi:872f15c4-7f70-4c68-a8c9-8f22d2f79bcc,PUB-010_시도별_장기요양판정
남자,서울특별시,기초수급,2등급,458,2020,https://api.odcloud.kr/api/15072696/v1/uddi:872f15c4-7f70-4c68-a8c9-8f22d2f79bcc,PUB-010_시도별_장기요양판정
남자,서울특별시,기초수급,3등급,1343,2020,https://api.odcloud.kr/api/15072696/v1/uddi:872f15c4-7f70-4c68-a8c9-8f22d2f79bcc,PUB-010_시도별_장기요양판정
남자,서울특별시,기초수급,4등급,2460,2020,https://api.odcloud.kr/api/15072696/v1/uddi:872f15c4-7f70-4c68-a8c9-8f22d2f79bcc,PUB-010_시도별_장기요양판정
남자,서울특별시,기초수급,5등급,481,2020,https://api.odcloud.kr/api/15072696/v1/uddi:872f15c4-7f70-4c68-a8c9-8f22d2f79bcc,PUB-010_시도별_장기요양판정
남자,서울특별시,기초수급,인지지원등급,138,2020,https://api.odcloud.kr/api/15072696/v1/uddi:872f15c4-7f70-4c68-a8c9-8f22d2f79bcc,PUB-010_시도별_장기요양판정
남자,서울특별시,기초수급,등급외,1877,2020,https://api.odcloud.kr/api/15072696/v1/uddi:872f15c4-7f70-4c68-a8c9-8f22d2f79bcc,PUB-010_시도별_장기요양판정
여자,서울특별시,일반,1등급,3320,2020,https://api.odcloud.kr/api/15072696/v1/uddi:872f15c4-7f70-4c68-a8c9-8f22d2f79bcc,PUB-010_시도별_장기요양판정
여자,서울특별시,일반,2등급,5852,2020,https://api.odcloud.kr/api/15072696/v1/uddi:872f15c4-7f70-4c68-a8c9-8f22d2f79bcc,PUB-010_시도별_장기요양판정
여자,서울특별시,일반,3등급,14059,2020,https://api.odcloud.kr/api/15072696/v1/uddi:872f15c4-7f70-4c68-a8c9-8f22d2f79bcc,PUB-010_시도별_장기요양판정
여자,서울특별시,일반,4등급,18419,2020,https://api.odcloud.kr/api/15072696/v1/uddi:872f15c4-7f70-4c68-a8c9-8f22d2f79bcc,PUB-010_시도별_장기요양판정
여자,서울특별시,일반,5등급,4525,2020,https://api.odcloud.kr/api/15072696/v1/uddi:872f15c4-7f70-4c68-a8c9-8f22d2f79bcc,PUB-010_시도별_장기요양판정
여자,서울특별시,일반,인지지원등급,1111,2020,https://api.odcloud.kr/api/15072696/v1/uddi:872f15c4-7f70-4c68-a8c9-8f22d2f79bcc,PUB-010_시도별_장기요양판정
여자,서울특별시,일반,등급외,7637,2020,https://api.odcloud.kr/api/15072696/v1/uddi:872f15c4-7f70-4c68-a8c9-8f22d2f79bcc,PUB-010_시도별_장기요양판정
여자,서울특별시,감경,1등급,1435,2020,https://api.odcloud.kr/api/15072696/v1/uddi:872f15c4-7f70-4c68-a8c9-8f22d2f79bcc,PUB-010_시도별_장기요양판정
여자,서울특별시,감경,2등급,2962,2020,https://api.odcloud.kr/api/15072696/v1/uddi:872f15c4-7f70-4c68-a8c9-8f22d2f79bcc,PUB-010_시도별_장기요양판정
여자,서울특별시,감경,3등급,7154,2020,https://api.odcloud.kr/api/15072696/v1/uddi:872f15c4-7f70-4c68-a8c9-8f22d2f79bcc,PUB-010_시도별_장기요양판정
여자,서울특별시,감경,4등급,8851,2020,https://api.odcloud.kr/api/15072696/v1/uddi:872f15c4-7f70-4c68-a8c9-8f22d2f79bcc,PUB-010_시도별_장기요양판정
여자,서울특별시,감경,5등급,1856,2020,https://api.odcloud.kr/api/15072696/v1/uddi:872f15c4-7f70-4c68-a8c9-8f22d2f79bcc,PUB-010_시도별_장기요양판정
여자,서울특별시,감경,인지지원등급,405,2020,https://api.odcloud.kr/api/15072696/v1/uddi:872f15c4-7f70-4c68-a8c9-8f22d2f79bcc,PUB-010_시도별_장기요양판정
여자,서울특별시,감경,등급외,374,2020,https://api.odcloud.kr/api/15072696/v1/uddi:872f15c4-7f70-4c68-a8c9-8f22d2f79bcc,PUB-010_시도별_장기요양판정
여자,서울특별시,의료급여,1등급,57,2020,https://api.odcloud.kr/api/15072696/v1/uddi:872f15c4-7f70-4c68-a8c9-8f22d2f79bcc,PUB-010_시도별_장기요양판정
여자,서울특별시,의료급여,2등급,91,2020,https://api.odcloud.kr/api/15072696/v1/uddi:872f15c4-7f70-4c68-a8c9-8f22d2f79bcc,PUB-010_시도별_장기요양판정
여자,서울특별시,의료급여,3등급,228,2020,https://api.odcloud.kr/api/15072696/v1/uddi:872f15c4-7f70-4c68-a8c9-8f22d2f79bcc,PUB-010_시도별_장기요양판정
여자,서울특별시,의료급여,4등급,293,2020,https://api.odcloud.kr/api/15072696/v1/uddi:872f15c4-7f70-4c68-a8c9-8f22d2f79bcc,PUB-010_시도별_장기요양판정
여자,서울특별시,의료급여,5등급,54,2020,https://api.odcloud.kr/api/15072696/v1/uddi:872f15c4-7f70-4c68-a8c9-8f22d2f79bcc,PUB-010_시도별_장기요양판정
여자,서울특별시,의료급여,인지지원등급,13,2020,https://api.odcloud.kr/api/15072696/v1/uddi:872f15c4-7f70-4c68-a8c9-8f22d2f79bcc,PUB-010_시도별_장기요양판정
여자,서울특별시,의료급여,등급외,96,2020,https://api.odcloud.kr/api/15072696/v1/uddi:872f15c4-7f70-4c68-a8c9-8f22d2f79bcc,PUB-010_시도별_장기요양판정
여자,서울특별시,기초수급,1등급,790,2020,https://api.odcloud.kr/api/15072696/v1/uddi:872f15c4-7f70-4c68-a8c9-8f22d2f79bcc,PUB-010_시도별_장기요양판정
여자,서울특별시,기초수급,2등급,1353,2020,https://api.odcloud.kr/api/15072696/v1/uddi:872f15c4-7f70-4c68-a8c9-8f22d2f79bcc,PUB-010_시도별_장기요양판정
여자,서울특별시,기초수급,3등급,3534,2020,https://api.odcloud.kr/api/15072696/v1/uddi:872f15c4-7f70-4c68-a8c9-8f22d2f79bcc,PUB-010_시도별_장기요양판정
여자,서울특별시,기초수급,4등급,6245,2020,https://api.odcloud.kr/api/15072696/v1/uddi:872f15c4-7f70-4c68-a8c9-8f22d2f79bcc,PUB-010_시도별_장기요양판정
여자,서울특별시,기초수급,5등급,1166,2020,https://api.odcloud.kr/api/15072696/v1/uddi:872f15c4-7f70-4c68-a8c9-8f22d2f79bcc,PUB-010_시도별_장기요양판정
여자,서울특별시,기초수급,인지지원등급,267,2020,https://api.odcloud.kr/api/15072696/v1/uddi:872f15c4-7f70-4c68-a8c9-8f22d2f79bcc,PUB-010_시도별_장기요양판정
여자,서울특별시,기초수급,등급외,2939,2020,https://api.odcloud.kr/api/15072696/v1/uddi:872f15c4-7f70-4c68-a8c9-8f22d2f79bcc,PUB-010_시도별_장기요양판정
남자,부산광역시,일반,1등급,417,2020,https://api.odcloud.kr/api/15072696/v1/uddi:872f15c4-7f70-4c68-a8c9-8f22d2f79bcc,PUB-010_시도별_장기요양판정
남자,부산광역시,일반,2등급,755,2020,https://api.odcloud.kr/api/15072696/v1/uddi:872f15c4-7f70-4c68-a8c9-8f22d2f79bcc,PUB-010_시도별_장기요양판정
남자,부산광역시,일반,3등급,2413,2020,https://api.odcloud.kr/api/15072696/v1/uddi:872f15c4-7f70-4c68-a8c9-8f22d2f79bcc,PUB-010_시도별_장기요양판정
남자,부산광역시,일반,4등급,3515,2020,https://api.odcloud.kr/api/15072696/v1/uddi:872f15c4-7f70-4c68-a8c9-8f22d2f79bcc,PUB-010_시도별_장기요양판정
남자,부산광역시,일반,5등급,638,2020,https://api.odcloud.kr/api/15072696/v1/uddi:872f15c4-7f70-4c68-a8c9-8f22d2f79bcc,PUB-010_시도별_장기요양판정
남자,부산광역시,일반,인지지원등급,145,2020,https://api.odcloud.kr/api/15072696/v1/uddi:872f15c4-7f70-4c68-a8c9-8f22d2f79bcc,PUB-010_시도별_장기요양판정
남자,부산광역시,일반,등급외,2092,2020,https://api.odcloud.kr/api/15072696/v1/uddi:872f15c4-7f70-4c68-a8c9-8f22d2f79bcc,PUB-010_시도별_장기요양판정
남자,부산광역시,감경,1등급,254,2020,https://api.odcloud.kr/api/15072696/v1/uddi:872f15c4-7f70-4c68-a8c9-8f22d2f79bcc,PUB-010_시도별_장기요양판정
남자,부산광역시,감경,2등급,479,2020,https://api.odcloud.kr/api/15072696/v1/uddi:872f15c4-7f70-4c68-a8c9-8f22d2f79bcc,PUB-010_시도별_장기요양판정
남자,부산광역시,감경,3등급,1481,2020,https://api.odcloud.kr/api/15072696/v1/uddi:872f15c4-7f70-4c68-a8c9-8f22d2f79bcc,PUB-010_시도별_장기요양판정
남자,부산광역시,감경,4등급,2142,2020,https://api.odcloud.kr/api/15072696/v1/uddi:872f15c4-7f70-4c68-a8c9-8f22d2f79bcc,PUB-010_시도별_장기요양판정
남자,부산광역시,감경,5등급,367,2020,https://api.odcloud.kr/api/15072696/v1/uddi:872f15c4-7f70-4c68-a8c9-8f22d2f79bcc,PUB-010_시도별_장기요양판정
남자,부산광역시,감경,인지지원등급,78,2020,https://api.odcloud.kr/api/15072696/v1/uddi:872f15c4-7f70-4c68-a8c9-8f22d2f79bcc,PUB-010_시도별_장기요양판정
남자,부산광역시,감경,등급외,93,2020,https://api.odcloud.kr/api/15072696/v1/uddi:872f15c4-7f70-4c68-a8c9-8f22d2f79bcc,PUB-010_시도별_장기요양판정
남자,부산광역시,의료급여,1등급,9,2020,https://api.odcloud.kr/api/15072696/v1/uddi:872f15c4-7f70-4c68-a8c9-8f22d2f79bcc,PUB-010_시도별_장기요양판정
남자,부산광역시,의료급여,2등급,14,2020,https://api.odcloud.kr/api/15072696/v1/uddi:872f15c4-7f70-4c68-a8c9-8f22d2f79bcc,PUB-010_시도별_장기요양판정
남자,부산광역시,의료급여,3등급,42,2020,https://api.odcloud.kr/api/15072696/v1/uddi:872f15c4-7f70-4c68-a8c9-8f22d2f79bcc,PUB-010_시도별_장기요양판정
남자,부산광역시,의료급여,4등급,74,2020,https://api.odcloud.kr/api/15072696/v1/uddi:872f15c4-7f70-4c68-a8c9-8f22d2f79bcc,PUB-010_시도별_장기요양판정
남자,부산광역시,의료급여,5등급,4,2020,https://api.odcloud.kr/api/15072696/v1/uddi:872f15c4-7f70-4c68-a8c9-8f22d2f79bcc,PUB-010_시도별_장기요양판정
남자,부산광역시,의료급여,인지지원등급,1,2020,https://api.odcloud.kr/api/15072696/v1/uddi:872f15c4-7f70-4c68-a8c9-8f22d2f79bcc,PUB-010_시도별_장기요양판정
남자,부산광역시,의료급여,등급외,23,2020,https://api.odcloud.kr/api/15072696/v1/uddi:872f15c4-7f70-4c68-a8c9-8f22d2f79bcc,PUB-010_시도별_장기요양판정
남자,부산광역시,기초수급,1등급,106,2020,https://api.odcloud.kr/api/15072696/v1/uddi:872f15c4-7f70-4c68-a8c9-8f22d2f79bcc,PUB-010_시도별_장기요양판정
남자,부산광역시,기초수급,2등급,212,2020,https://api.odcloud.kr/api/15072696/v1/uddi:872f15c4-7f70-4c68-a8c9-8f22d2f79bcc,PUB-010_시도별_장기요양판정
남자,부산광역시,기초수급,3등급,769,2020,https://api.odcloud.kr/api/15072696/v1/uddi:872f15c4-7f70-4c68-a8c9-8f22d2f79bcc,PUB-010_시도별_장기요양판정
남자,부산광역시,기초수급,4등급,1630,2020,https://api.odcloud.kr/api/15072696/v1/uddi:872f15c4-7f70-4c68-a8c9-8f22d2f79bcc,PUB-010_시도별_장기요양판정
남자,부산광역시,기초수급,5등급,261,2020,https://api.odcloud.kr/api/15072696/v1/uddi:872f15c4-7f70-4c68-a8c9-8f22d2f79bcc,PUB-010_시도별_장기요양판정
남자,부산광역시,기초수급,인지지원등급,67,2020,https://api.odcloud.kr/api/15072696/v1/uddi:872f15c4-7f70-4c68-a8c9-8f22d2f79bcc,PUB-010_시도별_장기요양판정
남자,부산광역시,기초수급,등급외,1317,2020,https://api.odcloud.kr/api/15072696/v1/uddi:872f15c4-7f70-4c68-a8c9-8f22d2f79bcc,PUB-010_시도별_장기요양판정
여자,부산광역시,일반,1등급,955,2020,https://api.odcloud.kr/api/15072696/v1/uddi:872f15c4-7f70-4c68-a8c9-8f22d2f79bcc,PUB-010_시도별_장기요양판정
여자,부산광역시,일반,2등급,1708,2020,https://api.odcloud.kr/api/15072696/v1/uddi:872f15c4-7f70-4c68-a8c9-8f22d2f79bcc,PUB-010_시도별_장기요양판정
여자,부산광역시,일반,3등급,4970,2020,https://api.odcloud.kr/api/15072696/v1/uddi:872f15c4-7f70-4c68-a8c9-8f22d2f79bcc,PUB-010_시도별_장기요양판정
여자,부산광역시,일반,4등급,8760,2020,https://api.odcloud.kr/api/15072696/v1/uddi:872f15c4-7f70-4c68-a8c9-8f22d2f79bcc,PUB-010_시도별_장기요양판정
여자,부산광역시,일반,5등급,1668,2020,https://api.odcloud.kr/api/15072696/v1/uddi:872f15c4-7f70-4c68-a8c9-8f22d2f79bcc,PUB-010_시도별_장기요양판정
여자,부산광역시,일반,인지지원등급,375,2020,https://api.odcloud.kr/api/15072696/v1/uddi:872f15c4-7f70-4c68-a8c9-8f22d2f79bcc,PUB-010_시도별_장기요양판정
여자,부산광역시,일반,등급외,4804,2020,https://api.odcloud.kr/api/15072696/v1/uddi:872f15c4-7f70-4c68-a8c9-8f22d2f79bcc,PUB-010_시도별_장기요양판정
여자,부산광역시,감경,1등급,681,2020,https://api.odcloud.kr/api/15072696/v1/uddi:872f15c4-7f70-4c68-a8c9-8f22d2f79bcc,PUB-010_시도별_장기요양판정
여자,부산광역시,감경,2등급,1312,2020,https://api.odcloud.kr/api/15072696/v1/uddi:872f15c4-7f70-4c68-a8c9-8f22d2f79bcc,PUB-010_시도별_장기요양판정
여자,부산광역시,감경,3등급,3500,2020,https://api.odcloud.kr/api/15072696/v1/uddi:872f15c4-7f70-4c68-a8c9-8f22d2f79bcc,PUB-010_시도별_장기요양판정
여자,부산광역시,감경,4등급,5425,2020,https://api.odcloud.kr/api/15072696/v1/uddi:872f15c4-7f70-4c68-a8c9-8f22d2f79bcc,PUB-010_시도별_장기요양판정
여자,부산광역시,감경,5등급,906,2020,https://api.odcloud.kr/api/15072696/v1/uddi:872f15c4-7f70-4c68-a8c9-8f22d2f79bcc,PUB-010_시도별_장기요양판정
여자,부산광역시,감경,인지지원등급,201,2020,https://api.odcloud.kr/api/15072696/v1/uddi:872f15c4-7f70-4c68-a8c9-8f22d2f79bcc,PUB-010_시도별_장기요양판정
여자,부산광역시,감경,등급외,283,2020,https://api.odcloud.kr/api/15072696/v1/uddi:872f15c4-7f70-4c68-a8c9-8f22d2f79bcc,PUB-010_시도별_장기요양판정
여자,부산광역시,의료급여,1등급,34,2020,https://api.odcloud.kr/api/15072696/v1/uddi:872f15c4-7f70-4c68-a8c9-8f22d2f79bcc,PUB-010_시도별_장기요양판정
여자,부산광역시,의료급여,2등급,38,2020,https://api.odcloud.kr/api/15072696/v1/uddi:872f15c4-7f70-4c68-a8c9-8f22d2f79bcc,PUB-010_시도별_장기요양판정
여자,부산광역시,의료급여,3등급,113,2020,https://api.odcloud.kr/api/15072696/v1/uddi:872f15c4-7f70-4c68-a8c9-8f22d2f79bcc,PUB-010_시도별_장기요양판정
여자,부산광역시,의료급여,4등급,181,2020,https://api.odcloud.kr/api/15072696/v1/uddi:872f15c4-7f70-4c68-a8c9-8f22d2f79bcc,PUB-010_시도별_장기요양판정
여자,부산광역시,의료급여,5등급,30,2020,https://api.odcloud.kr/api/15072696/v1/uddi:872f15c4-7f70-4c68-a8c9-8f22d2f79bcc,PUB-010_시도별_장기요양판정
여자,부산광역시,의료급여,인지지원등급,5,2020,https://api.odcloud.kr/api/15072696/v1/uddi:872f15c4-7f70-4c68-a8c9-8f22d2f79bcc,PUB-010_시도별_장기요양판정
여자,부산광역시,의료급여,등급외,82,2020,https://api.odcloud.kr/api/15072696/v1/uddi:872f15c4-7f70-4c68-a8c9-8f22d2f79bcc,PUB-010_시도별_장기요양판정
여자,부산광역시,기초수급,1등급,334,2020,https://api.odcloud.kr/api/15072696/v1/uddi:872f15c4-7f70-4c68-a8c9-8f22d2f79bcc,PUB-010_시도별_장기요양판정
여자,부산광역시,기초수급,2등급,673,2020,https://api.odcloud.kr/api/15072696/v1/uddi:872f15c4-7f70-4c68-a8c9-8f22d2f79bcc,PUB-010_시도별_장기요양판정
여자,부산광역시,기초수급,3등급,1869,2020,https://api.odcloud.kr/api/15072696/v1/uddi:872f15c4-7f70-4c68-a8c9-8f22d2f79bcc,PUB-010_시도별_장기요양판정
여자,부산광역시,기초수급,4등급,4427,2020,https://api.odcloud.kr/api/15072696/v1/uddi:872f15c4-7f70-4c68-a8c9-8f22d2f79bcc,PUB-010_시도별_장기요양판정
여자,부산광역시,기초수급,5등급,557,2020,https://api.odcloud.kr/api/15072696/v1/uddi:872f15c4-7f70-4c68-a8c9-8f22d2f79bcc,PUB-010_시도별_장기요양판정
여자,부산광역시,기초수급,인지지원등급,117,2020,https://api.odcloud.kr/api/15072696/v1/uddi:872f15c4-7f70-4c68-a8c9-8f22d2f79bcc,PUB-010_시도별_장기요양판정
여자,부산광역시,기초수급,등급외,2241,2020,https://api.odcloud.kr/api/15072696/v1/uddi:872f15c4-7f70-4c68-a8c9-8f22d2f79bcc,PUB-010_시도별_장기요양판정
남자,대구광역시,일반,1등급,224,2020,https://api.odcloud.kr/api/15072696/v1/uddi:872f15c4-7f70-4c68-a8c9-8f22d2f79bcc,PUB-010_시도별_장기요양판정
남자,대구광역시,일반,2등급,537,2020,https://api.odcloud.kr/api/15072696/v1/uddi:872f15c4-7f70-4c68-a8c9-8f22d2f79bcc,PUB-010_시도별_장기요양판정
남자,대구광역시,일반,3등급,1545,2020,https://api.odcloud.kr/api/15072696/v1/uddi:872f15c4-7f70-4c68-a8c9-8f22d2f79bcc,PUB-010_시도별_장기요양판정
남자,대구광역시,일반,4등급,2171,2020,https://api.odcloud.kr/api/15072696/v1/uddi:872f15c4-7f70-4c68-a8c9-8f22d2f79bcc,PUB-010_시도별_장기요양판정
남자,대구광역시,일반,5등급,648,2020,https://api.odcloud.kr/api/15072696/v1/uddi:872f15c4-7f70-4c68-a8c9-8f22d2f79bcc,PUB-010_시도별_장기요양판정
남자,대구광역시,일반,인지지원등급,114,2020,https://api.odcloud.kr/api/15072696/v1/uddi:872f15c4-7f70-4c68-a8c9-8f22d2f79bcc,PUB-010_시도별_장기요양판정
남자,대구광역시,일반,등급외,1168,2020,https://api.odcloud.kr/api/15072696/v1/uddi:872f15c4-7f70-4c68-a8c9-8f22d2f79bcc,PUB-010_시도별_장기요양판정
남자,대구광역시,감경,1등급,162,2020,https://api.odcloud.kr/api/15072696/v1/uddi:872f15c4-7f70-4c68-a8c9-8f22d2f79bcc,PUB-010_시도별_장기요양판정
남자,대구광역시,감경,2등급,346,2020,https://api.odcloud.kr/api/15072696/v1/uddi:872f15c4-7f70-4c68-a8c9-8f22d2f79bcc,PUB-010_시도별_장기요양판정
남자,대구광역시,감경,3등급,936,2020,https://api.odcloud.kr/api/15072696/v1/uddi:872f15c4-7f70-4c68-a8c9-8f22d2f79bcc,PUB-010_시도별_장기요양판정
남자,대구광역시,감경,4등급,1208,2020,https://api.odcloud.kr/api/15072696/v1/uddi:872f15c4-7f70-4c68-a8c9-8f22d2f79bcc,PUB-010_시도별_장기요양판정
남자,대구광역시,감경,5등급,307,2020,https://api.odcloud.kr/api/15072696/v1/uddi:872f15c4-7f70-4c68-a8c9-8f22d2f79bcc,PUB-010_시도별_장기요양판정
남자,대구광역시,감경,인지지원등급,49,2020,https://api.odcloud.kr/api/15072696/v1/uddi:872f15c4-7f70-4c68-a8c9-8f22d2f79bcc,PUB-010_시도별_장기요양판정
남자,대구광역시,감경,등급외,51,2020,https://api.odcloud.kr/api/15072696/v1/uddi:872f15c4-7f70-4c68-a8c9-8f22d2f79bcc,PUB-010_시도별_장기요양판정
남자,대구광역시,의료급여,1등급,8,2020,https://api.odcloud.kr/api/15072696/v1/uddi:872f15c4-7f70-4c68-a8c9-8f22d2f79bcc,PUB-010_시도별_장기요양판정
남자,대구광역시,의료급여,2등급,11,2020,https://api.odcloud.kr/api/15072696/v1/uddi:872f15c4-7f70-4c68-a8c9-8f22d2f79bcc,PUB-010_시도별_장기요양판정
남자,대구광역시,의료급여,3등급,49,2020,https://api.odcloud.kr/api/15072696/v1/uddi:872f15c4-7f70-4c68-a8c9-8f22d2f79bcc,PUB-010_시도별_장기요양판정
남자,대구광역시,의료급여,4등급,63,2020,https://api.odcloud.kr/api/15072696/v1/uddi:872f15c4-7f70-4c68-a8c9-8f22d2f79bcc,PUB-010_시도별_장기요양판정
남자,대구광역시,의료급여,5등급,19,2020,https://api.odcloud.kr/api/15072696/v1/uddi:872f15c4-7f70-4c68-a8c9-8f22d2f79bcc,PUB-010_시도별_장기요양판정
남자,대구광역시,의료급여,인지지원등급,1,2020,https://api.odcloud.kr/api/15072696/v1/uddi:872f15c4-7f70-4c68-a8c9-8f22d2f79bcc,PUB-010_시도별_장기요양판정
남자,대구광역시,의료급여,등급외,19,2020,https://api.odcloud.kr/api/15072696/v1/uddi:872f15c4-7f70-4c68-a8c9-8f22d2f79bcc,PUB-010_시도별_장기요양판정
남자,대구광역시,기초수급,1등급,86,2020,https://api.odcloud.kr/api/15072696/v1/uddi:872f15c4-7f70-4c68-a8c9-8f22d2f79bcc,PUB-010_시도별_장기요양판정
남자,대구광역시,기초수급,2등급,178,2020,https://api.odcloud.kr/api/15072696/v1/uddi:872f15c4-7f70-4c68-a8c9-8f22d2f79bcc,PUB-010_시도별_장기요양판정
남자,대구광역시,기초수급,3등급,516,2020,https://api.odcloud.kr/api/15072696/v1/uddi:872f15c4-7f70-4c68-a8c9-8f22d2f79bcc,PUB-010_시도별_장기요양판정
남자,대구광역시,기초수급,4등급,857,2020,https://api.odcloud.kr/api/15072696/v1/uddi:872f15c4-7f70-4c68-a8c9-8f22d2f79bcc,PUB-010_시도별_장기요양판정
남자,대구광역시,기초수급,5등급,255,2020,https://api.odcloud.kr/api/15072696/v1/uddi:872f15c4-7f70-4c68-a8c9-8f22d2f79bcc,PUB-010_시도별_장기요양판정
남자,대구광역시,기초수급,인지지원등급,46,2020,https://api.odcloud.kr/api/15072696/v1/uddi:872f15c4-7f70-4c68-a8c9-8f22d2f79bcc,PUB-010_시도별_장기요양판정
남자,대구광역시,기초수급,등급외,758,2020,https://api.odcloud.kr/api/15072696/v1/uddi:872f15c4-7f70-4c68-a8c9-8f22d2f79bcc,PUB-010_시도별_장기요양판정
여자,대구광역시,일반,1등급,560,2020,https://api.odcloud.kr/api/15072696/v1/uddi:872f15c4-7f70-4c68-a8c9-8f22d2f79bcc,PUB-010_시도별_장기요양판정
여자,대구광역시,일반,2등급,1281,2020,https://api.odcloud.kr/api/15072696/v1/uddi:872f15c4-7f70-4c68-a8c9-8f22d2f79bcc,PUB-010_시도별_장기요양판정
여자,대구광역시,일반,3등급,3568,2020,https://api.odcloud.kr/api/15072696/v1/uddi:872f15c4-7f70-4c68-a8c9-8f22d2f79bcc,PUB-010_시도별_장기요양판정
여자,대구광역시,일반,4등급,5286,2020,https://api.odcloud.kr/api/15072696/v1/uddi:872f15c4-7f70-4c68-a8c9-8f22d2f79bcc,PUB-010_시도별_장기요양판정
여자,대구광역시,일반,5등급,1597,2020,https://api.odcloud.kr/api/15072696/v1/uddi:872f15c4-7f70-4c68-a8c9-8f22d2f79bcc,PUB-010_시도별_장기요양판정
여자,대구광역시,일반,인지지원등급,258,2020,https://api.odcloud.kr/api/15072696/v1/uddi:872f15c4-7f70-4c68-a8c9-8f22d2f79bcc,PUB-010_시도별_장기요양판정
여자,대구광역시,일반,등급외,2770,2020,https://api.odcloud.kr/api/15072696/v1/uddi:872f15c4-7f70-4c68-a8c9-8f22d2f79bcc,PUB-010_시도별_장기요양판정
여자,대구광역시,감경,1등급,391,2020,https://api.odcloud.kr/api/15072696/v1/uddi:872f15c4-7f70-4c68-a8c9-8f22d2f79bcc,PUB-010_시도별_장기요양판정
여자,대구광역시,감경,2등급,1032,2020,https://api.odcloud.kr/api/15072696/v1/uddi:872f15c4-7f70-4c68-a8c9-8f22d2f79bcc,PUB-010_시도별_장기요양판정
여자,대구광역시,감경,3등급,2652,2020,https://api.odcloud.kr/api/15072696/v1/uddi:872f15c4-7f70-4c68-a8c9-8f22d2f79bcc,PUB-010_시도별_장기요양판정
여자,대구광역시,감경,4등급,3590,2020,https://api.odcloud.kr/api/15072696/v1/uddi:872f15c4-7f70-4c68-a8c9-8f22d2f79bcc,PUB-010_시도별_장기요양판정
여자,대구광역시,감경,5등급,922,2020,https://api.odcloud.kr/api/15072696/v1/uddi:872f15c4-7f70-4c68-a8c9-8f22d2f79bcc,PUB-010_시도별_장기요양판정
여자,대구광역시,감경,인지지원등급,129,2020,https://api.odcloud.kr/api/15072696/v1/uddi:872f15c4-7f70-4c68-a8c9-8f22d2f79bcc,PUB-010_시도별_장기요양판정
여자,대구광역시,감경,등급외,180,2020,https://api.odcloud.kr/api/15072696/v1/uddi:872f15c4-7f70-4c68-a8c9-8f22d2f79bcc,PUB-010_시도별_장기요양판정
여자,대구광역시,의료급여,1등급,26,2020,https://api.odcloud.kr/api/15072696/v1/uddi:872f15c4-7f70-4c68-a8c9-8f22d2f79bcc,PUB-010_시도별_장기요양판정
여자,대구광역시,의료급여,2등급,51,2020,https://api.odcloud.kr/api/15072696/v1/uddi:872f15c4-7f70-4c68-a8c9-8f22d2f79bcc,PUB-010_시도별_장기요양판정
여자,대구광역시,의료급여,3등급,126,2020,https://api.odcloud.kr/api/15072696/v1/uddi:872f15c4-7f70-4c68-a8c9-8f22d2f79bcc,PUB-010_시도별_장기요양판정
여자,대구광역시,의료급여,4등급,198,2020,https://api.odcloud.kr/api/15072696/v1/uddi:872f15c4-7f70-4c68-a8c9-8f22d2f79bcc,PUB-010_시도별_장기요양판정
여자,대구광역시,의료급여,5등급,58,2020,https://api.odcloud.kr/api/15072696/v1/uddi:872f15c4-7f70-4c68-a8c9-8f22d2f79bcc,PUB-010_시도별_장기요양판정
여자,대구광역시,의료급여,인지지원등급,4,2020,https://api.odcloud.kr/api/15072696/v1/uddi:872f15c4-7f70-4c68-a8c9-8f22d2f79bcc,PUB-010_시도별_장기요양판정
여자,대구광역시,의료급여,등급외,69,2020,https://api.odcloud.kr/api/15072696/v1/uddi:872f15c4-7f70-4c68-a8c9-8f22d2f79bcc,PUB-010_시도별_장기요양판정
여자,대구광역시,기초수급,1등급,243,2020,https://api.odcloud.kr/api/15072696/v1/uddi:872f15c4-7f70-4c68-a8c9-8f22d2f79bcc,PUB-010_시도별_장기요양판정
여자,대구광역시,기초수급,2등급,527,2020,https://api.odcloud.kr/api/15072696/v1/uddi:872f15c4-7f70-4c68-a8c9-8f22d2f79bcc,PUB-010_시도별_장기요양판정
여자,대구광역시,기초수급,3등급,1380,2020,https://api.odcloud.kr/api/15072696/v1/uddi:872f15c4-7f70-4c68-a8c9-8f22d2f79bcc,PUB-010_시도별_장기요양판정
여자,대구광역시,기초수급,4등급,2318,2020,https://api.odcloud.kr/api/15072696/v1/uddi:872f15c4-7f70-4c68-a8c9-8f22d2f79bcc,PUB-010_시도별_장기요양판정
여자,대구광역시,기초수급,5등급,719,2020,https://api.odcloud.kr/api/15072696/v1/uddi:872f15c4-7f70-4c68-a8c9-8f22d2f79bcc,PUB-010_시도별_장기요양판정
여자,대구광역시,기초수급,인지지원등급,80,2020,https://api.odcloud.kr/api/15072696/v1/uddi:872f15c4-7f70-4c68-a8c9-8f22d2f79bcc,PUB-010_시도별_장기요양판정
여자,대구광역시,기초수급,등급외,1198,2020,https://api.odcloud.kr/api/15072696/v1/uddi:872f15c4-7f70-4c68-a8c9-8f22d2f79bcc,PUB-010_시도별_장기요양판정
남자,인천광역시,일반,1등급,284,2020,https://api.odcloud.kr/api/15072696/v1/uddi:872f15c4-7f70-4c68-a8c9-8f22d2f79bcc,PUB-010_시도별_장기요양판정
남자,인천광역시,일반,2등급,544,2020,https://api.odcloud.kr/api/15072696/v1/uddi:872f15c4-7f70-4c68-a8c9-8f22d2f79bcc,PUB-010_시도별_장기요양판정
남자,인천광역시,일반,3등급,1778,2020,https://api.odcloud.kr/api/15072696/v1/uddi:872f15c4-7f70-4c68-a8c9-8f22d2f79bcc,PUB-010_시도별_장기요양판정
남자,인천광역시,일반,4등급,2388,2020,https://api.odcloud.kr/api/15072696/v1/uddi:872f15c4-7f70-4c68-a8c9-8f22d2f79bcc,PUB-010_시도별_장기요양판정
남자,인천광역시,일반,5등급,466,2020,https://api.odcloud.kr/api/15072696/v1/uddi:872f15c4-7f70-4c68-a8c9-8f22d2f79bcc,PUB-010_시도별_장기요양판정
남자,인천광역시,일반,인지지원등급,107,2020,https://api.odcloud.kr/api/15072696/v1/uddi:872f15c4-7f70-4c68-a8c9-8f22d2f79bcc,PUB-010_시도별_장기요양판정
남자,인천광역시,일반,등급외,1202,2020,https://api.odcloud.kr/api/15072696/v1/uddi:872f15c4-7f70-4c68-a8c9-8f22d2f79bcc,PUB-010_시도별_장기요양판정
남자,인천광역시,감경,1등급,210,2020,https://api.odcloud.kr/api/15072696/v1/uddi:872f15c4-7f70-4c68-a8c9-8f22d2f79bcc,PUB-010_시도별_장기요양판정
남자,인천광역시,감경,2등급,387,2020,https://api.odcloud.kr/api/15072696/v1/uddi:872f15c4-7f70-4c68-a8c9-8f22d2f79bcc,PUB-010_시도별_장기요양판정
남자,인천광역시,감경,3등급,1283,2020,https://api.odcloud.kr/api/15072696/v1/uddi:872f15c4-7f70-4c68-a8c9-8f22d2f79bcc,PUB-010_시도별_장기요양판정
남자,인천광역시,감경,4등급,1796,2020,https://api.odcloud.kr/api/15072696/v1/uddi:872f15c4-7f70-4c68-a8c9-8f22d2f79bcc,PUB-010_시도별_장기요양판정
남자,인천광역시,감경,5등급,319,2020,https://api.odcloud.kr/api/15072696/v1/uddi:872f15c4-7f70-4c68-a8c9-8f22d2f79bcc,PUB-010_시도별_장기요양판정
남자,인천광역시,감경,인지지원등급,57,2020,https://api.odcloud.kr/api/15072696/v1/uddi:872f15c4-7f70-4c68-a8c9-8f22d2f79bcc,PUB-010_시도별_장기요양판정
남자,인천광역시,감경,등급외,63,2020,https://api.odcloud.kr/api/15072696/v1/uddi:872f15c4-7f70-4c68-a8c9-8f22d2f79bcc,PUB-010_시도별_장기요양판정
남자,인천광역시,의료급여,1등급,7,2020,https://api.odcloud.kr/api/15072696/v1/uddi:872f15c4-7f70-4c68-a8c9-8f22d2f79bcc,PUB-010_시도별_장기요양판정
남자,인천광역시,의료급여,2등급,9,2020,https://api.odcloud.kr/api/15072696/v1/uddi:872f15c4-7f70-4c68-a8c9-8f22d2f79bcc,PUB-010_시도별_장기요양판정
남자,인천광역시,의료급여,3등급,36,2020,https://api.odcloud.kr/api/15072696/v1/uddi:872f15c4-7f70-4c68-a8c9-8f22d2f79bcc,PUB-010_시도별_장기요양판정
남자,인천광역시,의료급여,4등급,73,2020,https://api.odcloud.kr/api/15072696/v1/uddi:872f15c4-7f70-4c68-a8c9-8f22d2f79bcc,PUB-010_시도별_장기요양판정
남자,인천광역시,의료급여,5등급,13,2020,https://api.odcloud.kr/api/15072696/v1/uddi:872f15c4-7f70-4c68-a8c9-8f22d2f79bcc,PUB-010_시도별_장기요양판정
남자,인천광역시,의료급여,인지지원등급,1,2020,https://api.odcloud.kr/api/15072696/v1/uddi:872f15c4-7f70-4c68-a8c9-8f22d2f79bcc,PUB-010_시도별_장기요양판정
남자,인천광역시,의료급여,등급외,28,2020,https://api.odcloud.kr/api/15072696/v1/uddi:872f15c4-7f70-4c68-a8c9-8f22d2f79bcc,PUB-010_시도별_장기요양판정
남자,인천광역시,기초수급,1등급,150,2020,https://api.odcloud.kr/api/15072696/v1/uddi:872f15c4-7f70-4c68-a8c9-8f22d2f79bcc,PUB-010_시도별_장기요양판정
남자,인천광역시,기초수급,2등급,252,2020,https://api.odcloud.kr/api/15072696/v1/uddi:872f15c4-7f70-4c68-a8c9-8f22d2f79bcc,PUB-010_시도별_장기요양판정
남자,인천광역시,기초수급,3등급,846,2020,https://api.odcloud.kr/api/15072696/v1/uddi:872f15c4-7f70-4c68-a8c9-8f22d2f79bcc,PUB-010_시도별_장기요양판정
남자,인천광역시,기초수급,4등급,1556,2020,https://api.odcloud.kr/api/15072696/v1/uddi:872f15c4-7f70-4c68-a8c9-8f22d2f79bcc,PUB-010_시도별_장기요양판정
남자,인천광역시,기초수급,5등급,230,2020,https://api.odcloud.kr/api/15072696/v1/uddi:872f15c4-7f70-4c68-a8c9-8f22d2f79bcc,PUB-010_시도별_장기요양판정
남자,인천광역시,기초수급,인지지원등급,56,2020,https://api.odcloud.kr/api/15072696/v1/uddi:872f15c4-7f70-4c68-a8c9-8f22d2f79bcc,PUB-010_시도별_장기요양판정
남자,인천광역시,기초수급,등급외,830,2020,https://api.odcloud.kr/api/15072696/v1/uddi:872f15c4-7f70-4c68-a8c9-8f22d2f79bcc,PUB-010_시도별_장기요양판정
여자,인천광역시,일반,1등급,672,2020,https://api.odcloud.kr/api/15072696/v1/uddi:872f15c4-7f70-4c68-a8c9-8f22d2f79bcc,PUB-010_시도별_장기요양판정
여자,인천광역시,일반,2등급,1448,2020,https://api.odcloud.kr/api/15072696/v1/uddi:872f15c4-7f70-4c68-a8c9-8f22d2f79bcc,PUB-010_시도별_장기요양판정
여자,인천광역시,일반,3등급,4376,2020,https://api.odcloud.kr/api/15072696/v1/uddi:872f15c4-7f70-4c68-a8c9-8f22d2f79bcc,PUB-010_시도별_장기요양판정
여자,인천광역시,일반,4등급,6361,2020,https://api.odcloud.kr/api/15072696/v1/uddi:872f15c4-7f70-4c68-a8c9-8f22d2f79bcc,PUB-010_시도별_장기요양판정
여자,인천광역시,일반,5등급,1210,2020,https://api.odcloud.kr/api/15072696/v1/uddi:872f15c4-7f70-4c68-a8c9-8f22d2f79bcc,PUB-010_시도별_장기요양판정
여자,인천광역시,일반,인지지원등급,241,2020,https://api.odcloud.kr/api/15072696/v1/uddi:872f15c4-7f70-4c68-a8c9-8f22d2f79bcc,PUB-010_시도별_장기요양판정
여자,인천광역시,일반,등급외,2879,2020,https://api.odcloud.kr/api/15072696/v1/uddi:872f15c4-7f70-4c68-a8c9-8f22d2f79bcc,PUB-010_시도별_장기요양판정
여자,인천광역시,감경,1등급,549,2020,https://api.odcloud.kr/api/15072696/v1/uddi:872f15c4-7f70-4c68-a8c9-8f22d2f79bcc,PUB-010_시도별_장기요양판정
여자,인천광역시,감경,2등급,1364,2020,https://api.odcloud.kr/api/15072696/v1/uddi:872f15c4-7f70-4c68-a8c9-8f22d2f79bcc,PUB-010_시도별_장기요양판정
여자,인천광역시,감경,3등급,3674,2020,https://api.odcloud.kr/api/15072696/v1/uddi:872f15c4-7f70-4c68-a8c9-8f22d2f79bcc,PUB-010_시도별_장기요양판정
여자,인천광역시,감경,4등급,4795,2020,https://api.odcloud.kr/api/15072696/v1/uddi:872f15c4-7f70-4c68-a8c9-8f22d2f79bcc,PUB-010_시도별_장기요양판정
여자,인천광역시,감경,5등급,781,2020,https://api.odcloud.kr/api/15072696/v1/uddi:872f15c4-7f70-4c68-a8c9-8f22d2f79bcc,PUB-010_시도별_장기요양판정
여자,인천광역시,감경,인지지원등급,154,2020,https://api.odcloud.kr/api/15072696/v1/uddi:872f15c4-7f70-4c68-a8c9-8f22d2f79bcc,PUB-010_시도별_장기요양판정
여자,인천광역시,감경,등급외,130,2020,https://api.odcloud.kr/api/15072696/v1/uddi:872f15c4-7f70-4c68-a8c9-8f22d2f79bcc,PUB-010_시도별_장기요양판정
여자,인천광역시,의료급여,1등급,21,2020,https://api.odcloud.kr/api/15072696/v1/uddi:872f15c4-7f70-4c68-a8c9-8f22d2f79bcc,PUB-010_시도별_장기요양판정
여자,인천광역시,의료급여,2등급,40,2020,https://api.odcloud.kr/api/15072696/v1/uddi:872f15c4-7f70-4c68-a8c9-8f22d2f79bcc,PUB-010_시도별_장기요양판정
여자,인천광역시,의료급여,3등급,112,2020,https://api.odcloud.kr/api/15072696/v1/uddi:872f15c4-7f70-4c68-a8c9-8f22d2f79bcc,PUB-010_시도별_장기요양판정
여자,인천광역시,의료급여,4등급,163,2020,https://api.odcloud.kr/api/15072696/v1/uddi:872f15c4-7f70-4c68-a8c9-8f22d2f79bcc,PUB-010_시도별_장기요양판정
여자,인천광역시,의료급여,5등급,29,2020,https://api.odcloud.kr/api/15072696/v1/uddi:872f15c4-7f70-4c68-a8c9-8f22d2f79bcc,PUB-010_시도별_장기요양판정
여자,인천광역시,의료급여,인지지원등급,2,2020,https://api.odcloud.kr/api/15072696/v1/uddi:872f15c4-7f70-4c68-a8c9-8f22d2f79bcc,PUB-010_시도별_장기요양판정
여자,인천광역시,의료급여,등급외,48,2020,https://api.odcloud.kr/api/15072696/v1/uddi:872f15c4-7f70-4c68-a8c9-8f22d2f79bcc,PUB-010_시도별_장기요양판정
여자,인천광역시,기초수급,1등급,347,2020,https://api.odcloud.kr/api/15072696/v1/uddi:872f15c4-7f70-4c68-a8c9-8f22d2f79bcc,PUB-010_시도별_장기요양판정
여자,인천광역시,기초수급,2등급,734,2020,https://api.odcloud.kr/api/15072696/v1/uddi:872f15c4-7f70-4c68-a8c9-8f22d2f79bcc,PUB-010_시도별_장기요양판정
여자,인천광역시,기초수급,3등급,1923,2020,https://api.odcloud.kr/api/15072696/v1/uddi:872f15c4-7f70-4c68-a8c9-8f22d2f79bcc,PUB-010_시도별_장기요양판정
여자,인천광역시,기초수급,4등급,3543,2020,https://api.odcloud.kr/api/15072696/v1/uddi:872f15c4-7f70-4c68-a8c9-8f22d2f79bcc,PUB-010_시도별_장기요양판정
여자,인천광역시,기초수급,5등급,546,2020,https://api.odcloud.kr/api/15072696/v1/uddi:872f15c4-7f70-4c68-a8c9-8f22d2f79bcc,PUB-010_시도별_장기요양판정
여자,인천광역시,기초수급,인지지원등급,60,2020,https://api.odcloud.kr/api/15072696/v1/uddi:872f15c4-7f70-4c68-a8c9-8f22d2f79bcc,PUB-010_시도별_장기요양판정
여자,인천광역시,기초수급,등급외,1222,2020,https://api.odcloud.kr/api/15072696/v1/uddi:872f15c4-7f70-4c68-a8c9-8f22d2f79bcc,PUB-010_시도별_장기요양판정
남자,광주광역시,일반,1등급,144,2020,https://api.odcloud.kr/api/15072696/v1/uddi:872f15c4-7f70-4c68-a8c9-8f22d2f79bcc,PUB-010_시도별_장기요양판정
남자,광주광역시,일반,2등급,249,2020,https://api.odcloud.kr/api/15072696/v1/uddi:872f15c4-7f70-4c68-a8c9-8f22d2f79bcc,PUB-010_시도별_장기요양판정
남자,광주광역시,일반,3등급,920,2020,https://api.odcloud.kr/api/15072696/v1/uddi:872f15c4-7f70-4c68-a8c9-8f22d2f79bcc,PUB-010_시도별_장기요양판정
남자,광주광역시,일반,4등급,1538,2020,https://api.odcloud.kr/api/15072696/v1/uddi:872f15c4-7f70-4c68-a8c9-8f22d2f79bcc,PUB-010_시도별_장기요양판정
남자,광주광역시,일반,5등급,367,2020,https://api.odcloud.kr/api/15072696/v1/uddi:872f15c4-7f70-4c68-a8c9-8f22d2f79bcc,PUB-010_시도별_장기요양판정
남자,광주광역시,일반,인지지원등급,95,2020,https://api.odcloud.kr/api/15072696/v1/uddi:872f15c4-7f70-4c68-a8c9-8f22d2f79bcc,PUB-010_시도별_장기요양판정
남자,광주광역시,일반,등급외,1141,2020,https://api.odcloud.kr/api/15072696/v1/uddi:872f15c4-7f70-4c68-a8c9-8f22d2f79bcc,PUB-010_시도별_장기요양판정
남자,광주광역시,감경,1등급,89,2020,https://api.odcloud.kr/api/15072696/v1/uddi:872f15c4-7f70-4c68-a8c9-8f22d2f79bcc,PUB-010_시도별_장기요양판정
남자,광주광역시,감경,2등급,128,2020,https://api.odcloud.kr/api/15072696/v1/uddi:872f15c4-7f70-4c68-a8c9-8f22d2f79bcc,PUB-010_시도별_장기요양판정
남자,광주광역시,감경,3등급,490,2020,https://api.odcloud.kr/api/15072696/v1/uddi:872f15c4-7f70-4c68-a8c9-8f22d2f79bcc,PUB-010_시도별_장기요양판정
남자,광주광역시,감경,4등급,794,2020,https://api.odcloud.kr/api/15072696/v1/uddi:872f15c4-7f70-4c68-a8c9-8f22d2f79bcc,PUB-010_시도별_장기요양판정
남자,광주광역시,감경,5등급,167,2020,https://api.odcloud.kr/api/15072696/v1/uddi:872f15c4-7f70-4c68-a8c9-8f22d2f79bcc,PUB-010_시도별_장기요양판정
남자,광주광역시,감경,인지지원등급,44,2020,https://api.odcloud.kr/api/15072696/v1/uddi:872f15c4-7f70-4c68-a8c9-8f22d2f79bcc,PUB-010_시도별_장기요양판정
남자,광주광역시,감경,등급외,70,2020,https://api.odcloud.kr/api/15072696/v1/uddi:872f15c4-7f70-4c68-a8c9-8f22d2f79bcc,PUB-010_시도별_장기요양판정
남자,광주광역시,의료급여,1등급,4,2020,https://api.odcloud.kr/api/15072696/v1/uddi:872f15c4-7f70-4c68-a8c9-8f22d2f79bcc,PUB-010_시도별_장기요양판정
남자,광주광역시,의료급여,2등급,13,2020,https://api.odcloud.kr/api/15072696/v1/uddi:872f15c4-7f70-4c68-a8c9-8f22d2f79bcc,PUB-010_시도별_장기요양판정
남자,광주광역시,의료급여,3등급,31,2020,https://api.odcloud.kr/api/15072696/v1/uddi:872f15c4-7f70-4c68-a8c9-8f22d2f79bcc,PUB-010_시도별_장기요양판정
남자,광주광역시,의료급여,4등급,60,2020,https://api.odcloud.kr/api/15072696/v1/uddi:872f15c4-7f70-4c68-a8c9-8f22d2f79bcc,PUB-010_시도별_장기요양판정
남자,광주광역시,의료급여,5등급,10,2020,https://api.odcloud.kr/api/15072696/v1/uddi:872f15c4-7f70-4c68-a8c9-8f22d2f79bcc,PUB-010_시도별_장기요양판정
남자,광주광역시,의료급여,인지지원등급,6,2020,https://api.odcloud.kr/api/15072696/v1/uddi:872f15c4-7f70-4c68-a8c9-8f22d2f79bcc,PUB-010_시도별_장기요양판정
남자,광주광역시,의료급여,등급외,32,2020,https://api.odcloud.kr/api/15072696/v1/uddi:872f15c4-7f70-4c68-a8c9-8f22d2f79bcc,PUB-010_시도별_장기요양판정
남자,광주광역시,기초수급,1등급,42,2020,https://api.odcloud.kr/api/15072696/v1/uddi:872f15c4-7f70-4c68-a8c9-8f22d2f79bcc,PUB-010_시도별_장기요양판정
남자,광주광역시,기초수급,2등급,56,2020,https://api.odcloud.kr/api/15072696/v1/uddi:872f15c4-7f70-4c68-a8c9-8f22d2f79bcc,PUB-010_시도별_장기요양판정
남자,광주광역시,기초수급,3등급,241,2020,https://api.odcloud.kr/api/15072696/v1/uddi:872f15c4-7f70-4c68-a8c9-8f22d2f79bcc,PUB-010_시도별_장기요양판정
남자,광주광역시,기초수급,4등급,510,2020,https://api.odcloud.kr/api/15072696/v1/uddi:872f15c4-7f70-4c68-a8c9-8f22d2f79bcc,PUB-010_시도별_장기요양판정
남자,광주광역시,기초수급,5등급,121,2020,https://api.odcloud.kr/api/15072696/v1/uddi:872f15c4-7f70-4c68-a8c9-8f22d2f79bcc,PUB-010_시도별_장기요양판정
남자,광주광역시,기초수급,인지지원등급,37,2020,https://api.odcloud.kr/api/15072696/v1/uddi:872f15c4-7f70-4c68-a8c9-8f22d2f79bcc,PUB-010_시도별_장기요양판정
남자,광주광역시,기초수급,등급외,683,2020,https://api.odcloud.kr/api/15072696/v1/uddi:872f15c4-7f70-4c68-a8c9-8f22d2f79bcc,PUB-010_시도별_장기요양판정
여자,광주광역시,일반,1등급,332,2020,https://api.odcloud.kr/api/15072696/v1/uddi:872f15c4-7f70-4c68-a8c9-8f22d2f79bcc,PUB-010_시도별_장기요양판정
여자,광주광역시,일반,2등급,604,2020,https://api.odcloud.kr/api/15072696/v1/uddi:872f15c4-7f70-4c68-a8c9-8f22d2f79bcc,PUB-010_시도별_장기요양판정
여자,광주광역시,일반,3등급,1990,2020,https://api.odcloud.kr/api/15072696/v1/uddi:872f15c4-7f70-4c68-a8c9-8f22d2f79bcc,PUB-010_시도별_장기요양판정
여자,광주광역시,일반,4등급,4059,2020,https://api.odcloud.kr/api/15072696/v1/uddi:872f15c4-7f70-4c68-a8c9-8f22d2f79bcc,PUB-010_시도별_장기요양판정
여자,광주광역시,일반,5등급,932,2020,https://api.odcloud.kr/api/15072696/v1/uddi:872f15c4-7f70-4c68-a8c9-8f22d2f79bcc,PUB-010_시도별_장기요양판정
여자,광주광역시,일반,인지지원등급,209,2020,https://api.odcloud.kr/api/15072696/v1/uddi:872f15c4-7f70-4c68-a8c9-8f22d2f79bcc,PUB-010_시도별_장기요양판정
여자,광주광역시,일반,등급외,3002,2020,https://api.odcloud.kr/api/15072696/v1/uddi:872f15c4-7f70-4c68-a8c9-8f22d2f79bcc,PUB-010_시도별_장기요양판정
여자,광주광역시,감경,1등급,255,2020,https://api.odcloud.kr/api/15072696/v1/uddi:872f15c4-7f70-4c68-a8c9-8f22d2f79bcc,PUB-010_시도별_장기요양판정
여자,광주광역시,감경,2등급,437,2020,https://api.odcloud.kr/api/15072696/v1/uddi:872f15c4-7f70-4c68-a8c9-8f22d2f79bcc,PUB-010_시도별_장기요양판정
여자,광주광역시,감경,3등급,1334,2020,https://api.odcloud.kr/api/15072696/v1/uddi:872f15c4-7f70-4c68-a8c9-8f22d2f79bcc,PUB-010_시도별_장기요양판정
여자,광주광역시,감경,4등급,2451,2020,https://api.odcloud.kr/api/15072696/v1/uddi:872f15c4-7f70-4c68-a8c9-8f22d2f79bcc,PUB-010_시도별_장기요양판정
여자,광주광역시,감경,5등급,515,2020,https://api.odcloud.kr/api/15072696/v1/uddi:872f15c4-7f70-4c68-a8c9-8f22d2f79bcc,PUB-010_시도별_장기요양판정
여자,광주광역시,감경,인지지원등급,117,2020,https://api.odcloud.kr/api/15072696/v1/uddi:872f15c4-7f70-4c68-a8c9-8f22d2f79bcc,PUB-010_시도별_장기요양판정
여자,광주광역시,감경,등급외,175,2020,https://api.odcloud.kr/api/15072696/v1/uddi:872f15c4-7f70-4c68-a8c9-8f22d2f79bcc,PUB-010_시도별_장기요양판정
여자,광주광역시,의료급여,1등급,11,2020,https://api.odcloud.kr/api/15072696/v1/uddi:872f15c4-7f70-4c68-a8c9-8f22d2f79bcc,PUB-010_시도별_장기요양판정
여자,광주광역시,의료급여,2등급,19,2020,https://api.odcloud.kr/api/15072696/v1/uddi:872f15c4-7f70-4c68-a8c9-8f22d2f79bcc,PUB-010_시도별_장기요양판정
여자,광주광역시,의료급여,3등급,102,2020,https://api.odcloud.kr/api/15072696/v1/uddi:872f15c4-7f70-4c68-a8c9-8f22d2f79bcc,PUB-010_시도별_장기요양판정
여자,광주광역시,의료급여,4등급,180,2020,https://api.odcloud.kr/api/15072696/v1/uddi:872f15c4-7f70-4c68-a8c9-8f22d2f79bcc,PUB-010_시도별_장기요양판정
여자,광주광역시,의료급여,5등급,40,2020,https://api.odcloud.kr/api/15072696/v1/uddi:872f15c4-7f70-4c68-a8c9-8f22d2f79bcc,PUB-010_시도별_장기요양판정
여자,광주광역시,의료급여,인지지원등급,6,2020,https://api.odcloud.kr/api/15072696/v1/uddi:872f15c4-7f70-4c68-a8c9-8f22d2f79bcc,PUB-010_시도별_장기요양판정
여자,광주광역시,의료급여,등급외,65,2020,https://api.odcloud.kr/api/15072696/v1/uddi:872f15c4-7f70-4c68-a8c9-8f22d2f79bcc,PUB-010_시도별_장기요양판정
여자,광주광역시,기초수급,1등급,94,2020,https://api.odcloud.kr/api/15072696/v1/uddi:872f15c4-7f70-4c68-a8c9-8f22d2f79bcc,PUB-010_시도별_장기요양판정
여자,광주광역시,기초수급,2등급,168,2020,https://api.odcloud.kr/api/15072696/v1/uddi:872f15c4-7f70-4c68-a8c9-8f22d2f79bcc,PUB-010_시도별_장기요양판정
여자,광주광역시,기초수급,3등급,622,2020,https://api.odcloud.kr/api/15072696/v1/uddi:872f15c4-7f70-4c68-a8c9-8f22d2f79bcc,PUB-010_시도별_장기요양판정
여자,광주광역시,기초수급,4등급,1400,2020,https://api.odcloud.kr/api/15072696/v1/uddi:872f15c4-7f70-4c68-a8c9-8f22d2f79bcc,PUB-010_시도별_장기요양판정
여자,광주광역시,기초수급,5등급,398,2020,https://api.odcloud.kr/api/15072696/v1/uddi:872f15c4-7f70-4c68-a8c9-8f22d2f79bcc,PUB-010_시도별_장기요양판정
여자,광주광역시,기초수급,인지지원등급,72,2020,https://api.odcloud.kr/api/15072696/v1/uddi:872f15c4-7f70-4c68-a8c9-8f22d2f79bcc,PUB-010_시도별_장기요양판정
여자,광주광역시,기초수급,등급외,1224,2020,https://api.odcloud.kr/api/15072696/v1/uddi:872f15c4-7f70-4c68-a8c9-8f22d2f79bcc,PUB-010_시도별_장기요양판정
남자,대전광역시,일반,1등급,166,2020,https://api.odcloud.kr/api/15072696/v1/uddi:872f15c4-7f70-4c68-a8c9-8f22d2f79bcc,PUB-010_시도별_장기요양판정
남자,대전광역시,일반,2등급,236,2020,https://api.odcloud.kr/api/15072696/v1/uddi:872f15c4-7f70-4c68-a8c9-8f22d2f79bcc,PUB-010_시도별_장기요양판정
남자,대전광역시,일반,3등급,918,2020,https://api.odcloud.kr/api/15072696/v1/uddi:872f15c4-7f70-4c68-a8c9-8f22d2f79bcc,PUB-010_시도별_장기요양판정
남자,대전광역시,일반,4등급,1498,2020,https://api.odcloud.kr/api/15072696/v1/uddi:872f15c4-7f70-4c68-a8c9-8f22d2f79bcc,PUB-010_시도별_장기요양판정
남자,대전광역시,일반,5등급,455,2020,https://api.odcloud.kr/api/15072696/v1/uddi:872f15c4-7f70-4c68-a8c9-8f22d2f79bcc,PUB-010_시도별_장기요양판정
남자,대전광역시,일반,인지지원등급,81,2020,https://api.odcloud.kr/api/15072696/v1/uddi:872f15c4-7f70-4c68-a8c9-8f22d2f79bcc,PUB-010_시도별_장기요양판정
남자,대전광역시,일반,등급외,822,2020,https://api.odcloud.kr/api/15072696/v1/uddi:872f15c4-7f70-4c68-a8c9-8f22d2f79bcc,PUB-010_시도별_장기요양판정
남자,대전광역시,감경,1등급,89,2020,https://api.odcloud.kr/api/15072696/v1/uddi:872f15c4-7f70-4c68-a8c9-8f22d2f79bcc,PUB-010_시도별_장기요양판정
남자,대전광역시,감경,2등급,184,2020,https://api.odcloud.kr/api/15072696/v1/uddi:872f15c4-7f70-4c68-a8c9-8f22d2f79bcc,PUB-010_시도별_장기요양판정
남자,대전광역시,감경,3등급,540,2020,https://api.odcloud.kr/api/15072696/v1/uddi:872f15c4-7f70-4c68-a8c9-8f22d2f79bcc,PUB-010_시도별_장기요양판정
남자,대전광역시,감경,4등급,786,2020,https://api.odcloud.kr/api/15072696/v1/uddi:872f15c4-7f70-4c68-a8c9-8f22d2f79bcc,PUB-010_시도별_장기요양판정
남자,대전광역시,감경,5등급,215,2020,https://api.odcloud.kr/api/15072696/v1/uddi:872f15c4-7f70-4c68-a8c9-8f22d2f79bcc,PUB-010_시도별_장기요양판정
남자,대전광역시,감경,인지지원등급,36,2020,https://api.odcloud.kr/api/15072696/v1/uddi:872f15c4-7f70-4c68-a8c9-8f22d2f79bcc,PUB-010_시도별_장기요양판정
남자,대전광역시,감경,등급외,31,2020,https://api.odcloud.kr/api/15072696/v1/uddi:872f15c4-7f70-4c68-a8c9-8f22d2f79bcc,PUB-010_시도별_장기요양판정
남자,대전광역시,의료급여,1등급,5,2020,https://api.odcloud.kr/api/15072696/v1/uddi:872f15c4-7f70-4c68-a8c9-8f22d2f79bcc,PUB-010_시도별_장기요양판정
남자,대전광역시,의료급여,2등급,7,2020,https://api.odcloud.kr/api/15072696/v1/uddi:872f15c4-7f70-4c68-a8c9-8f22d2f79bcc,PUB-010_시도별_장기요양판정
남자,대전광역시,의료급여,3등급,23,2020,https://api.odcloud.kr/api/15072696/v1/uddi:872f15c4-7f70-4c68-a8c9-8f22d2f79bcc,PUB-010_시도별_장기요양판정
남자,대전광역시,의료급여,4등급,32,2020,https://api.odcloud.kr/api/15072696/v1/uddi:872f15c4-7f70-4c68-a8c9-8f22d2f79bcc,PUB-010_시도별_장기요양판정
남자,대전광역시,의료급여,5등급,9,2020,https://api.odcloud.kr/api/15072696/v1/uddi:872f15c4-7f70-4c68-a8c9-8f22d2f79bcc,PUB-010_시도별_장기요양판정
남자,대전광역시,의료급여,인지지원등급,3,2020,https://api.odcloud.kr/api/15072696/v1/uddi:872f15c4-7f70-4c68-a8c9-8f22d2f79bcc,PUB-010_시도별_장기요양판정
남자,대전광역시,의료급여,등급외,14,2020,https://api.odcloud.kr/api/15072696/v1/uddi:872f15c4-7f70-4c68-a8c9-8f22d2f79bcc,PUB-010_시도별_장기요양판정
남자,대전광역시,기초수급,1등급,36,2020,https://api.odcloud.kr/api/15072696/v1/uddi:872f15c4-7f70-4c68-a8c9-8f22d2f79bcc,PUB-010_시도별_장기요양판정
남자,대전광역시,기초수급,2등급,105,2020,https://api.odcloud.kr/api/15072696/v1/uddi:872f15c4-7f70-4c68-a8c9-8f22d2f79bcc,PUB-010_시도별_장기요양판정
남자,대전광역시,기초수급,3등급,270,2020,https://api.odcloud.kr/api/15072696/v1/uddi:872f15c4-7f70-4c68-a8c9-8f22d2f79bcc,PUB-010_시도별_장기요양판정
남자,대전광역시,기초수급,4등급,563,2020,https://api.odcloud.kr/api/15072696/v1/uddi:872f15c4-7f70-4c68-a8c9-8f22d2f79bcc,PUB-010_시도별_장기요양판정
남자,대전광역시,기초수급,5등급,130,2020,https://api.odcloud.kr/api/15072696/v1/uddi:872f15c4-7f70-4c68-a8c9-8f22d2f79bcc,PUB-010_시도별_장기요양판정
남자,대전광역시,기초수급,인지지원등급,31,2020,https://api.odcloud.kr/api/15072696/v1/uddi:872f15c4-7f70-4c68-a8c9-8f22d2f79bcc,PUB-010_시도별_장기요양판정
남자,대전광역시,기초수급,등급외,514,2020,https://api.odcloud.kr/api/15072696/v1/uddi:872f15c4-7f70-4c68-a8c9-8f22d2f79bcc,PUB-010_시도별_장기요양판정
여자,대전광역시,일반,1등급,375,2020,https://api.odcloud.kr/api/15072696/v1/uddi:872f15c4-7f70-4c68-a8c9-8f22d2f79bcc,PUB-010_시도별_장기요양판정
여자,대전광역시,일반,2등급,788,2020,https://api.odcloud.kr/api/15072696/v1/uddi:872f15c4-7f70-4c68-a8c9-8f22d2f79bcc,PUB-010_시도별_장기요양판정
여자,대전광역시,일반,3등급,2143,2020,https://api.odcloud.kr/api/15072696/v1/uddi:872f15c4-7f70-4c68-a8c9-8f22d2f79bcc,PUB-010_시도별_장기요양판정
여자,대전광역시,일반,4등급,3545,2020,https://api.odcloud.kr/api/15072696/v1/uddi:872f15c4-7f70-4c68-a8c9-8f22d2f79bcc,PUB-010_시도별_장기요양판정
여자,대전광역시,일반,5등급,1031,2020,https://api.odcloud.kr/api/15072696/v1/uddi:872f15c4-7f70-4c68-a8c9-8f22d2f79bcc,PUB-010_시도별_장기요양판정
여자,대전광역시,일반,인지지원등급,172,2020,https://api.odcloud.kr/api/15072696/v1/uddi:872f15c4-7f70-4c68-a8c9-8f22d2f79bcc,PUB-010_시도별_장기요양판정
여자,대전광역시,일반,등급외,1891,2020,https://api.odcloud.kr/api/15072696/v1/uddi:872f15c4-7f70-4c68-a8c9-8f22d2f79bcc,PUB-010_시도별_장기요양판정
여자,대전광역시,감경,1등급,229,2020,https://api.odcloud.kr/api/15072696/v1/uddi:872f15c4-7f70-4c68-a8c9-8f22d2f79bcc,PUB-010_시도별_장기요양판정
여자,대전광역시,감경,2등급,563,2020,https://api.odcloud.kr/api/15072696/v1/uddi:872f15c4-7f70-4c68-a8c9-8f22d2f79bcc,PUB-010_시도별_장기요양판정
여자,대전광역시,감경,3등급,1476,2020,https://api.odcloud.kr/api/15072696/v1/uddi:872f15c4-7f70-4c68-a8c9-8f22d2f79bcc,PUB-010_시도별_장기요양판정
여자,대전광역시,감경,4등급,2246,2020,https://api.odcloud.kr/api/15072696/v1/uddi:872f15c4-7f70-4c68-a8c9-8f22d2f79bcc,PUB-010_시도별_장기요양판정
여자,대전광역시,감경,5등급,595,2020,https://api.odcloud.kr/api/15072696/v1/uddi:872f15c4-7f70-4c68-a8c9-8f22d2f79bcc,PUB-010_시도별_장기요양판정
여자,대전광역시,감경,인지지원등급,83,2020,https://api.odcloud.kr/api/15072696/v1/uddi:872f15c4-7f70-4c68-a8c9-8f22d2f79bcc,PUB-010_시도별_장기요양판정
여자,대전광역시,감경,등급외,107,2020,https://api.odcloud.kr/api/15072696/v1/uddi:872f15c4-7f70-4c68-a8c9-8f22d2f79bcc,PUB-010_시도별_장기요양판정
여자,대전광역시,의료급여,1등급,11,2020,https://api.odcloud.kr/api/15072696/v1/uddi:872f15c4-7f70-4c68-a8c9-8f22d2f79bcc,PUB-010_시도별_장기요양판정
여자,대전광역시,의료급여,2등급,28,2020,https://api.odcloud.kr/api/15072696/v1/uddi:872f15c4-7f70-4c68-a8c9-8f22d2f79bcc,PUB-010_시도별_장기요양판정
여자,대전광역시,의료급여,3등급,60,2020,https://api.odcloud.kr/api/15072696/v1/uddi:872f15c4-7f70-4c68-a8c9-8f22d2f79bcc,PUB-010_시도별_장기요양판정
여자,대전광역시,의료급여,4등급,84,2020,https://api.odcloud.kr/api/15072696/v1/uddi:872f15c4-7f70-4c68-a8c9-8f22d2f79bcc,PUB-010_시도별_장기요양판정
여자,대전광역시,의료급여,5등급,28,2020,https://api.odcloud.kr/api/15072696/v1/uddi:872f15c4-7f70-4c68-a8c9-8f22d2f79bcc,PUB-010_시도별_장기요양판정
여자,대전광역시,의료급여,인지지원등급,6,2020,https://api.odcloud.kr/api/15072696/v1/uddi:872f15c4-7f70-4c68-a8c9-8f22d2f79bcc,PUB-010_시도별_장기요양판정
여자,대전광역시,의료급여,등급외,37,2020,https://api.odcloud.kr/api/15072696/v1/uddi:872f15c4-7f70-4c68-a8c9-8f22d2f79bcc,PUB-010_시도별_장기요양판정
여자,대전광역시,기초수급,1등급,137,2020,https://api.odcloud.kr/api/15072696/v1/uddi:872f15c4-7f70-4c68-a8c9-8f22d2f79bcc,PUB-010_시도별_장기요양판정
여자,대전광역시,기초수급,2등급,289,2020,https://api.odcloud.kr/api/15072696/v1/uddi:872f15c4-7f70-4c68-a8c9-8f22d2f79bcc,PUB-010_시도별_장기요양판정
여자,대전광역시,기초수급,3등급,628,2020,https://api.odcloud.kr/api/15072696/v1/uddi:872f15c4-7f70-4c68-a8c9-8f22d2f79bcc,PUB-010_시도별_장기요양판정
여자,대전광역시,기초수급,4등급,1283,2020,https://api.odcloud.kr/api/15072696/v1/uddi:872f15c4-7f70-4c68-a8c9-8f22d2f79bcc,PUB-010_시도별_장기요양판정
여자,대전광역시,기초수급,5등급,308,2020,https://api.odcloud.kr/api/15072696/v1/uddi:872f15c4-7f70-4c68-a8c9-8f22d2f79bcc,PUB-010_시도별_장기요양판정
여자,대전광역시,기초수급,인지지원등급,58,2020,https://api.odcloud.kr/api/15072696/v1/uddi:872f15c4-7f70-4c68-a8c9-8f22d2f79bcc,PUB-010_시도별_장기요양판정
여자,대전광역시,기초수급,등급외,771,2020,https://api.odcloud.kr/api/15072696/v1/uddi:872f15c4-7f70-4c68-a8c9-8f22d2f79bcc,PUB-010_시도별_장기요양판정
남자,울산광역시,일반,1등급,136,2020,https://api.odcloud.kr/api/15072696/v1/uddi:872f15c4-7f70-4c68-a8c9-8f22d2f79bcc,PUB-010_시도별_장기요양판정
남자,울산광역시,일반,2등급,222,2020,https://api.odcloud.kr/api/15072696/v1/uddi:872f15c4-7f70-4c68-a8c9-8f22d2f79bcc,PUB-010_시도별_장기요양판정
남자,울산광역시,일반,3등급,696,2020,https://api.odcloud.kr/api/15072696/v1/uddi:872f15c4-7f70-4c68-a8c9-8f22d2f79bcc,PUB-010_시도별_장기요양판정
남자,울산광역시,일반,4등급,749,2020,https://api.odcloud.kr/api/15072696/v1/uddi:872f15c4-7f70-4c68-a8c9-8f22d2f79bcc,PUB-010_시도별_장기요양판정
남자,울산광역시,일반,5등급,112,2020,https://api.odcloud.kr/api/15072696/v1/uddi:872f15c4-7f70-4c68-a8c9-8f22d2f79bcc,PUB-010_시도별_장기요양판정
남자,울산광역시,일반,인지지원등급,22,2020,https://api.odcloud.kr/api/15072696/v1/uddi:872f15c4-7f70-4c68-a8c9-8f22d2f79bcc,PUB-010_시도별_장기요양판정
남자,울산광역시,일반,등급외,342,2020,https://api.odcloud.kr/api/15072696/v1/uddi:872f15c4-7f70-4c68-a8c9-8f22d2f79bcc,PUB-010_시도별_장기요양판정
남자,울산광역시,감경,1등급,57,2020,https://api.odcloud.kr/api/15072696/v1/uddi:872f15c4-7f70-4c68-a8c9-8f22d2f79bcc,PUB-010_시도별_장기요양판정
남자,울산광역시,감경,2등급,83,2020,https://api.odcloud.kr/api/15072696/v1/uddi:872f15c4-7f70-4c68-a8c9-8f22d2f79bcc,PUB-010_시도별_장기요양판정
남자,울산광역시,감경,3등급,320,2020,https://api.odcloud.kr/api/15072696/v1/uddi:872f15c4-7f70-4c68-a8c9-8f22d2f79bcc,PUB-010_시도별_장기요양판정
남자,울산광역시,감경,4등급,329,2020,https://api.odcloud.kr/api/15072696/v1/uddi:872f15c4-7f70-4c68-a8c9-8f22d2f79bcc,PUB-010_시도별_장기요양판정
남자,울산광역시,감경,5등급,53,2020,https://api.odcloud.kr/api/15072696/v1/uddi:872f15c4-7f70-4c68-a8c9-8f22d2f79bcc,PUB-010_시도별_장기요양판정
남자,울산광역시,감경,인지지원등급,10,2020,https://api.odcloud.kr/api/15072696/v1/uddi:872f15c4-7f70-4c68-a8c9-8f22d2f79bcc,PUB-010_시도별_장기요양판정
남자,울산광역시,감경,등급외,9,2020,https://api.odcloud.kr/api/15072696/v1/uddi:872f15c4-7f70-4c68-a8c9-8f22d2f79bcc,PUB-010_시도별_장기요양판정
남자,울산광역시,의료급여,2등급,2,2020,https://api.odcloud.kr/api/15072696/v1/uddi:872f15c4-7f70-4c68-a8c9-8f22d2f79bcc,PUB-010_시도별_장기요양판정
남자,울산광역시,의료급여,3등급,9,2020,https://api.odcloud.kr/api/15072696/v1/uddi:872f15c4-7f70-4c68-a8c9-8f22d2f79bcc,PUB-010_시도별_장기요양판정
남자,울산광역시,의료급여,4등급,12,2020,https://api.odcloud.kr/api/15072696/v1/uddi:872f15c4-7f70-4c68-a8c9-8f22d2f79bcc,PUB-010_시도별_장기요양판정
남자,울산광역시,의료급여,등급외,6,2020,https://api.odcloud.kr/api/15072696/v1/uddi:872f15c4-7f70-4c68-a8c9-8f22d2f79bcc,PUB-010_시도별_장기요양판정
남자,울산광역시,기초수급,1등급,32,2020,https://api.odcloud.kr/api/15072696/v1/uddi:872f15c4-7f70-4c68-a8c9-8f22d2f79bcc,PUB-010_시도별_장기요양판정
남자,울산광역시,기초수급,2등급,56,2020,https://api.odcloud.kr/api/15072696/v1/uddi:872f15c4-7f70-4c68-a8c9-8f22d2f79bcc,PUB-010_시도별_장기요양판정
남자,울산광역시,기초수급,3등급,175,2020,https://api.odcloud.kr/api/15072696/v1/uddi:872f15c4-7f70-4c68-a8c9-8f22d2f79bcc,PUB-010_시도별_장기요양판정
남자,울산광역시,기초수급,4등급,334,2020,https://api.odcloud.kr/api/15072696/v1/uddi:872f15c4-7f70-4c68-a8c9-8f22d2f79bcc,PUB-010_시도별_장기요양판정
남자,울산광역시,기초수급,5등급,45,2020,https://api.odcloud.kr/api/15072696/v1/uddi:872f15c4-7f70-4c68-a8c9-8f22d2f79bcc,PUB-010_시도별_장기요양판정
남자,울산광역시,기초수급,인지지원등급,10,2020,https://api.odcloud.kr/api/15072696/v1/uddi:872f15c4-7f70-4c68-a8c9-8f22d2f79bcc,PUB-010_시도별_장기요양판정
남자,울산광역시,기초수급,등급외,182,2020,https://api.odcloud.kr/api/15072696/v1/uddi:872f15c4-7f70-4c68-a8c9-8f22d2f79bcc,PUB-010_시도별_장기요양판정
여자,울산광역시,일반,1등급,303,2020,https://api.odcloud.kr/api/15072696/v1/uddi:872f15c4-7f70-4c68-a8c9-8f22d2f79bcc,PUB-010_시도별_장기요양판정
여자,울산광역시,일반,2등급,611,2020,https://api.odcloud.kr/api/15072696/v1/uddi:872f15c4-7f70-4c68-a8c9-8f22d2f79bcc,PUB-010_시도별_장기요양판정
여자,울산광역시,일반,3등급,1697,2020,https://api.odcloud.kr/api/15072696/v1/uddi:872f15c4-7f70-4c68-a8c9-8f22d2f79bcc,PUB-010_시도별_장기요양판정
여자,울산광역시,일반,4등급,2260,2020,https://api.odcloud.kr/api/15072696/v1/uddi:872f15c4-7f70-4c68-a8c9-8f22d2f79bcc,PUB-010_시도별_장기요양판정
여자,울산광역시,일반,5등급,398,2020,https://api.odcloud.kr/api/15072696/v1/uddi:872f15c4-7f70-4c68-a8c9-8f22d2f79bcc,PUB-010_시도별_장기요양판정
여자,울산광역시,일반,인지지원등급,69,2020,https://api.odcloud.kr/api/15072696/v1/uddi:872f15c4-7f70-4c68-a8c9-8f22d2f79bcc,PUB-010_시도별_장기요양판정
여자,울산광역시,일반,등급외,768,2020,https://api.odcloud.kr/api/15072696/v1/uddi:872f15c4-7f70-4c68-a8c9-8f22d2f79bcc,PUB-010_시도별_장기요양판정
여자,울산광역시,감경,1등급,147,2020,https://api.odcloud.kr/api/15072696/v1/uddi:872f15c4-7f70-4c68-a8c9-8f22d2f79bcc,PUB-010_시도별_장기요양판정
여자,울산광역시,감경,2등급,295,2020,https://api.odcloud.kr/api/15072696/v1/uddi:872f15c4-7f70-4c68-a8c9-8f22d2f79bcc,PUB-010_시도별_장기요양판정
여자,울산광역시,감경,3등급,776,2020,https://api.odcloud.kr/api/15072696/v1/uddi:872f15c4-7f70-4c68-a8c9-8f22d2f79bcc,PUB-010_시도별_장기요양판정
여자,울산광역시,감경,4등급,870,2020,https://api.odcloud.kr/api/15072696/v1/uddi:872f15c4-7f70-4c68-a8c9-8f22d2f79bcc,PUB-010_시도별_장기요양판정
여자,울산광역시,감경,5등급,165,2020,https://api.odcloud.kr/api/15072696/v1/uddi:872f15c4-7f70-4c68-a8c9-8f22d2f79bcc,PUB-010_시도별_장기요양판정
여자,울산광역시,감경,인지지원등급,23,2020,https://api.odcloud.kr/api/15072696/v1/uddi:872f15c4-7f70-4c68-a8c9-8f22d2f79bcc,PUB-010_시도별_장기요양판정
여자,울산광역시,감경,등급외,11,2020,https://api.odcloud.kr/api/15072696/v1/uddi:872f15c4-7f70-4c68-a8c9-8f22d2f79bcc,PUB-010_시도별_장기요양판정
여자,울산광역시,의료급여,1등급,6,2020,https://api.odcloud.kr/api/15072696/v1/uddi:872f15c4-7f70-4c68-a8c9-8f22d2f79bcc,PUB-010_시도별_장기요양판정
여자,울산광역시,의료급여,2등급,12,2020,https://api.odcloud.kr/api/15072696/v1/uddi:872f15c4-7f70-4c68-a8c9-8f22d2f79bcc,PUB-010_시도별_장기요양판정
여자,울산광역시,의료급여,3등급,41,2020,https://api.odcloud.kr/api/15072696/v1/uddi:872f15c4-7f70-4c68-a8c9-8f22d2f79bcc,PUB-010_시도별_장기요양판정
여자,울산광역시,의료급여,4등급,33,2020,https://api.odcloud.kr/api/15072696/v1/uddi:872f15c4-7f70-4c68-a8c9-8f22d2f79bcc,PUB-010_시도별_장기요양판정
여자,울산광역시,의료급여,5등급,13,2020,https://api.odcloud.kr/api/15072696/v1/uddi:872f15c4-7f70-4c68-a8c9-8f22d2f79bcc,PUB-010_시도별_장기요양판정
여자,울산광역시,의료급여,인지지원등급,0,2020,https://api.odcloud.kr/api/15072696/v1/uddi:872f15c4-7f70-4c68-a8c9-8f22d2f79bcc,PUB-010_시도별_장기요양판정
여자,울산광역시,의료급여,등급외,10,2020,https://api.odcloud.kr/api/15072696/v1/uddi:872f15c4-7f70-4c68-a8c9-8f22d2f79bcc,PUB-010_시도별_장기요양판정
여자,울산광역시,기초수급,1등급,59,2020,https://api.odcloud.kr/api/15072696/v1/uddi:872f15c4-7f70-4c68-a8c9-8f22d2f79bcc,PUB-010_시도별_장기요양판정
여자,울산광역시,기초수급,2등급,131,2020,https://api.odcloud.kr/api/15072696/v1/uddi:872f15c4-7f70-4c68-a8c9-8f22d2f79bcc,PUB-010_시도별_장기요양판정
여자,울산광역시,기초수급,3등급,363,2020,https://api.odcloud.kr/api/15072696/v1/uddi:872f15c4-7f70-4c68-a8c9-8f22d2f79bcc,PUB-010_시도별_장기요양판정
여자,울산광역시,기초수급,4등급,712,2020,https://api.odcloud.kr/api/15072696/v1/uddi:872f15c4-7f70-4c68-a8c9-8f22d2f79bcc,PUB-010_시도별_장기요양판정
여자,울산광역시,기초수급,5등급,84,2020,https://api.odcloud.kr/api/15072696/v1/uddi:872f15c4-7f70-4c68-a8c9-8f22d2f79bcc,PUB-010_시도별_장기요양판정
여자,울산광역시,기초수급,인지지원등급,12,2020,https://api.odcloud.kr/api/15072696/v1/uddi:872f15c4-7f70-4c68-a8c9-8f22d2f79bcc,PUB-010_시도별_장기요양판정
여자,울산광역시,기초수급,등급외,276,2020,https://api.odcloud.kr/api/15072696/v1/uddi:872f15c4-7f70-4c68-a8c9-8f22d2f79bcc,PUB-010_시도별_장기요양판정
남자,세종특별자치시,일반,1등급,28,2020,https://api.odcloud.kr/api/15072696/v1/uddi:872f15c4-7f70-4c68-a8c9-8f22d2f79bcc,PUB-010_시도별_장기요양판정
남자,세종특별자치시,일반,2등급,67,2020,https://api.odcloud.kr/api/15072696/v1/uddi:872f15c4-7f70-4c68-a8c9-8f22d2f79bcc,PUB-010_시도별_장기요양판정
남자,세종특별자치시,일반,3등급,193,2020,https://api.odcloud.kr/api/15072696/v1/uddi:872f15c4-7f70-4c68-a8c9-8f22d2f79bcc,PUB-010_시도별_장기요양판정
남자,세종특별자치시,일반,4등급,263,2020,https://api.odcloud.kr/api/15072696/v1/uddi:872f15c4-7f70-4c68-a8c9-8f22d2f79bcc,PUB-010_시도별_장기요양판정
남자,세종특별자치시,일반,5등급,86,2020,https://api.odcloud.kr/api/15072696/v1/uddi:872f15c4-7f70-4c68-a8c9-8f22d2f79bcc,PUB-010_시도별_장기요양판정
남자,세종특별자치시,일반,인지지원등급,19,2020,https://api.odcloud.kr/api/15072696/v1/uddi:872f15c4-7f70-4c68-a8c9-8f22d2f79bcc,PUB-010_시도별_장기요양판정
남자,세종특별자치시,일반,등급외,113,2020,https://api.odcloud.kr/api/15072696/v1/uddi:872f15c4-7f70-4c68-a8c9-8f22d2f79bcc,PUB-010_시도별_장기요양판정
남자,세종특별자치시,감경,1등급,8,2020,https://api.odcloud.kr/api/15072696/v1/uddi:872f15c4-7f70-4c68-a8c9-8f22d2f79bcc,PUB-010_시도별_장기요양판정
남자,세종특별자치시,감경,2등급,26,2020,https://api.odcloud.kr/api/15072696/v1/uddi:872f15c4-7f70-4c68-a8c9-8f22d2f79bcc,PUB-010_시도별_장기요양판정
남자,세종특별자치시,감경,3등급,79,2020,https://api.odcloud.kr/api/15072696/v1/uddi:872f15c4-7f70-4c68-a8c9-8f22d2f79bcc,PUB-010_시도별_장기요양판정
남자,세종특별자치시,감경,4등급,120,2020,https://api.odcloud.kr/api/15072696/v1/uddi:872f15c4-7f70-4c68-a8c9-8f22d2f79bcc,PUB-010_시도별_장기요양판정
남자,세종특별자치시,감경,5등급,30,2020,https://api.odcloud.kr/api/15072696/v1/uddi:872f15c4-7f70-4c68-a8c9-8f22d2f79bcc,PUB-010_시도별_장기요양판정
남자,세종특별자치시,감경,인지지원등급,4,2020,https://api.odcloud.kr/api/15072696/v1/uddi:872f15c4-7f70-4c68-a8c9-8f22d2f79bcc,PUB-010_시도별_장기요양판정
남자,세종특별자치시,감경,등급외,8,2020,https://api.odcloud.kr/api/15072696/v1/uddi:872f15c4-7f70-4c68-a8c9-8f22d2f79bcc,PUB-010_시도별_장기요양판정
남자,세종특별자치시,의료급여,1등급,0,2020,https://api.odcloud.kr/api/15072696/v1/uddi:872f15c4-7f70-4c68-a8c9-8f22d2f79bcc,PUB-010_시도별_장기요양판정
남자,세종특별자치시,의료급여,2등급,3,2020,https://api.odcloud.kr/api/15072696/v1/uddi:872f15c4-7f70-4c68-a8c9-8f22d2f79bcc,PUB-010_시도별_장기요양판정
남자,세종특별자치시,의료급여,3등급,1,2020,https://api.odcloud.kr/api/15072696/v1/uddi:872f15c4-7f70-4c68-a8c9-8f22d2f79bcc,PUB-010_시도별_장기요양판정
남자,세종특별자치시,의료급여,4등급,4,2020,https://api.odcloud.kr/api/15072696/v1/uddi:872f15c4-7f70-4c68-a8c9-8f22d2f79bcc,PUB-010_시도별_장기요양판정
남자,세종특별자치시,의료급여,인지지원등급,1,2020,https://api.odcloud.kr/api/15072696/v1/uddi:872f15c4-7f70-4c68-a8c9-8f22d2f79bcc,PUB-010_시도별_장기요양판정
남자,세종특별자치시,의료급여,등급외,1,2020,https://api.odcloud.kr/api/15072696/v1/uddi:872f15c4-7f70-4c68-a8c9-8f22d2f79bcc,PUB-010_시도별_장기요양판정
남자,세종특별자치시,기초수급,1등급,7,2020,https://api.odcloud.kr/api/15072696/v1/uddi:872f15c4-7f70-4c68-a8c9-8f22d2f79bcc,PUB-010_시도별_장기요양판정
남자,세종특별자치시,기초수급,2등급,9,2020,https://api.odcloud.kr/api/15072696/v1/uddi:872f15c4-7f70-4c68-a8c9-8f22d2f79bcc,PUB-010_시도별_장기요양판정
남자,세종특별자치시,기초수급,3등급,32,2020,https://api.odcloud.kr/api/15072696/v1/uddi:872f15c4-7f70-4c68-a8c9-8f22d2f79bcc,PUB-010_시도별_장기요양판정
남자,세종특별자치시,기초수급,4등급,55,2020,https://api.odcloud.kr/api/15072696/v1/uddi:872f15c4-7f70-4c68-a8c9-8f22d2f79bcc,PUB-010_시도별_장기요양판정
남자,세종특별자치시,기초수급,5등급,10,2020,https://api.odcloud.kr/api/15072696/v1/uddi:872f15c4-7f70-4c68-a8c9-8f22d2f79bcc,PUB-010_시도별_장기요양판정
남자,세종특별자치시,기초수급,인지지원등급,3,2020,https://api.odcloud.kr/api/15072696/v1/uddi:872f15c4-7f70-4c68-a8c9-8f22d2f79bcc,PUB-010_시도별_장기요양판정
남자,세종특별자치시,기초수급,등급외,25,2020,https://api.odcloud.kr/api/15072696/v1/uddi:872f15c4-7f70-4c68-a8c9-8f22d2f79bcc,PUB-010_시도별_장기요양판정
여자,세종특별자치시,일반,1등급,79,2020,https://api.odcloud.kr/api/15072696/v1/uddi:872f15c4-7f70-4c68-a8c9-8f22d2f79bcc,PUB-010_시도별_장기요양판정
여자,세종특별자치시,일반,2등급,191,2020,https://api.odcloud.kr/api/15072696/v1/uddi:872f15c4-7f70-4c68-a8c9-8f22d2f79bcc,PUB-010_시도별_장기요양판정
여자,세종특별자치시,일반,3등급,408,2020,https://api.odcloud.kr/api/15072696/v1/uddi:872f15c4-7f70-4c68-a8c9-8f22d2f79bcc,PUB-010_시도별_장기요양판정
여자,세종특별자치시,일반,4등급,686,2020,https://api.odcloud.kr/api/15072696/v1/uddi:872f15c4-7f70-4c68-a8c9-8f22d2f79bcc,PUB-010_시도별_장기요양판정
여자,세종특별자치시,일반,5등급,201,2020,https://api.odcloud.kr/api/15072696/v1/uddi:872f15c4-7f70-4c68-a8c9-8f22d2f79bcc,PUB-010_시도별_장기요양판정
여자,세종특별자치시,일반,인지지원등급,54,2020,https://api.odcloud.kr/api/15072696/v1/uddi:872f15c4-7f70-4c68-a8c9-8f22d2f79bcc,PUB-010_시도별_장기요양판정
여자,세종특별자치시,일반,등급외,281,2020,https://api.odcloud.kr/api/15072696/v1/uddi:872f15c4-7f70-4c68-a8c9-8f22d2f79bcc,PUB-010_시도별_장기요양판정
여자,세종특별자치시,감경,1등급,41,2020,https://api.odcloud.kr/api/15072696/v1/uddi:872f15c4-7f70-4c68-a8c9-8f22d2f79bcc,PUB-010_시도별_장기요양판정
여자,세종특별자치시,감경,2등급,85,2020,https://api.odcloud.kr/api/15072696/v1/uddi:872f15c4-7f70-4c68-a8c9-8f22d2f79bcc,PUB-010_시도별_장기요양판정
여자,세종특별자치시,감경,3등급,222,2020,https://api.odcloud.kr/api/15072696/v1/uddi:872f15c4-7f70-4c68-a8c9-8f22d2f79bcc,PUB-010_시도별_장기요양판정
여자,세종특별자치시,감경,4등급,315,2020,https://api.odcloud.kr/api/15072696/v1/uddi:872f15c4-7f70-4c68-a8c9-8f22d2f79bcc,PUB-010_시도별_장기요양판정
여자,세종특별자치시,감경,5등급,103,2020,https://api.odcloud.kr/api/15072696/v1/uddi:872f15c4-7f70-4c68-a8c9-8f22d2f79bcc,PUB-010_시도별_장기요양판정
여자,세종특별자치시,감경,인지지원등급,12,2020,https://api.odcloud.kr/api/15072696/v1/uddi:872f15c4-7f70-4c68-a8c9-8f22d2f79bcc,PUB-010_시도별_장기요양판정
여자,세종특별자치시,감경,등급외,9,2020,https://api.odcloud.kr/api/15072696/v1/uddi:872f15c4-7f70-4c68-a8c9-8f22d2f79bcc,PUB-010_시도별_장기요양판정
여자,세종특별자치시,의료급여,1등급,0,2020,https://api.odcloud.kr/api/15072696/v1/uddi:872f15c4-7f70-4c68-a8c9-8f22d2f79bcc,PUB-010_시도별_장기요양판정
여자,세종특별자치시,의료급여,2등급,2,2020,https://api.odcloud.kr/api/15072696/v1/uddi:872f15c4-7f70-4c68-a8c9-8f22d2f79bcc,PUB-010_시도별_장기요양판정
여자,세종특별자치시,의료급여,3등급,10,2020,https://api.odcloud.kr/api/15072696/v1/uddi:872f15c4-7f70-4c68-a8c9-8f22d2f79bcc,PUB-010_시도별_장기요양판정
여자,세종특별자치시,의료급여,4등급,8,2020,https://api.odcloud.kr/api/15072696/v1/uddi:872f15c4-7f70-4c68-a8c9-8f22d2f79bcc,PUB-010_시도별_장기요양판정
여자,세종특별자치시,의료급여,5등급,4,2020,https://api.odcloud.kr/api/15072696/v1/uddi:872f15c4-7f70-4c68-a8c9-8f22d2f79bcc,PUB-010_시도별_장기요양판정
여자,세종특별자치시,의료급여,등급외,6,2020,https://api.odcloud.kr/api/15072696/v1/uddi:872f15c4-7f70-4c68-a8c9-8f22d2f79bcc,PUB-010_시도별_장기요양판정
여자,세종특별자치시,기초수급,1등급,10,2020,https://api.odcloud.kr/api/15072696/v1/uddi:872f15c4-7f70-4c68-a8c9-8f22d2f79bcc,PUB-010_시도별_장기요양판정
여자,세종특별자치시,기초수급,2등급,22,2020,https://api.odcloud.kr/api/15072696/v1/uddi:872f15c4-7f70-4c68-a8c9-8f22d2f79bcc,PUB-010_시도별_장기요양판정
여자,세종특별자치시,기초수급,3등급,62,2020,https://api.odcloud.kr/api/15072696/v1/uddi:872f15c4-7f70-4c68-a8c9-8f22d2f79bcc,PUB-010_시도별_장기요양판정
여자,세종특별자치시,기초수급,4등급,122,2020,https://api.odcloud.kr/api/15072696/v1/uddi:872f15c4-7f70-4c68-a8c9-8f22d2f79bcc,PUB-010_시도별_장기요양판정
여자,세종특별자치시,기초수급,5등급,23,2020,https://api.odcloud.kr/api/15072696/v1/uddi:872f15c4-7f70-4c68-a8c9-8f22d2f79bcc,PUB-010_시도별_장기요양판정
여자,세종특별자치시,기초수급,인지지원등급,5,2020,https://api.odcloud.kr/api/15072696/v1/uddi:872f15c4-7f70-4c68-a8c9-8f22d2f79bcc,PUB-010_시도별_장기요양판정
여자,세종특별자치시,기초수급,등급외,60,2020,https://api.odcloud.kr/api/15072696/v1/uddi:872f15c4-7f70-4c68-a8c9-8f22d2f79bcc,PUB-010_시도별_장기요양판정
남자,경기도,일반,1등급,1538,2020,https://api.odcloud.kr/api/15072696/v1/uddi:872f15c4-7f70-4c68-a8c9-8f22d2f79bcc,PUB-010_시도별_장기요양판정
남자,경기도,일반,2등급,2466,2020,https://api.odcloud.kr/api/15072696/v1/uddi:872f15c4-7f70-4c68-a8c9-8f22d2f79bcc,PUB-010_시도별_장기요양판정
남자,경기도,일반,3등급,8213,2020,https://api.odcloud.kr/api/15072696/v1/uddi:872f15c4-7f70-4c68-a8c9-8f22d2f79bcc,PUB-010_시도별_장기요양판정
남자,경기도,일반,4등급,10772,2020,https://api.odcloud.kr/api/15072696/v1/uddi:872f15c4-7f70-4c68-a8c9-8f22d2f79bcc,PUB-010_시도별_장기요양판정
남자,경기도,일반,5등급,2760,2020,https://api.odcloud.kr/api/15072696/v1/uddi:872f15c4-7f70-4c68-a8c9-8f22d2f79bcc,PUB-010_시도별_장기요양판정
남자,경기도,일반,인지지원등급,756,2020,https://api.odcloud.kr/api/15072696/v1/uddi:872f15c4-7f70-4c68-a8c9-8f22d2f79bcc,PUB-010_시도별_장기요양판정
남자,경기도,일반,등급외,5483,2020,https://api.odcloud.kr/api/15072696/v1/uddi:872f15c4-7f70-4c68-a8c9-8f22d2f79bcc,PUB-010_시도별_장기요양판정
남자,경기도,감경,1등급,806,2020,https://api.odcloud.kr/api/15072696/v1/uddi:872f15c4-7f70-4c68-a8c9-8f22d2f79bcc,PUB-010_시도별_장기요양판정
남자,경기도,감경,2등급,1456,2020,https://api.odcloud.kr/api/15072696/v1/uddi:872f15c4-7f70-4c68-a8c9-8f22d2f79bcc,PUB-010_시도별_장기요양판정
남자,경기도,감경,3등급,4937,2020,https://api.odcloud.kr/api/15072696/v1/uddi:872f15c4-7f70-4c68-a8c9-8f22d2f79bcc,PUB-010_시도별_장기요양판정
남자,경기도,감경,4등급,6202,2020,https://api.odcloud.kr/api/15072696/v1/uddi:872f15c4-7f70-4c68-a8c9-8f22d2f79bcc,PUB-010_시도별_장기요양판정
남자,경기도,감경,5등급,1616,2020,https://api.odcloud.kr/api/15072696/v1/uddi:872f15c4-7f70-4c68-a8c9-8f22d2f79bcc,PUB-010_시도별_장기요양판정
남자,경기도,감경,인지지원등급,403,2020,https://api.odcloud.kr/api/15072696/v1/uddi:872f15c4-7f70-4c68-a8c9-8f22d2f79bcc,PUB-010_시도별_장기요양판정
남자,경기도,감경,등급외,245,2020,https://api.odcloud.kr/api/15072696/v1/uddi:872f15c4-7f70-4c68-a8c9-8f22d2f79bcc,PUB-010_시도별_장기요양판정
남자,경기도,의료급여,1등급,16,2020,https://api.odcloud.kr/api/15072696/v1/uddi:872f15c4-7f70-4c68-a8c9-8f22d2f79bcc,PUB-010_시도별_장기요양판정
남자,경기도,의료급여,2등급,41,2020,https://api.odcloud.kr/api/15072696/v1/uddi:872f15c4-7f70-4c68-a8c9-8f22d2f79bcc,PUB-010_시도별_장기요양판정
남자,경기도,의료급여,3등급,143,2020,https://api.odcloud.kr/api/15072696/v1/uddi:872f15c4-7f70-4c68-a8c9-8f22d2f79bcc,PUB-010_시도별_장기요양판정
남자,경기도,의료급여,4등급,215,2020,https://api.odcloud.kr/api/15072696/v1/uddi:872f15c4-7f70-4c68-a8c9-8f22d2f79bcc,PUB-010_시도별_장기요양판정
남자,경기도,의료급여,5등급,41,2020,https://api.odcloud.kr/api/15072696/v1/uddi:872f15c4-7f70-4c68-a8c9-8f22d2f79bcc,PUB-010_시도별_장기요양판정
남자,경기도,의료급여,인지지원등급,10,2020,https://api.odcloud.kr/api/15072696/v1/uddi:872f15c4-7f70-4c68-a8c9-8f22d2f79bcc,PUB-010_시도별_장기요양판정
남자,경기도,의료급여,등급외,70,2020,https://api.odcloud.kr/api/15072696/v1/uddi:872f15c4-7f70-4c68-a8c9-8f22d2f79bcc,PUB-010_시도별_장기요양판정
남자,경기도,기초수급,1등급,448,2020,https://api.odcloud.kr/api/15072696/v1/uddi:872f15c4-7f70-4c68-a8c9-8f22d2f79bcc,PUB-010_시도별_장기요양판정
남자,경기도,기초수급,2등급,731,2020,https://api.odcloud.kr/api/15072696/v1/uddi:872f15c4-7f70-4c68-a8c9-8f22d2f79bcc,PUB-010_시도별_장기요양판정
남자,경기도,기초수급,3등급,2299,2020,https://api.odcloud.kr/api/15072696/v1/uddi:872f15c4-7f70-4c68-a8c9-8f22d2f79bcc,PUB-010_시도별_장기요양판정
남자,경기도,기초수급,4등급,3817,2020,https://api.odcloud.kr/api/15072696/v1/uddi:872f15c4-7f70-4c68-a8c9-8f22d2f79bcc,PUB-010_시도별_장기요양판정
남자,경기도,기초수급,5등급,910,2020,https://api.odcloud.kr/api/15072696/v1/uddi:872f15c4-7f70-4c68-a8c9-8f22d2f79bcc,PUB-010_시도별_장기요양판정
남자,경기도,기초수급,인지지원등급,248,2020,https://api.odcloud.kr/api/15072696/v1/uddi:872f15c4-7f70-4c68-a8c9-8f22d2f79bcc,PUB-010_시도별_장기요양판정
남자,경기도,기초수급,등급외,2292,2020,https://api.odcloud.kr/api/15072696/v1/uddi:872f15c4-7f70-4c68-a8c9-8f22d2f79bcc,PUB-010_시도별_장기요양판정
여자,경기도,일반,1등급,3696,2020,https://api.odcloud.kr/api/15072696/v1/uddi:872f15c4-7f70-4c68-a8c9-8f22d2f79bcc,PUB-010_시도별_장기요양판정
여자,경기도,일반,2등급,6863,2020,https://api.odcloud.kr/api/15072696/v1/uddi:872f15c4-7f70-4c68-a8c9-8f22d2f79bcc,PUB-010_시도별_장기요양판정
여자,경기도,일반,3등급,19351,2020,https://api.odcloud.kr/api/15072696/v1/uddi:872f15c4-7f70-4c68-a8c9-8f22d2f79bcc,PUB-010_시도별_장기요양판정
여자,경기도,일반,4등급,26369,2020,https://api.odcloud.kr/api/15072696/v1/uddi:872f15c4-7f70-4c68-a8c9-8f22d2f79bcc,PUB-010_시도별_장기요양판정
여자,경기도,일반,5등급,7126,2020,https://api.odcloud.kr/api/15072696/v1/uddi:872f15c4-7f70-4c68-a8c9-8f22d2f79bcc,PUB-010_시도별_장기요양판정
여자,경기도,일반,인지지원등급,1849,2020,https://api.odcloud.kr/api/15072696/v1/uddi:872f15c4-7f70-4c68-a8c9-8f22d2f79bcc,PUB-010_시도별_장기요양판정
여자,경기도,일반,등급외,12317,2020,https://api.odcloud.kr/api/15072696/v1/uddi:872f15c4-7f70-4c68-a8c9-8f22d2f79bcc,PUB-010_시도별_장기요양판정
여자,경기도,감경,1등급,2366,2020,https://api.odcloud.kr/api/15072696/v1/uddi:872f15c4-7f70-4c68-a8c9-8f22d2f79bcc,PUB-010_시도별_장기요양판정
여자,경기도,감경,2등급,4840,2020,https://api.odcloud.kr/api/15072696/v1/uddi:872f15c4-7f70-4c68-a8c9-8f22d2f79bcc,PUB-010_시도별_장기요양판정
여자,경기도,감경,3등급,13158,2020,https://api.odcloud.kr/api/15072696/v1/uddi:872f15c4-7f70-4c68-a8c9-8f22d2f79bcc,PUB-010_시도별_장기요양판정
여자,경기도,감경,4등급,16476,2020,https://api.odcloud.kr/api/15072696/v1/uddi:872f15c4-7f70-4c68-a8c9-8f22d2f79bcc,PUB-010_시도별_장기요양판정
여자,경기도,감경,5등급,4107,2020,https://api.odcloud.kr/api/15072696/v1/uddi:872f15c4-7f70-4c68-a8c9-8f22d2f79bcc,PUB-010_시도별_장기요양판정
여자,경기도,감경,인지지원등급,920,2020,https://api.odcloud.kr/api/15072696/v1/uddi:872f15c4-7f70-4c68-a8c9-8f22d2f79bcc,PUB-010_시도별_장기요양판정
여자,경기도,감경,등급외,535,2020,https://api.odcloud.kr/api/15072696/v1/uddi:872f15c4-7f70-4c68-a8c9-8f22d2f79bcc,PUB-010_시도별_장기요양판정
여자,경기도,의료급여,1등급,68,2020,https://api.odcloud.kr/api/15072696/v1/uddi:872f15c4-7f70-4c68-a8c9-8f22d2f79bcc,PUB-010_시도별_장기요양판정
여자,경기도,의료급여,2등급,155,2020,https://api.odcloud.kr/api/15072696/v1/uddi:872f15c4-7f70-4c68-a8c9-8f22d2f79bcc,PUB-010_시도별_장기요양판정
여자,경기도,의료급여,3등급,456,2020,https://api.odcloud.kr/api/15072696/v1/uddi:872f15c4-7f70-4c68-a8c9-8f22d2f79bcc,PUB-010_시도별_장기요양판정
여자,경기도,의료급여,4등급,602,2020,https://api.odcloud.kr/api/15072696/v1/uddi:872f15c4-7f70-4c68-a8c9-8f22d2f79bcc,PUB-010_시도별_장기요양판정
여자,경기도,의료급여,5등급,124,2020,https://api.odcloud.kr/api/15072696/v1/uddi:872f15c4-7f70-4c68-a8c9-8f22d2f79bcc,PUB-010_시도별_장기요양판정
여자,경기도,의료급여,인지지원등급,19,2020,https://api.odcloud.kr/api/15072696/v1/uddi:872f15c4-7f70-4c68-a8c9-8f22d2f79bcc,PUB-010_시도별_장기요양판정
여자,경기도,의료급여,등급외,174,2020,https://api.odcloud.kr/api/15072696/v1/uddi:872f15c4-7f70-4c68-a8c9-8f22d2f79bcc,PUB-010_시도별_장기요양판정
여자,경기도,기초수급,1등급,1109,2020,https://api.odcloud.kr/api/15072696/v1/uddi:872f15c4-7f70-4c68-a8c9-8f22d2f79bcc,PUB-010_시도별_장기요양판정
여자,경기도,기초수급,2등급,2094,2020,https://api.odcloud.kr/api/15072696/v1/uddi:872f15c4-7f70-4c68-a8c9-8f22d2f79bcc,PUB-010_시도별_장기요양판정
여자,경기도,기초수급,3등급,5597,2020,https://api.odcloud.kr/api/15072696/v1/uddi:872f15c4-7f70-4c68-a8c9-8f22d2f79bcc,PUB-010_시도별_장기요양판정
여자,경기도,기초수급,4등급,8458,2020,https://api.odcloud.kr/api/15072696/v1/uddi:872f15c4-7f70-4c68-a8c9-8f22d2f79bcc,PUB-010_시도별_장기요양판정
여자,경기도,기초수급,5등급,2005,2020,https://api.odcloud.kr/api/15072696/v1/uddi:872f15c4-7f70-4c68-a8c9-8f22d2f79bcc,PUB-010_시도별_장기요양판정
여자,경기도,기초수급,인지지원등급,398,2020,https://api.odcloud.kr/api/15072696/v1/uddi:872f15c4-7f70-4c68-a8c9-8f22d2f79bcc,PUB-010_시도별_장기요양판정
여자,경기도,기초수급,등급외,3854,2020,https://api.odcloud.kr/api/15072696/v1/uddi:872f15c4-7f70-4c68-a8c9-8f22d2f79bcc,PUB-010_시도별_장기요양판정
남자,강원도,일반,1등급,282,2020,https://api.odcloud.kr/api/15072696/v1/uddi:872f15c4-7f70-4c68-a8c9-8f22d2f79bcc,PUB-010_시도별_장기요양판정
남자,강원도,일반,2등급,594,2020,https://api.odcloud.kr/api/15072696/v1/uddi:872f15c4-7f70-4c68-a8c9-8f22d2f79bcc,PUB-010_시도별_장기요양판정
남자,강원도,일반,3등급,1467,2020,https://api.odcloud.kr/api/15072696/v1/uddi:872f15c4-7f70-4c68-a8c9-8f22d2f79bcc,PUB-010_시도별_장기요양판정
남자,강원도,일반,4등급,1574,2020,https://api.odcloud.kr/api/15072696/v1/uddi:872f15c4-7f70-4c68-a8c9-8f22d2f79bcc,PUB-010_시도별_장기요양판정
남자,강원도,일반,5등급,326,2020,https://api.odcloud.kr/api/15072696/v1/uddi:872f15c4-7f70-4c68-a8c9-8f22d2f79bcc,PUB-010_시도별_장기요양판정
남자,강원도,일반,인지지원등급,114,2020,https://api.odcloud.kr/api/15072696/v1/uddi:872f15c4-7f70-4c68-a8c9-8f22d2f79bcc,PUB-010_시도별_장기요양판정
남자,강원도,일반,등급외,1217,2020,https://api.odcloud.kr/api/15072696/v1/uddi:872f15c4-7f70-4c68-a8c9-8f22d2f79bcc,PUB-010_시도별_장기요양판정
남자,강원도,감경,1등급,213,2020,https://api.odcloud.kr/api/15072696/v1/uddi:872f15c4-7f70-4c68-a8c9-8f22d2f79bcc,PUB-010_시도별_장기요양판정
남자,강원도,감경,2등급,422,2020,https://api.odcloud.kr/api/15072696/v1/uddi:872f15c4-7f70-4c68-a8c9-8f22d2f79bcc,PUB-010_시도별_장기요양판정
남자,강원도,감경,3등급,1100,2020,https://api.odcloud.kr/api/15072696/v1/uddi:872f15c4-7f70-4c68-a8c9-8f22d2f79bcc,PUB-010_시도별_장기요양판정
남자,강원도,감경,4등급,1166,2020,https://api.odcloud.kr/api/15072696/v1/uddi:872f15c4-7f70-4c68-a8c9-8f22d2f79bcc,PUB-010_시도별_장기요양판정
남자,강원도,감경,5등급,200,2020,https://api.odcloud.kr/api/15072696/v1/uddi:872f15c4-7f70-4c68-a8c9-8f22d2f79bcc,PUB-010_시도별_장기요양판정
남자,강원도,감경,인지지원등급,61,2020,https://api.odcloud.kr/api/15072696/v1/uddi:872f15c4-7f70-4c68-a8c9-8f22d2f79bcc,PUB-010_시도별_장기요양판정
남자,강원도,감경,등급외,73,2020,https://api.odcloud.kr/api/15072696/v1/uddi:872f15c4-7f70-4c68-a8c9-8f22d2f79bcc,PUB-010_시도별_장기요양판정
남자,강원도,의료급여,1등급,14,2020,https://api.odcloud.kr/api/15072696/v1/uddi:872f15c4-7f70-4c68-a8c9-8f22d2f79bcc,PUB-010_시도별_장기요양판정
남자,강원도,의료급여,2등급,16,2020,https://api.odcloud.kr/api/15072696/v1/uddi:872f15c4-7f70-4c68-a8c9-8f22d2f79bcc,PUB-010_시도별_장기요양판정
남자,강원도,의료급여,3등급,44,2020,https://api.odcloud.kr/api/15072696/v1/uddi:872f15c4-7f70-4c68-a8c9-8f22d2f79bcc,PUB-010_시도별_장기요양판정
남자,강원도,의료급여,4등급,44,2020,https://api.odcloud.kr/api/15072696/v1/uddi:872f15c4-7f70-4c68-a8c9-8f22d2f79bcc,PUB-010_시도별_장기요양판정
남자,강원도,의료급여,5등급,9,2020,https://api.odcloud.kr/api/15072696/v1/uddi:872f15c4-7f70-4c68-a8c9-8f22d2f79bcc,PUB-010_시도별_장기요양판정
남자,강원도,의료급여,인지지원등급,0,2020,https://api.odcloud.kr/api/15072696/v1/uddi:872f15c4-7f70-4c68-a8c9-8f22d2f79bcc,PUB-010_시도별_장기요양판정
남자,강원도,의료급여,등급외,18,2020,https://api.odcloud.kr/api/15072696/v1/uddi:872f15c4-7f70-4c68-a8c9-8f22d2f79bcc,PUB-010_시도별_장기요양판정
남자,강원도,기초수급,1등급,159,2020,https://api.odcloud.kr/api/15072696/v1/uddi:872f15c4-7f70-4c68-a8c9-8f22d2f79bcc,PUB-010_시도별_장기요양판정
남자,강원도,기초수급,2등급,227,2020,https://api.odcloud.kr/api/15072696/v1/uddi:872f15c4-7f70-4c68-a8c9-8f22d2f79bcc,PUB-010_시도별_장기요양판정
남자,강원도,기초수급,3등급,623,2020,https://api.odcloud.kr/api/15072696/v1/uddi:872f15c4-7f70-4c68-a8c9-8f22d2f79bcc,PUB-010_시도별_장기요양판정
남자,강원도,기초수급,4등급,786,2020,https://api.odcloud.kr/api/15072696/v1/uddi:872f15c4-7f70-4c68-a8c9-8f22d2f79bcc,PUB-010_시도별_장기요양판정
남자,강원도,기초수급,5등급,103,2020,https://api.odcloud.kr/api/15072696/v1/uddi:872f15c4-7f70-4c68-a8c9-8f22d2f79bcc,PUB-010_시도별_장기요양판정
남자,강원도,기초수급,인지지원등급,48,2020,https://api.odcloud.kr/api/15072696/v1/uddi:872f15c4-7f70-4c68-a8c9-8f22d2f79bcc,PUB-010_시도별_장기요양판정
남자,강원도,기초수급,등급외,600,2020,https://api.odcloud.kr/api/15072696/v1/uddi:872f15c4-7f70-4c68-a8c9-8f22d2f79bcc,PUB-010_시도별_장기요양판정
여자,강원도,일반,1등급,660,2020,https://api.odcloud.kr/api/15072696/v1/uddi:872f15c4-7f70-4c68-a8c9-8f22d2f79bcc,PUB-010_시도별_장기요양판정
여자,강원도,일반,2등급,1386,2020,https://api.odcloud.kr/api/15072696/v1/uddi:872f15c4-7f70-4c68-a8c9-8f22d2f79bcc,PUB-010_시도별_장기요양판정
여자,강원도,일반,3등급,3260,2020,https://api.odcloud.kr/api/15072696/v1/uddi:872f15c4-7f70-4c68-a8c9-8f22d2f79bcc,PUB-010_시도별_장기요양판정
여자,강원도,일반,4등급,3967,2020,https://api.odcloud.kr/api/15072696/v1/uddi:872f15c4-7f70-4c68-a8c9-8f22d2f79bcc,PUB-010_시도별_장기요양판정
여자,강원도,일반,5등급,845,2020,https://api.odcloud.kr/api/15072696/v1/uddi:872f15c4-7f70-4c68-a8c9-8f22d2f79bcc,PUB-010_시도별_장기요양판정
여자,강원도,일반,인지지원등급,243,2020,https://api.odcloud.kr/api/15072696/v1/uddi:872f15c4-7f70-4c68-a8c9-8f22d2f79bcc,PUB-010_시도별_장기요양판정
여자,강원도,일반,등급외,2631,2020,https://api.odcloud.kr/api/15072696/v1/uddi:872f15c4-7f70-4c68-a8c9-8f22d2f79bcc,PUB-010_시도별_장기요양판정
여자,강원도,감경,1등급,670,2020,https://api.odcloud.kr/api/15072696/v1/uddi:872f15c4-7f70-4c68-a8c9-8f22d2f79bcc,PUB-010_시도별_장기요양판정
여자,강원도,감경,2등급,1329,2020,https://api.odcloud.kr/api/15072696/v1/uddi:872f15c4-7f70-4c68-a8c9-8f22d2f79bcc,PUB-010_시도별_장기요양판정
여자,강원도,감경,3등급,3100,2020,https://api.odcloud.kr/api/15072696/v1/uddi:872f15c4-7f70-4c68-a8c9-8f22d2f79bcc,PUB-010_시도별_장기요양판정
여자,강원도,감경,4등급,3354,2020,https://api.odcloud.kr/api/15072696/v1/uddi:872f15c4-7f70-4c68-a8c9-8f22d2f79bcc,PUB-010_시도별_장기요양판정
여자,강원도,감경,5등급,641,2020,https://api.odcloud.kr/api/15072696/v1/uddi:872f15c4-7f70-4c68-a8c9-8f22d2f79bcc,PUB-010_시도별_장기요양판정
여자,강원도,감경,인지지원등급,152,2020,https://api.odcloud.kr/api/15072696/v1/uddi:872f15c4-7f70-4c68-a8c9-8f22d2f79bcc,PUB-010_시도별_장기요양판정
여자,강원도,감경,등급외,168,2020,https://api.odcloud.kr/api/15072696/v1/uddi:872f15c4-7f70-4c68-a8c9-8f22d2f79bcc,PUB-010_시도별_장기요양판정
여자,강원도,의료급여,1등급,20,2020,https://api.odcloud.kr/api/15072696/v1/uddi:872f15c4-7f70-4c68-a8c9-8f22d2f79bcc,PUB-010_시도별_장기요양판정
여자,강원도,의료급여,2등급,60,2020,https://api.odcloud.kr/api/15072696/v1/uddi:872f15c4-7f70-4c68-a8c9-8f22d2f79bcc,PUB-010_시도별_장기요양판정
여자,강원도,의료급여,3등급,141,2020,https://api.odcloud.kr/api/15072696/v1/uddi:872f15c4-7f70-4c68-a8c9-8f22d2f79bcc,PUB-010_시도별_장기요양판정
여자,강원도,의료급여,4등급,157,2020,https://api.odcloud.kr/api/15072696/v1/uddi:872f15c4-7f70-4c68-a8c9-8f22d2f79bcc,PUB-010_시도별_장기요양판정
여자,강원도,의료급여,5등급,34,2020,https://api.odcloud.kr/api/15072696/v1/uddi:872f15c4-7f70-4c68-a8c9-8f22d2f79bcc,PUB-010_시도별_장기요양판정
여자,강원도,의료급여,인지지원등급,11,2020,https://api.odcloud.kr/api/15072696/v1/uddi:872f15c4-7f70-4c68-a8c9-8f22d2f79bcc,PUB-010_시도별_장기요양판정
여자,강원도,의료급여,등급외,66,2020,https://api.odcloud.kr/api/15072696/v1/uddi:872f15c4-7f70-4c68-a8c9-8f22d2f79bcc,PUB-010_시도별_장기요양판정
여자,강원도,기초수급,1등급,340,2020,https://api.odcloud.kr/api/15072696/v1/uddi:872f15c4-7f70-4c68-a8c9-8f22d2f79bcc,PUB-010_시도별_장기요양판정
여자,강원도,기초수급,2등급,602,2020,https://api.odcloud.kr/api/15072696/v1/uddi:872f15c4-7f70-4c68-a8c9-8f22d2f79bcc,PUB-010_시도별_장기요양판정
여자,강원도,기초수급,3등급,1363,2020,https://api.odcloud.kr/api/15072696/v1/uddi:872f15c4-7f70-4c68-a8c9-8f22d2f79bcc,PUB-010_시도별_장기요양판정
여자,강원도,기초수급,4등급,1740,2020,https://api.odcloud.kr/api/15072696/v1/uddi:872f15c4-7f70-4c68-a8c9-8f22d2f79bcc,PUB-010_시도별_장기요양판정
여자,강원도,기초수급,5등급,277,2020,https://api.odcloud.kr/api/15072696/v1/uddi:872f15c4-7f70-4c68-a8c9-8f22d2f79bcc,PUB-010_시도별_장기요양판정
여자,강원도,기초수급,인지지원등급,86,2020,https://api.odcloud.kr/api/15072696/v1/uddi:872f15c4-7f70-4c68-a8c9-8f22d2f79bcc,PUB-010_시도별_장기요양판정
여자,강원도,기초수급,등급외,1015,2020,https://api.odcloud.kr/api/15072696/v1/uddi:872f15c4-7f70-4c68-a8c9-8f22d2f79bcc,PUB-010_시도별_장기요양판정
남자,충청북도,일반,1등급,175,2020,https://api.odcloud.kr/api/15072696/v1/uddi:872f15c4-7f70-4c68-a8c9-8f22d2f79bcc,PUB-010_시도별_장기요양판정
남자,충청북도,일반,2등급,454,2020,https://api.odcloud.kr/api/15072696/v1/uddi:872f15c4-7f70-4c68-a8c9-8f22d2f79bcc,PUB-010_시도별_장기요양판정
남자,충청북도,일반,3등급,1273,2020,https://api.odcloud.kr/api/15072696/v1/uddi:872f15c4-7f70-4c68-a8c9-8f22d2f79bcc,PUB-010_시도별_장기요양판정
남자,충청북도,일반,4등급,1775,2020,https://api.odcloud.kr/api/15072696/v1/uddi:872f15c4-7f70-4c68-a8c9-8f22d2f79bcc,PUB-010_시도별_장기요양판정
남자,충청북도,일반,5등급,558,2020,https://api.odcloud.kr/api/15072696/v1/uddi:872f15c4-7f70-4c68-a8c9-8f22d2f79bcc,PUB-010_시도별_장기요양판정
남자,충청북도,일반,인지지원등급,123,2020,https://api.odcloud.kr/api/15072696/v1/uddi:872f15c4-7f70-4c68-a8c9-8f22d2f79bcc,PUB-010_시도별_장기요양판정
남자,충청북도,일반,등급외,1081,2020,https://api.odcloud.kr/api/15072696/v1/uddi:872f15c4-7f70-4c68-a8c9-8f22d2f79bcc,PUB-010_시도별_장기요양판정
남자,충청북도,감경,1등급,134,2020,https://api.odcloud.kr/api/15072696/v1/uddi:872f15c4-7f70-4c68-a8c9-8f22d2f79bcc,PUB-010_시도별_장기요양판정
남자,충청북도,감경,2등급,329,2020,https://api.odcloud.kr/api/15072696/v1/uddi:872f15c4-7f70-4c68-a8c9-8f22d2f79bcc,PUB-010_시도별_장기요양판정
남자,충청북도,감경,3등급,870,2020,https://api.odcloud.kr/api/15072696/v1/uddi:872f15c4-7f70-4c68-a8c9-8f22d2f79bcc,PUB-010_시도별_장기요양판정
남자,충청북도,감경,4등급,1213,2020,https://api.odcloud.kr/api/15072696/v1/uddi:872f15c4-7f70-4c68-a8c9-8f22d2f79bcc,PUB-010_시도별_장기요양판정
남자,충청북도,감경,5등급,316,2020,https://api.odcloud.kr/api/15072696/v1/uddi:872f15c4-7f70-4c68-a8c9-8f22d2f79bcc,PUB-010_시도별_장기요양판정
남자,충청북도,감경,인지지원등급,73,2020,https://api.odcloud.kr/api/15072696/v1/uddi:872f15c4-7f70-4c68-a8c9-8f22d2f79bcc,PUB-010_시도별_장기요양판정
남자,충청북도,감경,등급외,41,2020,https://api.odcloud.kr/api/15072696/v1/uddi:872f15c4-7f70-4c68-a8c9-8f22d2f79bcc,PUB-010_시도별_장기요양판정
남자,충청북도,의료급여,1등급,7,2020,https://api.odcloud.kr/api/15072696/v1/uddi:872f15c4-7f70-4c68-a8c9-8f22d2f79bcc,PUB-010_시도별_장기요양판정
남자,충청북도,의료급여,2등급,21,2020,https://api.odcloud.kr/api/15072696/v1/uddi:872f15c4-7f70-4c68-a8c9-8f22d2f79bcc,PUB-010_시도별_장기요양판정
남자,충청북도,의료급여,3등급,29,2020,https://api.odcloud.kr/api/15072696/v1/uddi:872f15c4-7f70-4c68-a8c9-8f22d2f79bcc,PUB-010_시도별_장기요양판정
남자,충청북도,의료급여,4등급,56,2020,https://api.odcloud.kr/api/15072696/v1/uddi:872f15c4-7f70-4c68-a8c9-8f22d2f79bcc,PUB-010_시도별_장기요양판정
남자,충청북도,의료급여,5등급,11,2020,https://api.odcloud.kr/api/15072696/v1/uddi:872f15c4-7f70-4c68-a8c9-8f22d2f79bcc,PUB-010_시도별_장기요양판정
남자,충청북도,의료급여,인지지원등급,5,2020,https://api.odcloud.kr/api/15072696/v1/uddi:872f15c4-7f70-4c68-a8c9-8f22d2f79bcc,PUB-010_시도별_장기요양판정
남자,충청북도,의료급여,등급외,19,2020,https://api.odcloud.kr/api/15072696/v1/uddi:872f15c4-7f70-4c68-a8c9-8f22d2f79bcc,PUB-010_시도별_장기요양판정
남자,충청북도,기초수급,1등급,115,2020,https://api.odcloud.kr/api/15072696/v1/uddi:872f15c4-7f70-4c68-a8c9-8f22d2f79bcc,PUB-010_시도별_장기요양판정
남자,충청북도,기초수급,2등급,163,2020,https://api.odcloud.kr/api/15072696/v1/uddi:872f15c4-7f70-4c68-a8c9-8f22d2f79bcc,PUB-010_시도별_장기요양판정
남자,충청북도,기초수급,3등급,395,2020,https://api.odcloud.kr/api/15072696/v1/uddi:872f15c4-7f70-4c68-a8c9-8f22d2f79bcc,PUB-010_시도별_장기요양판정
남자,충청북도,기초수급,4등급,643,2020,https://api.odcloud.kr/api/15072696/v1/uddi:872f15c4-7f70-4c68-a8c9-8f22d2f79bcc,PUB-010_시도별_장기요양판정
남자,충청북도,기초수급,5등급,156,2020,https://api.odcloud.kr/api/15072696/v1/uddi:872f15c4-7f70-4c68-a8c9-8f22d2f79bcc,PUB-010_시도별_장기요양판정
남자,충청북도,기초수급,인지지원등급,49,2020,https://api.odcloud.kr/api/15072696/v1/uddi:872f15c4-7f70-4c68-a8c9-8f22d2f79bcc,PUB-010_시도별_장기요양판정
남자,충청북도,기초수급,등급외,459,2020,https://api.odcloud.kr/api/15072696/v1/uddi:872f15c4-7f70-4c68-a8c9-8f22d2f79bcc,PUB-010_시도별_장기요양판정
여자,충청북도,일반,1등급,469,2020,https://api.odcloud.kr/api/15072696/v1/uddi:872f15c4-7f70-4c68-a8c9-8f22d2f79bcc,PUB-010_시도별_장기요양판정
여자,충청북도,일반,2등급,1289,2020,https://api.odcloud.kr/api/15072696/v1/uddi:872f15c4-7f70-4c68-a8c9-8f22d2f79bcc,PUB-010_시도별_장기요양판정
여자,충청북도,일반,3등급,3113,2020,https://api.odcloud.kr/api/15072696/v1/uddi:872f15c4-7f70-4c68-a8c9-8f22d2f79bcc,PUB-010_시도별_장기요양판정
여자,충청북도,일반,4등급,4760,2020,https://api.odcloud.kr/api/15072696/v1/uddi:872f15c4-7f70-4c68-a8c9-8f22d2f79bcc,PUB-010_시도별_장기요양판정
여자,충청북도,일반,5등급,1372,2020,https://api.odcloud.kr/api/15072696/v1/uddi:872f15c4-7f70-4c68-a8c9-8f22d2f79bcc,PUB-010_시도별_장기요양판정
여자,충청북도,일반,인지지원등급,306,2020,https://api.odcloud.kr/api/15072696/v1/uddi:872f15c4-7f70-4c68-a8c9-8f22d2f79bcc,PUB-010_시도별_장기요양판정
여자,충청북도,일반,등급외,2306,2020,https://api.odcloud.kr/api/15072696/v1/uddi:872f15c4-7f70-4c68-a8c9-8f22d2f79bcc,PUB-010_시도별_장기요양판정
여자,충청북도,감경,1등급,428,2020,https://api.odcloud.kr/api/15072696/v1/uddi:872f15c4-7f70-4c68-a8c9-8f22d2f79bcc,PUB-010_시도별_장기요양판정
여자,충청북도,감경,2등급,1169,2020,https://api.odcloud.kr/api/15072696/v1/uddi:872f15c4-7f70-4c68-a8c9-8f22d2f79bcc,PUB-010_시도별_장기요양판정
여자,충청북도,감경,3등급,2703,2020,https://api.odcloud.kr/api/15072696/v1/uddi:872f15c4-7f70-4c68-a8c9-8f22d2f79bcc,PUB-010_시도별_장기요양판정
여자,충청북도,감경,4등급,3670,2020,https://api.odcloud.kr/api/15072696/v1/uddi:872f15c4-7f70-4c68-a8c9-8f22d2f79bcc,PUB-010_시도별_장기요양판정
여자,충청북도,감경,5등급,921,2020,https://api.odcloud.kr/api/15072696/v1/uddi:872f15c4-7f70-4c68-a8c9-8f22d2f79bcc,PUB-010_시도별_장기요양판정
여자,충청북도,감경,인지지원등급,190,2020,https://api.odcloud.kr/api/15072696/v1/uddi:872f15c4-7f70-4c68-a8c9-8f22d2f79bcc,PUB-010_시도별_장기요양판정
여자,충청북도,감경,등급외,90,2020,https://api.odcloud.kr/api/15072696/v1/uddi:872f15c4-7f70-4c68-a8c9-8f22d2f79bcc,PUB-010_시도별_장기요양판정
여자,충청북도,의료급여,1등급,11,2020,https://api.odcloud.kr/api/15072696/v1/uddi:872f15c4-7f70-4c68-a8c9-8f22d2f79bcc,PUB-010_시도별_장기요양판정
여자,충청북도,의료급여,2등급,39,2020,https://api.odcloud.kr/api/15072696/v1/uddi:872f15c4-7f70-4c68-a8c9-8f22d2f79bcc,PUB-010_시도별_장기요양판정
여자,충청북도,의료급여,3등급,92,2020,https://api.odcloud.kr/api/15072696/v1/uddi:872f15c4-7f70-4c68-a8c9-8f22d2f79bcc,PUB-010_시도별_장기요양판정
여자,충청북도,의료급여,4등급,145,2020,https://api.odcloud.kr/api/15072696/v1/uddi:872f15c4-7f70-4c68-a8c9-8f22d2f79bcc,PUB-010_시도별_장기요양판정
여자,충청북도,의료급여,5등급,42,2020,https://api.odcloud.kr/api/15072696/v1/uddi:872f15c4-7f70-4c68-a8c9-8f22d2f79bcc,PUB-010_시도별_장기요양판정
여자,충청북도,의료급여,인지지원등급,10,2020,https://api.odcloud.kr/api/15072696/v1/uddi:872f15c4-7f70-4c68-a8c9-8f22d2f79bcc,PUB-010_시도별_장기요양판정
여자,충청북도,의료급여,등급외,45,2020,https://api.odcloud.kr/api/15072696/v1/uddi:872f15c4-7f70-4c68-a8c9-8f22d2f79bcc,PUB-010_시도별_장기요양판정
여자,충청북도,기초수급,1등급,219,2020,https://api.odcloud.kr/api/15072696/v1/uddi:872f15c4-7f70-4c68-a8c9-8f22d2f79bcc,PUB-010_시도별_장기요양판정
여자,충청북도,기초수급,2등급,416,2020,https://api.odcloud.kr/api/15072696/v1/uddi:872f15c4-7f70-4c68-a8c9-8f22d2f79bcc,PUB-010_시도별_장기요양판정
여자,충청북도,기초수급,3등급,909,2020,https://api.odcloud.kr/api/15072696/v1/uddi:872f15c4-7f70-4c68-a8c9-8f22d2f79bcc,PUB-010_시도별_장기요양판정
여자,충청북도,기초수급,4등급,1393,2020,https://api.odcloud.kr/api/15072696/v1/uddi:872f15c4-7f70-4c68-a8c9-8f22d2f79bcc,PUB-010_시도별_장기요양판정
여자,충청북도,기초수급,5등급,372,2020,https://api.odcloud.kr/api/15072696/v1/uddi:872f15c4-7f70-4c68-a8c9-8f22d2f79bcc,PUB-010_시도별_장기요양판정
여자,충청북도,기초수급,인지지원등급,80,2020,https://api.odcloud.kr/api/15072696/v1/uddi:872f15c4-7f70-4c68-a8c9-8f22d2f79bcc,PUB-010_시도별_장기요양판정
여자,충청북도,기초수급,등급외,714,2020,https://api.odcloud.kr/api/15072696/v1/uddi:872f15c4-7f70-4c68-a8c9-8f22d2f79bcc,PUB-010_시도별_장기요양판정
남자,충청남도,일반,1등급,311,2020,https://api.odcloud.kr/api/15072696/v1/uddi:872f15c4-7f70-4c68-a8c9-8f22d2f79bcc,PUB-010_시도별_장기요양판정
남자,충청남도,일반,2등급,670,2020,https://api.odcloud.kr/api/15072696/v1/uddi:872f15c4-7f70-4c68-a8c9-8f22d2f79bcc,PUB-010_시도별_장기요양판정
남자,충청남도,일반,3등급,1893,2020,https://api.odcloud.kr/api/15072696/v1/uddi:872f15c4-7f70-4c68-a8c9-8f22d2f79bcc,PUB-010_시도별_장기요양판정
남자,충청남도,일반,4등급,3164,2020,https://api.odcloud.kr/api/15072696/v1/uddi:872f15c4-7f70-4c68-a8c9-8f22d2f79bcc,PUB-010_시도별_장기요양판정
남자,충청남도,일반,5등급,878,2020,https://api.odcloud.kr/api/15072696/v1/uddi:872f15c4-7f70-4c68-a8c9-8f22d2f79bcc,PUB-010_시도별_장기요양판정
남자,충청남도,일반,인지지원등급,250,2020,https://api.odcloud.kr/api/15072696/v1/uddi:872f15c4-7f70-4c68-a8c9-8f22d2f79bcc,PUB-010_시도별_장기요양판정
남자,충청남도,일반,등급외,2046,2020,https://api.odcloud.kr/api/15072696/v1/uddi:872f15c4-7f70-4c68-a8c9-8f22d2f79bcc,PUB-010_시도별_장기요양판정
남자,충청남도,감경,1등급,217,2020,https://api.odcloud.kr/api/15072696/v1/uddi:872f15c4-7f70-4c68-a8c9-8f22d2f79bcc,PUB-010_시도별_장기요양판정
남자,충청남도,감경,2등급,423,2020,https://api.odcloud.kr/api/15072696/v1/uddi:872f15c4-7f70-4c68-a8c9-8f22d2f79bcc,PUB-010_시도별_장기요양판정
남자,충청남도,감경,3등급,1221,2020,https://api.odcloud.kr/api/15072696/v1/uddi:872f15c4-7f70-4c68-a8c9-8f22d2f79bcc,PUB-010_시도별_장기요양판정
남자,충청남도,감경,4등급,1919,2020,https://api.odcloud.kr/api/15072696/v1/uddi:872f15c4-7f70-4c68-a8c9-8f22d2f79bcc,PUB-010_시도별_장기요양판정
남자,충청남도,감경,5등급,518,2020,https://api.odcloud.kr/api/15072696/v1/uddi:872f15c4-7f70-4c68-a8c9-8f22d2f79bcc,PUB-010_시도별_장기요양판정
남자,충청남도,감경,인지지원등급,97,2020,https://api.odcloud.kr/api/15072696/v1/uddi:872f15c4-7f70-4c68-a8c9-8f22d2f79bcc,PUB-010_시도별_장기요양판정
남자,충청남도,감경,등급외,72,2020,https://api.odcloud.kr/api/15072696/v1/uddi:872f15c4-7f70-4c68-a8c9-8f22d2f79bcc,PUB-010_시도별_장기요양판정
남자,충청남도,의료급여,1등급,2,2020,https://api.odcloud.kr/api/15072696/v1/uddi:872f15c4-7f70-4c68-a8c9-8f22d2f79bcc,PUB-010_시도별_장기요양판정
남자,충청남도,의료급여,2등급,6,2020,https://api.odcloud.kr/api/15072696/v1/uddi:872f15c4-7f70-4c68-a8c9-8f22d2f79bcc,PUB-010_시도별_장기요양판정
남자,충청남도,의료급여,3등급,29,2020,https://api.odcloud.kr/api/15072696/v1/uddi:872f15c4-7f70-4c68-a8c9-8f22d2f79bcc,PUB-010_시도별_장기요양판정
남자,충청남도,의료급여,4등급,53,2020,https://api.odcloud.kr/api/15072696/v1/uddi:872f15c4-7f70-4c68-a8c9-8f22d2f79bcc,PUB-010_시도별_장기요양판정
남자,충청남도,의료급여,5등급,14,2020,https://api.odcloud.kr/api/15072696/v1/uddi:872f15c4-7f70-4c68-a8c9-8f22d2f79bcc,PUB-010_시도별_장기요양판정
남자,충청남도,의료급여,인지지원등급,8,2020,https://api.odcloud.kr/api/15072696/v1/uddi:872f15c4-7f70-4c68-a8c9-8f22d2f79bcc,PUB-010_시도별_장기요양판정
남자,충청남도,의료급여,등급외,28,2020,https://api.odcloud.kr/api/15072696/v1/uddi:872f15c4-7f70-4c68-a8c9-8f22d2f79bcc,PUB-010_시도별_장기요양판정
남자,충청남도,기초수급,1등급,96,2020,https://api.odcloud.kr/api/15072696/v1/uddi:872f15c4-7f70-4c68-a8c9-8f22d2f79bcc,PUB-010_시도별_장기요양판정
남자,충청남도,기초수급,2등급,166,2020,https://api.odcloud.kr/api/15072696/v1/uddi:872f15c4-7f70-4c68-a8c9-8f22d2f79bcc,PUB-010_시도별_장기요양판정
남자,충청남도,기초수급,3등급,430,2020,https://api.odcloud.kr/api/15072696/v1/uddi:872f15c4-7f70-4c68-a8c9-8f22d2f79bcc,PUB-010_시도별_장기요양판정
남자,충청남도,기초수급,4등급,844,2020,https://api.odcloud.kr/api/15072696/v1/uddi:872f15c4-7f70-4c68-a8c9-8f22d2f79bcc,PUB-010_시도별_장기요양판정
남자,충청남도,기초수급,5등급,188,2020,https://api.odcloud.kr/api/15072696/v1/uddi:872f15c4-7f70-4c68-a8c9-8f22d2f79bcc,PUB-010_시도별_장기요양판정
남자,충청남도,기초수급,인지지원등급,56,2020,https://api.odcloud.kr/api/15072696/v1/uddi:872f15c4-7f70-4c68-a8c9-8f22d2f79bcc,PUB-010_시도별_장기요양판정
남자,충청남도,기초수급,등급외,598,2020,https://api.odcloud.kr/api/15072696/v1/uddi:872f15c4-7f70-4c68-a8c9-8f22d2f79bcc,PUB-010_시도별_장기요양판정
여자,충청남도,일반,1등급,727,2020,https://api.odcloud.kr/api/15072696/v1/uddi:872f15c4-7f70-4c68-a8c9-8f22d2f79bcc,PUB-010_시도별_장기요양판정
여자,충청남도,일반,2등급,1726,2020,https://api.odcloud.kr/api/15072696/v1/uddi:872f15c4-7f70-4c68-a8c9-8f22d2f79bcc,PUB-010_시도별_장기요양판정
여자,충청남도,일반,3등급,4517,2020,https://api.odcloud.kr/api/15072696/v1/uddi:872f15c4-7f70-4c68-a8c9-8f22d2f79bcc,PUB-010_시도별_장기요양판정
여자,충청남도,일반,4등급,8119,2020,https://api.odcloud.kr/api/15072696/v1/uddi:872f15c4-7f70-4c68-a8c9-8f22d2f79bcc,PUB-010_시도별_장기요양판정
여자,충청남도,일반,5등급,2267,2020,https://api.odcloud.kr/api/15072696/v1/uddi:872f15c4-7f70-4c68-a8c9-8f22d2f79bcc,PUB-010_시도별_장기요양판정
여자,충청남도,일반,인지지원등급,499,2020,https://api.odcloud.kr/api/15072696/v1/uddi:872f15c4-7f70-4c68-a8c9-8f22d2f79bcc,PUB-010_시도별_장기요양판정
여자,충청남도,일반,등급외,4428,2020,https://api.odcloud.kr/api/15072696/v1/uddi:872f15c4-7f70-4c68-a8c9-8f22d2f79bcc,PUB-010_시도별_장기요양판정
여자,충청남도,감경,1등급,615,2020,https://api.odcloud.kr/api/15072696/v1/uddi:872f15c4-7f70-4c68-a8c9-8f22d2f79bcc,PUB-010_시도별_장기요양판정
여자,충청남도,감경,2등급,1504,2020,https://api.odcloud.kr/api/15072696/v1/uddi:872f15c4-7f70-4c68-a8c9-8f22d2f79bcc,PUB-010_시도별_장기요양판정
여자,충청남도,감경,3등급,3611,2020,https://api.odcloud.kr/api/15072696/v1/uddi:872f15c4-7f70-4c68-a8c9-8f22d2f79bcc,PUB-010_시도별_장기요양판정
여자,충청남도,감경,4등급,5951,2020,https://api.odcloud.kr/api/15072696/v1/uddi:872f15c4-7f70-4c68-a8c9-8f22d2f79bcc,PUB-010_시도별_장기요양판정
여자,충청남도,감경,5등급,1554,2020,https://api.odcloud.kr/api/15072696/v1/uddi:872f15c4-7f70-4c68-a8c9-8f22d2f79bcc,PUB-010_시도별_장기요양판정
여자,충청남도,감경,인지지원등급,300,2020,https://api.odcloud.kr/api/15072696/v1/uddi:872f15c4-7f70-4c68-a8c9-8f22d2f79bcc,PUB-010_시도별_장기요양판정
여자,충청남도,감경,등급외,169,2020,https://api.odcloud.kr/api/15072696/v1/uddi:872f15c4-7f70-4c68-a8c9-8f22d2f79bcc,PUB-010_시도별_장기요양판정
여자,충청남도,의료급여,1등급,9,2020,https://api.odcloud.kr/api/15072696/v1/uddi:872f15c4-7f70-4c68-a8c9-8f22d2f79bcc,PUB-010_시도별_장기요양판정
여자,충청남도,의료급여,2등급,33,2020,https://api.odcloud.kr/api/15072696/v1/uddi:872f15c4-7f70-4c68-a8c9-8f22d2f79bcc,PUB-010_시도별_장기요양판정
여자,충청남도,의료급여,3등급,81,2020,https://api.odcloud.kr/api/15072696/v1/uddi:872f15c4-7f70-4c68-a8c9-8f22d2f79bcc,PUB-010_시도별_장기요양판정
여자,충청남도,의료급여,4등급,144,2020,https://api.odcloud.kr/api/15072696/v1/uddi:872f15c4-7f70-4c68-a8c9-8f22d2f79bcc,PUB-010_시도별_장기요양판정
여자,충청남도,의료급여,5등급,40,2020,https://api.odcloud.kr/api/15072696/v1/uddi:872f15c4-7f70-4c68-a8c9-8f22d2f79bcc,PUB-010_시도별_장기요양판정
여자,충청남도,의료급여,인지지원등급,9,2020,https://api.odcloud.kr/api/15072696/v1/uddi:872f15c4-7f70-4c68-a8c9-8f22d2f79bcc,PUB-010_시도별_장기요양판정
여자,충청남도,의료급여,등급외,41,2020,https://api.odcloud.kr/api/15072696/v1/uddi:872f15c4-7f70-4c68-a8c9-8f22d2f79bcc,PUB-010_시도별_장기요양판정
여자,충청남도,기초수급,1등급,215,2020,https://api.odcloud.kr/api/15072696/v1/uddi:872f15c4-7f70-4c68-a8c9-8f22d2f79bcc,PUB-010_시도별_장기요양판정
여자,충청남도,기초수급,2등급,458,2020,https://api.odcloud.kr/api/15072696/v1/uddi:872f15c4-7f70-4c68-a8c9-8f22d2f79bcc,PUB-010_시도별_장기요양판정
여자,충청남도,기초수급,3등급,943,2020,https://api.odcloud.kr/api/15072696/v1/uddi:872f15c4-7f70-4c68-a8c9-8f22d2f79bcc,PUB-010_시도별_장기요양판정
여자,충청남도,기초수급,4등급,1905,2020,https://api.odcloud.kr/api/15072696/v1/uddi:872f15c4-7f70-4c68-a8c9-8f22d2f79bcc,PUB-010_시도별_장기요양판정
여자,충청남도,기초수급,5등급,494,2020,https://api.odcloud.kr/api/15072696/v1/uddi:872f15c4-7f70-4c68-a8c9-8f22d2f79bcc,PUB-010_시도별_장기요양판정
여자,충청남도,기초수급,인지지원등급,104,2020,https://api.odcloud.kr/api/15072696/v1/uddi:872f15c4-7f70-4c68-a8c9-8f22d2f79bcc,PUB-010_시도별_장기요양판정
여자,충청남도,기초수급,등급외,973,2020,https://api.odcloud.kr/api/15072696/v1/uddi:872f15c4-7f70-4c68-a8c9-8f22d2f79bcc,PUB-010_시도별_장기요양판정
남자,전라북도,일반,1등급,193,2020,https://api.odcloud.kr/api/15072696/v1/uddi:872f15c4-7f70-4c68-a8c9-8f22d2f79bcc,PUB-010_시도별_장기요양판정
남자,전라북도,일반,2등급,453,2020,https://api.odcloud.kr/api/15072696/v1/uddi:872f15c4-7f70-4c68-a8c9-8f22d2f79bcc,PUB-010_시도별_장기요양판정
남자,전라북도,일반,3등급,1384,2020,https://api.odcloud.kr/api/15072696/v1/uddi:872f15c4-7f70-4c68-a8c9-8f22d2f79bcc,PUB-010_시도별_장기요양판정
남자,전라북도,일반,4등급,2884,2020,https://api.odcloud.kr/api/15072696/v1/uddi:872f15c4-7f70-4c68-a8c9-8f22d2f79bcc,PUB-010_시도별_장기요양판정
남자,전라북도,일반,5등급,907,2020,https://api.odcloud.kr/api/15072696/v1/uddi:872f15c4-7f70-4c68-a8c9-8f22d2f79bcc,PUB-010_시도별_장기요양판정
남자,전라북도,일반,인지지원등급,190,2020,https://api.odcloud.kr/api/15072696/v1/uddi:872f15c4-7f70-4c68-a8c9-8f22d2f79bcc,PUB-010_시도별_장기요양판정
남자,전라북도,일반,등급외,2186,2020,https://api.odcloud.kr/api/15072696/v1/uddi:872f15c4-7f70-4c68-a8c9-8f22d2f79bcc,PUB-010_시도별_장기요양판정
남자,전라북도,감경,1등급,160,2020,https://api.odcloud.kr/api/15072696/v1/uddi:872f15c4-7f70-4c68-a8c9-8f22d2f79bcc,PUB-010_시도별_장기요양판정
남자,전라북도,감경,2등급,307,2020,https://api.odcloud.kr/api/15072696/v1/uddi:872f15c4-7f70-4c68-a8c9-8f22d2f79bcc,PUB-010_시도별_장기요양판정
남자,전라북도,감경,3등급,1018,2020,https://api.odcloud.kr/api/15072696/v1/uddi:872f15c4-7f70-4c68-a8c9-8f22d2f79bcc,PUB-010_시도별_장기요양판정
남자,전라북도,감경,4등급,2169,2020,https://api.odcloud.kr/api/15072696/v1/uddi:872f15c4-7f70-4c68-a8c9-8f22d2f79bcc,PUB-010_시도별_장기요양판정
남자,전라북도,감경,5등급,600,2020,https://api.odcloud.kr/api/15072696/v1/uddi:872f15c4-7f70-4c68-a8c9-8f22d2f79bcc,PUB-010_시도별_장기요양판정
남자,전라북도,감경,인지지원등급,92,2020,https://api.odcloud.kr/api/15072696/v1/uddi:872f15c4-7f70-4c68-a8c9-8f22d2f79bcc,PUB-010_시도별_장기요양판정
남자,전라북도,감경,등급외,145,2020,https://api.odcloud.kr/api/15072696/v1/uddi:872f15c4-7f70-4c68-a8c9-8f22d2f79bcc,PUB-010_시도별_장기요양판정
남자,전라북도,의료급여,1등급,4,2020,https://api.odcloud.kr/api/15072696/v1/uddi:872f15c4-7f70-4c68-a8c9-8f22d2f79bcc,PUB-010_시도별_장기요양판정
남자,전라북도,의료급여,2등급,10,2020,https://api.odcloud.kr/api/15072696/v1/uddi:872f15c4-7f70-4c68-a8c9-8f22d2f79bcc,PUB-010_시도별_장기요양판정
남자,전라북도,의료급여,3등급,31,2020,https://api.odcloud.kr/api/15072696/v1/uddi:872f15c4-7f70-4c68-a8c9-8f22d2f79bcc,PUB-010_시도별_장기요양판정
남자,전라북도,의료급여,4등급,75,2020,https://api.odcloud.kr/api/15072696/v1/uddi:872f15c4-7f70-4c68-a8c9-8f22d2f79bcc,PUB-010_시도별_장기요양판정
남자,전라북도,의료급여,5등급,26,2020,https://api.odcloud.kr/api/15072696/v1/uddi:872f15c4-7f70-4c68-a8c9-8f22d2f79bcc,PUB-010_시도별_장기요양판정
남자,전라북도,의료급여,인지지원등급,3,2020,https://api.odcloud.kr/api/15072696/v1/uddi:872f15c4-7f70-4c68-a8c9-8f22d2f79bcc,PUB-010_시도별_장기요양판정
남자,전라북도,의료급여,등급외,49,2020,https://api.odcloud.kr/api/15072696/v1/uddi:872f15c4-7f70-4c68-a8c9-8f22d2f79bcc,PUB-010_시도별_장기요양판정
남자,전라북도,기초수급,1등급,79,2020,https://api.odcloud.kr/api/15072696/v1/uddi:872f15c4-7f70-4c68-a8c9-8f22d2f79bcc,PUB-010_시도별_장기요양판정
남자,전라북도,기초수급,2등급,145,2020,https://api.odcloud.kr/api/15072696/v1/uddi:872f15c4-7f70-4c68-a8c9-8f22d2f79bcc,PUB-010_시도별_장기요양판정
남자,전라북도,기초수급,3등급,494,2020,https://api.odcloud.kr/api/15072696/v1/uddi:872f15c4-7f70-4c68-a8c9-8f22d2f79bcc,PUB-010_시도별_장기요양판정
남자,전라북도,기초수급,4등급,1147,2020,https://api.odcloud.kr/api/15072696/v1/uddi:872f15c4-7f70-4c68-a8c9-8f22d2f79bcc,PUB-010_시도별_장기요양판정
남자,전라북도,기초수급,5등급,346,2020,https://api.odcloud.kr/api/15072696/v1/uddi:872f15c4-7f70-4c68-a8c9-8f22d2f79bcc,PUB-010_시도별_장기요양판정
남자,전라북도,기초수급,인지지원등급,70,2020,https://api.odcloud.kr/api/15072696/v1/uddi:872f15c4-7f70-4c68-a8c9-8f22d2f79bcc,PUB-010_시도별_장기요양판정
남자,전라북도,기초수급,등급외,1291,2020,https://api.odcloud.kr/api/15072696/v1/uddi:872f15c4-7f70-4c68-a8c9-8f22d2f79bcc,PUB-010_시도별_장기요양판정
여자,전라북도,일반,1등급,495,2020,https://api.odcloud.kr/api/15072696/v1/uddi:872f15c4-7f70-4c68-a8c9-8f22d2f79bcc,PUB-010_시도별_장기요양판정
여자,전라북도,일반,2등급,1169,2020,https://api.odcloud.kr/api/15072696/v1/uddi:872f15c4-7f70-4c68-a8c9-8f22d2f79bcc,PUB-010_시도별_장기요양판정
여자,전라북도,일반,3등급,3188,2020,https://api.odcloud.kr/api/15072696/v1/uddi:872f15c4-7f70-4c68-a8c9-8f22d2f79bcc,PUB-010_시도별_장기요양판정
여자,전라북도,일반,4등급,7928,2020,https://api.odcloud.kr/api/15072696/v1/uddi:872f15c4-7f70-4c68-a8c9-8f22d2f79bcc,PUB-010_시도별_장기요양판정
여자,전라북도,일반,5등급,2565,2020,https://api.odcloud.kr/api/15072696/v1/uddi:872f15c4-7f70-4c68-a8c9-8f22d2f79bcc,PUB-010_시도별_장기요양판정
여자,전라북도,일반,인지지원등급,397,2020,https://api.odcloud.kr/api/15072696/v1/uddi:872f15c4-7f70-4c68-a8c9-8f22d2f79bcc,PUB-010_시도별_장기요양판정
여자,전라북도,일반,등급외,5557,2020,https://api.odcloud.kr/api/15072696/v1/uddi:872f15c4-7f70-4c68-a8c9-8f22d2f79bcc,PUB-010_시도별_장기요양판정
여자,전라북도,감경,1등급,471,2020,https://api.odcloud.kr/api/15072696/v1/uddi:872f15c4-7f70-4c68-a8c9-8f22d2f79bcc,PUB-010_시도별_장기요양판정
여자,전라북도,감경,2등급,1220,2020,https://api.odcloud.kr/api/15072696/v1/uddi:872f15c4-7f70-4c68-a8c9-8f22d2f79bcc,PUB-010_시도별_장기요양판정
여자,전라북도,감경,3등급,3080,2020,https://api.odcloud.kr/api/15072696/v1/uddi:872f15c4-7f70-4c68-a8c9-8f22d2f79bcc,PUB-010_시도별_장기요양판정
여자,전라북도,감경,4등급,7092,2020,https://api.odcloud.kr/api/15072696/v1/uddi:872f15c4-7f70-4c68-a8c9-8f22d2f79bcc,PUB-010_시도별_장기요양판정
여자,전라북도,감경,5등급,2091,2020,https://api.odcloud.kr/api/15072696/v1/uddi:872f15c4-7f70-4c68-a8c9-8f22d2f79bcc,PUB-010_시도별_장기요양판정
여자,전라북도,감경,인지지원등급,238,2020,https://api.odcloud.kr/api/15072696/v1/uddi:872f15c4-7f70-4c68-a8c9-8f22d2f79bcc,PUB-010_시도별_장기요양판정
여자,전라북도,감경,등급외,624,2020,https://api.odcloud.kr/api/15072696/v1/uddi:872f15c4-7f70-4c68-a8c9-8f22d2f79bcc,PUB-010_시도별_장기요양판정
여자,전라북도,의료급여,1등급,14,2020,https://api.odcloud.kr/api/15072696/v1/uddi:872f15c4-7f70-4c68-a8c9-8f22d2f79bcc,PUB-010_시도별_장기요양판정
여자,전라북도,의료급여,2등급,47,2020,https://api.odcloud.kr/api/15072696/v1/uddi:872f15c4-7f70-4c68-a8c9-8f22d2f79bcc,PUB-010_시도별_장기요양판정
여자,전라북도,의료급여,3등급,96,2020,https://api.odcloud.kr/api/15072696/v1/uddi:872f15c4-7f70-4c68-a8c9-8f22d2f79bcc,PUB-010_시도별_장기요양판정
여자,전라북도,의료급여,4등급,227,2020,https://api.odcloud.kr/api/15072696/v1/uddi:872f15c4-7f70-4c68-a8c9-8f22d2f79bcc,PUB-010_시도별_장기요양판정
여자,전라북도,의료급여,5등급,69,2020,https://api.odcloud.kr/api/15072696/v1/uddi:872f15c4-7f70-4c68-a8c9-8f22d2f79bcc,PUB-010_시도별_장기요양판정
여자,전라북도,의료급여,인지지원등급,8,2020,https://api.odcloud.kr/api/15072696/v1/uddi:872f15c4-7f70-4c68-a8c9-8f22d2f79bcc,PUB-010_시도별_장기요양판정
여자,전라북도,의료급여,등급외,116,2020,https://api.odcloud.kr/api/15072696/v1/uddi:872f15c4-7f70-4c68-a8c9-8f22d2f79bcc,PUB-010_시도별_장기요양판정
여자,전라북도,기초수급,1등급,177,2020,https://api.odcloud.kr/api/15072696/v1/uddi:872f15c4-7f70-4c68-a8c9-8f22d2f79bcc,PUB-010_시도별_장기요양판정
여자,전라북도,기초수급,2등급,472,2020,https://api.odcloud.kr/api/15072696/v1/uddi:872f15c4-7f70-4c68-a8c9-8f22d2f79bcc,PUB-010_시도별_장기요양판정
여자,전라북도,기초수급,3등급,1169,2020,https://api.odcloud.kr/api/15072696/v1/uddi:872f15c4-7f70-4c68-a8c9-8f22d2f79bcc,PUB-010_시도별_장기요양판정
여자,전라북도,기초수급,4등급,2802,2020,https://api.odcloud.kr/api/15072696/v1/uddi:872f15c4-7f70-4c68-a8c9-8f22d2f79bcc,PUB-010_시도별_장기요양판정
여자,전라북도,기초수급,5등급,982,2020,https://api.odcloud.kr/api/15072696/v1/uddi:872f15c4-7f70-4c68-a8c9-8f22d2f79bcc,PUB-010_시도별_장기요양판정
여자,전라북도,기초수급,인지지원등급,130,2020,https://api.odcloud.kr/api/15072696/v1/uddi:872f15c4-7f70-4c68-a8c9-8f22d2f79bcc,PUB-010_시도별_장기요양판정
여자,전라북도,기초수급,등급외,2461,2020,https://api.odcloud.kr/api/15072696/v1/uddi:872f15c4-7f70-4c68-a8c9-8f22d2f79bcc,PUB-010_시도별_장기요양판정
남자,전라남도,일반,1등급,207,2020,https://api.odcloud.kr/api/15072696/v1/uddi:872f15c4-7f70-4c68-a8c9-8f22d2f79bcc,PUB-010_시도별_장기요양판정
남자,전라남도,일반,2등급,495,2020,https://api.odcloud.kr/api/15072696/v1/uddi:872f15c4-7f70-4c68-a8c9-8f22d2f79bcc,PUB-010_시도별_장기요양판정
남자,전라남도,일반,3등급,1424,2020,https://api.odcloud.kr/api/15072696/v1/uddi:872f15c4-7f70-4c68-a8c9-8f22d2f79bcc,PUB-010_시도별_장기요양판정
남자,전라남도,일반,4등급,2862,2020,https://api.odcloud.kr/api/15072696/v1/uddi:872f15c4-7f70-4c68-a8c9-8f22d2f79bcc,PUB-010_시도별_장기요양판정
남자,전라남도,일반,5등급,712,2020,https://api.odcloud.kr/api/15072696/v1/uddi:872f15c4-7f70-4c68-a8c9-8f22d2f79bcc,PUB-010_시도별_장기요양판정
남자,전라남도,일반,인지지원등급,186,2020,https://api.odcloud.kr/api/15072696/v1/uddi:872f15c4-7f70-4c68-a8c9-8f22d2f79bcc,PUB-010_시도별_장기요양판정
남자,전라남도,일반,등급외,2587,2020,https://api.odcloud.kr/api/15072696/v1/uddi:872f15c4-7f70-4c68-a8c9-8f22d2f79bcc,PUB-010_시도별_장기요양판정
남자,전라남도,감경,1등급,196,2020,https://api.odcloud.kr/api/15072696/v1/uddi:872f15c4-7f70-4c68-a8c9-8f22d2f79bcc,PUB-010_시도별_장기요양판정
남자,전라남도,감경,2등급,494,2020,https://api.odcloud.kr/api/15072696/v1/uddi:872f15c4-7f70-4c68-a8c9-8f22d2f79bcc,PUB-010_시도별_장기요양판정
남자,전라남도,감경,3등급,1249,2020,https://api.odcloud.kr/api/15072696/v1/uddi:872f15c4-7f70-4c68-a8c9-8f22d2f79bcc,PUB-010_시도별_장기요양판정
남자,전라남도,감경,4등급,2255,2020,https://api.odcloud.kr/api/15072696/v1/uddi:872f15c4-7f70-4c68-a8c9-8f22d2f79bcc,PUB-010_시도별_장기요양판정
남자,전라남도,감경,5등급,501,2020,https://api.odcloud.kr/api/15072696/v1/uddi:872f15c4-7f70-4c68-a8c9-8f22d2f79bcc,PUB-010_시도별_장기요양판정
남자,전라남도,감경,인지지원등급,157,2020,https://api.odcloud.kr/api/15072696/v1/uddi:872f15c4-7f70-4c68-a8c9-8f22d2f79bcc,PUB-010_시도별_장기요양판정
남자,전라남도,감경,등급외,132,2020,https://api.odcloud.kr/api/15072696/v1/uddi:872f15c4-7f70-4c68-a8c9-8f22d2f79bcc,PUB-010_시도별_장기요양판정
남자,전라남도,의료급여,1등급,9,2020,https://api.odcloud.kr/api/15072696/v1/uddi:872f15c4-7f70-4c68-a8c9-8f22d2f79bcc,PUB-010_시도별_장기요양판정
남자,전라남도,의료급여,2등급,10,2020,https://api.odcloud.kr/api/15072696/v1/uddi:872f15c4-7f70-4c68-a8c9-8f22d2f79bcc,PUB-010_시도별_장기요양판정
남자,전라남도,의료급여,3등급,47,2020,https://api.odcloud.kr/api/15072696/v1/uddi:872f15c4-7f70-4c68-a8c9-8f22d2f79bcc,PUB-010_시도별_장기요양판정
남자,전라남도,의료급여,4등급,103,2020,https://api.odcloud.kr/api/15072696/v1/uddi:872f15c4-7f70-4c68-a8c9-8f22d2f79bcc,PUB-010_시도별_장기요양판정
남자,전라남도,의료급여,5등급,28,2020,https://api.odcloud.kr/api/15072696/v1/uddi:872f15c4-7f70-4c68-a8c9-8f22d2f79bcc,PUB-010_시도별_장기요양판정
남자,전라남도,의료급여,인지지원등급,5,2020,https://api.odcloud.kr/api/15072696/v1/uddi:872f15c4-7f70-4c68-a8c9-8f22d2f79bcc,PUB-010_시도별_장기요양판정
남자,전라남도,의료급여,등급외,45,2020,https://api.odcloud.kr/api/15072696/v1/uddi:872f15c4-7f70-4c68-a8c9-8f22d2f79bcc,PUB-010_시도별_장기요양판정
남자,전라남도,기초수급,1등급,95,2020,https://api.odcloud.kr/api/15072696/v1/uddi:872f15c4-7f70-4c68-a8c9-8f22d2f79bcc,PUB-010_시도별_장기요양판정
남자,전라남도,기초수급,2등급,171,2020,https://api.odcloud.kr/api/15072696/v1/uddi:872f15c4-7f70-4c68-a8c9-8f22d2f79bcc,PUB-010_시도별_장기요양판정
남자,전라남도,기초수급,3등급,459,2020,https://api.odcloud.kr/api/15072696/v1/uddi:872f15c4-7f70-4c68-a8c9-8f22d2f79bcc,PUB-010_시도별_장기요양판정
남자,전라남도,기초수급,4등급,921,2020,https://api.odcloud.kr/api/15072696/v1/uddi:872f15c4-7f70-4c68-a8c9-8f22d2f79bcc,PUB-010_시도별_장기요양판정
남자,전라남도,기초수급,5등급,187,2020,https://api.odcloud.kr/api/15072696/v1/uddi:872f15c4-7f70-4c68-a8c9-8f22d2f79bcc,PUB-010_시도별_장기요양판정
남자,전라남도,기초수급,인지지원등급,46,2020,https://api.odcloud.kr/api/15072696/v1/uddi:872f15c4-7f70-4c68-a8c9-8f22d2f79bcc,PUB-010_시도별_장기요양판정
남자,전라남도,기초수급,등급외,944,2020,https://api.odcloud.kr/api/15072696/v1/uddi:872f15c4-7f70-4c68-a8c9-8f22d2f79bcc,PUB-010_시도별_장기요양판정
여자,전라남도,일반,1등급,513,2020,https://api.odcloud.kr/api/15072696/v1/uddi:872f15c4-7f70-4c68-a8c9-8f22d2f79bcc,PUB-010_시도별_장기요양판정
여자,전라남도,일반,2등급,1295,2020,https://api.odcloud.kr/api/15072696/v1/uddi:872f15c4-7f70-4c68-a8c9-8f22d2f79bcc,PUB-010_시도별_장기요양판정
여자,전라남도,일반,3등급,3622,2020,https://api.odcloud.kr/api/15072696/v1/uddi:872f15c4-7f70-4c68-a8c9-8f22d2f79bcc,PUB-010_시도별_장기요양판정
여자,전라남도,일반,4등급,8586,2020,https://api.odcloud.kr/api/15072696/v1/uddi:872f15c4-7f70-4c68-a8c9-8f22d2f79bcc,PUB-010_시도별_장기요양판정
여자,전라남도,일반,5등급,2181,2020,https://api.odcloud.kr/api/15072696/v1/uddi:872f15c4-7f70-4c68-a8c9-8f22d2f79bcc,PUB-010_시도별_장기요양판정
여자,전라남도,일반,인지지원등급,531,2020,https://api.odcloud.kr/api/15072696/v1/uddi:872f15c4-7f70-4c68-a8c9-8f22d2f79bcc,PUB-010_시도별_장기요양판정
여자,전라남도,일반,등급외,7309,2020,https://api.odcloud.kr/api/15072696/v1/uddi:872f15c4-7f70-4c68-a8c9-8f22d2f79bcc,PUB-010_시도별_장기요양판정
여자,전라남도,감경,1등급,598,2020,https://api.odcloud.kr/api/15072696/v1/uddi:872f15c4-7f70-4c68-a8c9-8f22d2f79bcc,PUB-010_시도별_장기요양판정
여자,전라남도,감경,2등급,1706,2020,https://api.odcloud.kr/api/15072696/v1/uddi:872f15c4-7f70-4c68-a8c9-8f22d2f79bcc,PUB-010_시도별_장기요양판정
여자,전라남도,감경,3등급,4256,2020,https://api.odcloud.kr/api/15072696/v1/uddi:872f15c4-7f70-4c68-a8c9-8f22d2f79bcc,PUB-010_시도별_장기요양판정
여자,전라남도,감경,4등급,9048,2020,https://api.odcloud.kr/api/15072696/v1/uddi:872f15c4-7f70-4c68-a8c9-8f22d2f79bcc,PUB-010_시도별_장기요양판정
여자,전라남도,감경,5등급,2000,2020,https://api.odcloud.kr/api/15072696/v1/uddi:872f15c4-7f70-4c68-a8c9-8f22d2f79bcc,PUB-010_시도별_장기요양판정
여자,전라남도,감경,인지지원등급,401,2020,https://api.odcloud.kr/api/15072696/v1/uddi:872f15c4-7f70-4c68-a8c9-8f22d2f79bcc,PUB-010_시도별_장기요양판정
여자,전라남도,감경,등급외,558,2020,https://api.odcloud.kr/api/15072696/v1/uddi:872f15c4-7f70-4c68-a8c9-8f22d2f79bcc,PUB-010_시도별_장기요양판정
여자,전라남도,의료급여,1등급,30,2020,https://api.odcloud.kr/api/15072696/v1/uddi:872f15c4-7f70-4c68-a8c9-8f22d2f79bcc,PUB-010_시도별_장기요양판정
여자,전라남도,의료급여,2등급,47,2020,https://api.odcloud.kr/api/15072696/v1/uddi:872f15c4-7f70-4c68-a8c9-8f22d2f79bcc,PUB-010_시도별_장기요양판정
여자,전라남도,의료급여,3등급,142,2020,https://api.odcloud.kr/api/15072696/v1/uddi:872f15c4-7f70-4c68-a8c9-8f22d2f79bcc,PUB-010_시도별_장기요양판정
여자,전라남도,의료급여,4등급,330,2020,https://api.odcloud.kr/api/15072696/v1/uddi:872f15c4-7f70-4c68-a8c9-8f22d2f79bcc,PUB-010_시도별_장기요양판정
여자,전라남도,의료급여,5등급,80,2020,https://api.odcloud.kr/api/15072696/v1/uddi:872f15c4-7f70-4c68-a8c9-8f22d2f79bcc,PUB-010_시도별_장기요양판정
여자,전라남도,의료급여,인지지원등급,19,2020,https://api.odcloud.kr/api/15072696/v1/uddi:872f15c4-7f70-4c68-a8c9-8f22d2f79bcc,PUB-010_시도별_장기요양판정
여자,전라남도,의료급여,등급외,136,2020,https://api.odcloud.kr/api/15072696/v1/uddi:872f15c4-7f70-4c68-a8c9-8f22d2f79bcc,PUB-010_시도별_장기요양판정
여자,전라남도,기초수급,1등급,183,2020,https://api.odcloud.kr/api/15072696/v1/uddi:872f15c4-7f70-4c68-a8c9-8f22d2f79bcc,PUB-010_시도별_장기요양판정
여자,전라남도,기초수급,2등급,495,2020,https://api.odcloud.kr/api/15072696/v1/uddi:872f15c4-7f70-4c68-a8c9-8f22d2f79bcc,PUB-010_시도별_장기요양판정
여자,전라남도,기초수급,3등급,1222,2020,https://api.odcloud.kr/api/15072696/v1/uddi:872f15c4-7f70-4c68-a8c9-8f22d2f79bcc,PUB-010_시도별_장기요양판정
여자,전라남도,기초수급,4등급,2887,2020,https://api.odcloud.kr/api/15072696/v1/uddi:872f15c4-7f70-4c68-a8c9-8f22d2f79bcc,PUB-010_시도별_장기요양판정
여자,전라남도,기초수급,5등급,598,2020,https://api.odcloud.kr/api/15072696/v1/uddi:872f15c4-7f70-4c68-a8c9-8f22d2f79bcc,PUB-010_시도별_장기요양판정
여자,전라남도,기초수급,인지지원등급,138,2020,https://api.odcloud.kr/api/15072696/v1/uddi:872f15c4-7f70-4c68-a8c9-8f22d2f79bcc,PUB-010_시도별_장기요양판정
여자,전라남도,기초수급,등급외,1941,2020,https://api.odcloud.kr/api/15072696/v1/uddi:872f15c4-7f70-4c68-a8c9-8f22d2f79bcc,PUB-010_시도별_장기요양판정
남자,경상북도,일반,1등급,318,2020,https://api.odcloud.kr/api/15072696/v1/uddi:872f15c4-7f70-4c68-a8c9-8f22d2f79bcc,PUB-010_시도별_장기요양판정
남자,경상북도,일반,2등급,746,2020,https://api.odcloud.kr/api/15072696/v1/uddi:872f15c4-7f70-4c68-a8c9-8f22d2f79bcc,PUB-010_시도별_장기요양판정
남자,경상북도,일반,3등급,2340,2020,https://api.odcloud.kr/api/15072696/v1/uddi:872f15c4-7f70-4c68-a8c9-8f22d2f79bcc,PUB-010_시도별_장기요양판정
남자,경상북도,일반,4등급,3920,2020,https://api.odcloud.kr/api/15072696/v1/uddi:872f15c4-7f70-4c68-a8c9-8f22d2f79bcc,PUB-010_시도별_장기요양판정
남자,경상북도,일반,5등급,1117,2020,https://api.odcloud.kr/api/15072696/v1/uddi:872f15c4-7f70-4c68-a8c9-8f22d2f79bcc,PUB-010_시도별_장기요양판정
남자,경상북도,일반,인지지원등급,208,2020,https://api.odcloud.kr/api/15072696/v1/uddi:872f15c4-7f70-4c68-a8c9-8f22d2f79bcc,PUB-010_시도별_장기요양판정
남자,경상북도,일반,등급외,2621,2020,https://api.odcloud.kr/api/15072696/v1/uddi:872f15c4-7f70-4c68-a8c9-8f22d2f79bcc,PUB-010_시도별_장기요양판정
남자,경상북도,감경,1등급,209,2020,https://api.odcloud.kr/api/15072696/v1/uddi:872f15c4-7f70-4c68-a8c9-8f22d2f79bcc,PUB-010_시도별_장기요양판정
남자,경상북도,감경,2등급,549,2020,https://api.odcloud.kr/api/15072696/v1/uddi:872f15c4-7f70-4c68-a8c9-8f22d2f79bcc,PUB-010_시도별_장기요양판정
남자,경상북도,감경,3등급,1691,2020,https://api.odcloud.kr/api/15072696/v1/uddi:872f15c4-7f70-4c68-a8c9-8f22d2f79bcc,PUB-010_시도별_장기요양판정
남자,경상북도,감경,4등급,2609,2020,https://api.odcloud.kr/api/15072696/v1/uddi:872f15c4-7f70-4c68-a8c9-8f22d2f79bcc,PUB-010_시도별_장기요양판정
남자,경상북도,감경,5등급,666,2020,https://api.odcloud.kr/api/15072696/v1/uddi:872f15c4-7f70-4c68-a8c9-8f22d2f79bcc,PUB-010_시도별_장기요양판정
남자,경상북도,감경,인지지원등급,106,2020,https://api.odcloud.kr/api/15072696/v1/uddi:872f15c4-7f70-4c68-a8c9-8f22d2f79bcc,PUB-010_시도별_장기요양판정
남자,경상북도,감경,등급외,90,2020,https://api.odcloud.kr/api/15072696/v1/uddi:872f15c4-7f70-4c68-a8c9-8f22d2f79bcc,PUB-010_시도별_장기요양판정
남자,경상북도,의료급여,1등급,6,2020,https://api.odcloud.kr/api/15072696/v1/uddi:872f15c4-7f70-4c68-a8c9-8f22d2f79bcc,PUB-010_시도별_장기요양판정
남자,경상북도,의료급여,2등급,13,2020,https://api.odcloud.kr/api/15072696/v1/uddi:872f15c4-7f70-4c68-a8c9-8f22d2f79bcc,PUB-010_시도별_장기요양판정
남자,경상북도,의료급여,3등급,52,2020,https://api.odcloud.kr/api/15072696/v1/uddi:872f15c4-7f70-4c68-a8c9-8f22d2f79bcc,PUB-010_시도별_장기요양판정
남자,경상북도,의료급여,4등급,73,2020,https://api.odcloud.kr/api/15072696/v1/uddi:872f15c4-7f70-4c68-a8c9-8f22d2f79bcc,PUB-010_시도별_장기요양판정
남자,경상북도,의료급여,5등급,18,2020,https://api.odcloud.kr/api/15072696/v1/uddi:872f15c4-7f70-4c68-a8c9-8f22d2f79bcc,PUB-010_시도별_장기요양판정
남자,경상북도,의료급여,인지지원등급,1,2020,https://api.odcloud.kr/api/15072696/v1/uddi:872f15c4-7f70-4c68-a8c9-8f22d2f79bcc,PUB-010_시도별_장기요양판정
남자,경상북도,의료급여,등급외,59,2020,https://api.odcloud.kr/api/15072696/v1/uddi:872f15c4-7f70-4c68-a8c9-8f22d2f79bcc,PUB-010_시도별_장기요양판정
남자,경상북도,기초수급,1등급,126,2020,https://api.odcloud.kr/api/15072696/v1/uddi:872f15c4-7f70-4c68-a8c9-8f22d2f79bcc,PUB-010_시도별_장기요양판정
남자,경상북도,기초수급,2등급,200,2020,https://api.odcloud.kr/api/15072696/v1/uddi:872f15c4-7f70-4c68-a8c9-8f22d2f79bcc,PUB-010_시도별_장기요양판정
남자,경상북도,기초수급,3등급,580,2020,https://api.odcloud.kr/api/15072696/v1/uddi:872f15c4-7f70-4c68-a8c9-8f22d2f79bcc,PUB-010_시도별_장기요양판정
남자,경상북도,기초수급,4등급,1200,2020,https://api.odcloud.kr/api/15072696/v1/uddi:872f15c4-7f70-4c68-a8c9-8f22d2f79bcc,PUB-010_시도별_장기요양판정
남자,경상북도,기초수급,5등급,315,2020,https://api.odcloud.kr/api/15072696/v1/uddi:872f15c4-7f70-4c68-a8c9-8f22d2f79bcc,PUB-010_시도별_장기요양판정
남자,경상북도,기초수급,인지지원등급,60,2020,https://api.odcloud.kr/api/15072696/v1/uddi:872f15c4-7f70-4c68-a8c9-8f22d2f79bcc,PUB-010_시도별_장기요양판정
남자,경상북도,기초수급,등급외,963,2020,https://api.odcloud.kr/api/15072696/v1/uddi:872f15c4-7f70-4c68-a8c9-8f22d2f79bcc,PUB-010_시도별_장기요양판정
여자,경상북도,일반,1등급,803,2020,https://api.odcloud.kr/api/15072696/v1/uddi:872f15c4-7f70-4c68-a8c9-8f22d2f79bcc,PUB-010_시도별_장기요양판정
여자,경상북도,일반,2등급,1757,2020,https://api.odcloud.kr/api/15072696/v1/uddi:872f15c4-7f70-4c68-a8c9-8f22d2f79bcc,PUB-010_시도별_장기요양판정
여자,경상북도,일반,3등급,5474,2020,https://api.odcloud.kr/api/15072696/v1/uddi:872f15c4-7f70-4c68-a8c9-8f22d2f79bcc,PUB-010_시도별_장기요양판정
여자,경상북도,일반,4등급,10562,2020,https://api.odcloud.kr/api/15072696/v1/uddi:872f15c4-7f70-4c68-a8c9-8f22d2f79bcc,PUB-010_시도별_장기요양판정
여자,경상북도,일반,5등급,3221,2020,https://api.odcloud.kr/api/15072696/v1/uddi:872f15c4-7f70-4c68-a8c9-8f22d2f79bcc,PUB-010_시도별_장기요양판정
여자,경상북도,일반,인지지원등급,506,2020,https://api.odcloud.kr/api/15072696/v1/uddi:872f15c4-7f70-4c68-a8c9-8f22d2f79bcc,PUB-010_시도별_장기요양판정
여자,경상북도,일반,등급외,6101,2020,https://api.odcloud.kr/api/15072696/v1/uddi:872f15c4-7f70-4c68-a8c9-8f22d2f79bcc,PUB-010_시도별_장기요양판정
여자,경상북도,감경,1등급,739,2020,https://api.odcloud.kr/api/15072696/v1/uddi:872f15c4-7f70-4c68-a8c9-8f22d2f79bcc,PUB-010_시도별_장기요양판정
여자,경상북도,감경,2등급,1780,2020,https://api.odcloud.kr/api/15072696/v1/uddi:872f15c4-7f70-4c68-a8c9-8f22d2f79bcc,PUB-010_시도별_장기요양판정
여자,경상북도,감경,3등급,5015,2020,https://api.odcloud.kr/api/15072696/v1/uddi:872f15c4-7f70-4c68-a8c9-8f22d2f79bcc,PUB-010_시도별_장기요양판정
여자,경상북도,감경,4등급,8694,2020,https://api.odcloud.kr/api/15072696/v1/uddi:872f15c4-7f70-4c68-a8c9-8f22d2f79bcc,PUB-010_시도별_장기요양판정
여자,경상북도,감경,5등급,2328,2020,https://api.odcloud.kr/api/15072696/v1/uddi:872f15c4-7f70-4c68-a8c9-8f22d2f79bcc,PUB-010_시도별_장기요양판정
여자,경상북도,감경,인지지원등급,316,2020,https://api.odcloud.kr/api/15072696/v1/uddi:872f15c4-7f70-4c68-a8c9-8f22d2f79bcc,PUB-010_시도별_장기요양판정
여자,경상북도,감경,등급외,285,2020,https://api.odcloud.kr/api/15072696/v1/uddi:872f15c4-7f70-4c68-a8c9-8f22d2f79bcc,PUB-010_시도별_장기요양판정
여자,경상북도,의료급여,1등급,26,2020,https://api.odcloud.kr/api/15072696/v1/uddi:872f15c4-7f70-4c68-a8c9-8f22d2f79bcc,PUB-010_시도별_장기요양판정
여자,경상북도,의료급여,2등급,41,2020,https://api.odcloud.kr/api/15072696/v1/uddi:872f15c4-7f70-4c68-a8c9-8f22d2f79bcc,PUB-010_시도별_장기요양판정
여자,경상북도,의료급여,3등급,153,2020,https://api.odcloud.kr/api/15072696/v1/uddi:872f15c4-7f70-4c68-a8c9-8f22d2f79bcc,PUB-010_시도별_장기요양판정
여자,경상북도,의료급여,4등급,289,2020,https://api.odcloud.kr/api/15072696/v1/uddi:872f15c4-7f70-4c68-a8c9-8f22d2f79bcc,PUB-010_시도별_장기요양판정
여자,경상북도,의료급여,5등급,83,2020,https://api.odcloud.kr/api/15072696/v1/uddi:872f15c4-7f70-4c68-a8c9-8f22d2f79bcc,PUB-010_시도별_장기요양판정
여자,경상북도,의료급여,인지지원등급,13,2020,https://api.odcloud.kr/api/15072696/v1/uddi:872f15c4-7f70-4c68-a8c9-8f22d2f79bcc,PUB-010_시도별_장기요양판정
여자,경상북도,의료급여,등급외,99,2020,https://api.odcloud.kr/api/15072696/v1/uddi:872f15c4-7f70-4c68-a8c9-8f22d2f79bcc,PUB-010_시도별_장기요양판정
여자,경상북도,기초수급,1등급,279,2020,https://api.odcloud.kr/api/15072696/v1/uddi:872f15c4-7f70-4c68-a8c9-8f22d2f79bcc,PUB-010_시도별_장기요양판정
여자,경상북도,기초수급,2등급,570,2020,https://api.odcloud.kr/api/15072696/v1/uddi:872f15c4-7f70-4c68-a8c9-8f22d2f79bcc,PUB-010_시도별_장기요양판정
여자,경상북도,기초수급,3등급,1650,2020,https://api.odcloud.kr/api/15072696/v1/uddi:872f15c4-7f70-4c68-a8c9-8f22d2f79bcc,PUB-010_시도별_장기요양판정
여자,경상북도,기초수급,4등급,3473,2020,https://api.odcloud.kr/api/15072696/v1/uddi:872f15c4-7f70-4c68-a8c9-8f22d2f79bcc,PUB-010_시도별_장기요양판정
여자,경상북도,기초수급,5등급,922,2020,https://api.odcloud.kr/api/15072696/v1/uddi:872f15c4-7f70-4c68-a8c9-8f22d2f79bcc,PUB-010_시도별_장기요양판정
여자,경상북도,기초수급,인지지원등급,112,2020,https://api.odcloud.kr/api/15072696/v1/uddi:872f15c4-7f70-4c68-a8c9-8f22d2f79bcc,PUB-010_시도별_장기요양판정
여자,경상북도,기초수급,등급외,1986,2020,https://api.odcloud.kr/api/15072696/v1/uddi:872f15c4-7f70-4c68-a8c9-8f22d2f79bcc,PUB-010_시도별_장기요양판정
남자,경상남도,일반,1등급,305,2020,https://api.odcloud.kr/api/15072696/v1/uddi:872f15c4-7f70-4c68-a8c9-8f22d2f79bcc,PUB-010_시도별_장기요양판정
남자,경상남도,일반,2등급,660,2020,https://api.odcloud.kr/api/15072696/v1/uddi:872f15c4-7f70-4c68-a8c9-8f22d2f79bcc,PUB-010_시도별_장기요양판정
남자,경상남도,일반,3등급,2150,2020,https://api.odcloud.kr/api/15072696/v1/uddi:872f15c4-7f70-4c68-a8c9-8f22d2f79bcc,PUB-010_시도별_장기요양판정
남자,경상남도,일반,4등급,4004,2020,https://api.odcloud.kr/api/15072696/v1/uddi:872f15c4-7f70-4c68-a8c9-8f22d2f79bcc,PUB-010_시도별_장기요양판정
남자,경상남도,일반,5등급,969,2020,https://api.odcloud.kr/api/15072696/v1/uddi:872f15c4-7f70-4c68-a8c9-8f22d2f79bcc,PUB-010_시도별_장기요양판정
남자,경상남도,일반,인지지원등급,201,2020,https://api.odcloud.kr/api/15072696/v1/uddi:872f15c4-7f70-4c68-a8c9-8f22d2f79bcc,PUB-010_시도별_장기요양판정
남자,경상남도,일반,등급외,2770,2020,https://api.odcloud.kr/api/15072696/v1/uddi:872f15c4-7f70-4c68-a8c9-8f22d2f79bcc,PUB-010_시도별_장기요양판정
남자,경상남도,감경,1등급,195,2020,https://api.odcloud.kr/api/15072696/v1/uddi:872f15c4-7f70-4c68-a8c9-8f22d2f79bcc,PUB-010_시도별_장기요양판정
남자,경상남도,감경,2등급,487,2020,https://api.odcloud.kr/api/15072696/v1/uddi:872f15c4-7f70-4c68-a8c9-8f22d2f79bcc,PUB-010_시도별_장기요양판정
남자,경상남도,감경,3등급,1431,2020,https://api.odcloud.kr/api/15072696/v1/uddi:872f15c4-7f70-4c68-a8c9-8f22d2f79bcc,PUB-010_시도별_장기요양판정
남자,경상남도,감경,4등급,2558,2020,https://api.odcloud.kr/api/15072696/v1/uddi:872f15c4-7f70-4c68-a8c9-8f22d2f79bcc,PUB-010_시도별_장기요양판정
남자,경상남도,감경,5등급,544,2020,https://api.odcloud.kr/api/15072696/v1/uddi:872f15c4-7f70-4c68-a8c9-8f22d2f79bcc,PUB-010_시도별_장기요양판정
남자,경상남도,감경,인지지원등급,89,2020,https://api.odcloud.kr/api/15072696/v1/uddi:872f15c4-7f70-4c68-a8c9-8f22d2f79bcc,PUB-010_시도별_장기요양판정
남자,경상남도,감경,등급외,114,2020,https://api.odcloud.kr/api/15072696/v1/uddi:872f15c4-7f70-4c68-a8c9-8f22d2f79bcc,PUB-010_시도별_장기요양판정
남자,경상남도,의료급여,1등급,5,2020,https://api.odcloud.kr/api/15072696/v1/uddi:872f15c4-7f70-4c68-a8c9-8f22d2f79bcc,PUB-010_시도별_장기요양판정
남자,경상남도,의료급여,2등급,13,2020,https://api.odcloud.kr/api/15072696/v1/uddi:872f15c4-7f70-4c68-a8c9-8f22d2f79bcc,PUB-010_시도별_장기요양판정
남자,경상남도,의료급여,3등급,38,2020,https://api.odcloud.kr/api/15072696/v1/uddi:872f15c4-7f70-4c68-a8c9-8f22d2f79bcc,PUB-010_시도별_장기요양판정
남자,경상남도,의료급여,4등급,79,2020,https://api.odcloud.kr/api/15072696/v1/uddi:872f15c4-7f70-4c68-a8c9-8f22d2f79bcc,PUB-010_시도별_장기요양판정
남자,경상남도,의료급여,5등급,12,2020,https://api.odcloud.kr/api/15072696/v1/uddi:872f15c4-7f70-4c68-a8c9-8f22d2f79bcc,PUB-010_시도별_장기요양판정
남자,경상남도,의료급여,인지지원등급,3,2020,https://api.odcloud.kr/api/15072696/v1/uddi:872f15c4-7f70-4c68-a8c9-8f22d2f79bcc,PUB-010_시도별_장기요양판정
남자,경상남도,의료급여,등급외,44,2020,https://api.odcloud.kr/api/15072696/v1/uddi:872f15c4-7f70-4c68-a8c9-8f22d2f79bcc,PUB-010_시도별_장기요양판정
남자,경상남도,기초수급,1등급,87,2020,https://api.odcloud.kr/api/15072696/v1/uddi:872f15c4-7f70-4c68-a8c9-8f22d2f79bcc,PUB-010_시도별_장기요양판정
남자,경상남도,기초수급,2등급,173,2020,https://api.odcloud.kr/api/15072696/v1/uddi:872f15c4-7f70-4c68-a8c9-8f22d2f79bcc,PUB-010_시도별_장기요양판정
남자,경상남도,기초수급,3등급,536,2020,https://api.odcloud.kr/api/15072696/v1/uddi:872f15c4-7f70-4c68-a8c9-8f22d2f79bcc,PUB-010_시도별_장기요양판정
남자,경상남도,기초수급,4등급,1126,2020,https://api.odcloud.kr/api/15072696/v1/uddi:872f15c4-7f70-4c68-a8c9-8f22d2f79bcc,PUB-010_시도별_장기요양판정
남자,경상남도,기초수급,5등급,252,2020,https://api.odcloud.kr/api/15072696/v1/uddi:872f15c4-7f70-4c68-a8c9-8f22d2f79bcc,PUB-010_시도별_장기요양판정
남자,경상남도,기초수급,인지지원등급,78,2020,https://api.odcloud.kr/api/15072696/v1/uddi:872f15c4-7f70-4c68-a8c9-8f22d2f79bcc,PUB-010_시도별_장기요양판정
남자,경상남도,기초수급,등급외,999,2020,https://api.odcloud.kr/api/15072696/v1/uddi:872f15c4-7f70-4c68-a8c9-8f22d2f79bcc,PUB-010_시도별_장기요양판정
여자,경상남도,일반,1등급,774,2020,https://api.odcloud.kr/api/15072696/v1/uddi:872f15c4-7f70-4c68-a8c9-8f22d2f79bcc,PUB-010_시도별_장기요양판정
여자,경상남도,일반,2등급,1838,2020,https://api.odcloud.kr/api/15072696/v1/uddi:872f15c4-7f70-4c68-a8c9-8f22d2f79bcc,PUB-010_시도별_장기요양판정
여자,경상남도,일반,3등급,5363,2020,https://api.odcloud.kr/api/15072696/v1/uddi:872f15c4-7f70-4c68-a8c9-8f22d2f79bcc,PUB-010_시도별_장기요양판정
여자,경상남도,일반,4등급,11885,2020,https://api.odcloud.kr/api/15072696/v1/uddi:872f15c4-7f70-4c68-a8c9-8f22d2f79bcc,PUB-010_시도별_장기요양판정
여자,경상남도,일반,5등급,2873,2020,https://api.odcloud.kr/api/15072696/v1/uddi:872f15c4-7f70-4c68-a8c9-8f22d2f79bcc,PUB-010_시도별_장기요양판정
여자,경상남도,일반,인지지원등급,490,2020,https://api.odcloud.kr/api/15072696/v1/uddi:872f15c4-7f70-4c68-a8c9-8f22d2f79bcc,PUB-010_시도별_장기요양판정
여자,경상남도,일반,등급외,6625,2020,https://api.odcloud.kr/api/15072696/v1/uddi:872f15c4-7f70-4c68-a8c9-8f22d2f79bcc,PUB-010_시도별_장기요양판정
여자,경상남도,감경,1등급,730,2020,https://api.odcloud.kr/api/15072696/v1/uddi:872f15c4-7f70-4c68-a8c9-8f22d2f79bcc,PUB-010_시도별_장기요양판정
여자,경상남도,감경,2등급,1752,2020,https://api.odcloud.kr/api/15072696/v1/uddi:872f15c4-7f70-4c68-a8c9-8f22d2f79bcc,PUB-010_시도별_장기요양판정
여자,경상남도,감경,3등급,4580,2020,https://api.odcloud.kr/api/15072696/v1/uddi:872f15c4-7f70-4c68-a8c9-8f22d2f79bcc,PUB-010_시도별_장기요양판정
여자,경상남도,감경,4등급,9201,2020,https://api.odcloud.kr/api/15072696/v1/uddi:872f15c4-7f70-4c68-a8c9-8f22d2f79bcc,PUB-010_시도별_장기요양판정
여자,경상남도,감경,5등급,2154,2020,https://api.odcloud.kr/api/15072696/v1/uddi:872f15c4-7f70-4c68-a8c9-8f22d2f79bcc,PUB-010_시도별_장기요양판정
여자,경상남도,감경,인지지원등급,278,2020,https://api.odcloud.kr/api/15072696/v1/uddi:872f15c4-7f70-4c68-a8c9-8f22d2f79bcc,PUB-010_시도별_장기요양판정
여자,경상남도,감경,등급외,282,2020,https://api.odcloud.kr/api/15072696/v1/uddi:872f15c4-7f70-4c68-a8c9-8f22d2f79bcc,PUB-010_시도별_장기요양판정
여자,경상남도,의료급여,1등급,18,2020,https://api.odcloud.kr/api/15072696/v1/uddi:872f15c4-7f70-4c68-a8c9-8f22d2f79bcc,PUB-010_시도별_장기요양판정
여자,경상남도,의료급여,2등급,58,2020,https://api.odcloud.kr/api/15072696/v1/uddi:872f15c4-7f70-4c68-a8c9-8f22d2f79bcc,PUB-010_시도별_장기요양판정
여자,경상남도,의료급여,3등급,145,2020,https://api.odcloud.kr/api/15072696/v1/uddi:872f15c4-7f70-4c68-a8c9-8f22d2f79bcc,PUB-010_시도별_장기요양판정
여자,경상남도,의료급여,4등급,317,2020,https://api.odcloud.kr/api/15072696/v1/uddi:872f15c4-7f70-4c68-a8c9-8f22d2f79bcc,PUB-010_시도별_장기요양판정
여자,경상남도,의료급여,5등급,67,2020,https://api.odcloud.kr/api/15072696/v1/uddi:872f15c4-7f70-4c68-a8c9-8f22d2f79bcc,PUB-010_시도별_장기요양판정
여자,경상남도,의료급여,인지지원등급,3,2020,https://api.odcloud.kr/api/15072696/v1/uddi:872f15c4-7f70-4c68-a8c9-8f22d2f79bcc,PUB-010_시도별_장기요양판정
여자,경상남도,의료급여,등급외,111,2020,https://api.odcloud.kr/api/15072696/v1/uddi:872f15c4-7f70-4c68-a8c9-8f22d2f79bcc,PUB-010_시도별_장기요양판정
여자,경상남도,기초수급,1등급,248,2020,https://api.odcloud.kr/api/15072696/v1/uddi:872f15c4-7f70-4c68-a8c9-8f22d2f79bcc,PUB-010_시도별_장기요양판정
여자,경상남도,기초수급,2등급,581,2020,https://api.odcloud.kr/api/15072696/v1/uddi:872f15c4-7f70-4c68-a8c9-8f22d2f79bcc,PUB-010_시도별_장기요양판정
여자,경상남도,기초수급,3등급,1425,2020,https://api.odcloud.kr/api/15072696/v1/uddi:872f15c4-7f70-4c68-a8c9-8f22d2f79bcc,PUB-010_시도별_장기요양판정
여자,경상남도,기초수급,4등급,3459,2020,https://api.odcloud.kr/api/15072696/v1/uddi:872f15c4-7f70-4c68-a8c9-8f22d2f79bcc,PUB-010_시도별_장기요양판정
여자,경상남도,기초수급,5등급,842,2020,https://api.odcloud.kr/api/15072696/v1/uddi:872f15c4-7f70-4c68-a8c9-8f22d2f79bcc,PUB-010_시도별_장기요양판정
여자,경상남도,기초수급,인지지원등급,117,2020,https://api.odcloud.kr/api/15072696/v1/uddi:872f15c4-7f70-4c68-a8c9-8f22d2f79bcc,PUB-010_시도별_장기요양판정
여자,경상남도,기초수급,등급외,1794,2020,https://api.odcloud.kr/api/15072696/v1/uddi:872f15c4-7f70-4c68-a8c9-8f22d2f79bcc,PUB-010_시도별_장기요양판정
남자,제주특별자치도,일반,1등급,111,2020,https://api.odcloud.kr/api/15072696/v1/uddi:872f15c4-7f70-4c68-a8c9-8f22d2f79bcc,PUB-010_시도별_장기요양판정
남자,제주특별자치도,일반,2등급,175,2020,https://api.odcloud.kr/api/15072696/v1/uddi:872f15c4-7f70-4c68-a8c9-8f22d2f79bcc,PUB-010_시도별_장기요양판정
남자,제주특별자치도,일반,3등급,412,2020,https://api.odcloud.kr/api/15072696/v1/uddi:872f15c4-7f70-4c68-a8c9-8f22d2f79bcc,PUB-010_시도별_장기요양판정
남자,제주특별자치도,일반,4등급,514,2020,https://api.odcloud.kr/api/15072696/v1/uddi:872f15c4-7f70-4c68-a8c9-8f22d2f79bcc,PUB-010_시도별_장기요양판정
남자,제주특별자치도,일반,5등급,121,2020,https://api.odcloud.kr/api/15072696/v1/uddi:872f15c4-7f70-4c68-a8c9-8f22d2f79bcc,PUB-010_시도별_장기요양판정
남자,제주특별자치도,일반,인지지원등급,30,2020,https://api.odcloud.kr/api/15072696/v1/uddi:872f15c4-7f70-4c68-a8c9-8f22d2f79bcc,PUB-010_시도별_장기요양판정
남자,제주특별자치도,일반,등급외,296,2020,https://api.odcloud.kr/api/15072696/v1/uddi:872f15c4-7f70-4c68-a8c9-8f22d2f79bcc,PUB-010_시도별_장기요양판정
남자,제주특별자치도,감경,1등급,50,2020,https://api.odcloud.kr/api/15072696/v1/uddi:872f15c4-7f70-4c68-a8c9-8f22d2f79bcc,PUB-010_시도별_장기요양판정
남자,제주특별자치도,감경,2등급,101,2020,https://api.odcloud.kr/api/15072696/v1/uddi:872f15c4-7f70-4c68-a8c9-8f22d2f79bcc,PUB-010_시도별_장기요양판정
남자,제주특별자치도,감경,3등급,214,2020,https://api.odcloud.kr/api/15072696/v1/uddi:872f15c4-7f70-4c68-a8c9-8f22d2f79bcc,PUB-010_시도별_장기요양판정
남자,제주특별자치도,감경,4등급,252,2020,https://api.odcloud.kr/api/15072696/v1/uddi:872f15c4-7f70-4c68-a8c9-8f22d2f79bcc,PUB-010_시도별_장기요양판정
남자,제주특별자치도,감경,5등급,78,2020,https://api.odcloud.kr/api/15072696/v1/uddi:872f15c4-7f70-4c68-a8c9-8f22d2f79bcc,PUB-010_시도별_장기요양판정
남자,제주특별자치도,감경,인지지원등급,17,2020,https://api.odcloud.kr/api/15072696/v1/uddi:872f15c4-7f70-4c68-a8c9-8f22d2f79bcc,PUB-010_시도별_장기요양판정
남자,제주특별자치도,감경,등급외,10,2020,https://api.odcloud.kr/api/15072696/v1/uddi:872f15c4-7f70-4c68-a8c9-8f22d2f79bcc,PUB-010_시도별_장기요양판정
남자,제주특별자치도,의료급여,1등급,8,2020,https://api.odcloud.kr/api/15072696/v1/uddi:872f15c4-7f70-4c68-a8c9-8f22d2f79bcc,PUB-010_시도별_장기요양판정
남자,제주특별자치도,의료급여,2등급,2,2020,https://api.odcloud.kr/api/15072696/v1/uddi:872f15c4-7f70-4c68-a8c9-8f22d2f79bcc,PUB-010_시도별_장기요양판정
남자,제주특별자치도,의료급여,3등급,18,2020,https://api.odcloud.kr/api/15072696/v1/uddi:872f15c4-7f70-4c68-a8c9-8f22d2f79bcc,PUB-010_시도별_장기요양판정
남자,제주특별자치도,의료급여,4등급,15,2020,https://api.odcloud.kr/api/15072696/v1/uddi:872f15c4-7f70-4c68-a8c9-8f22d2f79bcc,PUB-010_시도별_장기요양판정
남자,제주특별자치도,의료급여,5등급,4,2020,https://api.odcloud.kr/api/15072696/v1/uddi:872f15c4-7f70-4c68-a8c9-8f22d2f79bcc,PUB-010_시도별_장기요양판정
남자,제주특별자치도,의료급여,인지지원등급,1,2020,https://api.odcloud.kr/api/15072696/v1/uddi:872f15c4-7f70-4c68-a8c9-8f22d2f79bcc,PUB-010_시도별_장기요양판정
남자,제주특별자치도,의료급여,등급외,3,2020,https://api.odcloud.kr/api/15072696/v1/uddi:872f15c4-7f70-4c68-a8c9-8f22d2f79bcc,PUB-010_시도별_장기요양판정
남자,제주특별자치도,기초수급,1등급,24,2020,https://api.odcloud.kr/api/15072696/v1/uddi:872f15c4-7f70-4c68-a8c9-8f22d2f79bcc,PUB-010_시도별_장기요양판정
남자,제주특별자치도,기초수급,2등급,49,2020,https://api.odcloud.kr/api/15072696/v1/uddi:872f15c4-7f70-4c68-a8c9-8f22d2f79bcc,PUB-010_시도별_장기요양판정
남자,제주특별자치도,기초수급,3등급,119,2020,https://api.odcloud.kr/api/15072696/v1/uddi:872f15c4-7f70-4c68-a8c9-8f22d2f79bcc,PUB-010_시도별_장기요양판정
남자,제주특별자치도,기초수급,4등급,204,2020,https://api.odcloud.kr/api/15072696/v1/uddi:872f15c4-7f70-4c68-a8c9-8f22d2f79bcc,PUB-010_시도별_장기요양판정
남자,제주특별자치도,기초수급,5등급,41,2020,https://api.odcloud.kr/api/15072696/v1/uddi:872f15c4-7f70-4c68-a8c9-8f22d2f79bcc,PUB-010_시도별_장기요양판정
남자,제주특별자치도,기초수급,인지지원등급,18,2020,https://api.odcloud.kr/api/15072696/v1/uddi:872f15c4-7f70-4c68-a8c9-8f22d2f79bcc,PUB-010_시도별_장기요양판정
남자,제주특별자치도,기초수급,등급외,159,2020,https://api.odcloud.kr/api/15072696/v1/uddi:872f15c4-7f70-4c68-a8c9-8f22d2f79bcc,PUB-010_시도별_장기요양판정
여자,제주특별자치도,일반,1등급,260,2020,https://api.odcloud.kr/api/15072696/v1/uddi:872f15c4-7f70-4c68-a8c9-8f22d2f79bcc,PUB-010_시도별_장기요양판정
여자,제주특별자치도,일반,2등급,474,2020,https://api.odcloud.kr/api/15072696/v1/uddi:872f15c4-7f70-4c68-a8c9-8f22d2f79bcc,PUB-010_시도별_장기요양판정
여자,제주특별자치도,일반,3등급,1020,2020,https://api.odcloud.kr/api/15072696/v1/uddi:872f15c4-7f70-4c68-a8c9-8f22d2f79bcc,PUB-010_시도별_장기요양판정
여자,제주특별자치도,일반,4등급,1270,2020,https://api.odcloud.kr/api/15072696/v1/uddi:872f15c4-7f70-4c68-a8c9-8f22d2f79bcc,PUB-010_시도별_장기요양판정
여자,제주특별자치도,일반,5등급,353,2020,https://api.odcloud.kr/api/15072696/v1/uddi:872f15c4-7f70-4c68-a8c9-8f22d2f79bcc,PUB-010_시도별_장기요양판정
여자,제주특별자치도,일반,인지지원등급,87,2020,https://api.odcloud.kr/api/15072696/v1/uddi:872f15c4-7f70-4c68-a8c9-8f22d2f79bcc,PUB-010_시도별_장기요양판정
여자,제주특별자치도,일반,등급외,838,2020,https://api.odcloud.kr/api/15072696/v1/uddi:872f15c4-7f70-4c68-a8c9-8f22d2f79bcc,PUB-010_시도별_장기요양판정
여자,제주특별자치도,감경,1등급,188,2020,https://api.odcloud.kr/api/15072696/v1/uddi:872f15c4-7f70-4c68-a8c9-8f22d2f79bcc,PUB-010_시도별_장기요양판정
여자,제주특별자치도,감경,2등급,381,2020,https://api.odcloud.kr/api/15072696/v1/uddi:872f15c4-7f70-4c68-a8c9-8f22d2f79bcc,PUB-010_시도별_장기요양판정
여자,제주특별자치도,감경,3등급,864,2020,https://api.odcloud.kr/api/15072696/v1/uddi:872f15c4-7f70-4c68-a8c9-8f22d2f79bcc,PUB-010_시도별_장기요양판정
여자,제주특별자치도,감경,4등급,891,2020,https://api.odcloud.kr/api/15072696/v1/uddi:872f15c4-7f70-4c68-a8c9-8f22d2f79bcc,PUB-010_시도별_장기요양판정
여자,제주특별자치도,감경,5등급,195,2020,https://api.odcloud.kr/api/15072696/v1/uddi:872f15c4-7f70-4c68-a8c9-8f22d2f79bcc,PUB-010_시도별_장기요양판정
여자,제주특별자치도,감경,인지지원등급,45,2020,https://api.odcloud.kr/api/15072696/v1/uddi:872f15c4-7f70-4c68-a8c9-8f22d2f79bcc,PUB-010_시도별_장기요양판정
여자,제주특별자치도,감경,등급외,47,2020,https://api.odcloud.kr/api/15072696/v1/uddi:872f15c4-7f70-4c68-a8c9-8f22d2f79bcc,PUB-010_시도별_장기요양판정
여자,제주특별자치도,의료급여,1등급,9,2020,https://api.odcloud.kr/api/15072696/v1/uddi:872f15c4-7f70-4c68-a8c9-8f22d2f79bcc,PUB-010_시도별_장기요양판정
여자,제주특별자치도,의료급여,2등급,27,2020,https://api.odcloud.kr/api/15072696/v1/uddi:872f15c4-7f70-4c68-a8c9-8f22d2f79bcc,PUB-010_시도별_장기요양판정
여자,제주특별자치도,의료급여,3등급,59,2020,https://api.odcloud.kr/api/15072696/v1/uddi:872f15c4-7f70-4c68-a8c9-8f22d2f79bcc,PUB-010_시도별_장기요양판정
여자,제주특별자치도,의료급여,4등급,39,2020,https://api.odcloud.kr/api/15072696/v1/uddi:872f15c4-7f70-4c68-a8c9-8f22d2f79bcc,PUB-010_시도별_장기요양판정
여자,제주특별자치도,의료급여,5등급,12,2020,https://api.odcloud.kr/api/15072696/v1/uddi:872f15c4-7f70-4c68-a8c9-8f22d2f79bcc,PUB-010_시도별_장기요양판정
여자,제주특별자치도,의료급여,인지지원등급,2,2020,https://api.odcloud.kr/api/15072696/v1/uddi:872f15c4-7f70-4c68-a8c9-8f22d2f79bcc,PUB-010_시도별_장기요양판정
여자,제주특별자치도,의료급여,등급외,14,2020,https://api.odcloud.kr/api/15072696/v1/uddi:872f15c4-7f70-4c68-a8c9-8f22d2f79bcc,PUB-010_시도별_장기요양판정
여자,제주특별자치도,기초수급,1등급,102,2020,https://api.odcloud.kr/api/15072696/v1/uddi:872f15c4-7f70-4c68-a8c9-8f22d2f79bcc,PUB-010_시도별_장기요양판정
여자,제주특별자치도,기초수급,2등급,175,2020,https://api.odcloud.kr/api/15072696/v1/uddi:872f15c4-7f70-4c68-a8c9-8f22d2f79bcc,PUB-010_시도별_장기요양판정
여자,제주특별자치도,기초수급,3등급,390,2020,https://api.odcloud.kr/api/15072696/v1/uddi:872f15c4-7f70-4c68-a8c9-8f22d2f79bcc,PUB-010_시도별_장기요양판정
여자,제주특별자치도,기초수급,4등급,502,2020,https://api.odcloud.kr/api/15072696/v1/uddi:872f15c4-7f70-4c68-a8c9-8f22d2f79bcc,PUB-010_시도별_장기요양판정
여자,제주특별자치도,기초수급,5등급,90,2020,https://api.odcloud.kr/api/15072696/v1/uddi:872f15c4-7f70-4c68-a8c9-8f22d2f79bcc,PUB-010_시도별_장기요양판정
여자,제주특별자치도,기초수급,인지지원등급,26,2020,https://api.odcloud.kr/api/15072696/v1/uddi:872f15c4-7f70-4c68-a8c9-8f22d2f79bcc,PUB-010_시도별_장기요양판정
여자,제주특별자치도,기초수급,등급외,350,2020,https://api.odcloud.kr/api/15072696/v1/uddi:872f15c4-7f70-4c68-a8c9-8f22d2f79bcc,PUB-010_시도별_장기요양판정
