성별,시도,자격,판정등급,판정인원수,source_period,source_endpoint,source_dataset
남자,서울특별시,일반,1등급,1744,2021,https://api.odcloud.kr/api/15072696/v1/uddi:63aa9ab2-863b-4a63-85cf-e9b43dccb240,PUB-010_시도별_장기요양판정
남자,서울특별시,일반,2등급,2514,2021,https://api.odcloud.kr/api/15072696/v1/uddi:63aa9ab2-863b-4a63-85cf-e9b43dccb240,PUB-010_시도별_장기요양판정
남자,서울특별시,일반,3등급,7127,2021,https://api.odcloud.kr/api/15072696/v1/uddi:63aa9ab2-863b-4a63-85cf-e9b43dccb240,PUB-010_시도별_장기요양판정
남자,서울특별시,일반,4등급,9087,2021,https://api.odcloud.kr/api/15072696/v1/uddi:63aa9ab2-863b-4a63-85cf-e9b43dccb240,PUB-010_시도별_장기요양판정
남자,서울특별시,일반,5등급,2107,2021,https://api.odcloud.kr/api/15072696/v1/uddi:63aa9ab2-863b-4a63-85cf-e9b43dccb240,PUB-010_시도별_장기요양판정
남자,서울특별시,일반,인지지원등급,545,2021,https://api.odcloud.kr/api/15072696/v1/uddi:63aa9ab2-863b-4a63-85cf-e9b43dccb240,PUB-010_시도별_장기요양판정
남자,서울특별시,일반,등급외,3518,2021,https://api.odcloud.kr/api/15072696/v1/uddi:63aa9ab2-863b-4a63-85cf-e9b43dccb240,PUB-010_시도별_장기요양판정
여자,서울특별시,일반,1등급,3499,2021,https://api.odcloud.kr/api/15072696/v1/uddi:63aa9ab2-863b-4a63-85cf-e9b43dccb240,PUB-010_시도별_장기요양판정
여자,서울특별시,일반,2등급,5871,2021,https://api.odcloud.kr/api/15072696/v1/uddi:63aa9ab2-863b-4a63-85cf-e9b43dccb240,PUB-010_시도별_장기요양판정
여자,서울특별시,일반,3등급,14904,2021,https://api.odcloud.kr/api/15072696/v1/uddi:63aa9ab2-863b-4a63-85cf-e9b43dccb240,PUB-010_시도별_장기요양판정
여자,서울특별시,일반,4등급,20192,2021,https://api.odcloud.kr/api/15072696/v1/uddi:63aa9ab2-863b-4a63-85cf-e9b43dccb240,PUB-010_시도별_장기요양판정
여자,서울특별시,일반,5등급,4833,2021,https://api.odcloud.kr/api/15072696/v1/uddi:63aa9ab2-863b-4a63-85cf-e9b43dccb240,PUB-010_시도별_장기요양판정
여자,서울특별시,일반,인지지원등급,1339,2021,https://api.odcloud.kr/api/15072696/v1/uddi:63aa9ab2-863b-4a63-85cf-e9b43dccb240,PUB-010_시도별_장기요양판정
여자,서울특별시,일반,등급외,7553,2021,https://api.odcloud.kr/api/15072696/v1/uddi:63aa9ab2-863b-4a63-85cf-e9b43dccb240,PUB-010_시도별_장기요양판정
남자,부산광역시,일반,1등급,368,2021,https://api.odcloud.kr/api/15072696/v1/uddi:63aa9ab2-863b-4a63-85cf-e9b43dccb240,PUB-010_시도별_장기요양판정
남자,부산광역시,일반,2등급,741,2021,https://api.odcloud.kr/api/15072696/v1/uddi:63aa9ab2-863b-4a63-85cf-e9b43dccb240,PUB-010_시도별_장기요양판정
남자,부산광역시,일반,3등급,2469,2021,https://api.odcloud.kr/api/15072696/v1/uddi:63aa9ab2-863b-4a63-85cf-e9b43dccb240,PUB-010_시도별_장기요양판정
남자,부산광역시,일반,4등급,3916,2021,https://api.odcloud.kr/api/15072696/v1/uddi:63aa9ab2-863b-4a63-85cf-e9b43dccb240,PUB-010_시도별_장기요양판정
남자,부산광역시,일반,5등급,783,2021,https://api.odcloud.kr/api/15072696/v1/uddi:63aa9ab2-863b-4a63-85cf-e9b43dccb240,PUB-010_시도별_장기요양판정
남자,부산광역시,일반,인지지원등급,162,2021,https://api.odcloud.kr/api/15072696/v1/uddi:63aa9ab2-863b-4a63-85cf-e9b43dccb240,PUB-010_시도별_장기요양판정
남자,부산광역시,일반,등급외,2226,2021,https://api.odcloud.kr/api/15072696/v1/uddi:63aa9ab2-863b-4a63-85cf-e9b43dccb240,PUB-010_시도별_장기요양판정
여자,부산광역시,일반,1등급,964,2021,https://api.odcloud.kr/api/15072696/v1/uddi:63aa9ab2-863b-4a63-85cf-e9b43dccb240,PUB-010_시도별_장기요양판정
여자,부산광역시,일반,2등급,1674,2021,https://api.odcloud.kr/api/15072696/v1/uddi:63aa9ab2-863b-4a63-85cf-e9b43dccb240,PUB-010_시도별_장기요양판정
여자,부산광역시,일반,3등급,5213,2021,https://api.odcloud.kr/api/15072696/v1/uddi:63aa9ab2-863b-4a63-85cf-e9b43dccb240,PUB-010_시도별_장기요양판정
여자,부산광역시,일반,4등급,9415,2021,https://api.odcloud.kr/api/15072696/v1/uddi:63aa9ab2-863b-4a63-85cf-e9b43dccb240,PUB-010_시도별_장기요양판정
여자,부산광역시,일반,5등급,1847,2021,https://api.odcloud.kr/api/15072696/v1/uddi:63aa9ab2-863b-4a63-85cf-e9b43dccb240,PUB-010_시도별_장기요양판정
여자,부산광역시,일반,인지지원등급,414,2021,https://api.odcloud.kr/api/15072696/v1/uddi:63aa9ab2-863b-4a63-85cf-e9b43dccb240,PUB-010_시도별_장기요양판정
여자,부산광역시,일반,등급외,4730,2021,https://api.odcloud.kr/api/15072696/v1/uddi:63aa9ab2-863b-4a63-85cf-e9b43dccb240,PUB-010_시도별_장기요양판정
남자,대구광역시,일반,1등급,232,2021,https://api.odcloud.kr/api/15072696/v1/uddi:63aa9ab2-863b-4a63-85cf-e9b43dccb240,PUB-010_시도별_장기요양판정
남자,대구광역시,일반,2등급,534,2021,https://api.odcloud.kr/api/15072696/v1/uddi:63aa9ab2-863b-4a63-85cf-e9b43dccb240,PUB-010_시도별_장기요양판정
남자,대구광역시,일반,3등급,1692,2021,https://api.odcloud.kr/api/15072696/v1/uddi:63aa9ab2-863b-4a63-85cf-e9b43dccb240,PUB-010_시도별_장기요양판정
남자,대구광역시,일반,4등급,2448,2021,https://api.odcloud.kr/api/15072696/v1/uddi:63aa9ab2-863b-4a63-85cf-e9b43dccb240,PUB-010_시도별_장기요양판정
남자,대구광역시,일반,5등급,729,2021,https://api.odcloud.kr/api/15072696/v1/uddi:63aa9ab2-863b-4a63-85cf-e9b43dccb240,PUB-010_시도별_장기요양판정
남자,대구광역시,일반,인지지원등급,103,2021,https://api.odcloud.kr/api/15072696/v1/uddi:63aa9ab2-863b-4a63-85cf-e9b43dccb240,PUB-010_시도별_장기요양판정
남자,대구광역시,일반,등급외,1153,2021,https://api.odcloud.kr/api/15072696/v1/uddi:63aa9ab2-863b-4a63-85cf-e9b43dccb240,PUB-010_시도별_장기요양판정
여자,대구광역시,일반,1등급,597,2021,https://api.odcloud.kr/api/15072696/v1/uddi:63aa9ab2-863b-4a63-85cf-e9b43dccb240,PUB-010_시도별_장기요양판정
여자,대구광역시,일반,2등급,1373,2021,https://api.odcloud.kr/api/15072696/v1/uddi:63aa9ab2-863b-4a63-85cf-e9b43dccb240,PUB-010_시도별_장기요양판정
여자,대구광역시,일반,3등급,3792,2021,https://api.odcloud.kr/api/15072696/v1/uddi:63aa9ab2-863b-4a63-85cf-e9b43dccb240,PUB-010_시도별_장기요양판정
여자,대구광역시,일반,4등급,5746,2021,https://api.odcloud.kr/api/15072696/v1/uddi:63aa9ab2-863b-4a63-85cf-e9b43dccb240,PUB-010_시도별_장기요양판정
여자,대구광역시,일반,5등급,1594,2021,https://api.odcloud.kr/api/15072696/v1/uddi:63aa9ab2-863b-4a63-85cf-e9b43dccb240,PUB-010_시도별_장기요양판정
여자,대구광역시,일반,인지지원등급,304,2021,https://api.odcloud.kr/api/15072696/v1/uddi:63aa9ab2-863b-4a63-85cf-e9b43dccb240,PUB-010_시도별_장기요양판정
여자,대구광역시,일반,등급외,2703,2021,https://api.odcloud.kr/api/15072696/v1/uddi:63aa9ab2-863b-4a63-85cf-e9b43dccb240,PUB-010_시도별_장기요양판정
남자,인천광역시,일반,1등급,265,2021,https://api.odcloud.kr/api/15072696/v1/uddi:63aa9ab2-863b-4a63-85cf-e9b43dccb240,PUB-010_시도별_장기요양판정
남자,인천광역시,일반,2등급,504,2021,https://api.odcloud.kr/api/15072696/v1/uddi:63aa9ab2-863b-4a63-85cf-e9b43dccb240,PUB-010_시도별_장기요양판정
남자,인천광역시,일반,3등급,1770,2021,https://api.odcloud.kr/api/15072696/v1/uddi:63aa9ab2-863b-4a63-85cf-e9b43dccb240,PUB-010_시도별_장기요양판정
남자,인천광역시,일반,4등급,2670,2021,https://api.odcloud.kr/api/15072696/v1/uddi:63aa9ab2-863b-4a63-85cf-e9b43dccb240,PUB-010_시도별_장기요양판정
남자,인천광역시,일반,5등급,508,2021,https://api.odcloud.kr/api/15072696/v1/uddi:63aa9ab2-863b-4a63-85cf-e9b43dccb240,PUB-010_시도별_장기요양판정
남자,인천광역시,일반,인지지원등급,113,2021,https://api.odcloud.kr/api/15072696/v1/uddi:63aa9ab2-863b-4a63-85cf-e9b43dccb240,PUB-010_시도별_장기요양판정
남자,인천광역시,일반,등급외,1240,2021,https://api.odcloud.kr/api/15072696/v1/uddi:63aa9ab2-863b-4a63-85cf-e9b43dccb240,PUB-010_시도별_장기요양판정
여자,인천광역시,일반,1등급,682,2021,https://api.odcloud.kr/api/15072696/v1/uddi:63aa9ab2-863b-4a63-85cf-e9b43dccb240,PUB-010_시도별_장기요양판정
여자,인천광역시,일반,2등급,1458,2021,https://api.odcloud.kr/api/15072696/v1/uddi:63aa9ab2-863b-4a63-85cf-e9b43dccb240,PUB-010_시도별_장기요양판정
여자,인천광역시,일반,3등급,4442,2021,https://api.odcloud.kr/api/15072696/v1/uddi:63aa9ab2-863b-4a63-85cf-e9b43dccb240,PUB-010_시도별_장기요양판정
여자,인천광역시,일반,4등급,6646,2021,https://api.odcloud.kr/api/15072696/v1/uddi:63aa9ab2-863b-4a63-85cf-e9b43dccb240,PUB-010_시도별_장기요양판정
여자,인천광역시,일반,5등급,1262,2021,https://api.odcloud.kr/api/15072696/v1/uddi:63aa9ab2-863b-4a63-85cf-e9b43dccb240,PUB-010_시도별_장기요양판정
여자,인천광역시,일반,인지지원등급,266,2021,https://api.odcloud.kr/api/15072696/v1/uddi:63aa9ab2-863b-4a63-85cf-e9b43dccb240,PUB-010_시도별_장기요양판정
여자,인천광역시,일반,등급외,2814,2021,https://api.odcloud.kr/api/15072696/v1/uddi:63aa9ab2-863b-4a63-85cf-e9b43dccb240,PUB-010_시도별_장기요양판정
남자,광주광역시,일반,1등급,161,2021,https://api.odcloud.kr/api/15072696/v1/uddi:63aa9ab2-863b-4a63-85cf-e9b43dccb240,PUB-010_시도별_장기요양판정
남자,광주광역시,일반,2등급,266,2021,https://api.odcloud.kr/api/15072696/v1/uddi:63aa9ab2-863b-4a63-85cf-e9b43dccb240,PUB-010_시도별_장기요양판정
남자,광주광역시,일반,3등급,972,2021,https://api.odcloud.kr/api/15072696/v1/uddi:63aa9ab2-863b-4a63-85cf-e9b43dccb240,PUB-010_시도별_장기요양판정
남자,광주광역시,일반,4등급,1652,2021,https://api.odcloud.kr/api/15072696/v1/uddi:63aa9ab2-863b-4a63-85cf-e9b43dccb240,PUB-010_시도별_장기요양판정
남자,광주광역시,일반,5등급,394,2021,https://api.odcloud.kr/api/15072696/v1/uddi:63aa9ab2-863b-4a63-85cf-e9b43dccb240,PUB-010_시도별_장기요양판정
남자,광주광역시,일반,인지지원등급,128,2021,https://api.odcloud.kr/api/15072696/v1/uddi:63aa9ab2-863b-4a63-85cf-e9b43dccb240,PUB-010_시도별_장기요양판정
남자,광주광역시,일반,등급외,1126,2021,https://api.odcloud.kr/api/15072696/v1/uddi:63aa9ab2-863b-4a63-85cf-e9b43dccb240,PUB-010_시도별_장기요양판정
여자,광주광역시,일반,1등급,373,2021,https://api.odcloud.kr/api/15072696/v1/uddi:63aa9ab2-863b-4a63-85cf-e9b43dccb240,PUB-010_시도별_장기요양판정
여자,광주광역시,일반,2등급,607,2021,https://api.odcloud.kr/api/15072696/v1/uddi:63aa9ab2-863b-4a63-85cf-e9b43dccb240,PUB-010_시도별_장기요양판정
여자,광주광역시,일반,3등급,2067,2021,https://api.odcloud.kr/api/15072696/v1/uddi:63aa9ab2-863b-4a63-85cf-e9b43dccb240,PUB-010_시도별_장기요양판정
여자,광주광역시,일반,4등급,4143,2021,https://api.odcloud.kr/api/15072696/v1/uddi:63aa9ab2-863b-4a63-85cf-e9b43dccb240,PUB-010_시도별_장기요양판정
여자,광주광역시,일반,5등급,940,2021,https://api.odcloud.kr/api/15072696/v1/uddi:63aa9ab2-863b-4a63-85cf-e9b43dccb240,PUB-010_시도별_장기요양판정
여자,광주광역시,일반,인지지원등급,235,2021,https://api.odcloud.kr/api/15072696/v1/uddi:63aa9ab2-863b-4a63-85cf-e9b43dccb240,PUB-010_시도별_장기요양판정
여자,광주광역시,일반,등급외,2814,2021,https://api.odcloud.kr/api/15072696/v1/uddi:63aa9ab2-863b-4a63-85cf-e9b43dccb240,PUB-010_시도별_장기요양판정
남자,대전광역시,일반,1등급,144,2021,https://api.odcloud.kr/api/15072696/v1/uddi:63aa9ab2-863b-4a63-85cf-e9b43dccb240,PUB-010_시도별_장기요양판정
남자,대전광역시,일반,2등급,247,2021,https://api.odcloud.kr/api/15072696/v1/uddi:63aa9ab2-863b-4a63-85cf-e9b43dccb240,PUB-010_시도별_장기요양판정
남자,대전광역시,일반,3등급,901,2021,https://api.odcloud.kr/api/15072696/v1/uddi:63aa9ab2-863b-4a63-85cf-e9b43dccb240,PUB-010_시도별_장기요양판정
남자,대전광역시,일반,4등급,1593,2021,https://api.odcloud.kr/api/15072696/v1/uddi:63aa9ab2-863b-4a63-85cf-e9b43dccb240,PUB-010_시도별_장기요양판정
남자,대전광역시,일반,5등급,491,2021,https://api.odcloud.kr/api/15072696/v1/uddi:63aa9ab2-863b-4a63-85cf-e9b43dccb240,PUB-010_시도별_장기요양판정
남자,대전광역시,일반,인지지원등급,92,2021,https://api.odcloud.kr/api/15072696/v1/uddi:63aa9ab2-863b-4a63-85cf-e9b43dccb240,PUB-010_시도별_장기요양판정
남자,대전광역시,일반,등급외,804,2021,https://api.odcloud.kr/api/15072696/v1/uddi:63aa9ab2-863b-4a63-85cf-e9b43dccb240,PUB-010_시도별_장기요양판정
여자,대전광역시,일반,1등급,389,2021,https://api.odcloud.kr/api/15072696/v1/uddi:63aa9ab2-863b-4a63-85cf-e9b43dccb240,PUB-010_시도별_장기요양판정
여자,대전광역시,일반,2등급,746,2021,https://api.odcloud.kr/api/15072696/v1/uddi:63aa9ab2-863b-4a63-85cf-e9b43dccb240,PUB-010_시도별_장기요양판정
여자,대전광역시,일반,3등급,2234,2021,https://api.odcloud.kr/api/15072696/v1/uddi:63aa9ab2-863b-4a63-85cf-e9b43dccb240,PUB-010_시도별_장기요양판정
여자,대전광역시,일반,4등급,3593,2021,https://api.odcloud.kr/api/15072696/v1/uddi:63aa9ab2-863b-4a63-85cf-e9b43dccb240,PUB-010_시도별_장기요양판정
여자,대전광역시,일반,5등급,1100,2021,https://api.odcloud.kr/api/15072696/v1/uddi:63aa9ab2-863b-4a63-85cf-e9b43dccb240,PUB-010_시도별_장기요양판정
여자,대전광역시,일반,인지지원등급,199,2021,https://api.odcloud.kr/api/15072696/v1/uddi:63aa9ab2-863b-4a63-85cf-e9b43dccb240,PUB-010_시도별_장기요양판정
여자,대전광역시,일반,등급외,1835,2021,https://api.odcloud.kr/api/15072696/v1/uddi:63aa9ab2-863b-4a63-85cf-e9b43dccb240,PUB-010_시도별_장기요양판정
남자,울산광역시,일반,1등급,142,2021,https://api.odcloud.kr/api/15072696/v1/uddi:63aa9ab2-863b-4a63-85cf-e9b43dccb240,PUB-010_시도별_장기요양판정
남자,울산광역시,일반,2등급,218,2021,https://api.odcloud.kr/api/15072696/v1/uddi:63aa9ab2-863b-4a63-85cf-e9b43dccb240,PUB-010_시도별_장기요양판정
남자,울산광역시,일반,3등급,751,2021,https://api.odcloud.kr/api/15072696/v1/uddi:63aa9ab2-863b-4a63-85cf-e9b43dccb240,PUB-010_시도별_장기요양판정
남자,울산광역시,일반,4등급,847,2021,https://api.odcloud.kr/api/15072696/v1/uddi:63aa9ab2-863b-4a63-85cf-e9b43dccb240,PUB-010_시도별_장기요양판정
남자,울산광역시,일반,5등급,130,2021,https://api.odcloud.kr/api/15072696/v1/uddi:63aa9ab2-863b-4a63-85cf-e9b43dccb240,PUB-010_시도별_장기요양판정
남자,울산광역시,일반,인지지원등급,24,2021,https://api.odcloud.kr/api/15072696/v1/uddi:63aa9ab2-863b-4a63-85cf-e9b43dccb240,PUB-010_시도별_장기요양판정
남자,울산광역시,일반,등급외,382,2021,https://api.odcloud.kr/api/15072696/v1/uddi:63aa9ab2-863b-4a63-85cf-e9b43dccb240,PUB-010_시도별_장기요양판정
여자,울산광역시,일반,1등급,337,2021,https://api.odcloud.kr/api/15072696/v1/uddi:63aa9ab2-863b-4a63-85cf-e9b43dccb240,PUB-010_시도별_장기요양판정
여자,울산광역시,일반,2등급,612,2021,https://api.odcloud.kr/api/15072696/v1/uddi:63aa9ab2-863b-4a63-85cf-e9b43dccb240,PUB-010_시도별_장기요양판정
여자,울산광역시,일반,3등급,1777,2021,https://api.odcloud.kr/api/15072696/v1/uddi:63aa9ab2-863b-4a63-85cf-e9b43dccb240,PUB-010_시도별_장기요양판정
여자,울산광역시,일반,4등급,2360,2021,https://api.odcloud.kr/api/15072696/v1/uddi:63aa9ab2-863b-4a63-85cf-e9b43dccb240,PUB-010_시도별_장기요양판정
여자,울산광역시,일반,5등급,446,2021,https://api.odcloud.kr/api/15072696/v1/uddi:63aa9ab2-863b-4a63-85cf-e9b43dccb240,PUB-010_시도별_장기요양판정
여자,울산광역시,일반,인지지원등급,92,2021,https://api.odcloud.kr/api/15072696/v1/uddi:63aa9ab2-863b-4a63-85cf-e9b43dccb240,PUB-010_시도별_장기요양판정
여자,울산광역시,일반,등급외,825,2021,https://api.odcloud.kr/api/15072696/v1/uddi:63aa9ab2-863b-4a63-85cf-e9b43dccb240,PUB-010_시도별_장기요양판정
남자,세종특별자치시,일반,1등급,36,2021,https://api.odcloud.kr/api/15072696/v1/uddi:63aa9ab2-863b-4a63-85cf-e9b43dccb240,PUB-010_시도별_장기요양판정
남자,세종특별자치시,일반,2등급,68,2021,https://api.odcloud.kr/api/15072696/v1/uddi:63aa9ab2-863b-4a63-85cf-e9b43dccb240,PUB-010_시도별_장기요양판정
남자,세종특별자치시,일반,3등급,196,2021,https://api.odcloud.kr/api/15072696/v1/uddi:63aa9ab2-863b-4a63-85cf-e9b43dccb240,PUB-010_시도별_장기요양판정
남자,세종특별자치시,일반,4등급,299,2021,https://api.odcloud.kr/api/15072696/v1/uddi:63aa9ab2-863b-4a63-85cf-e9b43dccb240,PUB-010_시도별_장기요양판정
남자,세종특별자치시,일반,5등급,110,2021,https://api.odcloud.kr/api/15072696/v1/uddi:63aa9ab2-863b-4a63-85cf-e9b43dccb240,PUB-010_시도별_장기요양판정
남자,세종특별자치시,일반,인지지원등급,21,2021,https://api.odcloud.kr/api/15072696/v1/uddi:63aa9ab2-863b-4a63-85cf-e9b43dccb240,PUB-010_시도별_장기요양판정
남자,세종특별자치시,일반,등급외,119,2021,https://api.odcloud.kr/api/15072696/v1/uddi:63aa9ab2-863b-4a63-85cf-e9b43dccb240,PUB-010_시도별_장기요양판정
여자,세종특별자치시,일반,1등급,98,2021,https://api.odcloud.kr/api/15072696/v1/uddi:63aa9ab2-863b-4a63-85cf-e9b43dccb240,PUB-010_시도별_장기요양판정
여자,세종특별자치시,일반,2등급,207,2021,https://api.odcloud.kr/api/15072696/v1/uddi:63aa9ab2-863b-4a63-85cf-e9b43dccb240,PUB-010_시도별_장기요양판정
여자,세종특별자치시,일반,3등급,469,2021,https://api.odcloud.kr/api/15072696/v1/uddi:63aa9ab2-863b-4a63-85cf-e9b43dccb240,PUB-010_시도별_장기요양판정
여자,세종특별자치시,일반,4등급,781,2021,https://api.odcloud.kr/api/15072696/v1/uddi:63aa9ab2-863b-4a63-85cf-e9b43dccb240,PUB-010_시도별_장기요양판정
여자,세종특별자치시,일반,5등급,214,2021,https://api.odcloud.kr/api/15072696/v1/uddi:63aa9ab2-863b-4a63-85cf-e9b43dccb240,PUB-010_시도별_장기요양판정
여자,세종특별자치시,일반,인지지원등급,38,2021,https://api.odcloud.kr/api/15072696/v1/uddi:63aa9ab2-863b-4a63-85cf-e9b43dccb240,PUB-010_시도별_장기요양판정
여자,세종특별자치시,일반,등급외,251,2021,https://api.odcloud.kr/api/15072696/v1/uddi:63aa9ab2-863b-4a63-85cf-e9b43dccb240,PUB-010_시도별_장기요양판정
남자,경기도,일반,1등급,1550,2021,https://api.odcloud.kr/api/15072696/v1/uddi:63aa9ab2-863b-4a63-85cf-e9b43dccb240,PUB-010_시도별_장기요양판정
남자,경기도,일반,2등급,2585,2021,https://api.odcloud.kr/api/15072696/v1/uddi:63aa9ab2-863b-4a63-85cf-e9b43dccb240,PUB-010_시도별_장기요양판정
남자,경기도,일반,3등급,8713,2021,https://api.odcloud.kr/api/15072696/v1/uddi:63aa9ab2-863b-4a63-85cf-e9b43dccb240,PUB-010_시도별_장기요양판정
남자,경기도,일반,4등급,11784,2021,https://api.odcloud.kr/api/15072696/v1/uddi:63aa9ab2-863b-4a63-85cf-e9b43dccb240,PUB-010_시도별_장기요양판정
남자,경기도,일반,5등급,3120,2021,https://api.odcloud.kr/api/15072696/v1/uddi:63aa9ab2-863b-4a63-85cf-e9b43dccb240,PUB-010_시도별_장기요양판정
남자,경기도,일반,인지지원등급,886,2021,https://api.odcloud.kr/api/15072696/v1/uddi:63aa9ab2-863b-4a63-85cf-e9b43dccb240,PUB-010_시도별_장기요양판정
남자,경기도,일반,등급외,5544,2021,https://api.odcloud.kr/api/15072696/v1/uddi:63aa9ab2-863b-4a63-85cf-e9b43dccb240,PUB-010_시도별_장기요양판정
여자,경기도,일반,1등급,3941,2021,https://api.odcloud.kr/api/15072696/v1/uddi:63aa9ab2-863b-4a63-85cf-e9b43dccb240,PUB-010_시도별_장기요양판정
여자,경기도,일반,2등급,7003,2021,https://api.odcloud.kr/api/15072696/v1/uddi:63aa9ab2-863b-4a63-85cf-e9b43dccb240,PUB-010_시도별_장기요양판정
여자,경기도,일반,3등급,20271,2021,https://api.odcloud.kr/api/15072696/v1/uddi:63aa9ab2-863b-4a63-85cf-e9b43dccb240,PUB-010_시도별_장기요양판정
여자,경기도,일반,4등급,28436,2021,https://api.odcloud.kr/api/15072696/v1/uddi:63aa9ab2-863b-4a63-85cf-e9b43dccb240,PUB-010_시도별_장기요양판정
여자,경기도,일반,5등급,7746,2021,https://api.odcloud.kr/api/15072696/v1/uddi:63aa9ab2-863b-4a63-85cf-e9b43dccb240,PUB-010_시도별_장기요양판정
여자,경기도,일반,인지지원등급,2087,2021,https://api.odcloud.kr/api/15072696/v1/uddi:63aa9ab2-863b-4a63-85cf-e9b43dccb240,PUB-010_시도별_장기요양판정
여자,경기도,일반,등급외,11826,2021,https://api.odcloud.kr/api/15072696/v1/uddi:63aa9ab2-863b-4a63-85cf-e9b43dccb240,PUB-010_시도별_장기요양판정
남자,강원도,일반,1등급,286,2021,https://api.odcloud.kr/api/15072696/v1/uddi:63aa9ab2-863b-4a63-85cf-e9b43dccb240,PUB-010_시도별_장기요양판정
남자,강원도,일반,2등급,562,2021,https://api.odcloud.kr/api/15072696/v1/uddi:63aa9ab2-863b-4a63-85cf-e9b43dccb240,PUB-010_시도별_장기요양판정
남자,강원도,일반,3등급,1484,2021,https://api.odcloud.kr/api/15072696/v1/uddi:63aa9ab2-863b-4a63-85cf-e9b43dccb240,PUB-010_시도별_장기요양판정
남자,강원도,일반,4등급,1633,2021,https://api.odcloud.kr/api/15072696/v1/uddi:63aa9ab2-863b-4a63-85cf-e9b43dccb240,PUB-010_시도별_장기요양판정
남자,강원도,일반,5등급,350,2021,https://api.odcloud.kr/api/15072696/v1/uddi:63aa9ab2-863b-4a63-85cf-e9b43dccb240,PUB-010_시도별_장기요양판정
남자,강원도,일반,인지지원등급,111,2021,https://api.odcloud.kr/api/15072696/v1/uddi:63aa9ab2-863b-4a63-85cf-e9b43dccb240,PUB-010_시도별_장기요양판정
남자,강원도,일반,등급외,1122,2021,https://api.odcloud.kr/api/15072696/v1/uddi:63aa9ab2-863b-4a63-85cf-e9b43dccb240,PUB-010_시도별_장기요양판정
여자,강원도,일반,1등급,701,2021,https://api.odcloud.kr/api/15072696/v1/uddi:63aa9ab2-863b-4a63-85cf-e9b43dccb240,PUB-010_시도별_장기요양판정
여자,강원도,일반,2등급,1372,2021,https://api.odcloud.kr/api/15072696/v1/uddi:63aa9ab2-863b-4a63-85cf-e9b43dccb240,PUB-010_시도별_장기요양판정
여자,강원도,일반,3등급,3341,2021,https://api.odcloud.kr/api/15072696/v1/uddi:63aa9ab2-863b-4a63-85cf-e9b43dccb240,PUB-010_시도별_장기요양판정
여자,강원도,일반,4등급,4148,2021,https://api.odcloud.kr/api/15072696/v1/uddi:63aa9ab2-863b-4a63-85cf-e9b43dccb240,PUB-010_시도별_장기요양판정
여자,강원도,일반,5등급,871,2021,https://api.odcloud.kr/api/15072696/v1/uddi:63aa9ab2-863b-4a63-85cf-e9b43dccb240,PUB-010_시도별_장기요양판정
여자,강원도,일반,인지지원등급,258,2021,https://api.odcloud.kr/api/15072696/v1/uddi:63aa9ab2-863b-4a63-85cf-e9b43dccb240,PUB-010_시도별_장기요양판정
여자,강원도,일반,등급외,2336,2021,https://api.odcloud.kr/api/15072696/v1/uddi:63aa9ab2-863b-4a63-85cf-e9b43dccb240,PUB-010_시도별_장기요양판정
남자,충청북도,일반,1등급,181,2021,https://api.odcloud.kr/api/15072696/v1/uddi:63aa9ab2-863b-4a63-85cf-e9b43dccb240,PUB-010_시도별_장기요양판정
남자,충청북도,일반,2등급,435,2021,https://api.odcloud.kr/api/15072696/v1/uddi:63aa9ab2-863b-4a63-85cf-e9b43dccb240,PUB-010_시도별_장기요양판정
남자,충청북도,일반,3등급,1260,2021,https://api.odcloud.kr/api/15072696/v1/uddi:63aa9ab2-863b-4a63-85cf-e9b43dccb240,PUB-010_시도별_장기요양판정
남자,충청북도,일반,4등급,2004,2021,https://api.odcloud.kr/api/15072696/v1/uddi:63aa9ab2-863b-4a63-85cf-e9b43dccb240,PUB-010_시도별_장기요양판정
남자,충청북도,일반,5등급,592,2021,https://api.odcloud.kr/api/15072696/v1/uddi:63aa9ab2-863b-4a63-85cf-e9b43dccb240,PUB-010_시도별_장기요양판정
남자,충청북도,일반,인지지원등급,161,2021,https://api.odcloud.kr/api/15072696/v1/uddi:63aa9ab2-863b-4a63-85cf-e9b43dccb240,PUB-010_시도별_장기요양판정
남자,충청북도,일반,등급외,1067,2021,https://api.odcloud.kr/api/15072696/v1/uddi:63aa9ab2-863b-4a63-85cf-e9b43dccb240,PUB-010_시도별_장기요양판정
여자,충청북도,일반,1등급,495,2021,https://api.odcloud.kr/api/15072696/v1/uddi:63aa9ab2-863b-4a63-85cf-e9b43dccb240,PUB-010_시도별_장기요양판정
여자,충청북도,일반,2등급,1233,2021,https://api.odcloud.kr/api/15072696/v1/uddi:63aa9ab2-863b-4a63-85cf-e9b43dccb240,PUB-010_시도별_장기요양판정
여자,충청북도,일반,3등급,3131,2021,https://api.odcloud.kr/api/15072696/v1/uddi:63aa9ab2-863b-4a63-85cf-e9b43dccb240,PUB-010_시도별_장기요양판정
여자,충청북도,일반,4등급,4977,2021,https://api.odcloud.kr/api/15072696/v1/uddi:63aa9ab2-863b-4a63-85cf-e9b43dccb240,PUB-010_시도별_장기요양판정
여자,충청북도,일반,5등급,1497,2021,https://api.odcloud.kr/api/15072696/v1/uddi:63aa9ab2-863b-4a63-85cf-e9b43dccb240,PUB-010_시도별_장기요양판정
여자,충청북도,일반,인지지원등급,327,2021,https://api.odcloud.kr/api/15072696/v1/uddi:63aa9ab2-863b-4a63-85cf-e9b43dccb240,PUB-010_시도별_장기요양판정
여자,충청북도,일반,등급외,2239,2021,https://api.odcloud.kr/api/15072696/v1/uddi:63aa9ab2-863b-4a63-85cf-e9b43dccb240,PUB-010_시도별_장기요양판정
남자,충청남도,일반,1등급,311,2021,https://api.odcloud.kr/api/15072696/v1/uddi:63aa9ab2-863b-4a63-85cf-e9b43dccb240,PUB-010_시도별_장기요양판정
남자,충청남도,일반,2등급,649,2021,https://api.odcloud.kr/api/15072696/v1/uddi:63aa9ab2-863b-4a63-85cf-e9b43dccb240,PUB-010_시도별_장기요양판정
남자,충청남도,일반,3등급,1924,2021,https://api.odcloud.kr/api/15072696/v1/uddi:63aa9ab2-863b-4a63-85cf-e9b43dccb240,PUB-010_시도별_장기요양판정
남자,충청남도,일반,4등급,3379,2021,https://api.odcloud.kr/api/15072696/v1/uddi:63aa9ab2-863b-4a63-85cf-e9b43dccb240,PUB-010_시도별_장기요양판정
남자,충청남도,일반,5등급,981,2021,https://api.odcloud.kr/api/15072696/v1/uddi:63aa9ab2-863b-4a63-85cf-e9b43dccb240,PUB-010_시도별_장기요양판정
남자,충청남도,일반,인지지원등급,271,2021,https://api.odcloud.kr/api/15072696/v1/uddi:63aa9ab2-863b-4a63-85cf-e9b43dccb240,PUB-010_시도별_장기요양판정
남자,충청남도,일반,등급외,2046,2021,https://api.odcloud.kr/api/15072696/v1/uddi:63aa9ab2-863b-4a63-85cf-e9b43dccb240,PUB-010_시도별_장기요양판정
여자,충청남도,일반,1등급,803,2021,https://api.odcloud.kr/api/15072696/v1/uddi:63aa9ab2-863b-4a63-85cf-e9b43dccb240,PUB-010_시도별_장기요양판정
여자,충청남도,일반,2등급,1693,2021,https://api.odcloud.kr/api/15072696/v1/uddi:63aa9ab2-863b-4a63-85cf-e9b43dccb240,PUB-010_시도별_장기요양판정
여자,충청남도,일반,3등급,4606,2021,https://api.odcloud.kr/api/15072696/v1/uddi:63aa9ab2-863b-4a63-85cf-e9b43dccb240,PUB-010_시도별_장기요양판정
여자,충청남도,일반,4등급,8576,2021,https://api.odcloud.kr/api/15072696/v1/uddi:63aa9ab2-863b-4a63-85cf-e9b43dccb240,PUB-010_시도별_장기요양판정
여자,충청남도,일반,5등급,2452,2021,https://api.odcloud.kr/api/15072696/v1/uddi:63aa9ab2-863b-4a63-85cf-e9b43dccb240,PUB-010_시도별_장기요양판정
여자,충청남도,일반,인지지원등급,541,2021,https://api.odcloud.kr/api/15072696/v1/uddi:63aa9ab2-863b-4a63-85cf-e9b43dccb240,PUB-010_시도별_장기요양판정
여자,충청남도,일반,등급외,4263,2021,https://api.odcloud.kr/api/15072696/v1/uddi:63aa9ab2-863b-4a63-85cf-e9b43dccb240,PUB-010_시도별_장기요양판정
남자,전라북도,일반,1등급,187,2021,https://api.odcloud.kr/api/15072696/v1/uddi:63aa9ab2-863b-4a63-85cf-e9b43dccb240,PUB-010_시도별_장기요양판정
남자,전라북도,일반,2등급,437,2021,https://api.odcloud.kr/api/15072696/v1/uddi:63aa9ab2-863b-4a63-85cf-e9b43dccb240,PUB-010_시도별_장기요양판정
남자,전라북도,일반,3등급,1362,2021,https://api.odcloud.kr/api/15072696/v1/uddi:63aa9ab2-863b-4a63-85cf-e9b43dccb240,PUB-010_시도별_장기요양판정
남자,전라북도,일반,4등급,3096,2021,https://api.odcloud.kr/api/15072696/v1/uddi:63aa9ab2-863b-4a63-85cf-e9b43dccb240,PUB-010_시도별_장기요양판정
남자,전라북도,일반,5등급,1102,2021,https://api.odcloud.kr/api/15072696/v1/uddi:63aa9ab2-863b-4a63-85cf-e9b43dccb240,PUB-010_시도별_장기요양판정
남자,전라북도,일반,인지지원등급,196,2021,https://api.odcloud.kr/api/15072696/v1/uddi:63aa9ab2-863b-4a63-85cf-e9b43dccb240,PUB-010_시도별_장기요양판정
남자,전라북도,일반,등급외,2108,2021,https://api.odcloud.kr/api/15072696/v1/uddi:63aa9ab2-863b-4a63-85cf-e9b43dccb240,PUB-010_시도별_장기요양판정
여자,전라북도,일반,1등급,528,2021,https://api.odcloud.kr/api/15072696/v1/uddi:63aa9ab2-863b-4a63-85cf-e9b43dccb240,PUB-010_시도별_장기요양판정
여자,전라북도,일반,2등급,1158,2021,https://api.odcloud.kr/api/15072696/v1/uddi:63aa9ab2-863b-4a63-85cf-e9b43dccb240,PUB-010_시도별_장기요양판정
여자,전라북도,일반,3등급,3284,2021,https://api.odcloud.kr/api/15072696/v1/uddi:63aa9ab2-863b-4a63-85cf-e9b43dccb240,PUB-010_시도별_장기요양판정
여자,전라북도,일반,4등급,8269,2021,https://api.odcloud.kr/api/15072696/v1/uddi:63aa9ab2-863b-4a63-85cf-e9b43dccb240,PUB-010_시도별_장기요양판정
여자,전라북도,일반,5등급,2858,2021,https://api.odcloud.kr/api/15072696/v1/uddi:63aa9ab2-863b-4a63-85cf-e9b43dccb240,PUB-010_시도별_장기요양판정
여자,전라북도,일반,인지지원등급,408,2021,https://api.odcloud.kr/api/15072696/v1/uddi:63aa9ab2-863b-4a63-85cf-e9b43dccb240,PUB-010_시도별_장기요양판정
여자,전라북도,일반,등급외,5093,2021,https://api.odcloud.kr/api/15072696/v1/uddi:63aa9ab2-863b-4a63-85cf-e9b43dccb240,PUB-010_시도별_장기요양판정
남자,전라남도,일반,1등급,206,2021,https://api.odcloud.kr/api/15072696/v1/uddi:63aa9ab2-863b-4a63-85cf-e9b43dccb240,PUB-010_시도별_장기요양판정
남자,전라남도,일반,2등급,473,2021,https://api.odcloud.kr/api/15072696/v1/uddi:63aa9ab2-863b-4a63-85cf-e9b43dccb240,PUB-010_시도별_장기요양판정
남자,전라남도,일반,3등급,1393,2021,https://api.odcloud.kr/api/15072696/v1/uddi:63aa9ab2-863b-4a63-85cf-e9b43dccb240,PUB-010_시도별_장기요양판정
남자,전라남도,일반,4등급,3038,2021,https://api.odcloud.kr/api/15072696/v1/uddi:63aa9ab2-863b-4a63-85cf-e9b43dccb240,PUB-010_시도별_장기요양판정
남자,전라남도,일반,5등급,816,2021,https://api.odcloud.kr/api/15072696/v1/uddi:63aa9ab2-863b-4a63-85cf-e9b43dccb240,PUB-010_시도별_장기요양판정
남자,전라남도,일반,인지지원등급,236,2021,https://api.odcloud.kr/api/15072696/v1/uddi:63aa9ab2-863b-4a63-85cf-e9b43dccb240,PUB-010_시도별_장기요양판정
남자,전라남도,일반,등급외,2575,2021,https://api.odcloud.kr/api/15072696/v1/uddi:63aa9ab2-863b-4a63-85cf-e9b43dccb240,PUB-010_시도별_장기요양판정
여자,전라남도,일반,1등급,522,2021,https://api.odcloud.kr/api/15072696/v1/uddi:63aa9ab2-863b-4a63-85cf-e9b43dccb240,PUB-010_시도별_장기요양판정
여자,전라남도,일반,2등급,1251,2021,https://api.odcloud.kr/api/15072696/v1/uddi:63aa9ab2-863b-4a63-85cf-e9b43dccb240,PUB-010_시도별_장기요양판정
여자,전라남도,일반,3등급,3573,2021,https://api.odcloud.kr/api/15072696/v1/uddi:63aa9ab2-863b-4a63-85cf-e9b43dccb240,PUB-010_시도별_장기요양판정
여자,전라남도,일반,4등급,8771,2021,https://api.odcloud.kr/api/15072696/v1/uddi:63aa9ab2-863b-4a63-85cf-e9b43dccb240,PUB-010_시도별_장기요양판정
여자,전라남도,일반,5등급,2386,2021,https://api.odcloud.kr/api/15072696/v1/uddi:63aa9ab2-863b-4a63-85cf-e9b43dccb240,PUB-010_시도별_장기요양판정
여자,전라남도,일반,인지지원등급,547,2021,https://api.odcloud.kr/api/15072696/v1/uddi:63aa9ab2-863b-4a63-85cf-e9b43dccb240,PUB-010_시도별_장기요양판정
여자,전라남도,일반,등급외,6836,2021,https://api.odcloud.kr/api/15072696/v1/uddi:63aa9ab2-863b-4a63-85cf-e9b43dccb240,PUB-010_시도별_장기요양판정
남자,경상북도,일반,1등급,363,2021,https://api.odcloud.kr/api/15072696/v1/uddi:63aa9ab2-863b-4a63-85cf-e9b43dccb240,PUB-010_시도별_장기요양판정
남자,경상북도,일반,2등급,677,2021,https://api.odcloud.kr/api/15072696/v1/uddi:63aa9ab2-863b-4a63-85cf-e9b43dccb240,PUB-010_시도별_장기요양판정
남자,경상북도,일반,3등급,2366,2021,https://api.odcloud.kr/api/15072696/v1/uddi:63aa9ab2-863b-4a63-85cf-e9b43dccb240,PUB-010_시도별_장기요양판정
남자,경상북도,일반,4등급,4186,2021,https://api.odcloud.kr/api/15072696/v1/uddi:63aa9ab2-863b-4a63-85cf-e9b43dccb240,PUB-010_시도별_장기요양판정
남자,경상북도,일반,5등급,1221,2021,https://api.odcloud.kr/api/15072696/v1/uddi:63aa9ab2-863b-4a63-85cf-e9b43dccb240,PUB-010_시도별_장기요양판정
남자,경상북도,일반,인지지원등급,232,2021,https://api.odcloud.kr/api/15072696/v1/uddi:63aa9ab2-863b-4a63-85cf-e9b43dccb240,PUB-010_시도별_장기요양판정
남자,경상북도,일반,등급외,2591,2021,https://api.odcloud.kr/api/15072696/v1/uddi:63aa9ab2-863b-4a63-85cf-e9b43dccb240,PUB-010_시도별_장기요양판정
여자,경상북도,일반,1등급,793,2021,https://api.odcloud.kr/api/15072696/v1/uddi:63aa9ab2-863b-4a63-85cf-e9b43dccb240,PUB-010_시도별_장기요양판정
여자,경상북도,일반,2등급,1729,2021,https://api.odcloud.kr/api/15072696/v1/uddi:63aa9ab2-863b-4a63-85cf-e9b43dccb240,PUB-010_시도별_장기요양판정
여자,경상북도,일반,3등급,5567,2021,https://api.odcloud.kr/api/15072696/v1/uddi:63aa9ab2-863b-4a63-85cf-e9b43dccb240,PUB-010_시도별_장기요양판정
여자,경상북도,일반,4등급,11083,2021,https://api.odcloud.kr/api/15072696/v1/uddi:63aa9ab2-863b-4a63-85cf-e9b43dccb240,PUB-010_시도별_장기요양판정
여자,경상북도,일반,5등급,3378,2021,https://api.odcloud.kr/api/15072696/v1/uddi:63aa9ab2-863b-4a63-85cf-e9b43dccb240,PUB-010_시도별_장기요양판정
여자,경상북도,일반,인지지원등급,528,2021,https://api.odcloud.kr/api/15072696/v1/uddi:63aa9ab2-863b-4a63-85cf-e9b43dccb240,PUB-010_시도별_장기요양판정
여자,경상북도,일반,등급외,5705,2021,https://api.odcloud.kr/api/15072696/v1/uddi:63aa9ab2-863b-4a63-85cf-e9b43dccb240,PUB-010_시도별_장기요양판정
남자,경상남도,일반,1등급,310,2021,https://api.odcloud.kr/api/15072696/v1/uddi:63aa9ab2-863b-4a63-85cf-e9b43dccb240,PUB-010_시도별_장기요양판정
남자,경상남도,일반,2등급,676,2021,https://api.odcloud.kr/api/15072696/v1/uddi:63aa9ab2-863b-4a63-85cf-e9b43dccb240,PUB-010_시도별_장기요양판정
남자,경상남도,일반,3등급,2269,2021,https://api.odcloud.kr/api/15072696/v1/uddi:63aa9ab2-863b-4a63-85cf-e9b43dccb240,PUB-010_시도별_장기요양판정
남자,경상남도,일반,4등급,4292,2021,https://api.odcloud.kr/api/15072696/v1/uddi:63aa9ab2-863b-4a63-85cf-e9b43dccb240,PUB-010_시도별_장기요양판정
남자,경상남도,일반,5등급,1101,2021,https://api.odcloud.kr/api/15072696/v1/uddi:63aa9ab2-863b-4a63-85cf-e9b43dccb240,PUB-010_시도별_장기요양판정
남자,경상남도,일반,인지지원등급,218,2021,https://api.odcloud.kr/api/15072696/v1/uddi:63aa9ab2-863b-4a63-85cf-e9b43dccb240,PUB-010_시도별_장기요양판정
남자,경상남도,일반,등급외,2790,2021,https://api.odcloud.kr/api/15072696/v1/uddi:63aa9ab2-863b-4a63-85cf-e9b43dccb240,PUB-010_시도별_장기요양판정
여자,경상남도,일반,1등급,863,2021,https://api.odcloud.kr/api/15072696/v1/uddi:63aa9ab2-863b-4a63-85cf-e9b43dccb240,PUB-010_시도별_장기요양판정
여자,경상남도,일반,2등급,1872,2021,https://api.odcloud.kr/api/15072696/v1/uddi:63aa9ab2-863b-4a63-85cf-e9b43dccb240,PUB-010_시도별_장기요양판정
여자,경상남도,일반,3등급,5467,2021,https://api.odcloud.kr/api/15072696/v1/uddi:63aa9ab2-863b-4a63-85cf-e9b43dccb240,PUB-010_시도별_장기요양판정
여자,경상남도,일반,4등급,12180,2021,https://api.odcloud.kr/api/15072696/v1/uddi:63aa9ab2-863b-4a63-85cf-e9b43dccb240,PUB-010_시도별_장기요양판정
여자,경상남도,일반,5등급,3185,2021,https://api.odcloud.kr/api/15072696/v1/uddi:63aa9ab2-863b-4a63-85cf-e9b43dccb240,PUB-010_시도별_장기요양판정
여자,경상남도,일반,인지지원등급,581,2021,https://api.odcloud.kr/api/15072696/v1/uddi:63aa9ab2-863b-4a63-85cf-e9b43dccb240,PUB-010_시도별_장기요양판정
여자,경상남도,일반,등급외,6300,2021,https://api.odcloud.kr/api/15072696/v1/uddi:63aa9ab2-863b-4a63-85cf-e9b43dccb240,PUB-010_시도별_장기요양판정
남자,제주특별자치도,일반,1등급,131,2021,https://api.odcloud.kr/api/15072696/v1/uddi:63aa9ab2-863b-4a63-85cf-e9b43dccb240,PUB-010_시도별_장기요양판정
남자,제주특별자치도,일반,2등급,174,2021,https://api.odcloud.kr/api/15072696/v1/uddi:63aa9ab2-863b-4a63-85cf-e9b43dccb240,PUB-010_시도별_장기요양판정
남자,제주특별자치도,일반,3등급,419,2021,https://api.odcloud.kr/api/15072696/v1/uddi:63aa9ab2-863b-4a63-85cf-e9b43dccb240,PUB-010_시도별_장기요양판정
남자,제주특별자치도,일반,4등급,543,2021,https://api.odcloud.kr/api/15072696/v1/uddi:63aa9ab2-863b-4a63-85cf-e9b43dccb240,PUB-010_시도별_장기요양판정
남자,제주특별자치도,일반,5등급,127,2021,https://api.odcloud.kr/api/15072696/v1/uddi:63aa9ab2-863b-4a63-85cf-e9b43dccb240,PUB-010_시도별_장기요양판정
남자,제주특별자치도,일반,인지지원등급,31,2021,https://api.odcloud.kr/api/15072696/v1/uddi:63aa9ab2-863b-4a63-85cf-e9b43dccb240,PUB-010_시도별_장기요양판정
남자,제주특별자치도,일반,등급외,298,2021,https://api.odcloud.kr/api/15072696/v1/uddi:63aa9ab2-863b-4a63-85cf-e9b43dccb240,PUB-010_시도별_장기요양판정
여자,제주특별자치도,일반,1등급,304,2021,https://api.odcloud.kr/api/15072696/v1/uddi:63aa9ab2-863b-4a63-85cf-e9b43dccb240,PUB-010_시도별_장기요양판정
여자,제주특별자치도,일반,2등급,490,2021,https://api.odcloud.kr/api/15072696/v1/uddi:63aa9ab2-863b-4a63-85cf-e9b43dccb240,PUB-010_시도별_장기요양판정
여자,제주특별자치도,일반,3등급,1031,2021,https://api.odcloud.kr/api/15072696/v1/uddi:63aa9ab2-863b-4a63-85cf-e9b43dccb240,PUB-010_시도별_장기요양판정
여자,제주특별자치도,일반,4등급,1320,2021,https://api.odcloud.kr/api/15072696/v1/uddi:63aa9ab2-863b-4a63-85cf-e9b43dccb240,PUB-010_시도별_장기요양판정
여자,제주특별자치도,일반,5등급,336,2021,https://api.odcloud.kr/api/15072696/v1/uddi:63aa9ab2-863b-4a63-85cf-e9b43dccb240,PUB-010_시도별_장기요양판정
여자,제주특별자치도,일반,인지지원등급,96,2021,https://api.odcloud.kr/api/15072696/v1/uddi:63aa9ab2-863b-4a63-85cf-e9b43dccb240,PUB-010_시도별_장기요양판정
여자,제주특별자치도,일반,등급외,770,2021,https://api.odcloud.kr/api/15072696/v1/uddi:63aa9ab2-863b-4a63-85cf-e9b43dccb240,PUB-010_시도별_장기요양판정
남자,서울특별시,기초,1등급,295,2021,https://api.odcloud.kr/api/15072696/v1/uddi:63aa9ab2-863b-4a63-85cf-e9b43dccb240,PUB-010_시도별_장기요양판정
남자,서울특별시,기초,2등급,471,2021,https://api.odcloud.kr/api/15072696/v1/uddi:63aa9ab2-863b-4a63-85cf-e9b43dccb240,PUB-010_시도별_장기요양판정
남자,서울특별시,기초,3등급,1463,2021,https://api.odcloud.kr/api/15072696/v1/uddi:63aa9ab2-863b-4a63-85cf-e9b43dccb240,PUB-010_시도별_장기요양판정
남자,서울특별시,기초,4등급,2838,2021,https://api.odcloud.kr/api/15072696/v1/uddi:63aa9ab2-863b-4a63-85cf-e9b43dccb240,PUB-010_시도별_장기요양판정
남자,서울특별시,기초,5등급,603,2021,https://api.odcloud.kr/api/15072696/v1/uddi:63aa9ab2-863b-4a63-85cf-e9b43dccb240,PUB-010_시도별_장기요양판정
남자,서울특별시,기초,인지지원등급,169,2021,https://api.odcloud.kr/api/15072696/v1/uddi:63aa9ab2-863b-4a63-85cf-e9b43dccb240,PUB-010_시도별_장기요양판정
남자,서울특별시,기초,등급외,1899,2021,https://api.odcloud.kr/api/15072696/v1/uddi:63aa9ab2-863b-4a63-85cf-e9b43dccb240,PUB-010_시도별_장기요양판정
여자,서울특별시,기초,1등급,878,2021,https://api.odcloud.kr/api/15072696/v1/uddi:63aa9ab2-863b-4a63-85cf-e9b43dccb240,PUB-010_시도별_장기요양판정
여자,서울특별시,기초,2등급,1425,2021,https://api.odcloud.kr/api/15072696/v1/uddi:63aa9ab2-863b-4a63-85cf-e9b43dccb240,PUB-010_시도별_장기요양판정
여자,서울특별시,기초,3등급,3760,2021,https://api.odcloud.kr/api/15072696/v1/uddi:63aa9ab2-863b-4a63-85cf-e9b43dccb240,PUB-010_시도별_장기요양판정
여자,서울특별시,기초,4등급,6910,2021,https://api.odcloud.kr/api/15072696/v1/uddi:63aa9ab2-863b-4a63-85cf-e9b43dccb240,PUB-010_시도별_장기요양판정
여자,서울특별시,기초,5등급,1192,2021,https://api.odcloud.kr/api/15072696/v1/uddi:63aa9ab2-863b-4a63-85cf-e9b43dccb240,PUB-010_시도별_장기요양판정
여자,서울특별시,기초,인지지원등급,314,2021,https://api.odcloud.kr/api/15072696/v1/uddi:63aa9ab2-863b-4a63-85cf-e9b43dccb240,PUB-010_시도별_장기요양판정
여자,서울특별시,기초,등급외,2754,2021,https://api.odcloud.kr/api/15072696/v1/uddi:63aa9ab2-863b-4a63-85cf-e9b43dccb240,PUB-010_시도별_장기요양판정
남자,부산광역시,기초,1등급,115,2021,https://api.odcloud.kr/api/15072696/v1/uddi:63aa9ab2-863b-4a63-85cf-e9b43dccb240,PUB-010_시도별_장기요양판정
남자,부산광역시,기초,2등급,224,2021,https://api.odcloud.kr/api/15072696/v1/uddi:63aa9ab2-863b-4a63-85cf-e9b43dccb240,PUB-010_시도별_장기요양판정
남자,부산광역시,기초,3등급,849,2021,https://api.odcloud.kr/api/15072696/v1/uddi:63aa9ab2-863b-4a63-85cf-e9b43dccb240,PUB-010_시도별_장기요양판정
남자,부산광역시,기초,4등급,1794,2021,https://api.odcloud.kr/api/15072696/v1/uddi:63aa9ab2-863b-4a63-85cf-e9b43dccb240,PUB-010_시도별_장기요양판정
남자,부산광역시,기초,5등급,325,2021,https://api.odcloud.kr/api/15072696/v1/uddi:63aa9ab2-863b-4a63-85cf-e9b43dccb240,PUB-010_시도별_장기요양판정
남자,부산광역시,기초,인지지원등급,73,2021,https://api.odcloud.kr/api/15072696/v1/uddi:63aa9ab2-863b-4a63-85cf-e9b43dccb240,PUB-010_시도별_장기요양판정
남자,부산광역시,기초,등급외,1354,2021,https://api.odcloud.kr/api/15072696/v1/uddi:63aa9ab2-863b-4a63-85cf-e9b43dccb240,PUB-010_시도별_장기요양판정
여자,부산광역시,기초,1등급,382,2021,https://api.odcloud.kr/api/15072696/v1/uddi:63aa9ab2-863b-4a63-85cf-e9b43dccb240,PUB-010_시도별_장기요양판정
여자,부산광역시,기초,2등급,716,2021,https://api.odcloud.kr/api/15072696/v1/uddi:63aa9ab2-863b-4a63-85cf-e9b43dccb240,PUB-010_시도별_장기요양판정
여자,부산광역시,기초,3등급,2025,2021,https://api.odcloud.kr/api/15072696/v1/uddi:63aa9ab2-863b-4a63-85cf-e9b43dccb240,PUB-010_시도별_장기요양판정
여자,부산광역시,기초,4등급,4693,2021,https://api.odcloud.kr/api/15072696/v1/uddi:63aa9ab2-863b-4a63-85cf-e9b43dccb240,PUB-010_시도별_장기요양판정
여자,부산광역시,기초,5등급,689,2021,https://api.odcloud.kr/api/15072696/v1/uddi:63aa9ab2-863b-4a63-85cf-e9b43dccb240,PUB-010_시도별_장기요양판정
여자,부산광역시,기초,인지지원등급,130,2021,https://api.odcloud.kr/api/15072696/v1/uddi:63aa9ab2-863b-4a63-85cf-e9b43dccb240,PUB-010_시도별_장기요양판정
여자,부산광역시,기초,등급외,2200,2021,https://api.odcloud.kr/api/15072696/v1/uddi:63aa9ab2-863b-4a63-85cf-e9b43dccb240,PUB-010_시도별_장기요양판정
남자,대구광역시,기초,1등급,90,2021,https://api.odcloud.kr/api/15072696/v1/uddi:63aa9ab2-863b-4a63-85cf-e9b43dccb240,PUB-010_시도별_장기요양판정
남자,대구광역시,기초,2등급,192,2021,https://api.odcloud.kr/api/15072696/v1/uddi:63aa9ab2-863b-4a63-85cf-e9b43dccb240,PUB-010_시도별_장기요양판정
남자,대구광역시,기초,3등급,574,2021,https://api.odcloud.kr/api/15072696/v1/uddi:63aa9ab2-863b-4a63-85cf-e9b43dccb240,PUB-010_시도별_장기요양판정
남자,대구광역시,기초,4등급,1017,2021,https://api.odcloud.kr/api/15072696/v1/uddi:63aa9ab2-863b-4a63-85cf-e9b43dccb240,PUB-010_시도별_장기요양판정
남자,대구광역시,기초,5등급,356,2021,https://api.odcloud.kr/api/15072696/v1/uddi:63aa9ab2-863b-4a63-85cf-e9b43dccb240,PUB-010_시도별_장기요양판정
남자,대구광역시,기초,인지지원등급,50,2021,https://api.odcloud.kr/api/15072696/v1/uddi:63aa9ab2-863b-4a63-85cf-e9b43dccb240,PUB-010_시도별_장기요양판정
남자,대구광역시,기초,등급외,709,2021,https://api.odcloud.kr/api/15072696/v1/uddi:63aa9ab2-863b-4a63-85cf-e9b43dccb240,PUB-010_시도별_장기요양판정
여자,대구광역시,기초,1등급,280,2021,https://api.odcloud.kr/api/15072696/v1/uddi:63aa9ab2-863b-4a63-85cf-e9b43dccb240,PUB-010_시도별_장기요양판정
여자,대구광역시,기초,2등급,603,2021,https://api.odcloud.kr/api/15072696/v1/uddi:63aa9ab2-863b-4a63-85cf-e9b43dccb240,PUB-010_시도별_장기요양판정
여자,대구광역시,기초,3등급,1499,2021,https://api.odcloud.kr/api/15072696/v1/uddi:63aa9ab2-863b-4a63-85cf-e9b43dccb240,PUB-010_시도별_장기요양판정
여자,대구광역시,기초,4등급,2555,2021,https://api.odcloud.kr/api/15072696/v1/uddi:63aa9ab2-863b-4a63-85cf-e9b43dccb240,PUB-010_시도별_장기요양판정
여자,대구광역시,기초,5등급,817,2021,https://api.odcloud.kr/api/15072696/v1/uddi:63aa9ab2-863b-4a63-85cf-e9b43dccb240,PUB-010_시도별_장기요양판정
여자,대구광역시,기초,인지지원등급,106,2021,https://api.odcloud.kr/api/15072696/v1/uddi:63aa9ab2-863b-4a63-85cf-e9b43dccb240,PUB-010_시도별_장기요양판정
여자,대구광역시,기초,등급외,1166,2021,https://api.odcloud.kr/api/15072696/v1/uddi:63aa9ab2-863b-4a63-85cf-e9b43dccb240,PUB-010_시도별_장기요양판정
남자,인천광역시,기초,1등급,161,2021,https://api.odcloud.kr/api/15072696/v1/uddi:63aa9ab2-863b-4a63-85cf-e9b43dccb240,PUB-010_시도별_장기요양판정
남자,인천광역시,기초,2등급,279,2021,https://api.odcloud.kr/api/15072696/v1/uddi:63aa9ab2-863b-4a63-85cf-e9b43dccb240,PUB-010_시도별_장기요양판정
남자,인천광역시,기초,3등급,947,2021,https://api.odcloud.kr/api/15072696/v1/uddi:63aa9ab2-863b-4a63-85cf-e9b43dccb240,PUB-010_시도별_장기요양판정
남자,인천광역시,기초,4등급,1777,2021,https://api.odcloud.kr/api/15072696/v1/uddi:63aa9ab2-863b-4a63-85cf-e9b43dccb240,PUB-010_시도별_장기요양판정
남자,인천광역시,기초,5등급,264,2021,https://api.odcloud.kr/api/15072696/v1/uddi:63aa9ab2-863b-4a63-85cf-e9b43dccb240,PUB-010_시도별_장기요양판정
남자,인천광역시,기초,인지지원등급,54,2021,https://api.odcloud.kr/api/15072696/v1/uddi:63aa9ab2-863b-4a63-85cf-e9b43dccb240,PUB-010_시도별_장기요양판정
남자,인천광역시,기초,등급외,843,2021,https://api.odcloud.kr/api/15072696/v1/uddi:63aa9ab2-863b-4a63-85cf-e9b43dccb240,PUB-010_시도별_장기요양판정
여자,인천광역시,기초,1등급,378,2021,https://api.odcloud.kr/api/15072696/v1/uddi:63aa9ab2-863b-4a63-85cf-e9b43dccb240,PUB-010_시도별_장기요양판정
여자,인천광역시,기초,2등급,792,2021,https://api.odcloud.kr/api/15072696/v1/uddi:63aa9ab2-863b-4a63-85cf-e9b43dccb240,PUB-010_시도별_장기요양판정
여자,인천광역시,기초,3등급,2146,2021,https://api.odcloud.kr/api/15072696/v1/uddi:63aa9ab2-863b-4a63-85cf-e9b43dccb240,PUB-010_시도별_장기요양판정
여자,인천광역시,기초,4등급,3904,2021,https://api.odcloud.kr/api/15072696/v1/uddi:63aa9ab2-863b-4a63-85cf-e9b43dccb240,PUB-010_시도별_장기요양판정
여자,인천광역시,기초,5등급,586,2021,https://api.odcloud.kr/api/15072696/v1/uddi:63aa9ab2-863b-4a63-85cf-e9b43dccb240,PUB-010_시도별_장기요양판정
여자,인천광역시,기초,인지지원등급,67,2021,https://api.odcloud.kr/api/15072696/v1/uddi:63aa9ab2-863b-4a63-85cf-e9b43dccb240,PUB-010_시도별_장기요양판정
여자,인천광역시,기초,등급외,1173,2021,https://api.odcloud.kr/api/15072696/v1/uddi:63aa9ab2-863b-4a63-85cf-e9b43dccb240,PUB-010_시도별_장기요양판정
남자,광주광역시,기초,1등급,48,2021,https://api.odcloud.kr/api/15072696/v1/uddi:63aa9ab2-863b-4a63-85cf-e9b43dccb240,PUB-010_시도별_장기요양판정
남자,광주광역시,기초,2등급,57,2021,https://api.odcloud.kr/api/15072696/v1/uddi:63aa9ab2-863b-4a63-85cf-e9b43dccb240,PUB-010_시도별_장기요양판정
남자,광주광역시,기초,3등급,248,2021,https://api.odcloud.kr/api/15072696/v1/uddi:63aa9ab2-863b-4a63-85cf-e9b43dccb240,PUB-010_시도별_장기요양판정
남자,광주광역시,기초,4등급,550,2021,https://api.odcloud.kr/api/15072696/v1/uddi:63aa9ab2-863b-4a63-85cf-e9b43dccb240,PUB-010_시도별_장기요양판정
남자,광주광역시,기초,5등급,152,2021,https://api.odcloud.kr/api/15072696/v1/uddi:63aa9ab2-863b-4a63-85cf-e9b43dccb240,PUB-010_시도별_장기요양판정
남자,광주광역시,기초,인지지원등급,38,2021,https://api.odcloud.kr/api/15072696/v1/uddi:63aa9ab2-863b-4a63-85cf-e9b43dccb240,PUB-010_시도별_장기요양판정
남자,광주광역시,기초,등급외,648,2021,https://api.odcloud.kr/api/15072696/v1/uddi:63aa9ab2-863b-4a63-85cf-e9b43dccb240,PUB-010_시도별_장기요양판정
여자,광주광역시,기초,1등급,114,2021,https://api.odcloud.kr/api/15072696/v1/uddi:63aa9ab2-863b-4a63-85cf-e9b43dccb240,PUB-010_시도별_장기요양판정
여자,광주광역시,기초,2등급,184,2021,https://api.odcloud.kr/api/15072696/v1/uddi:63aa9ab2-863b-4a63-85cf-e9b43dccb240,PUB-010_시도별_장기요양판정
여자,광주광역시,기초,3등급,675,2021,https://api.odcloud.kr/api/15072696/v1/uddi:63aa9ab2-863b-4a63-85cf-e9b43dccb240,PUB-010_시도별_장기요양판정
여자,광주광역시,기초,4등급,1457,2021,https://api.odcloud.kr/api/15072696/v1/uddi:63aa9ab2-863b-4a63-85cf-e9b43dccb240,PUB-010_시도별_장기요양판정
여자,광주광역시,기초,5등급,412,2021,https://api.odcloud.kr/api/15072696/v1/uddi:63aa9ab2-863b-4a63-85cf-e9b43dccb240,PUB-010_시도별_장기요양판정
여자,광주광역시,기초,인지지원등급,79,2021,https://api.odcloud.kr/api/15072696/v1/uddi:63aa9ab2-863b-4a63-85cf-e9b43dccb240,PUB-010_시도별_장기요양판정
여자,광주광역시,기초,등급외,1078,2021,https://api.odcloud.kr/api/15072696/v1/uddi:63aa9ab2-863b-4a63-85cf-e9b43dccb240,PUB-010_시도별_장기요양판정
남자,대전광역시,기초,1등급,43,2021,https://api.odcloud.kr/api/15072696/v1/uddi:63aa9ab2-863b-4a63-85cf-e9b43dccb240,PUB-010_시도별_장기요양판정
남자,대전광역시,기초,2등급,107,2021,https://api.odcloud.kr/api/15072696/v1/uddi:63aa9ab2-863b-4a63-85cf-e9b43dccb240,PUB-010_시도별_장기요양판정
남자,대전광역시,기초,3등급,284,2021,https://api.odcloud.kr/api/15072696/v1/uddi:63aa9ab2-863b-4a63-85cf-e9b43dccb240,PUB-010_시도별_장기요양판정
남자,대전광역시,기초,4등급,626,2021,https://api.odcloud.kr/api/15072696/v1/uddi:63aa9ab2-863b-4a63-85cf-e9b43dccb240,PUB-010_시도별_장기요양판정
남자,대전광역시,기초,5등급,153,2021,https://api.odcloud.kr/api/15072696/v1/uddi:63aa9ab2-863b-4a63-85cf-e9b43dccb240,PUB-010_시도별_장기요양판정
남자,대전광역시,기초,인지지원등급,31,2021,https://api.odcloud.kr/api/15072696/v1/uddi:63aa9ab2-863b-4a63-85cf-e9b43dccb240,PUB-010_시도별_장기요양판정
남자,대전광역시,기초,등급외,529,2021,https://api.odcloud.kr/api/15072696/v1/uddi:63aa9ab2-863b-4a63-85cf-e9b43dccb240,PUB-010_시도별_장기요양판정
여자,대전광역시,기초,1등급,168,2021,https://api.odcloud.kr/api/15072696/v1/uddi:63aa9ab2-863b-4a63-85cf-e9b43dccb240,PUB-010_시도별_장기요양판정
여자,대전광역시,기초,2등급,296,2021,https://api.odcloud.kr/api/15072696/v1/uddi:63aa9ab2-863b-4a63-85cf-e9b43dccb240,PUB-010_시도별_장기요양판정
여자,대전광역시,기초,3등급,682,2021,https://api.odcloud.kr/api/15072696/v1/uddi:63aa9ab2-863b-4a63-85cf-e9b43dccb240,PUB-010_시도별_장기요양판정
여자,대전광역시,기초,4등급,1331,2021,https://api.odcloud.kr/api/15072696/v1/uddi:63aa9ab2-863b-4a63-85cf-e9b43dccb240,PUB-010_시도별_장기요양판정
여자,대전광역시,기초,5등급,361,2021,https://api.odcloud.kr/api/15072696/v1/uddi:63aa9ab2-863b-4a63-85cf-e9b43dccb240,PUB-010_시도별_장기요양판정
여자,대전광역시,기초,인지지원등급,58,2021,https://api.odcloud.kr/api/15072696/v1/uddi:63aa9ab2-863b-4a63-85cf-e9b43dccb240,PUB-010_시도별_장기요양판정
여자,대전광역시,기초,등급외,738,2021,https://api.odcloud.kr/api/15072696/v1/uddi:63aa9ab2-863b-4a63-85cf-e9b43dccb240,PUB-010_시도별_장기요양판정
남자,울산광역시,기초,1등급,31,2021,https://api.odcloud.kr/api/15072696/v1/uddi:63aa9ab2-863b-4a63-85cf-e9b43dccb240,PUB-010_시도별_장기요양판정
남자,울산광역시,기초,2등급,56,2021,https://api.odcloud.kr/api/15072696/v1/uddi:63aa9ab2-863b-4a63-85cf-e9b43dccb240,PUB-010_시도별_장기요양판정
남자,울산광역시,기초,3등급,183,2021,https://api.odcloud.kr/api/15072696/v1/uddi:63aa9ab2-863b-4a63-85cf-e9b43dccb240,PUB-010_시도별_장기요양판정
남자,울산광역시,기초,4등급,383,2021,https://api.odcloud.kr/api/15072696/v1/uddi:63aa9ab2-863b-4a63-85cf-e9b43dccb240,PUB-010_시도별_장기요양판정
남자,울산광역시,기초,5등급,56,2021,https://api.odcloud.kr/api/15072696/v1/uddi:63aa9ab2-863b-4a63-85cf-e9b43dccb240,PUB-010_시도별_장기요양판정
남자,울산광역시,기초,인지지원등급,13,2021,https://api.odcloud.kr/api/15072696/v1/uddi:63aa9ab2-863b-4a63-85cf-e9b43dccb240,PUB-010_시도별_장기요양판정
남자,울산광역시,기초,등급외,189,2021,https://api.odcloud.kr/api/15072696/v1/uddi:63aa9ab2-863b-4a63-85cf-e9b43dccb240,PUB-010_시도별_장기요양판정
여자,울산광역시,기초,1등급,66,2021,https://api.odcloud.kr/api/15072696/v1/uddi:63aa9ab2-863b-4a63-85cf-e9b43dccb240,PUB-010_시도별_장기요양판정
여자,울산광역시,기초,2등급,147,2021,https://api.odcloud.kr/api/15072696/v1/uddi:63aa9ab2-863b-4a63-85cf-e9b43dccb240,PUB-010_시도별_장기요양판정
여자,울산광역시,기초,3등급,410,2021,https://api.odcloud.kr/api/15072696/v1/uddi:63aa9ab2-863b-4a63-85cf-e9b43dccb240,PUB-010_시도별_장기요양판정
여자,울산광역시,기초,4등급,740,2021,https://api.odcloud.kr/api/15072696/v1/uddi:63aa9ab2-863b-4a63-85cf-e9b43dccb240,PUB-010_시도별_장기요양판정
여자,울산광역시,기초,5등급,97,2021,https://api.odcloud.kr/api/15072696/v1/uddi:63aa9ab2-863b-4a63-85cf-e9b43dccb240,PUB-010_시도별_장기요양판정
여자,울산광역시,기초,인지지원등급,16,2021,https://api.odcloud.kr/api/15072696/v1/uddi:63aa9ab2-863b-4a63-85cf-e9b43dccb240,PUB-010_시도별_장기요양판정
여자,울산광역시,기초,등급외,261,2021,https://api.odcloud.kr/api/15072696/v1/uddi:63aa9ab2-863b-4a63-85cf-e9b43dccb240,PUB-010_시도별_장기요양판정
남자,세종특별자치시,기초,1등급,5,2021,https://api.odcloud.kr/api/15072696/v1/uddi:63aa9ab2-863b-4a63-85cf-e9b43dccb240,PUB-010_시도별_장기요양판정
남자,세종특별자치시,기초,2등급,4,2021,https://api.odcloud.kr/api/15072696/v1/uddi:63aa9ab2-863b-4a63-85cf-e9b43dccb240,PUB-010_시도별_장기요양판정
남자,세종특별자치시,기초,3등급,36,2021,https://api.odcloud.kr/api/15072696/v1/uddi:63aa9ab2-863b-4a63-85cf-e9b43dccb240,PUB-010_시도별_장기요양판정
남자,세종특별자치시,기초,4등급,48,2021,https://api.odcloud.kr/api/15072696/v1/uddi:63aa9ab2-863b-4a63-85cf-e9b43dccb240,PUB-010_시도별_장기요양판정
남자,세종특별자치시,기초,5등급,10,2021,https://api.odcloud.kr/api/15072696/v1/uddi:63aa9ab2-863b-4a63-85cf-e9b43dccb240,PUB-010_시도별_장기요양판정
남자,세종특별자치시,기초,인지지원등급,2,2021,https://api.odcloud.kr/api/15072696/v1/uddi:63aa9ab2-863b-4a63-85cf-e9b43dccb240,PUB-010_시도별_장기요양판정
남자,세종특별자치시,기초,등급외,26,2021,https://api.odcloud.kr/api/15072696/v1/uddi:63aa9ab2-863b-4a63-85cf-e9b43dccb240,PUB-010_시도별_장기요양판정
여자,세종특별자치시,기초,1등급,20,2021,https://api.odcloud.kr/api/15072696/v1/uddi:63aa9ab2-863b-4a63-85cf-e9b43dccb240,PUB-010_시도별_장기요양판정
여자,세종특별자치시,기초,2등급,22,2021,https://api.odcloud.kr/api/15072696/v1/uddi:63aa9ab2-863b-4a63-85cf-e9b43dccb240,PUB-010_시도별_장기요양판정
여자,세종특별자치시,기초,3등급,71,2021,https://api.odcloud.kr/api/15072696/v1/uddi:63aa9ab2-863b-4a63-85cf-e9b43dccb240,PUB-010_시도별_장기요양판정
여자,세종특별자치시,기초,4등급,135,2021,https://api.odcloud.kr/api/15072696/v1/uddi:63aa9ab2-863b-4a63-85cf-e9b43dccb240,PUB-010_시도별_장기요양판정
여자,세종특별자치시,기초,5등급,26,2021,https://api.odcloud.kr/api/15072696/v1/uddi:63aa9ab2-863b-4a63-85cf-e9b43dccb240,PUB-010_시도별_장기요양판정
여자,세종특별자치시,기초,인지지원등급,6,2021,https://api.odcloud.kr/api/15072696/v1/uddi:63aa9ab2-863b-4a63-85cf-e9b43dccb240,PUB-010_시도별_장기요양판정
여자,세종특별자치시,기초,등급외,51,2021,https://api.odcloud.kr/api/15072696/v1/uddi:63aa9ab2-863b-4a63-85cf-e9b43dccb240,PUB-010_시도별_장기요양판정
남자,경기도,기초,1등급,495,2021,https://api.odcloud.kr/api/15072696/v1/uddi:63aa9ab2-863b-4a63-85cf-e9b43dccb240,PUB-010_시도별_장기요양판정
남자,경기도,기초,2등급,801,2021,https://api.odcloud.kr/api/15072696/v1/uddi:63aa9ab2-863b-4a63-85cf-e9b43dccb240,PUB-010_시도별_장기요양판정
남자,경기도,기초,3등급,2489,2021,https://api.odcloud.kr/api/15072696/v1/uddi:63aa9ab2-863b-4a63-85cf-e9b43dccb240,PUB-010_시도별_장기요양판정
남자,경기도,기초,4등급,4278,2021,https://api.odcloud.kr/api/15072696/v1/uddi:63aa9ab2-863b-4a63-85cf-e9b43dccb240,PUB-010_시도별_장기요양판정
남자,경기도,기초,5등급,1024,2021,https://api.odcloud.kr/api/15072696/v1/uddi:63aa9ab2-863b-4a63-85cf-e9b43dccb240,PUB-010_시도별_장기요양판정
남자,경기도,기초,인지지원등급,282,2021,https://api.odcloud.kr/api/15072696/v1/uddi:63aa9ab2-863b-4a63-85cf-e9b43dccb240,PUB-010_시도별_장기요양판정
남자,경기도,기초,등급외,2297,2021,https://api.odcloud.kr/api/15072696/v1/uddi:63aa9ab2-863b-4a63-85cf-e9b43dccb240,PUB-010_시도별_장기요양판정
여자,경기도,기초,1등급,1271,2021,https://api.odcloud.kr/api/15072696/v1/uddi:63aa9ab2-863b-4a63-85cf-e9b43dccb240,PUB-010_시도별_장기요양판정
여자,경기도,기초,2등급,2238,2021,https://api.odcloud.kr/api/15072696/v1/uddi:63aa9ab2-863b-4a63-85cf-e9b43dccb240,PUB-010_시도별_장기요양판정
여자,경기도,기초,3등급,5933,2021,https://api.odcloud.kr/api/15072696/v1/uddi:63aa9ab2-863b-4a63-85cf-e9b43dccb240,PUB-010_시도별_장기요양판정
여자,경기도,기초,4등급,9145,2021,https://api.odcloud.kr/api/15072696/v1/uddi:63aa9ab2-863b-4a63-85cf-e9b43dccb240,PUB-010_시도별_장기요양판정
여자,경기도,기초,5등급,2249,2021,https://api.odcloud.kr/api/15072696/v1/uddi:63aa9ab2-863b-4a63-85cf-e9b43dccb240,PUB-010_시도별_장기요양판정
여자,경기도,기초,인지지원등급,433,2021,https://api.odcloud.kr/api/15072696/v1/uddi:63aa9ab2-863b-4a63-85cf-e9b43dccb240,PUB-010_시도별_장기요양판정
여자,경기도,기초,등급외,3476,2021,https://api.odcloud.kr/api/15072696/v1/uddi:63aa9ab2-863b-4a63-85cf-e9b43dccb240,PUB-010_시도별_장기요양판정
남자,강원도,기초,1등급,160,2021,https://api.odcloud.kr/api/15072696/v1/uddi:63aa9ab2-863b-4a63-85cf-e9b43dccb240,PUB-010_시도별_장기요양판정
남자,강원도,기초,2등급,249,2021,https://api.odcloud.kr/api/15072696/v1/uddi:63aa9ab2-863b-4a63-85cf-e9b43dccb240,PUB-010_시도별_장기요양판정
남자,강원도,기초,3등급,682,2021,https://api.odcloud.kr/api/15072696/v1/uddi:63aa9ab2-863b-4a63-85cf-e9b43dccb240,PUB-010_시도별_장기요양판정
남자,강원도,기초,4등급,811,2021,https://api.odcloud.kr/api/15072696/v1/uddi:63aa9ab2-863b-4a63-85cf-e9b43dccb240,PUB-010_시도별_장기요양판정
남자,강원도,기초,5등급,138,2021,https://api.odcloud.kr/api/15072696/v1/uddi:63aa9ab2-863b-4a63-85cf-e9b43dccb240,PUB-010_시도별_장기요양판정
남자,강원도,기초,인지지원등급,51,2021,https://api.odcloud.kr/api/15072696/v1/uddi:63aa9ab2-863b-4a63-85cf-e9b43dccb240,PUB-010_시도별_장기요양판정
남자,강원도,기초,등급외,582,2021,https://api.odcloud.kr/api/15072696/v1/uddi:63aa9ab2-863b-4a63-85cf-e9b43dccb240,PUB-010_시도별_장기요양판정
여자,강원도,기초,1등급,380,2021,https://api.odcloud.kr/api/15072696/v1/uddi:63aa9ab2-863b-4a63-85cf-e9b43dccb240,PUB-010_시도별_장기요양판정
여자,강원도,기초,2등급,658,2021,https://api.odcloud.kr/api/15072696/v1/uddi:63aa9ab2-863b-4a63-85cf-e9b43dccb240,PUB-010_시도별_장기요양판정
여자,강원도,기초,3등급,1502,2021,https://api.odcloud.kr/api/15072696/v1/uddi:63aa9ab2-863b-4a63-85cf-e9b43dccb240,PUB-010_시도별_장기요양판정
여자,강원도,기초,4등급,1781,2021,https://api.odcloud.kr/api/15072696/v1/uddi:63aa9ab2-863b-4a63-85cf-e9b43dccb240,PUB-010_시도별_장기요양판정
여자,강원도,기초,5등급,316,2021,https://api.odcloud.kr/api/15072696/v1/uddi:63aa9ab2-863b-4a63-85cf-e9b43dccb240,PUB-010_시도별_장기요양판정
여자,강원도,기초,인지지원등급,83,2021,https://api.odcloud.kr/api/15072696/v1/uddi:63aa9ab2-863b-4a63-85cf-e9b43dccb240,PUB-010_시도별_장기요양판정
여자,강원도,기초,등급외,904,2021,https://api.odcloud.kr/api/15072696/v1/uddi:63aa9ab2-863b-4a63-85cf-e9b43dccb240,PUB-010_시도별_장기요양판정
남자,충청북도,기초,1등급,120,2021,https://api.odcloud.kr/api/15072696/v1/uddi:63aa9ab2-863b-4a63-85cf-e9b43dccb240,PUB-010_시도별_장기요양판정
남자,충청북도,기초,2등급,176,2021,https://api.odcloud.kr/api/15072696/v1/uddi:63aa9ab2-863b-4a63-85cf-e9b43dccb240,PUB-010_시도별_장기요양판정
남자,충청북도,기초,3등급,444,2021,https://api.odcloud.kr/api/15072696/v1/uddi:63aa9ab2-863b-4a63-85cf-e9b43dccb240,PUB-010_시도별_장기요양판정
남자,충청북도,기초,4등급,694,2021,https://api.odcloud.kr/api/15072696/v1/uddi:63aa9ab2-863b-4a63-85cf-e9b43dccb240,PUB-010_시도별_장기요양판정
남자,충청북도,기초,5등급,189,2021,https://api.odcloud.kr/api/15072696/v1/uddi:63aa9ab2-863b-4a63-85cf-e9b43dccb240,PUB-010_시도별_장기요양판정
남자,충청북도,기초,인지지원등급,56,2021,https://api.odcloud.kr/api/15072696/v1/uddi:63aa9ab2-863b-4a63-85cf-e9b43dccb240,PUB-010_시도별_장기요양판정
남자,충청북도,기초,등급외,449,2021,https://api.odcloud.kr/api/15072696/v1/uddi:63aa9ab2-863b-4a63-85cf-e9b43dccb240,PUB-010_시도별_장기요양판정
여자,충청북도,기초,1등급,250,2021,https://api.odcloud.kr/api/15072696/v1/uddi:63aa9ab2-863b-4a63-85cf-e9b43dccb240,PUB-010_시도별_장기요양판정
여자,충청북도,기초,2등급,448,2021,https://api.odcloud.kr/api/15072696/v1/uddi:63aa9ab2-863b-4a63-85cf-e9b43dccb240,PUB-010_시도별_장기요양판정
여자,충청북도,기초,3등급,966,2021,https://api.odcloud.kr/api/15072696/v1/uddi:63aa9ab2-863b-4a63-85cf-e9b43dccb240,PUB-010_시도별_장기요양판정
여자,충청북도,기초,4등급,1491,2021,https://api.odcloud.kr/api/15072696/v1/uddi:63aa9ab2-863b-4a63-85cf-e9b43dccb240,PUB-010_시도별_장기요양판정
여자,충청북도,기초,5등급,400,2021,https://api.odcloud.kr/api/15072696/v1/uddi:63aa9ab2-863b-4a63-85cf-e9b43dccb240,PUB-010_시도별_장기요양판정
여자,충청북도,기초,인지지원등급,100,2021,https://api.odcloud.kr/api/15072696/v1/uddi:63aa9ab2-863b-4a63-85cf-e9b43dccb240,PUB-010_시도별_장기요양판정
여자,충청북도,기초,등급외,679,2021,https://api.odcloud.kr/api/15072696/v1/uddi:63aa9ab2-863b-4a63-85cf-e9b43dccb240,PUB-010_시도별_장기요양판정
남자,충청남도,기초,1등급,106,2021,https://api.odcloud.kr/api/15072696/v1/uddi:63aa9ab2-863b-4a63-85cf-e9b43dccb240,PUB-010_시도별_장기요양판정
남자,충청남도,기초,2등급,185,2021,https://api.odcloud.kr/api/15072696/v1/uddi:63aa9ab2-863b-4a63-85cf-e9b43dccb240,PUB-010_시도별_장기요양판정
남자,충청남도,기초,3등급,475,2021,https://api.odcloud.kr/api/15072696/v1/uddi:63aa9ab2-863b-4a63-85cf-e9b43dccb240,PUB-010_시도별_장기요양판정
남자,충청남도,기초,4등급,916,2021,https://api.odcloud.kr/api/15072696/v1/uddi:63aa9ab2-863b-4a63-85cf-e9b43dccb240,PUB-010_시도별_장기요양판정
남자,충청남도,기초,5등급,232,2021,https://api.odcloud.kr/api/15072696/v1/uddi:63aa9ab2-863b-4a63-85cf-e9b43dccb240,PUB-010_시도별_장기요양판정
남자,충청남도,기초,인지지원등급,78,2021,https://api.odcloud.kr/api/15072696/v1/uddi:63aa9ab2-863b-4a63-85cf-e9b43dccb240,PUB-010_시도별_장기요양판정
남자,충청남도,기초,등급외,604,2021,https://api.odcloud.kr/api/15072696/v1/uddi:63aa9ab2-863b-4a63-85cf-e9b43dccb240,PUB-010_시도별_장기요양판정
여자,충청남도,기초,1등급,236,2021,https://api.odcloud.kr/api/15072696/v1/uddi:63aa9ab2-863b-4a63-85cf-e9b43dccb240,PUB-010_시도별_장기요양판정
여자,충청남도,기초,2등급,453,2021,https://api.odcloud.kr/api/15072696/v1/uddi:63aa9ab2-863b-4a63-85cf-e9b43dccb240,PUB-010_시도별_장기요양판정
여자,충청남도,기초,3등급,1049,2021,https://api.odcloud.kr/api/15072696/v1/uddi:63aa9ab2-863b-4a63-85cf-e9b43dccb240,PUB-010_시도별_장기요양판정
여자,충청남도,기초,4등급,1975,2021,https://api.odcloud.kr/api/15072696/v1/uddi:63aa9ab2-863b-4a63-85cf-e9b43dccb240,PUB-010_시도별_장기요양판정
여자,충청남도,기초,5등급,533,2021,https://api.odcloud.kr/api/15072696/v1/uddi:63aa9ab2-863b-4a63-85cf-e9b43dccb240,PUB-010_시도별_장기요양판정
여자,충청남도,기초,인지지원등급,127,2021,https://api.odcloud.kr/api/15072696/v1/uddi:63aa9ab2-863b-4a63-85cf-e9b43dccb240,PUB-010_시도별_장기요양판정
여자,충청남도,기초,등급외,931,2021,https://api.odcloud.kr/api/15072696/v1/uddi:63aa9ab2-863b-4a63-85cf-e9b43dccb240,PUB-010_시도별_장기요양판정
남자,전라북도,기초,1등급,75,2021,https://api.odcloud.kr/api/15072696/v1/uddi:63aa9ab2-863b-4a63-85cf-e9b43dccb240,PUB-010_시도별_장기요양판정
남자,전라북도,기초,2등급,159,2021,https://api.odcloud.kr/api/15072696/v1/uddi:63aa9ab2-863b-4a63-85cf-e9b43dccb240,PUB-010_시도별_장기요양판정
남자,전라북도,기초,3등급,479,2021,https://api.odcloud.kr/api/15072696/v1/uddi:63aa9ab2-863b-4a63-85cf-e9b43dccb240,PUB-010_시도별_장기요양판정
남자,전라북도,기초,4등급,1255,2021,https://api.odcloud.kr/api/15072696/v1/uddi:63aa9ab2-863b-4a63-85cf-e9b43dccb240,PUB-010_시도별_장기요양판정
남자,전라북도,기초,5등급,424,2021,https://api.odcloud.kr/api/15072696/v1/uddi:63aa9ab2-863b-4a63-85cf-e9b43dccb240,PUB-010_시도별_장기요양판정
남자,전라북도,기초,인지지원등급,93,2021,https://api.odcloud.kr/api/15072696/v1/uddi:63aa9ab2-863b-4a63-85cf-e9b43dccb240,PUB-010_시도별_장기요양판정
남자,전라북도,기초,등급외,1236,2021,https://api.odcloud.kr/api/15072696/v1/uddi:63aa9ab2-863b-4a63-85cf-e9b43dccb240,PUB-010_시도별_장기요양판정
여자,전라북도,기초,1등급,198,2021,https://api.odcloud.kr/api/15072696/v1/uddi:63aa9ab2-863b-4a63-85cf-e9b43dccb240,PUB-010_시도별_장기요양판정
여자,전라북도,기초,2등급,476,2021,https://api.odcloud.kr/api/15072696/v1/uddi:63aa9ab2-863b-4a63-85cf-e9b43dccb240,PUB-010_시도별_장기요양판정
여자,전라북도,기초,3등급,1182,2021,https://api.odcloud.kr/api/15072696/v1/uddi:63aa9ab2-863b-4a63-85cf-e9b43dccb240,PUB-010_시도별_장기요양판정
여자,전라북도,기초,4등급,2909,2021,https://api.odcloud.kr/api/15072696/v1/uddi:63aa9ab2-863b-4a63-85cf-e9b43dccb240,PUB-010_시도별_장기요양판정
여자,전라북도,기초,5등급,1032,2021,https://api.odcloud.kr/api/15072696/v1/uddi:63aa9ab2-863b-4a63-85cf-e9b43dccb240,PUB-010_시도별_장기요양판정
여자,전라북도,기초,인지지원등급,154,2021,https://api.odcloud.kr/api/15072696/v1/uddi:63aa9ab2-863b-4a63-85cf-e9b43dccb240,PUB-010_시도별_장기요양판정
여자,전라북도,기초,등급외,2137,2021,https://api.odcloud.kr/api/15072696/v1/uddi:63aa9ab2-863b-4a63-85cf-e9b43dccb240,PUB-010_시도별_장기요양판정
남자,전라남도,기초,1등급,95,2021,https://api.odcloud.kr/api/15072696/v1/uddi:63aa9ab2-863b-4a63-85cf-e9b43dccb240,PUB-010_시도별_장기요양판정
남자,전라남도,기초,2등급,171,2021,https://api.odcloud.kr/api/15072696/v1/uddi:63aa9ab2-863b-4a63-85cf-e9b43dccb240,PUB-010_시도별_장기요양판정
남자,전라남도,기초,3등급,459,2021,https://api.odcloud.kr/api/15072696/v1/uddi:63aa9ab2-863b-4a63-85cf-e9b43dccb240,PUB-010_시도별_장기요양판정
남자,전라남도,기초,4등급,988,2021,https://api.odcloud.kr/api/15072696/v1/uddi:63aa9ab2-863b-4a63-85cf-e9b43dccb240,PUB-010_시도별_장기요양판정
남자,전라남도,기초,5등급,234,2021,https://api.odcloud.kr/api/15072696/v1/uddi:63aa9ab2-863b-4a63-85cf-e9b43dccb240,PUB-010_시도별_장기요양판정
남자,전라남도,기초,인지지원등급,63,2021,https://api.odcloud.kr/api/15072696/v1/uddi:63aa9ab2-863b-4a63-85cf-e9b43dccb240,PUB-010_시도별_장기요양판정
남자,전라남도,기초,등급외,917,2021,https://api.odcloud.kr/api/15072696/v1/uddi:63aa9ab2-863b-4a63-85cf-e9b43dccb240,PUB-010_시도별_장기요양판정
여자,전라남도,기초,1등급,223,2021,https://api.odcloud.kr/api/15072696/v1/uddi:63aa9ab2-863b-4a63-85cf-e9b43dccb240,PUB-010_시도별_장기요양판정
여자,전라남도,기초,2등급,566,2021,https://api.odcloud.kr/api/15072696/v1/uddi:63aa9ab2-863b-4a63-85cf-e9b43dccb240,PUB-010_시도별_장기요양판정
여자,전라남도,기초,3등급,1202,2021,https://api.odcloud.kr/api/15072696/v1/uddi:63aa9ab2-863b-4a63-85cf-e9b43dccb240,PUB-010_시도별_장기요양판정
여자,전라남도,기초,4등급,2814,2021,https://api.odcloud.kr/api/15072696/v1/uddi:63aa9ab2-863b-4a63-85cf-e9b43dccb240,PUB-010_시도별_장기요양판정
여자,전라남도,기초,5등급,623,2021,https://api.odcloud.kr/api/15072696/v1/uddi:63aa9ab2-863b-4a63-85cf-e9b43dccb240,PUB-010_시도별_장기요양판정
여자,전라남도,기초,인지지원등급,141,2021,https://api.odcloud.kr/api/15072696/v1/uddi:63aa9ab2-863b-4a63-85cf-e9b43dccb240,PUB-010_시도별_장기요양판정
여자,전라남도,기초,등급외,1728,2021,https://api.odcloud.kr/api/15072696/v1/uddi:63aa9ab2-863b-4a63-85cf-e9b43dccb240,PUB-010_시도별_장기요양판정
남자,경상북도,기초,1등급,118,2021,https://api.odcloud.kr/api/15072696/v1/uddi:63aa9ab2-863b-4a63-85cf-e9b43dccb240,PUB-010_시도별_장기요양판정
남자,경상북도,기초,2등급,222,2021,https://api.odcloud.kr/api/15072696/v1/uddi:63aa9ab2-863b-4a63-85cf-e9b43dccb240,PUB-010_시도별_장기요양판정
남자,경상북도,기초,3등급,633,2021,https://api.odcloud.kr/api/15072696/v1/uddi:63aa9ab2-863b-4a63-85cf-e9b43dccb240,PUB-010_시도별_장기요양판정
남자,경상북도,기초,4등급,1407,2021,https://api.odcloud.kr/api/15072696/v1/uddi:63aa9ab2-863b-4a63-85cf-e9b43dccb240,PUB-010_시도별_장기요양판정
남자,경상북도,기초,5등급,385,2021,https://api.odcloud.kr/api/15072696/v1/uddi:63aa9ab2-863b-4a63-85cf-e9b43dccb240,PUB-010_시도별_장기요양판정
남자,경상북도,기초,인지지원등급,82,2021,https://api.odcloud.kr/api/15072696/v1/uddi:63aa9ab2-863b-4a63-85cf-e9b43dccb240,PUB-010_시도별_장기요양판정
남자,경상북도,기초,등급외,926,2021,https://api.odcloud.kr/api/15072696/v1/uddi:63aa9ab2-863b-4a63-85cf-e9b43dccb240,PUB-010_시도별_장기요양판정
여자,경상북도,기초,1등급,326,2021,https://api.odcloud.kr/api/15072696/v1/uddi:63aa9ab2-863b-4a63-85cf-e9b43dccb240,PUB-010_시도별_장기요양판정
여자,경상북도,기초,2등급,620,2021,https://api.odcloud.kr/api/15072696/v1/uddi:63aa9ab2-863b-4a63-85cf-e9b43dccb240,PUB-010_시도별_장기요양판정
여자,경상북도,기초,3등급,1815,2021,https://api.odcloud.kr/api/15072696/v1/uddi:63aa9ab2-863b-4a63-85cf-e9b43dccb240,PUB-010_시도별_장기요양판정
여자,경상북도,기초,4등급,3663,2021,https://api.odcloud.kr/api/15072696/v1/uddi:63aa9ab2-863b-4a63-85cf-e9b43dccb240,PUB-010_시도별_장기요양판정
여자,경상북도,기초,5등급,1075,2021,https://api.odcloud.kr/api/15072696/v1/uddi:63aa9ab2-863b-4a63-85cf-e9b43dccb240,PUB-010_시도별_장기요양판정
여자,경상북도,기초,인지지원등급,123,2021,https://api.odcloud.kr/api/15072696/v1/uddi:63aa9ab2-863b-4a63-85cf-e9b43dccb240,PUB-010_시도별_장기요양판정
여자,경상북도,기초,등급외,1753,2021,https://api.odcloud.kr/api/15072696/v1/uddi:63aa9ab2-863b-4a63-85cf-e9b43dccb240,PUB-010_시도별_장기요양판정
남자,경상남도,기초,1등급,96,2021,https://api.odcloud.kr/api/15072696/v1/uddi:63aa9ab2-863b-4a63-85cf-e9b43dccb240,PUB-010_시도별_장기요양판정
남자,경상남도,기초,2등급,164,2021,https://api.odcloud.kr/api/15072696/v1/uddi:63aa9ab2-863b-4a63-85cf-e9b43dccb240,PUB-010_시도별_장기요양판정
남자,경상남도,기초,3등급,588,2021,https://api.odcloud.kr/api/15072696/v1/uddi:63aa9ab2-863b-4a63-85cf-e9b43dccb240,PUB-010_시도별_장기요양판정
남자,경상남도,기초,4등급,1333,2021,https://api.odcloud.kr/api/15072696/v1/uddi:63aa9ab2-863b-4a63-85cf-e9b43dccb240,PUB-010_시도별_장기요양판정
남자,경상남도,기초,5등급,302,2021,https://api.odcloud.kr/api/15072696/v1/uddi:63aa9ab2-863b-4a63-85cf-e9b43dccb240,PUB-010_시도별_장기요양판정
남자,경상남도,기초,인지지원등급,100,2021,https://api.odcloud.kr/api/15072696/v1/uddi:63aa9ab2-863b-4a63-85cf-e9b43dccb240,PUB-010_시도별_장기요양판정
남자,경상남도,기초,등급외,1039,2021,https://api.odcloud.kr/api/15072696/v1/uddi:63aa9ab2-863b-4a63-85cf-e9b43dccb240,PUB-010_시도별_장기요양판정
여자,경상남도,기초,1등급,282,2021,https://api.odcloud.kr/api/15072696/v1/uddi:63aa9ab2-863b-4a63-85cf-e9b43dccb240,PUB-010_시도별_장기요양판정
여자,경상남도,기초,2등급,643,2021,https://api.odcloud.kr/api/15072696/v1/uddi:63aa9ab2-863b-4a63-85cf-e9b43dccb240,PUB-010_시도별_장기요양판정
여자,경상남도,기초,3등급,1550,2021,https://api.odcloud.kr/api/15072696/v1/uddi:63aa9ab2-863b-4a63-85cf-e9b43dccb240,PUB-010_시도별_장기요양판정
여자,경상남도,기초,4등급,3742,2021,https://api.odcloud.kr/api/15072696/v1/uddi:63aa9ab2-863b-4a63-85cf-e9b43dccb240,PUB-010_시도별_장기요양판정
여자,경상남도,기초,5등급,949,2021,https://api.odcloud.kr/api/15072696/v1/uddi:63aa9ab2-863b-4a63-85cf-e9b43dccb240,PUB-010_시도별_장기요양판정
여자,경상남도,기초,인지지원등급,142,2021,https://api.odcloud.kr/api/15072696/v1/uddi:63aa9ab2-863b-4a63-85cf-e9b43dccb240,PUB-010_시도별_장기요양판정
여자,경상남도,기초,등급외,1709,2021,https://api.odcloud.kr/api/15072696/v1/uddi:63aa9ab2-863b-4a63-85cf-e9b43dccb240,PUB-010_시도별_장기요양판정
남자,제주특별자치도,기초,1등급,33,2021,https://api.odcloud.kr/api/15072696/v1/uddi:63aa9ab2-863b-4a63-85cf-e9b43dccb240,PUB-010_시도별_장기요양판정
남자,제주특별자치도,기초,2등급,59,2021,https://api.odcloud.kr/api/15072696/v1/uddi:63aa9ab2-863b-4a63-85cf-e9b43dccb240,PUB-010_시도별_장기요양판정
남자,제주특별자치도,기초,3등급,125,2021,https://api.odcloud.kr/api/15072696/v1/uddi:63aa9ab2-863b-4a63-85cf-e9b43dccb240,PUB-010_시도별_장기요양판정
남자,제주특별자치도,기초,4등급,207,2021,https://api.odcloud.kr/api/15072696/v1/uddi:63aa9ab2-863b-4a63-85cf-e9b43dccb240,PUB-010_시도별_장기요양판정
남자,제주특별자치도,기초,5등급,45,2021,https://api.odcloud.kr/api/15072696/v1/uddi:63aa9ab2-863b-4a63-85cf-e9b43dccb240,PUB-010_시도별_장기요양판정
남자,제주특별자치도,기초,인지지원등급,15,2021,https://api.odcloud.kr/api/15072696/v1/uddi:63aa9ab2-863b-4a63-85cf-e9b43dccb240,PUB-010_시도별_장기요양판정
남자,제주특별자치도,기초,등급외,149,2021,https://api.odcloud.kr/api/15072696/v1/uddi:63aa9ab2-863b-4a63-85cf-e9b43dccb240,PUB-010_시도별_장기요양판정
여자,제주특별자치도,기초,1등급,139,2021,https://api.odcloud.kr/api/15072696/v1/uddi:63aa9ab2-863b-4a63-85cf-e9b43dccb240,PUB-010_시도별_장기요양판정
여자,제주특별자치도,기초,2등급,184,2021,https://api.odcloud.kr/api/15072696/v1/uddi:63aa9ab2-863b-4a63-85cf-e9b43dccb240,PUB-010_시도별_장기요양판정
여자,제주특별자치도,기초,3등급,414,2021,https://api.odcloud.kr/api/15072696/v1/uddi:63aa9ab2-863b-4a63-85cf-e9b43dccb240,PUB-010_시도별_장기요양판정
여자,제주특별자치도,기초,4등급,510,2021,https://api.odcloud.kr/api/15072696/v1/uddi:63aa9ab2-863b-4a63-85cf-e9b43dccb240,PUB-010_시도별_장기요양판정
여자,제주특별자치도,기초,5등급,112,2021,https://api.odcloud.kr/api/15072696/v1/uddi:63aa9ab2-863b-4a63-85cf-e9b43dccb240,PUB-010_시도별_장기요양판정
여자,제주특별자치도,기초,인지지원등급,25,2021,https://api.odcloud.kr/api/15072696/v1/uddi:63aa9ab2-863b-4a63-85cf-e9b43dccb240,PUB-010_시도별_장기요양판정
여자,제주특별자치도,기초,등급외,310,2021,https://api.odcloud.kr/api/15072696/v1/uddi:63aa9ab2-863b-4a63-85cf-e9b43dccb240,PUB-010_시도별_장기요양판정
남자,서울특별시,의료급여,1등급,14,2021,https://api.odcloud.kr/api/15072696/v1/uddi:63aa9ab2-863b-4a63-85cf-e9b43dccb240,PUB-010_시도별_장기요양판정
남자,서울특별시,의료급여,2등급,23,2021,https://api.odcloud.kr/api/15072696/v1/uddi:63aa9ab2-863b-4a63-85cf-e9b43dccb240,PUB-010_시도별_장기요양판정
남자,서울특별시,의료급여,3등급,75,2021,https://api.odcloud.kr/api/15072696/v1/uddi:63aa9ab2-863b-4a63-85cf-e9b43dccb240,PUB-010_시도별_장기요양판정
남자,서울특별시,의료급여,4등급,122,2021,https://api.odcloud.kr/api/15072696/v1/uddi:63aa9ab2-863b-4a63-85cf-e9b43dccb240,PUB-010_시도별_장기요양판정
남자,서울특별시,의료급여,5등급,27,2021,https://api.odcloud.kr/api/15072696/v1/uddi:63aa9ab2-863b-4a63-85cf-e9b43dccb240,PUB-010_시도별_장기요양판정
남자,서울특별시,의료급여,인지지원등급,6,2021,https://api.odcloud.kr/api/15072696/v1/uddi:63aa9ab2-863b-4a63-85cf-e9b43dccb240,PUB-010_시도별_장기요양판정
남자,서울특별시,의료급여,등급외,45,2021,https://api.odcloud.kr/api/15072696/v1/uddi:63aa9ab2-863b-4a63-85cf-e9b43dccb240,PUB-010_시도별_장기요양판정
여자,서울특별시,의료급여,1등급,50,2021,https://api.odcloud.kr/api/15072696/v1/uddi:63aa9ab2-863b-4a63-85cf-e9b43dccb240,PUB-010_시도별_장기요양판정
여자,서울특별시,의료급여,2등급,90,2021,https://api.odcloud.kr/api/15072696/v1/uddi:63aa9ab2-863b-4a63-85cf-e9b43dccb240,PUB-010_시도별_장기요양판정
여자,서울특별시,의료급여,3등급,229,2021,https://api.odcloud.kr/api/15072696/v1/uddi:63aa9ab2-863b-4a63-85cf-e9b43dccb240,PUB-010_시도별_장기요양판정
여자,서울특별시,의료급여,4등급,315,2021,https://api.odcloud.kr/api/15072696/v1/uddi:63aa9ab2-863b-4a63-85cf-e9b43dccb240,PUB-010_시도별_장기요양판정
여자,서울특별시,의료급여,5등급,64,2021,https://api.odcloud.kr/api/15072696/v1/uddi:63aa9ab2-863b-4a63-85cf-e9b43dccb240,PUB-010_시도별_장기요양판정
여자,서울특별시,의료급여,인지지원등급,18,2021,https://api.odcloud.kr/api/15072696/v1/uddi:63aa9ab2-863b-4a63-85cf-e9b43dccb240,PUB-010_시도별_장기요양판정
여자,서울특별시,의료급여,등급외,105,2021,https://api.odcloud.kr/api/15072696/v1/uddi:63aa9ab2-863b-4a63-85cf-e9b43dccb240,PUB-010_시도별_장기요양판정
남자,부산광역시,의료급여,1등급,10,2021,https://api.odcloud.kr/api/15072696/v1/uddi:63aa9ab2-863b-4a63-85cf-e9b43dccb240,PUB-010_시도별_장기요양판정
남자,부산광역시,의료급여,2등급,8,2021,https://api.odcloud.kr/api/15072696/v1/uddi:63aa9ab2-863b-4a63-85cf-e9b43dccb240,PUB-010_시도별_장기요양판정
남자,부산광역시,의료급여,3등급,46,2021,https://api.odcloud.kr/api/15072696/v1/uddi:63aa9ab2-863b-4a63-85cf-e9b43dccb240,PUB-010_시도별_장기요양판정
남자,부산광역시,의료급여,4등급,74,2021,https://api.odcloud.kr/api/15072696/v1/uddi:63aa9ab2-863b-4a63-85cf-e9b43dccb240,PUB-010_시도별_장기요양판정
남자,부산광역시,의료급여,5등급,4,2021,https://api.odcloud.kr/api/15072696/v1/uddi:63aa9ab2-863b-4a63-85cf-e9b43dccb240,PUB-010_시도별_장기요양판정
남자,부산광역시,의료급여,인지지원등급,2,2021,https://api.odcloud.kr/api/15072696/v1/uddi:63aa9ab2-863b-4a63-85cf-e9b43dccb240,PUB-010_시도별_장기요양판정
남자,부산광역시,의료급여,등급외,23,2021,https://api.odcloud.kr/api/15072696/v1/uddi:63aa9ab2-863b-4a63-85cf-e9b43dccb240,PUB-010_시도별_장기요양판정
여자,부산광역시,의료급여,1등급,38,2021,https://api.odcloud.kr/api/15072696/v1/uddi:63aa9ab2-863b-4a63-85cf-e9b43dccb240,PUB-010_시도별_장기요양판정
여자,부산광역시,의료급여,2등급,31,2021,https://api.odcloud.kr/api/15072696/v1/uddi:63aa9ab2-863b-4a63-85cf-e9b43dccb240,PUB-010_시도별_장기요양판정
여자,부산광역시,의료급여,3등급,120,2021,https://api.odcloud.kr/api/15072696/v1/uddi:63aa9ab2-863b-4a63-85cf-e9b43dccb240,PUB-010_시도별_장기요양판정
여자,부산광역시,의료급여,4등급,215,2021,https://api.odcloud.kr/api/15072696/v1/uddi:63aa9ab2-863b-4a63-85cf-e9b43dccb240,PUB-010_시도별_장기요양판정
여자,부산광역시,의료급여,5등급,27,2021,https://api.odcloud.kr/api/15072696/v1/uddi:63aa9ab2-863b-4a63-85cf-e9b43dccb240,PUB-010_시도별_장기요양판정
여자,부산광역시,의료급여,인지지원등급,9,2021,https://api.odcloud.kr/api/15072696/v1/uddi:63aa9ab2-863b-4a63-85cf-e9b43dccb240,PUB-010_시도별_장기요양판정
여자,부산광역시,의료급여,등급외,70,2021,https://api.odcloud.kr/api/15072696/v1/uddi:63aa9ab2-863b-4a63-85cf-e9b43dccb240,PUB-010_시도별_장기요양판정
남자,대구광역시,의료급여,1등급,6,2021,https://api.odcloud.kr/api/15072696/v1/uddi:63aa9ab2-863b-4a63-85cf-e9b43dccb240,PUB-010_시도별_장기요양판정
남자,대구광역시,의료급여,2등급,11,2021,https://api.odcloud.kr/api/15072696/v1/uddi:63aa9ab2-863b-4a63-85cf-e9b43dccb240,PUB-010_시도별_장기요양판정
남자,대구광역시,의료급여,3등급,58,2021,https://api.odcloud.kr/api/15072696/v1/uddi:63aa9ab2-863b-4a63-85cf-e9b43dccb240,PUB-010_시도별_장기요양판정
남자,대구광역시,의료급여,4등급,69,2021,https://api.odcloud.kr/api/15072696/v1/uddi:63aa9ab2-863b-4a63-85cf-e9b43dccb240,PUB-010_시도별_장기요양판정
남자,대구광역시,의료급여,5등급,21,2021,https://api.odcloud.kr/api/15072696/v1/uddi:63aa9ab2-863b-4a63-85cf-e9b43dccb240,PUB-010_시도별_장기요양판정
남자,대구광역시,의료급여,인지지원등급,2,2021,https://api.odcloud.kr/api/15072696/v1/uddi:63aa9ab2-863b-4a63-85cf-e9b43dccb240,PUB-010_시도별_장기요양판정
남자,대구광역시,의료급여,등급외,25,2021,https://api.odcloud.kr/api/15072696/v1/uddi:63aa9ab2-863b-4a63-85cf-e9b43dccb240,PUB-010_시도별_장기요양판정
여자,대구광역시,의료급여,1등급,36,2021,https://api.odcloud.kr/api/15072696/v1/uddi:63aa9ab2-863b-4a63-85cf-e9b43dccb240,PUB-010_시도별_장기요양판정
여자,대구광역시,의료급여,2등급,59,2021,https://api.odcloud.kr/api/15072696/v1/uddi:63aa9ab2-863b-4a63-85cf-e9b43dccb240,PUB-010_시도별_장기요양판정
여자,대구광역시,의료급여,3등급,141,2021,https://api.odcloud.kr/api/15072696/v1/uddi:63aa9ab2-863b-4a63-85cf-e9b43dccb240,PUB-010_시도별_장기요양판정
여자,대구광역시,의료급여,4등급,224,2021,https://api.odcloud.kr/api/15072696/v1/uddi:63aa9ab2-863b-4a63-85cf-e9b43dccb240,PUB-010_시도별_장기요양판정
여자,대구광역시,의료급여,5등급,62,2021,https://api.odcloud.kr/api/15072696/v1/uddi:63aa9ab2-863b-4a63-85cf-e9b43dccb240,PUB-010_시도별_장기요양판정
여자,대구광역시,의료급여,인지지원등급,3,2021,https://api.odcloud.kr/api/15072696/v1/uddi:63aa9ab2-863b-4a63-85cf-e9b43dccb240,PUB-010_시도별_장기요양판정
여자,대구광역시,의료급여,등급외,61,2021,https://api.odcloud.kr/api/15072696/v1/uddi:63aa9ab2-863b-4a63-85cf-e9b43dccb240,PUB-010_시도별_장기요양판정
남자,인천광역시,의료급여,1등급,3,2021,https://api.odcloud.kr/api/15072696/v1/uddi:63aa9ab2-863b-4a63-85cf-e9b43dccb240,PUB-010_시도별_장기요양판정
남자,인천광역시,의료급여,2등급,14,2021,https://api.odcloud.kr/api/15072696/v1/uddi:63aa9ab2-863b-4a63-85cf-e9b43dccb240,PUB-010_시도별_장기요양판정
남자,인천광역시,의료급여,3등급,43,2021,https://api.odcloud.kr/api/15072696/v1/uddi:63aa9ab2-863b-4a63-85cf-e9b43dccb240,PUB-010_시도별_장기요양판정
남자,인천광역시,의료급여,4등급,83,2021,https://api.odcloud.kr/api/15072696/v1/uddi:63aa9ab2-863b-4a63-85cf-e9b43dccb240,PUB-010_시도별_장기요양판정
남자,인천광역시,의료급여,5등급,9,2021,https://api.odcloud.kr/api/15072696/v1/uddi:63aa9ab2-863b-4a63-85cf-e9b43dccb240,PUB-010_시도별_장기요양판정
남자,인천광역시,의료급여,인지지원등급,2,2021,https://api.odcloud.kr/api/15072696/v1/uddi:63aa9ab2-863b-4a63-85cf-e9b43dccb240,PUB-010_시도별_장기요양판정
남자,인천광역시,의료급여,등급외,16,2021,https://api.odcloud.kr/api/15072696/v1/uddi:63aa9ab2-863b-4a63-85cf-e9b43dccb240,PUB-010_시도별_장기요양판정
여자,인천광역시,의료급여,1등급,29,2021,https://api.odcloud.kr/api/15072696/v1/uddi:63aa9ab2-863b-4a63-85cf-e9b43dccb240,PUB-010_시도별_장기요양판정
여자,인천광역시,의료급여,2등급,43,2021,https://api.odcloud.kr/api/15072696/v1/uddi:63aa9ab2-863b-4a63-85cf-e9b43dccb240,PUB-010_시도별_장기요양판정
여자,인천광역시,의료급여,3등급,106,2021,https://api.odcloud.kr/api/15072696/v1/uddi:63aa9ab2-863b-4a63-85cf-e9b43dccb240,PUB-010_시도별_장기요양판정
여자,인천광역시,의료급여,4등급,170,2021,https://api.odcloud.kr/api/15072696/v1/uddi:63aa9ab2-863b-4a63-85cf-e9b43dccb240,PUB-010_시도별_장기요양판정
여자,인천광역시,의료급여,5등급,30,2021,https://api.odcloud.kr/api/15072696/v1/uddi:63aa9ab2-863b-4a63-85cf-e9b43dccb240,PUB-010_시도별_장기요양판정
여자,인천광역시,의료급여,인지지원등급,1,2021,https://api.odcloud.kr/api/15072696/v1/uddi:63aa9ab2-863b-4a63-85cf-e9b43dccb240,PUB-010_시도별_장기요양판정
여자,인천광역시,의료급여,등급외,42,2021,https://api.odcloud.kr/api/15072696/v1/uddi:63aa9ab2-863b-4a63-85cf-e9b43dccb240,PUB-010_시도별_장기요양판정
남자,광주광역시,의료급여,1등급,7,2021,https://api.odcloud.kr/api/15072696/v1/uddi:63aa9ab2-863b-4a63-85cf-e9b43dccb240,PUB-010_시도별_장기요양판정
남자,광주광역시,의료급여,2등급,10,2021,https://api.odcloud.kr/api/15072696/v1/uddi:63aa9ab2-863b-4a63-85cf-e9b43dccb240,PUB-010_시도별_장기요양판정
남자,광주광역시,의료급여,3등급,32,2021,https://api.odcloud.kr/api/15072696/v1/uddi:63aa9ab2-863b-4a63-85cf-e9b43dccb240,PUB-010_시도별_장기요양판정
남자,광주광역시,의료급여,4등급,66,2021,https://api.odcloud.kr/api/15072696/v1/uddi:63aa9ab2-863b-4a63-85cf-e9b43dccb240,PUB-010_시도별_장기요양판정
남자,광주광역시,의료급여,5등급,13,2021,https://api.odcloud.kr/api/15072696/v1/uddi:63aa9ab2-863b-4a63-85cf-e9b43dccb240,PUB-010_시도별_장기요양판정
남자,광주광역시,의료급여,인지지원등급,5,2021,https://api.odcloud.kr/api/15072696/v1/uddi:63aa9ab2-863b-4a63-85cf-e9b43dccb240,PUB-010_시도별_장기요양판정
남자,광주광역시,의료급여,등급외,27,2021,https://api.odcloud.kr/api/15072696/v1/uddi:63aa9ab2-863b-4a63-85cf-e9b43dccb240,PUB-010_시도별_장기요양판정
여자,광주광역시,의료급여,1등급,21,2021,https://api.odcloud.kr/api/15072696/v1/uddi:63aa9ab2-863b-4a63-85cf-e9b43dccb240,PUB-010_시도별_장기요양판정
여자,광주광역시,의료급여,2등급,22,2021,https://api.odcloud.kr/api/15072696/v1/uddi:63aa9ab2-863b-4a63-85cf-e9b43dccb240,PUB-010_시도별_장기요양판정
여자,광주광역시,의료급여,3등급,90,2021,https://api.odcloud.kr/api/15072696/v1/uddi:63aa9ab2-863b-4a63-85cf-e9b43dccb240,PUB-010_시도별_장기요양판정
여자,광주광역시,의료급여,4등급,190,2021,https://api.odcloud.kr/api/15072696/v1/uddi:63aa9ab2-863b-4a63-85cf-e9b43dccb240,PUB-010_시도별_장기요양판정
여자,광주광역시,의료급여,5등급,46,2021,https://api.odcloud.kr/api/15072696/v1/uddi:63aa9ab2-863b-4a63-85cf-e9b43dccb240,PUB-010_시도별_장기요양판정
여자,광주광역시,의료급여,인지지원등급,7,2021,https://api.odcloud.kr/api/15072696/v1/uddi:63aa9ab2-863b-4a63-85cf-e9b43dccb240,PUB-010_시도별_장기요양판정
여자,광주광역시,의료급여,등급외,61,2021,https://api.odcloud.kr/api/15072696/v1/uddi:63aa9ab2-863b-4a63-85cf-e9b43dccb240,PUB-010_시도별_장기요양판정
남자,대전광역시,의료급여,1등급,9,2021,https://api.odcloud.kr/api/15072696/v1/uddi:63aa9ab2-863b-4a63-85cf-e9b43dccb240,PUB-010_시도별_장기요양판정
남자,대전광역시,의료급여,2등급,5,2021,https://api.odcloud.kr/api/15072696/v1/uddi:63aa9ab2-863b-4a63-85cf-e9b43dccb240,PUB-010_시도별_장기요양판정
남자,대전광역시,의료급여,3등급,20,2021,https://api.odcloud.kr/api/15072696/v1/uddi:63aa9ab2-863b-4a63-85cf-e9b43dccb240,PUB-010_시도별_장기요양판정
남자,대전광역시,의료급여,4등급,33,2021,https://api.odcloud.kr/api/15072696/v1/uddi:63aa9ab2-863b-4a63-85cf-e9b43dccb240,PUB-010_시도별_장기요양판정
남자,대전광역시,의료급여,5등급,13,2021,https://api.odcloud.kr/api/15072696/v1/uddi:63aa9ab2-863b-4a63-85cf-e9b43dccb240,PUB-010_시도별_장기요양판정
남자,대전광역시,의료급여,인지지원등급,0,2021,https://api.odcloud.kr/api/15072696/v1/uddi:63aa9ab2-863b-4a63-85cf-e9b43dccb240,PUB-010_시도별_장기요양판정
남자,대전광역시,의료급여,등급외,12,2021,https://api.odcloud.kr/api/15072696/v1/uddi:63aa9ab2-863b-4a63-85cf-e9b43dccb240,PUB-010_시도별_장기요양판정
여자,대전광역시,의료급여,1등급,15,2021,https://api.odcloud.kr/api/15072696/v1/uddi:63aa9ab2-863b-4a63-85cf-e9b43dccb240,PUB-010_시도별_장기요양판정
여자,대전광역시,의료급여,2등급,27,2021,https://api.odcloud.kr/api/15072696/v1/uddi:63aa9ab2-863b-4a63-85cf-e9b43dccb240,PUB-010_시도별_장기요양판정
여자,대전광역시,의료급여,3등급,66,2021,https://api.odcloud.kr/api/15072696/v1/uddi:63aa9ab2-863b-4a63-85cf-e9b43dccb240,PUB-010_시도별_장기요양판정
여자,대전광역시,의료급여,4등급,91,2021,https://api.odcloud.kr/api/15072696/v1/uddi:63aa9ab2-863b-4a63-85cf-e9b43dccb240,PUB-010_시도별_장기요양판정
여자,대전광역시,의료급여,5등급,30,2021,https://api.odcloud.kr/api/15072696/v1/uddi:63aa9ab2-863b-4a63-85cf-e9b43dccb240,PUB-010_시도별_장기요양판정
여자,대전광역시,의료급여,인지지원등급,5,2021,https://api.odcloud.kr/api/15072696/v1/uddi:63aa9ab2-863b-4a63-85cf-e9b43dccb240,PUB-010_시도별_장기요양판정
여자,대전광역시,의료급여,등급외,33,2021,https://api.odcloud.kr/api/15072696/v1/uddi:63aa9ab2-863b-4a63-85cf-e9b43dccb240,PUB-010_시도별_장기요양판정
남자,울산광역시,의료급여,2등급,3,2021,https://api.odcloud.kr/api/15072696/v1/uddi:63aa9ab2-863b-4a63-85cf-e9b43dccb240,PUB-010_시도별_장기요양판정
남자,울산광역시,의료급여,3등급,11,2021,https://api.odcloud.kr/api/15072696/v1/uddi:63aa9ab2-863b-4a63-85cf-e9b43dccb240,PUB-010_시도별_장기요양판정
남자,울산광역시,의료급여,4등급,14,2021,https://api.odcloud.kr/api/15072696/v1/uddi:63aa9ab2-863b-4a63-85cf-e9b43dccb240,PUB-010_시도별_장기요양판정
남자,울산광역시,의료급여,5등급,1,2021,https://api.odcloud.kr/api/15072696/v1/uddi:63aa9ab2-863b-4a63-85cf-e9b43dccb240,PUB-010_시도별_장기요양판정
남자,울산광역시,의료급여,등급외,5,2021,https://api.odcloud.kr/api/15072696/v1/uddi:63aa9ab2-863b-4a63-85cf-e9b43dccb240,PUB-010_시도별_장기요양판정
여자,울산광역시,의료급여,1등급,9,2021,https://api.odcloud.kr/api/15072696/v1/uddi:63aa9ab2-863b-4a63-85cf-e9b43dccb240,PUB-010_시도별_장기요양판정
여자,울산광역시,의료급여,2등급,9,2021,https://api.odcloud.kr/api/15072696/v1/uddi:63aa9ab2-863b-4a63-85cf-e9b43dccb240,PUB-010_시도별_장기요양판정
여자,울산광역시,의료급여,3등급,43,2021,https://api.odcloud.kr/api/15072696/v1/uddi:63aa9ab2-863b-4a63-85cf-e9b43dccb240,PUB-010_시도별_장기요양판정
여자,울산광역시,의료급여,4등급,45,2021,https://api.odcloud.kr/api/15072696/v1/uddi:63aa9ab2-863b-4a63-85cf-e9b43dccb240,PUB-010_시도별_장기요양판정
여자,울산광역시,의료급여,5등급,12,2021,https://api.odcloud.kr/api/15072696/v1/uddi:63aa9ab2-863b-4a63-85cf-e9b43dccb240,PUB-010_시도별_장기요양판정
여자,울산광역시,의료급여,인지지원등급,0,2021,https://api.odcloud.kr/api/15072696/v1/uddi:63aa9ab2-863b-4a63-85cf-e9b43dccb240,PUB-010_시도별_장기요양판정
여자,울산광역시,의료급여,등급외,14,2021,https://api.odcloud.kr/api/15072696/v1/uddi:63aa9ab2-863b-4a63-85cf-e9b43dccb240,PUB-010_시도별_장기요양판정
남자,세종특별자치시,의료급여,1등급,1,2021,https://api.odcloud.kr/api/15072696/v1/uddi:63aa9ab2-863b-4a63-85cf-e9b43dccb240,PUB-010_시도별_장기요양판정
남자,세종특별자치시,의료급여,2등급,2,2021,https://api.odcloud.kr/api/15072696/v1/uddi:63aa9ab2-863b-4a63-85cf-e9b43dccb240,PUB-010_시도별_장기요양판정
남자,세종특별자치시,의료급여,3등급,1,2021,https://api.odcloud.kr/api/15072696/v1/uddi:63aa9ab2-863b-4a63-85cf-e9b43dccb240,PUB-010_시도별_장기요양판정
남자,세종특별자치시,의료급여,4등급,5,2021,https://api.odcloud.kr/api/15072696/v1/uddi:63aa9ab2-863b-4a63-85cf-e9b43dccb240,PUB-010_시도별_장기요양판정
남자,세종특별자치시,의료급여,인지지원등급,0,2021,https://api.odcloud.kr/api/15072696/v1/uddi:63aa9ab2-863b-4a63-85cf-e9b43dccb240,PUB-010_시도별_장기요양판정
남자,세종특별자치시,의료급여,등급외,2,2021,https://api.odcloud.kr/api/15072696/v1/uddi:63aa9ab2-863b-4a63-85cf-e9b43dccb240,PUB-010_시도별_장기요양판정
여자,세종특별자치시,의료급여,1등급,2,2021,https://api.odcloud.kr/api/15072696/v1/uddi:63aa9ab2-863b-4a63-85cf-e9b43dccb240,PUB-010_시도별_장기요양판정
여자,세종특별자치시,의료급여,2등급,3,2021,https://api.odcloud.kr/api/15072696/v1/uddi:63aa9ab2-863b-4a63-85cf-e9b43dccb240,PUB-010_시도별_장기요양판정
여자,세종특별자치시,의료급여,3등급,10,2021,https://api.odcloud.kr/api/15072696/v1/uddi:63aa9ab2-863b-4a63-85cf-e9b43dccb240,PUB-010_시도별_장기요양판정
여자,세종특별자치시,의료급여,4등급,12,2021,https://api.odcloud.kr/api/15072696/v1/uddi:63aa9ab2-863b-4a63-85cf-e9b43dccb240,PUB-010_시도별_장기요양판정
여자,세종특별자치시,의료급여,5등급,3,2021,https://api.odcloud.kr/api/15072696/v1/uddi:63aa9ab2-863b-4a63-85cf-e9b43dccb240,PUB-010_시도별_장기요양판정
여자,세종특별자치시,의료급여,인지지원등급,1,2021,https://api.odcloud.kr/api/15072696/v1/uddi:63aa9ab2-863b-4a63-85cf-e9b43dccb240,PUB-010_시도별_장기요양판정
여자,세종특별자치시,의료급여,등급외,5,2021,https://api.odcloud.kr/api/15072696/v1/uddi:63aa9ab2-863b-4a63-85cf-e9b43dccb240,PUB-010_시도별_장기요양판정
남자,경기도,의료급여,1등급,14,2021,https://api.odcloud.kr/api/15072696/v1/uddi:63aa9ab2-863b-4a63-85cf-e9b43dccb240,PUB-010_시도별_장기요양판정
남자,경기도,의료급여,2등급,50,2021,https://api.odcloud.kr/api/15072696/v1/uddi:63aa9ab2-863b-4a63-85cf-e9b43dccb240,PUB-010_시도별_장기요양판정
남자,경기도,의료급여,3등급,148,2021,https://api.odcloud.kr/api/15072696/v1/uddi:63aa9ab2-863b-4a63-85cf-e9b43dccb240,PUB-010_시도별_장기요양판정
남자,경기도,의료급여,4등급,205,2021,https://api.odcloud.kr/api/15072696/v1/uddi:63aa9ab2-863b-4a63-85cf-e9b43dccb240,PUB-010_시도별_장기요양판정
남자,경기도,의료급여,5등급,47,2021,https://api.odcloud.kr/api/15072696/v1/uddi:63aa9ab2-863b-4a63-85cf-e9b43dccb240,PUB-010_시도별_장기요양판정
남자,경기도,의료급여,인지지원등급,14,2021,https://api.odcloud.kr/api/15072696/v1/uddi:63aa9ab2-863b-4a63-85cf-e9b43dccb240,PUB-010_시도별_장기요양판정
남자,경기도,의료급여,등급외,66,2021,https://api.odcloud.kr/api/15072696/v1/uddi:63aa9ab2-863b-4a63-85cf-e9b43dccb240,PUB-010_시도별_장기요양판정
여자,경기도,의료급여,1등급,84,2021,https://api.odcloud.kr/api/15072696/v1/uddi:63aa9ab2-863b-4a63-85cf-e9b43dccb240,PUB-010_시도별_장기요양판정
여자,경기도,의료급여,2등급,151,2021,https://api.odcloud.kr/api/15072696/v1/uddi:63aa9ab2-863b-4a63-85cf-e9b43dccb240,PUB-010_시도별_장기요양판정
여자,경기도,의료급여,3등급,474,2021,https://api.odcloud.kr/api/15072696/v1/uddi:63aa9ab2-863b-4a63-85cf-e9b43dccb240,PUB-010_시도별_장기요양판정
여자,경기도,의료급여,4등급,659,2021,https://api.odcloud.kr/api/15072696/v1/uddi:63aa9ab2-863b-4a63-85cf-e9b43dccb240,PUB-010_시도별_장기요양판정
여자,경기도,의료급여,5등급,150,2021,https://api.odcloud.kr/api/15072696/v1/uddi:63aa9ab2-863b-4a63-85cf-e9b43dccb240,PUB-010_시도별_장기요양판정
여자,경기도,의료급여,인지지원등급,24,2021,https://api.odcloud.kr/api/15072696/v1/uddi:63aa9ab2-863b-4a63-85cf-e9b43dccb240,PUB-010_시도별_장기요양판정
여자,경기도,의료급여,등급외,155,2021,https://api.odcloud.kr/api/15072696/v1/uddi:63aa9ab2-863b-4a63-85cf-e9b43dccb240,PUB-010_시도별_장기요양판정
남자,강원도,의료급여,1등급,12,2021,https://api.odcloud.kr/api/15072696/v1/uddi:63aa9ab2-863b-4a63-85cf-e9b43dccb240,PUB-010_시도별_장기요양판정
남자,강원도,의료급여,2등급,9,2021,https://api.odcloud.kr/api/15072696/v1/uddi:63aa9ab2-863b-4a63-85cf-e9b43dccb240,PUB-010_시도별_장기요양판정
남자,강원도,의료급여,3등급,47,2021,https://api.odcloud.kr/api/15072696/v1/uddi:63aa9ab2-863b-4a63-85cf-e9b43dccb240,PUB-010_시도별_장기요양판정
남자,강원도,의료급여,4등급,44,2021,https://api.odcloud.kr/api/15072696/v1/uddi:63aa9ab2-863b-4a63-85cf-e9b43dccb240,PUB-010_시도별_장기요양판정
남자,강원도,의료급여,5등급,13,2021,https://api.odcloud.kr/api/15072696/v1/uddi:63aa9ab2-863b-4a63-85cf-e9b43dccb240,PUB-010_시도별_장기요양판정
남자,강원도,의료급여,인지지원등급,2,2021,https://api.odcloud.kr/api/15072696/v1/uddi:63aa9ab2-863b-4a63-85cf-e9b43dccb240,PUB-010_시도별_장기요양판정
남자,강원도,의료급여,등급외,21,2021,https://api.odcloud.kr/api/15072696/v1/uddi:63aa9ab2-863b-4a63-85cf-e9b43dccb240,PUB-010_시도별_장기요양판정
여자,강원도,의료급여,1등급,25,2021,https://api.odcloud.kr/api/15072696/v1/uddi:63aa9ab2-863b-4a63-85cf-e9b43dccb240,PUB-010_시도별_장기요양판정
여자,강원도,의료급여,2등급,65,2021,https://api.odcloud.kr/api/15072696/v1/uddi:63aa9ab2-863b-4a63-85cf-e9b43dccb240,PUB-010_시도별_장기요양판정
여자,강원도,의료급여,3등급,158,2021,https://api.odcloud.kr/api/15072696/v1/uddi:63aa9ab2-863b-4a63-85cf-e9b43dccb240,PUB-010_시도별_장기요양판정
여자,강원도,의료급여,4등급,185,2021,https://api.odcloud.kr/api/15072696/v1/uddi:63aa9ab2-863b-4a63-85cf-e9b43dccb240,PUB-010_시도별_장기요양판정
여자,강원도,의료급여,5등급,39,2021,https://api.odcloud.kr/api/15072696/v1/uddi:63aa9ab2-863b-4a63-85cf-e9b43dccb240,PUB-010_시도별_장기요양판정
여자,강원도,의료급여,인지지원등급,7,2021,https://api.odcloud.kr/api/15072696/v1/uddi:63aa9ab2-863b-4a63-85cf-e9b43dccb240,PUB-010_시도별_장기요양판정
여자,강원도,의료급여,등급외,51,2021,https://api.odcloud.kr/api/15072696/v1/uddi:63aa9ab2-863b-4a63-85cf-e9b43dccb240,PUB-010_시도별_장기요양판정
남자,충청북도,의료급여,1등급,5,2021,https://api.odcloud.kr/api/15072696/v1/uddi:63aa9ab2-863b-4a63-85cf-e9b43dccb240,PUB-010_시도별_장기요양판정
남자,충청북도,의료급여,2등급,12,2021,https://api.odcloud.kr/api/15072696/v1/uddi:63aa9ab2-863b-4a63-85cf-e9b43dccb240,PUB-010_시도별_장기요양판정
남자,충청북도,의료급여,3등급,30,2021,https://api.odcloud.kr/api/15072696/v1/uddi:63aa9ab2-863b-4a63-85cf-e9b43dccb240,PUB-010_시도별_장기요양판정
남자,충청북도,의료급여,4등급,57,2021,https://api.odcloud.kr/api/15072696/v1/uddi:63aa9ab2-863b-4a63-85cf-e9b43dccb240,PUB-010_시도별_장기요양판정
남자,충청북도,의료급여,5등급,12,2021,https://api.odcloud.kr/api/15072696/v1/uddi:63aa9ab2-863b-4a63-85cf-e9b43dccb240,PUB-010_시도별_장기요양판정
남자,충청북도,의료급여,인지지원등급,1,2021,https://api.odcloud.kr/api/15072696/v1/uddi:63aa9ab2-863b-4a63-85cf-e9b43dccb240,PUB-010_시도별_장기요양판정
남자,충청북도,의료급여,등급외,20,2021,https://api.odcloud.kr/api/15072696/v1/uddi:63aa9ab2-863b-4a63-85cf-e9b43dccb240,PUB-010_시도별_장기요양판정
여자,충청북도,의료급여,1등급,15,2021,https://api.odcloud.kr/api/15072696/v1/uddi:63aa9ab2-863b-4a63-85cf-e9b43dccb240,PUB-010_시도별_장기요양판정
여자,충청북도,의료급여,2등급,42,2021,https://api.odcloud.kr/api/15072696/v1/uddi:63aa9ab2-863b-4a63-85cf-e9b43dccb240,PUB-010_시도별_장기요양판정
여자,충청북도,의료급여,3등급,99,2021,https://api.odcloud.kr/api/15072696/v1/uddi:63aa9ab2-863b-4a63-85cf-e9b43dccb240,PUB-010_시도별_장기요양판정
여자,충청북도,의료급여,4등급,148,2021,https://api.odcloud.kr/api/15072696/v1/uddi:63aa9ab2-863b-4a63-85cf-e9b43dccb240,PUB-010_시도별_장기요양판정
여자,충청북도,의료급여,5등급,44,2021,https://api.odcloud.kr/api/15072696/v1/uddi:63aa9ab2-863b-4a63-85cf-e9b43dccb240,PUB-010_시도별_장기요양판정
여자,충청북도,의료급여,인지지원등급,8,2021,https://api.odcloud.kr/api/15072696/v1/uddi:63aa9ab2-863b-4a63-85cf-e9b43dccb240,PUB-010_시도별_장기요양판정
여자,충청북도,의료급여,등급외,47,2021,https://api.odcloud.kr/api/15072696/v1/uddi:63aa9ab2-863b-4a63-85cf-e9b43dccb240,PUB-010_시도별_장기요양판정
남자,충청남도,의료급여,1등급,3,2021,https://api.odcloud.kr/api/15072696/v1/uddi:63aa9ab2-863b-4a63-85cf-e9b43dccb240,PUB-010_시도별_장기요양판정
남자,충청남도,의료급여,2등급,5,2021,https://api.odcloud.kr/api/15072696/v1/uddi:63aa9ab2-863b-4a63-85cf-e9b43dccb240,PUB-010_시도별_장기요양판정
남자,충청남도,의료급여,3등급,31,2021,https://api.odcloud.kr/api/15072696/v1/uddi:63aa9ab2-863b-4a63-85cf-e9b43dccb240,PUB-010_시도별_장기요양판정
남자,충청남도,의료급여,4등급,57,2021,https://api.odcloud.kr/api/15072696/v1/uddi:63aa9ab2-863b-4a63-85cf-e9b43dccb240,PUB-010_시도별_장기요양판정
남자,충청남도,의료급여,5등급,14,2021,https://api.odcloud.kr/api/15072696/v1/uddi:63aa9ab2-863b-4a63-85cf-e9b43dccb240,PUB-010_시도별_장기요양판정
남자,충청남도,의료급여,인지지원등급,6,2021,https://api.odcloud.kr/api/15072696/v1/uddi:63aa9ab2-863b-4a63-85cf-e9b43dccb240,PUB-010_시도별_장기요양판정
남자,충청남도,의료급여,등급외,23,2021,https://api.odcloud.kr/api/15072696/v1/uddi:63aa9ab2-863b-4a63-85cf-e9b43dccb240,PUB-010_시도별_장기요양판정
여자,충청남도,의료급여,1등급,6,2021,https://api.odcloud.kr/api/15072696/v1/uddi:63aa9ab2-863b-4a63-85cf-e9b43dccb240,PUB-010_시도별_장기요양판정
여자,충청남도,의료급여,2등급,35,2021,https://api.odcloud.kr/api/15072696/v1/uddi:63aa9ab2-863b-4a63-85cf-e9b43dccb240,PUB-010_시도별_장기요양판정
여자,충청남도,의료급여,3등급,86,2021,https://api.odcloud.kr/api/15072696/v1/uddi:63aa9ab2-863b-4a63-85cf-e9b43dccb240,PUB-010_시도별_장기요양판정
여자,충청남도,의료급여,4등급,166,2021,https://api.odcloud.kr/api/15072696/v1/uddi:63aa9ab2-863b-4a63-85cf-e9b43dccb240,PUB-010_시도별_장기요양판정
여자,충청남도,의료급여,5등급,36,2021,https://api.odcloud.kr/api/15072696/v1/uddi:63aa9ab2-863b-4a63-85cf-e9b43dccb240,PUB-010_시도별_장기요양판정
여자,충청남도,의료급여,인지지원등급,4,2021,https://api.odcloud.kr/api/15072696/v1/uddi:63aa9ab2-863b-4a63-85cf-e9b43dccb240,PUB-010_시도별_장기요양판정
여자,충청남도,의료급여,등급외,38,2021,https://api.odcloud.kr/api/15072696/v1/uddi:63aa9ab2-863b-4a63-85cf-e9b43dccb240,PUB-010_시도별_장기요양판정
남자,전라북도,의료급여,1등급,4,2021,https://api.odcloud.kr/api/15072696/v1/uddi:63aa9ab2-863b-4a63-85cf-e9b43dccb240,PUB-010_시도별_장기요양판정
남자,전라북도,의료급여,2등급,6,2021,https://api.odcloud.kr/api/15072696/v1/uddi:63aa9ab2-863b-4a63-85cf-e9b43dccb240,PUB-010_시도별_장기요양판정
남자,전라북도,의료급여,3등급,39,2021,https://api.odcloud.kr/api/15072696/v1/uddi:63aa9ab2-863b-4a63-85cf-e9b43dccb240,PUB-010_시도별_장기요양판정
남자,전라북도,의료급여,4등급,90,2021,https://api.odcloud.kr/api/15072696/v1/uddi:63aa9ab2-863b-4a63-85cf-e9b43dccb240,PUB-010_시도별_장기요양판정
남자,전라북도,의료급여,5등급,24,2021,https://api.odcloud.kr/api/15072696/v1/uddi:63aa9ab2-863b-4a63-85cf-e9b43dccb240,PUB-010_시도별_장기요양판정
남자,전라북도,의료급여,인지지원등급,3,2021,https://api.odcloud.kr/api/15072696/v1/uddi:63aa9ab2-863b-4a63-85cf-e9b43dccb240,PUB-010_시도별_장기요양판정
남자,전라북도,의료급여,등급외,38,2021,https://api.odcloud.kr/api/15072696/v1/uddi:63aa9ab2-863b-4a63-85cf-e9b43dccb240,PUB-010_시도별_장기요양판정
여자,전라북도,의료급여,1등급,16,2021,https://api.odcloud.kr/api/15072696/v1/uddi:63aa9ab2-863b-4a63-85cf-e9b43dccb240,PUB-010_시도별_장기요양판정
여자,전라북도,의료급여,2등급,45,2021,https://api.odcloud.kr/api/15072696/v1/uddi:63aa9ab2-863b-4a63-85cf-e9b43dccb240,PUB-010_시도별_장기요양판정
여자,전라북도,의료급여,3등급,103,2021,https://api.odcloud.kr/api/15072696/v1/uddi:63aa9ab2-863b-4a63-85cf-e9b43dccb240,PUB-010_시도별_장기요양판정
여자,전라북도,의료급여,4등급,266,2021,https://api.odcloud.kr/api/15072696/v1/uddi:63aa9ab2-863b-4a63-85cf-e9b43dccb240,PUB-010_시도별_장기요양판정
여자,전라북도,의료급여,5등급,95,2021,https://api.odcloud.kr/api/15072696/v1/uddi:63aa9ab2-863b-4a63-85cf-e9b43dccb240,PUB-010_시도별_장기요양판정
여자,전라북도,의료급여,인지지원등급,8,2021,https://api.odcloud.kr/api/15072696/v1/uddi:63aa9ab2-863b-4a63-85cf-e9b43dccb240,PUB-010_시도별_장기요양판정
여자,전라북도,의료급여,등급외,100,2021,https://api.odcloud.kr/api/15072696/v1/uddi:63aa9ab2-863b-4a63-85cf-e9b43dccb240,PUB-010_시도별_장기요양판정
남자,전라남도,의료급여,1등급,7,2021,https://api.odcloud.kr/api/15072696/v1/uddi:63aa9ab2-863b-4a63-85cf-e9b43dccb240,PUB-010_시도별_장기요양판정
남자,전라남도,의료급여,2등급,12,2021,https://api.odcloud.kr/api/15072696/v1/uddi:63aa9ab2-863b-4a63-85cf-e9b43dccb240,PUB-010_시도별_장기요양판정
남자,전라남도,의료급여,3등급,55,2021,https://api.odcloud.kr/api/15072696/v1/uddi:63aa9ab2-863b-4a63-85cf-e9b43dccb240,PUB-010_시도별_장기요양판정
남자,전라남도,의료급여,4등급,101,2021,https://api.odcloud.kr/api/15072696/v1/uddi:63aa9ab2-863b-4a63-85cf-e9b43dccb240,PUB-010_시도별_장기요양판정
남자,전라남도,의료급여,5등급,23,2021,https://api.odcloud.kr/api/15072696/v1/uddi:63aa9ab2-863b-4a63-85cf-e9b43dccb240,PUB-010_시도별_장기요양판정
남자,전라남도,의료급여,인지지원등급,3,2021,https://api.odcloud.kr/api/15072696/v1/uddi:63aa9ab2-863b-4a63-85cf-e9b43dccb240,PUB-010_시도별_장기요양판정
남자,전라남도,의료급여,등급외,44,2021,https://api.odcloud.kr/api/15072696/v1/uddi:63aa9ab2-863b-4a63-85cf-e9b43dccb240,PUB-010_시도별_장기요양판정
여자,전라남도,의료급여,1등급,32,2021,https://api.odcloud.kr/api/15072696/v1/uddi:63aa9ab2-863b-4a63-85cf-e9b43dccb240,PUB-010_시도별_장기요양판정
여자,전라남도,의료급여,2등급,51,2021,https://api.odcloud.kr/api/15072696/v1/uddi:63aa9ab2-863b-4a63-85cf-e9b43dccb240,PUB-010_시도별_장기요양판정
여자,전라남도,의료급여,3등급,158,2021,https://api.odcloud.kr/api/15072696/v1/uddi:63aa9ab2-863b-4a63-85cf-e9b43dccb240,PUB-010_시도별_장기요양판정
여자,전라남도,의료급여,4등급,354,2021,https://api.odcloud.kr/api/15072696/v1/uddi:63aa9ab2-863b-4a63-85cf-e9b43dccb240,PUB-010_시도별_장기요양판정
여자,전라남도,의료급여,5등급,92,2021,https://api.odcloud.kr/api/15072696/v1/uddi:63aa9ab2-863b-4a63-85cf-e9b43dccb240,PUB-010_시도별_장기요양판정
여자,전라남도,의료급여,인지지원등급,16,2021,https://api.odcloud.kr/api/15072696/v1/uddi:63aa9ab2-863b-4a63-85cf-e9b43dccb240,PUB-010_시도별_장기요양판정
여자,전라남도,의료급여,등급외,121,2021,https://api.odcloud.kr/api/15072696/v1/uddi:63aa9ab2-863b-4a63-85cf-e9b43dccb240,PUB-010_시도별_장기요양판정
남자,경상북도,의료급여,1등급,5,2021,https://api.odcloud.kr/api/15072696/v1/uddi:63aa9ab2-863b-4a63-85cf-e9b43dccb240,PUB-010_시도별_장기요양판정
남자,경상북도,의료급여,2등급,15,2021,https://api.odcloud.kr/api/15072696/v1/uddi:63aa9ab2-863b-4a63-85cf-e9b43dccb240,PUB-010_시도별_장기요양판정
남자,경상북도,의료급여,3등급,53,2021,https://api.odcloud.kr/api/15072696/v1/uddi:63aa9ab2-863b-4a63-85cf-e9b43dccb240,PUB-010_시도별_장기요양판정
남자,경상북도,의료급여,4등급,95,2021,https://api.odcloud.kr/api/15072696/v1/uddi:63aa9ab2-863b-4a63-85cf-e9b43dccb240,PUB-010_시도별_장기요양판정
남자,경상북도,의료급여,5등급,18,2021,https://api.odcloud.kr/api/15072696/v1/uddi:63aa9ab2-863b-4a63-85cf-e9b43dccb240,PUB-010_시도별_장기요양판정
남자,경상북도,의료급여,인지지원등급,3,2021,https://api.odcloud.kr/api/15072696/v1/uddi:63aa9ab2-863b-4a63-85cf-e9b43dccb240,PUB-010_시도별_장기요양판정
남자,경상북도,의료급여,등급외,51,2021,https://api.odcloud.kr/api/15072696/v1/uddi:63aa9ab2-863b-4a63-85cf-e9b43dccb240,PUB-010_시도별_장기요양판정
여자,경상북도,의료급여,1등급,25,2021,https://api.odcloud.kr/api/15072696/v1/uddi:63aa9ab2-863b-4a63-85cf-e9b43dccb240,PUB-010_시도별_장기요양판정
여자,경상북도,의료급여,2등급,56,2021,https://api.odcloud.kr/api/15072696/v1/uddi:63aa9ab2-863b-4a63-85cf-e9b43dccb240,PUB-010_시도별_장기요양판정
여자,경상북도,의료급여,3등급,162,2021,https://api.odcloud.kr/api/15072696/v1/uddi:63aa9ab2-863b-4a63-85cf-e9b43dccb240,PUB-010_시도별_장기요양판정
여자,경상북도,의료급여,4등급,320,2021,https://api.odcloud.kr/api/15072696/v1/uddi:63aa9ab2-863b-4a63-85cf-e9b43dccb240,PUB-010_시도별_장기요양판정
여자,경상북도,의료급여,5등급,83,2021,https://api.odcloud.kr/api/15072696/v1/uddi:63aa9ab2-863b-4a63-85cf-e9b43dccb240,PUB-010_시도별_장기요양판정
여자,경상북도,의료급여,인지지원등급,11,2021,https://api.odcloud.kr/api/15072696/v1/uddi:63aa9ab2-863b-4a63-85cf-e9b43dccb240,PUB-010_시도별_장기요양판정
여자,경상북도,의료급여,등급외,77,2021,https://api.odcloud.kr/api/15072696/v1/uddi:63aa9ab2-863b-4a63-85cf-e9b43dccb240,PUB-010_시도별_장기요양판정
남자,경상남도,의료급여,1등급,7,2021,https://api.odcloud.kr/api/15072696/v1/uddi:63aa9ab2-863b-4a63-85cf-e9b43dccb240,PUB-010_시도별_장기요양판정
남자,경상남도,의료급여,2등급,16,2021,https://api.odcloud.kr/api/15072696/v1/uddi:63aa9ab2-863b-4a63-85cf-e9b43dccb240,PUB-010_시도별_장기요양판정
남자,경상남도,의료급여,3등급,37,2021,https://api.odcloud.kr/api/15072696/v1/uddi:63aa9ab2-863b-4a63-85cf-e9b43dccb240,PUB-010_시도별_장기요양판정
남자,경상남도,의료급여,4등급,78,2021,https://api.odcloud.kr/api/15072696/v1/uddi:63aa9ab2-863b-4a63-85cf-e9b43dccb240,PUB-010_시도별_장기요양판정
남자,경상남도,의료급여,5등급,12,2021,https://api.odcloud.kr/api/15072696/v1/uddi:63aa9ab2-863b-4a63-85cf-e9b43dccb240,PUB-010_시도별_장기요양판정
남자,경상남도,의료급여,인지지원등급,6,2021,https://api.odcloud.kr/api/15072696/v1/uddi:63aa9ab2-863b-4a63-85cf-e9b43dccb240,PUB-010_시도별_장기요양판정
남자,경상남도,의료급여,등급외,53,2021,https://api.odcloud.kr/api/15072696/v1/uddi:63aa9ab2-863b-4a63-85cf-e9b43dccb240,PUB-010_시도별_장기요양판정
여자,경상남도,의료급여,1등급,26,2021,https://api.odcloud.kr/api/15072696/v1/uddi:63aa9ab2-863b-4a63-85cf-e9b43dccb240,PUB-010_시도별_장기요양판정
여자,경상남도,의료급여,2등급,71,2021,https://api.odcloud.kr/api/15072696/v1/uddi:63aa9ab2-863b-4a63-85cf-e9b43dccb240,PUB-010_시도별_장기요양판정
여자,경상남도,의료급여,3등급,177,2021,https://api.odcloud.kr/api/15072696/v1/uddi:63aa9ab2-863b-4a63-85cf-e9b43dccb240,PUB-010_시도별_장기요양판정
여자,경상남도,의료급여,4등급,347,2021,https://api.odcloud.kr/api/15072696/v1/uddi:63aa9ab2-863b-4a63-85cf-e9b43dccb240,PUB-010_시도별_장기요양판정
여자,경상남도,의료급여,5등급,76,2021,https://api.odcloud.kr/api/15072696/v1/uddi:63aa9ab2-863b-4a63-85cf-e9b43dccb240,PUB-010_시도별_장기요양판정
여자,경상남도,의료급여,인지지원등급,8,2021,https://api.odcloud.kr/api/15072696/v1/uddi:63aa9ab2-863b-4a63-85cf-e9b43dccb240,PUB-010_시도별_장기요양판정
여자,경상남도,의료급여,등급외,87,2021,https://api.odcloud.kr/api/15072696/v1/uddi:63aa9ab2-863b-4a63-85cf-e9b43dccb240,PUB-010_시도별_장기요양판정
남자,제주특별자치도,의료급여,1등급,7,2021,https://api.odcloud.kr/api/15072696/v1/uddi:63aa9ab2-863b-4a63-85cf-e9b43dccb240,PUB-010_시도별_장기요양판정
남자,제주특별자치도,의료급여,2등급,4,2021,https://api.odcloud.kr/api/15072696/v1/uddi:63aa9ab2-863b-4a63-85cf-e9b43dccb240,PUB-010_시도별_장기요양판정
남자,제주특별자치도,의료급여,3등급,17,2021,https://api.odcloud.kr/api/15072696/v1/uddi:63aa9ab2-863b-4a63-85cf-e9b43dccb240,PUB-010_시도별_장기요양판정
남자,제주특별자치도,의료급여,4등급,15,2021,https://api.odcloud.kr/api/15072696/v1/uddi:63aa9ab2-863b-4a63-85cf-e9b43dccb240,PUB-010_시도별_장기요양판정
남자,제주특별자치도,의료급여,5등급,4,2021,https://api.odcloud.kr/api/15072696/v1/uddi:63aa9ab2-863b-4a63-85cf-e9b43dccb240,PUB-010_시도별_장기요양판정
남자,제주특별자치도,의료급여,인지지원등급,0,2021,https://api.odcloud.kr/api/15072696/v1/uddi:63aa9ab2-863b-4a63-85cf-e9b43dccb240,PUB-010_시도별_장기요양판정
남자,제주특별자치도,의료급여,등급외,3,2021,https://api.odcloud.kr/api/15072696/v1/uddi:63aa9ab2-863b-4a63-85cf-e9b43dccb240,PUB-010_시도별_장기요양판정
여자,제주특별자치도,의료급여,1등급,10,2021,https://api.odcloud.kr/api/15072696/v1/uddi:63aa9ab2-863b-4a63-85cf-e9b43dccb240,PUB-010_시도별_장기요양판정
여자,제주특별자치도,의료급여,2등급,28,2021,https://api.odcloud.kr/api/15072696/v1/uddi:63aa9ab2-863b-4a63-85cf-e9b43dccb240,PUB-010_시도별_장기요양판정
여자,제주특별자치도,의료급여,3등급,60,2021,https://api.odcloud.kr/api/15072696/v1/uddi:63aa9ab2-863b-4a63-85cf-e9b43dccb240,PUB-010_시도별_장기요양판정
여자,제주특별자치도,의료급여,4등급,40,2021,https://api.odcloud.kr/api/15072696/v1/uddi:63aa9ab2-863b-4a63-85cf-e9b43dccb240,PUB-010_시도별_장기요양판정
여자,제주특별자치도,의료급여,5등급,11,2021,https://api.odcloud.kr/api/15072696/v1/uddi:63aa9ab2-863b-4a63-85cf-e9b43dccb240,PUB-010_시도별_장기요양판정
여자,제주특별자치도,의료급여,인지지원등급,0,2021,https://api.odcloud.kr/api/15072696/v1/uddi:63aa9ab2-863b-4a63-85cf-e9b43dccb240,PUB-010_시도별_장기요양판정
여자,제주특별자치도,의료급여,등급외,13,2021,https://api.odcloud.kr/api/15072696/v1/uddi:63aa9ab2-863b-4a63-85cf-e9b43dccb240,PUB-010_시도별_장기요양판정
남자,서울특별시,경감,1등급,602,2021,https://api.odcloud.kr/api/15072696/v1/uddi:63aa9ab2-863b-4a63-85cf-e9b43dccb240,PUB-010_시도별_장기요양판정
남자,서울특별시,경감,2등급,1032,2021,https://api.odcloud.kr/api/15072696/v1/uddi:63aa9ab2-863b-4a63-85cf-e9b43dccb240,PUB-010_시도별_장기요양판정
남자,서울특별시,경감,3등급,3255,2021,https://api.odcloud.kr/api/15072696/v1/uddi:63aa9ab2-863b-4a63-85cf-e9b43dccb240,PUB-010_시도별_장기요양판정
남자,서울특별시,경감,4등급,4028,2021,https://api.odcloud.kr/api/15072696/v1/uddi:63aa9ab2-863b-4a63-85cf-e9b43dccb240,PUB-010_시도별_장기요양판정
남자,서울특별시,경감,5등급,900,2021,https://api.odcloud.kr/api/15072696/v1/uddi:63aa9ab2-863b-4a63-85cf-e9b43dccb240,PUB-010_시도별_장기요양판정
남자,서울특별시,경감,인지지원등급,230,2021,https://api.odcloud.kr/api/15072696/v1/uddi:63aa9ab2-863b-4a63-85cf-e9b43dccb240,PUB-010_시도별_장기요양판정
남자,서울특별시,경감,등급외,196,2021,https://api.odcloud.kr/api/15072696/v1/uddi:63aa9ab2-863b-4a63-85cf-e9b43dccb240,PUB-010_시도별_장기요양판정
여자,서울특별시,경감,1등급,1630,2021,https://api.odcloud.kr/api/15072696/v1/uddi:63aa9ab2-863b-4a63-85cf-e9b43dccb240,PUB-010_시도별_장기요양판정
여자,서울특별시,경감,2등급,3224,2021,https://api.odcloud.kr/api/15072696/v1/uddi:63aa9ab2-863b-4a63-85cf-e9b43dccb240,PUB-010_시도별_장기요양판정
여자,서울특별시,경감,3등급,7888,2021,https://api.odcloud.kr/api/15072696/v1/uddi:63aa9ab2-863b-4a63-85cf-e9b43dccb240,PUB-010_시도별_장기요양판정
여자,서울특별시,경감,4등급,10408,2021,https://api.odcloud.kr/api/15072696/v1/uddi:63aa9ab2-863b-4a63-85cf-e9b43dccb240,PUB-010_시도별_장기요양판정
여자,서울특별시,경감,5등급,2103,2021,https://api.odcloud.kr/api/15072696/v1/uddi:63aa9ab2-863b-4a63-85cf-e9b43dccb240,PUB-010_시도별_장기요양판정
여자,서울특별시,경감,인지지원등급,525,2021,https://api.odcloud.kr/api/15072696/v1/uddi:63aa9ab2-863b-4a63-85cf-e9b43dccb240,PUB-010_시도별_장기요양판정
여자,서울특별시,경감,등급외,393,2021,https://api.odcloud.kr/api/15072696/v1/uddi:63aa9ab2-863b-4a63-85cf-e9b43dccb240,PUB-010_시도별_장기요양판정
남자,부산광역시,경감,1등급,296,2021,https://api.odcloud.kr/api/15072696/v1/uddi:63aa9ab2-863b-4a63-85cf-e9b43dccb240,PUB-010_시도별_장기요양판정
남자,부산광역시,경감,2등급,588,2021,https://api.odcloud.kr/api/15072696/v1/uddi:63aa9ab2-863b-4a63-85cf-e9b43dccb240,PUB-010_시도별_장기요양판정
남자,부산광역시,경감,3등급,1841,2021,https://api.odcloud.kr/api/15072696/v1/uddi:63aa9ab2-863b-4a63-85cf-e9b43dccb240,PUB-010_시도별_장기요양판정
남자,부산광역시,경감,4등급,2752,2021,https://api.odcloud.kr/api/15072696/v1/uddi:63aa9ab2-863b-4a63-85cf-e9b43dccb240,PUB-010_시도별_장기요양판정
남자,부산광역시,경감,5등급,509,2021,https://api.odcloud.kr/api/15072696/v1/uddi:63aa9ab2-863b-4a63-85cf-e9b43dccb240,PUB-010_시도별_장기요양판정
남자,부산광역시,경감,인지지원등급,99,2021,https://api.odcloud.kr/api/15072696/v1/uddi:63aa9ab2-863b-4a63-85cf-e9b43dccb240,PUB-010_시도별_장기요양판정
남자,부산광역시,경감,등급외,119,2021,https://api.odcloud.kr/api/15072696/v1/uddi:63aa9ab2-863b-4a63-85cf-e9b43dccb240,PUB-010_시도별_장기요양판정
여자,부산광역시,경감,1등급,805,2021,https://api.odcloud.kr/api/15072696/v1/uddi:63aa9ab2-863b-4a63-85cf-e9b43dccb240,PUB-010_시도별_장기요양판정
여자,부산광역시,경감,2등급,1487,2021,https://api.odcloud.kr/api/15072696/v1/uddi:63aa9ab2-863b-4a63-85cf-e9b43dccb240,PUB-010_시도별_장기요양판정
여자,부산광역시,경감,3등급,4211,2021,https://api.odcloud.kr/api/15072696/v1/uddi:63aa9ab2-863b-4a63-85cf-e9b43dccb240,PUB-010_시도별_장기요양판정
여자,부산광역시,경감,4등급,6703,2021,https://api.odcloud.kr/api/15072696/v1/uddi:63aa9ab2-863b-4a63-85cf-e9b43dccb240,PUB-010_시도별_장기요양판정
여자,부산광역시,경감,5등급,1214,2021,https://api.odcloud.kr/api/15072696/v1/uddi:63aa9ab2-863b-4a63-85cf-e9b43dccb240,PUB-010_시도별_장기요양판정
여자,부산광역시,경감,인지지원등급,259,2021,https://api.odcloud.kr/api/15072696/v1/uddi:63aa9ab2-863b-4a63-85cf-e9b43dccb240,PUB-010_시도별_장기요양판정
여자,부산광역시,경감,등급외,291,2021,https://api.odcloud.kr/api/15072696/v1/uddi:63aa9ab2-863b-4a63-85cf-e9b43dccb240,PUB-010_시도별_장기요양판정
남자,대구광역시,경감,1등급,171,2021,https://api.odcloud.kr/api/15072696/v1/uddi:63aa9ab2-863b-4a63-85cf-e9b43dccb240,PUB-010_시도별_장기요양판정
남자,대구광역시,경감,2등급,381,2021,https://api.odcloud.kr/api/15072696/v1/uddi:63aa9ab2-863b-4a63-85cf-e9b43dccb240,PUB-010_시도별_장기요양판정
남자,대구광역시,경감,3등급,1121,2021,https://api.odcloud.kr/api/15072696/v1/uddi:63aa9ab2-863b-4a63-85cf-e9b43dccb240,PUB-010_시도별_장기요양판정
남자,대구광역시,경감,4등급,1509,2021,https://api.odcloud.kr/api/15072696/v1/uddi:63aa9ab2-863b-4a63-85cf-e9b43dccb240,PUB-010_시도별_장기요양판정
남자,대구광역시,경감,5등급,451,2021,https://api.odcloud.kr/api/15072696/v1/uddi:63aa9ab2-863b-4a63-85cf-e9b43dccb240,PUB-010_시도별_장기요양판정
남자,대구광역시,경감,인지지원등급,75,2021,https://api.odcloud.kr/api/15072696/v1/uddi:63aa9ab2-863b-4a63-85cf-e9b43dccb240,PUB-010_시도별_장기요양판정
남자,대구광역시,경감,등급외,62,2021,https://api.odcloud.kr/api/15072696/v1/uddi:63aa9ab2-863b-4a63-85cf-e9b43dccb240,PUB-010_시도별_장기요양판정
여자,대구광역시,경감,1등급,487,2021,https://api.odcloud.kr/api/15072696/v1/uddi:63aa9ab2-863b-4a63-85cf-e9b43dccb240,PUB-010_시도별_장기요양판정
여자,대구광역시,경감,2등급,1160,2021,https://api.odcloud.kr/api/15072696/v1/uddi:63aa9ab2-863b-4a63-85cf-e9b43dccb240,PUB-010_시도별_장기요양판정
여자,대구광역시,경감,3등급,3136,2021,https://api.odcloud.kr/api/15072696/v1/uddi:63aa9ab2-863b-4a63-85cf-e9b43dccb240,PUB-010_시도별_장기요양판정
여자,대구광역시,경감,4등급,4326,2021,https://api.odcloud.kr/api/15072696/v1/uddi:63aa9ab2-863b-4a63-85cf-e9b43dccb240,PUB-010_시도별_장기요양판정
여자,대구광역시,경감,5등급,1174,2021,https://api.odcloud.kr/api/15072696/v1/uddi:63aa9ab2-863b-4a63-85cf-e9b43dccb240,PUB-010_시도별_장기요양판정
여자,대구광역시,경감,인지지원등급,160,2021,https://api.odcloud.kr/api/15072696/v1/uddi:63aa9ab2-863b-4a63-85cf-e9b43dccb240,PUB-010_시도별_장기요양판정
여자,대구광역시,경감,등급외,182,2021,https://api.odcloud.kr/api/15072696/v1/uddi:63aa9ab2-863b-4a63-85cf-e9b43dccb240,PUB-010_시도별_장기요양판정
남자,인천광역시,경감,1등급,240,2021,https://api.odcloud.kr/api/15072696/v1/uddi:63aa9ab2-863b-4a63-85cf-e9b43dccb240,PUB-010_시도별_장기요양판정
남자,인천광역시,경감,2등급,467,2021,https://api.odcloud.kr/api/15072696/v1/uddi:63aa9ab2-863b-4a63-85cf-e9b43dccb240,PUB-010_시도별_장기요양판정
남자,인천광역시,경감,3등급,1544,2021,https://api.odcloud.kr/api/15072696/v1/uddi:63aa9ab2-863b-4a63-85cf-e9b43dccb240,PUB-010_시도별_장기요양판정
남자,인천광역시,경감,4등급,2225,2021,https://api.odcloud.kr/api/15072696/v1/uddi:63aa9ab2-863b-4a63-85cf-e9b43dccb240,PUB-010_시도별_장기요양판정
남자,인천광역시,경감,5등급,376,2021,https://api.odcloud.kr/api/15072696/v1/uddi:63aa9ab2-863b-4a63-85cf-e9b43dccb240,PUB-010_시도별_장기요양판정
남자,인천광역시,경감,인지지원등급,75,2021,https://api.odcloud.kr/api/15072696/v1/uddi:63aa9ab2-863b-4a63-85cf-e9b43dccb240,PUB-010_시도별_장기요양판정
남자,인천광역시,경감,등급외,62,2021,https://api.odcloud.kr/api/15072696/v1/uddi:63aa9ab2-863b-4a63-85cf-e9b43dccb240,PUB-010_시도별_장기요양판정
여자,인천광역시,경감,1등급,655,2021,https://api.odcloud.kr/api/15072696/v1/uddi:63aa9ab2-863b-4a63-85cf-e9b43dccb240,PUB-010_시도별_장기요양판정
여자,인천광역시,경감,2등급,1577,2021,https://api.odcloud.kr/api/15072696/v1/uddi:63aa9ab2-863b-4a63-85cf-e9b43dccb240,PUB-010_시도별_장기요양판정
여자,인천광역시,경감,3등급,4245,2021,https://api.odcloud.kr/api/15072696/v1/uddi:63aa9ab2-863b-4a63-85cf-e9b43dccb240,PUB-010_시도별_장기요양판정
여자,인천광역시,경감,4등급,5976,2021,https://api.odcloud.kr/api/15072696/v1/uddi:63aa9ab2-863b-4a63-85cf-e9b43dccb240,PUB-010_시도별_장기요양판정
여자,인천광역시,경감,5등급,916,2021,https://api.odcloud.kr/api/15072696/v1/uddi:63aa9ab2-863b-4a63-85cf-e9b43dccb240,PUB-010_시도별_장기요양판정
여자,인천광역시,경감,인지지원등급,171,2021,https://api.odcloud.kr/api/15072696/v1/uddi:63aa9ab2-863b-4a63-85cf-e9b43dccb240,PUB-010_시도별_장기요양판정
여자,인천광역시,경감,등급외,134,2021,https://api.odcloud.kr/api/15072696/v1/uddi:63aa9ab2-863b-4a63-85cf-e9b43dccb240,PUB-010_시도별_장기요양판정
남자,광주광역시,경감,1등급,103,2021,https://api.odcloud.kr/api/15072696/v1/uddi:63aa9ab2-863b-4a63-85cf-e9b43dccb240,PUB-010_시도별_장기요양판정
남자,광주광역시,경감,2등급,158,2021,https://api.odcloud.kr/api/15072696/v1/uddi:63aa9ab2-863b-4a63-85cf-e9b43dccb240,PUB-010_시도별_장기요양판정
남자,광주광역시,경감,3등급,629,2021,https://api.odcloud.kr/api/15072696/v1/uddi:63aa9ab2-863b-4a63-85cf-e9b43dccb240,PUB-010_시도별_장기요양판정
남자,광주광역시,경감,4등급,963,2021,https://api.odcloud.kr/api/15072696/v1/uddi:63aa9ab2-863b-4a63-85cf-e9b43dccb240,PUB-010_시도별_장기요양판정
남자,광주광역시,경감,5등급,210,2021,https://api.odcloud.kr/api/15072696/v1/uddi:63aa9ab2-863b-4a63-85cf-e9b43dccb240,PUB-010_시도별_장기요양판정
남자,광주광역시,경감,인지지원등급,62,2021,https://api.odcloud.kr/api/15072696/v1/uddi:63aa9ab2-863b-4a63-85cf-e9b43dccb240,PUB-010_시도별_장기요양판정
남자,광주광역시,경감,등급외,66,2021,https://api.odcloud.kr/api/15072696/v1/uddi:63aa9ab2-863b-4a63-85cf-e9b43dccb240,PUB-010_시도별_장기요양판정
여자,광주광역시,경감,1등급,304,2021,https://api.odcloud.kr/api/15072696/v1/uddi:63aa9ab2-863b-4a63-85cf-e9b43dccb240,PUB-010_시도별_장기요양판정
여자,광주광역시,경감,2등급,558,2021,https://api.odcloud.kr/api/15072696/v1/uddi:63aa9ab2-863b-4a63-85cf-e9b43dccb240,PUB-010_시도별_장기요양판정
여자,광주광역시,경감,3등급,1591,2021,https://api.odcloud.kr/api/15072696/v1/uddi:63aa9ab2-863b-4a63-85cf-e9b43dccb240,PUB-010_시도별_장기요양판정
여자,광주광역시,경감,4등급,2850,2021,https://api.odcloud.kr/api/15072696/v1/uddi:63aa9ab2-863b-4a63-85cf-e9b43dccb240,PUB-010_시도별_장기요양판정
여자,광주광역시,경감,5등급,666,2021,https://api.odcloud.kr/api/15072696/v1/uddi:63aa9ab2-863b-4a63-85cf-e9b43dccb240,PUB-010_시도별_장기요양판정
여자,광주광역시,경감,인지지원등급,129,2021,https://api.odcloud.kr/api/15072696/v1/uddi:63aa9ab2-863b-4a63-85cf-e9b43dccb240,PUB-010_시도별_장기요양판정
여자,광주광역시,경감,등급외,152,2021,https://api.odcloud.kr/api/15072696/v1/uddi:63aa9ab2-863b-4a63-85cf-e9b43dccb240,PUB-010_시도별_장기요양판정
남자,대전광역시,경감,1등급,103,2021,https://api.odcloud.kr/api/15072696/v1/uddi:63aa9ab2-863b-4a63-85cf-e9b43dccb240,PUB-010_시도별_장기요양판정
남자,대전광역시,경감,2등급,203,2021,https://api.odcloud.kr/api/15072696/v1/uddi:63aa9ab2-863b-4a63-85cf-e9b43dccb240,PUB-010_시도별_장기요양판정
남자,대전광역시,경감,3등급,638,2021,https://api.odcloud.kr/api/15072696/v1/uddi:63aa9ab2-863b-4a63-85cf-e9b43dccb240,PUB-010_시도별_장기요양판정
남자,대전광역시,경감,4등급,974,2021,https://api.odcloud.kr/api/15072696/v1/uddi:63aa9ab2-863b-4a63-85cf-e9b43dccb240,PUB-010_시도별_장기요양판정
남자,대전광역시,경감,5등급,267,2021,https://api.odcloud.kr/api/15072696/v1/uddi:63aa9ab2-863b-4a63-85cf-e9b43dccb240,PUB-010_시도별_장기요양판정
남자,대전광역시,경감,인지지원등급,46,2021,https://api.odcloud.kr/api/15072696/v1/uddi:63aa9ab2-863b-4a63-85cf-e9b43dccb240,PUB-010_시도별_장기요양판정
남자,대전광역시,경감,등급외,37,2021,https://api.odcloud.kr/api/15072696/v1/uddi:63aa9ab2-863b-4a63-85cf-e9b43dccb240,PUB-010_시도별_장기요양판정
여자,대전광역시,경감,1등급,312,2021,https://api.odcloud.kr/api/15072696/v1/uddi:63aa9ab2-863b-4a63-85cf-e9b43dccb240,PUB-010_시도별_장기요양판정
여자,대전광역시,경감,2등급,647,2021,https://api.odcloud.kr/api/15072696/v1/uddi:63aa9ab2-863b-4a63-85cf-e9b43dccb240,PUB-010_시도별_장기요양판정
여자,대전광역시,경감,3등급,1660,2021,https://api.odcloud.kr/api/15072696/v1/uddi:63aa9ab2-863b-4a63-85cf-e9b43dccb240,PUB-010_시도별_장기요양판정
여자,대전광역시,경감,4등급,2631,2021,https://api.odcloud.kr/api/15072696/v1/uddi:63aa9ab2-863b-4a63-85cf-e9b43dccb240,PUB-010_시도별_장기요양판정
여자,대전광역시,경감,5등급,712,2021,https://api.odcloud.kr/api/15072696/v1/uddi:63aa9ab2-863b-4a63-85cf-e9b43dccb240,PUB-010_시도별_장기요양판정
여자,대전광역시,경감,인지지원등급,114,2021,https://api.odcloud.kr/api/15072696/v1/uddi:63aa9ab2-863b-4a63-85cf-e9b43dccb240,PUB-010_시도별_장기요양판정
여자,대전광역시,경감,등급외,101,2021,https://api.odcloud.kr/api/15072696/v1/uddi:63aa9ab2-863b-4a63-85cf-e9b43dccb240,PUB-010_시도별_장기요양판정
남자,울산광역시,경감,1등급,68,2021,https://api.odcloud.kr/api/15072696/v1/uddi:63aa9ab2-863b-4a63-85cf-e9b43dccb240,PUB-010_시도별_장기요양판정
남자,울산광역시,경감,2등급,117,2021,https://api.odcloud.kr/api/15072696/v1/uddi:63aa9ab2-863b-4a63-85cf-e9b43dccb240,PUB-010_시도별_장기요양판정
남자,울산광역시,경감,3등급,425,2021,https://api.odcloud.kr/api/15072696/v1/uddi:63aa9ab2-863b-4a63-85cf-e9b43dccb240,PUB-010_시도별_장기요양판정
남자,울산광역시,경감,4등급,421,2021,https://api.odcloud.kr/api/15072696/v1/uddi:63aa9ab2-863b-4a63-85cf-e9b43dccb240,PUB-010_시도별_장기요양판정
남자,울산광역시,경감,5등급,74,2021,https://api.odcloud.kr/api/15072696/v1/uddi:63aa9ab2-863b-4a63-85cf-e9b43dccb240,PUB-010_시도별_장기요양판정
남자,울산광역시,경감,인지지원등급,20,2021,https://api.odcloud.kr/api/15072696/v1/uddi:63aa9ab2-863b-4a63-85cf-e9b43dccb240,PUB-010_시도별_장기요양판정
남자,울산광역시,경감,등급외,7,2021,https://api.odcloud.kr/api/15072696/v1/uddi:63aa9ab2-863b-4a63-85cf-e9b43dccb240,PUB-010_시도별_장기요양판정
여자,울산광역시,경감,1등급,172,2021,https://api.odcloud.kr/api/15072696/v1/uddi:63aa9ab2-863b-4a63-85cf-e9b43dccb240,PUB-010_시도별_장기요양판정
여자,울산광역시,경감,2등급,341,2021,https://api.odcloud.kr/api/15072696/v1/uddi:63aa9ab2-863b-4a63-85cf-e9b43dccb240,PUB-010_시도별_장기요양판정
여자,울산광역시,경감,3등급,967,2021,https://api.odcloud.kr/api/15072696/v1/uddi:63aa9ab2-863b-4a63-85cf-e9b43dccb240,PUB-010_시도별_장기요양판정
여자,울산광역시,경감,4등급,1180,2021,https://api.odcloud.kr/api/15072696/v1/uddi:63aa9ab2-863b-4a63-85cf-e9b43dccb240,PUB-010_시도별_장기요양판정
여자,울산광역시,경감,5등급,216,2021,https://api.odcloud.kr/api/15072696/v1/uddi:63aa9ab2-863b-4a63-85cf-e9b43dccb240,PUB-010_시도별_장기요양판정
여자,울산광역시,경감,인지지원등급,40,2021,https://api.odcloud.kr/api/15072696/v1/uddi:63aa9ab2-863b-4a63-85cf-e9b43dccb240,PUB-010_시도별_장기요양판정
여자,울산광역시,경감,등급외,21,2021,https://api.odcloud.kr/api/15072696/v1/uddi:63aa9ab2-863b-4a63-85cf-e9b43dccb240,PUB-010_시도별_장기요양판정
남자,세종특별자치시,경감,1등급,15,2021,https://api.odcloud.kr/api/15072696/v1/uddi:63aa9ab2-863b-4a63-85cf-e9b43dccb240,PUB-010_시도별_장기요양판정
남자,세종특별자치시,경감,2등급,22,2021,https://api.odcloud.kr/api/15072696/v1/uddi:63aa9ab2-863b-4a63-85cf-e9b43dccb240,PUB-010_시도별_장기요양판정
남자,세종특별자치시,경감,3등급,76,2021,https://api.odcloud.kr/api/15072696/v1/uddi:63aa9ab2-863b-4a63-85cf-e9b43dccb240,PUB-010_시도별_장기요양판정
남자,세종특별자치시,경감,4등급,133,2021,https://api.odcloud.kr/api/15072696/v1/uddi:63aa9ab2-863b-4a63-85cf-e9b43dccb240,PUB-010_시도별_장기요양판정
남자,세종특별자치시,경감,5등급,39,2021,https://api.odcloud.kr/api/15072696/v1/uddi:63aa9ab2-863b-4a63-85cf-e9b43dccb240,PUB-010_시도별_장기요양판정
남자,세종특별자치시,경감,인지지원등급,3,2021,https://api.odcloud.kr/api/15072696/v1/uddi:63aa9ab2-863b-4a63-85cf-e9b43dccb240,PUB-010_시도별_장기요양판정
남자,세종특별자치시,경감,등급외,7,2021,https://api.odcloud.kr/api/15072696/v1/uddi:63aa9ab2-863b-4a63-85cf-e9b43dccb240,PUB-010_시도별_장기요양판정
여자,세종특별자치시,경감,1등급,64,2021,https://api.odcloud.kr/api/15072696/v1/uddi:63aa9ab2-863b-4a63-85cf-e9b43dccb240,PUB-010_시도별_장기요양판정
여자,세종특별자치시,경감,2등급,109,2021,https://api.odcloud.kr/api/15072696/v1/uddi:63aa9ab2-863b-4a63-85cf-e9b43dccb240,PUB-010_시도별_장기요양판정
여자,세종특별자치시,경감,3등급,253,2021,https://api.odcloud.kr/api/15072696/v1/uddi:63aa9ab2-863b-4a63-85cf-e9b43dccb240,PUB-010_시도별_장기요양판정
여자,세종특별자치시,경감,4등급,384,2021,https://api.odcloud.kr/api/15072696/v1/uddi:63aa9ab2-863b-4a63-85cf-e9b43dccb240,PUB-010_시도별_장기요양판정
여자,세종특별자치시,경감,5등급,106,2021,https://api.odcloud.kr/api/15072696/v1/uddi:63aa9ab2-863b-4a63-85cf-e9b43dccb240,PUB-010_시도별_장기요양판정
여자,세종특별자치시,경감,인지지원등급,14,2021,https://api.odcloud.kr/api/15072696/v1/uddi:63aa9ab2-863b-4a63-85cf-e9b43dccb240,PUB-010_시도별_장기요양판정
여자,세종특별자치시,경감,등급외,9,2021,https://api.odcloud.kr/api/15072696/v1/uddi:63aa9ab2-863b-4a63-85cf-e9b43dccb240,PUB-010_시도별_장기요양판정
남자,경기도,경감,1등급,909,2021,https://api.odcloud.kr/api/15072696/v1/uddi:63aa9ab2-863b-4a63-85cf-e9b43dccb240,PUB-010_시도별_장기요양판정
남자,경기도,경감,2등급,1649,2021,https://api.odcloud.kr/api/15072696/v1/uddi:63aa9ab2-863b-4a63-85cf-e9b43dccb240,PUB-010_시도별_장기요양판정
남자,경기도,경감,3등급,5794,2021,https://api.odcloud.kr/api/15072696/v1/uddi:63aa9ab2-863b-4a63-85cf-e9b43dccb240,PUB-010_시도별_장기요양판정
남자,경기도,경감,4등급,7787,2021,https://api.odcloud.kr/api/15072696/v1/uddi:63aa9ab2-863b-4a63-85cf-e9b43dccb240,PUB-010_시도별_장기요양판정
남자,경기도,경감,5등급,2058,2021,https://api.odcloud.kr/api/15072696/v1/uddi:63aa9ab2-863b-4a63-85cf-e9b43dccb240,PUB-010_시도별_장기요양판정
남자,경기도,경감,인지지원등급,531,2021,https://api.odcloud.kr/api/15072696/v1/uddi:63aa9ab2-863b-4a63-85cf-e9b43dccb240,PUB-010_시도별_장기요양판정
남자,경기도,경감,등급외,238,2021,https://api.odcloud.kr/api/15072696/v1/uddi:63aa9ab2-863b-4a63-85cf-e9b43dccb240,PUB-010_시도별_장기요양판정
여자,경기도,경감,1등급,2829,2021,https://api.odcloud.kr/api/15072696/v1/uddi:63aa9ab2-863b-4a63-85cf-e9b43dccb240,PUB-010_시도별_장기요양판정
여자,경기도,경감,2등급,5464,2021,https://api.odcloud.kr/api/15072696/v1/uddi:63aa9ab2-863b-4a63-85cf-e9b43dccb240,PUB-010_시도별_장기요양판정
여자,경기도,경감,3등급,15371,2021,https://api.odcloud.kr/api/15072696/v1/uddi:63aa9ab2-863b-4a63-85cf-e9b43dccb240,PUB-010_시도별_장기요양판정
여자,경기도,경감,4등급,19960,2021,https://api.odcloud.kr/api/15072696/v1/uddi:63aa9ab2-863b-4a63-85cf-e9b43dccb240,PUB-010_시도별_장기요양판정
여자,경기도,경감,5등급,5174,2021,https://api.odcloud.kr/api/15072696/v1/uddi:63aa9ab2-863b-4a63-85cf-e9b43dccb240,PUB-010_시도별_장기요양판정
여자,경기도,경감,인지지원등급,1181,2021,https://api.odcloud.kr/api/15072696/v1/uddi:63aa9ab2-863b-4a63-85cf-e9b43dccb240,PUB-010_시도별_장기요양판정
여자,경기도,경감,등급외,522,2021,https://api.odcloud.kr/api/15072696/v1/uddi:63aa9ab2-863b-4a63-85cf-e9b43dccb240,PUB-010_시도별_장기요양판정
남자,강원도,경감,1등급,241,2021,https://api.odcloud.kr/api/15072696/v1/uddi:63aa9ab2-863b-4a63-85cf-e9b43dccb240,PUB-010_시도별_장기요양판정
남자,강원도,경감,2등급,515,2021,https://api.odcloud.kr/api/15072696/v1/uddi:63aa9ab2-863b-4a63-85cf-e9b43dccb240,PUB-010_시도별_장기요양판정
남자,강원도,경감,3등급,1355,2021,https://api.odcloud.kr/api/15072696/v1/uddi:63aa9ab2-863b-4a63-85cf-e9b43dccb240,PUB-010_시도별_장기요양판정
남자,강원도,경감,4등급,1396,2021,https://api.odcloud.kr/api/15072696/v1/uddi:63aa9ab2-863b-4a63-85cf-e9b43dccb240,PUB-010_시도별_장기요양판정
남자,강원도,경감,5등급,229,2021,https://api.odcloud.kr/api/15072696/v1/uddi:63aa9ab2-863b-4a63-85cf-e9b43dccb240,PUB-010_시도별_장기요양판정
남자,강원도,경감,인지지원등급,74,2021,https://api.odcloud.kr/api/15072696/v1/uddi:63aa9ab2-863b-4a63-85cf-e9b43dccb240,PUB-010_시도별_장기요양판정
남자,강원도,경감,등급외,58,2021,https://api.odcloud.kr/api/15072696/v1/uddi:63aa9ab2-863b-4a63-85cf-e9b43dccb240,PUB-010_시도별_장기요양판정
여자,강원도,경감,1등급,820,2021,https://api.odcloud.kr/api/15072696/v1/uddi:63aa9ab2-863b-4a63-85cf-e9b43dccb240,PUB-010_시도별_장기요양판정
여자,강원도,경감,2등급,1552,2021,https://api.odcloud.kr/api/15072696/v1/uddi:63aa9ab2-863b-4a63-85cf-e9b43dccb240,PUB-010_시도별_장기요양판정
여자,강원도,경감,3등급,3692,2021,https://api.odcloud.kr/api/15072696/v1/uddi:63aa9ab2-863b-4a63-85cf-e9b43dccb240,PUB-010_시도별_장기요양판정
여자,강원도,경감,4등급,4047,2021,https://api.odcloud.kr/api/15072696/v1/uddi:63aa9ab2-863b-4a63-85cf-e9b43dccb240,PUB-010_시도별_장기요양판정
여자,강원도,경감,5등급,744,2021,https://api.odcloud.kr/api/15072696/v1/uddi:63aa9ab2-863b-4a63-85cf-e9b43dccb240,PUB-010_시도별_장기요양판정
여자,강원도,경감,인지지원등급,186,2021,https://api.odcloud.kr/api/15072696/v1/uddi:63aa9ab2-863b-4a63-85cf-e9b43dccb240,PUB-010_시도별_장기요양판정
여자,강원도,경감,등급외,161,2021,https://api.odcloud.kr/api/15072696/v1/uddi:63aa9ab2-863b-4a63-85cf-e9b43dccb240,PUB-010_시도별_장기요양판정
남자,충청북도,경감,1등급,153,2021,https://api.odcloud.kr/api/15072696/v1/uddi:63aa9ab2-863b-4a63-85cf-e9b43dccb240,PUB-010_시도별_장기요양판정
남자,충청북도,경감,2등급,383,2021,https://api.odcloud.kr/api/15072696/v1/uddi:63aa9ab2-863b-4a63-85cf-e9b43dccb240,PUB-010_시도별_장기요양판정
남자,충청북도,경감,3등급,1032,2021,https://api.odcloud.kr/api/15072696/v1/uddi:63aa9ab2-863b-4a63-85cf-e9b43dccb240,PUB-010_시도별_장기요양판정
남자,충청북도,경감,4등급,1485,2021,https://api.odcloud.kr/api/15072696/v1/uddi:63aa9ab2-863b-4a63-85cf-e9b43dccb240,PUB-010_시도별_장기요양판정
남자,충청북도,경감,5등급,451,2021,https://api.odcloud.kr/api/15072696/v1/uddi:63aa9ab2-863b-4a63-85cf-e9b43dccb240,PUB-010_시도별_장기요양판정
남자,충청북도,경감,인지지원등급,95,2021,https://api.odcloud.kr/api/15072696/v1/uddi:63aa9ab2-863b-4a63-85cf-e9b43dccb240,PUB-010_시도별_장기요양판정
남자,충청북도,경감,등급외,42,2021,https://api.odcloud.kr/api/15072696/v1/uddi:63aa9ab2-863b-4a63-85cf-e9b43dccb240,PUB-010_시도별_장기요양판정
여자,충청북도,경감,1등급,544,2021,https://api.odcloud.kr/api/15072696/v1/uddi:63aa9ab2-863b-4a63-85cf-e9b43dccb240,PUB-010_시도별_장기요양판정
여자,충청북도,경감,2등급,1356,2021,https://api.odcloud.kr/api/15072696/v1/uddi:63aa9ab2-863b-4a63-85cf-e9b43dccb240,PUB-010_시도별_장기요양판정
여자,충청북도,경감,3등급,3103,2021,https://api.odcloud.kr/api/15072696/v1/uddi:63aa9ab2-863b-4a63-85cf-e9b43dccb240,PUB-010_시도별_장기요양판정
여자,충청북도,경감,4등급,4560,2021,https://api.odcloud.kr/api/15072696/v1/uddi:63aa9ab2-863b-4a63-85cf-e9b43dccb240,PUB-010_시도별_장기요양판정
여자,충청북도,경감,5등급,1234,2021,https://api.odcloud.kr/api/15072696/v1/uddi:63aa9ab2-863b-4a63-85cf-e9b43dccb240,PUB-010_시도별_장기요양판정
여자,충청북도,경감,인지지원등급,228,2021,https://api.odcloud.kr/api/15072696/v1/uddi:63aa9ab2-863b-4a63-85cf-e9b43dccb240,PUB-010_시도별_장기요양판정
여자,충청북도,경감,등급외,96,2021,https://api.odcloud.kr/api/15072696/v1/uddi:63aa9ab2-863b-4a63-85cf-e9b43dccb240,PUB-010_시도별_장기요양판정
남자,충청남도,경감,1등급,256,2021,https://api.odcloud.kr/api/15072696/v1/uddi:63aa9ab2-863b-4a63-85cf-e9b43dccb240,PUB-010_시도별_장기요양판정
남자,충청남도,경감,2등급,447,2021,https://api.odcloud.kr/api/15072696/v1/uddi:63aa9ab2-863b-4a63-85cf-e9b43dccb240,PUB-010_시도별_장기요양판정
남자,충청남도,경감,3등급,1470,2021,https://api.odcloud.kr/api/15072696/v1/uddi:63aa9ab2-863b-4a63-85cf-e9b43dccb240,PUB-010_시도별_장기요양판정
남자,충청남도,경감,4등급,2427,2021,https://api.odcloud.kr/api/15072696/v1/uddi:63aa9ab2-863b-4a63-85cf-e9b43dccb240,PUB-010_시도별_장기요양판정
남자,충청남도,경감,5등급,669,2021,https://api.odcloud.kr/api/15072696/v1/uddi:63aa9ab2-863b-4a63-85cf-e9b43dccb240,PUB-010_시도별_장기요양판정
남자,충청남도,경감,인지지원등급,167,2021,https://api.odcloud.kr/api/15072696/v1/uddi:63aa9ab2-863b-4a63-85cf-e9b43dccb240,PUB-010_시도별_장기요양판정
남자,충청남도,경감,등급외,73,2021,https://api.odcloud.kr/api/15072696/v1/uddi:63aa9ab2-863b-4a63-85cf-e9b43dccb240,PUB-010_시도별_장기요양판정
여자,충청남도,경감,1등급,773,2021,https://api.odcloud.kr/api/15072696/v1/uddi:63aa9ab2-863b-4a63-85cf-e9b43dccb240,PUB-010_시도별_장기요양판정
여자,충청남도,경감,2등급,1652,2021,https://api.odcloud.kr/api/15072696/v1/uddi:63aa9ab2-863b-4a63-85cf-e9b43dccb240,PUB-010_시도별_장기요양판정
여자,충청남도,경감,3등급,4330,2021,https://api.odcloud.kr/api/15072696/v1/uddi:63aa9ab2-863b-4a63-85cf-e9b43dccb240,PUB-010_시도별_장기요양판정
여자,충청남도,경감,4등급,7214,2021,https://api.odcloud.kr/api/15072696/v1/uddi:63aa9ab2-863b-4a63-85cf-e9b43dccb240,PUB-010_시도별_장기요양판정
여자,충청남도,경감,5등급,1953,2021,https://api.odcloud.kr/api/15072696/v1/uddi:63aa9ab2-863b-4a63-85cf-e9b43dccb240,PUB-010_시도별_장기요양판정
여자,충청남도,경감,인지지원등급,404,2021,https://api.odcloud.kr/api/15072696/v1/uddi:63aa9ab2-863b-4a63-85cf-e9b43dccb240,PUB-010_시도별_장기요양판정
여자,충청남도,경감,등급외,169,2021,https://api.odcloud.kr/api/15072696/v1/uddi:63aa9ab2-863b-4a63-85cf-e9b43dccb240,PUB-010_시도별_장기요양판정
남자,전라북도,경감,1등급,202,2021,https://api.odcloud.kr/api/15072696/v1/uddi:63aa9ab2-863b-4a63-85cf-e9b43dccb240,PUB-010_시도별_장기요양판정
남자,전라북도,경감,2등급,337,2021,https://api.odcloud.kr/api/15072696/v1/uddi:63aa9ab2-863b-4a63-85cf-e9b43dccb240,PUB-010_시도별_장기요양판정
남자,전라북도,경감,3등급,1220,2021,https://api.odcloud.kr/api/15072696/v1/uddi:63aa9ab2-863b-4a63-85cf-e9b43dccb240,PUB-010_시도별_장기요양판정
남자,전라북도,경감,4등급,2615,2021,https://api.odcloud.kr/api/15072696/v1/uddi:63aa9ab2-863b-4a63-85cf-e9b43dccb240,PUB-010_시도별_장기요양판정
남자,전라북도,경감,5등급,772,2021,https://api.odcloud.kr/api/15072696/v1/uddi:63aa9ab2-863b-4a63-85cf-e9b43dccb240,PUB-010_시도별_장기요양판정
남자,전라북도,경감,인지지원등급,120,2021,https://api.odcloud.kr/api/15072696/v1/uddi:63aa9ab2-863b-4a63-85cf-e9b43dccb240,PUB-010_시도별_장기요양판정
남자,전라북도,경감,등급외,161,2021,https://api.odcloud.kr/api/15072696/v1/uddi:63aa9ab2-863b-4a63-85cf-e9b43dccb240,PUB-010_시도별_장기요양판정
여자,전라북도,경감,1등급,579,2021,https://api.odcloud.kr/api/15072696/v1/uddi:63aa9ab2-863b-4a63-85cf-e9b43dccb240,PUB-010_시도별_장기요양판정
여자,전라북도,경감,2등급,1371,2021,https://api.odcloud.kr/api/15072696/v1/uddi:63aa9ab2-863b-4a63-85cf-e9b43dccb240,PUB-010_시도별_장기요양판정
여자,전라북도,경감,3등급,3771,2021,https://api.odcloud.kr/api/15072696/v1/uddi:63aa9ab2-863b-4a63-85cf-e9b43dccb240,PUB-010_시도별_장기요양판정
여자,전라북도,경감,4등급,8489,2021,https://api.odcloud.kr/api/15072696/v1/uddi:63aa9ab2-863b-4a63-85cf-e9b43dccb240,PUB-010_시도별_장기요양판정
여자,전라북도,경감,5등급,2631,2021,https://api.odcloud.kr/api/15072696/v1/uddi:63aa9ab2-863b-4a63-85cf-e9b43dccb240,PUB-010_시도별_장기요양판정
여자,전라북도,경감,인지지원등급,295,2021,https://api.odcloud.kr/api/15072696/v1/uddi:63aa9ab2-863b-4a63-85cf-e9b43dccb240,PUB-010_시도별_장기요양판정
여자,전라북도,경감,등급외,560,2021,https://api.odcloud.kr/api/15072696/v1/uddi:63aa9ab2-863b-4a63-85cf-e9b43dccb240,PUB-010_시도별_장기요양판정
남자,전라남도,경감,1등급,225,2021,https://api.odcloud.kr/api/15072696/v1/uddi:63aa9ab2-863b-4a63-85cf-e9b43dccb240,PUB-010_시도별_장기요양판정
남자,전라남도,경감,2등급,533,2021,https://api.odcloud.kr/api/15072696/v1/uddi:63aa9ab2-863b-4a63-85cf-e9b43dccb240,PUB-010_시도별_장기요양판정
남자,전라남도,경감,3등급,1496,2021,https://api.odcloud.kr/api/15072696/v1/uddi:63aa9ab2-863b-4a63-85cf-e9b43dccb240,PUB-010_시도별_장기요양판정
남자,전라남도,경감,4등급,2888,2021,https://api.odcloud.kr/api/15072696/v1/uddi:63aa9ab2-863b-4a63-85cf-e9b43dccb240,PUB-010_시도별_장기요양판정
남자,전라남도,경감,5등급,722,2021,https://api.odcloud.kr/api/15072696/v1/uddi:63aa9ab2-863b-4a63-85cf-e9b43dccb240,PUB-010_시도별_장기요양판정
남자,전라남도,경감,인지지원등급,208,2021,https://api.odcloud.kr/api/15072696/v1/uddi:63aa9ab2-863b-4a63-85cf-e9b43dccb240,PUB-010_시도별_장기요양판정
남자,전라남도,경감,등급외,135,2021,https://api.odcloud.kr/api/15072696/v1/uddi:63aa9ab2-863b-4a63-85cf-e9b43dccb240,PUB-010_시도별_장기요양판정
여자,전라남도,경감,1등급,795,2021,https://api.odcloud.kr/api/15072696/v1/uddi:63aa9ab2-863b-4a63-85cf-e9b43dccb240,PUB-010_시도별_장기요양판정
여자,전라남도,경감,2등급,1992,2021,https://api.odcloud.kr/api/15072696/v1/uddi:63aa9ab2-863b-4a63-85cf-e9b43dccb240,PUB-010_시도별_장기요양판정
여자,전라남도,경감,3등급,5086,2021,https://api.odcloud.kr/api/15072696/v1/uddi:63aa9ab2-863b-4a63-85cf-e9b43dccb240,PUB-010_시도별_장기요양판정
여자,전라남도,경감,4등급,10815,2021,https://api.odcloud.kr/api/15072696/v1/uddi:63aa9ab2-863b-4a63-85cf-e9b43dccb240,PUB-010_시도별_장기요양판정
여자,전라남도,경감,5등급,2626,2021,https://api.odcloud.kr/api/15072696/v1/uddi:63aa9ab2-863b-4a63-85cf-e9b43dccb240,PUB-010_시도별_장기요양판정
여자,전라남도,경감,인지지원등급,482,2021,https://api.odcloud.kr/api/15072696/v1/uddi:63aa9ab2-863b-4a63-85cf-e9b43dccb240,PUB-010_시도별_장기요양판정
여자,전라남도,경감,등급외,487,2021,https://api.odcloud.kr/api/15072696/v1/uddi:63aa9ab2-863b-4a63-85cf-e9b43dccb240,PUB-010_시도별_장기요양판정
남자,경상북도,경감,1등급,274,2021,https://api.odcloud.kr/api/15072696/v1/uddi:63aa9ab2-863b-4a63-85cf-e9b43dccb240,PUB-010_시도별_장기요양판정
남자,경상북도,경감,2등급,627,2021,https://api.odcloud.kr/api/15072696/v1/uddi:63aa9ab2-863b-4a63-85cf-e9b43dccb240,PUB-010_시도별_장기요양판정
남자,경상북도,경감,3등급,1984,2021,https://api.odcloud.kr/api/15072696/v1/uddi:63aa9ab2-863b-4a63-85cf-e9b43dccb240,PUB-010_시도별_장기요양판정
남자,경상북도,경감,4등급,3257,2021,https://api.odcloud.kr/api/15072696/v1/uddi:63aa9ab2-863b-4a63-85cf-e9b43dccb240,PUB-010_시도별_장기요양판정
남자,경상북도,경감,5등급,884,2021,https://api.odcloud.kr/api/15072696/v1/uddi:63aa9ab2-863b-4a63-85cf-e9b43dccb240,PUB-010_시도별_장기요양판정
남자,경상북도,경감,인지지원등급,140,2021,https://api.odcloud.kr/api/15072696/v1/uddi:63aa9ab2-863b-4a63-85cf-e9b43dccb240,PUB-010_시도별_장기요양판정
남자,경상북도,경감,등급외,83,2021,https://api.odcloud.kr/api/15072696/v1/uddi:63aa9ab2-863b-4a63-85cf-e9b43dccb240,PUB-010_시도별_장기요양판정
여자,경상북도,경감,1등급,942,2021,https://api.odcloud.kr/api/15072696/v1/uddi:63aa9ab2-863b-4a63-85cf-e9b43dccb240,PUB-010_시도별_장기요양판정
여자,경상북도,경감,2등급,2121,2021,https://api.odcloud.kr/api/15072696/v1/uddi:63aa9ab2-863b-4a63-85cf-e9b43dccb240,PUB-010_시도별_장기요양판정
여자,경상북도,경감,3등급,6114,2021,https://api.odcloud.kr/api/15072696/v1/uddi:63aa9ab2-863b-4a63-85cf-e9b43dccb240,PUB-010_시도별_장기요양판정
여자,경상북도,경감,4등급,10508,2021,https://api.odcloud.kr/api/15072696/v1/uddi:63aa9ab2-863b-4a63-85cf-e9b43dccb240,PUB-010_시도별_장기요양판정
여자,경상북도,경감,5등급,3116,2021,https://api.odcloud.kr/api/15072696/v1/uddi:63aa9ab2-863b-4a63-85cf-e9b43dccb240,PUB-010_시도별_장기요양판정
여자,경상북도,경감,인지지원등급,408,2021,https://api.odcloud.kr/api/15072696/v1/uddi:63aa9ab2-863b-4a63-85cf-e9b43dccb240,PUB-010_시도별_장기요양판정
여자,경상북도,경감,등급외,290,2021,https://api.odcloud.kr/api/15072696/v1/uddi:63aa9ab2-863b-4a63-85cf-e9b43dccb240,PUB-010_시도별_장기요양판정
남자,경상남도,경감,1등급,259,2021,https://api.odcloud.kr/api/15072696/v1/uddi:63aa9ab2-863b-4a63-85cf-e9b43dccb240,PUB-010_시도별_장기요양판정
남자,경상남도,경감,2등급,582,2021,https://api.odcloud.kr/api/15072696/v1/uddi:63aa9ab2-863b-4a63-85cf-e9b43dccb240,PUB-010_시도별_장기요양판정
남자,경상남도,경감,3등급,1746,2021,https://api.odcloud.kr/api/15072696/v1/uddi:63aa9ab2-863b-4a63-85cf-e9b43dccb240,PUB-010_시도별_장기요양판정
남자,경상남도,경감,4등급,3281,2021,https://api.odcloud.kr/api/15072696/v1/uddi:63aa9ab2-863b-4a63-85cf-e9b43dccb240,PUB-010_시도별_장기요양판정
남자,경상남도,경감,5등급,744,2021,https://api.odcloud.kr/api/15072696/v1/uddi:63aa9ab2-863b-4a63-85cf-e9b43dccb240,PUB-010_시도별_장기요양판정
남자,경상남도,경감,인지지원등급,170,2021,https://api.odcloud.kr/api/15072696/v1/uddi:63aa9ab2-863b-4a63-85cf-e9b43dccb240,PUB-010_시도별_장기요양판정
남자,경상남도,경감,등급외,119,2021,https://api.odcloud.kr/api/15072696/v1/uddi:63aa9ab2-863b-4a63-85cf-e9b43dccb240,PUB-010_시도별_장기요양판정
여자,경상남도,경감,1등급,923,2021,https://api.odcloud.kr/api/15072696/v1/uddi:63aa9ab2-863b-4a63-85cf-e9b43dccb240,PUB-010_시도별_장기요양판정
여자,경상남도,경감,2등급,2085,2021,https://api.odcloud.kr/api/15072696/v1/uddi:63aa9ab2-863b-4a63-85cf-e9b43dccb240,PUB-010_시도별_장기요양판정
여자,경상남도,경감,3등급,5710,2021,https://api.odcloud.kr/api/15072696/v1/uddi:63aa9ab2-863b-4a63-85cf-e9b43dccb240,PUB-010_시도별_장기요양판정
여자,경상남도,경감,4등급,11307,2021,https://api.odcloud.kr/api/15072696/v1/uddi:63aa9ab2-863b-4a63-85cf-e9b43dccb240,PUB-010_시도별_장기요양판정
여자,경상남도,경감,5등급,2718,2021,https://api.odcloud.kr/api/15072696/v1/uddi:63aa9ab2-863b-4a63-85cf-e9b43dccb240,PUB-010_시도별_장기요양판정
여자,경상남도,경감,인지지원등급,374,2021,https://api.odcloud.kr/api/15072696/v1/uddi:63aa9ab2-863b-4a63-85cf-e9b43dccb240,PUB-010_시도별_장기요양판정
여자,경상남도,경감,등급외,268,2021,https://api.odcloud.kr/api/15072696/v1/uddi:63aa9ab2-863b-4a63-85cf-e9b43dccb240,PUB-010_시도별_장기요양판정
남자,제주특별자치도,경감,1등급,67,2021,https://api.odcloud.kr/api/15072696/v1/uddi:63aa9ab2-863b-4a63-85cf-e9b43dccb240,PUB-010_시도별_장기요양판정
남자,제주특별자치도,경감,2등급,108,2021,https://api.odcloud.kr/api/15072696/v1/uddi:63aa9ab2-863b-4a63-85cf-e9b43dccb240,PUB-010_시도별_장기요양판정
남자,제주특별자치도,경감,3등급,265,2021,https://api.odcloud.kr/api/15072696/v1/uddi:63aa9ab2-863b-4a63-85cf-e9b43dccb240,PUB-010_시도별_장기요양판정
남자,제주특별자치도,경감,4등급,346,2021,https://api.odcloud.kr/api/15072696/v1/uddi:63aa9ab2-863b-4a63-85cf-e9b43dccb240,PUB-010_시도별_장기요양판정
남자,제주특별자치도,경감,5등급,87,2021,https://api.odcloud.kr/api/15072696/v1/uddi:63aa9ab2-863b-4a63-85cf-e9b43dccb240,PUB-010_시도별_장기요양판정
남자,제주특별자치도,경감,인지지원등급,25,2021,https://api.odcloud.kr/api/15072696/v1/uddi:63aa9ab2-863b-4a63-85cf-e9b43dccb240,PUB-010_시도별_장기요양판정
남자,제주특별자치도,경감,등급외,9,2021,https://api.odcloud.kr/api/15072696/v1/uddi:63aa9ab2-863b-4a63-85cf-e9b43dccb240,PUB-010_시도별_장기요양판정
여자,제주특별자치도,경감,1등급,246,2021,https://api.odcloud.kr/api/15072696/v1/uddi:63aa9ab2-863b-4a63-85cf-e9b43dccb240,PUB-010_시도별_장기요양판정
여자,제주특별자치도,경감,2등급,427,2021,https://api.odcloud.kr/api/15072696/v1/uddi:63aa9ab2-863b-4a63-85cf-e9b43dccb240,PUB-010_시도별_장기요양판정
여자,제주특별자치도,경감,3등급,927,2021,https://api.odcloud.kr/api/15072696/v1/uddi:63aa9ab2-863b-4a63-85cf-e9b43dccb240,PUB-010_시도별_장기요양판정
여자,제주특별자치도,경감,4등급,1015,2021,https://api.odcloud.kr/api/15072696/v1/uddi:63aa9ab2-863b-4a63-85cf-e9b43dccb240,PUB-010_시도별_장기요양판정
여자,제주특별자치도,경감,5등급,239,2021,https://api.odcloud.kr/api/15072696/v1/uddi:63aa9ab2-863b-4a63-85cf-e9b43dccb240,PUB-010_시도별_장기요양판정
여자,제주특별자치도,경감,인지지원등급,62,2021,https://api.odcloud.kr/api/15072696/v1/uddi:63aa9ab2-863b-4a63-85cf-e9b43dccb240,PUB-010_시도별_장기요양판정
여자,제주특별자치도,경감,등급외,41,2021,https://api.odcloud.kr/api/15072696/v1/uddi:63aa9ab2-863b-4a63-85cf-e9b43dccb240,PUB-010_시도별_장기요양판정
