성별,시도,자격,판정등급,판정인원수,source_period,source_endpoint,source_dataset
남자,서울,일반,1등급,1642,2022,https://api.odcloud.kr/api/15072696/v1/uddi:0131eccc-8fe1-4dd1-b83d-bc8824f6e939,PUB-010_시도별_장기요양판정
남자,서울,일반,2등급,2619,2022,https://api.odcloud.kr/api/15072696/v1/uddi:0131eccc-8fe1-4dd1-b83d-bc8824f6e939,PUB-010_시도별_장기요양판정
남자,서울,일반,3등급,7584,2022,https://api.odcloud.kr/api/15072696/v1/uddi:0131eccc-8fe1-4dd1-b83d-bc8824f6e939,PUB-010_시도별_장기요양판정
남자,서울,일반,4등급,9789,2022,https://api.odcloud.kr/api/15072696/v1/uddi:0131eccc-8fe1-4dd1-b83d-bc8824f6e939,PUB-010_시도별_장기요양판정
남자,서울,일반,5등급,2296,2022,https://api.odcloud.kr/api/15072696/v1/uddi:0131eccc-8fe1-4dd1-b83d-bc8824f6e939,PUB-010_시도별_장기요양판정
남자,서울,일반,인지지원등급,564,2022,https://api.odcloud.kr/api/15072696/v1/uddi:0131eccc-8fe1-4dd1-b83d-bc8824f6e939,PUB-010_시도별_장기요양판정
남자,서울,일반,등급외,3746,2022,https://api.odcloud.kr/api/15072696/v1/uddi:0131eccc-8fe1-4dd1-b83d-bc8824f6e939,PUB-010_시도별_장기요양판정
남자,서울,감경,1등급,637,2022,https://api.odcloud.kr/api/15072696/v1/uddi:0131eccc-8fe1-4dd1-b83d-bc8824f6e939,PUB-010_시도별_장기요양판정
남자,서울,감경,2등급,1033,2022,https://api.odcloud.kr/api/15072696/v1/uddi:0131eccc-8fe1-4dd1-b83d-bc8824f6e939,PUB-010_시도별_장기요양판정
남자,서울,감경,3등급,3527,2022,https://api.odcloud.kr/api/15072696/v1/uddi:0131eccc-8fe1-4dd1-b83d-bc8824f6e939,PUB-010_시도별_장기요양판정
남자,서울,감경,4등급,4650,2022,https://api.odcloud.kr/api/15072696/v1/uddi:0131eccc-8fe1-4dd1-b83d-bc8824f6e939,PUB-010_시도별_장기요양판정
남자,서울,감경,5등급,1012,2022,https://api.odcloud.kr/api/15072696/v1/uddi:0131eccc-8fe1-4dd1-b83d-bc8824f6e939,PUB-010_시도별_장기요양판정
남자,서울,감경,인지지원등급,226,2022,https://api.odcloud.kr/api/15072696/v1/uddi:0131eccc-8fe1-4dd1-b83d-bc8824f6e939,PUB-010_시도별_장기요양판정
남자,서울,감경,등급외,206,2022,https://api.odcloud.kr/api/15072696/v1/uddi:0131eccc-8fe1-4dd1-b83d-bc8824f6e939,PUB-010_시도별_장기요양판정
남자,서울,의료급여,1등급,18,2022,https://api.odcloud.kr/api/15072696/v1/uddi:0131eccc-8fe1-4dd1-b83d-bc8824f6e939,PUB-010_시도별_장기요양판정
남자,서울,의료급여,2등급,26,2022,https://api.odcloud.kr/api/15072696/v1/uddi:0131eccc-8fe1-4dd1-b83d-bc8824f6e939,PUB-010_시도별_장기요양판정
남자,서울,의료급여,3등급,79,2022,https://api.odcloud.kr/api/15072696/v1/uddi:0131eccc-8fe1-4dd1-b83d-bc8824f6e939,PUB-010_시도별_장기요양판정
남자,서울,의료급여,4등급,113,2022,https://api.odcloud.kr/api/15072696/v1/uddi:0131eccc-8fe1-4dd1-b83d-bc8824f6e939,PUB-010_시도별_장기요양판정
남자,서울,의료급여,5등급,26,2022,https://api.odcloud.kr/api/15072696/v1/uddi:0131eccc-8fe1-4dd1-b83d-bc8824f6e939,PUB-010_시도별_장기요양판정
남자,서울,의료급여,인지지원등급,2,2022,https://api.odcloud.kr/api/15072696/v1/uddi:0131eccc-8fe1-4dd1-b83d-bc8824f6e939,PUB-010_시도별_장기요양판정
남자,서울,의료급여,등급외,45,2022,https://api.odcloud.kr/api/15072696/v1/uddi:0131eccc-8fe1-4dd1-b83d-bc8824f6e939,PUB-010_시도별_장기요양판정
남자,서울,기초,1등급,322,2022,https://api.odcloud.kr/api/15072696/v1/uddi:0131eccc-8fe1-4dd1-b83d-bc8824f6e939,PUB-010_시도별_장기요양판정
남자,서울,기초,2등급,488,2022,https://api.odcloud.kr/api/15072696/v1/uddi:0131eccc-8fe1-4dd1-b83d-bc8824f6e939,PUB-010_시도별_장기요양판정
남자,서울,기초,3등급,1607,2022,https://api.odcloud.kr/api/15072696/v1/uddi:0131eccc-8fe1-4dd1-b83d-bc8824f6e939,PUB-010_시도별_장기요양판정
남자,서울,기초,4등급,3211,2022,https://api.odcloud.kr/api/15072696/v1/uddi:0131eccc-8fe1-4dd1-b83d-bc8824f6e939,PUB-010_시도별_장기요양판정
남자,서울,기초,5등급,658,2022,https://api.odcloud.kr/api/15072696/v1/uddi:0131eccc-8fe1-4dd1-b83d-bc8824f6e939,PUB-010_시도별_장기요양판정
남자,서울,기초,인지지원등급,178,2022,https://api.odcloud.kr/api/15072696/v1/uddi:0131eccc-8fe1-4dd1-b83d-bc8824f6e939,PUB-010_시도별_장기요양판정
남자,서울,기초,등급외,1961,2022,https://api.odcloud.kr/api/15072696/v1/uddi:0131eccc-8fe1-4dd1-b83d-bc8824f6e939,PUB-010_시도별_장기요양판정
여자,서울,일반,1등급,3727,2022,https://api.odcloud.kr/api/15072696/v1/uddi:0131eccc-8fe1-4dd1-b83d-bc8824f6e939,PUB-010_시도별_장기요양판정
여자,서울,일반,2등급,5943,2022,https://api.odcloud.kr/api/15072696/v1/uddi:0131eccc-8fe1-4dd1-b83d-bc8824f6e939,PUB-010_시도별_장기요양판정
여자,서울,일반,3등급,15368,2022,https://api.odcloud.kr/api/15072696/v1/uddi:0131eccc-8fe1-4dd1-b83d-bc8824f6e939,PUB-010_시도별_장기요양판정
여자,서울,일반,4등급,21700,2022,https://api.odcloud.kr/api/15072696/v1/uddi:0131eccc-8fe1-4dd1-b83d-bc8824f6e939,PUB-010_시도별_장기요양판정
여자,서울,일반,5등급,5043,2022,https://api.odcloud.kr/api/15072696/v1/uddi:0131eccc-8fe1-4dd1-b83d-bc8824f6e939,PUB-010_시도별_장기요양판정
여자,서울,일반,인지지원등급,1369,2022,https://api.odcloud.kr/api/15072696/v1/uddi:0131eccc-8fe1-4dd1-b83d-bc8824f6e939,PUB-010_시도별_장기요양판정
여자,서울,일반,등급외,7622,2022,https://api.odcloud.kr/api/15072696/v1/uddi:0131eccc-8fe1-4dd1-b83d-bc8824f6e939,PUB-010_시도별_장기요양판정
여자,서울,감경,1등급,1797,2022,https://api.odcloud.kr/api/15072696/v1/uddi:0131eccc-8fe1-4dd1-b83d-bc8824f6e939,PUB-010_시도별_장기요양판정
여자,서울,감경,2등급,3390,2022,https://api.odcloud.kr/api/15072696/v1/uddi:0131eccc-8fe1-4dd1-b83d-bc8824f6e939,PUB-010_시도별_장기요양판정
여자,서울,감경,3등급,8713,2022,https://api.odcloud.kr/api/15072696/v1/uddi:0131eccc-8fe1-4dd1-b83d-bc8824f6e939,PUB-010_시도별_장기요양판정
여자,서울,감경,4등급,11805,2022,https://api.odcloud.kr/api/15072696/v1/uddi:0131eccc-8fe1-4dd1-b83d-bc8824f6e939,PUB-010_시도별_장기요양판정
여자,서울,감경,5등급,2278,2022,https://api.odcloud.kr/api/15072696/v1/uddi:0131eccc-8fe1-4dd1-b83d-bc8824f6e939,PUB-010_시도별_장기요양판정
여자,서울,감경,인지지원등급,567,2022,https://api.odcloud.kr/api/15072696/v1/uddi:0131eccc-8fe1-4dd1-b83d-bc8824f6e939,PUB-010_시도별_장기요양판정
여자,서울,감경,등급외,412,2022,https://api.odcloud.kr/api/15072696/v1/uddi:0131eccc-8fe1-4dd1-b83d-bc8824f6e939,PUB-010_시도별_장기요양판정
여자,서울,의료급여,1등급,64,2022,https://api.odcloud.kr/api/15072696/v1/uddi:0131eccc-8fe1-4dd1-b83d-bc8824f6e939,PUB-010_시도별_장기요양판정
여자,서울,의료급여,2등급,88,2022,https://api.odcloud.kr/api/15072696/v1/uddi:0131eccc-8fe1-4dd1-b83d-bc8824f6e939,PUB-010_시도별_장기요양판정
여자,서울,의료급여,3등급,237,2022,https://api.odcloud.kr/api/15072696/v1/uddi:0131eccc-8fe1-4dd1-b83d-bc8824f6e939,PUB-010_시도별_장기요양판정
여자,서울,의료급여,4등급,318,2022,https://api.odcloud.kr/api/15072696/v1/uddi:0131eccc-8fe1-4dd1-b83d-bc8824f6e939,PUB-010_시도별_장기요양판정
여자,서울,의료급여,5등급,63,2022,https://api.odcloud.kr/api/15072696/v1/uddi:0131eccc-8fe1-4dd1-b83d-bc8824f6e939,PUB-010_시도별_장기요양판정
여자,서울,의료급여,인지지원등급,11,2022,https://api.odcloud.kr/api/15072696/v1/uddi:0131eccc-8fe1-4dd1-b83d-bc8824f6e939,PUB-010_시도별_장기요양판정
여자,서울,의료급여,등급외,86,2022,https://api.odcloud.kr/api/15072696/v1/uddi:0131eccc-8fe1-4dd1-b83d-bc8824f6e939,PUB-010_시도별_장기요양판정
여자,서울,기초,1등급,878,2022,https://api.odcloud.kr/api/15072696/v1/uddi:0131eccc-8fe1-4dd1-b83d-bc8824f6e939,PUB-010_시도별_장기요양판정
여자,서울,기초,2등급,1528,2022,https://api.odcloud.kr/api/15072696/v1/uddi:0131eccc-8fe1-4dd1-b83d-bc8824f6e939,PUB-010_시도별_장기요양판정
여자,서울,기초,3등급,3978,2022,https://api.odcloud.kr/api/15072696/v1/uddi:0131eccc-8fe1-4dd1-b83d-bc8824f6e939,PUB-010_시도별_장기요양판정
여자,서울,기초,4등급,7292,2022,https://api.odcloud.kr/api/15072696/v1/uddi:0131eccc-8fe1-4dd1-b83d-bc8824f6e939,PUB-010_시도별_장기요양판정
여자,서울,기초,5등급,1209,2022,https://api.odcloud.kr/api/15072696/v1/uddi:0131eccc-8fe1-4dd1-b83d-bc8824f6e939,PUB-010_시도별_장기요양판정
여자,서울,기초,인지지원등급,292,2022,https://api.odcloud.kr/api/15072696/v1/uddi:0131eccc-8fe1-4dd1-b83d-bc8824f6e939,PUB-010_시도별_장기요양판정
여자,서울,기초,등급외,2702,2022,https://api.odcloud.kr/api/15072696/v1/uddi:0131eccc-8fe1-4dd1-b83d-bc8824f6e939,PUB-010_시도별_장기요양판정
남자,부산,일반,1등급,394,2022,https://api.odcloud.kr/api/15072696/v1/uddi:0131eccc-8fe1-4dd1-b83d-bc8824f6e939,PUB-010_시도별_장기요양판정
남자,부산,일반,2등급,731,2022,https://api.odcloud.kr/api/15072696/v1/uddi:0131eccc-8fe1-4dd1-b83d-bc8824f6e939,PUB-010_시도별_장기요양판정
남자,부산,일반,3등급,2703,2022,https://api.odcloud.kr/api/15072696/v1/uddi:0131eccc-8fe1-4dd1-b83d-bc8824f6e939,PUB-010_시도별_장기요양판정
남자,부산,일반,4등급,4229,2022,https://api.odcloud.kr/api/15072696/v1/uddi:0131eccc-8fe1-4dd1-b83d-bc8824f6e939,PUB-010_시도별_장기요양판정
남자,부산,일반,5등급,781,2022,https://api.odcloud.kr/api/15072696/v1/uddi:0131eccc-8fe1-4dd1-b83d-bc8824f6e939,PUB-010_시도별_장기요양판정
남자,부산,일반,인지지원등급,168,2022,https://api.odcloud.kr/api/15072696/v1/uddi:0131eccc-8fe1-4dd1-b83d-bc8824f6e939,PUB-010_시도별_장기요양판정
남자,부산,일반,등급외,2384,2022,https://api.odcloud.kr/api/15072696/v1/uddi:0131eccc-8fe1-4dd1-b83d-bc8824f6e939,PUB-010_시도별_장기요양판정
남자,부산,감경,1등급,310,2022,https://api.odcloud.kr/api/15072696/v1/uddi:0131eccc-8fe1-4dd1-b83d-bc8824f6e939,PUB-010_시도별_장기요양판정
남자,부산,감경,2등급,616,2022,https://api.odcloud.kr/api/15072696/v1/uddi:0131eccc-8fe1-4dd1-b83d-bc8824f6e939,PUB-010_시도별_장기요양판정
남자,부산,감경,3등급,2022,2022,https://api.odcloud.kr/api/15072696/v1/uddi:0131eccc-8fe1-4dd1-b83d-bc8824f6e939,PUB-010_시도별_장기요양판정
남자,부산,감경,4등급,3212,2022,https://api.odcloud.kr/api/15072696/v1/uddi:0131eccc-8fe1-4dd1-b83d-bc8824f6e939,PUB-010_시도별_장기요양판정
남자,부산,감경,5등급,554,2022,https://api.odcloud.kr/api/15072696/v1/uddi:0131eccc-8fe1-4dd1-b83d-bc8824f6e939,PUB-010_시도별_장기요양판정
남자,부산,감경,인지지원등급,118,2022,https://api.odcloud.kr/api/15072696/v1/uddi:0131eccc-8fe1-4dd1-b83d-bc8824f6e939,PUB-010_시도별_장기요양판정
남자,부산,감경,등급외,142,2022,https://api.odcloud.kr/api/15072696/v1/uddi:0131eccc-8fe1-4dd1-b83d-bc8824f6e939,PUB-010_시도별_장기요양판정
남자,부산,의료급여,1등급,6,2022,https://api.odcloud.kr/api/15072696/v1/uddi:0131eccc-8fe1-4dd1-b83d-bc8824f6e939,PUB-010_시도별_장기요양판정
남자,부산,의료급여,2등급,14,2022,https://api.odcloud.kr/api/15072696/v1/uddi:0131eccc-8fe1-4dd1-b83d-bc8824f6e939,PUB-010_시도별_장기요양판정
남자,부산,의료급여,3등급,47,2022,https://api.odcloud.kr/api/15072696/v1/uddi:0131eccc-8fe1-4dd1-b83d-bc8824f6e939,PUB-010_시도별_장기요양판정
남자,부산,의료급여,4등급,85,2022,https://api.odcloud.kr/api/15072696/v1/uddi:0131eccc-8fe1-4dd1-b83d-bc8824f6e939,PUB-010_시도별_장기요양판정
남자,부산,의료급여,5등급,9,2022,https://api.odcloud.kr/api/15072696/v1/uddi:0131eccc-8fe1-4dd1-b83d-bc8824f6e939,PUB-010_시도별_장기요양판정
남자,부산,의료급여,인지지원등급,1,2022,https://api.odcloud.kr/api/15072696/v1/uddi:0131eccc-8fe1-4dd1-b83d-bc8824f6e939,PUB-010_시도별_장기요양판정
남자,부산,의료급여,등급외,27,2022,https://api.odcloud.kr/api/15072696/v1/uddi:0131eccc-8fe1-4dd1-b83d-bc8824f6e939,PUB-010_시도별_장기요양판정
남자,부산,기초,1등급,118,2022,https://api.odcloud.kr/api/15072696/v1/uddi:0131eccc-8fe1-4dd1-b83d-bc8824f6e939,PUB-010_시도별_장기요양판정
남자,부산,기초,2등급,230,2022,https://api.odcloud.kr/api/15072696/v1/uddi:0131eccc-8fe1-4dd1-b83d-bc8824f6e939,PUB-010_시도별_장기요양판정
남자,부산,기초,3등급,894,2022,https://api.odcloud.kr/api/15072696/v1/uddi:0131eccc-8fe1-4dd1-b83d-bc8824f6e939,PUB-010_시도별_장기요양판정
남자,부산,기초,4등급,1957,2022,https://api.odcloud.kr/api/15072696/v1/uddi:0131eccc-8fe1-4dd1-b83d-bc8824f6e939,PUB-010_시도별_장기요양판정
남자,부산,기초,5등급,374,2022,https://api.odcloud.kr/api/15072696/v1/uddi:0131eccc-8fe1-4dd1-b83d-bc8824f6e939,PUB-010_시도별_장기요양판정
남자,부산,기초,인지지원등급,98,2022,https://api.odcloud.kr/api/15072696/v1/uddi:0131eccc-8fe1-4dd1-b83d-bc8824f6e939,PUB-010_시도별_장기요양판정
남자,부산,기초,등급외,1442,2022,https://api.odcloud.kr/api/15072696/v1/uddi:0131eccc-8fe1-4dd1-b83d-bc8824f6e939,PUB-010_시도별_장기요양판정
여자,부산,일반,1등급,1033,2022,https://api.odcloud.kr/api/15072696/v1/uddi:0131eccc-8fe1-4dd1-b83d-bc8824f6e939,PUB-010_시도별_장기요양판정
여자,부산,일반,2등급,1685,2022,https://api.odcloud.kr/api/15072696/v1/uddi:0131eccc-8fe1-4dd1-b83d-bc8824f6e939,PUB-010_시도별_장기요양판정
여자,부산,일반,3등급,5543,2022,https://api.odcloud.kr/api/15072696/v1/uddi:0131eccc-8fe1-4dd1-b83d-bc8824f6e939,PUB-010_시도별_장기요양판정
여자,부산,일반,4등급,9943,2022,https://api.odcloud.kr/api/15072696/v1/uddi:0131eccc-8fe1-4dd1-b83d-bc8824f6e939,PUB-010_시도별_장기요양판정
여자,부산,일반,5등급,1920,2022,https://api.odcloud.kr/api/15072696/v1/uddi:0131eccc-8fe1-4dd1-b83d-bc8824f6e939,PUB-010_시도별_장기요양판정
여자,부산,일반,인지지원등급,418,2022,https://api.odcloud.kr/api/15072696/v1/uddi:0131eccc-8fe1-4dd1-b83d-bc8824f6e939,PUB-010_시도별_장기요양판정
여자,부산,일반,등급외,4652,2022,https://api.odcloud.kr/api/15072696/v1/uddi:0131eccc-8fe1-4dd1-b83d-bc8824f6e939,PUB-010_시도별_장기요양판정
여자,부산,감경,1등급,892,2022,https://api.odcloud.kr/api/15072696/v1/uddi:0131eccc-8fe1-4dd1-b83d-bc8824f6e939,PUB-010_시도별_장기요양판정
여자,부산,감경,2등급,1614,2022,https://api.odcloud.kr/api/15072696/v1/uddi:0131eccc-8fe1-4dd1-b83d-bc8824f6e939,PUB-010_시도별_장기요양판정
여자,부산,감경,3등급,4769,2022,https://api.odcloud.kr/api/15072696/v1/uddi:0131eccc-8fe1-4dd1-b83d-bc8824f6e939,PUB-010_시도별_장기요양판정
여자,부산,감경,4등급,7787,2022,https://api.odcloud.kr/api/15072696/v1/uddi:0131eccc-8fe1-4dd1-b83d-bc8824f6e939,PUB-010_시도별_장기요양판정
여자,부산,감경,5등급,1418,2022,https://api.odcloud.kr/api/15072696/v1/uddi:0131eccc-8fe1-4dd1-b83d-bc8824f6e939,PUB-010_시도별_장기요양판정
여자,부산,감경,인지지원등급,289,2022,https://api.odcloud.kr/api/15072696/v1/uddi:0131eccc-8fe1-4dd1-b83d-bc8824f6e939,PUB-010_시도별_장기요양판정
여자,부산,감경,등급외,318,2022,https://api.odcloud.kr/api/15072696/v1/uddi:0131eccc-8fe1-4dd1-b83d-bc8824f6e939,PUB-010_시도별_장기요양판정
여자,부산,의료급여,1등급,31,2022,https://api.odcloud.kr/api/15072696/v1/uddi:0131eccc-8fe1-4dd1-b83d-bc8824f6e939,PUB-010_시도별_장기요양판정
여자,부산,의료급여,2등급,47,2022,https://api.odcloud.kr/api/15072696/v1/uddi:0131eccc-8fe1-4dd1-b83d-bc8824f6e939,PUB-010_시도별_장기요양판정
여자,부산,의료급여,3등급,145,2022,https://api.odcloud.kr/api/15072696/v1/uddi:0131eccc-8fe1-4dd1-b83d-bc8824f6e939,PUB-010_시도별_장기요양판정
여자,부산,의료급여,4등급,227,2022,https://api.odcloud.kr/api/15072696/v1/uddi:0131eccc-8fe1-4dd1-b83d-bc8824f6e939,PUB-010_시도별_장기요양판정
여자,부산,의료급여,5등급,23,2022,https://api.odcloud.kr/api/15072696/v1/uddi:0131eccc-8fe1-4dd1-b83d-bc8824f6e939,PUB-010_시도별_장기요양판정
여자,부산,의료급여,인지지원등급,5,2022,https://api.odcloud.kr/api/15072696/v1/uddi:0131eccc-8fe1-4dd1-b83d-bc8824f6e939,PUB-010_시도별_장기요양판정
여자,부산,의료급여,등급외,64,2022,https://api.odcloud.kr/api/15072696/v1/uddi:0131eccc-8fe1-4dd1-b83d-bc8824f6e939,PUB-010_시도별_장기요양판정
여자,부산,기초,1등급,415,2022,https://api.odcloud.kr/api/15072696/v1/uddi:0131eccc-8fe1-4dd1-b83d-bc8824f6e939,PUB-010_시도별_장기요양판정
여자,부산,기초,2등급,774,2022,https://api.odcloud.kr/api/15072696/v1/uddi:0131eccc-8fe1-4dd1-b83d-bc8824f6e939,PUB-010_시도별_장기요양판정
여자,부산,기초,3등급,2247,2022,https://api.odcloud.kr/api/15072696/v1/uddi:0131eccc-8fe1-4dd1-b83d-bc8824f6e939,PUB-010_시도별_장기요양판정
여자,부산,기초,4등급,5017,2022,https://api.odcloud.kr/api/15072696/v1/uddi:0131eccc-8fe1-4dd1-b83d-bc8824f6e939,PUB-010_시도별_장기요양판정
여자,부산,기초,5등급,740,2022,https://api.odcloud.kr/api/15072696/v1/uddi:0131eccc-8fe1-4dd1-b83d-bc8824f6e939,PUB-010_시도별_장기요양판정
여자,부산,기초,인지지원등급,137,2022,https://api.odcloud.kr/api/15072696/v1/uddi:0131eccc-8fe1-4dd1-b83d-bc8824f6e939,PUB-010_시도별_장기요양판정
여자,부산,기초,등급외,2102,2022,https://api.odcloud.kr/api/15072696/v1/uddi:0131eccc-8fe1-4dd1-b83d-bc8824f6e939,PUB-010_시도별_장기요양판정
남자,대구,일반,1등급,222,2022,https://api.odcloud.kr/api/15072696/v1/uddi:0131eccc-8fe1-4dd1-b83d-bc8824f6e939,PUB-010_시도별_장기요양판정
남자,대구,일반,2등급,482,2022,https://api.odcloud.kr/api/15072696/v1/uddi:0131eccc-8fe1-4dd1-b83d-bc8824f6e939,PUB-010_시도별_장기요양판정
남자,대구,일반,3등급,1807,2022,https://api.odcloud.kr/api/15072696/v1/uddi:0131eccc-8fe1-4dd1-b83d-bc8824f6e939,PUB-010_시도별_장기요양판정
남자,대구,일반,4등급,2691,2022,https://api.odcloud.kr/api/15072696/v1/uddi:0131eccc-8fe1-4dd1-b83d-bc8824f6e939,PUB-010_시도별_장기요양판정
남자,대구,일반,5등급,787,2022,https://api.odcloud.kr/api/15072696/v1/uddi:0131eccc-8fe1-4dd1-b83d-bc8824f6e939,PUB-010_시도별_장기요양판정
남자,대구,일반,인지지원등급,145,2022,https://api.odcloud.kr/api/15072696/v1/uddi:0131eccc-8fe1-4dd1-b83d-bc8824f6e939,PUB-010_시도별_장기요양판정
남자,대구,일반,등급외,1196,2022,https://api.odcloud.kr/api/15072696/v1/uddi:0131eccc-8fe1-4dd1-b83d-bc8824f6e939,PUB-010_시도별_장기요양판정
남자,대구,감경,1등급,156,2022,https://api.odcloud.kr/api/15072696/v1/uddi:0131eccc-8fe1-4dd1-b83d-bc8824f6e939,PUB-010_시도별_장기요양판정
남자,대구,감경,2등급,368,2022,https://api.odcloud.kr/api/15072696/v1/uddi:0131eccc-8fe1-4dd1-b83d-bc8824f6e939,PUB-010_시도별_장기요양판정
남자,대구,감경,3등급,1172,2022,https://api.odcloud.kr/api/15072696/v1/uddi:0131eccc-8fe1-4dd1-b83d-bc8824f6e939,PUB-010_시도별_장기요양판정
남자,대구,감경,4등급,1798,2022,https://api.odcloud.kr/api/15072696/v1/uddi:0131eccc-8fe1-4dd1-b83d-bc8824f6e939,PUB-010_시도별_장기요양판정
남자,대구,감경,5등급,513,2022,https://api.odcloud.kr/api/15072696/v1/uddi:0131eccc-8fe1-4dd1-b83d-bc8824f6e939,PUB-010_시도별_장기요양판정
남자,대구,감경,인지지원등급,95,2022,https://api.odcloud.kr/api/15072696/v1/uddi:0131eccc-8fe1-4dd1-b83d-bc8824f6e939,PUB-010_시도별_장기요양판정
남자,대구,감경,등급외,77,2022,https://api.odcloud.kr/api/15072696/v1/uddi:0131eccc-8fe1-4dd1-b83d-bc8824f6e939,PUB-010_시도별_장기요양판정
남자,대구,의료급여,1등급,10,2022,https://api.odcloud.kr/api/15072696/v1/uddi:0131eccc-8fe1-4dd1-b83d-bc8824f6e939,PUB-010_시도별_장기요양판정
남자,대구,의료급여,2등급,15,2022,https://api.odcloud.kr/api/15072696/v1/uddi:0131eccc-8fe1-4dd1-b83d-bc8824f6e939,PUB-010_시도별_장기요양판정
남자,대구,의료급여,3등급,49,2022,https://api.odcloud.kr/api/15072696/v1/uddi:0131eccc-8fe1-4dd1-b83d-bc8824f6e939,PUB-010_시도별_장기요양판정
남자,대구,의료급여,4등급,87,2022,https://api.odcloud.kr/api/15072696/v1/uddi:0131eccc-8fe1-4dd1-b83d-bc8824f6e939,PUB-010_시도별_장기요양판정
남자,대구,의료급여,5등급,20,2022,https://api.odcloud.kr/api/15072696/v1/uddi:0131eccc-8fe1-4dd1-b83d-bc8824f6e939,PUB-010_시도별_장기요양판정
남자,대구,의료급여,인지지원등급,5,2022,https://api.odcloud.kr/api/15072696/v1/uddi:0131eccc-8fe1-4dd1-b83d-bc8824f6e939,PUB-010_시도별_장기요양판정
남자,대구,의료급여,등급외,28,2022,https://api.odcloud.kr/api/15072696/v1/uddi:0131eccc-8fe1-4dd1-b83d-bc8824f6e939,PUB-010_시도별_장기요양판정
남자,대구,기초,1등급,81,2022,https://api.odcloud.kr/api/15072696/v1/uddi:0131eccc-8fe1-4dd1-b83d-bc8824f6e939,PUB-010_시도별_장기요양판정
남자,대구,기초,2등급,183,2022,https://api.odcloud.kr/api/15072696/v1/uddi:0131eccc-8fe1-4dd1-b83d-bc8824f6e939,PUB-010_시도별_장기요양판정
남자,대구,기초,3등급,598,2022,https://api.odcloud.kr/api/15072696/v1/uddi:0131eccc-8fe1-4dd1-b83d-bc8824f6e939,PUB-010_시도별_장기요양판정
남자,대구,기초,4등급,1116,2022,https://api.odcloud.kr/api/15072696/v1/uddi:0131eccc-8fe1-4dd1-b83d-bc8824f6e939,PUB-010_시도별_장기요양판정
남자,대구,기초,5등급,414,2022,https://api.odcloud.kr/api/15072696/v1/uddi:0131eccc-8fe1-4dd1-b83d-bc8824f6e939,PUB-010_시도별_장기요양판정
남자,대구,기초,인지지원등급,58,2022,https://api.odcloud.kr/api/15072696/v1/uddi:0131eccc-8fe1-4dd1-b83d-bc8824f6e939,PUB-010_시도별_장기요양판정
남자,대구,기초,등급외,697,2022,https://api.odcloud.kr/api/15072696/v1/uddi:0131eccc-8fe1-4dd1-b83d-bc8824f6e939,PUB-010_시도별_장기요양판정
여자,대구,일반,1등급,594,2022,https://api.odcloud.kr/api/15072696/v1/uddi:0131eccc-8fe1-4dd1-b83d-bc8824f6e939,PUB-010_시도별_장기요양판정
여자,대구,일반,2등급,1273,2022,https://api.odcloud.kr/api/15072696/v1/uddi:0131eccc-8fe1-4dd1-b83d-bc8824f6e939,PUB-010_시도별_장기요양판정
여자,대구,일반,3등급,3816,2022,https://api.odcloud.kr/api/15072696/v1/uddi:0131eccc-8fe1-4dd1-b83d-bc8824f6e939,PUB-010_시도별_장기요양판정
여자,대구,일반,4등급,6065,2022,https://api.odcloud.kr/api/15072696/v1/uddi:0131eccc-8fe1-4dd1-b83d-bc8824f6e939,PUB-010_시도별_장기요양판정
여자,대구,일반,5등급,1775,2022,https://api.odcloud.kr/api/15072696/v1/uddi:0131eccc-8fe1-4dd1-b83d-bc8824f6e939,PUB-010_시도별_장기요양판정
여자,대구,일반,인지지원등급,315,2022,https://api.odcloud.kr/api/15072696/v1/uddi:0131eccc-8fe1-4dd1-b83d-bc8824f6e939,PUB-010_시도별_장기요양판정
여자,대구,일반,등급외,2615,2022,https://api.odcloud.kr/api/15072696/v1/uddi:0131eccc-8fe1-4dd1-b83d-bc8824f6e939,PUB-010_시도별_장기요양판정
여자,대구,감경,1등급,496,2022,https://api.odcloud.kr/api/15072696/v1/uddi:0131eccc-8fe1-4dd1-b83d-bc8824f6e939,PUB-010_시도별_장기요양판정
여자,대구,감경,2등급,1229,2022,https://api.odcloud.kr/api/15072696/v1/uddi:0131eccc-8fe1-4dd1-b83d-bc8824f6e939,PUB-010_시도별_장기요양판정
여자,대구,감경,3등급,3378,2022,https://api.odcloud.kr/api/15072696/v1/uddi:0131eccc-8fe1-4dd1-b83d-bc8824f6e939,PUB-010_시도별_장기요양판정
여자,대구,감경,4등급,4961,2022,https://api.odcloud.kr/api/15072696/v1/uddi:0131eccc-8fe1-4dd1-b83d-bc8824f6e939,PUB-010_시도별_장기요양판정
여자,대구,감경,5등급,1348,2022,https://api.odcloud.kr/api/15072696/v1/uddi:0131eccc-8fe1-4dd1-b83d-bc8824f6e939,PUB-010_시도별_장기요양판정
여자,대구,감경,인지지원등급,212,2022,https://api.odcloud.kr/api/15072696/v1/uddi:0131eccc-8fe1-4dd1-b83d-bc8824f6e939,PUB-010_시도별_장기요양판정
여자,대구,감경,등급외,184,2022,https://api.odcloud.kr/api/15072696/v1/uddi:0131eccc-8fe1-4dd1-b83d-bc8824f6e939,PUB-010_시도별_장기요양판정
여자,대구,의료급여,1등급,33,2022,https://api.odcloud.kr/api/15072696/v1/uddi:0131eccc-8fe1-4dd1-b83d-bc8824f6e939,PUB-010_시도별_장기요양판정
여자,대구,의료급여,2등급,62,2022,https://api.odcloud.kr/api/15072696/v1/uddi:0131eccc-8fe1-4dd1-b83d-bc8824f6e939,PUB-010_시도별_장기요양판정
여자,대구,의료급여,3등급,157,2022,https://api.odcloud.kr/api/15072696/v1/uddi:0131eccc-8fe1-4dd1-b83d-bc8824f6e939,PUB-010_시도별_장기요양판정
여자,대구,의료급여,4등급,237,2022,https://api.odcloud.kr/api/15072696/v1/uddi:0131eccc-8fe1-4dd1-b83d-bc8824f6e939,PUB-010_시도별_장기요양판정
여자,대구,의료급여,5등급,58,2022,https://api.odcloud.kr/api/15072696/v1/uddi:0131eccc-8fe1-4dd1-b83d-bc8824f6e939,PUB-010_시도별_장기요양판정
여자,대구,의료급여,인지지원등급,5,2022,https://api.odcloud.kr/api/15072696/v1/uddi:0131eccc-8fe1-4dd1-b83d-bc8824f6e939,PUB-010_시도별_장기요양판정
여자,대구,의료급여,등급외,55,2022,https://api.odcloud.kr/api/15072696/v1/uddi:0131eccc-8fe1-4dd1-b83d-bc8824f6e939,PUB-010_시도별_장기요양판정
여자,대구,기초,1등급,287,2022,https://api.odcloud.kr/api/15072696/v1/uddi:0131eccc-8fe1-4dd1-b83d-bc8824f6e939,PUB-010_시도별_장기요양판정
여자,대구,기초,2등급,589,2022,https://api.odcloud.kr/api/15072696/v1/uddi:0131eccc-8fe1-4dd1-b83d-bc8824f6e939,PUB-010_시도별_장기요양판정
여자,대구,기초,3등급,1553,2022,https://api.odcloud.kr/api/15072696/v1/uddi:0131eccc-8fe1-4dd1-b83d-bc8824f6e939,PUB-010_시도별_장기요양판정
여자,대구,기초,4등급,2796,2022,https://api.odcloud.kr/api/15072696/v1/uddi:0131eccc-8fe1-4dd1-b83d-bc8824f6e939,PUB-010_시도별_장기요양판정
여자,대구,기초,5등급,840,2022,https://api.odcloud.kr/api/15072696/v1/uddi:0131eccc-8fe1-4dd1-b83d-bc8824f6e939,PUB-010_시도별_장기요양판정
여자,대구,기초,인지지원등급,111,2022,https://api.odcloud.kr/api/15072696/v1/uddi:0131eccc-8fe1-4dd1-b83d-bc8824f6e939,PUB-010_시도별_장기요양판정
여자,대구,기초,등급외,1072,2022,https://api.odcloud.kr/api/15072696/v1/uddi:0131eccc-8fe1-4dd1-b83d-bc8824f6e939,PUB-010_시도별_장기요양판정
남자,인천,일반,1등급,263,2022,https://api.odcloud.kr/api/15072696/v1/uddi:0131eccc-8fe1-4dd1-b83d-bc8824f6e939,PUB-010_시도별_장기요양판정
남자,인천,일반,2등급,531,2022,https://api.odcloud.kr/api/15072696/v1/uddi:0131eccc-8fe1-4dd1-b83d-bc8824f6e939,PUB-010_시도별_장기요양판정
남자,인천,일반,3등급,1876,2022,https://api.odcloud.kr/api/15072696/v1/uddi:0131eccc-8fe1-4dd1-b83d-bc8824f6e939,PUB-010_시도별_장기요양판정
남자,인천,일반,4등급,2906,2022,https://api.odcloud.kr/api/15072696/v1/uddi:0131eccc-8fe1-4dd1-b83d-bc8824f6e939,PUB-010_시도별_장기요양판정
남자,인천,일반,5등급,557,2022,https://api.odcloud.kr/api/15072696/v1/uddi:0131eccc-8fe1-4dd1-b83d-bc8824f6e939,PUB-010_시도별_장기요양판정
남자,인천,일반,인지지원등급,117,2022,https://api.odcloud.kr/api/15072696/v1/uddi:0131eccc-8fe1-4dd1-b83d-bc8824f6e939,PUB-010_시도별_장기요양판정
남자,인천,일반,등급외,1316,2022,https://api.odcloud.kr/api/15072696/v1/uddi:0131eccc-8fe1-4dd1-b83d-bc8824f6e939,PUB-010_시도별_장기요양판정
남자,인천,감경,1등급,241,2022,https://api.odcloud.kr/api/15072696/v1/uddi:0131eccc-8fe1-4dd1-b83d-bc8824f6e939,PUB-010_시도별_장기요양판정
남자,인천,감경,2등급,493,2022,https://api.odcloud.kr/api/15072696/v1/uddi:0131eccc-8fe1-4dd1-b83d-bc8824f6e939,PUB-010_시도별_장기요양판정
남자,인천,감경,3등급,1658,2022,https://api.odcloud.kr/api/15072696/v1/uddi:0131eccc-8fe1-4dd1-b83d-bc8824f6e939,PUB-010_시도별_장기요양판정
남자,인천,감경,4등급,2460,2022,https://api.odcloud.kr/api/15072696/v1/uddi:0131eccc-8fe1-4dd1-b83d-bc8824f6e939,PUB-010_시도별_장기요양판정
남자,인천,감경,5등급,416,2022,https://api.odcloud.kr/api/15072696/v1/uddi:0131eccc-8fe1-4dd1-b83d-bc8824f6e939,PUB-010_시도별_장기요양판정
남자,인천,감경,인지지원등급,68,2022,https://api.odcloud.kr/api/15072696/v1/uddi:0131eccc-8fe1-4dd1-b83d-bc8824f6e939,PUB-010_시도별_장기요양판정
남자,인천,감경,등급외,85,2022,https://api.odcloud.kr/api/15072696/v1/uddi:0131eccc-8fe1-4dd1-b83d-bc8824f6e939,PUB-010_시도별_장기요양판정
남자,인천,의료급여,1등급,4,2022,https://api.odcloud.kr/api/15072696/v1/uddi:0131eccc-8fe1-4dd1-b83d-bc8824f6e939,PUB-010_시도별_장기요양판정
남자,인천,의료급여,2등급,20,2022,https://api.odcloud.kr/api/15072696/v1/uddi:0131eccc-8fe1-4dd1-b83d-bc8824f6e939,PUB-010_시도별_장기요양판정
남자,인천,의료급여,3등급,49,2022,https://api.odcloud.kr/api/15072696/v1/uddi:0131eccc-8fe1-4dd1-b83d-bc8824f6e939,PUB-010_시도별_장기요양판정
남자,인천,의료급여,4등급,68,2022,https://api.odcloud.kr/api/15072696/v1/uddi:0131eccc-8fe1-4dd1-b83d-bc8824f6e939,PUB-010_시도별_장기요양판정
남자,인천,의료급여,5등급,9,2022,https://api.odcloud.kr/api/15072696/v1/uddi:0131eccc-8fe1-4dd1-b83d-bc8824f6e939,PUB-010_시도별_장기요양판정
남자,인천,의료급여,인지지원등급,3,2022,https://api.odcloud.kr/api/15072696/v1/uddi:0131eccc-8fe1-4dd1-b83d-bc8824f6e939,PUB-010_시도별_장기요양판정
남자,인천,의료급여,등급외,16,2022,https://api.odcloud.kr/api/15072696/v1/uddi:0131eccc-8fe1-4dd1-b83d-bc8824f6e939,PUB-010_시도별_장기요양판정
남자,인천,기초,1등급,170,2022,https://api.odcloud.kr/api/15072696/v1/uddi:0131eccc-8fe1-4dd1-b83d-bc8824f6e939,PUB-010_시도별_장기요양판정
남자,인천,기초,2등급,300,2022,https://api.odcloud.kr/api/15072696/v1/uddi:0131eccc-8fe1-4dd1-b83d-bc8824f6e939,PUB-010_시도별_장기요양판정
남자,인천,기초,3등급,1006,2022,https://api.odcloud.kr/api/15072696/v1/uddi:0131eccc-8fe1-4dd1-b83d-bc8824f6e939,PUB-010_시도별_장기요양판정
남자,인천,기초,4등급,1964,2022,https://api.odcloud.kr/api/15072696/v1/uddi:0131eccc-8fe1-4dd1-b83d-bc8824f6e939,PUB-010_시도별_장기요양판정
남자,인천,기초,5등급,327,2022,https://api.odcloud.kr/api/15072696/v1/uddi:0131eccc-8fe1-4dd1-b83d-bc8824f6e939,PUB-010_시도별_장기요양판정
남자,인천,기초,인지지원등급,64,2022,https://api.odcloud.kr/api/15072696/v1/uddi:0131eccc-8fe1-4dd1-b83d-bc8824f6e939,PUB-010_시도별_장기요양판정
남자,인천,기초,등급외,879,2022,https://api.odcloud.kr/api/15072696/v1/uddi:0131eccc-8fe1-4dd1-b83d-bc8824f6e939,PUB-010_시도별_장기요양판정
여자,인천,일반,1등급,716,2022,https://api.odcloud.kr/api/15072696/v1/uddi:0131eccc-8fe1-4dd1-b83d-bc8824f6e939,PUB-010_시도별_장기요양판정
여자,인천,일반,2등급,1518,2022,https://api.odcloud.kr/api/15072696/v1/uddi:0131eccc-8fe1-4dd1-b83d-bc8824f6e939,PUB-010_시도별_장기요양판정
여자,인천,일반,3등급,4511,2022,https://api.odcloud.kr/api/15072696/v1/uddi:0131eccc-8fe1-4dd1-b83d-bc8824f6e939,PUB-010_시도별_장기요양판정
여자,인천,일반,4등급,6908,2022,https://api.odcloud.kr/api/15072696/v1/uddi:0131eccc-8fe1-4dd1-b83d-bc8824f6e939,PUB-010_시도별_장기요양판정
여자,인천,일반,5등급,1244,2022,https://api.odcloud.kr/api/15072696/v1/uddi:0131eccc-8fe1-4dd1-b83d-bc8824f6e939,PUB-010_시도별_장기요양판정
여자,인천,일반,인지지원등급,243,2022,https://api.odcloud.kr/api/15072696/v1/uddi:0131eccc-8fe1-4dd1-b83d-bc8824f6e939,PUB-010_시도별_장기요양판정
여자,인천,일반,등급외,2856,2022,https://api.odcloud.kr/api/15072696/v1/uddi:0131eccc-8fe1-4dd1-b83d-bc8824f6e939,PUB-010_시도별_장기요양판정
여자,인천,감경,1등급,718,2022,https://api.odcloud.kr/api/15072696/v1/uddi:0131eccc-8fe1-4dd1-b83d-bc8824f6e939,PUB-010_시도별_장기요양판정
여자,인천,감경,2등급,1627,2022,https://api.odcloud.kr/api/15072696/v1/uddi:0131eccc-8fe1-4dd1-b83d-bc8824f6e939,PUB-010_시도별_장기요양판정
여자,인천,감경,3등급,4665,2022,https://api.odcloud.kr/api/15072696/v1/uddi:0131eccc-8fe1-4dd1-b83d-bc8824f6e939,PUB-010_시도별_장기요양판정
여자,인천,감경,4등급,6539,2022,https://api.odcloud.kr/api/15072696/v1/uddi:0131eccc-8fe1-4dd1-b83d-bc8824f6e939,PUB-010_시도별_장기요양판정
여자,인천,감경,5등급,986,2022,https://api.odcloud.kr/api/15072696/v1/uddi:0131eccc-8fe1-4dd1-b83d-bc8824f6e939,PUB-010_시도별_장기요양판정
여자,인천,감경,인지지원등급,178,2022,https://api.odcloud.kr/api/15072696/v1/uddi:0131eccc-8fe1-4dd1-b83d-bc8824f6e939,PUB-010_시도별_장기요양판정
여자,인천,감경,등급외,153,2022,https://api.odcloud.kr/api/15072696/v1/uddi:0131eccc-8fe1-4dd1-b83d-bc8824f6e939,PUB-010_시도별_장기요양판정
여자,인천,의료급여,1등급,23,2022,https://api.odcloud.kr/api/15072696/v1/uddi:0131eccc-8fe1-4dd1-b83d-bc8824f6e939,PUB-010_시도별_장기요양판정
여자,인천,의료급여,2등급,53,2022,https://api.odcloud.kr/api/15072696/v1/uddi:0131eccc-8fe1-4dd1-b83d-bc8824f6e939,PUB-010_시도별_장기요양판정
여자,인천,의료급여,3등급,101,2022,https://api.odcloud.kr/api/15072696/v1/uddi:0131eccc-8fe1-4dd1-b83d-bc8824f6e939,PUB-010_시도별_장기요양판정
여자,인천,의료급여,4등급,184,2022,https://api.odcloud.kr/api/15072696/v1/uddi:0131eccc-8fe1-4dd1-b83d-bc8824f6e939,PUB-010_시도별_장기요양판정
여자,인천,의료급여,5등급,23,2022,https://api.odcloud.kr/api/15072696/v1/uddi:0131eccc-8fe1-4dd1-b83d-bc8824f6e939,PUB-010_시도별_장기요양판정
여자,인천,의료급여,인지지원등급,1,2022,https://api.odcloud.kr/api/15072696/v1/uddi:0131eccc-8fe1-4dd1-b83d-bc8824f6e939,PUB-010_시도별_장기요양판정
여자,인천,의료급여,등급외,41,2022,https://api.odcloud.kr/api/15072696/v1/uddi:0131eccc-8fe1-4dd1-b83d-bc8824f6e939,PUB-010_시도별_장기요양판정
여자,인천,기초,1등급,439,2022,https://api.odcloud.kr/api/15072696/v1/uddi:0131eccc-8fe1-4dd1-b83d-bc8824f6e939,PUB-010_시도별_장기요양판정
여자,인천,기초,2등급,811,2022,https://api.odcloud.kr/api/15072696/v1/uddi:0131eccc-8fe1-4dd1-b83d-bc8824f6e939,PUB-010_시도별_장기요양판정
여자,인천,기초,3등급,2397,2022,https://api.odcloud.kr/api/15072696/v1/uddi:0131eccc-8fe1-4dd1-b83d-bc8824f6e939,PUB-010_시도별_장기요양판정
여자,인천,기초,4등급,4129,2022,https://api.odcloud.kr/api/15072696/v1/uddi:0131eccc-8fe1-4dd1-b83d-bc8824f6e939,PUB-010_시도별_장기요양판정
여자,인천,기초,5등급,575,2022,https://api.odcloud.kr/api/15072696/v1/uddi:0131eccc-8fe1-4dd1-b83d-bc8824f6e939,PUB-010_시도별_장기요양판정
여자,인천,기초,인지지원등급,73,2022,https://api.odcloud.kr/api/15072696/v1/uddi:0131eccc-8fe1-4dd1-b83d-bc8824f6e939,PUB-010_시도별_장기요양판정
여자,인천,기초,등급외,1151,2022,https://api.odcloud.kr/api/15072696/v1/uddi:0131eccc-8fe1-4dd1-b83d-bc8824f6e939,PUB-010_시도별_장기요양판정
남자,광주,일반,1등급,149,2022,https://api.odcloud.kr/api/15072696/v1/uddi:0131eccc-8fe1-4dd1-b83d-bc8824f6e939,PUB-010_시도별_장기요양판정
남자,광주,일반,2등급,258,2022,https://api.odcloud.kr/api/15072696/v1/uddi:0131eccc-8fe1-4dd1-b83d-bc8824f6e939,PUB-010_시도별_장기요양판정
남자,광주,일반,3등급,1027,2022,https://api.odcloud.kr/api/15072696/v1/uddi:0131eccc-8fe1-4dd1-b83d-bc8824f6e939,PUB-010_시도별_장기요양판정
남자,광주,일반,4등급,1707,2022,https://api.odcloud.kr/api/15072696/v1/uddi:0131eccc-8fe1-4dd1-b83d-bc8824f6e939,PUB-010_시도별_장기요양판정
남자,광주,일반,5등급,399,2022,https://api.odcloud.kr/api/15072696/v1/uddi:0131eccc-8fe1-4dd1-b83d-bc8824f6e939,PUB-010_시도별_장기요양판정
남자,광주,일반,인지지원등급,103,2022,https://api.odcloud.kr/api/15072696/v1/uddi:0131eccc-8fe1-4dd1-b83d-bc8824f6e939,PUB-010_시도별_장기요양판정
남자,광주,일반,등급외,1138,2022,https://api.odcloud.kr/api/15072696/v1/uddi:0131eccc-8fe1-4dd1-b83d-bc8824f6e939,PUB-010_시도별_장기요양판정
남자,광주,감경,1등급,114,2022,https://api.odcloud.kr/api/15072696/v1/uddi:0131eccc-8fe1-4dd1-b83d-bc8824f6e939,PUB-010_시도별_장기요양판정
남자,광주,감경,2등급,187,2022,https://api.odcloud.kr/api/15072696/v1/uddi:0131eccc-8fe1-4dd1-b83d-bc8824f6e939,PUB-010_시도별_장기요양판정
남자,광주,감경,3등급,681,2022,https://api.odcloud.kr/api/15072696/v1/uddi:0131eccc-8fe1-4dd1-b83d-bc8824f6e939,PUB-010_시도별_장기요양판정
남자,광주,감경,4등급,1080,2022,https://api.odcloud.kr/api/15072696/v1/uddi:0131eccc-8fe1-4dd1-b83d-bc8824f6e939,PUB-010_시도별_장기요양판정
남자,광주,감경,5등급,242,2022,https://api.odcloud.kr/api/15072696/v1/uddi:0131eccc-8fe1-4dd1-b83d-bc8824f6e939,PUB-010_시도별_장기요양판정
남자,광주,감경,인지지원등급,69,2022,https://api.odcloud.kr/api/15072696/v1/uddi:0131eccc-8fe1-4dd1-b83d-bc8824f6e939,PUB-010_시도별_장기요양판정
남자,광주,감경,등급외,74,2022,https://api.odcloud.kr/api/15072696/v1/uddi:0131eccc-8fe1-4dd1-b83d-bc8824f6e939,PUB-010_시도별_장기요양판정
남자,광주,의료급여,1등급,7,2022,https://api.odcloud.kr/api/15072696/v1/uddi:0131eccc-8fe1-4dd1-b83d-bc8824f6e939,PUB-010_시도별_장기요양판정
남자,광주,의료급여,2등급,11,2022,https://api.odcloud.kr/api/15072696/v1/uddi:0131eccc-8fe1-4dd1-b83d-bc8824f6e939,PUB-010_시도별_장기요양판정
남자,광주,의료급여,3등급,33,2022,https://api.odcloud.kr/api/15072696/v1/uddi:0131eccc-8fe1-4dd1-b83d-bc8824f6e939,PUB-010_시도별_장기요양판정
남자,광주,의료급여,4등급,67,2022,https://api.odcloud.kr/api/15072696/v1/uddi:0131eccc-8fe1-4dd1-b83d-bc8824f6e939,PUB-010_시도별_장기요양판정
남자,광주,의료급여,5등급,19,2022,https://api.odcloud.kr/api/15072696/v1/uddi:0131eccc-8fe1-4dd1-b83d-bc8824f6e939,PUB-010_시도별_장기요양판정
남자,광주,의료급여,인지지원등급,4,2022,https://api.odcloud.kr/api/15072696/v1/uddi:0131eccc-8fe1-4dd1-b83d-bc8824f6e939,PUB-010_시도별_장기요양판정
남자,광주,의료급여,등급외,24,2022,https://api.odcloud.kr/api/15072696/v1/uddi:0131eccc-8fe1-4dd1-b83d-bc8824f6e939,PUB-010_시도별_장기요양판정
남자,광주,기초,1등급,42,2022,https://api.odcloud.kr/api/15072696/v1/uddi:0131eccc-8fe1-4dd1-b83d-bc8824f6e939,PUB-010_시도별_장기요양판정
남자,광주,기초,2등급,61,2022,https://api.odcloud.kr/api/15072696/v1/uddi:0131eccc-8fe1-4dd1-b83d-bc8824f6e939,PUB-010_시도별_장기요양판정
남자,광주,기초,3등급,274,2022,https://api.odcloud.kr/api/15072696/v1/uddi:0131eccc-8fe1-4dd1-b83d-bc8824f6e939,PUB-010_시도별_장기요양판정
남자,광주,기초,4등급,637,2022,https://api.odcloud.kr/api/15072696/v1/uddi:0131eccc-8fe1-4dd1-b83d-bc8824f6e939,PUB-010_시도별_장기요양판정
남자,광주,기초,5등급,178,2022,https://api.odcloud.kr/api/15072696/v1/uddi:0131eccc-8fe1-4dd1-b83d-bc8824f6e939,PUB-010_시도별_장기요양판정
남자,광주,기초,인지지원등급,37,2022,https://api.odcloud.kr/api/15072696/v1/uddi:0131eccc-8fe1-4dd1-b83d-bc8824f6e939,PUB-010_시도별_장기요양판정
남자,광주,기초,등급외,623,2022,https://api.odcloud.kr/api/15072696/v1/uddi:0131eccc-8fe1-4dd1-b83d-bc8824f6e939,PUB-010_시도별_장기요양판정
여자,광주,일반,1등급,357,2022,https://api.odcloud.kr/api/15072696/v1/uddi:0131eccc-8fe1-4dd1-b83d-bc8824f6e939,PUB-010_시도별_장기요양판정
여자,광주,일반,2등급,585,2022,https://api.odcloud.kr/api/15072696/v1/uddi:0131eccc-8fe1-4dd1-b83d-bc8824f6e939,PUB-010_시도별_장기요양판정
여자,광주,일반,3등급,2136,2022,https://api.odcloud.kr/api/15072696/v1/uddi:0131eccc-8fe1-4dd1-b83d-bc8824f6e939,PUB-010_시도별_장기요양판정
여자,광주,일반,4등급,4184,2022,https://api.odcloud.kr/api/15072696/v1/uddi:0131eccc-8fe1-4dd1-b83d-bc8824f6e939,PUB-010_시도별_장기요양판정
여자,광주,일반,5등급,891,2022,https://api.odcloud.kr/api/15072696/v1/uddi:0131eccc-8fe1-4dd1-b83d-bc8824f6e939,PUB-010_시도별_장기요양판정
여자,광주,일반,인지지원등급,235,2022,https://api.odcloud.kr/api/15072696/v1/uddi:0131eccc-8fe1-4dd1-b83d-bc8824f6e939,PUB-010_시도별_장기요양판정
여자,광주,일반,등급외,2696,2022,https://api.odcloud.kr/api/15072696/v1/uddi:0131eccc-8fe1-4dd1-b83d-bc8824f6e939,PUB-010_시도별_장기요양판정
여자,광주,감경,1등급,317,2022,https://api.odcloud.kr/api/15072696/v1/uddi:0131eccc-8fe1-4dd1-b83d-bc8824f6e939,PUB-010_시도별_장기요양판정
여자,광주,감경,2등급,577,2022,https://api.odcloud.kr/api/15072696/v1/uddi:0131eccc-8fe1-4dd1-b83d-bc8824f6e939,PUB-010_시도별_장기요양판정
여자,광주,감경,3등급,1841,2022,https://api.odcloud.kr/api/15072696/v1/uddi:0131eccc-8fe1-4dd1-b83d-bc8824f6e939,PUB-010_시도별_장기요양판정
여자,광주,감경,4등급,3213,2022,https://api.odcloud.kr/api/15072696/v1/uddi:0131eccc-8fe1-4dd1-b83d-bc8824f6e939,PUB-010_시도별_장기요양판정
여자,광주,감경,5등급,704,2022,https://api.odcloud.kr/api/15072696/v1/uddi:0131eccc-8fe1-4dd1-b83d-bc8824f6e939,PUB-010_시도별_장기요양판정
여자,광주,감경,인지지원등급,129,2022,https://api.odcloud.kr/api/15072696/v1/uddi:0131eccc-8fe1-4dd1-b83d-bc8824f6e939,PUB-010_시도별_장기요양판정
여자,광주,감경,등급외,159,2022,https://api.odcloud.kr/api/15072696/v1/uddi:0131eccc-8fe1-4dd1-b83d-bc8824f6e939,PUB-010_시도별_장기요양판정
여자,광주,의료급여,1등급,20,2022,https://api.odcloud.kr/api/15072696/v1/uddi:0131eccc-8fe1-4dd1-b83d-bc8824f6e939,PUB-010_시도별_장기요양판정
여자,광주,의료급여,2등급,24,2022,https://api.odcloud.kr/api/15072696/v1/uddi:0131eccc-8fe1-4dd1-b83d-bc8824f6e939,PUB-010_시도별_장기요양판정
여자,광주,의료급여,3등급,93,2022,https://api.odcloud.kr/api/15072696/v1/uddi:0131eccc-8fe1-4dd1-b83d-bc8824f6e939,PUB-010_시도별_장기요양판정
여자,광주,의료급여,4등급,204,2022,https://api.odcloud.kr/api/15072696/v1/uddi:0131eccc-8fe1-4dd1-b83d-bc8824f6e939,PUB-010_시도별_장기요양판정
여자,광주,의료급여,5등급,40,2022,https://api.odcloud.kr/api/15072696/v1/uddi:0131eccc-8fe1-4dd1-b83d-bc8824f6e939,PUB-010_시도별_장기요양판정
여자,광주,의료급여,인지지원등급,4,2022,https://api.odcloud.kr/api/15072696/v1/uddi:0131eccc-8fe1-4dd1-b83d-bc8824f6e939,PUB-010_시도별_장기요양판정
여자,광주,의료급여,등급외,57,2022,https://api.odcloud.kr/api/15072696/v1/uddi:0131eccc-8fe1-4dd1-b83d-bc8824f6e939,PUB-010_시도별_장기요양판정
여자,광주,기초,1등급,114,2022,https://api.odcloud.kr/api/15072696/v1/uddi:0131eccc-8fe1-4dd1-b83d-bc8824f6e939,PUB-010_시도별_장기요양판정
여자,광주,기초,2등급,193,2022,https://api.odcloud.kr/api/15072696/v1/uddi:0131eccc-8fe1-4dd1-b83d-bc8824f6e939,PUB-010_시도별_장기요양판정
여자,광주,기초,3등급,731,2022,https://api.odcloud.kr/api/15072696/v1/uddi:0131eccc-8fe1-4dd1-b83d-bc8824f6e939,PUB-010_시도별_장기요양판정
여자,광주,기초,4등급,1544,2022,https://api.odcloud.kr/api/15072696/v1/uddi:0131eccc-8fe1-4dd1-b83d-bc8824f6e939,PUB-010_시도별_장기요양판정
여자,광주,기초,5등급,420,2022,https://api.odcloud.kr/api/15072696/v1/uddi:0131eccc-8fe1-4dd1-b83d-bc8824f6e939,PUB-010_시도별_장기요양판정
여자,광주,기초,인지지원등급,85,2022,https://api.odcloud.kr/api/15072696/v1/uddi:0131eccc-8fe1-4dd1-b83d-bc8824f6e939,PUB-010_시도별_장기요양판정
여자,광주,기초,등급외,955,2022,https://api.odcloud.kr/api/15072696/v1/uddi:0131eccc-8fe1-4dd1-b83d-bc8824f6e939,PUB-010_시도별_장기요양판정
남자,대전,일반,1등급,174,2022,https://api.odcloud.kr/api/15072696/v1/uddi:0131eccc-8fe1-4dd1-b83d-bc8824f6e939,PUB-010_시도별_장기요양판정
남자,대전,일반,2등급,246,2022,https://api.odcloud.kr/api/15072696/v1/uddi:0131eccc-8fe1-4dd1-b83d-bc8824f6e939,PUB-010_시도별_장기요양판정
남자,대전,일반,3등급,1012,2022,https://api.odcloud.kr/api/15072696/v1/uddi:0131eccc-8fe1-4dd1-b83d-bc8824f6e939,PUB-010_시도별_장기요양판정
남자,대전,일반,4등급,1637,2022,https://api.odcloud.kr/api/15072696/v1/uddi:0131eccc-8fe1-4dd1-b83d-bc8824f6e939,PUB-010_시도별_장기요양판정
남자,대전,일반,5등급,498,2022,https://api.odcloud.kr/api/15072696/v1/uddi:0131eccc-8fe1-4dd1-b83d-bc8824f6e939,PUB-010_시도별_장기요양판정
남자,대전,일반,인지지원등급,74,2022,https://api.odcloud.kr/api/15072696/v1/uddi:0131eccc-8fe1-4dd1-b83d-bc8824f6e939,PUB-010_시도별_장기요양판정
남자,대전,일반,등급외,841,2022,https://api.odcloud.kr/api/15072696/v1/uddi:0131eccc-8fe1-4dd1-b83d-bc8824f6e939,PUB-010_시도별_장기요양판정
남자,대전,감경,1등급,88,2022,https://api.odcloud.kr/api/15072696/v1/uddi:0131eccc-8fe1-4dd1-b83d-bc8824f6e939,PUB-010_시도별_장기요양판정
남자,대전,감경,2등급,195,2022,https://api.odcloud.kr/api/15072696/v1/uddi:0131eccc-8fe1-4dd1-b83d-bc8824f6e939,PUB-010_시도별_장기요양판정
남자,대전,감경,3등급,713,2022,https://api.odcloud.kr/api/15072696/v1/uddi:0131eccc-8fe1-4dd1-b83d-bc8824f6e939,PUB-010_시도별_장기요양판정
남자,대전,감경,4등급,1070,2022,https://api.odcloud.kr/api/15072696/v1/uddi:0131eccc-8fe1-4dd1-b83d-bc8824f6e939,PUB-010_시도별_장기요양판정
남자,대전,감경,5등급,288,2022,https://api.odcloud.kr/api/15072696/v1/uddi:0131eccc-8fe1-4dd1-b83d-bc8824f6e939,PUB-010_시도별_장기요양판정
남자,대전,감경,인지지원등급,58,2022,https://api.odcloud.kr/api/15072696/v1/uddi:0131eccc-8fe1-4dd1-b83d-bc8824f6e939,PUB-010_시도별_장기요양판정
남자,대전,감경,등급외,41,2022,https://api.odcloud.kr/api/15072696/v1/uddi:0131eccc-8fe1-4dd1-b83d-bc8824f6e939,PUB-010_시도별_장기요양판정
남자,대전,의료급여,1등급,4,2022,https://api.odcloud.kr/api/15072696/v1/uddi:0131eccc-8fe1-4dd1-b83d-bc8824f6e939,PUB-010_시도별_장기요양판정
남자,대전,의료급여,2등급,10,2022,https://api.odcloud.kr/api/15072696/v1/uddi:0131eccc-8fe1-4dd1-b83d-bc8824f6e939,PUB-010_시도별_장기요양판정
남자,대전,의료급여,3등급,19,2022,https://api.odcloud.kr/api/15072696/v1/uddi:0131eccc-8fe1-4dd1-b83d-bc8824f6e939,PUB-010_시도별_장기요양판정
남자,대전,의료급여,4등급,38,2022,https://api.odcloud.kr/api/15072696/v1/uddi:0131eccc-8fe1-4dd1-b83d-bc8824f6e939,PUB-010_시도별_장기요양판정
남자,대전,의료급여,5등급,9,2022,https://api.odcloud.kr/api/15072696/v1/uddi:0131eccc-8fe1-4dd1-b83d-bc8824f6e939,PUB-010_시도별_장기요양판정
남자,대전,의료급여,인지지원등급,2,2022,https://api.odcloud.kr/api/15072696/v1/uddi:0131eccc-8fe1-4dd1-b83d-bc8824f6e939,PUB-010_시도별_장기요양판정
남자,대전,의료급여,등급외,12,2022,https://api.odcloud.kr/api/15072696/v1/uddi:0131eccc-8fe1-4dd1-b83d-bc8824f6e939,PUB-010_시도별_장기요양판정
남자,대전,기초,1등급,55,2022,https://api.odcloud.kr/api/15072696/v1/uddi:0131eccc-8fe1-4dd1-b83d-bc8824f6e939,PUB-010_시도별_장기요양판정
남자,대전,기초,2등급,104,2022,https://api.odcloud.kr/api/15072696/v1/uddi:0131eccc-8fe1-4dd1-b83d-bc8824f6e939,PUB-010_시도별_장기요양판정
남자,대전,기초,3등급,314,2022,https://api.odcloud.kr/api/15072696/v1/uddi:0131eccc-8fe1-4dd1-b83d-bc8824f6e939,PUB-010_시도별_장기요양판정
남자,대전,기초,4등급,687,2022,https://api.odcloud.kr/api/15072696/v1/uddi:0131eccc-8fe1-4dd1-b83d-bc8824f6e939,PUB-010_시도별_장기요양판정
남자,대전,기초,5등급,183,2022,https://api.odcloud.kr/api/15072696/v1/uddi:0131eccc-8fe1-4dd1-b83d-bc8824f6e939,PUB-010_시도별_장기요양판정
남자,대전,기초,인지지원등급,35,2022,https://api.odcloud.kr/api/15072696/v1/uddi:0131eccc-8fe1-4dd1-b83d-bc8824f6e939,PUB-010_시도별_장기요양판정
남자,대전,기초,등급외,546,2022,https://api.odcloud.kr/api/15072696/v1/uddi:0131eccc-8fe1-4dd1-b83d-bc8824f6e939,PUB-010_시도별_장기요양판정
여자,대전,일반,1등급,372,2022,https://api.odcloud.kr/api/15072696/v1/uddi:0131eccc-8fe1-4dd1-b83d-bc8824f6e939,PUB-010_시도별_장기요양판정
여자,대전,일반,2등급,696,2022,https://api.odcloud.kr/api/15072696/v1/uddi:0131eccc-8fe1-4dd1-b83d-bc8824f6e939,PUB-010_시도별_장기요양판정
여자,대전,일반,3등급,2314,2022,https://api.odcloud.kr/api/15072696/v1/uddi:0131eccc-8fe1-4dd1-b83d-bc8824f6e939,PUB-010_시도별_장기요양판정
여자,대전,일반,4등급,3767,2022,https://api.odcloud.kr/api/15072696/v1/uddi:0131eccc-8fe1-4dd1-b83d-bc8824f6e939,PUB-010_시도별_장기요양판정
여자,대전,일반,5등급,1070,2022,https://api.odcloud.kr/api/15072696/v1/uddi:0131eccc-8fe1-4dd1-b83d-bc8824f6e939,PUB-010_시도별_장기요양판정
여자,대전,일반,인지지원등급,203,2022,https://api.odcloud.kr/api/15072696/v1/uddi:0131eccc-8fe1-4dd1-b83d-bc8824f6e939,PUB-010_시도별_장기요양판정
여자,대전,일반,등급외,1739,2022,https://api.odcloud.kr/api/15072696/v1/uddi:0131eccc-8fe1-4dd1-b83d-bc8824f6e939,PUB-010_시도별_장기요양판정
여자,대전,감경,1등급,352,2022,https://api.odcloud.kr/api/15072696/v1/uddi:0131eccc-8fe1-4dd1-b83d-bc8824f6e939,PUB-010_시도별_장기요양판정
여자,대전,감경,2등급,670,2022,https://api.odcloud.kr/api/15072696/v1/uddi:0131eccc-8fe1-4dd1-b83d-bc8824f6e939,PUB-010_시도별_장기요양판정
여자,대전,감경,3등급,1881,2022,https://api.odcloud.kr/api/15072696/v1/uddi:0131eccc-8fe1-4dd1-b83d-bc8824f6e939,PUB-010_시도별_장기요양판정
여자,대전,감경,4등급,2897,2022,https://api.odcloud.kr/api/15072696/v1/uddi:0131eccc-8fe1-4dd1-b83d-bc8824f6e939,PUB-010_시도별_장기요양판정
여자,대전,감경,5등급,740,2022,https://api.odcloud.kr/api/15072696/v1/uddi:0131eccc-8fe1-4dd1-b83d-bc8824f6e939,PUB-010_시도별_장기요양판정
여자,대전,감경,인지지원등급,123,2022,https://api.odcloud.kr/api/15072696/v1/uddi:0131eccc-8fe1-4dd1-b83d-bc8824f6e939,PUB-010_시도별_장기요양판정
여자,대전,감경,등급외,92,2022,https://api.odcloud.kr/api/15072696/v1/uddi:0131eccc-8fe1-4dd1-b83d-bc8824f6e939,PUB-010_시도별_장기요양판정
여자,대전,의료급여,1등급,15,2022,https://api.odcloud.kr/api/15072696/v1/uddi:0131eccc-8fe1-4dd1-b83d-bc8824f6e939,PUB-010_시도별_장기요양판정
여자,대전,의료급여,2등급,26,2022,https://api.odcloud.kr/api/15072696/v1/uddi:0131eccc-8fe1-4dd1-b83d-bc8824f6e939,PUB-010_시도별_장기요양판정
여자,대전,의료급여,3등급,71,2022,https://api.odcloud.kr/api/15072696/v1/uddi:0131eccc-8fe1-4dd1-b83d-bc8824f6e939,PUB-010_시도별_장기요양판정
여자,대전,의료급여,4등급,86,2022,https://api.odcloud.kr/api/15072696/v1/uddi:0131eccc-8fe1-4dd1-b83d-bc8824f6e939,PUB-010_시도별_장기요양판정
여자,대전,의료급여,5등급,27,2022,https://api.odcloud.kr/api/15072696/v1/uddi:0131eccc-8fe1-4dd1-b83d-bc8824f6e939,PUB-010_시도별_장기요양판정
여자,대전,의료급여,인지지원등급,2,2022,https://api.odcloud.kr/api/15072696/v1/uddi:0131eccc-8fe1-4dd1-b83d-bc8824f6e939,PUB-010_시도별_장기요양판정
여자,대전,의료급여,등급외,24,2022,https://api.odcloud.kr/api/15072696/v1/uddi:0131eccc-8fe1-4dd1-b83d-bc8824f6e939,PUB-010_시도별_장기요양판정
여자,대전,기초,1등급,173,2022,https://api.odcloud.kr/api/15072696/v1/uddi:0131eccc-8fe1-4dd1-b83d-bc8824f6e939,PUB-010_시도별_장기요양판정
여자,대전,기초,2등급,284,2022,https://api.odcloud.kr/api/15072696/v1/uddi:0131eccc-8fe1-4dd1-b83d-bc8824f6e939,PUB-010_시도별_장기요양판정
여자,대전,기초,3등급,796,2022,https://api.odcloud.kr/api/15072696/v1/uddi:0131eccc-8fe1-4dd1-b83d-bc8824f6e939,PUB-010_시도별_장기요양판정
여자,대전,기초,4등급,1456,2022,https://api.odcloud.kr/api/15072696/v1/uddi:0131eccc-8fe1-4dd1-b83d-bc8824f6e939,PUB-010_시도별_장기요양판정
여자,대전,기초,5등급,386,2022,https://api.odcloud.kr/api/15072696/v1/uddi:0131eccc-8fe1-4dd1-b83d-bc8824f6e939,PUB-010_시도별_장기요양판정
여자,대전,기초,인지지원등급,38,2022,https://api.odcloud.kr/api/15072696/v1/uddi:0131eccc-8fe1-4dd1-b83d-bc8824f6e939,PUB-010_시도별_장기요양판정
여자,대전,기초,등급외,673,2022,https://api.odcloud.kr/api/15072696/v1/uddi:0131eccc-8fe1-4dd1-b83d-bc8824f6e939,PUB-010_시도별_장기요양판정
남자,울산,일반,1등급,137,2022,https://api.odcloud.kr/api/15072696/v1/uddi:0131eccc-8fe1-4dd1-b83d-bc8824f6e939,PUB-010_시도별_장기요양판정
남자,울산,일반,2등급,218,2022,https://api.odcloud.kr/api/15072696/v1/uddi:0131eccc-8fe1-4dd1-b83d-bc8824f6e939,PUB-010_시도별_장기요양판정
남자,울산,일반,3등급,778,2022,https://api.odcloud.kr/api/15072696/v1/uddi:0131eccc-8fe1-4dd1-b83d-bc8824f6e939,PUB-010_시도별_장기요양판정
남자,울산,일반,4등급,981,2022,https://api.odcloud.kr/api/15072696/v1/uddi:0131eccc-8fe1-4dd1-b83d-bc8824f6e939,PUB-010_시도별_장기요양판정
남자,울산,일반,5등급,166,2022,https://api.odcloud.kr/api/15072696/v1/uddi:0131eccc-8fe1-4dd1-b83d-bc8824f6e939,PUB-010_시도별_장기요양판정
남자,울산,일반,인지지원등급,40,2022,https://api.odcloud.kr/api/15072696/v1/uddi:0131eccc-8fe1-4dd1-b83d-bc8824f6e939,PUB-010_시도별_장기요양판정
남자,울산,일반,등급외,417,2022,https://api.odcloud.kr/api/15072696/v1/uddi:0131eccc-8fe1-4dd1-b83d-bc8824f6e939,PUB-010_시도별_장기요양판정
남자,울산,감경,1등급,84,2022,https://api.odcloud.kr/api/15072696/v1/uddi:0131eccc-8fe1-4dd1-b83d-bc8824f6e939,PUB-010_시도별_장기요양판정
남자,울산,감경,2등급,133,2022,https://api.odcloud.kr/api/15072696/v1/uddi:0131eccc-8fe1-4dd1-b83d-bc8824f6e939,PUB-010_시도별_장기요양판정
남자,울산,감경,3등급,450,2022,https://api.odcloud.kr/api/15072696/v1/uddi:0131eccc-8fe1-4dd1-b83d-bc8824f6e939,PUB-010_시도별_장기요양판정
남자,울산,감경,4등급,535,2022,https://api.odcloud.kr/api/15072696/v1/uddi:0131eccc-8fe1-4dd1-b83d-bc8824f6e939,PUB-010_시도별_장기요양판정
남자,울산,감경,5등급,99,2022,https://api.odcloud.kr/api/15072696/v1/uddi:0131eccc-8fe1-4dd1-b83d-bc8824f6e939,PUB-010_시도별_장기요양판정
남자,울산,감경,인지지원등급,23,2022,https://api.odcloud.kr/api/15072696/v1/uddi:0131eccc-8fe1-4dd1-b83d-bc8824f6e939,PUB-010_시도별_장기요양판정
남자,울산,감경,등급외,9,2022,https://api.odcloud.kr/api/15072696/v1/uddi:0131eccc-8fe1-4dd1-b83d-bc8824f6e939,PUB-010_시도별_장기요양판정
남자,울산,의료급여,1등급,1,2022,https://api.odcloud.kr/api/15072696/v1/uddi:0131eccc-8fe1-4dd1-b83d-bc8824f6e939,PUB-010_시도별_장기요양판정
남자,울산,의료급여,2등급,3,2022,https://api.odcloud.kr/api/15072696/v1/uddi:0131eccc-8fe1-4dd1-b83d-bc8824f6e939,PUB-010_시도별_장기요양판정
남자,울산,의료급여,3등급,11,2022,https://api.odcloud.kr/api/15072696/v1/uddi:0131eccc-8fe1-4dd1-b83d-bc8824f6e939,PUB-010_시도별_장기요양판정
남자,울산,의료급여,4등급,14,2022,https://api.odcloud.kr/api/15072696/v1/uddi:0131eccc-8fe1-4dd1-b83d-bc8824f6e939,PUB-010_시도별_장기요양판정
남자,울산,의료급여,5등급,4,2022,https://api.odcloud.kr/api/15072696/v1/uddi:0131eccc-8fe1-4dd1-b83d-bc8824f6e939,PUB-010_시도별_장기요양판정
남자,울산,의료급여,인지지원등급,0,2022,https://api.odcloud.kr/api/15072696/v1/uddi:0131eccc-8fe1-4dd1-b83d-bc8824f6e939,PUB-010_시도별_장기요양판정
남자,울산,의료급여,등급외,6,2022,https://api.odcloud.kr/api/15072696/v1/uddi:0131eccc-8fe1-4dd1-b83d-bc8824f6e939,PUB-010_시도별_장기요양판정
남자,울산,기초,1등급,37,2022,https://api.odcloud.kr/api/15072696/v1/uddi:0131eccc-8fe1-4dd1-b83d-bc8824f6e939,PUB-010_시도별_장기요양판정
남자,울산,기초,2등급,59,2022,https://api.odcloud.kr/api/15072696/v1/uddi:0131eccc-8fe1-4dd1-b83d-bc8824f6e939,PUB-010_시도별_장기요양판정
남자,울산,기초,3등급,197,2022,https://api.odcloud.kr/api/15072696/v1/uddi:0131eccc-8fe1-4dd1-b83d-bc8824f6e939,PUB-010_시도별_장기요양판정
남자,울산,기초,4등급,440,2022,https://api.odcloud.kr/api/15072696/v1/uddi:0131eccc-8fe1-4dd1-b83d-bc8824f6e939,PUB-010_시도별_장기요양판정
남자,울산,기초,5등급,74,2022,https://api.odcloud.kr/api/15072696/v1/uddi:0131eccc-8fe1-4dd1-b83d-bc8824f6e939,PUB-010_시도별_장기요양판정
남자,울산,기초,인지지원등급,21,2022,https://api.odcloud.kr/api/15072696/v1/uddi:0131eccc-8fe1-4dd1-b83d-bc8824f6e939,PUB-010_시도별_장기요양판정
남자,울산,기초,등급외,216,2022,https://api.odcloud.kr/api/15072696/v1/uddi:0131eccc-8fe1-4dd1-b83d-bc8824f6e939,PUB-010_시도별_장기요양판정
여자,울산,일반,1등급,348,2022,https://api.odcloud.kr/api/15072696/v1/uddi:0131eccc-8fe1-4dd1-b83d-bc8824f6e939,PUB-010_시도별_장기요양판정
여자,울산,일반,2등급,573,2022,https://api.odcloud.kr/api/15072696/v1/uddi:0131eccc-8fe1-4dd1-b83d-bc8824f6e939,PUB-010_시도별_장기요양판정
여자,울산,일반,3등급,1820,2022,https://api.odcloud.kr/api/15072696/v1/uddi:0131eccc-8fe1-4dd1-b83d-bc8824f6e939,PUB-010_시도별_장기요양판정
여자,울산,일반,4등급,2511,2022,https://api.odcloud.kr/api/15072696/v1/uddi:0131eccc-8fe1-4dd1-b83d-bc8824f6e939,PUB-010_시도별_장기요양판정
여자,울산,일반,5등급,500,2022,https://api.odcloud.kr/api/15072696/v1/uddi:0131eccc-8fe1-4dd1-b83d-bc8824f6e939,PUB-010_시도별_장기요양판정
여자,울산,일반,인지지원등급,120,2022,https://api.odcloud.kr/api/15072696/v1/uddi:0131eccc-8fe1-4dd1-b83d-bc8824f6e939,PUB-010_시도별_장기요양판정
여자,울산,일반,등급외,885,2022,https://api.odcloud.kr/api/15072696/v1/uddi:0131eccc-8fe1-4dd1-b83d-bc8824f6e939,PUB-010_시도별_장기요양판정
여자,울산,감경,1등급,184,2022,https://api.odcloud.kr/api/15072696/v1/uddi:0131eccc-8fe1-4dd1-b83d-bc8824f6e939,PUB-010_시도별_장기요양판정
여자,울산,감경,2등급,383,2022,https://api.odcloud.kr/api/15072696/v1/uddi:0131eccc-8fe1-4dd1-b83d-bc8824f6e939,PUB-010_시도별_장기요양판정
여자,울산,감경,3등급,1055,2022,https://api.odcloud.kr/api/15072696/v1/uddi:0131eccc-8fe1-4dd1-b83d-bc8824f6e939,PUB-010_시도별_장기요양판정
여자,울산,감경,4등급,1388,2022,https://api.odcloud.kr/api/15072696/v1/uddi:0131eccc-8fe1-4dd1-b83d-bc8824f6e939,PUB-010_시도별_장기요양판정
여자,울산,감경,5등급,287,2022,https://api.odcloud.kr/api/15072696/v1/uddi:0131eccc-8fe1-4dd1-b83d-bc8824f6e939,PUB-010_시도별_장기요양판정
여자,울산,감경,인지지원등급,60,2022,https://api.odcloud.kr/api/15072696/v1/uddi:0131eccc-8fe1-4dd1-b83d-bc8824f6e939,PUB-010_시도별_장기요양판정
여자,울산,감경,등급외,19,2022,https://api.odcloud.kr/api/15072696/v1/uddi:0131eccc-8fe1-4dd1-b83d-bc8824f6e939,PUB-010_시도별_장기요양판정
여자,울산,의료급여,1등급,12,2022,https://api.odcloud.kr/api/15072696/v1/uddi:0131eccc-8fe1-4dd1-b83d-bc8824f6e939,PUB-010_시도별_장기요양판정
여자,울산,의료급여,2등급,12,2022,https://api.odcloud.kr/api/15072696/v1/uddi:0131eccc-8fe1-4dd1-b83d-bc8824f6e939,PUB-010_시도별_장기요양판정
여자,울산,의료급여,3등급,43,2022,https://api.odcloud.kr/api/15072696/v1/uddi:0131eccc-8fe1-4dd1-b83d-bc8824f6e939,PUB-010_시도별_장기요양판정
여자,울산,의료급여,4등급,50,2022,https://api.odcloud.kr/api/15072696/v1/uddi:0131eccc-8fe1-4dd1-b83d-bc8824f6e939,PUB-010_시도별_장기요양판정
여자,울산,의료급여,5등급,13,2022,https://api.odcloud.kr/api/15072696/v1/uddi:0131eccc-8fe1-4dd1-b83d-bc8824f6e939,PUB-010_시도별_장기요양판정
여자,울산,의료급여,인지지원등급,1,2022,https://api.odcloud.kr/api/15072696/v1/uddi:0131eccc-8fe1-4dd1-b83d-bc8824f6e939,PUB-010_시도별_장기요양판정
여자,울산,의료급여,등급외,12,2022,https://api.odcloud.kr/api/15072696/v1/uddi:0131eccc-8fe1-4dd1-b83d-bc8824f6e939,PUB-010_시도별_장기요양판정
여자,울산,기초,1등급,76,2022,https://api.odcloud.kr/api/15072696/v1/uddi:0131eccc-8fe1-4dd1-b83d-bc8824f6e939,PUB-010_시도별_장기요양판정
여자,울산,기초,2등급,165,2022,https://api.odcloud.kr/api/15072696/v1/uddi:0131eccc-8fe1-4dd1-b83d-bc8824f6e939,PUB-010_시도별_장기요양판정
여자,울산,기초,3등급,468,2022,https://api.odcloud.kr/api/15072696/v1/uddi:0131eccc-8fe1-4dd1-b83d-bc8824f6e939,PUB-010_시도별_장기요양판정
여자,울산,기초,4등급,796,2022,https://api.odcloud.kr/api/15072696/v1/uddi:0131eccc-8fe1-4dd1-b83d-bc8824f6e939,PUB-010_시도별_장기요양판정
여자,울산,기초,5등급,120,2022,https://api.odcloud.kr/api/15072696/v1/uddi:0131eccc-8fe1-4dd1-b83d-bc8824f6e939,PUB-010_시도별_장기요양판정
여자,울산,기초,인지지원등급,26,2022,https://api.odcloud.kr/api/15072696/v1/uddi:0131eccc-8fe1-4dd1-b83d-bc8824f6e939,PUB-010_시도별_장기요양판정
여자,울산,기초,등급외,286,2022,https://api.odcloud.kr/api/15072696/v1/uddi:0131eccc-8fe1-4dd1-b83d-bc8824f6e939,PUB-010_시도별_장기요양판정
남자,세종,일반,1등급,46,2022,https://api.odcloud.kr/api/15072696/v1/uddi:0131eccc-8fe1-4dd1-b83d-bc8824f6e939,PUB-010_시도별_장기요양판정
남자,세종,일반,2등급,72,2022,https://api.odcloud.kr/api/15072696/v1/uddi:0131eccc-8fe1-4dd1-b83d-bc8824f6e939,PUB-010_시도별_장기요양판정
남자,세종,일반,3등급,191,2022,https://api.odcloud.kr/api/15072696/v1/uddi:0131eccc-8fe1-4dd1-b83d-bc8824f6e939,PUB-010_시도별_장기요양판정
남자,세종,일반,4등급,347,2022,https://api.odcloud.kr/api/15072696/v1/uddi:0131eccc-8fe1-4dd1-b83d-bc8824f6e939,PUB-010_시도별_장기요양판정
남자,세종,일반,5등급,118,2022,https://api.odcloud.kr/api/15072696/v1/uddi:0131eccc-8fe1-4dd1-b83d-bc8824f6e939,PUB-010_시도별_장기요양판정
남자,세종,일반,인지지원등급,21,2022,https://api.odcloud.kr/api/15072696/v1/uddi:0131eccc-8fe1-4dd1-b83d-bc8824f6e939,PUB-010_시도별_장기요양판정
남자,세종,일반,등급외,128,2022,https://api.odcloud.kr/api/15072696/v1/uddi:0131eccc-8fe1-4dd1-b83d-bc8824f6e939,PUB-010_시도별_장기요양판정
남자,세종,감경,1등급,17,2022,https://api.odcloud.kr/api/15072696/v1/uddi:0131eccc-8fe1-4dd1-b83d-bc8824f6e939,PUB-010_시도별_장기요양판정
남자,세종,감경,2등급,32,2022,https://api.odcloud.kr/api/15072696/v1/uddi:0131eccc-8fe1-4dd1-b83d-bc8824f6e939,PUB-010_시도별_장기요양판정
남자,세종,감경,3등급,89,2022,https://api.odcloud.kr/api/15072696/v1/uddi:0131eccc-8fe1-4dd1-b83d-bc8824f6e939,PUB-010_시도별_장기요양판정
남자,세종,감경,4등급,147,2022,https://api.odcloud.kr/api/15072696/v1/uddi:0131eccc-8fe1-4dd1-b83d-bc8824f6e939,PUB-010_시도별_장기요양판정
남자,세종,감경,5등급,47,2022,https://api.odcloud.kr/api/15072696/v1/uddi:0131eccc-8fe1-4dd1-b83d-bc8824f6e939,PUB-010_시도별_장기요양판정
남자,세종,감경,인지지원등급,4,2022,https://api.odcloud.kr/api/15072696/v1/uddi:0131eccc-8fe1-4dd1-b83d-bc8824f6e939,PUB-010_시도별_장기요양판정
남자,세종,감경,등급외,6,2022,https://api.odcloud.kr/api/15072696/v1/uddi:0131eccc-8fe1-4dd1-b83d-bc8824f6e939,PUB-010_시도별_장기요양판정
남자,세종,의료급여,1등급,1,2022,https://api.odcloud.kr/api/15072696/v1/uddi:0131eccc-8fe1-4dd1-b83d-bc8824f6e939,PUB-010_시도별_장기요양판정
남자,세종,의료급여,2등급,1,2022,https://api.odcloud.kr/api/15072696/v1/uddi:0131eccc-8fe1-4dd1-b83d-bc8824f6e939,PUB-010_시도별_장기요양판정
남자,세종,의료급여,3등급,1,2022,https://api.odcloud.kr/api/15072696/v1/uddi:0131eccc-8fe1-4dd1-b83d-bc8824f6e939,PUB-010_시도별_장기요양판정
남자,세종,의료급여,4등급,3,2022,https://api.odcloud.kr/api/15072696/v1/uddi:0131eccc-8fe1-4dd1-b83d-bc8824f6e939,PUB-010_시도별_장기요양판정
남자,세종,의료급여,5등급,1,2022,https://api.odcloud.kr/api/15072696/v1/uddi:0131eccc-8fe1-4dd1-b83d-bc8824f6e939,PUB-010_시도별_장기요양판정
남자,세종,의료급여,인지지원등급,0,2022,https://api.odcloud.kr/api/15072696/v1/uddi:0131eccc-8fe1-4dd1-b83d-bc8824f6e939,PUB-010_시도별_장기요양판정
남자,세종,의료급여,등급외,2,2022,https://api.odcloud.kr/api/15072696/v1/uddi:0131eccc-8fe1-4dd1-b83d-bc8824f6e939,PUB-010_시도별_장기요양판정
남자,세종,기초,1등급,8,2022,https://api.odcloud.kr/api/15072696/v1/uddi:0131eccc-8fe1-4dd1-b83d-bc8824f6e939,PUB-010_시도별_장기요양판정
남자,세종,기초,2등급,8,2022,https://api.odcloud.kr/api/15072696/v1/uddi:0131eccc-8fe1-4dd1-b83d-bc8824f6e939,PUB-010_시도별_장기요양판정
남자,세종,기초,3등급,36,2022,https://api.odcloud.kr/api/15072696/v1/uddi:0131eccc-8fe1-4dd1-b83d-bc8824f6e939,PUB-010_시도별_장기요양판정
남자,세종,기초,4등급,51,2022,https://api.odcloud.kr/api/15072696/v1/uddi:0131eccc-8fe1-4dd1-b83d-bc8824f6e939,PUB-010_시도별_장기요양판정
남자,세종,기초,5등급,11,2022,https://api.odcloud.kr/api/15072696/v1/uddi:0131eccc-8fe1-4dd1-b83d-bc8824f6e939,PUB-010_시도별_장기요양판정
남자,세종,기초,인지지원등급,3,2022,https://api.odcloud.kr/api/15072696/v1/uddi:0131eccc-8fe1-4dd1-b83d-bc8824f6e939,PUB-010_시도별_장기요양판정
남자,세종,기초,등급외,29,2022,https://api.odcloud.kr/api/15072696/v1/uddi:0131eccc-8fe1-4dd1-b83d-bc8824f6e939,PUB-010_시도별_장기요양판정
여자,세종,일반,1등급,103,2022,https://api.odcloud.kr/api/15072696/v1/uddi:0131eccc-8fe1-4dd1-b83d-bc8824f6e939,PUB-010_시도별_장기요양판정
여자,세종,일반,2등급,219,2022,https://api.odcloud.kr/api/15072696/v1/uddi:0131eccc-8fe1-4dd1-b83d-bc8824f6e939,PUB-010_시도별_장기요양판정
여자,세종,일반,3등급,506,2022,https://api.odcloud.kr/api/15072696/v1/uddi:0131eccc-8fe1-4dd1-b83d-bc8824f6e939,PUB-010_시도별_장기요양판정
여자,세종,일반,4등급,793,2022,https://api.odcloud.kr/api/15072696/v1/uddi:0131eccc-8fe1-4dd1-b83d-bc8824f6e939,PUB-010_시도별_장기요양판정
여자,세종,일반,5등급,248,2022,https://api.odcloud.kr/api/15072696/v1/uddi:0131eccc-8fe1-4dd1-b83d-bc8824f6e939,PUB-010_시도별_장기요양판정
여자,세종,일반,인지지원등급,41,2022,https://api.odcloud.kr/api/15072696/v1/uddi:0131eccc-8fe1-4dd1-b83d-bc8824f6e939,PUB-010_시도별_장기요양판정
여자,세종,일반,등급외,231,2022,https://api.odcloud.kr/api/15072696/v1/uddi:0131eccc-8fe1-4dd1-b83d-bc8824f6e939,PUB-010_시도별_장기요양판정
여자,세종,감경,1등급,64,2022,https://api.odcloud.kr/api/15072696/v1/uddi:0131eccc-8fe1-4dd1-b83d-bc8824f6e939,PUB-010_시도별_장기요양판정
여자,세종,감경,2등급,112,2022,https://api.odcloud.kr/api/15072696/v1/uddi:0131eccc-8fe1-4dd1-b83d-bc8824f6e939,PUB-010_시도별_장기요양판정
여자,세종,감경,3등급,295,2022,https://api.odcloud.kr/api/15072696/v1/uddi:0131eccc-8fe1-4dd1-b83d-bc8824f6e939,PUB-010_시도별_장기요양판정
여자,세종,감경,4등급,436,2022,https://api.odcloud.kr/api/15072696/v1/uddi:0131eccc-8fe1-4dd1-b83d-bc8824f6e939,PUB-010_시도별_장기요양판정
여자,세종,감경,5등급,109,2022,https://api.odcloud.kr/api/15072696/v1/uddi:0131eccc-8fe1-4dd1-b83d-bc8824f6e939,PUB-010_시도별_장기요양판정
여자,세종,감경,인지지원등급,18,2022,https://api.odcloud.kr/api/15072696/v1/uddi:0131eccc-8fe1-4dd1-b83d-bc8824f6e939,PUB-010_시도별_장기요양판정
여자,세종,감경,등급외,11,2022,https://api.odcloud.kr/api/15072696/v1/uddi:0131eccc-8fe1-4dd1-b83d-bc8824f6e939,PUB-010_시도별_장기요양판정
여자,세종,의료급여,1등급,2,2022,https://api.odcloud.kr/api/15072696/v1/uddi:0131eccc-8fe1-4dd1-b83d-bc8824f6e939,PUB-010_시도별_장기요양판정
여자,세종,의료급여,2등급,3,2022,https://api.odcloud.kr/api/15072696/v1/uddi:0131eccc-8fe1-4dd1-b83d-bc8824f6e939,PUB-010_시도별_장기요양판정
여자,세종,의료급여,3등급,11,2022,https://api.odcloud.kr/api/15072696/v1/uddi:0131eccc-8fe1-4dd1-b83d-bc8824f6e939,PUB-010_시도별_장기요양판정
여자,세종,의료급여,4등급,13,2022,https://api.odcloud.kr/api/15072696/v1/uddi:0131eccc-8fe1-4dd1-b83d-bc8824f6e939,PUB-010_시도별_장기요양판정
여자,세종,의료급여,5등급,3,2022,https://api.odcloud.kr/api/15072696/v1/uddi:0131eccc-8fe1-4dd1-b83d-bc8824f6e939,PUB-010_시도별_장기요양판정
여자,세종,의료급여,인지지원등급,1,2022,https://api.odcloud.kr/api/15072696/v1/uddi:0131eccc-8fe1-4dd1-b83d-bc8824f6e939,PUB-010_시도별_장기요양판정
여자,세종,의료급여,등급외,4,2022,https://api.odcloud.kr/api/15072696/v1/uddi:0131eccc-8fe1-4dd1-b83d-bc8824f6e939,PUB-010_시도별_장기요양판정
여자,세종,기초,1등급,19,2022,https://api.odcloud.kr/api/15072696/v1/uddi:0131eccc-8fe1-4dd1-b83d-bc8824f6e939,PUB-010_시도별_장기요양판정
여자,세종,기초,2등급,24,2022,https://api.odcloud.kr/api/15072696/v1/uddi:0131eccc-8fe1-4dd1-b83d-bc8824f6e939,PUB-010_시도별_장기요양판정
여자,세종,기초,3등급,84,2022,https://api.odcloud.kr/api/15072696/v1/uddi:0131eccc-8fe1-4dd1-b83d-bc8824f6e939,PUB-010_시도별_장기요양판정
여자,세종,기초,4등급,146,2022,https://api.odcloud.kr/api/15072696/v1/uddi:0131eccc-8fe1-4dd1-b83d-bc8824f6e939,PUB-010_시도별_장기요양판정
여자,세종,기초,5등급,28,2022,https://api.odcloud.kr/api/15072696/v1/uddi:0131eccc-8fe1-4dd1-b83d-bc8824f6e939,PUB-010_시도별_장기요양판정
여자,세종,기초,인지지원등급,4,2022,https://api.odcloud.kr/api/15072696/v1/uddi:0131eccc-8fe1-4dd1-b83d-bc8824f6e939,PUB-010_시도별_장기요양판정
여자,세종,기초,등급외,51,2022,https://api.odcloud.kr/api/15072696/v1/uddi:0131eccc-8fe1-4dd1-b83d-bc8824f6e939,PUB-010_시도별_장기요양판정
남자,경기,일반,1등급,1647,2022,https://api.odcloud.kr/api/15072696/v1/uddi:0131eccc-8fe1-4dd1-b83d-bc8824f6e939,PUB-010_시도별_장기요양판정
남자,경기,일반,2등급,2687,2022,https://api.odcloud.kr/api/15072696/v1/uddi:0131eccc-8fe1-4dd1-b83d-bc8824f6e939,PUB-010_시도별_장기요양판정
남자,경기,일반,3등급,9301,2022,https://api.odcloud.kr/api/15072696/v1/uddi:0131eccc-8fe1-4dd1-b83d-bc8824f6e939,PUB-010_시도별_장기요양판정
남자,경기,일반,4등급,13095,2022,https://api.odcloud.kr/api/15072696/v1/uddi:0131eccc-8fe1-4dd1-b83d-bc8824f6e939,PUB-010_시도별_장기요양판정
남자,경기,일반,5등급,3507,2022,https://api.odcloud.kr/api/15072696/v1/uddi:0131eccc-8fe1-4dd1-b83d-bc8824f6e939,PUB-010_시도별_장기요양판정
남자,경기,일반,인지지원등급,909,2022,https://api.odcloud.kr/api/15072696/v1/uddi:0131eccc-8fe1-4dd1-b83d-bc8824f6e939,PUB-010_시도별_장기요양판정
남자,경기,일반,등급외,5748,2022,https://api.odcloud.kr/api/15072696/v1/uddi:0131eccc-8fe1-4dd1-b83d-bc8824f6e939,PUB-010_시도별_장기요양판정
남자,경기,감경,1등급,934,2022,https://api.odcloud.kr/api/15072696/v1/uddi:0131eccc-8fe1-4dd1-b83d-bc8824f6e939,PUB-010_시도별_장기요양판정
남자,경기,감경,2등급,1655,2022,https://api.odcloud.kr/api/15072696/v1/uddi:0131eccc-8fe1-4dd1-b83d-bc8824f6e939,PUB-010_시도별_장기요양판정
남자,경기,감경,3등급,6168,2022,https://api.odcloud.kr/api/15072696/v1/uddi:0131eccc-8fe1-4dd1-b83d-bc8824f6e939,PUB-010_시도별_장기요양판정
남자,경기,감경,4등급,8725,2022,https://api.odcloud.kr/api/15072696/v1/uddi:0131eccc-8fe1-4dd1-b83d-bc8824f6e939,PUB-010_시도별_장기요양판정
남자,경기,감경,5등급,2265,2022,https://api.odcloud.kr/api/15072696/v1/uddi:0131eccc-8fe1-4dd1-b83d-bc8824f6e939,PUB-010_시도별_장기요양판정
남자,경기,감경,인지지원등급,546,2022,https://api.odcloud.kr/api/15072696/v1/uddi:0131eccc-8fe1-4dd1-b83d-bc8824f6e939,PUB-010_시도별_장기요양판정
남자,경기,감경,등급외,261,2022,https://api.odcloud.kr/api/15072696/v1/uddi:0131eccc-8fe1-4dd1-b83d-bc8824f6e939,PUB-010_시도별_장기요양판정
남자,경기,의료급여,1등급,16,2022,https://api.odcloud.kr/api/15072696/v1/uddi:0131eccc-8fe1-4dd1-b83d-bc8824f6e939,PUB-010_시도별_장기요양판정
남자,경기,의료급여,2등급,43,2022,https://api.odcloud.kr/api/15072696/v1/uddi:0131eccc-8fe1-4dd1-b83d-bc8824f6e939,PUB-010_시도별_장기요양판정
남자,경기,의료급여,3등급,157,2022,https://api.odcloud.kr/api/15072696/v1/uddi:0131eccc-8fe1-4dd1-b83d-bc8824f6e939,PUB-010_시도별_장기요양판정
남자,경기,의료급여,4등급,203,2022,https://api.odcloud.kr/api/15072696/v1/uddi:0131eccc-8fe1-4dd1-b83d-bc8824f6e939,PUB-010_시도별_장기요양판정
남자,경기,의료급여,5등급,47,2022,https://api.odcloud.kr/api/15072696/v1/uddi:0131eccc-8fe1-4dd1-b83d-bc8824f6e939,PUB-010_시도별_장기요양판정
남자,경기,의료급여,인지지원등급,14,2022,https://api.odcloud.kr/api/15072696/v1/uddi:0131eccc-8fe1-4dd1-b83d-bc8824f6e939,PUB-010_시도별_장기요양판정
남자,경기,의료급여,등급외,66,2022,https://api.odcloud.kr/api/15072696/v1/uddi:0131eccc-8fe1-4dd1-b83d-bc8824f6e939,PUB-010_시도별_장기요양판정
남자,경기,기초,1등급,558,2022,https://api.odcloud.kr/api/15072696/v1/uddi:0131eccc-8fe1-4dd1-b83d-bc8824f6e939,PUB-010_시도별_장기요양판정
남자,경기,기초,2등급,917,2022,https://api.odcloud.kr/api/15072696/v1/uddi:0131eccc-8fe1-4dd1-b83d-bc8824f6e939,PUB-010_시도별_장기요양판정
남자,경기,기초,3등급,2766,2022,https://api.odcloud.kr/api/15072696/v1/uddi:0131eccc-8fe1-4dd1-b83d-bc8824f6e939,PUB-010_시도별_장기요양판정
남자,경기,기초,4등급,4798,2022,https://api.odcloud.kr/api/15072696/v1/uddi:0131eccc-8fe1-4dd1-b83d-bc8824f6e939,PUB-010_시도별_장기요양판정
남자,경기,기초,5등급,1171,2022,https://api.odcloud.kr/api/15072696/v1/uddi:0131eccc-8fe1-4dd1-b83d-bc8824f6e939,PUB-010_시도별_장기요양판정
남자,경기,기초,인지지원등급,302,2022,https://api.odcloud.kr/api/15072696/v1/uddi:0131eccc-8fe1-4dd1-b83d-bc8824f6e939,PUB-010_시도별_장기요양판정
남자,경기,기초,등급외,2321,2022,https://api.odcloud.kr/api/15072696/v1/uddi:0131eccc-8fe1-4dd1-b83d-bc8824f6e939,PUB-010_시도별_장기요양판정
여자,경기,일반,1등급,4198,2022,https://api.odcloud.kr/api/15072696/v1/uddi:0131eccc-8fe1-4dd1-b83d-bc8824f6e939,PUB-010_시도별_장기요양판정
여자,경기,일반,2등급,7140,2022,https://api.odcloud.kr/api/15072696/v1/uddi:0131eccc-8fe1-4dd1-b83d-bc8824f6e939,PUB-010_시도별_장기요양판정
여자,경기,일반,3등급,21359,2022,https://api.odcloud.kr/api/15072696/v1/uddi:0131eccc-8fe1-4dd1-b83d-bc8824f6e939,PUB-010_시도별_장기요양판정
여자,경기,일반,4등급,30169,2022,https://api.odcloud.kr/api/15072696/v1/uddi:0131eccc-8fe1-4dd1-b83d-bc8824f6e939,PUB-010_시도별_장기요양판정
여자,경기,일반,5등급,7912,2022,https://api.odcloud.kr/api/15072696/v1/uddi:0131eccc-8fe1-4dd1-b83d-bc8824f6e939,PUB-010_시도별_장기요양판정
여자,경기,일반,인지지원등급,2026,2022,https://api.odcloud.kr/api/15072696/v1/uddi:0131eccc-8fe1-4dd1-b83d-bc8824f6e939,PUB-010_시도별_장기요양판정
여자,경기,일반,등급외,11841,2022,https://api.odcloud.kr/api/15072696/v1/uddi:0131eccc-8fe1-4dd1-b83d-bc8824f6e939,PUB-010_시도별_장기요양판정
여자,경기,감경,1등급,3115,2022,https://api.odcloud.kr/api/15072696/v1/uddi:0131eccc-8fe1-4dd1-b83d-bc8824f6e939,PUB-010_시도별_장기요양판정
여자,경기,감경,2등급,5793,2022,https://api.odcloud.kr/api/15072696/v1/uddi:0131eccc-8fe1-4dd1-b83d-bc8824f6e939,PUB-010_시도별_장기요양판정
여자,경기,감경,3등급,16808,2022,https://api.odcloud.kr/api/15072696/v1/uddi:0131eccc-8fe1-4dd1-b83d-bc8824f6e939,PUB-010_시도별_장기요양판정
여자,경기,감경,4등급,21963,2022,https://api.odcloud.kr/api/15072696/v1/uddi:0131eccc-8fe1-4dd1-b83d-bc8824f6e939,PUB-010_시도별_장기요양판정
여자,경기,감경,5등급,5544,2022,https://api.odcloud.kr/api/15072696/v1/uddi:0131eccc-8fe1-4dd1-b83d-bc8824f6e939,PUB-010_시도별_장기요양판정
여자,경기,감경,인지지원등급,1220,2022,https://api.odcloud.kr/api/15072696/v1/uddi:0131eccc-8fe1-4dd1-b83d-bc8824f6e939,PUB-010_시도별_장기요양판정
여자,경기,감경,등급외,549,2022,https://api.odcloud.kr/api/15072696/v1/uddi:0131eccc-8fe1-4dd1-b83d-bc8824f6e939,PUB-010_시도별_장기요양판정
여자,경기,의료급여,1등급,89,2022,https://api.odcloud.kr/api/15072696/v1/uddi:0131eccc-8fe1-4dd1-b83d-bc8824f6e939,PUB-010_시도별_장기요양판정
여자,경기,의료급여,2등급,158,2022,https://api.odcloud.kr/api/15072696/v1/uddi:0131eccc-8fe1-4dd1-b83d-bc8824f6e939,PUB-010_시도별_장기요양판정
여자,경기,의료급여,3등급,484,2022,https://api.odcloud.kr/api/15072696/v1/uddi:0131eccc-8fe1-4dd1-b83d-bc8824f6e939,PUB-010_시도별_장기요양판정
여자,경기,의료급여,4등급,653,2022,https://api.odcloud.kr/api/15072696/v1/uddi:0131eccc-8fe1-4dd1-b83d-bc8824f6e939,PUB-010_시도별_장기요양판정
여자,경기,의료급여,5등급,144,2022,https://api.odcloud.kr/api/15072696/v1/uddi:0131eccc-8fe1-4dd1-b83d-bc8824f6e939,PUB-010_시도별_장기요양판정
여자,경기,의료급여,인지지원등급,27,2022,https://api.odcloud.kr/api/15072696/v1/uddi:0131eccc-8fe1-4dd1-b83d-bc8824f6e939,PUB-010_시도별_장기요양판정
여자,경기,의료급여,등급외,154,2022,https://api.odcloud.kr/api/15072696/v1/uddi:0131eccc-8fe1-4dd1-b83d-bc8824f6e939,PUB-010_시도별_장기요양판정
여자,경기,기초,1등급,1421,2022,https://api.odcloud.kr/api/15072696/v1/uddi:0131eccc-8fe1-4dd1-b83d-bc8824f6e939,PUB-010_시도별_장기요양판정
여자,경기,기초,2등급,2331,2022,https://api.odcloud.kr/api/15072696/v1/uddi:0131eccc-8fe1-4dd1-b83d-bc8824f6e939,PUB-010_시도별_장기요양판정
여자,경기,기초,3등급,6526,2022,https://api.odcloud.kr/api/15072696/v1/uddi:0131eccc-8fe1-4dd1-b83d-bc8824f6e939,PUB-010_시도별_장기요양판정
여자,경기,기초,4등급,9787,2022,https://api.odcloud.kr/api/15072696/v1/uddi:0131eccc-8fe1-4dd1-b83d-bc8824f6e939,PUB-010_시도별_장기요양판정
여자,경기,기초,5등급,2341,2022,https://api.odcloud.kr/api/15072696/v1/uddi:0131eccc-8fe1-4dd1-b83d-bc8824f6e939,PUB-010_시도별_장기요양판정
여자,경기,기초,인지지원등급,405,2022,https://api.odcloud.kr/api/15072696/v1/uddi:0131eccc-8fe1-4dd1-b83d-bc8824f6e939,PUB-010_시도별_장기요양판정
여자,경기,기초,등급외,3257,2022,https://api.odcloud.kr/api/15072696/v1/uddi:0131eccc-8fe1-4dd1-b83d-bc8824f6e939,PUB-010_시도별_장기요양판정
남자,강원,일반,1등급,269,2022,https://api.odcloud.kr/api/15072696/v1/uddi:0131eccc-8fe1-4dd1-b83d-bc8824f6e939,PUB-010_시도별_장기요양판정
남자,강원,일반,2등급,535,2022,https://api.odcloud.kr/api/15072696/v1/uddi:0131eccc-8fe1-4dd1-b83d-bc8824f6e939,PUB-010_시도별_장기요양판정
남자,강원,일반,3등급,1516,2022,https://api.odcloud.kr/api/15072696/v1/uddi:0131eccc-8fe1-4dd1-b83d-bc8824f6e939,PUB-010_시도별_장기요양판정
남자,강원,일반,4등급,1807,2022,https://api.odcloud.kr/api/15072696/v1/uddi:0131eccc-8fe1-4dd1-b83d-bc8824f6e939,PUB-010_시도별_장기요양판정
남자,강원,일반,5등급,352,2022,https://api.odcloud.kr/api/15072696/v1/uddi:0131eccc-8fe1-4dd1-b83d-bc8824f6e939,PUB-010_시도별_장기요양판정
남자,강원,일반,인지지원등급,85,2022,https://api.odcloud.kr/api/15072696/v1/uddi:0131eccc-8fe1-4dd1-b83d-bc8824f6e939,PUB-010_시도별_장기요양판정
남자,강원,일반,등급외,1066,2022,https://api.odcloud.kr/api/15072696/v1/uddi:0131eccc-8fe1-4dd1-b83d-bc8824f6e939,PUB-010_시도별_장기요양판정
남자,강원,감경,1등급,248,2022,https://api.odcloud.kr/api/15072696/v1/uddi:0131eccc-8fe1-4dd1-b83d-bc8824f6e939,PUB-010_시도별_장기요양판정
남자,강원,감경,2등급,522,2022,https://api.odcloud.kr/api/15072696/v1/uddi:0131eccc-8fe1-4dd1-b83d-bc8824f6e939,PUB-010_시도별_장기요양판정
남자,강원,감경,3등급,1437,2022,https://api.odcloud.kr/api/15072696/v1/uddi:0131eccc-8fe1-4dd1-b83d-bc8824f6e939,PUB-010_시도별_장기요양판정
남자,강원,감경,4등급,1547,2022,https://api.odcloud.kr/api/15072696/v1/uddi:0131eccc-8fe1-4dd1-b83d-bc8824f6e939,PUB-010_시도별_장기요양판정
남자,강원,감경,5등급,260,2022,https://api.odcloud.kr/api/15072696/v1/uddi:0131eccc-8fe1-4dd1-b83d-bc8824f6e939,PUB-010_시도별_장기요양판정
남자,강원,감경,인지지원등급,88,2022,https://api.odcloud.kr/api/15072696/v1/uddi:0131eccc-8fe1-4dd1-b83d-bc8824f6e939,PUB-010_시도별_장기요양판정
남자,강원,감경,등급외,55,2022,https://api.odcloud.kr/api/15072696/v1/uddi:0131eccc-8fe1-4dd1-b83d-bc8824f6e939,PUB-010_시도별_장기요양판정
남자,강원,의료급여,1등급,10,2022,https://api.odcloud.kr/api/15072696/v1/uddi:0131eccc-8fe1-4dd1-b83d-bc8824f6e939,PUB-010_시도별_장기요양판정
남자,강원,의료급여,2등급,12,2022,https://api.odcloud.kr/api/15072696/v1/uddi:0131eccc-8fe1-4dd1-b83d-bc8824f6e939,PUB-010_시도별_장기요양판정
남자,강원,의료급여,3등급,37,2022,https://api.odcloud.kr/api/15072696/v1/uddi:0131eccc-8fe1-4dd1-b83d-bc8824f6e939,PUB-010_시도별_장기요양판정
남자,강원,의료급여,4등급,37,2022,https://api.odcloud.kr/api/15072696/v1/uddi:0131eccc-8fe1-4dd1-b83d-bc8824f6e939,PUB-010_시도별_장기요양판정
남자,강원,의료급여,5등급,16,2022,https://api.odcloud.kr/api/15072696/v1/uddi:0131eccc-8fe1-4dd1-b83d-bc8824f6e939,PUB-010_시도별_장기요양판정
남자,강원,의료급여,인지지원등급,1,2022,https://api.odcloud.kr/api/15072696/v1/uddi:0131eccc-8fe1-4dd1-b83d-bc8824f6e939,PUB-010_시도별_장기요양판정
남자,강원,의료급여,등급외,19,2022,https://api.odcloud.kr/api/15072696/v1/uddi:0131eccc-8fe1-4dd1-b83d-bc8824f6e939,PUB-010_시도별_장기요양판정
남자,강원,기초,1등급,143,2022,https://api.odcloud.kr/api/15072696/v1/uddi:0131eccc-8fe1-4dd1-b83d-bc8824f6e939,PUB-010_시도별_장기요양판정
남자,강원,기초,2등급,252,2022,https://api.odcloud.kr/api/15072696/v1/uddi:0131eccc-8fe1-4dd1-b83d-bc8824f6e939,PUB-010_시도별_장기요양판정
남자,강원,기초,3등급,716,2022,https://api.odcloud.kr/api/15072696/v1/uddi:0131eccc-8fe1-4dd1-b83d-bc8824f6e939,PUB-010_시도별_장기요양판정
남자,강원,기초,4등급,891,2022,https://api.odcloud.kr/api/15072696/v1/uddi:0131eccc-8fe1-4dd1-b83d-bc8824f6e939,PUB-010_시도별_장기요양판정
남자,강원,기초,5등급,144,2022,https://api.odcloud.kr/api/15072696/v1/uddi:0131eccc-8fe1-4dd1-b83d-bc8824f6e939,PUB-010_시도별_장기요양판정
남자,강원,기초,인지지원등급,45,2022,https://api.odcloud.kr/api/15072696/v1/uddi:0131eccc-8fe1-4dd1-b83d-bc8824f6e939,PUB-010_시도별_장기요양판정
남자,강원,기초,등급외,569,2022,https://api.odcloud.kr/api/15072696/v1/uddi:0131eccc-8fe1-4dd1-b83d-bc8824f6e939,PUB-010_시도별_장기요양판정
여자,강원,일반,1등급,706,2022,https://api.odcloud.kr/api/15072696/v1/uddi:0131eccc-8fe1-4dd1-b83d-bc8824f6e939,PUB-010_시도별_장기요양판정
여자,강원,일반,2등급,1324,2022,https://api.odcloud.kr/api/15072696/v1/uddi:0131eccc-8fe1-4dd1-b83d-bc8824f6e939,PUB-010_시도별_장기요양판정
여자,강원,일반,3등급,3465,2022,https://api.odcloud.kr/api/15072696/v1/uddi:0131eccc-8fe1-4dd1-b83d-bc8824f6e939,PUB-010_시도별_장기요양판정
여자,강원,일반,4등급,4222,2022,https://api.odcloud.kr/api/15072696/v1/uddi:0131eccc-8fe1-4dd1-b83d-bc8824f6e939,PUB-010_시도별_장기요양판정
여자,강원,일반,5등급,885,2022,https://api.odcloud.kr/api/15072696/v1/uddi:0131eccc-8fe1-4dd1-b83d-bc8824f6e939,PUB-010_시도별_장기요양판정
여자,강원,일반,인지지원등급,245,2022,https://api.odcloud.kr/api/15072696/v1/uddi:0131eccc-8fe1-4dd1-b83d-bc8824f6e939,PUB-010_시도별_장기요양판정
여자,강원,일반,등급외,2225,2022,https://api.odcloud.kr/api/15072696/v1/uddi:0131eccc-8fe1-4dd1-b83d-bc8824f6e939,PUB-010_시도별_장기요양판정
여자,강원,감경,1등급,816,2022,https://api.odcloud.kr/api/15072696/v1/uddi:0131eccc-8fe1-4dd1-b83d-bc8824f6e939,PUB-010_시도별_장기요양판정
여자,강원,감경,2등급,1605,2022,https://api.odcloud.kr/api/15072696/v1/uddi:0131eccc-8fe1-4dd1-b83d-bc8824f6e939,PUB-010_시도별_장기요양판정
여자,강원,감경,3등급,4072,2022,https://api.odcloud.kr/api/15072696/v1/uddi:0131eccc-8fe1-4dd1-b83d-bc8824f6e939,PUB-010_시도별_장기요양판정
여자,강원,감경,4등급,4546,2022,https://api.odcloud.kr/api/15072696/v1/uddi:0131eccc-8fe1-4dd1-b83d-bc8824f6e939,PUB-010_시도별_장기요양판정
여자,강원,감경,5등급,813,2022,https://api.odcloud.kr/api/15072696/v1/uddi:0131eccc-8fe1-4dd1-b83d-bc8824f6e939,PUB-010_시도별_장기요양판정
여자,강원,감경,인지지원등급,215,2022,https://api.odcloud.kr/api/15072696/v1/uddi:0131eccc-8fe1-4dd1-b83d-bc8824f6e939,PUB-010_시도별_장기요양판정
여자,강원,감경,등급외,145,2022,https://api.odcloud.kr/api/15072696/v1/uddi:0131eccc-8fe1-4dd1-b83d-bc8824f6e939,PUB-010_시도별_장기요양판정
여자,강원,의료급여,1등급,29,2022,https://api.odcloud.kr/api/15072696/v1/uddi:0131eccc-8fe1-4dd1-b83d-bc8824f6e939,PUB-010_시도별_장기요양판정
여자,강원,의료급여,2등급,67,2022,https://api.odcloud.kr/api/15072696/v1/uddi:0131eccc-8fe1-4dd1-b83d-bc8824f6e939,PUB-010_시도별_장기요양판정
여자,강원,의료급여,3등급,161,2022,https://api.odcloud.kr/api/15072696/v1/uddi:0131eccc-8fe1-4dd1-b83d-bc8824f6e939,PUB-010_시도별_장기요양판정
여자,강원,의료급여,4등급,169,2022,https://api.odcloud.kr/api/15072696/v1/uddi:0131eccc-8fe1-4dd1-b83d-bc8824f6e939,PUB-010_시도별_장기요양판정
여자,강원,의료급여,5등급,35,2022,https://api.odcloud.kr/api/15072696/v1/uddi:0131eccc-8fe1-4dd1-b83d-bc8824f6e939,PUB-010_시도별_장기요양판정
여자,강원,의료급여,인지지원등급,5,2022,https://api.odcloud.kr/api/15072696/v1/uddi:0131eccc-8fe1-4dd1-b83d-bc8824f6e939,PUB-010_시도별_장기요양판정
여자,강원,의료급여,등급외,52,2022,https://api.odcloud.kr/api/15072696/v1/uddi:0131eccc-8fe1-4dd1-b83d-bc8824f6e939,PUB-010_시도별_장기요양판정
여자,강원,기초,1등급,410,2022,https://api.odcloud.kr/api/15072696/v1/uddi:0131eccc-8fe1-4dd1-b83d-bc8824f6e939,PUB-010_시도별_장기요양판정
여자,강원,기초,2등급,630,2022,https://api.odcloud.kr/api/15072696/v1/uddi:0131eccc-8fe1-4dd1-b83d-bc8824f6e939,PUB-010_시도별_장기요양판정
여자,강원,기초,3등급,1534,2022,https://api.odcloud.kr/api/15072696/v1/uddi:0131eccc-8fe1-4dd1-b83d-bc8824f6e939,PUB-010_시도별_장기요양판정
여자,강원,기초,4등급,1831,2022,https://api.odcloud.kr/api/15072696/v1/uddi:0131eccc-8fe1-4dd1-b83d-bc8824f6e939,PUB-010_시도별_장기요양판정
여자,강원,기초,5등급,289,2022,https://api.odcloud.kr/api/15072696/v1/uddi:0131eccc-8fe1-4dd1-b83d-bc8824f6e939,PUB-010_시도별_장기요양판정
여자,강원,기초,인지지원등급,86,2022,https://api.odcloud.kr/api/15072696/v1/uddi:0131eccc-8fe1-4dd1-b83d-bc8824f6e939,PUB-010_시도별_장기요양판정
여자,강원,기초,등급외,810,2022,https://api.odcloud.kr/api/15072696/v1/uddi:0131eccc-8fe1-4dd1-b83d-bc8824f6e939,PUB-010_시도별_장기요양판정
남자,충북,일반,1등급,181,2022,https://api.odcloud.kr/api/15072696/v1/uddi:0131eccc-8fe1-4dd1-b83d-bc8824f6e939,PUB-010_시도별_장기요양판정
남자,충북,일반,2등급,397,2022,https://api.odcloud.kr/api/15072696/v1/uddi:0131eccc-8fe1-4dd1-b83d-bc8824f6e939,PUB-010_시도별_장기요양판정
남자,충북,일반,3등급,1300,2022,https://api.odcloud.kr/api/15072696/v1/uddi:0131eccc-8fe1-4dd1-b83d-bc8824f6e939,PUB-010_시도별_장기요양판정
남자,충북,일반,4등급,2080,2022,https://api.odcloud.kr/api/15072696/v1/uddi:0131eccc-8fe1-4dd1-b83d-bc8824f6e939,PUB-010_시도별_장기요양판정
남자,충북,일반,5등급,637,2022,https://api.odcloud.kr/api/15072696/v1/uddi:0131eccc-8fe1-4dd1-b83d-bc8824f6e939,PUB-010_시도별_장기요양판정
남자,충북,일반,인지지원등급,142,2022,https://api.odcloud.kr/api/15072696/v1/uddi:0131eccc-8fe1-4dd1-b83d-bc8824f6e939,PUB-010_시도별_장기요양판정
남자,충북,일반,등급외,1102,2022,https://api.odcloud.kr/api/15072696/v1/uddi:0131eccc-8fe1-4dd1-b83d-bc8824f6e939,PUB-010_시도별_장기요양판정
남자,충북,감경,1등급,161,2022,https://api.odcloud.kr/api/15072696/v1/uddi:0131eccc-8fe1-4dd1-b83d-bc8824f6e939,PUB-010_시도별_장기요양판정
남자,충북,감경,2등급,354,2022,https://api.odcloud.kr/api/15072696/v1/uddi:0131eccc-8fe1-4dd1-b83d-bc8824f6e939,PUB-010_시도별_장기요양판정
남자,충북,감경,3등급,1133,2022,https://api.odcloud.kr/api/15072696/v1/uddi:0131eccc-8fe1-4dd1-b83d-bc8824f6e939,PUB-010_시도별_장기요양판정
남자,충북,감경,4등급,1737,2022,https://api.odcloud.kr/api/15072696/v1/uddi:0131eccc-8fe1-4dd1-b83d-bc8824f6e939,PUB-010_시도별_장기요양판정
남자,충북,감경,5등급,503,2022,https://api.odcloud.kr/api/15072696/v1/uddi:0131eccc-8fe1-4dd1-b83d-bc8824f6e939,PUB-010_시도별_장기요양판정
남자,충북,감경,인지지원등급,113,2022,https://api.odcloud.kr/api/15072696/v1/uddi:0131eccc-8fe1-4dd1-b83d-bc8824f6e939,PUB-010_시도별_장기요양판정
남자,충북,감경,등급외,42,2022,https://api.odcloud.kr/api/15072696/v1/uddi:0131eccc-8fe1-4dd1-b83d-bc8824f6e939,PUB-010_시도별_장기요양판정
남자,충북,의료급여,1등급,7,2022,https://api.odcloud.kr/api/15072696/v1/uddi:0131eccc-8fe1-4dd1-b83d-bc8824f6e939,PUB-010_시도별_장기요양판정
남자,충북,의료급여,2등급,12,2022,https://api.odcloud.kr/api/15072696/v1/uddi:0131eccc-8fe1-4dd1-b83d-bc8824f6e939,PUB-010_시도별_장기요양판정
남자,충북,의료급여,3등급,22,2022,https://api.odcloud.kr/api/15072696/v1/uddi:0131eccc-8fe1-4dd1-b83d-bc8824f6e939,PUB-010_시도별_장기요양판정
남자,충북,의료급여,4등급,53,2022,https://api.odcloud.kr/api/15072696/v1/uddi:0131eccc-8fe1-4dd1-b83d-bc8824f6e939,PUB-010_시도별_장기요양판정
남자,충북,의료급여,5등급,7,2022,https://api.odcloud.kr/api/15072696/v1/uddi:0131eccc-8fe1-4dd1-b83d-bc8824f6e939,PUB-010_시도별_장기요양판정
남자,충북,의료급여,인지지원등급,2,2022,https://api.odcloud.kr/api/15072696/v1/uddi:0131eccc-8fe1-4dd1-b83d-bc8824f6e939,PUB-010_시도별_장기요양판정
남자,충북,의료급여,등급외,18,2022,https://api.odcloud.kr/api/15072696/v1/uddi:0131eccc-8fe1-4dd1-b83d-bc8824f6e939,PUB-010_시도별_장기요양판정
남자,충북,기초,1등급,134,2022,https://api.odcloud.kr/api/15072696/v1/uddi:0131eccc-8fe1-4dd1-b83d-bc8824f6e939,PUB-010_시도별_장기요양판정
남자,충북,기초,2등급,173,2022,https://api.odcloud.kr/api/15072696/v1/uddi:0131eccc-8fe1-4dd1-b83d-bc8824f6e939,PUB-010_시도별_장기요양판정
남자,충북,기초,3등급,458,2022,https://api.odcloud.kr/api/15072696/v1/uddi:0131eccc-8fe1-4dd1-b83d-bc8824f6e939,PUB-010_시도별_장기요양판정
남자,충북,기초,4등급,780,2022,https://api.odcloud.kr/api/15072696/v1/uddi:0131eccc-8fe1-4dd1-b83d-bc8824f6e939,PUB-010_시도별_장기요양판정
남자,충북,기초,5등급,248,2022,https://api.odcloud.kr/api/15072696/v1/uddi:0131eccc-8fe1-4dd1-b83d-bc8824f6e939,PUB-010_시도별_장기요양판정
남자,충북,기초,인지지원등급,63,2022,https://api.odcloud.kr/api/15072696/v1/uddi:0131eccc-8fe1-4dd1-b83d-bc8824f6e939,PUB-010_시도별_장기요양판정
남자,충북,기초,등급외,442,2022,https://api.odcloud.kr/api/15072696/v1/uddi:0131eccc-8fe1-4dd1-b83d-bc8824f6e939,PUB-010_시도별_장기요양판정
여자,충북,일반,1등급,518,2022,https://api.odcloud.kr/api/15072696/v1/uddi:0131eccc-8fe1-4dd1-b83d-bc8824f6e939,PUB-010_시도별_장기요양판정
여자,충북,일반,2등급,1156,2022,https://api.odcloud.kr/api/15072696/v1/uddi:0131eccc-8fe1-4dd1-b83d-bc8824f6e939,PUB-010_시도별_장기요양판정
여자,충북,일반,3등급,3192,2022,https://api.odcloud.kr/api/15072696/v1/uddi:0131eccc-8fe1-4dd1-b83d-bc8824f6e939,PUB-010_시도별_장기요양판정
여자,충북,일반,4등급,5107,2022,https://api.odcloud.kr/api/15072696/v1/uddi:0131eccc-8fe1-4dd1-b83d-bc8824f6e939,PUB-010_시도별_장기요양판정
여자,충북,일반,5등급,1513,2022,https://api.odcloud.kr/api/15072696/v1/uddi:0131eccc-8fe1-4dd1-b83d-bc8824f6e939,PUB-010_시도별_장기요양판정
여자,충북,일반,인지지원등급,350,2022,https://api.odcloud.kr/api/15072696/v1/uddi:0131eccc-8fe1-4dd1-b83d-bc8824f6e939,PUB-010_시도별_장기요양판정
여자,충북,일반,등급외,2191,2022,https://api.odcloud.kr/api/15072696/v1/uddi:0131eccc-8fe1-4dd1-b83d-bc8824f6e939,PUB-010_시도별_장기요양판정
여자,충북,감경,1등급,589,2022,https://api.odcloud.kr/api/15072696/v1/uddi:0131eccc-8fe1-4dd1-b83d-bc8824f6e939,PUB-010_시도별_장기요양판정
여자,충북,감경,2등급,1381,2022,https://api.odcloud.kr/api/15072696/v1/uddi:0131eccc-8fe1-4dd1-b83d-bc8824f6e939,PUB-010_시도별_장기요양판정
여자,충북,감경,3등급,3447,2022,https://api.odcloud.kr/api/15072696/v1/uddi:0131eccc-8fe1-4dd1-b83d-bc8824f6e939,PUB-010_시도별_장기요양판정
여자,충북,감경,4등급,5263,2022,https://api.odcloud.kr/api/15072696/v1/uddi:0131eccc-8fe1-4dd1-b83d-bc8824f6e939,PUB-010_시도별_장기요양판정
여자,충북,감경,5등급,1340,2022,https://api.odcloud.kr/api/15072696/v1/uddi:0131eccc-8fe1-4dd1-b83d-bc8824f6e939,PUB-010_시도별_장기요양판정
여자,충북,감경,인지지원등급,307,2022,https://api.odcloud.kr/api/15072696/v1/uddi:0131eccc-8fe1-4dd1-b83d-bc8824f6e939,PUB-010_시도별_장기요양판정
여자,충북,감경,등급외,98,2022,https://api.odcloud.kr/api/15072696/v1/uddi:0131eccc-8fe1-4dd1-b83d-bc8824f6e939,PUB-010_시도별_장기요양판정
여자,충북,의료급여,1등급,13,2022,https://api.odcloud.kr/api/15072696/v1/uddi:0131eccc-8fe1-4dd1-b83d-bc8824f6e939,PUB-010_시도별_장기요양판정
여자,충북,의료급여,2등급,40,2022,https://api.odcloud.kr/api/15072696/v1/uddi:0131eccc-8fe1-4dd1-b83d-bc8824f6e939,PUB-010_시도별_장기요양판정
여자,충북,의료급여,3등급,108,2022,https://api.odcloud.kr/api/15072696/v1/uddi:0131eccc-8fe1-4dd1-b83d-bc8824f6e939,PUB-010_시도별_장기요양판정
여자,충북,의료급여,4등급,155,2022,https://api.odcloud.kr/api/15072696/v1/uddi:0131eccc-8fe1-4dd1-b83d-bc8824f6e939,PUB-010_시도별_장기요양판정
여자,충북,의료급여,5등급,39,2022,https://api.odcloud.kr/api/15072696/v1/uddi:0131eccc-8fe1-4dd1-b83d-bc8824f6e939,PUB-010_시도별_장기요양판정
여자,충북,의료급여,인지지원등급,5,2022,https://api.odcloud.kr/api/15072696/v1/uddi:0131eccc-8fe1-4dd1-b83d-bc8824f6e939,PUB-010_시도별_장기요양판정
여자,충북,의료급여,등급외,37,2022,https://api.odcloud.kr/api/15072696/v1/uddi:0131eccc-8fe1-4dd1-b83d-bc8824f6e939,PUB-010_시도별_장기요양판정
여자,충북,기초,1등급,247,2022,https://api.odcloud.kr/api/15072696/v1/uddi:0131eccc-8fe1-4dd1-b83d-bc8824f6e939,PUB-010_시도별_장기요양판정
여자,충북,기초,2등급,403,2022,https://api.odcloud.kr/api/15072696/v1/uddi:0131eccc-8fe1-4dd1-b83d-bc8824f6e939,PUB-010_시도별_장기요양판정
여자,충북,기초,3등급,1032,2022,https://api.odcloud.kr/api/15072696/v1/uddi:0131eccc-8fe1-4dd1-b83d-bc8824f6e939,PUB-010_시도별_장기요양판정
여자,충북,기초,4등급,1632,2022,https://api.odcloud.kr/api/15072696/v1/uddi:0131eccc-8fe1-4dd1-b83d-bc8824f6e939,PUB-010_시도별_장기요양판정
여자,충북,기초,5등급,401,2022,https://api.odcloud.kr/api/15072696/v1/uddi:0131eccc-8fe1-4dd1-b83d-bc8824f6e939,PUB-010_시도별_장기요양판정
여자,충북,기초,인지지원등급,97,2022,https://api.odcloud.kr/api/15072696/v1/uddi:0131eccc-8fe1-4dd1-b83d-bc8824f6e939,PUB-010_시도별_장기요양판정
여자,충북,기초,등급외,638,2022,https://api.odcloud.kr/api/15072696/v1/uddi:0131eccc-8fe1-4dd1-b83d-bc8824f6e939,PUB-010_시도별_장기요양판정
남자,충남,일반,1등급,314,2022,https://api.odcloud.kr/api/15072696/v1/uddi:0131eccc-8fe1-4dd1-b83d-bc8824f6e939,PUB-010_시도별_장기요양판정
남자,충남,일반,2등급,587,2022,https://api.odcloud.kr/api/15072696/v1/uddi:0131eccc-8fe1-4dd1-b83d-bc8824f6e939,PUB-010_시도별_장기요양판정
남자,충남,일반,3등급,1990,2022,https://api.odcloud.kr/api/15072696/v1/uddi:0131eccc-8fe1-4dd1-b83d-bc8824f6e939,PUB-010_시도별_장기요양판정
남자,충남,일반,4등급,3555,2022,https://api.odcloud.kr/api/15072696/v1/uddi:0131eccc-8fe1-4dd1-b83d-bc8824f6e939,PUB-010_시도별_장기요양판정
남자,충남,일반,5등급,1077,2022,https://api.odcloud.kr/api/15072696/v1/uddi:0131eccc-8fe1-4dd1-b83d-bc8824f6e939,PUB-010_시도별_장기요양판정
남자,충남,일반,인지지원등급,296,2022,https://api.odcloud.kr/api/15072696/v1/uddi:0131eccc-8fe1-4dd1-b83d-bc8824f6e939,PUB-010_시도별_장기요양판정
남자,충남,일반,등급외,2044,2022,https://api.odcloud.kr/api/15072696/v1/uddi:0131eccc-8fe1-4dd1-b83d-bc8824f6e939,PUB-010_시도별_장기요양판정
남자,충남,감경,1등급,212,2022,https://api.odcloud.kr/api/15072696/v1/uddi:0131eccc-8fe1-4dd1-b83d-bc8824f6e939,PUB-010_시도별_장기요양판정
남자,충남,감경,2등급,440,2022,https://api.odcloud.kr/api/15072696/v1/uddi:0131eccc-8fe1-4dd1-b83d-bc8824f6e939,PUB-010_시도별_장기요양판정
남자,충남,감경,3등급,1562,2022,https://api.odcloud.kr/api/15072696/v1/uddi:0131eccc-8fe1-4dd1-b83d-bc8824f6e939,PUB-010_시도별_장기요양판정
남자,충남,감경,4등급,2642,2022,https://api.odcloud.kr/api/15072696/v1/uddi:0131eccc-8fe1-4dd1-b83d-bc8824f6e939,PUB-010_시도별_장기요양판정
남자,충남,감경,5등급,774,2022,https://api.odcloud.kr/api/15072696/v1/uddi:0131eccc-8fe1-4dd1-b83d-bc8824f6e939,PUB-010_시도별_장기요양판정
남자,충남,감경,인지지원등급,191,2022,https://api.odcloud.kr/api/15072696/v1/uddi:0131eccc-8fe1-4dd1-b83d-bc8824f6e939,PUB-010_시도별_장기요양판정
남자,충남,감경,등급외,86,2022,https://api.odcloud.kr/api/15072696/v1/uddi:0131eccc-8fe1-4dd1-b83d-bc8824f6e939,PUB-010_시도별_장기요양판정
남자,충남,의료급여,1등급,3,2022,https://api.odcloud.kr/api/15072696/v1/uddi:0131eccc-8fe1-4dd1-b83d-bc8824f6e939,PUB-010_시도별_장기요양판정
남자,충남,의료급여,2등급,8,2022,https://api.odcloud.kr/api/15072696/v1/uddi:0131eccc-8fe1-4dd1-b83d-bc8824f6e939,PUB-010_시도별_장기요양판정
남자,충남,의료급여,3등급,28,2022,https://api.odcloud.kr/api/15072696/v1/uddi:0131eccc-8fe1-4dd1-b83d-bc8824f6e939,PUB-010_시도별_장기요양판정
남자,충남,의료급여,4등급,48,2022,https://api.odcloud.kr/api/15072696/v1/uddi:0131eccc-8fe1-4dd1-b83d-bc8824f6e939,PUB-010_시도별_장기요양판정
남자,충남,의료급여,5등급,13,2022,https://api.odcloud.kr/api/15072696/v1/uddi:0131eccc-8fe1-4dd1-b83d-bc8824f6e939,PUB-010_시도별_장기요양판정
남자,충남,의료급여,인지지원등급,8,2022,https://api.odcloud.kr/api/15072696/v1/uddi:0131eccc-8fe1-4dd1-b83d-bc8824f6e939,PUB-010_시도별_장기요양판정
남자,충남,의료급여,등급외,27,2022,https://api.odcloud.kr/api/15072696/v1/uddi:0131eccc-8fe1-4dd1-b83d-bc8824f6e939,PUB-010_시도별_장기요양판정
남자,충남,기초,1등급,107,2022,https://api.odcloud.kr/api/15072696/v1/uddi:0131eccc-8fe1-4dd1-b83d-bc8824f6e939,PUB-010_시도별_장기요양판정
남자,충남,기초,2등급,214,2022,https://api.odcloud.kr/api/15072696/v1/uddi:0131eccc-8fe1-4dd1-b83d-bc8824f6e939,PUB-010_시도별_장기요양판정
남자,충남,기초,3등급,497,2022,https://api.odcloud.kr/api/15072696/v1/uddi:0131eccc-8fe1-4dd1-b83d-bc8824f6e939,PUB-010_시도별_장기요양판정
남자,충남,기초,4등급,974,2022,https://api.odcloud.kr/api/15072696/v1/uddi:0131eccc-8fe1-4dd1-b83d-bc8824f6e939,PUB-010_시도별_장기요양판정
남자,충남,기초,5등급,276,2022,https://api.odcloud.kr/api/15072696/v1/uddi:0131eccc-8fe1-4dd1-b83d-bc8824f6e939,PUB-010_시도별_장기요양판정
남자,충남,기초,인지지원등급,79,2022,https://api.odcloud.kr/api/15072696/v1/uddi:0131eccc-8fe1-4dd1-b83d-bc8824f6e939,PUB-010_시도별_장기요양판정
남자,충남,기초,등급외,614,2022,https://api.odcloud.kr/api/15072696/v1/uddi:0131eccc-8fe1-4dd1-b83d-bc8824f6e939,PUB-010_시도별_장기요양판정
여자,충남,일반,1등급,796,2022,https://api.odcloud.kr/api/15072696/v1/uddi:0131eccc-8fe1-4dd1-b83d-bc8824f6e939,PUB-010_시도별_장기요양판정
여자,충남,일반,2등급,1613,2022,https://api.odcloud.kr/api/15072696/v1/uddi:0131eccc-8fe1-4dd1-b83d-bc8824f6e939,PUB-010_시도별_장기요양판정
여자,충남,일반,3등급,4731,2022,https://api.odcloud.kr/api/15072696/v1/uddi:0131eccc-8fe1-4dd1-b83d-bc8824f6e939,PUB-010_시도별_장기요양판정
여자,충남,일반,4등급,8900,2022,https://api.odcloud.kr/api/15072696/v1/uddi:0131eccc-8fe1-4dd1-b83d-bc8824f6e939,PUB-010_시도별_장기요양판정
여자,충남,일반,5등급,2444,2022,https://api.odcloud.kr/api/15072696/v1/uddi:0131eccc-8fe1-4dd1-b83d-bc8824f6e939,PUB-010_시도별_장기요양판정
여자,충남,일반,인지지원등급,571,2022,https://api.odcloud.kr/api/15072696/v1/uddi:0131eccc-8fe1-4dd1-b83d-bc8824f6e939,PUB-010_시도별_장기요양판정
여자,충남,일반,등급외,4199,2022,https://api.odcloud.kr/api/15072696/v1/uddi:0131eccc-8fe1-4dd1-b83d-bc8824f6e939,PUB-010_시도별_장기요양판정
여자,충남,감경,1등급,801,2022,https://api.odcloud.kr/api/15072696/v1/uddi:0131eccc-8fe1-4dd1-b83d-bc8824f6e939,PUB-010_시도별_장기요양판정
여자,충남,감경,2등급,1680,2022,https://api.odcloud.kr/api/15072696/v1/uddi:0131eccc-8fe1-4dd1-b83d-bc8824f6e939,PUB-010_시도별_장기요양판정
여자,충남,감경,3등급,4758,2022,https://api.odcloud.kr/api/15072696/v1/uddi:0131eccc-8fe1-4dd1-b83d-bc8824f6e939,PUB-010_시도별_장기요양판정
여자,충남,감경,4등급,8082,2022,https://api.odcloud.kr/api/15072696/v1/uddi:0131eccc-8fe1-4dd1-b83d-bc8824f6e939,PUB-010_시도별_장기요양판정
여자,충남,감경,5등급,2126,2022,https://api.odcloud.kr/api/15072696/v1/uddi:0131eccc-8fe1-4dd1-b83d-bc8824f6e939,PUB-010_시도별_장기요양판정
여자,충남,감경,인지지원등급,431,2022,https://api.odcloud.kr/api/15072696/v1/uddi:0131eccc-8fe1-4dd1-b83d-bc8824f6e939,PUB-010_시도별_장기요양판정
여자,충남,감경,등급외,157,2022,https://api.odcloud.kr/api/15072696/v1/uddi:0131eccc-8fe1-4dd1-b83d-bc8824f6e939,PUB-010_시도별_장기요양판정
여자,충남,의료급여,1등급,13,2022,https://api.odcloud.kr/api/15072696/v1/uddi:0131eccc-8fe1-4dd1-b83d-bc8824f6e939,PUB-010_시도별_장기요양판정
여자,충남,의료급여,2등급,29,2022,https://api.odcloud.kr/api/15072696/v1/uddi:0131eccc-8fe1-4dd1-b83d-bc8824f6e939,PUB-010_시도별_장기요양판정
여자,충남,의료급여,3등급,89,2022,https://api.odcloud.kr/api/15072696/v1/uddi:0131eccc-8fe1-4dd1-b83d-bc8824f6e939,PUB-010_시도별_장기요양판정
여자,충남,의료급여,4등급,165,2022,https://api.odcloud.kr/api/15072696/v1/uddi:0131eccc-8fe1-4dd1-b83d-bc8824f6e939,PUB-010_시도별_장기요양판정
여자,충남,의료급여,5등급,38,2022,https://api.odcloud.kr/api/15072696/v1/uddi:0131eccc-8fe1-4dd1-b83d-bc8824f6e939,PUB-010_시도별_장기요양판정
여자,충남,의료급여,인지지원등급,8,2022,https://api.odcloud.kr/api/15072696/v1/uddi:0131eccc-8fe1-4dd1-b83d-bc8824f6e939,PUB-010_시도별_장기요양판정
여자,충남,의료급여,등급외,45,2022,https://api.odcloud.kr/api/15072696/v1/uddi:0131eccc-8fe1-4dd1-b83d-bc8824f6e939,PUB-010_시도별_장기요양판정
여자,충남,기초,1등급,245,2022,https://api.odcloud.kr/api/15072696/v1/uddi:0131eccc-8fe1-4dd1-b83d-bc8824f6e939,PUB-010_시도별_장기요양판정
여자,충남,기초,2등급,448,2022,https://api.odcloud.kr/api/15072696/v1/uddi:0131eccc-8fe1-4dd1-b83d-bc8824f6e939,PUB-010_시도별_장기요양판정
여자,충남,기초,3등급,1157,2022,https://api.odcloud.kr/api/15072696/v1/uddi:0131eccc-8fe1-4dd1-b83d-bc8824f6e939,PUB-010_시도별_장기요양판정
여자,충남,기초,4등급,2060,2022,https://api.odcloud.kr/api/15072696/v1/uddi:0131eccc-8fe1-4dd1-b83d-bc8824f6e939,PUB-010_시도별_장기요양판정
여자,충남,기초,5등급,557,2022,https://api.odcloud.kr/api/15072696/v1/uddi:0131eccc-8fe1-4dd1-b83d-bc8824f6e939,PUB-010_시도별_장기요양판정
여자,충남,기초,인지지원등급,131,2022,https://api.odcloud.kr/api/15072696/v1/uddi:0131eccc-8fe1-4dd1-b83d-bc8824f6e939,PUB-010_시도별_장기요양판정
여자,충남,기초,등급외,879,2022,https://api.odcloud.kr/api/15072696/v1/uddi:0131eccc-8fe1-4dd1-b83d-bc8824f6e939,PUB-010_시도별_장기요양판정
남자,전북,일반,1등급,184,2022,https://api.odcloud.kr/api/15072696/v1/uddi:0131eccc-8fe1-4dd1-b83d-bc8824f6e939,PUB-010_시도별_장기요양판정
남자,전북,일반,2등급,409,2022,https://api.odcloud.kr/api/15072696/v1/uddi:0131eccc-8fe1-4dd1-b83d-bc8824f6e939,PUB-010_시도별_장기요양판정
남자,전북,일반,3등급,1357,2022,https://api.odcloud.kr/api/15072696/v1/uddi:0131eccc-8fe1-4dd1-b83d-bc8824f6e939,PUB-010_시도별_장기요양판정
남자,전북,일반,4등급,3248,2022,https://api.odcloud.kr/api/15072696/v1/uddi:0131eccc-8fe1-4dd1-b83d-bc8824f6e939,PUB-010_시도별_장기요양판정
남자,전북,일반,5등급,1174,2022,https://api.odcloud.kr/api/15072696/v1/uddi:0131eccc-8fe1-4dd1-b83d-bc8824f6e939,PUB-010_시도별_장기요양판정
남자,전북,일반,인지지원등급,186,2022,https://api.odcloud.kr/api/15072696/v1/uddi:0131eccc-8fe1-4dd1-b83d-bc8824f6e939,PUB-010_시도별_장기요양판정
남자,전북,일반,등급외,2112,2022,https://api.odcloud.kr/api/15072696/v1/uddi:0131eccc-8fe1-4dd1-b83d-bc8824f6e939,PUB-010_시도별_장기요양판정
남자,전북,감경,1등급,206,2022,https://api.odcloud.kr/api/15072696/v1/uddi:0131eccc-8fe1-4dd1-b83d-bc8824f6e939,PUB-010_시도별_장기요양판정
남자,전북,감경,2등급,343,2022,https://api.odcloud.kr/api/15072696/v1/uddi:0131eccc-8fe1-4dd1-b83d-bc8824f6e939,PUB-010_시도별_장기요양판정
남자,전북,감경,3등급,1294,2022,https://api.odcloud.kr/api/15072696/v1/uddi:0131eccc-8fe1-4dd1-b83d-bc8824f6e939,PUB-010_시도별_장기요양판정
남자,전북,감경,4등급,2867,2022,https://api.odcloud.kr/api/15072696/v1/uddi:0131eccc-8fe1-4dd1-b83d-bc8824f6e939,PUB-010_시도별_장기요양판정
남자,전북,감경,5등급,935,2022,https://api.odcloud.kr/api/15072696/v1/uddi:0131eccc-8fe1-4dd1-b83d-bc8824f6e939,PUB-010_시도별_장기요양판정
남자,전북,감경,인지지원등급,142,2022,https://api.odcloud.kr/api/15072696/v1/uddi:0131eccc-8fe1-4dd1-b83d-bc8824f6e939,PUB-010_시도별_장기요양판정
남자,전북,감경,등급외,150,2022,https://api.odcloud.kr/api/15072696/v1/uddi:0131eccc-8fe1-4dd1-b83d-bc8824f6e939,PUB-010_시도별_장기요양판정
남자,전북,의료급여,1등급,8,2022,https://api.odcloud.kr/api/15072696/v1/uddi:0131eccc-8fe1-4dd1-b83d-bc8824f6e939,PUB-010_시도별_장기요양판정
남자,전북,의료급여,2등급,8,2022,https://api.odcloud.kr/api/15072696/v1/uddi:0131eccc-8fe1-4dd1-b83d-bc8824f6e939,PUB-010_시도별_장기요양판정
남자,전북,의료급여,3등급,45,2022,https://api.odcloud.kr/api/15072696/v1/uddi:0131eccc-8fe1-4dd1-b83d-bc8824f6e939,PUB-010_시도별_장기요양판정
남자,전북,의료급여,4등급,81,2022,https://api.odcloud.kr/api/15072696/v1/uddi:0131eccc-8fe1-4dd1-b83d-bc8824f6e939,PUB-010_시도별_장기요양판정
남자,전북,의료급여,5등급,24,2022,https://api.odcloud.kr/api/15072696/v1/uddi:0131eccc-8fe1-4dd1-b83d-bc8824f6e939,PUB-010_시도별_장기요양판정
남자,전북,의료급여,인지지원등급,4,2022,https://api.odcloud.kr/api/15072696/v1/uddi:0131eccc-8fe1-4dd1-b83d-bc8824f6e939,PUB-010_시도별_장기요양판정
남자,전북,의료급여,등급외,35,2022,https://api.odcloud.kr/api/15072696/v1/uddi:0131eccc-8fe1-4dd1-b83d-bc8824f6e939,PUB-010_시도별_장기요양판정
남자,전북,기초,1등급,73,2022,https://api.odcloud.kr/api/15072696/v1/uddi:0131eccc-8fe1-4dd1-b83d-bc8824f6e939,PUB-010_시도별_장기요양판정
남자,전북,기초,2등급,155,2022,https://api.odcloud.kr/api/15072696/v1/uddi:0131eccc-8fe1-4dd1-b83d-bc8824f6e939,PUB-010_시도별_장기요양판정
남자,전북,기초,3등급,469,2022,https://api.odcloud.kr/api/15072696/v1/uddi:0131eccc-8fe1-4dd1-b83d-bc8824f6e939,PUB-010_시도별_장기요양판정
남자,전북,기초,4등급,1344,2022,https://api.odcloud.kr/api/15072696/v1/uddi:0131eccc-8fe1-4dd1-b83d-bc8824f6e939,PUB-010_시도별_장기요양판정
남자,전북,기초,5등급,491,2022,https://api.odcloud.kr/api/15072696/v1/uddi:0131eccc-8fe1-4dd1-b83d-bc8824f6e939,PUB-010_시도별_장기요양판정
남자,전북,기초,인지지원등급,106,2022,https://api.odcloud.kr/api/15072696/v1/uddi:0131eccc-8fe1-4dd1-b83d-bc8824f6e939,PUB-010_시도별_장기요양판정
남자,전북,기초,등급외,1197,2022,https://api.odcloud.kr/api/15072696/v1/uddi:0131eccc-8fe1-4dd1-b83d-bc8824f6e939,PUB-010_시도별_장기요양판정
여자,전북,일반,1등급,537,2022,https://api.odcloud.kr/api/15072696/v1/uddi:0131eccc-8fe1-4dd1-b83d-bc8824f6e939,PUB-010_시도별_장기요양판정
여자,전북,일반,2등급,1047,2022,https://api.odcloud.kr/api/15072696/v1/uddi:0131eccc-8fe1-4dd1-b83d-bc8824f6e939,PUB-010_시도별_장기요양판정
여자,전북,일반,3등급,3189,2022,https://api.odcloud.kr/api/15072696/v1/uddi:0131eccc-8fe1-4dd1-b83d-bc8824f6e939,PUB-010_시도별_장기요양판정
여자,전북,일반,4등급,8351,2022,https://api.odcloud.kr/api/15072696/v1/uddi:0131eccc-8fe1-4dd1-b83d-bc8824f6e939,PUB-010_시도별_장기요양판정
여자,전북,일반,5등급,3017,2022,https://api.odcloud.kr/api/15072696/v1/uddi:0131eccc-8fe1-4dd1-b83d-bc8824f6e939,PUB-010_시도별_장기요양판정
여자,전북,일반,인지지원등급,396,2022,https://api.odcloud.kr/api/15072696/v1/uddi:0131eccc-8fe1-4dd1-b83d-bc8824f6e939,PUB-010_시도별_장기요양판정
여자,전북,일반,등급외,4810,2022,https://api.odcloud.kr/api/15072696/v1/uddi:0131eccc-8fe1-4dd1-b83d-bc8824f6e939,PUB-010_시도별_장기요양판정
여자,전북,감경,1등급,628,2022,https://api.odcloud.kr/api/15072696/v1/uddi:0131eccc-8fe1-4dd1-b83d-bc8824f6e939,PUB-010_시도별_장기요양판정
여자,전북,감경,2등급,1488,2022,https://api.odcloud.kr/api/15072696/v1/uddi:0131eccc-8fe1-4dd1-b83d-bc8824f6e939,PUB-010_시도별_장기요양판정
여자,전북,감경,3등급,4114,2022,https://api.odcloud.kr/api/15072696/v1/uddi:0131eccc-8fe1-4dd1-b83d-bc8824f6e939,PUB-010_시도별_장기요양판정
여자,전북,감경,4등급,9629,2022,https://api.odcloud.kr/api/15072696/v1/uddi:0131eccc-8fe1-4dd1-b83d-bc8824f6e939,PUB-010_시도별_장기요양판정
여자,전북,감경,5등급,3038,2022,https://api.odcloud.kr/api/15072696/v1/uddi:0131eccc-8fe1-4dd1-b83d-bc8824f6e939,PUB-010_시도별_장기요양판정
여자,전북,감경,인지지원등급,342,2022,https://api.odcloud.kr/api/15072696/v1/uddi:0131eccc-8fe1-4dd1-b83d-bc8824f6e939,PUB-010_시도별_장기요양판정
여자,전북,감경,등급외,520,2022,https://api.odcloud.kr/api/15072696/v1/uddi:0131eccc-8fe1-4dd1-b83d-bc8824f6e939,PUB-010_시도별_장기요양판정
여자,전북,의료급여,1등급,18,2022,https://api.odcloud.kr/api/15072696/v1/uddi:0131eccc-8fe1-4dd1-b83d-bc8824f6e939,PUB-010_시도별_장기요양판정
여자,전북,의료급여,2등급,38,2022,https://api.odcloud.kr/api/15072696/v1/uddi:0131eccc-8fe1-4dd1-b83d-bc8824f6e939,PUB-010_시도별_장기요양판정
여자,전북,의료급여,3등급,108,2022,https://api.odcloud.kr/api/15072696/v1/uddi:0131eccc-8fe1-4dd1-b83d-bc8824f6e939,PUB-010_시도별_장기요양판정
여자,전북,의료급여,4등급,300,2022,https://api.odcloud.kr/api/15072696/v1/uddi:0131eccc-8fe1-4dd1-b83d-bc8824f6e939,PUB-010_시도별_장기요양판정
여자,전북,의료급여,5등급,91,2022,https://api.odcloud.kr/api/15072696/v1/uddi:0131eccc-8fe1-4dd1-b83d-bc8824f6e939,PUB-010_시도별_장기요양판정
여자,전북,의료급여,인지지원등급,7,2022,https://api.odcloud.kr/api/15072696/v1/uddi:0131eccc-8fe1-4dd1-b83d-bc8824f6e939,PUB-010_시도별_장기요양판정
여자,전북,의료급여,등급외,87,2022,https://api.odcloud.kr/api/15072696/v1/uddi:0131eccc-8fe1-4dd1-b83d-bc8824f6e939,PUB-010_시도별_장기요양판정
여자,전북,기초,1등급,180,2022,https://api.odcloud.kr/api/15072696/v1/uddi:0131eccc-8fe1-4dd1-b83d-bc8824f6e939,PUB-010_시도별_장기요양판정
여자,전북,기초,2등급,447,2022,https://api.odcloud.kr/api/15072696/v1/uddi:0131eccc-8fe1-4dd1-b83d-bc8824f6e939,PUB-010_시도별_장기요양판정
여자,전북,기초,3등급,1176,2022,https://api.odcloud.kr/api/15072696/v1/uddi:0131eccc-8fe1-4dd1-b83d-bc8824f6e939,PUB-010_시도별_장기요양판정
여자,전북,기초,4등급,3077,2022,https://api.odcloud.kr/api/15072696/v1/uddi:0131eccc-8fe1-4dd1-b83d-bc8824f6e939,PUB-010_시도별_장기요양판정
여자,전북,기초,5등급,1104,2022,https://api.odcloud.kr/api/15072696/v1/uddi:0131eccc-8fe1-4dd1-b83d-bc8824f6e939,PUB-010_시도별_장기요양판정
여자,전북,기초,인지지원등급,169,2022,https://api.odcloud.kr/api/15072696/v1/uddi:0131eccc-8fe1-4dd1-b83d-bc8824f6e939,PUB-010_시도별_장기요양판정
여자,전북,기초,등급외,1879,2022,https://api.odcloud.kr/api/15072696/v1/uddi:0131eccc-8fe1-4dd1-b83d-bc8824f6e939,PUB-010_시도별_장기요양판정
남자,전남,일반,1등급,191,2022,https://api.odcloud.kr/api/15072696/v1/uddi:0131eccc-8fe1-4dd1-b83d-bc8824f6e939,PUB-010_시도별_장기요양판정
남자,전남,일반,2등급,453,2022,https://api.odcloud.kr/api/15072696/v1/uddi:0131eccc-8fe1-4dd1-b83d-bc8824f6e939,PUB-010_시도별_장기요양판정
남자,전남,일반,3등급,1424,2022,https://api.odcloud.kr/api/15072696/v1/uddi:0131eccc-8fe1-4dd1-b83d-bc8824f6e939,PUB-010_시도별_장기요양판정
남자,전남,일반,4등급,3155,2022,https://api.odcloud.kr/api/15072696/v1/uddi:0131eccc-8fe1-4dd1-b83d-bc8824f6e939,PUB-010_시도별_장기요양판정
남자,전남,일반,5등급,851,2022,https://api.odcloud.kr/api/15072696/v1/uddi:0131eccc-8fe1-4dd1-b83d-bc8824f6e939,PUB-010_시도별_장기요양판정
남자,전남,일반,인지지원등급,222,2022,https://api.odcloud.kr/api/15072696/v1/uddi:0131eccc-8fe1-4dd1-b83d-bc8824f6e939,PUB-010_시도별_장기요양판정
남자,전남,일반,등급외,2612,2022,https://api.odcloud.kr/api/15072696/v1/uddi:0131eccc-8fe1-4dd1-b83d-bc8824f6e939,PUB-010_시도별_장기요양판정
남자,전남,감경,1등급,217,2022,https://api.odcloud.kr/api/15072696/v1/uddi:0131eccc-8fe1-4dd1-b83d-bc8824f6e939,PUB-010_시도별_장기요양판정
남자,전남,감경,2등급,512,2022,https://api.odcloud.kr/api/15072696/v1/uddi:0131eccc-8fe1-4dd1-b83d-bc8824f6e939,PUB-010_시도별_장기요양판정
남자,전남,감경,3등급,1578,2022,https://api.odcloud.kr/api/15072696/v1/uddi:0131eccc-8fe1-4dd1-b83d-bc8824f6e939,PUB-010_시도별_장기요양판정
남자,전남,감경,4등급,3243,2022,https://api.odcloud.kr/api/15072696/v1/uddi:0131eccc-8fe1-4dd1-b83d-bc8824f6e939,PUB-010_시도별_장기요양판정
남자,전남,감경,5등급,870,2022,https://api.odcloud.kr/api/15072696/v1/uddi:0131eccc-8fe1-4dd1-b83d-bc8824f6e939,PUB-010_시도별_장기요양판정
남자,전남,감경,인지지원등급,210,2022,https://api.odcloud.kr/api/15072696/v1/uddi:0131eccc-8fe1-4dd1-b83d-bc8824f6e939,PUB-010_시도별_장기요양판정
남자,전남,감경,등급외,137,2022,https://api.odcloud.kr/api/15072696/v1/uddi:0131eccc-8fe1-4dd1-b83d-bc8824f6e939,PUB-010_시도별_장기요양판정
남자,전남,의료급여,1등급,4,2022,https://api.odcloud.kr/api/15072696/v1/uddi:0131eccc-8fe1-4dd1-b83d-bc8824f6e939,PUB-010_시도별_장기요양판정
남자,전남,의료급여,2등급,11,2022,https://api.odcloud.kr/api/15072696/v1/uddi:0131eccc-8fe1-4dd1-b83d-bc8824f6e939,PUB-010_시도별_장기요양판정
남자,전남,의료급여,3등급,43,2022,https://api.odcloud.kr/api/15072696/v1/uddi:0131eccc-8fe1-4dd1-b83d-bc8824f6e939,PUB-010_시도별_장기요양판정
남자,전남,의료급여,4등급,95,2022,https://api.odcloud.kr/api/15072696/v1/uddi:0131eccc-8fe1-4dd1-b83d-bc8824f6e939,PUB-010_시도별_장기요양판정
남자,전남,의료급여,5등급,18,2022,https://api.odcloud.kr/api/15072696/v1/uddi:0131eccc-8fe1-4dd1-b83d-bc8824f6e939,PUB-010_시도별_장기요양판정
남자,전남,의료급여,인지지원등급,3,2022,https://api.odcloud.kr/api/15072696/v1/uddi:0131eccc-8fe1-4dd1-b83d-bc8824f6e939,PUB-010_시도별_장기요양판정
남자,전남,의료급여,등급외,43,2022,https://api.odcloud.kr/api/15072696/v1/uddi:0131eccc-8fe1-4dd1-b83d-bc8824f6e939,PUB-010_시도별_장기요양판정
남자,전남,기초,1등급,83,2022,https://api.odcloud.kr/api/15072696/v1/uddi:0131eccc-8fe1-4dd1-b83d-bc8824f6e939,PUB-010_시도별_장기요양판정
남자,전남,기초,2등급,173,2022,https://api.odcloud.kr/api/15072696/v1/uddi:0131eccc-8fe1-4dd1-b83d-bc8824f6e939,PUB-010_시도별_장기요양판정
남자,전남,기초,3등급,463,2022,https://api.odcloud.kr/api/15072696/v1/uddi:0131eccc-8fe1-4dd1-b83d-bc8824f6e939,PUB-010_시도별_장기요양판정
남자,전남,기초,4등급,1065,2022,https://api.odcloud.kr/api/15072696/v1/uddi:0131eccc-8fe1-4dd1-b83d-bc8824f6e939,PUB-010_시도별_장기요양판정
남자,전남,기초,5등급,274,2022,https://api.odcloud.kr/api/15072696/v1/uddi:0131eccc-8fe1-4dd1-b83d-bc8824f6e939,PUB-010_시도별_장기요양판정
남자,전남,기초,인지지원등급,81,2022,https://api.odcloud.kr/api/15072696/v1/uddi:0131eccc-8fe1-4dd1-b83d-bc8824f6e939,PUB-010_시도별_장기요양판정
남자,전남,기초,등급외,932,2022,https://api.odcloud.kr/api/15072696/v1/uddi:0131eccc-8fe1-4dd1-b83d-bc8824f6e939,PUB-010_시도별_장기요양판정
여자,전남,일반,1등급,521,2022,https://api.odcloud.kr/api/15072696/v1/uddi:0131eccc-8fe1-4dd1-b83d-bc8824f6e939,PUB-010_시도별_장기요양판정
여자,전남,일반,2등급,1129,2022,https://api.odcloud.kr/api/15072696/v1/uddi:0131eccc-8fe1-4dd1-b83d-bc8824f6e939,PUB-010_시도별_장기요양판정
여자,전남,일반,3등급,3584,2022,https://api.odcloud.kr/api/15072696/v1/uddi:0131eccc-8fe1-4dd1-b83d-bc8824f6e939,PUB-010_시도별_장기요양판정
여자,전남,일반,4등급,8709,2022,https://api.odcloud.kr/api/15072696/v1/uddi:0131eccc-8fe1-4dd1-b83d-bc8824f6e939,PUB-010_시도별_장기요양판정
여자,전남,일반,5등급,2421,2022,https://api.odcloud.kr/api/15072696/v1/uddi:0131eccc-8fe1-4dd1-b83d-bc8824f6e939,PUB-010_시도별_장기요양판정
여자,전남,일반,인지지원등급,505,2022,https://api.odcloud.kr/api/15072696/v1/uddi:0131eccc-8fe1-4dd1-b83d-bc8824f6e939,PUB-010_시도별_장기요양판정
여자,전남,일반,등급외,6442,2022,https://api.odcloud.kr/api/15072696/v1/uddi:0131eccc-8fe1-4dd1-b83d-bc8824f6e939,PUB-010_시도별_장기요양판정
여자,전남,감경,1등급,820,2022,https://api.odcloud.kr/api/15072696/v1/uddi:0131eccc-8fe1-4dd1-b83d-bc8824f6e939,PUB-010_시도별_장기요양판정
여자,전남,감경,2등급,2128,2022,https://api.odcloud.kr/api/15072696/v1/uddi:0131eccc-8fe1-4dd1-b83d-bc8824f6e939,PUB-010_시도별_장기요양판정
여자,전남,감경,3등급,5573,2022,https://api.odcloud.kr/api/15072696/v1/uddi:0131eccc-8fe1-4dd1-b83d-bc8824f6e939,PUB-010_시도별_장기요양판정
여자,전남,감경,4등급,12387,2022,https://api.odcloud.kr/api/15072696/v1/uddi:0131eccc-8fe1-4dd1-b83d-bc8824f6e939,PUB-010_시도별_장기요양판정
여자,전남,감경,5등급,3156,2022,https://api.odcloud.kr/api/15072696/v1/uddi:0131eccc-8fe1-4dd1-b83d-bc8824f6e939,PUB-010_시도별_장기요양판정
여자,전남,감경,인지지원등급,557,2022,https://api.odcloud.kr/api/15072696/v1/uddi:0131eccc-8fe1-4dd1-b83d-bc8824f6e939,PUB-010_시도별_장기요양판정
여자,전남,감경,등급외,450,2022,https://api.odcloud.kr/api/15072696/v1/uddi:0131eccc-8fe1-4dd1-b83d-bc8824f6e939,PUB-010_시도별_장기요양판정
여자,전남,의료급여,1등급,24,2022,https://api.odcloud.kr/api/15072696/v1/uddi:0131eccc-8fe1-4dd1-b83d-bc8824f6e939,PUB-010_시도별_장기요양판정
여자,전남,의료급여,2등급,61,2022,https://api.odcloud.kr/api/15072696/v1/uddi:0131eccc-8fe1-4dd1-b83d-bc8824f6e939,PUB-010_시도별_장기요양판정
여자,전남,의료급여,3등급,176,2022,https://api.odcloud.kr/api/15072696/v1/uddi:0131eccc-8fe1-4dd1-b83d-bc8824f6e939,PUB-010_시도별_장기요양판정
여자,전남,의료급여,4등급,366,2022,https://api.odcloud.kr/api/15072696/v1/uddi:0131eccc-8fe1-4dd1-b83d-bc8824f6e939,PUB-010_시도별_장기요양판정
여자,전남,의료급여,5등급,105,2022,https://api.odcloud.kr/api/15072696/v1/uddi:0131eccc-8fe1-4dd1-b83d-bc8824f6e939,PUB-010_시도별_장기요양판정
여자,전남,의료급여,인지지원등급,20,2022,https://api.odcloud.kr/api/15072696/v1/uddi:0131eccc-8fe1-4dd1-b83d-bc8824f6e939,PUB-010_시도별_장기요양판정
여자,전남,의료급여,등급외,111,2022,https://api.odcloud.kr/api/15072696/v1/uddi:0131eccc-8fe1-4dd1-b83d-bc8824f6e939,PUB-010_시도별_장기요양판정
여자,전남,기초,1등급,232,2022,https://api.odcloud.kr/api/15072696/v1/uddi:0131eccc-8fe1-4dd1-b83d-bc8824f6e939,PUB-010_시도별_장기요양판정
여자,전남,기초,2등급,515,2022,https://api.odcloud.kr/api/15072696/v1/uddi:0131eccc-8fe1-4dd1-b83d-bc8824f6e939,PUB-010_시도별_장기요양판정
여자,전남,기초,3등급,1243,2022,https://api.odcloud.kr/api/15072696/v1/uddi:0131eccc-8fe1-4dd1-b83d-bc8824f6e939,PUB-010_시도별_장기요양판정
여자,전남,기초,4등급,2987,2022,https://api.odcloud.kr/api/15072696/v1/uddi:0131eccc-8fe1-4dd1-b83d-bc8824f6e939,PUB-010_시도별_장기요양판정
여자,전남,기초,5등급,698,2022,https://api.odcloud.kr/api/15072696/v1/uddi:0131eccc-8fe1-4dd1-b83d-bc8824f6e939,PUB-010_시도별_장기요양판정
여자,전남,기초,인지지원등급,145,2022,https://api.odcloud.kr/api/15072696/v1/uddi:0131eccc-8fe1-4dd1-b83d-bc8824f6e939,PUB-010_시도별_장기요양판정
여자,전남,기초,등급외,1599,2022,https://api.odcloud.kr/api/15072696/v1/uddi:0131eccc-8fe1-4dd1-b83d-bc8824f6e939,PUB-010_시도별_장기요양판정
남자,경북,일반,1등급,302,2022,https://api.odcloud.kr/api/15072696/v1/uddi:0131eccc-8fe1-4dd1-b83d-bc8824f6e939,PUB-010_시도별_장기요양판정
남자,경북,일반,2등급,656,2022,https://api.odcloud.kr/api/15072696/v1/uddi:0131eccc-8fe1-4dd1-b83d-bc8824f6e939,PUB-010_시도별_장기요양판정
남자,경북,일반,3등급,2380,2022,https://api.odcloud.kr/api/15072696/v1/uddi:0131eccc-8fe1-4dd1-b83d-bc8824f6e939,PUB-010_시도별_장기요양판정
남자,경북,일반,4등급,4453,2022,https://api.odcloud.kr/api/15072696/v1/uddi:0131eccc-8fe1-4dd1-b83d-bc8824f6e939,PUB-010_시도별_장기요양판정
남자,경북,일반,5등급,1366,2022,https://api.odcloud.kr/api/15072696/v1/uddi:0131eccc-8fe1-4dd1-b83d-bc8824f6e939,PUB-010_시도별_장기요양판정
남자,경북,일반,인지지원등급,256,2022,https://api.odcloud.kr/api/15072696/v1/uddi:0131eccc-8fe1-4dd1-b83d-bc8824f6e939,PUB-010_시도별_장기요양판정
남자,경북,일반,등급외,2508,2022,https://api.odcloud.kr/api/15072696/v1/uddi:0131eccc-8fe1-4dd1-b83d-bc8824f6e939,PUB-010_시도별_장기요양판정
남자,경북,감경,1등급,282,2022,https://api.odcloud.kr/api/15072696/v1/uddi:0131eccc-8fe1-4dd1-b83d-bc8824f6e939,PUB-010_시도별_장기요양판정
남자,경북,감경,2등급,634,2022,https://api.odcloud.kr/api/15072696/v1/uddi:0131eccc-8fe1-4dd1-b83d-bc8824f6e939,PUB-010_시도별_장기요양판정
남자,경북,감경,3등급,2138,2022,https://api.odcloud.kr/api/15072696/v1/uddi:0131eccc-8fe1-4dd1-b83d-bc8824f6e939,PUB-010_시도별_장기요양판정
남자,경북,감경,4등급,3664,2022,https://api.odcloud.kr/api/15072696/v1/uddi:0131eccc-8fe1-4dd1-b83d-bc8824f6e939,PUB-010_시도별_장기요양판정
남자,경북,감경,5등급,1046,2022,https://api.odcloud.kr/api/15072696/v1/uddi:0131eccc-8fe1-4dd1-b83d-bc8824f6e939,PUB-010_시도별_장기요양판정
남자,경북,감경,인지지원등급,164,2022,https://api.odcloud.kr/api/15072696/v1/uddi:0131eccc-8fe1-4dd1-b83d-bc8824f6e939,PUB-010_시도별_장기요양판정
남자,경북,감경,등급외,73,2022,https://api.odcloud.kr/api/15072696/v1/uddi:0131eccc-8fe1-4dd1-b83d-bc8824f6e939,PUB-010_시도별_장기요양판정
남자,경북,의료급여,1등급,6,2022,https://api.odcloud.kr/api/15072696/v1/uddi:0131eccc-8fe1-4dd1-b83d-bc8824f6e939,PUB-010_시도별_장기요양판정
남자,경북,의료급여,2등급,9,2022,https://api.odcloud.kr/api/15072696/v1/uddi:0131eccc-8fe1-4dd1-b83d-bc8824f6e939,PUB-010_시도별_장기요양판정
남자,경북,의료급여,3등급,50,2022,https://api.odcloud.kr/api/15072696/v1/uddi:0131eccc-8fe1-4dd1-b83d-bc8824f6e939,PUB-010_시도별_장기요양판정
남자,경북,의료급여,4등급,100,2022,https://api.odcloud.kr/api/15072696/v1/uddi:0131eccc-8fe1-4dd1-b83d-bc8824f6e939,PUB-010_시도별_장기요양판정
남자,경북,의료급여,5등급,22,2022,https://api.odcloud.kr/api/15072696/v1/uddi:0131eccc-8fe1-4dd1-b83d-bc8824f6e939,PUB-010_시도별_장기요양판정
남자,경북,의료급여,인지지원등급,3,2022,https://api.odcloud.kr/api/15072696/v1/uddi:0131eccc-8fe1-4dd1-b83d-bc8824f6e939,PUB-010_시도별_장기요양판정
남자,경북,의료급여,등급외,46,2022,https://api.odcloud.kr/api/15072696/v1/uddi:0131eccc-8fe1-4dd1-b83d-bc8824f6e939,PUB-010_시도별_장기요양판정
남자,경북,기초,1등급,101,2022,https://api.odcloud.kr/api/15072696/v1/uddi:0131eccc-8fe1-4dd1-b83d-bc8824f6e939,PUB-010_시도별_장기요양판정
남자,경북,기초,2등급,216,2022,https://api.odcloud.kr/api/15072696/v1/uddi:0131eccc-8fe1-4dd1-b83d-bc8824f6e939,PUB-010_시도별_장기요양판정
남자,경북,기초,3등급,711,2022,https://api.odcloud.kr/api/15072696/v1/uddi:0131eccc-8fe1-4dd1-b83d-bc8824f6e939,PUB-010_시도별_장기요양판정
남자,경북,기초,4등급,1542,2022,https://api.odcloud.kr/api/15072696/v1/uddi:0131eccc-8fe1-4dd1-b83d-bc8824f6e939,PUB-010_시도별_장기요양판정
남자,경북,기초,5등급,448,2022,https://api.odcloud.kr/api/15072696/v1/uddi:0131eccc-8fe1-4dd1-b83d-bc8824f6e939,PUB-010_시도별_장기요양판정
남자,경북,기초,인지지원등급,84,2022,https://api.odcloud.kr/api/15072696/v1/uddi:0131eccc-8fe1-4dd1-b83d-bc8824f6e939,PUB-010_시도별_장기요양판정
남자,경북,기초,등급외,910,2022,https://api.odcloud.kr/api/15072696/v1/uddi:0131eccc-8fe1-4dd1-b83d-bc8824f6e939,PUB-010_시도별_장기요양판정
여자,경북,일반,1등급,826,2022,https://api.odcloud.kr/api/15072696/v1/uddi:0131eccc-8fe1-4dd1-b83d-bc8824f6e939,PUB-010_시도별_장기요양판정
여자,경북,일반,2등급,1698,2022,https://api.odcloud.kr/api/15072696/v1/uddi:0131eccc-8fe1-4dd1-b83d-bc8824f6e939,PUB-010_시도별_장기요양판정
여자,경북,일반,3등급,5666,2022,https://api.odcloud.kr/api/15072696/v1/uddi:0131eccc-8fe1-4dd1-b83d-bc8824f6e939,PUB-010_시도별_장기요양판정
여자,경북,일반,4등급,11406,2022,https://api.odcloud.kr/api/15072696/v1/uddi:0131eccc-8fe1-4dd1-b83d-bc8824f6e939,PUB-010_시도별_장기요양판정
여자,경북,일반,5등급,3411,2022,https://api.odcloud.kr/api/15072696/v1/uddi:0131eccc-8fe1-4dd1-b83d-bc8824f6e939,PUB-010_시도별_장기요양판정
여자,경북,일반,인지지원등급,534,2022,https://api.odcloud.kr/api/15072696/v1/uddi:0131eccc-8fe1-4dd1-b83d-bc8824f6e939,PUB-010_시도별_장기요양판정
여자,경북,일반,등급외,5440,2022,https://api.odcloud.kr/api/15072696/v1/uddi:0131eccc-8fe1-4dd1-b83d-bc8824f6e939,PUB-010_시도별_장기요양판정
여자,경북,감경,1등급,957,2022,https://api.odcloud.kr/api/15072696/v1/uddi:0131eccc-8fe1-4dd1-b83d-bc8824f6e939,PUB-010_시도별_장기요양판정
여자,경북,감경,2등급,2181,2022,https://api.odcloud.kr/api/15072696/v1/uddi:0131eccc-8fe1-4dd1-b83d-bc8824f6e939,PUB-010_시도별_장기요양판정
여자,경북,감경,3등급,6676,2022,https://api.odcloud.kr/api/15072696/v1/uddi:0131eccc-8fe1-4dd1-b83d-bc8824f6e939,PUB-010_시도별_장기요양판정
여자,경북,감경,4등급,12050,2022,https://api.odcloud.kr/api/15072696/v1/uddi:0131eccc-8fe1-4dd1-b83d-bc8824f6e939,PUB-010_시도별_장기요양판정
여자,경북,감경,5등급,3467,2022,https://api.odcloud.kr/api/15072696/v1/uddi:0131eccc-8fe1-4dd1-b83d-bc8824f6e939,PUB-010_시도별_장기요양판정
여자,경북,감경,인지지원등급,425,2022,https://api.odcloud.kr/api/15072696/v1/uddi:0131eccc-8fe1-4dd1-b83d-bc8824f6e939,PUB-010_시도별_장기요양판정
여자,경북,감경,등급외,276,2022,https://api.odcloud.kr/api/15072696/v1/uddi:0131eccc-8fe1-4dd1-b83d-bc8824f6e939,PUB-010_시도별_장기요양판정
여자,경북,의료급여,1등급,22,2022,https://api.odcloud.kr/api/15072696/v1/uddi:0131eccc-8fe1-4dd1-b83d-bc8824f6e939,PUB-010_시도별_장기요양판정
여자,경북,의료급여,2등급,61,2022,https://api.odcloud.kr/api/15072696/v1/uddi:0131eccc-8fe1-4dd1-b83d-bc8824f6e939,PUB-010_시도별_장기요양판정
여자,경북,의료급여,3등급,190,2022,https://api.odcloud.kr/api/15072696/v1/uddi:0131eccc-8fe1-4dd1-b83d-bc8824f6e939,PUB-010_시도별_장기요양판정
여자,경북,의료급여,4등급,351,2022,https://api.odcloud.kr/api/15072696/v1/uddi:0131eccc-8fe1-4dd1-b83d-bc8824f6e939,PUB-010_시도별_장기요양판정
여자,경북,의료급여,5등급,82,2022,https://api.odcloud.kr/api/15072696/v1/uddi:0131eccc-8fe1-4dd1-b83d-bc8824f6e939,PUB-010_시도별_장기요양판정
여자,경북,의료급여,인지지원등급,13,2022,https://api.odcloud.kr/api/15072696/v1/uddi:0131eccc-8fe1-4dd1-b83d-bc8824f6e939,PUB-010_시도별_장기요양판정
여자,경북,의료급여,등급외,66,2022,https://api.odcloud.kr/api/15072696/v1/uddi:0131eccc-8fe1-4dd1-b83d-bc8824f6e939,PUB-010_시도별_장기요양판정
여자,경북,기초,1등급,337,2022,https://api.odcloud.kr/api/15072696/v1/uddi:0131eccc-8fe1-4dd1-b83d-bc8824f6e939,PUB-010_시도별_장기요양판정
여자,경북,기초,2등급,640,2022,https://api.odcloud.kr/api/15072696/v1/uddi:0131eccc-8fe1-4dd1-b83d-bc8824f6e939,PUB-010_시도별_장기요양판정
여자,경북,기초,3등급,1962,2022,https://api.odcloud.kr/api/15072696/v1/uddi:0131eccc-8fe1-4dd1-b83d-bc8824f6e939,PUB-010_시도별_장기요양판정
여자,경북,기초,4등급,3965,2022,https://api.odcloud.kr/api/15072696/v1/uddi:0131eccc-8fe1-4dd1-b83d-bc8824f6e939,PUB-010_시도별_장기요양판정
여자,경북,기초,5등급,1116,2022,https://api.odcloud.kr/api/15072696/v1/uddi:0131eccc-8fe1-4dd1-b83d-bc8824f6e939,PUB-010_시도별_장기요양판정
여자,경북,기초,인지지원등급,143,2022,https://api.odcloud.kr/api/15072696/v1/uddi:0131eccc-8fe1-4dd1-b83d-bc8824f6e939,PUB-010_시도별_장기요양판정
여자,경북,기초,등급외,1609,2022,https://api.odcloud.kr/api/15072696/v1/uddi:0131eccc-8fe1-4dd1-b83d-bc8824f6e939,PUB-010_시도별_장기요양판정
남자,경남,일반,1등급,349,2022,https://api.odcloud.kr/api/15072696/v1/uddi:0131eccc-8fe1-4dd1-b83d-bc8824f6e939,PUB-010_시도별_장기요양판정
남자,경남,일반,2등급,741,2022,https://api.odcloud.kr/api/15072696/v1/uddi:0131eccc-8fe1-4dd1-b83d-bc8824f6e939,PUB-010_시도별_장기요양판정
남자,경남,일반,3등급,2375,2022,https://api.odcloud.kr/api/15072696/v1/uddi:0131eccc-8fe1-4dd1-b83d-bc8824f6e939,PUB-010_시도별_장기요양판정
남자,경남,일반,4등급,4647,2022,https://api.odcloud.kr/api/15072696/v1/uddi:0131eccc-8fe1-4dd1-b83d-bc8824f6e939,PUB-010_시도별_장기요양판정
남자,경남,일반,5등급,1137,2022,https://api.odcloud.kr/api/15072696/v1/uddi:0131eccc-8fe1-4dd1-b83d-bc8824f6e939,PUB-010_시도별_장기요양판정
남자,경남,일반,인지지원등급,198,2022,https://api.odcloud.kr/api/15072696/v1/uddi:0131eccc-8fe1-4dd1-b83d-bc8824f6e939,PUB-010_시도별_장기요양판정
남자,경남,일반,등급외,2795,2022,https://api.odcloud.kr/api/15072696/v1/uddi:0131eccc-8fe1-4dd1-b83d-bc8824f6e939,PUB-010_시도별_장기요양판정
남자,경남,감경,1등급,298,2022,https://api.odcloud.kr/api/15072696/v1/uddi:0131eccc-8fe1-4dd1-b83d-bc8824f6e939,PUB-010_시도별_장기요양판정
남자,경남,감경,2등급,639,2022,https://api.odcloud.kr/api/15072696/v1/uddi:0131eccc-8fe1-4dd1-b83d-bc8824f6e939,PUB-010_시도별_장기요양판정
남자,경남,감경,3등급,1996,2022,https://api.odcloud.kr/api/15072696/v1/uddi:0131eccc-8fe1-4dd1-b83d-bc8824f6e939,PUB-010_시도별_장기요양판정
남자,경남,감경,4등급,3813,2022,https://api.odcloud.kr/api/15072696/v1/uddi:0131eccc-8fe1-4dd1-b83d-bc8824f6e939,PUB-010_시도별_장기요양판정
남자,경남,감경,5등급,889,2022,https://api.odcloud.kr/api/15072696/v1/uddi:0131eccc-8fe1-4dd1-b83d-bc8824f6e939,PUB-010_시도별_장기요양판정
남자,경남,감경,인지지원등급,170,2022,https://api.odcloud.kr/api/15072696/v1/uddi:0131eccc-8fe1-4dd1-b83d-bc8824f6e939,PUB-010_시도별_장기요양판정
남자,경남,감경,등급외,126,2022,https://api.odcloud.kr/api/15072696/v1/uddi:0131eccc-8fe1-4dd1-b83d-bc8824f6e939,PUB-010_시도별_장기요양판정
남자,경남,의료급여,1등급,7,2022,https://api.odcloud.kr/api/15072696/v1/uddi:0131eccc-8fe1-4dd1-b83d-bc8824f6e939,PUB-010_시도별_장기요양판정
남자,경남,의료급여,2등급,19,2022,https://api.odcloud.kr/api/15072696/v1/uddi:0131eccc-8fe1-4dd1-b83d-bc8824f6e939,PUB-010_시도별_장기요양판정
남자,경남,의료급여,3등급,42,2022,https://api.odcloud.kr/api/15072696/v1/uddi:0131eccc-8fe1-4dd1-b83d-bc8824f6e939,PUB-010_시도별_장기요양판정
남자,경남,의료급여,4등급,82,2022,https://api.odcloud.kr/api/15072696/v1/uddi:0131eccc-8fe1-4dd1-b83d-bc8824f6e939,PUB-010_시도별_장기요양판정
남자,경남,의료급여,5등급,20,2022,https://api.odcloud.kr/api/15072696/v1/uddi:0131eccc-8fe1-4dd1-b83d-bc8824f6e939,PUB-010_시도별_장기요양판정
남자,경남,의료급여,인지지원등급,3,2022,https://api.odcloud.kr/api/15072696/v1/uddi:0131eccc-8fe1-4dd1-b83d-bc8824f6e939,PUB-010_시도별_장기요양판정
남자,경남,의료급여,등급외,43,2022,https://api.odcloud.kr/api/15072696/v1/uddi:0131eccc-8fe1-4dd1-b83d-bc8824f6e939,PUB-010_시도별_장기요양판정
남자,경남,기초,1등급,98,2022,https://api.odcloud.kr/api/15072696/v1/uddi:0131eccc-8fe1-4dd1-b83d-bc8824f6e939,PUB-010_시도별_장기요양판정
남자,경남,기초,2등급,180,2022,https://api.odcloud.kr/api/15072696/v1/uddi:0131eccc-8fe1-4dd1-b83d-bc8824f6e939,PUB-010_시도별_장기요양판정
남자,경남,기초,3등급,619,2022,https://api.odcloud.kr/api/15072696/v1/uddi:0131eccc-8fe1-4dd1-b83d-bc8824f6e939,PUB-010_시도별_장기요양판정
남자,경남,기초,4등급,1527,2022,https://api.odcloud.kr/api/15072696/v1/uddi:0131eccc-8fe1-4dd1-b83d-bc8824f6e939,PUB-010_시도별_장기요양판정
남자,경남,기초,5등급,412,2022,https://api.odcloud.kr/api/15072696/v1/uddi:0131eccc-8fe1-4dd1-b83d-bc8824f6e939,PUB-010_시도별_장기요양판정
남자,경남,기초,인지지원등급,102,2022,https://api.odcloud.kr/api/15072696/v1/uddi:0131eccc-8fe1-4dd1-b83d-bc8824f6e939,PUB-010_시도별_장기요양판정
남자,경남,기초,등급외,1070,2022,https://api.odcloud.kr/api/15072696/v1/uddi:0131eccc-8fe1-4dd1-b83d-bc8824f6e939,PUB-010_시도별_장기요양판정
여자,경남,일반,1등급,913,2022,https://api.odcloud.kr/api/15072696/v1/uddi:0131eccc-8fe1-4dd1-b83d-bc8824f6e939,PUB-010_시도별_장기요양판정
여자,경남,일반,2등급,1889,2022,https://api.odcloud.kr/api/15072696/v1/uddi:0131eccc-8fe1-4dd1-b83d-bc8824f6e939,PUB-010_시도별_장기요양판정
여자,경남,일반,3등급,5664,2022,https://api.odcloud.kr/api/15072696/v1/uddi:0131eccc-8fe1-4dd1-b83d-bc8824f6e939,PUB-010_시도별_장기요양판정
여자,경남,일반,4등급,12483,2022,https://api.odcloud.kr/api/15072696/v1/uddi:0131eccc-8fe1-4dd1-b83d-bc8824f6e939,PUB-010_시도별_장기요양판정
여자,경남,일반,5등급,3220,2022,https://api.odcloud.kr/api/15072696/v1/uddi:0131eccc-8fe1-4dd1-b83d-bc8824f6e939,PUB-010_시도별_장기요양판정
여자,경남,일반,인지지원등급,521,2022,https://api.odcloud.kr/api/15072696/v1/uddi:0131eccc-8fe1-4dd1-b83d-bc8824f6e939,PUB-010_시도별_장기요양판정
여자,경남,일반,등급외,6070,2022,https://api.odcloud.kr/api/15072696/v1/uddi:0131eccc-8fe1-4dd1-b83d-bc8824f6e939,PUB-010_시도별_장기요양판정
여자,경남,감경,1등급,1050,2022,https://api.odcloud.kr/api/15072696/v1/uddi:0131eccc-8fe1-4dd1-b83d-bc8824f6e939,PUB-010_시도별_장기요양판정
여자,경남,감경,2등급,2375,2022,https://api.odcloud.kr/api/15072696/v1/uddi:0131eccc-8fe1-4dd1-b83d-bc8824f6e939,PUB-010_시도별_장기요양판정
여자,경남,감경,3등급,6570,2022,https://api.odcloud.kr/api/15072696/v1/uddi:0131eccc-8fe1-4dd1-b83d-bc8824f6e939,PUB-010_시도별_장기요양판정
여자,경남,감경,4등급,12889,2022,https://api.odcloud.kr/api/15072696/v1/uddi:0131eccc-8fe1-4dd1-b83d-bc8824f6e939,PUB-010_시도별_장기요양판정
여자,경남,감경,5등급,3051,2022,https://api.odcloud.kr/api/15072696/v1/uddi:0131eccc-8fe1-4dd1-b83d-bc8824f6e939,PUB-010_시도별_장기요양판정
여자,경남,감경,인지지원등급,403,2022,https://api.odcloud.kr/api/15072696/v1/uddi:0131eccc-8fe1-4dd1-b83d-bc8824f6e939,PUB-010_시도별_장기요양판정
여자,경남,감경,등급외,275,2022,https://api.odcloud.kr/api/15072696/v1/uddi:0131eccc-8fe1-4dd1-b83d-bc8824f6e939,PUB-010_시도별_장기요양판정
여자,경남,의료급여,1등급,32,2022,https://api.odcloud.kr/api/15072696/v1/uddi:0131eccc-8fe1-4dd1-b83d-bc8824f6e939,PUB-010_시도별_장기요양판정
여자,경남,의료급여,2등급,81,2022,https://api.odcloud.kr/api/15072696/v1/uddi:0131eccc-8fe1-4dd1-b83d-bc8824f6e939,PUB-010_시도별_장기요양판정
여자,경남,의료급여,3등급,178,2022,https://api.odcloud.kr/api/15072696/v1/uddi:0131eccc-8fe1-4dd1-b83d-bc8824f6e939,PUB-010_시도별_장기요양판정
여자,경남,의료급여,4등급,359,2022,https://api.odcloud.kr/api/15072696/v1/uddi:0131eccc-8fe1-4dd1-b83d-bc8824f6e939,PUB-010_시도별_장기요양판정
여자,경남,의료급여,5등급,84,2022,https://api.odcloud.kr/api/15072696/v1/uddi:0131eccc-8fe1-4dd1-b83d-bc8824f6e939,PUB-010_시도별_장기요양판정
여자,경남,의료급여,인지지원등급,6,2022,https://api.odcloud.kr/api/15072696/v1/uddi:0131eccc-8fe1-4dd1-b83d-bc8824f6e939,PUB-010_시도별_장기요양판정
여자,경남,의료급여,등급외,83,2022,https://api.odcloud.kr/api/15072696/v1/uddi:0131eccc-8fe1-4dd1-b83d-bc8824f6e939,PUB-010_시도별_장기요양판정
여자,경남,기초,1등급,285,2022,https://api.odcloud.kr/api/15072696/v1/uddi:0131eccc-8fe1-4dd1-b83d-bc8824f6e939,PUB-010_시도별_장기요양판정
여자,경남,기초,2등급,703,2022,https://api.odcloud.kr/api/15072696/v1/uddi:0131eccc-8fe1-4dd1-b83d-bc8824f6e939,PUB-010_시도별_장기요양판정
여자,경남,기초,3등급,1763,2022,https://api.odcloud.kr/api/15072696/v1/uddi:0131eccc-8fe1-4dd1-b83d-bc8824f6e939,PUB-010_시도별_장기요양판정
여자,경남,기초,4등급,4158,2022,https://api.odcloud.kr/api/15072696/v1/uddi:0131eccc-8fe1-4dd1-b83d-bc8824f6e939,PUB-010_시도별_장기요양판정
여자,경남,기초,5등급,944,2022,https://api.odcloud.kr/api/15072696/v1/uddi:0131eccc-8fe1-4dd1-b83d-bc8824f6e939,PUB-010_시도별_장기요양판정
여자,경남,기초,인지지원등급,134,2022,https://api.odcloud.kr/api/15072696/v1/uddi:0131eccc-8fe1-4dd1-b83d-bc8824f6e939,PUB-010_시도별_장기요양판정
여자,경남,기초,등급외,1601,2022,https://api.odcloud.kr/api/15072696/v1/uddi:0131eccc-8fe1-4dd1-b83d-bc8824f6e939,PUB-010_시도별_장기요양판정
남자,제주,일반,1등급,126,2022,https://api.odcloud.kr/api/15072696/v1/uddi:0131eccc-8fe1-4dd1-b83d-bc8824f6e939,PUB-010_시도별_장기요양판정
남자,제주,일반,2등급,149,2022,https://api.odcloud.kr/api/15072696/v1/uddi:0131eccc-8fe1-4dd1-b83d-bc8824f6e939,PUB-010_시도별_장기요양판정
남자,제주,일반,3등급,462,2022,https://api.odcloud.kr/api/15072696/v1/uddi:0131eccc-8fe1-4dd1-b83d-bc8824f6e939,PUB-010_시도별_장기요양판정
남자,제주,일반,4등급,566,2022,https://api.odcloud.kr/api/15072696/v1/uddi:0131eccc-8fe1-4dd1-b83d-bc8824f6e939,PUB-010_시도별_장기요양판정
남자,제주,일반,5등급,142,2022,https://api.odcloud.kr/api/15072696/v1/uddi:0131eccc-8fe1-4dd1-b83d-bc8824f6e939,PUB-010_시도별_장기요양판정
남자,제주,일반,인지지원등급,45,2022,https://api.odcloud.kr/api/15072696/v1/uddi:0131eccc-8fe1-4dd1-b83d-bc8824f6e939,PUB-010_시도별_장기요양판정
남자,제주,일반,등급외,282,2022,https://api.odcloud.kr/api/15072696/v1/uddi:0131eccc-8fe1-4dd1-b83d-bc8824f6e939,PUB-010_시도별_장기요양판정
남자,제주,감경,1등급,66,2022,https://api.odcloud.kr/api/15072696/v1/uddi:0131eccc-8fe1-4dd1-b83d-bc8824f6e939,PUB-010_시도별_장기요양판정
남자,제주,감경,2등급,112,2022,https://api.odcloud.kr/api/15072696/v1/uddi:0131eccc-8fe1-4dd1-b83d-bc8824f6e939,PUB-010_시도별_장기요양판정
남자,제주,감경,3등급,297,2022,https://api.odcloud.kr/api/15072696/v1/uddi:0131eccc-8fe1-4dd1-b83d-bc8824f6e939,PUB-010_시도별_장기요양판정
남자,제주,감경,4등급,356,2022,https://api.odcloud.kr/api/15072696/v1/uddi:0131eccc-8fe1-4dd1-b83d-bc8824f6e939,PUB-010_시도별_장기요양판정
남자,제주,감경,5등급,87,2022,https://api.odcloud.kr/api/15072696/v1/uddi:0131eccc-8fe1-4dd1-b83d-bc8824f6e939,PUB-010_시도별_장기요양판정
남자,제주,감경,인지지원등급,30,2022,https://api.odcloud.kr/api/15072696/v1/uddi:0131eccc-8fe1-4dd1-b83d-bc8824f6e939,PUB-010_시도별_장기요양판정
남자,제주,감경,등급외,12,2022,https://api.odcloud.kr/api/15072696/v1/uddi:0131eccc-8fe1-4dd1-b83d-bc8824f6e939,PUB-010_시도별_장기요양판정
남자,제주,의료급여,1등급,3,2022,https://api.odcloud.kr/api/15072696/v1/uddi:0131eccc-8fe1-4dd1-b83d-bc8824f6e939,PUB-010_시도별_장기요양판정
남자,제주,의료급여,2등급,4,2022,https://api.odcloud.kr/api/15072696/v1/uddi:0131eccc-8fe1-4dd1-b83d-bc8824f6e939,PUB-010_시도별_장기요양판정
남자,제주,의료급여,3등급,17,2022,https://api.odcloud.kr/api/15072696/v1/uddi:0131eccc-8fe1-4dd1-b83d-bc8824f6e939,PUB-010_시도별_장기요양판정
남자,제주,의료급여,4등급,16,2022,https://api.odcloud.kr/api/15072696/v1/uddi:0131eccc-8fe1-4dd1-b83d-bc8824f6e939,PUB-010_시도별_장기요양판정
남자,제주,의료급여,5등급,4,2022,https://api.odcloud.kr/api/15072696/v1/uddi:0131eccc-8fe1-4dd1-b83d-bc8824f6e939,PUB-010_시도별_장기요양판정
남자,제주,의료급여,인지지원등급,0,2022,https://api.odcloud.kr/api/15072696/v1/uddi:0131eccc-8fe1-4dd1-b83d-bc8824f6e939,PUB-010_시도별_장기요양판정
남자,제주,의료급여,등급외,2,2022,https://api.odcloud.kr/api/15072696/v1/uddi:0131eccc-8fe1-4dd1-b83d-bc8824f6e939,PUB-010_시도별_장기요양판정
남자,제주,기초,1등급,46,2022,https://api.odcloud.kr/api/15072696/v1/uddi:0131eccc-8fe1-4dd1-b83d-bc8824f6e939,PUB-010_시도별_장기요양판정
남자,제주,기초,2등급,63,2022,https://api.odcloud.kr/api/15072696/v1/uddi:0131eccc-8fe1-4dd1-b83d-bc8824f6e939,PUB-010_시도별_장기요양판정
남자,제주,기초,3등급,138,2022,https://api.odcloud.kr/api/15072696/v1/uddi:0131eccc-8fe1-4dd1-b83d-bc8824f6e939,PUB-010_시도별_장기요양판정
남자,제주,기초,4등급,227,2022,https://api.odcloud.kr/api/15072696/v1/uddi:0131eccc-8fe1-4dd1-b83d-bc8824f6e939,PUB-010_시도별_장기요양판정
남자,제주,기초,5등급,39,2022,https://api.odcloud.kr/api/15072696/v1/uddi:0131eccc-8fe1-4dd1-b83d-bc8824f6e939,PUB-010_시도별_장기요양판정
남자,제주,기초,인지지원등급,15,2022,https://api.odcloud.kr/api/15072696/v1/uddi:0131eccc-8fe1-4dd1-b83d-bc8824f6e939,PUB-010_시도별_장기요양판정
남자,제주,기초,등급외,138,2022,https://api.odcloud.kr/api/15072696/v1/uddi:0131eccc-8fe1-4dd1-b83d-bc8824f6e939,PUB-010_시도별_장기요양판정
여자,제주,일반,1등급,322,2022,https://api.odcloud.kr/api/15072696/v1/uddi:0131eccc-8fe1-4dd1-b83d-bc8824f6e939,PUB-010_시도별_장기요양판정
여자,제주,일반,2등급,487,2022,https://api.odcloud.kr/api/15072696/v1/uddi:0131eccc-8fe1-4dd1-b83d-bc8824f6e939,PUB-010_시도별_장기요양판정
여자,제주,일반,3등급,1092,2022,https://api.odcloud.kr/api/15072696/v1/uddi:0131eccc-8fe1-4dd1-b83d-bc8824f6e939,PUB-010_시도별_장기요양판정
여자,제주,일반,4등급,1339,2022,https://api.odcloud.kr/api/15072696/v1/uddi:0131eccc-8fe1-4dd1-b83d-bc8824f6e939,PUB-010_시도별_장기요양판정
여자,제주,일반,5등급,281,2022,https://api.odcloud.kr/api/15072696/v1/uddi:0131eccc-8fe1-4dd1-b83d-bc8824f6e939,PUB-010_시도별_장기요양판정
여자,제주,일반,인지지원등급,113,2022,https://api.odcloud.kr/api/15072696/v1/uddi:0131eccc-8fe1-4dd1-b83d-bc8824f6e939,PUB-010_시도별_장기요양판정
여자,제주,일반,등급외,736,2022,https://api.odcloud.kr/api/15072696/v1/uddi:0131eccc-8fe1-4dd1-b83d-bc8824f6e939,PUB-010_시도별_장기요양판정
여자,제주,감경,1등급,252,2022,https://api.odcloud.kr/api/15072696/v1/uddi:0131eccc-8fe1-4dd1-b83d-bc8824f6e939,PUB-010_시도별_장기요양판정
여자,제주,감경,2등급,442,2022,https://api.odcloud.kr/api/15072696/v1/uddi:0131eccc-8fe1-4dd1-b83d-bc8824f6e939,PUB-010_시도별_장기요양판정
여자,제주,감경,3등급,997,2022,https://api.odcloud.kr/api/15072696/v1/uddi:0131eccc-8fe1-4dd1-b83d-bc8824f6e939,PUB-010_시도별_장기요양판정
여자,제주,감경,4등급,1072,2022,https://api.odcloud.kr/api/15072696/v1/uddi:0131eccc-8fe1-4dd1-b83d-bc8824f6e939,PUB-010_시도별_장기요양판정
여자,제주,감경,5등급,258,2022,https://api.odcloud.kr/api/15072696/v1/uddi:0131eccc-8fe1-4dd1-b83d-bc8824f6e939,PUB-010_시도별_장기요양판정
여자,제주,감경,인지지원등급,51,2022,https://api.odcloud.kr/api/15072696/v1/uddi:0131eccc-8fe1-4dd1-b83d-bc8824f6e939,PUB-010_시도별_장기요양판정
여자,제주,감경,등급외,33,2022,https://api.odcloud.kr/api/15072696/v1/uddi:0131eccc-8fe1-4dd1-b83d-bc8824f6e939,PUB-010_시도별_장기요양판정
여자,제주,의료급여,1등급,12,2022,https://api.odcloud.kr/api/15072696/v1/uddi:0131eccc-8fe1-4dd1-b83d-bc8824f6e939,PUB-010_시도별_장기요양판정
여자,제주,의료급여,2등급,26,2022,https://api.odcloud.kr/api/15072696/v1/uddi:0131eccc-8fe1-4dd1-b83d-bc8824f6e939,PUB-010_시도별_장기요양판정
여자,제주,의료급여,3등급,52,2022,https://api.odcloud.kr/api/15072696/v1/uddi:0131eccc-8fe1-4dd1-b83d-bc8824f6e939,PUB-010_시도별_장기요양판정
여자,제주,의료급여,4등급,33,2022,https://api.odcloud.kr/api/15072696/v1/uddi:0131eccc-8fe1-4dd1-b83d-bc8824f6e939,PUB-010_시도별_장기요양판정
여자,제주,의료급여,5등급,8,2022,https://api.odcloud.kr/api/15072696/v1/uddi:0131eccc-8fe1-4dd1-b83d-bc8824f6e939,PUB-010_시도별_장기요양판정
여자,제주,의료급여,인지지원등급,0,2022,https://api.odcloud.kr/api/15072696/v1/uddi:0131eccc-8fe1-4dd1-b83d-bc8824f6e939,PUB-010_시도별_장기요양판정
여자,제주,의료급여,등급외,15,2022,https://api.odcloud.kr/api/15072696/v1/uddi:0131eccc-8fe1-4dd1-b83d-bc8824f6e939,PUB-010_시도별_장기요양판정
여자,제주,기초,1등급,149,2022,https://api.odcloud.kr/api/15072696/v1/uddi:0131eccc-8fe1-4dd1-b83d-bc8824f6e939,PUB-010_시도별_장기요양판정
여자,제주,기초,2등급,181,2022,https://api.odcloud.kr/api/15072696/v1/uddi:0131eccc-8fe1-4dd1-b83d-bc8824f6e939,PUB-010_시도별_장기요양판정
여자,제주,기초,3등급,411,2022,https://api.odcloud.kr/api/15072696/v1/uddi:0131eccc-8fe1-4dd1-b83d-bc8824f6e939,PUB-010_시도별_장기요양판정
여자,제주,기초,4등급,469,2022,https://api.odcloud.kr/api/15072696/v1/uddi:0131eccc-8fe1-4dd1-b83d-bc8824f6e939,PUB-010_시도별_장기요양판정
여자,제주,기초,5등급,105,2022,https://api.odcloud.kr/api/15072696/v1/uddi:0131eccc-8fe1-4dd1-b83d-bc8824f6e939,PUB-010_시도별_장기요양판정
여자,제주,기초,인지지원등급,32,2022,https://api.odcloud.kr/api/15072696/v1/uddi:0131eccc-8fe1-4dd1-b83d-bc8824f6e939,PUB-010_시도별_장기요양판정
여자,제주,기초,등급외,300,2022,https://api.odcloud.kr/api/15072696/v1/uddi:0131eccc-8fe1-4dd1-b83d-bc8824f6e939,PUB-010_시도별_장기요양판정
