성별,시도,자격,판정등급,판정인원수,source_period,source_endpoint,source_dataset
남자,서울,일반,1등급,1794,2024,https://api.odcloud.kr/api/15072696/v1/uddi:130307ee-0834-4fc9-b557-d74af9424e8b,PUB-010_시도별_장기요양판정
남자,서울,일반,2등급,2705,2024,https://api.odcloud.kr/api/15072696/v1/uddi:130307ee-0834-4fc9-b557-d74af9424e8b,PUB-010_시도별_장기요양판정
남자,서울,일반,3등급,8227,2024,https://api.odcloud.kr/api/15072696/v1/uddi:130307ee-0834-4fc9-b557-d74af9424e8b,PUB-010_시도별_장기요양판정
남자,서울,일반,4등급,10946,2024,https://api.odcloud.kr/api/15072696/v1/uddi:130307ee-0834-4fc9-b557-d74af9424e8b,PUB-010_시도별_장기요양판정
남자,서울,일반,5등급,2533,2024,https://api.odcloud.kr/api/15072696/v1/uddi:130307ee-0834-4fc9-b557-d74af9424e8b,PUB-010_시도별_장기요양판정
남자,서울,일반,인지지원등급,595,2024,https://api.odcloud.kr/api/15072696/v1/uddi:130307ee-0834-4fc9-b557-d74af9424e8b,PUB-010_시도별_장기요양판정
남자,서울,일반,등급외,4054,2024,https://api.odcloud.kr/api/15072696/v1/uddi:130307ee-0834-4fc9-b557-d74af9424e8b,PUB-010_시도별_장기요양판정
남자,서울,감경,1등급,652,2024,https://api.odcloud.kr/api/15072696/v1/uddi:130307ee-0834-4fc9-b557-d74af9424e8b,PUB-010_시도별_장기요양판정
남자,서울,감경,2등급,1223,2024,https://api.odcloud.kr/api/15072696/v1/uddi:130307ee-0834-4fc9-b557-d74af9424e8b,PUB-010_시도별_장기요양판정
남자,서울,감경,3등급,3863,2024,https://api.odcloud.kr/api/15072696/v1/uddi:130307ee-0834-4fc9-b557-d74af9424e8b,PUB-010_시도별_장기요양판정
남자,서울,감경,4등급,5332,2024,https://api.odcloud.kr/api/15072696/v1/uddi:130307ee-0834-4fc9-b557-d74af9424e8b,PUB-010_시도별_장기요양판정
남자,서울,감경,5등급,1229,2024,https://api.odcloud.kr/api/15072696/v1/uddi:130307ee-0834-4fc9-b557-d74af9424e8b,PUB-010_시도별_장기요양판정
남자,서울,감경,인지지원등급,260,2024,https://api.odcloud.kr/api/15072696/v1/uddi:130307ee-0834-4fc9-b557-d74af9424e8b,PUB-010_시도별_장기요양판정
남자,서울,감경,등급외,214,2024,https://api.odcloud.kr/api/15072696/v1/uddi:130307ee-0834-4fc9-b557-d74af9424e8b,PUB-010_시도별_장기요양판정
남자,서울,의료급여,1등급,12,2024,https://api.odcloud.kr/api/15072696/v1/uddi:130307ee-0834-4fc9-b557-d74af9424e8b,PUB-010_시도별_장기요양판정
남자,서울,의료급여,2등급,28,2024,https://api.odcloud.kr/api/15072696/v1/uddi:130307ee-0834-4fc9-b557-d74af9424e8b,PUB-010_시도별_장기요양판정
남자,서울,의료급여,3등급,83,2024,https://api.odcloud.kr/api/15072696/v1/uddi:130307ee-0834-4fc9-b557-d74af9424e8b,PUB-010_시도별_장기요양판정
남자,서울,의료급여,4등급,112,2024,https://api.odcloud.kr/api/15072696/v1/uddi:130307ee-0834-4fc9-b557-d74af9424e8b,PUB-010_시도별_장기요양판정
남자,서울,의료급여,5등급,21,2024,https://api.odcloud.kr/api/15072696/v1/uddi:130307ee-0834-4fc9-b557-d74af9424e8b,PUB-010_시도별_장기요양판정
남자,서울,의료급여,인지지원등급,2,2024,https://api.odcloud.kr/api/15072696/v1/uddi:130307ee-0834-4fc9-b557-d74af9424e8b,PUB-010_시도별_장기요양판정
남자,서울,의료급여,등급외,43,2024,https://api.odcloud.kr/api/15072696/v1/uddi:130307ee-0834-4fc9-b557-d74af9424e8b,PUB-010_시도별_장기요양판정
남자,서울,기초,1등급,317,2024,https://api.odcloud.kr/api/15072696/v1/uddi:130307ee-0834-4fc9-b557-d74af9424e8b,PUB-010_시도별_장기요양판정
남자,서울,기초,2등급,499,2024,https://api.odcloud.kr/api/15072696/v1/uddi:130307ee-0834-4fc9-b557-d74af9424e8b,PUB-010_시도별_장기요양판정
남자,서울,기초,3등급,1714,2024,https://api.odcloud.kr/api/15072696/v1/uddi:130307ee-0834-4fc9-b557-d74af9424e8b,PUB-010_시도별_장기요양판정
남자,서울,기초,4등급,3505,2024,https://api.odcloud.kr/api/15072696/v1/uddi:130307ee-0834-4fc9-b557-d74af9424e8b,PUB-010_시도별_장기요양판정
남자,서울,기초,5등급,717,2024,https://api.odcloud.kr/api/15072696/v1/uddi:130307ee-0834-4fc9-b557-d74af9424e8b,PUB-010_시도별_장기요양판정
남자,서울,기초,인지지원등급,205,2024,https://api.odcloud.kr/api/15072696/v1/uddi:130307ee-0834-4fc9-b557-d74af9424e8b,PUB-010_시도별_장기요양판정
남자,서울,기초,등급외,2028,2024,https://api.odcloud.kr/api/15072696/v1/uddi:130307ee-0834-4fc9-b557-d74af9424e8b,PUB-010_시도별_장기요양판정
여자,서울,일반,1등급,3912,2024,https://api.odcloud.kr/api/15072696/v1/uddi:130307ee-0834-4fc9-b557-d74af9424e8b,PUB-010_시도별_장기요양판정
여자,서울,일반,2등급,6269,2024,https://api.odcloud.kr/api/15072696/v1/uddi:130307ee-0834-4fc9-b557-d74af9424e8b,PUB-010_시도별_장기요양판정
여자,서울,일반,3등급,16198,2024,https://api.odcloud.kr/api/15072696/v1/uddi:130307ee-0834-4fc9-b557-d74af9424e8b,PUB-010_시도별_장기요양판정
여자,서울,일반,4등급,23724,2024,https://api.odcloud.kr/api/15072696/v1/uddi:130307ee-0834-4fc9-b557-d74af9424e8b,PUB-010_시도별_장기요양판정
여자,서울,일반,5등급,5426,2024,https://api.odcloud.kr/api/15072696/v1/uddi:130307ee-0834-4fc9-b557-d74af9424e8b,PUB-010_시도별_장기요양판정
여자,서울,일반,인지지원등급,1403,2024,https://api.odcloud.kr/api/15072696/v1/uddi:130307ee-0834-4fc9-b557-d74af9424e8b,PUB-010_시도별_장기요양판정
여자,서울,일반,등급외,7784,2024,https://api.odcloud.kr/api/15072696/v1/uddi:130307ee-0834-4fc9-b557-d74af9424e8b,PUB-010_시도별_장기요양판정
여자,서울,감경,1등급,1914,2024,https://api.odcloud.kr/api/15072696/v1/uddi:130307ee-0834-4fc9-b557-d74af9424e8b,PUB-010_시도별_장기요양판정
여자,서울,감경,2등급,3610,2024,https://api.odcloud.kr/api/15072696/v1/uddi:130307ee-0834-4fc9-b557-d74af9424e8b,PUB-010_시도별_장기요양판정
여자,서울,감경,3등급,9541,2024,https://api.odcloud.kr/api/15072696/v1/uddi:130307ee-0834-4fc9-b557-d74af9424e8b,PUB-010_시도별_장기요양판정
여자,서울,감경,4등급,13078,2024,https://api.odcloud.kr/api/15072696/v1/uddi:130307ee-0834-4fc9-b557-d74af9424e8b,PUB-010_시도별_장기요양판정
여자,서울,감경,5등급,2526,2024,https://api.odcloud.kr/api/15072696/v1/uddi:130307ee-0834-4fc9-b557-d74af9424e8b,PUB-010_시도별_장기요양판정
여자,서울,감경,인지지원등급,640,2024,https://api.odcloud.kr/api/15072696/v1/uddi:130307ee-0834-4fc9-b557-d74af9424e8b,PUB-010_시도별_장기요양판정
여자,서울,감경,등급외,456,2024,https://api.odcloud.kr/api/15072696/v1/uddi:130307ee-0834-4fc9-b557-d74af9424e8b,PUB-010_시도별_장기요양판정
여자,서울,의료급여,1등급,54,2024,https://api.odcloud.kr/api/15072696/v1/uddi:130307ee-0834-4fc9-b557-d74af9424e8b,PUB-010_시도별_장기요양판정
여자,서울,의료급여,2등급,82,2024,https://api.odcloud.kr/api/15072696/v1/uddi:130307ee-0834-4fc9-b557-d74af9424e8b,PUB-010_시도별_장기요양판정
여자,서울,의료급여,3등급,223,2024,https://api.odcloud.kr/api/15072696/v1/uddi:130307ee-0834-4fc9-b557-d74af9424e8b,PUB-010_시도별_장기요양판정
여자,서울,의료급여,4등급,321,2024,https://api.odcloud.kr/api/15072696/v1/uddi:130307ee-0834-4fc9-b557-d74af9424e8b,PUB-010_시도별_장기요양판정
여자,서울,의료급여,5등급,57,2024,https://api.odcloud.kr/api/15072696/v1/uddi:130307ee-0834-4fc9-b557-d74af9424e8b,PUB-010_시도별_장기요양판정
여자,서울,의료급여,인지지원등급,10,2024,https://api.odcloud.kr/api/15072696/v1/uddi:130307ee-0834-4fc9-b557-d74af9424e8b,PUB-010_시도별_장기요양판정
여자,서울,의료급여,등급외,79,2024,https://api.odcloud.kr/api/15072696/v1/uddi:130307ee-0834-4fc9-b557-d74af9424e8b,PUB-010_시도별_장기요양판정
여자,서울,기초,1등급,841,2024,https://api.odcloud.kr/api/15072696/v1/uddi:130307ee-0834-4fc9-b557-d74af9424e8b,PUB-010_시도별_장기요양판정
여자,서울,기초,2등급,1509,2024,https://api.odcloud.kr/api/15072696/v1/uddi:130307ee-0834-4fc9-b557-d74af9424e8b,PUB-010_시도별_장기요양판정
여자,서울,기초,3등급,4113,2024,https://api.odcloud.kr/api/15072696/v1/uddi:130307ee-0834-4fc9-b557-d74af9424e8b,PUB-010_시도별_장기요양판정
여자,서울,기초,4등급,7424,2024,https://api.odcloud.kr/api/15072696/v1/uddi:130307ee-0834-4fc9-b557-d74af9424e8b,PUB-010_시도별_장기요양판정
여자,서울,기초,5등급,1320,2024,https://api.odcloud.kr/api/15072696/v1/uddi:130307ee-0834-4fc9-b557-d74af9424e8b,PUB-010_시도별_장기요양판정
여자,서울,기초,인지지원등급,296,2024,https://api.odcloud.kr/api/15072696/v1/uddi:130307ee-0834-4fc9-b557-d74af9424e8b,PUB-010_시도별_장기요양판정
여자,서울,기초,등급외,2638,2024,https://api.odcloud.kr/api/15072696/v1/uddi:130307ee-0834-4fc9-b557-d74af9424e8b,PUB-010_시도별_장기요양판정
남자,부산,일반,1등급,408,2024,https://api.odcloud.kr/api/15072696/v1/uddi:130307ee-0834-4fc9-b557-d74af9424e8b,PUB-010_시도별_장기요양판정
남자,부산,일반,2등급,789,2024,https://api.odcloud.kr/api/15072696/v1/uddi:130307ee-0834-4fc9-b557-d74af9424e8b,PUB-010_시도별_장기요양판정
남자,부산,일반,3등급,2943,2024,https://api.odcloud.kr/api/15072696/v1/uddi:130307ee-0834-4fc9-b557-d74af9424e8b,PUB-010_시도별_장기요양판정
남자,부산,일반,4등급,4675,2024,https://api.odcloud.kr/api/15072696/v1/uddi:130307ee-0834-4fc9-b557-d74af9424e8b,PUB-010_시도별_장기요양판정
남자,부산,일반,5등급,931,2024,https://api.odcloud.kr/api/15072696/v1/uddi:130307ee-0834-4fc9-b557-d74af9424e8b,PUB-010_시도별_장기요양판정
남자,부산,일반,인지지원등급,189,2024,https://api.odcloud.kr/api/15072696/v1/uddi:130307ee-0834-4fc9-b557-d74af9424e8b,PUB-010_시도별_장기요양판정
남자,부산,일반,등급외,2583,2024,https://api.odcloud.kr/api/15072696/v1/uddi:130307ee-0834-4fc9-b557-d74af9424e8b,PUB-010_시도별_장기요양판정
남자,부산,감경,1등급,308,2024,https://api.odcloud.kr/api/15072696/v1/uddi:130307ee-0834-4fc9-b557-d74af9424e8b,PUB-010_시도별_장기요양판정
남자,부산,감경,2등급,616,2024,https://api.odcloud.kr/api/15072696/v1/uddi:130307ee-0834-4fc9-b557-d74af9424e8b,PUB-010_시도별_장기요양판정
남자,부산,감경,3등급,2218,2024,https://api.odcloud.kr/api/15072696/v1/uddi:130307ee-0834-4fc9-b557-d74af9424e8b,PUB-010_시도별_장기요양판정
남자,부산,감경,4등급,3779,2024,https://api.odcloud.kr/api/15072696/v1/uddi:130307ee-0834-4fc9-b557-d74af9424e8b,PUB-010_시도별_장기요양판정
남자,부산,감경,5등급,656,2024,https://api.odcloud.kr/api/15072696/v1/uddi:130307ee-0834-4fc9-b557-d74af9424e8b,PUB-010_시도별_장기요양판정
남자,부산,감경,인지지원등급,145,2024,https://api.odcloud.kr/api/15072696/v1/uddi:130307ee-0834-4fc9-b557-d74af9424e8b,PUB-010_시도별_장기요양판정
남자,부산,감경,등급외,158,2024,https://api.odcloud.kr/api/15072696/v1/uddi:130307ee-0834-4fc9-b557-d74af9424e8b,PUB-010_시도별_장기요양판정
남자,부산,의료급여,1등급,5,2024,https://api.odcloud.kr/api/15072696/v1/uddi:130307ee-0834-4fc9-b557-d74af9424e8b,PUB-010_시도별_장기요양판정
남자,부산,의료급여,2등급,13,2024,https://api.odcloud.kr/api/15072696/v1/uddi:130307ee-0834-4fc9-b557-d74af9424e8b,PUB-010_시도별_장기요양판정
남자,부산,의료급여,3등급,52,2024,https://api.odcloud.kr/api/15072696/v1/uddi:130307ee-0834-4fc9-b557-d74af9424e8b,PUB-010_시도별_장기요양판정
남자,부산,의료급여,4등급,84,2024,https://api.odcloud.kr/api/15072696/v1/uddi:130307ee-0834-4fc9-b557-d74af9424e8b,PUB-010_시도별_장기요양판정
남자,부산,의료급여,5등급,8,2024,https://api.odcloud.kr/api/15072696/v1/uddi:130307ee-0834-4fc9-b557-d74af9424e8b,PUB-010_시도별_장기요양판정
남자,부산,의료급여,인지지원등급,1,2024,https://api.odcloud.kr/api/15072696/v1/uddi:130307ee-0834-4fc9-b557-d74af9424e8b,PUB-010_시도별_장기요양판정
남자,부산,의료급여,등급외,25,2024,https://api.odcloud.kr/api/15072696/v1/uddi:130307ee-0834-4fc9-b557-d74af9424e8b,PUB-010_시도별_장기요양판정
남자,부산,기초,1등급,125,2024,https://api.odcloud.kr/api/15072696/v1/uddi:130307ee-0834-4fc9-b557-d74af9424e8b,PUB-010_시도별_장기요양판정
남자,부산,기초,2등급,236,2024,https://api.odcloud.kr/api/15072696/v1/uddi:130307ee-0834-4fc9-b557-d74af9424e8b,PUB-010_시도별_장기요양판정
남자,부산,기초,3등급,901,2024,https://api.odcloud.kr/api/15072696/v1/uddi:130307ee-0834-4fc9-b557-d74af9424e8b,PUB-010_시도별_장기요양판정
남자,부산,기초,4등급,2134,2024,https://api.odcloud.kr/api/15072696/v1/uddi:130307ee-0834-4fc9-b557-d74af9424e8b,PUB-010_시도별_장기요양판정
남자,부산,기초,5등급,464,2024,https://api.odcloud.kr/api/15072696/v1/uddi:130307ee-0834-4fc9-b557-d74af9424e8b,PUB-010_시도별_장기요양판정
남자,부산,기초,인지지원등급,108,2024,https://api.odcloud.kr/api/15072696/v1/uddi:130307ee-0834-4fc9-b557-d74af9424e8b,PUB-010_시도별_장기요양판정
남자,부산,기초,등급외,1528,2024,https://api.odcloud.kr/api/15072696/v1/uddi:130307ee-0834-4fc9-b557-d74af9424e8b,PUB-010_시도별_장기요양판정
여자,부산,일반,1등급,1037,2024,https://api.odcloud.kr/api/15072696/v1/uddi:130307ee-0834-4fc9-b557-d74af9424e8b,PUB-010_시도별_장기요양판정
여자,부산,일반,2등급,1853,2024,https://api.odcloud.kr/api/15072696/v1/uddi:130307ee-0834-4fc9-b557-d74af9424e8b,PUB-010_시도별_장기요양판정
여자,부산,일반,3등급,5869,2024,https://api.odcloud.kr/api/15072696/v1/uddi:130307ee-0834-4fc9-b557-d74af9424e8b,PUB-010_시도별_장기요양판정
여자,부산,일반,4등급,10526,2024,https://api.odcloud.kr/api/15072696/v1/uddi:130307ee-0834-4fc9-b557-d74af9424e8b,PUB-010_시도별_장기요양판정
여자,부산,일반,5등급,2113,2024,https://api.odcloud.kr/api/15072696/v1/uddi:130307ee-0834-4fc9-b557-d74af9424e8b,PUB-010_시도별_장기요양판정
여자,부산,일반,인지지원등급,483,2024,https://api.odcloud.kr/api/15072696/v1/uddi:130307ee-0834-4fc9-b557-d74af9424e8b,PUB-010_시도별_장기요양판정
여자,부산,일반,등급외,4807,2024,https://api.odcloud.kr/api/15072696/v1/uddi:130307ee-0834-4fc9-b557-d74af9424e8b,PUB-010_시도별_장기요양판정
여자,부산,감경,1등급,981,2024,https://api.odcloud.kr/api/15072696/v1/uddi:130307ee-0834-4fc9-b557-d74af9424e8b,PUB-010_시도별_장기요양판정
여자,부산,감경,2등급,1761,2024,https://api.odcloud.kr/api/15072696/v1/uddi:130307ee-0834-4fc9-b557-d74af9424e8b,PUB-010_시도별_장기요양판정
여자,부산,감경,3등급,5341,2024,https://api.odcloud.kr/api/15072696/v1/uddi:130307ee-0834-4fc9-b557-d74af9424e8b,PUB-010_시도별_장기요양판정
여자,부산,감경,4등급,8832,2024,https://api.odcloud.kr/api/15072696/v1/uddi:130307ee-0834-4fc9-b557-d74af9424e8b,PUB-010_시도별_장기요양판정
여자,부산,감경,5등급,1581,2024,https://api.odcloud.kr/api/15072696/v1/uddi:130307ee-0834-4fc9-b557-d74af9424e8b,PUB-010_시도별_장기요양판정
여자,부산,감경,인지지원등급,327,2024,https://api.odcloud.kr/api/15072696/v1/uddi:130307ee-0834-4fc9-b557-d74af9424e8b,PUB-010_시도별_장기요양판정
여자,부산,감경,등급외,353,2024,https://api.odcloud.kr/api/15072696/v1/uddi:130307ee-0834-4fc9-b557-d74af9424e8b,PUB-010_시도별_장기요양판정
여자,부산,의료급여,1등급,19,2024,https://api.odcloud.kr/api/15072696/v1/uddi:130307ee-0834-4fc9-b557-d74af9424e8b,PUB-010_시도별_장기요양판정
여자,부산,의료급여,2등급,56,2024,https://api.odcloud.kr/api/15072696/v1/uddi:130307ee-0834-4fc9-b557-d74af9424e8b,PUB-010_시도별_장기요양판정
여자,부산,의료급여,3등급,143,2024,https://api.odcloud.kr/api/15072696/v1/uddi:130307ee-0834-4fc9-b557-d74af9424e8b,PUB-010_시도별_장기요양판정
여자,부산,의료급여,4등급,218,2024,https://api.odcloud.kr/api/15072696/v1/uddi:130307ee-0834-4fc9-b557-d74af9424e8b,PUB-010_시도별_장기요양판정
여자,부산,의료급여,5등급,28,2024,https://api.odcloud.kr/api/15072696/v1/uddi:130307ee-0834-4fc9-b557-d74af9424e8b,PUB-010_시도별_장기요양판정
여자,부산,의료급여,인지지원등급,7,2024,https://api.odcloud.kr/api/15072696/v1/uddi:130307ee-0834-4fc9-b557-d74af9424e8b,PUB-010_시도별_장기요양판정
여자,부산,의료급여,등급외,69,2024,https://api.odcloud.kr/api/15072696/v1/uddi:130307ee-0834-4fc9-b557-d74af9424e8b,PUB-010_시도별_장기요양판정
여자,부산,기초,1등급,411,2024,https://api.odcloud.kr/api/15072696/v1/uddi:130307ee-0834-4fc9-b557-d74af9424e8b,PUB-010_시도별_장기요양판정
여자,부산,기초,2등급,794,2024,https://api.odcloud.kr/api/15072696/v1/uddi:130307ee-0834-4fc9-b557-d74af9424e8b,PUB-010_시도별_장기요양판정
여자,부산,기초,3등급,2259,2024,https://api.odcloud.kr/api/15072696/v1/uddi:130307ee-0834-4fc9-b557-d74af9424e8b,PUB-010_시도별_장기요양판정
여자,부산,기초,4등급,5172,2024,https://api.odcloud.kr/api/15072696/v1/uddi:130307ee-0834-4fc9-b557-d74af9424e8b,PUB-010_시도별_장기요양판정
여자,부산,기초,5등급,808,2024,https://api.odcloud.kr/api/15072696/v1/uddi:130307ee-0834-4fc9-b557-d74af9424e8b,PUB-010_시도별_장기요양판정
여자,부산,기초,인지지원등급,152,2024,https://api.odcloud.kr/api/15072696/v1/uddi:130307ee-0834-4fc9-b557-d74af9424e8b,PUB-010_시도별_장기요양판정
여자,부산,기초,등급외,2085,2024,https://api.odcloud.kr/api/15072696/v1/uddi:130307ee-0834-4fc9-b557-d74af9424e8b,PUB-010_시도별_장기요양판정
남자,대구,일반,1등급,237,2024,https://api.odcloud.kr/api/15072696/v1/uddi:130307ee-0834-4fc9-b557-d74af9424e8b,PUB-010_시도별_장기요양판정
남자,대구,일반,2등급,531,2024,https://api.odcloud.kr/api/15072696/v1/uddi:130307ee-0834-4fc9-b557-d74af9424e8b,PUB-010_시도별_장기요양판정
남자,대구,일반,3등급,2013,2024,https://api.odcloud.kr/api/15072696/v1/uddi:130307ee-0834-4fc9-b557-d74af9424e8b,PUB-010_시도별_장기요양판정
남자,대구,일반,4등급,3072,2024,https://api.odcloud.kr/api/15072696/v1/uddi:130307ee-0834-4fc9-b557-d74af9424e8b,PUB-010_시도별_장기요양판정
남자,대구,일반,5등급,849,2024,https://api.odcloud.kr/api/15072696/v1/uddi:130307ee-0834-4fc9-b557-d74af9424e8b,PUB-010_시도별_장기요양판정
남자,대구,일반,인지지원등급,173,2024,https://api.odcloud.kr/api/15072696/v1/uddi:130307ee-0834-4fc9-b557-d74af9424e8b,PUB-010_시도별_장기요양판정
남자,대구,일반,등급외,1313,2024,https://api.odcloud.kr/api/15072696/v1/uddi:130307ee-0834-4fc9-b557-d74af9424e8b,PUB-010_시도별_장기요양판정
남자,대구,감경,1등급,172,2024,https://api.odcloud.kr/api/15072696/v1/uddi:130307ee-0834-4fc9-b557-d74af9424e8b,PUB-010_시도별_장기요양판정
남자,대구,감경,2등급,400,2024,https://api.odcloud.kr/api/15072696/v1/uddi:130307ee-0834-4fc9-b557-d74af9424e8b,PUB-010_시도별_장기요양판정
남자,대구,감경,3등급,1358,2024,https://api.odcloud.kr/api/15072696/v1/uddi:130307ee-0834-4fc9-b557-d74af9424e8b,PUB-010_시도별_장기요양판정
남자,대구,감경,4등급,2197,2024,https://api.odcloud.kr/api/15072696/v1/uddi:130307ee-0834-4fc9-b557-d74af9424e8b,PUB-010_시도별_장기요양판정
남자,대구,감경,5등급,600,2024,https://api.odcloud.kr/api/15072696/v1/uddi:130307ee-0834-4fc9-b557-d74af9424e8b,PUB-010_시도별_장기요양판정
남자,대구,감경,인지지원등급,115,2024,https://api.odcloud.kr/api/15072696/v1/uddi:130307ee-0834-4fc9-b557-d74af9424e8b,PUB-010_시도별_장기요양판정
남자,대구,감경,등급외,86,2024,https://api.odcloud.kr/api/15072696/v1/uddi:130307ee-0834-4fc9-b557-d74af9424e8b,PUB-010_시도별_장기요양판정
남자,대구,의료급여,1등급,8,2024,https://api.odcloud.kr/api/15072696/v1/uddi:130307ee-0834-4fc9-b557-d74af9424e8b,PUB-010_시도별_장기요양판정
남자,대구,의료급여,2등급,15,2024,https://api.odcloud.kr/api/15072696/v1/uddi:130307ee-0834-4fc9-b557-d74af9424e8b,PUB-010_시도별_장기요양판정
남자,대구,의료급여,3등급,50,2024,https://api.odcloud.kr/api/15072696/v1/uddi:130307ee-0834-4fc9-b557-d74af9424e8b,PUB-010_시도별_장기요양판정
남자,대구,의료급여,4등급,92,2024,https://api.odcloud.kr/api/15072696/v1/uddi:130307ee-0834-4fc9-b557-d74af9424e8b,PUB-010_시도별_장기요양판정
남자,대구,의료급여,5등급,18,2024,https://api.odcloud.kr/api/15072696/v1/uddi:130307ee-0834-4fc9-b557-d74af9424e8b,PUB-010_시도별_장기요양판정
남자,대구,의료급여,인지지원등급,6,2024,https://api.odcloud.kr/api/15072696/v1/uddi:130307ee-0834-4fc9-b557-d74af9424e8b,PUB-010_시도별_장기요양판정
남자,대구,의료급여,등급외,30,2024,https://api.odcloud.kr/api/15072696/v1/uddi:130307ee-0834-4fc9-b557-d74af9424e8b,PUB-010_시도별_장기요양판정
남자,대구,기초,1등급,103,2024,https://api.odcloud.kr/api/15072696/v1/uddi:130307ee-0834-4fc9-b557-d74af9424e8b,PUB-010_시도별_장기요양판정
남자,대구,기초,2등급,188,2024,https://api.odcloud.kr/api/15072696/v1/uddi:130307ee-0834-4fc9-b557-d74af9424e8b,PUB-010_시도별_장기요양판정
남자,대구,기초,3등급,662,2024,https://api.odcloud.kr/api/15072696/v1/uddi:130307ee-0834-4fc9-b557-d74af9424e8b,PUB-010_시도별_장기요양판정
남자,대구,기초,4등급,1247,2024,https://api.odcloud.kr/api/15072696/v1/uddi:130307ee-0834-4fc9-b557-d74af9424e8b,PUB-010_시도별_장기요양판정
남자,대구,기초,5등급,451,2024,https://api.odcloud.kr/api/15072696/v1/uddi:130307ee-0834-4fc9-b557-d74af9424e8b,PUB-010_시도별_장기요양판정
남자,대구,기초,인지지원등급,77,2024,https://api.odcloud.kr/api/15072696/v1/uddi:130307ee-0834-4fc9-b557-d74af9424e8b,PUB-010_시도별_장기요양판정
남자,대구,기초,등급외,736,2024,https://api.odcloud.kr/api/15072696/v1/uddi:130307ee-0834-4fc9-b557-d74af9424e8b,PUB-010_시도별_장기요양판정
여자,대구,일반,1등급,629,2024,https://api.odcloud.kr/api/15072696/v1/uddi:130307ee-0834-4fc9-b557-d74af9424e8b,PUB-010_시도별_장기요양판정
여자,대구,일반,2등급,1422,2024,https://api.odcloud.kr/api/15072696/v1/uddi:130307ee-0834-4fc9-b557-d74af9424e8b,PUB-010_시도별_장기요양판정
여자,대구,일반,3등급,4100,2024,https://api.odcloud.kr/api/15072696/v1/uddi:130307ee-0834-4fc9-b557-d74af9424e8b,PUB-010_시도별_장기요양판정
여자,대구,일반,4등급,6826,2024,https://api.odcloud.kr/api/15072696/v1/uddi:130307ee-0834-4fc9-b557-d74af9424e8b,PUB-010_시도별_장기요양판정
여자,대구,일반,5등급,1976,2024,https://api.odcloud.kr/api/15072696/v1/uddi:130307ee-0834-4fc9-b557-d74af9424e8b,PUB-010_시도별_장기요양판정
여자,대구,일반,인지지원등급,346,2024,https://api.odcloud.kr/api/15072696/v1/uddi:130307ee-0834-4fc9-b557-d74af9424e8b,PUB-010_시도별_장기요양판정
여자,대구,일반,등급외,2728,2024,https://api.odcloud.kr/api/15072696/v1/uddi:130307ee-0834-4fc9-b557-d74af9424e8b,PUB-010_시도별_장기요양판정
여자,대구,감경,1등급,589,2024,https://api.odcloud.kr/api/15072696/v1/uddi:130307ee-0834-4fc9-b557-d74af9424e8b,PUB-010_시도별_장기요양판정
여자,대구,감경,2등급,1342,2024,https://api.odcloud.kr/api/15072696/v1/uddi:130307ee-0834-4fc9-b557-d74af9424e8b,PUB-010_시도별_장기요양판정
여자,대구,감경,3등급,3927,2024,https://api.odcloud.kr/api/15072696/v1/uddi:130307ee-0834-4fc9-b557-d74af9424e8b,PUB-010_시도별_장기요양판정
여자,대구,감경,4등급,5886,2024,https://api.odcloud.kr/api/15072696/v1/uddi:130307ee-0834-4fc9-b557-d74af9424e8b,PUB-010_시도별_장기요양판정
여자,대구,감경,5등급,1626,2024,https://api.odcloud.kr/api/15072696/v1/uddi:130307ee-0834-4fc9-b557-d74af9424e8b,PUB-010_시도별_장기요양판정
여자,대구,감경,인지지원등급,223,2024,https://api.odcloud.kr/api/15072696/v1/uddi:130307ee-0834-4fc9-b557-d74af9424e8b,PUB-010_시도별_장기요양판정
여자,대구,감경,등급외,203,2024,https://api.odcloud.kr/api/15072696/v1/uddi:130307ee-0834-4fc9-b557-d74af9424e8b,PUB-010_시도별_장기요양판정
여자,대구,의료급여,1등급,29,2024,https://api.odcloud.kr/api/15072696/v1/uddi:130307ee-0834-4fc9-b557-d74af9424e8b,PUB-010_시도별_장기요양판정
여자,대구,의료급여,2등급,55,2024,https://api.odcloud.kr/api/15072696/v1/uddi:130307ee-0834-4fc9-b557-d74af9424e8b,PUB-010_시도별_장기요양판정
여자,대구,의료급여,3등급,181,2024,https://api.odcloud.kr/api/15072696/v1/uddi:130307ee-0834-4fc9-b557-d74af9424e8b,PUB-010_시도별_장기요양판정
여자,대구,의료급여,4등급,249,2024,https://api.odcloud.kr/api/15072696/v1/uddi:130307ee-0834-4fc9-b557-d74af9424e8b,PUB-010_시도별_장기요양판정
여자,대구,의료급여,5등급,78,2024,https://api.odcloud.kr/api/15072696/v1/uddi:130307ee-0834-4fc9-b557-d74af9424e8b,PUB-010_시도별_장기요양판정
여자,대구,의료급여,인지지원등급,4,2024,https://api.odcloud.kr/api/15072696/v1/uddi:130307ee-0834-4fc9-b557-d74af9424e8b,PUB-010_시도별_장기요양판정
여자,대구,의료급여,등급외,45,2024,https://api.odcloud.kr/api/15072696/v1/uddi:130307ee-0834-4fc9-b557-d74af9424e8b,PUB-010_시도별_장기요양판정
여자,대구,기초,1등급,299,2024,https://api.odcloud.kr/api/15072696/v1/uddi:130307ee-0834-4fc9-b557-d74af9424e8b,PUB-010_시도별_장기요양판정
여자,대구,기초,2등급,572,2024,https://api.odcloud.kr/api/15072696/v1/uddi:130307ee-0834-4fc9-b557-d74af9424e8b,PUB-010_시도별_장기요양판정
여자,대구,기초,3등급,1665,2024,https://api.odcloud.kr/api/15072696/v1/uddi:130307ee-0834-4fc9-b557-d74af9424e8b,PUB-010_시도별_장기요양판정
여자,대구,기초,4등급,3009,2024,https://api.odcloud.kr/api/15072696/v1/uddi:130307ee-0834-4fc9-b557-d74af9424e8b,PUB-010_시도별_장기요양판정
여자,대구,기초,5등급,921,2024,https://api.odcloud.kr/api/15072696/v1/uddi:130307ee-0834-4fc9-b557-d74af9424e8b,PUB-010_시도별_장기요양판정
여자,대구,기초,인지지원등급,130,2024,https://api.odcloud.kr/api/15072696/v1/uddi:130307ee-0834-4fc9-b557-d74af9424e8b,PUB-010_시도별_장기요양판정
여자,대구,기초,등급외,1010,2024,https://api.odcloud.kr/api/15072696/v1/uddi:130307ee-0834-4fc9-b557-d74af9424e8b,PUB-010_시도별_장기요양판정
남자,인천,일반,1등급,306,2024,https://api.odcloud.kr/api/15072696/v1/uddi:130307ee-0834-4fc9-b557-d74af9424e8b,PUB-010_시도별_장기요양판정
남자,인천,일반,2등급,604,2024,https://api.odcloud.kr/api/15072696/v1/uddi:130307ee-0834-4fc9-b557-d74af9424e8b,PUB-010_시도별_장기요양판정
남자,인천,일반,3등급,2046,2024,https://api.odcloud.kr/api/15072696/v1/uddi:130307ee-0834-4fc9-b557-d74af9424e8b,PUB-010_시도별_장기요양판정
남자,인천,일반,4등급,3074,2024,https://api.odcloud.kr/api/15072696/v1/uddi:130307ee-0834-4fc9-b557-d74af9424e8b,PUB-010_시도별_장기요양판정
남자,인천,일반,5등급,639,2024,https://api.odcloud.kr/api/15072696/v1/uddi:130307ee-0834-4fc9-b557-d74af9424e8b,PUB-010_시도별_장기요양판정
남자,인천,일반,인지지원등급,111,2024,https://api.odcloud.kr/api/15072696/v1/uddi:130307ee-0834-4fc9-b557-d74af9424e8b,PUB-010_시도별_장기요양판정
남자,인천,일반,등급외,1398,2024,https://api.odcloud.kr/api/15072696/v1/uddi:130307ee-0834-4fc9-b557-d74af9424e8b,PUB-010_시도별_장기요양판정
남자,인천,감경,1등급,255,2024,https://api.odcloud.kr/api/15072696/v1/uddi:130307ee-0834-4fc9-b557-d74af9424e8b,PUB-010_시도별_장기요양판정
남자,인천,감경,2등급,559,2024,https://api.odcloud.kr/api/15072696/v1/uddi:130307ee-0834-4fc9-b557-d74af9424e8b,PUB-010_시도별_장기요양판정
남자,인천,감경,3등급,1890,2024,https://api.odcloud.kr/api/15072696/v1/uddi:130307ee-0834-4fc9-b557-d74af9424e8b,PUB-010_시도별_장기요양판정
남자,인천,감경,4등급,2864,2024,https://api.odcloud.kr/api/15072696/v1/uddi:130307ee-0834-4fc9-b557-d74af9424e8b,PUB-010_시도별_장기요양판정
남자,인천,감경,5등급,505,2024,https://api.odcloud.kr/api/15072696/v1/uddi:130307ee-0834-4fc9-b557-d74af9424e8b,PUB-010_시도별_장기요양판정
남자,인천,감경,인지지원등급,80,2024,https://api.odcloud.kr/api/15072696/v1/uddi:130307ee-0834-4fc9-b557-d74af9424e8b,PUB-010_시도별_장기요양판정
남자,인천,감경,등급외,80,2024,https://api.odcloud.kr/api/15072696/v1/uddi:130307ee-0834-4fc9-b557-d74af9424e8b,PUB-010_시도별_장기요양판정
남자,인천,의료급여,1등급,5,2024,https://api.odcloud.kr/api/15072696/v1/uddi:130307ee-0834-4fc9-b557-d74af9424e8b,PUB-010_시도별_장기요양판정
남자,인천,의료급여,2등급,12,2024,https://api.odcloud.kr/api/15072696/v1/uddi:130307ee-0834-4fc9-b557-d74af9424e8b,PUB-010_시도별_장기요양판정
남자,인천,의료급여,3등급,50,2024,https://api.odcloud.kr/api/15072696/v1/uddi:130307ee-0834-4fc9-b557-d74af9424e8b,PUB-010_시도별_장기요양판정
남자,인천,의료급여,4등급,69,2024,https://api.odcloud.kr/api/15072696/v1/uddi:130307ee-0834-4fc9-b557-d74af9424e8b,PUB-010_시도별_장기요양판정
남자,인천,의료급여,5등급,8,2024,https://api.odcloud.kr/api/15072696/v1/uddi:130307ee-0834-4fc9-b557-d74af9424e8b,PUB-010_시도별_장기요양판정
남자,인천,의료급여,인지지원등급,4,2024,https://api.odcloud.kr/api/15072696/v1/uddi:130307ee-0834-4fc9-b557-d74af9424e8b,PUB-010_시도별_장기요양판정
남자,인천,의료급여,등급외,15,2024,https://api.odcloud.kr/api/15072696/v1/uddi:130307ee-0834-4fc9-b557-d74af9424e8b,PUB-010_시도별_장기요양판정
남자,인천,기초,1등급,165,2024,https://api.odcloud.kr/api/15072696/v1/uddi:130307ee-0834-4fc9-b557-d74af9424e8b,PUB-010_시도별_장기요양판정
남자,인천,기초,2등급,325,2024,https://api.odcloud.kr/api/15072696/v1/uddi:130307ee-0834-4fc9-b557-d74af9424e8b,PUB-010_시도별_장기요양판정
남자,인천,기초,3등급,1090,2024,https://api.odcloud.kr/api/15072696/v1/uddi:130307ee-0834-4fc9-b557-d74af9424e8b,PUB-010_시도별_장기요양판정
남자,인천,기초,4등급,2223,2024,https://api.odcloud.kr/api/15072696/v1/uddi:130307ee-0834-4fc9-b557-d74af9424e8b,PUB-010_시도별_장기요양판정
남자,인천,기초,5등급,342,2024,https://api.odcloud.kr/api/15072696/v1/uddi:130307ee-0834-4fc9-b557-d74af9424e8b,PUB-010_시도별_장기요양판정
남자,인천,기초,인지지원등급,76,2024,https://api.odcloud.kr/api/15072696/v1/uddi:130307ee-0834-4fc9-b557-d74af9424e8b,PUB-010_시도별_장기요양판정
남자,인천,기초,등급외,921,2024,https://api.odcloud.kr/api/15072696/v1/uddi:130307ee-0834-4fc9-b557-d74af9424e8b,PUB-010_시도별_장기요양판정
여자,인천,일반,1등급,830,2024,https://api.odcloud.kr/api/15072696/v1/uddi:130307ee-0834-4fc9-b557-d74af9424e8b,PUB-010_시도별_장기요양판정
여자,인천,일반,2등급,1631,2024,https://api.odcloud.kr/api/15072696/v1/uddi:130307ee-0834-4fc9-b557-d74af9424e8b,PUB-010_시도별_장기요양판정
여자,인천,일반,3등급,4850,2024,https://api.odcloud.kr/api/15072696/v1/uddi:130307ee-0834-4fc9-b557-d74af9424e8b,PUB-010_시도별_장기요양판정
여자,인천,일반,4등급,7262,2024,https://api.odcloud.kr/api/15072696/v1/uddi:130307ee-0834-4fc9-b557-d74af9424e8b,PUB-010_시도별_장기요양판정
여자,인천,일반,5등급,1294,2024,https://api.odcloud.kr/api/15072696/v1/uddi:130307ee-0834-4fc9-b557-d74af9424e8b,PUB-010_시도별_장기요양판정
여자,인천,일반,인지지원등급,265,2024,https://api.odcloud.kr/api/15072696/v1/uddi:130307ee-0834-4fc9-b557-d74af9424e8b,PUB-010_시도별_장기요양판정
여자,인천,일반,등급외,2842,2024,https://api.odcloud.kr/api/15072696/v1/uddi:130307ee-0834-4fc9-b557-d74af9424e8b,PUB-010_시도별_장기요양판정
여자,인천,감경,1등급,834,2024,https://api.odcloud.kr/api/15072696/v1/uddi:130307ee-0834-4fc9-b557-d74af9424e8b,PUB-010_시도별_장기요양판정
여자,인천,감경,2등급,1844,2024,https://api.odcloud.kr/api/15072696/v1/uddi:130307ee-0834-4fc9-b557-d74af9424e8b,PUB-010_시도별_장기요양판정
여자,인천,감경,3등급,5263,2024,https://api.odcloud.kr/api/15072696/v1/uddi:130307ee-0834-4fc9-b557-d74af9424e8b,PUB-010_시도별_장기요양판정
여자,인천,감경,4등급,7111,2024,https://api.odcloud.kr/api/15072696/v1/uddi:130307ee-0834-4fc9-b557-d74af9424e8b,PUB-010_시도별_장기요양판정
여자,인천,감경,5등급,1081,2024,https://api.odcloud.kr/api/15072696/v1/uddi:130307ee-0834-4fc9-b557-d74af9424e8b,PUB-010_시도별_장기요양판정
여자,인천,감경,인지지원등급,173,2024,https://api.odcloud.kr/api/15072696/v1/uddi:130307ee-0834-4fc9-b557-d74af9424e8b,PUB-010_시도별_장기요양판정
여자,인천,감경,등급외,160,2024,https://api.odcloud.kr/api/15072696/v1/uddi:130307ee-0834-4fc9-b557-d74af9424e8b,PUB-010_시도별_장기요양판정
여자,인천,의료급여,1등급,22,2024,https://api.odcloud.kr/api/15072696/v1/uddi:130307ee-0834-4fc9-b557-d74af9424e8b,PUB-010_시도별_장기요양판정
여자,인천,의료급여,2등급,50,2024,https://api.odcloud.kr/api/15072696/v1/uddi:130307ee-0834-4fc9-b557-d74af9424e8b,PUB-010_시도별_장기요양판정
여자,인천,의료급여,3등급,105,2024,https://api.odcloud.kr/api/15072696/v1/uddi:130307ee-0834-4fc9-b557-d74af9424e8b,PUB-010_시도별_장기요양판정
여자,인천,의료급여,4등급,186,2024,https://api.odcloud.kr/api/15072696/v1/uddi:130307ee-0834-4fc9-b557-d74af9424e8b,PUB-010_시도별_장기요양판정
여자,인천,의료급여,5등급,17,2024,https://api.odcloud.kr/api/15072696/v1/uddi:130307ee-0834-4fc9-b557-d74af9424e8b,PUB-010_시도별_장기요양판정
여자,인천,의료급여,인지지원등급,2,2024,https://api.odcloud.kr/api/15072696/v1/uddi:130307ee-0834-4fc9-b557-d74af9424e8b,PUB-010_시도별_장기요양판정
여자,인천,의료급여,등급외,37,2024,https://api.odcloud.kr/api/15072696/v1/uddi:130307ee-0834-4fc9-b557-d74af9424e8b,PUB-010_시도별_장기요양판정
여자,인천,기초,1등급,465,2024,https://api.odcloud.kr/api/15072696/v1/uddi:130307ee-0834-4fc9-b557-d74af9424e8b,PUB-010_시도별_장기요양판정
여자,인천,기초,2등급,847,2024,https://api.odcloud.kr/api/15072696/v1/uddi:130307ee-0834-4fc9-b557-d74af9424e8b,PUB-010_시도별_장기요양판정
여자,인천,기초,3등급,2552,2024,https://api.odcloud.kr/api/15072696/v1/uddi:130307ee-0834-4fc9-b557-d74af9424e8b,PUB-010_시도별_장기요양판정
여자,인천,기초,4등급,4248,2024,https://api.odcloud.kr/api/15072696/v1/uddi:130307ee-0834-4fc9-b557-d74af9424e8b,PUB-010_시도별_장기요양판정
여자,인천,기초,5등급,613,2024,https://api.odcloud.kr/api/15072696/v1/uddi:130307ee-0834-4fc9-b557-d74af9424e8b,PUB-010_시도별_장기요양판정
여자,인천,기초,인지지원등급,74,2024,https://api.odcloud.kr/api/15072696/v1/uddi:130307ee-0834-4fc9-b557-d74af9424e8b,PUB-010_시도별_장기요양판정
여자,인천,기초,등급외,1116,2024,https://api.odcloud.kr/api/15072696/v1/uddi:130307ee-0834-4fc9-b557-d74af9424e8b,PUB-010_시도별_장기요양판정
남자,대전,일반,1등급,156,2024,https://api.odcloud.kr/api/15072696/v1/uddi:130307ee-0834-4fc9-b557-d74af9424e8b,PUB-010_시도별_장기요양판정
남자,대전,일반,2등급,258,2024,https://api.odcloud.kr/api/15072696/v1/uddi:130307ee-0834-4fc9-b557-d74af9424e8b,PUB-010_시도별_장기요양판정
남자,대전,일반,3등급,1176,2024,https://api.odcloud.kr/api/15072696/v1/uddi:130307ee-0834-4fc9-b557-d74af9424e8b,PUB-010_시도별_장기요양판정
남자,대전,일반,4등급,1929,2024,https://api.odcloud.kr/api/15072696/v1/uddi:130307ee-0834-4fc9-b557-d74af9424e8b,PUB-010_시도별_장기요양판정
남자,대전,일반,5등급,452,2024,https://api.odcloud.kr/api/15072696/v1/uddi:130307ee-0834-4fc9-b557-d74af9424e8b,PUB-010_시도별_장기요양판정
남자,대전,일반,인지지원등급,87,2024,https://api.odcloud.kr/api/15072696/v1/uddi:130307ee-0834-4fc9-b557-d74af9424e8b,PUB-010_시도별_장기요양판정
남자,대전,일반,등급외,1214,2024,https://api.odcloud.kr/api/15072696/v1/uddi:130307ee-0834-4fc9-b557-d74af9424e8b,PUB-010_시도별_장기요양판정
남자,대전,감경,1등급,118,2024,https://api.odcloud.kr/api/15072696/v1/uddi:130307ee-0834-4fc9-b557-d74af9424e8b,PUB-010_시도별_장기요양판정
남자,대전,감경,2등급,203,2024,https://api.odcloud.kr/api/15072696/v1/uddi:130307ee-0834-4fc9-b557-d74af9424e8b,PUB-010_시도별_장기요양판정
남자,대전,감경,3등급,720,2024,https://api.odcloud.kr/api/15072696/v1/uddi:130307ee-0834-4fc9-b557-d74af9424e8b,PUB-010_시도별_장기요양판정
남자,대전,감경,4등급,1251,2024,https://api.odcloud.kr/api/15072696/v1/uddi:130307ee-0834-4fc9-b557-d74af9424e8b,PUB-010_시도별_장기요양판정
남자,대전,감경,5등급,280,2024,https://api.odcloud.kr/api/15072696/v1/uddi:130307ee-0834-4fc9-b557-d74af9424e8b,PUB-010_시도별_장기요양판정
남자,대전,감경,인지지원등급,63,2024,https://api.odcloud.kr/api/15072696/v1/uddi:130307ee-0834-4fc9-b557-d74af9424e8b,PUB-010_시도별_장기요양판정
남자,대전,감경,등급외,78,2024,https://api.odcloud.kr/api/15072696/v1/uddi:130307ee-0834-4fc9-b557-d74af9424e8b,PUB-010_시도별_장기요양판정
남자,대전,의료급여,1등급,9,2024,https://api.odcloud.kr/api/15072696/v1/uddi:130307ee-0834-4fc9-b557-d74af9424e8b,PUB-010_시도별_장기요양판정
남자,대전,의료급여,2등급,9,2024,https://api.odcloud.kr/api/15072696/v1/uddi:130307ee-0834-4fc9-b557-d74af9424e8b,PUB-010_시도별_장기요양판정
남자,대전,의료급여,3등급,39,2024,https://api.odcloud.kr/api/15072696/v1/uddi:130307ee-0834-4fc9-b557-d74af9424e8b,PUB-010_시도별_장기요양판정
남자,대전,의료급여,4등급,68,2024,https://api.odcloud.kr/api/15072696/v1/uddi:130307ee-0834-4fc9-b557-d74af9424e8b,PUB-010_시도별_장기요양판정
남자,대전,의료급여,5등급,23,2024,https://api.odcloud.kr/api/15072696/v1/uddi:130307ee-0834-4fc9-b557-d74af9424e8b,PUB-010_시도별_장기요양판정
남자,대전,의료급여,인지지원등급,2,2024,https://api.odcloud.kr/api/15072696/v1/uddi:130307ee-0834-4fc9-b557-d74af9424e8b,PUB-010_시도별_장기요양판정
남자,대전,의료급여,등급외,20,2024,https://api.odcloud.kr/api/15072696/v1/uddi:130307ee-0834-4fc9-b557-d74af9424e8b,PUB-010_시도별_장기요양판정
남자,대전,기초,1등급,33,2024,https://api.odcloud.kr/api/15072696/v1/uddi:130307ee-0834-4fc9-b557-d74af9424e8b,PUB-010_시도별_장기요양판정
남자,대전,기초,2등급,57,2024,https://api.odcloud.kr/api/15072696/v1/uddi:130307ee-0834-4fc9-b557-d74af9424e8b,PUB-010_시도별_장기요양판정
남자,대전,기초,3등급,295,2024,https://api.odcloud.kr/api/15072696/v1/uddi:130307ee-0834-4fc9-b557-d74af9424e8b,PUB-010_시도별_장기요양판정
남자,대전,기초,4등급,699,2024,https://api.odcloud.kr/api/15072696/v1/uddi:130307ee-0834-4fc9-b557-d74af9424e8b,PUB-010_시도별_장기요양판정
남자,대전,기초,5등급,200,2024,https://api.odcloud.kr/api/15072696/v1/uddi:130307ee-0834-4fc9-b557-d74af9424e8b,PUB-010_시도별_장기요양판정
남자,대전,기초,인지지원등급,38,2024,https://api.odcloud.kr/api/15072696/v1/uddi:130307ee-0834-4fc9-b557-d74af9424e8b,PUB-010_시도별_장기요양판정
남자,대전,기초,등급외,629,2024,https://api.odcloud.kr/api/15072696/v1/uddi:130307ee-0834-4fc9-b557-d74af9424e8b,PUB-010_시도별_장기요양판정
여자,대전,일반,1등급,385,2024,https://api.odcloud.kr/api/15072696/v1/uddi:130307ee-0834-4fc9-b557-d74af9424e8b,PUB-010_시도별_장기요양판정
여자,대전,일반,2등급,639,2024,https://api.odcloud.kr/api/15072696/v1/uddi:130307ee-0834-4fc9-b557-d74af9424e8b,PUB-010_시도별_장기요양판정
여자,대전,일반,3등급,2267,2024,https://api.odcloud.kr/api/15072696/v1/uddi:130307ee-0834-4fc9-b557-d74af9424e8b,PUB-010_시도별_장기요양판정
여자,대전,일반,4등급,4450,2024,https://api.odcloud.kr/api/15072696/v1/uddi:130307ee-0834-4fc9-b557-d74af9424e8b,PUB-010_시도별_장기요양판정
여자,대전,일반,5등급,939,2024,https://api.odcloud.kr/api/15072696/v1/uddi:130307ee-0834-4fc9-b557-d74af9424e8b,PUB-010_시도별_장기요양판정
여자,대전,일반,인지지원등급,214,2024,https://api.odcloud.kr/api/15072696/v1/uddi:130307ee-0834-4fc9-b557-d74af9424e8b,PUB-010_시도별_장기요양판정
여자,대전,일반,등급외,2536,2024,https://api.odcloud.kr/api/15072696/v1/uddi:130307ee-0834-4fc9-b557-d74af9424e8b,PUB-010_시도별_장기요양판정
여자,대전,감경,1등급,370,2024,https://api.odcloud.kr/api/15072696/v1/uddi:130307ee-0834-4fc9-b557-d74af9424e8b,PUB-010_시도별_장기요양판정
여자,대전,감경,2등급,632,2024,https://api.odcloud.kr/api/15072696/v1/uddi:130307ee-0834-4fc9-b557-d74af9424e8b,PUB-010_시도별_장기요양판정
여자,대전,감경,3등급,2100,2024,https://api.odcloud.kr/api/15072696/v1/uddi:130307ee-0834-4fc9-b557-d74af9424e8b,PUB-010_시도별_장기요양판정
여자,대전,감경,4등급,3589,2024,https://api.odcloud.kr/api/15072696/v1/uddi:130307ee-0834-4fc9-b557-d74af9424e8b,PUB-010_시도별_장기요양판정
여자,대전,감경,5등급,755,2024,https://api.odcloud.kr/api/15072696/v1/uddi:130307ee-0834-4fc9-b557-d74af9424e8b,PUB-010_시도별_장기요양판정
여자,대전,감경,인지지원등급,116,2024,https://api.odcloud.kr/api/15072696/v1/uddi:130307ee-0834-4fc9-b557-d74af9424e8b,PUB-010_시도별_장기요양판정
여자,대전,감경,등급외,135,2024,https://api.odcloud.kr/api/15072696/v1/uddi:130307ee-0834-4fc9-b557-d74af9424e8b,PUB-010_시도별_장기요양판정
여자,대전,의료급여,1등급,15,2024,https://api.odcloud.kr/api/15072696/v1/uddi:130307ee-0834-4fc9-b557-d74af9424e8b,PUB-010_시도별_장기요양판정
여자,대전,의료급여,2등급,27,2024,https://api.odcloud.kr/api/15072696/v1/uddi:130307ee-0834-4fc9-b557-d74af9424e8b,PUB-010_시도별_장기요양판정
여자,대전,의료급여,3등급,115,2024,https://api.odcloud.kr/api/15072696/v1/uddi:130307ee-0834-4fc9-b557-d74af9424e8b,PUB-010_시도별_장기요양판정
여자,대전,의료급여,4등급,217,2024,https://api.odcloud.kr/api/15072696/v1/uddi:130307ee-0834-4fc9-b557-d74af9424e8b,PUB-010_시도별_장기요양판정
여자,대전,의료급여,5등급,32,2024,https://api.odcloud.kr/api/15072696/v1/uddi:130307ee-0834-4fc9-b557-d74af9424e8b,PUB-010_시도별_장기요양판정
여자,대전,의료급여,인지지원등급,6,2024,https://api.odcloud.kr/api/15072696/v1/uddi:130307ee-0834-4fc9-b557-d74af9424e8b,PUB-010_시도별_장기요양판정
여자,대전,의료급여,등급외,46,2024,https://api.odcloud.kr/api/15072696/v1/uddi:130307ee-0834-4fc9-b557-d74af9424e8b,PUB-010_시도별_장기요양판정
여자,대전,기초,1등급,122,2024,https://api.odcloud.kr/api/15072696/v1/uddi:130307ee-0834-4fc9-b557-d74af9424e8b,PUB-010_시도별_장기요양판정
여자,대전,기초,2등급,201,2024,https://api.odcloud.kr/api/15072696/v1/uddi:130307ee-0834-4fc9-b557-d74af9424e8b,PUB-010_시도별_장기요양판정
여자,대전,기초,3등급,751,2024,https://api.odcloud.kr/api/15072696/v1/uddi:130307ee-0834-4fc9-b557-d74af9424e8b,PUB-010_시도별_장기요양판정
여자,대전,기초,4등급,1592,2024,https://api.odcloud.kr/api/15072696/v1/uddi:130307ee-0834-4fc9-b557-d74af9424e8b,PUB-010_시도별_장기요양판정
여자,대전,기초,5등급,398,2024,https://api.odcloud.kr/api/15072696/v1/uddi:130307ee-0834-4fc9-b557-d74af9424e8b,PUB-010_시도별_장기요양판정
여자,대전,기초,인지지원등급,61,2024,https://api.odcloud.kr/api/15072696/v1/uddi:130307ee-0834-4fc9-b557-d74af9424e8b,PUB-010_시도별_장기요양판정
여자,대전,기초,등급외,890,2024,https://api.odcloud.kr/api/15072696/v1/uddi:130307ee-0834-4fc9-b557-d74af9424e8b,PUB-010_시도별_장기요양판정
남자,대전,일반,1등급,198,2024,https://api.odcloud.kr/api/15072696/v1/uddi:130307ee-0834-4fc9-b557-d74af9424e8b,PUB-010_시도별_장기요양판정
남자,대전,일반,2등급,269,2024,https://api.odcloud.kr/api/15072696/v1/uddi:130307ee-0834-4fc9-b557-d74af9424e8b,PUB-010_시도별_장기요양판정
남자,대전,일반,3등급,1138,2024,https://api.odcloud.kr/api/15072696/v1/uddi:130307ee-0834-4fc9-b557-d74af9424e8b,PUB-010_시도별_장기요양판정
남자,대전,일반,4등급,1748,2024,https://api.odcloud.kr/api/15072696/v1/uddi:130307ee-0834-4fc9-b557-d74af9424e8b,PUB-010_시도별_장기요양판정
남자,대전,일반,5등급,497,2024,https://api.odcloud.kr/api/15072696/v1/uddi:130307ee-0834-4fc9-b557-d74af9424e8b,PUB-010_시도별_장기요양판정
남자,대전,일반,인지지원등급,104,2024,https://api.odcloud.kr/api/15072696/v1/uddi:130307ee-0834-4fc9-b557-d74af9424e8b,PUB-010_시도별_장기요양판정
남자,대전,일반,등급외,807,2024,https://api.odcloud.kr/api/15072696/v1/uddi:130307ee-0834-4fc9-b557-d74af9424e8b,PUB-010_시도별_장기요양판정
남자,대전,감경,1등급,114,2024,https://api.odcloud.kr/api/15072696/v1/uddi:130307ee-0834-4fc9-b557-d74af9424e8b,PUB-010_시도별_장기요양판정
남자,대전,감경,2등급,233,2024,https://api.odcloud.kr/api/15072696/v1/uddi:130307ee-0834-4fc9-b557-d74af9424e8b,PUB-010_시도별_장기요양판정
남자,대전,감경,3등급,818,2024,https://api.odcloud.kr/api/15072696/v1/uddi:130307ee-0834-4fc9-b557-d74af9424e8b,PUB-010_시도별_장기요양판정
남자,대전,감경,4등급,1261,2024,https://api.odcloud.kr/api/15072696/v1/uddi:130307ee-0834-4fc9-b557-d74af9424e8b,PUB-010_시도별_장기요양판정
남자,대전,감경,5등급,333,2024,https://api.odcloud.kr/api/15072696/v1/uddi:130307ee-0834-4fc9-b557-d74af9424e8b,PUB-010_시도별_장기요양판정
남자,대전,감경,인지지원등급,65,2024,https://api.odcloud.kr/api/15072696/v1/uddi:130307ee-0834-4fc9-b557-d74af9424e8b,PUB-010_시도별_장기요양판정
남자,대전,감경,등급외,44,2024,https://api.odcloud.kr/api/15072696/v1/uddi:130307ee-0834-4fc9-b557-d74af9424e8b,PUB-010_시도별_장기요양판정
남자,대전,의료급여,1등급,2,2024,https://api.odcloud.kr/api/15072696/v1/uddi:130307ee-0834-4fc9-b557-d74af9424e8b,PUB-010_시도별_장기요양판정
남자,대전,의료급여,2등급,10,2024,https://api.odcloud.kr/api/15072696/v1/uddi:130307ee-0834-4fc9-b557-d74af9424e8b,PUB-010_시도별_장기요양판정
남자,대전,의료급여,3등급,19,2024,https://api.odcloud.kr/api/15072696/v1/uddi:130307ee-0834-4fc9-b557-d74af9424e8b,PUB-010_시도별_장기요양판정
남자,대전,의료급여,4등급,28,2024,https://api.odcloud.kr/api/15072696/v1/uddi:130307ee-0834-4fc9-b557-d74af9424e8b,PUB-010_시도별_장기요양판정
남자,대전,의료급여,5등급,8,2024,https://api.odcloud.kr/api/15072696/v1/uddi:130307ee-0834-4fc9-b557-d74af9424e8b,PUB-010_시도별_장기요양판정
남자,대전,의료급여,인지지원등급,2,2024,https://api.odcloud.kr/api/15072696/v1/uddi:130307ee-0834-4fc9-b557-d74af9424e8b,PUB-010_시도별_장기요양판정
남자,대전,의료급여,등급외,11,2024,https://api.odcloud.kr/api/15072696/v1/uddi:130307ee-0834-4fc9-b557-d74af9424e8b,PUB-010_시도별_장기요양판정
남자,대전,기초,1등급,56,2024,https://api.odcloud.kr/api/15072696/v1/uddi:130307ee-0834-4fc9-b557-d74af9424e8b,PUB-010_시도별_장기요양판정
남자,대전,기초,2등급,114,2024,https://api.odcloud.kr/api/15072696/v1/uddi:130307ee-0834-4fc9-b557-d74af9424e8b,PUB-010_시도별_장기요양판정
남자,대전,기초,3등급,362,2024,https://api.odcloud.kr/api/15072696/v1/uddi:130307ee-0834-4fc9-b557-d74af9424e8b,PUB-010_시도별_장기요양판정
남자,대전,기초,4등급,772,2024,https://api.odcloud.kr/api/15072696/v1/uddi:130307ee-0834-4fc9-b557-d74af9424e8b,PUB-010_시도별_장기요양판정
남자,대전,기초,5등급,202,2024,https://api.odcloud.kr/api/15072696/v1/uddi:130307ee-0834-4fc9-b557-d74af9424e8b,PUB-010_시도별_장기요양판정
남자,대전,기초,인지지원등급,38,2024,https://api.odcloud.kr/api/15072696/v1/uddi:130307ee-0834-4fc9-b557-d74af9424e8b,PUB-010_시도별_장기요양판정
남자,대전,기초,등급외,535,2024,https://api.odcloud.kr/api/15072696/v1/uddi:130307ee-0834-4fc9-b557-d74af9424e8b,PUB-010_시도별_장기요양판정
여자,대전,일반,1등급,432,2024,https://api.odcloud.kr/api/15072696/v1/uddi:130307ee-0834-4fc9-b557-d74af9424e8b,PUB-010_시도별_장기요양판정
여자,대전,일반,2등급,737,2024,https://api.odcloud.kr/api/15072696/v1/uddi:130307ee-0834-4fc9-b557-d74af9424e8b,PUB-010_시도별_장기요양판정
여자,대전,일반,3등급,2396,2024,https://api.odcloud.kr/api/15072696/v1/uddi:130307ee-0834-4fc9-b557-d74af9424e8b,PUB-010_시도별_장기요양판정
여자,대전,일반,4등급,4026,2024,https://api.odcloud.kr/api/15072696/v1/uddi:130307ee-0834-4fc9-b557-d74af9424e8b,PUB-010_시도별_장기요양판정
여자,대전,일반,5등급,1107,2024,https://api.odcloud.kr/api/15072696/v1/uddi:130307ee-0834-4fc9-b557-d74af9424e8b,PUB-010_시도별_장기요양판정
여자,대전,일반,인지지원등급,221,2024,https://api.odcloud.kr/api/15072696/v1/uddi:130307ee-0834-4fc9-b557-d74af9424e8b,PUB-010_시도별_장기요양판정
여자,대전,일반,등급외,1659,2024,https://api.odcloud.kr/api/15072696/v1/uddi:130307ee-0834-4fc9-b557-d74af9424e8b,PUB-010_시도별_장기요양판정
여자,대전,감경,1등급,358,2024,https://api.odcloud.kr/api/15072696/v1/uddi:130307ee-0834-4fc9-b557-d74af9424e8b,PUB-010_시도별_장기요양판정
여자,대전,감경,2등급,741,2024,https://api.odcloud.kr/api/15072696/v1/uddi:130307ee-0834-4fc9-b557-d74af9424e8b,PUB-010_시도별_장기요양판정
여자,대전,감경,3등급,2142,2024,https://api.odcloud.kr/api/15072696/v1/uddi:130307ee-0834-4fc9-b557-d74af9424e8b,PUB-010_시도별_장기요양판정
여자,대전,감경,4등급,3276,2024,https://api.odcloud.kr/api/15072696/v1/uddi:130307ee-0834-4fc9-b557-d74af9424e8b,PUB-010_시도별_장기요양판정
여자,대전,감경,5등급,842,2024,https://api.odcloud.kr/api/15072696/v1/uddi:130307ee-0834-4fc9-b557-d74af9424e8b,PUB-010_시도별_장기요양판정
여자,대전,감경,인지지원등급,129,2024,https://api.odcloud.kr/api/15072696/v1/uddi:130307ee-0834-4fc9-b557-d74af9424e8b,PUB-010_시도별_장기요양판정
여자,대전,감경,등급외,88,2024,https://api.odcloud.kr/api/15072696/v1/uddi:130307ee-0834-4fc9-b557-d74af9424e8b,PUB-010_시도별_장기요양판정
여자,대전,의료급여,1등급,14,2024,https://api.odcloud.kr/api/15072696/v1/uddi:130307ee-0834-4fc9-b557-d74af9424e8b,PUB-010_시도별_장기요양판정
여자,대전,의료급여,2등급,27,2024,https://api.odcloud.kr/api/15072696/v1/uddi:130307ee-0834-4fc9-b557-d74af9424e8b,PUB-010_시도별_장기요양판정
여자,대전,의료급여,3등급,64,2024,https://api.odcloud.kr/api/15072696/v1/uddi:130307ee-0834-4fc9-b557-d74af9424e8b,PUB-010_시도별_장기요양판정
여자,대전,의료급여,4등급,98,2024,https://api.odcloud.kr/api/15072696/v1/uddi:130307ee-0834-4fc9-b557-d74af9424e8b,PUB-010_시도별_장기요양판정
여자,대전,의료급여,5등급,24,2024,https://api.odcloud.kr/api/15072696/v1/uddi:130307ee-0834-4fc9-b557-d74af9424e8b,PUB-010_시도별_장기요양판정
여자,대전,의료급여,인지지원등급,2,2024,https://api.odcloud.kr/api/15072696/v1/uddi:130307ee-0834-4fc9-b557-d74af9424e8b,PUB-010_시도별_장기요양판정
여자,대전,의료급여,등급외,22,2024,https://api.odcloud.kr/api/15072696/v1/uddi:130307ee-0834-4fc9-b557-d74af9424e8b,PUB-010_시도별_장기요양판정
여자,대전,기초,1등급,172,2024,https://api.odcloud.kr/api/15072696/v1/uddi:130307ee-0834-4fc9-b557-d74af9424e8b,PUB-010_시도별_장기요양판정
여자,대전,기초,2등급,313,2024,https://api.odcloud.kr/api/15072696/v1/uddi:130307ee-0834-4fc9-b557-d74af9424e8b,PUB-010_시도별_장기요양판정
여자,대전,기초,3등급,800,2024,https://api.odcloud.kr/api/15072696/v1/uddi:130307ee-0834-4fc9-b557-d74af9424e8b,PUB-010_시도별_장기요양판정
여자,대전,기초,4등급,1554,2024,https://api.odcloud.kr/api/15072696/v1/uddi:130307ee-0834-4fc9-b557-d74af9424e8b,PUB-010_시도별_장기요양판정
여자,대전,기초,5등급,370,2024,https://api.odcloud.kr/api/15072696/v1/uddi:130307ee-0834-4fc9-b557-d74af9424e8b,PUB-010_시도별_장기요양판정
여자,대전,기초,인지지원등급,41,2024,https://api.odcloud.kr/api/15072696/v1/uddi:130307ee-0834-4fc9-b557-d74af9424e8b,PUB-010_시도별_장기요양판정
여자,대전,기초,등급외,627,2024,https://api.odcloud.kr/api/15072696/v1/uddi:130307ee-0834-4fc9-b557-d74af9424e8b,PUB-010_시도별_장기요양판정
남자,울산,일반,1등급,148,2024,https://api.odcloud.kr/api/15072696/v1/uddi:130307ee-0834-4fc9-b557-d74af9424e8b,PUB-010_시도별_장기요양판정
남자,울산,일반,2등급,230,2024,https://api.odcloud.kr/api/15072696/v1/uddi:130307ee-0834-4fc9-b557-d74af9424e8b,PUB-010_시도별_장기요양판정
남자,울산,일반,3등급,771,2024,https://api.odcloud.kr/api/15072696/v1/uddi:130307ee-0834-4fc9-b557-d74af9424e8b,PUB-010_시도별_장기요양판정
남자,울산,일반,4등급,1120,2024,https://api.odcloud.kr/api/15072696/v1/uddi:130307ee-0834-4fc9-b557-d74af9424e8b,PUB-010_시도별_장기요양판정
남자,울산,일반,5등급,217,2024,https://api.odcloud.kr/api/15072696/v1/uddi:130307ee-0834-4fc9-b557-d74af9424e8b,PUB-010_시도별_장기요양판정
남자,울산,일반,인지지원등급,59,2024,https://api.odcloud.kr/api/15072696/v1/uddi:130307ee-0834-4fc9-b557-d74af9424e8b,PUB-010_시도별_장기요양판정
남자,울산,일반,등급외,498,2024,https://api.odcloud.kr/api/15072696/v1/uddi:130307ee-0834-4fc9-b557-d74af9424e8b,PUB-010_시도별_장기요양판정
남자,울산,감경,1등급,90,2024,https://api.odcloud.kr/api/15072696/v1/uddi:130307ee-0834-4fc9-b557-d74af9424e8b,PUB-010_시도별_장기요양판정
남자,울산,감경,2등급,142,2024,https://api.odcloud.kr/api/15072696/v1/uddi:130307ee-0834-4fc9-b557-d74af9424e8b,PUB-010_시도별_장기요양판정
남자,울산,감경,3등급,464,2024,https://api.odcloud.kr/api/15072696/v1/uddi:130307ee-0834-4fc9-b557-d74af9424e8b,PUB-010_시도별_장기요양판정
남자,울산,감경,4등급,624,2024,https://api.odcloud.kr/api/15072696/v1/uddi:130307ee-0834-4fc9-b557-d74af9424e8b,PUB-010_시도별_장기요양판정
남자,울산,감경,5등급,125,2024,https://api.odcloud.kr/api/15072696/v1/uddi:130307ee-0834-4fc9-b557-d74af9424e8b,PUB-010_시도별_장기요양판정
남자,울산,감경,인지지원등급,34,2024,https://api.odcloud.kr/api/15072696/v1/uddi:130307ee-0834-4fc9-b557-d74af9424e8b,PUB-010_시도별_장기요양판정
남자,울산,감경,등급외,12,2024,https://api.odcloud.kr/api/15072696/v1/uddi:130307ee-0834-4fc9-b557-d74af9424e8b,PUB-010_시도별_장기요양판정
남자,울산,의료급여,1등급,0,2024,https://api.odcloud.kr/api/15072696/v1/uddi:130307ee-0834-4fc9-b557-d74af9424e8b,PUB-010_시도별_장기요양판정
남자,울산,의료급여,2등급,4,2024,https://api.odcloud.kr/api/15072696/v1/uddi:130307ee-0834-4fc9-b557-d74af9424e8b,PUB-010_시도별_장기요양판정
남자,울산,의료급여,3등급,11,2024,https://api.odcloud.kr/api/15072696/v1/uddi:130307ee-0834-4fc9-b557-d74af9424e8b,PUB-010_시도별_장기요양판정
남자,울산,의료급여,4등급,12,2024,https://api.odcloud.kr/api/15072696/v1/uddi:130307ee-0834-4fc9-b557-d74af9424e8b,PUB-010_시도별_장기요양판정
남자,울산,의료급여,5등급,6,2024,https://api.odcloud.kr/api/15072696/v1/uddi:130307ee-0834-4fc9-b557-d74af9424e8b,PUB-010_시도별_장기요양판정
남자,울산,의료급여,인지지원등급,2,2024,https://api.odcloud.kr/api/15072696/v1/uddi:130307ee-0834-4fc9-b557-d74af9424e8b,PUB-010_시도별_장기요양판정
남자,울산,의료급여,등급외,5,2024,https://api.odcloud.kr/api/15072696/v1/uddi:130307ee-0834-4fc9-b557-d74af9424e8b,PUB-010_시도별_장기요양판정
남자,울산,기초,1등급,34,2024,https://api.odcloud.kr/api/15072696/v1/uddi:130307ee-0834-4fc9-b557-d74af9424e8b,PUB-010_시도별_장기요양판정
남자,울산,기초,2등급,56,2024,https://api.odcloud.kr/api/15072696/v1/uddi:130307ee-0834-4fc9-b557-d74af9424e8b,PUB-010_시도별_장기요양판정
남자,울산,기초,3등급,186,2024,https://api.odcloud.kr/api/15072696/v1/uddi:130307ee-0834-4fc9-b557-d74af9424e8b,PUB-010_시도별_장기요양판정
남자,울산,기초,4등급,429,2024,https://api.odcloud.kr/api/15072696/v1/uddi:130307ee-0834-4fc9-b557-d74af9424e8b,PUB-010_시도별_장기요양판정
남자,울산,기초,5등급,95,2024,https://api.odcloud.kr/api/15072696/v1/uddi:130307ee-0834-4fc9-b557-d74af9424e8b,PUB-010_시도별_장기요양판정
남자,울산,기초,인지지원등급,45,2024,https://api.odcloud.kr/api/15072696/v1/uddi:130307ee-0834-4fc9-b557-d74af9424e8b,PUB-010_시도별_장기요양판정
남자,울산,기초,등급외,224,2024,https://api.odcloud.kr/api/15072696/v1/uddi:130307ee-0834-4fc9-b557-d74af9424e8b,PUB-010_시도별_장기요양판정
여자,울산,일반,1등급,345,2024,https://api.odcloud.kr/api/15072696/v1/uddi:130307ee-0834-4fc9-b557-d74af9424e8b,PUB-010_시도별_장기요양판정
여자,울산,일반,2등급,570,2024,https://api.odcloud.kr/api/15072696/v1/uddi:130307ee-0834-4fc9-b557-d74af9424e8b,PUB-010_시도별_장기요양판정
여자,울산,일반,3등급,1811,2024,https://api.odcloud.kr/api/15072696/v1/uddi:130307ee-0834-4fc9-b557-d74af9424e8b,PUB-010_시도별_장기요양판정
여자,울산,일반,4등급,2726,2024,https://api.odcloud.kr/api/15072696/v1/uddi:130307ee-0834-4fc9-b557-d74af9424e8b,PUB-010_시도별_장기요양판정
여자,울산,일반,5등급,598,2024,https://api.odcloud.kr/api/15072696/v1/uddi:130307ee-0834-4fc9-b557-d74af9424e8b,PUB-010_시도별_장기요양판정
여자,울산,일반,인지지원등급,153,2024,https://api.odcloud.kr/api/15072696/v1/uddi:130307ee-0834-4fc9-b557-d74af9424e8b,PUB-010_시도별_장기요양판정
여자,울산,일반,등급외,995,2024,https://api.odcloud.kr/api/15072696/v1/uddi:130307ee-0834-4fc9-b557-d74af9424e8b,PUB-010_시도별_장기요양판정
여자,울산,감경,1등급,211,2024,https://api.odcloud.kr/api/15072696/v1/uddi:130307ee-0834-4fc9-b557-d74af9424e8b,PUB-010_시도별_장기요양판정
여자,울산,감경,2등급,441,2024,https://api.odcloud.kr/api/15072696/v1/uddi:130307ee-0834-4fc9-b557-d74af9424e8b,PUB-010_시도별_장기요양판정
여자,울산,감경,3등급,1153,2024,https://api.odcloud.kr/api/15072696/v1/uddi:130307ee-0834-4fc9-b557-d74af9424e8b,PUB-010_시도별_장기요양판정
여자,울산,감경,4등급,1483,2024,https://api.odcloud.kr/api/15072696/v1/uddi:130307ee-0834-4fc9-b557-d74af9424e8b,PUB-010_시도별_장기요양판정
여자,울산,감경,5등급,330,2024,https://api.odcloud.kr/api/15072696/v1/uddi:130307ee-0834-4fc9-b557-d74af9424e8b,PUB-010_시도별_장기요양판정
여자,울산,감경,인지지원등급,82,2024,https://api.odcloud.kr/api/15072696/v1/uddi:130307ee-0834-4fc9-b557-d74af9424e8b,PUB-010_시도별_장기요양판정
여자,울산,감경,등급외,24,2024,https://api.odcloud.kr/api/15072696/v1/uddi:130307ee-0834-4fc9-b557-d74af9424e8b,PUB-010_시도별_장기요양판정
여자,울산,의료급여,1등급,8,2024,https://api.odcloud.kr/api/15072696/v1/uddi:130307ee-0834-4fc9-b557-d74af9424e8b,PUB-010_시도별_장기요양판정
여자,울산,의료급여,2등급,11,2024,https://api.odcloud.kr/api/15072696/v1/uddi:130307ee-0834-4fc9-b557-d74af9424e8b,PUB-010_시도별_장기요양판정
여자,울산,의료급여,3등급,35,2024,https://api.odcloud.kr/api/15072696/v1/uddi:130307ee-0834-4fc9-b557-d74af9424e8b,PUB-010_시도별_장기요양판정
여자,울산,의료급여,4등급,54,2024,https://api.odcloud.kr/api/15072696/v1/uddi:130307ee-0834-4fc9-b557-d74af9424e8b,PUB-010_시도별_장기요양판정
여자,울산,의료급여,5등급,6,2024,https://api.odcloud.kr/api/15072696/v1/uddi:130307ee-0834-4fc9-b557-d74af9424e8b,PUB-010_시도별_장기요양판정
여자,울산,의료급여,인지지원등급,2,2024,https://api.odcloud.kr/api/15072696/v1/uddi:130307ee-0834-4fc9-b557-d74af9424e8b,PUB-010_시도별_장기요양판정
여자,울산,의료급여,등급외,12,2024,https://api.odcloud.kr/api/15072696/v1/uddi:130307ee-0834-4fc9-b557-d74af9424e8b,PUB-010_시도별_장기요양판정
여자,울산,기초,1등급,76,2024,https://api.odcloud.kr/api/15072696/v1/uddi:130307ee-0834-4fc9-b557-d74af9424e8b,PUB-010_시도별_장기요양판정
여자,울산,기초,2등급,152,2024,https://api.odcloud.kr/api/15072696/v1/uddi:130307ee-0834-4fc9-b557-d74af9424e8b,PUB-010_시도별_장기요양판정
여자,울산,기초,3등급,453,2024,https://api.odcloud.kr/api/15072696/v1/uddi:130307ee-0834-4fc9-b557-d74af9424e8b,PUB-010_시도별_장기요양판정
여자,울산,기초,4등급,807,2024,https://api.odcloud.kr/api/15072696/v1/uddi:130307ee-0834-4fc9-b557-d74af9424e8b,PUB-010_시도별_장기요양판정
여자,울산,기초,5등급,140,2024,https://api.odcloud.kr/api/15072696/v1/uddi:130307ee-0834-4fc9-b557-d74af9424e8b,PUB-010_시도별_장기요양판정
여자,울산,기초,인지지원등급,45,2024,https://api.odcloud.kr/api/15072696/v1/uddi:130307ee-0834-4fc9-b557-d74af9424e8b,PUB-010_시도별_장기요양판정
여자,울산,기초,등급외,293,2024,https://api.odcloud.kr/api/15072696/v1/uddi:130307ee-0834-4fc9-b557-d74af9424e8b,PUB-010_시도별_장기요양판정
남자,세종,일반,1등급,35,2024,https://api.odcloud.kr/api/15072696/v1/uddi:130307ee-0834-4fc9-b557-d74af9424e8b,PUB-010_시도별_장기요양판정
남자,세종,일반,2등급,64,2024,https://api.odcloud.kr/api/15072696/v1/uddi:130307ee-0834-4fc9-b557-d74af9424e8b,PUB-010_시도별_장기요양판정
남자,세종,일반,3등급,212,2024,https://api.odcloud.kr/api/15072696/v1/uddi:130307ee-0834-4fc9-b557-d74af9424e8b,PUB-010_시도별_장기요양판정
남자,세종,일반,4등급,387,2024,https://api.odcloud.kr/api/15072696/v1/uddi:130307ee-0834-4fc9-b557-d74af9424e8b,PUB-010_시도별_장기요양판정
남자,세종,일반,5등급,134,2024,https://api.odcloud.kr/api/15072696/v1/uddi:130307ee-0834-4fc9-b557-d74af9424e8b,PUB-010_시도별_장기요양판정
남자,세종,일반,인지지원등급,23,2024,https://api.odcloud.kr/api/15072696/v1/uddi:130307ee-0834-4fc9-b557-d74af9424e8b,PUB-010_시도별_장기요양판정
남자,세종,일반,등급외,134,2024,https://api.odcloud.kr/api/15072696/v1/uddi:130307ee-0834-4fc9-b557-d74af9424e8b,PUB-010_시도별_장기요양판정
남자,세종,감경,1등급,15,2024,https://api.odcloud.kr/api/15072696/v1/uddi:130307ee-0834-4fc9-b557-d74af9424e8b,PUB-010_시도별_장기요양판정
남자,세종,감경,2등급,26,2024,https://api.odcloud.kr/api/15072696/v1/uddi:130307ee-0834-4fc9-b557-d74af9424e8b,PUB-010_시도별_장기요양판정
남자,세종,감경,3등급,98,2024,https://api.odcloud.kr/api/15072696/v1/uddi:130307ee-0834-4fc9-b557-d74af9424e8b,PUB-010_시도별_장기요양판정
남자,세종,감경,4등급,159,2024,https://api.odcloud.kr/api/15072696/v1/uddi:130307ee-0834-4fc9-b557-d74af9424e8b,PUB-010_시도별_장기요양판정
남자,세종,감경,5등급,54,2024,https://api.odcloud.kr/api/15072696/v1/uddi:130307ee-0834-4fc9-b557-d74af9424e8b,PUB-010_시도별_장기요양판정
남자,세종,감경,인지지원등급,9,2024,https://api.odcloud.kr/api/15072696/v1/uddi:130307ee-0834-4fc9-b557-d74af9424e8b,PUB-010_시도별_장기요양판정
남자,세종,감경,등급외,4,2024,https://api.odcloud.kr/api/15072696/v1/uddi:130307ee-0834-4fc9-b557-d74af9424e8b,PUB-010_시도별_장기요양판정
남자,세종,의료급여,1등급,1,2024,https://api.odcloud.kr/api/15072696/v1/uddi:130307ee-0834-4fc9-b557-d74af9424e8b,PUB-010_시도별_장기요양판정
남자,세종,의료급여,2등급,2,2024,https://api.odcloud.kr/api/15072696/v1/uddi:130307ee-0834-4fc9-b557-d74af9424e8b,PUB-010_시도별_장기요양판정
남자,세종,의료급여,3등급,2,2024,https://api.odcloud.kr/api/15072696/v1/uddi:130307ee-0834-4fc9-b557-d74af9424e8b,PUB-010_시도별_장기요양판정
남자,세종,의료급여,4등급,4,2024,https://api.odcloud.kr/api/15072696/v1/uddi:130307ee-0834-4fc9-b557-d74af9424e8b,PUB-010_시도별_장기요양판정
남자,세종,의료급여,5등급,2,2024,https://api.odcloud.kr/api/15072696/v1/uddi:130307ee-0834-4fc9-b557-d74af9424e8b,PUB-010_시도별_장기요양판정
남자,세종,의료급여,인지지원등급,0,2024,https://api.odcloud.kr/api/15072696/v1/uddi:130307ee-0834-4fc9-b557-d74af9424e8b,PUB-010_시도별_장기요양판정
남자,세종,의료급여,등급외,1,2024,https://api.odcloud.kr/api/15072696/v1/uddi:130307ee-0834-4fc9-b557-d74af9424e8b,PUB-010_시도별_장기요양판정
남자,세종,기초,1등급,4,2024,https://api.odcloud.kr/api/15072696/v1/uddi:130307ee-0834-4fc9-b557-d74af9424e8b,PUB-010_시도별_장기요양판정
남자,세종,기초,2등급,11,2024,https://api.odcloud.kr/api/15072696/v1/uddi:130307ee-0834-4fc9-b557-d74af9424e8b,PUB-010_시도별_장기요양판정
남자,세종,기초,3등급,32,2024,https://api.odcloud.kr/api/15072696/v1/uddi:130307ee-0834-4fc9-b557-d74af9424e8b,PUB-010_시도별_장기요양판정
남자,세종,기초,4등급,56,2024,https://api.odcloud.kr/api/15072696/v1/uddi:130307ee-0834-4fc9-b557-d74af9424e8b,PUB-010_시도별_장기요양판정
남자,세종,기초,5등급,15,2024,https://api.odcloud.kr/api/15072696/v1/uddi:130307ee-0834-4fc9-b557-d74af9424e8b,PUB-010_시도별_장기요양판정
남자,세종,기초,인지지원등급,3,2024,https://api.odcloud.kr/api/15072696/v1/uddi:130307ee-0834-4fc9-b557-d74af9424e8b,PUB-010_시도별_장기요양판정
남자,세종,기초,등급외,31,2024,https://api.odcloud.kr/api/15072696/v1/uddi:130307ee-0834-4fc9-b557-d74af9424e8b,PUB-010_시도별_장기요양판정
여자,세종,일반,1등급,108,2024,https://api.odcloud.kr/api/15072696/v1/uddi:130307ee-0834-4fc9-b557-d74af9424e8b,PUB-010_시도별_장기요양판정
여자,세종,일반,2등급,204,2024,https://api.odcloud.kr/api/15072696/v1/uddi:130307ee-0834-4fc9-b557-d74af9424e8b,PUB-010_시도별_장기요양판정
여자,세종,일반,3등급,503,2024,https://api.odcloud.kr/api/15072696/v1/uddi:130307ee-0834-4fc9-b557-d74af9424e8b,PUB-010_시도별_장기요양판정
여자,세종,일반,4등급,807,2024,https://api.odcloud.kr/api/15072696/v1/uddi:130307ee-0834-4fc9-b557-d74af9424e8b,PUB-010_시도별_장기요양판정
여자,세종,일반,5등급,272,2024,https://api.odcloud.kr/api/15072696/v1/uddi:130307ee-0834-4fc9-b557-d74af9424e8b,PUB-010_시도별_장기요양판정
여자,세종,일반,인지지원등급,50,2024,https://api.odcloud.kr/api/15072696/v1/uddi:130307ee-0834-4fc9-b557-d74af9424e8b,PUB-010_시도별_장기요양판정
여자,세종,일반,등급외,244,2024,https://api.odcloud.kr/api/15072696/v1/uddi:130307ee-0834-4fc9-b557-d74af9424e8b,PUB-010_시도별_장기요양판정
여자,세종,감경,1등급,60,2024,https://api.odcloud.kr/api/15072696/v1/uddi:130307ee-0834-4fc9-b557-d74af9424e8b,PUB-010_시도별_장기요양판정
여자,세종,감경,2등급,136,2024,https://api.odcloud.kr/api/15072696/v1/uddi:130307ee-0834-4fc9-b557-d74af9424e8b,PUB-010_시도별_장기요양판정
여자,세종,감경,3등급,324,2024,https://api.odcloud.kr/api/15072696/v1/uddi:130307ee-0834-4fc9-b557-d74af9424e8b,PUB-010_시도별_장기요양판정
여자,세종,감경,4등급,494,2024,https://api.odcloud.kr/api/15072696/v1/uddi:130307ee-0834-4fc9-b557-d74af9424e8b,PUB-010_시도별_장기요양판정
여자,세종,감경,5등급,147,2024,https://api.odcloud.kr/api/15072696/v1/uddi:130307ee-0834-4fc9-b557-d74af9424e8b,PUB-010_시도별_장기요양판정
여자,세종,감경,인지지원등급,21,2024,https://api.odcloud.kr/api/15072696/v1/uddi:130307ee-0834-4fc9-b557-d74af9424e8b,PUB-010_시도별_장기요양판정
여자,세종,감경,등급외,10,2024,https://api.odcloud.kr/api/15072696/v1/uddi:130307ee-0834-4fc9-b557-d74af9424e8b,PUB-010_시도별_장기요양판정
여자,세종,의료급여,1등급,2,2024,https://api.odcloud.kr/api/15072696/v1/uddi:130307ee-0834-4fc9-b557-d74af9424e8b,PUB-010_시도별_장기요양판정
여자,세종,의료급여,2등급,4,2024,https://api.odcloud.kr/api/15072696/v1/uddi:130307ee-0834-4fc9-b557-d74af9424e8b,PUB-010_시도별_장기요양판정
여자,세종,의료급여,3등급,12,2024,https://api.odcloud.kr/api/15072696/v1/uddi:130307ee-0834-4fc9-b557-d74af9424e8b,PUB-010_시도별_장기요양판정
여자,세종,의료급여,4등급,12,2024,https://api.odcloud.kr/api/15072696/v1/uddi:130307ee-0834-4fc9-b557-d74af9424e8b,PUB-010_시도별_장기요양판정
여자,세종,의료급여,5등급,5,2024,https://api.odcloud.kr/api/15072696/v1/uddi:130307ee-0834-4fc9-b557-d74af9424e8b,PUB-010_시도별_장기요양판정
여자,세종,의료급여,인지지원등급,0,2024,https://api.odcloud.kr/api/15072696/v1/uddi:130307ee-0834-4fc9-b557-d74af9424e8b,PUB-010_시도별_장기요양판정
여자,세종,의료급여,등급외,5,2024,https://api.odcloud.kr/api/15072696/v1/uddi:130307ee-0834-4fc9-b557-d74af9424e8b,PUB-010_시도별_장기요양판정
여자,세종,기초,1등급,14,2024,https://api.odcloud.kr/api/15072696/v1/uddi:130307ee-0834-4fc9-b557-d74af9424e8b,PUB-010_시도별_장기요양판정
여자,세종,기초,2등급,26,2024,https://api.odcloud.kr/api/15072696/v1/uddi:130307ee-0834-4fc9-b557-d74af9424e8b,PUB-010_시도별_장기요양판정
여자,세종,기초,3등급,85,2024,https://api.odcloud.kr/api/15072696/v1/uddi:130307ee-0834-4fc9-b557-d74af9424e8b,PUB-010_시도별_장기요양판정
여자,세종,기초,4등급,140,2024,https://api.odcloud.kr/api/15072696/v1/uddi:130307ee-0834-4fc9-b557-d74af9424e8b,PUB-010_시도별_장기요양판정
여자,세종,기초,5등급,28,2024,https://api.odcloud.kr/api/15072696/v1/uddi:130307ee-0834-4fc9-b557-d74af9424e8b,PUB-010_시도별_장기요양판정
여자,세종,기초,인지지원등급,9,2024,https://api.odcloud.kr/api/15072696/v1/uddi:130307ee-0834-4fc9-b557-d74af9424e8b,PUB-010_시도별_장기요양판정
여자,세종,기초,등급외,49,2024,https://api.odcloud.kr/api/15072696/v1/uddi:130307ee-0834-4fc9-b557-d74af9424e8b,PUB-010_시도별_장기요양판정
남자,경기,일반,1등급,1743,2024,https://api.odcloud.kr/api/15072696/v1/uddi:130307ee-0834-4fc9-b557-d74af9424e8b,PUB-010_시도별_장기요양판정
남자,경기,일반,2등급,2752,2024,https://api.odcloud.kr/api/15072696/v1/uddi:130307ee-0834-4fc9-b557-d74af9424e8b,PUB-010_시도별_장기요양판정
남자,경기,일반,3등급,10058,2024,https://api.odcloud.kr/api/15072696/v1/uddi:130307ee-0834-4fc9-b557-d74af9424e8b,PUB-010_시도별_장기요양판정
남자,경기,일반,4등급,14598,2024,https://api.odcloud.kr/api/15072696/v1/uddi:130307ee-0834-4fc9-b557-d74af9424e8b,PUB-010_시도별_장기요양판정
남자,경기,일반,5등급,3806,2024,https://api.odcloud.kr/api/15072696/v1/uddi:130307ee-0834-4fc9-b557-d74af9424e8b,PUB-010_시도별_장기요양판정
남자,경기,일반,인지지원등급,1050,2024,https://api.odcloud.kr/api/15072696/v1/uddi:130307ee-0834-4fc9-b557-d74af9424e8b,PUB-010_시도별_장기요양판정
남자,경기,일반,등급외,6029,2024,https://api.odcloud.kr/api/15072696/v1/uddi:130307ee-0834-4fc9-b557-d74af9424e8b,PUB-010_시도별_장기요양판정
남자,경기,감경,1등급,1044,2024,https://api.odcloud.kr/api/15072696/v1/uddi:130307ee-0834-4fc9-b557-d74af9424e8b,PUB-010_시도별_장기요양판정
남자,경기,감경,2등급,1845,2024,https://api.odcloud.kr/api/15072696/v1/uddi:130307ee-0834-4fc9-b557-d74af9424e8b,PUB-010_시도별_장기요양판정
남자,경기,감경,3등급,6967,2024,https://api.odcloud.kr/api/15072696/v1/uddi:130307ee-0834-4fc9-b557-d74af9424e8b,PUB-010_시도별_장기요양판정
남자,경기,감경,4등급,10188,2024,https://api.odcloud.kr/api/15072696/v1/uddi:130307ee-0834-4fc9-b557-d74af9424e8b,PUB-010_시도별_장기요양판정
남자,경기,감경,5등급,2544,2024,https://api.odcloud.kr/api/15072696/v1/uddi:130307ee-0834-4fc9-b557-d74af9424e8b,PUB-010_시도별_장기요양판정
남자,경기,감경,인지지원등급,636,2024,https://api.odcloud.kr/api/15072696/v1/uddi:130307ee-0834-4fc9-b557-d74af9424e8b,PUB-010_시도별_장기요양판정
남자,경기,감경,등급외,257,2024,https://api.odcloud.kr/api/15072696/v1/uddi:130307ee-0834-4fc9-b557-d74af9424e8b,PUB-010_시도별_장기요양판정
남자,경기,의료급여,1등급,19,2024,https://api.odcloud.kr/api/15072696/v1/uddi:130307ee-0834-4fc9-b557-d74af9424e8b,PUB-010_시도별_장기요양판정
남자,경기,의료급여,2등급,47,2024,https://api.odcloud.kr/api/15072696/v1/uddi:130307ee-0834-4fc9-b557-d74af9424e8b,PUB-010_시도별_장기요양판정
남자,경기,의료급여,3등급,147,2024,https://api.odcloud.kr/api/15072696/v1/uddi:130307ee-0834-4fc9-b557-d74af9424e8b,PUB-010_시도별_장기요양판정
남자,경기,의료급여,4등급,213,2024,https://api.odcloud.kr/api/15072696/v1/uddi:130307ee-0834-4fc9-b557-d74af9424e8b,PUB-010_시도별_장기요양판정
남자,경기,의료급여,5등급,55,2024,https://api.odcloud.kr/api/15072696/v1/uddi:130307ee-0834-4fc9-b557-d74af9424e8b,PUB-010_시도별_장기요양판정
남자,경기,의료급여,인지지원등급,9,2024,https://api.odcloud.kr/api/15072696/v1/uddi:130307ee-0834-4fc9-b557-d74af9424e8b,PUB-010_시도별_장기요양판정
남자,경기,의료급여,등급외,65,2024,https://api.odcloud.kr/api/15072696/v1/uddi:130307ee-0834-4fc9-b557-d74af9424e8b,PUB-010_시도별_장기요양판정
남자,경기,기초,1등급,602,2024,https://api.odcloud.kr/api/15072696/v1/uddi:130307ee-0834-4fc9-b557-d74af9424e8b,PUB-010_시도별_장기요양판정
남자,경기,기초,2등급,983,2024,https://api.odcloud.kr/api/15072696/v1/uddi:130307ee-0834-4fc9-b557-d74af9424e8b,PUB-010_시도별_장기요양판정
남자,경기,기초,3등급,3064,2024,https://api.odcloud.kr/api/15072696/v1/uddi:130307ee-0834-4fc9-b557-d74af9424e8b,PUB-010_시도별_장기요양판정
남자,경기,기초,4등급,5318,2024,https://api.odcloud.kr/api/15072696/v1/uddi:130307ee-0834-4fc9-b557-d74af9424e8b,PUB-010_시도별_장기요양판정
남자,경기,기초,5등급,1362,2024,https://api.odcloud.kr/api/15072696/v1/uddi:130307ee-0834-4fc9-b557-d74af9424e8b,PUB-010_시도별_장기요양판정
남자,경기,기초,인지지원등급,390,2024,https://api.odcloud.kr/api/15072696/v1/uddi:130307ee-0834-4fc9-b557-d74af9424e8b,PUB-010_시도별_장기요양판정
남자,경기,기초,등급외,2441,2024,https://api.odcloud.kr/api/15072696/v1/uddi:130307ee-0834-4fc9-b557-d74af9424e8b,PUB-010_시도별_장기요양판정
여자,경기,일반,1등급,4406,2024,https://api.odcloud.kr/api/15072696/v1/uddi:130307ee-0834-4fc9-b557-d74af9424e8b,PUB-010_시도별_장기요양판정
여자,경기,일반,2등급,7254,2024,https://api.odcloud.kr/api/15072696/v1/uddi:130307ee-0834-4fc9-b557-d74af9424e8b,PUB-010_시도별_장기요양판정
여자,경기,일반,3등급,22676,2024,https://api.odcloud.kr/api/15072696/v1/uddi:130307ee-0834-4fc9-b557-d74af9424e8b,PUB-010_시도별_장기요양판정
여자,경기,일반,4등급,32432,2024,https://api.odcloud.kr/api/15072696/v1/uddi:130307ee-0834-4fc9-b557-d74af9424e8b,PUB-010_시도별_장기요양판정
여자,경기,일반,5등급,8277,2024,https://api.odcloud.kr/api/15072696/v1/uddi:130307ee-0834-4fc9-b557-d74af9424e8b,PUB-010_시도별_장기요양판정
여자,경기,일반,인지지원등급,2299,2024,https://api.odcloud.kr/api/15072696/v1/uddi:130307ee-0834-4fc9-b557-d74af9424e8b,PUB-010_시도별_장기요양판정
여자,경기,일반,등급외,11943,2024,https://api.odcloud.kr/api/15072696/v1/uddi:130307ee-0834-4fc9-b557-d74af9424e8b,PUB-010_시도별_장기요양판정
여자,경기,감경,1등급,3444,2024,https://api.odcloud.kr/api/15072696/v1/uddi:130307ee-0834-4fc9-b557-d74af9424e8b,PUB-010_시도별_장기요양판정
여자,경기,감경,2등급,6249,2024,https://api.odcloud.kr/api/15072696/v1/uddi:130307ee-0834-4fc9-b557-d74af9424e8b,PUB-010_시도별_장기요양판정
여자,경기,감경,3등급,18501,2024,https://api.odcloud.kr/api/15072696/v1/uddi:130307ee-0834-4fc9-b557-d74af9424e8b,PUB-010_시도별_장기요양판정
여자,경기,감경,4등급,24992,2024,https://api.odcloud.kr/api/15072696/v1/uddi:130307ee-0834-4fc9-b557-d74af9424e8b,PUB-010_시도별_장기요양판정
여자,경기,감경,5등급,5946,2024,https://api.odcloud.kr/api/15072696/v1/uddi:130307ee-0834-4fc9-b557-d74af9424e8b,PUB-010_시도별_장기요양판정
여자,경기,감경,인지지원등급,1367,2024,https://api.odcloud.kr/api/15072696/v1/uddi:130307ee-0834-4fc9-b557-d74af9424e8b,PUB-010_시도별_장기요양판정
여자,경기,감경,등급외,564,2024,https://api.odcloud.kr/api/15072696/v1/uddi:130307ee-0834-4fc9-b557-d74af9424e8b,PUB-010_시도별_장기요양판정
여자,경기,의료급여,1등급,77,2024,https://api.odcloud.kr/api/15072696/v1/uddi:130307ee-0834-4fc9-b557-d74af9424e8b,PUB-010_시도별_장기요양판정
여자,경기,의료급여,2등급,139,2024,https://api.odcloud.kr/api/15072696/v1/uddi:130307ee-0834-4fc9-b557-d74af9424e8b,PUB-010_시도별_장기요양판정
여자,경기,의료급여,3등급,516,2024,https://api.odcloud.kr/api/15072696/v1/uddi:130307ee-0834-4fc9-b557-d74af9424e8b,PUB-010_시도별_장기요양판정
여자,경기,의료급여,4등급,679,2024,https://api.odcloud.kr/api/15072696/v1/uddi:130307ee-0834-4fc9-b557-d74af9424e8b,PUB-010_시도별_장기요양판정
여자,경기,의료급여,5등급,139,2024,https://api.odcloud.kr/api/15072696/v1/uddi:130307ee-0834-4fc9-b557-d74af9424e8b,PUB-010_시도별_장기요양판정
여자,경기,의료급여,인지지원등급,22,2024,https://api.odcloud.kr/api/15072696/v1/uddi:130307ee-0834-4fc9-b557-d74af9424e8b,PUB-010_시도별_장기요양판정
여자,경기,의료급여,등급외,130,2024,https://api.odcloud.kr/api/15072696/v1/uddi:130307ee-0834-4fc9-b557-d74af9424e8b,PUB-010_시도별_장기요양판정
여자,경기,기초,1등급,1431,2024,https://api.odcloud.kr/api/15072696/v1/uddi:130307ee-0834-4fc9-b557-d74af9424e8b,PUB-010_시도별_장기요양판정
여자,경기,기초,2등급,2382,2024,https://api.odcloud.kr/api/15072696/v1/uddi:130307ee-0834-4fc9-b557-d74af9424e8b,PUB-010_시도별_장기요양판정
여자,경기,기초,3등급,6806,2024,https://api.odcloud.kr/api/15072696/v1/uddi:130307ee-0834-4fc9-b557-d74af9424e8b,PUB-010_시도별_장기요양판정
여자,경기,기초,4등급,10406,2024,https://api.odcloud.kr/api/15072696/v1/uddi:130307ee-0834-4fc9-b557-d74af9424e8b,PUB-010_시도별_장기요양판정
여자,경기,기초,5등급,2437,2024,https://api.odcloud.kr/api/15072696/v1/uddi:130307ee-0834-4fc9-b557-d74af9424e8b,PUB-010_시도별_장기요양판정
여자,경기,기초,인지지원등급,447,2024,https://api.odcloud.kr/api/15072696/v1/uddi:130307ee-0834-4fc9-b557-d74af9424e8b,PUB-010_시도별_장기요양판정
여자,경기,기초,등급외,3152,2024,https://api.odcloud.kr/api/15072696/v1/uddi:130307ee-0834-4fc9-b557-d74af9424e8b,PUB-010_시도별_장기요양판정
남자,강원,일반,1등급,297,2024,https://api.odcloud.kr/api/15072696/v1/uddi:130307ee-0834-4fc9-b557-d74af9424e8b,PUB-010_시도별_장기요양판정
남자,강원,일반,2등급,533,2024,https://api.odcloud.kr/api/15072696/v1/uddi:130307ee-0834-4fc9-b557-d74af9424e8b,PUB-010_시도별_장기요양판정
남자,강원,일반,3등급,1572,2024,https://api.odcloud.kr/api/15072696/v1/uddi:130307ee-0834-4fc9-b557-d74af9424e8b,PUB-010_시도별_장기요양판정
남자,강원,일반,4등급,2014,2024,https://api.odcloud.kr/api/15072696/v1/uddi:130307ee-0834-4fc9-b557-d74af9424e8b,PUB-010_시도별_장기요양판정
남자,강원,일반,5등급,362,2024,https://api.odcloud.kr/api/15072696/v1/uddi:130307ee-0834-4fc9-b557-d74af9424e8b,PUB-010_시도별_장기요양판정
남자,강원,일반,인지지원등급,92,2024,https://api.odcloud.kr/api/15072696/v1/uddi:130307ee-0834-4fc9-b557-d74af9424e8b,PUB-010_시도별_장기요양판정
남자,강원,일반,등급외,1061,2024,https://api.odcloud.kr/api/15072696/v1/uddi:130307ee-0834-4fc9-b557-d74af9424e8b,PUB-010_시도별_장기요양판정
남자,강원,감경,1등급,283,2024,https://api.odcloud.kr/api/15072696/v1/uddi:130307ee-0834-4fc9-b557-d74af9424e8b,PUB-010_시도별_장기요양판정
남자,강원,감경,2등급,498,2024,https://api.odcloud.kr/api/15072696/v1/uddi:130307ee-0834-4fc9-b557-d74af9424e8b,PUB-010_시도별_장기요양판정
남자,강원,감경,3등급,1529,2024,https://api.odcloud.kr/api/15072696/v1/uddi:130307ee-0834-4fc9-b557-d74af9424e8b,PUB-010_시도별_장기요양판정
남자,강원,감경,4등급,1689,2024,https://api.odcloud.kr/api/15072696/v1/uddi:130307ee-0834-4fc9-b557-d74af9424e8b,PUB-010_시도별_장기요양판정
남자,강원,감경,5등급,286,2024,https://api.odcloud.kr/api/15072696/v1/uddi:130307ee-0834-4fc9-b557-d74af9424e8b,PUB-010_시도별_장기요양판정
남자,강원,감경,인지지원등급,92,2024,https://api.odcloud.kr/api/15072696/v1/uddi:130307ee-0834-4fc9-b557-d74af9424e8b,PUB-010_시도별_장기요양판정
남자,강원,감경,등급외,59,2024,https://api.odcloud.kr/api/15072696/v1/uddi:130307ee-0834-4fc9-b557-d74af9424e8b,PUB-010_시도별_장기요양판정
남자,강원,의료급여,1등급,9,2024,https://api.odcloud.kr/api/15072696/v1/uddi:130307ee-0834-4fc9-b557-d74af9424e8b,PUB-010_시도별_장기요양판정
남자,강원,의료급여,2등급,15,2024,https://api.odcloud.kr/api/15072696/v1/uddi:130307ee-0834-4fc9-b557-d74af9424e8b,PUB-010_시도별_장기요양판정
남자,강원,의료급여,3등급,29,2024,https://api.odcloud.kr/api/15072696/v1/uddi:130307ee-0834-4fc9-b557-d74af9424e8b,PUB-010_시도별_장기요양판정
남자,강원,의료급여,4등급,43,2024,https://api.odcloud.kr/api/15072696/v1/uddi:130307ee-0834-4fc9-b557-d74af9424e8b,PUB-010_시도별_장기요양판정
남자,강원,의료급여,5등급,11,2024,https://api.odcloud.kr/api/15072696/v1/uddi:130307ee-0834-4fc9-b557-d74af9424e8b,PUB-010_시도별_장기요양판정
남자,강원,의료급여,인지지원등급,1,2024,https://api.odcloud.kr/api/15072696/v1/uddi:130307ee-0834-4fc9-b557-d74af9424e8b,PUB-010_시도별_장기요양판정
남자,강원,의료급여,등급외,18,2024,https://api.odcloud.kr/api/15072696/v1/uddi:130307ee-0834-4fc9-b557-d74af9424e8b,PUB-010_시도별_장기요양판정
남자,강원,기초,1등급,147,2024,https://api.odcloud.kr/api/15072696/v1/uddi:130307ee-0834-4fc9-b557-d74af9424e8b,PUB-010_시도별_장기요양판정
남자,강원,기초,2등급,244,2024,https://api.odcloud.kr/api/15072696/v1/uddi:130307ee-0834-4fc9-b557-d74af9424e8b,PUB-010_시도별_장기요양판정
남자,강원,기초,3등급,741,2024,https://api.odcloud.kr/api/15072696/v1/uddi:130307ee-0834-4fc9-b557-d74af9424e8b,PUB-010_시도별_장기요양판정
남자,강원,기초,4등급,969,2024,https://api.odcloud.kr/api/15072696/v1/uddi:130307ee-0834-4fc9-b557-d74af9424e8b,PUB-010_시도별_장기요양판정
남자,강원,기초,5등급,147,2024,https://api.odcloud.kr/api/15072696/v1/uddi:130307ee-0834-4fc9-b557-d74af9424e8b,PUB-010_시도별_장기요양판정
남자,강원,기초,인지지원등급,50,2024,https://api.odcloud.kr/api/15072696/v1/uddi:130307ee-0834-4fc9-b557-d74af9424e8b,PUB-010_시도별_장기요양판정
남자,강원,기초,등급외,577,2024,https://api.odcloud.kr/api/15072696/v1/uddi:130307ee-0834-4fc9-b557-d74af9424e8b,PUB-010_시도별_장기요양판정
여자,강원,일반,1등급,717,2024,https://api.odcloud.kr/api/15072696/v1/uddi:130307ee-0834-4fc9-b557-d74af9424e8b,PUB-010_시도별_장기요양판정
여자,강원,일반,2등급,1363,2024,https://api.odcloud.kr/api/15072696/v1/uddi:130307ee-0834-4fc9-b557-d74af9424e8b,PUB-010_시도별_장기요양판정
여자,강원,일반,3등급,3615,2024,https://api.odcloud.kr/api/15072696/v1/uddi:130307ee-0834-4fc9-b557-d74af9424e8b,PUB-010_시도별_장기요양판정
여자,강원,일반,4등급,4615,2024,https://api.odcloud.kr/api/15072696/v1/uddi:130307ee-0834-4fc9-b557-d74af9424e8b,PUB-010_시도별_장기요양판정
여자,강원,일반,5등급,940,2024,https://api.odcloud.kr/api/15072696/v1/uddi:130307ee-0834-4fc9-b557-d74af9424e8b,PUB-010_시도별_장기요양판정
여자,강원,일반,인지지원등급,262,2024,https://api.odcloud.kr/api/15072696/v1/uddi:130307ee-0834-4fc9-b557-d74af9424e8b,PUB-010_시도별_장기요양판정
여자,강원,일반,등급외,2128,2024,https://api.odcloud.kr/api/15072696/v1/uddi:130307ee-0834-4fc9-b557-d74af9424e8b,PUB-010_시도별_장기요양판정
여자,강원,감경,1등급,913,2024,https://api.odcloud.kr/api/15072696/v1/uddi:130307ee-0834-4fc9-b557-d74af9424e8b,PUB-010_시도별_장기요양판정
여자,강원,감경,2등급,1722,2024,https://api.odcloud.kr/api/15072696/v1/uddi:130307ee-0834-4fc9-b557-d74af9424e8b,PUB-010_시도별_장기요양판정
여자,강원,감경,3등급,4449,2024,https://api.odcloud.kr/api/15072696/v1/uddi:130307ee-0834-4fc9-b557-d74af9424e8b,PUB-010_시도별_장기요양판정
여자,강원,감경,4등급,4832,2024,https://api.odcloud.kr/api/15072696/v1/uddi:130307ee-0834-4fc9-b557-d74af9424e8b,PUB-010_시도별_장기요양판정
여자,강원,감경,5등급,845,2024,https://api.odcloud.kr/api/15072696/v1/uddi:130307ee-0834-4fc9-b557-d74af9424e8b,PUB-010_시도별_장기요양판정
여자,강원,감경,인지지원등급,205,2024,https://api.odcloud.kr/api/15072696/v1/uddi:130307ee-0834-4fc9-b557-d74af9424e8b,PUB-010_시도별_장기요양판정
여자,강원,감경,등급외,137,2024,https://api.odcloud.kr/api/15072696/v1/uddi:130307ee-0834-4fc9-b557-d74af9424e8b,PUB-010_시도별_장기요양판정
여자,강원,의료급여,1등급,30,2024,https://api.odcloud.kr/api/15072696/v1/uddi:130307ee-0834-4fc9-b557-d74af9424e8b,PUB-010_시도별_장기요양판정
여자,강원,의료급여,2등급,62,2024,https://api.odcloud.kr/api/15072696/v1/uddi:130307ee-0834-4fc9-b557-d74af9424e8b,PUB-010_시도별_장기요양판정
여자,강원,의료급여,3등급,157,2024,https://api.odcloud.kr/api/15072696/v1/uddi:130307ee-0834-4fc9-b557-d74af9424e8b,PUB-010_시도별_장기요양판정
여자,강원,의료급여,4등급,190,2024,https://api.odcloud.kr/api/15072696/v1/uddi:130307ee-0834-4fc9-b557-d74af9424e8b,PUB-010_시도별_장기요양판정
여자,강원,의료급여,5등급,28,2024,https://api.odcloud.kr/api/15072696/v1/uddi:130307ee-0834-4fc9-b557-d74af9424e8b,PUB-010_시도별_장기요양판정
여자,강원,의료급여,인지지원등급,4,2024,https://api.odcloud.kr/api/15072696/v1/uddi:130307ee-0834-4fc9-b557-d74af9424e8b,PUB-010_시도별_장기요양판정
여자,강원,의료급여,등급외,40,2024,https://api.odcloud.kr/api/15072696/v1/uddi:130307ee-0834-4fc9-b557-d74af9424e8b,PUB-010_시도별_장기요양판정
여자,강원,기초,1등급,393,2024,https://api.odcloud.kr/api/15072696/v1/uddi:130307ee-0834-4fc9-b557-d74af9424e8b,PUB-010_시도별_장기요양판정
여자,강원,기초,2등급,596,2024,https://api.odcloud.kr/api/15072696/v1/uddi:130307ee-0834-4fc9-b557-d74af9424e8b,PUB-010_시도별_장기요양판정
여자,강원,기초,3등급,1493,2024,https://api.odcloud.kr/api/15072696/v1/uddi:130307ee-0834-4fc9-b557-d74af9424e8b,PUB-010_시도별_장기요양판정
여자,강원,기초,4등급,1863,2024,https://api.odcloud.kr/api/15072696/v1/uddi:130307ee-0834-4fc9-b557-d74af9424e8b,PUB-010_시도별_장기요양판정
여자,강원,기초,5등급,312,2024,https://api.odcloud.kr/api/15072696/v1/uddi:130307ee-0834-4fc9-b557-d74af9424e8b,PUB-010_시도별_장기요양판정
여자,강원,기초,인지지원등급,88,2024,https://api.odcloud.kr/api/15072696/v1/uddi:130307ee-0834-4fc9-b557-d74af9424e8b,PUB-010_시도별_장기요양판정
여자,강원,기초,등급외,736,2024,https://api.odcloud.kr/api/15072696/v1/uddi:130307ee-0834-4fc9-b557-d74af9424e8b,PUB-010_시도별_장기요양판정
남자,충북,일반,1등급,210,2024,https://api.odcloud.kr/api/15072696/v1/uddi:130307ee-0834-4fc9-b557-d74af9424e8b,PUB-010_시도별_장기요양판정
남자,충북,일반,2등급,369,2024,https://api.odcloud.kr/api/15072696/v1/uddi:130307ee-0834-4fc9-b557-d74af9424e8b,PUB-010_시도별_장기요양판정
남자,충북,일반,3등급,1318,2024,https://api.odcloud.kr/api/15072696/v1/uddi:130307ee-0834-4fc9-b557-d74af9424e8b,PUB-010_시도별_장기요양판정
남자,충북,일반,4등급,2307,2024,https://api.odcloud.kr/api/15072696/v1/uddi:130307ee-0834-4fc9-b557-d74af9424e8b,PUB-010_시도별_장기요양판정
남자,충북,일반,5등급,747,2024,https://api.odcloud.kr/api/15072696/v1/uddi:130307ee-0834-4fc9-b557-d74af9424e8b,PUB-010_시도별_장기요양판정
남자,충북,일반,인지지원등급,187,2024,https://api.odcloud.kr/api/15072696/v1/uddi:130307ee-0834-4fc9-b557-d74af9424e8b,PUB-010_시도별_장기요양판정
남자,충북,일반,등급외,1134,2024,https://api.odcloud.kr/api/15072696/v1/uddi:130307ee-0834-4fc9-b557-d74af9424e8b,PUB-010_시도별_장기요양판정
남자,충북,감경,1등급,154,2024,https://api.odcloud.kr/api/15072696/v1/uddi:130307ee-0834-4fc9-b557-d74af9424e8b,PUB-010_시도별_장기요양판정
남자,충북,감경,2등급,388,2024,https://api.odcloud.kr/api/15072696/v1/uddi:130307ee-0834-4fc9-b557-d74af9424e8b,PUB-010_시도별_장기요양판정
남자,충북,감경,3등급,1179,2024,https://api.odcloud.kr/api/15072696/v1/uddi:130307ee-0834-4fc9-b557-d74af9424e8b,PUB-010_시도별_장기요양판정
남자,충북,감경,4등급,1919,2024,https://api.odcloud.kr/api/15072696/v1/uddi:130307ee-0834-4fc9-b557-d74af9424e8b,PUB-010_시도별_장기요양판정
남자,충북,감경,5등급,620,2024,https://api.odcloud.kr/api/15072696/v1/uddi:130307ee-0834-4fc9-b557-d74af9424e8b,PUB-010_시도별_장기요양판정
남자,충북,감경,인지지원등급,116,2024,https://api.odcloud.kr/api/15072696/v1/uddi:130307ee-0834-4fc9-b557-d74af9424e8b,PUB-010_시도별_장기요양판정
남자,충북,감경,등급외,45,2024,https://api.odcloud.kr/api/15072696/v1/uddi:130307ee-0834-4fc9-b557-d74af9424e8b,PUB-010_시도별_장기요양판정
남자,충북,의료급여,1등급,4,2024,https://api.odcloud.kr/api/15072696/v1/uddi:130307ee-0834-4fc9-b557-d74af9424e8b,PUB-010_시도별_장기요양판정
남자,충북,의료급여,2등급,9,2024,https://api.odcloud.kr/api/15072696/v1/uddi:130307ee-0834-4fc9-b557-d74af9424e8b,PUB-010_시도별_장기요양판정
남자,충북,의료급여,3등급,28,2024,https://api.odcloud.kr/api/15072696/v1/uddi:130307ee-0834-4fc9-b557-d74af9424e8b,PUB-010_시도별_장기요양판정
남자,충북,의료급여,4등급,46,2024,https://api.odcloud.kr/api/15072696/v1/uddi:130307ee-0834-4fc9-b557-d74af9424e8b,PUB-010_시도별_장기요양판정
남자,충북,의료급여,5등급,13,2024,https://api.odcloud.kr/api/15072696/v1/uddi:130307ee-0834-4fc9-b557-d74af9424e8b,PUB-010_시도별_장기요양판정
남자,충북,의료급여,인지지원등급,3,2024,https://api.odcloud.kr/api/15072696/v1/uddi:130307ee-0834-4fc9-b557-d74af9424e8b,PUB-010_시도별_장기요양판정
남자,충북,의료급여,등급외,16,2024,https://api.odcloud.kr/api/15072696/v1/uddi:130307ee-0834-4fc9-b557-d74af9424e8b,PUB-010_시도별_장기요양판정
남자,충북,기초,1등급,144,2024,https://api.odcloud.kr/api/15072696/v1/uddi:130307ee-0834-4fc9-b557-d74af9424e8b,PUB-010_시도별_장기요양판정
남자,충북,기초,2등급,167,2024,https://api.odcloud.kr/api/15072696/v1/uddi:130307ee-0834-4fc9-b557-d74af9424e8b,PUB-010_시도별_장기요양판정
남자,충북,기초,3등급,440,2024,https://api.odcloud.kr/api/15072696/v1/uddi:130307ee-0834-4fc9-b557-d74af9424e8b,PUB-010_시도별_장기요양판정
남자,충북,기초,4등급,843,2024,https://api.odcloud.kr/api/15072696/v1/uddi:130307ee-0834-4fc9-b557-d74af9424e8b,PUB-010_시도별_장기요양판정
남자,충북,기초,5등급,276,2024,https://api.odcloud.kr/api/15072696/v1/uddi:130307ee-0834-4fc9-b557-d74af9424e8b,PUB-010_시도별_장기요양판정
남자,충북,기초,인지지원등급,91,2024,https://api.odcloud.kr/api/15072696/v1/uddi:130307ee-0834-4fc9-b557-d74af9424e8b,PUB-010_시도별_장기요양판정
남자,충북,기초,등급외,487,2024,https://api.odcloud.kr/api/15072696/v1/uddi:130307ee-0834-4fc9-b557-d74af9424e8b,PUB-010_시도별_장기요양판정
여자,충북,일반,1등급,578,2024,https://api.odcloud.kr/api/15072696/v1/uddi:130307ee-0834-4fc9-b557-d74af9424e8b,PUB-010_시도별_장기요양판정
여자,충북,일반,2등급,1103,2024,https://api.odcloud.kr/api/15072696/v1/uddi:130307ee-0834-4fc9-b557-d74af9424e8b,PUB-010_시도별_장기요양판정
여자,충북,일반,3등급,3218,2024,https://api.odcloud.kr/api/15072696/v1/uddi:130307ee-0834-4fc9-b557-d74af9424e8b,PUB-010_시도별_장기요양판정
여자,충북,일반,4등급,5471,2024,https://api.odcloud.kr/api/15072696/v1/uddi:130307ee-0834-4fc9-b557-d74af9424e8b,PUB-010_시도별_장기요양판정
여자,충북,일반,5등급,1628,2024,https://api.odcloud.kr/api/15072696/v1/uddi:130307ee-0834-4fc9-b557-d74af9424e8b,PUB-010_시도별_장기요양판정
여자,충북,일반,인지지원등급,389,2024,https://api.odcloud.kr/api/15072696/v1/uddi:130307ee-0834-4fc9-b557-d74af9424e8b,PUB-010_시도별_장기요양판정
여자,충북,일반,등급외,2131,2024,https://api.odcloud.kr/api/15072696/v1/uddi:130307ee-0834-4fc9-b557-d74af9424e8b,PUB-010_시도별_장기요양판정
여자,충북,감경,1등급,630,2024,https://api.odcloud.kr/api/15072696/v1/uddi:130307ee-0834-4fc9-b557-d74af9424e8b,PUB-010_시도별_장기요양판정
여자,충북,감경,2등급,1368,2024,https://api.odcloud.kr/api/15072696/v1/uddi:130307ee-0834-4fc9-b557-d74af9424e8b,PUB-010_시도별_장기요양판정
여자,충북,감경,3등급,3771,2024,https://api.odcloud.kr/api/15072696/v1/uddi:130307ee-0834-4fc9-b557-d74af9424e8b,PUB-010_시도별_장기요양판정
여자,충북,감경,4등급,5792,2024,https://api.odcloud.kr/api/15072696/v1/uddi:130307ee-0834-4fc9-b557-d74af9424e8b,PUB-010_시도별_장기요양판정
여자,충북,감경,5등급,1560,2024,https://api.odcloud.kr/api/15072696/v1/uddi:130307ee-0834-4fc9-b557-d74af9424e8b,PUB-010_시도별_장기요양판정
여자,충북,감경,인지지원등급,311,2024,https://api.odcloud.kr/api/15072696/v1/uddi:130307ee-0834-4fc9-b557-d74af9424e8b,PUB-010_시도별_장기요양판정
여자,충북,감경,등급외,105,2024,https://api.odcloud.kr/api/15072696/v1/uddi:130307ee-0834-4fc9-b557-d74af9424e8b,PUB-010_시도별_장기요양판정
여자,충북,의료급여,1등급,10,2024,https://api.odcloud.kr/api/15072696/v1/uddi:130307ee-0834-4fc9-b557-d74af9424e8b,PUB-010_시도별_장기요양판정
여자,충북,의료급여,2등급,30,2024,https://api.odcloud.kr/api/15072696/v1/uddi:130307ee-0834-4fc9-b557-d74af9424e8b,PUB-010_시도별_장기요양판정
여자,충북,의료급여,3등급,120,2024,https://api.odcloud.kr/api/15072696/v1/uddi:130307ee-0834-4fc9-b557-d74af9424e8b,PUB-010_시도별_장기요양판정
여자,충북,의료급여,4등급,150,2024,https://api.odcloud.kr/api/15072696/v1/uddi:130307ee-0834-4fc9-b557-d74af9424e8b,PUB-010_시도별_장기요양판정
여자,충북,의료급여,5등급,34,2024,https://api.odcloud.kr/api/15072696/v1/uddi:130307ee-0834-4fc9-b557-d74af9424e8b,PUB-010_시도별_장기요양판정
여자,충북,의료급여,인지지원등급,3,2024,https://api.odcloud.kr/api/15072696/v1/uddi:130307ee-0834-4fc9-b557-d74af9424e8b,PUB-010_시도별_장기요양판정
여자,충북,의료급여,등급외,32,2024,https://api.odcloud.kr/api/15072696/v1/uddi:130307ee-0834-4fc9-b557-d74af9424e8b,PUB-010_시도별_장기요양판정
여자,충북,기초,1등급,248,2024,https://api.odcloud.kr/api/15072696/v1/uddi:130307ee-0834-4fc9-b557-d74af9424e8b,PUB-010_시도별_장기요양판정
여자,충북,기초,2등급,402,2024,https://api.odcloud.kr/api/15072696/v1/uddi:130307ee-0834-4fc9-b557-d74af9424e8b,PUB-010_시도별_장기요양판정
여자,충북,기초,3등급,1023,2024,https://api.odcloud.kr/api/15072696/v1/uddi:130307ee-0834-4fc9-b557-d74af9424e8b,PUB-010_시도별_장기요양판정
여자,충북,기초,4등급,1718,2024,https://api.odcloud.kr/api/15072696/v1/uddi:130307ee-0834-4fc9-b557-d74af9424e8b,PUB-010_시도별_장기요양판정
여자,충북,기초,5등급,477,2024,https://api.odcloud.kr/api/15072696/v1/uddi:130307ee-0834-4fc9-b557-d74af9424e8b,PUB-010_시도별_장기요양판정
여자,충북,기초,인지지원등급,101,2024,https://api.odcloud.kr/api/15072696/v1/uddi:130307ee-0834-4fc9-b557-d74af9424e8b,PUB-010_시도별_장기요양판정
여자,충북,기초,등급외,594,2024,https://api.odcloud.kr/api/15072696/v1/uddi:130307ee-0834-4fc9-b557-d74af9424e8b,PUB-010_시도별_장기요양판정
남자,충남,일반,1등급,321,2024,https://api.odcloud.kr/api/15072696/v1/uddi:130307ee-0834-4fc9-b557-d74af9424e8b,PUB-010_시도별_장기요양판정
남자,충남,일반,2등급,585,2024,https://api.odcloud.kr/api/15072696/v1/uddi:130307ee-0834-4fc9-b557-d74af9424e8b,PUB-010_시도별_장기요양판정
남자,충남,일반,3등급,2067,2024,https://api.odcloud.kr/api/15072696/v1/uddi:130307ee-0834-4fc9-b557-d74af9424e8b,PUB-010_시도별_장기요양판정
남자,충남,일반,4등급,3813,2024,https://api.odcloud.kr/api/15072696/v1/uddi:130307ee-0834-4fc9-b557-d74af9424e8b,PUB-010_시도별_장기요양판정
남자,충남,일반,5등급,1263,2024,https://api.odcloud.kr/api/15072696/v1/uddi:130307ee-0834-4fc9-b557-d74af9424e8b,PUB-010_시도별_장기요양판정
남자,충남,일반,인지지원등급,317,2024,https://api.odcloud.kr/api/15072696/v1/uddi:130307ee-0834-4fc9-b557-d74af9424e8b,PUB-010_시도별_장기요양판정
남자,충남,일반,등급외,2070,2024,https://api.odcloud.kr/api/15072696/v1/uddi:130307ee-0834-4fc9-b557-d74af9424e8b,PUB-010_시도별_장기요양판정
남자,충남,감경,1등급,223,2024,https://api.odcloud.kr/api/15072696/v1/uddi:130307ee-0834-4fc9-b557-d74af9424e8b,PUB-010_시도별_장기요양판정
남자,충남,감경,2등급,458,2024,https://api.odcloud.kr/api/15072696/v1/uddi:130307ee-0834-4fc9-b557-d74af9424e8b,PUB-010_시도별_장기요양판정
남자,충남,감경,3등급,1683,2024,https://api.odcloud.kr/api/15072696/v1/uddi:130307ee-0834-4fc9-b557-d74af9424e8b,PUB-010_시도별_장기요양판정
남자,충남,감경,4등급,2938,2024,https://api.odcloud.kr/api/15072696/v1/uddi:130307ee-0834-4fc9-b557-d74af9424e8b,PUB-010_시도별_장기요양판정
남자,충남,감경,5등급,859,2024,https://api.odcloud.kr/api/15072696/v1/uddi:130307ee-0834-4fc9-b557-d74af9424e8b,PUB-010_시도별_장기요양판정
남자,충남,감경,인지지원등급,221,2024,https://api.odcloud.kr/api/15072696/v1/uddi:130307ee-0834-4fc9-b557-d74af9424e8b,PUB-010_시도별_장기요양판정
남자,충남,감경,등급외,85,2024,https://api.odcloud.kr/api/15072696/v1/uddi:130307ee-0834-4fc9-b557-d74af9424e8b,PUB-010_시도별_장기요양판정
남자,충남,의료급여,1등급,1,2024,https://api.odcloud.kr/api/15072696/v1/uddi:130307ee-0834-4fc9-b557-d74af9424e8b,PUB-010_시도별_장기요양판정
남자,충남,의료급여,2등급,7,2024,https://api.odcloud.kr/api/15072696/v1/uddi:130307ee-0834-4fc9-b557-d74af9424e8b,PUB-010_시도별_장기요양판정
남자,충남,의료급여,3등급,21,2024,https://api.odcloud.kr/api/15072696/v1/uddi:130307ee-0834-4fc9-b557-d74af9424e8b,PUB-010_시도별_장기요양판정
남자,충남,의료급여,4등급,50,2024,https://api.odcloud.kr/api/15072696/v1/uddi:130307ee-0834-4fc9-b557-d74af9424e8b,PUB-010_시도별_장기요양판정
남자,충남,의료급여,5등급,10,2024,https://api.odcloud.kr/api/15072696/v1/uddi:130307ee-0834-4fc9-b557-d74af9424e8b,PUB-010_시도별_장기요양판정
남자,충남,의료급여,인지지원등급,6,2024,https://api.odcloud.kr/api/15072696/v1/uddi:130307ee-0834-4fc9-b557-d74af9424e8b,PUB-010_시도별_장기요양판정
남자,충남,의료급여,등급외,26,2024,https://api.odcloud.kr/api/15072696/v1/uddi:130307ee-0834-4fc9-b557-d74af9424e8b,PUB-010_시도별_장기요양판정
남자,충남,기초,1등급,108,2024,https://api.odcloud.kr/api/15072696/v1/uddi:130307ee-0834-4fc9-b557-d74af9424e8b,PUB-010_시도별_장기요양판정
남자,충남,기초,2등급,199,2024,https://api.odcloud.kr/api/15072696/v1/uddi:130307ee-0834-4fc9-b557-d74af9424e8b,PUB-010_시도별_장기요양판정
남자,충남,기초,3등급,520,2024,https://api.odcloud.kr/api/15072696/v1/uddi:130307ee-0834-4fc9-b557-d74af9424e8b,PUB-010_시도별_장기요양판정
남자,충남,기초,4등급,1047,2024,https://api.odcloud.kr/api/15072696/v1/uddi:130307ee-0834-4fc9-b557-d74af9424e8b,PUB-010_시도별_장기요양판정
남자,충남,기초,5등급,334,2024,https://api.odcloud.kr/api/15072696/v1/uddi:130307ee-0834-4fc9-b557-d74af9424e8b,PUB-010_시도별_장기요양판정
남자,충남,기초,인지지원등급,99,2024,https://api.odcloud.kr/api/15072696/v1/uddi:130307ee-0834-4fc9-b557-d74af9424e8b,PUB-010_시도별_장기요양판정
남자,충남,기초,등급외,614,2024,https://api.odcloud.kr/api/15072696/v1/uddi:130307ee-0834-4fc9-b557-d74af9424e8b,PUB-010_시도별_장기요양판정
여자,충남,일반,1등급,834,2024,https://api.odcloud.kr/api/15072696/v1/uddi:130307ee-0834-4fc9-b557-d74af9424e8b,PUB-010_시도별_장기요양판정
여자,충남,일반,2등급,1570,2024,https://api.odcloud.kr/api/15072696/v1/uddi:130307ee-0834-4fc9-b557-d74af9424e8b,PUB-010_시도별_장기요양판정
여자,충남,일반,3등급,4932,2024,https://api.odcloud.kr/api/15072696/v1/uddi:130307ee-0834-4fc9-b557-d74af9424e8b,PUB-010_시도별_장기요양판정
여자,충남,일반,4등급,9190,2024,https://api.odcloud.kr/api/15072696/v1/uddi:130307ee-0834-4fc9-b557-d74af9424e8b,PUB-010_시도별_장기요양판정
여자,충남,일반,5등급,2585,2024,https://api.odcloud.kr/api/15072696/v1/uddi:130307ee-0834-4fc9-b557-d74af9424e8b,PUB-010_시도별_장기요양판정
여자,충남,일반,인지지원등급,616,2024,https://api.odcloud.kr/api/15072696/v1/uddi:130307ee-0834-4fc9-b557-d74af9424e8b,PUB-010_시도별_장기요양판정
여자,충남,일반,등급외,3996,2024,https://api.odcloud.kr/api/15072696/v1/uddi:130307ee-0834-4fc9-b557-d74af9424e8b,PUB-010_시도별_장기요양판정
여자,충남,감경,1등급,855,2024,https://api.odcloud.kr/api/15072696/v1/uddi:130307ee-0834-4fc9-b557-d74af9424e8b,PUB-010_시도별_장기요양판정
여자,충남,감경,2등급,1816,2024,https://api.odcloud.kr/api/15072696/v1/uddi:130307ee-0834-4fc9-b557-d74af9424e8b,PUB-010_시도별_장기요양판정
여자,충남,감경,3등급,5127,2024,https://api.odcloud.kr/api/15072696/v1/uddi:130307ee-0834-4fc9-b557-d74af9424e8b,PUB-010_시도별_장기요양판정
여자,충남,감경,4등급,8778,2024,https://api.odcloud.kr/api/15072696/v1/uddi:130307ee-0834-4fc9-b557-d74af9424e8b,PUB-010_시도별_장기요양판정
여자,충남,감경,5등급,2343,2024,https://api.odcloud.kr/api/15072696/v1/uddi:130307ee-0834-4fc9-b557-d74af9424e8b,PUB-010_시도별_장기요양판정
여자,충남,감경,인지지원등급,474,2024,https://api.odcloud.kr/api/15072696/v1/uddi:130307ee-0834-4fc9-b557-d74af9424e8b,PUB-010_시도별_장기요양판정
여자,충남,감경,등급외,144,2024,https://api.odcloud.kr/api/15072696/v1/uddi:130307ee-0834-4fc9-b557-d74af9424e8b,PUB-010_시도별_장기요양판정
여자,충남,의료급여,1등급,18,2024,https://api.odcloud.kr/api/15072696/v1/uddi:130307ee-0834-4fc9-b557-d74af9424e8b,PUB-010_시도별_장기요양판정
여자,충남,의료급여,2등급,26,2024,https://api.odcloud.kr/api/15072696/v1/uddi:130307ee-0834-4fc9-b557-d74af9424e8b,PUB-010_시도별_장기요양판정
여자,충남,의료급여,3등급,102,2024,https://api.odcloud.kr/api/15072696/v1/uddi:130307ee-0834-4fc9-b557-d74af9424e8b,PUB-010_시도별_장기요양판정
여자,충남,의료급여,4등급,153,2024,https://api.odcloud.kr/api/15072696/v1/uddi:130307ee-0834-4fc9-b557-d74af9424e8b,PUB-010_시도별_장기요양판정
여자,충남,의료급여,5등급,33,2024,https://api.odcloud.kr/api/15072696/v1/uddi:130307ee-0834-4fc9-b557-d74af9424e8b,PUB-010_시도별_장기요양판정
여자,충남,의료급여,인지지원등급,13,2024,https://api.odcloud.kr/api/15072696/v1/uddi:130307ee-0834-4fc9-b557-d74af9424e8b,PUB-010_시도별_장기요양판정
여자,충남,의료급여,등급외,41,2024,https://api.odcloud.kr/api/15072696/v1/uddi:130307ee-0834-4fc9-b557-d74af9424e8b,PUB-010_시도별_장기요양판정
여자,충남,기초,1등급,249,2024,https://api.odcloud.kr/api/15072696/v1/uddi:130307ee-0834-4fc9-b557-d74af9424e8b,PUB-010_시도별_장기요양판정
여자,충남,기초,2등급,451,2024,https://api.odcloud.kr/api/15072696/v1/uddi:130307ee-0834-4fc9-b557-d74af9424e8b,PUB-010_시도별_장기요양판정
여자,충남,기초,3등급,1156,2024,https://api.odcloud.kr/api/15072696/v1/uddi:130307ee-0834-4fc9-b557-d74af9424e8b,PUB-010_시도별_장기요양판정
여자,충남,기초,4등급,2124,2024,https://api.odcloud.kr/api/15072696/v1/uddi:130307ee-0834-4fc9-b557-d74af9424e8b,PUB-010_시도별_장기요양판정
여자,충남,기초,5등급,602,2024,https://api.odcloud.kr/api/15072696/v1/uddi:130307ee-0834-4fc9-b557-d74af9424e8b,PUB-010_시도별_장기요양판정
여자,충남,기초,인지지원등급,138,2024,https://api.odcloud.kr/api/15072696/v1/uddi:130307ee-0834-4fc9-b557-d74af9424e8b,PUB-010_시도별_장기요양판정
여자,충남,기초,등급외,820,2024,https://api.odcloud.kr/api/15072696/v1/uddi:130307ee-0834-4fc9-b557-d74af9424e8b,PUB-010_시도별_장기요양판정
남자,전북,일반,1등급,174,2024,https://api.odcloud.kr/api/15072696/v1/uddi:130307ee-0834-4fc9-b557-d74af9424e8b,PUB-010_시도별_장기요양판정
남자,전북,일반,2등급,355,2024,https://api.odcloud.kr/api/15072696/v1/uddi:130307ee-0834-4fc9-b557-d74af9424e8b,PUB-010_시도별_장기요양판정
남자,전북,일반,3등급,1378,2024,https://api.odcloud.kr/api/15072696/v1/uddi:130307ee-0834-4fc9-b557-d74af9424e8b,PUB-010_시도별_장기요양판정
남자,전북,일반,4등급,3499,2024,https://api.odcloud.kr/api/15072696/v1/uddi:130307ee-0834-4fc9-b557-d74af9424e8b,PUB-010_시도별_장기요양판정
남자,전북,일반,5등급,1294,2024,https://api.odcloud.kr/api/15072696/v1/uddi:130307ee-0834-4fc9-b557-d74af9424e8b,PUB-010_시도별_장기요양판정
남자,전북,일반,인지지원등급,241,2024,https://api.odcloud.kr/api/15072696/v1/uddi:130307ee-0834-4fc9-b557-d74af9424e8b,PUB-010_시도별_장기요양판정
남자,전북,일반,등급외,2107,2024,https://api.odcloud.kr/api/15072696/v1/uddi:130307ee-0834-4fc9-b557-d74af9424e8b,PUB-010_시도별_장기요양판정
남자,전북,감경,1등급,193,2024,https://api.odcloud.kr/api/15072696/v1/uddi:130307ee-0834-4fc9-b557-d74af9424e8b,PUB-010_시도별_장기요양판정
남자,전북,감경,2등급,361,2024,https://api.odcloud.kr/api/15072696/v1/uddi:130307ee-0834-4fc9-b557-d74af9424e8b,PUB-010_시도별_장기요양판정
남자,전북,감경,3등급,1386,2024,https://api.odcloud.kr/api/15072696/v1/uddi:130307ee-0834-4fc9-b557-d74af9424e8b,PUB-010_시도별_장기요양판정
남자,전북,감경,4등급,3191,2024,https://api.odcloud.kr/api/15072696/v1/uddi:130307ee-0834-4fc9-b557-d74af9424e8b,PUB-010_시도별_장기요양판정
남자,전북,감경,5등급,1058,2024,https://api.odcloud.kr/api/15072696/v1/uddi:130307ee-0834-4fc9-b557-d74af9424e8b,PUB-010_시도별_장기요양판정
남자,전북,감경,인지지원등급,175,2024,https://api.odcloud.kr/api/15072696/v1/uddi:130307ee-0834-4fc9-b557-d74af9424e8b,PUB-010_시도별_장기요양판정
남자,전북,감경,등급외,151,2024,https://api.odcloud.kr/api/15072696/v1/uddi:130307ee-0834-4fc9-b557-d74af9424e8b,PUB-010_시도별_장기요양판정
남자,전북,의료급여,1등급,5,2024,https://api.odcloud.kr/api/15072696/v1/uddi:130307ee-0834-4fc9-b557-d74af9424e8b,PUB-010_시도별_장기요양판정
남자,전북,의료급여,2등급,6,2024,https://api.odcloud.kr/api/15072696/v1/uddi:130307ee-0834-4fc9-b557-d74af9424e8b,PUB-010_시도별_장기요양판정
남자,전북,의료급여,3등급,38,2024,https://api.odcloud.kr/api/15072696/v1/uddi:130307ee-0834-4fc9-b557-d74af9424e8b,PUB-010_시도별_장기요양판정
남자,전북,의료급여,4등급,79,2024,https://api.odcloud.kr/api/15072696/v1/uddi:130307ee-0834-4fc9-b557-d74af9424e8b,PUB-010_시도별_장기요양판정
남자,전북,의료급여,5등급,26,2024,https://api.odcloud.kr/api/15072696/v1/uddi:130307ee-0834-4fc9-b557-d74af9424e8b,PUB-010_시도별_장기요양판정
남자,전북,의료급여,인지지원등급,3,2024,https://api.odcloud.kr/api/15072696/v1/uddi:130307ee-0834-4fc9-b557-d74af9424e8b,PUB-010_시도별_장기요양판정
남자,전북,의료급여,등급외,30,2024,https://api.odcloud.kr/api/15072696/v1/uddi:130307ee-0834-4fc9-b557-d74af9424e8b,PUB-010_시도별_장기요양판정
남자,전북,기초,1등급,78,2024,https://api.odcloud.kr/api/15072696/v1/uddi:130307ee-0834-4fc9-b557-d74af9424e8b,PUB-010_시도별_장기요양판정
남자,전북,기초,2등급,152,2024,https://api.odcloud.kr/api/15072696/v1/uddi:130307ee-0834-4fc9-b557-d74af9424e8b,PUB-010_시도별_장기요양판정
남자,전북,기초,3등급,470,2024,https://api.odcloud.kr/api/15072696/v1/uddi:130307ee-0834-4fc9-b557-d74af9424e8b,PUB-010_시도별_장기요양판정
남자,전북,기초,4등급,1350,2024,https://api.odcloud.kr/api/15072696/v1/uddi:130307ee-0834-4fc9-b557-d74af9424e8b,PUB-010_시도별_장기요양판정
남자,전북,기초,5등급,521,2024,https://api.odcloud.kr/api/15072696/v1/uddi:130307ee-0834-4fc9-b557-d74af9424e8b,PUB-010_시도별_장기요양판정
남자,전북,기초,인지지원등급,121,2024,https://api.odcloud.kr/api/15072696/v1/uddi:130307ee-0834-4fc9-b557-d74af9424e8b,PUB-010_시도별_장기요양판정
남자,전북,기초,등급외,1144,2024,https://api.odcloud.kr/api/15072696/v1/uddi:130307ee-0834-4fc9-b557-d74af9424e8b,PUB-010_시도별_장기요양판정
여자,전북,일반,1등급,524,2024,https://api.odcloud.kr/api/15072696/v1/uddi:130307ee-0834-4fc9-b557-d74af9424e8b,PUB-010_시도별_장기요양판정
여자,전북,일반,2등급,992,2024,https://api.odcloud.kr/api/15072696/v1/uddi:130307ee-0834-4fc9-b557-d74af9424e8b,PUB-010_시도별_장기요양판정
여자,전북,일반,3등급,3293,2024,https://api.odcloud.kr/api/15072696/v1/uddi:130307ee-0834-4fc9-b557-d74af9424e8b,PUB-010_시도별_장기요양판정
여자,전북,일반,4등급,8704,2024,https://api.odcloud.kr/api/15072696/v1/uddi:130307ee-0834-4fc9-b557-d74af9424e8b,PUB-010_시도별_장기요양판정
여자,전북,일반,5등급,3088,2024,https://api.odcloud.kr/api/15072696/v1/uddi:130307ee-0834-4fc9-b557-d74af9424e8b,PUB-010_시도별_장기요양판정
여자,전북,일반,인지지원등급,484,2024,https://api.odcloud.kr/api/15072696/v1/uddi:130307ee-0834-4fc9-b557-d74af9424e8b,PUB-010_시도별_장기요양판정
여자,전북,일반,등급외,4484,2024,https://api.odcloud.kr/api/15072696/v1/uddi:130307ee-0834-4fc9-b557-d74af9424e8b,PUB-010_시도별_장기요양판정
여자,전북,감경,1등급,736,2024,https://api.odcloud.kr/api/15072696/v1/uddi:130307ee-0834-4fc9-b557-d74af9424e8b,PUB-010_시도별_장기요양판정
여자,전북,감경,2등급,1580,2024,https://api.odcloud.kr/api/15072696/v1/uddi:130307ee-0834-4fc9-b557-d74af9424e8b,PUB-010_시도별_장기요양판정
여자,전북,감경,3등급,4374,2024,https://api.odcloud.kr/api/15072696/v1/uddi:130307ee-0834-4fc9-b557-d74af9424e8b,PUB-010_시도별_장기요양판정
여자,전북,감경,4등급,10606,2024,https://api.odcloud.kr/api/15072696/v1/uddi:130307ee-0834-4fc9-b557-d74af9424e8b,PUB-010_시도별_장기요양판정
여자,전북,감경,5등급,3343,2024,https://api.odcloud.kr/api/15072696/v1/uddi:130307ee-0834-4fc9-b557-d74af9424e8b,PUB-010_시도별_장기요양판정
여자,전북,감경,인지지원등급,357,2024,https://api.odcloud.kr/api/15072696/v1/uddi:130307ee-0834-4fc9-b557-d74af9424e8b,PUB-010_시도별_장기요양판정
여자,전북,감경,등급외,467,2024,https://api.odcloud.kr/api/15072696/v1/uddi:130307ee-0834-4fc9-b557-d74af9424e8b,PUB-010_시도별_장기요양판정
여자,전북,의료급여,1등급,17,2024,https://api.odcloud.kr/api/15072696/v1/uddi:130307ee-0834-4fc9-b557-d74af9424e8b,PUB-010_시도별_장기요양판정
여자,전북,의료급여,2등급,37,2024,https://api.odcloud.kr/api/15072696/v1/uddi:130307ee-0834-4fc9-b557-d74af9424e8b,PUB-010_시도별_장기요양판정
여자,전북,의료급여,3등급,114,2024,https://api.odcloud.kr/api/15072696/v1/uddi:130307ee-0834-4fc9-b557-d74af9424e8b,PUB-010_시도별_장기요양판정
여자,전북,의료급여,4등급,276,2024,https://api.odcloud.kr/api/15072696/v1/uddi:130307ee-0834-4fc9-b557-d74af9424e8b,PUB-010_시도별_장기요양판정
여자,전북,의료급여,5등급,97,2024,https://api.odcloud.kr/api/15072696/v1/uddi:130307ee-0834-4fc9-b557-d74af9424e8b,PUB-010_시도별_장기요양판정
여자,전북,의료급여,인지지원등급,5,2024,https://api.odcloud.kr/api/15072696/v1/uddi:130307ee-0834-4fc9-b557-d74af9424e8b,PUB-010_시도별_장기요양판정
여자,전북,의료급여,등급외,80,2024,https://api.odcloud.kr/api/15072696/v1/uddi:130307ee-0834-4fc9-b557-d74af9424e8b,PUB-010_시도별_장기요양판정
여자,전북,기초,1등급,171,2024,https://api.odcloud.kr/api/15072696/v1/uddi:130307ee-0834-4fc9-b557-d74af9424e8b,PUB-010_시도별_장기요양판정
여자,전북,기초,2등급,419,2024,https://api.odcloud.kr/api/15072696/v1/uddi:130307ee-0834-4fc9-b557-d74af9424e8b,PUB-010_시도별_장기요양판정
여자,전북,기초,3등급,1149,2024,https://api.odcloud.kr/api/15072696/v1/uddi:130307ee-0834-4fc9-b557-d74af9424e8b,PUB-010_시도별_장기요양판정
여자,전북,기초,4등급,2988,2024,https://api.odcloud.kr/api/15072696/v1/uddi:130307ee-0834-4fc9-b557-d74af9424e8b,PUB-010_시도별_장기요양판정
여자,전북,기초,5등급,1095,2024,https://api.odcloud.kr/api/15072696/v1/uddi:130307ee-0834-4fc9-b557-d74af9424e8b,PUB-010_시도별_장기요양판정
여자,전북,기초,인지지원등급,181,2024,https://api.odcloud.kr/api/15072696/v1/uddi:130307ee-0834-4fc9-b557-d74af9424e8b,PUB-010_시도별_장기요양판정
여자,전북,기초,등급외,1682,2024,https://api.odcloud.kr/api/15072696/v1/uddi:130307ee-0834-4fc9-b557-d74af9424e8b,PUB-010_시도별_장기요양판정
남자,전남,일반,1등급,192,2024,https://api.odcloud.kr/api/15072696/v1/uddi:130307ee-0834-4fc9-b557-d74af9424e8b,PUB-010_시도별_장기요양판정
남자,전남,일반,2등급,464,2024,https://api.odcloud.kr/api/15072696/v1/uddi:130307ee-0834-4fc9-b557-d74af9424e8b,PUB-010_시도별_장기요양판정
남자,전남,일반,3등급,1496,2024,https://api.odcloud.kr/api/15072696/v1/uddi:130307ee-0834-4fc9-b557-d74af9424e8b,PUB-010_시도별_장기요양판정
남자,전남,일반,4등급,3410,2024,https://api.odcloud.kr/api/15072696/v1/uddi:130307ee-0834-4fc9-b557-d74af9424e8b,PUB-010_시도별_장기요양판정
남자,전남,일반,5등급,955,2024,https://api.odcloud.kr/api/15072696/v1/uddi:130307ee-0834-4fc9-b557-d74af9424e8b,PUB-010_시도별_장기요양판정
남자,전남,일반,인지지원등급,217,2024,https://api.odcloud.kr/api/15072696/v1/uddi:130307ee-0834-4fc9-b557-d74af9424e8b,PUB-010_시도별_장기요양판정
남자,전남,일반,등급외,2626,2024,https://api.odcloud.kr/api/15072696/v1/uddi:130307ee-0834-4fc9-b557-d74af9424e8b,PUB-010_시도별_장기요양판정
남자,전남,감경,1등급,237,2024,https://api.odcloud.kr/api/15072696/v1/uddi:130307ee-0834-4fc9-b557-d74af9424e8b,PUB-010_시도별_장기요양판정
남자,전남,감경,2등급,530,2024,https://api.odcloud.kr/api/15072696/v1/uddi:130307ee-0834-4fc9-b557-d74af9424e8b,PUB-010_시도별_장기요양판정
남자,전남,감경,3등급,1836,2024,https://api.odcloud.kr/api/15072696/v1/uddi:130307ee-0834-4fc9-b557-d74af9424e8b,PUB-010_시도별_장기요양판정
남자,전남,감경,4등급,3678,2024,https://api.odcloud.kr/api/15072696/v1/uddi:130307ee-0834-4fc9-b557-d74af9424e8b,PUB-010_시도별_장기요양판정
남자,전남,감경,5등급,1070,2024,https://api.odcloud.kr/api/15072696/v1/uddi:130307ee-0834-4fc9-b557-d74af9424e8b,PUB-010_시도별_장기요양판정
남자,전남,감경,인지지원등급,244,2024,https://api.odcloud.kr/api/15072696/v1/uddi:130307ee-0834-4fc9-b557-d74af9424e8b,PUB-010_시도별_장기요양판정
남자,전남,감경,등급외,139,2024,https://api.odcloud.kr/api/15072696/v1/uddi:130307ee-0834-4fc9-b557-d74af9424e8b,PUB-010_시도별_장기요양판정
남자,전남,의료급여,1등급,3,2024,https://api.odcloud.kr/api/15072696/v1/uddi:130307ee-0834-4fc9-b557-d74af9424e8b,PUB-010_시도별_장기요양판정
남자,전남,의료급여,2등급,9,2024,https://api.odcloud.kr/api/15072696/v1/uddi:130307ee-0834-4fc9-b557-d74af9424e8b,PUB-010_시도별_장기요양판정
남자,전남,의료급여,3등급,44,2024,https://api.odcloud.kr/api/15072696/v1/uddi:130307ee-0834-4fc9-b557-d74af9424e8b,PUB-010_시도별_장기요양판정
남자,전남,의료급여,4등급,102,2024,https://api.odcloud.kr/api/15072696/v1/uddi:130307ee-0834-4fc9-b557-d74af9424e8b,PUB-010_시도별_장기요양판정
남자,전남,의료급여,5등급,20,2024,https://api.odcloud.kr/api/15072696/v1/uddi:130307ee-0834-4fc9-b557-d74af9424e8b,PUB-010_시도별_장기요양판정
남자,전남,의료급여,인지지원등급,6,2024,https://api.odcloud.kr/api/15072696/v1/uddi:130307ee-0834-4fc9-b557-d74af9424e8b,PUB-010_시도별_장기요양판정
남자,전남,의료급여,등급외,42,2024,https://api.odcloud.kr/api/15072696/v1/uddi:130307ee-0834-4fc9-b557-d74af9424e8b,PUB-010_시도별_장기요양판정
남자,전남,기초,1등급,80,2024,https://api.odcloud.kr/api/15072696/v1/uddi:130307ee-0834-4fc9-b557-d74af9424e8b,PUB-010_시도별_장기요양판정
남자,전남,기초,2등급,156,2024,https://api.odcloud.kr/api/15072696/v1/uddi:130307ee-0834-4fc9-b557-d74af9424e8b,PUB-010_시도별_장기요양판정
남자,전남,기초,3등급,465,2024,https://api.odcloud.kr/api/15072696/v1/uddi:130307ee-0834-4fc9-b557-d74af9424e8b,PUB-010_시도별_장기요양판정
남자,전남,기초,4등급,1130,2024,https://api.odcloud.kr/api/15072696/v1/uddi:130307ee-0834-4fc9-b557-d74af9424e8b,PUB-010_시도별_장기요양판정
남자,전남,기초,5등급,326,2024,https://api.odcloud.kr/api/15072696/v1/uddi:130307ee-0834-4fc9-b557-d74af9424e8b,PUB-010_시도별_장기요양판정
남자,전남,기초,인지지원등급,104,2024,https://api.odcloud.kr/api/15072696/v1/uddi:130307ee-0834-4fc9-b557-d74af9424e8b,PUB-010_시도별_장기요양판정
남자,전남,기초,등급외,939,2024,https://api.odcloud.kr/api/15072696/v1/uddi:130307ee-0834-4fc9-b557-d74af9424e8b,PUB-010_시도별_장기요양판정
여자,전남,일반,1등급,566,2024,https://api.odcloud.kr/api/15072696/v1/uddi:130307ee-0834-4fc9-b557-d74af9424e8b,PUB-010_시도별_장기요양판정
여자,전남,일반,2등급,1184,2024,https://api.odcloud.kr/api/15072696/v1/uddi:130307ee-0834-4fc9-b557-d74af9424e8b,PUB-010_시도별_장기요양판정
여자,전남,일반,3등급,3628,2024,https://api.odcloud.kr/api/15072696/v1/uddi:130307ee-0834-4fc9-b557-d74af9424e8b,PUB-010_시도별_장기요양판정
여자,전남,일반,4등급,9132,2024,https://api.odcloud.kr/api/15072696/v1/uddi:130307ee-0834-4fc9-b557-d74af9424e8b,PUB-010_시도별_장기요양판정
여자,전남,일반,5등급,2609,2024,https://api.odcloud.kr/api/15072696/v1/uddi:130307ee-0834-4fc9-b557-d74af9424e8b,PUB-010_시도별_장기요양판정
여자,전남,일반,인지지원등급,529,2024,https://api.odcloud.kr/api/15072696/v1/uddi:130307ee-0834-4fc9-b557-d74af9424e8b,PUB-010_시도별_장기요양판정
여자,전남,일반,등급외,6034,2024,https://api.odcloud.kr/api/15072696/v1/uddi:130307ee-0834-4fc9-b557-d74af9424e8b,PUB-010_시도별_장기요양판정
여자,전남,감경,1등급,925,2024,https://api.odcloud.kr/api/15072696/v1/uddi:130307ee-0834-4fc9-b557-d74af9424e8b,PUB-010_시도별_장기요양판정
여자,전남,감경,2등급,2284,2024,https://api.odcloud.kr/api/15072696/v1/uddi:130307ee-0834-4fc9-b557-d74af9424e8b,PUB-010_시도별_장기요양판정
여자,전남,감경,3등급,6084,2024,https://api.odcloud.kr/api/15072696/v1/uddi:130307ee-0834-4fc9-b557-d74af9424e8b,PUB-010_시도별_장기요양판정
여자,전남,감경,4등급,13747,2024,https://api.odcloud.kr/api/15072696/v1/uddi:130307ee-0834-4fc9-b557-d74af9424e8b,PUB-010_시도별_장기요양판정
여자,전남,감경,5등급,3546,2024,https://api.odcloud.kr/api/15072696/v1/uddi:130307ee-0834-4fc9-b557-d74af9424e8b,PUB-010_시도별_장기요양판정
여자,전남,감경,인지지원등급,553,2024,https://api.odcloud.kr/api/15072696/v1/uddi:130307ee-0834-4fc9-b557-d74af9424e8b,PUB-010_시도별_장기요양판정
여자,전남,감경,등급외,377,2024,https://api.odcloud.kr/api/15072696/v1/uddi:130307ee-0834-4fc9-b557-d74af9424e8b,PUB-010_시도별_장기요양판정
여자,전남,의료급여,1등급,25,2024,https://api.odcloud.kr/api/15072696/v1/uddi:130307ee-0834-4fc9-b557-d74af9424e8b,PUB-010_시도별_장기요양판정
여자,전남,의료급여,2등급,59,2024,https://api.odcloud.kr/api/15072696/v1/uddi:130307ee-0834-4fc9-b557-d74af9424e8b,PUB-010_시도별_장기요양판정
여자,전남,의료급여,3등급,195,2024,https://api.odcloud.kr/api/15072696/v1/uddi:130307ee-0834-4fc9-b557-d74af9424e8b,PUB-010_시도별_장기요양판정
여자,전남,의료급여,4등급,371,2024,https://api.odcloud.kr/api/15072696/v1/uddi:130307ee-0834-4fc9-b557-d74af9424e8b,PUB-010_시도별_장기요양판정
여자,전남,의료급여,5등급,96,2024,https://api.odcloud.kr/api/15072696/v1/uddi:130307ee-0834-4fc9-b557-d74af9424e8b,PUB-010_시도별_장기요양판정
여자,전남,의료급여,인지지원등급,13,2024,https://api.odcloud.kr/api/15072696/v1/uddi:130307ee-0834-4fc9-b557-d74af9424e8b,PUB-010_시도별_장기요양판정
여자,전남,의료급여,등급외,102,2024,https://api.odcloud.kr/api/15072696/v1/uddi:130307ee-0834-4fc9-b557-d74af9424e8b,PUB-010_시도별_장기요양판정
여자,전남,기초,1등급,214,2024,https://api.odcloud.kr/api/15072696/v1/uddi:130307ee-0834-4fc9-b557-d74af9424e8b,PUB-010_시도별_장기요양판정
여자,전남,기초,2등급,482,2024,https://api.odcloud.kr/api/15072696/v1/uddi:130307ee-0834-4fc9-b557-d74af9424e8b,PUB-010_시도별_장기요양판정
여자,전남,기초,3등급,1178,2024,https://api.odcloud.kr/api/15072696/v1/uddi:130307ee-0834-4fc9-b557-d74af9424e8b,PUB-010_시도별_장기요양판정
여자,전남,기초,4등급,2831,2024,https://api.odcloud.kr/api/15072696/v1/uddi:130307ee-0834-4fc9-b557-d74af9424e8b,PUB-010_시도별_장기요양판정
여자,전남,기초,5등급,707,2024,https://api.odcloud.kr/api/15072696/v1/uddi:130307ee-0834-4fc9-b557-d74af9424e8b,PUB-010_시도별_장기요양판정
여자,전남,기초,인지지원등급,127,2024,https://api.odcloud.kr/api/15072696/v1/uddi:130307ee-0834-4fc9-b557-d74af9424e8b,PUB-010_시도별_장기요양판정
여자,전남,기초,등급외,1423,2024,https://api.odcloud.kr/api/15072696/v1/uddi:130307ee-0834-4fc9-b557-d74af9424e8b,PUB-010_시도별_장기요양판정
남자,경북,일반,1등급,322,2024,https://api.odcloud.kr/api/15072696/v1/uddi:130307ee-0834-4fc9-b557-d74af9424e8b,PUB-010_시도별_장기요양판정
남자,경북,일반,2등급,642,2024,https://api.odcloud.kr/api/15072696/v1/uddi:130307ee-0834-4fc9-b557-d74af9424e8b,PUB-010_시도별_장기요양판정
남자,경북,일반,3등급,2444,2024,https://api.odcloud.kr/api/15072696/v1/uddi:130307ee-0834-4fc9-b557-d74af9424e8b,PUB-010_시도별_장기요양판정
남자,경북,일반,4등급,4738,2024,https://api.odcloud.kr/api/15072696/v1/uddi:130307ee-0834-4fc9-b557-d74af9424e8b,PUB-010_시도별_장기요양판정
남자,경북,일반,5등급,1517,2024,https://api.odcloud.kr/api/15072696/v1/uddi:130307ee-0834-4fc9-b557-d74af9424e8b,PUB-010_시도별_장기요양판정
남자,경북,일반,인지지원등급,264,2024,https://api.odcloud.kr/api/15072696/v1/uddi:130307ee-0834-4fc9-b557-d74af9424e8b,PUB-010_시도별_장기요양판정
남자,경북,일반,등급외,2427,2024,https://api.odcloud.kr/api/15072696/v1/uddi:130307ee-0834-4fc9-b557-d74af9424e8b,PUB-010_시도별_장기요양판정
남자,경북,감경,1등급,282,2024,https://api.odcloud.kr/api/15072696/v1/uddi:130307ee-0834-4fc9-b557-d74af9424e8b,PUB-010_시도별_장기요양판정
남자,경북,감경,2등급,603,2024,https://api.odcloud.kr/api/15072696/v1/uddi:130307ee-0834-4fc9-b557-d74af9424e8b,PUB-010_시도별_장기요양판정
남자,경북,감경,3등급,2245,2024,https://api.odcloud.kr/api/15072696/v1/uddi:130307ee-0834-4fc9-b557-d74af9424e8b,PUB-010_시도별_장기요양판정
남자,경북,감경,4등급,4105,2024,https://api.odcloud.kr/api/15072696/v1/uddi:130307ee-0834-4fc9-b557-d74af9424e8b,PUB-010_시도별_장기요양판정
남자,경북,감경,5등급,1159,2024,https://api.odcloud.kr/api/15072696/v1/uddi:130307ee-0834-4fc9-b557-d74af9424e8b,PUB-010_시도별_장기요양판정
남자,경북,감경,인지지원등급,186,2024,https://api.odcloud.kr/api/15072696/v1/uddi:130307ee-0834-4fc9-b557-d74af9424e8b,PUB-010_시도별_장기요양판정
남자,경북,감경,등급외,78,2024,https://api.odcloud.kr/api/15072696/v1/uddi:130307ee-0834-4fc9-b557-d74af9424e8b,PUB-010_시도별_장기요양판정
남자,경북,의료급여,1등급,9,2024,https://api.odcloud.kr/api/15072696/v1/uddi:130307ee-0834-4fc9-b557-d74af9424e8b,PUB-010_시도별_장기요양판정
남자,경북,의료급여,2등급,10,2024,https://api.odcloud.kr/api/15072696/v1/uddi:130307ee-0834-4fc9-b557-d74af9424e8b,PUB-010_시도별_장기요양판정
남자,경북,의료급여,3등급,50,2024,https://api.odcloud.kr/api/15072696/v1/uddi:130307ee-0834-4fc9-b557-d74af9424e8b,PUB-010_시도별_장기요양판정
남자,경북,의료급여,4등급,87,2024,https://api.odcloud.kr/api/15072696/v1/uddi:130307ee-0834-4fc9-b557-d74af9424e8b,PUB-010_시도별_장기요양판정
남자,경북,의료급여,5등급,23,2024,https://api.odcloud.kr/api/15072696/v1/uddi:130307ee-0834-4fc9-b557-d74af9424e8b,PUB-010_시도별_장기요양판정
남자,경북,의료급여,인지지원등급,2,2024,https://api.odcloud.kr/api/15072696/v1/uddi:130307ee-0834-4fc9-b557-d74af9424e8b,PUB-010_시도별_장기요양판정
남자,경북,의료급여,등급외,41,2024,https://api.odcloud.kr/api/15072696/v1/uddi:130307ee-0834-4fc9-b557-d74af9424e8b,PUB-010_시도별_장기요양판정
남자,경북,기초,1등급,96,2024,https://api.odcloud.kr/api/15072696/v1/uddi:130307ee-0834-4fc9-b557-d74af9424e8b,PUB-010_시도별_장기요양판정
남자,경북,기초,2등급,216,2024,https://api.odcloud.kr/api/15072696/v1/uddi:130307ee-0834-4fc9-b557-d74af9424e8b,PUB-010_시도별_장기요양판정
남자,경북,기초,3등급,706,2024,https://api.odcloud.kr/api/15072696/v1/uddi:130307ee-0834-4fc9-b557-d74af9424e8b,PUB-010_시도별_장기요양판정
남자,경북,기초,4등급,1659,2024,https://api.odcloud.kr/api/15072696/v1/uddi:130307ee-0834-4fc9-b557-d74af9424e8b,PUB-010_시도별_장기요양판정
남자,경북,기초,5등급,494,2024,https://api.odcloud.kr/api/15072696/v1/uddi:130307ee-0834-4fc9-b557-d74af9424e8b,PUB-010_시도별_장기요양판정
남자,경북,기초,인지지원등급,94,2024,https://api.odcloud.kr/api/15072696/v1/uddi:130307ee-0834-4fc9-b557-d74af9424e8b,PUB-010_시도별_장기요양판정
남자,경북,기초,등급외,918,2024,https://api.odcloud.kr/api/15072696/v1/uddi:130307ee-0834-4fc9-b557-d74af9424e8b,PUB-010_시도별_장기요양판정
여자,경북,일반,1등급,834,2024,https://api.odcloud.kr/api/15072696/v1/uddi:130307ee-0834-4fc9-b557-d74af9424e8b,PUB-010_시도별_장기요양판정
여자,경북,일반,2등급,1597,2024,https://api.odcloud.kr/api/15072696/v1/uddi:130307ee-0834-4fc9-b557-d74af9424e8b,PUB-010_시도별_장기요양판정
여자,경북,일반,3등급,5599,2024,https://api.odcloud.kr/api/15072696/v1/uddi:130307ee-0834-4fc9-b557-d74af9424e8b,PUB-010_시도별_장기요양판정
여자,경북,일반,4등급,11760,2024,https://api.odcloud.kr/api/15072696/v1/uddi:130307ee-0834-4fc9-b557-d74af9424e8b,PUB-010_시도별_장기요양판정
여자,경북,일반,5등급,3492,2024,https://api.odcloud.kr/api/15072696/v1/uddi:130307ee-0834-4fc9-b557-d74af9424e8b,PUB-010_시도별_장기요양판정
여자,경북,일반,인지지원등급,573,2024,https://api.odcloud.kr/api/15072696/v1/uddi:130307ee-0834-4fc9-b557-d74af9424e8b,PUB-010_시도별_장기요양판정
여자,경북,일반,등급외,5007,2024,https://api.odcloud.kr/api/15072696/v1/uddi:130307ee-0834-4fc9-b557-d74af9424e8b,PUB-010_시도별_장기요양판정
여자,경북,감경,1등급,1035,2024,https://api.odcloud.kr/api/15072696/v1/uddi:130307ee-0834-4fc9-b557-d74af9424e8b,PUB-010_시도별_장기요양판정
여자,경북,감경,2등급,2316,2024,https://api.odcloud.kr/api/15072696/v1/uddi:130307ee-0834-4fc9-b557-d74af9424e8b,PUB-010_시도별_장기요양판정
여자,경북,감경,3등급,7177,2024,https://api.odcloud.kr/api/15072696/v1/uddi:130307ee-0834-4fc9-b557-d74af9424e8b,PUB-010_시도별_장기요양판정
여자,경북,감경,4등급,13361,2024,https://api.odcloud.kr/api/15072696/v1/uddi:130307ee-0834-4fc9-b557-d74af9424e8b,PUB-010_시도별_장기요양판정
여자,경북,감경,5등급,3714,2024,https://api.odcloud.kr/api/15072696/v1/uddi:130307ee-0834-4fc9-b557-d74af9424e8b,PUB-010_시도별_장기요양판정
여자,경북,감경,인지지원등급,477,2024,https://api.odcloud.kr/api/15072696/v1/uddi:130307ee-0834-4fc9-b557-d74af9424e8b,PUB-010_시도별_장기요양판정
여자,경북,감경,등급외,253,2024,https://api.odcloud.kr/api/15072696/v1/uddi:130307ee-0834-4fc9-b557-d74af9424e8b,PUB-010_시도별_장기요양판정
여자,경북,의료급여,1등급,20,2024,https://api.odcloud.kr/api/15072696/v1/uddi:130307ee-0834-4fc9-b557-d74af9424e8b,PUB-010_시도별_장기요양판정
여자,경북,의료급여,2등급,55,2024,https://api.odcloud.kr/api/15072696/v1/uddi:130307ee-0834-4fc9-b557-d74af9424e8b,PUB-010_시도별_장기요양판정
여자,경북,의료급여,3등급,189,2024,https://api.odcloud.kr/api/15072696/v1/uddi:130307ee-0834-4fc9-b557-d74af9424e8b,PUB-010_시도별_장기요양판정
여자,경북,의료급여,4등급,350,2024,https://api.odcloud.kr/api/15072696/v1/uddi:130307ee-0834-4fc9-b557-d74af9424e8b,PUB-010_시도별_장기요양판정
여자,경북,의료급여,5등급,73,2024,https://api.odcloud.kr/api/15072696/v1/uddi:130307ee-0834-4fc9-b557-d74af9424e8b,PUB-010_시도별_장기요양판정
여자,경북,의료급여,인지지원등급,11,2024,https://api.odcloud.kr/api/15072696/v1/uddi:130307ee-0834-4fc9-b557-d74af9424e8b,PUB-010_시도별_장기요양판정
여자,경북,의료급여,등급외,62,2024,https://api.odcloud.kr/api/15072696/v1/uddi:130307ee-0834-4fc9-b557-d74af9424e8b,PUB-010_시도별_장기요양판정
여자,경북,기초,1등급,345,2024,https://api.odcloud.kr/api/15072696/v1/uddi:130307ee-0834-4fc9-b557-d74af9424e8b,PUB-010_시도별_장기요양판정
여자,경북,기초,2등급,617,2024,https://api.odcloud.kr/api/15072696/v1/uddi:130307ee-0834-4fc9-b557-d74af9424e8b,PUB-010_시도별_장기요양판정
여자,경북,기초,3등급,1840,2024,https://api.odcloud.kr/api/15072696/v1/uddi:130307ee-0834-4fc9-b557-d74af9424e8b,PUB-010_시도별_장기요양판정
여자,경북,기초,4등급,4039,2024,https://api.odcloud.kr/api/15072696/v1/uddi:130307ee-0834-4fc9-b557-d74af9424e8b,PUB-010_시도별_장기요양판정
여자,경북,기초,5등급,1107,2024,https://api.odcloud.kr/api/15072696/v1/uddi:130307ee-0834-4fc9-b557-d74af9424e8b,PUB-010_시도별_장기요양판정
여자,경북,기초,인지지원등급,161,2024,https://api.odcloud.kr/api/15072696/v1/uddi:130307ee-0834-4fc9-b557-d74af9424e8b,PUB-010_시도별_장기요양판정
여자,경북,기초,등급외,1506,2024,https://api.odcloud.kr/api/15072696/v1/uddi:130307ee-0834-4fc9-b557-d74af9424e8b,PUB-010_시도별_장기요양판정
남자,경남,일반,1등급,372,2024,https://api.odcloud.kr/api/15072696/v1/uddi:130307ee-0834-4fc9-b557-d74af9424e8b,PUB-010_시도별_장기요양판정
남자,경남,일반,2등급,728,2024,https://api.odcloud.kr/api/15072696/v1/uddi:130307ee-0834-4fc9-b557-d74af9424e8b,PUB-010_시도별_장기요양판정
남자,경남,일반,3등급,2575,2024,https://api.odcloud.kr/api/15072696/v1/uddi:130307ee-0834-4fc9-b557-d74af9424e8b,PUB-010_시도별_장기요양판정
남자,경남,일반,4등급,5171,2024,https://api.odcloud.kr/api/15072696/v1/uddi:130307ee-0834-4fc9-b557-d74af9424e8b,PUB-010_시도별_장기요양판정
남자,경남,일반,5등급,1288,2024,https://api.odcloud.kr/api/15072696/v1/uddi:130307ee-0834-4fc9-b557-d74af9424e8b,PUB-010_시도별_장기요양판정
남자,경남,일반,인지지원등급,248,2024,https://api.odcloud.kr/api/15072696/v1/uddi:130307ee-0834-4fc9-b557-d74af9424e8b,PUB-010_시도별_장기요양판정
남자,경남,일반,등급외,2884,2024,https://api.odcloud.kr/api/15072696/v1/uddi:130307ee-0834-4fc9-b557-d74af9424e8b,PUB-010_시도별_장기요양판정
남자,경남,감경,1등급,293,2024,https://api.odcloud.kr/api/15072696/v1/uddi:130307ee-0834-4fc9-b557-d74af9424e8b,PUB-010_시도별_장기요양판정
남자,경남,감경,2등급,652,2024,https://api.odcloud.kr/api/15072696/v1/uddi:130307ee-0834-4fc9-b557-d74af9424e8b,PUB-010_시도별_장기요양판정
남자,경남,감경,3등급,2157,2024,https://api.odcloud.kr/api/15072696/v1/uddi:130307ee-0834-4fc9-b557-d74af9424e8b,PUB-010_시도별_장기요양판정
남자,경남,감경,4등급,4374,2024,https://api.odcloud.kr/api/15072696/v1/uddi:130307ee-0834-4fc9-b557-d74af9424e8b,PUB-010_시도별_장기요양판정
남자,경남,감경,5등급,1023,2024,https://api.odcloud.kr/api/15072696/v1/uddi:130307ee-0834-4fc9-b557-d74af9424e8b,PUB-010_시도별_장기요양판정
남자,경남,감경,인지지원등급,191,2024,https://api.odcloud.kr/api/15072696/v1/uddi:130307ee-0834-4fc9-b557-d74af9424e8b,PUB-010_시도별_장기요양판정
남자,경남,감경,등급외,133,2024,https://api.odcloud.kr/api/15072696/v1/uddi:130307ee-0834-4fc9-b557-d74af9424e8b,PUB-010_시도별_장기요양판정
남자,경남,의료급여,1등급,8,2024,https://api.odcloud.kr/api/15072696/v1/uddi:130307ee-0834-4fc9-b557-d74af9424e8b,PUB-010_시도별_장기요양판정
남자,경남,의료급여,2등급,13,2024,https://api.odcloud.kr/api/15072696/v1/uddi:130307ee-0834-4fc9-b557-d74af9424e8b,PUB-010_시도별_장기요양판정
남자,경남,의료급여,3등급,47,2024,https://api.odcloud.kr/api/15072696/v1/uddi:130307ee-0834-4fc9-b557-d74af9424e8b,PUB-010_시도별_장기요양판정
남자,경남,의료급여,4등급,92,2024,https://api.odcloud.kr/api/15072696/v1/uddi:130307ee-0834-4fc9-b557-d74af9424e8b,PUB-010_시도별_장기요양판정
남자,경남,의료급여,5등급,15,2024,https://api.odcloud.kr/api/15072696/v1/uddi:130307ee-0834-4fc9-b557-d74af9424e8b,PUB-010_시도별_장기요양판정
남자,경남,의료급여,인지지원등급,4,2024,https://api.odcloud.kr/api/15072696/v1/uddi:130307ee-0834-4fc9-b557-d74af9424e8b,PUB-010_시도별_장기요양판정
남자,경남,의료급여,등급외,33,2024,https://api.odcloud.kr/api/15072696/v1/uddi:130307ee-0834-4fc9-b557-d74af9424e8b,PUB-010_시도별_장기요양판정
남자,경남,기초,1등급,105,2024,https://api.odcloud.kr/api/15072696/v1/uddi:130307ee-0834-4fc9-b557-d74af9424e8b,PUB-010_시도별_장기요양판정
남자,경남,기초,2등급,197,2024,https://api.odcloud.kr/api/15072696/v1/uddi:130307ee-0834-4fc9-b557-d74af9424e8b,PUB-010_시도별_장기요양판정
남자,경남,기초,3등급,657,2024,https://api.odcloud.kr/api/15072696/v1/uddi:130307ee-0834-4fc9-b557-d74af9424e8b,PUB-010_시도별_장기요양판정
남자,경남,기초,4등급,1730,2024,https://api.odcloud.kr/api/15072696/v1/uddi:130307ee-0834-4fc9-b557-d74af9424e8b,PUB-010_시도별_장기요양판정
남자,경남,기초,5등급,480,2024,https://api.odcloud.kr/api/15072696/v1/uddi:130307ee-0834-4fc9-b557-d74af9424e8b,PUB-010_시도별_장기요양판정
남자,경남,기초,인지지원등급,110,2024,https://api.odcloud.kr/api/15072696/v1/uddi:130307ee-0834-4fc9-b557-d74af9424e8b,PUB-010_시도별_장기요양판정
남자,경남,기초,등급외,1107,2024,https://api.odcloud.kr/api/15072696/v1/uddi:130307ee-0834-4fc9-b557-d74af9424e8b,PUB-010_시도별_장기요양판정
여자,경남,일반,1등급,925,2024,https://api.odcloud.kr/api/15072696/v1/uddi:130307ee-0834-4fc9-b557-d74af9424e8b,PUB-010_시도별_장기요양판정
여자,경남,일반,2등급,1856,2024,https://api.odcloud.kr/api/15072696/v1/uddi:130307ee-0834-4fc9-b557-d74af9424e8b,PUB-010_시도별_장기요양판정
여자,경남,일반,3등급,6093,2024,https://api.odcloud.kr/api/15072696/v1/uddi:130307ee-0834-4fc9-b557-d74af9424e8b,PUB-010_시도별_장기요양판정
여자,경남,일반,4등급,13172,2024,https://api.odcloud.kr/api/15072696/v1/uddi:130307ee-0834-4fc9-b557-d74af9424e8b,PUB-010_시도별_장기요양판정
여자,경남,일반,5등급,3315,2024,https://api.odcloud.kr/api/15072696/v1/uddi:130307ee-0834-4fc9-b557-d74af9424e8b,PUB-010_시도별_장기요양판정
여자,경남,일반,인지지원등급,532,2024,https://api.odcloud.kr/api/15072696/v1/uddi:130307ee-0834-4fc9-b557-d74af9424e8b,PUB-010_시도별_장기요양판정
여자,경남,일반,등급외,5856,2024,https://api.odcloud.kr/api/15072696/v1/uddi:130307ee-0834-4fc9-b557-d74af9424e8b,PUB-010_시도별_장기요양판정
여자,경남,감경,1등급,1128,2024,https://api.odcloud.kr/api/15072696/v1/uddi:130307ee-0834-4fc9-b557-d74af9424e8b,PUB-010_시도별_장기요양판정
여자,경남,감경,2등급,2612,2024,https://api.odcloud.kr/api/15072696/v1/uddi:130307ee-0834-4fc9-b557-d74af9424e8b,PUB-010_시도별_장기요양판정
여자,경남,감경,3등급,7306,2024,https://api.odcloud.kr/api/15072696/v1/uddi:130307ee-0834-4fc9-b557-d74af9424e8b,PUB-010_시도별_장기요양판정
여자,경남,감경,4등급,14206,2024,https://api.odcloud.kr/api/15072696/v1/uddi:130307ee-0834-4fc9-b557-d74af9424e8b,PUB-010_시도별_장기요양판정
여자,경남,감경,5등급,3407,2024,https://api.odcloud.kr/api/15072696/v1/uddi:130307ee-0834-4fc9-b557-d74af9424e8b,PUB-010_시도별_장기요양판정
여자,경남,감경,인지지원등급,430,2024,https://api.odcloud.kr/api/15072696/v1/uddi:130307ee-0834-4fc9-b557-d74af9424e8b,PUB-010_시도별_장기요양판정
여자,경남,감경,등급외,251,2024,https://api.odcloud.kr/api/15072696/v1/uddi:130307ee-0834-4fc9-b557-d74af9424e8b,PUB-010_시도별_장기요양판정
여자,경남,의료급여,1등급,36,2024,https://api.odcloud.kr/api/15072696/v1/uddi:130307ee-0834-4fc9-b557-d74af9424e8b,PUB-010_시도별_장기요양판정
여자,경남,의료급여,2등급,80,2024,https://api.odcloud.kr/api/15072696/v1/uddi:130307ee-0834-4fc9-b557-d74af9424e8b,PUB-010_시도별_장기요양판정
여자,경남,의료급여,3등급,186,2024,https://api.odcloud.kr/api/15072696/v1/uddi:130307ee-0834-4fc9-b557-d74af9424e8b,PUB-010_시도별_장기요양판정
여자,경남,의료급여,4등급,374,2024,https://api.odcloud.kr/api/15072696/v1/uddi:130307ee-0834-4fc9-b557-d74af9424e8b,PUB-010_시도별_장기요양판정
여자,경남,의료급여,5등급,79,2024,https://api.odcloud.kr/api/15072696/v1/uddi:130307ee-0834-4fc9-b557-d74af9424e8b,PUB-010_시도별_장기요양판정
여자,경남,의료급여,인지지원등급,10,2024,https://api.odcloud.kr/api/15072696/v1/uddi:130307ee-0834-4fc9-b557-d74af9424e8b,PUB-010_시도별_장기요양판정
여자,경남,의료급여,등급외,71,2024,https://api.odcloud.kr/api/15072696/v1/uddi:130307ee-0834-4fc9-b557-d74af9424e8b,PUB-010_시도별_장기요양판정
여자,경남,기초,1등급,302,2024,https://api.odcloud.kr/api/15072696/v1/uddi:130307ee-0834-4fc9-b557-d74af9424e8b,PUB-010_시도별_장기요양판정
여자,경남,기초,2등급,709,2024,https://api.odcloud.kr/api/15072696/v1/uddi:130307ee-0834-4fc9-b557-d74af9424e8b,PUB-010_시도별_장기요양판정
여자,경남,기초,3등급,1847,2024,https://api.odcloud.kr/api/15072696/v1/uddi:130307ee-0834-4fc9-b557-d74af9424e8b,PUB-010_시도별_장기요양판정
여자,경남,기초,4등급,4312,2024,https://api.odcloud.kr/api/15072696/v1/uddi:130307ee-0834-4fc9-b557-d74af9424e8b,PUB-010_시도별_장기요양판정
여자,경남,기초,5등급,967,2024,https://api.odcloud.kr/api/15072696/v1/uddi:130307ee-0834-4fc9-b557-d74af9424e8b,PUB-010_시도별_장기요양판정
여자,경남,기초,인지지원등급,167,2024,https://api.odcloud.kr/api/15072696/v1/uddi:130307ee-0834-4fc9-b557-d74af9424e8b,PUB-010_시도별_장기요양판정
여자,경남,기초,등급외,1529,2024,https://api.odcloud.kr/api/15072696/v1/uddi:130307ee-0834-4fc9-b557-d74af9424e8b,PUB-010_시도별_장기요양판정
남자,제주,일반,1등급,144,2024,https://api.odcloud.kr/api/15072696/v1/uddi:130307ee-0834-4fc9-b557-d74af9424e8b,PUB-010_시도별_장기요양판정
남자,제주,일반,2등급,186,2024,https://api.odcloud.kr/api/15072696/v1/uddi:130307ee-0834-4fc9-b557-d74af9424e8b,PUB-010_시도별_장기요양판정
남자,제주,일반,3등급,511,2024,https://api.odcloud.kr/api/15072696/v1/uddi:130307ee-0834-4fc9-b557-d74af9424e8b,PUB-010_시도별_장기요양판정
남자,제주,일반,4등급,601,2024,https://api.odcloud.kr/api/15072696/v1/uddi:130307ee-0834-4fc9-b557-d74af9424e8b,PUB-010_시도별_장기요양판정
남자,제주,일반,5등급,149,2024,https://api.odcloud.kr/api/15072696/v1/uddi:130307ee-0834-4fc9-b557-d74af9424e8b,PUB-010_시도별_장기요양판정
남자,제주,일반,인지지원등급,46,2024,https://api.odcloud.kr/api/15072696/v1/uddi:130307ee-0834-4fc9-b557-d74af9424e8b,PUB-010_시도별_장기요양판정
남자,제주,일반,등급외,265,2024,https://api.odcloud.kr/api/15072696/v1/uddi:130307ee-0834-4fc9-b557-d74af9424e8b,PUB-010_시도별_장기요양판정
남자,제주,감경,1등급,60,2024,https://api.odcloud.kr/api/15072696/v1/uddi:130307ee-0834-4fc9-b557-d74af9424e8b,PUB-010_시도별_장기요양판정
남자,제주,감경,2등급,103,2024,https://api.odcloud.kr/api/15072696/v1/uddi:130307ee-0834-4fc9-b557-d74af9424e8b,PUB-010_시도별_장기요양판정
남자,제주,감경,3등급,320,2024,https://api.odcloud.kr/api/15072696/v1/uddi:130307ee-0834-4fc9-b557-d74af9424e8b,PUB-010_시도별_장기요양판정
남자,제주,감경,4등급,371,2024,https://api.odcloud.kr/api/15072696/v1/uddi:130307ee-0834-4fc9-b557-d74af9424e8b,PUB-010_시도별_장기요양판정
남자,제주,감경,5등급,89,2024,https://api.odcloud.kr/api/15072696/v1/uddi:130307ee-0834-4fc9-b557-d74af9424e8b,PUB-010_시도별_장기요양판정
남자,제주,감경,인지지원등급,31,2024,https://api.odcloud.kr/api/15072696/v1/uddi:130307ee-0834-4fc9-b557-d74af9424e8b,PUB-010_시도별_장기요양판정
남자,제주,감경,등급외,15,2024,https://api.odcloud.kr/api/15072696/v1/uddi:130307ee-0834-4fc9-b557-d74af9424e8b,PUB-010_시도별_장기요양판정
남자,제주,의료급여,1등급,4,2024,https://api.odcloud.kr/api/15072696/v1/uddi:130307ee-0834-4fc9-b557-d74af9424e8b,PUB-010_시도별_장기요양판정
남자,제주,의료급여,2등급,2,2024,https://api.odcloud.kr/api/15072696/v1/uddi:130307ee-0834-4fc9-b557-d74af9424e8b,PUB-010_시도별_장기요양판정
남자,제주,의료급여,3등급,17,2024,https://api.odcloud.kr/api/15072696/v1/uddi:130307ee-0834-4fc9-b557-d74af9424e8b,PUB-010_시도별_장기요양판정
남자,제주,의료급여,4등급,15,2024,https://api.odcloud.kr/api/15072696/v1/uddi:130307ee-0834-4fc9-b557-d74af9424e8b,PUB-010_시도별_장기요양판정
남자,제주,의료급여,5등급,1,2024,https://api.odcloud.kr/api/15072696/v1/uddi:130307ee-0834-4fc9-b557-d74af9424e8b,PUB-010_시도별_장기요양판정
남자,제주,의료급여,인지지원등급,0,2024,https://api.odcloud.kr/api/15072696/v1/uddi:130307ee-0834-4fc9-b557-d74af9424e8b,PUB-010_시도별_장기요양판정
남자,제주,의료급여,등급외,1,2024,https://api.odcloud.kr/api/15072696/v1/uddi:130307ee-0834-4fc9-b557-d74af9424e8b,PUB-010_시도별_장기요양판정
남자,제주,기초,1등급,46,2024,https://api.odcloud.kr/api/15072696/v1/uddi:130307ee-0834-4fc9-b557-d74af9424e8b,PUB-010_시도별_장기요양판정
남자,제주,기초,2등급,57,2024,https://api.odcloud.kr/api/15072696/v1/uddi:130307ee-0834-4fc9-b557-d74af9424e8b,PUB-010_시도별_장기요양판정
남자,제주,기초,3등급,155,2024,https://api.odcloud.kr/api/15072696/v1/uddi:130307ee-0834-4fc9-b557-d74af9424e8b,PUB-010_시도별_장기요양판정
남자,제주,기초,4등급,246,2024,https://api.odcloud.kr/api/15072696/v1/uddi:130307ee-0834-4fc9-b557-d74af9424e8b,PUB-010_시도별_장기요양판정
남자,제주,기초,5등급,49,2024,https://api.odcloud.kr/api/15072696/v1/uddi:130307ee-0834-4fc9-b557-d74af9424e8b,PUB-010_시도별_장기요양판정
남자,제주,기초,인지지원등급,12,2024,https://api.odcloud.kr/api/15072696/v1/uddi:130307ee-0834-4fc9-b557-d74af9424e8b,PUB-010_시도별_장기요양판정
남자,제주,기초,등급외,138,2024,https://api.odcloud.kr/api/15072696/v1/uddi:130307ee-0834-4fc9-b557-d74af9424e8b,PUB-010_시도별_장기요양판정
여자,제주,일반,1등급,354,2024,https://api.odcloud.kr/api/15072696/v1/uddi:130307ee-0834-4fc9-b557-d74af9424e8b,PUB-010_시도별_장기요양판정
여자,제주,일반,2등급,456,2024,https://api.odcloud.kr/api/15072696/v1/uddi:130307ee-0834-4fc9-b557-d74af9424e8b,PUB-010_시도별_장기요양판정
여자,제주,일반,3등급,1175,2024,https://api.odcloud.kr/api/15072696/v1/uddi:130307ee-0834-4fc9-b557-d74af9424e8b,PUB-010_시도별_장기요양판정
여자,제주,일반,4등급,1356,2024,https://api.odcloud.kr/api/15072696/v1/uddi:130307ee-0834-4fc9-b557-d74af9424e8b,PUB-010_시도별_장기요양판정
여자,제주,일반,5등급,363,2024,https://api.odcloud.kr/api/15072696/v1/uddi:130307ee-0834-4fc9-b557-d74af9424e8b,PUB-010_시도별_장기요양판정
여자,제주,일반,인지지원등급,120,2024,https://api.odcloud.kr/api/15072696/v1/uddi:130307ee-0834-4fc9-b557-d74af9424e8b,PUB-010_시도별_장기요양판정
여자,제주,일반,등급외,700,2024,https://api.odcloud.kr/api/15072696/v1/uddi:130307ee-0834-4fc9-b557-d74af9424e8b,PUB-010_시도별_장기요양판정
여자,제주,감경,1등급,311,2024,https://api.odcloud.kr/api/15072696/v1/uddi:130307ee-0834-4fc9-b557-d74af9424e8b,PUB-010_시도별_장기요양판정
여자,제주,감경,2등급,433,2024,https://api.odcloud.kr/api/15072696/v1/uddi:130307ee-0834-4fc9-b557-d74af9424e8b,PUB-010_시도별_장기요양판정
여자,제주,감경,3등급,1039,2024,https://api.odcloud.kr/api/15072696/v1/uddi:130307ee-0834-4fc9-b557-d74af9424e8b,PUB-010_시도별_장기요양판정
여자,제주,감경,4등급,1121,2024,https://api.odcloud.kr/api/15072696/v1/uddi:130307ee-0834-4fc9-b557-d74af9424e8b,PUB-010_시도별_장기요양판정
여자,제주,감경,5등급,259,2024,https://api.odcloud.kr/api/15072696/v1/uddi:130307ee-0834-4fc9-b557-d74af9424e8b,PUB-010_시도별_장기요양판정
여자,제주,감경,인지지원등급,69,2024,https://api.odcloud.kr/api/15072696/v1/uddi:130307ee-0834-4fc9-b557-d74af9424e8b,PUB-010_시도별_장기요양판정
여자,제주,감경,등급외,28,2024,https://api.odcloud.kr/api/15072696/v1/uddi:130307ee-0834-4fc9-b557-d74af9424e8b,PUB-010_시도별_장기요양판정
여자,제주,의료급여,1등급,16,2024,https://api.odcloud.kr/api/15072696/v1/uddi:130307ee-0834-4fc9-b557-d74af9424e8b,PUB-010_시도별_장기요양판정
여자,제주,의료급여,2등급,21,2024,https://api.odcloud.kr/api/15072696/v1/uddi:130307ee-0834-4fc9-b557-d74af9424e8b,PUB-010_시도별_장기요양판정
여자,제주,의료급여,3등급,43,2024,https://api.odcloud.kr/api/15072696/v1/uddi:130307ee-0834-4fc9-b557-d74af9424e8b,PUB-010_시도별_장기요양판정
여자,제주,의료급여,4등급,36,2024,https://api.odcloud.kr/api/15072696/v1/uddi:130307ee-0834-4fc9-b557-d74af9424e8b,PUB-010_시도별_장기요양판정
여자,제주,의료급여,5등급,10,2024,https://api.odcloud.kr/api/15072696/v1/uddi:130307ee-0834-4fc9-b557-d74af9424e8b,PUB-010_시도별_장기요양판정
여자,제주,의료급여,인지지원등급,0,2024,https://api.odcloud.kr/api/15072696/v1/uddi:130307ee-0834-4fc9-b557-d74af9424e8b,PUB-010_시도별_장기요양판정
여자,제주,의료급여,등급외,13,2024,https://api.odcloud.kr/api/15072696/v1/uddi:130307ee-0834-4fc9-b557-d74af9424e8b,PUB-010_시도별_장기요양판정
여자,제주,기초,1등급,141,2024,https://api.odcloud.kr/api/15072696/v1/uddi:130307ee-0834-4fc9-b557-d74af9424e8b,PUB-010_시도별_장기요양판정
여자,제주,기초,2등급,163,2024,https://api.odcloud.kr/api/15072696/v1/uddi:130307ee-0834-4fc9-b557-d74af9424e8b,PUB-010_시도별_장기요양판정
여자,제주,기초,3등급,421,2024,https://api.odcloud.kr/api/15072696/v1/uddi:130307ee-0834-4fc9-b557-d74af9424e8b,PUB-010_시도별_장기요양판정
여자,제주,기초,4등급,485,2024,https://api.odcloud.kr/api/15072696/v1/uddi:130307ee-0834-4fc9-b557-d74af9424e8b,PUB-010_시도별_장기요양판정
여자,제주,기초,5등급,94,2024,https://api.odcloud.kr/api/15072696/v1/uddi:130307ee-0834-4fc9-b557-d74af9424e8b,PUB-010_시도별_장기요양판정
여자,제주,기초,인지지원등급,29,2024,https://api.odcloud.kr/api/15072696/v1/uddi:130307ee-0834-4fc9-b557-d74af9424e8b,PUB-010_시도별_장기요양판정
여자,제주,기초,등급외,256,2024,https://api.odcloud.kr/api/15072696/v1/uddi:130307ee-0834-4fc9-b557-d74af9424e8b,PUB-010_시도별_장기요양판정
