성별,시도,자격,판정등급,판정인원수,source_period,source_endpoint,source_dataset
남자,서울특별시,일반,1등급,1749,2025,https://api.odcloud.kr/api/15072696/v1/uddi:d8b661ea-f3eb-4717-8ede-afff5eca1e8a,PUB-010_시도별_장기요양판정
남자,서울특별시,일반,2등급,2683,2025,https://api.odcloud.kr/api/15072696/v1/uddi:d8b661ea-f3eb-4717-8ede-afff5eca1e8a,PUB-010_시도별_장기요양판정
남자,서울특별시,일반,3등급,8690,2025,https://api.odcloud.kr/api/15072696/v1/uddi:d8b661ea-f3eb-4717-8ede-afff5eca1e8a,PUB-010_시도별_장기요양판정
남자,서울특별시,일반,4등급,12827,2025,https://api.odcloud.kr/api/15072696/v1/uddi:d8b661ea-f3eb-4717-8ede-afff5eca1e8a,PUB-010_시도별_장기요양판정
남자,서울특별시,일반,5등급,3003,2025,https://api.odcloud.kr/api/15072696/v1/uddi:d8b661ea-f3eb-4717-8ede-afff5eca1e8a,PUB-010_시도별_장기요양판정
남자,서울특별시,일반,인지지원등급,741,2025,https://api.odcloud.kr/api/15072696/v1/uddi:d8b661ea-f3eb-4717-8ede-afff5eca1e8a,PUB-010_시도별_장기요양판정
남자,서울특별시,일반,등급외,4607,2025,https://api.odcloud.kr/api/15072696/v1/uddi:d8b661ea-f3eb-4717-8ede-afff5eca1e8a,PUB-010_시도별_장기요양판정
남자,서울특별시,감경,1등급,680,2025,https://api.odcloud.kr/api/15072696/v1/uddi:d8b661ea-f3eb-4717-8ede-afff5eca1e8a,PUB-010_시도별_장기요양판정
남자,서울특별시,감경,2등급,1179,2025,https://api.odcloud.kr/api/15072696/v1/uddi:d8b661ea-f3eb-4717-8ede-afff5eca1e8a,PUB-010_시도별_장기요양판정
남자,서울특별시,감경,3등급,4299,2025,https://api.odcloud.kr/api/15072696/v1/uddi:d8b661ea-f3eb-4717-8ede-afff5eca1e8a,PUB-010_시도별_장기요양판정
남자,서울특별시,감경,4등급,6504,2025,https://api.odcloud.kr/api/15072696/v1/uddi:d8b661ea-f3eb-4717-8ede-afff5eca1e8a,PUB-010_시도별_장기요양판정
남자,서울특별시,감경,5등급,1391,2025,https://api.odcloud.kr/api/15072696/v1/uddi:d8b661ea-f3eb-4717-8ede-afff5eca1e8a,PUB-010_시도별_장기요양판정
남자,서울특별시,감경,인지지원등급,309,2025,https://api.odcloud.kr/api/15072696/v1/uddi:d8b661ea-f3eb-4717-8ede-afff5eca1e8a,PUB-010_시도별_장기요양판정
남자,서울특별시,감경,등급외,248,2025,https://api.odcloud.kr/api/15072696/v1/uddi:d8b661ea-f3eb-4717-8ede-afff5eca1e8a,PUB-010_시도별_장기요양판정
남자,서울특별시,의료급여,1등급,13,2025,https://api.odcloud.kr/api/15072696/v1/uddi:d8b661ea-f3eb-4717-8ede-afff5eca1e8a,PUB-010_시도별_장기요양판정
남자,서울특별시,의료급여,2등급,14,2025,https://api.odcloud.kr/api/15072696/v1/uddi:d8b661ea-f3eb-4717-8ede-afff5eca1e8a,PUB-010_시도별_장기요양판정
남자,서울특별시,의료급여,3등급,64,2025,https://api.odcloud.kr/api/15072696/v1/uddi:d8b661ea-f3eb-4717-8ede-afff5eca1e8a,PUB-010_시도별_장기요양판정
남자,서울특별시,의료급여,4등급,118,2025,https://api.odcloud.kr/api/15072696/v1/uddi:d8b661ea-f3eb-4717-8ede-afff5eca1e8a,PUB-010_시도별_장기요양판정
남자,서울특별시,의료급여,5등급,24,2025,https://api.odcloud.kr/api/15072696/v1/uddi:d8b661ea-f3eb-4717-8ede-afff5eca1e8a,PUB-010_시도별_장기요양판정
남자,서울특별시,의료급여,인지지원등급,2,2025,https://api.odcloud.kr/api/15072696/v1/uddi:d8b661ea-f3eb-4717-8ede-afff5eca1e8a,PUB-010_시도별_장기요양판정
남자,서울특별시,의료급여,등급외,44,2025,https://api.odcloud.kr/api/15072696/v1/uddi:d8b661ea-f3eb-4717-8ede-afff5eca1e8a,PUB-010_시도별_장기요양판정
남자,서울특별시,기초수급,1등급,345,2025,https://api.odcloud.kr/api/15072696/v1/uddi:d8b661ea-f3eb-4717-8ede-afff5eca1e8a,PUB-010_시도별_장기요양판정
남자,서울특별시,기초수급,2등급,575,2025,https://api.odcloud.kr/api/15072696/v1/uddi:d8b661ea-f3eb-4717-8ede-afff5eca1e8a,PUB-010_시도별_장기요양판정
남자,서울특별시,기초수급,3등급,1989,2025,https://api.odcloud.kr/api/15072696/v1/uddi:d8b661ea-f3eb-4717-8ede-afff5eca1e8a,PUB-010_시도별_장기요양판정
남자,서울특별시,기초수급,4등급,4377,2025,https://api.odcloud.kr/api/15072696/v1/uddi:d8b661ea-f3eb-4717-8ede-afff5eca1e8a,PUB-010_시도별_장기요양판정
남자,서울특별시,기초수급,5등급,989,2025,https://api.odcloud.kr/api/15072696/v1/uddi:d8b661ea-f3eb-4717-8ede-afff5eca1e8a,PUB-010_시도별_장기요양판정
남자,서울특별시,기초수급,인지지원등급,241,2025,https://api.odcloud.kr/api/15072696/v1/uddi:d8b661ea-f3eb-4717-8ede-afff5eca1e8a,PUB-010_시도별_장기요양판정
남자,서울특별시,기초수급,등급외,2245,2025,https://api.odcloud.kr/api/15072696/v1/uddi:d8b661ea-f3eb-4717-8ede-afff5eca1e8a,PUB-010_시도별_장기요양판정
여자,서울특별시,일반,1등급,4098,2025,https://api.odcloud.kr/api/15072696/v1/uddi:d8b661ea-f3eb-4717-8ede-afff5eca1e8a,PUB-010_시도별_장기요양판정
여자,서울특별시,일반,2등급,6209,2025,https://api.odcloud.kr/api/15072696/v1/uddi:d8b661ea-f3eb-4717-8ede-afff5eca1e8a,PUB-010_시도별_장기요양판정
여자,서울특별시,일반,3등급,16795,2025,https://api.odcloud.kr/api/15072696/v1/uddi:d8b661ea-f3eb-4717-8ede-afff5eca1e8a,PUB-010_시도별_장기요양판정
여자,서울특별시,일반,4등급,26397,2025,https://api.odcloud.kr/api/15072696/v1/uddi:d8b661ea-f3eb-4717-8ede-afff5eca1e8a,PUB-010_시도별_장기요양판정
여자,서울특별시,일반,5등급,6201,2025,https://api.odcloud.kr/api/15072696/v1/uddi:d8b661ea-f3eb-4717-8ede-afff5eca1e8a,PUB-010_시도별_장기요양판정
여자,서울특별시,일반,인지지원등급,1617,2025,https://api.odcloud.kr/api/15072696/v1/uddi:d8b661ea-f3eb-4717-8ede-afff5eca1e8a,PUB-010_시도별_장기요양판정
여자,서울특별시,일반,등급외,8226,2025,https://api.odcloud.kr/api/15072696/v1/uddi:d8b661ea-f3eb-4717-8ede-afff5eca1e8a,PUB-010_시도별_장기요양판정
여자,서울특별시,감경,1등급,2127,2025,https://api.odcloud.kr/api/15072696/v1/uddi:d8b661ea-f3eb-4717-8ede-afff5eca1e8a,PUB-010_시도별_장기요양판정
여자,서울특별시,감경,2등급,3791,2025,https://api.odcloud.kr/api/15072696/v1/uddi:d8b661ea-f3eb-4717-8ede-afff5eca1e8a,PUB-010_시도별_장기요양판정
여자,서울특별시,감경,3등급,10466,2025,https://api.odcloud.kr/api/15072696/v1/uddi:d8b661ea-f3eb-4717-8ede-afff5eca1e8a,PUB-010_시도별_장기요양판정
여자,서울특별시,감경,4등급,15434,2025,https://api.odcloud.kr/api/15072696/v1/uddi:d8b661ea-f3eb-4717-8ede-afff5eca1e8a,PUB-010_시도별_장기요양판정
여자,서울특별시,감경,5등급,3137,2025,https://api.odcloud.kr/api/15072696/v1/uddi:d8b661ea-f3eb-4717-8ede-afff5eca1e8a,PUB-010_시도별_장기요양판정
여자,서울특별시,감경,인지지원등급,785,2025,https://api.odcloud.kr/api/15072696/v1/uddi:d8b661ea-f3eb-4717-8ede-afff5eca1e8a,PUB-010_시도별_장기요양판정
여자,서울특별시,감경,등급외,497,2025,https://api.odcloud.kr/api/15072696/v1/uddi:d8b661ea-f3eb-4717-8ede-afff5eca1e8a,PUB-010_시도별_장기요양판정
여자,서울특별시,의료급여,1등급,50,2025,https://api.odcloud.kr/api/15072696/v1/uddi:d8b661ea-f3eb-4717-8ede-afff5eca1e8a,PUB-010_시도별_장기요양판정
여자,서울특별시,의료급여,2등급,87,2025,https://api.odcloud.kr/api/15072696/v1/uddi:d8b661ea-f3eb-4717-8ede-afff5eca1e8a,PUB-010_시도별_장기요양판정
여자,서울특별시,의료급여,3등급,196,2025,https://api.odcloud.kr/api/15072696/v1/uddi:d8b661ea-f3eb-4717-8ede-afff5eca1e8a,PUB-010_시도별_장기요양판정
여자,서울특별시,의료급여,4등급,332,2025,https://api.odcloud.kr/api/15072696/v1/uddi:d8b661ea-f3eb-4717-8ede-afff5eca1e8a,PUB-010_시도별_장기요양판정
여자,서울특별시,의료급여,5등급,54,2025,https://api.odcloud.kr/api/15072696/v1/uddi:d8b661ea-f3eb-4717-8ede-afff5eca1e8a,PUB-010_시도별_장기요양판정
여자,서울특별시,의료급여,인지지원등급,10,2025,https://api.odcloud.kr/api/15072696/v1/uddi:d8b661ea-f3eb-4717-8ede-afff5eca1e8a,PUB-010_시도별_장기요양판정
여자,서울특별시,의료급여,등급외,65,2025,https://api.odcloud.kr/api/15072696/v1/uddi:d8b661ea-f3eb-4717-8ede-afff5eca1e8a,PUB-010_시도별_장기요양판정
여자,서울특별시,기초수급,1등급,868,2025,https://api.odcloud.kr/api/15072696/v1/uddi:d8b661ea-f3eb-4717-8ede-afff5eca1e8a,PUB-010_시도별_장기요양판정
여자,서울특별시,기초수급,2등급,1578,2025,https://api.odcloud.kr/api/15072696/v1/uddi:d8b661ea-f3eb-4717-8ede-afff5eca1e8a,PUB-010_시도별_장기요양판정
여자,서울특별시,기초수급,3등급,4515,2025,https://api.odcloud.kr/api/15072696/v1/uddi:d8b661ea-f3eb-4717-8ede-afff5eca1e8a,PUB-010_시도별_장기요양판정
여자,서울특별시,기초수급,4등급,8511,2025,https://api.odcloud.kr/api/15072696/v1/uddi:d8b661ea-f3eb-4717-8ede-afff5eca1e8a,PUB-010_시도별_장기요양판정
여자,서울특별시,기초수급,5등급,1534,2025,https://api.odcloud.kr/api/15072696/v1/uddi:d8b661ea-f3eb-4717-8ede-afff5eca1e8a,PUB-010_시도별_장기요양판정
여자,서울특별시,기초수급,인지지원등급,333,2025,https://api.odcloud.kr/api/15072696/v1/uddi:d8b661ea-f3eb-4717-8ede-afff5eca1e8a,PUB-010_시도별_장기요양판정
여자,서울특별시,기초수급,등급외,2562,2025,https://api.odcloud.kr/api/15072696/v1/uddi:d8b661ea-f3eb-4717-8ede-afff5eca1e8a,PUB-010_시도별_장기요양판정
남자,부산광역시,일반,1등급,391,2025,https://api.odcloud.kr/api/15072696/v1/uddi:d8b661ea-f3eb-4717-8ede-afff5eca1e8a,PUB-010_시도별_장기요양판정
남자,부산광역시,일반,2등급,806,2025,https://api.odcloud.kr/api/15072696/v1/uddi:d8b661ea-f3eb-4717-8ede-afff5eca1e8a,PUB-010_시도별_장기요양판정
남자,부산광역시,일반,3등급,3053,2025,https://api.odcloud.kr/api/15072696/v1/uddi:d8b661ea-f3eb-4717-8ede-afff5eca1e8a,PUB-010_시도별_장기요양판정
남자,부산광역시,일반,4등급,5313,2025,https://api.odcloud.kr/api/15072696/v1/uddi:d8b661ea-f3eb-4717-8ede-afff5eca1e8a,PUB-010_시도별_장기요양판정
남자,부산광역시,일반,5등급,1102,2025,https://api.odcloud.kr/api/15072696/v1/uddi:d8b661ea-f3eb-4717-8ede-afff5eca1e8a,PUB-010_시도별_장기요양판정
남자,부산광역시,일반,인지지원등급,224,2025,https://api.odcloud.kr/api/15072696/v1/uddi:d8b661ea-f3eb-4717-8ede-afff5eca1e8a,PUB-010_시도별_장기요양판정
남자,부산광역시,일반,등급외,2771,2025,https://api.odcloud.kr/api/15072696/v1/uddi:d8b661ea-f3eb-4717-8ede-afff5eca1e8a,PUB-010_시도별_장기요양판정
남자,부산광역시,감경,1등급,344,2025,https://api.odcloud.kr/api/15072696/v1/uddi:d8b661ea-f3eb-4717-8ede-afff5eca1e8a,PUB-010_시도별_장기요양판정
남자,부산광역시,감경,2등급,647,2025,https://api.odcloud.kr/api/15072696/v1/uddi:d8b661ea-f3eb-4717-8ede-afff5eca1e8a,PUB-010_시도별_장기요양판정
남자,부산광역시,감경,3등급,2755,2025,https://api.odcloud.kr/api/15072696/v1/uddi:d8b661ea-f3eb-4717-8ede-afff5eca1e8a,PUB-010_시도별_장기요양판정
남자,부산광역시,감경,4등급,4913,2025,https://api.odcloud.kr/api/15072696/v1/uddi:d8b661ea-f3eb-4717-8ede-afff5eca1e8a,PUB-010_시도별_장기요양판정
남자,부산광역시,감경,5등급,1024,2025,https://api.odcloud.kr/api/15072696/v1/uddi:d8b661ea-f3eb-4717-8ede-afff5eca1e8a,PUB-010_시도별_장기요양판정
남자,부산광역시,감경,인지지원등급,206,2025,https://api.odcloud.kr/api/15072696/v1/uddi:d8b661ea-f3eb-4717-8ede-afff5eca1e8a,PUB-010_시도별_장기요양판정
남자,부산광역시,감경,등급외,178,2025,https://api.odcloud.kr/api/15072696/v1/uddi:d8b661ea-f3eb-4717-8ede-afff5eca1e8a,PUB-010_시도별_장기요양판정
남자,부산광역시,의료급여,1등급,5,2025,https://api.odcloud.kr/api/15072696/v1/uddi:d8b661ea-f3eb-4717-8ede-afff5eca1e8a,PUB-010_시도별_장기요양판정
남자,부산광역시,의료급여,2등급,10,2025,https://api.odcloud.kr/api/15072696/v1/uddi:d8b661ea-f3eb-4717-8ede-afff5eca1e8a,PUB-010_시도별_장기요양판정
남자,부산광역시,의료급여,3등급,52,2025,https://api.odcloud.kr/api/15072696/v1/uddi:d8b661ea-f3eb-4717-8ede-afff5eca1e8a,PUB-010_시도별_장기요양판정
남자,부산광역시,의료급여,4등급,84,2025,https://api.odcloud.kr/api/15072696/v1/uddi:d8b661ea-f3eb-4717-8ede-afff5eca1e8a,PUB-010_시도별_장기요양판정
남자,부산광역시,의료급여,5등급,20,2025,https://api.odcloud.kr/api/15072696/v1/uddi:d8b661ea-f3eb-4717-8ede-afff5eca1e8a,PUB-010_시도별_장기요양판정
남자,부산광역시,의료급여,인지지원등급,5,2025,https://api.odcloud.kr/api/15072696/v1/uddi:d8b661ea-f3eb-4717-8ede-afff5eca1e8a,PUB-010_시도별_장기요양판정
남자,부산광역시,의료급여,등급외,24,2025,https://api.odcloud.kr/api/15072696/v1/uddi:d8b661ea-f3eb-4717-8ede-afff5eca1e8a,PUB-010_시도별_장기요양판정
남자,부산광역시,기초수급,1등급,138,2025,https://api.odcloud.kr/api/15072696/v1/uddi:d8b661ea-f3eb-4717-8ede-afff5eca1e8a,PUB-010_시도별_장기요양판정
남자,부산광역시,기초수급,2등급,299,2025,https://api.odcloud.kr/api/15072696/v1/uddi:d8b661ea-f3eb-4717-8ede-afff5eca1e8a,PUB-010_시도별_장기요양판정
남자,부산광역시,기초수급,3등급,1067,2025,https://api.odcloud.kr/api/15072696/v1/uddi:d8b661ea-f3eb-4717-8ede-afff5eca1e8a,PUB-010_시도별_장기요양판정
남자,부산광역시,기초수급,4등급,2735,2025,https://api.odcloud.kr/api/15072696/v1/uddi:d8b661ea-f3eb-4717-8ede-afff5eca1e8a,PUB-010_시도별_장기요양판정
남자,부산광역시,기초수급,5등급,636,2025,https://api.odcloud.kr/api/15072696/v1/uddi:d8b661ea-f3eb-4717-8ede-afff5eca1e8a,PUB-010_시도별_장기요양판정
남자,부산광역시,기초수급,인지지원등급,152,2025,https://api.odcloud.kr/api/15072696/v1/uddi:d8b661ea-f3eb-4717-8ede-afff5eca1e8a,PUB-010_시도별_장기요양판정
남자,부산광역시,기초수급,등급외,1584,2025,https://api.odcloud.kr/api/15072696/v1/uddi:d8b661ea-f3eb-4717-8ede-afff5eca1e8a,PUB-010_시도별_장기요양판정
여자,부산광역시,일반,1등급,1020,2025,https://api.odcloud.kr/api/15072696/v1/uddi:d8b661ea-f3eb-4717-8ede-afff5eca1e8a,PUB-010_시도별_장기요양판정
여자,부산광역시,일반,2등급,1842,2025,https://api.odcloud.kr/api/15072696/v1/uddi:d8b661ea-f3eb-4717-8ede-afff5eca1e8a,PUB-010_시도별_장기요양판정
여자,부산광역시,일반,3등급,5815,2025,https://api.odcloud.kr/api/15072696/v1/uddi:d8b661ea-f3eb-4717-8ede-afff5eca1e8a,PUB-010_시도별_장기요양판정
여자,부산광역시,일반,4등급,11130,2025,https://api.odcloud.kr/api/15072696/v1/uddi:d8b661ea-f3eb-4717-8ede-afff5eca1e8a,PUB-010_시도별_장기요양판정
여자,부산광역시,일반,5등급,2200,2025,https://api.odcloud.kr/api/15072696/v1/uddi:d8b661ea-f3eb-4717-8ede-afff5eca1e8a,PUB-010_시도별_장기요양판정
여자,부산광역시,일반,인지지원등급,452,2025,https://api.odcloud.kr/api/15072696/v1/uddi:d8b661ea-f3eb-4717-8ede-afff5eca1e8a,PUB-010_시도별_장기요양판정
여자,부산광역시,일반,등급외,4673,2025,https://api.odcloud.kr/api/15072696/v1/uddi:d8b661ea-f3eb-4717-8ede-afff5eca1e8a,PUB-010_시도별_장기요양판정
여자,부산광역시,감경,1등급,1060,2025,https://api.odcloud.kr/api/15072696/v1/uddi:d8b661ea-f3eb-4717-8ede-afff5eca1e8a,PUB-010_시도별_장기요양판정
여자,부산광역시,감경,2등급,2117,2025,https://api.odcloud.kr/api/15072696/v1/uddi:d8b661ea-f3eb-4717-8ede-afff5eca1e8a,PUB-010_시도별_장기요양판정
여자,부산광역시,감경,3등급,6429,2025,https://api.odcloud.kr/api/15072696/v1/uddi:d8b661ea-f3eb-4717-8ede-afff5eca1e8a,PUB-010_시도별_장기요양판정
여자,부산광역시,감경,4등급,11390,2025,https://api.odcloud.kr/api/15072696/v1/uddi:d8b661ea-f3eb-4717-8ede-afff5eca1e8a,PUB-010_시도별_장기요양판정
여자,부산광역시,감경,5등급,2039,2025,https://api.odcloud.kr/api/15072696/v1/uddi:d8b661ea-f3eb-4717-8ede-afff5eca1e8a,PUB-010_시도별_장기요양판정
여자,부산광역시,감경,인지지원등급,395,2025,https://api.odcloud.kr/api/15072696/v1/uddi:d8b661ea-f3eb-4717-8ede-afff5eca1e8a,PUB-010_시도별_장기요양판정
여자,부산광역시,감경,등급외,376,2025,https://api.odcloud.kr/api/15072696/v1/uddi:d8b661ea-f3eb-4717-8ede-afff5eca1e8a,PUB-010_시도별_장기요양판정
여자,부산광역시,의료급여,1등급,23,2025,https://api.odcloud.kr/api/15072696/v1/uddi:d8b661ea-f3eb-4717-8ede-afff5eca1e8a,PUB-010_시도별_장기요양판정
여자,부산광역시,의료급여,2등급,52,2025,https://api.odcloud.kr/api/15072696/v1/uddi:d8b661ea-f3eb-4717-8ede-afff5eca1e8a,PUB-010_시도별_장기요양판정
여자,부산광역시,의료급여,3등급,153,2025,https://api.odcloud.kr/api/15072696/v1/uddi:d8b661ea-f3eb-4717-8ede-afff5eca1e8a,PUB-010_시도별_장기요양판정
여자,부산광역시,의료급여,4등급,249,2025,https://api.odcloud.kr/api/15072696/v1/uddi:d8b661ea-f3eb-4717-8ede-afff5eca1e8a,PUB-010_시도별_장기요양판정
여자,부산광역시,의료급여,5등급,29,2025,https://api.odcloud.kr/api/15072696/v1/uddi:d8b661ea-f3eb-4717-8ede-afff5eca1e8a,PUB-010_시도별_장기요양판정
여자,부산광역시,의료급여,인지지원등급,2,2025,https://api.odcloud.kr/api/15072696/v1/uddi:d8b661ea-f3eb-4717-8ede-afff5eca1e8a,PUB-010_시도별_장기요양판정
여자,부산광역시,의료급여,등급외,51,2025,https://api.odcloud.kr/api/15072696/v1/uddi:d8b661ea-f3eb-4717-8ede-afff5eca1e8a,PUB-010_시도별_장기요양판정
여자,부산광역시,기초수급,1등급,420,2025,https://api.odcloud.kr/api/15072696/v1/uddi:d8b661ea-f3eb-4717-8ede-afff5eca1e8a,PUB-010_시도별_장기요양판정
여자,부산광역시,기초수급,2등급,852,2025,https://api.odcloud.kr/api/15072696/v1/uddi:d8b661ea-f3eb-4717-8ede-afff5eca1e8a,PUB-010_시도별_장기요양판정
여자,부산광역시,기초수급,3등급,2596,2025,https://api.odcloud.kr/api/15072696/v1/uddi:d8b661ea-f3eb-4717-8ede-afff5eca1e8a,PUB-010_시도별_장기요양판정
여자,부산광역시,기초수급,4등급,5873,2025,https://api.odcloud.kr/api/15072696/v1/uddi:d8b661ea-f3eb-4717-8ede-afff5eca1e8a,PUB-010_시도별_장기요양판정
여자,부산광역시,기초수급,5등급,1131,2025,https://api.odcloud.kr/api/15072696/v1/uddi:d8b661ea-f3eb-4717-8ede-afff5eca1e8a,PUB-010_시도별_장기요양판정
여자,부산광역시,기초수급,인지지원등급,205,2025,https://api.odcloud.kr/api/15072696/v1/uddi:d8b661ea-f3eb-4717-8ede-afff5eca1e8a,PUB-010_시도별_장기요양판정
여자,부산광역시,기초수급,등급외,1874,2025,https://api.odcloud.kr/api/15072696/v1/uddi:d8b661ea-f3eb-4717-8ede-afff5eca1e8a,PUB-010_시도별_장기요양판정
남자,대구광역시,일반,1등급,247,2025,https://api.odcloud.kr/api/15072696/v1/uddi:d8b661ea-f3eb-4717-8ede-afff5eca1e8a,PUB-010_시도별_장기요양판정
남자,대구광역시,일반,2등급,531,2025,https://api.odcloud.kr/api/15072696/v1/uddi:d8b661ea-f3eb-4717-8ede-afff5eca1e8a,PUB-010_시도별_장기요양판정
남자,대구광역시,일반,3등급,2125,2025,https://api.odcloud.kr/api/15072696/v1/uddi:d8b661ea-f3eb-4717-8ede-afff5eca1e8a,PUB-010_시도별_장기요양판정
남자,대구광역시,일반,4등급,3553,2025,https://api.odcloud.kr/api/15072696/v1/uddi:d8b661ea-f3eb-4717-8ede-afff5eca1e8a,PUB-010_시도별_장기요양판정
남자,대구광역시,일반,5등급,1034,2025,https://api.odcloud.kr/api/15072696/v1/uddi:d8b661ea-f3eb-4717-8ede-afff5eca1e8a,PUB-010_시도별_장기요양판정
남자,대구광역시,일반,인지지원등급,152,2025,https://api.odcloud.kr/api/15072696/v1/uddi:d8b661ea-f3eb-4717-8ede-afff5eca1e8a,PUB-010_시도별_장기요양판정
남자,대구광역시,일반,등급외,1329,2025,https://api.odcloud.kr/api/15072696/v1/uddi:d8b661ea-f3eb-4717-8ede-afff5eca1e8a,PUB-010_시도별_장기요양판정
남자,대구광역시,감경,1등급,182,2025,https://api.odcloud.kr/api/15072696/v1/uddi:d8b661ea-f3eb-4717-8ede-afff5eca1e8a,PUB-010_시도별_장기요양판정
남자,대구광역시,감경,2등급,436,2025,https://api.odcloud.kr/api/15072696/v1/uddi:d8b661ea-f3eb-4717-8ede-afff5eca1e8a,PUB-010_시도별_장기요양판정
남자,대구광역시,감경,3등급,1903,2025,https://api.odcloud.kr/api/15072696/v1/uddi:d8b661ea-f3eb-4717-8ede-afff5eca1e8a,PUB-010_시도별_장기요양판정
남자,대구광역시,감경,4등급,2936,2025,https://api.odcloud.kr/api/15072696/v1/uddi:d8b661ea-f3eb-4717-8ede-afff5eca1e8a,PUB-010_시도별_장기요양판정
남자,대구광역시,감경,5등급,798,2025,https://api.odcloud.kr/api/15072696/v1/uddi:d8b661ea-f3eb-4717-8ede-afff5eca1e8a,PUB-010_시도별_장기요양판정
남자,대구광역시,감경,인지지원등급,125,2025,https://api.odcloud.kr/api/15072696/v1/uddi:d8b661ea-f3eb-4717-8ede-afff5eca1e8a,PUB-010_시도별_장기요양판정
남자,대구광역시,감경,등급외,93,2025,https://api.odcloud.kr/api/15072696/v1/uddi:d8b661ea-f3eb-4717-8ede-afff5eca1e8a,PUB-010_시도별_장기요양판정
남자,대구광역시,의료급여,1등급,10,2025,https://api.odcloud.kr/api/15072696/v1/uddi:d8b661ea-f3eb-4717-8ede-afff5eca1e8a,PUB-010_시도별_장기요양판정
남자,대구광역시,의료급여,2등급,16,2025,https://api.odcloud.kr/api/15072696/v1/uddi:d8b661ea-f3eb-4717-8ede-afff5eca1e8a,PUB-010_시도별_장기요양판정
남자,대구광역시,의료급여,3등급,58,2025,https://api.odcloud.kr/api/15072696/v1/uddi:d8b661ea-f3eb-4717-8ede-afff5eca1e8a,PUB-010_시도별_장기요양판정
남자,대구광역시,의료급여,4등급,98,2025,https://api.odcloud.kr/api/15072696/v1/uddi:d8b661ea-f3eb-4717-8ede-afff5eca1e8a,PUB-010_시도별_장기요양판정
남자,대구광역시,의료급여,5등급,29,2025,https://api.odcloud.kr/api/15072696/v1/uddi:d8b661ea-f3eb-4717-8ede-afff5eca1e8a,PUB-010_시도별_장기요양판정
남자,대구광역시,의료급여,인지지원등급,6,2025,https://api.odcloud.kr/api/15072696/v1/uddi:d8b661ea-f3eb-4717-8ede-afff5eca1e8a,PUB-010_시도별_장기요양판정
남자,대구광역시,의료급여,등급외,28,2025,https://api.odcloud.kr/api/15072696/v1/uddi:d8b661ea-f3eb-4717-8ede-afff5eca1e8a,PUB-010_시도별_장기요양판정
남자,대구광역시,기초수급,1등급,103,2025,https://api.odcloud.kr/api/15072696/v1/uddi:d8b661ea-f3eb-4717-8ede-afff5eca1e8a,PUB-010_시도별_장기요양판정
남자,대구광역시,기초수급,2등급,225,2025,https://api.odcloud.kr/api/15072696/v1/uddi:d8b661ea-f3eb-4717-8ede-afff5eca1e8a,PUB-010_시도별_장기요양판정
남자,대구광역시,기초수급,3등급,884,2025,https://api.odcloud.kr/api/15072696/v1/uddi:d8b661ea-f3eb-4717-8ede-afff5eca1e8a,PUB-010_시도별_장기요양판정
남자,대구광역시,기초수급,4등급,1741,2025,https://api.odcloud.kr/api/15072696/v1/uddi:d8b661ea-f3eb-4717-8ede-afff5eca1e8a,PUB-010_시도별_장기요양판정
남자,대구광역시,기초수급,5등급,715,2025,https://api.odcloud.kr/api/15072696/v1/uddi:d8b661ea-f3eb-4717-8ede-afff5eca1e8a,PUB-010_시도별_장기요양판정
남자,대구광역시,기초수급,인지지원등급,125,2025,https://api.odcloud.kr/api/15072696/v1/uddi:d8b661ea-f3eb-4717-8ede-afff5eca1e8a,PUB-010_시도별_장기요양판정
남자,대구광역시,기초수급,등급외,698,2025,https://api.odcloud.kr/api/15072696/v1/uddi:d8b661ea-f3eb-4717-8ede-afff5eca1e8a,PUB-010_시도별_장기요양판정
여자,대구광역시,일반,1등급,614,2025,https://api.odcloud.kr/api/15072696/v1/uddi:d8b661ea-f3eb-4717-8ede-afff5eca1e8a,PUB-010_시도별_장기요양판정
여자,대구광역시,일반,2등급,1250,2025,https://api.odcloud.kr/api/15072696/v1/uddi:d8b661ea-f3eb-4717-8ede-afff5eca1e8a,PUB-010_시도별_장기요양판정
여자,대구광역시,일반,3등급,4362,2025,https://api.odcloud.kr/api/15072696/v1/uddi:d8b661ea-f3eb-4717-8ede-afff5eca1e8a,PUB-010_시도별_장기요양판정
여자,대구광역시,일반,4등급,7274,2025,https://api.odcloud.kr/api/15072696/v1/uddi:d8b661ea-f3eb-4717-8ede-afff5eca1e8a,PUB-010_시도별_장기요양판정
여자,대구광역시,일반,5등급,2069,2025,https://api.odcloud.kr/api/15072696/v1/uddi:d8b661ea-f3eb-4717-8ede-afff5eca1e8a,PUB-010_시도별_장기요양판정
여자,대구광역시,일반,인지지원등급,320,2025,https://api.odcloud.kr/api/15072696/v1/uddi:d8b661ea-f3eb-4717-8ede-afff5eca1e8a,PUB-010_시도별_장기요양판정
여자,대구광역시,일반,등급외,2523,2025,https://api.odcloud.kr/api/15072696/v1/uddi:d8b661ea-f3eb-4717-8ede-afff5eca1e8a,PUB-010_시도별_장기요양판정
여자,대구광역시,감경,1등급,733,2025,https://api.odcloud.kr/api/15072696/v1/uddi:d8b661ea-f3eb-4717-8ede-afff5eca1e8a,PUB-010_시도별_장기요양판정
여자,대구광역시,감경,2등급,1579,2025,https://api.odcloud.kr/api/15072696/v1/uddi:d8b661ea-f3eb-4717-8ede-afff5eca1e8a,PUB-010_시도별_장기요양판정
여자,대구광역시,감경,3등급,5232,2025,https://api.odcloud.kr/api/15072696/v1/uddi:d8b661ea-f3eb-4717-8ede-afff5eca1e8a,PUB-010_시도별_장기요양판정
여자,대구광역시,감경,4등급,7610,2025,https://api.odcloud.kr/api/15072696/v1/uddi:d8b661ea-f3eb-4717-8ede-afff5eca1e8a,PUB-010_시도별_장기요양판정
여자,대구광역시,감경,5등급,1999,2025,https://api.odcloud.kr/api/15072696/v1/uddi:d8b661ea-f3eb-4717-8ede-afff5eca1e8a,PUB-010_시도별_장기요양판정
여자,대구광역시,감경,인지지원등급,276,2025,https://api.odcloud.kr/api/15072696/v1/uddi:d8b661ea-f3eb-4717-8ede-afff5eca1e8a,PUB-010_시도별_장기요양판정
여자,대구광역시,감경,등급외,170,2025,https://api.odcloud.kr/api/15072696/v1/uddi:d8b661ea-f3eb-4717-8ede-afff5eca1e8a,PUB-010_시도별_장기요양판정
여자,대구광역시,의료급여,1등급,23,2025,https://api.odcloud.kr/api/15072696/v1/uddi:d8b661ea-f3eb-4717-8ede-afff5eca1e8a,PUB-010_시도별_장기요양판정
여자,대구광역시,의료급여,2등급,58,2025,https://api.odcloud.kr/api/15072696/v1/uddi:d8b661ea-f3eb-4717-8ede-afff5eca1e8a,PUB-010_시도별_장기요양판정
여자,대구광역시,의료급여,3등급,190,2025,https://api.odcloud.kr/api/15072696/v1/uddi:d8b661ea-f3eb-4717-8ede-afff5eca1e8a,PUB-010_시도별_장기요양판정
여자,대구광역시,의료급여,4등급,294,2025,https://api.odcloud.kr/api/15072696/v1/uddi:d8b661ea-f3eb-4717-8ede-afff5eca1e8a,PUB-010_시도별_장기요양판정
여자,대구광역시,의료급여,5등급,66,2025,https://api.odcloud.kr/api/15072696/v1/uddi:d8b661ea-f3eb-4717-8ede-afff5eca1e8a,PUB-010_시도별_장기요양판정
여자,대구광역시,의료급여,인지지원등급,7,2025,https://api.odcloud.kr/api/15072696/v1/uddi:d8b661ea-f3eb-4717-8ede-afff5eca1e8a,PUB-010_시도별_장기요양판정
여자,대구광역시,의료급여,등급외,35,2025,https://api.odcloud.kr/api/15072696/v1/uddi:d8b661ea-f3eb-4717-8ede-afff5eca1e8a,PUB-010_시도별_장기요양판정
여자,대구광역시,기초수급,1등급,335,2025,https://api.odcloud.kr/api/15072696/v1/uddi:d8b661ea-f3eb-4717-8ede-afff5eca1e8a,PUB-010_시도별_장기요양판정
여자,대구광역시,기초수급,2등급,656,2025,https://api.odcloud.kr/api/15072696/v1/uddi:d8b661ea-f3eb-4717-8ede-afff5eca1e8a,PUB-010_시도별_장기요양판정
여자,대구광역시,기초수급,3등급,2176,2025,https://api.odcloud.kr/api/15072696/v1/uddi:d8b661ea-f3eb-4717-8ede-afff5eca1e8a,PUB-010_시도별_장기요양판정
여자,대구광역시,기초수급,4등급,3601,2025,https://api.odcloud.kr/api/15072696/v1/uddi:d8b661ea-f3eb-4717-8ede-afff5eca1e8a,PUB-010_시도별_장기요양판정
여자,대구광역시,기초수급,5등급,1096,2025,https://api.odcloud.kr/api/15072696/v1/uddi:d8b661ea-f3eb-4717-8ede-afff5eca1e8a,PUB-010_시도별_장기요양판정
여자,대구광역시,기초수급,인지지원등급,122,2025,https://api.odcloud.kr/api/15072696/v1/uddi:d8b661ea-f3eb-4717-8ede-afff5eca1e8a,PUB-010_시도별_장기요양판정
여자,대구광역시,기초수급,등급외,856,2025,https://api.odcloud.kr/api/15072696/v1/uddi:d8b661ea-f3eb-4717-8ede-afff5eca1e8a,PUB-010_시도별_장기요양판정
남자,인천광역시,일반,1등급,297,2025,https://api.odcloud.kr/api/15072696/v1/uddi:d8b661ea-f3eb-4717-8ede-afff5eca1e8a,PUB-010_시도별_장기요양판정
남자,인천광역시,일반,2등급,600,2025,https://api.odcloud.kr/api/15072696/v1/uddi:d8b661ea-f3eb-4717-8ede-afff5eca1e8a,PUB-010_시도별_장기요양판정
남자,인천광역시,일반,3등급,2226,2025,https://api.odcloud.kr/api/15072696/v1/uddi:d8b661ea-f3eb-4717-8ede-afff5eca1e8a,PUB-010_시도별_장기요양판정
남자,인천광역시,일반,4등급,3656,2025,https://api.odcloud.kr/api/15072696/v1/uddi:d8b661ea-f3eb-4717-8ede-afff5eca1e8a,PUB-010_시도별_장기요양판정
남자,인천광역시,일반,5등급,743,2025,https://api.odcloud.kr/api/15072696/v1/uddi:d8b661ea-f3eb-4717-8ede-afff5eca1e8a,PUB-010_시도별_장기요양판정
남자,인천광역시,일반,인지지원등급,138,2025,https://api.odcloud.kr/api/15072696/v1/uddi:d8b661ea-f3eb-4717-8ede-afff5eca1e8a,PUB-010_시도별_장기요양판정
남자,인천광역시,일반,등급외,1573,2025,https://api.odcloud.kr/api/15072696/v1/uddi:d8b661ea-f3eb-4717-8ede-afff5eca1e8a,PUB-010_시도별_장기요양판정
남자,인천광역시,감경,1등급,281,2025,https://api.odcloud.kr/api/15072696/v1/uddi:d8b661ea-f3eb-4717-8ede-afff5eca1e8a,PUB-010_시도별_장기요양판정
남자,인천광역시,감경,2등급,597,2025,https://api.odcloud.kr/api/15072696/v1/uddi:d8b661ea-f3eb-4717-8ede-afff5eca1e8a,PUB-010_시도별_장기요양판정
남자,인천광역시,감경,3등급,2269,2025,https://api.odcloud.kr/api/15072696/v1/uddi:d8b661ea-f3eb-4717-8ede-afff5eca1e8a,PUB-010_시도별_장기요양판정
남자,인천광역시,감경,4등급,3784,2025,https://api.odcloud.kr/api/15072696/v1/uddi:d8b661ea-f3eb-4717-8ede-afff5eca1e8a,PUB-010_시도별_장기요양판정
남자,인천광역시,감경,5등급,666,2025,https://api.odcloud.kr/api/15072696/v1/uddi:d8b661ea-f3eb-4717-8ede-afff5eca1e8a,PUB-010_시도별_장기요양판정
남자,인천광역시,감경,인지지원등급,121,2025,https://api.odcloud.kr/api/15072696/v1/uddi:d8b661ea-f3eb-4717-8ede-afff5eca1e8a,PUB-010_시도별_장기요양판정
남자,인천광역시,감경,등급외,122,2025,https://api.odcloud.kr/api/15072696/v1/uddi:d8b661ea-f3eb-4717-8ede-afff5eca1e8a,PUB-010_시도별_장기요양판정
남자,인천광역시,의료급여,1등급,4,2025,https://api.odcloud.kr/api/15072696/v1/uddi:d8b661ea-f3eb-4717-8ede-afff5eca1e8a,PUB-010_시도별_장기요양판정
남자,인천광역시,의료급여,2등급,16,2025,https://api.odcloud.kr/api/15072696/v1/uddi:d8b661ea-f3eb-4717-8ede-afff5eca1e8a,PUB-010_시도별_장기요양판정
남자,인천광역시,의료급여,3등급,41,2025,https://api.odcloud.kr/api/15072696/v1/uddi:d8b661ea-f3eb-4717-8ede-afff5eca1e8a,PUB-010_시도별_장기요양판정
남자,인천광역시,의료급여,4등급,69,2025,https://api.odcloud.kr/api/15072696/v1/uddi:d8b661ea-f3eb-4717-8ede-afff5eca1e8a,PUB-010_시도별_장기요양판정
남자,인천광역시,의료급여,5등급,7,2025,https://api.odcloud.kr/api/15072696/v1/uddi:d8b661ea-f3eb-4717-8ede-afff5eca1e8a,PUB-010_시도별_장기요양판정
남자,인천광역시,의료급여,인지지원등급,0,2025,https://api.odcloud.kr/api/15072696/v1/uddi:d8b661ea-f3eb-4717-8ede-afff5eca1e8a,PUB-010_시도별_장기요양판정
남자,인천광역시,의료급여,등급외,12,2025,https://api.odcloud.kr/api/15072696/v1/uddi:d8b661ea-f3eb-4717-8ede-afff5eca1e8a,PUB-010_시도별_장기요양판정
남자,인천광역시,기초수급,1등급,236,2025,https://api.odcloud.kr/api/15072696/v1/uddi:d8b661ea-f3eb-4717-8ede-afff5eca1e8a,PUB-010_시도별_장기요양판정
남자,인천광역시,기초수급,2등급,386,2025,https://api.odcloud.kr/api/15072696/v1/uddi:d8b661ea-f3eb-4717-8ede-afff5eca1e8a,PUB-010_시도별_장기요양판정
남자,인천광역시,기초수급,3등급,1375,2025,https://api.odcloud.kr/api/15072696/v1/uddi:d8b661ea-f3eb-4717-8ede-afff5eca1e8a,PUB-010_시도별_장기요양판정
남자,인천광역시,기초수급,4등급,2897,2025,https://api.odcloud.kr/api/15072696/v1/uddi:d8b661ea-f3eb-4717-8ede-afff5eca1e8a,PUB-010_시도별_장기요양판정
남자,인천광역시,기초수급,5등급,484,2025,https://api.odcloud.kr/api/15072696/v1/uddi:d8b661ea-f3eb-4717-8ede-afff5eca1e8a,PUB-010_시도별_장기요양판정
남자,인천광역시,기초수급,인지지원등급,106,2025,https://api.odcloud.kr/api/15072696/v1/uddi:d8b661ea-f3eb-4717-8ede-afff5eca1e8a,PUB-010_시도별_장기요양판정
남자,인천광역시,기초수급,등급외,971,2025,https://api.odcloud.kr/api/15072696/v1/uddi:d8b661ea-f3eb-4717-8ede-afff5eca1e8a,PUB-010_시도별_장기요양판정
여자,인천광역시,일반,1등급,763,2025,https://api.odcloud.kr/api/15072696/v1/uddi:d8b661ea-f3eb-4717-8ede-afff5eca1e8a,PUB-010_시도별_장기요양판정
여자,인천광역시,일반,2등급,1394,2025,https://api.odcloud.kr/api/15072696/v1/uddi:d8b661ea-f3eb-4717-8ede-afff5eca1e8a,PUB-010_시도별_장기요양판정
여자,인천광역시,일반,3등급,4897,2025,https://api.odcloud.kr/api/15072696/v1/uddi:d8b661ea-f3eb-4717-8ede-afff5eca1e8a,PUB-010_시도별_장기요양판정
여자,인천광역시,일반,4등급,7688,2025,https://api.odcloud.kr/api/15072696/v1/uddi:d8b661ea-f3eb-4717-8ede-afff5eca1e8a,PUB-010_시도별_장기요양판정
여자,인천광역시,일반,5등급,1428,2025,https://api.odcloud.kr/api/15072696/v1/uddi:d8b661ea-f3eb-4717-8ede-afff5eca1e8a,PUB-010_시도별_장기요양판정
여자,인천광역시,일반,인지지원등급,289,2025,https://api.odcloud.kr/api/15072696/v1/uddi:d8b661ea-f3eb-4717-8ede-afff5eca1e8a,PUB-010_시도별_장기요양판정
여자,인천광역시,일반,등급외,2846,2025,https://api.odcloud.kr/api/15072696/v1/uddi:d8b661ea-f3eb-4717-8ede-afff5eca1e8a,PUB-010_시도별_장기요양판정
여자,인천광역시,감경,1등급,952,2025,https://api.odcloud.kr/api/15072696/v1/uddi:d8b661ea-f3eb-4717-8ede-afff5eca1e8a,PUB-010_시도별_장기요양판정
여자,인천광역시,감경,2등급,1969,2025,https://api.odcloud.kr/api/15072696/v1/uddi:d8b661ea-f3eb-4717-8ede-afff5eca1e8a,PUB-010_시도별_장기요양판정
여자,인천광역시,감경,3등급,6155,2025,https://api.odcloud.kr/api/15072696/v1/uddi:d8b661ea-f3eb-4717-8ede-afff5eca1e8a,PUB-010_시도별_장기요양판정
여자,인천광역시,감경,4등급,9036,2025,https://api.odcloud.kr/api/15072696/v1/uddi:d8b661ea-f3eb-4717-8ede-afff5eca1e8a,PUB-010_시도별_장기요양판정
여자,인천광역시,감경,5등급,1386,2025,https://api.odcloud.kr/api/15072696/v1/uddi:d8b661ea-f3eb-4717-8ede-afff5eca1e8a,PUB-010_시도별_장기요양판정
여자,인천광역시,감경,인지지원등급,225,2025,https://api.odcloud.kr/api/15072696/v1/uddi:d8b661ea-f3eb-4717-8ede-afff5eca1e8a,PUB-010_시도별_장기요양판정
여자,인천광역시,감경,등급외,176,2025,https://api.odcloud.kr/api/15072696/v1/uddi:d8b661ea-f3eb-4717-8ede-afff5eca1e8a,PUB-010_시도별_장기요양판정
여자,인천광역시,의료급여,1등급,22,2025,https://api.odcloud.kr/api/15072696/v1/uddi:d8b661ea-f3eb-4717-8ede-afff5eca1e8a,PUB-010_시도별_장기요양판정
여자,인천광역시,의료급여,2등급,45,2025,https://api.odcloud.kr/api/15072696/v1/uddi:d8b661ea-f3eb-4717-8ede-afff5eca1e8a,PUB-010_시도별_장기요양판정
여자,인천광역시,의료급여,3등급,122,2025,https://api.odcloud.kr/api/15072696/v1/uddi:d8b661ea-f3eb-4717-8ede-afff5eca1e8a,PUB-010_시도별_장기요양판정
여자,인천광역시,의료급여,4등급,201,2025,https://api.odcloud.kr/api/15072696/v1/uddi:d8b661ea-f3eb-4717-8ede-afff5eca1e8a,PUB-010_시도별_장기요양판정
여자,인천광역시,의료급여,5등급,22,2025,https://api.odcloud.kr/api/15072696/v1/uddi:d8b661ea-f3eb-4717-8ede-afff5eca1e8a,PUB-010_시도별_장기요양판정
여자,인천광역시,의료급여,인지지원등급,3,2025,https://api.odcloud.kr/api/15072696/v1/uddi:d8b661ea-f3eb-4717-8ede-afff5eca1e8a,PUB-010_시도별_장기요양판정
여자,인천광역시,의료급여,등급외,31,2025,https://api.odcloud.kr/api/15072696/v1/uddi:d8b661ea-f3eb-4717-8ede-afff5eca1e8a,PUB-010_시도별_장기요양판정
여자,인천광역시,기초수급,1등급,516,2025,https://api.odcloud.kr/api/15072696/v1/uddi:d8b661ea-f3eb-4717-8ede-afff5eca1e8a,PUB-010_시도별_장기요양판정
여자,인천광역시,기초수급,2등급,985,2025,https://api.odcloud.kr/api/15072696/v1/uddi:d8b661ea-f3eb-4717-8ede-afff5eca1e8a,PUB-010_시도별_장기요양판정
여자,인천광역시,기초수급,3등급,2984,2025,https://api.odcloud.kr/api/15072696/v1/uddi:d8b661ea-f3eb-4717-8ede-afff5eca1e8a,PUB-010_시도별_장기요양판정
여자,인천광역시,기초수급,4등급,5319,2025,https://api.odcloud.kr/api/15072696/v1/uddi:d8b661ea-f3eb-4717-8ede-afff5eca1e8a,PUB-010_시도별_장기요양판정
여자,인천광역시,기초수급,5등급,707,2025,https://api.odcloud.kr/api/15072696/v1/uddi:d8b661ea-f3eb-4717-8ede-afff5eca1e8a,PUB-010_시도별_장기요양판정
여자,인천광역시,기초수급,인지지원등급,91,2025,https://api.odcloud.kr/api/15072696/v1/uddi:d8b661ea-f3eb-4717-8ede-afff5eca1e8a,PUB-010_시도별_장기요양판정
여자,인천광역시,기초수급,등급외,1085,2025,https://api.odcloud.kr/api/15072696/v1/uddi:d8b661ea-f3eb-4717-8ede-afff5eca1e8a,PUB-010_시도별_장기요양판정
남자,광주광역시,일반,1등급,167,2025,https://api.odcloud.kr/api/15072696/v1/uddi:d8b661ea-f3eb-4717-8ede-afff5eca1e8a,PUB-010_시도별_장기요양판정
남자,광주광역시,일반,2등급,284,2025,https://api.odcloud.kr/api/15072696/v1/uddi:d8b661ea-f3eb-4717-8ede-afff5eca1e8a,PUB-010_시도별_장기요양판정
남자,광주광역시,일반,3등급,1215,2025,https://api.odcloud.kr/api/15072696/v1/uddi:d8b661ea-f3eb-4717-8ede-afff5eca1e8a,PUB-010_시도별_장기요양판정
남자,광주광역시,일반,4등급,2172,2025,https://api.odcloud.kr/api/15072696/v1/uddi:d8b661ea-f3eb-4717-8ede-afff5eca1e8a,PUB-010_시도별_장기요양판정
남자,광주광역시,일반,5등급,517,2025,https://api.odcloud.kr/api/15072696/v1/uddi:d8b661ea-f3eb-4717-8ede-afff5eca1e8a,PUB-010_시도별_장기요양판정
남자,광주광역시,일반,인지지원등급,111,2025,https://api.odcloud.kr/api/15072696/v1/uddi:d8b661ea-f3eb-4717-8ede-afff5eca1e8a,PUB-010_시도별_장기요양판정
남자,광주광역시,일반,등급외,1234,2025,https://api.odcloud.kr/api/15072696/v1/uddi:d8b661ea-f3eb-4717-8ede-afff5eca1e8a,PUB-010_시도별_장기요양판정
남자,광주광역시,감경,1등급,99,2025,https://api.odcloud.kr/api/15072696/v1/uddi:d8b661ea-f3eb-4717-8ede-afff5eca1e8a,PUB-010_시도별_장기요양판정
남자,광주광역시,감경,2등급,224,2025,https://api.odcloud.kr/api/15072696/v1/uddi:d8b661ea-f3eb-4717-8ede-afff5eca1e8a,PUB-010_시도별_장기요양판정
남자,광주광역시,감경,3등급,906,2025,https://api.odcloud.kr/api/15072696/v1/uddi:d8b661ea-f3eb-4717-8ede-afff5eca1e8a,PUB-010_시도별_장기요양판정
남자,광주광역시,감경,4등급,1558,2025,https://api.odcloud.kr/api/15072696/v1/uddi:d8b661ea-f3eb-4717-8ede-afff5eca1e8a,PUB-010_시도별_장기요양판정
남자,광주광역시,감경,5등급,396,2025,https://api.odcloud.kr/api/15072696/v1/uddi:d8b661ea-f3eb-4717-8ede-afff5eca1e8a,PUB-010_시도별_장기요양판정
남자,광주광역시,감경,인지지원등급,83,2025,https://api.odcloud.kr/api/15072696/v1/uddi:d8b661ea-f3eb-4717-8ede-afff5eca1e8a,PUB-010_시도별_장기요양판정
남자,광주광역시,감경,등급외,76,2025,https://api.odcloud.kr/api/15072696/v1/uddi:d8b661ea-f3eb-4717-8ede-afff5eca1e8a,PUB-010_시도별_장기요양판정
남자,광주광역시,의료급여,1등급,7,2025,https://api.odcloud.kr/api/15072696/v1/uddi:d8b661ea-f3eb-4717-8ede-afff5eca1e8a,PUB-010_시도별_장기요양판정
남자,광주광역시,의료급여,2등급,17,2025,https://api.odcloud.kr/api/15072696/v1/uddi:d8b661ea-f3eb-4717-8ede-afff5eca1e8a,PUB-010_시도별_장기요양판정
남자,광주광역시,의료급여,3등급,48,2025,https://api.odcloud.kr/api/15072696/v1/uddi:d8b661ea-f3eb-4717-8ede-afff5eca1e8a,PUB-010_시도별_장기요양판정
남자,광주광역시,의료급여,4등급,66,2025,https://api.odcloud.kr/api/15072696/v1/uddi:d8b661ea-f3eb-4717-8ede-afff5eca1e8a,PUB-010_시도별_장기요양판정
남자,광주광역시,의료급여,5등급,23,2025,https://api.odcloud.kr/api/15072696/v1/uddi:d8b661ea-f3eb-4717-8ede-afff5eca1e8a,PUB-010_시도별_장기요양판정
남자,광주광역시,의료급여,인지지원등급,4,2025,https://api.odcloud.kr/api/15072696/v1/uddi:d8b661ea-f3eb-4717-8ede-afff5eca1e8a,PUB-010_시도별_장기요양판정
남자,광주광역시,의료급여,등급외,19,2025,https://api.odcloud.kr/api/15072696/v1/uddi:d8b661ea-f3eb-4717-8ede-afff5eca1e8a,PUB-010_시도별_장기요양판정
남자,광주광역시,기초수급,1등급,51,2025,https://api.odcloud.kr/api/15072696/v1/uddi:d8b661ea-f3eb-4717-8ede-afff5eca1e8a,PUB-010_시도별_장기요양판정
남자,광주광역시,기초수급,2등급,78,2025,https://api.odcloud.kr/api/15072696/v1/uddi:d8b661ea-f3eb-4717-8ede-afff5eca1e8a,PUB-010_시도별_장기요양판정
남자,광주광역시,기초수급,3등급,378,2025,https://api.odcloud.kr/api/15072696/v1/uddi:d8b661ea-f3eb-4717-8ede-afff5eca1e8a,PUB-010_시도별_장기요양판정
남자,광주광역시,기초수급,4등급,898,2025,https://api.odcloud.kr/api/15072696/v1/uddi:d8b661ea-f3eb-4717-8ede-afff5eca1e8a,PUB-010_시도별_장기요양판정
남자,광주광역시,기초수급,5등급,277,2025,https://api.odcloud.kr/api/15072696/v1/uddi:d8b661ea-f3eb-4717-8ede-afff5eca1e8a,PUB-010_시도별_장기요양판정
남자,광주광역시,기초수급,인지지원등급,96,2025,https://api.odcloud.kr/api/15072696/v1/uddi:d8b661ea-f3eb-4717-8ede-afff5eca1e8a,PUB-010_시도별_장기요양판정
남자,광주광역시,기초수급,등급외,676,2025,https://api.odcloud.kr/api/15072696/v1/uddi:d8b661ea-f3eb-4717-8ede-afff5eca1e8a,PUB-010_시도별_장기요양판정
여자,광주광역시,일반,1등급,373,2025,https://api.odcloud.kr/api/15072696/v1/uddi:d8b661ea-f3eb-4717-8ede-afff5eca1e8a,PUB-010_시도별_장기요양판정
여자,광주광역시,일반,2등급,601,2025,https://api.odcloud.kr/api/15072696/v1/uddi:d8b661ea-f3eb-4717-8ede-afff5eca1e8a,PUB-010_시도별_장기요양판정
여자,광주광역시,일반,3등급,2265,2025,https://api.odcloud.kr/api/15072696/v1/uddi:d8b661ea-f3eb-4717-8ede-afff5eca1e8a,PUB-010_시도별_장기요양판정
여자,광주광역시,일반,4등급,4512,2025,https://api.odcloud.kr/api/15072696/v1/uddi:d8b661ea-f3eb-4717-8ede-afff5eca1e8a,PUB-010_시도별_장기요양판정
여자,광주광역시,일반,5등급,1011,2025,https://api.odcloud.kr/api/15072696/v1/uddi:d8b661ea-f3eb-4717-8ede-afff5eca1e8a,PUB-010_시도별_장기요양판정
여자,광주광역시,일반,인지지원등급,244,2025,https://api.odcloud.kr/api/15072696/v1/uddi:d8b661ea-f3eb-4717-8ede-afff5eca1e8a,PUB-010_시도별_장기요양판정
여자,광주광역시,일반,등급외,2326,2025,https://api.odcloud.kr/api/15072696/v1/uddi:d8b661ea-f3eb-4717-8ede-afff5eca1e8a,PUB-010_시도별_장기요양판정
여자,광주광역시,감경,1등급,378,2025,https://api.odcloud.kr/api/15072696/v1/uddi:d8b661ea-f3eb-4717-8ede-afff5eca1e8a,PUB-010_시도별_장기요양판정
여자,광주광역시,감경,2등급,812,2025,https://api.odcloud.kr/api/15072696/v1/uddi:d8b661ea-f3eb-4717-8ede-afff5eca1e8a,PUB-010_시도별_장기요양판정
여자,광주광역시,감경,3등급,2446,2025,https://api.odcloud.kr/api/15072696/v1/uddi:d8b661ea-f3eb-4717-8ede-afff5eca1e8a,PUB-010_시도별_장기요양판정
여자,광주광역시,감경,4등급,4593,2025,https://api.odcloud.kr/api/15072696/v1/uddi:d8b661ea-f3eb-4717-8ede-afff5eca1e8a,PUB-010_시도별_장기요양판정
여자,광주광역시,감경,5등급,942,2025,https://api.odcloud.kr/api/15072696/v1/uddi:d8b661ea-f3eb-4717-8ede-afff5eca1e8a,PUB-010_시도별_장기요양판정
여자,광주광역시,감경,인지지원등급,153,2025,https://api.odcloud.kr/api/15072696/v1/uddi:d8b661ea-f3eb-4717-8ede-afff5eca1e8a,PUB-010_시도별_장기요양판정
여자,광주광역시,감경,등급외,134,2025,https://api.odcloud.kr/api/15072696/v1/uddi:d8b661ea-f3eb-4717-8ede-afff5eca1e8a,PUB-010_시도별_장기요양판정
여자,광주광역시,의료급여,1등급,14,2025,https://api.odcloud.kr/api/15072696/v1/uddi:d8b661ea-f3eb-4717-8ede-afff5eca1e8a,PUB-010_시도별_장기요양판정
여자,광주광역시,의료급여,2등급,34,2025,https://api.odcloud.kr/api/15072696/v1/uddi:d8b661ea-f3eb-4717-8ede-afff5eca1e8a,PUB-010_시도별_장기요양판정
여자,광주광역시,의료급여,3등급,136,2025,https://api.odcloud.kr/api/15072696/v1/uddi:d8b661ea-f3eb-4717-8ede-afff5eca1e8a,PUB-010_시도별_장기요양판정
여자,광주광역시,의료급여,4등급,236,2025,https://api.odcloud.kr/api/15072696/v1/uddi:d8b661ea-f3eb-4717-8ede-afff5eca1e8a,PUB-010_시도별_장기요양판정
여자,광주광역시,의료급여,5등급,49,2025,https://api.odcloud.kr/api/15072696/v1/uddi:d8b661ea-f3eb-4717-8ede-afff5eca1e8a,PUB-010_시도별_장기요양판정
여자,광주광역시,의료급여,인지지원등급,6,2025,https://api.odcloud.kr/api/15072696/v1/uddi:d8b661ea-f3eb-4717-8ede-afff5eca1e8a,PUB-010_시도별_장기요양판정
여자,광주광역시,의료급여,등급외,36,2025,https://api.odcloud.kr/api/15072696/v1/uddi:d8b661ea-f3eb-4717-8ede-afff5eca1e8a,PUB-010_시도별_장기요양판정
여자,광주광역시,기초수급,1등급,126,2025,https://api.odcloud.kr/api/15072696/v1/uddi:d8b661ea-f3eb-4717-8ede-afff5eca1e8a,PUB-010_시도별_장기요양판정
여자,광주광역시,기초수급,2등급,278,2025,https://api.odcloud.kr/api/15072696/v1/uddi:d8b661ea-f3eb-4717-8ede-afff5eca1e8a,PUB-010_시도별_장기요양판정
여자,광주광역시,기초수급,3등급,866,2025,https://api.odcloud.kr/api/15072696/v1/uddi:d8b661ea-f3eb-4717-8ede-afff5eca1e8a,PUB-010_시도별_장기요양판정
여자,광주광역시,기초수급,4등급,1849,2025,https://api.odcloud.kr/api/15072696/v1/uddi:d8b661ea-f3eb-4717-8ede-afff5eca1e8a,PUB-010_시도별_장기요양판정
여자,광주광역시,기초수급,5등급,413,2025,https://api.odcloud.kr/api/15072696/v1/uddi:d8b661ea-f3eb-4717-8ede-afff5eca1e8a,PUB-010_시도별_장기요양판정
여자,광주광역시,기초수급,인지지원등급,81,2025,https://api.odcloud.kr/api/15072696/v1/uddi:d8b661ea-f3eb-4717-8ede-afff5eca1e8a,PUB-010_시도별_장기요양판정
여자,광주광역시,기초수급,등급외,759,2025,https://api.odcloud.kr/api/15072696/v1/uddi:d8b661ea-f3eb-4717-8ede-afff5eca1e8a,PUB-010_시도별_장기요양판정
남자,대전광역시,일반,1등급,189,2025,https://api.odcloud.kr/api/15072696/v1/uddi:d8b661ea-f3eb-4717-8ede-afff5eca1e8a,PUB-010_시도별_장기요양판정
남자,대전광역시,일반,2등급,343,2025,https://api.odcloud.kr/api/15072696/v1/uddi:d8b661ea-f3eb-4717-8ede-afff5eca1e8a,PUB-010_시도별_장기요양판정
남자,대전광역시,일반,3등급,1234,2025,https://api.odcloud.kr/api/15072696/v1/uddi:d8b661ea-f3eb-4717-8ede-afff5eca1e8a,PUB-010_시도별_장기요양판정
남자,대전광역시,일반,4등급,2017,2025,https://api.odcloud.kr/api/15072696/v1/uddi:d8b661ea-f3eb-4717-8ede-afff5eca1e8a,PUB-010_시도별_장기요양판정
남자,대전광역시,일반,5등급,496,2025,https://api.odcloud.kr/api/15072696/v1/uddi:d8b661ea-f3eb-4717-8ede-afff5eca1e8a,PUB-010_시도별_장기요양판정
남자,대전광역시,일반,인지지원등급,98,2025,https://api.odcloud.kr/api/15072696/v1/uddi:d8b661ea-f3eb-4717-8ede-afff5eca1e8a,PUB-010_시도별_장기요양판정
남자,대전광역시,일반,등급외,849,2025,https://api.odcloud.kr/api/15072696/v1/uddi:d8b661ea-f3eb-4717-8ede-afff5eca1e8a,PUB-010_시도별_장기요양판정
남자,대전광역시,감경,1등급,117,2025,https://api.odcloud.kr/api/15072696/v1/uddi:d8b661ea-f3eb-4717-8ede-afff5eca1e8a,PUB-010_시도별_장기요양판정
남자,대전광역시,감경,2등급,252,2025,https://api.odcloud.kr/api/15072696/v1/uddi:d8b661ea-f3eb-4717-8ede-afff5eca1e8a,PUB-010_시도별_장기요양판정
남자,대전광역시,감경,3등급,986,2025,https://api.odcloud.kr/api/15072696/v1/uddi:d8b661ea-f3eb-4717-8ede-afff5eca1e8a,PUB-010_시도별_장기요양판정
남자,대전광역시,감경,4등급,1674,2025,https://api.odcloud.kr/api/15072696/v1/uddi:d8b661ea-f3eb-4717-8ede-afff5eca1e8a,PUB-010_시도별_장기요양판정
남자,대전광역시,감경,5등급,381,2025,https://api.odcloud.kr/api/15072696/v1/uddi:d8b661ea-f3eb-4717-8ede-afff5eca1e8a,PUB-010_시도별_장기요양판정
남자,대전광역시,감경,인지지원등급,67,2025,https://api.odcloud.kr/api/15072696/v1/uddi:d8b661ea-f3eb-4717-8ede-afff5eca1e8a,PUB-010_시도별_장기요양판정
남자,대전광역시,감경,등급외,59,2025,https://api.odcloud.kr/api/15072696/v1/uddi:d8b661ea-f3eb-4717-8ede-afff5eca1e8a,PUB-010_시도별_장기요양판정
남자,대전광역시,의료급여,1등급,3,2025,https://api.odcloud.kr/api/15072696/v1/uddi:d8b661ea-f3eb-4717-8ede-afff5eca1e8a,PUB-010_시도별_장기요양판정
남자,대전광역시,의료급여,2등급,5,2025,https://api.odcloud.kr/api/15072696/v1/uddi:d8b661ea-f3eb-4717-8ede-afff5eca1e8a,PUB-010_시도별_장기요양판정
남자,대전광역시,의료급여,3등급,19,2025,https://api.odcloud.kr/api/15072696/v1/uddi:d8b661ea-f3eb-4717-8ede-afff5eca1e8a,PUB-010_시도별_장기요양판정
남자,대전광역시,의료급여,4등급,29,2025,https://api.odcloud.kr/api/15072696/v1/uddi:d8b661ea-f3eb-4717-8ede-afff5eca1e8a,PUB-010_시도별_장기요양판정
남자,대전광역시,의료급여,5등급,8,2025,https://api.odcloud.kr/api/15072696/v1/uddi:d8b661ea-f3eb-4717-8ede-afff5eca1e8a,PUB-010_시도별_장기요양판정
남자,대전광역시,의료급여,인지지원등급,1,2025,https://api.odcloud.kr/api/15072696/v1/uddi:d8b661ea-f3eb-4717-8ede-afff5eca1e8a,PUB-010_시도별_장기요양판정
남자,대전광역시,의료급여,등급외,9,2025,https://api.odcloud.kr/api/15072696/v1/uddi:d8b661ea-f3eb-4717-8ede-afff5eca1e8a,PUB-010_시도별_장기요양판정
남자,대전광역시,기초수급,1등급,78,2025,https://api.odcloud.kr/api/15072696/v1/uddi:d8b661ea-f3eb-4717-8ede-afff5eca1e8a,PUB-010_시도별_장기요양판정
남자,대전광역시,기초수급,2등급,128,2025,https://api.odcloud.kr/api/15072696/v1/uddi:d8b661ea-f3eb-4717-8ede-afff5eca1e8a,PUB-010_시도별_장기요양판정
남자,대전광역시,기초수급,3등급,501,2025,https://api.odcloud.kr/api/15072696/v1/uddi:d8b661ea-f3eb-4717-8ede-afff5eca1e8a,PUB-010_시도별_장기요양판정
남자,대전광역시,기초수급,4등급,991,2025,https://api.odcloud.kr/api/15072696/v1/uddi:d8b661ea-f3eb-4717-8ede-afff5eca1e8a,PUB-010_시도별_장기요양판정
남자,대전광역시,기초수급,5등급,288,2025,https://api.odcloud.kr/api/15072696/v1/uddi:d8b661ea-f3eb-4717-8ede-afff5eca1e8a,PUB-010_시도별_장기요양판정
남자,대전광역시,기초수급,인지지원등급,67,2025,https://api.odcloud.kr/api/15072696/v1/uddi:d8b661ea-f3eb-4717-8ede-afff5eca1e8a,PUB-010_시도별_장기요양판정
남자,대전광역시,기초수급,등급외,510,2025,https://api.odcloud.kr/api/15072696/v1/uddi:d8b661ea-f3eb-4717-8ede-afff5eca1e8a,PUB-010_시도별_장기요양판정
여자,대전광역시,일반,1등급,396,2025,https://api.odcloud.kr/api/15072696/v1/uddi:d8b661ea-f3eb-4717-8ede-afff5eca1e8a,PUB-010_시도별_장기요양판정
여자,대전광역시,일반,2등급,760,2025,https://api.odcloud.kr/api/15072696/v1/uddi:d8b661ea-f3eb-4717-8ede-afff5eca1e8a,PUB-010_시도별_장기요양판정
여자,대전광역시,일반,3등급,2518,2025,https://api.odcloud.kr/api/15072696/v1/uddi:d8b661ea-f3eb-4717-8ede-afff5eca1e8a,PUB-010_시도별_장기요양판정
여자,대전광역시,일반,4등급,4285,2025,https://api.odcloud.kr/api/15072696/v1/uddi:d8b661ea-f3eb-4717-8ede-afff5eca1e8a,PUB-010_시도별_장기요양판정
여자,대전광역시,일반,5등급,1033,2025,https://api.odcloud.kr/api/15072696/v1/uddi:d8b661ea-f3eb-4717-8ede-afff5eca1e8a,PUB-010_시도별_장기요양판정
여자,대전광역시,일반,인지지원등급,215,2025,https://api.odcloud.kr/api/15072696/v1/uddi:d8b661ea-f3eb-4717-8ede-afff5eca1e8a,PUB-010_시도별_장기요양판정
여자,대전광역시,일반,등급외,1510,2025,https://api.odcloud.kr/api/15072696/v1/uddi:d8b661ea-f3eb-4717-8ede-afff5eca1e8a,PUB-010_시도별_장기요양판정
여자,대전광역시,감경,1등급,394,2025,https://api.odcloud.kr/api/15072696/v1/uddi:d8b661ea-f3eb-4717-8ede-afff5eca1e8a,PUB-010_시도별_장기요양판정
여자,대전광역시,감경,2등급,932,2025,https://api.odcloud.kr/api/15072696/v1/uddi:d8b661ea-f3eb-4717-8ede-afff5eca1e8a,PUB-010_시도별_장기요양판정
여자,대전광역시,감경,3등급,2706,2025,https://api.odcloud.kr/api/15072696/v1/uddi:d8b661ea-f3eb-4717-8ede-afff5eca1e8a,PUB-010_시도별_장기요양판정
여자,대전광역시,감경,4등급,4177,2025,https://api.odcloud.kr/api/15072696/v1/uddi:d8b661ea-f3eb-4717-8ede-afff5eca1e8a,PUB-010_시도별_장기요양판정
여자,대전광역시,감경,5등급,860,2025,https://api.odcloud.kr/api/15072696/v1/uddi:d8b661ea-f3eb-4717-8ede-afff5eca1e8a,PUB-010_시도별_장기요양판정
여자,대전광역시,감경,인지지원등급,139,2025,https://api.odcloud.kr/api/15072696/v1/uddi:d8b661ea-f3eb-4717-8ede-afff5eca1e8a,PUB-010_시도별_장기요양판정
여자,대전광역시,감경,등급외,91,2025,https://api.odcloud.kr/api/15072696/v1/uddi:d8b661ea-f3eb-4717-8ede-afff5eca1e8a,PUB-010_시도별_장기요양판정
여자,대전광역시,의료급여,1등급,14,2025,https://api.odcloud.kr/api/15072696/v1/uddi:d8b661ea-f3eb-4717-8ede-afff5eca1e8a,PUB-010_시도별_장기요양판정
여자,대전광역시,의료급여,2등급,30,2025,https://api.odcloud.kr/api/15072696/v1/uddi:d8b661ea-f3eb-4717-8ede-afff5eca1e8a,PUB-010_시도별_장기요양판정
여자,대전광역시,의료급여,3등급,76,2025,https://api.odcloud.kr/api/15072696/v1/uddi:d8b661ea-f3eb-4717-8ede-afff5eca1e8a,PUB-010_시도별_장기요양판정
여자,대전광역시,의료급여,4등급,97,2025,https://api.odcloud.kr/api/15072696/v1/uddi:d8b661ea-f3eb-4717-8ede-afff5eca1e8a,PUB-010_시도별_장기요양판정
여자,대전광역시,의료급여,5등급,16,2025,https://api.odcloud.kr/api/15072696/v1/uddi:d8b661ea-f3eb-4717-8ede-afff5eca1e8a,PUB-010_시도별_장기요양판정
여자,대전광역시,의료급여,인지지원등급,1,2025,https://api.odcloud.kr/api/15072696/v1/uddi:d8b661ea-f3eb-4717-8ede-afff5eca1e8a,PUB-010_시도별_장기요양판정
여자,대전광역시,의료급여,등급외,10,2025,https://api.odcloud.kr/api/15072696/v1/uddi:d8b661ea-f3eb-4717-8ede-afff5eca1e8a,PUB-010_시도별_장기요양판정
여자,대전광역시,기초수급,1등급,186,2025,https://api.odcloud.kr/api/15072696/v1/uddi:d8b661ea-f3eb-4717-8ede-afff5eca1e8a,PUB-010_시도별_장기요양판정
여자,대전광역시,기초수급,2등급,352,2025,https://api.odcloud.kr/api/15072696/v1/uddi:d8b661ea-f3eb-4717-8ede-afff5eca1e8a,PUB-010_시도별_장기요양판정
여자,대전광역시,기초수급,3등급,984,2025,https://api.odcloud.kr/api/15072696/v1/uddi:d8b661ea-f3eb-4717-8ede-afff5eca1e8a,PUB-010_시도별_장기요양판정
여자,대전광역시,기초수급,4등급,1855,2025,https://api.odcloud.kr/api/15072696/v1/uddi:d8b661ea-f3eb-4717-8ede-afff5eca1e8a,PUB-010_시도별_장기요양판정
여자,대전광역시,기초수급,5등급,402,2025,https://api.odcloud.kr/api/15072696/v1/uddi:d8b661ea-f3eb-4717-8ede-afff5eca1e8a,PUB-010_시도별_장기요양판정
여자,대전광역시,기초수급,인지지원등급,61,2025,https://api.odcloud.kr/api/15072696/v1/uddi:d8b661ea-f3eb-4717-8ede-afff5eca1e8a,PUB-010_시도별_장기요양판정
여자,대전광역시,기초수급,등급외,529,2025,https://api.odcloud.kr/api/15072696/v1/uddi:d8b661ea-f3eb-4717-8ede-afff5eca1e8a,PUB-010_시도별_장기요양판정
남자,울산광역시,일반,1등급,134,2025,https://api.odcloud.kr/api/15072696/v1/uddi:d8b661ea-f3eb-4717-8ede-afff5eca1e8a,PUB-010_시도별_장기요양판정
남자,울산광역시,일반,2등급,225,2025,https://api.odcloud.kr/api/15072696/v1/uddi:d8b661ea-f3eb-4717-8ede-afff5eca1e8a,PUB-010_시도별_장기요양판정
남자,울산광역시,일반,3등급,813,2025,https://api.odcloud.kr/api/15072696/v1/uddi:d8b661ea-f3eb-4717-8ede-afff5eca1e8a,PUB-010_시도별_장기요양판정
남자,울산광역시,일반,4등급,1296,2025,https://api.odcloud.kr/api/15072696/v1/uddi:d8b661ea-f3eb-4717-8ede-afff5eca1e8a,PUB-010_시도별_장기요양판정
남자,울산광역시,일반,5등급,366,2025,https://api.odcloud.kr/api/15072696/v1/uddi:d8b661ea-f3eb-4717-8ede-afff5eca1e8a,PUB-010_시도별_장기요양판정
남자,울산광역시,일반,인지지원등급,90,2025,https://api.odcloud.kr/api/15072696/v1/uddi:d8b661ea-f3eb-4717-8ede-afff5eca1e8a,PUB-010_시도별_장기요양판정
남자,울산광역시,일반,등급외,581,2025,https://api.odcloud.kr/api/15072696/v1/uddi:d8b661ea-f3eb-4717-8ede-afff5eca1e8a,PUB-010_시도별_장기요양판정
남자,울산광역시,감경,1등급,93,2025,https://api.odcloud.kr/api/15072696/v1/uddi:d8b661ea-f3eb-4717-8ede-afff5eca1e8a,PUB-010_시도별_장기요양판정
남자,울산광역시,감경,2등급,132,2025,https://api.odcloud.kr/api/15072696/v1/uddi:d8b661ea-f3eb-4717-8ede-afff5eca1e8a,PUB-010_시도별_장기요양판정
남자,울산광역시,감경,3등급,526,2025,https://api.odcloud.kr/api/15072696/v1/uddi:d8b661ea-f3eb-4717-8ede-afff5eca1e8a,PUB-010_시도별_장기요양판정
남자,울산광역시,감경,4등급,771,2025,https://api.odcloud.kr/api/15072696/v1/uddi:d8b661ea-f3eb-4717-8ede-afff5eca1e8a,PUB-010_시도별_장기요양판정
남자,울산광역시,감경,5등급,213,2025,https://api.odcloud.kr/api/15072696/v1/uddi:d8b661ea-f3eb-4717-8ede-afff5eca1e8a,PUB-010_시도별_장기요양판정
남자,울산광역시,감경,인지지원등급,48,2025,https://api.odcloud.kr/api/15072696/v1/uddi:d8b661ea-f3eb-4717-8ede-afff5eca1e8a,PUB-010_시도별_장기요양판정
남자,울산광역시,감경,등급외,19,2025,https://api.odcloud.kr/api/15072696/v1/uddi:d8b661ea-f3eb-4717-8ede-afff5eca1e8a,PUB-010_시도별_장기요양판정
남자,울산광역시,의료급여,1등급,0,2025,https://api.odcloud.kr/api/15072696/v1/uddi:d8b661ea-f3eb-4717-8ede-afff5eca1e8a,PUB-010_시도별_장기요양판정
남자,울산광역시,의료급여,2등급,3,2025,https://api.odcloud.kr/api/15072696/v1/uddi:d8b661ea-f3eb-4717-8ede-afff5eca1e8a,PUB-010_시도별_장기요양판정
남자,울산광역시,의료급여,3등급,13,2025,https://api.odcloud.kr/api/15072696/v1/uddi:d8b661ea-f3eb-4717-8ede-afff5eca1e8a,PUB-010_시도별_장기요양판정
남자,울산광역시,의료급여,4등급,17,2025,https://api.odcloud.kr/api/15072696/v1/uddi:d8b661ea-f3eb-4717-8ede-afff5eca1e8a,PUB-010_시도별_장기요양판정
남자,울산광역시,의료급여,5등급,9,2025,https://api.odcloud.kr/api/15072696/v1/uddi:d8b661ea-f3eb-4717-8ede-afff5eca1e8a,PUB-010_시도별_장기요양판정
남자,울산광역시,의료급여,인지지원등급,0,2025,https://api.odcloud.kr/api/15072696/v1/uddi:d8b661ea-f3eb-4717-8ede-afff5eca1e8a,PUB-010_시도별_장기요양판정
남자,울산광역시,의료급여,등급외,3,2025,https://api.odcloud.kr/api/15072696/v1/uddi:d8b661ea-f3eb-4717-8ede-afff5eca1e8a,PUB-010_시도별_장기요양판정
남자,울산광역시,기초수급,1등급,47,2025,https://api.odcloud.kr/api/15072696/v1/uddi:d8b661ea-f3eb-4717-8ede-afff5eca1e8a,PUB-010_시도별_장기요양판정
남자,울산광역시,기초수급,2등급,65,2025,https://api.odcloud.kr/api/15072696/v1/uddi:d8b661ea-f3eb-4717-8ede-afff5eca1e8a,PUB-010_시도별_장기요양판정
남자,울산광역시,기초수급,3등급,200,2025,https://api.odcloud.kr/api/15072696/v1/uddi:d8b661ea-f3eb-4717-8ede-afff5eca1e8a,PUB-010_시도별_장기요양판정
남자,울산광역시,기초수급,4등급,532,2025,https://api.odcloud.kr/api/15072696/v1/uddi:d8b661ea-f3eb-4717-8ede-afff5eca1e8a,PUB-010_시도별_장기요양판정
남자,울산광역시,기초수급,5등급,163,2025,https://api.odcloud.kr/api/15072696/v1/uddi:d8b661ea-f3eb-4717-8ede-afff5eca1e8a,PUB-010_시도별_장기요양판정
남자,울산광역시,기초수급,인지지원등급,44,2025,https://api.odcloud.kr/api/15072696/v1/uddi:d8b661ea-f3eb-4717-8ede-afff5eca1e8a,PUB-010_시도별_장기요양판정
남자,울산광역시,기초수급,등급외,256,2025,https://api.odcloud.kr/api/15072696/v1/uddi:d8b661ea-f3eb-4717-8ede-afff5eca1e8a,PUB-010_시도별_장기요양판정
여자,울산광역시,일반,1등급,308,2025,https://api.odcloud.kr/api/15072696/v1/uddi:d8b661ea-f3eb-4717-8ede-afff5eca1e8a,PUB-010_시도별_장기요양판정
여자,울산광역시,일반,2등급,530,2025,https://api.odcloud.kr/api/15072696/v1/uddi:d8b661ea-f3eb-4717-8ede-afff5eca1e8a,PUB-010_시도별_장기요양판정
여자,울산광역시,일반,3등급,1699,2025,https://api.odcloud.kr/api/15072696/v1/uddi:d8b661ea-f3eb-4717-8ede-afff5eca1e8a,PUB-010_시도별_장기요양판정
여자,울산광역시,일반,4등급,2868,2025,https://api.odcloud.kr/api/15072696/v1/uddi:d8b661ea-f3eb-4717-8ede-afff5eca1e8a,PUB-010_시도별_장기요양판정
여자,울산광역시,일반,5등급,756,2025,https://api.odcloud.kr/api/15072696/v1/uddi:d8b661ea-f3eb-4717-8ede-afff5eca1e8a,PUB-010_시도별_장기요양판정
여자,울산광역시,일반,인지지원등급,201,2025,https://api.odcloud.kr/api/15072696/v1/uddi:d8b661ea-f3eb-4717-8ede-afff5eca1e8a,PUB-010_시도별_장기요양판정
여자,울산광역시,일반,등급외,1022,2025,https://api.odcloud.kr/api/15072696/v1/uddi:d8b661ea-f3eb-4717-8ede-afff5eca1e8a,PUB-010_시도별_장기요양판정
여자,울산광역시,감경,1등급,264,2025,https://api.odcloud.kr/api/15072696/v1/uddi:d8b661ea-f3eb-4717-8ede-afff5eca1e8a,PUB-010_시도별_장기요양판정
여자,울산광역시,감경,2등급,459,2025,https://api.odcloud.kr/api/15072696/v1/uddi:d8b661ea-f3eb-4717-8ede-afff5eca1e8a,PUB-010_시도별_장기요양판정
여자,울산광역시,감경,3등급,1301,2025,https://api.odcloud.kr/api/15072696/v1/uddi:d8b661ea-f3eb-4717-8ede-afff5eca1e8a,PUB-010_시도별_장기요양판정
여자,울산광역시,감경,4등급,2006,2025,https://api.odcloud.kr/api/15072696/v1/uddi:d8b661ea-f3eb-4717-8ede-afff5eca1e8a,PUB-010_시도별_장기요양판정
여자,울산광역시,감경,5등급,503,2025,https://api.odcloud.kr/api/15072696/v1/uddi:d8b661ea-f3eb-4717-8ede-afff5eca1e8a,PUB-010_시도별_장기요양판정
여자,울산광역시,감경,인지지원등급,122,2025,https://api.odcloud.kr/api/15072696/v1/uddi:d8b661ea-f3eb-4717-8ede-afff5eca1e8a,PUB-010_시도별_장기요양판정
여자,울산광역시,감경,등급외,38,2025,https://api.odcloud.kr/api/15072696/v1/uddi:d8b661ea-f3eb-4717-8ede-afff5eca1e8a,PUB-010_시도별_장기요양판정
여자,울산광역시,의료급여,1등급,5,2025,https://api.odcloud.kr/api/15072696/v1/uddi:d8b661ea-f3eb-4717-8ede-afff5eca1e8a,PUB-010_시도별_장기요양판정
여자,울산광역시,의료급여,2등급,13,2025,https://api.odcloud.kr/api/15072696/v1/uddi:d8b661ea-f3eb-4717-8ede-afff5eca1e8a,PUB-010_시도별_장기요양판정
여자,울산광역시,의료급여,3등급,31,2025,https://api.odcloud.kr/api/15072696/v1/uddi:d8b661ea-f3eb-4717-8ede-afff5eca1e8a,PUB-010_시도별_장기요양판정
여자,울산광역시,의료급여,4등급,60,2025,https://api.odcloud.kr/api/15072696/v1/uddi:d8b661ea-f3eb-4717-8ede-afff5eca1e8a,PUB-010_시도별_장기요양판정
여자,울산광역시,의료급여,5등급,9,2025,https://api.odcloud.kr/api/15072696/v1/uddi:d8b661ea-f3eb-4717-8ede-afff5eca1e8a,PUB-010_시도별_장기요양판정
여자,울산광역시,의료급여,인지지원등급,4,2025,https://api.odcloud.kr/api/15072696/v1/uddi:d8b661ea-f3eb-4717-8ede-afff5eca1e8a,PUB-010_시도별_장기요양판정
여자,울산광역시,의료급여,등급외,7,2025,https://api.odcloud.kr/api/15072696/v1/uddi:d8b661ea-f3eb-4717-8ede-afff5eca1e8a,PUB-010_시도별_장기요양판정
여자,울산광역시,기초수급,1등급,78,2025,https://api.odcloud.kr/api/15072696/v1/uddi:d8b661ea-f3eb-4717-8ede-afff5eca1e8a,PUB-010_시도별_장기요양판정
여자,울산광역시,기초수급,2등급,173,2025,https://api.odcloud.kr/api/15072696/v1/uddi:d8b661ea-f3eb-4717-8ede-afff5eca1e8a,PUB-010_시도별_장기요양판정
여자,울산광역시,기초수급,3등급,455,2025,https://api.odcloud.kr/api/15072696/v1/uddi:d8b661ea-f3eb-4717-8ede-afff5eca1e8a,PUB-010_시도별_장기요양판정
여자,울산광역시,기초수급,4등급,960,2025,https://api.odcloud.kr/api/15072696/v1/uddi:d8b661ea-f3eb-4717-8ede-afff5eca1e8a,PUB-010_시도별_장기요양판정
여자,울산광역시,기초수급,5등급,215,2025,https://api.odcloud.kr/api/15072696/v1/uddi:d8b661ea-f3eb-4717-8ede-afff5eca1e8a,PUB-010_시도별_장기요양판정
여자,울산광역시,기초수급,인지지원등급,54,2025,https://api.odcloud.kr/api/15072696/v1/uddi:d8b661ea-f3eb-4717-8ede-afff5eca1e8a,PUB-010_시도별_장기요양판정
여자,울산광역시,기초수급,등급외,274,2025,https://api.odcloud.kr/api/15072696/v1/uddi:d8b661ea-f3eb-4717-8ede-afff5eca1e8a,PUB-010_시도별_장기요양판정
남자,세종특별자치시,일반,1등급,42,2025,https://api.odcloud.kr/api/15072696/v1/uddi:d8b661ea-f3eb-4717-8ede-afff5eca1e8a,PUB-010_시도별_장기요양판정
남자,세종특별자치시,일반,2등급,52,2025,https://api.odcloud.kr/api/15072696/v1/uddi:d8b661ea-f3eb-4717-8ede-afff5eca1e8a,PUB-010_시도별_장기요양판정
남자,세종특별자치시,일반,3등급,199,2025,https://api.odcloud.kr/api/15072696/v1/uddi:d8b661ea-f3eb-4717-8ede-afff5eca1e8a,PUB-010_시도별_장기요양판정
남자,세종특별자치시,일반,4등급,410,2025,https://api.odcloud.kr/api/15072696/v1/uddi:d8b661ea-f3eb-4717-8ede-afff5eca1e8a,PUB-010_시도별_장기요양판정
남자,세종특별자치시,일반,5등급,142,2025,https://api.odcloud.kr/api/15072696/v1/uddi:d8b661ea-f3eb-4717-8ede-afff5eca1e8a,PUB-010_시도별_장기요양판정
남자,세종특별자치시,일반,인지지원등급,29,2025,https://api.odcloud.kr/api/15072696/v1/uddi:d8b661ea-f3eb-4717-8ede-afff5eca1e8a,PUB-010_시도별_장기요양판정
남자,세종특별자치시,일반,등급외,148,2025,https://api.odcloud.kr/api/15072696/v1/uddi:d8b661ea-f3eb-4717-8ede-afff5eca1e8a,PUB-010_시도별_장기요양판정
남자,세종특별자치시,감경,1등급,13,2025,https://api.odcloud.kr/api/15072696/v1/uddi:d8b661ea-f3eb-4717-8ede-afff5eca1e8a,PUB-010_시도별_장기요양판정
남자,세종특별자치시,감경,2등급,37,2025,https://api.odcloud.kr/api/15072696/v1/uddi:d8b661ea-f3eb-4717-8ede-afff5eca1e8a,PUB-010_시도별_장기요양판정
남자,세종특별자치시,감경,3등급,119,2025,https://api.odcloud.kr/api/15072696/v1/uddi:d8b661ea-f3eb-4717-8ede-afff5eca1e8a,PUB-010_시도별_장기요양판정
남자,세종특별자치시,감경,4등급,197,2025,https://api.odcloud.kr/api/15072696/v1/uddi:d8b661ea-f3eb-4717-8ede-afff5eca1e8a,PUB-010_시도별_장기요양판정
남자,세종특별자치시,감경,5등급,63,2025,https://api.odcloud.kr/api/15072696/v1/uddi:d8b661ea-f3eb-4717-8ede-afff5eca1e8a,PUB-010_시도별_장기요양판정
남자,세종특별자치시,감경,인지지원등급,13,2025,https://api.odcloud.kr/api/15072696/v1/uddi:d8b661ea-f3eb-4717-8ede-afff5eca1e8a,PUB-010_시도별_장기요양판정
남자,세종특별자치시,감경,등급외,2,2025,https://api.odcloud.kr/api/15072696/v1/uddi:d8b661ea-f3eb-4717-8ede-afff5eca1e8a,PUB-010_시도별_장기요양판정
남자,세종특별자치시,의료급여,1등급,1,2025,https://api.odcloud.kr/api/15072696/v1/uddi:d8b661ea-f3eb-4717-8ede-afff5eca1e8a,PUB-010_시도별_장기요양판정
남자,세종특별자치시,의료급여,2등급,1,2025,https://api.odcloud.kr/api/15072696/v1/uddi:d8b661ea-f3eb-4717-8ede-afff5eca1e8a,PUB-010_시도별_장기요양판정
남자,세종특별자치시,의료급여,3등급,1,2025,https://api.odcloud.kr/api/15072696/v1/uddi:d8b661ea-f3eb-4717-8ede-afff5eca1e8a,PUB-010_시도별_장기요양판정
남자,세종특별자치시,의료급여,4등급,4,2025,https://api.odcloud.kr/api/15072696/v1/uddi:d8b661ea-f3eb-4717-8ede-afff5eca1e8a,PUB-010_시도별_장기요양판정
남자,세종특별자치시,의료급여,5등급,2,2025,https://api.odcloud.kr/api/15072696/v1/uddi:d8b661ea-f3eb-4717-8ede-afff5eca1e8a,PUB-010_시도별_장기요양판정
남자,세종특별자치시,의료급여,인지지원등급,0,2025,https://api.odcloud.kr/api/15072696/v1/uddi:d8b661ea-f3eb-4717-8ede-afff5eca1e8a,PUB-010_시도별_장기요양판정
남자,세종특별자치시,의료급여,등급외,0,2025,https://api.odcloud.kr/api/15072696/v1/uddi:d8b661ea-f3eb-4717-8ede-afff5eca1e8a,PUB-010_시도별_장기요양판정
남자,세종특별자치시,기초수급,1등급,6,2025,https://api.odcloud.kr/api/15072696/v1/uddi:d8b661ea-f3eb-4717-8ede-afff5eca1e8a,PUB-010_시도별_장기요양판정
남자,세종특별자치시,기초수급,2등급,10,2025,https://api.odcloud.kr/api/15072696/v1/uddi:d8b661ea-f3eb-4717-8ede-afff5eca1e8a,PUB-010_시도별_장기요양판정
남자,세종특별자치시,기초수급,3등급,36,2025,https://api.odcloud.kr/api/15072696/v1/uddi:d8b661ea-f3eb-4717-8ede-afff5eca1e8a,PUB-010_시도별_장기요양판정
남자,세종특별자치시,기초수급,4등급,67,2025,https://api.odcloud.kr/api/15072696/v1/uddi:d8b661ea-f3eb-4717-8ede-afff5eca1e8a,PUB-010_시도별_장기요양판정
남자,세종특별자치시,기초수급,5등급,19,2025,https://api.odcloud.kr/api/15072696/v1/uddi:d8b661ea-f3eb-4717-8ede-afff5eca1e8a,PUB-010_시도별_장기요양판정
남자,세종특별자치시,기초수급,인지지원등급,15,2025,https://api.odcloud.kr/api/15072696/v1/uddi:d8b661ea-f3eb-4717-8ede-afff5eca1e8a,PUB-010_시도별_장기요양판정
남자,세종특별자치시,기초수급,등급외,30,2025,https://api.odcloud.kr/api/15072696/v1/uddi:d8b661ea-f3eb-4717-8ede-afff5eca1e8a,PUB-010_시도별_장기요양판정
여자,세종특별자치시,일반,1등급,99,2025,https://api.odcloud.kr/api/15072696/v1/uddi:d8b661ea-f3eb-4717-8ede-afff5eca1e8a,PUB-010_시도별_장기요양판정
여자,세종특별자치시,일반,2등급,167,2025,https://api.odcloud.kr/api/15072696/v1/uddi:d8b661ea-f3eb-4717-8ede-afff5eca1e8a,PUB-010_시도별_장기요양판정
여자,세종특별자치시,일반,3등급,468,2025,https://api.odcloud.kr/api/15072696/v1/uddi:d8b661ea-f3eb-4717-8ede-afff5eca1e8a,PUB-010_시도별_장기요양판정
여자,세종특별자치시,일반,4등급,863,2025,https://api.odcloud.kr/api/15072696/v1/uddi:d8b661ea-f3eb-4717-8ede-afff5eca1e8a,PUB-010_시도별_장기요양판정
여자,세종특별자치시,일반,5등급,287,2025,https://api.odcloud.kr/api/15072696/v1/uddi:d8b661ea-f3eb-4717-8ede-afff5eca1e8a,PUB-010_시도별_장기요양판정
여자,세종특별자치시,일반,인지지원등급,61,2025,https://api.odcloud.kr/api/15072696/v1/uddi:d8b661ea-f3eb-4717-8ede-afff5eca1e8a,PUB-010_시도별_장기요양판정
여자,세종특별자치시,일반,등급외,248,2025,https://api.odcloud.kr/api/15072696/v1/uddi:d8b661ea-f3eb-4717-8ede-afff5eca1e8a,PUB-010_시도별_장기요양판정
여자,세종특별자치시,감경,1등급,71,2025,https://api.odcloud.kr/api/15072696/v1/uddi:d8b661ea-f3eb-4717-8ede-afff5eca1e8a,PUB-010_시도별_장기요양판정
여자,세종특별자치시,감경,2등급,120,2025,https://api.odcloud.kr/api/15072696/v1/uddi:d8b661ea-f3eb-4717-8ede-afff5eca1e8a,PUB-010_시도별_장기요양판정
여자,세종특별자치시,감경,3등급,336,2025,https://api.odcloud.kr/api/15072696/v1/uddi:d8b661ea-f3eb-4717-8ede-afff5eca1e8a,PUB-010_시도별_장기요양판정
여자,세종특별자치시,감경,4등급,588,2025,https://api.odcloud.kr/api/15072696/v1/uddi:d8b661ea-f3eb-4717-8ede-afff5eca1e8a,PUB-010_시도별_장기요양판정
여자,세종특별자치시,감경,5등급,176,2025,https://api.odcloud.kr/api/15072696/v1/uddi:d8b661ea-f3eb-4717-8ede-afff5eca1e8a,PUB-010_시도별_장기요양판정
여자,세종특별자치시,감경,인지지원등급,39,2025,https://api.odcloud.kr/api/15072696/v1/uddi:d8b661ea-f3eb-4717-8ede-afff5eca1e8a,PUB-010_시도별_장기요양판정
여자,세종특별자치시,감경,등급외,12,2025,https://api.odcloud.kr/api/15072696/v1/uddi:d8b661ea-f3eb-4717-8ede-afff5eca1e8a,PUB-010_시도별_장기요양판정
여자,세종특별자치시,의료급여,1등급,2,2025,https://api.odcloud.kr/api/15072696/v1/uddi:d8b661ea-f3eb-4717-8ede-afff5eca1e8a,PUB-010_시도별_장기요양판정
여자,세종특별자치시,의료급여,2등급,4,2025,https://api.odcloud.kr/api/15072696/v1/uddi:d8b661ea-f3eb-4717-8ede-afff5eca1e8a,PUB-010_시도별_장기요양판정
여자,세종특별자치시,의료급여,3등급,8,2025,https://api.odcloud.kr/api/15072696/v1/uddi:d8b661ea-f3eb-4717-8ede-afff5eca1e8a,PUB-010_시도별_장기요양판정
여자,세종특별자치시,의료급여,4등급,9,2025,https://api.odcloud.kr/api/15072696/v1/uddi:d8b661ea-f3eb-4717-8ede-afff5eca1e8a,PUB-010_시도별_장기요양판정
여자,세종특별자치시,의료급여,5등급,4,2025,https://api.odcloud.kr/api/15072696/v1/uddi:d8b661ea-f3eb-4717-8ede-afff5eca1e8a,PUB-010_시도별_장기요양판정
여자,세종특별자치시,의료급여,인지지원등급,0,2025,https://api.odcloud.kr/api/15072696/v1/uddi:d8b661ea-f3eb-4717-8ede-afff5eca1e8a,PUB-010_시도별_장기요양판정
여자,세종특별자치시,의료급여,등급외,2,2025,https://api.odcloud.kr/api/15072696/v1/uddi:d8b661ea-f3eb-4717-8ede-afff5eca1e8a,PUB-010_시도별_장기요양판정
여자,세종특별자치시,기초수급,1등급,7,2025,https://api.odcloud.kr/api/15072696/v1/uddi:d8b661ea-f3eb-4717-8ede-afff5eca1e8a,PUB-010_시도별_장기요양판정
여자,세종특별자치시,기초수급,2등급,40,2025,https://api.odcloud.kr/api/15072696/v1/uddi:d8b661ea-f3eb-4717-8ede-afff5eca1e8a,PUB-010_시도별_장기요양판정
여자,세종특별자치시,기초수급,3등급,74,2025,https://api.odcloud.kr/api/15072696/v1/uddi:d8b661ea-f3eb-4717-8ede-afff5eca1e8a,PUB-010_시도별_장기요양판정
여자,세종특별자치시,기초수급,4등급,147,2025,https://api.odcloud.kr/api/15072696/v1/uddi:d8b661ea-f3eb-4717-8ede-afff5eca1e8a,PUB-010_시도별_장기요양판정
여자,세종특별자치시,기초수급,5등급,50,2025,https://api.odcloud.kr/api/15072696/v1/uddi:d8b661ea-f3eb-4717-8ede-afff5eca1e8a,PUB-010_시도별_장기요양판정
여자,세종특별자치시,기초수급,인지지원등급,19,2025,https://api.odcloud.kr/api/15072696/v1/uddi:d8b661ea-f3eb-4717-8ede-afff5eca1e8a,PUB-010_시도별_장기요양판정
여자,세종특별자치시,기초수급,등급외,37,2025,https://api.odcloud.kr/api/15072696/v1/uddi:d8b661ea-f3eb-4717-8ede-afff5eca1e8a,PUB-010_시도별_장기요양판정
남자,경기도,일반,1등급,1823,2025,https://api.odcloud.kr/api/15072696/v1/uddi:d8b661ea-f3eb-4717-8ede-afff5eca1e8a,PUB-010_시도별_장기요양판정
남자,경기도,일반,2등급,2809,2025,https://api.odcloud.kr/api/15072696/v1/uddi:d8b661ea-f3eb-4717-8ede-afff5eca1e8a,PUB-010_시도별_장기요양판정
남자,경기도,일반,3등급,10795,2025,https://api.odcloud.kr/api/15072696/v1/uddi:d8b661ea-f3eb-4717-8ede-afff5eca1e8a,PUB-010_시도별_장기요양판정
남자,경기도,일반,4등급,17163,2025,https://api.odcloud.kr/api/15072696/v1/uddi:d8b661ea-f3eb-4717-8ede-afff5eca1e8a,PUB-010_시도별_장기요양판정
남자,경기도,일반,5등급,4597,2025,https://api.odcloud.kr/api/15072696/v1/uddi:d8b661ea-f3eb-4717-8ede-afff5eca1e8a,PUB-010_시도별_장기요양판정
남자,경기도,일반,인지지원등급,1201,2025,https://api.odcloud.kr/api/15072696/v1/uddi:d8b661ea-f3eb-4717-8ede-afff5eca1e8a,PUB-010_시도별_장기요양판정
남자,경기도,일반,등급외,6712,2025,https://api.odcloud.kr/api/15072696/v1/uddi:d8b661ea-f3eb-4717-8ede-afff5eca1e8a,PUB-010_시도별_장기요양판정
남자,경기도,감경,1등급,1136,2025,https://api.odcloud.kr/api/15072696/v1/uddi:d8b661ea-f3eb-4717-8ede-afff5eca1e8a,PUB-010_시도별_장기요양판정
남자,경기도,감경,2등급,1944,2025,https://api.odcloud.kr/api/15072696/v1/uddi:d8b661ea-f3eb-4717-8ede-afff5eca1e8a,PUB-010_시도별_장기요양판정
남자,경기도,감경,3등급,8103,2025,https://api.odcloud.kr/api/15072696/v1/uddi:d8b661ea-f3eb-4717-8ede-afff5eca1e8a,PUB-010_시도별_장기요양판정
남자,경기도,감경,4등급,12832,2025,https://api.odcloud.kr/api/15072696/v1/uddi:d8b661ea-f3eb-4717-8ede-afff5eca1e8a,PUB-010_시도별_장기요양판정
남자,경기도,감경,5등급,3520,2025,https://api.odcloud.kr/api/15072696/v1/uddi:d8b661ea-f3eb-4717-8ede-afff5eca1e8a,PUB-010_시도별_장기요양판정
남자,경기도,감경,인지지원등급,876,2025,https://api.odcloud.kr/api/15072696/v1/uddi:d8b661ea-f3eb-4717-8ede-afff5eca1e8a,PUB-010_시도별_장기요양판정
남자,경기도,감경,등급외,317,2025,https://api.odcloud.kr/api/15072696/v1/uddi:d8b661ea-f3eb-4717-8ede-afff5eca1e8a,PUB-010_시도별_장기요양판정
남자,경기도,의료급여,1등급,19,2025,https://api.odcloud.kr/api/15072696/v1/uddi:d8b661ea-f3eb-4717-8ede-afff5eca1e8a,PUB-010_시도별_장기요양판정
남자,경기도,의료급여,2등급,46,2025,https://api.odcloud.kr/api/15072696/v1/uddi:d8b661ea-f3eb-4717-8ede-afff5eca1e8a,PUB-010_시도별_장기요양판정
남자,경기도,의료급여,3등급,137,2025,https://api.odcloud.kr/api/15072696/v1/uddi:d8b661ea-f3eb-4717-8ede-afff5eca1e8a,PUB-010_시도별_장기요양판정
남자,경기도,의료급여,4등급,237,2025,https://api.odcloud.kr/api/15072696/v1/uddi:d8b661ea-f3eb-4717-8ede-afff5eca1e8a,PUB-010_시도별_장기요양판정
남자,경기도,의료급여,5등급,57,2025,https://api.odcloud.kr/api/15072696/v1/uddi:d8b661ea-f3eb-4717-8ede-afff5eca1e8a,PUB-010_시도별_장기요양판정
남자,경기도,의료급여,인지지원등급,10,2025,https://api.odcloud.kr/api/15072696/v1/uddi:d8b661ea-f3eb-4717-8ede-afff5eca1e8a,PUB-010_시도별_장기요양판정
남자,경기도,의료급여,등급외,61,2025,https://api.odcloud.kr/api/15072696/v1/uddi:d8b661ea-f3eb-4717-8ede-afff5eca1e8a,PUB-010_시도별_장기요양판정
남자,경기도,기초수급,1등급,718,2025,https://api.odcloud.kr/api/15072696/v1/uddi:d8b661ea-f3eb-4717-8ede-afff5eca1e8a,PUB-010_시도별_장기요양판정
남자,경기도,기초수급,2등급,1104,2025,https://api.odcloud.kr/api/15072696/v1/uddi:d8b661ea-f3eb-4717-8ede-afff5eca1e8a,PUB-010_시도별_장기요양판정
남자,경기도,기초수급,3등급,3705,2025,https://api.odcloud.kr/api/15072696/v1/uddi:d8b661ea-f3eb-4717-8ede-afff5eca1e8a,PUB-010_시도별_장기요양판정
남자,경기도,기초수급,4등급,6923,2025,https://api.odcloud.kr/api/15072696/v1/uddi:d8b661ea-f3eb-4717-8ede-afff5eca1e8a,PUB-010_시도별_장기요양판정
남자,경기도,기초수급,5등급,1995,2025,https://api.odcloud.kr/api/15072696/v1/uddi:d8b661ea-f3eb-4717-8ede-afff5eca1e8a,PUB-010_시도별_장기요양판정
남자,경기도,기초수급,인지지원등급,510,2025,https://api.odcloud.kr/api/15072696/v1/uddi:d8b661ea-f3eb-4717-8ede-afff5eca1e8a,PUB-010_시도별_장기요양판정
남자,경기도,기초수급,등급외,2633,2025,https://api.odcloud.kr/api/15072696/v1/uddi:d8b661ea-f3eb-4717-8ede-afff5eca1e8a,PUB-010_시도별_장기요양판정
여자,경기도,일반,1등급,4414,2025,https://api.odcloud.kr/api/15072696/v1/uddi:d8b661ea-f3eb-4717-8ede-afff5eca1e8a,PUB-010_시도별_장기요양판정
여자,경기도,일반,2등급,6964,2025,https://api.odcloud.kr/api/15072696/v1/uddi:d8b661ea-f3eb-4717-8ede-afff5eca1e8a,PUB-010_시도별_장기요양판정
여자,경기도,일반,3등급,22808,2025,https://api.odcloud.kr/api/15072696/v1/uddi:d8b661ea-f3eb-4717-8ede-afff5eca1e8a,PUB-010_시도별_장기요양판정
여자,경기도,일반,4등급,35791,2025,https://api.odcloud.kr/api/15072696/v1/uddi:d8b661ea-f3eb-4717-8ede-afff5eca1e8a,PUB-010_시도별_장기요양판정
여자,경기도,일반,5등급,9130,2025,https://api.odcloud.kr/api/15072696/v1/uddi:d8b661ea-f3eb-4717-8ede-afff5eca1e8a,PUB-010_시도별_장기요양판정
여자,경기도,일반,인지지원등급,2505,2025,https://api.odcloud.kr/api/15072696/v1/uddi:d8b661ea-f3eb-4717-8ede-afff5eca1e8a,PUB-010_시도별_장기요양판정
여자,경기도,일반,등급외,11977,2025,https://api.odcloud.kr/api/15072696/v1/uddi:d8b661ea-f3eb-4717-8ede-afff5eca1e8a,PUB-010_시도별_장기요양판정
여자,경기도,감경,1등급,3900,2025,https://api.odcloud.kr/api/15072696/v1/uddi:d8b661ea-f3eb-4717-8ede-afff5eca1e8a,PUB-010_시도별_장기요양판정
여자,경기도,감경,2등급,6807,2025,https://api.odcloud.kr/api/15072696/v1/uddi:d8b661ea-f3eb-4717-8ede-afff5eca1e8a,PUB-010_시도별_장기요양판정
여자,경기도,감경,3등급,21377,2025,https://api.odcloud.kr/api/15072696/v1/uddi:d8b661ea-f3eb-4717-8ede-afff5eca1e8a,PUB-010_시도별_장기요양판정
여자,경기도,감경,4등급,31429,2025,https://api.odcloud.kr/api/15072696/v1/uddi:d8b661ea-f3eb-4717-8ede-afff5eca1e8a,PUB-010_시도별_장기요양판정
여자,경기도,감경,5등급,7588,2025,https://api.odcloud.kr/api/15072696/v1/uddi:d8b661ea-f3eb-4717-8ede-afff5eca1e8a,PUB-010_시도별_장기요양판정
여자,경기도,감경,인지지원등급,1882,2025,https://api.odcloud.kr/api/15072696/v1/uddi:d8b661ea-f3eb-4717-8ede-afff5eca1e8a,PUB-010_시도별_장기요양판정
여자,경기도,감경,등급외,604,2025,https://api.odcloud.kr/api/15072696/v1/uddi:d8b661ea-f3eb-4717-8ede-afff5eca1e8a,PUB-010_시도별_장기요양판정
여자,경기도,의료급여,1등급,63,2025,https://api.odcloud.kr/api/15072696/v1/uddi:d8b661ea-f3eb-4717-8ede-afff5eca1e8a,PUB-010_시도별_장기요양판정
여자,경기도,의료급여,2등급,124,2025,https://api.odcloud.kr/api/15072696/v1/uddi:d8b661ea-f3eb-4717-8ede-afff5eca1e8a,PUB-010_시도별_장기요양판정
여자,경기도,의료급여,3등급,504,2025,https://api.odcloud.kr/api/15072696/v1/uddi:d8b661ea-f3eb-4717-8ede-afff5eca1e8a,PUB-010_시도별_장기요양판정
여자,경기도,의료급여,4등급,695,2025,https://api.odcloud.kr/api/15072696/v1/uddi:d8b661ea-f3eb-4717-8ede-afff5eca1e8a,PUB-010_시도별_장기요양판정
여자,경기도,의료급여,5등급,143,2025,https://api.odcloud.kr/api/15072696/v1/uddi:d8b661ea-f3eb-4717-8ede-afff5eca1e8a,PUB-010_시도별_장기요양판정
여자,경기도,의료급여,인지지원등급,32,2025,https://api.odcloud.kr/api/15072696/v1/uddi:d8b661ea-f3eb-4717-8ede-afff5eca1e8a,PUB-010_시도별_장기요양판정
여자,경기도,의료급여,등급외,92,2025,https://api.odcloud.kr/api/15072696/v1/uddi:d8b661ea-f3eb-4717-8ede-afff5eca1e8a,PUB-010_시도별_장기요양판정
여자,경기도,기초수급,1등급,1651,2025,https://api.odcloud.kr/api/15072696/v1/uddi:d8b661ea-f3eb-4717-8ede-afff5eca1e8a,PUB-010_시도별_장기요양판정
여자,경기도,기초수급,2등급,2638,2025,https://api.odcloud.kr/api/15072696/v1/uddi:d8b661ea-f3eb-4717-8ede-afff5eca1e8a,PUB-010_시도별_장기요양판정
여자,경기도,기초수급,3등급,7828,2025,https://api.odcloud.kr/api/15072696/v1/uddi:d8b661ea-f3eb-4717-8ede-afff5eca1e8a,PUB-010_시도별_장기요양판정
여자,경기도,기초수급,4등급,12720,2025,https://api.odcloud.kr/api/15072696/v1/uddi:d8b661ea-f3eb-4717-8ede-afff5eca1e8a,PUB-010_시도별_장기요양판정
여자,경기도,기초수급,5등급,3010,2025,https://api.odcloud.kr/api/15072696/v1/uddi:d8b661ea-f3eb-4717-8ede-afff5eca1e8a,PUB-010_시도별_장기요양판정
여자,경기도,기초수급,인지지원등급,610,2025,https://api.odcloud.kr/api/15072696/v1/uddi:d8b661ea-f3eb-4717-8ede-afff5eca1e8a,PUB-010_시도별_장기요양판정
여자,경기도,기초수급,등급외,2982,2025,https://api.odcloud.kr/api/15072696/v1/uddi:d8b661ea-f3eb-4717-8ede-afff5eca1e8a,PUB-010_시도별_장기요양판정
남자,강원특별자치도,일반,1등급,302,2025,https://api.odcloud.kr/api/15072696/v1/uddi:d8b661ea-f3eb-4717-8ede-afff5eca1e8a,PUB-010_시도별_장기요양판정
남자,강원특별자치도,일반,2등급,511,2025,https://api.odcloud.kr/api/15072696/v1/uddi:d8b661ea-f3eb-4717-8ede-afff5eca1e8a,PUB-010_시도별_장기요양판정
남자,강원특별자치도,일반,3등급,1726,2025,https://api.odcloud.kr/api/15072696/v1/uddi:d8b661ea-f3eb-4717-8ede-afff5eca1e8a,PUB-010_시도별_장기요양판정
남자,강원특별자치도,일반,4등급,2291,2025,https://api.odcloud.kr/api/15072696/v1/uddi:d8b661ea-f3eb-4717-8ede-afff5eca1e8a,PUB-010_시도별_장기요양판정
남자,강원특별자치도,일반,5등급,434,2025,https://api.odcloud.kr/api/15072696/v1/uddi:d8b661ea-f3eb-4717-8ede-afff5eca1e8a,PUB-010_시도별_장기요양판정
남자,강원특별자치도,일반,인지지원등급,114,2025,https://api.odcloud.kr/api/15072696/v1/uddi:d8b661ea-f3eb-4717-8ede-afff5eca1e8a,PUB-010_시도별_장기요양판정
남자,강원특별자치도,일반,등급외,1136,2025,https://api.odcloud.kr/api/15072696/v1/uddi:d8b661ea-f3eb-4717-8ede-afff5eca1e8a,PUB-010_시도별_장기요양판정
남자,강원특별자치도,감경,1등급,269,2025,https://api.odcloud.kr/api/15072696/v1/uddi:d8b661ea-f3eb-4717-8ede-afff5eca1e8a,PUB-010_시도별_장기요양판정
남자,강원특별자치도,감경,2등급,550,2025,https://api.odcloud.kr/api/15072696/v1/uddi:d8b661ea-f3eb-4717-8ede-afff5eca1e8a,PUB-010_시도별_장기요양판정
남자,강원특별자치도,감경,3등급,1692,2025,https://api.odcloud.kr/api/15072696/v1/uddi:d8b661ea-f3eb-4717-8ede-afff5eca1e8a,PUB-010_시도별_장기요양판정
남자,강원특별자치도,감경,4등급,2041,2025,https://api.odcloud.kr/api/15072696/v1/uddi:d8b661ea-f3eb-4717-8ede-afff5eca1e8a,PUB-010_시도별_장기요양판정
남자,강원특별자치도,감경,5등급,372,2025,https://api.odcloud.kr/api/15072696/v1/uddi:d8b661ea-f3eb-4717-8ede-afff5eca1e8a,PUB-010_시도별_장기요양판정
남자,강원특별자치도,감경,인지지원등급,104,2025,https://api.odcloud.kr/api/15072696/v1/uddi:d8b661ea-f3eb-4717-8ede-afff5eca1e8a,PUB-010_시도별_장기요양판정
남자,강원특별자치도,감경,등급외,58,2025,https://api.odcloud.kr/api/15072696/v1/uddi:d8b661ea-f3eb-4717-8ede-afff5eca1e8a,PUB-010_시도별_장기요양판정
남자,강원특별자치도,의료급여,1등급,6,2025,https://api.odcloud.kr/api/15072696/v1/uddi:d8b661ea-f3eb-4717-8ede-afff5eca1e8a,PUB-010_시도별_장기요양판정
남자,강원특별자치도,의료급여,2등급,8,2025,https://api.odcloud.kr/api/15072696/v1/uddi:d8b661ea-f3eb-4717-8ede-afff5eca1e8a,PUB-010_시도별_장기요양판정
남자,강원특별자치도,의료급여,3등급,29,2025,https://api.odcloud.kr/api/15072696/v1/uddi:d8b661ea-f3eb-4717-8ede-afff5eca1e8a,PUB-010_시도별_장기요양판정
남자,강원특별자치도,의료급여,4등급,49,2025,https://api.odcloud.kr/api/15072696/v1/uddi:d8b661ea-f3eb-4717-8ede-afff5eca1e8a,PUB-010_시도별_장기요양판정
남자,강원특별자치도,의료급여,5등급,11,2025,https://api.odcloud.kr/api/15072696/v1/uddi:d8b661ea-f3eb-4717-8ede-afff5eca1e8a,PUB-010_시도별_장기요양판정
남자,강원특별자치도,의료급여,인지지원등급,1,2025,https://api.odcloud.kr/api/15072696/v1/uddi:d8b661ea-f3eb-4717-8ede-afff5eca1e8a,PUB-010_시도별_장기요양판정
남자,강원특별자치도,의료급여,등급외,11,2025,https://api.odcloud.kr/api/15072696/v1/uddi:d8b661ea-f3eb-4717-8ede-afff5eca1e8a,PUB-010_시도별_장기요양판정
남자,강원특별자치도,기초수급,1등급,155,2025,https://api.odcloud.kr/api/15072696/v1/uddi:d8b661ea-f3eb-4717-8ede-afff5eca1e8a,PUB-010_시도별_장기요양판정
남자,강원특별자치도,기초수급,2등급,326,2025,https://api.odcloud.kr/api/15072696/v1/uddi:d8b661ea-f3eb-4717-8ede-afff5eca1e8a,PUB-010_시도별_장기요양판정
남자,강원특별자치도,기초수급,3등급,783,2025,https://api.odcloud.kr/api/15072696/v1/uddi:d8b661ea-f3eb-4717-8ede-afff5eca1e8a,PUB-010_시도별_장기요양판정
남자,강원특별자치도,기초수급,4등급,1178,2025,https://api.odcloud.kr/api/15072696/v1/uddi:d8b661ea-f3eb-4717-8ede-afff5eca1e8a,PUB-010_시도별_장기요양판정
남자,강원특별자치도,기초수급,5등급,208,2025,https://api.odcloud.kr/api/15072696/v1/uddi:d8b661ea-f3eb-4717-8ede-afff5eca1e8a,PUB-010_시도별_장기요양판정
남자,강원특별자치도,기초수급,인지지원등급,67,2025,https://api.odcloud.kr/api/15072696/v1/uddi:d8b661ea-f3eb-4717-8ede-afff5eca1e8a,PUB-010_시도별_장기요양판정
남자,강원특별자치도,기초수급,등급외,552,2025,https://api.odcloud.kr/api/15072696/v1/uddi:d8b661ea-f3eb-4717-8ede-afff5eca1e8a,PUB-010_시도별_장기요양판정
여자,강원특별자치도,일반,1등급,652,2025,https://api.odcloud.kr/api/15072696/v1/uddi:d8b661ea-f3eb-4717-8ede-afff5eca1e8a,PUB-010_시도별_장기요양판정
여자,강원특별자치도,일반,2등급,1217,2025,https://api.odcloud.kr/api/15072696/v1/uddi:d8b661ea-f3eb-4717-8ede-afff5eca1e8a,PUB-010_시도별_장기요양판정
여자,강원특별자치도,일반,3등급,3462,2025,https://api.odcloud.kr/api/15072696/v1/uddi:d8b661ea-f3eb-4717-8ede-afff5eca1e8a,PUB-010_시도별_장기요양판정
여자,강원특별자치도,일반,4등급,4682,2025,https://api.odcloud.kr/api/15072696/v1/uddi:d8b661ea-f3eb-4717-8ede-afff5eca1e8a,PUB-010_시도별_장기요양판정
여자,강원특별자치도,일반,5등급,982,2025,https://api.odcloud.kr/api/15072696/v1/uddi:d8b661ea-f3eb-4717-8ede-afff5eca1e8a,PUB-010_시도별_장기요양판정
여자,강원특별자치도,일반,인지지원등급,249,2025,https://api.odcloud.kr/api/15072696/v1/uddi:d8b661ea-f3eb-4717-8ede-afff5eca1e8a,PUB-010_시도별_장기요양판정
여자,강원특별자치도,일반,등급외,1962,2025,https://api.odcloud.kr/api/15072696/v1/uddi:d8b661ea-f3eb-4717-8ede-afff5eca1e8a,PUB-010_시도별_장기요양판정
여자,강원특별자치도,감경,1등급,945,2025,https://api.odcloud.kr/api/15072696/v1/uddi:d8b661ea-f3eb-4717-8ede-afff5eca1e8a,PUB-010_시도별_장기요양판정
여자,강원특별자치도,감경,2등급,1796,2025,https://api.odcloud.kr/api/15072696/v1/uddi:d8b661ea-f3eb-4717-8ede-afff5eca1e8a,PUB-010_시도별_장기요양판정
여자,강원특별자치도,감경,3등급,4836,2025,https://api.odcloud.kr/api/15072696/v1/uddi:d8b661ea-f3eb-4717-8ede-afff5eca1e8a,PUB-010_시도별_장기요양판정
여자,강원특별자치도,감경,4등급,5890,2025,https://api.odcloud.kr/api/15072696/v1/uddi:d8b661ea-f3eb-4717-8ede-afff5eca1e8a,PUB-010_시도별_장기요양판정
여자,강원특별자치도,감경,5등급,1014,2025,https://api.odcloud.kr/api/15072696/v1/uddi:d8b661ea-f3eb-4717-8ede-afff5eca1e8a,PUB-010_시도별_장기요양판정
여자,강원특별자치도,감경,인지지원등급,241,2025,https://api.odcloud.kr/api/15072696/v1/uddi:d8b661ea-f3eb-4717-8ede-afff5eca1e8a,PUB-010_시도별_장기요양판정
여자,강원특별자치도,감경,등급외,136,2025,https://api.odcloud.kr/api/15072696/v1/uddi:d8b661ea-f3eb-4717-8ede-afff5eca1e8a,PUB-010_시도별_장기요양판정
여자,강원특별자치도,의료급여,1등급,25,2025,https://api.odcloud.kr/api/15072696/v1/uddi:d8b661ea-f3eb-4717-8ede-afff5eca1e8a,PUB-010_시도별_장기요양판정
여자,강원특별자치도,의료급여,2등급,55,2025,https://api.odcloud.kr/api/15072696/v1/uddi:d8b661ea-f3eb-4717-8ede-afff5eca1e8a,PUB-010_시도별_장기요양판정
여자,강원특별자치도,의료급여,3등급,147,2025,https://api.odcloud.kr/api/15072696/v1/uddi:d8b661ea-f3eb-4717-8ede-afff5eca1e8a,PUB-010_시도별_장기요양판정
여자,강원특별자치도,의료급여,4등급,168,2025,https://api.odcloud.kr/api/15072696/v1/uddi:d8b661ea-f3eb-4717-8ede-afff5eca1e8a,PUB-010_시도별_장기요양판정
여자,강원특별자치도,의료급여,5등급,27,2025,https://api.odcloud.kr/api/15072696/v1/uddi:d8b661ea-f3eb-4717-8ede-afff5eca1e8a,PUB-010_시도별_장기요양판정
여자,강원특별자치도,의료급여,인지지원등급,7,2025,https://api.odcloud.kr/api/15072696/v1/uddi:d8b661ea-f3eb-4717-8ede-afff5eca1e8a,PUB-010_시도별_장기요양판정
여자,강원특별자치도,의료급여,등급외,33,2025,https://api.odcloud.kr/api/15072696/v1/uddi:d8b661ea-f3eb-4717-8ede-afff5eca1e8a,PUB-010_시도별_장기요양판정
여자,강원특별자치도,기초수급,1등급,381,2025,https://api.odcloud.kr/api/15072696/v1/uddi:d8b661ea-f3eb-4717-8ede-afff5eca1e8a,PUB-010_시도별_장기요양판정
여자,강원특별자치도,기초수급,2등급,605,2025,https://api.odcloud.kr/api/15072696/v1/uddi:d8b661ea-f3eb-4717-8ede-afff5eca1e8a,PUB-010_시도별_장기요양판정
여자,강원특별자치도,기초수급,3등급,1590,2025,https://api.odcloud.kr/api/15072696/v1/uddi:d8b661ea-f3eb-4717-8ede-afff5eca1e8a,PUB-010_시도별_장기요양판정
여자,강원특별자치도,기초수급,4등급,2119,2025,https://api.odcloud.kr/api/15072696/v1/uddi:d8b661ea-f3eb-4717-8ede-afff5eca1e8a,PUB-010_시도별_장기요양판정
여자,강원특별자치도,기초수급,5등급,385,2025,https://api.odcloud.kr/api/15072696/v1/uddi:d8b661ea-f3eb-4717-8ede-afff5eca1e8a,PUB-010_시도별_장기요양판정
여자,강원특별자치도,기초수급,인지지원등급,79,2025,https://api.odcloud.kr/api/15072696/v1/uddi:d8b661ea-f3eb-4717-8ede-afff5eca1e8a,PUB-010_시도별_장기요양판정
여자,강원특별자치도,기초수급,등급외,585,2025,https://api.odcloud.kr/api/15072696/v1/uddi:d8b661ea-f3eb-4717-8ede-afff5eca1e8a,PUB-010_시도별_장기요양판정
남자,충청북도,일반,1등급,225,2025,https://api.odcloud.kr/api/15072696/v1/uddi:d8b661ea-f3eb-4717-8ede-afff5eca1e8a,PUB-010_시도별_장기요양판정
남자,충청북도,일반,2등급,346,2025,https://api.odcloud.kr/api/15072696/v1/uddi:d8b661ea-f3eb-4717-8ede-afff5eca1e8a,PUB-010_시도별_장기요양판정
남자,충청북도,일반,3등급,1395,2025,https://api.odcloud.kr/api/15072696/v1/uddi:d8b661ea-f3eb-4717-8ede-afff5eca1e8a,PUB-010_시도별_장기요양판정
남자,충청북도,일반,4등급,2554,2025,https://api.odcloud.kr/api/15072696/v1/uddi:d8b661ea-f3eb-4717-8ede-afff5eca1e8a,PUB-010_시도별_장기요양판정
남자,충청북도,일반,5등급,859,2025,https://api.odcloud.kr/api/15072696/v1/uddi:d8b661ea-f3eb-4717-8ede-afff5eca1e8a,PUB-010_시도별_장기요양판정
남자,충청북도,일반,인지지원등급,213,2025,https://api.odcloud.kr/api/15072696/v1/uddi:d8b661ea-f3eb-4717-8ede-afff5eca1e8a,PUB-010_시도별_장기요양판정
남자,충청북도,일반,등급외,1092,2025,https://api.odcloud.kr/api/15072696/v1/uddi:d8b661ea-f3eb-4717-8ede-afff5eca1e8a,PUB-010_시도별_장기요양판정
남자,충청북도,감경,1등급,214,2025,https://api.odcloud.kr/api/15072696/v1/uddi:d8b661ea-f3eb-4717-8ede-afff5eca1e8a,PUB-010_시도별_장기요양판정
남자,충청북도,감경,2등급,420,2025,https://api.odcloud.kr/api/15072696/v1/uddi:d8b661ea-f3eb-4717-8ede-afff5eca1e8a,PUB-010_시도별_장기요양판정
남자,충청북도,감경,3등급,1338,2025,https://api.odcloud.kr/api/15072696/v1/uddi:d8b661ea-f3eb-4717-8ede-afff5eca1e8a,PUB-010_시도별_장기요양판정
남자,충청북도,감경,4등급,2411,2025,https://api.odcloud.kr/api/15072696/v1/uddi:d8b661ea-f3eb-4717-8ede-afff5eca1e8a,PUB-010_시도별_장기요양판정
남자,충청북도,감경,5등급,766,2025,https://api.odcloud.kr/api/15072696/v1/uddi:d8b661ea-f3eb-4717-8ede-afff5eca1e8a,PUB-010_시도별_장기요양판정
남자,충청북도,감경,인지지원등급,159,2025,https://api.odcloud.kr/api/15072696/v1/uddi:d8b661ea-f3eb-4717-8ede-afff5eca1e8a,PUB-010_시도별_장기요양판정
남자,충청북도,감경,등급외,52,2025,https://api.odcloud.kr/api/15072696/v1/uddi:d8b661ea-f3eb-4717-8ede-afff5eca1e8a,PUB-010_시도별_장기요양판정
남자,충청북도,의료급여,1등급,5,2025,https://api.odcloud.kr/api/15072696/v1/uddi:d8b661ea-f3eb-4717-8ede-afff5eca1e8a,PUB-010_시도별_장기요양판정
남자,충청북도,의료급여,2등급,9,2025,https://api.odcloud.kr/api/15072696/v1/uddi:d8b661ea-f3eb-4717-8ede-afff5eca1e8a,PUB-010_시도별_장기요양판정
남자,충청북도,의료급여,3등급,23,2025,https://api.odcloud.kr/api/15072696/v1/uddi:d8b661ea-f3eb-4717-8ede-afff5eca1e8a,PUB-010_시도별_장기요양판정
남자,충청북도,의료급여,4등급,43,2025,https://api.odcloud.kr/api/15072696/v1/uddi:d8b661ea-f3eb-4717-8ede-afff5eca1e8a,PUB-010_시도별_장기요양판정
남자,충청북도,의료급여,5등급,11,2025,https://api.odcloud.kr/api/15072696/v1/uddi:d8b661ea-f3eb-4717-8ede-afff5eca1e8a,PUB-010_시도별_장기요양판정
남자,충청북도,의료급여,인지지원등급,2,2025,https://api.odcloud.kr/api/15072696/v1/uddi:d8b661ea-f3eb-4717-8ede-afff5eca1e8a,PUB-010_시도별_장기요양판정
남자,충청북도,의료급여,등급외,12,2025,https://api.odcloud.kr/api/15072696/v1/uddi:d8b661ea-f3eb-4717-8ede-afff5eca1e8a,PUB-010_시도별_장기요양판정
남자,충청북도,기초수급,1등급,132,2025,https://api.odcloud.kr/api/15072696/v1/uddi:d8b661ea-f3eb-4717-8ede-afff5eca1e8a,PUB-010_시도별_장기요양판정
남자,충청북도,기초수급,2등급,192,2025,https://api.odcloud.kr/api/15072696/v1/uddi:d8b661ea-f3eb-4717-8ede-afff5eca1e8a,PUB-010_시도별_장기요양판정
남자,충청북도,기초수급,3등급,527,2025,https://api.odcloud.kr/api/15072696/v1/uddi:d8b661ea-f3eb-4717-8ede-afff5eca1e8a,PUB-010_시도별_장기요양판정
남자,충청북도,기초수급,4등급,1061,2025,https://api.odcloud.kr/api/15072696/v1/uddi:d8b661ea-f3eb-4717-8ede-afff5eca1e8a,PUB-010_시도별_장기요양판정
남자,충청북도,기초수급,5등급,406,2025,https://api.odcloud.kr/api/15072696/v1/uddi:d8b661ea-f3eb-4717-8ede-afff5eca1e8a,PUB-010_시도별_장기요양판정
남자,충청북도,기초수급,인지지원등급,130,2025,https://api.odcloud.kr/api/15072696/v1/uddi:d8b661ea-f3eb-4717-8ede-afff5eca1e8a,PUB-010_시도별_장기요양판정
남자,충청북도,기초수급,등급외,427,2025,https://api.odcloud.kr/api/15072696/v1/uddi:d8b661ea-f3eb-4717-8ede-afff5eca1e8a,PUB-010_시도별_장기요양판정
여자,충청북도,일반,1등급,513,2025,https://api.odcloud.kr/api/15072696/v1/uddi:d8b661ea-f3eb-4717-8ede-afff5eca1e8a,PUB-010_시도별_장기요양판정
여자,충청북도,일반,2등급,947,2025,https://api.odcloud.kr/api/15072696/v1/uddi:d8b661ea-f3eb-4717-8ede-afff5eca1e8a,PUB-010_시도별_장기요양판정
여자,충청북도,일반,3등급,3020,2025,https://api.odcloud.kr/api/15072696/v1/uddi:d8b661ea-f3eb-4717-8ede-afff5eca1e8a,PUB-010_시도별_장기요양판정
여자,충청북도,일반,4등급,5494,2025,https://api.odcloud.kr/api/15072696/v1/uddi:d8b661ea-f3eb-4717-8ede-afff5eca1e8a,PUB-010_시도별_장기요양판정
여자,충청북도,일반,5등급,1715,2025,https://api.odcloud.kr/api/15072696/v1/uddi:d8b661ea-f3eb-4717-8ede-afff5eca1e8a,PUB-010_시도별_장기요양판정
여자,충청북도,일반,인지지원등급,396,2025,https://api.odcloud.kr/api/15072696/v1/uddi:d8b661ea-f3eb-4717-8ede-afff5eca1e8a,PUB-010_시도별_장기요양판정
여자,충청북도,일반,등급외,1913,2025,https://api.odcloud.kr/api/15072696/v1/uddi:d8b661ea-f3eb-4717-8ede-afff5eca1e8a,PUB-010_시도별_장기요양판정
여자,충청북도,감경,1등급,719,2025,https://api.odcloud.kr/api/15072696/v1/uddi:d8b661ea-f3eb-4717-8ede-afff5eca1e8a,PUB-010_시도별_장기요양판정
여자,충청북도,감경,2등급,1565,2025,https://api.odcloud.kr/api/15072696/v1/uddi:d8b661ea-f3eb-4717-8ede-afff5eca1e8a,PUB-010_시도별_장기요양판정
여자,충청북도,감경,3등급,4375,2025,https://api.odcloud.kr/api/15072696/v1/uddi:d8b661ea-f3eb-4717-8ede-afff5eca1e8a,PUB-010_시도별_장기요양판정
여자,충청북도,감경,4등급,7090,2025,https://api.odcloud.kr/api/15072696/v1/uddi:d8b661ea-f3eb-4717-8ede-afff5eca1e8a,PUB-010_시도별_장기요양판정
여자,충청북도,감경,5등급,1958,2025,https://api.odcloud.kr/api/15072696/v1/uddi:d8b661ea-f3eb-4717-8ede-afff5eca1e8a,PUB-010_시도별_장기요양판정
여자,충청북도,감경,인지지원등급,394,2025,https://api.odcloud.kr/api/15072696/v1/uddi:d8b661ea-f3eb-4717-8ede-afff5eca1e8a,PUB-010_시도별_장기요양판정
여자,충청북도,감경,등급외,107,2025,https://api.odcloud.kr/api/15072696/v1/uddi:d8b661ea-f3eb-4717-8ede-afff5eca1e8a,PUB-010_시도별_장기요양판정
여자,충청북도,의료급여,1등급,14,2025,https://api.odcloud.kr/api/15072696/v1/uddi:d8b661ea-f3eb-4717-8ede-afff5eca1e8a,PUB-010_시도별_장기요양판정
여자,충청북도,의료급여,2등급,46,2025,https://api.odcloud.kr/api/15072696/v1/uddi:d8b661ea-f3eb-4717-8ede-afff5eca1e8a,PUB-010_시도별_장기요양판정
여자,충청북도,의료급여,3등급,103,2025,https://api.odcloud.kr/api/15072696/v1/uddi:d8b661ea-f3eb-4717-8ede-afff5eca1e8a,PUB-010_시도별_장기요양판정
여자,충청북도,의료급여,4등급,144,2025,https://api.odcloud.kr/api/15072696/v1/uddi:d8b661ea-f3eb-4717-8ede-afff5eca1e8a,PUB-010_시도별_장기요양판정
여자,충청북도,의료급여,5등급,32,2025,https://api.odcloud.kr/api/15072696/v1/uddi:d8b661ea-f3eb-4717-8ede-afff5eca1e8a,PUB-010_시도별_장기요양판정
여자,충청북도,의료급여,인지지원등급,8,2025,https://api.odcloud.kr/api/15072696/v1/uddi:d8b661ea-f3eb-4717-8ede-afff5eca1e8a,PUB-010_시도별_장기요양판정
여자,충청북도,의료급여,등급외,21,2025,https://api.odcloud.kr/api/15072696/v1/uddi:d8b661ea-f3eb-4717-8ede-afff5eca1e8a,PUB-010_시도별_장기요양판정
여자,충청북도,기초수급,1등급,245,2025,https://api.odcloud.kr/api/15072696/v1/uddi:d8b661ea-f3eb-4717-8ede-afff5eca1e8a,PUB-010_시도별_장기요양판정
여자,충청북도,기초수급,2등급,456,2025,https://api.odcloud.kr/api/15072696/v1/uddi:d8b661ea-f3eb-4717-8ede-afff5eca1e8a,PUB-010_시도별_장기요양판정
여자,충청북도,기초수급,3등급,1126,2025,https://api.odcloud.kr/api/15072696/v1/uddi:d8b661ea-f3eb-4717-8ede-afff5eca1e8a,PUB-010_시도별_장기요양판정
여자,충청북도,기초수급,4등급,2018,2025,https://api.odcloud.kr/api/15072696/v1/uddi:d8b661ea-f3eb-4717-8ede-afff5eca1e8a,PUB-010_시도별_장기요양판정
여자,충청북도,기초수급,5등급,592,2025,https://api.odcloud.kr/api/15072696/v1/uddi:d8b661ea-f3eb-4717-8ede-afff5eca1e8a,PUB-010_시도별_장기요양판정
여자,충청북도,기초수급,인지지원등급,150,2025,https://api.odcloud.kr/api/15072696/v1/uddi:d8b661ea-f3eb-4717-8ede-afff5eca1e8a,PUB-010_시도별_장기요양판정
여자,충청북도,기초수급,등급외,457,2025,https://api.odcloud.kr/api/15072696/v1/uddi:d8b661ea-f3eb-4717-8ede-afff5eca1e8a,PUB-010_시도별_장기요양판정
남자,충청남도,일반,1등급,278,2025,https://api.odcloud.kr/api/15072696/v1/uddi:d8b661ea-f3eb-4717-8ede-afff5eca1e8a,PUB-010_시도별_장기요양판정
남자,충청남도,일반,2등급,536,2025,https://api.odcloud.kr/api/15072696/v1/uddi:d8b661ea-f3eb-4717-8ede-afff5eca1e8a,PUB-010_시도별_장기요양판정
남자,충청남도,일반,3등급,2133,2025,https://api.odcloud.kr/api/15072696/v1/uddi:d8b661ea-f3eb-4717-8ede-afff5eca1e8a,PUB-010_시도별_장기요양판정
남자,충청남도,일반,4등급,4304,2025,https://api.odcloud.kr/api/15072696/v1/uddi:d8b661ea-f3eb-4717-8ede-afff5eca1e8a,PUB-010_시도별_장기요양판정
남자,충청남도,일반,5등급,1378,2025,https://api.odcloud.kr/api/15072696/v1/uddi:d8b661ea-f3eb-4717-8ede-afff5eca1e8a,PUB-010_시도별_장기요양판정
남자,충청남도,일반,인지지원등급,376,2025,https://api.odcloud.kr/api/15072696/v1/uddi:d8b661ea-f3eb-4717-8ede-afff5eca1e8a,PUB-010_시도별_장기요양판정
남자,충청남도,일반,등급외,1987,2025,https://api.odcloud.kr/api/15072696/v1/uddi:d8b661ea-f3eb-4717-8ede-afff5eca1e8a,PUB-010_시도별_장기요양판정
남자,충청남도,감경,1등급,254,2025,https://api.odcloud.kr/api/15072696/v1/uddi:d8b661ea-f3eb-4717-8ede-afff5eca1e8a,PUB-010_시도별_장기요양판정
남자,충청남도,감경,2등급,493,2025,https://api.odcloud.kr/api/15072696/v1/uddi:d8b661ea-f3eb-4717-8ede-afff5eca1e8a,PUB-010_시도별_장기요양판정
남자,충청남도,감경,3등급,1945,2025,https://api.odcloud.kr/api/15072696/v1/uddi:d8b661ea-f3eb-4717-8ede-afff5eca1e8a,PUB-010_시도별_장기요양판정
남자,충청남도,감경,4등급,3640,2025,https://api.odcloud.kr/api/15072696/v1/uddi:d8b661ea-f3eb-4717-8ede-afff5eca1e8a,PUB-010_시도별_장기요양판정
남자,충청남도,감경,5등급,1081,2025,https://api.odcloud.kr/api/15072696/v1/uddi:d8b661ea-f3eb-4717-8ede-afff5eca1e8a,PUB-010_시도별_장기요양판정
남자,충청남도,감경,인지지원등급,268,2025,https://api.odcloud.kr/api/15072696/v1/uddi:d8b661ea-f3eb-4717-8ede-afff5eca1e8a,PUB-010_시도별_장기요양판정
남자,충청남도,감경,등급외,67,2025,https://api.odcloud.kr/api/15072696/v1/uddi:d8b661ea-f3eb-4717-8ede-afff5eca1e8a,PUB-010_시도별_장기요양판정
남자,충청남도,의료급여,1등급,6,2025,https://api.odcloud.kr/api/15072696/v1/uddi:d8b661ea-f3eb-4717-8ede-afff5eca1e8a,PUB-010_시도별_장기요양판정
남자,충청남도,의료급여,2등급,6,2025,https://api.odcloud.kr/api/15072696/v1/uddi:d8b661ea-f3eb-4717-8ede-afff5eca1e8a,PUB-010_시도별_장기요양판정
남자,충청남도,의료급여,3등급,24,2025,https://api.odcloud.kr/api/15072696/v1/uddi:d8b661ea-f3eb-4717-8ede-afff5eca1e8a,PUB-010_시도별_장기요양판정
남자,충청남도,의료급여,4등급,47,2025,https://api.odcloud.kr/api/15072696/v1/uddi:d8b661ea-f3eb-4717-8ede-afff5eca1e8a,PUB-010_시도별_장기요양판정
남자,충청남도,의료급여,5등급,17,2025,https://api.odcloud.kr/api/15072696/v1/uddi:d8b661ea-f3eb-4717-8ede-afff5eca1e8a,PUB-010_시도별_장기요양판정
남자,충청남도,의료급여,인지지원등급,7,2025,https://api.odcloud.kr/api/15072696/v1/uddi:d8b661ea-f3eb-4717-8ede-afff5eca1e8a,PUB-010_시도별_장기요양판정
남자,충청남도,의료급여,등급외,22,2025,https://api.odcloud.kr/api/15072696/v1/uddi:d8b661ea-f3eb-4717-8ede-afff5eca1e8a,PUB-010_시도별_장기요양판정
남자,충청남도,기초수급,1등급,124,2025,https://api.odcloud.kr/api/15072696/v1/uddi:d8b661ea-f3eb-4717-8ede-afff5eca1e8a,PUB-010_시도별_장기요양판정
남자,충청남도,기초수급,2등급,220,2025,https://api.odcloud.kr/api/15072696/v1/uddi:d8b661ea-f3eb-4717-8ede-afff5eca1e8a,PUB-010_시도별_장기요양판정
남자,충청남도,기초수급,3등급,623,2025,https://api.odcloud.kr/api/15072696/v1/uddi:d8b661ea-f3eb-4717-8ede-afff5eca1e8a,PUB-010_시도별_장기요양판정
남자,충청남도,기초수급,4등급,1328,2025,https://api.odcloud.kr/api/15072696/v1/uddi:d8b661ea-f3eb-4717-8ede-afff5eca1e8a,PUB-010_시도별_장기요양판정
남자,충청남도,기초수급,5등급,488,2025,https://api.odcloud.kr/api/15072696/v1/uddi:d8b661ea-f3eb-4717-8ede-afff5eca1e8a,PUB-010_시도별_장기요양판정
남자,충청남도,기초수급,인지지원등급,131,2025,https://api.odcloud.kr/api/15072696/v1/uddi:d8b661ea-f3eb-4717-8ede-afff5eca1e8a,PUB-010_시도별_장기요양판정
남자,충청남도,기초수급,등급외,614,2025,https://api.odcloud.kr/api/15072696/v1/uddi:d8b661ea-f3eb-4717-8ede-afff5eca1e8a,PUB-010_시도별_장기요양판정
여자,충청남도,일반,1등급,755,2025,https://api.odcloud.kr/api/15072696/v1/uddi:d8b661ea-f3eb-4717-8ede-afff5eca1e8a,PUB-010_시도별_장기요양판정
여자,충청남도,일반,2등급,1429,2025,https://api.odcloud.kr/api/15072696/v1/uddi:d8b661ea-f3eb-4717-8ede-afff5eca1e8a,PUB-010_시도별_장기요양판정
여자,충청남도,일반,3등급,4862,2025,https://api.odcloud.kr/api/15072696/v1/uddi:d8b661ea-f3eb-4717-8ede-afff5eca1e8a,PUB-010_시도별_장기요양판정
여자,충청남도,일반,4등급,9416,2025,https://api.odcloud.kr/api/15072696/v1/uddi:d8b661ea-f3eb-4717-8ede-afff5eca1e8a,PUB-010_시도별_장기요양판정
여자,충청남도,일반,5등급,2617,2025,https://api.odcloud.kr/api/15072696/v1/uddi:d8b661ea-f3eb-4717-8ede-afff5eca1e8a,PUB-010_시도별_장기요양판정
여자,충청남도,일반,인지지원등급,640,2025,https://api.odcloud.kr/api/15072696/v1/uddi:d8b661ea-f3eb-4717-8ede-afff5eca1e8a,PUB-010_시도별_장기요양판정
여자,충청남도,일반,등급외,3449,2025,https://api.odcloud.kr/api/15072696/v1/uddi:d8b661ea-f3eb-4717-8ede-afff5eca1e8a,PUB-010_시도별_장기요양판정
여자,충청남도,감경,1등급,969,2025,https://api.odcloud.kr/api/15072696/v1/uddi:d8b661ea-f3eb-4717-8ede-afff5eca1e8a,PUB-010_시도별_장기요양판정
여자,충청남도,감경,2등급,1992,2025,https://api.odcloud.kr/api/15072696/v1/uddi:d8b661ea-f3eb-4717-8ede-afff5eca1e8a,PUB-010_시도별_장기요양판정
여자,충청남도,감경,3등급,5955,2025,https://api.odcloud.kr/api/15072696/v1/uddi:d8b661ea-f3eb-4717-8ede-afff5eca1e8a,PUB-010_시도별_장기요양판정
여자,충청남도,감경,4등급,10774,2025,https://api.odcloud.kr/api/15072696/v1/uddi:d8b661ea-f3eb-4717-8ede-afff5eca1e8a,PUB-010_시도별_장기요양판정
여자,충청남도,감경,5등급,2857,2025,https://api.odcloud.kr/api/15072696/v1/uddi:d8b661ea-f3eb-4717-8ede-afff5eca1e8a,PUB-010_시도별_장기요양판정
여자,충청남도,감경,인지지원등급,537,2025,https://api.odcloud.kr/api/15072696/v1/uddi:d8b661ea-f3eb-4717-8ede-afff5eca1e8a,PUB-010_시도별_장기요양판정
여자,충청남도,감경,등급외,127,2025,https://api.odcloud.kr/api/15072696/v1/uddi:d8b661ea-f3eb-4717-8ede-afff5eca1e8a,PUB-010_시도별_장기요양판정
여자,충청남도,의료급여,1등급,12,2025,https://api.odcloud.kr/api/15072696/v1/uddi:d8b661ea-f3eb-4717-8ede-afff5eca1e8a,PUB-010_시도별_장기요양판정
여자,충청남도,의료급여,2등급,30,2025,https://api.odcloud.kr/api/15072696/v1/uddi:d8b661ea-f3eb-4717-8ede-afff5eca1e8a,PUB-010_시도별_장기요양판정
여자,충청남도,의료급여,3등급,102,2025,https://api.odcloud.kr/api/15072696/v1/uddi:d8b661ea-f3eb-4717-8ede-afff5eca1e8a,PUB-010_시도별_장기요양판정
여자,충청남도,의료급여,4등급,164,2025,https://api.odcloud.kr/api/15072696/v1/uddi:d8b661ea-f3eb-4717-8ede-afff5eca1e8a,PUB-010_시도별_장기요양판정
여자,충청남도,의료급여,5등급,38,2025,https://api.odcloud.kr/api/15072696/v1/uddi:d8b661ea-f3eb-4717-8ede-afff5eca1e8a,PUB-010_시도별_장기요양판정
여자,충청남도,의료급여,인지지원등급,8,2025,https://api.odcloud.kr/api/15072696/v1/uddi:d8b661ea-f3eb-4717-8ede-afff5eca1e8a,PUB-010_시도별_장기요양판정
여자,충청남도,의료급여,등급외,32,2025,https://api.odcloud.kr/api/15072696/v1/uddi:d8b661ea-f3eb-4717-8ede-afff5eca1e8a,PUB-010_시도별_장기요양판정
여자,충청남도,기초수급,1등급,274,2025,https://api.odcloud.kr/api/15072696/v1/uddi:d8b661ea-f3eb-4717-8ede-afff5eca1e8a,PUB-010_시도별_장기요양판정
여자,충청남도,기초수급,2등급,523,2025,https://api.odcloud.kr/api/15072696/v1/uddi:d8b661ea-f3eb-4717-8ede-afff5eca1e8a,PUB-010_시도별_장기요양판정
여자,충청남도,기초수급,3등급,1334,2025,https://api.odcloud.kr/api/15072696/v1/uddi:d8b661ea-f3eb-4717-8ede-afff5eca1e8a,PUB-010_시도별_장기요양판정
여자,충청남도,기초수급,4등급,2563,2025,https://api.odcloud.kr/api/15072696/v1/uddi:d8b661ea-f3eb-4717-8ede-afff5eca1e8a,PUB-010_시도별_장기요양판정
여자,충청남도,기초수급,5등급,704,2025,https://api.odcloud.kr/api/15072696/v1/uddi:d8b661ea-f3eb-4717-8ede-afff5eca1e8a,PUB-010_시도별_장기요양판정
여자,충청남도,기초수급,인지지원등급,163,2025,https://api.odcloud.kr/api/15072696/v1/uddi:d8b661ea-f3eb-4717-8ede-afff5eca1e8a,PUB-010_시도별_장기요양판정
여자,충청남도,기초수급,등급외,677,2025,https://api.odcloud.kr/api/15072696/v1/uddi:d8b661ea-f3eb-4717-8ede-afff5eca1e8a,PUB-010_시도별_장기요양판정
남자,전북특별자치도,일반,1등급,206,2025,https://api.odcloud.kr/api/15072696/v1/uddi:d8b661ea-f3eb-4717-8ede-afff5eca1e8a,PUB-010_시도별_장기요양판정
남자,전북특별자치도,일반,2등급,335,2025,https://api.odcloud.kr/api/15072696/v1/uddi:d8b661ea-f3eb-4717-8ede-afff5eca1e8a,PUB-010_시도별_장기요양판정
남자,전북특별자치도,일반,3등급,1394,2025,https://api.odcloud.kr/api/15072696/v1/uddi:d8b661ea-f3eb-4717-8ede-afff5eca1e8a,PUB-010_시도별_장기요양판정
남자,전북특별자치도,일반,4등급,3618,2025,https://api.odcloud.kr/api/15072696/v1/uddi:d8b661ea-f3eb-4717-8ede-afff5eca1e8a,PUB-010_시도별_장기요양판정
남자,전북특별자치도,일반,5등급,1412,2025,https://api.odcloud.kr/api/15072696/v1/uddi:d8b661ea-f3eb-4717-8ede-afff5eca1e8a,PUB-010_시도별_장기요양판정
남자,전북특별자치도,일반,인지지원등급,244,2025,https://api.odcloud.kr/api/15072696/v1/uddi:d8b661ea-f3eb-4717-8ede-afff5eca1e8a,PUB-010_시도별_장기요양판정
남자,전북특별자치도,일반,등급외,2007,2025,https://api.odcloud.kr/api/15072696/v1/uddi:d8b661ea-f3eb-4717-8ede-afff5eca1e8a,PUB-010_시도별_장기요양판정
남자,전북특별자치도,감경,1등급,195,2025,https://api.odcloud.kr/api/15072696/v1/uddi:d8b661ea-f3eb-4717-8ede-afff5eca1e8a,PUB-010_시도별_장기요양판정
남자,전북특별자치도,감경,2등급,371,2025,https://api.odcloud.kr/api/15072696/v1/uddi:d8b661ea-f3eb-4717-8ede-afff5eca1e8a,PUB-010_시도별_장기요양판정
남자,전북특별자치도,감경,3등급,1630,2025,https://api.odcloud.kr/api/15072696/v1/uddi:d8b661ea-f3eb-4717-8ede-afff5eca1e8a,PUB-010_시도별_장기요양판정
남자,전북특별자치도,감경,4등급,3744,2025,https://api.odcloud.kr/api/15072696/v1/uddi:d8b661ea-f3eb-4717-8ede-afff5eca1e8a,PUB-010_시도별_장기요양판정
남자,전북특별자치도,감경,5등급,1402,2025,https://api.odcloud.kr/api/15072696/v1/uddi:d8b661ea-f3eb-4717-8ede-afff5eca1e8a,PUB-010_시도별_장기요양판정
남자,전북특별자치도,감경,인지지원등급,203,2025,https://api.odcloud.kr/api/15072696/v1/uddi:d8b661ea-f3eb-4717-8ede-afff5eca1e8a,PUB-010_시도별_장기요양판정
남자,전북특별자치도,감경,등급외,138,2025,https://api.odcloud.kr/api/15072696/v1/uddi:d8b661ea-f3eb-4717-8ede-afff5eca1e8a,PUB-010_시도별_장기요양판정
남자,전북특별자치도,의료급여,1등급,5,2025,https://api.odcloud.kr/api/15072696/v1/uddi:d8b661ea-f3eb-4717-8ede-afff5eca1e8a,PUB-010_시도별_장기요양판정
남자,전북특별자치도,의료급여,2등급,3,2025,https://api.odcloud.kr/api/15072696/v1/uddi:d8b661ea-f3eb-4717-8ede-afff5eca1e8a,PUB-010_시도별_장기요양판정
남자,전북특별자치도,의료급여,3등급,47,2025,https://api.odcloud.kr/api/15072696/v1/uddi:d8b661ea-f3eb-4717-8ede-afff5eca1e8a,PUB-010_시도별_장기요양판정
남자,전북특별자치도,의료급여,4등급,114,2025,https://api.odcloud.kr/api/15072696/v1/uddi:d8b661ea-f3eb-4717-8ede-afff5eca1e8a,PUB-010_시도별_장기요양판정
남자,전북특별자치도,의료급여,5등급,42,2025,https://api.odcloud.kr/api/15072696/v1/uddi:d8b661ea-f3eb-4717-8ede-afff5eca1e8a,PUB-010_시도별_장기요양판정
남자,전북특별자치도,의료급여,인지지원등급,5,2025,https://api.odcloud.kr/api/15072696/v1/uddi:d8b661ea-f3eb-4717-8ede-afff5eca1e8a,PUB-010_시도별_장기요양판정
남자,전북특별자치도,의료급여,등급외,17,2025,https://api.odcloud.kr/api/15072696/v1/uddi:d8b661ea-f3eb-4717-8ede-afff5eca1e8a,PUB-010_시도별_장기요양판정
남자,전북특별자치도,기초수급,1등급,96,2025,https://api.odcloud.kr/api/15072696/v1/uddi:d8b661ea-f3eb-4717-8ede-afff5eca1e8a,PUB-010_시도별_장기요양판정
남자,전북특별자치도,기초수급,2등급,185,2025,https://api.odcloud.kr/api/15072696/v1/uddi:d8b661ea-f3eb-4717-8ede-afff5eca1e8a,PUB-010_시도별_장기요양판정
남자,전북특별자치도,기초수급,3등급,513,2025,https://api.odcloud.kr/api/15072696/v1/uddi:d8b661ea-f3eb-4717-8ede-afff5eca1e8a,PUB-010_시도별_장기요양판정
남자,전북특별자치도,기초수급,4등급,1601,2025,https://api.odcloud.kr/api/15072696/v1/uddi:d8b661ea-f3eb-4717-8ede-afff5eca1e8a,PUB-010_시도별_장기요양판정
남자,전북특별자치도,기초수급,5등급,731,2025,https://api.odcloud.kr/api/15072696/v1/uddi:d8b661ea-f3eb-4717-8ede-afff5eca1e8a,PUB-010_시도별_장기요양판정
남자,전북특별자치도,기초수급,인지지원등급,212,2025,https://api.odcloud.kr/api/15072696/v1/uddi:d8b661ea-f3eb-4717-8ede-afff5eca1e8a,PUB-010_시도별_장기요양판정
남자,전북특별자치도,기초수급,등급외,1096,2025,https://api.odcloud.kr/api/15072696/v1/uddi:d8b661ea-f3eb-4717-8ede-afff5eca1e8a,PUB-010_시도별_장기요양판정
여자,전북특별자치도,일반,1등급,509,2025,https://api.odcloud.kr/api/15072696/v1/uddi:d8b661ea-f3eb-4717-8ede-afff5eca1e8a,PUB-010_시도별_장기요양판정
여자,전북특별자치도,일반,2등급,859,2025,https://api.odcloud.kr/api/15072696/v1/uddi:d8b661ea-f3eb-4717-8ede-afff5eca1e8a,PUB-010_시도별_장기요양판정
여자,전북특별자치도,일반,3등급,2971,2025,https://api.odcloud.kr/api/15072696/v1/uddi:d8b661ea-f3eb-4717-8ede-afff5eca1e8a,PUB-010_시도별_장기요양판정
여자,전북특별자치도,일반,4등급,8198,2025,https://api.odcloud.kr/api/15072696/v1/uddi:d8b661ea-f3eb-4717-8ede-afff5eca1e8a,PUB-010_시도별_장기요양판정
여자,전북특별자치도,일반,5등급,2896,2025,https://api.odcloud.kr/api/15072696/v1/uddi:d8b661ea-f3eb-4717-8ede-afff5eca1e8a,PUB-010_시도별_장기요양판정
여자,전북특별자치도,일반,인지지원등급,453,2025,https://api.odcloud.kr/api/15072696/v1/uddi:d8b661ea-f3eb-4717-8ede-afff5eca1e8a,PUB-010_시도별_장기요양판정
여자,전북특별자치도,일반,등급외,3825,2025,https://api.odcloud.kr/api/15072696/v1/uddi:d8b661ea-f3eb-4717-8ede-afff5eca1e8a,PUB-010_시도별_장기요양판정
여자,전북특별자치도,감경,1등급,768,2025,https://api.odcloud.kr/api/15072696/v1/uddi:d8b661ea-f3eb-4717-8ede-afff5eca1e8a,PUB-010_시도별_장기요양판정
여자,전북특별자치도,감경,2등급,1589,2025,https://api.odcloud.kr/api/15072696/v1/uddi:d8b661ea-f3eb-4717-8ede-afff5eca1e8a,PUB-010_시도별_장기요양판정
여자,전북특별자치도,감경,3등급,5128,2025,https://api.odcloud.kr/api/15072696/v1/uddi:d8b661ea-f3eb-4717-8ede-afff5eca1e8a,PUB-010_시도별_장기요양판정
여자,전북특별자치도,감경,4등급,12614,2025,https://api.odcloud.kr/api/15072696/v1/uddi:d8b661ea-f3eb-4717-8ede-afff5eca1e8a,PUB-010_시도별_장기요양판정
여자,전북특별자치도,감경,5등급,3742,2025,https://api.odcloud.kr/api/15072696/v1/uddi:d8b661ea-f3eb-4717-8ede-afff5eca1e8a,PUB-010_시도별_장기요양판정
여자,전북특별자치도,감경,인지지원등급,453,2025,https://api.odcloud.kr/api/15072696/v1/uddi:d8b661ea-f3eb-4717-8ede-afff5eca1e8a,PUB-010_시도별_장기요양판정
여자,전북특별자치도,감경,등급외,371,2025,https://api.odcloud.kr/api/15072696/v1/uddi:d8b661ea-f3eb-4717-8ede-afff5eca1e8a,PUB-010_시도별_장기요양판정
여자,전북특별자치도,의료급여,1등급,19,2025,https://api.odcloud.kr/api/15072696/v1/uddi:d8b661ea-f3eb-4717-8ede-afff5eca1e8a,PUB-010_시도별_장기요양판정
여자,전북특별자치도,의료급여,2등급,46,2025,https://api.odcloud.kr/api/15072696/v1/uddi:d8b661ea-f3eb-4717-8ede-afff5eca1e8a,PUB-010_시도별_장기요양판정
여자,전북특별자치도,의료급여,3등급,170,2025,https://api.odcloud.kr/api/15072696/v1/uddi:d8b661ea-f3eb-4717-8ede-afff5eca1e8a,PUB-010_시도별_장기요양판정
여자,전북특별자치도,의료급여,4등급,391,2025,https://api.odcloud.kr/api/15072696/v1/uddi:d8b661ea-f3eb-4717-8ede-afff5eca1e8a,PUB-010_시도별_장기요양판정
여자,전북특별자치도,의료급여,5등급,116,2025,https://api.odcloud.kr/api/15072696/v1/uddi:d8b661ea-f3eb-4717-8ede-afff5eca1e8a,PUB-010_시도별_장기요양판정
여자,전북특별자치도,의료급여,인지지원등급,16,2025,https://api.odcloud.kr/api/15072696/v1/uddi:d8b661ea-f3eb-4717-8ede-afff5eca1e8a,PUB-010_시도별_장기요양판정
여자,전북특별자치도,의료급여,등급외,52,2025,https://api.odcloud.kr/api/15072696/v1/uddi:d8b661ea-f3eb-4717-8ede-afff5eca1e8a,PUB-010_시도별_장기요양판정
여자,전북특별자치도,기초수급,1등급,222,2025,https://api.odcloud.kr/api/15072696/v1/uddi:d8b661ea-f3eb-4717-8ede-afff5eca1e8a,PUB-010_시도별_장기요양판정
여자,전북특별자치도,기초수급,2등급,436,2025,https://api.odcloud.kr/api/15072696/v1/uddi:d8b661ea-f3eb-4717-8ede-afff5eca1e8a,PUB-010_시도별_장기요양판정
여자,전북특별자치도,기초수급,3등급,1248,2025,https://api.odcloud.kr/api/15072696/v1/uddi:d8b661ea-f3eb-4717-8ede-afff5eca1e8a,PUB-010_시도별_장기요양판정
여자,전북특별자치도,기초수급,4등급,3269,2025,https://api.odcloud.kr/api/15072696/v1/uddi:d8b661ea-f3eb-4717-8ede-afff5eca1e8a,PUB-010_시도별_장기요양판정
여자,전북특별자치도,기초수급,5등급,1287,2025,https://api.odcloud.kr/api/15072696/v1/uddi:d8b661ea-f3eb-4717-8ede-afff5eca1e8a,PUB-010_시도별_장기요양판정
여자,전북특별자치도,기초수급,인지지원등급,203,2025,https://api.odcloud.kr/api/15072696/v1/uddi:d8b661ea-f3eb-4717-8ede-afff5eca1e8a,PUB-010_시도별_장기요양판정
여자,전북특별자치도,기초수급,등급외,1302,2025,https://api.odcloud.kr/api/15072696/v1/uddi:d8b661ea-f3eb-4717-8ede-afff5eca1e8a,PUB-010_시도별_장기요양판정
남자,전라남도,일반,1등급,197,2025,https://api.odcloud.kr/api/15072696/v1/uddi:d8b661ea-f3eb-4717-8ede-afff5eca1e8a,PUB-010_시도별_장기요양판정
남자,전라남도,일반,2등급,404,2025,https://api.odcloud.kr/api/15072696/v1/uddi:d8b661ea-f3eb-4717-8ede-afff5eca1e8a,PUB-010_시도별_장기요양판정
남자,전라남도,일반,3등급,1530,2025,https://api.odcloud.kr/api/15072696/v1/uddi:d8b661ea-f3eb-4717-8ede-afff5eca1e8a,PUB-010_시도별_장기요양판정
남자,전라남도,일반,4등급,3742,2025,https://api.odcloud.kr/api/15072696/v1/uddi:d8b661ea-f3eb-4717-8ede-afff5eca1e8a,PUB-010_시도별_장기요양판정
남자,전라남도,일반,5등급,1128,2025,https://api.odcloud.kr/api/15072696/v1/uddi:d8b661ea-f3eb-4717-8ede-afff5eca1e8a,PUB-010_시도별_장기요양판정
남자,전라남도,일반,인지지원등급,227,2025,https://api.odcloud.kr/api/15072696/v1/uddi:d8b661ea-f3eb-4717-8ede-afff5eca1e8a,PUB-010_시도별_장기요양판정
남자,전라남도,일반,등급외,2598,2025,https://api.odcloud.kr/api/15072696/v1/uddi:d8b661ea-f3eb-4717-8ede-afff5eca1e8a,PUB-010_시도별_장기요양판정
남자,전라남도,감경,1등급,239,2025,https://api.odcloud.kr/api/15072696/v1/uddi:d8b661ea-f3eb-4717-8ede-afff5eca1e8a,PUB-010_시도별_장기요양판정
남자,전라남도,감경,2등급,594,2025,https://api.odcloud.kr/api/15072696/v1/uddi:d8b661ea-f3eb-4717-8ede-afff5eca1e8a,PUB-010_시도별_장기요양판정
남자,전라남도,감경,3등급,2028,2025,https://api.odcloud.kr/api/15072696/v1/uddi:d8b661ea-f3eb-4717-8ede-afff5eca1e8a,PUB-010_시도별_장기요양판정
남자,전라남도,감경,4등급,4647,2025,https://api.odcloud.kr/api/15072696/v1/uddi:d8b661ea-f3eb-4717-8ede-afff5eca1e8a,PUB-010_시도별_장기요양판정
남자,전라남도,감경,5등급,1334,2025,https://api.odcloud.kr/api/15072696/v1/uddi:d8b661ea-f3eb-4717-8ede-afff5eca1e8a,PUB-010_시도별_장기요양판정
남자,전라남도,감경,인지지원등급,236,2025,https://api.odcloud.kr/api/15072696/v1/uddi:d8b661ea-f3eb-4717-8ede-afff5eca1e8a,PUB-010_시도별_장기요양판정
남자,전라남도,감경,등급외,142,2025,https://api.odcloud.kr/api/15072696/v1/uddi:d8b661ea-f3eb-4717-8ede-afff5eca1e8a,PUB-010_시도별_장기요양판정
남자,전라남도,의료급여,1등급,4,2025,https://api.odcloud.kr/api/15072696/v1/uddi:d8b661ea-f3eb-4717-8ede-afff5eca1e8a,PUB-010_시도별_장기요양판정
남자,전라남도,의료급여,2등급,16,2025,https://api.odcloud.kr/api/15072696/v1/uddi:d8b661ea-f3eb-4717-8ede-afff5eca1e8a,PUB-010_시도별_장기요양판정
남자,전라남도,의료급여,3등급,53,2025,https://api.odcloud.kr/api/15072696/v1/uddi:d8b661ea-f3eb-4717-8ede-afff5eca1e8a,PUB-010_시도별_장기요양판정
남자,전라남도,의료급여,4등급,108,2025,https://api.odcloud.kr/api/15072696/v1/uddi:d8b661ea-f3eb-4717-8ede-afff5eca1e8a,PUB-010_시도별_장기요양판정
남자,전라남도,의료급여,5등급,31,2025,https://api.odcloud.kr/api/15072696/v1/uddi:d8b661ea-f3eb-4717-8ede-afff5eca1e8a,PUB-010_시도별_장기요양판정
남자,전라남도,의료급여,인지지원등급,6,2025,https://api.odcloud.kr/api/15072696/v1/uddi:d8b661ea-f3eb-4717-8ede-afff5eca1e8a,PUB-010_시도별_장기요양판정
남자,전라남도,의료급여,등급외,28,2025,https://api.odcloud.kr/api/15072696/v1/uddi:d8b661ea-f3eb-4717-8ede-afff5eca1e8a,PUB-010_시도별_장기요양판정
남자,전라남도,기초수급,1등급,85,2025,https://api.odcloud.kr/api/15072696/v1/uddi:d8b661ea-f3eb-4717-8ede-afff5eca1e8a,PUB-010_시도별_장기요양판정
남자,전라남도,기초수급,2등급,184,2025,https://api.odcloud.kr/api/15072696/v1/uddi:d8b661ea-f3eb-4717-8ede-afff5eca1e8a,PUB-010_시도별_장기요양판정
남자,전라남도,기초수급,3등급,560,2025,https://api.odcloud.kr/api/15072696/v1/uddi:d8b661ea-f3eb-4717-8ede-afff5eca1e8a,PUB-010_시도별_장기요양판정
남자,전라남도,기초수급,4등급,1449,2025,https://api.odcloud.kr/api/15072696/v1/uddi:d8b661ea-f3eb-4717-8ede-afff5eca1e8a,PUB-010_시도별_장기요양판정
남자,전라남도,기초수급,5등급,481,2025,https://api.odcloud.kr/api/15072696/v1/uddi:d8b661ea-f3eb-4717-8ede-afff5eca1e8a,PUB-010_시도별_장기요양판정
남자,전라남도,기초수급,인지지원등급,139,2025,https://api.odcloud.kr/api/15072696/v1/uddi:d8b661ea-f3eb-4717-8ede-afff5eca1e8a,PUB-010_시도별_장기요양판정
남자,전라남도,기초수급,등급외,882,2025,https://api.odcloud.kr/api/15072696/v1/uddi:d8b661ea-f3eb-4717-8ede-afff5eca1e8a,PUB-010_시도별_장기요양판정
여자,전라남도,일반,1등급,499,2025,https://api.odcloud.kr/api/15072696/v1/uddi:d8b661ea-f3eb-4717-8ede-afff5eca1e8a,PUB-010_시도별_장기요양판정
여자,전라남도,일반,2등급,1010,2025,https://api.odcloud.kr/api/15072696/v1/uddi:d8b661ea-f3eb-4717-8ede-afff5eca1e8a,PUB-010_시도별_장기요양판정
여자,전라남도,일반,3등급,3366,2025,https://api.odcloud.kr/api/15072696/v1/uddi:d8b661ea-f3eb-4717-8ede-afff5eca1e8a,PUB-010_시도별_장기요양판정
여자,전라남도,일반,4등급,8583,2025,https://api.odcloud.kr/api/15072696/v1/uddi:d8b661ea-f3eb-4717-8ede-afff5eca1e8a,PUB-010_시도별_장기요양판정
여자,전라남도,일반,5등급,2484,2025,https://api.odcloud.kr/api/15072696/v1/uddi:d8b661ea-f3eb-4717-8ede-afff5eca1e8a,PUB-010_시도별_장기요양판정
여자,전라남도,일반,인지지원등급,472,2025,https://api.odcloud.kr/api/15072696/v1/uddi:d8b661ea-f3eb-4717-8ede-afff5eca1e8a,PUB-010_시도별_장기요양판정
여자,전라남도,일반,등급외,5115,2025,https://api.odcloud.kr/api/15072696/v1/uddi:d8b661ea-f3eb-4717-8ede-afff5eca1e8a,PUB-010_시도별_장기요양판정
여자,전라남도,감경,1등급,1023,2025,https://api.odcloud.kr/api/15072696/v1/uddi:d8b661ea-f3eb-4717-8ede-afff5eca1e8a,PUB-010_시도별_장기요양판정
여자,전라남도,감경,2등급,2437,2025,https://api.odcloud.kr/api/15072696/v1/uddi:d8b661ea-f3eb-4717-8ede-afff5eca1e8a,PUB-010_시도별_장기요양판정
여자,전라남도,감경,3등급,7235,2025,https://api.odcloud.kr/api/15072696/v1/uddi:d8b661ea-f3eb-4717-8ede-afff5eca1e8a,PUB-010_시도별_장기요양판정
여자,전라남도,감경,4등급,16348,2025,https://api.odcloud.kr/api/15072696/v1/uddi:d8b661ea-f3eb-4717-8ede-afff5eca1e8a,PUB-010_시도별_장기요양판정
여자,전라남도,감경,5등급,4082,2025,https://api.odcloud.kr/api/15072696/v1/uddi:d8b661ea-f3eb-4717-8ede-afff5eca1e8a,PUB-010_시도별_장기요양판정
여자,전라남도,감경,인지지원등급,566,2025,https://api.odcloud.kr/api/15072696/v1/uddi:d8b661ea-f3eb-4717-8ede-afff5eca1e8a,PUB-010_시도별_장기요양판정
여자,전라남도,감경,등급외,328,2025,https://api.odcloud.kr/api/15072696/v1/uddi:d8b661ea-f3eb-4717-8ede-afff5eca1e8a,PUB-010_시도별_장기요양판정
여자,전라남도,의료급여,1등급,26,2025,https://api.odcloud.kr/api/15072696/v1/uddi:d8b661ea-f3eb-4717-8ede-afff5eca1e8a,PUB-010_시도별_장기요양판정
여자,전라남도,의료급여,2등급,60,2025,https://api.odcloud.kr/api/15072696/v1/uddi:d8b661ea-f3eb-4717-8ede-afff5eca1e8a,PUB-010_시도별_장기요양판정
여자,전라남도,의료급여,3등급,188,2025,https://api.odcloud.kr/api/15072696/v1/uddi:d8b661ea-f3eb-4717-8ede-afff5eca1e8a,PUB-010_시도별_장기요양판정
여자,전라남도,의료급여,4등급,432,2025,https://api.odcloud.kr/api/15072696/v1/uddi:d8b661ea-f3eb-4717-8ede-afff5eca1e8a,PUB-010_시도별_장기요양판정
여자,전라남도,의료급여,5등급,88,2025,https://api.odcloud.kr/api/15072696/v1/uddi:d8b661ea-f3eb-4717-8ede-afff5eca1e8a,PUB-010_시도별_장기요양판정
여자,전라남도,의료급여,인지지원등급,15,2025,https://api.odcloud.kr/api/15072696/v1/uddi:d8b661ea-f3eb-4717-8ede-afff5eca1e8a,PUB-010_시도별_장기요양판정
여자,전라남도,의료급여,등급외,60,2025,https://api.odcloud.kr/api/15072696/v1/uddi:d8b661ea-f3eb-4717-8ede-afff5eca1e8a,PUB-010_시도별_장기요양판정
여자,전라남도,기초수급,1등급,209,2025,https://api.odcloud.kr/api/15072696/v1/uddi:d8b661ea-f3eb-4717-8ede-afff5eca1e8a,PUB-010_시도별_장기요양판정
여자,전라남도,기초수급,2등급,492,2025,https://api.odcloud.kr/api/15072696/v1/uddi:d8b661ea-f3eb-4717-8ede-afff5eca1e8a,PUB-010_시도별_장기요양판정
여자,전라남도,기초수급,3등급,1271,2025,https://api.odcloud.kr/api/15072696/v1/uddi:d8b661ea-f3eb-4717-8ede-afff5eca1e8a,PUB-010_시도별_장기요양판정
여자,전라남도,기초수급,4등급,3073,2025,https://api.odcloud.kr/api/15072696/v1/uddi:d8b661ea-f3eb-4717-8ede-afff5eca1e8a,PUB-010_시도별_장기요양판정
여자,전라남도,기초수급,5등급,823,2025,https://api.odcloud.kr/api/15072696/v1/uddi:d8b661ea-f3eb-4717-8ede-afff5eca1e8a,PUB-010_시도별_장기요양판정
여자,전라남도,기초수급,인지지원등급,153,2025,https://api.odcloud.kr/api/15072696/v1/uddi:d8b661ea-f3eb-4717-8ede-afff5eca1e8a,PUB-010_시도별_장기요양판정
여자,전라남도,기초수급,등급외,1018,2025,https://api.odcloud.kr/api/15072696/v1/uddi:d8b661ea-f3eb-4717-8ede-afff5eca1e8a,PUB-010_시도별_장기요양판정
남자,경상북도,일반,1등급,280,2025,https://api.odcloud.kr/api/15072696/v1/uddi:d8b661ea-f3eb-4717-8ede-afff5eca1e8a,PUB-010_시도별_장기요양판정
남자,경상북도,일반,2등급,581,2025,https://api.odcloud.kr/api/15072696/v1/uddi:d8b661ea-f3eb-4717-8ede-afff5eca1e8a,PUB-010_시도별_장기요양판정
남자,경상북도,일반,3등급,2465,2025,https://api.odcloud.kr/api/15072696/v1/uddi:d8b661ea-f3eb-4717-8ede-afff5eca1e8a,PUB-010_시도별_장기요양판정
남자,경상북도,일반,4등급,5009,2025,https://api.odcloud.kr/api/15072696/v1/uddi:d8b661ea-f3eb-4717-8ede-afff5eca1e8a,PUB-010_시도별_장기요양판정
남자,경상북도,일반,5등급,1658,2025,https://api.odcloud.kr/api/15072696/v1/uddi:d8b661ea-f3eb-4717-8ede-afff5eca1e8a,PUB-010_시도별_장기요양판정
남자,경상북도,일반,인지지원등급,307,2025,https://api.odcloud.kr/api/15072696/v1/uddi:d8b661ea-f3eb-4717-8ede-afff5eca1e8a,PUB-010_시도별_장기요양판정
남자,경상북도,일반,등급외,2328,2025,https://api.odcloud.kr/api/15072696/v1/uddi:d8b661ea-f3eb-4717-8ede-afff5eca1e8a,PUB-010_시도별_장기요양판정
남자,경상북도,감경,1등급,321,2025,https://api.odcloud.kr/api/15072696/v1/uddi:d8b661ea-f3eb-4717-8ede-afff5eca1e8a,PUB-010_시도별_장기요양판정
남자,경상북도,감경,2등급,589,2025,https://api.odcloud.kr/api/15072696/v1/uddi:d8b661ea-f3eb-4717-8ede-afff5eca1e8a,PUB-010_시도별_장기요양판정
남자,경상북도,감경,3등급,2668,2025,https://api.odcloud.kr/api/15072696/v1/uddi:d8b661ea-f3eb-4717-8ede-afff5eca1e8a,PUB-010_시도별_장기요양판정
남자,경상북도,감경,4등급,5013,2025,https://api.odcloud.kr/api/15072696/v1/uddi:d8b661ea-f3eb-4717-8ede-afff5eca1e8a,PUB-010_시도별_장기요양판정
남자,경상북도,감경,5등급,1625,2025,https://api.odcloud.kr/api/15072696/v1/uddi:d8b661ea-f3eb-4717-8ede-afff5eca1e8a,PUB-010_시도별_장기요양판정
남자,경상북도,감경,인지지원등급,217,2025,https://api.odcloud.kr/api/15072696/v1/uddi:d8b661ea-f3eb-4717-8ede-afff5eca1e8a,PUB-010_시도별_장기요양판정
남자,경상북도,감경,등급외,96,2025,https://api.odcloud.kr/api/15072696/v1/uddi:d8b661ea-f3eb-4717-8ede-afff5eca1e8a,PUB-010_시도별_장기요양판정
남자,경상북도,의료급여,1등급,13,2025,https://api.odcloud.kr/api/15072696/v1/uddi:d8b661ea-f3eb-4717-8ede-afff5eca1e8a,PUB-010_시도별_장기요양판정
남자,경상북도,의료급여,2등급,6,2025,https://api.odcloud.kr/api/15072696/v1/uddi:d8b661ea-f3eb-4717-8ede-afff5eca1e8a,PUB-010_시도별_장기요양판정
남자,경상북도,의료급여,3등급,42,2025,https://api.odcloud.kr/api/15072696/v1/uddi:d8b661ea-f3eb-4717-8ede-afff5eca1e8a,PUB-010_시도별_장기요양판정
남자,경상북도,의료급여,4등급,87,2025,https://api.odcloud.kr/api/15072696/v1/uddi:d8b661ea-f3eb-4717-8ede-afff5eca1e8a,PUB-010_시도별_장기요양판정
남자,경상북도,의료급여,5등급,20,2025,https://api.odcloud.kr/api/15072696/v1/uddi:d8b661ea-f3eb-4717-8ede-afff5eca1e8a,PUB-010_시도별_장기요양판정
남자,경상북도,의료급여,인지지원등급,1,2025,https://api.odcloud.kr/api/15072696/v1/uddi:d8b661ea-f3eb-4717-8ede-afff5eca1e8a,PUB-010_시도별_장기요양판정
남자,경상북도,의료급여,등급외,24,2025,https://api.odcloud.kr/api/15072696/v1/uddi:d8b661ea-f3eb-4717-8ede-afff5eca1e8a,PUB-010_시도별_장기요양판정
남자,경상북도,기초수급,1등급,117,2025,https://api.odcloud.kr/api/15072696/v1/uddi:d8b661ea-f3eb-4717-8ede-afff5eca1e8a,PUB-010_시도별_장기요양판정
남자,경상북도,기초수급,2등급,233,2025,https://api.odcloud.kr/api/15072696/v1/uddi:d8b661ea-f3eb-4717-8ede-afff5eca1e8a,PUB-010_시도별_장기요양판정
남자,경상북도,기초수급,3등급,841,2025,https://api.odcloud.kr/api/15072696/v1/uddi:d8b661ea-f3eb-4717-8ede-afff5eca1e8a,PUB-010_시도별_장기요양판정
남자,경상북도,기초수급,4등급,2027,2025,https://api.odcloud.kr/api/15072696/v1/uddi:d8b661ea-f3eb-4717-8ede-afff5eca1e8a,PUB-010_시도별_장기요양판정
남자,경상북도,기초수급,5등급,690,2025,https://api.odcloud.kr/api/15072696/v1/uddi:d8b661ea-f3eb-4717-8ede-afff5eca1e8a,PUB-010_시도별_장기요양판정
남자,경상북도,기초수급,인지지원등급,169,2025,https://api.odcloud.kr/api/15072696/v1/uddi:d8b661ea-f3eb-4717-8ede-afff5eca1e8a,PUB-010_시도별_장기요양판정
남자,경상북도,기초수급,등급외,879,2025,https://api.odcloud.kr/api/15072696/v1/uddi:d8b661ea-f3eb-4717-8ede-afff5eca1e8a,PUB-010_시도별_장기요양판정
여자,경상북도,일반,1등급,722,2025,https://api.odcloud.kr/api/15072696/v1/uddi:d8b661ea-f3eb-4717-8ede-afff5eca1e8a,PUB-010_시도별_장기요양판정
여자,경상북도,일반,2등급,1388,2025,https://api.odcloud.kr/api/15072696/v1/uddi:d8b661ea-f3eb-4717-8ede-afff5eca1e8a,PUB-010_시도별_장기요양판정
여자,경상북도,일반,3등급,5185,2025,https://api.odcloud.kr/api/15072696/v1/uddi:d8b661ea-f3eb-4717-8ede-afff5eca1e8a,PUB-010_시도별_장기요양판정
여자,경상북도,일반,4등급,11211,2025,https://api.odcloud.kr/api/15072696/v1/uddi:d8b661ea-f3eb-4717-8ede-afff5eca1e8a,PUB-010_시도별_장기요양판정
여자,경상북도,일반,5등급,3496,2025,https://api.odcloud.kr/api/15072696/v1/uddi:d8b661ea-f3eb-4717-8ede-afff5eca1e8a,PUB-010_시도별_장기요양판정
여자,경상북도,일반,인지지원등급,557,2025,https://api.odcloud.kr/api/15072696/v1/uddi:d8b661ea-f3eb-4717-8ede-afff5eca1e8a,PUB-010_시도별_장기요양판정
여자,경상북도,일반,등급외,4307,2025,https://api.odcloud.kr/api/15072696/v1/uddi:d8b661ea-f3eb-4717-8ede-afff5eca1e8a,PUB-010_시도별_장기요양판정
여자,경상북도,감경,1등급,1127,2025,https://api.odcloud.kr/api/15072696/v1/uddi:d8b661ea-f3eb-4717-8ede-afff5eca1e8a,PUB-010_시도별_장기요양판정
여자,경상북도,감경,2등급,2534,2025,https://api.odcloud.kr/api/15072696/v1/uddi:d8b661ea-f3eb-4717-8ede-afff5eca1e8a,PUB-010_시도별_장기요양판정
여자,경상북도,감경,3등급,8575,2025,https://api.odcloud.kr/api/15072696/v1/uddi:d8b661ea-f3eb-4717-8ede-afff5eca1e8a,PUB-010_시도별_장기요양판정
여자,경상북도,감경,4등급,16015,2025,https://api.odcloud.kr/api/15072696/v1/uddi:d8b661ea-f3eb-4717-8ede-afff5eca1e8a,PUB-010_시도별_장기요양판정
여자,경상북도,감경,5등급,4294,2025,https://api.odcloud.kr/api/15072696/v1/uddi:d8b661ea-f3eb-4717-8ede-afff5eca1e8a,PUB-010_시도별_장기요양판정
여자,경상북도,감경,인지지원등급,511,2025,https://api.odcloud.kr/api/15072696/v1/uddi:d8b661ea-f3eb-4717-8ede-afff5eca1e8a,PUB-010_시도별_장기요양판정
여자,경상북도,감경,등급외,253,2025,https://api.odcloud.kr/api/15072696/v1/uddi:d8b661ea-f3eb-4717-8ede-afff5eca1e8a,PUB-010_시도별_장기요양판정
여자,경상북도,의료급여,1등급,20,2025,https://api.odcloud.kr/api/15072696/v1/uddi:d8b661ea-f3eb-4717-8ede-afff5eca1e8a,PUB-010_시도별_장기요양판정
여자,경상북도,의료급여,2등급,61,2025,https://api.odcloud.kr/api/15072696/v1/uddi:d8b661ea-f3eb-4717-8ede-afff5eca1e8a,PUB-010_시도별_장기요양판정
여자,경상북도,의료급여,3등급,202,2025,https://api.odcloud.kr/api/15072696/v1/uddi:d8b661ea-f3eb-4717-8ede-afff5eca1e8a,PUB-010_시도별_장기요양판정
여자,경상북도,의료급여,4등급,372,2025,https://api.odcloud.kr/api/15072696/v1/uddi:d8b661ea-f3eb-4717-8ede-afff5eca1e8a,PUB-010_시도별_장기요양판정
여자,경상북도,의료급여,5등급,92,2025,https://api.odcloud.kr/api/15072696/v1/uddi:d8b661ea-f3eb-4717-8ede-afff5eca1e8a,PUB-010_시도별_장기요양판정
여자,경상북도,의료급여,인지지원등급,7,2025,https://api.odcloud.kr/api/15072696/v1/uddi:d8b661ea-f3eb-4717-8ede-afff5eca1e8a,PUB-010_시도별_장기요양판정
여자,경상북도,의료급여,등급외,37,2025,https://api.odcloud.kr/api/15072696/v1/uddi:d8b661ea-f3eb-4717-8ede-afff5eca1e8a,PUB-010_시도별_장기요양판정
여자,경상북도,기초수급,1등급,341,2025,https://api.odcloud.kr/api/15072696/v1/uddi:d8b661ea-f3eb-4717-8ede-afff5eca1e8a,PUB-010_시도별_장기요양판정
여자,경상북도,기초수급,2등급,681,2025,https://api.odcloud.kr/api/15072696/v1/uddi:d8b661ea-f3eb-4717-8ede-afff5eca1e8a,PUB-010_시도별_장기요양판정
여자,경상북도,기초수급,3등급,2099,2025,https://api.odcloud.kr/api/15072696/v1/uddi:d8b661ea-f3eb-4717-8ede-afff5eca1e8a,PUB-010_시도별_장기요양판정
여자,경상북도,기초수급,4등급,4657,2025,https://api.odcloud.kr/api/15072696/v1/uddi:d8b661ea-f3eb-4717-8ede-afff5eca1e8a,PUB-010_시도별_장기요양판정
여자,경상북도,기초수급,5등급,1292,2025,https://api.odcloud.kr/api/15072696/v1/uddi:d8b661ea-f3eb-4717-8ede-afff5eca1e8a,PUB-010_시도별_장기요양판정
여자,경상북도,기초수급,인지지원등급,176,2025,https://api.odcloud.kr/api/15072696/v1/uddi:d8b661ea-f3eb-4717-8ede-afff5eca1e8a,PUB-010_시도별_장기요양판정
여자,경상북도,기초수급,등급외,1109,2025,https://api.odcloud.kr/api/15072696/v1/uddi:d8b661ea-f3eb-4717-8ede-afff5eca1e8a,PUB-010_시도별_장기요양판정
남자,경상남도,일반,1등급,343,2025,https://api.odcloud.kr/api/15072696/v1/uddi:d8b661ea-f3eb-4717-8ede-afff5eca1e8a,PUB-010_시도별_장기요양판정
남자,경상남도,일반,2등급,679,2025,https://api.odcloud.kr/api/15072696/v1/uddi:d8b661ea-f3eb-4717-8ede-afff5eca1e8a,PUB-010_시도별_장기요양판정
남자,경상남도,일반,3등급,2593,2025,https://api.odcloud.kr/api/15072696/v1/uddi:d8b661ea-f3eb-4717-8ede-afff5eca1e8a,PUB-010_시도별_장기요양판정
남자,경상남도,일반,4등급,5683,2025,https://api.odcloud.kr/api/15072696/v1/uddi:d8b661ea-f3eb-4717-8ede-afff5eca1e8a,PUB-010_시도별_장기요양판정
남자,경상남도,일반,5등급,1573,2025,https://api.odcloud.kr/api/15072696/v1/uddi:d8b661ea-f3eb-4717-8ede-afff5eca1e8a,PUB-010_시도별_장기요양판정
남자,경상남도,일반,인지지원등급,298,2025,https://api.odcloud.kr/api/15072696/v1/uddi:d8b661ea-f3eb-4717-8ede-afff5eca1e8a,PUB-010_시도별_장기요양판정
남자,경상남도,일반,등급외,2932,2025,https://api.odcloud.kr/api/15072696/v1/uddi:d8b661ea-f3eb-4717-8ede-afff5eca1e8a,PUB-010_시도별_장기요양판정
남자,경상남도,감경,1등급,303,2025,https://api.odcloud.kr/api/15072696/v1/uddi:d8b661ea-f3eb-4717-8ede-afff5eca1e8a,PUB-010_시도별_장기요양판정
남자,경상남도,감경,2등급,652,2025,https://api.odcloud.kr/api/15072696/v1/uddi:d8b661ea-f3eb-4717-8ede-afff5eca1e8a,PUB-010_시도별_장기요양판정
남자,경상남도,감경,3등급,2591,2025,https://api.odcloud.kr/api/15072696/v1/uddi:d8b661ea-f3eb-4717-8ede-afff5eca1e8a,PUB-010_시도별_장기요양판정
남자,경상남도,감경,4등급,5451,2025,https://api.odcloud.kr/api/15072696/v1/uddi:d8b661ea-f3eb-4717-8ede-afff5eca1e8a,PUB-010_시도별_장기요양판정
남자,경상남도,감경,5등급,1488,2025,https://api.odcloud.kr/api/15072696/v1/uddi:d8b661ea-f3eb-4717-8ede-afff5eca1e8a,PUB-010_시도별_장기요양판정
남자,경상남도,감경,인지지원등급,229,2025,https://api.odcloud.kr/api/15072696/v1/uddi:d8b661ea-f3eb-4717-8ede-afff5eca1e8a,PUB-010_시도별_장기요양판정
남자,경상남도,감경,등급외,140,2025,https://api.odcloud.kr/api/15072696/v1/uddi:d8b661ea-f3eb-4717-8ede-afff5eca1e8a,PUB-010_시도별_장기요양판정
남자,경상남도,의료급여,1등급,10,2025,https://api.odcloud.kr/api/15072696/v1/uddi:d8b661ea-f3eb-4717-8ede-afff5eca1e8a,PUB-010_시도별_장기요양판정
남자,경상남도,의료급여,2등급,14,2025,https://api.odcloud.kr/api/15072696/v1/uddi:d8b661ea-f3eb-4717-8ede-afff5eca1e8a,PUB-010_시도별_장기요양판정
남자,경상남도,의료급여,3등급,41,2025,https://api.odcloud.kr/api/15072696/v1/uddi:d8b661ea-f3eb-4717-8ede-afff5eca1e8a,PUB-010_시도별_장기요양판정
남자,경상남도,의료급여,4등급,107,2025,https://api.odcloud.kr/api/15072696/v1/uddi:d8b661ea-f3eb-4717-8ede-afff5eca1e8a,PUB-010_시도별_장기요양판정
남자,경상남도,의료급여,5등급,24,2025,https://api.odcloud.kr/api/15072696/v1/uddi:d8b661ea-f3eb-4717-8ede-afff5eca1e8a,PUB-010_시도별_장기요양판정
남자,경상남도,의료급여,인지지원등급,3,2025,https://api.odcloud.kr/api/15072696/v1/uddi:d8b661ea-f3eb-4717-8ede-afff5eca1e8a,PUB-010_시도별_장기요양판정
남자,경상남도,의료급여,등급외,26,2025,https://api.odcloud.kr/api/15072696/v1/uddi:d8b661ea-f3eb-4717-8ede-afff5eca1e8a,PUB-010_시도별_장기요양판정
남자,경상남도,기초수급,1등급,118,2025,https://api.odcloud.kr/api/15072696/v1/uddi:d8b661ea-f3eb-4717-8ede-afff5eca1e8a,PUB-010_시도별_장기요양판정
남자,경상남도,기초수급,2등급,238,2025,https://api.odcloud.kr/api/15072696/v1/uddi:d8b661ea-f3eb-4717-8ede-afff5eca1e8a,PUB-010_시도별_장기요양판정
남자,경상남도,기초수급,3등급,819,2025,https://api.odcloud.kr/api/15072696/v1/uddi:d8b661ea-f3eb-4717-8ede-afff5eca1e8a,PUB-010_시도별_장기요양판정
남자,경상남도,기초수급,4등급,2317,2025,https://api.odcloud.kr/api/15072696/v1/uddi:d8b661ea-f3eb-4717-8ede-afff5eca1e8a,PUB-010_시도별_장기요양판정
남자,경상남도,기초수급,5등급,811,2025,https://api.odcloud.kr/api/15072696/v1/uddi:d8b661ea-f3eb-4717-8ede-afff5eca1e8a,PUB-010_시도별_장기요양판정
남자,경상남도,기초수급,인지지원등급,197,2025,https://api.odcloud.kr/api/15072696/v1/uddi:d8b661ea-f3eb-4717-8ede-afff5eca1e8a,PUB-010_시도별_장기요양판정
남자,경상남도,기초수급,등급외,1173,2025,https://api.odcloud.kr/api/15072696/v1/uddi:d8b661ea-f3eb-4717-8ede-afff5eca1e8a,PUB-010_시도별_장기요양판정
여자,경상남도,일반,1등급,814,2025,https://api.odcloud.kr/api/15072696/v1/uddi:d8b661ea-f3eb-4717-8ede-afff5eca1e8a,PUB-010_시도별_장기요양판정
여자,경상남도,일반,2등급,1657,2025,https://api.odcloud.kr/api/15072696/v1/uddi:d8b661ea-f3eb-4717-8ede-afff5eca1e8a,PUB-010_시도별_장기요양판정
여자,경상남도,일반,3등급,5666,2025,https://api.odcloud.kr/api/15072696/v1/uddi:d8b661ea-f3eb-4717-8ede-afff5eca1e8a,PUB-010_시도별_장기요양판정
여자,경상남도,일반,4등급,12892,2025,https://api.odcloud.kr/api/15072696/v1/uddi:d8b661ea-f3eb-4717-8ede-afff5eca1e8a,PUB-010_시도별_장기요양판정
여자,경상남도,일반,5등급,3377,2025,https://api.odcloud.kr/api/15072696/v1/uddi:d8b661ea-f3eb-4717-8ede-afff5eca1e8a,PUB-010_시도별_장기요양판정
여자,경상남도,일반,인지지원등급,558,2025,https://api.odcloud.kr/api/15072696/v1/uddi:d8b661ea-f3eb-4717-8ede-afff5eca1e8a,PUB-010_시도별_장기요양판정
여자,경상남도,일반,등급외,5327,2025,https://api.odcloud.kr/api/15072696/v1/uddi:d8b661ea-f3eb-4717-8ede-afff5eca1e8a,PUB-010_시도별_장기요양판정
여자,경상남도,감경,1등급,1194,2025,https://api.odcloud.kr/api/15072696/v1/uddi:d8b661ea-f3eb-4717-8ede-afff5eca1e8a,PUB-010_시도별_장기요양판정
여자,경상남도,감경,2등급,2743,2025,https://api.odcloud.kr/api/15072696/v1/uddi:d8b661ea-f3eb-4717-8ede-afff5eca1e8a,PUB-010_시도별_장기요양판정
여자,경상남도,감경,3등급,8578,2025,https://api.odcloud.kr/api/15072696/v1/uddi:d8b661ea-f3eb-4717-8ede-afff5eca1e8a,PUB-010_시도별_장기요양판정
여자,경상남도,감경,4등급,17469,2025,https://api.odcloud.kr/api/15072696/v1/uddi:d8b661ea-f3eb-4717-8ede-afff5eca1e8a,PUB-010_시도별_장기요양판정
여자,경상남도,감경,5등급,4134,2025,https://api.odcloud.kr/api/15072696/v1/uddi:d8b661ea-f3eb-4717-8ede-afff5eca1e8a,PUB-010_시도별_장기요양판정
여자,경상남도,감경,인지지원등급,540,2025,https://api.odcloud.kr/api/15072696/v1/uddi:d8b661ea-f3eb-4717-8ede-afff5eca1e8a,PUB-010_시도별_장기요양판정
여자,경상남도,감경,등급외,259,2025,https://api.odcloud.kr/api/15072696/v1/uddi:d8b661ea-f3eb-4717-8ede-afff5eca1e8a,PUB-010_시도별_장기요양판정
여자,경상남도,의료급여,1등급,37,2025,https://api.odcloud.kr/api/15072696/v1/uddi:d8b661ea-f3eb-4717-8ede-afff5eca1e8a,PUB-010_시도별_장기요양판정
여자,경상남도,의료급여,2등급,64,2025,https://api.odcloud.kr/api/15072696/v1/uddi:d8b661ea-f3eb-4717-8ede-afff5eca1e8a,PUB-010_시도별_장기요양판정
여자,경상남도,의료급여,3등급,198,2025,https://api.odcloud.kr/api/15072696/v1/uddi:d8b661ea-f3eb-4717-8ede-afff5eca1e8a,PUB-010_시도별_장기요양판정
여자,경상남도,의료급여,4등급,392,2025,https://api.odcloud.kr/api/15072696/v1/uddi:d8b661ea-f3eb-4717-8ede-afff5eca1e8a,PUB-010_시도별_장기요양판정
여자,경상남도,의료급여,5등급,93,2025,https://api.odcloud.kr/api/15072696/v1/uddi:d8b661ea-f3eb-4717-8ede-afff5eca1e8a,PUB-010_시도별_장기요양판정
여자,경상남도,의료급여,인지지원등급,5,2025,https://api.odcloud.kr/api/15072696/v1/uddi:d8b661ea-f3eb-4717-8ede-afff5eca1e8a,PUB-010_시도별_장기요양판정
여자,경상남도,의료급여,등급외,45,2025,https://api.odcloud.kr/api/15072696/v1/uddi:d8b661ea-f3eb-4717-8ede-afff5eca1e8a,PUB-010_시도별_장기요양판정
여자,경상남도,기초수급,1등급,337,2025,https://api.odcloud.kr/api/15072696/v1/uddi:d8b661ea-f3eb-4717-8ede-afff5eca1e8a,PUB-010_시도별_장기요양판정
여자,경상남도,기초수급,2등급,744,2025,https://api.odcloud.kr/api/15072696/v1/uddi:d8b661ea-f3eb-4717-8ede-afff5eca1e8a,PUB-010_시도별_장기요양판정
여자,경상남도,기초수급,3등급,2163,2025,https://api.odcloud.kr/api/15072696/v1/uddi:d8b661ea-f3eb-4717-8ede-afff5eca1e8a,PUB-010_시도별_장기요양판정
여자,경상남도,기초수급,4등급,5056,2025,https://api.odcloud.kr/api/15072696/v1/uddi:d8b661ea-f3eb-4717-8ede-afff5eca1e8a,PUB-010_시도별_장기요양판정
여자,경상남도,기초수급,5등급,1316,2025,https://api.odcloud.kr/api/15072696/v1/uddi:d8b661ea-f3eb-4717-8ede-afff5eca1e8a,PUB-010_시도별_장기요양판정
여자,경상남도,기초수급,인지지원등급,216,2025,https://api.odcloud.kr/api/15072696/v1/uddi:d8b661ea-f3eb-4717-8ede-afff5eca1e8a,PUB-010_시도별_장기요양판정
여자,경상남도,기초수급,등급외,1260,2025,https://api.odcloud.kr/api/15072696/v1/uddi:d8b661ea-f3eb-4717-8ede-afff5eca1e8a,PUB-010_시도별_장기요양판정
남자,제주특별자치도,일반,1등급,116,2025,https://api.odcloud.kr/api/15072696/v1/uddi:d8b661ea-f3eb-4717-8ede-afff5eca1e8a,PUB-010_시도별_장기요양판정
남자,제주특별자치도,일반,2등급,162,2025,https://api.odcloud.kr/api/15072696/v1/uddi:d8b661ea-f3eb-4717-8ede-afff5eca1e8a,PUB-010_시도별_장기요양판정
남자,제주특별자치도,일반,3등급,508,2025,https://api.odcloud.kr/api/15072696/v1/uddi:d8b661ea-f3eb-4717-8ede-afff5eca1e8a,PUB-010_시도별_장기요양판정
남자,제주특별자치도,일반,4등급,747,2025,https://api.odcloud.kr/api/15072696/v1/uddi:d8b661ea-f3eb-4717-8ede-afff5eca1e8a,PUB-010_시도별_장기요양판정
남자,제주특별자치도,일반,5등급,171,2025,https://api.odcloud.kr/api/15072696/v1/uddi:d8b661ea-f3eb-4717-8ede-afff5eca1e8a,PUB-010_시도별_장기요양판정
남자,제주특별자치도,일반,인지지원등급,43,2025,https://api.odcloud.kr/api/15072696/v1/uddi:d8b661ea-f3eb-4717-8ede-afff5eca1e8a,PUB-010_시도별_장기요양판정
남자,제주특별자치도,일반,등급외,360,2025,https://api.odcloud.kr/api/15072696/v1/uddi:d8b661ea-f3eb-4717-8ede-afff5eca1e8a,PUB-010_시도별_장기요양판정
남자,제주특별자치도,감경,1등급,61,2025,https://api.odcloud.kr/api/15072696/v1/uddi:d8b661ea-f3eb-4717-8ede-afff5eca1e8a,PUB-010_시도별_장기요양판정
남자,제주특별자치도,감경,2등급,126,2025,https://api.odcloud.kr/api/15072696/v1/uddi:d8b661ea-f3eb-4717-8ede-afff5eca1e8a,PUB-010_시도별_장기요양판정
남자,제주특별자치도,감경,3등급,363,2025,https://api.odcloud.kr/api/15072696/v1/uddi:d8b661ea-f3eb-4717-8ede-afff5eca1e8a,PUB-010_시도별_장기요양판정
남자,제주특별자치도,감경,4등급,467,2025,https://api.odcloud.kr/api/15072696/v1/uddi:d8b661ea-f3eb-4717-8ede-afff5eca1e8a,PUB-010_시도별_장기요양판정
남자,제주특별자치도,감경,5등급,119,2025,https://api.odcloud.kr/api/15072696/v1/uddi:d8b661ea-f3eb-4717-8ede-afff5eca1e8a,PUB-010_시도별_장기요양판정
남자,제주특별자치도,감경,인지지원등급,53,2025,https://api.odcloud.kr/api/15072696/v1/uddi:d8b661ea-f3eb-4717-8ede-afff5eca1e8a,PUB-010_시도별_장기요양판정
남자,제주특별자치도,감경,등급외,19,2025,https://api.odcloud.kr/api/15072696/v1/uddi:d8b661ea-f3eb-4717-8ede-afff5eca1e8a,PUB-010_시도별_장기요양판정
남자,제주특별자치도,의료급여,1등급,2,2025,https://api.odcloud.kr/api/15072696/v1/uddi:d8b661ea-f3eb-4717-8ede-afff5eca1e8a,PUB-010_시도별_장기요양판정
남자,제주특별자치도,의료급여,2등급,2,2025,https://api.odcloud.kr/api/15072696/v1/uddi:d8b661ea-f3eb-4717-8ede-afff5eca1e8a,PUB-010_시도별_장기요양판정
남자,제주특별자치도,의료급여,3등급,14,2025,https://api.odcloud.kr/api/15072696/v1/uddi:d8b661ea-f3eb-4717-8ede-afff5eca1e8a,PUB-010_시도별_장기요양판정
남자,제주특별자치도,의료급여,4등급,14,2025,https://api.odcloud.kr/api/15072696/v1/uddi:d8b661ea-f3eb-4717-8ede-afff5eca1e8a,PUB-010_시도별_장기요양판정
남자,제주특별자치도,의료급여,5등급,2,2025,https://api.odcloud.kr/api/15072696/v1/uddi:d8b661ea-f3eb-4717-8ede-afff5eca1e8a,PUB-010_시도별_장기요양판정
남자,제주특별자치도,의료급여,인지지원등급,0,2025,https://api.odcloud.kr/api/15072696/v1/uddi:d8b661ea-f3eb-4717-8ede-afff5eca1e8a,PUB-010_시도별_장기요양판정
남자,제주특별자치도,의료급여,등급외,3,2025,https://api.odcloud.kr/api/15072696/v1/uddi:d8b661ea-f3eb-4717-8ede-afff5eca1e8a,PUB-010_시도별_장기요양판정
남자,제주특별자치도,기초수급,1등급,49,2025,https://api.odcloud.kr/api/15072696/v1/uddi:d8b661ea-f3eb-4717-8ede-afff5eca1e8a,PUB-010_시도별_장기요양판정
남자,제주특별자치도,기초수급,2등급,67,2025,https://api.odcloud.kr/api/15072696/v1/uddi:d8b661ea-f3eb-4717-8ede-afff5eca1e8a,PUB-010_시도별_장기요양판정
남자,제주특별자치도,기초수급,3등급,189,2025,https://api.odcloud.kr/api/15072696/v1/uddi:d8b661ea-f3eb-4717-8ede-afff5eca1e8a,PUB-010_시도별_장기요양판정
남자,제주특별자치도,기초수급,4등급,303,2025,https://api.odcloud.kr/api/15072696/v1/uddi:d8b661ea-f3eb-4717-8ede-afff5eca1e8a,PUB-010_시도별_장기요양판정
남자,제주특별자치도,기초수급,5등급,51,2025,https://api.odcloud.kr/api/15072696/v1/uddi:d8b661ea-f3eb-4717-8ede-afff5eca1e8a,PUB-010_시도별_장기요양판정
남자,제주특별자치도,기초수급,인지지원등급,20,2025,https://api.odcloud.kr/api/15072696/v1/uddi:d8b661ea-f3eb-4717-8ede-afff5eca1e8a,PUB-010_시도별_장기요양판정
남자,제주특별자치도,기초수급,등급외,203,2025,https://api.odcloud.kr/api/15072696/v1/uddi:d8b661ea-f3eb-4717-8ede-afff5eca1e8a,PUB-010_시도별_장기요양판정
여자,제주특별자치도,일반,1등급,305,2025,https://api.odcloud.kr/api/15072696/v1/uddi:d8b661ea-f3eb-4717-8ede-afff5eca1e8a,PUB-010_시도별_장기요양판정
여자,제주특별자치도,일반,2등급,434,2025,https://api.odcloud.kr/api/15072696/v1/uddi:d8b661ea-f3eb-4717-8ede-afff5eca1e8a,PUB-010_시도별_장기요양판정
여자,제주특별자치도,일반,3등급,1078,2025,https://api.odcloud.kr/api/15072696/v1/uddi:d8b661ea-f3eb-4717-8ede-afff5eca1e8a,PUB-010_시도별_장기요양판정
여자,제주특별자치도,일반,4등급,1379,2025,https://api.odcloud.kr/api/15072696/v1/uddi:d8b661ea-f3eb-4717-8ede-afff5eca1e8a,PUB-010_시도별_장기요양판정
여자,제주특별자치도,일반,5등급,406,2025,https://api.odcloud.kr/api/15072696/v1/uddi:d8b661ea-f3eb-4717-8ede-afff5eca1e8a,PUB-010_시도별_장기요양판정
여자,제주특별자치도,일반,인지지원등급,147,2025,https://api.odcloud.kr/api/15072696/v1/uddi:d8b661ea-f3eb-4717-8ede-afff5eca1e8a,PUB-010_시도별_장기요양판정
여자,제주특별자치도,일반,등급외,715,2025,https://api.odcloud.kr/api/15072696/v1/uddi:d8b661ea-f3eb-4717-8ede-afff5eca1e8a,PUB-010_시도별_장기요양판정
여자,제주특별자치도,감경,1등급,309,2025,https://api.odcloud.kr/api/15072696/v1/uddi:d8b661ea-f3eb-4717-8ede-afff5eca1e8a,PUB-010_시도별_장기요양판정
여자,제주특별자치도,감경,2등급,452,2025,https://api.odcloud.kr/api/15072696/v1/uddi:d8b661ea-f3eb-4717-8ede-afff5eca1e8a,PUB-010_시도별_장기요양판정
여자,제주특별자치도,감경,3등급,1064,2025,https://api.odcloud.kr/api/15072696/v1/uddi:d8b661ea-f3eb-4717-8ede-afff5eca1e8a,PUB-010_시도별_장기요양판정
여자,제주특별자치도,감경,4등급,1359,2025,https://api.odcloud.kr/api/15072696/v1/uddi:d8b661ea-f3eb-4717-8ede-afff5eca1e8a,PUB-010_시도별_장기요양판정
여자,제주특별자치도,감경,5등급,302,2025,https://api.odcloud.kr/api/15072696/v1/uddi:d8b661ea-f3eb-4717-8ede-afff5eca1e8a,PUB-010_시도별_장기요양판정
여자,제주특별자치도,감경,인지지원등급,114,2025,https://api.odcloud.kr/api/15072696/v1/uddi:d8b661ea-f3eb-4717-8ede-afff5eca1e8a,PUB-010_시도별_장기요양판정
여자,제주특별자치도,감경,등급외,33,2025,https://api.odcloud.kr/api/15072696/v1/uddi:d8b661ea-f3eb-4717-8ede-afff5eca1e8a,PUB-010_시도별_장기요양판정
여자,제주특별자치도,의료급여,1등급,17,2025,https://api.odcloud.kr/api/15072696/v1/uddi:d8b661ea-f3eb-4717-8ede-afff5eca1e8a,PUB-010_시도별_장기요양판정
여자,제주특별자치도,의료급여,2등급,24,2025,https://api.odcloud.kr/api/15072696/v1/uddi:d8b661ea-f3eb-4717-8ede-afff5eca1e8a,PUB-010_시도별_장기요양판정
여자,제주특별자치도,의료급여,3등급,47,2025,https://api.odcloud.kr/api/15072696/v1/uddi:d8b661ea-f3eb-4717-8ede-afff5eca1e8a,PUB-010_시도별_장기요양판정
여자,제주특별자치도,의료급여,4등급,54,2025,https://api.odcloud.kr/api/15072696/v1/uddi:d8b661ea-f3eb-4717-8ede-afff5eca1e8a,PUB-010_시도별_장기요양판정
여자,제주특별자치도,의료급여,5등급,6,2025,https://api.odcloud.kr/api/15072696/v1/uddi:d8b661ea-f3eb-4717-8ede-afff5eca1e8a,PUB-010_시도별_장기요양판정
여자,제주특별자치도,의료급여,인지지원등급,1,2025,https://api.odcloud.kr/api/15072696/v1/uddi:d8b661ea-f3eb-4717-8ede-afff5eca1e8a,PUB-010_시도별_장기요양판정
여자,제주특별자치도,의료급여,등급외,15,2025,https://api.odcloud.kr/api/15072696/v1/uddi:d8b661ea-f3eb-4717-8ede-afff5eca1e8a,PUB-010_시도별_장기요양판정
여자,제주특별자치도,기초수급,1등급,132,2025,https://api.odcloud.kr/api/15072696/v1/uddi:d8b661ea-f3eb-4717-8ede-afff5eca1e8a,PUB-010_시도별_장기요양판정
여자,제주특별자치도,기초수급,2등급,175,2025,https://api.odcloud.kr/api/15072696/v1/uddi:d8b661ea-f3eb-4717-8ede-afff5eca1e8a,PUB-010_시도별_장기요양판정
여자,제주특별자치도,기초수급,3등급,437,2025,https://api.odcloud.kr/api/15072696/v1/uddi:d8b661ea-f3eb-4717-8ede-afff5eca1e8a,PUB-010_시도별_장기요양판정
여자,제주특별자치도,기초수급,4등급,553,2025,https://api.odcloud.kr/api/15072696/v1/uddi:d8b661ea-f3eb-4717-8ede-afff5eca1e8a,PUB-010_시도별_장기요양판정
여자,제주특별자치도,기초수급,5등급,125,2025,https://api.odcloud.kr/api/15072696/v1/uddi:d8b661ea-f3eb-4717-8ede-afff5eca1e8a,PUB-010_시도별_장기요양판정
여자,제주특별자치도,기초수급,인지지원등급,46,2025,https://api.odcloud.kr/api/15072696/v1/uddi:d8b661ea-f3eb-4717-8ede-afff5eca1e8a,PUB-010_시도별_장기요양판정
여자,제주특별자치도,기초수급,등급외,245,2025,https://api.odcloud.kr/api/15072696/v1/uddi:d8b661ea-f3eb-4717-8ede-afff5eca1e8a,PUB-010_시도별_장기요양판정
